"","latitude","longitude","bright_ti4","scan","track","acq_date","acq_time","satellite","confidence","version","bright_ti5","frp","daynight"
"1",56.63295,161.32037,335.65,0.66,0.73,"2026-07-09",7,"N20","nominal","2.0NRT",299.4,20.51,"D"
"2",56.64076,161.31854,367,0.66,0.73,"2026-07-09",7,"N20","high","2.0NRT",303.49,20.51,"D"
"3",53.87394,45.85727,299.93,0.41,0.61,"2026-07-09",24,"N20","nominal","2.0NRT",286.11,0.63,"N"
"4",53.87449,45.85601,297.73,0.41,0.61,"2026-07-09",24,"N20","nominal","2.0NRT",285.53,0.47,"N"
"5",54.61112,43.29766,300.81,0.62,0.54,"2026-07-09",24,"N20","nominal","2.0NRT",284.86,1.17,"N"
"6",52.05194,47.43977,298.04,0.55,0.68,"2026-07-09",24,"N20","nominal","2.0NRT",287.84,0.44,"N"
"7",51.44429,44.92602,300.93,0.46,0.64,"2026-07-09",24,"N20","nominal","2.0NRT",286.23,0.6,"N"
"8",50.91337,44.53447,307.11,0.47,0.64,"2026-07-09",24,"N20","nominal","2.0NRT",284.99,1.34,"N"
"9",50.91415,44.53337,295.48,0.47,0.64,"2026-07-09",24,"N20","nominal","2.0NRT",285,0.91,"N"
"10",50.91211,44.53945,296.03,0.47,0.64,"2026-07-09",24,"N20","nominal","2.0NRT",285.15,0.89,"N"
"11",50.07037,45.62945,304.06,0.55,0.68,"2026-07-09",26,"N20","nominal","2.0NRT",284.85,0.94,"N"
"12",49.99893,45.58604,300.03,0.56,0.68,"2026-07-09",26,"N20","nominal","2.0NRT",286.32,0.5,"N"
"13",53.39446,32.01733,298.71,0.43,0.38,"2026-07-09",26,"N20","nominal","2.0NRT",283.45,1.12,"N"
"14",51.64021,39.12893,296.31,0.54,0.51,"2026-07-09",26,"N20","nominal","2.0NRT",282.57,0.47,"N"
"15",54.0044,27.83022,298.85,0.38,0.36,"2026-07-09",26,"N20","nominal","2.0NRT",281.45,0.72,"N"
"16",49.24027,45.65807,297,0.6,0.7,"2026-07-09",26,"N20","nominal","2.0NRT",286.29,0.95,"N"
"17",52.80505,32.22712,310.47,0.44,0.39,"2026-07-09",26,"N20","nominal","2.0NRT",283.17,1.26,"N"
"18",52.80526,32.22647,309.2,0.44,0.39,"2026-07-09",26,"N20","nominal","2.0NRT",283.5,1.73,"N"
"19",52.3687,33.30673,327.35,0.48,0.4,"2026-07-09",26,"N20","nominal","2.0NRT",280.86,3.06,"N"
"20",52.84713,29.9887,326.79,0.4,0.37,"2026-07-09",26,"N20","nominal","2.0NRT",283.02,2.27,"N"
"21",50.37777,39.6334,296.85,0.63,0.54,"2026-07-09",26,"N20","nominal","2.0NRT",284.57,1,"N"
"22",52.20395,31.76252,305.11,0.44,0.38,"2026-07-09",26,"N20","nominal","2.0NRT",280.33,0.98,"N"
"23",52.20057,31.76072,310.19,0.44,0.38,"2026-07-09",26,"N20","nominal","2.0NRT",279.27,1.47,"N"
"24",50.1515,39.6847,301.7,0.32,0.55,"2026-07-09",26,"N20","nominal","2.0NRT",284.52,0.71,"N"
"25",48.48124,44.64794,299.39,0.58,0.7,"2026-07-09",26,"N20","nominal","2.0NRT",287.08,2.16,"N"
"26",51.89686,29.33265,295.12,0.4,0.37,"2026-07-09",26,"N20","nominal","2.0NRT",283.14,0.93,"N"
"27",51.89486,29.34389,310.77,0.4,0.37,"2026-07-09",26,"N20","nominal","2.0NRT",281.57,0.89,"N"
"28",51.89159,29.34236,301.17,0.4,0.37,"2026-07-09",26,"N20","nominal","2.0NRT",280.44,0.89,"N"
"29",51.88933,29.33523,295.24,0.4,0.37,"2026-07-09",26,"N20","nominal","2.0NRT",281.42,0.88,"N"
"30",51.88833,29.34084,302.34,0.4,0.37,"2026-07-09",26,"N20","nominal","2.0NRT",280.91,0.66,"N"
"31",51.79361,28.34887,296.07,0.39,0.36,"2026-07-09",26,"N20","nominal","2.0NRT",281.12,0.24,"N"
"32",48.96911,38.57867,298.15,0.63,0.54,"2026-07-09",26,"N20","nominal","2.0NRT",285.16,1.05,"N"
"33",48.95342,38.61524,298.54,0.63,0.54,"2026-07-09",26,"N20","nominal","2.0NRT",284.57,1.01,"N"
"34",48.88935,38.64875,298.3,0.63,0.54,"2026-07-09",26,"N20","nominal","2.0NRT",285.76,0.8,"N"
"35",50.22921,33.35062,304.19,0.54,0.42,"2026-07-09",26,"N20","nominal","2.0NRT",281.9,0.91,"N"
"36",48.87083,38.63689,322.29,0.63,0.54,"2026-07-09",26,"N20","nominal","2.0NRT",287.31,4.29,"N"
"37",48.86856,38.64484,337.4,0.63,0.54,"2026-07-09",26,"N20","nominal","2.0NRT",286.77,5.12,"N"
"38",48.86628,38.65284,299.21,0.63,0.54,"2026-07-09",26,"N20","nominal","2.0NRT",285.6,5.12,"N"
"39",48.86619,38.63395,340.2,0.63,0.54,"2026-07-09",26,"N20","nominal","2.0NRT",287.14,7.79,"N"
"40",48.86391,38.64194,297.06,0.63,0.54,"2026-07-09",26,"N20","nominal","2.0NRT",284.4,3.33,"N"
"41",48.8695,38.63817,342.14,0.63,0.54,"2026-07-09",26,"N20","nominal","2.0NRT",288.35,6.38,"N"
"42",48.86727,38.64617,338.68,0.63,0.54,"2026-07-09",26,"N20","nominal","2.0NRT",287.83,6.38,"N"
"43",48.86487,38.63522,309.14,0.63,0.54,"2026-07-09",26,"N20","nominal","2.0NRT",284.9,6.38,"N"
"44",48.73985,38.78573,312.82,0.32,0.55,"2026-07-09",26,"N20","nominal","2.0NRT",285.39,0.97,"N"
"45",48.97076,37.84959,304.52,0.58,0.52,"2026-07-09",26,"N20","nominal","2.0NRT",286.37,1.2,"N"
"46",48.97008,37.85152,301.1,0.58,0.52,"2026-07-09",26,"N20","nominal","2.0NRT",286.48,0.87,"N"
"47",48.64094,38.52981,330.7,0.32,0.54,"2026-07-09",26,"N20","nominal","2.0NRT",285.62,1.47,"N"
"48",48.6398,38.53389,298.41,0.32,0.54,"2026-07-09",26,"N20","nominal","2.0NRT",284.37,1.47,"N"
"49",48.46577,38.75671,305.33,0.33,0.55,"2026-07-09",26,"N20","nominal","2.0NRT",285.96,1.12,"N"
"50",48.46457,38.76086,298.77,0.33,0.55,"2026-07-09",26,"N20","nominal","2.0NRT",285.73,0.86,"N"
"51",48.46607,38.75826,305.83,0.33,0.55,"2026-07-09",26,"N20","nominal","2.0NRT",285.51,0.88,"N"
"52",48.4614,38.75513,303.54,0.33,0.55,"2026-07-09",26,"N20","nominal","2.0NRT",284.45,0.88,"N"
"53",48.52803,37.68171,302.26,0.59,0.53,"2026-07-09",26,"N20","nominal","2.0NRT",286.1,0.78,"N"
"54",48.52396,37.67921,302.56,0.59,0.53,"2026-07-09",26,"N20","nominal","2.0NRT",286.03,1.22,"N"
"55",48.51507,37.67313,297.96,0.59,0.53,"2026-07-09",26,"N20","nominal","2.0NRT",286.15,0.88,"N"
"56",47.75898,40.2547,297.37,0.4,0.6,"2026-07-09",26,"N20","nominal","2.0NRT",285.86,0.49,"N"
"57",48.48757,37.02577,297.31,0.56,0.51,"2026-07-09",26,"N20","nominal","2.0NRT",278.18,1.56,"N"
"58",48.4854,37.02425,302.35,0.56,0.51,"2026-07-09",26,"N20","nominal","2.0NRT",276.76,0.99,"N"
"59",48.35509,37.25993,296.5,0.57,0.52,"2026-07-09",26,"N20","nominal","2.0NRT",284.71,0.79,"N"
"60",48.05825,37.95723,300.39,0.63,0.54,"2026-07-09",26,"N20","nominal","2.0NRT",286.63,1.08,"N"
"61",48.05587,37.29988,297.03,0.59,0.53,"2026-07-09",26,"N20","nominal","2.0NRT",284.68,0.93,"N"
"62",48.05604,37.30122,296.27,0.59,0.53,"2026-07-09",26,"N20","nominal","2.0NRT",284.81,0.47,"N"
"63",47.91653,37.63658,306.44,0.61,0.54,"2026-07-09",26,"N20","nominal","2.0NRT",284.67,1.23,"N"
"64",47.71357,36.96259,301.66,0.58,0.52,"2026-07-09",26,"N20","nominal","2.0NRT",285.54,1.18,"N"
"65",47.7133,36.9636,303.97,0.58,0.52,"2026-07-09",26,"N20","nominal","2.0NRT",285.83,0.71,"N"
"66",47.70043,36.97276,297.49,0.58,0.52,"2026-07-09",26,"N20","nominal","2.0NRT",285.91,0.74,"N"
"67",48.74711,26.60697,300.01,0.39,0.36,"2026-07-09",26,"N20","nominal","2.0NRT",284.07,0.75,"N"
"68",47.78864,28.95576,308.84,0.43,0.38,"2026-07-09",26,"N20","nominal","2.0NRT",287.08,1.38,"N"
"69",44.12891,42.00933,300.77,0.63,0.72,"2026-07-09",26,"N20","nominal","2.0NRT",282.98,2.23,"N"
"70",44.12655,42.01628,296.34,0.63,0.72,"2026-07-09",26,"N20","nominal","2.0NRT",284.03,2.16,"N"
"71",44.8844,38.11887,300.17,0.4,0.6,"2026-07-09",26,"N20","nominal","2.0NRT",287.64,1.46,"N"
"72",44.82676,37.42682,299.43,0.37,0.58,"2026-07-09",26,"N20","nominal","2.0NRT",287.36,0.35,"N"
"73",45.33479,34.1825,326.5,0.51,0.49,"2026-07-09",28,"N20","nominal","2.0NRT",263.58,6.65,"N"
"74",45.33762,34.18265,325.66,0.51,0.49,"2026-07-09",28,"N20","nominal","2.0NRT",263.54,5.02,"N"
"75",45.25916,31.676,315.28,0.4,0.44,"2026-07-09",28,"N20","nominal","2.0NRT",272.88,2.22,"N"
"76",41.24402,36.46538,322.71,0.42,0.61,"2026-07-09",28,"N20","nominal","2.0NRT",290.44,2.05,"N"
"77",41.17906,32.63354,298.08,0.55,0.51,"2026-07-09",28,"N20","nominal","2.0NRT",288.08,1.7,"N"
"78",41.17461,32.63143,301.4,0.55,0.51,"2026-07-09",28,"N20","nominal","2.0NRT",286.51,1.53,"N"
"79",41.2664,31.42361,308.82,0.48,0.48,"2026-07-09",28,"N20","nominal","2.0NRT",290.32,1.49,"N"
"80",41.26513,31.42904,301.63,0.48,0.48,"2026-07-09",28,"N20","nominal","2.0NRT",291.22,1.16,"N"
"81",41.26216,31.42187,299.7,0.48,0.48,"2026-07-09",28,"N20","nominal","2.0NRT",288.41,0.64,"N"
"82",41.25538,31.43086,299.27,0.48,0.48,"2026-07-09",28,"N20","nominal","2.0NRT",288.53,1.55,"N"
"83",41.25499,31.41283,312.74,0.48,0.48,"2026-07-09",28,"N20","nominal","2.0NRT",288.45,1.69,"N"
"84",40.75865,31.78282,299.53,0.51,0.5,"2026-07-09",28,"N20","nominal","2.0NRT",283.66,1.03,"N"
"85",38.45405,38.72378,299.27,0.67,0.73,"2026-07-09",28,"N20","nominal","2.0NRT",288.84,1.16,"N"
"86",41.01888,28.55803,302.76,0.54,0.42,"2026-07-09",28,"N20","nominal","2.0NRT",289.76,1.51,"N"
"87",40.75602,29.76176,304.42,0.41,0.45,"2026-07-09",28,"N20","nominal","2.0NRT",290.65,1.15,"N"
"88",40.78314,29.59966,301.78,0.4,0.44,"2026-07-09",28,"N20","nominal","2.0NRT",289.96,1.61,"N"
"89",40.80434,29.36757,302.06,0.39,0.44,"2026-07-09",28,"N20","nominal","2.0NRT",289.99,0.41,"N"
"90",40.76453,29.52919,307.43,0.4,0.44,"2026-07-09",28,"N20","nominal","2.0NRT",291.31,1.18,"N"
"91",40.26113,30.04542,299.76,0.43,0.46,"2026-07-09",28,"N20","nominal","2.0NRT",288.64,0.6,"N"
"92",40.26043,30.04382,300.73,0.43,0.46,"2026-07-09",28,"N20","nominal","2.0NRT",288.41,0.84,"N"
"93",37.59691,39.43937,300.25,0.77,0.77,"2026-07-09",28,"N20","nominal","2.0NRT",286.3,2.02,"N"
"94",37.36871,39.48772,297.39,0.78,0.78,"2026-07-09",28,"N20","nominal","2.0NRT",287.13,1.12,"N"
"95",39.83574,30.30345,296.04,0.46,0.47,"2026-07-09",28,"N20","nominal","2.0NRT",285.79,0.57,"N"
"96",39.74374,30.19749,297.31,0.45,0.47,"2026-07-09",28,"N20","nominal","2.0NRT",285.46,0.73,"N"
"97",39.70901,30.15234,296.72,0.45,0.47,"2026-07-09",28,"N20","nominal","2.0NRT",281.91,0.39,"N"
"98",37.14716,39.09777,335.2,0.76,0.77,"2026-07-09",28,"N20","nominal","2.0NRT",293.63,8.59,"N"
"99",37.14968,39.09002,303.75,0.76,0.77,"2026-07-09",28,"N20","nominal","2.0NRT",289.29,5.75,"N"
"100",39.48456,30.04011,314.15,0.45,0.47,"2026-07-09",28,"N20","nominal","2.0NRT",286.17,1.65,"N"
"101",39.48487,30.04375,312.53,0.45,0.47,"2026-07-09",28,"N20","nominal","2.0NRT",287.57,2.24,"N"
"102",40.01899,27.00767,301.75,0.48,0.4,"2026-07-09",28,"N20","nominal","2.0NRT",289.32,1.06,"N"
"103",39.86489,26.24252,318.93,0.45,0.39,"2026-07-09",28,"N20","nominal","2.0NRT",292.07,1.82,"N"
"104",38.65998,30.62176,303.28,0.5,0.49,"2026-07-09",28,"N20","nominal","2.0NRT",286.57,0.66,"N"
"105",39.1137,27.52277,301.49,0.52,0.42,"2026-07-09",28,"N20","nominal","2.0NRT",290.74,0.73,"N"
"106",37.93797,32.53394,298.88,0.33,0.55,"2026-07-09",28,"N20","nominal","2.0NRT",288.47,0.44,"N"
"107",39.09266,27.50891,302.18,0.52,0.42,"2026-07-09",28,"N20","nominal","2.0NRT",290.25,0.91,"N"
"108",39.09143,27.51486,310.11,0.52,0.42,"2026-07-09",28,"N20","nominal","2.0NRT",291.42,1.06,"N"
"109",38.78929,26.92039,304.24,0.5,0.41,"2026-07-09",30,"N20","nominal","2.0NRT",291.93,0.95,"N"
"110",38.75436,26.93899,311.72,0.5,0.41,"2026-07-09",30,"N20","nominal","2.0NRT",291.72,1.05,"N"
"111",38.74477,26.94784,319.61,0.5,0.41,"2026-07-09",30,"N20","nominal","2.0NRT",293.07,1.91,"N"
"112",38.73996,26.9523,324.3,0.5,0.41,"2026-07-09",30,"N20","nominal","2.0NRT",293.75,1.51,"N"
"113",38.73974,26.93417,304.47,0.5,0.41,"2026-07-09",30,"N20","nominal","2.0NRT",292.76,1.69,"N"
"114",38.73631,26.95103,308.6,0.5,0.41,"2026-07-09",30,"N20","nominal","2.0NRT",293.24,1.51,"N"
"115",38.4281,27.21896,311.87,0.52,0.42,"2026-07-09",30,"N20","nominal","2.0NRT",293.53,1.76,"N"
"116",38.42516,27.21623,311.05,0.52,0.42,"2026-07-09",30,"N20","nominal","2.0NRT",293.13,1.7,"N"
"117",37.25188,30.44564,303.54,0.53,0.5,"2026-07-09",30,"N20","nominal","2.0NRT",289.32,2.04,"N"
"118",34.91935,37.94551,299.08,0.77,0.77,"2026-07-09",30,"N20","nominal","2.0NRT",286.55,0.34,"N"
"119",34.61051,37.9021,299.41,0.78,0.78,"2026-07-09",30,"N20","nominal","2.0NRT",289.28,0.45,"N"
"120",32.88944,35.09372,301.68,0.61,0.71,"2026-07-09",30,"N20","nominal","2.0NRT",291.61,1.27,"N"
"121",32.12574,36.10257,302.76,0.73,0.76,"2026-07-09",30,"N20","nominal","2.0NRT",287.82,1.45,"N"
"122",32.12338,36.11049,308.15,0.73,0.76,"2026-07-09",30,"N20","nominal","2.0NRT",289.57,1.45,"N"
"123",30.72767,33.77435,303.16,0.59,0.7,"2026-07-09",33,"N20","nominal","2.0NRT",292.5,0.92,"N"
"124",30.70039,33.84737,320.3,0.6,0.7,"2026-07-09",33,"N20","nominal","2.0NRT",293.07,3.04,"N"
"125",30.69871,33.85333,310.75,0.6,0.7,"2026-07-09",33,"N20","nominal","2.0NRT",293.97,3.04,"N"
"126",30.70366,33.85411,322.21,0.6,0.7,"2026-07-09",33,"N20","nominal","2.0NRT",294.56,4.58,"N"
"127",30.72596,33.77264,302.8,0.59,0.7,"2026-07-09",33,"N20","nominal","2.0NRT",292.52,2.15,"N"
"128",30.70535,33.84796,309.05,0.6,0.7,"2026-07-09",33,"N20","nominal","2.0NRT",292.15,3.56,"N"
"129",31.35051,30.31756,308.58,0.36,0.57,"2026-07-09",33,"N20","nominal","2.0NRT",294.83,0.38,"N"
"130",31.1445,29.84117,306.91,0.34,0.56,"2026-07-09",33,"N20","nominal","2.0NRT",295.45,1.08,"N"
"131",31.12699,29.84676,313.86,0.34,0.56,"2026-07-09",33,"N20","nominal","2.0NRT",298.23,1.48,"N"
"132",31.12456,29.81223,306.81,0.34,0.56,"2026-07-09",33,"N20","nominal","2.0NRT",295.37,1.76,"N"
"133",31.09441,29.86982,316.36,0.34,0.56,"2026-07-09",33,"N20","nominal","2.0NRT",295.17,1.51,"N"
"134",31.02825,29.75296,312.62,0.34,0.56,"2026-07-09",33,"N20","nominal","2.0NRT",295.53,1.39,"N"
"135",31.02742,29.75637,314.67,0.34,0.56,"2026-07-09",33,"N20","nominal","2.0NRT",296.24,2.11,"N"
"136",30.99562,29.84314,305.7,0.34,0.56,"2026-07-09",33,"N20","nominal","2.0NRT",294.38,0.91,"N"
"137",30.8816,29.46354,310.53,0.33,0.55,"2026-07-09",33,"N20","nominal","2.0NRT",295.45,1.17,"N"
"138",30.27265,31.83177,302.94,0.47,0.64,"2026-07-09",33,"N20","nominal","2.0NRT",292.54,0.48,"N"
"139",30.28573,31.3523,307.28,0.44,0.62,"2026-07-09",33,"N20","nominal","2.0NRT",294.97,1.12,"N"
"140",30.39208,30.58618,321.07,0.39,0.6,"2026-07-09",33,"N20","nominal","2.0NRT",296.03,1.78,"N"
"141",29.80561,32.08998,326.1,0.5,0.66,"2026-07-09",33,"N20","nominal","2.0NRT",297.17,3.83,"N"
"142",30.87495,27.179,314.83,0.49,0.48,"2026-07-09",33,"N20","nominal","2.0NRT",291.09,1.51,"N"
"143",30.70194,27.72559,322.71,0.53,0.5,"2026-07-09",33,"N20","nominal","2.0NRT",292.44,1.75,"N"
"144",29.82187,31.30725,306.85,0.45,0.63,"2026-07-09",33,"N20","nominal","2.0NRT",295.6,1.08,"N"
"145",30.83254,26.82406,336.02,0.47,0.47,"2026-07-09",33,"N20","nominal","2.0NRT",293.09,4.93,"N"
"146",30.77178,27.10435,302.11,0.48,0.48,"2026-07-09",33,"N20","nominal","2.0NRT",292.06,1.14,"N"
"147",30.85372,26.62151,321.02,0.45,0.47,"2026-07-09",33,"N20","nominal","2.0NRT",291.2,1.67,"N"
"148",30.82467,26.46916,304.77,0.45,0.47,"2026-07-09",33,"N20","nominal","2.0NRT",291.77,0.76,"N"
"149",30.67009,26.36635,321.43,0.44,0.46,"2026-07-09",33,"N20","nominal","2.0NRT",291.13,1.28,"N"
"150",30.37071,27.23132,325.89,0.5,0.49,"2026-07-09",33,"N20","nominal","2.0NRT",291.35,2.64,"N"
"151",28.86641,33.17691,306.32,0.61,0.71,"2026-07-09",33,"N20","nominal","2.0NRT",293.93,0.78,"N"
"152",30.53607,26.08297,306.55,0.43,0.46,"2026-07-09",33,"N20","nominal","2.0NRT",291.55,0.85,"N"
"153",30.53422,26.09172,310.43,0.43,0.46,"2026-07-09",33,"N20","nominal","2.0NRT",291.29,0.75,"N"
"154",29.76345,29.06951,302.09,0.33,0.55,"2026-07-09",33,"N20","nominal","2.0NRT",292.07,0.23,"N"
"155",29.69872,29.20745,302.52,0.34,0.56,"2026-07-09",33,"N20","nominal","2.0NRT",291.19,0.28,"N"
"156",30.30704,26.04098,301.03,0.43,0.46,"2026-07-09",33,"N20","nominal","2.0NRT",290.61,0.51,"N"
"157",29.01957,31.20146,314.86,0.46,0.64,"2026-07-09",33,"N20","nominal","2.0NRT",295.58,2.17,"N"
"158",29.01843,31.20595,306.96,0.46,0.64,"2026-07-09",33,"N20","nominal","2.0NRT",296.61,2.17,"N"
"159",29.65335,28.36059,316.32,0.61,0.53,"2026-07-09",33,"N20","nominal","2.0NRT",292.39,2.21,"N"
"160",28.92185,31.07961,311.87,0.46,0.63,"2026-07-09",33,"N20","nominal","2.0NRT",293.07,1.38,"N"
"161",28.94561,30.86752,308.27,0.44,0.62,"2026-07-09",33,"N20","nominal","2.0NRT",292.35,1.01,"N"
"162",28.94294,30.86758,313.39,0.44,0.63,"2026-07-09",33,"N20","nominal","2.0NRT",292.46,0.9,"N"
"163",27.17083,31.01458,306.53,0.5,0.66,"2026-07-09",33,"N20","nominal","2.0NRT",296.35,1.35,"N"
"164",26.25297,32.97123,309.41,0.68,0.74,"2026-07-09",33,"N20","nominal","2.0NRT",295.74,0.85,"N"
"165",67.28339,83.02865,342.99,0.6,0.71,"2026-07-09",18,"N20","nominal","2.0NRT",281.97,5.55,"D"
"166",67.27839,83.03461,328.1,0.6,0.71,"2026-07-09",18,"N20","nominal","2.0NRT",283.47,5.55,"D"
"167",67.28177,83.04771,352.92,0.6,0.71,"2026-07-09",18,"N20","nominal","2.0NRT",285.4,11.03,"D"
"168",68.60211,80.39878,339.23,0.46,0.64,"2026-07-09",18,"N20","nominal","2.0NRT",282.62,3.95,"D"
"169",68.60221,80.39944,341.67,0.46,0.64,"2026-07-09",18,"N20","nominal","2.0NRT",282.49,3.92,"D"
"170",66.7187,80.49975,325.31,0.61,0.71,"2026-07-09",18,"N20","nominal","2.0NRT",277.45,2.31,"D"
"171",66.70952,80.45546,355.61,0.61,0.71,"2026-07-09",18,"N20","nominal","2.0NRT",279.16,6.63,"D"
"172",66.71174,80.45147,340.59,0.61,0.71,"2026-07-09",18,"N20","nominal","2.0NRT",276.53,7.68,"D"
"173",66.7068,80.45799,334.37,0.61,0.71,"2026-07-09",18,"N20","nominal","2.0NRT",279.07,7.58,"D"
"174",67.83799,58.93597,337.05,0.47,0.48,"2026-07-09",20,"N20","nominal","2.0NRT",285.35,4.38,"D"
"175",65.04403,56.672,343.1,0.57,0.52,"2026-07-09",20,"N20","nominal","2.0NRT",285.55,13.45,"D"
"176",57.9466,41.5243,295.38,0.42,0.45,"2026-07-09",24,"N20","nominal","2.0NRT",283.79,0.25,"N"
"177",68.41444,83.62463,349.12,0.52,0.67,"2026-07-09",18,"N20","nominal","2.0NRT",284.63,5.7,"D"
"178",54.6098,160.32333,330.47,0.4,0.37,"2026-07-09",145,"N20","low","2.0NRT",303.46,5.26,"D"
"179",54.61529,160.31419,340.6,0.4,0.37,"2026-07-09",145,"N20","nominal","2.0NRT",308.6,7.24,"D"
"180",56.63731,161.32021,347.87,0.38,0.36,"2026-07-09",147,"N20","nominal","2.0NRT",307.2,13.73,"D"
"181",56.64052,161.31854,337.92,0.38,0.36,"2026-07-09",147,"N20","nominal","2.0NRT",304.74,6.23,"D"
"182",53.2026,143.2451,337.97,0.53,0.67,"2026-07-09",147,"N20","nominal","2.0NRT",285.93,5.17,"D"
"183",58.37642,134.69701,331.2,0.59,0.7,"2026-07-09",149,"N20","nominal","2.0NRT",297.62,4.93,"D"
"184",58.381,134.66844,338.51,0.6,0.7,"2026-07-09",149,"N20","nominal","2.0NRT",296.15,9.51,"D"
"185",58.3779,134.66124,334.49,0.6,0.7,"2026-07-09",149,"N20","nominal","2.0NRT",297.7,8.3,"D"
"186",58.38084,134.66344,352.18,0.6,0.7,"2026-07-09",149,"N20","nominal","2.0NRT",297.56,10.54,"D"
"187",58.65322,131.21461,367,0.72,0.75,"2026-07-09",149,"N20","high","2.0NRT",294.43,27.36,"D"
"188",58.65543,131.21803,347.6,0.71,0.75,"2026-07-09",149,"N20","nominal","2.0NRT",291.25,12.13,"D"
"189",58.651,131.20885,341.37,0.72,0.75,"2026-07-09",149,"N20","nominal","2.0NRT",292.85,12.13,"D"
"190",62.07404,136.4808,367,0.36,0.57,"2026-07-09",149,"N20","high","2.0NRT",295.9,8.05,"D"
"191",62.07993,136.4969,344.54,0.36,0.57,"2026-07-09",149,"N20","nominal","2.0NRT",293.15,4.76,"D"
"192",62.07796,136.49152,340.83,0.36,0.57,"2026-07-09",149,"N20","nominal","2.0NRT",292.82,4.76,"D"
"193",62.07599,136.48616,351.31,0.36,0.57,"2026-07-09",149,"N20","nominal","2.0NRT",292.52,8.05,"D"
"194",62.09003,136.50609,352.74,0.36,0.57,"2026-07-09",149,"N20","nominal","2.0NRT",292.73,4.25,"D"
"195",62.08805,136.50064,350.3,0.36,0.57,"2026-07-09",149,"N20","nominal","2.0NRT",296.16,9.55,"D"
"196",62.07626,136.46843,347.47,0.36,0.57,"2026-07-09",149,"N20","nominal","2.0NRT",295.72,4.47,"D"
"197",62.07425,136.46295,348.81,0.36,0.57,"2026-07-09",149,"N20","nominal","2.0NRT",296.6,4.47,"D"
"198",62.0722,136.45732,346.24,0.36,0.57,"2026-07-09",149,"N20","nominal","2.0NRT",296.51,6.09,"D"
"199",62.09619,136.50447,342.03,0.36,0.57,"2026-07-09",149,"N20","nominal","2.0NRT",293.25,4.25,"D"
"200",62.0942,136.49902,328.68,0.36,0.57,"2026-07-09",149,"N20","nominal","2.0NRT",293.09,4.25,"D"
"201",62.09164,136.38162,367,0.36,0.58,"2026-07-09",149,"N20","high","2.0NRT",299.9,5.4,"D"
"202",62.08966,136.37627,336.52,0.36,0.58,"2026-07-09",149,"N20","nominal","2.0NRT",294.36,5.4,"D"
"203",62.09966,136.3849,347.18,0.36,0.57,"2026-07-09",149,"N20","nominal","2.0NRT",300.86,4.26,"D"
"204",62.09763,136.37946,351.34,0.36,0.58,"2026-07-09",149,"N20","nominal","2.0NRT",299.66,4.26,"D"
"205",62.10783,136.38863,333.94,0.36,0.57,"2026-07-09",149,"N20","nominal","2.0NRT",299.55,4.3,"D"
"206",62.10577,136.38306,342.96,0.36,0.57,"2026-07-09",149,"N20","nominal","2.0NRT",298.65,4.3,"D"
"207",62.10373,136.37756,332.24,0.36,0.57,"2026-07-09",149,"N20","nominal","2.0NRT",297.51,4.26,"D"
"208",62.11809,136.39803,335.16,0.36,0.57,"2026-07-09",149,"N20","nominal","2.0NRT",299.02,8.2,"D"
"209",62.11601,136.39241,345.7,0.36,0.57,"2026-07-09",149,"N20","nominal","2.0NRT",298.83,4.25,"D"
"210",62.11393,136.3868,345.94,0.36,0.57,"2026-07-09",149,"N20","nominal","2.0NRT",298.48,4.25,"D"
"211",62.14878,136.46294,339.76,0.36,0.57,"2026-07-09",149,"N20","nominal","2.0NRT",294.55,5.11,"D"
"212",62.12828,136.40729,349.6,0.36,0.57,"2026-07-09",149,"N20","nominal","2.0NRT",296.96,16.27,"D"
"213",62.12619,136.40163,354.69,0.36,0.57,"2026-07-09",149,"N20","nominal","2.0NRT",301.92,16.27,"D"
"214",62.12409,136.39592,341.73,0.36,0.57,"2026-07-09",149,"N20","nominal","2.0NRT",297.75,8.2,"D"
"215",62.1344,136.40552,336.24,0.36,0.57,"2026-07-09",149,"N20","nominal","2.0NRT",295.05,4.43,"D"
"216",62.14651,136.42003,328.03,0.36,0.57,"2026-07-09",149,"N20","nominal","2.0NRT",293.42,2.9,"D"
"217",62.14452,136.41461,335.59,0.36,0.57,"2026-07-09",149,"N20","nominal","2.0NRT",293.31,4.69,"D"
"218",62.84049,133.86052,333.26,0.39,0.59,"2026-07-09",149,"N20","nominal","2.0NRT",297.2,2.94,"D"
"219",62.83315,133.82327,329.66,0.39,0.59,"2026-07-09",149,"N20","nominal","2.0NRT",296.93,5.73,"D"
"220",62.83728,133.81537,353.89,0.39,0.59,"2026-07-09",149,"N20","nominal","2.0NRT",299.26,5.73,"D"
"221",62.87533,133.87607,342.53,0.38,0.59,"2026-07-09",149,"N20","nominal","2.0NRT",298.33,8.24,"D"
"222",62.88858,133.89168,329.8,0.38,0.59,"2026-07-09",149,"N20","nominal","2.0NRT",297.35,4.53,"D"
"223",62.92759,133.91846,367,0.38,0.59,"2026-07-09",149,"N20","high","2.0NRT",297.65,6.06,"D"
"224",62.92535,133.91266,367,0.38,0.59,"2026-07-09",149,"N20","high","2.0NRT",298.77,6.06,"D"
"225",62.89115,133.80579,367,0.38,0.59,"2026-07-09",149,"N20","high","2.0NRT",291.15,17.84,"D"
"226",62.9317,133.9106,334.93,0.38,0.59,"2026-07-09",149,"N20","nominal","2.0NRT",295.59,6.06,"D"
"227",62.92941,133.90466,348.18,0.38,0.59,"2026-07-09",149,"N20","nominal","2.0NRT",296.91,6.06,"D"
"228",62.92571,133.92328,344.92,0.38,0.59,"2026-07-09",149,"N20","nominal","2.0NRT",295.85,5.29,"D"
"229",62.92347,133.91754,335.45,0.38,0.59,"2026-07-09",149,"N20","nominal","2.0NRT",296.26,6.75,"D"
"230",62.92749,133.90945,367,0.38,0.59,"2026-07-09",149,"N20","high","2.0NRT",297.7,6.75,"D"
"231",62.92977,133.91525,339.52,0.38,0.59,"2026-07-09",149,"N20","nominal","2.0NRT",296.25,5.29,"D"
"232",62.92528,133.90378,340.47,0.38,0.59,"2026-07-09",149,"N20","nominal","2.0NRT",297.83,6.75,"D"
"233",62.88656,133.80528,346.98,0.38,0.59,"2026-07-09",149,"N20","nominal","2.0NRT",292.44,12.1,"D"
"234",62.88883,133.81104,356.09,0.38,0.59,"2026-07-09",149,"N20","low","2.0NRT",284.04,7.54,"D"
"235",62.89763,133.81503,338.18,0.38,0.59,"2026-07-09",149,"N20","nominal","2.0NRT",293.5,6.23,"D"
"236",62.89305,133.80341,333.22,0.38,0.59,"2026-07-09",149,"N20","nominal","2.0NRT",294.18,5.6,"D"
"237",62.90866,133.82472,352.17,0.38,0.59,"2026-07-09",149,"N20","nominal","2.0NRT",295.28,7.52,"D"
"238",62.91954,133.83408,350.28,0.38,0.59,"2026-07-09",149,"N20","nominal","2.0NRT",294.9,14.16,"D"
"239",62.91735,133.82851,355.5,0.38,0.59,"2026-07-09",149,"N20","nominal","2.0NRT",299.26,16.36,"D"
"240",62.91514,133.82285,337.84,0.38,0.59,"2026-07-09",149,"N20","nominal","2.0NRT",295.47,16.36,"D"
"241",62.92587,133.83186,367,0.38,0.59,"2026-07-09",149,"N20","high","2.0NRT",302.13,14.16,"D"
"242",62.94402,133.87823,340.88,0.38,0.59,"2026-07-09",149,"N20","nominal","2.0NRT",295.69,7.44,"D"
"243",62.92804,133.8374,347.38,0.38,0.59,"2026-07-09",149,"N20","nominal","2.0NRT",296.68,14.57,"D"
"244",62.9237,133.82631,331.59,0.38,0.59,"2026-07-09",149,"N20","nominal","2.0NRT",295.55,14.16,"D"
"245",62.9345,133.83549,367,0.38,0.59,"2026-07-09",149,"N20","high","2.0NRT",295.9,23.62,"D"
"246",62.93225,133.82977,367,0.38,0.59,"2026-07-09",149,"N20","high","2.0NRT",297.26,23.62,"D"
"247",62.93,133.82399,367,0.38,0.59,"2026-07-09",149,"N20","high","2.0NRT",298.29,50.93,"D"
"248",62.93668,133.84108,350.04,0.38,0.59,"2026-07-09",149,"N20","nominal","2.0NRT",295.83,13.3,"D"
"249",62.94985,133.85638,367,0.38,0.59,"2026-07-09",149,"N20","high","2.0NRT",296.43,24.77,"D"
"250",62.94751,133.8504,349.8,0.38,0.59,"2026-07-09",149,"N20","nominal","2.0NRT",298,22,"D"
"251",62.95391,133.84836,329.32,0.38,0.59,"2026-07-09",149,"N20","nominal","2.0NRT",294.62,4.43,"D"
"252",63.42007,132.91963,367,0.38,0.59,"2026-07-09",152,"N20","high","2.0NRT",299.94,8.6,"D"
"253",63.42653,132.91754,340.73,0.38,0.59,"2026-07-09",152,"N20","nominal","2.0NRT",295.51,8.6,"D"
"254",63.42421,132.91168,331.65,0.38,0.59,"2026-07-09",152,"N20","nominal","2.0NRT",296.07,8.6,"D"
"255",63.4306,132.90945,367,0.38,0.59,"2026-07-09",152,"N20","high","2.0NRT",298.76,13.68,"D"
"256",63.43464,132.90129,367,0.38,0.59,"2026-07-09",152,"N20","high","2.0NRT",295.58,13.68,"D"
"257",63.43234,132.89546,354.04,0.38,0.59,"2026-07-09",152,"N20","nominal","2.0NRT",300.33,13.68,"D"
"258",64.53932,130.2346,330.75,0.39,0.59,"2026-07-09",152,"N20","nominal","2.0NRT",291.32,4.29,"D"
"259",64.53749,130.23021,336.03,0.39,0.59,"2026-07-09",152,"N20","nominal","2.0NRT",292.86,4.29,"D"
"260",64.53388,130.22151,334.27,0.39,0.59,"2026-07-09",152,"N20","nominal","2.0NRT",291.23,6.65,"D"
"261",64.82527,127.69389,341.27,0.42,0.61,"2026-07-09",152,"N20","nominal","2.0NRT",293.4,7.77,"D"
"262",65.05839,127.38114,329.43,0.41,0.61,"2026-07-09",152,"N20","nominal","2.0NRT",291.44,3,"D"
"263",68.32351,83.54726,329.85,0.71,0.75,"2026-07-09",156,"N20","nominal","2.0NRT",281.82,3.46,"D"
"264",67.83993,58.94062,329.46,0.57,0.69,"2026-07-09",158,"N20","nominal","2.0NRT",285.67,2.72,"D"
"265",68.17416,55.38902,325.6,0.5,0.66,"2026-07-09",200,"N20","nominal","2.0NRT",285.65,1.54,"D"
"266",68.1685,55.36003,336.67,0.5,0.66,"2026-07-09",200,"N20","nominal","2.0NRT",285.5,4.4,"D"
"267",67.95886,55.4795,355.25,0.51,0.66,"2026-07-09",200,"N20","nominal","2.0NRT",285.57,8.8,"D"
"268",67.95833,55.47673,346.46,0.51,0.66,"2026-07-09",200,"N20","nominal","2.0NRT",285.28,7.7,"D"
"269",34.71569,137.29047,330.26,0.5,0.49,"2026-07-09",321,"N20","nominal","2.0NRT",298.68,4.94,"D"
"270",35.35487,139.87085,335.69,0.54,0.42,"2026-07-09",321,"N20","nominal","2.0NRT",302.83,8.25,"D"
"271",35.36015,139.85696,332.07,0.54,0.42,"2026-07-09",321,"N20","nominal","2.0NRT",301.01,5.28,"D"
"272",35.3685,139.65253,332.51,0.55,0.43,"2026-07-09",321,"N20","nominal","2.0NRT",297.2,2.81,"D"
"273",35.49004,140.03546,332.28,0.53,0.42,"2026-07-09",321,"N20","nominal","2.0NRT",300.93,3.09,"D"
"274",35.06228,137.09161,328.73,0.51,0.49,"2026-07-09",323,"N20","low","2.0NRT",300.14,2.08,"D"
"275",35.05738,137.07008,328.02,0.51,0.49,"2026-07-09",323,"N20","low","2.0NRT",300.72,1.99,"D"
"276",35.02938,136.88486,342.33,0.52,0.5,"2026-07-09",323,"N20","nominal","2.0NRT",301.63,3.98,"D"
"277",35.02811,136.87933,338.6,0.52,0.5,"2026-07-09",323,"N20","nominal","2.0NRT",300.96,3.98,"D"
"278",35.02685,136.87381,340.3,0.52,0.5,"2026-07-09",323,"N20","nominal","2.0NRT",301.21,5.78,"D"
"279",35.02558,136.86826,344.73,0.52,0.5,"2026-07-09",323,"N20","nominal","2.0NRT",300.07,5.78,"D"
"280",34.34701,133.84061,330.02,0.4,0.6,"2026-07-09",323,"N20","nominal","2.0NRT",293.63,2.15,"D"
"281",35.93867,140.67999,330.05,0.49,0.4,"2026-07-09",323,"N20","low","2.0NRT",301.53,4.71,"D"
"282",35.94229,140.67892,335.19,0.49,0.4,"2026-07-09",323,"N20","nominal","2.0NRT",301.39,3.95,"D"
"283",34.71442,134.82692,367,0.34,0.56,"2026-07-09",323,"N20","high","2.0NRT",300.14,10.79,"D"
"284",34.71208,134.82835,367,0.34,0.56,"2026-07-09",323,"N20","high","2.0NRT",299.41,6.31,"D"
"285",35.23525,136.27217,330.33,0.56,0.51,"2026-07-09",323,"N20","nominal","2.0NRT",298.71,5.37,"D"
"286",33.92253,130.84158,342.12,0.6,0.7,"2026-07-09",323,"N20","nominal","2.0NRT",294.25,3.93,"D"
"287",37.03226,137.85402,328.87,0.42,0.45,"2026-07-09",323,"N20","low","2.0NRT",300.1,4.02,"D"
"288",37.18468,138.32794,331.74,0.39,0.44,"2026-07-09",323,"N20","nominal","2.0NRT",300.53,3.42,"D"
"289",37.81029,140.55957,332.64,0.46,0.39,"2026-07-09",323,"N20","low","2.0NRT",303.77,6.84,"D"
"290",53.20156,143.24232,338.24,0.45,0.39,"2026-07-09",328,"N20","nominal","2.0NRT",291.52,4.32,"D"
"291",53.26367,143.22221,328.38,0.45,0.39,"2026-07-09",328,"N20","nominal","2.0NRT",292.22,1.29,"D"
"292",54.8205,131.02541,325.93,0.49,0.4,"2026-07-09",328,"N20","nominal","2.0NRT",290.56,3.36,"D"
"293",54.82401,131.02321,339.61,0.49,0.4,"2026-07-09",328,"N20","nominal","2.0NRT",293.25,31.37,"D"
"294",56.38148,136.24544,339.71,0.38,0.36,"2026-07-09",328,"N20","nominal","2.0NRT",309.85,2.54,"D"
"295",56.40462,136.25955,332.49,0.38,0.36,"2026-07-09",328,"N20","low","2.0NRT",304.45,1.19,"D"
"296",58.37269,134.69911,339.53,0.39,0.36,"2026-07-09",330,"N20","nominal","2.0NRT",305.23,4.46,"D"
"297",58.37589,134.69727,334.09,0.39,0.36,"2026-07-09",330,"N20","low","2.0NRT",306.28,4.46,"D"
"298",58.38229,134.69353,334.22,0.39,0.36,"2026-07-09",330,"N20","low","2.0NRT",308.49,30.46,"D"
"299",58.37812,134.66806,343.78,0.39,0.36,"2026-07-09",330,"N20","nominal","2.0NRT",311.17,6.19,"D"
"300",58.37708,134.66173,338.69,0.39,0.36,"2026-07-09",330,"N20","nominal","2.0NRT",307.92,6.19,"D"
"301",58.38445,134.68527,330.8,0.39,0.36,"2026-07-09",330,"N20","low","2.0NRT",303,1.66,"D"
"302",58.38131,134.6662,337.97,0.39,0.36,"2026-07-09",330,"N20","nominal","2.0NRT",307.15,11.06,"D"
"303",58.38028,134.65985,342.74,0.39,0.36,"2026-07-09",330,"N20","nominal","2.0NRT",314.74,11.06,"D"
"304",58.64284,131.22758,331.34,0.42,0.37,"2026-07-09",330,"N20","low","2.0NRT",302.96,4.11,"D"
"305",58.64738,131.23198,337.25,0.42,0.37,"2026-07-09",330,"N20","nominal","2.0NRT",301.47,4.11,"D"
"306",58.65063,131.22966,334.98,0.42,0.37,"2026-07-09",330,"N20","nominal","2.0NRT",302.17,4.57,"D"
"307",58.64271,131.18842,335.77,0.42,0.37,"2026-07-09",330,"N20","nominal","2.0NRT",301.02,2.77,"D"
"308",58.65389,131.22731,340.67,0.42,0.37,"2026-07-09",330,"N20","nominal","2.0NRT",302.08,4.57,"D"
"309",58.65258,131.22054,337,0.42,0.37,"2026-07-09",330,"N20","nominal","2.0NRT",303.65,4.57,"D"
"310",58.65127,131.2137,341.75,0.42,0.37,"2026-07-09",330,"N20","nominal","2.0NRT",308.01,7.36,"D"
"311",58.65451,131.21133,350.81,0.42,0.37,"2026-07-09",330,"N20","nominal","2.0NRT",308.46,8.95,"D"
"312",58.65776,131.20894,340.77,0.42,0.37,"2026-07-09",330,"N20","nominal","2.0NRT",301.69,8.95,"D"
"313",58.96194,129.51662,355.78,0.44,0.39,"2026-07-09",330,"N20","nominal","2.0NRT",306.37,12.82,"D"
"314",58.96524,129.51395,331.89,0.44,0.39,"2026-07-09",330,"N20","nominal","2.0NRT",302.03,2.33,"D"
"315",59.48095,124.67195,344.99,0.57,0.43,"2026-07-09",330,"N20","nominal","2.0NRT",300.71,13.04,"D"
"316",59.48692,124.678,344.48,0.57,0.43,"2026-07-09",330,"N20","nominal","2.0NRT",301.82,27.6,"D"
"317",59.48459,124.66862,333.66,0.57,0.43,"2026-07-09",330,"N20","nominal","2.0NRT",297.75,8.15,"D"
"318",62.08552,136.37297,335.95,0.4,0.37,"2026-07-09",330,"N20","nominal","2.0NRT",279.07,7.76,"D"
"319",62.08983,136.37859,339.48,0.4,0.37,"2026-07-09",330,"N20","nominal","2.0NRT",281.94,9.62,"D"
"320",62.09315,136.37672,352.69,0.4,0.37,"2026-07-09",330,"N20","nominal","2.0NRT",287.44,9.73,"D"
"321",62.09646,136.37483,336.82,0.4,0.37,"2026-07-09",330,"N20","nominal","2.0NRT",287.74,9.73,"D"
"322",62.10077,136.38049,346.28,0.4,0.37,"2026-07-09",330,"N20","nominal","2.0NRT",289.33,8.35,"D"
"323",62.10408,136.37856,343.38,0.4,0.37,"2026-07-09",330,"N20","nominal","2.0NRT",292.12,8.35,"D"
"324",62.10402,136.37849,341.59,0.4,0.37,"2026-07-09",330,"N20","nominal","2.0NRT",294.17,7.87,"D"
"325",62.10831,136.38417,334.8,0.41,0.37,"2026-07-09",330,"N20","nominal","2.0NRT",292.88,7.87,"D"
"326",62.11162,136.38223,367,0.41,0.37,"2026-07-09",330,"N20","high","2.0NRT",298.7,12.05,"D"
"327",62.11592,136.38786,367,0.41,0.37,"2026-07-09",330,"N20","high","2.0NRT",299.88,14.15,"D"
"328",62.12022,136.39351,337.67,0.41,0.37,"2026-07-09",330,"N20","nominal","2.0NRT",294.96,6.9,"D"
"329",62.12782,136.39728,353.17,0.41,0.37,"2026-07-09",330,"N20","nominal","2.0NRT",295.01,15.39,"D"
"330",62.13542,136.40088,343.92,0.41,0.37,"2026-07-09",330,"N20","nominal","2.0NRT",298.95,9.66,"D"
"331",62.13972,136.40649,332.85,0.41,0.37,"2026-07-09",330,"N20","nominal","2.0NRT",293.08,9.01,"D"
"332",62.13873,136.39896,331.84,0.41,0.37,"2026-07-09",330,"N20","nominal","2.0NRT",294.78,9.66,"D"
"333",62.14402,136.4122,343.28,0.41,0.37,"2026-07-09",330,"N20","nominal","2.0NRT",290.85,6.83,"D"
"334",62.14303,136.4046,333.99,0.41,0.37,"2026-07-09",330,"N20","nominal","2.0NRT",290.81,6.83,"D"
"335",62.14733,136.41026,343.48,0.41,0.37,"2026-07-09",330,"N20","nominal","2.0NRT",292.04,6.83,"D"
"336",62.15064,136.40833,333.7,0.41,0.37,"2026-07-09",330,"N20","nominal","2.0NRT",289.73,3.15,"D"
"337",62.16283,136.47464,350.04,0.41,0.37,"2026-07-09",330,"N20","nominal","2.0NRT",281.25,54.08,"D"
"338",59.92768,120.52357,332.15,0.48,0.48,"2026-07-09",330,"N20","nominal","2.0NRT",293.18,5.56,"D"
"339",59.92721,120.52429,331.83,0.48,0.48,"2026-07-09",330,"N20","nominal","2.0NRT",293.48,3.34,"D"
"340",62.8591,133.78378,337.98,0.39,0.36,"2026-07-09",330,"N20","nominal","2.0NRT",293.88,3.22,"D"
"341",62.86231,133.78154,330.63,0.39,0.36,"2026-07-09",330,"N20","nominal","2.0NRT",292.95,2.91,"D"
"342",62.92647,133.80968,340.06,0.39,0.36,"2026-07-09",330,"N20","nominal","2.0NRT",291.23,5.34,"D"
"343",62.93401,133.83701,335.16,0.39,0.36,"2026-07-09",330,"N20","nominal","2.0NRT",294.46,6.77,"D"
"344",62.94151,133.8399,339.48,0.39,0.36,"2026-07-09",330,"N20","nominal","2.0NRT",294.7,4.69,"D"
"345",63.42164,132.92485,332.44,0.39,0.36,"2026-07-09",332,"N20","nominal","2.0NRT",301.23,4.68,"D"
"346",63.42052,132.9174,349.15,0.39,0.36,"2026-07-09",332,"N20","nominal","2.0NRT",318.14,27.32,"D"
"347",63.4237,132.91501,339.48,0.39,0.36,"2026-07-09",332,"N20","nominal","2.0NRT",305.95,27.32,"D"
"348",63.42035,132.8927,336.57,0.39,0.36,"2026-07-09",332,"N20","nominal","2.0NRT",303.93,7.7,"D"
"349",63.42688,132.91263,345.89,0.39,0.36,"2026-07-09",332,"N20","nominal","2.0NRT",304.65,16.6,"D"
"350",63.42464,132.89775,340.11,0.39,0.36,"2026-07-09",332,"N20","nominal","2.0NRT",305.64,4.6,"D"
"351",63.43007,132.91023,343.22,0.39,0.36,"2026-07-09",332,"N20","nominal","2.0NRT",303.94,16.6,"D"
"352",63.42783,132.89536,347.62,0.39,0.36,"2026-07-09",332,"N20","nominal","2.0NRT",303.81,4.6,"D"
"353",63.43325,132.90785,342.69,0.39,0.36,"2026-07-09",332,"N20","nominal","2.0NRT",303.27,27.03,"D"
"354",63.43213,132.90042,347,0.39,0.36,"2026-07-09",332,"N20","nominal","2.0NRT",302.71,27.03,"D"
"355",63.43101,132.89299,349.97,0.39,0.36,"2026-07-09",332,"N20","nominal","2.0NRT",308.96,13.45,"D"
"356",63.43531,132.89804,345.02,0.39,0.36,"2026-07-09",332,"N20","nominal","2.0NRT",312.03,27.03,"D"
"357",63.43419,132.89059,349.71,0.39,0.36,"2026-07-09",332,"N20","nominal","2.0NRT",307.36,13.45,"D"
"358",61.71117,123.20129,332.86,0.54,0.42,"2026-07-09",332,"N20","nominal","2.0NRT",299.32,7.97,"D"
"359",64.11282,135.33511,345.89,0.41,0.37,"2026-07-09",332,"N20","nominal","2.0NRT",311.68,22.96,"D"
"360",64.11609,135.33253,339.27,0.41,0.37,"2026-07-09",332,"N20","nominal","2.0NRT",303.84,22.96,"D"
"361",64.13565,135.37303,333,0.41,0.37,"2026-07-09",332,"N20","nominal","2.0NRT",302.86,14.65,"D"
"362",64.13895,135.37073,333.02,0.41,0.37,"2026-07-09",332,"N20","low","2.0NRT",305.12,4.9,"D"
"363",64.12944,135.29672,331.76,0.41,0.37,"2026-07-09",332,"N20","low","2.0NRT",303.5,3.32,"D"
"364",64.13271,135.29428,335,0.41,0.37,"2026-07-09",332,"N20","nominal","2.0NRT",304.34,3.32,"D"
"365",64.13168,135.2863,332.15,0.41,0.37,"2026-07-09",332,"N20","nominal","2.0NRT",302.81,3.86,"D"
"366",64.136,135.29193,355.29,0.41,0.37,"2026-07-09",332,"N20","nominal","2.0NRT",303.89,7.21,"D"
"367",64.13498,135.284,341.21,0.41,0.37,"2026-07-09",332,"N20","nominal","2.0NRT",306.67,11.81,"D"
"368",64.13931,135.28981,345.73,0.41,0.37,"2026-07-09",332,"N20","nominal","2.0NRT",299.48,7.21,"D"
"369",64.14367,131.12024,345.96,0.38,0.36,"2026-07-09",332,"N20","nominal","2.0NRT",310.74,19.97,"D"
"370",64.53802,130.23927,332.65,0.38,0.36,"2026-07-09",332,"N20","nominal","2.0NRT",298.68,4.87,"D"
"371",64.53554,130.22417,347.31,0.38,0.36,"2026-07-09",332,"N20","nominal","2.0NRT",301.01,10.45,"D"
"372",64.53429,130.21661,343.67,0.38,0.36,"2026-07-09",332,"N20","nominal","2.0NRT",301.52,10.45,"D"
"373",57.67737,106.09042,356.57,0.79,0.78,"2026-07-09",332,"N20","low","2.0NRT",287.73,16.5,"D"
"374",57.68293,106.08175,338.87,0.79,0.78,"2026-07-09",332,"N20","nominal","2.0NRT",288.46,9.23,"D"
"375",57.67931,106.08278,367,0.79,0.78,"2026-07-09",332,"N20","high","2.0NRT",291.38,20.27,"D"
"376",57.87342,105.88856,356.82,0.78,0.78,"2026-07-09",332,"N20","nominal","2.0NRT",293.55,25.77,"D"
"377",57.8702,105.88933,355.57,0.78,0.78,"2026-07-09",332,"N20","nominal","2.0NRT",290.1,14.34,"D"
"378",57.8758,105.88078,335.57,0.78,0.78,"2026-07-09",332,"N20","nominal","2.0NRT",289.17,8.23,"D"
"379",67.27153,83.21901,330.14,0.6,0.71,"2026-07-09",336,"N20","nominal","2.0NRT",282.45,6.8,"D"
"380",67.27938,83.04086,344.75,0.6,0.71,"2026-07-09",336,"N20","nominal","2.0NRT",284.74,10.71,"D"
"381",67.28174,83.04159,352.71,0.6,0.71,"2026-07-09",336,"N20","nominal","2.0NRT",284.66,9.05,"D"
"382",67.54826,83.21545,367,0.58,0.7,"2026-07-09",336,"N20","high","2.0NRT",297.89,26.99,"D"
"383",67.54348,83.20959,339.2,0.58,0.7,"2026-07-09",336,"N20","nominal","2.0NRT",289.77,26.99,"D"
"384",68.20778,83.45741,334.2,0.52,0.67,"2026-07-09",336,"N20","nominal","2.0NRT",288.42,2.93,"D"
"385",68.4155,83.63274,335.2,0.5,0.66,"2026-07-09",336,"N20","nominal","2.0NRT",286.71,3.86,"D"
"386",68.47291,83.61556,327.87,0.5,0.66,"2026-07-09",336,"N20","nominal","2.0NRT",287.14,2.88,"D"
"387",68.4147,83.62642,348.71,0.5,0.66,"2026-07-09",336,"N20","nominal","2.0NRT",288.55,5.32,"D"
"388",40.28898,116.64915,329.37,0.4,0.37,"2026-07-09",506,"N20","low","2.0NRT",301.94,1.94,"D"
"389",40.51291,117.59571,328.46,0.39,0.36,"2026-07-09",506,"N20","low","2.0NRT",301.65,4.92,"D"
"390",40.52161,117.60741,330.35,0.39,0.36,"2026-07-09",506,"N20","low","2.0NRT",301.07,3.4,"D"
"391",41.5568,121.29371,332.35,0.43,0.38,"2026-07-09",506,"N20","nominal","2.0NRT",296.46,3.28,"D"
"392",41.55681,121.2902,332.16,0.43,0.38,"2026-07-09",506,"N20","nominal","2.0NRT",294.41,3.02,"D"
"393",40.71495,114.92392,330.91,0.43,0.38,"2026-07-09",506,"N20","low","2.0NRT",302.41,2.45,"D"
"394",40.75018,114.91822,337.98,0.43,0.38,"2026-07-09",506,"N20","nominal","2.0NRT",306.9,4.81,"D"
"395",40.27691,111.38699,331.97,0.41,0.45,"2026-07-09",506,"N20","low","2.0NRT",302.08,4.14,"D"
"396",40.28087,111.3855,335.9,0.41,0.45,"2026-07-09",506,"N20","nominal","2.0NRT",302.43,4.14,"D"
"397",40.27986,111.38087,332.92,0.41,0.45,"2026-07-09",506,"N20","low","2.0NRT",303.8,7.23,"D"
"398",40.28583,111.38863,336.08,0.41,0.45,"2026-07-09",506,"N20","nominal","2.0NRT",303.42,3.75,"D"
"399",40.28483,111.38401,337.33,0.41,0.45,"2026-07-09",506,"N20","nominal","2.0NRT",304.13,3.75,"D"
"400",40.2898,111.38715,335.12,0.41,0.45,"2026-07-09",506,"N20","nominal","2.0NRT",303.28,3.75,"D"
"401",40.42831,111.39561,332.59,0.4,0.44,"2026-07-09",506,"N20","low","2.0NRT",304.19,4.14,"D"
"402",41.7383,115.82213,330.86,0.4,0.37,"2026-07-09",506,"N20","low","2.0NRT",305.24,1.36,"D"
"403",40.60018,109.68344,336.14,0.48,0.48,"2026-07-09",506,"N20","nominal","2.0NRT",299.92,3.89,"D"
"404",39.88108,106.8104,349.58,0.35,0.57,"2026-07-09",506,"N20","nominal","2.0NRT",307.32,10.31,"D"
"405",44.36086,131.04213,325.65,0.44,0.62,"2026-07-09",506,"N20","nominal","2.0NRT",294.03,4.99,"D"
"406",43.60046,118.74964,331.25,0.39,0.36,"2026-07-09",506,"N20","nominal","2.0NRT",299.22,2.08,"D"
"407",43.81506,118.15801,333.4,0.39,0.36,"2026-07-09",506,"N20","nominal","2.0NRT",298.52,2.26,"D"
"408",43.90579,117.96148,332.65,0.39,0.36,"2026-07-09",506,"N20","low","2.0NRT",303.18,2.86,"D"
"409",44.09015,116.05846,347.25,0.39,0.36,"2026-07-09",508,"N20","nominal","2.0NRT",304.1,3.76,"D"
"410",44.60363,117.60866,330.49,0.39,0.36,"2026-07-09",508,"N20","low","2.0NRT",303.17,2.23,"D"
"411",45.74307,124.24349,341.03,0.42,0.45,"2026-07-09",508,"N20","nominal","2.0NRT",289.61,9.57,"D"
"412",45.75375,115.727,343.33,0.39,0.36,"2026-07-09",508,"N20","nominal","2.0NRT",303.35,6.97,"D"
"413",49.42209,120.95893,349,0.51,0.41,"2026-07-09",508,"N20","nominal","2.0NRT",301.79,7.62,"D"
"414",49.42585,120.95801,343.19,0.51,0.41,"2026-07-09",508,"N20","nominal","2.0NRT",299.91,7.62,"D"
"415",49.55168,117.54234,335.46,0.41,0.37,"2026-07-09",508,"N20","nominal","2.0NRT",299.17,2.8,"D"
"416",54.81717,131.02237,336.49,0.49,0.65,"2026-07-09",510,"N20","nominal","2.0NRT",282.08,5.89,"D"
"417",54.81715,131.01518,341.39,0.49,0.65,"2026-07-09",510,"N20","nominal","2.0NRT",283.9,7.15,"D"
"418",54.82322,131.02171,326.8,0.49,0.65,"2026-07-09",510,"N20","nominal","2.0NRT",282.65,6.01,"D"
"419",54.82321,131.015,340.92,0.49,0.65,"2026-07-09",510,"N20","nominal","2.0NRT",283.95,6.86,"D"
"420",54.8232,131.00821,332.18,0.49,0.65,"2026-07-09",510,"N20","nominal","2.0NRT",284.18,6.86,"D"
"421",58.96155,129.51642,367,0.44,0.62,"2026-07-09",510,"N20","high","2.0NRT",297.03,9.3,"D"
"422",56.828,106.01585,325.55,0.44,0.38,"2026-07-09",510,"N20","nominal","2.0NRT",291.1,2.21,"D"
"423",56.85846,105.99695,336.33,0.44,0.38,"2026-07-09",510,"N20","nominal","2.0NRT",294.84,10.18,"D"
"424",59.48238,124.67173,346.45,0.59,0.53,"2026-07-09",510,"N20","nominal","2.0NRT",297.97,12.39,"D"
"425",59.48766,124.6814,344.95,0.59,0.53,"2026-07-09",510,"N20","nominal","2.0NRT",297.97,11,"D"
"426",59.29143,120.23731,342.82,0.42,0.45,"2026-07-09",510,"N20","nominal","2.0NRT",298.07,5.94,"D"
"427",57.53498,105.86896,336.06,0.43,0.38,"2026-07-09",510,"N20","nominal","2.0NRT",295.43,13.17,"D"
"428",57.56178,105.92836,332.89,0.43,0.38,"2026-07-09",510,"N20","nominal","2.0NRT",299.89,10.34,"D"
"429",57.56509,105.9261,343.39,0.43,0.38,"2026-07-09",510,"N20","nominal","2.0NRT",299.83,11.07,"D"
"430",57.58498,105.91283,329.4,0.43,0.38,"2026-07-09",510,"N20","nominal","2.0NRT",296.07,7.56,"D"
"431",57.68013,106.08519,348.1,0.43,0.38,"2026-07-09",510,"N20","nominal","2.0NRT",311.59,24.79,"D"
"432",57.72227,106.03339,330.77,0.43,0.38,"2026-07-09",510,"N20","nominal","2.0NRT",293.81,1.85,"D"
"433",57.87339,105.8912,332.9,0.43,0.38,"2026-07-09",510,"N20","low","2.0NRT",304.4,21.71,"D"
"434",57.8767,105.88895,335.3,0.43,0.38,"2026-07-09",510,"N20","nominal","2.0NRT",296.9,6.98,"D"
"435",58.09494,106.56387,336.53,0.41,0.37,"2026-07-09",510,"N20","nominal","2.0NRT",299.74,30.66,"D"
"436",58.09568,106.54841,331.95,0.41,0.37,"2026-07-09",510,"N20","nominal","2.0NRT",295.86,3.95,"D"
"437",59.92519,120.52135,338.11,0.43,0.46,"2026-07-09",510,"N20","nominal","2.0NRT",295.2,5.92,"D"
"438",58.29339,106.92102,331.69,0.41,0.37,"2026-07-09",510,"N20","nominal","2.0NRT",300.1,13.81,"D"
"439",58.42346,107.57668,344.22,0.4,0.37,"2026-07-09",510,"N20","nominal","2.0NRT",277.93,10.91,"D"
"440",58.44966,107.60305,336.55,0.4,0.37,"2026-07-09",512,"N20","nominal","2.0NRT",276.65,8.65,"D"
"441",58.48024,107.0258,343.63,0.4,0.37,"2026-07-09",512,"N20","nominal","2.0NRT",285.81,9.89,"D"
"442",60.14692,109.09187,345.33,0.38,0.36,"2026-07-09",512,"N20","nominal","2.0NRT",270.71,12.79,"D"
"443",61.70961,123.19851,337.98,0.55,0.51,"2026-07-09",512,"N20","nominal","2.0NRT",297.83,4.62,"D"
"444",54.27676,86.1816,326.21,0.78,0.78,"2026-07-09",512,"N20","nominal","2.0NRT",292.45,18.49,"D"
"445",62.04858,136.4274,343.21,0.75,0.77,"2026-07-09",512,"N20","nominal","2.0NRT",293.15,12.23,"D"
"446",62.04928,136.414,342.24,0.75,0.77,"2026-07-09",512,"N20","nominal","2.0NRT",290.51,12.69,"D"
"447",62.05107,136.42232,367,0.75,0.77,"2026-07-09",512,"N20","high","2.0NRT",294.97,22.41,"D"
"448",62.0518,136.40906,343.1,0.75,0.77,"2026-07-09",512,"N20","nominal","2.0NRT",292.6,8.3,"D"
"449",62.05254,136.39561,337.1,0.75,0.77,"2026-07-09",512,"N20","nominal","2.0NRT",288.72,8.3,"D"
"450",62.05738,136.43861,367,0.75,0.77,"2026-07-09",512,"N20","high","2.0NRT",293.33,21.1,"D"
"451",62.07076,136.45746,367,0.75,0.77,"2026-07-09",512,"N20","high","2.0NRT",295.4,26.3,"D"
"452",62.06914,136.48709,336.35,0.75,0.77,"2026-07-09",512,"N20","nominal","2.0NRT",292.11,14.07,"D"
"453",62.06998,136.47182,354.87,0.75,0.77,"2026-07-09",512,"N20","nominal","2.0NRT",294.08,26.3,"D"
"454",62.08966,136.3737,340.18,0.74,0.76,"2026-07-09",512,"N20","nominal","2.0NRT",293.63,13.37,"D"
"455",62.09665,136.37729,367,0.74,0.76,"2026-07-09",512,"N20","high","2.0NRT",295.8,13.37,"D"
"456",62.10369,136.38007,338,0.74,0.76,"2026-07-09",512,"N20","nominal","2.0NRT",294.79,6.26,"D"
"457",62.11074,136.38263,338.02,0.74,0.76,"2026-07-09",512,"N20","nominal","2.0NRT",291.84,6.26,"D"
"458",62.1178,136.38512,329.47,0.74,0.76,"2026-07-09",512,"N20","nominal","2.0NRT",294.1,9.39,"D"
"459",62.12653,136.49216,336.12,0.75,0.77,"2026-07-09",512,"N20","nominal","2.0NRT",291.12,14.72,"D"
"460",62.12729,136.47786,344.01,0.75,0.77,"2026-07-09",512,"N20","nominal","2.0NRT",292.85,14.72,"D"
"461",62.13118,136.40388,348.99,0.75,0.77,"2026-07-09",512,"N20","nominal","2.0NRT",295.79,8.47,"D"
"462",62.13381,136.49083,367,0.75,0.77,"2026-07-09",512,"N20","high","2.0NRT",294.66,14.72,"D"
"463",62.13826,136.40602,338.85,0.75,0.77,"2026-07-09",512,"N20","nominal","2.0NRT",295.64,8.47,"D"
"464",62.14104,136.49019,343.41,0.75,0.77,"2026-07-09",512,"N20","nominal","2.0NRT",292.97,13.6,"D"
"465",62.1453,136.40894,352.94,0.75,0.77,"2026-07-09",512,"N20","nominal","2.0NRT",295.25,8.81,"D"
"466",62.14814,136.49225,367,0.75,0.77,"2026-07-09",512,"N20","high","2.0NRT",293.1,13.6,"D"
"467",62.14882,136.47917,339.44,0.75,0.77,"2026-07-09",512,"N20","nominal","2.0NRT",294.29,13.6,"D"
"468",62.15237,136.41121,346.12,0.75,0.77,"2026-07-09",512,"N20","nominal","2.0NRT",294.41,8.81,"D"
"469",62.09183,136.37294,367,0.75,0.77,"2026-07-09",512,"N20","high","2.0NRT",296.01,11.92,"D"
"470",62.08426,136.506,331.01,0.75,0.77,"2026-07-09",512,"N20","nominal","2.0NRT",293.38,9.8,"D"
"471",62.09883,136.37621,341.1,0.75,0.77,"2026-07-09",512,"N20","nominal","2.0NRT",295.17,11.92,"D"
"472",62.10588,136.3788,337,0.75,0.77,"2026-07-09",512,"N20","nominal","2.0NRT",292.52,4.62,"D"
"473",62.11293,136.38136,334.38,0.75,0.77,"2026-07-09",512,"N20","nominal","2.0NRT",293.93,4.62,"D"
"474",62.12627,136.40015,350.41,0.75,0.77,"2026-07-09",512,"N20","nominal","2.0NRT",296.78,15.23,"D"
"475",62.12846,136.49008,367,0.75,0.77,"2026-07-09",512,"N20","high","2.0NRT",294.28,36.09,"D"
"476",62.12925,136.476,349.07,0.75,0.77,"2026-07-09",512,"N20","nominal","2.0NRT",294.95,29.57,"D"
"477",62.13334,136.40234,337.95,0.75,0.77,"2026-07-09",512,"N20","nominal","2.0NRT",296.01,7.16,"D"
"478",62.14041,136.40466,335.07,0.75,0.77,"2026-07-09",512,"N20","nominal","2.0NRT",294.91,7.16,"D"
"479",62.14746,136.40727,367,0.75,0.77,"2026-07-09",512,"N20","high","2.0NRT",295.62,19.23,"D"
"480",62.14297,136.48848,347.54,0.75,0.77,"2026-07-09",512,"N20","nominal","2.0NRT",292.77,20.96,"D"
"481",62.14368,136.47574,331.61,0.75,0.77,"2026-07-09",512,"N20","nominal","2.0NRT",293.82,30.98,"D"
"482",62.15005,136.49062,367,0.75,0.77,"2026-07-09",512,"N20","high","2.0NRT",294.79,20.96,"D"
"483",62.15715,136.49286,367,0.75,0.77,"2026-07-09",512,"N20","high","2.0NRT",297.93,34.75,"D"
"484",62.15858,136.46692,331.4,0.75,0.77,"2026-07-09",512,"N20","nominal","2.0NRT",293.71,15.46,"D"
"485",62.16421,136.49548,367,0.75,0.77,"2026-07-09",512,"N20","high","2.0NRT",291.52,34.75,"D"
"486",62.16491,136.48279,336.48,0.75,0.77,"2026-07-09",512,"N20","nominal","2.0NRT",295.12,15.46,"D"
"487",62.16564,136.46953,342.96,0.75,0.77,"2026-07-09",512,"N20","nominal","2.0NRT",294.28,15.46,"D"
"488",63.42357,132.93277,367,0.57,0.69,"2026-07-09",512,"N20","high","2.0NRT",293.66,20.67,"D"
"489",63.42391,132.92093,367,0.57,0.69,"2026-07-09",512,"N20","high","2.0NRT",297.08,20.67,"D"
"490",63.42424,132.90906,332.86,0.57,0.69,"2026-07-09",512,"N20","nominal","2.0NRT",295.81,18.42,"D"
"491",63.4235,132.92656,367,0.57,0.69,"2026-07-09",512,"N20","high","2.0NRT",295.9,21.02,"D"
"492",63.42387,132.91457,367,0.57,0.69,"2026-07-09",512,"N20","high","2.0NRT",297.79,21.02,"D"
"493",63.43033,132.91537,367,0.57,0.69,"2026-07-09",512,"N20","high","2.0NRT",294.28,30.6,"D"
"494",63.43067,132.90399,339.53,0.57,0.69,"2026-07-09",512,"N20","nominal","2.0NRT",295.47,9.4,"D"
"495",63.43103,132.8922,335.24,0.57,0.69,"2026-07-09",512,"N20","nominal","2.0NRT",295.97,9.4,"D"
"496",63.43711,132.90498,351.43,0.57,0.69,"2026-07-09",512,"N20","nominal","2.0NRT",293.38,9.4,"D"
"497",63.43747,132.89313,329.63,0.57,0.69,"2026-07-09",512,"N20","nominal","2.0NRT",293.78,9.4,"D"
"498",60.43465,97.6816,345.38,0.39,0.44,"2026-07-09",512,"N20","nominal","2.0NRT",295.18,24.59,"D"
"499",60.44254,97.55077,349.18,0.4,0.44,"2026-07-09",512,"N20","nominal","2.0NRT",294.46,18.49,"D"
"500",60.48996,97.41033,339.96,0.4,0.44,"2026-07-09",512,"N20","nominal","2.0NRT",285.51,5.11,"D"
"501",60.44653,97.1534,338.12,0.41,0.45,"2026-07-09",512,"N20","nominal","2.0NRT",284.53,2.97,"D"
"502",64.14409,131.12263,344.3,0.5,0.66,"2026-07-09",512,"N20","nominal","2.0NRT",289.6,9.28,"D"
"503",60.42244,96.51334,325.06,0.43,0.46,"2026-07-09",512,"N20","nominal","2.0NRT",281.72,4.5,"D"
"504",64.11209,135.33238,346.15,0.67,0.74,"2026-07-09",512,"N20","nominal","2.0NRT",295.54,6.82,"D"
"505",60.42427,96.5022,334.78,0.43,0.46,"2026-07-09",512,"N20","nominal","2.0NRT",279.22,7.55,"D"
"506",64.11921,135.3279,333.59,0.67,0.74,"2026-07-09",512,"N20","nominal","2.0NRT",295.37,6.82,"D"
"507",64.13489,135.28751,367,0.67,0.74,"2026-07-09",512,"N20","high","2.0NRT",297.22,29.43,"D"
"508",64.11139,135.33446,348.58,0.68,0.74,"2026-07-09",512,"N20","nominal","2.0NRT",295.56,11.22,"D"
"509",64.11854,135.32996,335.8,0.68,0.74,"2026-07-09",512,"N20","nominal","2.0NRT",295.46,5.29,"D"
"510",64.13436,135.2894,367,0.67,0.74,"2026-07-09",512,"N20","high","2.0NRT",296.78,13.43,"D"
"511",64.14118,135.2912,333.03,0.67,0.74,"2026-07-09",512,"N20","nominal","2.0NRT",293.24,13.43,"D"
"512",58.93442,91.09605,327.01,0.35,0.57,"2026-07-09",512,"N20","nominal","2.0NRT",287.08,2.29,"D"
"513",58.92571,91.07008,334.95,0.35,0.57,"2026-07-09",512,"N20","nominal","2.0NRT",282,4.88,"D"
"514",58.88752,90.88157,344.18,0.36,0.57,"2026-07-09",512,"N20","nominal","2.0NRT",290.11,4.89,"D"
"515",58.89198,90.87605,346.35,0.36,0.57,"2026-07-09",512,"N20","nominal","2.0NRT",290.31,5.45,"D"
"516",58.88754,90.88047,354.27,0.36,0.57,"2026-07-09",512,"N20","nominal","2.0NRT",291.3,7.52,"D"
"517",58.892,90.87497,326.02,0.36,0.57,"2026-07-09",512,"N20","nominal","2.0NRT",288.73,2.6,"D"
"518",58.89355,90.76792,328.21,0.36,0.57,"2026-07-09",512,"N20","nominal","2.0NRT",287.53,3.91,"D"
"519",58.89174,90.76262,332.98,0.36,0.57,"2026-07-09",512,"N20","nominal","2.0NRT",291.05,3.95,"D"
"520",58.8899,90.75729,353.97,0.36,0.57,"2026-07-09",512,"N20","nominal","2.0NRT",290.4,3.95,"D"
"521",58.89798,90.76228,342.29,0.36,0.57,"2026-07-09",512,"N20","nominal","2.0NRT",292.24,3.91,"D"
"522",58.89616,90.75694,326.81,0.36,0.57,"2026-07-09",512,"N20","nominal","2.0NRT",294.01,3.95,"D"
"523",58.89434,90.75161,335.58,0.36,0.57,"2026-07-09",512,"N20","nominal","2.0NRT",288.03,3.95,"D"
"524",58.92216,90.81457,335.81,0.36,0.57,"2026-07-09",512,"N20","nominal","2.0NRT",290.12,2.36,"D"
"525",58.7607,90.13809,347.69,0.38,0.59,"2026-07-09",512,"N20","nominal","2.0NRT",287.46,4.98,"D"
"526",58.7588,90.13258,344.17,0.38,0.59,"2026-07-09",512,"N20","nominal","2.0NRT",289.68,4.98,"D"
"527",58.95914,90.6991,326.22,0.36,0.57,"2026-07-09",512,"N20","nominal","2.0NRT",285.45,13.68,"D"
"528",58.95735,90.69382,356.85,0.36,0.57,"2026-07-09",512,"N20","low","2.0NRT",288.4,22.27,"D"
"529",58.96358,90.69349,367,0.36,0.57,"2026-07-09",512,"N20","high","2.0NRT",292.2,13.68,"D"
"530",58.96179,90.68821,349.27,0.36,0.57,"2026-07-09",512,"N20","nominal","2.0NRT",300.12,22.27,"D"
"531",58.99823,90.83038,332.71,0.35,0.57,"2026-07-09",512,"N20","nominal","2.0NRT",288.73,2.75,"D"
"532",58.75903,90.1411,342.57,0.38,0.59,"2026-07-09",512,"N20","nominal","2.0NRT",287.69,6.11,"D"
"533",58.7571,90.13562,349.27,0.38,0.59,"2026-07-09",512,"N20","nominal","2.0NRT",291.05,8.53,"D"
"534",58.95776,90.69376,367,0.36,0.57,"2026-07-09",512,"N20","high","2.0NRT",290.47,18.06,"D"
"535",58.95595,90.68849,350.3,0.36,0.57,"2026-07-09",512,"N20","nominal","2.0NRT",288.83,27.67,"D"
"536",58.7693,90.1516,331.25,0.38,0.59,"2026-07-09",512,"N20","nominal","2.0NRT",283.47,2.52,"D"
"537",58.96402,90.69343,352.49,0.36,0.57,"2026-07-09",512,"N20","nominal","2.0NRT",291.09,18.06,"D"
"538",58.96222,90.68817,354.86,0.36,0.57,"2026-07-09",512,"N20","nominal","2.0NRT",297.94,18.06,"D"
"539",59.03343,90.7851,339.39,0.35,0.57,"2026-07-09",512,"N20","nominal","2.0NRT",291.47,4.4,"D"
"540",59.03167,90.77991,356.08,0.35,0.57,"2026-07-09",512,"N20","low","2.0NRT",290,4.4,"D"
"541",59.10699,90.96535,338.2,0.35,0.56,"2026-07-09",512,"N20","nominal","2.0NRT",289.88,4.9,"D"
"542",58.98867,90.61654,355.91,0.36,0.57,"2026-07-09",512,"N20","nominal","2.0NRT",293.43,11.43,"D"
"543",58.98688,90.61127,344.47,0.36,0.57,"2026-07-09",512,"N20","nominal","2.0NRT",284.78,11.43,"D"
"544",59.10869,90.9704,356.28,0.35,0.56,"2026-07-09",512,"N20","low","2.0NRT",287.05,4.9,"D"
"545",58.99049,90.62183,356.29,0.36,0.57,"2026-07-09",512,"N20","low","2.0NRT",283.08,14.07,"D"
"546",59.113,90.96461,340.94,0.35,0.56,"2026-07-09",512,"N20","nominal","2.0NRT",286.53,3.57,"D"
"547",58.99934,90.57306,367,0.36,0.57,"2026-07-09",512,"N20","high","2.0NRT",303.44,57.27,"D"
"548",59.01376,90.61536,349.35,0.36,0.57,"2026-07-09",512,"N20","nominal","2.0NRT",289.21,4.55,"D"
"549",59.00116,90.5784,342.18,0.36,0.57,"2026-07-09",512,"N20","nominal","2.0NRT",288.75,18.67,"D"
"550",58.99749,90.56764,305.09,0.36,0.57,"2026-07-09",512,"N20","low","2.0NRT",307.17,57.27,"D"
"551",59.00561,90.57275,367,0.36,0.57,"2026-07-09",512,"N20","high","2.0NRT",295.56,26.12,"D"
"552",59.00742,90.57807,348.93,0.36,0.57,"2026-07-09",512,"N20","nominal","2.0NRT",290,26.12,"D"
"553",59.0038,90.56743,343.68,0.36,0.57,"2026-07-09",512,"N20","nominal","2.0NRT",293.31,34.43,"D"
"554",59.01365,90.57764,367,0.36,0.57,"2026-07-09",512,"N20","high","2.0NRT",291.09,38.24,"D"
"555",59.01184,90.57232,344.56,0.36,0.57,"2026-07-09",512,"N20","nominal","2.0NRT",295.86,26.12,"D"
"556",59.01986,90.57716,353.48,0.36,0.57,"2026-07-09",512,"N20","nominal","2.0NRT",288.96,69.85,"D"
"557",59.01804,90.57182,351.35,0.36,0.57,"2026-07-09",512,"N20","nominal","2.0NRT",290.52,69.85,"D"
"558",59.02427,90.5714,367,0.36,0.57,"2026-07-09",512,"N20","high","2.0NRT",309.67,69.85,"D"
"559",59.03511,90.60334,352.59,0.36,0.57,"2026-07-09",512,"N20","nominal","2.0NRT",289.4,4.73,"D"
"560",59.02063,90.5607,355.93,0.36,0.57,"2026-07-09",512,"N20","nominal","2.0NRT",291.14,41.77,"D"
"561",59.02245,90.56606,367,0.36,0.57,"2026-07-09",512,"N20","low","2.0NRT",335.29,69.85,"D"
"562",59.03052,90.57107,367,0.36,0.57,"2026-07-09",512,"N20","high","2.0NRT",301.08,22.55,"D"
"563",59.02507,90.55502,367,0.36,0.57,"2026-07-09",512,"N20","high","2.0NRT",290.02,10.04,"D"
"564",59.03953,90.59763,347.51,0.36,0.57,"2026-07-09",512,"N20","nominal","2.0NRT",291.95,5.15,"D"
"565",59.0269,90.56042,355.41,0.36,0.57,"2026-07-09",512,"N20","nominal","2.0NRT",292.39,69.88,"D"
"566",59.03677,90.57073,367,0.36,0.57,"2026-07-09",512,"N20","high","2.0NRT",294.38,22.55,"D"
"567",59.03496,90.5654,367,0.36,0.57,"2026-07-09",512,"N20","high","2.0NRT",292.79,22.55,"D"
"568",59.3023,91.34868,333.04,0.33,0.55,"2026-07-09",512,"N20","nominal","2.0NRT",286.7,2.45,"D"
"569",59.03019,90.57005,367,0.36,0.57,"2026-07-09",512,"N20","high","2.0NRT",303.44,25.67,"D"
"570",59.0411,90.60169,334.61,0.36,0.57,"2026-07-09",512,"N20","nominal","2.0NRT",292.16,3.07,"D"
"571",59.0393,90.59647,342.98,0.36,0.57,"2026-07-09",512,"N20","nominal","2.0NRT",292.46,3.07,"D"
"572",59.03201,90.57532,334.12,0.36,0.57,"2026-07-09",512,"N20","nominal","2.0NRT",289.02,10.18,"D"
"573",59.02838,90.56479,344.31,0.36,0.57,"2026-07-09",512,"N20","nominal","2.0NRT",298.4,25.67,"D"
"574",59.02653,90.55943,341.19,0.36,0.57,"2026-07-09",512,"N20","nominal","2.0NRT",290.12,8.55,"D"
"575",59.02467,90.55408,352.67,0.36,0.57,"2026-07-09",512,"N20","nominal","2.0NRT",288.97,8.55,"D"
"576",59.03646,90.5697,367,0.36,0.57,"2026-07-09",512,"N20","high","2.0NRT",293.4,10.18,"D"
"577",59.30054,91.3489,336.48,0.33,0.55,"2026-07-09",512,"N20","nominal","2.0NRT",287.67,3.17,"D"
"578",59.04007,90.58018,333.13,0.36,0.57,"2026-07-09",512,"N20","nominal","2.0NRT",283.69,4.91,"D"
"579",59.03826,90.57494,330.34,0.36,0.57,"2026-07-09",512,"N20","nominal","2.0NRT",286.51,10.18,"D"
"580",59.03463,90.56439,354.62,0.36,0.57,"2026-07-09",512,"N20","nominal","2.0NRT",292.21,25.67,"D"
"581",59.04168,90.54775,329.44,0.36,0.57,"2026-07-09",512,"N20","nominal","2.0NRT",279.71,4.71,"D"
"582",59.05594,90.55206,327.69,0.36,0.57,"2026-07-09",512,"N20","nominal","2.0NRT",290.47,2.25,"D"
"583",59.32973,91.28917,336.45,0.33,0.55,"2026-07-09",512,"N20","nominal","2.0NRT",284.84,5.09,"D"
"584",59.33152,91.29454,356.09,0.33,0.55,"2026-07-09",512,"N20","low","2.0NRT",287.65,5.09,"D"
"585",59.25654,90.93947,346.17,0.34,0.56,"2026-07-09",512,"N20","nominal","2.0NRT",287.03,13.48,"D"
"586",59.2676,90.95396,350.14,0.34,0.56,"2026-07-09",512,"N20","nominal","2.0NRT",288.46,6.66,"D"
"587",59.26426,90.94393,340.71,0.34,0.56,"2026-07-09",512,"N20","nominal","2.0NRT",287.62,7.88,"D"
"588",57.53746,85.99973,351.23,0.57,0.69,"2026-07-09",512,"N20","nominal","2.0NRT",287.8,18.49,"D"
"589",57.53432,85.9921,353.41,0.57,0.69,"2026-07-09",512,"N20","nominal","2.0NRT",291.65,17.52,"D"
"590",57.56143,86.03851,333.12,0.56,0.69,"2026-07-09",512,"N20","nominal","2.0NRT",288.66,5.14,"D"
"591",57.55393,86.0006,338.53,0.57,0.69,"2026-07-09",512,"N20","nominal","2.0NRT",288.5,10.89,"D"
"592",57.55079,85.99295,333.11,0.57,0.69,"2026-07-09",512,"N20","nominal","2.0NRT",288.51,7.01,"D"
"593",59.41311,90.81374,326.77,0.34,0.56,"2026-07-09",512,"N20","nominal","2.0NRT",287.12,2.42,"D"
"594",59.03738,89.61122,345.42,0.38,0.59,"2026-07-09",512,"N20","nominal","2.0NRT",289.31,5.89,"D"
"595",59.36858,90.45876,328.65,0.35,0.57,"2026-07-09",512,"N20","nominal","2.0NRT",283.01,2.22,"D"
"596",59.35099,90.36935,367,0.35,0.57,"2026-07-09",512,"N20","high","2.0NRT",294.42,7.79,"D"
"597",59.35452,90.3798,337.33,0.35,0.57,"2026-07-09",512,"N20","nominal","2.0NRT",287.29,4.27,"D"
"598",59.35275,90.37454,333.55,0.35,0.57,"2026-07-09",512,"N20","nominal","2.0NRT",290.26,7.79,"D"
"599",59.34922,90.36414,327,0.35,0.57,"2026-07-09",512,"N20","nominal","2.0NRT",289.48,5.42,"D"
"600",59.35897,90.37424,334.22,0.35,0.57,"2026-07-09",512,"N20","nominal","2.0NRT",291.74,5.27,"D"
"601",59.08177,89.5683,342.95,0.38,0.59,"2026-07-09",512,"N20","nominal","2.0NRT",288.63,5.55,"D"
"602",59.38802,90.44161,352.1,0.35,0.57,"2026-07-09",512,"N20","nominal","2.0NRT",282.13,5.6,"D"
"603",59.38629,90.43647,336.87,0.35,0.57,"2026-07-09",512,"N20","nominal","2.0NRT",285.72,4.28,"D"
"604",59.37399,90.40001,327.03,0.35,0.57,"2026-07-09",512,"N20","nominal","2.0NRT",284.52,2.16,"D"
"605",59.3512,90.38482,339.21,0.35,0.57,"2026-07-09",512,"N20","nominal","2.0NRT",285.39,7.83,"D"
"606",59.35206,90.36882,367,0.35,0.57,"2026-07-09",512,"N20","high","2.0NRT",293.16,7.22,"D"
"607",59.35028,90.36364,344.57,0.35,0.57,"2026-07-09",512,"N20","nominal","2.0NRT",291.43,7.22,"D"
"608",59.3601,90.3737,336.12,0.35,0.57,"2026-07-09",512,"N20","nominal","2.0NRT",291.43,4.04,"D"
"609",59.08247,89.56072,332.55,0.38,0.59,"2026-07-09",512,"N20","nominal","2.0NRT",289.54,4.44,"D"
"610",59.42278,90.50141,354.19,0.35,0.56,"2026-07-09",512,"N20","nominal","2.0NRT",292.14,15.31,"D"
"611",59.37511,90.36193,326.77,0.35,0.57,"2026-07-09",512,"N20","nominal","2.0NRT",287.71,1.67,"D"
"612",59.42723,90.49597,339.27,0.35,0.56,"2026-07-09",512,"N20","nominal","2.0NRT",285.49,4.51,"D"
"613",59.41495,90.45992,348.66,0.35,0.57,"2026-07-09",512,"N20","nominal","2.0NRT",289.48,4.05,"D"
"614",58.74139,88.56358,328.9,0.42,0.61,"2026-07-09",512,"N20","nominal","2.0NRT",288.72,3.98,"D"
"615",59.41929,90.45412,335.98,0.35,0.57,"2026-07-09",512,"N20","nominal","2.0NRT",287.02,4.05,"D"
"616",59.41753,90.44897,338.51,0.35,0.57,"2026-07-09",512,"N20","nominal","2.0NRT",285.63,7.39,"D"
"617",59.436,90.48471,338.39,0.35,0.56,"2026-07-09",512,"N20","nominal","2.0NRT",277,6.34,"D"
"618",59.43251,90.47441,355.94,0.35,0.57,"2026-07-09",512,"N20","nominal","2.0NRT",290.9,8.11,"D"
"619",59.43427,90.4796,356.47,0.35,0.57,"2026-07-09",512,"N20","low","2.0NRT",289.81,6.34,"D"
"620",59.42491,90.26608,342.01,0.35,0.57,"2026-07-09",512,"N20","nominal","2.0NRT",292.91,5.33,"D"
"621",59.28033,89.8444,335.06,0.37,0.58,"2026-07-09",512,"N20","nominal","2.0NRT",286.5,2.71,"D"
"622",59.42749,90.255,325.5,0.35,0.57,"2026-07-09",512,"N20","nominal","2.0NRT",292.12,2.43,"D"
"623",59.29597,89.87089,339.7,0.37,0.58,"2026-07-09",512,"N20","nominal","2.0NRT",288.2,2.52,"D"
"624",59.48037,90.37387,334.23,0.35,0.57,"2026-07-09",512,"N20","nominal","2.0NRT",289.34,2.77,"D"
"625",59.28608,89.80475,326.33,0.37,0.58,"2026-07-09",512,"N20","nominal","2.0NRT",291.14,1.69,"D"
"626",59.2842,89.79931,326.72,0.37,0.58,"2026-07-09",512,"N20","nominal","2.0NRT",290.37,1.69,"D"
"627",59.48473,90.36813,337.98,0.35,0.57,"2026-07-09",512,"N20","nominal","2.0NRT",289.13,3.8,"D"
"628",59.27377,89.75039,339.6,0.37,0.58,"2026-07-09",512,"N20","nominal","2.0NRT",288.03,5.79,"D"
"629",59.50646,90.41402,332.1,0.35,0.56,"2026-07-09",512,"N20","nominal","2.0NRT",287.17,5.87,"D"
"630",58.61849,87.9093,339.19,0.45,0.63,"2026-07-09",512,"N20","nominal","2.0NRT",286.86,4.51,"D"
"631",59.48121,90.37167,337.08,0.35,0.57,"2026-07-09",512,"N20","nominal","2.0NRT",288.66,4.24,"D"
"632",59.28291,89.80023,328.46,0.37,0.58,"2026-07-09",512,"N20","nominal","2.0NRT",290.32,1.32,"D"
"633",59.48557,90.36593,334.76,0.35,0.57,"2026-07-09",512,"N20","nominal","2.0NRT",288.1,2.59,"D"
"634",59.27232,89.7515,338.48,0.37,0.58,"2026-07-09",512,"N20","nominal","2.0NRT",289.46,3.96,"D"
"635",59.50925,90.41668,328.27,0.35,0.56,"2026-07-09",512,"N20","nominal","2.0NRT",285.46,3.84,"D"
"636",59.51972,90.41041,333.03,0.35,0.56,"2026-07-09",512,"N20","nominal","2.0NRT",286.5,3.55,"D"
"637",58.61961,87.90853,327.12,0.45,0.63,"2026-07-09",512,"N20","nominal","2.0NRT",286.5,6.44,"D"
"638",59.54068,90.39799,333.31,0.35,0.56,"2026-07-09",512,"N20","nominal","2.0NRT",285.85,3.08,"D"
"639",59.64553,90.67171,327.36,0.34,0.56,"2026-07-09",512,"N20","nominal","2.0NRT",287.56,3.08,"D"
"640",59.54763,90.38139,330.14,0.35,0.56,"2026-07-09",512,"N20","nominal","2.0NRT",287.53,4.44,"D"
"641",59.55196,90.37558,338.4,0.35,0.56,"2026-07-09",512,"N20","nominal","2.0NRT",285.69,4.65,"D"
"642",59.55021,90.37044,346.03,0.35,0.56,"2026-07-09",512,"N20","nominal","2.0NRT",289.84,5.5,"D"
"643",59.47398,90.01619,367,0.36,0.57,"2026-07-09",512,"N20","high","2.0NRT",291.74,6.22,"D"
"644",59.49422,90.01939,341.06,0.36,0.57,"2026-07-09",512,"N20","nominal","2.0NRT",287.41,2.85,"D"
"645",59.65286,90.51667,326.81,0.34,0.56,"2026-07-09",512,"N20","nominal","2.0NRT",288.65,3.09,"D"
"646",59.49059,90.02541,329.46,0.36,0.57,"2026-07-09",512,"N20","nominal","2.0NRT",288.45,2.49,"D"
"647",59.53458,90.09719,325.16,0.35,0.57,"2026-07-09",512,"N20","nominal","2.0NRT",288.21,2.7,"D"
"648",63.43735,105.83277,334.85,0.38,0.36,"2026-07-09",512,"N20","nominal","2.0NRT",294.54,4.95,"D"
"649",58.20964,86.2082,343.91,0.52,0.67,"2026-07-09",512,"N20","nominal","2.0NRT",289.66,7.86,"D"
"650",58.21456,86.20105,342.37,0.52,0.67,"2026-07-09",512,"N20","nominal","2.0NRT",289.34,6.75,"D"
"651",58.21169,86.19386,333.65,0.52,0.67,"2026-07-09",512,"N20","nominal","2.0NRT",288.41,6.75,"D"
"652",58.22802,86.21534,345.18,0.52,0.67,"2026-07-09",512,"N20","nominal","2.0NRT",291.86,10.3,"D"
"653",58.22519,86.20821,352.84,0.52,0.67,"2026-07-09",512,"N20","nominal","2.0NRT",294.22,18.04,"D"
"654",58.21058,86.20935,348.81,0.52,0.67,"2026-07-09",512,"N20","nominal","2.0NRT",290.54,16.97,"D"
"655",58.21262,86.19508,348.81,0.52,0.67,"2026-07-09",512,"N20","nominal","2.0NRT",290.51,13.47,"D"
"656",58.22907,86.21642,333.99,0.52,0.67,"2026-07-09",512,"N20","nominal","2.0NRT",289.79,8.88,"D"
"657",58.2262,86.20932,352.81,0.52,0.67,"2026-07-09",512,"N20","nominal","2.0NRT",294.09,8.88,"D"
"658",58.22333,86.20222,339.46,0.52,0.67,"2026-07-09",512,"N20","nominal","2.0NRT",291.63,9.31,"D"
"659",58.2397,86.22343,367,0.52,0.67,"2026-07-09",512,"N20","high","2.0NRT",292.62,11.88,"D"
"660",58.23684,86.21635,339.34,0.52,0.67,"2026-07-09",512,"N20","nominal","2.0NRT",289.81,11.88,"D"
"661",58.17582,85.62096,329.45,0.54,0.68,"2026-07-09",512,"N20","nominal","2.0NRT",288.43,4.32,"D"
"662",59.8711,90.12667,367,0.34,0.56,"2026-07-09",512,"N20","high","2.0NRT",291.95,7.88,"D"
"663",59.86935,90.12148,346.41,0.34,0.56,"2026-07-09",512,"N20","nominal","2.0NRT",288.51,7.88,"D"
"664",59.87716,90.12605,355.8,0.34,0.56,"2026-07-09",512,"N20","nominal","2.0NRT",290.19,4.9,"D"
"665",59.88149,90.12031,326.5,0.34,0.56,"2026-07-09",512,"N20","nominal","2.0NRT",284.09,4.9,"D"
"666",59.86327,89.81947,336.24,0.35,0.57,"2026-07-09",512,"N20","nominal","2.0NRT",286.71,10.64,"D"
"667",58.69397,86.6374,331.25,0.48,0.65,"2026-07-09",512,"N20","nominal","2.0NRT",288.48,3.95,"D"
"668",59.86507,89.8247,356.34,0.35,0.57,"2026-07-09",512,"N20","low","2.0NRT",288.62,10.64,"D"
"669",59.14667,86.60394,327.97,0.46,0.64,"2026-07-09",512,"N20","nominal","2.0NRT",274.69,6.3,"D"
"670",59.16151,86.62329,339.72,0.46,0.64,"2026-07-09",512,"N20","nominal","2.0NRT",282.92,11.15,"D"
"671",59.15896,86.61668,338.35,0.46,0.64,"2026-07-09",512,"N20","nominal","2.0NRT",282.25,11.15,"D"
"672",59.15644,86.61012,328.31,0.46,0.64,"2026-07-09",512,"N20","nominal","2.0NRT",281.33,13.13,"D"
"673",59.15139,86.59704,343.01,0.46,0.64,"2026-07-09",512,"N20","nominal","2.0NRT",276.05,9.69,"D"
"674",59.17162,86.64956,356.54,0.46,0.64,"2026-07-09",512,"N20","low","2.0NRT",288.03,1049.91,"D"
"675",59.16658,86.63645,207.93,0.46,0.64,"2026-07-09",512,"N20","low","2.0NRT",303.88,177.02,"D"
"676",59.16405,86.6299,356.58,0.46,0.64,"2026-07-09",512,"N20","low","2.0NRT",281.75,177.02,"D"
"677",23.84415,120.52691,341.36,0.43,0.38,"2026-07-09",501,"N20","nominal","2.0NRT",302.49,4.88,"D"
"678",59.17881,86.64914,367,0.46,0.63,"2026-07-09",512,"N20","high","2.0NRT",290.61,46.67,"D"
"679",24.74035,118.1933,332.14,0.53,0.42,"2026-07-09",501,"N20","low","2.0NRT",306.73,6.35,"D"
"680",59.18131,86.65562,331.08,0.46,0.63,"2026-07-09",512,"N20","nominal","2.0NRT",285.27,46.67,"D"
"681",59.16877,86.62299,344.26,0.46,0.64,"2026-07-09",512,"N20","nominal","2.0NRT",292.27,177.02,"D"
"682",24.96544,118.62791,338.22,0.5,0.41,"2026-07-09",501,"N20","nominal","2.0NRT",312.73,6.34,"D"
"683",59.16622,86.61637,348.1,0.46,0.64,"2026-07-09",512,"N20","nominal","2.0NRT",284.28,11.15,"D"
"684",24.73856,116.18309,331.15,0.46,0.47,"2026-07-09",501,"N20","low","2.0NRT",301.15,4.49,"D"
"685",59.16368,86.60977,350.65,0.46,0.64,"2026-07-09",512,"N20","nominal","2.0NRT",281.93,11.15,"D"
"686",24.8642,116.19766,327.97,0.46,0.47,"2026-07-09",501,"N20","low","2.0NRT",302.66,3.46,"D"
"687",59.17128,86.62954,367,0.46,0.64,"2026-07-09",512,"N20","low","2.0NRT",337.65,177.02,"D"
"688",25.182,116.7235,329.8,0.42,0.45,"2026-07-09",501,"N20","low","2.0NRT",301.22,5.06,"D"
"689",59.16115,86.6032,356.45,0.46,0.64,"2026-07-09",512,"N20","low","2.0NRT",279.41,13.13,"D"
"690",25.17964,116.71142,328.12,0.42,0.45,"2026-07-09",501,"N20","low","2.0NRT",301.64,3.84,"D"
"691",59.18599,86.64865,343.05,0.46,0.63,"2026-07-09",512,"N20","nominal","2.0NRT",280.91,13.01,"D"
"692",26.77084,117.52742,330.68,0.53,0.42,"2026-07-09",501,"N20","low","2.0NRT",303.49,11.2,"D"
"693",59.1835,86.64217,352.87,0.46,0.63,"2026-07-09",512,"N20","nominal","2.0NRT",284.62,13.01,"D"
"694",27.43283,118.6488,330.12,0.46,0.39,"2026-07-09",501,"N20","low","2.0NRT",302.68,7.17,"D"
"695",59.17345,86.61604,343.56,0.46,0.64,"2026-07-09",512,"N20","nominal","2.0NRT",286.92,16.76,"D"
"696",27.53098,118.78363,330.54,0.46,0.39,"2026-07-09",501,"N20","low","2.0NRT",305.19,9.73,"D"
"697",59.17093,86.60946,337.78,0.46,0.64,"2026-07-09",512,"N20","nominal","2.0NRT",283.35,10.46,"D"
"698",27.53018,118.77909,331.1,0.46,0.39,"2026-07-09",501,"N20","low","2.0NRT",306.07,12.31,"D"
"699",59.16586,86.5963,347.86,0.46,0.64,"2026-07-09",512,"N20","nominal","2.0NRT",282.09,14.72,"D"
"700",27.54916,118.80318,329.48,0.45,0.39,"2026-07-09",501,"N20","low","2.0NRT",301.78,8.47,"D"
"701",59.18099,86.63565,356.84,0.46,0.64,"2026-07-09",512,"N20","low","2.0NRT",287.87,21.74,"D"
"702",27.98068,120.72907,339.75,0.39,0.37,"2026-07-09",501,"N20","low","2.0NRT",307.26,7.77,"D"
"703",59.17847,86.62909,356.8,0.46,0.64,"2026-07-09",512,"N20","low","2.0NRT",286.36,21.74,"D"
"704",28.19358,119.15025,327.67,0.43,0.38,"2026-07-09",501,"N20","nominal","2.0NRT",296.99,2.63,"D"
"705",59.17596,86.62255,356.84,0.46,0.64,"2026-07-09",512,"N20","low","2.0NRT",288.7,16.76,"D"
"706",29.30958,120.31124,335.31,0.4,0.37,"2026-07-09",501,"N20","low","2.0NRT",301.48,6.82,"D"
"707",59.1684,86.60287,356.8,0.46,0.64,"2026-07-09",512,"N20","low","2.0NRT",281.89,10.46,"D"
"708",29.57512,121.51356,331.81,0.38,0.36,"2026-07-09",501,"N20","low","2.0NRT",306.3,6.11,"D"
"709",59.18066,86.61562,367,0.46,0.64,"2026-07-09",512,"N20","high","2.0NRT",291.05,16.76,"D"
"710",29.60652,121.51941,335.68,0.38,0.36,"2026-07-09",501,"N20","low","2.0NRT",309.68,8.2,"D"
"711",59.19318,86.64825,328.76,0.46,0.63,"2026-07-09",512,"N20","nominal","2.0NRT",286.26,7.59,"D"
"712",29.80743,115.62276,329.51,0.4,0.44,"2026-07-09",504,"N20","nominal","2.0NRT",297.15,5.12,"D"
"713",59.18315,86.62211,343.46,0.46,0.64,"2026-07-09",512,"N20","nominal","2.0NRT",282.56,21.74,"D"
"714",29.89604,115.66289,330.73,0.39,0.44,"2026-07-09",504,"N20","nominal","2.0NRT",295.21,1.71,"D"
"715",59.17817,86.60912,343.32,0.46,0.64,"2026-07-09",512,"N20","nominal","2.0NRT",288.09,16.76,"D"
"716",30.07365,115.88103,330.33,0.57,0.43,"2026-07-09",504,"N20","nominal","2.0NRT",297.89,3.18,"D"
"717",59.17564,86.60255,327.45,0.46,0.64,"2026-07-09",512,"N20","nominal","2.0NRT",286.22,10.46,"D"
"718",30.53408,117.25153,330.3,0.48,0.4,"2026-07-09",504,"N20","nominal","2.0NRT",299.91,9.59,"D"
"719",64.83475,110.39065,331.57,0.42,0.38,"2026-07-09",512,"N20","nominal","2.0NRT",282.97,7.93,"D"
"720",30.7389,117.6492,334.11,0.46,0.39,"2026-07-09",504,"N20","low","2.0NRT",301.38,14.12,"D"
"721",64.8337,110.38194,350.32,0.42,0.38,"2026-07-09",512,"N20","nominal","2.0NRT",298.78,26.1,"D"
"722",30.90314,117.77515,332.62,0.45,0.39,"2026-07-09",504,"N20","low","2.0NRT",299.43,3.11,"D"
"723",64.80954,110.18336,331.93,0.42,0.38,"2026-07-09",512,"N20","nominal","2.0NRT",298.81,4.82,"D"
"724",30.93031,117.90431,331.25,0.45,0.39,"2026-07-09",504,"N20","low","2.0NRT",301.2,6.9,"D"
"725",59.17062,86.64719,367,0.46,0.63,"2026-07-09",512,"N20","high","2.0NRT",293.75,192.18,"D"
"726",30.90666,117.77424,330.81,0.45,0.39,"2026-07-09",504,"N20","low","2.0NRT",300,5.49,"D"
"727",64.83918,110.39715,338.92,0.42,0.38,"2026-07-09",512,"N20","nominal","2.0NRT",289.38,7.76,"D"
"728",30.92431,117.76985,330.17,0.45,0.39,"2026-07-09",504,"N20","low","2.0NRT",299.58,7.39,"D"
"729",64.83812,110.3884,352.99,0.42,0.38,"2026-07-09",512,"N20","nominal","2.0NRT",294.69,7.76,"D"
"730",30.9692,117.77359,332.57,0.45,0.39,"2026-07-09",504,"N20","low","2.0NRT",296.46,2.58,"D"
"731",64.83707,110.37969,355.08,0.42,0.38,"2026-07-09",512,"N20","nominal","2.0NRT",298.78,9.02,"D"
"732",30.99203,117.77775,336.25,0.45,0.39,"2026-07-09",504,"N20","low","2.0NRT",299.47,7.47,"D"
"733",64.81184,110.17249,328.91,0.42,0.38,"2026-07-09",512,"N20","nominal","2.0NRT",293.8,2.34,"D"
"734",31.26304,118.37961,332.93,0.43,0.38,"2026-07-09",504,"N20","low","2.0NRT",300.35,10.08,"D"
"735",59.16296,86.62761,355.08,0.46,0.64,"2026-07-09",512,"N20","nominal","2.0NRT",281.54,40.95,"D"
"736",31.38368,118.44427,333.6,0.42,0.38,"2026-07-09",504,"N20","low","2.0NRT",299.67,6.52,"D"
"737",59.16039,86.62103,334.2,0.46,0.64,"2026-07-09",512,"N20","nominal","2.0NRT",282.34,40.95,"D"
"738",31.53659,119.25635,333.15,0.4,0.37,"2026-07-09",504,"N20","low","2.0NRT",301.34,3.58,"D"
"739",59.15783,86.61448,348.29,0.46,0.64,"2026-07-09",512,"N20","nominal","2.0NRT",281.38,13.33,"D"
"740",31.56705,119.41843,333.64,0.4,0.37,"2026-07-09",504,"N20","low","2.0NRT",298.95,5.26,"D"
"741",59.1502,86.59499,340.6,0.46,0.64,"2026-07-09",512,"N20","nominal","2.0NRT",275.21,14.46,"D"
"742",31.76329,119.99297,333.15,0.39,0.36,"2026-07-09",504,"N20","low","2.0NRT",296.95,3.17,"D"
"743",59.16806,86.64066,367,0.46,0.64,"2026-07-09",512,"N20","low","2.0NRT",333.84,278.64,"D"
"744",31.72475,119.67071,335.23,0.39,0.36,"2026-07-09",504,"N20","low","2.0NRT",298.35,3.49,"D"
"745",59.16552,86.63416,291.85,0.46,0.64,"2026-07-09",512,"N20","low","2.0NRT",294.57,278.64,"D"
"746",31.82368,120.13543,334.32,0.39,0.36,"2026-07-09",504,"N20","low","2.0NRT",294.95,7.01,"D"
"747",59.17784,86.64676,367,0.46,0.63,"2026-07-09",512,"N20","high","2.0NRT",292.51,192.18,"D"
"748",31.81476,120.01536,336.35,0.39,0.36,"2026-07-09",504,"N20","nominal","2.0NRT",299.8,1.88,"D"
"749",64.83938,110.36877,325.66,0.42,0.38,"2026-07-09",512,"N20","nominal","2.0NRT",291.04,9.02,"D"
"750",31.8512,120.1384,331.63,0.39,0.36,"2026-07-09",504,"N20","low","2.0NRT",296.57,6.09,"D"
"751",59.18037,86.65321,346.62,0.46,0.63,"2026-07-09",512,"N20","nominal","2.0NRT",285.12,14.9,"D"
"752",31.80183,119.83275,335.34,0.39,0.36,"2026-07-09",504,"N20","low","2.0NRT",299.65,5.98,"D"
"753",59.16769,86.62074,353.5,0.46,0.64,"2026-07-09",512,"N20","nominal","2.0NRT",287.65,40.95,"D"
"754",31.47529,117.92931,330.62,0.44,0.38,"2026-07-09",504,"N20","low","2.0NRT",298.5,4.47,"D"
"755",59.16512,86.61414,339.71,0.46,0.64,"2026-07-09",512,"N20","nominal","2.0NRT",283,40.95,"D"
"756",31.69661,118.97108,335.43,0.41,0.37,"2026-07-09",504,"N20","low","2.0NRT",297.96,2.05,"D"
"757",59.1753,86.64024,367,0.46,0.63,"2026-07-09",512,"N20","low","2.0NRT",328.62,192.18,"D"
"758",31.55816,117.96632,337.56,0.44,0.38,"2026-07-09",504,"N20","low","2.0NRT",300.62,10.22,"D"
"759",59.17276,86.63374,367,0.46,0.64,"2026-07-09",512,"N20","low","2.0NRT",330.45,278.64,"D"
"760",31.56084,117.96092,333.35,0.44,0.38,"2026-07-09",504,"N20","low","2.0NRT",300.52,9.21,"D"
"761",59.17024,86.62727,207.93,0.46,0.64,"2026-07-09",512,"N20","low","2.0NRT",320.81,278.64,"D"
"762",31.56003,117.95633,336.68,0.44,0.38,"2026-07-09",504,"N20","low","2.0NRT",302.03,5.79,"D"
"763",59.16255,86.6076,356.15,0.46,0.64,"2026-07-09",512,"N20","low","2.0NRT",281.35,13.33,"D"
"764",31.55922,117.95174,334.95,0.44,0.38,"2026-07-09",504,"N20","low","2.0NRT",300.77,5.79,"D"
"765",59.16,86.60109,356.11,0.46,0.64,"2026-07-09",512,"N20","low","2.0NRT",279.49,13.33,"D"
"766",32.03453,120.11163,335.41,0.39,0.36,"2026-07-09",504,"N20","low","2.0NRT",296.09,3.03,"D"
"767",59.18506,86.64629,344.45,0.46,0.63,"2026-07-09",512,"N20","nominal","2.0NRT",280.32,7.5,"D"
"768",31.87606,118.96696,338.49,0.41,0.37,"2026-07-09",504,"N20","low","2.0NRT",298.93,7.32,"D"
"769",59.18254,86.63984,350.61,0.46,0.63,"2026-07-09",512,"N20","nominal","2.0NRT",283.37,19.79,"D"
"770",32.06543,120.07166,330.16,0.39,0.36,"2026-07-09",504,"N20","low","2.0NRT",297.27,5.06,"D"
"771",59.17493,86.62033,356.26,0.46,0.64,"2026-07-09",512,"N20","nominal","2.0NRT",288.92,19.53,"D"
"772",31.87461,118.69142,334.85,0.41,0.37,"2026-07-09",504,"N20","low","2.0NRT",299.67,10.4,"D"
"773",59.16984,86.60728,348.01,0.46,0.64,"2026-07-09",512,"N20","nominal","2.0NRT",283.26,13.88,"D"
"774",32.02615,119.57532,333.16,0.39,0.37,"2026-07-09",504,"N20","low","2.0NRT",300.84,7.81,"D"
"775",59.16473,86.59421,335.2,0.46,0.64,"2026-07-09",512,"N20","nominal","2.0NRT",283.47,9.01,"D"
"776",32.07554,119.79449,333.75,0.39,0.36,"2026-07-09",504,"N20","low","2.0NRT",299.14,6.45,"D"
"777",59.18,86.63332,356.29,0.46,0.63,"2026-07-09",512,"N20","low","2.0NRT",289.77,19.79,"D"
"778",32.05855,119.5208,332.55,0.4,0.37,"2026-07-09",504,"N20","low","2.0NRT",300.08,4.02,"D"
"779",59.16729,86.60073,356.32,0.46,0.64,"2026-07-09",512,"N20","low","2.0NRT",282.04,9.01,"D"
"780",32.16586,119.80502,333.46,0.39,0.36,"2026-07-09",504,"N20","low","2.0NRT",297.99,7.04,"D"
"781",59.17963,86.61342,367,0.46,0.64,"2026-07-09",512,"N20","high","2.0NRT",293.42,19.53,"D"
"782",32.0509,118.94087,342.19,0.41,0.37,"2026-07-09",504,"N20","low","2.0NRT",296.5,9.89,"D"
"783",59.19228,86.64585,332.2,0.46,0.63,"2026-07-09",512,"N20","nominal","2.0NRT",285.15,7.5,"D"
"784",31.82432,117.39783,330.96,0.46,0.39,"2026-07-09",504,"N20","low","2.0NRT",298.74,6.51,"D"
"785",59.18216,86.61986,342.33,0.46,0.64,"2026-07-09",512,"N20","nominal","2.0NRT",284.71,19.53,"D"
"786",32.24992,119.84132,332.7,0.39,0.36,"2026-07-09",504,"N20","low","2.0NRT",297.6,5.04,"D"
"787",59.17711,86.60693,334.84,0.46,0.64,"2026-07-09",512,"N20","nominal","2.0NRT",287.17,13.88,"D"
"788",32.18553,119.36385,331.29,0.4,0.37,"2026-07-09",504,"N20","low","2.0NRT",300.58,7.98,"D"
"789",59.18939,86.61946,353.11,0.46,0.63,"2026-07-09",512,"N20","nominal","2.0NRT",282.94,6.32,"D"
"790",32.25578,119.25362,331.74,0.4,0.37,"2026-07-09",504,"N20","low","2.0NRT",299.14,4.01,"D"
"791",64.85707,110.39468,329.77,0.42,0.38,"2026-07-09",512,"N20","nominal","2.0NRT",282.13,2.66,"D"
"792",32.19086,118.74541,335.51,0.41,0.37,"2026-07-09",504,"N20","low","2.0NRT",299.18,8.1,"D"
"793",64.8402,110.25602,337.97,0.42,0.38,"2026-07-09",512,"N20","nominal","2.0NRT",292.72,10.2,"D"
"794",32.35109,119.37027,338.13,0.4,0.37,"2026-07-09",504,"N20","low","2.0NRT",301.27,9.04,"D"
"795",59.20417,86.63845,329.03,0.46,0.63,"2026-07-09",512,"N20","nominal","2.0NRT",281.84,7.78,"D"
"796",32.22625,118.60252,332.12,0.41,0.37,"2026-07-09",504,"N20","low","2.0NRT",300.7,9.48,"D"
"797",59.19912,86.62545,330.05,0.46,0.63,"2026-07-09",512,"N20","nominal","2.0NRT",286.49,9.01,"D"
"798",32.31709,118.78342,332.52,0.41,0.37,"2026-07-09",504,"N20","low","2.0NRT",299.31,6.11,"D"
"799",59.19659,86.61896,327.93,0.46,0.63,"2026-07-09",512,"N20","nominal","2.0NRT",280.89,6.32,"D"
"800",34.0564,131.7876,338.02,0.4,0.6,"2026-07-09",504,"N20","nominal","2.0NRT",298.95,3.49,"D"
"801",59.21172,86.65787,356.06,0.46,0.63,"2026-07-09",512,"N20","low","2.0NRT",288.12,15.85,"D"
"802",32.67694,118.90985,331.93,0.4,0.37,"2026-07-09",504,"N20","low","2.0NRT",297.73,9.88,"D"
"803",59.21637,86.65086,325.64,0.46,0.63,"2026-07-09",512,"N20","nominal","2.0NRT",284.16,3.36,"D"
"804",32.67623,118.9056,355.92,0.4,0.37,"2026-07-09",504,"N20","low","2.0NRT",299.24,21.61,"D"
"805",64.86631,110.35091,333.16,0.42,0.38,"2026-07-09",512,"N20","nominal","2.0NRT",292.85,3.65,"D"
"806",34.53854,135.48373,336.86,0.65,0.73,"2026-07-09",504,"N20","nominal","2.0NRT",294.08,3.57,"D"
"807",59.22031,86.60397,333.79,0.46,0.63,"2026-07-09",512,"N20","nominal","2.0NRT",285.31,2.79,"D"
"808",32.21671,115.04723,331.14,0.39,0.44,"2026-07-09",504,"N20","nominal","2.0NRT",294.1,3.28,"D"
"809",64.85274,110.21004,342.79,0.42,0.38,"2026-07-09",512,"N20","nominal","2.0NRT",294.03,8.63,"D"
"810",33.25186,119.92502,338.41,0.39,0.36,"2026-07-09",504,"N20","low","2.0NRT",297.24,7.07,"D"
"811",59.22503,86.59709,356.42,0.46,0.63,"2026-07-09",512,"N20","low","2.0NRT",289.98,10.61,"D"
"812",32.92443,117.70405,332.83,0.43,0.38,"2026-07-09",504,"N20","low","2.0NRT",304.64,7.56,"D"
"813",64.85715,110.21638,347.71,0.42,0.38,"2026-07-09",512,"N20","nominal","2.0NRT",299.26,8.63,"D"
"814",32.92788,117.70318,335.24,0.43,0.38,"2026-07-09",504,"N20","low","2.0NRT",304.07,7.56,"D"
"815",64.8605,110.2141,337.56,0.42,0.38,"2026-07-09",512,"N20","nominal","2.0NRT",299.24,3.31,"D"
"816",35.03085,136.88618,328.79,0.79,0.78,"2026-07-09",504,"N20","nominal","2.0NRT",294.04,9.6,"D"
"817",64.85944,110.20547,327.37,0.42,0.38,"2026-07-09",512,"N20","nominal","2.0NRT",290,3.31,"D"
"818",33.64605,119.1157,333.95,0.39,0.36,"2026-07-09",504,"N20","low","2.0NRT",300.51,5.25,"D"
"819",64.86385,110.21182,343.16,0.42,0.38,"2026-07-09",512,"N20","nominal","2.0NRT",295.67,3.31,"D"
"820",33.17552,116.16291,336.62,0.49,0.4,"2026-07-09",504,"N20","nominal","2.0NRT",299.66,3.39,"D"
"821",64.86279,110.2032,335.83,0.42,0.38,"2026-07-09",512,"N20","nominal","2.0NRT",293.3,3.31,"D"
"822",33.18044,115.98542,334.81,0.5,0.41,"2026-07-09",504,"N20","nominal","2.0NRT",301.74,2.79,"D"
"823",64.86826,110.21815,354.84,0.42,0.38,"2026-07-09",512,"N20","nominal","2.0NRT",301.43,14.37,"D"
"824",33.66055,118.61053,330.29,0.4,0.37,"2026-07-09",504,"N20","low","2.0NRT",299.72,11.41,"D"
"825",64.86721,110.20955,356.05,0.42,0.38,"2026-07-09",512,"N20","nominal","2.0NRT",304.51,23.26,"D"
"826",33.18135,115.98236,336.92,0.5,0.41,"2026-07-09",504,"N20","nominal","2.0NRT",302.39,3.03,"D"
"827",64.86615,110.20094,345.38,0.42,0.38,"2026-07-09",512,"N20","nominal","2.0NRT",304.55,23.26,"D"
"828",32.95422,114.58568,331.08,0.39,0.44,"2026-07-09",504,"N20","low","2.0NRT",302.03,3.13,"D"
"829",64.87056,110.20728,350.15,0.42,0.38,"2026-07-09",512,"N20","nominal","2.0NRT",297.7,23.26,"D"
"830",32.95338,114.58155,332.23,0.39,0.44,"2026-07-09",504,"N20","low","2.0NRT",302.62,3.13,"D"
"831",64.87602,110.2222,337.16,0.42,0.38,"2026-07-09",512,"N20","nominal","2.0NRT",291.77,3.45,"D"
"832",33.76506,118.3979,332.21,0.41,0.37,"2026-07-09",504,"N20","low","2.0NRT",302.04,5.75,"D"
"833",64.87498,110.21361,341.33,0.42,0.38,"2026-07-09",512,"N20","nominal","2.0NRT",294.07,3.45,"D"
"834",33.89906,118.96987,331.72,0.39,0.37,"2026-07-09",504,"N20","low","2.0NRT",299.85,1.82,"D"
"835",64.89465,110.28501,338.75,0.42,0.38,"2026-07-09",512,"N20","nominal","2.0NRT",291.24,2.9,"D"
"836",33.49358,116.16199,333.76,0.49,0.4,"2026-07-09",504,"N20","nominal","2.0NRT",301.97,5.47,"D"
"837",58.71669,84.54941,367,0.55,0.68,"2026-07-09",512,"N20","high","2.0NRT",292.48,14.53,"D"
"838",33.89917,118.35767,330.32,0.41,0.37,"2026-07-09",504,"N20","low","2.0NRT",299.94,1.54,"D"
"839",58.71984,84.55697,355.89,0.55,0.68,"2026-07-09",512,"N20","nominal","2.0NRT",288.7,14.53,"D"
"840",33.88629,118.22028,367,0.41,0.37,"2026-07-09",504,"N20","high","2.0NRT",303.97,23.48,"D"
"841",58.71704,84.55531,367,0.55,0.68,"2026-07-09",512,"N20","high","2.0NRT",291.39,13,"D"
"842",33.85238,118.02255,337.85,0.41,0.37,"2026-07-09",504,"N20","low","2.0NRT",301.41,5.01,"D"
"843",58.71386,84.54782,367,0.55,0.68,"2026-07-09",512,"N20","high","2.0NRT",290.3,13,"D"
"844",33.96317,118.4681,340.83,0.4,0.37,"2026-07-09",504,"N20","low","2.0NRT",301.3,5.69,"D"
"845",58.98551,84.98708,330.03,0.52,0.67,"2026-07-09",512,"N20","nominal","2.0NRT",285.99,12.16,"D"
"846",33.96453,118.46884,349.53,0.4,0.37,"2026-07-09",504,"N20","low","2.0NRT",301.94,17.6,"D"
"847",58.99334,84.98686,355.94,0.52,0.67,"2026-07-09",512,"N20","low","2.0NRT",288.41,12.65,"D"
"848",34.06738,118.32748,332.51,0.41,0.37,"2026-07-09",504,"N20","low","2.0NRT",299,6.62,"D"
"849",58.99991,84.9063,334.89,0.52,0.67,"2026-07-09",512,"N20","nominal","2.0NRT",282.31,5.83,"D"
"850",33.34754,114.0444,331.2,0.41,0.45,"2026-07-09",504,"N20","nominal","2.0NRT",298.25,3.22,"D"
"851",59.02538,84.9492,335.88,0.52,0.67,"2026-07-09",512,"N20","nominal","2.0NRT",286.5,7.95,"D"
"852",33.79666,116.22261,332.48,0.48,0.4,"2026-07-09",504,"N20","nominal","2.0NRT",301.37,2.13,"D"
"853",59.02729,84.93455,367,0.52,0.67,"2026-07-09",512,"N20","high","2.0NRT",291.07,7.73,"D"
"854",33.86052,116.27991,330.17,0.48,0.4,"2026-07-09",504,"N20","low","2.0NRT",300.67,2.15,"D"
"855",59.03022,84.94173,343.53,0.52,0.67,"2026-07-09",512,"N20","nominal","2.0NRT",286.49,7.73,"D"
"856",33.50842,114.24926,330.42,0.4,0.44,"2026-07-09",504,"N20","nominal","2.0NRT",299.9,2.52,"D"
"857",59.02436,84.92738,338.56,0.52,0.67,"2026-07-09",512,"N20","nominal","2.0NRT",287.1,11.17,"D"
"858",33.53688,114.18262,336.04,0.4,0.44,"2026-07-09",504,"N20","nominal","2.0NRT",300.04,2.65,"D"
"859",59.03807,84.94162,344.77,0.52,0.67,"2026-07-09",512,"N20","nominal","2.0NRT",286.97,9.36,"D"
"860",34.00468,116.42319,331.64,0.47,0.4,"2026-07-09",504,"N20","low","2.0NRT",302.36,4.9,"D"
"861",59.03511,84.93436,337.58,0.52,0.67,"2026-07-09",512,"N20","nominal","2.0NRT",288.9,7.73,"D"
"862",34.01274,116.42623,332.7,0.47,0.4,"2026-07-09",504,"N20","nominal","2.0NRT",301.87,3.8,"D"
"863",59.03218,84.92716,331.8,0.52,0.67,"2026-07-09",512,"N20","nominal","2.0NRT",286.3,7.73,"D"
"864",34.01182,116.42126,330.55,0.47,0.4,"2026-07-09",504,"N20","low","2.0NRT",303.11,3.8,"D"
"865",59.02923,84.91994,349.41,0.52,0.67,"2026-07-09",512,"N20","nominal","2.0NRT",284.42,11.17,"D"
"866",33.95533,116.11842,334.66,0.48,0.4,"2026-07-09",504,"N20","nominal","2.0NRT",301.15,3.35,"D"
"867",59.02332,84.90546,327.18,0.52,0.67,"2026-07-09",512,"N20","nominal","2.0NRT",286.21,12.57,"D"
"868",34.31031,117.75226,333.07,0.42,0.37,"2026-07-09",504,"N20","low","2.0NRT",301.45,5.95,"D"
"869",59.02628,84.9127,356.46,0.52,0.67,"2026-07-09",512,"N20","low","2.0NRT",288.65,11.17,"D"
"870",34.39058,117.9501,333.58,0.41,0.37,"2026-07-09",504,"N20","low","2.0NRT",299.41,8.5,"D"
"871",59.03702,84.91967,333.76,0.52,0.67,"2026-07-09",512,"N20","nominal","2.0NRT",288.38,7.4,"D"
"872",34.40222,117.95641,331.96,0.41,0.37,"2026-07-09",504,"N20","low","2.0NRT",303.32,5.54,"D"
"873",59.03406,84.91241,334.9,0.52,0.67,"2026-07-09",512,"N20","nominal","2.0NRT",285.11,4.76,"D"
"874",34.32986,117.40429,344,0.43,0.38,"2026-07-09",504,"N20","low","2.0NRT",301.95,6.84,"D"
"875",59.03112,84.9052,333.08,0.52,0.67,"2026-07-09",512,"N20","nominal","2.0NRT",286.81,4.76,"D"
"876",34.33867,117.37326,335.59,0.43,0.38,"2026-07-09",504,"N20","low","2.0NRT",300.27,1.95,"D"
"877",59.04483,84.91946,347.1,0.52,0.67,"2026-07-09",512,"N20","nominal","2.0NRT",288.41,7.4,"D"
"878",33.743,114.17376,332.51,0.4,0.44,"2026-07-09",504,"N20","nominal","2.0NRT",296.97,4.43,"D"
"879",59.02349,84.94302,341.1,0.52,0.67,"2026-07-09",512,"N20","nominal","2.0NRT",290.66,9.34,"D"
"880",34.20821,116.15383,331.71,0.48,0.4,"2026-07-09",504,"N20","nominal","2.0NRT",301.14,4.74,"D"
"881",59.02835,84.93559,367,0.52,0.67,"2026-07-09",512,"N20","high","2.0NRT",290.92,9.34,"D"
"882",33.81831,113.67671,332.61,0.42,0.45,"2026-07-09",504,"N20","nominal","2.0NRT",297.78,2.15,"D"
"883",59.03132,84.94275,339.21,0.52,0.67,"2026-07-09",512,"N20","nominal","2.0NRT",286,11.81,"D"
"884",34.43645,115.5862,331.25,0.5,0.41,"2026-07-09",504,"N20","nominal","2.0NRT",301,2.9,"D"
"885",59.02541,84.92847,340.88,0.52,0.67,"2026-07-09",512,"N20","nominal","2.0NRT",287.23,9.34,"D"
"886",33.90357,112.91885,332.62,0.46,0.47,"2026-07-09",504,"N20","nominal","2.0NRT",300.44,4.36,"D"
"887",59.02245,84.92133,339.59,0.52,0.67,"2026-07-09",512,"N20","nominal","2.0NRT",286.98,5.5,"D"
"888",34.71111,116.66343,335.35,0.45,0.39,"2026-07-09",504,"N20","low","2.0NRT",303.13,5.78,"D"
"889",59.01948,84.91417,325.11,0.52,0.67,"2026-07-09",512,"N20","nominal","2.0NRT",285.65,5.5,"D"
"890",34.00378,112.96478,332.28,0.46,0.47,"2026-07-09",504,"N20","nominal","2.0NRT",301.44,3.24,"D"
"891",59.01649,84.90697,329.91,0.52,0.67,"2026-07-09",512,"N20","nominal","2.0NRT",284.35,5.99,"D"
"892",34.81154,116.81403,331.14,0.44,0.38,"2026-07-09",504,"N20","low","2.0NRT",299.12,1.83,"D"
"893",59.0392,84.94261,335.33,0.52,0.67,"2026-07-09",512,"N20","nominal","2.0NRT",285.69,7.22,"D"
"894",34.85581,117.03889,332.6,0.43,0.38,"2026-07-09",504,"N20","low","2.0NRT",302.6,8.34,"D"
"895",59.03623,84.93541,332.44,0.52,0.67,"2026-07-09",512,"N20","nominal","2.0NRT",289.34,7.22,"D"
"896",34.58803,115.54131,336.5,0.5,0.41,"2026-07-09",504,"N20","nominal","2.0NRT",303.08,6.61,"D"
"897",59.03029,84.92108,329.77,0.52,0.67,"2026-07-09",512,"N20","nominal","2.0NRT",284.11,6.75,"D"
"898",34.84908,116.55947,331.47,0.45,0.39,"2026-07-09",504,"N20","low","2.0NRT",300.18,2.6,"D"
"899",59.02434,84.90669,340.15,0.52,0.67,"2026-07-09",512,"N20","nominal","2.0NRT",286.7,7.72,"D"
"900",34.95652,117.02849,332.64,0.43,0.38,"2026-07-09",504,"N20","low","2.0NRT",301.81,8.53,"D"
"901",59.02731,84.91388,356.19,0.52,0.67,"2026-07-09",512,"N20","low","2.0NRT",287.39,7.72,"D"
"902",34.78414,116.05235,333.49,0.47,0.4,"2026-07-09",504,"N20","nominal","2.0NRT",300.7,4.57,"D"
"903",59.03812,84.9208,335.96,0.52,0.67,"2026-07-09",512,"N20","nominal","2.0NRT",288.65,6.75,"D"
"904",34.38131,113.95726,336.89,0.4,0.44,"2026-07-09",504,"N20","nominal","2.0NRT",295.95,5.96,"D"
"905",59.03513,84.91358,327.59,0.52,0.67,"2026-07-09",512,"N20","nominal","2.0NRT",286.18,6.75,"D"
"906",34.38265,113.94338,339.38,0.4,0.44,"2026-07-09",504,"N20","nominal","2.0NRT",297.15,7.16,"D"
"907",59.03216,84.90639,337.39,0.52,0.67,"2026-07-09",512,"N20","nominal","2.0NRT",285.83,7.72,"D"
"908",34.38177,113.93916,340.04,0.4,0.44,"2026-07-09",504,"N20","nominal","2.0NRT",297.8,6.27,"D"
"909",59.04596,84.92056,336.04,0.52,0.67,"2026-07-09",512,"N20","nominal","2.0NRT",288.01,7.76,"D"
"910",34.39973,114.00554,338.94,0.4,0.44,"2026-07-09",504,"N20","nominal","2.0NRT",296.46,3.3,"D"
"911",58.78906,83.69273,367,0.58,0.7,"2026-07-09",514,"N20","high","2.0NRT",291.08,19.66,"D"
"912",34.39101,113.96333,335.73,0.4,0.44,"2026-07-09",504,"N20","nominal","2.0NRT",297.79,3.92,"D"
"913",58.78691,83.7,332.3,0.58,0.69,"2026-07-09",514,"N20","nominal","2.0NRT",287.26,5.84,"D"
"914",34.39013,113.95911,340.46,0.4,0.44,"2026-07-09",504,"N20","nominal","2.0NRT",296.46,3.92,"D"
"915",58.78355,83.69223,325.06,0.58,0.7,"2026-07-09",514,"N20","nominal","2.0NRT",288.79,5.84,"D"
"916",34.38662,113.94218,340.7,0.4,0.44,"2026-07-09",504,"N20","nominal","2.0NRT",296.79,4.14,"D"
"917",58.79192,83.69217,347.24,0.58,0.69,"2026-07-09",514,"N20","nominal","2.0NRT",286.12,5.84,"D"
"918",34.38575,113.93797,337.2,0.4,0.44,"2026-07-09",504,"N20","nominal","2.0NRT",297.75,4.48,"D"
"919",58.78857,83.68444,331.25,0.58,0.7,"2026-07-09",514,"N20","nominal","2.0NRT",286.71,5.84,"D"
"920",34.38487,113.93372,337.97,0.4,0.44,"2026-07-09",504,"N20","nominal","2.0NRT",297.79,4.48,"D"
"921",62.33682,83.03247,348.6,0.41,0.61,"2026-07-09",514,"N20","nominal","2.0NRT",293.73,19.63,"D"
"922",34.39846,113.97903,338.7,0.4,0.44,"2026-07-09",504,"N20","nominal","2.0NRT",296.57,6,"D"
"923",62.33921,83.03845,356.23,0.41,0.61,"2026-07-09",514,"N20","low","2.0NRT",298.1,19.63,"D"
"924",34.39148,113.94521,336.55,0.4,0.44,"2026-07-09",504,"N20","nominal","2.0NRT",297.71,4.14,"D"
"925",62.34353,83.03074,367,0.41,0.61,"2026-07-09",514,"N20","high","2.0NRT",294.2,19.63,"D"
"926",34.40331,113.98206,336.8,0.4,0.44,"2026-07-09",504,"N20","nominal","2.0NRT",295.15,2.51,"D"
"927",62.34596,83.03687,327.43,0.41,0.61,"2026-07-09",514,"N20","nominal","2.0NRT",290.74,18.67,"D"
"928",34.40244,113.97783,335.25,0.4,0.44,"2026-07-09",504,"N20","nominal","2.0NRT",296.43,3.44,"D"
"929",62.42641,83.1102,334.1,0.4,0.6,"2026-07-09",514,"N20","nominal","2.0NRT",290.86,13.81,"D"
"930",34.40157,113.97364,336.33,0.4,0.44,"2026-07-09",504,"N20","nominal","2.0NRT",295.72,3.44,"D"
"931",62.42404,83.10418,356.93,0.4,0.6,"2026-07-09",514,"N20","low","2.0NRT",286.53,13.81,"D"
"932",35.02644,116.90882,330.49,0.44,0.38,"2026-07-09",504,"N20","nominal","2.0NRT",300.32,2.74,"D"
"933",62.43304,83.10843,367,0.4,0.6,"2026-07-09",514,"N20","high","2.0NRT",295.62,31.91,"D"
"934",34.48089,113.90588,338.7,0.4,0.44,"2026-07-09",504,"N20","nominal","2.0NRT",297.61,3.5,"D"
"935",62.43069,83.10248,345.33,0.4,0.6,"2026-07-09",514,"N20","nominal","2.0NRT",306.11,13.81,"D"
"936",35.4076,117.88615,336.94,0.41,0.37,"2026-07-09",504,"N20","low","2.0NRT",303.82,7.97,"D"
"937",62.42839,83.0966,347.26,0.4,0.6,"2026-07-09",514,"N20","nominal","2.0NRT",292.5,13.81,"D"
"938",34.69901,113.50816,330.08,0.41,0.45,"2026-07-09",504,"N20","low","2.0NRT",303.48,4.44,"D"
"939",62.42675,83.11111,330.58,0.4,0.6,"2026-07-09",514,"N20","nominal","2.0NRT",290.52,5.7,"D"
"940",34.7597,113.77533,331.39,0.4,0.44,"2026-07-09",504,"N20","low","2.0NRT",302.78,2.52,"D"
"941",62.42197,83.09915,331.62,0.4,0.6,"2026-07-09",514,"N20","nominal","2.0NRT",285.8,6.49,"D"
"942",34.7588,113.77107,335.58,0.4,0.44,"2026-07-09",504,"N20","nominal","2.0NRT",303.77,2.52,"D"
"943",62.42436,83.10512,356.17,0.4,0.6,"2026-07-09",514,"N20","low","2.0NRT",289.83,6.49,"D"
"944",35.53709,117.71622,334.07,0.41,0.37,"2026-07-09",504,"N20","low","2.0NRT",304.24,6.31,"D"
"945",62.43341,83.10932,367,0.4,0.6,"2026-07-09",514,"N20","high","2.0NRT",293.76,25.23,"D"
"946",35.69044,117.99506,332.46,0.4,0.37,"2026-07-09",504,"N20","low","2.0NRT",296.17,7.83,"D"
"947",62.43104,83.10339,352.71,0.4,0.6,"2026-07-09",514,"N20","nominal","2.0NRT",304.71,25.23,"D"
"948",34.79647,113.264,335.63,0.43,0.46,"2026-07-09",504,"N20","nominal","2.0NRT",297.83,2.58,"D"
"949",62.42871,83.09754,349.52,0.4,0.6,"2026-07-09",514,"N20","nominal","2.0NRT",292.25,20.76,"D"
"950",34.80053,113.26263,337.19,0.43,0.46,"2026-07-09",504,"N20","nominal","2.0NRT",298.91,2.58,"D"
"951",62.44271,83.04019,339.76,0.4,0.6,"2026-07-09",514,"N20","nominal","2.0NRT",289.43,6.05,"D"
"952",34.70407,112.40952,330.68,0.47,0.48,"2026-07-09",504,"N20","nominal","2.0NRT",298.72,3.42,"D"
"953",62.44029,83.0341,345.81,0.4,0.6,"2026-07-09",514,"N20","nominal","2.0NRT",290.52,5.85,"D"
"954",35.00462,113.64693,335.99,0.4,0.44,"2026-07-09",504,"N20","nominal","2.0NRT",299.49,3.9,"D"
"955",62.43787,83.02802,343.45,0.4,0.6,"2026-07-09",514,"N20","nominal","2.0NRT",291.15,5.85,"D"
"956",35.08407,113.9106,330.22,0.39,0.44,"2026-07-09",504,"N20","nominal","2.0NRT",299.63,2.16,"D"
"957",60.58329,78.7386,326.34,0.63,0.72,"2026-07-09",514,"N20","nominal","2.0NRT",289.2,6,"D"
"958",34.99966,112.95305,343.92,0.44,0.46,"2026-07-09",504,"N20","nominal","2.0NRT",302.48,3.83,"D"
"959",63.02396,81.38097,333.15,0.42,0.61,"2026-07-09",514,"N20","nominal","2.0NRT",288.21,3.6,"D"
"960",35.00061,112.95537,342.54,0.44,0.46,"2026-07-09",504,"N20","nominal","2.0NRT",301.5,5.11,"D"
"961",63.06393,81.34836,331.89,0.41,0.61,"2026-07-09",514,"N20","nominal","2.0NRT",287.58,4.73,"D"
"962",35.27385,114.06378,330.27,0.57,0.43,"2026-07-09",504,"N20","low","2.0NRT",303.37,4.77,"D"
"963",63.07727,81.28808,325.18,0.41,0.61,"2026-07-09",514,"N20","nominal","2.0NRT",286.1,2.72,"D"
"964",35.27259,114.05767,330.2,0.57,0.43,"2026-07-09",504,"N20","low","2.0NRT",303.78,4.77,"D"
"965",63.04797,81.19805,337.59,0.42,0.61,"2026-07-09",514,"N20","nominal","2.0NRT",287.74,4.87,"D"
"966",35.97812,117.57031,332.09,0.41,0.37,"2026-07-09",504,"N20","low","2.0NRT",302.23,3.64,"D"
"967",63.17216,81.46519,337.69,0.41,0.6,"2026-07-09",514,"N20","nominal","2.0NRT",291.81,4.57,"D"
"968",35.92271,117.0313,331.11,0.42,0.38,"2026-07-09",504,"N20","low","2.0NRT",300.58,2.87,"D"
"969",63.17629,81.45683,330.63,0.41,0.6,"2026-07-09",514,"N20","nominal","2.0NRT",291.83,3.18,"D"
"970",35.04587,112.53561,334.82,0.46,0.47,"2026-07-09",504,"N20","nominal","2.0NRT",302.03,5.06,"D"
"971",63.17396,81.45108,337.88,0.41,0.6,"2026-07-09",514,"N20","nominal","2.0NRT",291.82,3.18,"D"
"972",35.12483,112.56717,334.26,0.46,0.47,"2026-07-09",504,"N20","nominal","2.0NRT",303.67,4.13,"D"
"973",63.18275,81.4542,325.57,0.41,0.6,"2026-07-09",514,"N20","nominal","2.0NRT",293.05,5.92,"D"
"974",35.43121,113.81657,331.11,0.39,0.44,"2026-07-09",504,"N20","low","2.0NRT",301.71,3.67,"D"
"975",63.18043,81.44847,328.57,0.41,0.6,"2026-07-09",514,"N20","nominal","2.0NRT",290.06,3.18,"D"
"976",35.49704,113.79228,330.8,0.39,0.44,"2026-07-09",504,"N20","nominal","2.0NRT",297.92,1.57,"D"
"977",63.17236,81.4669,328.22,0.41,0.6,"2026-07-09",514,"N20","nominal","2.0NRT",291.6,3.94,"D"
"978",36.19487,116.96657,367,0.42,0.38,"2026-07-09",504,"N20","high","2.0NRT",300.47,11.06,"D"
"979",63.16996,81.46107,327.01,0.41,0.6,"2026-07-09",514,"N20","nominal","2.0NRT",292.07,4.27,"D"
"980",36.71608,118.91969,335.97,0.39,0.36,"2026-07-09",504,"N20","nominal","2.0NRT",298.78,4.16,"D"
"981",63.17646,81.45846,326.15,0.41,0.6,"2026-07-09",514,"N20","nominal","2.0NRT",291.66,3.94,"D"
"982",33.45303,104.37135,334.69,0.71,0.75,"2026-07-09",504,"N20","nominal","2.0NRT",286.25,7.6,"D"
"983",63.17416,81.45285,345.6,0.41,0.6,"2026-07-09",514,"N20","nominal","2.0NRT",292.19,4.27,"D"
"984",36.21809,115.83942,340.18,0.46,0.39,"2026-07-09",504,"N20","nominal","2.0NRT",302.82,6.11,"D"
"985",63.18065,81.45024,329.36,0.41,0.6,"2026-07-09",514,"N20","nominal","2.0NRT",290.4,5.99,"D"
"986",33.45543,104.37291,326.67,0.71,0.75,"2026-07-09",504,"N20","nominal","2.0NRT",285.8,5.86,"D"
"987",63.74582,81.03385,329.42,0.39,0.59,"2026-07-09",514,"N20","nominal","2.0NRT",288.99,2.33,"D"
"988",35.403,111.29902,330.72,0.52,0.5,"2026-07-09",504,"N20","low","2.0NRT",305.46,5.73,"D"
"989",63.94637,80.83401,335.29,0.38,0.59,"2026-07-09",514,"N20","nominal","2.0NRT",289.02,4.27,"D"
"990",36.69218,117.10034,330.61,0.41,0.37,"2026-07-09",504,"N20","low","2.0NRT",302.7,3.98,"D"
"991",62.38942,76.63586,333.81,0.57,0.69,"2026-07-09",514,"N20","nominal","2.0NRT",291.59,2.95,"D"
"992",36.65238,116.87543,338.72,0.42,0.38,"2026-07-09",504,"N20","low","2.0NRT",300.9,5.79,"D"
"993",62.87545,76.77763,328.41,0.54,0.67,"2026-07-09",514,"N20","nominal","2.0NRT",293.68,2.1,"D"
"994",36.60194,116.2147,334.36,0.44,0.38,"2026-07-09",504,"N20","low","2.0NRT",304.45,7.43,"D"
"995",62.9852,76.9713,344.03,0.52,0.67,"2026-07-09",514,"N20","nominal","2.0NRT",293.18,8.25,"D"
"996",36.85261,117.60351,337.77,0.4,0.37,"2026-07-09",504,"N20","low","2.0NRT",303.76,6.95,"D"
"997",62.98667,76.97373,354.22,0.52,0.67,"2026-07-09",514,"N20","nominal","2.0NRT",292.51,7.92,"D"
"998",36.85927,117.60169,333.96,0.4,0.37,"2026-07-09",504,"N20","low","2.0NRT",303.27,5.05,"D"
"999",64.34806,79.98085,346.28,0.38,0.59,"2026-07-09",514,"N20","nominal","2.0NRT",288.31,3.59,"D"
"1000",36.85852,117.59729,341.41,0.4,0.37,"2026-07-09",504,"N20","low","2.0NRT",301.87,2.6,"D"
"1001",63.06033,76.69234,328.54,0.53,0.67,"2026-07-09",514,"N20","nominal","2.0NRT",289.28,2.62,"D"
"1002",36.86185,117.59637,332.35,0.4,0.37,"2026-07-09",504,"N20","low","2.0NRT",302.3,5.01,"D"
"1003",66.65783,80.46473,340.83,0.58,0.52,"2026-07-09",514,"N20","nominal","2.0NRT",289.16,5.4,"D"
"1004",36.86037,117.58754,337.23,0.4,0.37,"2026-07-09",504,"N20","low","2.0NRT",307.96,16.21,"D"
"1005",66.66847,80.45773,341.41,0.58,0.52,"2026-07-09",514,"N20","nominal","2.0NRT",289.41,4.57,"D"
"1006",36.86594,117.59991,330.63,0.4,0.37,"2026-07-09",504,"N20","low","2.0NRT",301.64,3.7,"D"
"1007",66.71812,80.50281,329.4,0.57,0.52,"2026-07-09",514,"N20","nominal","2.0NRT",288.82,4.28,"D"
"1008",36.86444,117.59101,346.53,0.4,0.37,"2026-07-09",504,"N20","low","2.0NRT",303.73,5.01,"D"
"1009",66.6674,80.4538,344.73,0.58,0.52,"2026-07-09",514,"N20","nominal","2.0NRT",289.4,5.65,"D"
"1010",36.87451,117.63013,336.19,0.4,0.37,"2026-07-09",504,"N20","low","2.0NRT",301.93,8.85,"D"
"1011",66.71735,80.49837,329.46,0.57,0.52,"2026-07-09",514,"N20","nominal","2.0NRT",289.23,3.29,"D"
"1012",36.88763,117.63733,330.27,0.4,0.37,"2026-07-09",504,"N20","low","2.0NRT",302.72,2.36,"D"
"1013",66.70656,80.45174,340.08,0.57,0.52,"2026-07-09",514,"N20","nominal","2.0NRT",291.1,17.12,"D"
"1014",36.9293,117.71891,334.73,0.4,0.37,"2026-07-09",504,"N20","low","2.0NRT",301.39,5.16,"D"
"1015",66.7313,80.42918,331.94,0.57,0.52,"2026-07-09",514,"N20","nominal","2.0NRT",289.41,3.55,"D"
"1016",36.93188,117.71362,333.05,0.4,0.37,"2026-07-09",504,"N20","low","2.0NRT",301.43,5.16,"D"
"1017",69.36842,88.11893,342.48,0.48,0.4,"2026-07-09",514,"N20","nominal","2.0NRT",299.76,26.2,"D"
"1018",36.93521,117.71275,330.59,0.4,0.37,"2026-07-09",504,"N20","low","2.0NRT",304.58,3.39,"D"
"1019",68.4138,83.62766,341.43,0.42,0.45,"2026-07-09",514,"N20","nominal","2.0NRT",276.52,4.57,"D"
"1020",36.93446,117.70833,336.86,0.4,0.37,"2026-07-09",504,"N20","low","2.0NRT",303.85,4.72,"D"
"1021",68.60188,80.39975,337.56,0.46,0.47,"2026-07-09",516,"N20","nominal","2.0NRT",271.59,4.8,"D"
"1022",36.9437,117.70128,332.49,0.4,0.37,"2026-07-09",504,"N20","low","2.0NRT",303.77,4.98,"D"
"1023",68.65333,57.7011,328,0.49,0.65,"2026-07-09",516,"N20","nominal","2.0NRT",284.66,3.15,"D"
"1024",36.94628,117.69599,336.19,0.4,0.37,"2026-07-09",504,"N20","low","2.0NRT",303.99,4.46,"D"
"1025",68.16654,55.36149,336.64,0.56,0.69,"2026-07-09",518,"N20","nominal","2.0NRT",289.3,3.69,"D"
"1026",36.91676,117.48081,338.63,0.4,0.37,"2026-07-09",504,"N20","nominal","2.0NRT",301.19,3.21,"D"
"1027",68.1675,55.36978,327.6,0.56,0.69,"2026-07-09",518,"N20","nominal","2.0NRT",288.23,3.51,"D"
"1028",36.81906,116.73428,334.21,0.42,0.38,"2026-07-09",504,"N20","low","2.0NRT",303.6,4.36,"D"
"1029",36.88837,116.98876,334.44,0.41,0.37,"2026-07-09",504,"N20","low","2.0NRT",304.79,9.96,"D"
"1030",37.03144,117.63378,336.58,0.4,0.37,"2026-07-09",504,"N20","low","2.0NRT",301.78,5.6,"D"
"1031",37.04218,117.6356,333.15,0.4,0.37,"2026-07-09",504,"N20","low","2.0NRT",302.21,8.95,"D"
"1032",36.55582,114.10917,332.53,0.54,0.42,"2026-07-09",504,"N20","low","2.0NRT",302.89,4.18,"D"
"1033",36.45779,113.11676,344.31,0.4,0.44,"2026-07-09",504,"N20","nominal","2.0NRT",308.7,8.07,"D"
"1034",37.17585,116.83144,341.81,0.42,0.37,"2026-07-09",504,"N20","low","2.0NRT",303.93,7.34,"D"
"1035",37.33169,117.59082,335.48,0.4,0.37,"2026-07-09",504,"N20","low","2.0NRT",303.61,7.95,"D"
"1036",37.33094,117.58638,344.64,0.4,0.37,"2026-07-09",504,"N20","low","2.0NRT",303.06,7.95,"D"
"1037",37.49007,117.55061,335.54,0.4,0.37,"2026-07-09",504,"N20","low","2.0NRT",303.43,3.6,"D"
"1038",37.40263,116.95615,336.13,0.41,0.37,"2026-07-09",504,"N20","low","2.0NRT",303.4,3.04,"D"
"1039",37.51173,116.34866,337.31,0.43,0.38,"2026-07-09",504,"N20","low","2.0NRT",303.64,5.48,"D"
"1040",37.76409,117.53717,338.8,0.4,0.37,"2026-07-09",504,"N20","nominal","2.0NRT",301.02,2.05,"D"
"1041",37.66838,116.27803,367,0.43,0.38,"2026-07-09",504,"N20","high","2.0NRT",303.56,12.83,"D"
"1042",37.09036,112.01204,331.68,0.44,0.46,"2026-07-09",506,"N20","low","2.0NRT",306.27,5.19,"D"
"1043",38.11995,117.11459,334.1,0.4,0.37,"2026-07-09",506,"N20","low","2.0NRT",304.68,6.8,"D"
"1044",38.13026,117.15438,334.19,0.4,0.37,"2026-07-09",506,"N20","low","2.0NRT",302.89,9.46,"D"
"1045",38.13818,117.11909,332.11,0.4,0.37,"2026-07-09",506,"N20","low","2.0NRT",304.48,4.2,"D"
"1046",38.1374,117.11455,331.11,0.4,0.37,"2026-07-09",506,"N20","low","2.0NRT",303.88,6.63,"D"
"1047",38.28406,117.80322,333.1,0.39,0.36,"2026-07-09",506,"N20","low","2.0NRT",304.82,4.1,"D"
"1048",38.29314,117.83768,346.13,0.39,0.36,"2026-07-09",506,"N20","nominal","2.0NRT",306.09,8.23,"D"
"1049",38.28663,117.79794,335.38,0.39,0.36,"2026-07-09",506,"N20","low","2.0NRT",309.14,4.1,"D"
"1050",37.31433,112.47696,330.39,0.41,0.45,"2026-07-09",506,"N20","low","2.0NRT",303.46,2.18,"D"
"1051",38.31784,117.75739,333.02,0.39,0.36,"2026-07-09",506,"N20","low","2.0NRT",304.88,4.35,"D"
"1052",37.18089,111.80173,331.09,0.45,0.47,"2026-07-09",506,"N20","low","2.0NRT",305.77,3.17,"D"
"1053",38.48818,117.26401,331.96,0.4,0.37,"2026-07-09",506,"N20","low","2.0NRT",304.61,3.72,"D"
"1054",37.57555,112.26504,338.47,0.42,0.45,"2026-07-09",506,"N20","nominal","2.0NRT",307.03,7.12,"D"
"1055",38.63285,116.92915,331.84,0.4,0.37,"2026-07-09",506,"N20","low","2.0NRT",305.94,4.6,"D"
"1056",38.64442,116.93549,333.09,0.4,0.37,"2026-07-09",506,"N20","low","2.0NRT",305.49,4.49,"D"
"1057",38.77916,117.10338,334.96,0.4,0.37,"2026-07-09",506,"N20","low","2.0NRT",308.48,8.33,"D"
"1058",38.38779,114.93841,335.04,0.46,0.39,"2026-07-09",506,"N20","nominal","2.0NRT",302.88,7.52,"D"
"1059",37.9082,112.54384,332.32,0.4,0.44,"2026-07-09",506,"N20","low","2.0NRT",305.35,4.01,"D"
"1060",37.92989,112.54601,332.8,0.4,0.44,"2026-07-09",506,"N20","low","2.0NRT",305.52,2.13,"D"
"1061",37.93874,112.54778,335.28,0.4,0.44,"2026-07-09",506,"N20","nominal","2.0NRT",303.69,4.12,"D"
"1062",38.3898,114.49546,331.77,0.48,0.4,"2026-07-09",506,"N20","low","2.0NRT",303.74,6.24,"D"
"1063",38.88041,117.05363,336.58,0.4,0.37,"2026-07-09",506,"N20","nominal","2.0NRT",301.9,2.11,"D"
"1064",39.2264,117.54508,333.27,0.39,0.36,"2026-07-09",506,"N20","low","2.0NRT",306.56,4.34,"D"
"1065",39.43467,118.46596,349.86,0.38,0.36,"2026-07-09",506,"N20","nominal","2.0NRT",306.66,5.85,"D"
"1066",39.43398,118.46155,342.55,0.38,0.36,"2026-07-09",506,"N20","nominal","2.0NRT",307.28,5.51,"D"
"1067",39.46588,118.25092,332.94,0.38,0.36,"2026-07-09",506,"N20","low","2.0NRT",307.52,5.23,"D"
"1068",39.59512,118.46683,337.14,0.38,0.36,"2026-07-09",506,"N20","low","2.0NRT",310.23,4.91,"D"
"1069",39.66401,118.8958,339.48,0.38,0.36,"2026-07-09",506,"N20","nominal","2.0NRT",308.44,3.76,"D"
"1070",39.60959,118.47231,338.46,0.38,0.36,"2026-07-09",506,"N20","low","2.0NRT",311.31,6.99,"D"
"1071",39.61287,118.47146,341.97,0.38,0.36,"2026-07-09",506,"N20","low","2.0NRT",315,3.25,"D"
"1072",39.60554,118.35823,340.13,0.38,0.36,"2026-07-09",506,"N20","nominal","2.0NRT",308.07,7.76,"D"
"1073",39.58718,118.19707,336.76,0.38,0.36,"2026-07-09",506,"N20","low","2.0NRT",309.78,3.82,"D"
"1074",39.63237,118.44339,333.46,0.38,0.36,"2026-07-09",506,"N20","low","2.0NRT",305.66,1.99,"D"
"1075",39.70136,118.87254,334.46,0.38,0.36,"2026-07-09",506,"N20","low","2.0NRT",305.21,1.9,"D"
"1076",39.70069,118.8681,330.99,0.38,0.36,"2026-07-09",506,"N20","low","2.0NRT",305.31,1.9,"D"
"1077",39.61052,117.95655,341.02,0.39,0.36,"2026-07-09",506,"N20","low","2.0NRT",311.13,5.05,"D"
"1078",39.60982,117.9521,337.46,0.39,0.36,"2026-07-09",506,"N20","low","2.0NRT",309.73,5.05,"D"
"1079",39.64311,117.75468,335.47,0.39,0.36,"2026-07-09",506,"N20","low","2.0NRT",310.24,4.87,"D"
"1080",39.68567,117.7851,336.5,0.39,0.36,"2026-07-09",506,"N20","low","2.0NRT",308.52,3.87,"D"
"1081",39.75484,118.09128,337.05,0.38,0.36,"2026-07-09",506,"N20","nominal","2.0NRT",303.83,4.05,"D"
"1082",39.7243,117.87694,342.87,0.39,0.36,"2026-07-09",506,"N20","nominal","2.0NRT",307.75,2.42,"D"
"1083",39.65244,117.36899,340.2,0.39,0.36,"2026-07-09",506,"N20","nominal","2.0NRT",305.85,5.33,"D"
"1084",39.6435,117.27265,334.08,0.39,0.36,"2026-07-09",506,"N20","low","2.0NRT",309,4.69,"D"
"1085",39.80642,118.2026,338.73,0.38,0.36,"2026-07-09",506,"N20","nominal","2.0NRT",304.78,4.65,"D"
"1086",39.83577,118.34745,330.47,0.38,0.36,"2026-07-09",506,"N20","low","2.0NRT",305.39,2.34,"D"
"1087",39.80281,118.09247,341.59,0.38,0.36,"2026-07-09",506,"N20","nominal","2.0NRT",307.26,5.72,"D"
"1088",39.76994,117.84284,342.28,0.39,0.36,"2026-07-09",506,"N20","nominal","2.0NRT",309.58,3.82,"D"
"1089",39.77321,117.84195,334.44,0.39,0.36,"2026-07-09",506,"N20","low","2.0NRT",309.07,4.17,"D"
"1090",39.91074,118.68056,331.07,0.38,0.36,"2026-07-09",506,"N20","low","2.0NRT",302.19,5.47,"D"
"1091",39.71399,117.28763,335.84,0.39,0.36,"2026-07-09",506,"N20","low","2.0NRT",309.77,4.41,"D"
"1092",39.91973,118.22966,334.07,0.38,0.36,"2026-07-09",506,"N20","low","2.0NRT",304.37,1.99,"D"
"1093",39.93182,117.42769,336.08,0.39,0.36,"2026-07-09",506,"N20","low","2.0NRT",309.09,4.92,"D"
"1094",40.17644,118.05914,332.26,0.38,0.36,"2026-07-09",506,"N20","nominal","2.0NRT",302.1,2.67,"D"
"1095",40.17971,118.05827,333.9,0.38,0.36,"2026-07-09",506,"N20","nominal","2.0NRT",299.25,2.67,"D"
"1096",39.99785,116.91414,367,0.39,0.37,"2026-07-09",506,"N20","high","2.0NRT",301.69,8.48,"D"
"1097",40.2127,118.22623,332.48,0.38,0.36,"2026-07-09",506,"N20","low","2.0NRT",303.77,4.26,"D"
"1098",40.00701,116.90678,336.92,0.4,0.37,"2026-07-09",506,"N20","nominal","2.0NRT",299.54,15.85,"D"
"1099",40.10223,116.38092,332.86,0.4,0.37,"2026-07-09",506,"N20","low","2.0NRT",302.85,2.5,"D"
"1100",40.20676,116.72893,334.16,0.4,0.37,"2026-07-09",506,"N20","nominal","2.0NRT",299.12,7.39,"D"
"1101",16.08524,121.44839,335.7,0.48,0.4,"2026-07-09",457,"N20","nominal","2.0NRT",299.47,39.75,"D"
"1102",16.08887,121.44763,339.23,0.48,0.4,"2026-07-09",457,"N20","nominal","2.0NRT",294.99,9.94,"D"
"1103",16.44962,120.76085,336.25,0.51,0.41,"2026-07-09",459,"N20","nominal","2.0NRT",288.89,5.99,"D"
"1104",16.44931,120.75751,333.15,0.51,0.41,"2026-07-09",459,"N20","nominal","2.0NRT",289.73,6.59,"D"
"1105",16.77112,121.26312,333.14,0.48,0.4,"2026-07-09",459,"N20","nominal","2.0NRT",288.94,3.03,"D"
"1106",16.77474,121.26229,343.95,0.48,0.4,"2026-07-09",459,"N20","nominal","2.0NRT",289.92,5.9,"D"
"1107",16.88579,121.36489,330.88,0.47,0.4,"2026-07-09",459,"N20","nominal","2.0NRT",285.71,3.55,"D"
"1108",16.88674,121.36562,332.55,0.47,0.4,"2026-07-09",459,"N20","nominal","2.0NRT",284.75,2.22,"D"
"1109",10.37833,108.36324,340.85,0.55,0.51,"2026-07-09",637,"N20","nominal","2.0NRT",288.37,7.85,"D"
"1110",10.38027,108.36458,345.68,0.55,0.51,"2026-07-09",637,"N20","nominal","2.0NRT",289.25,7.8,"D"
"1111",10.44029,108.38264,334.92,0.56,0.51,"2026-07-09",637,"N20","nominal","2.0NRT",287.64,3.22,"D"
"1112",10.45076,104.84547,336.62,0.5,0.41,"2026-07-09",637,"N20","nominal","2.0NRT",294.59,3.04,"D"
"1113",10.8969,107.4638,327.43,0.49,0.49,"2026-07-09",637,"N20","nominal","2.0NRT",290.28,2.45,"D"
"1114",10.80371,106.27424,342.94,0.41,0.45,"2026-07-09",637,"N20","nominal","2.0NRT",297.49,23.11,"D"
"1115",10.65672,105.04211,343.63,0.52,0.41,"2026-07-09",637,"N20","nominal","2.0NRT",296.63,9.38,"D"
"1116",10.66499,105.04575,334.6,0.52,0.41,"2026-07-09",637,"N20","nominal","2.0NRT",295.8,4.3,"D"
"1117",10.66812,105.0405,336.8,0.52,0.41,"2026-07-09",637,"N20","nominal","2.0NRT",295.08,5.53,"D"
"1118",10.78532,105.5593,332.89,0.56,0.43,"2026-07-09",637,"N20","nominal","2.0NRT",294.36,3.74,"D"
"1119",10.90066,106.25674,353.62,0.41,0.45,"2026-07-09",637,"N20","nominal","2.0NRT",295.56,14.06,"D"
"1120",10.94515,104.15885,333.39,0.47,0.4,"2026-07-09",637,"N20","nominal","2.0NRT",299.4,4.02,"D"
"1121",10.94454,104.15461,331.42,0.47,0.4,"2026-07-09",637,"N20","nominal","2.0NRT",300.46,3.75,"D"
"1122",10.9884,104.22749,336.56,0.47,0.4,"2026-07-09",637,"N20","nominal","2.0NRT",299.74,7.38,"D"
"1123",11.26867,106.00443,333.9,0.4,0.44,"2026-07-09",637,"N20","nominal","2.0NRT",293.85,2.22,"D"
"1124",11.26808,105.22812,331.92,0.54,0.42,"2026-07-09",637,"N20","nominal","2.0NRT",296.27,4.04,"D"
"1125",11.27753,105.18171,346.52,0.54,0.42,"2026-07-09",637,"N20","nominal","2.0NRT",297.71,15.03,"D"
"1126",11.33728,104.44958,335.81,0.49,0.4,"2026-07-09",637,"N20","nominal","2.0NRT",298.37,2.46,"D"
"1127",11.55782,105.1612,330.17,0.54,0.42,"2026-07-09",637,"N20","nominal","2.0NRT",292.14,3.17,"D"
"1128",11.56169,105.16066,334.94,0.54,0.42,"2026-07-09",637,"N20","nominal","2.0NRT",293.2,3.17,"D"
"1129",11.77308,106.65176,337.25,0.45,0.47,"2026-07-09",637,"N20","nominal","2.0NRT",292.77,4.51,"D"
"1130",11.7717,106.65206,333.68,0.45,0.47,"2026-07-09",637,"N20","nominal","2.0NRT",291.67,2.23,"D"
"1131",11.59508,104.13706,335.29,0.48,0.4,"2026-07-09",637,"N20","nominal","2.0NRT",300.49,2.52,"D"
"1132",11.59874,104.13657,331.3,0.48,0.4,"2026-07-09",637,"N20","nominal","2.0NRT",299.85,1.72,"D"
"1133",11.74992,104.93502,333.9,0.53,0.42,"2026-07-09",637,"N20","nominal","2.0NRT",295.11,0.52,"D"
"1134",11.74872,104.93698,332.87,0.53,0.42,"2026-07-09",637,"N20","nominal","2.0NRT",297.63,2.44,"D"
"1135",11.76574,104.86124,353.07,0.52,0.42,"2026-07-09",637,"N20","nominal","2.0NRT",298.13,11.88,"D"
"1136",11.7684,104.14999,338.57,0.48,0.4,"2026-07-09",637,"N20","nominal","2.0NRT",298.98,5.84,"D"
"1137",11.81283,104.04155,337.09,0.47,0.4,"2026-07-09",637,"N20","nominal","2.0NRT",299.77,5.34,"D"
"1138",11.81222,104.03723,336.35,0.47,0.4,"2026-07-09",637,"N20","nominal","2.0NRT",300.73,5.1,"D"
"1139",12.4841,104.64135,335.97,0.52,0.41,"2026-07-09",640,"N20","nominal","2.0NRT",292.3,2.5,"D"
"1140",12.49636,103.1152,331.46,0.44,0.38,"2026-07-09",640,"N20","nominal","2.0NRT",294.04,2.97,"D"
"1141",12.52096,103.11176,333.13,0.44,0.38,"2026-07-09",640,"N20","nominal","2.0NRT",297.24,2.47,"D"
"1142",12.67966,103.188,335.48,0.44,0.38,"2026-07-09",640,"N20","nominal","2.0NRT",296.4,1.44,"D"
"1143",12.83262,103.89194,337.2,0.48,0.4,"2026-07-09",640,"N20","nominal","2.0NRT",297.71,7.89,"D"
"1144",12.81082,102.86703,330.12,0.43,0.38,"2026-07-09",640,"N20","nominal","2.0NRT",297.4,3.09,"D"
"1145",13.21134,103.34798,332.37,0.45,0.39,"2026-07-09",640,"N20","nominal","2.0NRT",296.24,3.53,"D"
"1146",14.92178,108.74421,333.29,0.34,0.56,"2026-07-09",640,"N20","nominal","2.0NRT",291.16,3.56,"D"
"1147",14.22838,100.85497,336.05,0.39,0.36,"2026-07-09",640,"N20","nominal","2.0NRT",297.33,3.47,"D"
"1148",14.61354,100.79739,337.07,0.39,0.36,"2026-07-09",640,"N20","nominal","2.0NRT",295.8,2.79,"D"
"1149",18.58083,105.331,337.35,0.45,0.47,"2026-07-09",640,"N20","nominal","2.0NRT",289.15,4.48,"D"
"1150",19.70179,112.38976,332.21,0.68,0.74,"2026-07-09",640,"N20","nominal","2.0NRT",286.86,4.9,"D"
"1151",19.70314,112.3897,330.47,0.68,0.74,"2026-07-09",640,"N20","nominal","2.0NRT",287.16,4.81,"D"
"1152",23.16953,101.39491,331.82,0.47,0.39,"2026-07-09",642,"N20","nominal","2.0NRT",295.18,3.09,"D"
"1153",23.21323,101.3344,330.88,0.46,0.39,"2026-07-09",642,"N20","nominal","2.0NRT",294.1,7.35,"D"
"1154",25.69695,103.8696,333.37,0.45,0.47,"2026-07-09",642,"N20","nominal","2.0NRT",306.35,6.62,"D"
"1155",26.12711,99.96461,341.88,0.44,0.38,"2026-07-09",644,"N20","nominal","2.0NRT",297.27,6.18,"D"
"1156",26.5797,101.66843,331.15,0.52,0.42,"2026-07-09",644,"N20","nominal","2.0NRT",300.47,3.01,"D"
"1157",58.75784,90.12917,352.5,0.45,0.39,"2026-07-09",652,"N20","nominal","2.0NRT",299.72,15.96,"D"
"1158",26.62155,101.59776,335.14,0.52,0.41,"2026-07-09",644,"N20","nominal","2.0NRT",302.75,14.33,"D"
"1159",27.4087,100.55161,333.45,0.47,0.4,"2026-07-09",644,"N20","nominal","2.0NRT",298.85,8.28,"D"
"1160",40.58103,81.16799,336.81,0.35,0.56,"2026-07-09",648,"N20","low","2.0NRT",307.08,6.95,"D"
"1161",27.7262,102.20983,333.64,0.38,0.44,"2026-07-09",644,"N20","nominal","2.0NRT",301.02,1.9,"D"
"1162",27.73865,102.2122,331.41,0.38,0.44,"2026-07-09",644,"N20","low","2.0NRT",305.64,2.13,"D"
"1163",40.59518,81.20069,344.67,0.34,0.56,"2026-07-09",648,"N20","nominal","2.0NRT",305.15,3.54,"D"
"1164",27.74265,102.21166,333.94,0.38,0.44,"2026-07-09",644,"N20","low","2.0NRT",305.58,3.02,"D"
"1165",40.60011,81.19847,340.99,0.34,0.56,"2026-07-09",648,"N20","nominal","2.0NRT",305.99,3.54,"D"
"1166",29.0449,105.83265,330.05,0.33,0.55,"2026-07-09",644,"N20","low","2.0NRT",300.05,6.37,"D"
"1167",44.20104,85.96807,335.97,0.51,0.41,"2026-07-09",648,"N20","low","2.0NRT",307.58,5.54,"D"
"1168",30.53299,106.85706,329.01,0.39,0.59,"2026-07-09",644,"N20","nominal","2.0NRT",298.67,6.5,"D"
"1169",44.29126,86.11565,335.88,0.5,0.41,"2026-07-09",648,"N20","low","2.0NRT",309.46,3.71,"D"
"1170",29.56136,90.99033,333.64,0.55,0.43,"2026-07-09",644,"N20","low","2.0NRT",305.66,2.3,"D"
"1171",44.36515,85.97179,330.15,0.51,0.41,"2026-07-09",648,"N20","low","2.0NRT",303.12,1.7,"D"
"1172",29.27269,88.9019,335.92,0.49,0.48,"2026-07-09",644,"N20","low","2.0NRT",306.94,8.05,"D"
"1173",43.93688,81.50105,335.26,0.54,0.51,"2026-07-09",648,"N20","low","2.0NRT",306.8,12.34,"D"
"1174",34.16586,108.82602,328.77,0.55,0.68,"2026-07-09",646,"N20","nominal","2.0NRT",292.76,5.9,"D"
"1175",44.00661,81.18917,336.92,0.56,0.51,"2026-07-09",650,"N20","nominal","2.0NRT",306.04,4.32,"D"
"1176",34.16859,105.48895,338.23,0.35,0.57,"2026-07-09",646,"N20","nominal","2.0NRT",294.04,3.14,"D"
"1177",46.38385,82.92677,343.64,0.41,0.45,"2026-07-09",650,"N20","nominal","2.0NRT",308.33,6.88,"D"
"1178",34.16844,105.48763,327.97,0.35,0.57,"2026-07-09",646,"N20","nominal","2.0NRT",293.67,2.53,"D"
"1179",50.51104,81.67274,353.01,0.55,0.43,"2026-07-09",650,"N20","nominal","2.0NRT",312.62,23.06,"D"
"1180",34.186,105.28076,350.29,0.34,0.56,"2026-07-09",646,"N20","nominal","2.0NRT",288.89,9.15,"D"
"1181",51.18223,82.1653,333.73,0.51,0.41,"2026-07-09",650,"N20","nominal","2.0NRT",300.38,3.16,"D"
"1182",51.73909,81.56588,335.42,0.52,0.41,"2026-07-09",650,"N20","nominal","2.0NRT",307.45,3.28,"D"
"1183",52.57411,85.28799,343.57,0.4,0.37,"2026-07-09",650,"N20","nominal","2.0NRT",302.89,4.75,"D"
"1184",52.60399,85.23577,341.06,0.41,0.37,"2026-07-09",650,"N20","nominal","2.0NRT",305.57,15.58,"D"
"1185",49.30441,71.59949,338.02,0.5,0.66,"2026-07-09",650,"N20","nominal","2.0NRT",303.86,5.94,"D"
"1186",49.30069,71.60163,345.18,0.5,0.66,"2026-07-09",650,"N20","nominal","2.0NRT",304.48,4.82,"D"
"1187",50.03746,73.01887,330.8,0.42,0.61,"2026-07-09",652,"N20","low","2.0NRT",303.35,4.33,"D"
"1188",50.17136,72.06536,334.92,0.45,0.63,"2026-07-09",652,"N20","low","2.0NRT",306.1,2.05,"D"
"1189",50.18563,72.08932,330.57,0.45,0.63,"2026-07-09",652,"N20","low","2.0NRT",304.76,3.09,"D"
"1190",50.19081,72.08517,338.73,0.45,0.63,"2026-07-09",652,"N20","nominal","2.0NRT",307.06,3.09,"D"
"1191",50.18901,72.07957,338.4,0.45,0.63,"2026-07-09",652,"N20","low","2.0NRT",308.63,3.09,"D"
"1192",50.18357,72.06272,335.38,0.45,0.63,"2026-07-09",652,"N20","low","2.0NRT",307.13,9.45,"D"
"1193",51.25631,75.63727,335.34,0.6,0.53,"2026-07-09",652,"N20","low","2.0NRT",309.13,3.09,"D"
"1194",50.17189,72.06332,337.75,0.45,0.63,"2026-07-09",652,"N20","nominal","2.0NRT",307.55,4.66,"D"
"1195",50.1808,72.0705,333.4,0.45,0.63,"2026-07-09",652,"N20","low","2.0NRT",308.33,4.1,"D"
"1196",50.19148,72.08305,338.84,0.45,0.63,"2026-07-09",652,"N20","nominal","2.0NRT",306.23,7.91,"D"
"1197",50.18965,72.07749,339.97,0.45,0.63,"2026-07-09",652,"N20","nominal","2.0NRT",307.54,9.63,"D"
"1198",50.18412,72.06067,333.11,0.45,0.63,"2026-07-09",652,"N20","low","2.0NRT",306.1,4.1,"D"
"1199",53.88353,87.25471,334.27,0.38,0.36,"2026-07-09",652,"N20","nominal","2.0NRT",302.21,2.56,"D"
"1200",53.89214,87.28761,335.24,0.38,0.36,"2026-07-09",652,"N20","nominal","2.0NRT",303.26,22.14,"D"
"1201",53.90953,87.28962,326.79,0.38,0.36,"2026-07-09",652,"N20","low","2.0NRT",298.27,1.45,"D"
"1202",54.23421,87.0268,329.62,0.38,0.36,"2026-07-09",652,"N20","low","2.0NRT",303.19,4.38,"D"
"1203",52.4039,77.86861,343.25,0.45,0.47,"2026-07-09",652,"N20","nominal","2.0NRT",311.26,32.44,"D"
"1204",52.40234,77.86238,301.38,0.45,0.47,"2026-07-09",652,"N20","low","2.0NRT",321.83,34.64,"D"
"1205",52.40792,77.86591,348.4,0.45,0.47,"2026-07-09",652,"N20","nominal","2.0NRT",316.66,32.44,"D"
"1206",52.40636,77.8597,306.64,0.45,0.47,"2026-07-09",652,"N20","low","2.0NRT",318.43,34.64,"D"
"1207",53.89499,84.46992,332.17,0.41,0.37,"2026-07-09",652,"N20","nominal","2.0NRT",300.45,2.53,"D"
"1208",54.26548,86.18578,340.6,0.39,0.36,"2026-07-09",652,"N20","nominal","2.0NRT",303.62,4.15,"D"
"1209",54.26358,86.1742,327.65,0.39,0.36,"2026-07-09",652,"N20","low","2.0NRT",300.79,3.33,"D"
"1210",54.26908,86.16528,334.35,0.39,0.36,"2026-07-09",652,"N20","low","2.0NRT",304.99,2.94,"D"
"1211",54.27125,86.16137,332.4,0.39,0.36,"2026-07-09",652,"N20","nominal","2.0NRT",300.55,13.07,"D"
"1212",54.28321,86.14937,338.02,0.39,0.36,"2026-07-09",652,"N20","nominal","2.0NRT",305.43,4.47,"D"
"1213",54.30257,86.14005,333.68,0.39,0.36,"2026-07-09",652,"N20","low","2.0NRT",305.78,3.8,"D"
"1214",54.30067,86.12848,331.75,0.39,0.36,"2026-07-09",652,"N20","low","2.0NRT",304.67,2.81,"D"
"1215",53.805,81.53269,335.75,0.47,0.4,"2026-07-09",652,"N20","nominal","2.0NRT",298.43,3.59,"D"
"1216",50.00446,67.37945,350.87,0.69,0.74,"2026-07-09",652,"N20","nominal","2.0NRT",294.65,35.78,"D"
"1217",50.00765,67.38786,356.6,0.69,0.74,"2026-07-09",652,"N20","low","2.0NRT",290.2,35.78,"D"
"1218",50.00999,67.38835,367,0.69,0.74,"2026-07-09",652,"N20","high","2.0NRT",291.18,26.9,"D"
"1219",50.01321,67.39674,339.91,0.69,0.74,"2026-07-09",652,"N20","nominal","2.0NRT",289.65,26.9,"D"
"1220",50.00678,67.38,344.45,0.69,0.74,"2026-07-09",652,"N20","nominal","2.0NRT",297.95,53.64,"D"
"1221",55.30151,85.59232,335.68,0.39,0.36,"2026-07-09",652,"N20","nominal","2.0NRT",305.46,3.9,"D"
"1222",52.7692,72.92065,345.16,0.34,0.56,"2026-07-09",652,"N20","nominal","2.0NRT",308.82,4.16,"D"
"1223",52.7752,72.92136,332.92,0.34,0.56,"2026-07-09",652,"N20","low","2.0NRT",306.51,4.13,"D"
"1224",52.78449,72.91377,339.95,0.34,0.56,"2026-07-09",652,"N20","low","2.0NRT",310.28,2.6,"D"
"1225",52.7796,72.87828,367,0.34,0.56,"2026-07-09",652,"N20","high","2.0NRT",310.02,15.57,"D"
"1226",52.78914,72.90999,333.14,0.34,0.56,"2026-07-09",652,"N20","low","2.0NRT",307.32,2.6,"D"
"1227",52.78777,72.90546,350.41,0.34,0.56,"2026-07-09",652,"N20","nominal","2.0NRT",307.4,2.6,"D"
"1228",52.78368,72.89186,335.09,0.34,0.56,"2026-07-09",652,"N20","nominal","2.0NRT",306.41,2.05,"D"
"1229",52.77823,72.87376,347.1,0.34,0.56,"2026-07-09",652,"N20","nominal","2.0NRT",315.41,20.62,"D"
"1230",52.78698,72.88355,367,0.34,0.56,"2026-07-09",652,"N20","high","2.0NRT",308.07,21.8,"D"
"1231",52.79107,72.89717,338.02,0.34,0.56,"2026-07-09",652,"N20","nominal","2.0NRT",306.55,1.82,"D"
"1232",52.78971,72.89262,333.02,0.34,0.56,"2026-07-09",652,"N20","low","2.0NRT",305.14,1.82,"D"
"1233",52.78561,72.87904,352.94,0.34,0.56,"2026-07-09",652,"N20","nominal","2.0NRT",319.73,91.13,"D"
"1234",52.7818,72.80852,367,0.34,0.56,"2026-07-09",652,"N20","high","2.0NRT",307.71,9,"D"
"1235",52.78042,72.80393,367,0.34,0.56,"2026-07-09",652,"N20","high","2.0NRT",307.64,6.05,"D"
"1236",52.78455,72.81767,335.08,0.34,0.56,"2026-07-09",652,"N20","low","2.0NRT",306.64,2.74,"D"
"1237",52.77904,72.79935,349.59,0.34,0.56,"2026-07-09",652,"N20","nominal","2.0NRT",305.01,6.05,"D"
"1238",52.77766,72.79476,341.1,0.34,0.56,"2026-07-09",652,"N20","nominal","2.0NRT",303.79,3.31,"D"
"1239",52.78371,72.79557,367,0.34,0.56,"2026-07-09",652,"N20","high","2.0NRT",309.43,8.79,"D"
"1240",53.83029,76.56279,337.83,0.46,0.47,"2026-07-09",652,"N20","nominal","2.0NRT",304.89,2.65,"D"
"1241",52.7892,72.8138,348.17,0.34,0.56,"2026-07-09",652,"N20","nominal","2.0NRT",310.18,5.69,"D"
"1242",52.78509,72.80013,350.71,0.34,0.56,"2026-07-09",652,"N20","nominal","2.0NRT",308.55,8.79,"D"
"1243",52.78234,72.791,355.67,0.34,0.56,"2026-07-09",652,"N20","nominal","2.0NRT",309.79,10.86,"D"
"1244",52.79113,72.8009,343.09,0.34,0.56,"2026-07-09",652,"N20","nominal","2.0NRT",306.73,7.23,"D"
"1245",53.52762,75.33342,331.76,0.52,0.5,"2026-07-09",652,"N20","low","2.0NRT",304.73,6.37,"D"
"1246",52.79062,72.80984,337.98,0.34,0.56,"2026-07-09",652,"N20","nominal","2.0NRT",306.88,2.77,"D"
"1247",52.78923,72.80531,334.36,0.34,0.56,"2026-07-09",652,"N20","nominal","2.0NRT",307.84,2.77,"D"
"1248",52.78785,72.8008,346.24,0.34,0.56,"2026-07-09",652,"N20","nominal","2.0NRT",308.33,4.3,"D"
"1249",52.78646,72.79625,352.52,0.34,0.56,"2026-07-09",652,"N20","nominal","2.0NRT",307.97,4.3,"D"
"1250",57.56688,105.88825,353.16,0.51,0.66,"2026-07-09",652,"N20","nominal","2.0NRT",290.21,13.33,"D"
"1251",57.56618,105.88142,354.93,0.51,0.66,"2026-07-09",652,"N20","nominal","2.0NRT",293.77,8.4,"D"
"1252",57.61676,105.68973,327.56,0.5,0.66,"2026-07-09",652,"N20","nominal","2.0NRT",290.25,2.53,"D"
"1253",57.87152,105.89909,337.42,0.51,0.66,"2026-07-09",652,"N20","nominal","2.0NRT",287.93,8.62,"D"
"1254",57.87159,105.88933,355.49,0.51,0.66,"2026-07-09",652,"N20","nominal","2.0NRT",295.62,8.62,"D"
"1255",57.87046,105.89403,345.65,0.51,0.66,"2026-07-09",652,"N20","nominal","2.0NRT",290.24,11.95,"D"
"1256",57.8767,105.88461,344.61,0.51,0.66,"2026-07-09",652,"N20","nominal","2.0NRT",292.12,19.9,"D"
"1257",57.87661,105.89435,356.26,0.51,0.66,"2026-07-09",652,"N20","low","2.0NRT",289.01,11.95,"D"
"1258",58.29263,106.92552,352.61,0.55,0.68,"2026-07-09",652,"N20","nominal","2.0NRT",286.62,8.09,"D"
"1259",56.69946,84.62486,325.89,0.39,0.36,"2026-07-09",652,"N20","nominal","2.0NRT",291.96,1.39,"D"
"1260",58.44766,107.60926,333.45,0.59,0.7,"2026-07-09",652,"N20","nominal","2.0NRT",286.27,4.27,"D"
"1261",58.44639,107.61036,327.98,0.59,0.7,"2026-07-09",652,"N20","nominal","2.0NRT",285.55,4.02,"D"
"1262",58.44667,107.59953,327.68,0.59,0.7,"2026-07-09",652,"N20","nominal","2.0NRT",289.01,4.02,"D"
"1263",58.47955,107.01829,332.17,0.56,0.69,"2026-07-09",652,"N20","nominal","2.0NRT",289.23,9.2,"D"
"1264",58.47934,107.02841,356.26,0.56,0.69,"2026-07-09",652,"N20","low","2.0NRT",287.38,9.2,"D"
"1265",55.23085,75.98376,336.68,0.44,0.46,"2026-07-09",652,"N20","nominal","2.0NRT",302.87,3.23,"D"
"1266",55.21617,75.45751,333.52,0.46,0.47,"2026-07-09",652,"N20","nominal","2.0NRT",301.57,6.87,"D"
"1267",55.21444,75.45092,347.41,0.46,0.47,"2026-07-09",652,"N20","nominal","2.0NRT",305.27,7.88,"D"
"1268",55.2127,75.44432,337.05,0.46,0.47,"2026-07-09",652,"N20","nominal","2.0NRT",300.92,7.88,"D"
"1269",57.53527,85.99528,333.78,0.39,0.36,"2026-07-09",652,"N20","nominal","2.0NRT",291.71,8.9,"D"
"1270",57.53432,85.989,325.92,0.39,0.36,"2026-07-09",652,"N20","nominal","2.0NRT",296.82,6.05,"D"
"1271",57.53849,85.9936,346.46,0.39,0.36,"2026-07-09",652,"N20","nominal","2.0NRT",299.94,8.9,"D"
"1272",57.53754,85.98732,334.25,0.39,0.36,"2026-07-09",652,"N20","nominal","2.0NRT",298.22,6.05,"D"
"1273",57.54834,86.03589,332.5,0.39,0.36,"2026-07-09",652,"N20","nominal","2.0NRT",298.38,4.93,"D"
"1274",57.55574,86.03882,343.4,0.39,0.36,"2026-07-09",652,"N20","nominal","2.0NRT",294.55,5.02,"D"
"1275",57.55006,86.00112,334.11,0.39,0.36,"2026-07-09",652,"N20","nominal","2.0NRT",296.6,4.46,"D"
"1276",57.54912,85.99484,345.01,0.39,0.36,"2026-07-09",652,"N20","nominal","2.0NRT",296.88,11.29,"D"
"1277",57.55992,86.04343,329.7,0.39,0.36,"2026-07-09",652,"N20","nominal","2.0NRT",293.38,5.02,"D"
"1278",57.55897,86.03714,347.1,0.39,0.36,"2026-07-09",652,"N20","nominal","2.0NRT",298.72,5.02,"D"
"1279",57.55329,85.99944,334.19,0.39,0.36,"2026-07-09",652,"N20","nominal","2.0NRT",295.57,4.46,"D"
"1280",57.55234,85.99316,353.79,0.39,0.36,"2026-07-09",652,"N20","nominal","2.0NRT",300.68,11.29,"D"
"1281",57.5622,86.03547,347.96,0.39,0.36,"2026-07-09",652,"N20","nominal","2.0NRT",300.7,9.68,"D"
"1282",57.56125,86.02917,334.09,0.39,0.36,"2026-07-09",652,"N20","nominal","2.0NRT",299.35,5.73,"D"
"1283",57.55556,85.99147,332.29,0.39,0.36,"2026-07-09",652,"N20","nominal","2.0NRT",294.97,1.71,"D"
"1284",57.56542,86.03379,335.68,0.39,0.36,"2026-07-09",652,"N20","nominal","2.0NRT",296.37,9.68,"D"
"1285",57.55974,85.99608,327.05,0.39,0.36,"2026-07-09",652,"N20","nominal","2.0NRT",296.45,3.74,"D"
"1286",57.5588,85.98979,330.07,0.39,0.36,"2026-07-09",652,"N20","nominal","2.0NRT",293.37,1.71,"D"
"1287",57.56486,86.00697,332.83,0.39,0.36,"2026-07-09",652,"N20","nominal","2.0NRT",298.72,2.69,"D"
"1288",57.5758,85.99197,338.37,0.39,0.36,"2026-07-09",652,"N20","nominal","2.0NRT",304.8,4.78,"D"
"1289",54.50977,71.95748,348.66,0.32,0.55,"2026-07-09",652,"N20","nominal","2.0NRT",305.81,4.29,"D"
"1290",54.51426,71.95348,331.23,0.32,0.55,"2026-07-09",652,"N20","nominal","2.0NRT",299.81,2.8,"D"
"1291",54.51292,71.94904,330.89,0.32,0.55,"2026-07-09",652,"N20","low","2.0NRT",304.56,3.87,"D"
"1292",58.4606,92.0709,325.47,0.5,0.41,"2026-07-09",652,"N20","nominal","2.0NRT",291.19,2.76,"D"
"1293",58.19389,86.21915,333.67,0.39,0.36,"2026-07-09",652,"N20","nominal","2.0NRT",290.38,3.12,"D"
"1294",58.19901,86.23038,329.11,0.39,0.36,"2026-07-09",652,"N20","nominal","2.0NRT",290.62,5.45,"D"
"1295",58.19807,86.22392,342.75,0.39,0.36,"2026-07-09",652,"N20","nominal","2.0NRT",293.88,4.95,"D"
"1296",58.19713,86.21746,331.2,0.39,0.36,"2026-07-09",652,"N20","nominal","2.0NRT",291.44,4.95,"D"
"1297",58.1962,86.21101,328.84,0.39,0.36,"2026-07-09",652,"N20","nominal","2.0NRT",290.61,6,"D"
"1298",58.20226,86.22868,336.34,0.39,0.36,"2026-07-09",652,"N20","nominal","2.0NRT",293.92,5.45,"D"
"1299",58.20038,86.21577,338.49,0.39,0.36,"2026-07-09",652,"N20","nominal","2.0NRT",292.24,4.95,"D"
"1300",58.1985,86.20287,341.68,0.39,0.36,"2026-07-09",652,"N20","nominal","2.0NRT",291.92,6,"D"
"1301",58.19756,86.19643,344.18,0.39,0.36,"2026-07-09",652,"N20","nominal","2.0NRT",297.8,13.49,"D"
"1302",58.20174,86.20118,325.58,0.39,0.36,"2026-07-09",652,"N20","nominal","2.0NRT",292.41,3.96,"D"
"1303",58.2008,86.19474,331.71,0.39,0.36,"2026-07-09",652,"N20","nominal","2.0NRT",292.23,4.05,"D"
"1304",58.21155,86.24467,338.83,0.39,0.36,"2026-07-09",652,"N20","nominal","2.0NRT",291.68,4.18,"D"
"1305",58.20915,86.20425,342.49,0.39,0.36,"2026-07-09",652,"N20","nominal","2.0NRT",292.2,12.74,"D"
"1306",58.20821,86.19779,327.28,0.39,0.36,"2026-07-09",652,"N20","nominal","2.0NRT",290.22,12.74,"D"
"1307",58.13703,85.71675,335.9,0.39,0.36,"2026-07-09",652,"N20","nominal","2.0NRT",293.45,3.32,"D"
"1308",58.13607,85.71037,328.62,0.39,0.36,"2026-07-09",652,"N20","nominal","2.0NRT",293.46,3.32,"D"
"1309",58.21239,86.20255,367,0.39,0.36,"2026-07-09",652,"N20","high","2.0NRT",300.82,12.74,"D"
"1310",58.37388,87.35055,326.56,0.4,0.37,"2026-07-09",652,"N20","nominal","2.0NRT",293.47,3.85,"D"
"1311",58.21333,86.209,331.99,0.39,0.36,"2026-07-09",652,"N20","nominal","2.0NRT",296.84,3.46,"D"
"1312",58.21145,86.19611,350.74,0.39,0.36,"2026-07-09",652,"N20","nominal","2.0NRT",301.93,12.74,"D"
"1313",58.22221,86.24606,331.64,0.39,0.36,"2026-07-09",652,"N20","nominal","2.0NRT",292.28,4.55,"D"
"1314",58.21563,86.20086,325.05,0.39,0.36,"2026-07-09",652,"N20","nominal","2.0NRT",298.85,5,"D"
"1315",58.21469,86.19441,355.71,0.39,0.36,"2026-07-09",652,"N20","nominal","2.0NRT",305.63,5,"D"
"1316",58.21375,86.18797,333.32,0.39,0.36,"2026-07-09",652,"N20","nominal","2.0NRT",302.41,12.22,"D"
"1317",58.22546,86.24437,333.21,0.39,0.36,"2026-07-09",652,"N20","nominal","2.0NRT",291.92,4.55,"D"
"1318",58.22451,86.23791,334.01,0.39,0.36,"2026-07-09",652,"N20","nominal","2.0NRT",294.82,8.19,"D"
"1319",58.22075,86.21207,326.4,0.39,0.36,"2026-07-09",652,"N20","low","2.0NRT",298.29,3.43,"D"
"1320",58.21887,86.19917,325.38,0.39,0.36,"2026-07-09",652,"N20","low","2.0NRT",298.38,5,"D"
"1321",58.21793,86.19272,327.16,0.39,0.36,"2026-07-09",652,"N20","nominal","2.0NRT",294.22,5,"D"
"1322",58.224,86.21038,332.67,0.39,0.36,"2026-07-09",652,"N20","nominal","2.0NRT",302.15,6.83,"D"
"1323",58.22305,86.20393,352.32,0.39,0.36,"2026-07-09",652,"N20","nominal","2.0NRT",305.5,6.83,"D"
"1324",58.22723,86.20869,351.09,0.39,0.36,"2026-07-09",652,"N20","nominal","2.0NRT",305.37,6.83,"D"
"1325",58.2263,86.20223,356.08,0.39,0.36,"2026-07-09",652,"N20","nominal","2.0NRT",305.29,6.83,"D"
"1326",58.22535,86.19579,330.2,0.39,0.36,"2026-07-09",652,"N20","nominal","2.0NRT",294.6,4.76,"D"
"1327",58.74449,90.20745,325.88,0.45,0.39,"2026-07-09",652,"N20","nominal","2.0NRT",287.45,2.97,"D"
"1328",58.23048,86.207,347.15,0.39,0.36,"2026-07-09",652,"N20","nominal","2.0NRT",298.4,4.86,"D"
"1329",58.22953,86.20055,328.2,0.39,0.36,"2026-07-09",652,"N20","nominal","2.0NRT",293.81,4.86,"D"
"1330",58.15254,85.68083,337.38,0.39,0.36,"2026-07-09",652,"N20","nominal","2.0NRT",292.2,9.99,"D"
"1331",58.74801,90.206,331.95,0.45,0.39,"2026-07-09",652,"N20","nominal","2.0NRT",289.38,2.97,"D"
"1332",58.23654,86.22469,332.01,0.39,0.36,"2026-07-09",652,"N20","nominal","2.0NRT",293.07,2.96,"D"
"1333",58.2356,86.21822,353.96,0.39,0.36,"2026-07-09",652,"N20","nominal","2.0NRT",302.47,13.27,"D"
"1334",58.23466,86.21176,327.71,0.39,0.36,"2026-07-09",652,"N20","nominal","2.0NRT",292.9,13.27,"D"
"1335",58.23978,86.223,344.87,0.39,0.36,"2026-07-09",652,"N20","nominal","2.0NRT",314.97,73.27,"D"
"1336",58.75871,90.13689,351,0.45,0.39,"2026-07-09",652,"N20","nominal","2.0NRT",297.76,15.96,"D"
"1337",58.24372,86.13061,330.31,0.39,0.36,"2026-07-09",652,"N20","nominal","2.0NRT",292.36,9.54,"D"
"1338",58.24278,86.12416,354.14,0.39,0.36,"2026-07-09",652,"N20","nominal","2.0NRT",302.17,9.54,"D"
"1339",58.76838,90.15723,331.11,0.45,0.39,"2026-07-09",652,"N20","nominal","2.0NRT",290.77,12.34,"D"
"1340",58.76488,90.12629,333.96,0.45,0.39,"2026-07-09",652,"N20","nominal","2.0NRT",290.2,7.19,"D"
"1341",58.24223,86.09666,328.66,0.39,0.36,"2026-07-09",652,"N20","nominal","2.0NRT",296.93,1.83,"D"
"1342",58.24128,86.09023,325.67,0.39,0.36,"2026-07-09",652,"N20","low","2.0NRT",296.47,2.52,"D"
"1343",58.17352,85.63504,326.73,0.39,0.36,"2026-07-09",652,"N20","nominal","2.0NRT",296.24,2.33,"D"
"1344",58.77103,90.14805,343.23,0.45,0.39,"2026-07-09",652,"N20","nominal","2.0NRT",293.73,31.74,"D"
"1345",58.1777,85.63969,329.05,0.39,0.36,"2026-07-09",652,"N20","nominal","2.0NRT",293.12,2.33,"D"
"1346",58.17674,85.6333,340.71,0.39,0.36,"2026-07-09",652,"N20","nominal","2.0NRT",294.84,2.33,"D"
"1347",58.76636,90.15793,329.65,0.45,0.39,"2026-07-09",652,"N20","nominal","2.0NRT",289.14,15.63,"D"
"1348",58.76551,90.15017,325.17,0.45,0.39,"2026-07-09",652,"N20","nominal","2.0NRT",299.72,15.63,"D"
"1349",58.1791,85.63081,329.66,0.39,0.36,"2026-07-09",652,"N20","nominal","2.0NRT",292.37,3.47,"D"
"1350",58.17718,85.61804,345.88,0.39,0.36,"2026-07-09",652,"N20","nominal","2.0NRT",301.32,24.29,"D"
"1351",58.76903,90.14874,355.93,0.45,0.39,"2026-07-09",652,"N20","nominal","2.0NRT",295.79,15.63,"D"
"1352",58.76648,90.1255,336.53,0.45,0.39,"2026-07-09",652,"N20","nominal","2.0NRT",282.3,4.8,"D"
"1353",58.89524,90.87455,336.6,0.47,0.4,"2026-07-09",652,"N20","nominal","2.0NRT",290.32,4.84,"D"
"1354",58.8944,90.86646,346.76,0.47,0.4,"2026-07-09",652,"N20","nominal","2.0NRT",292.41,10.49,"D"
"1355",58.92377,91.07633,345.04,0.48,0.4,"2026-07-09",652,"N20","nominal","2.0NRT",293.06,8.36,"D"
"1356",58.92293,91.06817,338.83,0.48,0.4,"2026-07-09",652,"N20","nominal","2.0NRT",291.89,8.36,"D"
"1357",58.89051,90.75857,352.51,0.47,0.39,"2026-07-09",652,"N20","nominal","2.0NRT",297.71,14.94,"D"
"1358",58.92656,91.06679,343.23,0.48,0.4,"2026-07-09",652,"N20","nominal","2.0NRT",290.63,8.36,"D"
"1359",58.89496,90.7652,332.95,0.47,0.4,"2026-07-09",652,"N20","nominal","2.0NRT",293.2,14.94,"D"
"1360",58.8941,90.75716,338.13,0.47,0.39,"2026-07-09",652,"N20","nominal","2.0NRT",297.78,14.94,"D"
"1361",58.89326,90.74914,330.77,0.47,0.39,"2026-07-09",652,"N20","nominal","2.0NRT",293.45,22.37,"D"
"1362",58.93274,91.09,331.96,0.48,0.4,"2026-07-09",652,"N20","nominal","2.0NRT",294.59,4.43,"D"
"1363",58.89855,90.76377,344.53,0.47,0.4,"2026-07-09",652,"N20","nominal","2.0NRT",291.95,8.65,"D"
"1364",58.8977,90.75574,326.13,0.47,0.39,"2026-07-09",652,"N20","low","2.0NRT",300.27,8.65,"D"
"1365",58.89685,90.74773,342.09,0.47,0.39,"2026-07-09",652,"N20","nominal","2.0NRT",300.27,27.37,"D"
"1366",58.93638,91.08868,335.1,0.48,0.4,"2026-07-09",652,"N20","nominal","2.0NRT",298.58,4.43,"D"
"1367",58.90215,90.76234,342.93,0.47,0.4,"2026-07-09",652,"N20","nominal","2.0NRT",297.08,8.65,"D"
"1368",58.90574,90.76091,342.92,0.47,0.4,"2026-07-09",652,"N20","nominal","2.0NRT",298.35,13.3,"D"
"1369",58.90404,90.7449,344.25,0.47,0.39,"2026-07-09",652,"N20","nominal","2.0NRT",294.68,4.81,"D"
"1370",58.90763,90.7435,330.11,0.47,0.39,"2026-07-09",652,"N20","nominal","2.0NRT",296.24,4.81,"D"
"1371",58.92254,90.81323,341.5,0.47,0.4,"2026-07-09",652,"N20","nominal","2.0NRT",297.63,15.39,"D"
"1372",58.61209,87.97204,328.59,0.41,0.37,"2026-07-09",652,"N20","nominal","2.0NRT",289.44,4.44,"D"
"1373",58.61393,87.90498,342.16,0.41,0.37,"2026-07-09",652,"N20","nominal","2.0NRT",292.88,11.19,"D"
"1374",58.61304,87.89809,330.16,0.41,0.37,"2026-07-09",652,"N20","nominal","2.0NRT",292.3,11.19,"D"
"1375",58.61816,87.91032,329.37,0.41,0.37,"2026-07-09",652,"N20","nominal","2.0NRT",291.87,8.47,"D"
"1376",58.62149,87.90874,333.6,0.41,0.37,"2026-07-09",652,"N20","nominal","2.0NRT",292.46,3.81,"D"
"1377",58.74018,88.5657,332.07,0.42,0.38,"2026-07-09",652,"N20","nominal","2.0NRT",291.25,3.08,"D"
"1378",58.74357,88.56415,339.62,0.42,0.38,"2026-07-09",652,"N20","nominal","2.0NRT",291.21,3.08,"D"
"1379",58.74268,88.55702,340.05,0.42,0.37,"2026-07-09",652,"N20","nominal","2.0NRT",291.38,7.36,"D"
"1380",58.74694,88.5626,326.03,0.42,0.38,"2026-07-09",652,"N20","nominal","2.0NRT",294.69,2.82,"D"
"1381",58.74607,88.55548,333.62,0.42,0.37,"2026-07-09",652,"N20","nominal","2.0NRT",291.71,3.49,"D"
"1382",58.7546,88.56664,344.34,0.42,0.38,"2026-07-09",652,"N20","nominal","2.0NRT",298.28,14.79,"D"
"1383",58.75799,88.56508,345.29,0.42,0.38,"2026-07-09",652,"N20","nominal","2.0NRT",296.72,14.79,"D"
"1384",58.76138,88.56354,336.31,0.42,0.38,"2026-07-09",652,"N20","nominal","2.0NRT",303.36,18.58,"D"
"1385",58.76049,88.5564,329.15,0.42,0.38,"2026-07-09",652,"N20","low","2.0NRT",301.02,18.58,"D"
"1386",58.99714,90.56647,353.96,0.46,0.39,"2026-07-09",652,"N20","nominal","2.0NRT",295.02,25.47,"D"
"1387",58.76388,88.55484,342.77,0.42,0.38,"2026-07-09",652,"N20","nominal","2.0NRT",301.16,18.58,"D"
"1388",58.7621,88.54059,335.58,0.42,0.37,"2026-07-09",652,"N20","nominal","2.0NRT",302.85,6.59,"D"
"1389",59.03207,90.78838,338.96,0.47,0.4,"2026-07-09",652,"N20","nominal","2.0NRT",287.54,9.7,"D"
"1390",59.03121,90.78021,338.51,0.47,0.4,"2026-07-09",652,"N20","nominal","2.0NRT",291.85,9.7,"D"
"1391",59.06418,91.05825,339.22,0.48,0.4,"2026-07-09",652,"N20","nominal","2.0NRT",291.46,5.12,"D"
"1392",59.06246,91.04176,332.99,0.48,0.4,"2026-07-09",652,"N20","nominal","2.0NRT",290.19,8.96,"D"
"1393",59.06695,91.04857,326.24,0.48,0.4,"2026-07-09",652,"N20","nominal","2.0NRT",292.01,6.54,"D"
"1394",59.0661,91.04036,340.53,0.48,0.4,"2026-07-09",652,"N20","nominal","2.0NRT",292.37,6.54,"D"
"1395",59.07143,91.05533,337.74,0.48,0.4,"2026-07-09",652,"N20","nominal","2.0NRT",296.12,8.17,"D"
"1396",59.02034,90.57391,345.54,0.46,0.39,"2026-07-09",652,"N20","nominal","2.0NRT",284.69,11.34,"D"
"1397",59.07593,91.06223,331.89,0.48,0.4,"2026-07-09",652,"N20","nominal","2.0NRT",291.54,8.28,"D"
"1398",59.07507,91.05392,336.54,0.48,0.4,"2026-07-09",652,"N20","nominal","2.0NRT",296.81,8.28,"D"
"1399",59.0742,91.04569,328.45,0.48,0.4,"2026-07-09",652,"N20","nominal","2.0NRT",296.38,6.87,"D"
"1400",59.02392,90.57248,348.63,0.46,0.39,"2026-07-09",652,"N20","nominal","2.0NRT",297.6,118.05,"D"
"1401",59.07957,91.06084,340.66,0.48,0.4,"2026-07-09",652,"N20","nominal","2.0NRT",298.37,8.28,"D"
"1402",59.0787,91.0525,325.22,0.48,0.4,"2026-07-09",652,"N20","nominal","2.0NRT",293.43,8.28,"D"
"1403",59.08321,91.05947,330.97,0.48,0.4,"2026-07-09",652,"N20","nominal","2.0NRT",293.64,11.21,"D"
"1404",59.08233,91.05111,340.23,0.48,0.4,"2026-07-09",652,"N20","nominal","2.0NRT",296.5,11.21,"D"
"1405",59.08596,91.04972,348.17,0.48,0.4,"2026-07-09",652,"N20","nominal","2.0NRT",295.01,11.21,"D"
"1406",59.07814,91.06174,334.64,0.48,0.4,"2026-07-09",652,"N20","nominal","2.0NRT",295.05,13.64,"D"
"1407",59.0773,91.0534,331.11,0.48,0.4,"2026-07-09",652,"N20","nominal","2.0NRT",294.01,10.24,"D"
"1408",59.07562,91.03686,333.29,0.48,0.4,"2026-07-09",652,"N20","nominal","2.0NRT",291.72,3.83,"D"
"1409",59.08178,91.06036,329.8,0.48,0.4,"2026-07-09",652,"N20","nominal","2.0NRT",293.29,13.64,"D"
"1410",59.08093,91.05199,331.09,0.48,0.4,"2026-07-09",652,"N20","nominal","2.0NRT",298.23,10.24,"D"
"1411",59.03113,90.56967,347.13,0.46,0.39,"2026-07-09",652,"N20","nominal","2.0NRT",300.79,43.98,"D"
"1412",59.03029,90.56165,341.52,0.46,0.39,"2026-07-09",652,"N20","nominal","2.0NRT",287.26,49.23,"D"
"1413",59.08456,91.0506,347.21,0.48,0.4,"2026-07-09",652,"N20","nominal","2.0NRT",294.4,16.8,"D"
"1414",59.03472,90.56823,350.42,0.46,0.39,"2026-07-09",652,"N20","nominal","2.0NRT",305.06,56.57,"D"
"1415",59.1096,90.96317,336.62,0.48,0.4,"2026-07-09",652,"N20","nominal","2.0NRT",294.47,7.04,"D"
"1416",59.18732,91.66337,352.58,0.5,0.41,"2026-07-09",652,"N20","nominal","2.0NRT",293.29,14.88,"D"
"1417",59.19102,91.66191,356.13,0.5,0.41,"2026-07-09",652,"N20","nominal","2.0NRT",296.83,21.83,"D"
"1418",59.13524,91.06572,347.6,0.48,0.4,"2026-07-09",652,"N20","nominal","2.0NRT",297.65,14.88,"D"
"1419",59.12363,90.70169,334.48,0.47,0.4,"2026-07-09",652,"N20","nominal","2.0NRT",292.38,3.13,"D"
"1420",59.01154,89.59006,345.15,0.44,0.38,"2026-07-09",652,"N20","nominal","2.0NRT",290.58,7.69,"D"
"1421",59.01502,89.58856,344.57,0.44,0.38,"2026-07-09",652,"N20","nominal","2.0NRT",291.95,12.39,"D"
"1422",59.01414,89.58098,348.91,0.44,0.38,"2026-07-09",652,"N20","nominal","2.0NRT",295.97,12.39,"D"
"1423",59.01762,89.57949,337.13,0.44,0.38,"2026-07-09",652,"N20","nominal","2.0NRT",292.83,12.39,"D"
"1424",59.01674,89.57191,343.25,0.44,0.38,"2026-07-09",652,"N20","nominal","2.0NRT",295.89,11.19,"D"
"1425",59.02199,89.58558,325.24,0.44,0.38,"2026-07-09",652,"N20","low","2.0NRT",297.01,11.06,"D"
"1426",59.02111,89.578,342.58,0.44,0.38,"2026-07-09",652,"N20","nominal","2.0NRT",287.62,11.06,"D"
"1427",59.02023,89.57043,332.74,0.44,0.38,"2026-07-09",652,"N20","nominal","2.0NRT",290.09,4.14,"D"
"1428",59.02634,89.59165,337.73,0.44,0.38,"2026-07-09",652,"N20","nominal","2.0NRT",294.09,4.03,"D"
"1429",59.02547,89.58408,337.64,0.44,0.38,"2026-07-09",652,"N20","nominal","2.0NRT",301.29,11.06,"D"
"1430",59.02459,89.5765,338.62,0.44,0.38,"2026-07-09",652,"N20","nominal","2.0NRT",305.78,11.06,"D"
"1431",59.03595,89.61143,351.86,0.44,0.38,"2026-07-09",652,"N20","nominal","2.0NRT",296.63,11.81,"D"
"1432",59.03524,89.61226,346.45,0.44,0.38,"2026-07-09",652,"N20","nominal","2.0NRT",293.2,4.03,"D"
"1433",59.03873,89.61077,346.87,0.44,0.38,"2026-07-09",652,"N20","nominal","2.0NRT",307.91,21.52,"D"
"1434",59.04221,89.60931,343.47,0.44,0.38,"2026-07-09",652,"N20","nominal","2.0NRT",298.98,21.52,"D"
"1435",59.08752,89.49432,331.45,0.44,0.38,"2026-07-09",652,"N20","nominal","2.0NRT",295.51,4.41,"D"
"1436",59.26622,90.95589,342.19,0.48,0.4,"2026-07-09",652,"N20","nominal","2.0NRT",300.82,26.31,"D"
"1437",59.26986,90.95448,343.87,0.48,0.4,"2026-07-09",652,"N20","nominal","2.0NRT",299.31,26.31,"D"
"1438",56.38092,74.61091,345.51,0.45,0.47,"2026-07-09",652,"N20","nominal","2.0NRT",297.38,8.5,"D"
"1439",56.38295,74.60692,335.47,0.45,0.47,"2026-07-09",652,"N20","nominal","2.0NRT",297.52,4.54,"D"
"1440",59.33204,91.2891,340.19,0.49,0.4,"2026-07-09",652,"N20","nominal","2.0NRT",283.08,5.08,"D"
"1441",57.42776,78.70061,329.78,0.48,0.4,"2026-07-09",652,"N20","nominal","2.0NRT",297.92,5.53,"D"
"1442",57.42616,78.69315,327.66,0.48,0.4,"2026-07-09",652,"N20","nominal","2.0NRT",301.24,5.56,"D"
"1443",57.70744,80.02351,342.87,0.44,0.38,"2026-07-09",652,"N20","nominal","2.0NRT",299.62,11.15,"D"
"1444",57.51431,79.01343,332.74,0.47,0.39,"2026-07-09",652,"N20","nominal","2.0NRT",301.63,3.43,"D"
"1445",59.28043,89.84617,343.9,0.45,0.39,"2026-07-09",652,"N20","nominal","2.0NRT",290,16.14,"D"
"1446",59.35224,90.39073,351.33,0.46,0.39,"2026-07-09",652,"N20","nominal","2.0NRT",299.38,26.49,"D"
"1447",59.35138,90.38263,343.88,0.46,0.39,"2026-07-09",652,"N20","nominal","2.0NRT",297.65,26.49,"D"
"1448",59.34967,90.36642,354.09,0.46,0.39,"2026-07-09",652,"N20","nominal","2.0NRT",292.71,12.93,"D"
"1449",59.29633,89.87304,329.43,0.45,0.39,"2026-07-09",652,"N20","nominal","2.0NRT",287.88,2.01,"D"
"1450",59.28248,89.7479,349.56,0.45,0.39,"2026-07-09",652,"N20","nominal","2.0NRT",291.5,9.62,"D"
"1451",59.35581,90.38923,352.4,0.46,0.39,"2026-07-09",652,"N20","nominal","2.0NRT",297.85,15.29,"D"
"1452",59.35066,90.34068,350.35,0.46,0.39,"2026-07-09",652,"N20","nominal","2.0NRT",306.88,19.15,"D"
"1453",59.3498,90.33259,348.25,0.46,0.39,"2026-07-09",652,"N20","nominal","2.0NRT",301.59,19.15,"D"
"1454",59.29986,89.87154,330.79,0.45,0.39,"2026-07-09",652,"N20","nominal","2.0NRT",290.92,3.8,"D"
"1455",59.36024,90.39581,343.15,0.46,0.39,"2026-07-09",652,"N20","nominal","2.0NRT",291.92,12.6,"D"
"1456",59.35938,90.38769,335.06,0.46,0.39,"2026-07-09",652,"N20","nominal","2.0NRT",296.48,15.29,"D"
"1457",59.35423,90.33921,349.14,0.46,0.39,"2026-07-09",652,"N20","nominal","2.0NRT",298.63,19.15,"D"
"1458",59.35337,90.33113,334.42,0.46,0.39,"2026-07-09",652,"N20","nominal","2.0NRT",294.53,19.15,"D"
"1459",59.36382,90.39429,337.11,0.46,0.39,"2026-07-09",652,"N20","nominal","2.0NRT",296.08,10.81,"D"
"1460",59.37429,90.45802,342.9,0.47,0.39,"2026-07-09",652,"N20","nominal","2.0NRT",293.32,18.88,"D"
"1461",59.36825,90.40099,344.28,0.46,0.39,"2026-07-09",652,"N20","nominal","2.0NRT",296.64,10.81,"D"
"1462",59.29565,89.73405,328.48,0.45,0.39,"2026-07-09",652,"N20","nominal","2.0NRT",293.1,2.64,"D"
"1463",59.37701,90.44836,336.88,0.46,0.39,"2026-07-09",652,"N20","nominal","2.0NRT",295.1,8.34,"D"
"1464",59.37183,90.39951,333.17,0.46,0.39,"2026-07-09",652,"N20","nominal","2.0NRT",294.71,7.74,"D"
"1465",59.38492,90.48788,348.01,0.47,0.39,"2026-07-09",652,"N20","nominal","2.0NRT",292.91,10.4,"D"
"1466",59.37972,90.4387,335.36,0.46,0.39,"2026-07-09",652,"N20","nominal","2.0NRT",295.81,8.34,"D"
"1467",59.37713,90.41425,343.64,0.46,0.39,"2026-07-09",652,"N20","nominal","2.0NRT",296.21,18.78,"D"
"1468",59.37627,90.40614,354.52,0.46,0.39,"2026-07-09",652,"N20","nominal","2.0NRT",300.79,18.78,"D"
"1469",59.3754,90.39801,347.96,0.46,0.39,"2026-07-09",652,"N20","nominal","2.0NRT",295.85,7.74,"D"
"1470",59.38851,90.4864,342.55,0.47,0.39,"2026-07-09",652,"N20","nominal","2.0NRT",297.09,11.41,"D"
"1471",59.3833,90.43723,344.81,0.46,0.39,"2026-07-09",652,"N20","nominal","2.0NRT",296.99,8.53,"D"
"1472",59.38157,90.4209,344.58,0.46,0.39,"2026-07-09",652,"N20","nominal","2.0NRT",300.16,20.38,"D"
"1473",59.37985,90.40465,338.01,0.46,0.39,"2026-07-09",652,"N20","nominal","2.0NRT",296.9,38.83,"D"
"1474",59.37897,90.39652,355.84,0.46,0.39,"2026-07-09",652,"N20","nominal","2.0NRT",299.26,17,"D"
"1475",59.37467,90.35607,339.75,0.46,0.39,"2026-07-09",652,"N20","nominal","2.0NRT",288.17,12.11,"D"
"1476",57.46436,78.43009,332.3,0.48,0.4,"2026-07-09",652,"N20","nominal","2.0NRT",299.07,3.58,"D"
"1477",59.38775,90.44394,332.11,0.46,0.39,"2026-07-09",652,"N20","nominal","2.0NRT",297.37,8.53,"D"
"1478",59.38688,90.43575,343.96,0.46,0.39,"2026-07-09",652,"N20","nominal","2.0NRT",301.63,8.53,"D"
"1479",59.38602,90.42758,345.65,0.46,0.39,"2026-07-09",652,"N20","nominal","2.0NRT",296.22,20.38,"D"
"1480",59.38429,90.41132,335.21,0.46,0.39,"2026-07-09",652,"N20","nominal","2.0NRT",297.24,38.83,"D"
"1481",59.39654,90.49162,339.07,0.47,0.39,"2026-07-09",652,"N20","nominal","2.0NRT",290.66,4.5,"D"
"1482",59.3896,90.42612,338.05,0.46,0.39,"2026-07-09",652,"N20","nominal","2.0NRT",296.03,7.63,"D"
"1483",59.37662,90.30466,331.8,0.46,0.39,"2026-07-09",652,"N20","nominal","2.0NRT",291.85,3.64,"D"
"1484",59.38019,90.30319,333.22,0.46,0.39,"2026-07-09",652,"N20","nominal","2.0NRT",286.67,3.64,"D"
"1485",59.44275,90.82581,331.23,0.48,0.4,"2026-07-09",652,"N20","nominal","2.0NRT",288.03,3.09,"D"
"1486",59.45278,90.81329,329.03,0.48,0.4,"2026-07-09",652,"N20","nominal","2.0NRT",285.05,2.57,"D"
"1487",59.44241,90.43048,336.71,0.47,0.39,"2026-07-09",652,"N20","nominal","2.0NRT",290.4,5.43,"D"
"1488",59.42485,90.26816,346.81,0.46,0.39,"2026-07-09",652,"N20","nominal","2.0NRT",295.81,7.02,"D"
"1489",58.60015,84.13593,325.24,0.38,0.36,"2026-07-09",652,"N20","nominal","2.0NRT",293.17,1.52,"D"
"1490",59.44599,90.42902,344.44,0.47,0.39,"2026-07-09",652,"N20","nominal","2.0NRT",290.35,5.43,"D"
"1491",59.4451,90.42081,329.21,0.46,0.39,"2026-07-09",652,"N20","nominal","2.0NRT",288.35,2.34,"D"
"1492",59.44588,90.42947,335.25,0.47,0.39,"2026-07-09",652,"N20","nominal","2.0NRT",290.28,3.8,"D"
"1493",59.44503,90.42126,326.06,0.47,0.39,"2026-07-09",652,"N20","nominal","2.0NRT",287.95,3.8,"D"
"1494",59.43293,90.09724,342.03,0.46,0.39,"2026-07-09",652,"N20","nominal","2.0NRT",288.89,7.48,"D"
"1495",58.70852,84.53461,330.4,0.38,0.36,"2026-07-09",652,"N20","nominal","2.0NRT",294.5,2.23,"D"
"1496",58.71474,84.55205,339.49,0.38,0.36,"2026-07-09",652,"N20","nominal","2.0NRT",294.39,15.47,"D"
"1497",58.71373,84.54561,348.67,0.38,0.36,"2026-07-09",652,"N20","nominal","2.0NRT",307.89,27.49,"D"
"1498",58.71171,84.53275,331.95,0.38,0.36,"2026-07-09",652,"N20","nominal","2.0NRT",295.39,4.26,"D"
"1499",58.71896,84.55663,336.54,0.38,0.36,"2026-07-09",652,"N20","nominal","2.0NRT",302.82,15.47,"D"
"1500",58.71795,84.55019,353.78,0.38,0.36,"2026-07-09",652,"N20","nominal","2.0NRT",305.26,15.47,"D"
"1501",58.71694,84.54375,353.31,0.38,0.36,"2026-07-09",652,"N20","nominal","2.0NRT",304.76,27.49,"D"
"1502",58.72418,84.56764,330,0.38,0.36,"2026-07-09",652,"N20","nominal","2.0NRT",292.19,6.62,"D"
"1503",58.72317,84.5612,342.66,0.38,0.36,"2026-07-09",652,"N20","nominal","2.0NRT",293.62,6.62,"D"
"1504",58.72216,84.55477,347.22,0.38,0.36,"2026-07-09",652,"N20","nominal","2.0NRT",295.92,10.29,"D"
"1505",58.72014,84.54189,335.74,0.38,0.36,"2026-07-09",652,"N20","nominal","2.0NRT",296.53,3.36,"D"
"1506",58.7284,84.57222,329.84,0.38,0.36,"2026-07-09",652,"N20","nominal","2.0NRT",291.12,2.75,"D"
"1507",58.72739,84.56579,345.43,0.38,0.36,"2026-07-09",652,"N20","nominal","2.0NRT",295.54,6.62,"D"
"1508",58.72334,84.54004,342.86,0.38,0.36,"2026-07-09",652,"N20","nominal","2.0NRT",298.75,3.36,"D"
"1509",59.5041,90.41422,333.74,0.47,0.39,"2026-07-09",652,"N20","nominal","2.0NRT",289.52,9.73,"D"
"1510",59.50769,90.41275,345.9,0.47,0.39,"2026-07-09",652,"N20","nominal","2.0NRT",293.27,9.73,"D"
"1511",59.40369,89.46857,341.79,0.44,0.38,"2026-07-09",652,"N20","nominal","2.0NRT",282.55,4.74,"D"
"1512",59.54267,90.3899,345.7,0.47,0.39,"2026-07-09",652,"N20","nominal","2.0NRT",289.98,13.86,"D"
"1513",58.50867,82.79607,329.74,0.39,0.36,"2026-07-09",652,"N20","nominal","2.0NRT",294.06,12.55,"D"
"1514",59.33549,88.39446,338.28,0.42,0.38,"2026-07-09",652,"N20","nominal","2.0NRT",290.16,3.56,"D"
"1515",58.51075,82.7876,325.97,0.39,0.36,"2026-07-09",652,"N20","nominal","2.0NRT",293.32,12.55,"D"
"1516",59.14284,86.55943,337.94,0.39,0.37,"2026-07-09",652,"N20","nominal","2.0NRT",290.37,4.66,"D"
"1517",59.14798,86.57124,338.8,0.39,0.37,"2026-07-09",652,"N20","nominal","2.0NRT",289.81,5.67,"D"
"1518",59.14611,86.55771,325.2,0.39,0.37,"2026-07-09",652,"N20","nominal","2.0NRT",289.68,4.66,"D"
"1519",59.6467,90.66828,345.04,0.47,0.4,"2026-07-09",652,"N20","nominal","2.0NRT",292.89,5.93,"D"
"1520",59.16433,86.66438,339.33,0.4,0.37,"2026-07-09",652,"N20","nominal","2.0NRT",282.27,9.19,"D"
"1521",59.16247,86.65079,335.59,0.4,0.37,"2026-07-09",652,"N20","nominal","2.0NRT",283.98,18.31,"D"
"1522",59.16153,86.64402,333.9,0.4,0.37,"2026-07-09",652,"N20","nominal","2.0NRT",285.06,18.31,"D"
"1523",59.1606,86.63724,356.28,0.4,0.37,"2026-07-09",652,"N20","nominal","2.0NRT",290.86,117.32,"D"
"1524",59.15967,86.63046,350.43,0.4,0.37,"2026-07-09",652,"N20","nominal","2.0NRT",287.82,117.32,"D"
"1525",59.16388,86.63553,367,0.4,0.37,"2026-07-09",652,"N20","high","2.0NRT",337.42,117.32,"D"
"1526",59.16295,86.62876,367,0.4,0.37,"2026-07-09",652,"N20","high","2.0NRT",334.45,117.32,"D"
"1527",59.65033,90.66692,336.79,0.47,0.4,"2026-07-09",652,"N20","nominal","2.0NRT",290.46,5.93,"D"
"1528",59.16481,86.64231,343.75,0.4,0.37,"2026-07-09",652,"N20","nominal","2.0NRT",295.24,18.31,"D"
"1529",59.16108,86.61522,343.24,0.4,0.37,"2026-07-09",652,"N20","nominal","2.0NRT",282.85,12.55,"D"
"1530",59.15266,86.55428,330.07,0.39,0.37,"2026-07-09",652,"N20","nominal","2.0NRT",290.27,3.16,"D"
"1531",59.16809,86.6406,367,0.4,0.37,"2026-07-09",652,"N20","high","2.0NRT",337.6,159.37,"D"
"1532",59.16903,86.64738,337.15,0.4,0.37,"2026-07-09",652,"N20","nominal","2.0NRT",287.65,159.37,"D"
"1533",59.16529,86.62028,346.17,0.4,0.37,"2026-07-09",652,"N20","nominal","2.0NRT",303.39,25.77,"D"
"1534",59.17043,86.63211,351.09,0.4,0.37,"2026-07-09",652,"N20","nominal","2.0NRT",313.05,101.24,"D"
"1535",59.1695,86.62534,351.43,0.4,0.37,"2026-07-09",652,"N20","nominal","2.0NRT",299.93,101.24,"D"
"1536",59.16856,86.61857,350.88,0.4,0.37,"2026-07-09",652,"N20","nominal","2.0NRT",289.3,25.77,"D"
"1537",59.17371,86.6304,352.87,0.4,0.37,"2026-07-09",652,"N20","nominal","2.0NRT",298.83,21.4,"D"
"1538",59.17278,86.62363,355.65,0.4,0.37,"2026-07-09",652,"N20","nominal","2.0NRT",303.3,21.4,"D"
"1539",59.17184,86.61684,350.26,0.4,0.37,"2026-07-09",652,"N20","nominal","2.0NRT",290.5,5.82,"D"
"1540",59.16997,86.60331,343.45,0.4,0.37,"2026-07-09",652,"N20","nominal","2.0NRT",291.34,11.39,"D"
"1541",59.16716,86.58299,335.99,0.4,0.37,"2026-07-09",652,"N20","nominal","2.0NRT",298.46,5.19,"D"
"1542",59.17465,86.63718,356.45,0.4,0.37,"2026-07-09",652,"N20","low","2.0NRT",288.14,52.4,"D"
"1543",59.1798,86.64905,347.73,0.4,0.37,"2026-07-09",652,"N20","nominal","2.0NRT",298.47,70.57,"D"
"1544",59.17699,86.6287,352.24,0.4,0.37,"2026-07-09",652,"N20","nominal","2.0NRT",299.39,21.4,"D"
"1545",59.17606,86.62192,355.95,0.4,0.37,"2026-07-09",652,"N20","nominal","2.0NRT",293.29,21.4,"D"
"1546",59.17512,86.61514,349.1,0.4,0.37,"2026-07-09",652,"N20","nominal","2.0NRT",288.32,5.82,"D"
"1547",59.17418,86.60837,347.27,0.4,0.37,"2026-07-09",652,"N20","nominal","2.0NRT",285.06,5.82,"D"
"1548",59.17886,86.64227,356.34,0.4,0.37,"2026-07-09",652,"N20","low","2.0NRT",287.28,52.4,"D"
"1549",59.18121,86.63377,354.4,0.4,0.37,"2026-07-09",652,"N20","nominal","2.0NRT",296.81,23.36,"D"
"1550",59.18027,86.62699,349.19,0.4,0.37,"2026-07-09",652,"N20","nominal","2.0NRT",304.57,11.25,"D"
"1551",59.17933,86.62022,343.38,0.4,0.37,"2026-07-09",652,"N20","nominal","2.0NRT",291.05,11.25,"D"
"1552",59.1784,86.61343,348.11,0.4,0.37,"2026-07-09",652,"N20","nominal","2.0NRT",295.62,9.96,"D"
"1553",59.17746,86.60666,349.39,0.4,0.37,"2026-07-09",652,"N20","nominal","2.0NRT",285.69,9.96,"D"
"1554",59.17653,86.59988,338.06,0.4,0.37,"2026-07-09",652,"N20","nominal","2.0NRT",285.84,5.72,"D"
"1555",59.18308,86.64735,356.58,0.4,0.37,"2026-07-09",652,"N20","low","2.0NRT",287.57,7.51,"D"
"1556",59.18214,86.64056,356.58,0.4,0.37,"2026-07-09",652,"N20","low","2.0NRT",289.61,23.36,"D"
"1557",59.18636,86.64565,338.15,0.4,0.37,"2026-07-09",652,"N20","nominal","2.0NRT",288.27,7.51,"D"
"1558",59.18261,86.61852,344.23,0.4,0.37,"2026-07-09",652,"N20","nominal","2.0NRT",288.97,11.25,"D"
"1559",59.18167,86.61172,348.6,0.4,0.37,"2026-07-09",652,"N20","nominal","2.0NRT",300.47,9.96,"D"
"1560",59.17605,86.5711,345.94,0.39,0.37,"2026-07-09",652,"N20","nominal","2.0NRT",297.13,16.6,"D"
"1561",59.18355,86.62528,356.55,0.4,0.37,"2026-07-09",652,"N20","low","2.0NRT",286.79,11.25,"D"
"1562",59.1887,86.63715,342.28,0.4,0.37,"2026-07-09",652,"N20","nominal","2.0NRT",288.16,5.67,"D"
"1563",59.18682,86.62357,349.68,0.4,0.37,"2026-07-09",652,"N20","nominal","2.0NRT",285.71,10.86,"D"
"1564",59.18588,86.6168,348.06,0.4,0.37,"2026-07-09",652,"N20","nominal","2.0NRT",296.07,10.86,"D"
"1565",59.1901,86.62186,348.33,0.4,0.37,"2026-07-09",652,"N20","nominal","2.0NRT",290.45,10.86,"D"
"1566",59.18916,86.6151,338.47,0.4,0.37,"2026-07-09",652,"N20","nominal","2.0NRT",295.11,10.86,"D"
"1567",59.19338,86.62016,338.12,0.4,0.37,"2026-07-09",652,"N20","nominal","2.0NRT",284.17,5.47,"D"
"1568",59.20321,86.66599,347.63,0.4,0.37,"2026-07-09",652,"N20","nominal","2.0NRT",292.03,5.04,"D"
"1569",59.1976,86.62524,353.74,0.4,0.37,"2026-07-09",652,"N20","nominal","2.0NRT",297.72,13.86,"D"
"1570",59.19666,86.61846,335.86,0.4,0.37,"2026-07-09",652,"N20","nominal","2.0NRT",290.3,5.47,"D"
"1571",59.20181,86.63033,349.3,0.4,0.37,"2026-07-09",652,"N20","nominal","2.0NRT",302.19,26.33,"D"
"1572",59.20603,86.63541,346.21,0.4,0.37,"2026-07-09",652,"N20","nominal","2.0NRT",296.09,9.8,"D"
"1573",59.20704,86.63402,347.28,0.4,0.37,"2026-07-09",652,"N20","nominal","2.0NRT",294.4,10.4,"D"
"1574",59.21639,86.651,338.75,0.4,0.37,"2026-07-09",652,"N20","nominal","2.0NRT",285.12,4.43,"D"
"1575",58.98257,84.98138,354.15,0.38,0.36,"2026-07-09",652,"N20","nominal","2.0NRT",294.55,9.41,"D"
"1576",58.98158,84.97487,328.93,0.38,0.36,"2026-07-09",652,"N20","nominal","2.0NRT",291.16,9.41,"D"
"1577",58.98578,84.97955,343.21,0.38,0.36,"2026-07-09",652,"N20","nominal","2.0NRT",293.13,9.41,"D"
"1578",59.2323,86.6646,336.7,0.4,0.37,"2026-07-09",652,"N20","nominal","2.0NRT",287.49,5.87,"D"
"1579",59.22298,86.59657,344.26,0.4,0.37,"2026-07-09",652,"N20","nominal","2.0NRT",310.34,19.2,"D"
"1580",58.98998,84.98422,344.95,0.38,0.36,"2026-07-09",652,"N20","nominal","2.0NRT",311.5,41.62,"D"
"1581",58.78572,83.69064,339.89,0.39,0.36,"2026-07-09",652,"N20","nominal","2.0NRT",309.27,110.07,"D"
"1582",58.78255,83.67132,325.9,0.39,0.36,"2026-07-09",652,"N20","low","2.0NRT",298.13,2.97,"D"
"1583",59.68404,90.38484,329.8,0.47,0.4,"2026-07-09",652,"N20","nominal","2.0NRT",281.67,2.4,"D"
"1584",59.23651,86.66969,332.18,0.4,0.37,"2026-07-09",652,"N20","nominal","2.0NRT",288.25,4.15,"D"
"1585",59.22719,86.60165,329.67,0.4,0.37,"2026-07-09",652,"N20","nominal","2.0NRT",291.73,3.85,"D"
"1586",59.22626,86.59486,341.09,0.4,0.37,"2026-07-09",652,"N20","nominal","2.0NRT",291.34,19.2,"D"
"1587",58.99419,84.98891,330.1,0.38,0.36,"2026-07-09",652,"N20","nominal","2.0NRT",291.82,41.62,"D"
"1588",58.78574,83.66937,332.71,0.39,0.36,"2026-07-09",652,"N20","nominal","2.0NRT",293.1,2.97,"D"
"1589",59.2398,86.66799,339.66,0.4,0.37,"2026-07-09",652,"N20","nominal","2.0NRT",290.34,10.73,"D"
"1590",59.24307,86.66628,349.68,0.4,0.37,"2026-07-09",652,"N20","nominal","2.0NRT",294.7,10.73,"D"
"1591",59.24215,86.65947,326.75,0.4,0.37,"2026-07-09",652,"N20","nominal","2.0NRT",292.5,7.45,"D"
"1592",59.0016,84.99176,335.61,0.38,0.36,"2026-07-09",652,"N20","nominal","2.0NRT",291.85,3.03,"D"
"1593",59.00061,84.98524,334.89,0.38,0.36,"2026-07-09",652,"N20","nominal","2.0NRT",294.06,5.03,"D"
"1594",59.24542,86.65778,329.46,0.4,0.37,"2026-07-09",652,"N20","nominal","2.0NRT",290.14,2.27,"D"
"1595",59.00481,84.98992,341.49,0.38,0.36,"2026-07-09",652,"N20","nominal","2.0NRT",293.77,5.19,"D"
"1596",59.00383,84.98341,326.86,0.38,0.36,"2026-07-09",652,"N20","nominal","2.0NRT",293.67,6.76,"D"
"1597",59.00703,84.98158,346.2,0.38,0.36,"2026-07-09",652,"N20","nominal","2.0NRT",298.42,6.76,"D"
"1598",58.99613,84.9099,346.7,0.38,0.36,"2026-07-09",652,"N20","nominal","2.0NRT",290.64,5.23,"D"
"1599",58.99513,84.90338,344.07,0.38,0.36,"2026-07-09",652,"N20","nominal","2.0NRT",296.99,16.41,"D"
"1600",59.70286,90.3857,327.7,0.47,0.4,"2026-07-09",652,"N20","nominal","2.0NRT",283.82,5.23,"D"
"1601",59.702,90.37747,329.08,0.47,0.4,"2026-07-09",652,"N20","nominal","2.0NRT",289.61,46.69,"D"
"1602",59.01025,84.97974,347.5,0.38,0.36,"2026-07-09",652,"N20","nominal","2.0NRT",297.32,14.57,"D"
"1603",58.99934,84.90807,344.89,0.38,0.36,"2026-07-09",652,"N20","nominal","2.0NRT",294.49,10.25,"D"
"1604",58.8406,83.89819,333.09,0.38,0.36,"2026-07-09",652,"N20","nominal","2.0NRT",292.67,3.58,"D"
"1605",59.70113,90.36923,367,0.47,0.39,"2026-07-09",652,"N20","low","2.0NRT",330.52,46.69,"D"
"1606",59.70472,90.36772,349.73,0.47,0.39,"2026-07-09",652,"N20","nominal","2.0NRT",293.14,46.69,"D"
"1607",59.01346,84.9779,342.42,0.38,0.36,"2026-07-09",652,"N20","nominal","2.0NRT",299.38,14.57,"D"
"1608",59.01247,84.97138,334.86,0.38,0.36,"2026-07-09",652,"N20","nominal","2.0NRT",294.36,14.57,"D"
"1609",58.84483,83.90271,332.32,0.38,0.36,"2026-07-09",652,"N20","nominal","2.0NRT",291.76,3.58,"D"
"1610",58.84275,83.8898,342.03,0.38,0.36,"2026-07-09",652,"N20","nominal","2.0NRT",294.07,5.05,"D"
"1611",59.01667,84.97607,329.51,0.38,0.36,"2026-07-09",652,"N20","nominal","2.0NRT",290.51,6.85,"D"
"1612",59.01568,84.96955,328.25,0.38,0.36,"2026-07-09",652,"N20","nominal","2.0NRT",296.75,6.85,"D"
"1613",59.71714,90.41452,336.15,0.47,0.4,"2026-07-09",652,"N20","nominal","2.0NRT",287.51,5.72,"D"
"1614",59.71627,90.4062,332.2,0.47,0.4,"2026-07-09",652,"N20","nominal","2.0NRT",287.17,2.89,"D"
"1615",59.01989,84.97424,329.36,0.38,0.36,"2026-07-09",652,"N20","nominal","2.0NRT",290.63,6.85,"D"
"1616",59.0189,84.96772,346.67,0.38,0.36,"2026-07-09",652,"N20","nominal","2.0NRT",294.48,6.85,"D"
"1617",59.71986,90.4047,335.14,0.47,0.4,"2026-07-09",652,"N20","nominal","2.0NRT",289.36,3.47,"D"
"1618",59.02211,84.96588,351.22,0.38,0.36,"2026-07-09",652,"N20","nominal","2.0NRT",300.62,14.02,"D"
"1619",58.85338,83.89048,330.57,0.38,0.36,"2026-07-09",652,"N20","nominal","2.0NRT",292.92,2.04,"D"
"1620",59.02533,84.96404,339.78,0.38,0.36,"2026-07-09",652,"N20","nominal","2.0NRT",292.04,14.02,"D"
"1621",59.02235,84.94449,345.19,0.38,0.36,"2026-07-09",652,"N20","nominal","2.0NRT",298.09,5.81,"D"
"1622",58.85658,83.88856,327.89,0.38,0.36,"2026-07-09",652,"N20","nominal","2.0NRT",294.26,2.04,"D"
"1623",59.02556,84.94264,348.71,0.38,0.36,"2026-07-09",652,"N20","nominal","2.0NRT",310.42,19.33,"D"
"1624",59.02457,84.93613,335.29,0.38,0.36,"2026-07-09",652,"N20","nominal","2.0NRT",294.22,19.33,"D"
"1625",59.02358,84.9296,353.54,0.38,0.36,"2026-07-09",652,"N20","nominal","2.0NRT",295.95,16.31,"D"
"1626",59.02258,84.92309,343.34,0.38,0.36,"2026-07-09",652,"N20","nominal","2.0NRT",295.44,16.31,"D"
"1627",59.02159,84.91656,325.73,0.38,0.36,"2026-07-09",652,"N20","nominal","2.0NRT",291.57,22.21,"D"
"1628",59.0196,84.90353,349.77,0.38,0.36,"2026-07-09",652,"N20","nominal","2.0NRT",291.53,6.6,"D"
"1629",59.0186,84.89701,337.31,0.38,0.36,"2026-07-09",652,"N20","nominal","2.0NRT",291.14,6.6,"D"
"1630",59.02877,84.9408,332.32,0.38,0.36,"2026-07-09",652,"N20","nominal","2.0NRT",291.78,19.33,"D"
"1631",59.02778,84.93429,348.74,0.38,0.36,"2026-07-09",652,"N20","nominal","2.0NRT",308.31,19.33,"D"
"1632",59.02679,84.92776,351.01,0.38,0.36,"2026-07-09",652,"N20","nominal","2.0NRT",307.15,16.31,"D"
"1633",59.02579,84.92124,355.1,0.38,0.36,"2026-07-09",652,"N20","nominal","2.0NRT",304.26,16.31,"D"
"1634",59.0248,84.91473,353.7,0.38,0.36,"2026-07-09",652,"N20","nominal","2.0NRT",302.89,22.21,"D"
"1635",59.0238,84.9082,345.45,0.38,0.36,"2026-07-09",652,"N20","nominal","2.0NRT",308.91,22.21,"D"
"1636",59.03199,84.93897,345.82,0.38,0.36,"2026-07-09",652,"N20","nominal","2.0NRT",297.49,10.37,"D"
"1637",59.03099,84.93245,355.74,0.38,0.36,"2026-07-09",652,"N20","nominal","2.0NRT",298.23,10.37,"D"
"1638",59.03,84.92593,338.71,0.38,0.36,"2026-07-09",652,"N20","nominal","2.0NRT",297.44,12.95,"D"
"1639",59.02901,84.91941,346.71,0.38,0.36,"2026-07-09",652,"N20","nominal","2.0NRT",298.5,12.95,"D"
"1640",59.02801,84.91289,344.41,0.38,0.36,"2026-07-09",652,"N20","nominal","2.0NRT",309.85,21.83,"D"
"1641",59.02702,84.90637,352.33,0.38,0.36,"2026-07-09",652,"N20","nominal","2.0NRT",296.47,21.83,"D"
"1642",58.8745,83.93441,330.15,0.38,0.36,"2026-07-09",652,"N20","nominal","2.0NRT",293.22,3.37,"D"
"1643",59.0352,84.93713,335.98,0.38,0.36,"2026-07-09",652,"N20","nominal","2.0NRT",292.31,10.37,"D"
"1644",59.03421,84.93061,325.33,0.38,0.36,"2026-07-09",652,"N20","low","2.0NRT",298.32,10.37,"D"
"1645",59.03321,84.92409,348.68,0.38,0.36,"2026-07-09",652,"N20","nominal","2.0NRT",298.06,12.95,"D"
"1646",59.03222,84.91756,345.66,0.38,0.36,"2026-07-09",652,"N20","nominal","2.0NRT",298.85,12.95,"D"
"1647",59.03122,84.91105,349.58,0.38,0.36,"2026-07-09",652,"N20","nominal","2.0NRT",302.38,21.83,"D"
"1648",59.03023,84.90453,354.97,0.38,0.36,"2026-07-09",652,"N20","nominal","2.0NRT",298.68,21.83,"D"
"1649",58.6356,82.49115,340.25,0.39,0.36,"2026-07-09",652,"N20","nominal","2.0NRT",301.91,8.05,"D"
"1650",58.63446,82.48466,325.56,0.39,0.36,"2026-07-09",652,"N20","low","2.0NRT",297.83,8.05,"D"
"1651",59.0394,84.94181,330.55,0.38,0.36,"2026-07-09",652,"N20","nominal","2.0NRT",292.06,9.63,"D"
"1652",59.03841,84.93529,340.72,0.38,0.36,"2026-07-09",652,"N20","nominal","2.0NRT",305.94,13.38,"D"
"1653",59.03643,84.92225,327.93,0.38,0.36,"2026-07-09",652,"N20","low","2.0NRT",301.59,4.65,"D"
"1654",59.03543,84.91573,331.19,0.38,0.36,"2026-07-09",652,"N20","nominal","2.0NRT",295.8,4.65,"D"
"1655",59.03444,84.9092,347.84,0.38,0.36,"2026-07-09",652,"N20","nominal","2.0NRT",295.28,17.6,"D"
"1656",58.87985,83.9241,325.86,0.38,0.36,"2026-07-09",652,"N20","nominal","2.0NRT",294.58,2.5,"D"
"1657",58.6388,82.48909,347.62,0.39,0.36,"2026-07-09",652,"N20","nominal","2.0NRT",301.98,7.16,"D"
"1658",58.63766,82.4826,336.93,0.39,0.36,"2026-07-09",652,"N20","nominal","2.0NRT",297.97,7.16,"D"
"1659",59.04261,84.93997,345.43,0.38,0.36,"2026-07-09",652,"N20","nominal","2.0NRT",293.88,9.63,"D"
"1660",59.04162,84.93345,334.63,0.38,0.36,"2026-07-09",652,"N20","nominal","2.0NRT",302.28,13.38,"D"
"1661",59.03963,84.9204,335.6,0.38,0.36,"2026-07-09",652,"N20","nominal","2.0NRT",298.6,4.65,"D"
"1662",59.03864,84.91388,353.58,0.38,0.36,"2026-07-09",652,"N20","nominal","2.0NRT",299.27,4.65,"D"
"1663",58.64427,82.50002,343.49,0.39,0.36,"2026-07-09",652,"N20","nominal","2.0NRT",299.14,5.64,"D"
"1664",59.04583,84.93813,338.31,0.38,0.36,"2026-07-09",652,"N20","nominal","2.0NRT",293.33,4.85,"D"
"1665",59.04483,84.9316,328.2,0.38,0.36,"2026-07-09",652,"N20","low","2.0NRT",302.11,3.86,"D"
"1666",59.04285,84.91856,347.63,0.38,0.36,"2026-07-09",652,"N20","nominal","2.0NRT",304.8,21.82,"D"
"1667",58.64748,82.49796,325.94,0.39,0.36,"2026-07-09",652,"N20","nominal","2.0NRT",296.56,1.99,"D"
"1668",59.05003,84.94282,328.99,0.38,0.36,"2026-07-09",652,"N20","nominal","2.0NRT",290.38,4.85,"D"
"1669",59.04904,84.93629,336.98,0.38,0.36,"2026-07-09",652,"N20","nominal","2.0NRT",300.65,4.85,"D"
"1670",59.04705,84.92325,331.33,0.38,0.36,"2026-07-09",652,"N20","nominal","2.0NRT",298.39,3.86,"D"
"1671",59.04605,84.91673,351.07,0.38,0.36,"2026-07-09",652,"N20","nominal","2.0NRT",302.11,21.82,"D"
"1672",59.04507,84.9102,326.04,0.38,0.36,"2026-07-09",652,"N20","nominal","2.0NRT",294.01,21.82,"D"
"1673",59.05225,84.93446,338.24,0.38,0.36,"2026-07-09",652,"N20","nominal","2.0NRT",297.23,9.18,"D"
"1674",59.04927,84.91488,325.11,0.38,0.36,"2026-07-09",652,"N20","nominal","2.0NRT",292.88,1.85,"D"
"1675",59.06089,84.9224,332.73,0.38,0.36,"2026-07-09",652,"N20","nominal","2.0NRT",293.95,3.26,"D"
"1676",59.0651,84.92709,347.83,0.38,0.36,"2026-07-09",652,"N20","nominal","2.0NRT",298.2,9.89,"D"
"1677",59.11947,85.12899,343.94,0.39,0.36,"2026-07-09",652,"N20","nominal","2.0NRT",290.35,6.48,"D"
"1678",59.12788,85.13845,337.11,0.39,0.36,"2026-07-09",652,"N20","nominal","2.0NRT",292.65,4.39,"D"
"1679",59.13109,85.13663,346.09,0.39,0.36,"2026-07-09",652,"N20","nominal","2.0NRT",295.18,5.26,"D"
"1680",59.90343,90.61856,332.79,0.48,0.4,"2026-07-09",652,"N20","nominal","2.0NRT",285.63,6.47,"D"
"1681",59.90128,90.61114,331.13,0.48,0.4,"2026-07-09",652,"N20","nominal","2.0NRT",289.33,3.89,"D"
"1682",58.15657,78.90296,335.63,0.46,0.39,"2026-07-09",652,"N20","nominal","2.0NRT",303.67,18.74,"D"
"1683",59.12515,84.1718,338.51,0.38,0.36,"2026-07-09",652,"N20","nominal","2.0NRT",290.98,4.57,"D"
"1684",59.12629,84.15688,331.38,0.38,0.36,"2026-07-09",652,"N20","nominal","2.0NRT",288.76,3.98,"D"
"1685",59.12949,84.15497,347.61,0.38,0.36,"2026-07-09",652,"N20","nominal","2.0NRT",291.6,3.98,"D"
"1686",59.13268,84.15305,326.6,0.38,0.36,"2026-07-09",652,"N20","nominal","2.0NRT",289.74,4.15,"D"
"1687",60.43379,96.26012,333.04,0.48,0.48,"2026-07-09",652,"N20","nominal","2.0NRT",281.48,7.07,"D"
"1688",60.43325,96.25109,344.95,0.48,0.48,"2026-07-09",652,"N20","nominal","2.0NRT",283.53,7.43,"D"
"1689",60.43763,96.24928,343.93,0.48,0.48,"2026-07-09",652,"N20","nominal","2.0NRT",283.15,6.03,"D"
"1690",59.13805,84.14272,326.47,0.38,0.36,"2026-07-09",652,"N20","nominal","2.0NRT",290.65,2.71,"D"
"1691",59.13702,84.13622,327.59,0.38,0.36,"2026-07-09",652,"N20","nominal","2.0NRT",288.91,1.96,"D"
"1692",59.14022,84.1343,328.66,0.38,0.36,"2026-07-09",652,"N20","nominal","2.0NRT",289.28,1.96,"D"
"1693",59.14238,84.12588,328.86,0.38,0.36,"2026-07-09",652,"N20","nominal","2.0NRT",287.53,4.06,"D"
"1694",59.14661,84.13046,338.93,0.38,0.36,"2026-07-09",652,"N20","nominal","2.0NRT",289.45,4.06,"D"
"1695",59.15507,84.13964,336.48,0.38,0.36,"2026-07-09",652,"N20","nominal","2.0NRT",293.23,7.08,"D"
"1696",59.15403,84.13313,350.92,0.38,0.36,"2026-07-09",652,"N20","nominal","2.0NRT",292.6,7.08,"D"
"1697",59.15724,84.13122,344.04,0.38,0.36,"2026-07-09",652,"N20","nominal","2.0NRT",291.29,4.52,"D"
"1698",59.18199,84.26604,329.91,0.38,0.36,"2026-07-09",652,"N20","nominal","2.0NRT",288.59,4.64,"D"
"1699",59.16146,84.1358,327.56,0.38,0.36,"2026-07-09",652,"N20","nominal","2.0NRT",290.35,4.52,"D"
"1700",59.16043,84.1293,328.24,0.38,0.36,"2026-07-09",652,"N20","nominal","2.0NRT",288.55,4.52,"D"
"1701",59.18519,84.26413,347.2,0.38,0.36,"2026-07-09",652,"N20","nominal","2.0NRT",295.28,7.78,"D"
"1702",59.16466,84.13389,329.26,0.38,0.36,"2026-07-09",652,"N20","nominal","2.0NRT",287,2.92,"D"
"1703",59.18839,84.26222,333.54,0.38,0.36,"2026-07-09",652,"N20","nominal","2.0NRT",289.95,7.78,"D"
"1704",59.17685,84.169,327.21,0.38,0.36,"2026-07-09",652,"N20","nominal","2.0NRT",290.6,2.32,"D"
"1705",59.17582,84.16248,326.92,0.38,0.36,"2026-07-09",652,"N20","nominal","2.0NRT",288.96,1.99,"D"
"1706",59.19875,84.24144,352.88,0.38,0.36,"2026-07-09",652,"N20","nominal","2.0NRT",292.26,7.54,"D"
"1707",59.19773,84.23492,339.1,0.38,0.36,"2026-07-09",652,"N20","nominal","2.0NRT",290.51,4.1,"D"
"1708",59.1967,84.2284,338.5,0.38,0.36,"2026-07-09",652,"N20","nominal","2.0NRT",290.51,4.1,"D"
"1709",59.19568,84.22189,340.16,0.38,0.36,"2026-07-09",652,"N20","nominal","2.0NRT",290.9,5.61,"D"
"1710",58.94265,82.60172,345.11,0.39,0.36,"2026-07-09",652,"N20","nominal","2.0NRT",293.51,4.02,"D"
"1711",58.95561,82.61509,328.62,0.39,0.36,"2026-07-09",652,"N20","nominal","2.0NRT",291.41,1.93,"D"
"1712",58.95449,82.60857,346.71,0.39,0.36,"2026-07-09",652,"N20","nominal","2.0NRT",296.16,7.38,"D"
"1713",58.95337,82.60205,344.53,0.39,0.36,"2026-07-09",652,"N20","nominal","2.0NRT",300.2,7.38,"D"
"1714",59.44184,85.52628,337.03,0.39,0.36,"2026-07-09",652,"N20","nominal","2.0NRT",287.6,19.76,"D"
"1715",59.44604,85.53115,346.23,0.39,0.36,"2026-07-09",652,"N20","nominal","2.0NRT",287.85,8.28,"D"
"1716",59.35324,84.62866,339.36,0.38,0.36,"2026-07-09",652,"N20","nominal","2.0NRT",288.32,6.03,"D"
"1717",59.28112,84.14211,356.59,0.38,0.36,"2026-07-09",652,"N20","nominal","2.0NRT",296.16,11.09,"D"
"1718",59.3643,84.61394,336.96,0.38,0.36,"2026-07-09",652,"N20","nominal","2.0NRT",289.57,2.37,"D"
"1719",59.36329,84.60736,330.16,0.38,0.36,"2026-07-09",652,"N20","nominal","2.0NRT",287.36,2.37,"D"
"1720",59.36649,84.60548,328.81,0.38,0.36,"2026-07-09",652,"N20","nominal","2.0NRT",288,2.37,"D"
"1721",57.89596,76.79774,326.1,0.52,0.42,"2026-07-09",652,"N20","nominal","2.0NRT",296.83,2.7,"D"
"1722",57.8995,76.79485,342.58,0.52,0.42,"2026-07-09",652,"N20","nominal","2.0NRT",300.92,9.65,"D"
"1723",59.36149,84.27892,329.15,0.38,0.36,"2026-07-09",652,"N20","nominal","2.0NRT",288.71,3.12,"D"
"1724",59.40051,84.32727,328.98,0.38,0.36,"2026-07-09",652,"N20","nominal","2.0NRT",287.85,1.64,"D"
"1725",59.40473,84.33192,326.15,0.38,0.36,"2026-07-09",652,"N20","nominal","2.0NRT",289.1,3.45,"D"
"1726",59.40371,84.32536,340.37,0.38,0.36,"2026-07-09",652,"N20","nominal","2.0NRT",288.68,3.45,"D"
"1727",59.41113,84.32809,337.69,0.38,0.36,"2026-07-09",652,"N20","nominal","2.0NRT",290.73,2.81,"D"
"1728",59.41433,84.32619,330.22,0.38,0.36,"2026-07-09",652,"N20","nominal","2.0NRT",289.68,2.81,"D"
"1729",59.41856,84.33083,334.65,0.38,0.36,"2026-07-09",652,"N20","nominal","2.0NRT",291.42,8.45,"D"
"1730",59.41754,84.32427,343.97,0.38,0.36,"2026-07-09",652,"N20","nominal","2.0NRT",294.26,15.67,"D"
"1731",59.44017,84.20269,328.7,0.38,0.36,"2026-07-09",652,"N20","nominal","2.0NRT",289.15,1.46,"D"
"1732",58.3905,77.33016,334.81,0.49,0.4,"2026-07-09",652,"N20","nominal","2.0NRT",297.82,4.18,"D"
"1733",60.58049,78.73436,342.11,0.42,0.38,"2026-07-09",654,"N20","nominal","2.0NRT",300.65,5.69,"D"
"1734",60.58232,78.72452,331.97,0.42,0.38,"2026-07-09",654,"N20","nominal","2.0NRT",298.32,5.69,"D"
"1735",60.50054,78.13274,325.33,0.43,0.38,"2026-07-09",654,"N20","nominal","2.0NRT",295.84,1.85,"D"
"1736",59.19813,71.37563,336.25,0.46,0.47,"2026-07-09",654,"N20","nominal","2.0NRT",294.56,6.12,"D"
"1737",61.92114,81.96367,343.1,0.38,0.36,"2026-07-09",654,"N20","nominal","2.0NRT",296.83,4.37,"D"
"1738",59.89032,71.74075,338.67,0.43,0.46,"2026-07-09",654,"N20","nominal","2.0NRT",290.66,7.57,"D"
"1739",61.88335,80.98386,333.48,0.39,0.36,"2026-07-09",654,"N20","nominal","2.0NRT",291.73,2.31,"D"
"1740",61.88217,80.97684,330.09,0.39,0.36,"2026-07-09",654,"N20","nominal","2.0NRT",293.27,2.31,"D"
"1741",61.89086,80.98608,332.8,0.39,0.36,"2026-07-09",654,"N20","nominal","2.0NRT",292.94,1.85,"D"
"1742",62.83112,87.63181,331.19,0.44,0.39,"2026-07-09",654,"N20","nominal","2.0NRT",299.6,5.03,"D"
"1743",62.83459,87.62996,342.35,0.44,0.39,"2026-07-09",654,"N20","nominal","2.0NRT",295.87,5.47,"D"
"1744",61.99091,81.37717,336.95,0.38,0.36,"2026-07-09",654,"N20","nominal","2.0NRT",303.53,4.47,"D"
"1745",62.42661,83.09872,326.61,0.39,0.36,"2026-07-09",654,"N20","nominal","2.0NRT",277.42,0.97,"D"
"1746",62.42554,83.09149,331,0.39,0.36,"2026-07-09",654,"N20","nominal","2.0NRT",278.88,2.05,"D"
"1747",61.90101,79.56488,331.56,0.39,0.37,"2026-07-09",654,"N20","nominal","2.0NRT",289.21,4.31,"D"
"1748",61.89584,79.53638,333.11,0.4,0.37,"2026-07-09",654,"N20","nominal","2.0NRT",292.49,3.87,"D"
"1749",61.89514,79.51245,344.44,0.4,0.37,"2026-07-09",654,"N20","nominal","2.0NRT",296.09,8.45,"D"
"1750",61.90088,79.52413,329.58,0.4,0.37,"2026-07-09",654,"N20","nominal","2.0NRT",291.32,3.59,"D"
"1751",60.53394,72.95397,329.2,0.56,0.43,"2026-07-09",654,"N20","nominal","2.0NRT",289.96,3.21,"D"
"1752",60.49887,72.54253,329.93,0.39,0.44,"2026-07-09",654,"N20","nominal","2.0NRT",290.79,2.75,"D"
"1753",60.5001,72.53993,333.21,0.39,0.44,"2026-07-09",654,"N20","nominal","2.0NRT",290.53,2.55,"D"
"1754",62.41407,81.65619,331.86,0.38,0.36,"2026-07-09",654,"N20","nominal","2.0NRT",299.21,2.79,"D"
"1755",60.46624,72.21027,332.58,0.4,0.44,"2026-07-09",654,"N20","nominal","2.0NRT",290.3,3.22,"D"
"1756",60.46459,72.20383,326.33,0.4,0.44,"2026-07-09",654,"N20","nominal","2.0NRT",290.54,3.2,"D"
"1757",62.5663,82.42361,340.27,0.38,0.36,"2026-07-09",654,"N20","nominal","2.0NRT",299.14,4.85,"D"
"1758",62.56519,82.4164,343.98,0.38,0.36,"2026-07-09",654,"N20","nominal","2.0NRT",299.91,7.01,"D"
"1759",62.56298,82.40199,339.9,0.38,0.36,"2026-07-09",654,"N20","nominal","2.0NRT",305.22,5,"D"
"1760",62.57058,82.42854,328.87,0.38,0.36,"2026-07-09",654,"N20","nominal","2.0NRT",296.3,5.05,"D"
"1761",62.56948,82.42132,344.27,0.38,0.36,"2026-07-09",654,"N20","nominal","2.0NRT",301.8,5.05,"D"
"1762",62.57584,82.41674,338.79,0.38,0.36,"2026-07-09",654,"N20","nominal","2.0NRT",295.38,2.57,"D"
"1763",60.5491,72.31948,339.73,0.39,0.44,"2026-07-09",654,"N20","nominal","2.0NRT",292.89,4.88,"D"
"1764",60.60837,72.38609,332.89,0.39,0.44,"2026-07-09",654,"N20","nominal","2.0NRT",291.21,2.89,"D"
"1765",60.57185,71.99113,325.57,0.4,0.44,"2026-07-09",654,"N20","nominal","2.0NRT",291.6,1.49,"D"
"1766",60.71574,72.5241,330.28,0.57,0.43,"2026-07-09",654,"N20","nominal","2.0NRT",290.69,8.42,"D"
"1767",62.38372,80.17666,333.52,0.39,0.36,"2026-07-09",654,"N20","nominal","2.0NRT",297.68,2.96,"D"
"1768",60.77473,72.4426,327.33,0.57,0.43,"2026-07-09",654,"N20","nominal","2.0NRT",291.1,2.05,"D"
"1769",60.66833,72.00538,337.89,0.39,0.44,"2026-07-09",654,"N20","nominal","2.0NRT",291.07,2.81,"D"
"1770",62.83777,81.41745,354.01,0.38,0.36,"2026-07-09",654,"N20","nominal","2.0NRT",299.56,8.38,"D"
"1771",62.84092,81.41504,329.61,0.38,0.36,"2026-07-09",654,"N20","nominal","2.0NRT",293.67,4.42,"D"
"1772",62.83746,81.39337,327.99,0.38,0.36,"2026-07-09",654,"N20","nominal","2.0NRT",294.2,3.26,"D"
"1773",62.84639,81.42708,327.2,0.38,0.36,"2026-07-09",654,"N20","nominal","2.0NRT",293.45,1.53,"D"
"1774",62.84062,81.39095,341.56,0.38,0.36,"2026-07-09",654,"N20","nominal","2.0NRT",296.62,3.26,"D"
"1775",62.83947,81.38374,332.18,0.38,0.36,"2026-07-09",654,"N20","nominal","2.0NRT",292.81,3.26,"D"
"1776",62.84955,81.42466,329.15,0.38,0.36,"2026-07-09",654,"N20","nominal","2.0NRT",294.24,2.85,"D"
"1777",62.70662,80.25868,339.77,0.39,0.36,"2026-07-09",654,"N20","nominal","2.0NRT",293.59,3.31,"D"
"1778",62.33046,78.16763,335.86,0.4,0.37,"2026-07-09",654,"N20","nominal","2.0NRT",299.51,2.83,"D"
"1779",62.84809,81.06707,341.63,0.38,0.36,"2026-07-09",654,"N20","nominal","2.0NRT",295.26,3.15,"D"
"1780",62.85124,81.06462,340.96,0.38,0.36,"2026-07-09",654,"N20","nominal","2.0NRT",293.25,3.15,"D"
"1781",62.85007,81.0574,326.92,0.38,0.36,"2026-07-09",654,"N20","nominal","2.0NRT",294.77,3.15,"D"
"1782",62.89112,80.96025,325.78,0.38,0.36,"2026-07-09",654,"N20","nominal","2.0NRT",293.88,1.78,"D"
"1783",62.88759,80.93858,325.66,0.38,0.36,"2026-07-09",654,"N20","nominal","2.0NRT",294.22,1.96,"D"
"1784",62.89663,80.97224,343.63,0.38,0.36,"2026-07-09",654,"N20","nominal","2.0NRT",295.41,4.17,"D"
"1785",62.89545,80.96501,333.49,0.38,0.36,"2026-07-09",654,"N20","nominal","2.0NRT",295.38,4.02,"D"
"1786",62.88956,80.92889,341.05,0.38,0.36,"2026-07-09",654,"N20","nominal","2.0NRT",294.66,3.67,"D"
"1787",60.74507,70.82014,338.94,0.42,0.45,"2026-07-09",654,"N20","nominal","2.0NRT",294.07,11.61,"D"
"1788",62.90096,80.977,328.07,0.38,0.36,"2026-07-09",654,"N20","nominal","2.0NRT",295.55,4.17,"D"
"1789",62.89978,80.96976,347.81,0.38,0.36,"2026-07-09",654,"N20","nominal","2.0NRT",297.65,4.17,"D"
"1790",62.89271,80.92641,333.19,0.38,0.36,"2026-07-09",654,"N20","nominal","2.0NRT",292.22,3.67,"D"
"1791",62.90528,80.98176,331.99,0.38,0.36,"2026-07-09",654,"N20","nominal","2.0NRT",294.44,2.76,"D"
"1792",62.90294,80.9673,335.49,0.38,0.36,"2026-07-09",654,"N20","nominal","2.0NRT",293.59,3.3,"D"
"1793",62.89468,80.91672,341.29,0.38,0.36,"2026-07-09",654,"N20","nominal","2.0NRT",293.32,4.31,"D"
"1794",62.90414,80.90929,330.34,0.38,0.36,"2026-07-09",654,"N20","nominal","2.0NRT",291.66,4,"D"
"1795",62.92575,80.99834,328.57,0.38,0.36,"2026-07-09",654,"N20","nominal","2.0NRT",293.96,4.32,"D"
"1796",62.92891,80.99588,326.34,0.38,0.36,"2026-07-09",654,"N20","nominal","2.0NRT",291.91,1.74,"D"
"1797",62.93206,80.99341,328.41,0.38,0.36,"2026-07-09",654,"N20","nominal","2.0NRT",289.68,1.74,"D"
"1798",62.93089,80.98618,333.34,0.38,0.36,"2026-07-09",654,"N20","nominal","2.0NRT",294.53,4.1,"D"
"1799",62.93369,80.98457,341.98,0.38,0.36,"2026-07-09",654,"N20","nominal","2.0NRT",293.2,4.72,"D"
"1800",62.93251,80.97733,331.64,0.38,0.36,"2026-07-09",654,"N20","nominal","2.0NRT",294.25,5.79,"D"
"1801",62.94159,80.94574,330.95,0.38,0.36,"2026-07-09",654,"N20","nominal","2.0NRT",290.47,3.08,"D"
"1802",62.93923,80.93127,329.88,0.38,0.36,"2026-07-09",654,"N20","nominal","2.0NRT",291.57,2.41,"D"
"1803",63.0179,81.37591,333.26,0.38,0.36,"2026-07-09",654,"N20","nominal","2.0NRT",299.49,4.73,"D"
"1804",63.02537,81.37831,341.65,0.38,0.36,"2026-07-09",654,"N20","nominal","2.0NRT",296.68,5.74,"D"
"1805",63.02853,81.37588,334.55,0.38,0.36,"2026-07-09",654,"N20","nominal","2.0NRT",291.77,5.74,"D"
"1806",63.02737,81.36861,333.11,0.38,0.36,"2026-07-09",654,"N20","nominal","2.0NRT",291.07,5.74,"D"
"1807",63.03169,81.37344,345.1,0.38,0.36,"2026-07-09",654,"N20","nominal","2.0NRT",293.41,4.89,"D"
"1808",63.03369,81.36373,336.14,0.38,0.36,"2026-07-09",654,"N20","nominal","2.0NRT",291.13,4.89,"D"
"1809",63.03685,81.36131,332.09,0.38,0.36,"2026-07-09",654,"N20","nominal","2.0NRT",291.47,1.8,"D"
"1810",63.04201,81.34916,327.47,0.38,0.36,"2026-07-09",654,"N20","nominal","2.0NRT",293.54,2.9,"D"
"1811",63.04748,81.36127,332.14,0.38,0.36,"2026-07-09",654,"N20","nominal","2.0NRT",294.15,3.42,"D"
"1812",62.36462,77.45398,329.69,0.41,0.37,"2026-07-09",654,"N20","nominal","2.0NRT",296.91,1.01,"D"
"1813",63.05696,81.35395,342.68,0.38,0.36,"2026-07-09",654,"N20","nominal","2.0NRT",295.16,4.92,"D"
"1814",60.84089,70.79496,341.94,0.42,0.45,"2026-07-09",654,"N20","nominal","2.0NRT",294.51,4.08,"D"
"1815",63.05896,81.34424,333.21,0.38,0.36,"2026-07-09",654,"N20","nominal","2.0NRT",296.17,4.92,"D"
"1816",63.06328,81.34908,329.33,0.38,0.36,"2026-07-09",654,"N20","nominal","2.0NRT",291.38,4.68,"D"
"1817",63.06212,81.3418,333.93,0.38,0.36,"2026-07-09",654,"N20","nominal","2.0NRT",296.91,4.68,"D"
"1818",63.06528,81.33936,347.52,0.38,0.36,"2026-07-09",654,"N20","nominal","2.0NRT",295.08,4.68,"D"
"1819",63.06728,81.32964,334.81,0.38,0.36,"2026-07-09",654,"N20","nominal","2.0NRT",294.07,2.46,"D"
"1820",63.04522,81.19146,339.66,0.38,0.36,"2026-07-09",654,"N20","nominal","2.0NRT",294.42,3.64,"D"
"1821",63.04838,81.189,336.05,0.38,0.36,"2026-07-09",654,"N20","nominal","2.0NRT",292.95,3.64,"D"
"1822",63.06896,81.29565,330.25,0.38,0.36,"2026-07-09",654,"N20","nominal","2.0NRT",289.14,4.36,"D"
"1823",63.08591,81.2907,347.06,0.38,0.36,"2026-07-09",654,"N20","nominal","2.0NRT",292.45,7.23,"D"
"1824",63.08907,81.28824,333.88,0.38,0.36,"2026-07-09",654,"N20","nominal","2.0NRT",289.71,2.69,"D"
"1825",63.10309,81.26915,334.15,0.38,0.36,"2026-07-09",654,"N20","nominal","2.0NRT",287.95,5.51,"D"
"1826",63.09079,81.14774,330.88,0.38,0.36,"2026-07-09",654,"N20","nominal","2.0NRT",289.73,4.08,"D"
"1827",63.08963,81.14046,325.06,0.38,0.36,"2026-07-09",654,"N20","nominal","2.0NRT",289.8,2.63,"D"
"1828",63.08846,81.13319,328.39,0.38,0.36,"2026-07-09",654,"N20","nominal","2.0NRT",289.4,2.63,"D"
"1829",63.17366,81.46854,347.07,0.38,0.36,"2026-07-09",654,"N20","nominal","2.0NRT",302.96,15.25,"D"
"1830",63.17251,81.46122,345.62,0.38,0.36,"2026-07-09",654,"N20","nominal","2.0NRT",303.88,15.25,"D"
"1831",63.17136,81.45391,352.48,0.38,0.36,"2026-07-09",654,"N20","nominal","2.0NRT",310.47,11.17,"D"
"1832",63.17021,81.44659,329.33,0.38,0.36,"2026-07-09",654,"N20","low","2.0NRT",299.72,11.17,"D"
"1833",63.17451,81.45148,340.74,0.38,0.36,"2026-07-09",654,"N20","nominal","2.0NRT",297.37,11.17,"D"
"1834",63.17768,81.44904,336.04,0.38,0.36,"2026-07-09",654,"N20","nominal","2.0NRT",297.33,6.47,"D"
"1835",63.1843,81.46854,354.02,0.38,0.36,"2026-07-09",654,"N20","nominal","2.0NRT",299.55,5.22,"D"
"1836",63.18084,81.44659,341.93,0.38,0.36,"2026-07-09",654,"N20","nominal","2.0NRT",296.69,6.47,"D"
"1837",63.18515,81.45148,338.53,0.38,0.36,"2026-07-09",654,"N20","nominal","2.0NRT",298.05,4.13,"D"
"1838",63.184,81.44416,344.51,0.38,0.36,"2026-07-09",654,"N20","nominal","2.0NRT",299.17,5.43,"D"
"1839",63.49678,83.50034,327.56,0.39,0.36,"2026-07-09",654,"N20","nominal","2.0NRT",290.88,4.88,"D"
"1840",63.16073,80.68257,332.2,0.38,0.36,"2026-07-09",654,"N20","nominal","2.0NRT",294.49,3.07,"D"
"1841",63.15955,80.67529,333.25,0.38,0.36,"2026-07-09",654,"N20","nominal","2.0NRT",296.73,3.07,"D"
"1842",63.99191,86.64136,328,0.44,0.38,"2026-07-09",654,"N20","nominal","2.0NRT",293.98,5.75,"D"
"1843",63.98989,86.62374,343.16,0.44,0.38,"2026-07-09",654,"N20","nominal","2.0NRT",295.78,6.76,"D"
"1844",63.99333,86.62164,330.65,0.44,0.38,"2026-07-09",654,"N20","nominal","2.0NRT",294.27,6.76,"D"
"1845",63.99678,86.61957,330.89,0.44,0.38,"2026-07-09",654,"N20","nominal","2.0NRT",295.74,4.3,"D"
"1846",64.15202,87.65079,344.75,0.46,0.39,"2026-07-09",654,"N20","nominal","2.0NRT",296.87,7.93,"D"
"1847",64.15234,87.65215,339.01,0.46,0.39,"2026-07-09",654,"N20","nominal","2.0NRT",295.38,6.08,"D"
"1848",64.15137,87.64281,331.69,0.46,0.39,"2026-07-09",654,"N20","nominal","2.0NRT",296.12,6.08,"D"
"1849",64.80659,110.16139,330.46,0.68,0.74,"2026-07-09",654,"N20","nominal","2.0NRT",282.83,13.32,"D"
"1850",64.82999,110.38915,328.41,0.69,0.74,"2026-07-09",654,"N20","nominal","2.0NRT",282.8,13.57,"D"
"1851",64.83073,110.37439,356.1,0.69,0.74,"2026-07-09",654,"N20","nominal","2.0NRT",289.06,13.57,"D"
"1852",64.83649,110.25892,336.55,0.68,0.74,"2026-07-09",654,"N20","nominal","2.0NRT",286.26,2.47,"D"
"1853",64.83761,110.37649,326.39,0.69,0.74,"2026-07-09",654,"N20","nominal","2.0NRT",285.94,6.62,"D"
"1854",61.09718,70.18861,336.51,0.43,0.46,"2026-07-09",654,"N20","nominal","2.0NRT",292.78,6.47,"D"
"1855",61.09414,70.19179,325.78,0.43,0.46,"2026-07-09",654,"N20","nominal","2.0NRT",292.22,2.58,"D"
"1856",61.09784,70.18752,335.87,0.43,0.46,"2026-07-09",654,"N20","nominal","2.0NRT",291.34,3.07,"D"
"1857",64.82921,110.37601,356.31,0.69,0.74,"2026-07-09",654,"N20","low","2.0NRT",288.33,14.87,"D"
"1858",64.83608,110.37802,343.88,0.69,0.74,"2026-07-09",654,"N20","nominal","2.0NRT",285.94,14.87,"D"
"1859",64.84289,110.24832,327.45,0.68,0.74,"2026-07-09",654,"N20","nominal","2.0NRT",283.69,11.07,"D"
"1860",63.4329,80.52863,330.73,0.38,0.36,"2026-07-09",654,"N20","nominal","2.0NRT",296.47,1.33,"D"
"1861",63.48403,80.7784,340.12,0.38,0.36,"2026-07-09",654,"N20","nominal","2.0NRT",293.75,5.43,"D"
"1862",63.48284,80.77103,344.03,0.38,0.36,"2026-07-09",654,"N20","nominal","2.0NRT",298.3,5.43,"D"
"1863",63.4915,80.78069,341.99,0.38,0.36,"2026-07-09",654,"N20","nominal","2.0NRT",295.85,3.84,"D"
"1864",63.1229,77.85233,343.46,0.4,0.37,"2026-07-09",654,"N20","nominal","2.0NRT",299.85,4.99,"D"
"1865",62.98544,76.97439,332.26,0.41,0.37,"2026-07-09",654,"N20","nominal","2.0NRT",300.14,3.67,"D"
"1866",63.7401,81.03288,333.52,0.38,0.36,"2026-07-09",654,"N20","nominal","2.0NRT",294.6,4.12,"D"
"1867",63.74442,81.03779,336.37,0.38,0.36,"2026-07-09",654,"N20","nominal","2.0NRT",295.77,4.12,"D"
"1868",63.74325,81.03034,343.66,0.38,0.36,"2026-07-09",654,"N20","nominal","2.0NRT",295.06,4.12,"D"
"1869",63.74758,81.03526,331.07,0.38,0.36,"2026-07-09",654,"N20","nominal","2.0NRT",293.77,5.65,"D"
"1870",63.74641,81.02782,343.2,0.38,0.36,"2026-07-09",654,"N20","nominal","2.0NRT",296.77,5.65,"D"
"1871",63.7519,81.04018,334.04,0.38,0.36,"2026-07-09",654,"N20","nominal","2.0NRT",294.44,3.36,"D"
"1872",63.90535,80.79933,340.27,0.38,0.36,"2026-07-09",654,"N20","nominal","2.0NRT",296.65,3.62,"D"
"1873",63.9085,80.79677,326.58,0.38,0.36,"2026-07-09",654,"N20","nominal","2.0NRT",294.66,2.93,"D"
"1874",63.90732,80.78928,343.93,0.38,0.36,"2026-07-09",654,"N20","nominal","2.0NRT",297.41,2.93,"D"
"1875",63.90614,80.7818,329.41,0.38,0.36,"2026-07-09",654,"N20","nominal","2.0NRT",297.27,1.89,"D"
"1876",63.91047,80.78671,327.11,0.38,0.36,"2026-07-09",654,"N20","nominal","2.0NRT",295.97,2.93,"D"
"1877",63.90929,80.77924,329.68,0.38,0.36,"2026-07-09",654,"N20","nominal","2.0NRT",296.31,1.89,"D"
"1878",63.9392,80.83813,333.01,0.38,0.36,"2026-07-09",654,"N20","nominal","2.0NRT",294.89,3.92,"D"
"1879",63.93802,80.83064,330.71,0.38,0.36,"2026-07-09",654,"N20","nominal","2.0NRT",296.85,2.32,"D"
"1880",63.9455,80.833,346.92,0.38,0.36,"2026-07-09",654,"N20","nominal","2.0NRT",296.8,6.23,"D"
"1881",63.94866,80.83043,346.91,0.38,0.36,"2026-07-09",654,"N20","nominal","2.0NRT",294.46,4.76,"D"
"1882",63.46661,76.77061,335.19,0.41,0.37,"2026-07-09",654,"N20","nominal","2.0NRT",288.17,4.29,"D"
"1883",64.01678,79.45659,334.86,0.39,0.36,"2026-07-09",654,"N20","nominal","2.0NRT",289.43,3.45,"D"
"1884",64.3483,79.97791,336.59,0.38,0.36,"2026-07-09",654,"N20","nominal","2.0NRT",296.39,7.35,"D"
"1885",66.65866,80.46587,333.14,0.39,0.36,"2026-07-09",654,"N20","nominal","2.0NRT",299.29,11.23,"D"
"1886",66.66821,80.45718,335.89,0.39,0.36,"2026-07-09",654,"N20","nominal","2.0NRT",297.28,6.01,"D"
"1887",66.71568,80.50091,330.73,0.39,0.36,"2026-07-09",657,"N20","nominal","2.0NRT",297.47,4.53,"D"
"1888",67.27515,83.21346,330.44,0.42,0.38,"2026-07-09",657,"N20","nominal","2.0NRT",281.54,3.24,"D"
"1889",67.28024,83.03428,340.96,0.42,0.38,"2026-07-09",657,"N20","nominal","2.0NRT",294.65,12.92,"D"
"1890",67.19724,81.99235,330.58,0.41,0.37,"2026-07-09",657,"N20","nominal","2.0NRT",296.25,4.73,"D"
"1891",67.65021,83.21704,330.37,0.43,0.38,"2026-07-09",657,"N20","nominal","2.0NRT",295.16,5.44,"D"
"1892",67.82612,80.01844,327.05,0.4,0.37,"2026-07-09",657,"N20","nominal","2.0NRT",293.74,1.84,"D"
"1893",68.41481,83.62431,337.2,0.45,0.39,"2026-07-09",657,"N20","nominal","2.0NRT",270.98,4.96,"D"
"1894",69.37026,88.11819,331.56,0.56,0.43,"2026-07-09",657,"N20","nominal","2.0NRT",299.47,44.05,"D"
"1895",68.60323,80.39708,330.89,0.41,0.37,"2026-07-09",657,"N20","nominal","2.0NRT",297.66,10.88,"D"
"1896",68.71497,80.52914,330.38,0.41,0.37,"2026-07-09",657,"N20","nominal","2.0NRT",298.66,2.63,"D"
"1897",65.04179,56.67897,331.92,0.32,0.55,"2026-07-09",657,"N20","nominal","2.0NRT",290.25,5.02,"D"
"1898",65.03985,56.67381,356.04,0.32,0.55,"2026-07-09",657,"N20","nominal","2.0NRT",293.94,5.02,"D"
"1899",67.83896,58.92846,330.78,0.43,0.46,"2026-07-09",657,"N20","nominal","2.0NRT",293.12,2.7,"D"
"1900",68.61582,57.96734,338.71,0.41,0.45,"2026-07-09",657,"N20","nominal","2.0NRT",290.72,3.71,"D"
"1901",68.65643,57.7006,337.91,0.41,0.45,"2026-07-09",657,"N20","nominal","2.0NRT",290.83,8.01,"D"
"1902",68.17191,55.37467,330.57,0.48,0.48,"2026-07-09",657,"N20","nominal","2.0NRT",292.98,3.96,"D"
"1903",68.16589,55.35745,337.62,0.48,0.48,"2026-07-09",657,"N20","nominal","2.0NRT",294.83,3.01,"D"
"1904",46.82335,74.93323,337.13,0.5,0.49,"2026-07-09",830,"N20","nominal","2.0NRT",309.19,5.82,"D"
"1905",48.97759,71.70861,351.96,0.38,0.43,"2026-07-09",833,"N20","nominal","2.0NRT",318.49,16.34,"D"
"1906",49.30007,71.59121,345.49,0.57,0.43,"2026-07-09",833,"N20","nominal","2.0NRT",313.63,8.27,"D"
"1907",49.30476,71.59825,345.83,0.57,0.43,"2026-07-09",833,"N20","nominal","2.0NRT",314.55,8.44,"D"
"1908",50.04338,81.68024,367,0.54,0.68,"2026-07-09",833,"N20","high","2.0NRT",301.49,29.17,"D"
"1909",50.04335,81.67203,346.38,0.54,0.68,"2026-07-09",833,"N20","nominal","2.0NRT",309.65,33.72,"D"
"1910",50.0461,81.68156,367,0.54,0.68,"2026-07-09",833,"N20","high","2.0NRT",304.34,90.98,"D"
"1911",50.05241,81.68153,367,0.54,0.68,"2026-07-09",833,"N20","high","2.0NRT",308.43,43.57,"D"
"1912",50.05241,81.67323,344.93,0.54,0.68,"2026-07-09",833,"N20","nominal","2.0NRT",313.91,43.57,"D"
"1913",50.03975,73.01305,339.33,0.45,0.47,"2026-07-09",833,"N20","nominal","2.0NRT",307.31,3.99,"D"
"1914",50.04926,73.02409,337.16,0.45,0.47,"2026-07-09",833,"N20","low","2.0NRT",310.95,7.49,"D"
"1915",50.51103,81.6775,344.92,0.54,0.68,"2026-07-09",833,"N20","nominal","2.0NRT",302.61,7,"D"
"1916",50.18927,72.09029,337.92,0.41,0.45,"2026-07-09",833,"N20","low","2.0NRT",309.86,1.29,"D"
"1917",50.19292,72.08371,346.6,0.41,0.45,"2026-07-09",833,"N20","nominal","2.0NRT",313.07,4.97,"D"
"1918",50.19244,72.07792,352.9,0.41,0.45,"2026-07-09",833,"N20","nominal","2.0NRT",314.53,4.97,"D"
"1919",50.19197,72.07214,342.73,0.41,0.45,"2026-07-09",833,"N20","nominal","2.0NRT",313.88,4.34,"D"
"1920",50.0005,67.37859,344.48,0.42,0.38,"2026-07-09",833,"N20","nominal","2.0NRT",308.85,5.78,"D"
"1921",49.99762,67.35507,352.04,0.42,0.38,"2026-07-09",833,"N20","nominal","2.0NRT",313.42,8.87,"D"
"1922",49.9969,67.3492,349.37,0.42,0.38,"2026-07-09",833,"N20","nominal","2.0NRT",314.33,11.94,"D"
"1923",49.99617,67.34332,355.16,0.42,0.38,"2026-07-09",833,"N20","nominal","2.0NRT",314.66,11.94,"D"
"1924",49.99545,67.33746,343.14,0.42,0.38,"2026-07-09",833,"N20","nominal","2.0NRT",310.25,3.81,"D"
"1925",49.99473,67.33159,338.57,0.42,0.38,"2026-07-09",833,"N20","low","2.0NRT",310.62,3.81,"D"
"1926",49.99401,67.32573,344.54,0.42,0.38,"2026-07-09",833,"N20","nominal","2.0NRT",310.49,5.15,"D"
"1927",49.99329,67.31986,348.44,0.42,0.38,"2026-07-09",833,"N20","nominal","2.0NRT",310.78,5.15,"D"
"1928",49.99257,67.314,346.91,0.42,0.38,"2026-07-09",833,"N20","nominal","2.0NRT",311.02,10.76,"D"
"1929",50.00539,67.38934,352.49,0.42,0.38,"2026-07-09",833,"N20","nominal","2.0NRT",312.54,24.91,"D"
"1930",50.00467,67.38345,354.97,0.42,0.38,"2026-07-09",833,"N20","nominal","2.0NRT",310.53,12.85,"D"
"1931",50.00394,67.37756,349.39,0.42,0.38,"2026-07-09",833,"N20","nominal","2.0NRT",312.2,12.85,"D"
"1932",49.996,67.31298,349.67,0.42,0.38,"2026-07-09",833,"N20","nominal","2.0NRT",312.02,5.44,"D"
"1933",49.99528,67.30713,342.98,0.42,0.38,"2026-07-09",833,"N20","nominal","2.0NRT",310.49,5.44,"D"
"1934",50.00955,67.39421,349.79,0.42,0.38,"2026-07-09",833,"N20","nominal","2.0NRT",312.87,24.91,"D"
"1935",50.00883,67.38832,340.39,0.42,0.38,"2026-07-09",833,"N20","low","2.0NRT",310.48,24.91,"D"
"1936",49.99871,67.30611,342.23,0.42,0.38,"2026-07-09",833,"N20","nominal","2.0NRT",311.71,5.44,"D"
"1937",50.01444,67.40497,337.07,0.42,0.38,"2026-07-09",833,"N20","low","2.0NRT",310.83,7.36,"D"
"1938",50.01371,67.39909,340.5,0.42,0.38,"2026-07-09",833,"N20","low","2.0NRT",312.91,7.36,"D"
"1939",50.00504,67.32854,343.12,0.42,0.38,"2026-07-09",833,"N20","nominal","2.0NRT",311.45,7.54,"D"
"1940",50.00431,67.32267,350.09,0.42,0.38,"2026-07-09",833,"N20","nominal","2.0NRT",310.99,10.91,"D"
"1941",50.00359,67.3168,345.92,0.42,0.38,"2026-07-09",833,"N20","nominal","2.0NRT",311.53,10.91,"D"
"1942",50.00286,67.31094,348.58,0.42,0.38,"2026-07-09",833,"N20","nominal","2.0NRT",317.89,52.63,"D"
"1943",50.00214,67.30508,367,0.42,0.38,"2026-07-09",833,"N20","low","2.0NRT",326.1,52.63,"D"
"1944",50.00142,67.29922,301.23,0.42,0.38,"2026-07-09",833,"N20","low","2.0NRT",323.35,74.85,"D"
"1945",50.01715,67.39806,353.9,0.42,0.38,"2026-07-09",833,"N20","nominal","2.0NRT",308.5,7.36,"D"
"1946",50.01643,67.39218,346.42,0.42,0.38,"2026-07-09",833,"N20","nominal","2.0NRT",316.03,20.62,"D"
"1947",50.01571,67.38629,351.54,0.42,0.38,"2026-07-09",833,"N20","nominal","2.0NRT",311.07,20.62,"D"
"1948",50.01499,67.38039,350.98,0.42,0.38,"2026-07-09",833,"N20","nominal","2.0NRT",312.4,14.06,"D"
"1949",50.00847,67.32751,352.26,0.42,0.38,"2026-07-09",833,"N20","nominal","2.0NRT",310.62,7.54,"D"
"1950",50.00775,67.32165,352.02,0.42,0.38,"2026-07-09",833,"N20","nominal","2.0NRT",311.23,10.91,"D"
"1951",50.0177,67.3735,367,0.42,0.38,"2026-07-09",833,"N20","high","2.0NRT",311.53,7.88,"D"
"1952",50.01842,67.37939,353.49,0.42,0.38,"2026-07-09",833,"N20","nominal","2.0NRT",308.71,7.88,"D"
"1953",50.01698,67.36761,353.74,0.42,0.38,"2026-07-09",833,"N20","nominal","2.0NRT",310.89,8.78,"D"
"1954",50.01625,67.36174,356.14,0.42,0.38,"2026-07-09",833,"N20","nominal","2.0NRT",313.45,8.78,"D"
"1955",50.01553,67.35586,344.57,0.42,0.38,"2026-07-09",833,"N20","nominal","2.0NRT",312.31,7.98,"D"
"1956",50.0148,67.34998,355.77,0.42,0.38,"2026-07-09",833,"N20","nominal","2.0NRT",314.04,7.98,"D"
"1957",50.01408,67.3441,350.86,0.42,0.38,"2026-07-09",833,"N20","nominal","2.0NRT",317.85,34.28,"D"
"1958",50.01191,67.32649,340.98,0.42,0.38,"2026-07-09",833,"N20","nominal","2.0NRT",308.31,5.2,"D"
"1959",50.01896,67.35484,342.58,0.42,0.38,"2026-07-09",833,"N20","nominal","2.0NRT",308.94,7.98,"D"
"1960",51.12152,80.51057,354.84,0.49,0.65,"2026-07-09",833,"N20","nominal","2.0NRT",310.6,18.12,"D"
"1961",51.12757,80.51058,367,0.49,0.65,"2026-07-09",833,"N20","high","2.0NRT",308.19,18.12,"D"
"1962",51.12743,80.49644,367,0.48,0.65,"2026-07-09",833,"N20","high","2.0NRT",308.85,20.99,"D"
"1963",51.12763,80.51766,341.18,0.49,0.65,"2026-07-09",833,"N20","nominal","2.0NRT",304.01,18.12,"D"
"1964",51.1275,80.50352,345.48,0.49,0.65,"2026-07-09",833,"N20","nominal","2.0NRT",306.93,20.99,"D"
"1965",51.13367,80.51758,367,0.49,0.65,"2026-07-09",833,"N20","high","2.0NRT",309.63,8.81,"D"
"1966",51.13354,80.5035,367,0.49,0.65,"2026-07-09",833,"N20","high","2.0NRT",306.92,11.04,"D"
"1967",51.14507,81.48754,329.75,0.54,0.68,"2026-07-09",833,"N20","nominal","2.0NRT",300.45,3.37,"D"
"1968",51.13972,80.51753,340.23,0.49,0.65,"2026-07-09",833,"N20","nominal","2.0NRT",306.09,8.81,"D"
"1969",51.13965,80.51051,349.64,0.49,0.65,"2026-07-09",833,"N20","nominal","2.0NRT",305.99,8.81,"D"
"1970",51.18279,82.16658,333.31,0.57,0.69,"2026-07-09",833,"N20","nominal","2.0NRT",297.01,3.41,"D"
"1971",51.14072,80.51598,334.4,0.49,0.65,"2026-07-09",833,"N20","nominal","2.0NRT",305.68,4.71,"D"
"1972",51.14069,80.50895,339.84,0.49,0.65,"2026-07-09",833,"N20","nominal","2.0NRT",304.6,4.89,"D"
"1973",51.14799,81.48682,330.68,0.54,0.68,"2026-07-09",833,"N20","nominal","2.0NRT",300.91,3.67,"D"
"1974",51.18279,82.16606,331.65,0.57,0.69,"2026-07-09",833,"N20","nominal","2.0NRT",296.28,3.49,"D"
"1975",52.37264,77.84976,367,0.38,0.59,"2026-07-09",833,"N20","high","2.0NRT",309.96,6.03,"D"
"1976",52.37248,77.84416,367,0.38,0.59,"2026-07-09",833,"N20","high","2.0NRT",308.7,6.03,"D"
"1977",52.37281,77.85533,333.24,0.38,0.59,"2026-07-09",833,"N20","nominal","2.0NRT",307.37,5.92,"D"
"1978",52.37344,77.84399,367,0.38,0.59,"2026-07-09",833,"N20","high","2.0NRT",312.69,9.61,"D"
"1979",52.37373,77.85517,335.76,0.38,0.59,"2026-07-09",833,"N20","low","2.0NRT",307.96,8.27,"D"
"1980",52.37358,77.84962,351.4,0.38,0.59,"2026-07-09",833,"N20","nominal","2.0NRT",310.65,9.61,"D"
"1981",52.38475,77.8598,341.69,0.38,0.59,"2026-07-09",833,"N20","nominal","2.0NRT",310.62,5.89,"D"
"1982",52.38417,77.83736,334.54,0.38,0.59,"2026-07-09",833,"N20","low","2.0NRT",309.2,6.09,"D"
"1983",52.40092,77.85273,339.11,0.38,0.59,"2026-07-09",833,"N20","low","2.0NRT",310.42,5.8,"D"
"1984",52.40077,77.84711,342.82,0.38,0.59,"2026-07-09",833,"N20","nominal","2.0NRT",310.47,7.24,"D"
"1985",52.40651,77.85798,338.72,0.38,0.59,"2026-07-09",833,"N20","low","2.0NRT",309.29,2.64,"D"
"1986",52.40636,77.85233,343.05,0.38,0.59,"2026-07-09",833,"N20","nominal","2.0NRT",309.32,2.64,"D"
"1987",52.60704,85.24023,332.25,0.78,0.78,"2026-07-09",833,"N20","nominal","2.0NRT",294.56,6.3,"D"
"1988",52.73845,72.91858,342.55,0.47,0.48,"2026-07-09",833,"N20","nominal","2.0NRT",309.19,3.76,"D"
"1989",52.74285,72.91781,343.38,0.47,0.48,"2026-07-09",833,"N20","nominal","2.0NRT",312.35,3.76,"D"
"1990",52.76537,72.92107,339.17,0.47,0.48,"2026-07-09",833,"N20","low","2.0NRT",314.07,11.47,"D"
"1991",52.75815,72.75751,342.48,0.46,0.47,"2026-07-09",833,"N20","nominal","2.0NRT",308.06,10.18,"D"
"1992",52.77364,72.92576,339.83,0.47,0.48,"2026-07-09",833,"N20","low","2.0NRT",311.86,10.39,"D"
"1993",52.76392,72.7777,351.23,0.47,0.47,"2026-07-09",833,"N20","nominal","2.0NRT",311.89,11.71,"D"
"1994",52.76299,72.7637,348.75,0.46,0.47,"2026-07-09",833,"N20","nominal","2.0NRT",309.42,9.93,"D"
"1995",52.76252,72.75669,349.03,0.46,0.47,"2026-07-09",833,"N20","nominal","2.0NRT",309.86,12.03,"D"
"1996",52.76876,72.78393,345.71,0.47,0.47,"2026-07-09",833,"N20","nominal","2.0NRT",314.39,11.71,"D"
"1997",52.7683,72.77692,347.93,0.47,0.47,"2026-07-09",833,"N20","nominal","2.0NRT",310.6,11.71,"D"
"1998",52.76783,72.76989,343.5,0.47,0.47,"2026-07-09",833,"N20","nominal","2.0NRT",308.04,9.93,"D"
"1999",52.76736,72.76286,349.84,0.46,0.47,"2026-07-09",833,"N20","nominal","2.0NRT",308.55,9.93,"D"
"2000",52.78199,72.91713,342.75,0.47,0.48,"2026-07-09",833,"N20","low","2.0NRT",315.97,6.44,"D"
"2001",52.77967,72.8817,356.35,0.47,0.48,"2026-07-09",833,"N20","nominal","2.0NRT",317.26,24.04,"D"
"2002",52.77361,72.79012,340.75,0.47,0.47,"2026-07-09",833,"N20","low","2.0NRT",310.76,5.71,"D"
"2003",52.77314,72.78312,355.76,0.47,0.47,"2026-07-09",833,"N20","nominal","2.0NRT",311.02,33.02,"D"
"2004",52.77267,72.77609,337.26,0.47,0.47,"2026-07-09",833,"N20","low","2.0NRT",309.63,33.02,"D"
"2005",52.7722,72.76906,355.92,0.47,0.47,"2026-07-09",833,"N20","nominal","2.0NRT",309.67,40.11,"D"
"2006",52.78313,72.86672,343.42,0.47,0.48,"2026-07-09",833,"N20","low","2.0NRT",316.85,5.41,"D"
"2007",52.78266,72.85966,346.34,0.47,0.48,"2026-07-09",833,"N20","nominal","2.0NRT",315.24,5.41,"D"
"2008",52.77799,72.78932,344.81,0.47,0.47,"2026-07-09",833,"N20","nominal","2.0NRT",314.13,5.71,"D"
"2009",52.77752,72.78229,351.9,0.47,0.47,"2026-07-09",833,"N20","nominal","2.0NRT",319.48,33.02,"D"
"2010",52.77705,72.77525,367,0.47,0.47,"2026-07-09",833,"N20","low","2.0NRT",329.37,33.02,"D"
"2011",52.7819,72.78146,367,0.47,0.47,"2026-07-09",833,"N20","high","2.0NRT",314.59,19.58,"D"
"2012",52.78987,72.90137,337.73,0.47,0.48,"2026-07-09",833,"N20","low","2.0NRT",311.19,3.07,"D"
"2013",52.7894,72.89429,341.88,0.47,0.48,"2026-07-09",833,"N20","low","2.0NRT",313.61,5.88,"D"
"2014",52.78847,72.88011,343.62,0.47,0.48,"2026-07-09",833,"N20","nominal","2.0NRT",313.57,4.3,"D"
"2015",52.78799,72.87301,342.34,0.47,0.48,"2026-07-09",833,"N20","low","2.0NRT",314.08,4.3,"D"
"2016",52.78237,72.78848,342.02,0.47,0.47,"2026-07-09",833,"N20","nominal","2.0NRT",313.35,15.87,"D"
"2017",52.78143,72.77442,352.02,0.47,0.47,"2026-07-09",833,"N20","nominal","2.0NRT",315.31,19.58,"D"
"2018",52.78675,72.78765,355.95,0.47,0.47,"2026-07-09",833,"N20","nominal","2.0NRT",318.6,15.87,"D"
"2019",52.7916,72.79389,348.7,0.47,0.47,"2026-07-09",833,"N20","nominal","2.0NRT",310.59,7.08,"D"
"2020",52.00061,62.91019,336.06,0.38,0.36,"2026-07-09",833,"N20","nominal","2.0NRT",303.19,5.91,"D"
"2021",52.00641,62.92536,340.18,0.38,0.36,"2026-07-09",833,"N20","nominal","2.0NRT",308.16,3.63,"D"
"2022",52.00556,62.91986,338.99,0.38,0.36,"2026-07-09",833,"N20","nominal","2.0NRT",307.8,3.63,"D"
"2023",52.00385,62.90888,342.35,0.38,0.36,"2026-07-09",833,"N20","nominal","2.0NRT",304.9,3.41,"D"
"2024",52.00795,62.91305,333.37,0.38,0.36,"2026-07-09",833,"N20","low","2.0NRT",304.24,3.41,"D"
"2025",53.38004,70.90192,349.4,0.4,0.44,"2026-07-09",833,"N20","nominal","2.0NRT",311.75,13.76,"D"
"2026",53.67936,85.00275,332.67,0.76,0.77,"2026-07-09",833,"N20","nominal","2.0NRT",295.07,7.7,"D"
"2027",51.60684,55.21335,328.73,0.57,0.43,"2026-07-09",833,"N20","nominal","2.0NRT",292.52,3.45,"D"
"2028",51.60373,55.16221,335.02,0.57,0.43,"2026-07-09",833,"N20","nominal","2.0NRT",290.53,7.2,"D"
"2029",51.60671,55.16175,337.09,0.57,0.43,"2026-07-09",833,"N20","nominal","2.0NRT",290.33,7.74,"D"
"2030",51.60236,52.93334,348.66,0.46,0.47,"2026-07-09",833,"N20","nominal","2.0NRT",272.79,8.68,"D"
"2031",55.21406,75.44566,335.92,0.63,0.54,"2026-07-09",833,"N20","nominal","2.0NRT",303.24,9.05,"D"
"2032",55.21319,75.44744,335.71,0.63,0.54,"2026-07-09",833,"N20","nominal","2.0NRT",302.82,9.71,"D"
"2033",54.83768,69.26617,346.14,0.54,0.42,"2026-07-09",833,"N20","nominal","2.0NRT",302.09,11.7,"D"
"2034",56.30585,66.27068,330.29,0.46,0.39,"2026-07-09",835,"N20","nominal","2.0NRT",299.71,2.59,"D"
"2035",57.42539,78.69907,367,0.43,0.62,"2026-07-09",835,"N20","high","2.0NRT",295.65,7.06,"D"
"2036",57.42956,82.30037,331.96,0.59,0.7,"2026-07-09",835,"N20","nominal","2.0NRT",291.11,3.45,"D"
"2037",57.51351,79.0138,325.01,0.44,0.63,"2026-07-09",835,"N20","nominal","2.0NRT",297.66,1.67,"D"
"2038",57.70669,80.02322,327.26,0.48,0.65,"2026-07-09",835,"N20","nominal","2.0NRT",293.94,2.99,"D"
"2039",53.11563,46.27969,334.46,0.37,0.58,"2026-07-09",835,"N20","nominal","2.0NRT",297.54,5.03,"D"
"2040",57.89996,76.79712,335.98,0.37,0.58,"2026-07-09",835,"N20","nominal","2.0NRT",295.49,4.16,"D"
"2041",58.15412,78.90755,367,0.44,0.62,"2026-07-09",835,"N20","high","2.0NRT",297.43,16.55,"D"
"2042",58.15405,78.88443,348.53,0.44,0.62,"2026-07-09",835,"N20","nominal","2.0NRT",296.25,7.03,"D"
"2043",56.85985,59.89411,333.79,0.38,0.36,"2026-07-09",835,"N20","nominal","2.0NRT",288.27,6.33,"D"
"2044",58.39236,77.32883,334.75,0.39,0.59,"2026-07-09",835,"N20","nominal","2.0NRT",296.14,2.86,"D"
"2045",58.6368,82.4938,353.41,0.6,0.7,"2026-07-09",835,"N20","nominal","2.0NRT",292.98,6.23,"D"
"2046",58.63707,82.48324,328.08,0.6,0.7,"2026-07-09",835,"N20","nominal","2.0NRT",293.25,6.23,"D"
"2047",58.24191,68.47401,336.83,0.56,0.43,"2026-07-09",835,"N20","nominal","2.0NRT",295.17,5.57,"D"
"2048",58.23867,68.43566,335.11,0.56,0.43,"2026-07-09",835,"N20","nominal","2.0NRT",298.23,9.19,"D"
"2049",58.24586,68.47284,336.29,0.56,0.43,"2026-07-09",835,"N20","nominal","2.0NRT",296.27,6.66,"D"
"2050",58.03538,65.31485,330.36,0.45,0.39,"2026-07-09",835,"N20","nominal","2.0NRT",292.03,4.04,"D"
"2051",58.71296,84.53659,335.45,0.71,0.75,"2026-07-09",835,"N20","nominal","2.0NRT",289.11,14.08,"D"
"2052",58.71245,84.54919,356.52,0.71,0.75,"2026-07-09",835,"N20","low","2.0NRT",287.49,16.13,"D"
"2053",58.71942,84.55034,367,0.71,0.75,"2026-07-09",835,"N20","high","2.0NRT",290.88,10.05,"D"
"2054",58.71892,84.56293,343.75,0.71,0.75,"2026-07-09",835,"N20","nominal","2.0NRT",287.31,10.05,"D"
"2055",58.7259,84.5641,328.93,0.71,0.75,"2026-07-09",835,"N20","nominal","2.0NRT",289.28,10.05,"D"
"2056",58.7854,83.69273,367,0.66,0.73,"2026-07-09",835,"N20","high","2.0NRT",293.2,19.65,"D"
"2057",58.71009,84.53936,343.79,0.71,0.75,"2026-07-09",835,"N20","nominal","2.0NRT",287.86,15.28,"D"
"2058",58.71652,84.55311,367,0.71,0.75,"2026-07-09",835,"N20","high","2.0NRT",290.95,15.28,"D"
"2059",58.71708,84.54049,367,0.71,0.75,"2026-07-09",835,"N20","high","2.0NRT",292.22,15.28,"D"
"2060",58.72295,84.56677,329.6,0.71,0.75,"2026-07-09",835,"N20","nominal","2.0NRT",287.01,8.23,"D"
"2061",58.78556,83.69516,367,0.66,0.73,"2026-07-09",835,"N20","high","2.0NRT",291.29,21.59,"D"
"2062",58.78599,83.68329,329.22,0.66,0.73,"2026-07-09",835,"N20","nominal","2.0NRT",291.02,14.76,"D"
"2063",58.98792,84.98181,343.48,0.73,0.76,"2026-07-09",835,"N20","nominal","2.0NRT",285.64,11.66,"D"
"2064",58.99142,84.90315,328.01,0.73,0.76,"2026-07-09",835,"N20","nominal","2.0NRT",285.64,3.15,"D"
"2065",59.01674,84.97409,325.89,0.73,0.76,"2026-07-09",835,"N20","nominal","2.0NRT",285.37,7.36,"D"
"2066",59.0196,84.90845,328.31,0.73,0.76,"2026-07-09",835,"N20","nominal","2.0NRT",286.33,6.15,"D"
"2067",59.02436,84.96243,325.9,0.73,0.76,"2026-07-09",835,"N20","nominal","2.0NRT",283.53,7.76,"D"
"2068",59.02493,84.94933,335.75,0.73,0.76,"2026-07-09",835,"N20","nominal","2.0NRT",285.07,23.37,"D"
"2069",59.02551,84.93618,343.24,0.73,0.76,"2026-07-09",835,"N20","nominal","2.0NRT",287.69,23.37,"D"
"2070",59.02608,84.92293,346.32,0.73,0.76,"2026-07-09",835,"N20","nominal","2.0NRT",286.61,13.56,"D"
"2071",59.02665,84.90984,336.98,0.73,0.76,"2026-07-09",835,"N20","nominal","2.0NRT",284.88,13.56,"D"
"2072",59.03255,84.93747,354.91,0.73,0.76,"2026-07-09",835,"N20","nominal","2.0NRT",292.43,23.37,"D"
"2073",59.03369,84.91126,329.28,0.73,0.76,"2026-07-09",835,"N20","nominal","2.0NRT",282.69,13.56,"D"
"2074",59.03961,84.93869,352.73,0.73,0.76,"2026-07-09",835,"N20","nominal","2.0NRT",289.5,14.99,"D"
"2075",59.04073,84.91257,343,0.73,0.76,"2026-07-09",835,"N20","nominal","2.0NRT",288.03,12.37,"D"
"2076",59.04778,84.91386,326.14,0.73,0.76,"2026-07-09",835,"N20","nominal","2.0NRT",287.78,12.37,"D"
"2077",58.99067,84.99068,337.15,0.73,0.76,"2026-07-09",835,"N20","nominal","2.0NRT",283.8,15.62,"D"
"2078",58.99445,84.91184,335.76,0.73,0.76,"2026-07-09",835,"N20","nominal","2.0NRT",285.08,8.88,"D"
"2079",59.01249,84.9814,327.25,0.73,0.76,"2026-07-09",835,"N20","nominal","2.0NRT",285.39,8.38,"D"
"2080",59.02017,84.96954,333.37,0.73,0.76,"2026-07-09",835,"N20","nominal","2.0NRT",285.91,11.96,"D"
"2081",59.02141,84.94337,329.76,0.73,0.76,"2026-07-09",835,"N20","nominal","2.0NRT",286.01,5.98,"D"
"2082",59.02202,84.9302,331.02,0.73,0.76,"2026-07-09",835,"N20","nominal","2.0NRT",285.92,5.98,"D"
"2083",59.02264,84.91702,344.54,0.73,0.76,"2026-07-09",835,"N20","nominal","2.0NRT",287.26,9.52,"D"
"2084",59.02325,84.904,325.82,0.73,0.76,"2026-07-09",835,"N20","nominal","2.0NRT",287.42,9.52,"D"
"2085",59.02845,84.94479,336.27,0.73,0.76,"2026-07-09",835,"N20","nominal","2.0NRT",284.41,18.21,"D"
"2086",59.02908,84.9315,340.38,0.73,0.76,"2026-07-09",835,"N20","nominal","2.0NRT",287.53,18.21,"D"
"2087",59.03613,84.93273,348.89,0.73,0.76,"2026-07-09",835,"N20","nominal","2.0NRT",293.23,18.21,"D"
"2088",59.03552,84.94588,356.06,0.73,0.76,"2026-07-09",835,"N20","low","2.0NRT",286.14,18.21,"D"
"2089",59.04379,84.92085,348.13,0.73,0.76,"2026-07-09",835,"N20","nominal","2.0NRT",287.91,17.25,"D"
"2090",52.5545,39.57444,336.72,0.67,0.74,"2026-07-09",835,"N20","nominal","2.0NRT",276.63,13.33,"D"
"2091",58.39243,58.32993,337.16,0.39,0.36,"2026-07-09",835,"N20","nominal","2.0NRT",302.67,3.75,"D"
"2092",60.06435,72.76336,337.94,0.55,0.51,"2026-07-09",835,"N20","nominal","2.0NRT",288.19,3.95,"D"
"2093",60.06071,72.76678,330.39,0.55,0.51,"2026-07-09",835,"N20","nominal","2.0NRT",288.95,2.71,"D"
"2094",60.11308,73.57912,326.39,0.58,0.52,"2026-07-09",835,"N20","nominal","2.0NRT",290.61,2.24,"D"
"2095",60.57776,78.73506,342.16,0.44,0.62,"2026-07-09",835,"N20","nominal","2.0NRT",295.34,5.94,"D"
"2096",60.62043,72.64806,325.72,0.55,0.51,"2026-07-09",835,"N20","nominal","2.0NRT",289.3,3.26,"D"
"2097",60.6921,72.86341,337.01,0.56,0.51,"2026-07-09",835,"N20","nominal","2.0NRT",290.23,6.96,"D"
"2098",60.69165,72.85316,333.75,0.56,0.51,"2026-07-09",835,"N20","nominal","2.0NRT",291.03,6.19,"D"
"2099",60.69595,72.84215,326.24,0.56,0.51,"2026-07-09",835,"N20","nominal","2.0NRT",289.03,3.55,"D"
"2100",60.69175,72.85635,340.55,0.56,0.51,"2026-07-09",835,"N20","nominal","2.0NRT",290.87,8.65,"D"
"2101",60.6681,72.00262,337.57,0.52,0.5,"2026-07-09",835,"N20","nominal","2.0NRT",291.21,3.18,"D"
"2102",60.7156,72.52196,338.43,0.54,0.51,"2026-07-09",835,"N20","nominal","2.0NRT",288.84,5.83,"D"
"2103",60.89256,71.79655,333.75,0.51,0.5,"2026-07-09",835,"N20","nominal","2.0NRT",292.48,4.17,"D"
"2104",60.9496,72.4035,328.38,0.54,0.51,"2026-07-09",835,"N20","nominal","2.0NRT",290.66,2.4,"D"
"2105",61.01686,72.61778,331.59,0.55,0.51,"2026-07-09",835,"N20","nominal","2.0NRT",289.72,2.91,"D"
"2106",61.8936,79.50703,347.75,0.47,0.64,"2026-07-09",835,"N20","nominal","2.0NRT",288.74,5.96,"D"
"2107",62.1392,79.45347,326.06,0.47,0.64,"2026-07-09",835,"N20","nominal","2.0NRT",291.78,2.8,"D"
"2108",62.33182,78.17122,328.63,0.43,0.62,"2026-07-09",835,"N20","nominal","2.0NRT",296.82,1.86,"D"
"2109",62.36616,77.45421,327.41,0.41,0.6,"2026-07-09",835,"N20","nominal","2.0NRT",292.74,3.08,"D"
"2110",62.38245,77.32624,328.17,0.4,0.6,"2026-07-09",835,"N20","nominal","2.0NRT",293.81,2.25,"D"
"2111",62.5592,82.41444,332.07,0.58,0.7,"2026-07-09",835,"N20","nominal","2.0NRT",291.15,6.43,"D"
"2112",62.55957,82.40239,335.3,0.58,0.7,"2026-07-09",835,"N20","nominal","2.0NRT",292.75,5.76,"D"
"2113",62.56571,82.41531,333.91,0.58,0.7,"2026-07-09",835,"N20","nominal","2.0NRT",289.35,10.58,"D"
"2114",63.12279,77.85183,331.96,0.42,0.61,"2026-07-09",835,"N20","nominal","2.0NRT",293.98,2.83,"D"
"2115",63.1717,81.46799,346.13,0.54,0.68,"2026-07-09",835,"N20","nominal","2.0NRT",289.38,11.22,"D"
"2116",63.17196,81.45658,351.77,0.54,0.68,"2026-07-09",835,"N20","nominal","2.0NRT",291.38,11.22,"D"
"2117",63.17221,81.44523,334.99,0.54,0.68,"2026-07-09",835,"N20","nominal","2.0NRT",289.67,7.71,"D"
"2118",63.17851,81.44672,350.2,0.54,0.68,"2026-07-09",835,"N20","nominal","2.0NRT",290.4,7.71,"D"
"2119",63.16745,81.4519,338.71,0.54,0.68,"2026-07-09",835,"N20","nominal","2.0NRT",289.35,5.25,"D"
"2120",63.17347,81.46478,352.88,0.54,0.68,"2026-07-09",835,"N20","nominal","2.0NRT",289.64,9.89,"D"
"2121",63.17377,81.45298,339.93,0.54,0.68,"2026-07-09",835,"N20","nominal","2.0NRT",287.9,6.62,"D"
"2122",63.17406,81.44193,331.16,0.54,0.68,"2026-07-09",835,"N20","nominal","2.0NRT",289.89,6.62,"D"
"2123",63.18036,81.44351,337.82,0.54,0.68,"2026-07-09",835,"N20","nominal","2.0NRT",288.8,6.62,"D"
"2124",63.75104,81.03789,329.51,0.53,0.67,"2026-07-09",835,"N20","nominal","2.0NRT",289.64,2.67,"D"
"2125",60.51056,48.20917,335.57,0.54,0.42,"2026-07-09",837,"N20","nominal","2.0NRT",296.72,5.87,"D"
"2126",22.92846,70.11023,332.06,0.43,0.38,"2026-07-09",824,"N20","low","2.0NRT",301.63,3.93,"D"
"2127",22.92777,70.10612,331.55,0.43,0.38,"2026-07-09",824,"N20","low","2.0NRT",301.69,3.93,"D"
"2128",25.73023,58.2807,334.15,0.6,0.71,"2026-07-09",826,"N20","nominal","2.0NRT",301.47,4.17,"D"
"2129",25.73164,58.27972,334.35,0.6,0.7,"2026-07-09",826,"N20","nominal","2.0NRT",301.88,2.08,"D"
"2130",29.56239,72.17002,341.68,0.39,0.36,"2026-07-09",826,"N20","nominal","2.0NRT",302.62,3.15,"D"
"2131",29.56685,72.08208,340.41,0.39,0.36,"2026-07-09",826,"N20","nominal","2.0NRT",302.16,1.97,"D"
"2132",9.23771,78.61969,336.1,0.44,0.39,"2026-07-09",820,"N20","nominal","2.0NRT",303.24,2.32,"D"
"2133",29.55928,72.02973,335.34,0.39,0.36,"2026-07-09",826,"N20","nominal","2.0NRT",301.65,2.01,"D"
"2134",9.53972,80.37572,344.61,0.55,0.43,"2026-07-09",820,"N20","nominal","2.0NRT",289.35,29.49,"D"
"2135",29.5626,72.0291,338.55,0.39,0.36,"2026-07-09",826,"N20","nominal","2.0NRT",302.52,4.62,"D"
"2136",9.35935,78.66029,346.65,0.45,0.39,"2026-07-09",820,"N20","nominal","2.0NRT",302.37,5.18,"D"
"2137",29.57526,72.09293,339.17,0.39,0.36,"2026-07-09",826,"N20","nominal","2.0NRT",302.23,3.22,"D"
"2138",9.24012,77.80473,340.9,0.41,0.37,"2026-07-09",820,"N20","nominal","2.0NRT",307.06,10.66,"D"
"2139",29.6339,72.29517,339.27,0.4,0.37,"2026-07-09",826,"N20","nominal","2.0NRT",302.63,4.14,"D"
"2140",9.50015,78.58637,342.5,0.44,0.39,"2026-07-09",820,"N20","nominal","2.0NRT",303.44,14.78,"D"
"2141",29.65269,72.37972,338.07,0.4,0.37,"2026-07-09",826,"N20","nominal","2.0NRT",303.34,4.4,"D"
"2142",9.74088,80.15462,331.59,0.54,0.42,"2026-07-09",820,"N20","nominal","2.0NRT",295.67,2.67,"D"
"2143",29.64452,72.29738,337.21,0.4,0.37,"2026-07-09",826,"N20","nominal","2.0NRT",301.74,2.97,"D"
"2144",9.39957,77.60509,336.74,0.41,0.37,"2026-07-09",820,"N20","nominal","2.0NRT",306.18,2.99,"D"
"2145",29.66055,72.26514,343.58,0.4,0.37,"2026-07-09",826,"N20","nominal","2.0NRT",302.66,4.4,"D"
"2146",9.51754,78.02991,343.78,0.42,0.38,"2026-07-09",820,"N20","nominal","2.0NRT",311.16,17.02,"D"
"2147",29.66389,72.26451,332.51,0.4,0.37,"2026-07-09",826,"N20","nominal","2.0NRT",301.71,1.7,"D"
"2148",9.56479,78.18477,343.45,0.43,0.38,"2026-07-09",820,"N20","nominal","2.0NRT",308.51,9.3,"D"
"2149",29.67766,72.33733,334.43,0.4,0.37,"2026-07-09",826,"N20","nominal","2.0NRT",301.24,1.27,"D"
"2150",9.63699,77.6492,334.7,0.41,0.37,"2026-07-09",820,"N20","nominal","2.0NRT",303.59,1.68,"D"
"2151",29.6352,72.01626,333.62,0.39,0.36,"2026-07-09",826,"N20","nominal","2.0NRT",299.97,1.73,"D"
"2152",9.65431,77.57814,340.08,0.41,0.37,"2026-07-09",820,"N20","nominal","2.0NRT",305.12,9.19,"D"
"2153",9.65475,77.57774,339.84,0.41,0.37,"2026-07-09",820,"N20","nominal","2.0NRT",305.02,9.15,"D"
"2154",29.70383,72.42498,334.06,0.4,0.37,"2026-07-09",826,"N20","nominal","2.0NRT",302.25,3.01,"D"
"2155",9.86762,78.25245,334.55,0.43,0.38,"2026-07-09",820,"N20","nominal","2.0NRT",302.76,4.49,"D"
"2156",29.70719,72.42436,348.07,0.4,0.37,"2026-07-09",826,"N20","nominal","2.0NRT",304.81,19.85,"D"
"2157",9.80669,77.7805,335.98,0.42,0.37,"2026-07-09",820,"N20","nominal","2.0NRT",303.47,1.89,"D"
"2158",29.6937,72.20888,336.41,0.4,0.37,"2026-07-09",826,"N20","nominal","2.0NRT",300.07,1.51,"D"
"2159",9.94343,78.60604,336.72,0.45,0.39,"2026-07-09",820,"N20","nominal","2.0NRT",300.54,2.61,"D"
"2160",29.69312,72.20481,338.91,0.4,0.37,"2026-07-09",826,"N20","nominal","2.0NRT",302.05,3.01,"D"
"2161",9.92046,78.34579,336.39,0.44,0.38,"2026-07-09",820,"N20","nominal","2.0NRT",300.29,3.67,"D"
"2162",29.73571,72.44498,335.26,0.4,0.37,"2026-07-09",826,"N20","nominal","2.0NRT",301.04,2.19,"D"
"2163",9.95749,78.23112,337.12,0.43,0.38,"2026-07-09",820,"N20","nominal","2.0NRT",303.61,6.75,"D"
"2164",29.7257,72.29961,334.92,0.4,0.37,"2026-07-09",826,"N20","nominal","2.0NRT",303.11,2.08,"D"
"2165",10.02265,78.22963,337.95,0.43,0.38,"2026-07-09",820,"N20","nominal","2.0NRT",303.02,2.89,"D"
"2166",29.68427,72.00745,336.39,0.39,0.36,"2026-07-09",826,"N20","nominal","2.0NRT",294.93,3.13,"D"
"2167",10.02365,78.0655,333.13,0.43,0.38,"2026-07-09",820,"N20","nominal","2.0NRT",302.35,1.73,"D"
"2168",29.75375,72.47545,344.12,0.4,0.37,"2026-07-09",826,"N20","nominal","2.0NRT",300.3,4.07,"D"
"2169",9.97476,77.44547,344.41,0.41,0.37,"2026-07-09",820,"N20","nominal","2.0NRT",300.27,1.77,"D"
"2170",29.71065,72.16865,339.81,0.39,0.37,"2026-07-09",826,"N20","nominal","2.0NRT",302.42,3.68,"D"
"2171",9.97815,77.44496,331.08,0.41,0.37,"2026-07-09",820,"N20","nominal","2.0NRT",299.74,1.77,"D"
"2172",29.79041,72.71566,351.84,0.41,0.37,"2026-07-09",826,"N20","nominal","2.0NRT",303.6,27.71,"D"
"2173",10.26067,78.52789,332.15,0.45,0.39,"2026-07-09",820,"N20","nominal","2.0NRT",300.99,2.68,"D"
"2174",29.75981,72.44476,336.96,0.4,0.37,"2026-07-09",826,"N20","nominal","2.0NRT",302.63,14.25,"D"
"2175",10.40273,79.23692,335.07,0.49,0.4,"2026-07-09",820,"N20","nominal","2.0NRT",297.26,7.29,"D"
"2176",29.7625,72.41472,343.2,0.4,0.37,"2026-07-09",826,"N20","nominal","2.0NRT",303.27,3.29,"D"
"2177",10.45489,79.46841,332.2,0.5,0.41,"2026-07-09",820,"N20","nominal","2.0NRT",289.31,5.68,"D"
"2178",29.76586,72.4141,335.38,0.4,0.37,"2026-07-09",826,"N20","nominal","2.0NRT",303.3,2.1,"D"
"2179",10.80195,79.59845,331.14,0.51,0.41,"2026-07-09",820,"N20","nominal","2.0NRT",293.26,3.23,"D"
"2180",29.7721,72.43405,337.37,0.4,0.37,"2026-07-09",826,"N20","nominal","2.0NRT",302.83,2.38,"D"
"2181",12.73124,79.62499,334.39,0.55,0.42,"2026-07-09",820,"N20","nominal","2.0NRT",288.9,6.18,"D"
"2182",29.75307,72.29873,335.26,0.4,0.37,"2026-07-09",826,"N20","nominal","2.0NRT",300.11,1.18,"D"
"2183",14.19754,79.97244,334.6,0.4,0.44,"2026-07-09",822,"N20","nominal","2.0NRT",296.94,3.36,"D"
"2184",29.77027,72.39642,339.36,0.4,0.37,"2026-07-09",826,"N20","nominal","2.0NRT",303.39,3.02,"D"
"2185",14.83045,79.77025,331.62,0.39,0.44,"2026-07-09",822,"N20","nominal","2.0NRT",288.24,1.73,"D"
"2186",29.73389,72.13928,338.44,0.39,0.37,"2026-07-09",826,"N20","nominal","2.0NRT",301.16,8.37,"D"
"2187",14.90274,76.12289,335.85,0.4,0.37,"2026-07-09",822,"N20","nominal","2.0NRT",299.64,2.06,"D"
"2188",29.7378,72.14272,332.75,0.39,0.37,"2026-07-09",826,"N20","nominal","2.0NRT",300.51,4.26,"D"
"2189",14.90787,76.11068,337.18,0.4,0.37,"2026-07-09",822,"N20","nominal","2.0NRT",299.31,3.31,"D"
"2190",15.1039,76.8178,344.3,0.42,0.38,"2026-07-09",822,"N20","nominal","2.0NRT",300.87,4.57,"D"
"2191",29.73723,72.13866,346.71,0.39,0.37,"2026-07-09",826,"N20","nominal","2.0NRT",301.16,8.37,"D"
"2192",15.17497,76.67976,331.59,0.42,0.38,"2026-07-09",822,"N20","nominal","2.0NRT",300.11,4.42,"D"
"2193",29.83732,72.72862,333.26,0.41,0.37,"2026-07-09",826,"N20","nominal","2.0NRT",299.71,23.83,"D"
"2194",15.17277,76.66418,339.43,0.42,0.38,"2026-07-09",822,"N20","nominal","2.0NRT",301.41,4.93,"D"
"2195",29.83674,72.72444,343.53,0.41,0.37,"2026-07-09",826,"N20","nominal","2.0NRT",306.81,23.83,"D"
"2196",15.18021,76.66706,331.84,0.42,0.38,"2026-07-09",822,"N20","nominal","2.0NRT",300.13,2.73,"D"
"2197",29.76813,72.18711,341.15,0.4,0.37,"2026-07-09",826,"N20","nominal","2.0NRT",302.31,11.04,"D"
"2198",15.18089,76.64711,336.77,0.42,0.38,"2026-07-09",822,"N20","nominal","2.0NRT",297.05,4.89,"D"
"2199",29.75083,71.9949,349.24,0.39,0.36,"2026-07-09",826,"N20","nominal","2.0NRT",303.03,12.48,"D"
"2200",15.59511,79.04787,331.5,0.55,0.43,"2026-07-09",822,"N20","nominal","2.0NRT",297.25,4.03,"D"
"2201",29.77755,72.08535,340.58,0.39,0.36,"2026-07-09",826,"N20","nominal","2.0NRT",296.74,4.33,"D"
"2202",15.59601,79.05067,330.57,0.55,0.43,"2026-07-09",822,"N20","nominal","2.0NRT",294,4.87,"D"
"2203",29.78983,72.05821,345.19,0.39,0.36,"2026-07-09",826,"N20","nominal","2.0NRT",301.78,6.47,"D"
"2204",15.83651,76.83992,338.63,0.43,0.38,"2026-07-09",822,"N20","nominal","2.0NRT",302.54,8.63,"D"
"2205",29.88201,72.64376,333.35,0.4,0.37,"2026-07-09",826,"N20","nominal","2.0NRT",300.07,1.58,"D"
"2206",15.84,76.83939,337.2,0.43,0.38,"2026-07-09",822,"N20","nominal","2.0NRT",300.09,5.27,"D"
"2207",29.84585,72.38276,337.08,0.4,0.37,"2026-07-09",826,"N20","nominal","2.0NRT",299.83,2.94,"D"
"2208",18.71196,79.53994,339.08,0.43,0.46,"2026-07-09",822,"N20","nominal","2.0NRT",291.66,7.21,"D"
"2209",29.85813,72.37205,347.16,0.4,0.37,"2026-07-09",826,"N20","nominal","2.0NRT",303.8,11.48,"D"
"2210",29.86532,72.34962,336.32,0.4,0.37,"2026-07-09",826,"N20","nominal","2.0NRT",303.42,4.56,"D"
"2211",18.92666,78.69778,343.92,0.38,0.43,"2026-07-09",822,"N20","nominal","2.0NRT",290.68,7.27,"D"
"2212",29.83125,72.10871,341.87,0.39,0.37,"2026-07-09",826,"N20","nominal","2.0NRT",302.8,6,"D"
"2213",29.86741,72.31554,338.03,0.4,0.37,"2026-07-09",826,"N20","nominal","2.0NRT",300.7,3.59,"D"
"2214",29.82837,71.99281,338.95,0.39,0.36,"2026-07-09",826,"N20","nominal","2.0NRT",303.13,3.51,"D"
"2215",29.89634,72.39877,336.93,0.4,0.37,"2026-07-09",826,"N20","nominal","2.0NRT",303.15,4.44,"D"
"2216",29.90606,72.44351,338.57,0.4,0.37,"2026-07-09",826,"N20","nominal","2.0NRT",299.52,3.41,"D"
"2217",29.98657,72.97516,336.55,0.41,0.37,"2026-07-09",826,"N20","nominal","2.0NRT",301.13,2.18,"D"
"2218",29.93542,72.60409,346.4,0.4,0.37,"2026-07-09",826,"N20","nominal","2.0NRT",304.57,24.61,"D"
"2219",29.95507,72.7206,331.45,0.41,0.37,"2026-07-09",826,"N20","nominal","2.0NRT",300.07,3.17,"D"
"2220",29.89731,72.25954,335.88,0.4,0.37,"2026-07-09",826,"N20","nominal","2.0NRT",301.27,1.8,"D"
"2221",29.88278,72.15751,338.88,0.4,0.37,"2026-07-09",826,"N20","nominal","2.0NRT",303.83,2.13,"D"
"2222",29.89833,72.24256,343.28,0.4,0.37,"2026-07-09",826,"N20","nominal","2.0NRT",300.95,3.37,"D"
"2223",29.88173,72.0784,336.87,0.39,0.36,"2026-07-09",826,"N20","nominal","2.0NRT",303.41,2.86,"D"
"2224",29.92644,72.36787,340.12,0.4,0.37,"2026-07-09",826,"N20","nominal","2.0NRT",302.82,4.58,"D"
"2225",29.95604,72.55337,335.47,0.4,0.37,"2026-07-09",826,"N20","nominal","2.0NRT",303.41,3.73,"D"
"2226",29.98324,72.6983,335.88,0.41,0.37,"2026-07-09",826,"N20","nominal","2.0NRT",302.93,4.06,"D"
"2227",30.07548,73.34508,348.45,0.42,0.38,"2026-07-09",826,"N20","nominal","2.0NRT",303.46,14.85,"D"
"2228",30.07334,73.34206,340.81,0.43,0.38,"2026-07-09",826,"N20","nominal","2.0NRT",305.07,4.53,"D"
"2229",30.07738,73.34586,335.4,0.43,0.38,"2026-07-09",826,"N20","nominal","2.0NRT",301.2,4.53,"D"
"2230",30.0768,73.34146,339.55,0.43,0.38,"2026-07-09",826,"N20","nominal","2.0NRT",302.13,4.53,"D"
"2231",29.90802,72.10318,342.36,0.39,0.37,"2026-07-09",826,"N20","nominal","2.0NRT",303.12,3.71,"D"
"2232",30.00899,72.80658,345.83,0.41,0.37,"2026-07-09",826,"N20","nominal","2.0NRT",301.3,7.7,"D"
"2233",29.97457,72.55489,338.96,0.4,0.37,"2026-07-09",826,"N20","nominal","2.0NRT",301.33,4.99,"D"
"2234",29.95218,72.39329,331.34,0.4,0.37,"2026-07-09",826,"N20","nominal","2.0NRT",298.79,2.58,"D"
"2235",29.92736,72.19158,340.7,0.4,0.37,"2026-07-09",826,"N20","nominal","2.0NRT",305.05,4.76,"D"
"2236",29.92783,72.17054,335.48,0.4,0.37,"2026-07-09",826,"N20","nominal","2.0NRT",301.12,3.64,"D"
"2237",29.94017,72.185,338.5,0.4,0.37,"2026-07-09",826,"N20","nominal","2.0NRT",302.97,6.25,"D"
"2238",29.93959,72.18092,335.54,0.4,0.37,"2026-07-09",826,"N20","nominal","2.0NRT",304.1,6.25,"D"
"2239",29.90824,71.93668,334.78,0.39,0.36,"2026-07-09",826,"N20","nominal","2.0NRT",303.19,2.84,"D"
"2240",29.94801,72.19191,336.88,0.4,0.37,"2026-07-09",826,"N20","nominal","2.0NRT",301.67,1.46,"D"
"2241",29.98105,72.32877,336.92,0.4,0.37,"2026-07-09",826,"N20","nominal","2.0NRT",302.53,2.7,"D"
"2242",29.95965,72.17716,341.69,0.4,0.37,"2026-07-09",826,"N20","nominal","2.0NRT",304.8,5.91,"D"
"2243",30.04312,72.52527,344.75,0.4,0.37,"2026-07-09",826,"N20","nominal","2.0NRT",300.89,5.04,"D"
"2244",30.1482,73.26612,338.95,0.42,0.38,"2026-07-09",826,"N20","nominal","2.0NRT",303.74,4.94,"D"
"2245",30.06327,72.62,339.84,0.41,0.37,"2026-07-09",826,"N20","nominal","2.0NRT",303.08,4.46,"D"
"2246",30.16497,73.28559,346.71,0.42,0.38,"2026-07-09",826,"N20","nominal","2.0NRT",304.59,11.65,"D"
"2247",30.12777,72.98589,338.79,0.41,0.37,"2026-07-09",826,"N20","nominal","2.0NRT",303.98,4.65,"D"
"2248",30.18164,73.31564,339.55,0.43,0.38,"2026-07-09",826,"N20","nominal","2.0NRT",304.97,4.7,"D"
"2249",30.18021,73.01306,335.77,0.42,0.37,"2026-07-09",826,"N20","nominal","2.0NRT",301.67,2.86,"D"
"2250",30.20435,72.88145,335.04,0.41,0.37,"2026-07-09",826,"N20","nominal","2.0NRT",301.48,2.28,"D"
"2251",30.20377,72.87719,336.44,0.41,0.37,"2026-07-09",826,"N20","nominal","2.0NRT",299.82,2.28,"D"
"2252",30.37028,73.20268,339.15,0.42,0.38,"2026-07-09",826,"N20","nominal","2.0NRT",302.98,3.05,"D"
"2253",30.43683,73.58921,335.99,0.44,0.38,"2026-07-09",826,"N20","nominal","2.0NRT",302.09,1.8,"D"
"2254",30.39268,73.08836,341.04,0.42,0.38,"2026-07-09",826,"N20","nominal","2.0NRT",303.13,5.02,"D"
"2255",30.29722,72.36178,333.28,0.4,0.37,"2026-07-09",826,"N20","low","2.0NRT",303.57,1.73,"D"
"2256",30.49311,73.80405,350.33,0.44,0.39,"2026-07-09",826,"N20","nominal","2.0NRT",308.27,14.96,"D"
"2257",30.49665,73.80345,350.58,0.44,0.39,"2026-07-09",826,"N20","nominal","2.0NRT",304.51,14.96,"D"
"2258",30.5474,73.80429,333.66,0.45,0.39,"2026-07-09",826,"N20","nominal","2.0NRT",303.22,2.98,"D"
"2259",30.56292,73.86808,342.45,0.45,0.39,"2026-07-09",826,"N20","nominal","2.0NRT",303.94,4.3,"D"
"2260",30.56647,73.86748,351.67,0.45,0.39,"2026-07-09",826,"N20","nominal","2.0NRT",305.14,8.22,"D"
"2261",30.57063,73.87154,339.02,0.45,0.39,"2026-07-09",826,"N20","nominal","2.0NRT",302.55,2.95,"D"
"2262",30.56821,73.71658,334.65,0.44,0.39,"2026-07-09",826,"N20","nominal","2.0NRT",303.19,3.58,"D"
"2263",30.50537,73.20311,349.01,0.42,0.38,"2026-07-09",826,"N20","nominal","2.0NRT",304.4,9.8,"D"
"2264",30.57939,73.71938,337.08,0.44,0.39,"2026-07-09",826,"N20","nominal","2.0NRT",303.07,1.99,"D"
"2265",30.61657,73.92666,332.08,0.45,0.39,"2026-07-09",826,"N20","low","2.0NRT",303.52,3.22,"D"
"2266",30.62013,73.92607,340.11,0.45,0.39,"2026-07-09",826,"N20","nominal","2.0NRT",304.49,3.22,"D"
"2267",30.57703,73.58883,334.9,0.44,0.38,"2026-07-09",826,"N20","nominal","2.0NRT",301.18,3.14,"D"
"2268",30.61716,73.87397,338.74,0.45,0.39,"2026-07-09",826,"N20","nominal","2.0NRT",303.51,3.59,"D"
"2269",30.60826,73.77575,338,0.44,0.39,"2026-07-09",826,"N20","nominal","2.0NRT",303.59,1.93,"D"
"2270",30.5587,73.33878,342.98,0.43,0.38,"2026-07-09",826,"N20","nominal","2.0NRT",304.89,4.87,"D"
"2271",30.67085,74.06716,340.89,0.46,0.39,"2026-07-09",826,"N20","nominal","2.0NRT",303.41,2.23,"D"
"2272",30.61392,73.59644,338.92,0.44,0.38,"2026-07-09",826,"N20","nominal","2.0NRT",303.24,3.52,"D"
"2273",30.66825,73.93235,331.17,0.45,0.39,"2026-07-09",826,"N20","nominal","2.0NRT",301.06,2.19,"D"
"2274",30.66765,73.92765,349.55,0.45,0.39,"2026-07-09",826,"N20","nominal","2.0NRT",304.9,8.68,"D"
"2275",30.63222,73.65402,343.15,0.44,0.38,"2026-07-09",826,"N20","nominal","2.0NRT",303.92,7.7,"D"
"2276",30.63163,73.64944,339.26,0.44,0.38,"2026-07-09",826,"N20","nominal","2.0NRT",305.21,4.35,"D"
"2277",30.45515,72.17513,339.71,0.4,0.37,"2026-07-09",826,"N20","nominal","2.0NRT",304.31,5.04,"D"
"2278",30.45456,72.17101,337.59,0.4,0.37,"2026-07-09",826,"N20","nominal","2.0NRT",305.14,5.04,"D"
"2279",30.67536,73.76632,335.23,0.45,0.39,"2026-07-09",826,"N20","nominal","2.0NRT",301.37,3.36,"D"
"2280",30.65029,73.42986,339.64,0.43,0.38,"2026-07-09",826,"N20","nominal","2.0NRT",303.25,6.42,"D"
"2281",30.92034,75.56538,332.22,0.54,0.42,"2026-07-09",826,"N20","nominal","2.0NRT",297.83,1.86,"D"
"2282",30.59019,72.86835,340.59,0.41,0.37,"2026-07-09",826,"N20","nominal","2.0NRT",303.81,4.51,"D"
"2283",30.44563,71.73295,331.04,0.39,0.36,"2026-07-09",826,"N20","low","2.0NRT",301.83,1.21,"D"
"2284",27.1671,56.05199,342.58,0.75,0.77,"2026-07-09",826,"N20","nominal","2.0NRT",306.84,9.25,"D"
"2285",30.74877,73.91611,335.23,0.45,0.39,"2026-07-09",826,"N20","nominal","2.0NRT",301.82,1.47,"D"
"2286",30.53444,72.31018,333.74,0.4,0.37,"2026-07-09",826,"N20","low","2.0NRT",304.02,2.12,"D"
"2287",30.75653,73.94851,341.29,0.45,0.39,"2026-07-09",826,"N20","nominal","2.0NRT",302.52,5.58,"D"
"2288",30.74934,73.892,334.18,0.45,0.39,"2026-07-09",826,"N20","nominal","2.0NRT",302.91,2.3,"D"
"2289",30.53781,72.30956,347.14,0.4,0.37,"2026-07-09",826,"N20","nominal","2.0NRT",304.49,18.42,"D"
"2290",30.74148,73.77402,334.31,0.45,0.39,"2026-07-09",826,"N20","nominal","2.0NRT",301.13,4.75,"D"
"2291",30.73073,73.69073,339.05,0.44,0.39,"2026-07-09",826,"N20","nominal","2.0NRT",302.36,4.84,"D"
"2292",30.62519,72.76521,339.38,0.41,0.37,"2026-07-09",826,"N20","nominal","2.0NRT",301.87,2.88,"D"
"2293",30.95551,75.26128,335.3,0.52,0.42,"2026-07-09",826,"N20","nominal","2.0NRT",298.87,2.4,"D"
"2294",30.79467,73.96141,334.33,0.45,0.39,"2026-07-09",826,"N20","nominal","2.0NRT",302.46,2.37,"D"
"2295",30.95466,75.2646,335.62,0.52,0.42,"2026-07-09",826,"N20","nominal","2.0NRT",298.76,4.36,"D"
"2296",30.8089,73.82616,331.87,0.45,0.39,"2026-07-09",826,"N20","low","2.0NRT",301.96,2.78,"D"
"2297",30.84926,74.1198,332.35,0.46,0.39,"2026-07-09",826,"N20","nominal","2.0NRT",301.56,2.21,"D"
"2298",30.67806,72.76977,335.82,0.41,0.37,"2026-07-09",826,"N20","nominal","2.0NRT",302.95,4.44,"D"
"2299",30.7851,73.36164,346.16,0.43,0.38,"2026-07-09",826,"N20","nominal","2.0NRT",306.74,16.97,"D"
"2300",31.0406,75.40263,337.04,0.53,0.42,"2026-07-09",826,"N20","nominal","2.0NRT",296.29,7.36,"D"
"2301",31.06181,75.4504,332.79,0.53,0.42,"2026-07-09",826,"N20","nominal","2.0NRT",296.25,5.37,"D"
"2302",31.06116,75.44482,331.38,0.53,0.42,"2026-07-09",826,"N20","nominal","2.0NRT",297.62,5.37,"D"
"2303",30.82695,73.35434,338.35,0.43,0.38,"2026-07-09",826,"N20","nominal","2.0NRT",303.4,5.03,"D"
"2304",30.82635,73.34985,342.51,0.43,0.38,"2026-07-09",826,"N20","nominal","2.0NRT",305.02,8.8,"D"
"2305",30.8446,73.39913,339.32,0.43,0.38,"2026-07-09",826,"N20","nominal","2.0NRT",303.68,5.74,"D"
"2306",30.84344,73.39009,341.31,0.43,0.38,"2026-07-09",826,"N20","nominal","2.0NRT",304.69,4.95,"D"
"2307",30.98986,74.5416,331.55,0.48,0.4,"2026-07-09",826,"N20","low","2.0NRT",305.86,5.27,"D"
"2308",30.84693,73.38948,340.22,0.43,0.38,"2026-07-09",826,"N20","nominal","2.0NRT",304.18,4.95,"D"
"2309",31.08356,75.31548,332.32,0.53,0.42,"2026-07-09",826,"N20","nominal","2.0NRT",298.31,4.99,"D"
"2310",30.76577,72.7464,347.81,0.41,0.37,"2026-07-09",826,"N20","nominal","2.0NRT",302.79,6.9,"D"
"2311",30.78567,72.73839,336.76,0.41,0.37,"2026-07-09",826,"N20","nominal","2.0NRT",302.4,2.98,"D"
"2312",31.11551,75.28816,336.01,0.52,0.42,"2026-07-09",826,"N20","nominal","2.0NRT",298.72,4.11,"D"
"2313",30.85345,73.06004,342.33,0.42,0.38,"2026-07-09",826,"N20","nominal","2.0NRT",303.12,3.77,"D"
"2314",31.16845,75.27442,337.81,0.52,0.42,"2026-07-09",826,"N20","nominal","2.0NRT",298.22,7.44,"D"
"2315",31.16579,75.21909,333.32,0.52,0.42,"2026-07-09",826,"N20","nominal","2.0NRT",301.09,2.86,"D"
"2316",31.17044,75.27174,338.73,0.52,0.42,"2026-07-09",826,"N20","nominal","2.0NRT",298.4,7.52,"D"
"2317",31.16489,75.22238,330.69,0.52,0.42,"2026-07-09",826,"N20","nominal","2.0NRT",300.55,2.56,"D"
"2318",31.13155,74.79829,330.51,0.5,0.41,"2026-07-09",826,"N20","low","2.0NRT",305.13,7.16,"D"
"2319",31.2152,75.08739,336.05,0.51,0.41,"2026-07-09",826,"N20","nominal","2.0NRT",298.85,3.99,"D"
"2320",31.272,75.34055,333.66,0.53,0.42,"2026-07-09",826,"N20","nominal","2.0NRT",297.88,2.35,"D"
"2321",31.03049,73.2849,336.49,0.43,0.38,"2026-07-09",826,"N20","nominal","2.0NRT",304.01,3.67,"D"
"2322",31.09604,73.53516,342.1,0.44,0.38,"2026-07-09",826,"N20","nominal","2.0NRT",305.94,5.72,"D"
"2323",30.92309,72.2106,338.27,0.4,0.37,"2026-07-09",826,"N20","nominal","2.0NRT",304.34,4.15,"D"
"2324",31.16886,72.65348,340.32,0.41,0.37,"2026-07-09",826,"N20","nominal","2.0NRT",302.42,5.16,"D"
"2325",31.20193,72.63995,338.19,0.41,0.37,"2026-07-09",826,"N20","nominal","2.0NRT",302.53,3.4,"D"
"2326",31.20868,72.6122,337.15,0.41,0.37,"2026-07-09",826,"N20","nominal","2.0NRT",301.74,3.58,"D"
"2327",31.22201,72.68502,344.3,0.41,0.37,"2026-07-09",826,"N20","nominal","2.0NRT",303.69,10.02,"D"
"2328",31.41722,72.86098,336.41,0.42,0.38,"2026-07-09",826,"N20","nominal","2.0NRT",301.06,3.64,"D"
"2329",31.41639,72.86266,332.71,0.42,0.38,"2026-07-09",826,"N20","nominal","2.0NRT",301.09,3.19,"D"
"2330",31.6915,74.46874,332.42,0.49,0.4,"2026-07-09",826,"N20","low","2.0NRT",303.15,5.74,"D"
"2331",31.8879,73.10918,331.04,0.43,0.38,"2026-07-09",826,"N20","low","2.0NRT",304.28,4.2,"D"
"2332",31.89139,73.10856,331.65,0.43,0.38,"2026-07-09",826,"N20","low","2.0NRT",304.17,4.2,"D"
"2333",31.89605,73.11706,330.28,0.43,0.38,"2026-07-09",826,"N20","low","2.0NRT",303.54,6.69,"D"
"2334",31.89546,73.1125,331.29,0.43,0.38,"2026-07-09",826,"N20","low","2.0NRT",304.11,6.13,"D"
"2335",32.89347,71.90102,335.49,0.41,0.37,"2026-07-09",826,"N20","nominal","2.0NRT",302.84,1.97,"D"
"2336",32.8664,71.54733,344.23,0.4,0.37,"2026-07-09",826,"N20","nominal","2.0NRT",310.83,9.37,"D"
"2337",30.18623,56.87408,367,0.57,0.69,"2026-07-09",826,"N20","high","2.0NRT",321.19,42.22,"D"
"2338",30.18471,56.86842,367,0.57,0.69,"2026-07-09",826,"N20","low","2.0NRT",326.21,41.51,"D"
"2339",30.18395,56.87421,367,0.57,0.69,"2026-07-09",826,"N20","high","2.0NRT",322.5,78.08,"D"
"2340",33.08902,70.24379,349.98,0.38,0.36,"2026-07-09",826,"N20","nominal","2.0NRT",315.6,14.02,"D"
"2341",33.29175,70.41792,340.17,0.39,0.36,"2026-07-09",826,"N20","low","2.0NRT",312.76,4.91,"D"
"2342",33.97692,71.9521,350.02,0.41,0.37,"2026-07-09",826,"N20","nominal","2.0NRT",316.94,11.28,"D"
"2343",33.98034,71.95147,348.54,0.41,0.37,"2026-07-09",826,"N20","nominal","2.0NRT",316.06,11.28,"D"
"2344",34.23067,72.70112,339.54,0.44,0.38,"2026-07-09",826,"N20","nominal","2.0NRT",308.59,2.4,"D"
"2345",34.29741,72.80159,333.53,0.44,0.39,"2026-07-09",826,"N20","low","2.0NRT",306.14,3.23,"D"
"2346",34.72311,72.13243,348.82,0.42,0.38,"2026-07-09",828,"N20","nominal","2.0NRT",307.23,6.85,"D"
"2347",37.21888,60.93255,342.92,0.46,0.47,"2026-07-09",828,"N20","low","2.0NRT",314.68,5.09,"D"
"2348",37.71629,62.21256,345,0.38,0.44,"2026-07-09",828,"N20","nominal","2.0NRT",317.26,8.71,"D"
"2349",37.71539,62.20831,339.1,0.39,0.44,"2026-07-09",828,"N20","low","2.0NRT",312.42,8.71,"D"
"2350",37.7157,61.83165,349.4,0.4,0.44,"2026-07-09",828,"N20","nominal","2.0NRT",315.37,8.73,"D"
"2351",37.5504,59.72897,346.13,0.52,0.5,"2026-07-09",828,"N20","low","2.0NRT",318.32,8.75,"D"
"2352",37.55481,59.72734,354.85,0.52,0.5,"2026-07-09",828,"N20","nominal","2.0NRT",319.34,11.24,"D"
"2353",37.56627,59.73538,351.15,0.52,0.5,"2026-07-09",828,"N20","nominal","2.0NRT",318.51,121.83,"D"
"2354",37.57068,59.73375,367,0.52,0.5,"2026-07-09",828,"N20","high","2.0NRT",340.6,121.83,"D"
"2355",39.62363,66.59512,347.78,0.39,0.36,"2026-07-09",828,"N20","nominal","2.0NRT",313.26,4.71,"D"
"2356",40.50985,72.32294,340.21,0.49,0.4,"2026-07-09",828,"N20","low","2.0NRT",312.73,6.86,"D"
"2357",39.74265,66.73778,341.32,0.39,0.36,"2026-07-09",828,"N20","low","2.0NRT",316.19,4.85,"D"
"2358",39.79259,66.96234,341.68,0.39,0.36,"2026-07-09",828,"N20","nominal","2.0NRT",312.39,3.2,"D"
"2359",39.80649,66.7537,348.55,0.39,0.36,"2026-07-09",828,"N20","nominal","2.0NRT",315.44,7.79,"D"
"2360",40.24194,69.11346,341.4,0.39,0.36,"2026-07-09",828,"N20","low","2.0NRT",315.86,5.55,"D"
"2361",41.3535,80.67239,343.98,0.44,0.62,"2026-07-09",828,"N20","nominal","2.0NRT",305.4,7.1,"D"
"2362",41.35926,80.67199,348.64,0.44,0.62,"2026-07-09",828,"N20","nominal","2.0NRT",306.94,7.96,"D"
"2363",40.34428,69.30419,348.28,0.4,0.37,"2026-07-09",828,"N20","low","2.0NRT",322.78,19.49,"D"
"2364",41.3539,80.66925,342.55,0.44,0.62,"2026-07-09",828,"N20","nominal","2.0NRT",307.77,5.71,"D"
"2365",41.35966,80.66882,340.17,0.44,0.62,"2026-07-09",828,"N20","nominal","2.0NRT",307.22,5.6,"D"
"2366",40.42716,69.21905,345.46,0.4,0.37,"2026-07-09",828,"N20","nominal","2.0NRT",315.46,4.85,"D"
"2367",40.58508,68.84571,343.02,0.39,0.36,"2026-07-09",828,"N20","low","2.0NRT",314.39,5.13,"D"
"2368",40.62132,68.95608,352.02,0.39,0.36,"2026-07-09",828,"N20","nominal","2.0NRT",318.4,25.23,"D"
"2369",40.62399,68.95066,342.81,0.39,0.36,"2026-07-09",828,"N20","low","2.0NRT",315.78,5.43,"D"
"2370",40.68332,68.99017,343.93,0.39,0.36,"2026-07-09",828,"N20","nominal","2.0NRT",315.16,4.85,"D"
"2371",40.71163,69.06969,346.61,0.4,0.37,"2026-07-09",828,"N20","nominal","2.0NRT",316.9,5.72,"D"
"2372",40.79428,69.18167,344.82,0.4,0.37,"2026-07-09",828,"N20","low","2.0NRT",317.87,5.15,"D"
"2373",40.66108,68.22002,341.49,0.39,0.36,"2026-07-09",828,"N20","low","2.0NRT",313.96,4.05,"D"
"2374",40.80493,69.03446,337.88,0.4,0.37,"2026-07-09",828,"N20","low","2.0NRT",312.81,3.46,"D"
"2375",40.75557,68.05222,351.06,0.39,0.36,"2026-07-09",828,"N20","nominal","2.0NRT",319.01,6.25,"D"
"2376",41.05854,68.85156,340.32,0.39,0.36,"2026-07-09",828,"N20","low","2.0NRT",312.98,1.98,"D"
"2377",41.10556,68.80363,339.76,0.39,0.36,"2026-07-09",828,"N20","nominal","2.0NRT",311.53,2.43,"D"
"2378",41.10491,68.79899,333.9,0.39,0.36,"2026-07-09",828,"N20","low","2.0NRT",308.68,2.43,"D"
"2379",41.14232,68.99269,341.19,0.4,0.37,"2026-07-09",828,"N20","low","2.0NRT",312.75,10.88,"D"
"2380",41.14167,68.98801,339.02,0.4,0.37,"2026-07-09",828,"N20","nominal","2.0NRT",312.3,2.1,"D"
"2381",41.20383,69.33927,352.77,0.4,0.37,"2026-07-09",828,"N20","nominal","2.0NRT",317.79,6.75,"D"
"2382",41.2578,69.34726,340.16,0.4,0.37,"2026-07-09",828,"N20","low","2.0NRT",313.36,8.29,"D"
"2383",41.59711,69.37261,351.01,0.41,0.37,"2026-07-09",828,"N20","low","2.0NRT",322.37,12.96,"D"
"2384",38.67707,54.31941,337.61,0.46,0.64,"2026-07-09",828,"N20","nominal","2.0NRT",296.67,3.7,"D"
"2385",38.64794,54.28294,343.47,0.47,0.64,"2026-07-09",828,"N20","nominal","2.0NRT",296.69,4.18,"D"
"2386",42.91516,74.87605,331.97,0.45,0.47,"2026-07-09",830,"N20","low","2.0NRT",306.89,3.53,"D"
"2387",42.91191,74.87255,338.73,0.45,0.47,"2026-07-09",830,"N20","nominal","2.0NRT",309.29,7.61,"D"
"2388",41.57748,60.97356,339.18,0.55,0.43,"2026-07-09",830,"N20","low","2.0NRT",312.22,6.29,"D"
"2389",43.21254,68.22675,344.57,0.4,0.37,"2026-07-09",830,"N20","low","2.0NRT",318.65,5.61,"D"
"2390",42.13571,60.07111,337.04,0.39,0.44,"2026-07-09",830,"N20","low","2.0NRT",308.95,2.9,"D"
"2391",42.13642,60.06841,338.49,0.39,0.44,"2026-07-09",830,"N20","low","2.0NRT",309.99,3.6,"D"
"2392",42.13734,59.37916,343.05,0.42,0.45,"2026-07-09",830,"N20","low","2.0NRT",314.11,6.91,"D"
"2393",65.0406,56.66792,341.68,0.39,0.36,"2026-07-09",835,"N20","nominal","2.0NRT",300.9,12.43,"D"
"2394",66.06467,57.82286,326.77,0.41,0.37,"2026-07-09",835,"N20","nominal","2.0NRT",295.99,1.54,"D"
"2395",67.54583,83.20779,349.82,0.59,0.7,"2026-07-09",835,"N20","nominal","2.0NRT",292.71,22.39,"D"
"2396",67.54529,83.22208,356.67,0.59,0.7,"2026-07-09",835,"N20","low","2.0NRT",274.93,21.13,"D"
"2397",67.55081,83.20372,326.35,0.59,0.7,"2026-07-09",835,"N20","nominal","2.0NRT",284.46,18.49,"D"
"2398",67.55023,83.21786,356.29,0.59,0.7,"2026-07-09",835,"N20","low","2.0NRT",282.05,31,"D"
"2399",67.17854,56.62954,327.27,0.41,0.37,"2026-07-09",835,"N20","nominal","2.0NRT",296.75,2.41,"D"
"2400",68.5267,79.96312,367,0.48,0.65,"2026-07-09",835,"N20","high","2.0NRT",293.53,10.35,"D"
"2401",68.60249,80.39856,355.05,0.49,0.65,"2026-07-09",835,"N20","nominal","2.0NRT",292.89,5.02,"D"
"2402",68.17188,55.38275,329.76,0.41,0.37,"2026-07-09",835,"N20","nominal","2.0NRT",293.17,2.27,"D"
"2403",68.61399,57.97383,329.98,0.44,0.39,"2026-07-09",835,"N20","nominal","2.0NRT",291.61,2.44,"D"
"2404",68.65633,57.69804,342.46,0.44,0.38,"2026-07-09",835,"N20","nominal","2.0NRT",292.49,9.07,"D"
"2405",25.4912,52.3867,336.75,0.41,0.45,"2026-07-09",1006,"N20","nominal","2.0NRT",303.4,7.2,"D"
"2406",25.17503,49.32211,349.95,0.43,0.38,"2026-07-09",1006,"N20","low","2.0NRT",322.11,3.38,"D"
"2407",25.36202,50.42656,346.93,0.48,0.4,"2026-07-09",1006,"N20","low","2.0NRT",321.04,19.91,"D"
"2408",25.36569,50.42601,348.46,0.48,0.4,"2026-07-09",1006,"N20","nominal","2.0NRT",318.31,22.81,"D"
"2409",25.97297,56.07239,333.03,0.35,0.57,"2026-07-09",1006,"N20","low","2.0NRT",305.49,3.33,"D"
"2410",25.75147,51.94942,332,0.39,0.44,"2026-07-09",1006,"N20","nominal","2.0NRT",301.61,4.38,"D"
"2411",25.48809,49.5309,345.42,0.44,0.38,"2026-07-09",1006,"N20","low","2.0NRT",318.88,1.58,"D"
"2412",24.02519,40.47787,348.09,0.45,0.47,"2026-07-09",1006,"N20","low","2.0NRT",322.07,1.47,"D"
"2413",25.63578,49.39259,351.19,0.44,0.38,"2026-07-09",1006,"N20","low","2.0NRT",321.31,4.95,"D"
"2414",25.90475,51.55128,342.74,0.56,0.43,"2026-07-09",1006,"N20","low","2.0NRT",315.41,23.41,"D"
"2415",25.63986,49.39636,350.31,0.44,0.38,"2026-07-09",1006,"N20","low","2.0NRT",321.86,4.95,"D"
"2416",25.63872,49.38768,350.11,0.44,0.38,"2026-07-09",1006,"N20","low","2.0NRT",321.98,5.77,"D"
"2417",26.00035,50.58267,347.83,0.5,0.41,"2026-07-09",1006,"N20","nominal","2.0NRT",321.23,20.26,"D"
"2418",26.23999,52.32996,348.07,0.41,0.45,"2026-07-09",1006,"N20","nominal","2.0NRT",306.08,12.75,"D"
"2419",27.16969,56.05825,353.58,0.36,0.57,"2026-07-09",1006,"N20","nominal","2.0NRT",313.51,18.33,"D"
"2420",27.16939,56.05461,354.3,0.36,0.57,"2026-07-09",1006,"N20","nominal","2.0NRT",314.35,16.23,"D"
"2421",26.89801,52.30881,338.25,0.42,0.45,"2026-07-09",1006,"N20","nominal","2.0NRT",304.34,5.17,"D"
"2422",27.48304,52.64415,345.28,0.45,0.47,"2026-07-09",1006,"N20","nominal","2.0NRT",314.18,12.31,"D"
"2423",27.49677,52.65068,347.63,0.45,0.47,"2026-07-09",1006,"N20","nominal","2.0NRT",314.54,18.11,"D"
"2424",27.50097,52.64928,344.56,0.45,0.47,"2026-07-09",1006,"N20","nominal","2.0NRT",312.24,9.88,"D"
"2425",27.50473,52.64392,346.53,0.45,0.47,"2026-07-09",1006,"N20","nominal","2.0NRT",313.19,65.16,"D"
"2426",27.50295,52.62739,345.24,0.44,0.46,"2026-07-09",1006,"N20","nominal","2.0NRT",315.05,12.89,"D"
"2427",27.50626,52.61787,355.12,0.44,0.46,"2026-07-09",1006,"N20","nominal","2.0NRT",316.74,23.3,"D"
"2428",27.51143,52.62555,350.39,0.44,0.46,"2026-07-09",1006,"N20","nominal","2.0NRT",314.74,15.92,"D"
"2429",27.51477,52.61627,345.25,0.44,0.46,"2026-07-09",1006,"N20","nominal","2.0NRT",314.7,12.17,"D"
"2430",27.54085,52.58936,347.98,0.44,0.46,"2026-07-09",1006,"N20","nominal","2.0NRT",315.81,10.54,"D"
"2431",27.68061,52.25211,341.68,0.42,0.46,"2026-07-09",1006,"N20","nominal","2.0NRT",307.92,10.76,"D"
"2432",27.6848,52.2515,350.9,0.42,0.46,"2026-07-09",1006,"N20","nominal","2.0NRT",316.38,10.76,"D"
"2433",27.68755,52.23801,351.06,0.42,0.46,"2026-07-09",1006,"N20","nominal","2.0NRT",316.76,10.69,"D"
"2434",27.68708,52.23372,342.52,0.42,0.45,"2026-07-09",1006,"N20","nominal","2.0NRT",311.44,10.69,"D"
"2435",27.71273,52.18736,346.65,0.42,0.45,"2026-07-09",1006,"N20","nominal","2.0NRT",313.92,14.22,"D"
"2436",27.72018,52.17767,355.45,0.42,0.45,"2026-07-09",1006,"N20","nominal","2.0NRT",313.84,21.58,"D"
"2437",28.30649,49.52438,331.26,0.47,0.4,"2026-07-09",1006,"N20","low","2.0NRT",303.66,12.91,"D"
"2438",29.19258,52.84296,354.31,0.48,0.48,"2026-07-09",1006,"N20","nominal","2.0NRT",326.94,15.51,"D"
"2439",29.19699,52.84224,367,0.48,0.48,"2026-07-09",1006,"N20","low","2.0NRT",326.21,6.37,"D"
"2440",29.19653,52.83754,367,0.48,0.48,"2026-07-09",1006,"N20","low","2.0NRT",325.75,6.37,"D"
"2441",29.25633,53.12255,353.47,0.5,0.49,"2026-07-09",1006,"N20","nominal","2.0NRT",327.12,8.74,"D"
"2442",29.25684,53.12769,367,0.5,0.49,"2026-07-09",1006,"N20","low","2.0NRT",326.37,2.94,"D"
"2443",29.26135,53.12713,367,0.5,0.49,"2026-07-09",1006,"N20","low","2.0NRT",327.54,2.92,"D"
"2444",29.26084,53.12198,367,0.5,0.49,"2026-07-09",1006,"N20","low","2.0NRT",327.06,2.04,"D"
"2445",29.26033,53.11686,367,0.5,0.49,"2026-07-09",1006,"N20","low","2.0NRT",327.36,2.04,"D"
"2446",29.27977,52.64561,349.84,0.47,0.48,"2026-07-09",1006,"N20","nominal","2.0NRT",322.37,11.69,"D"
"2447",29.24083,50.3056,347.81,0.52,0.42,"2026-07-09",1009,"N20","nominal","2.0NRT",317.78,20.26,"D"
"2448",29.51571,52.68972,367,0.48,0.48,"2026-07-09",1009,"N20","high","2.0NRT",336.92,69.74,"D"
"2449",29.51521,52.6848,367,0.47,0.48,"2026-07-09",1009,"N20","low","2.0NRT",326.51,69.74,"D"
"2450",29.26805,49.56957,331.76,0.48,0.4,"2026-07-09",1009,"N20","nominal","2.0NRT",303.15,1.79,"D"
"2451",29.29196,49.55063,338.45,0.48,0.4,"2026-07-09",1009,"N20","nominal","2.0NRT",303.96,3.51,"D"
"2452",29.32929,49.49565,334.86,0.48,0.4,"2026-07-09",1009,"N20","nominal","2.0NRT",304.1,2.7,"D"
"2453",29.98878,55.85472,367,0.37,0.58,"2026-07-09",1009,"N20","high","2.0NRT",322.21,15.54,"D"
"2454",29.76263,50.3699,346.29,0.53,0.42,"2026-07-09",1009,"N20","low","2.0NRT",319.2,21.8,"D"
"2455",29.98338,50.24878,344.89,0.53,0.42,"2026-07-09",1009,"N20","low","2.0NRT",319.84,14.27,"D"
"2456",29.94416,49.68763,336.35,0.5,0.41,"2026-07-09",1009,"N20","nominal","2.0NRT",303.85,5.65,"D"
"2457",30.39572,50.61954,349.06,0.56,0.43,"2026-07-09",1009,"N20","low","2.0NRT",322.55,5.46,"D"
"2458",30.17314,47.40911,354.24,0.41,0.37,"2026-07-09",1009,"N20","nominal","2.0NRT",325.88,6.14,"D"
"2459",30.27508,47.72039,350.22,0.42,0.38,"2026-07-09",1009,"N20","low","2.0NRT",325.09,3.04,"D"
"2460",30.41731,47.61318,350.2,0.42,0.37,"2026-07-09",1009,"N20","low","2.0NRT",325.18,13.5,"D"
"2461",30.71824,49.82619,367,0.51,0.41,"2026-07-09",1009,"N20","low","2.0NRT",325.35,13.65,"D"
"2462",30.71762,49.82089,367,0.51,0.41,"2026-07-09",1009,"N20","low","2.0NRT",325.29,13.65,"D"
"2463",30.71699,49.81559,367,0.51,0.41,"2026-07-09",1009,"N20","low","2.0NRT",325.69,0.86,"D"
"2464",30.7214,49.82026,367,0.51,0.41,"2026-07-09",1009,"N20","high","2.0NRT",331.9,13.65,"D"
"2465",30.72203,49.82554,367,0.51,0.41,"2026-07-09",1009,"N20","low","2.0NRT",326.2,13.65,"D"
"2466",30.72078,49.81496,367,0.51,0.41,"2026-07-09",1009,"N20","low","2.0NRT",325.31,0.86,"D"
"2467",30.72457,49.81437,367,0.51,0.41,"2026-07-09",1009,"N20","low","2.0NRT",325.83,1.77,"D"
"2468",30.56524,47.33799,349.81,0.41,0.37,"2026-07-09",1009,"N20","low","2.0NRT",324.63,4.52,"D"
"2469",30.56806,47.33311,367,0.41,0.37,"2026-07-09",1009,"N20","low","2.0NRT",325.82,2.75,"D"
"2470",30.74978,48.27793,352.99,0.44,0.38,"2026-07-09",1009,"N20","low","2.0NRT",327.38,28.41,"D"
"2471",30.75038,48.28253,367,0.44,0.38,"2026-07-09",1009,"N20","low","2.0NRT",337.81,28.41,"D"
"2472",30.75391,48.28193,353.95,0.44,0.38,"2026-07-09",1009,"N20","low","2.0NRT",326.03,28.41,"D"
"2473",30.75331,48.27732,367,0.44,0.38,"2026-07-09",1009,"N20","low","2.0NRT",325.05,28.41,"D"
"2474",30.68302,47.33024,367,0.41,0.37,"2026-07-09",1009,"N20","low","2.0NRT",327.14,16.23,"D"
"2475",30.68643,47.32962,355.57,0.41,0.37,"2026-07-09",1009,"N20","nominal","2.0NRT",329.52,16.23,"D"
"2476",28.04825,33.34859,339.32,0.5,0.66,"2026-07-09",1009,"N20","nominal","2.0NRT",307.86,11.35,"D"
"2477",31.03356,48.63547,353.84,0.46,0.39,"2026-07-09",1009,"N20","nominal","2.0NRT",322.41,11.2,"D"
"2478",31.13067,49.32327,367,0.49,0.4,"2026-07-09",1009,"N20","low","2.0NRT",334.07,31.73,"D"
"2479",31.13004,49.31811,367,0.49,0.4,"2026-07-09",1009,"N20","low","2.0NRT",325.07,31.73,"D"
"2480",31.13439,49.32268,352.48,0.49,0.4,"2026-07-09",1009,"N20","low","2.0NRT",326.26,10.55,"D"
"2481",31.13376,49.31753,367,0.49,0.4,"2026-07-09",1009,"N20","low","2.0NRT",327.95,10.55,"D"
"2482",31.13747,49.31695,353.11,0.49,0.4,"2026-07-09",1009,"N20","nominal","2.0NRT",327.6,10.55,"D"
"2483",31.1381,49.32209,367,0.49,0.4,"2026-07-09",1009,"N20","low","2.0NRT",325.8,10.55,"D"
"2484",31.13684,49.31179,367,0.49,0.4,"2026-07-09",1009,"N20","low","2.0NRT",325.34,1.03,"D"
"2485",31.12851,49.32142,355.75,0.49,0.4,"2026-07-09",1009,"N20","low","2.0NRT",329.85,27.93,"D"
"2486",31.1279,49.31625,367,0.49,0.4,"2026-07-09",1009,"N20","low","2.0NRT",326.92,1.59,"D"
"2487",31.1273,49.31106,367,0.49,0.4,"2026-07-09",1009,"N20","low","2.0NRT",325.88,1.59,"D"
"2488",31.12669,49.30588,367,0.49,0.4,"2026-07-09",1009,"N20","low","2.0NRT",326.57,1.68,"D"
"2489",31.13222,49.32084,367,0.49,0.4,"2026-07-09",1009,"N20","low","2.0NRT",328.54,27.93,"D"
"2490",30.99938,48.1455,367,0.44,0.38,"2026-07-09",1009,"N20","low","2.0NRT",325.34,8.45,"D"
"2491",30.9988,48.14091,367,0.44,0.38,"2026-07-09",1009,"N20","low","2.0NRT",327.77,25.5,"D"
"2492",30.99821,48.13632,367,0.44,0.38,"2026-07-09",1009,"N20","low","2.0NRT",326.95,25.5,"D"
"2493",31.00231,48.1403,367,0.44,0.38,"2026-07-09",1009,"N20","high","2.0NRT",347.8,25.5,"D"
"2494",31.0029,48.14488,367,0.44,0.38,"2026-07-09",1009,"N20","low","2.0NRT",328.06,8.45,"D"
"2495",31.00173,48.13572,367,0.44,0.38,"2026-07-09",1009,"N20","low","2.0NRT",329.01,25.5,"D"
"2496",31.00642,48.14428,367,0.44,0.38,"2026-07-09",1009,"N20","low","2.0NRT",327.48,12.78,"D"
"2497",31.00583,48.13969,367,0.44,0.38,"2026-07-09",1009,"N20","low","2.0NRT",329.15,7.85,"D"
"2498",31.00524,48.13511,367,0.44,0.38,"2026-07-09",1009,"N20","low","2.0NRT",327.13,7.85,"D"
"2499",31.07901,47.62696,355.06,0.42,0.38,"2026-07-09",1009,"N20","nominal","2.0NRT",325.99,2.79,"D"
"2500",31.08305,47.63075,367,0.42,0.38,"2026-07-09",1009,"N20","low","2.0NRT",325.01,15.08,"D"
"2501",31.08247,47.62634,350.88,0.42,0.38,"2026-07-09",1009,"N20","low","2.0NRT",330.46,15.08,"D"
"2502",31.13981,47.87153,350.49,0.43,0.38,"2026-07-09",1009,"N20","low","2.0NRT",322.74,14.68,"D"
"2503",31.23271,47.9728,367,0.43,0.38,"2026-07-09",1009,"N20","low","2.0NRT",325.15,6.17,"D"
"2504",31.23211,47.96824,367,0.43,0.38,"2026-07-09",1009,"N20","low","2.0NRT",325.38,6.17,"D"
"2505",31.23153,47.9637,367,0.43,0.38,"2026-07-09",1009,"N20","low","2.0NRT",325.29,11.33,"D"
"2506",31.23562,47.96763,349.69,0.43,0.38,"2026-07-09",1009,"N20","low","2.0NRT",324.35,22.67,"D"
"2507",31.23502,47.96308,367,0.43,0.38,"2026-07-09",1009,"N20","low","2.0NRT",325.54,14.6,"D"
"2508",31.75957,49.16188,367,0.49,0.4,"2026-07-09",1009,"N20","low","2.0NRT",325,0.84,"D"
"2509",31.75898,49.15679,367,0.49,0.4,"2026-07-09",1009,"N20","low","2.0NRT",325.13,0.68,"D"
"2510",31.75838,49.1517,367,0.49,0.4,"2026-07-09",1009,"N20","low","2.0NRT",325.58,0.68,"D"
"2511",31.76269,49.15617,354.18,0.49,0.4,"2026-07-09",1009,"N20","nominal","2.0NRT",327.75,1.58,"D"
"2512",31.76328,49.16126,367,0.49,0.4,"2026-07-09",1009,"N20","low","2.0NRT",325.34,0.96,"D"
"2513",31.76209,49.15108,367,0.49,0.4,"2026-07-09",1009,"N20","low","2.0NRT",325.78,1.58,"D"
"2514",31.7664,49.15557,367,0.49,0.4,"2026-07-09",1009,"N20","low","2.0NRT",325.05,1.58,"D"
"2515",32.23435,51.43611,367,0.43,0.46,"2026-07-09",1009,"N20","low","2.0NRT",327.51,5.89,"D"
"2516",32.23813,51.43092,354.75,0.43,0.46,"2026-07-09",1009,"N20","nominal","2.0NRT",327.46,4.07,"D"
"2517",32.23859,51.43559,367,0.43,0.46,"2026-07-09",1009,"N20","low","2.0NRT",327.34,2.57,"D"
"2518",32.24282,51.43506,367,0.43,0.46,"2026-07-09",1009,"N20","low","2.0NRT",327.44,2.57,"D"
"2519",32.24236,51.4304,367,0.43,0.46,"2026-07-09",1009,"N20","low","2.0NRT",325.06,4.07,"D"
"2520",32.11127,47.41274,367,0.42,0.38,"2026-07-09",1009,"N20","low","2.0NRT",325.4,1.68,"D"
"2521",32.11472,47.41211,354.26,0.42,0.38,"2026-07-09",1009,"N20","low","2.0NRT",328.88,23.33,"D"
"2522",32.11414,47.40763,367,0.42,0.38,"2026-07-09",1009,"N20","low","2.0NRT",327.07,23.33,"D"
"2523",32.11818,47.41148,367,0.42,0.38,"2026-07-09",1009,"N20","low","2.0NRT",336.6,23.33,"D"
"2524",32.11759,47.407,367,0.42,0.38,"2026-07-09",1009,"N20","low","2.0NRT",325.43,23.33,"D"
"2525",31.89774,43.83778,367,0.39,0.36,"2026-07-09",1009,"N20","high","2.0NRT",346.08,145.53,"D"
"2526",31.90104,43.83705,367,0.39,0.36,"2026-07-09",1009,"N20","high","2.0NRT",353.34,145.53,"D"
"2527",33.4029,48.02396,367,0.46,0.39,"2026-07-09",1009,"N20","low","2.0NRT",326.9,3.4,"D"
"2528",33.40231,48.0192,367,0.46,0.39,"2026-07-09",1009,"N20","low","2.0NRT",326.64,1.65,"D"
"2529",33.40646,48.02318,352.38,0.46,0.39,"2026-07-09",1009,"N20","nominal","2.0NRT",326.23,3.4,"D"
"2530",33.40588,48.01848,367,0.46,0.39,"2026-07-09",1009,"N20","low","2.0NRT",325.3,1.65,"D"
"2531",33.40944,48.01774,367,0.46,0.39,"2026-07-09",1009,"N20","low","2.0NRT",325.52,3.18,"D"
"2532",30.05312,30.26436,367,0.67,0.74,"2026-07-09",1009,"N20","high","2.0NRT",308.34,14.18,"D"
"2533",30.05961,30.26203,343.34,0.67,0.74,"2026-07-09",1009,"N20","nominal","2.0NRT",306.3,6.09,"D"
"2534",30.58446,31.95099,333.75,0.52,0.67,"2026-07-09",1009,"N20","low","2.0NRT",308.47,3.48,"D"
"2535",30.58471,31.94819,336.19,0.52,0.67,"2026-07-09",1009,"N20","nominal","2.0NRT",306.07,4.73,"D"
"2536",30.25442,30.48762,331.99,0.64,0.72,"2026-07-09",1009,"N20","low","2.0NRT",304.13,7.41,"D"
"2537",30.25269,30.48139,346.08,0.64,0.72,"2026-07-09",1009,"N20","nominal","2.0NRT",303.11,6.42,"D"
"2538",31.8679,35.86197,337.15,0.58,0.52,"2026-07-09",1009,"N20","nominal","2.0NRT",310.79,4.53,"D"
"2539",32.15078,34.94033,335.89,0.32,0.55,"2026-07-09",1009,"N20","nominal","2.0NRT",304.85,1.53,"D"
"2540",34.68547,45.77332,347.79,0.4,0.37,"2026-07-09",1009,"N20","low","2.0NRT",321.44,4.73,"D"
"2541",34.68489,45.76911,352.02,0.4,0.37,"2026-07-09",1009,"N20","low","2.0NRT",323.07,4.73,"D"
"2542",34.89398,43.80557,367,0.38,0.36,"2026-07-09",1009,"N20","high","2.0NRT",339.75,65.23,"D"
"2543",34.89662,43.80066,367,0.38,0.36,"2026-07-09",1009,"N20","low","2.0NRT",325.56,2.2,"D"
"2544",36.14868,50.0987,340.66,0.41,0.45,"2026-07-09",1009,"N20","low","2.0NRT",315.18,9.31,"D"
"2545",36.15279,50.09808,344.94,0.41,0.45,"2026-07-09",1009,"N20","low","2.0NRT",315.44,9.31,"D"
"2546",35.48515,44.15653,367,0.38,0.36,"2026-07-09",1009,"N20","high","2.0NRT",337.26,51.12,"D"
"2547",35.66664,45.00586,346.14,0.39,0.36,"2026-07-09",1009,"N20","low","2.0NRT",320.72,2.97,"D"
"2548",35.71585,45.16037,367,0.39,0.37,"2026-07-09",1009,"N20","low","2.0NRT",325.32,3.96,"D"
"2549",35.71525,45.15605,367,0.39,0.37,"2026-07-09",1009,"N20","low","2.0NRT",325.06,3.96,"D"
"2550",35.71918,45.15965,349.77,0.39,0.37,"2026-07-09",1009,"N20","low","2.0NRT",321.35,3.96,"D"
"2551",35.68459,43.87785,367,0.38,0.36,"2026-07-09",1009,"N20","high","2.0NRT",340.47,65.37,"D"
"2552",37.15617,60.33411,338.87,0.77,0.77,"2026-07-09",1009,"N20","nominal","2.0NRT",308.72,13.64,"D"
"2553",36.9463,54.61802,367,0.37,0.58,"2026-07-09",1009,"N20","high","2.0NRT",294.96,6.56,"D"
"2554",36.94933,54.61912,337.85,0.37,0.58,"2026-07-09",1009,"N20","nominal","2.0NRT",292.11,7.39,"D"
"2555",37.1586,60.33661,350.9,0.77,0.77,"2026-07-09",1009,"N20","nominal","2.0NRT",310.22,8.53,"D"
"2556",34.71449,36.63379,334.48,0.45,0.47,"2026-07-09",1011,"N20","low","2.0NRT",309.47,2.97,"D"
"2557",37.36475,55.33235,330.62,0.41,0.6,"2026-07-09",1011,"N20","nominal","2.0NRT",298.19,3.1,"D"
"2558",37.57356,59.74817,356.44,0.72,0.75,"2026-07-09",1011,"N20","nominal","2.0NRT",314.3,11.7,"D"
"2559",37.58058,59.74816,339.23,0.72,0.75,"2026-07-09",1011,"N20","low","2.0NRT",311.79,11.7,"D"
"2560",37.5716,59.74215,346.96,0.72,0.75,"2026-07-09",1011,"N20","nominal","2.0NRT",315.49,19,"D"
"2561",37.57862,59.74207,342.26,0.72,0.75,"2026-07-09",1011,"N20","low","2.0NRT",313.7,13.69,"D"
"2562",37.84845,58.93355,341.91,0.65,0.73,"2026-07-09",1011,"N20","nominal","2.0NRT",310.92,5.79,"D"
"2563",35.27309,36.47302,336.44,0.45,0.47,"2026-07-09",1011,"N20","low","2.0NRT",308.69,1.83,"D"
"2564",35.27204,36.46821,342.68,0.45,0.47,"2026-07-09",1011,"N20","nominal","2.0NRT",311.06,2.21,"D"
"2565",35.27093,36.422,336.26,0.45,0.47,"2026-07-09",1011,"N20","low","2.0NRT",309.96,1.99,"D"
"2566",35.2909,36.41062,346.9,0.45,0.47,"2026-07-09",1011,"N20","nominal","2.0NRT",314.81,11.31,"D"
"2567",37.41495,49.83091,330.8,0.41,0.45,"2026-07-09",1011,"N20","nominal","2.0NRT",295.16,3.34,"D"
"2568",35.40974,36.42728,353.59,0.45,0.47,"2026-07-09",1011,"N20","nominal","2.0NRT",313.58,6.41,"D"
"2569",35.40868,36.4224,343.87,0.45,0.47,"2026-07-09",1011,"N20","nominal","2.0NRT",313.19,6.41,"D"
"2570",35.4345,36.32187,340.51,0.45,0.47,"2026-07-09",1011,"N20","nominal","2.0NRT",310.62,1.9,"D"
"2571",35.45755,36.30389,344.25,0.46,0.47,"2026-07-09",1011,"N20","nominal","2.0NRT",313.37,24.09,"D"
"2572",35.46068,36.29763,344.57,0.46,0.47,"2026-07-09",1011,"N20","nominal","2.0NRT",312.62,42.95,"D"
"2573",35.66342,36.68074,343.32,0.43,0.46,"2026-07-09",1011,"N20","nominal","2.0NRT",312.73,5.21,"D"
"2574",35.6256,36.34024,342.76,0.45,0.47,"2026-07-09",1011,"N20","low","2.0NRT",313.22,3.95,"D"
"2575",35.6249,36.34268,344.54,0.45,0.47,"2026-07-09",1011,"N20","nominal","2.0NRT",315.19,5.78,"D"
"2576",36.63663,41.42569,367,0.4,0.37,"2026-07-09",1011,"N20","low","2.0NRT",327.2,9.28,"D"
"2577",36.63586,41.42124,367,0.4,0.37,"2026-07-09",1011,"N20","low","2.0NRT",325.87,7.23,"D"
"2578",36.63997,41.42481,367,0.4,0.37,"2026-07-09",1011,"N20","high","2.0NRT",325.88,8.57,"D"
"2579",35.83849,37.10516,346.04,0.41,0.45,"2026-07-09",1011,"N20","nominal","2.0NRT",310.52,3.59,"D"
"2580",36.92088,42.79837,367,0.39,0.36,"2026-07-09",1011,"N20","high","2.0NRT",326.33,4.27,"D"
"2581",36.9202,42.79408,367,0.39,0.36,"2026-07-09",1011,"N20","low","2.0NRT",327.78,4.27,"D"
"2582",36.92415,42.79757,367,0.39,0.36,"2026-07-09",1011,"N20","low","2.0NRT",327.25,4.27,"D"
"2583",36.92348,42.79328,367,0.39,0.36,"2026-07-09",1011,"N20","low","2.0NRT",329.14,4.27,"D"
"2584",36.92676,42.79248,352.77,0.39,0.36,"2026-07-09",1011,"N20","nominal","2.0NRT",325.82,6.92,"D"
"2585",36.92743,42.79676,367,0.39,0.36,"2026-07-09",1011,"N20","low","2.0NRT",325.63,6.92,"D"
"2586",37.28713,44.58452,334.68,0.39,0.36,"2026-07-09",1011,"N20","low","2.0NRT",307.81,1.15,"D"
"2587",36.03227,37.38054,335.71,0.39,0.44,"2026-07-09",1011,"N20","low","2.0NRT",309.75,0.94,"D"
"2588",35.96606,36.76728,342.49,0.42,0.45,"2026-07-09",1011,"N20","nominal","2.0NRT",307.8,5.65,"D"
"2589",35.96508,36.76274,340.12,0.42,0.45,"2026-07-09",1011,"N20","nominal","2.0NRT",309.14,5.65,"D"
"2590",37.45171,45.21353,333.76,0.4,0.37,"2026-07-09",1011,"N20","low","2.0NRT",306.67,2.15,"D"
"2591",36.0366,37.01618,336.95,0.41,0.45,"2026-07-09",1011,"N20","low","2.0NRT",307.67,2.36,"D"
"2592",36.04367,37.00922,335.47,0.41,0.45,"2026-07-09",1011,"N20","low","2.0NRT",308.78,1.3,"D"
"2593",36.13736,37.33488,336.7,0.39,0.44,"2026-07-09",1011,"N20","low","2.0NRT",309.39,2.39,"D"
"2594",36.06582,36.99276,339.67,0.41,0.45,"2026-07-09",1011,"N20","low","2.0NRT",314.67,3.92,"D"
"2595",36.14828,37.32694,337.73,0.39,0.44,"2026-07-09",1011,"N20","low","2.0NRT",312.59,2.65,"D"
"2596",37.11489,41.47772,367,0.4,0.37,"2026-07-09",1011,"N20","high","2.0NRT",328.77,28.62,"D"
"2597",38.64771,54.28301,345.98,0.37,0.58,"2026-07-09",1011,"N20","nominal","2.0NRT",300.84,3.6,"D"
"2598",38.68203,54.31871,336.47,0.37,0.58,"2026-07-09",1011,"N20","nominal","2.0NRT",299.34,2.83,"D"
"2599",36.50471,37.32657,344.36,0.39,0.44,"2026-07-09",1011,"N20","nominal","2.0NRT",310.92,3.82,"D"
"2600",36.50292,37.32695,344.28,0.38,0.44,"2026-07-09",1011,"N20","nominal","2.0NRT",311.65,4.11,"D"
"2601",36.646,37.69978,346.08,0.55,0.43,"2026-07-09",1011,"N20","nominal","2.0NRT",320.83,12.26,"D"
"2602",36.73756,37.58653,343.18,0.56,0.43,"2026-07-09",1011,"N20","low","2.0NRT",315.07,19.12,"D"
"2603",37.0162,36.09525,333.36,0.43,0.46,"2026-07-09",1011,"N20","low","2.0NRT",303.49,3.43,"D"
"2604",39.51252,48.41838,339.07,0.55,0.43,"2026-07-09",1011,"N20","nominal","2.0NRT",301.19,4.74,"D"
"2605",40.08007,47.17805,332.53,0.5,0.41,"2026-07-09",1011,"N20","nominal","2.0NRT",296.68,3.31,"D"
"2606",37.64198,32.56047,333.71,0.32,0.55,"2026-07-09",1011,"N20","nominal","2.0NRT",301.98,3.31,"D"
"2607",40.00075,44.59165,330.68,0.41,0.37,"2026-07-09",1011,"N20","low","2.0NRT",305.5,2.44,"D"
"2608",40.0298,44.49746,335.03,0.41,0.37,"2026-07-09",1011,"N20","nominal","2.0NRT",304.57,1.23,"D"
"2609",40.50932,47.20475,330.09,0.5,0.41,"2026-07-09",1011,"N20","low","2.0NRT",301.74,2.43,"D"
"2610",37.69325,31.65303,338.73,0.36,0.57,"2026-07-09",1011,"N20","nominal","2.0NRT",294.12,3.48,"D"
"2611",40.54417,47.07177,330.45,0.5,0.41,"2026-07-09",1011,"N20","low","2.0NRT",301.84,3.08,"D"
"2612",40.60945,46.9984,346.35,0.49,0.41,"2026-07-09",1011,"N20","nominal","2.0NRT",300.58,10.01,"D"
"2613",40.60073,43.10379,330.94,0.39,0.36,"2026-07-09",1011,"N20","low","2.0NRT",304.88,4.09,"D"
"2614",40.59941,43.09471,330.25,0.39,0.36,"2026-07-09",1011,"N20","low","2.0NRT",304.13,5.21,"D"
"2615",39.12314,33.88346,341.67,0.5,0.49,"2026-07-09",1011,"N20","nominal","2.0NRT",304.8,5.69,"D"
"2616",37.84399,28.17036,331.24,0.54,0.68,"2026-07-09",1011,"N20","low","2.0NRT",303.15,4.58,"D"
"2617",39.64849,33.9408,343.18,0.49,0.48,"2026-07-09",1011,"N20","nominal","2.0NRT",311.45,24.15,"D"
"2618",39.65276,33.93907,344.96,0.49,0.48,"2026-07-09",1011,"N20","nominal","2.0NRT",314.73,24.15,"D"
"2619",39.65216,33.93789,345.36,0.49,0.48,"2026-07-09",1011,"N20","nominal","2.0NRT",317.8,43.64,"D"
"2620",38.65254,29.45655,367,0.44,0.62,"2026-07-09",1011,"N20","high","2.0NRT",302.34,14.61,"D"
"2621",38.65124,29.45189,334.36,0.44,0.62,"2026-07-09",1011,"N20","nominal","2.0NRT",300.16,14.61,"D"
"2622",39.91403,32.77516,330.75,0.55,0.51,"2026-07-09",1011,"N20","low","2.0NRT",305.7,2.35,"D"
"2623",40.0796,32.7989,338.26,0.54,0.51,"2026-07-09",1011,"N20","nominal","2.0NRT",305.28,3.85,"D"
"2624",44.12492,42.01239,335.72,0.39,0.36,"2026-07-09",1013,"N20","nominal","2.0NRT",306.46,3.46,"D"
"2625",45.00138,48.48133,341.94,0.43,0.46,"2026-07-09",1013,"N20","nominal","2.0NRT",291.25,6.08,"D"
"2626",44.35767,41.78807,340.57,0.39,0.36,"2026-07-09",1013,"N20","nominal","2.0NRT",302.29,3.57,"D"
"2627",44.68057,44.0663,341.89,0.43,0.38,"2026-07-09",1013,"N20","nominal","2.0NRT",309.3,7.77,"D"
"2628",44.91387,45.28711,336.05,0.47,0.4,"2026-07-09",1013,"N20","nominal","2.0NRT",305.87,2.14,"D"
"2629",44.69683,41.89704,346.96,0.39,0.36,"2026-07-09",1013,"N20","nominal","2.0NRT",300.42,3.51,"D"
"2630",44.99047,41.15141,334.63,0.39,0.36,"2026-07-09",1013,"N20","nominal","2.0NRT",306.06,2.32,"D"
"2631",45.61646,43.5304,335.13,0.42,0.38,"2026-07-09",1013,"N20","low","2.0NRT",308.76,2.53,"D"
"2632",45.6199,43.52951,337.95,0.42,0.38,"2026-07-09",1013,"N20","nominal","2.0NRT",306.62,2.53,"D"
"2633",45.89818,45.8299,344.2,0.51,0.41,"2026-07-09",1013,"N20","nominal","2.0NRT",313.85,19.04,"D"
"2634",45.89679,45.81684,346.16,0.51,0.41,"2026-07-09",1013,"N20","nominal","2.0NRT",307.48,21.88,"D"
"2635",45.90459,45.78188,345.98,0.5,0.41,"2026-07-09",1013,"N20","nominal","2.0NRT",312.47,15.65,"D"
"2636",45.90424,45.77944,344.02,0.5,0.41,"2026-07-09",1013,"N20","nominal","2.0NRT",312.36,17.99,"D"
"2637",45.92464,45.82849,340.37,0.51,0.41,"2026-07-09",1013,"N20","low","2.0NRT",310.69,12.83,"D"
"2638",45.39405,40.9286,336.26,0.39,0.36,"2026-07-09",1013,"N20","nominal","2.0NRT",304.57,3.33,"D"
"2639",45.45702,40.48759,332.42,0.38,0.36,"2026-07-09",1013,"N20","low","2.0NRT",304.06,5.46,"D"
"2640",45.55198,41.07465,331.62,0.39,0.36,"2026-07-09",1013,"N20","low","2.0NRT",303.63,1.62,"D"
"2641",45.32088,38.29302,339.55,0.4,0.37,"2026-07-09",1011,"N20","nominal","2.0NRT",306.97,6.2,"D"
"2642",45.32419,38.29186,341.09,0.4,0.37,"2026-07-09",1011,"N20","nominal","2.0NRT",309.3,3.97,"D"
"2643",46.28215,44.20589,337.55,0.45,0.39,"2026-07-09",1011,"N20","low","2.0NRT",310.45,7.54,"D"
"2644",45.49507,37.90883,333.1,0.41,0.37,"2026-07-09",1011,"N20","nominal","2.0NRT",300.4,3.64,"D"
"2645",46.78801,43.49121,341.5,0.43,0.38,"2026-07-09",1011,"N20","nominal","2.0NRT",308.92,2.62,"D"
"2646",46.8545,41.557,340.21,0.39,0.37,"2026-07-09",1011,"N20","nominal","2.0NRT",313.73,3.22,"D"
"2647",46.96755,40.86431,338.5,0.39,0.36,"2026-07-09",1011,"N20","low","2.0NRT",312.61,7.37,"D"
"2648",46.96682,40.85926,339.55,0.39,0.36,"2026-07-09",1011,"N20","low","2.0NRT",313.76,7.37,"D"
"2649",46.97084,40.86331,337.22,0.39,0.36,"2026-07-09",1011,"N20","low","2.0NRT",309.68,7.37,"D"
"2650",46.97339,40.85725,336.41,0.39,0.36,"2026-07-09",1011,"N20","low","2.0NRT",311.4,11.54,"D"
"2651",47.05375,39.59357,339.03,0.38,0.36,"2026-07-09",1011,"N20","low","2.0NRT",310.15,4.94,"D"
"2652",47.14249,39.70295,337.26,0.38,0.36,"2026-07-09",1011,"N20","nominal","2.0NRT",303.71,23.83,"D"
"2653",47.14652,39.70686,348.52,0.38,0.36,"2026-07-09",1011,"N20","nominal","2.0NRT",303.07,100.48,"D"
"2654",45.44339,27.32629,327.83,0.35,0.57,"2026-07-09",1011,"N20","nominal","2.0NRT",294.42,1.61,"D"
"2655",48.24739,39.72165,336.82,0.38,0.36,"2026-07-09",1011,"N20","nominal","2.0NRT",309.06,2.46,"D"
"2656",48.93475,38.68774,347.17,0.38,0.36,"2026-07-09",1011,"N20","nominal","2.0NRT",314.13,40.25,"D"
"2657",50.17133,42.99625,342.33,0.45,0.39,"2026-07-09",1013,"N20","nominal","2.0NRT",306.09,8.69,"D"
"2658",51.40102,45.83784,340.67,0.39,0.44,"2026-07-09",1013,"N20","nominal","2.0NRT",305.45,3.9,"D"
"2659",51.40054,45.8322,340.97,0.39,0.44,"2026-07-09",1013,"N20","nominal","2.0NRT",307.29,4.5,"D"
"2660",51.36029,42.18224,332.44,0.44,0.38,"2026-07-09",1013,"N20","nominal","2.0NRT",307.03,2.89,"D"
"2661",53.18628,51.01441,329.26,0.33,0.55,"2026-07-09",1013,"N20","low","2.0NRT",302.15,3.38,"D"
"2662",53.11282,46.27951,335.66,0.42,0.45,"2026-07-09",1013,"N20","nominal","2.0NRT",298.44,4.07,"D"
"2663",52.55617,39.61644,341.54,0.4,0.37,"2026-07-09",1013,"N20","nominal","2.0NRT",304.88,6.35,"D"
"2664",52.5499,39.56982,341.2,0.4,0.37,"2026-07-09",1013,"N20","nominal","2.0NRT",297.85,17.38,"D"
"2665",52.55733,39.57325,341.89,0.4,0.37,"2026-07-09",1013,"N20","nominal","2.0NRT",306.03,6.05,"D"
"2666",53.89603,44.62751,339.67,0.56,0.43,"2026-07-09",1013,"N20","nominal","2.0NRT",310.26,9.21,"D"
"2667",52.32271,33.08272,329.24,0.44,0.38,"2026-07-09",1013,"N20","nominal","2.0NRT",295.95,2.94,"D"
"2668",53.57677,34.93464,331.79,0.39,0.36,"2026-07-09",1013,"N20","nominal","2.0NRT",281.81,4.65,"D"
"2669",56.08842,44.17823,352.91,0.38,0.43,"2026-07-09",1013,"N20","nominal","2.0NRT",298.56,12.04,"D"
"2670",56.08791,44.17198,333.88,0.38,0.43,"2026-07-09",1013,"N20","nominal","2.0NRT",299.57,12.04,"D"
"2671",56.17819,33.96156,328.96,0.39,0.36,"2026-07-09",1013,"N20","nominal","2.0NRT",292.27,2.29,"D"
"2672",67.17854,56.63554,332.05,0.55,0.68,"2026-07-09",1017,"N20","nominal","2.0NRT",290.77,4.98,"D"
"2673",67.17991,56.62579,325.38,0.55,0.68,"2026-07-09",1017,"N20","nominal","2.0NRT",291.14,5.04,"D"
"2674",9.34645,39.8762,337.47,0.46,0.64,"2026-07-09",1002,"N20","nominal","2.0NRT",296.77,8.03,"D"
"2675",9.35151,39.87122,367,0.46,0.64,"2026-07-09",1002,"N20","high","2.0NRT",298.7,15.83,"D"
"2676",9.35224,39.87515,353.2,0.46,0.64,"2026-07-09",1002,"N20","nominal","2.0NRT",296.97,8.03,"D"
"2677",9.34631,39.87389,339.91,0.46,0.64,"2026-07-09",1002,"N20","nominal","2.0NRT",296.41,7.75,"D"
"2678",9.35209,39.87278,367,0.46,0.64,"2026-07-09",1002,"N20","high","2.0NRT",298.81,7.75,"D"
"2679",9.35134,39.86888,332.53,0.46,0.64,"2026-07-09",1002,"N20","nominal","2.0NRT",295.41,7.75,"D"
"2680",9.57278,40.31239,331.78,0.43,0.62,"2026-07-09",1002,"N20","nominal","2.0NRT",299.98,6.27,"D"
"2681",9.5791,40.31515,367,0.43,0.62,"2026-07-09",1002,"N20","high","2.0NRT",296.86,6.27,"D"
"2682",9.57838,40.31136,337.92,0.43,0.62,"2026-07-09",1002,"N20","nominal","2.0NRT",298.9,6.27,"D"
"2683",9.92494,41.56454,339.07,0.35,0.56,"2026-07-09",1002,"N20","nominal","2.0NRT",305.49,6.91,"D"
"2684",9.92951,41.56049,338.98,0.35,0.56,"2026-07-09",1002,"N20","nominal","2.0NRT",305.59,6.09,"D"
"2685",10.05155,40.74769,340.71,0.39,0.59,"2026-07-09",1002,"N20","nominal","2.0NRT",299.29,2.02,"D"
"2686",10.06165,40.74182,346.38,0.39,0.59,"2026-07-09",1002,"N20","nominal","2.0NRT",300.86,4.22,"D"
"2687",10.05319,40.74669,341.42,0.39,0.59,"2026-07-09",1002,"N20","nominal","2.0NRT",299.93,2.41,"D"
"2688",10.06326,40.74086,345.54,0.39,0.59,"2026-07-09",1002,"N20","nominal","2.0NRT",301.25,4.74,"D"
"2689",10.27138,41.79605,335.16,0.33,0.55,"2026-07-09",1002,"N20","nominal","2.0NRT",297.5,2.72,"D"
"2690",11.64194,39.88612,330.24,0.42,0.61,"2026-07-09",1002,"N20","low","2.0NRT",301.51,2.17,"D"
"2691",12.91354,40.40329,343.13,0.37,0.58,"2026-07-09",1002,"N20","nominal","2.0NRT",305.25,3.92,"D"
"2692",12.91877,40.40221,342.55,0.37,0.58,"2026-07-09",1002,"N20","nominal","2.0NRT",305.74,3.92,"D"
"2693",12.91326,40.40312,339.64,0.37,0.58,"2026-07-09",1002,"N20","nominal","2.0NRT",304.71,3.9,"D"
"2694",12.91849,40.40206,345.17,0.37,0.58,"2026-07-09",1002,"N20","nominal","2.0NRT",305.63,3.9,"D"
"2695",18.32062,55.10744,349.93,0.49,0.48,"2026-07-09",1004,"N20","nominal","2.0NRT",312.58,7.05,"D"
"2696",19.26565,56.17679,342.36,0.59,0.52,"2026-07-09",1004,"N20","nominal","2.0NRT",311.81,3.13,"D"
"2697",19.26452,56.17506,338.88,0.59,0.53,"2026-07-09",1004,"N20","low","2.0NRT",311.56,0.89,"D"
"2698",20.37481,55.93599,350.67,0.58,0.52,"2026-07-09",1004,"N20","nominal","2.0NRT",310.85,2.8,"D"
"2699",20.3889,55.66438,343.65,0.56,0.52,"2026-07-09",1004,"N20","low","2.0NRT",315.64,3.09,"D"
"2700",17.24257,36.50305,335.39,0.55,0.68,"2026-07-09",1004,"N20","nominal","2.0NRT",294.85,2.39,"D"
"2701",21.00319,56.53331,340.99,0.32,0.55,"2026-07-09",1004,"N20","low","2.0NRT",313.83,0.71,"D"
"2702",21.00208,56.53256,341.2,0.32,0.55,"2026-07-09",1004,"N20","low","2.0NRT",314.35,0.78,"D"
"2703",21.30184,57.7993,340.05,0.4,0.6,"2026-07-09",1004,"N20","low","2.0NRT",312.29,0.68,"D"
"2704",21.30803,57.74829,341.04,0.39,0.6,"2026-07-09",1004,"N20","low","2.0NRT",313.03,2.47,"D"
"2705",21.29147,57.10015,353.28,0.36,0.57,"2026-07-09",1004,"N20","nominal","2.0NRT",313.69,1.54,"D"
"2706",21.64712,55.99596,345.52,0.61,0.53,"2026-07-09",1004,"N20","nominal","2.0NRT",313.27,6.97,"D"
"2707",21.83604,56.69935,350.49,0.34,0.56,"2026-07-09",1004,"N20","nominal","2.0NRT",316.89,3.15,"D"
"2708",21.83436,56.68271,346.8,0.34,0.56,"2026-07-09",1004,"N20","nominal","2.0NRT",315.76,1.36,"D"
"2709",21.88871,56.84874,341.03,0.35,0.57,"2026-07-09",1004,"N20","low","2.0NRT",315.34,0.54,"D"
"2710",22.28839,56.52895,356.42,0.34,0.56,"2026-07-09",1004,"N20","low","2.0NRT",314.92,2.53,"D"
"2711",22.29356,56.52856,344.54,0.34,0.56,"2026-07-09",1004,"N20","nominal","2.0NRT",313.8,2.53,"D"
"2712",22.31511,56.4831,356.38,0.33,0.56,"2026-07-09",1004,"N20","nominal","2.0NRT",313.75,3.35,"D"
"2713",22.31478,56.47971,354.13,0.33,0.56,"2026-07-09",1004,"N20","nominal","2.0NRT",314.62,3.35,"D"
"2714",22.3264,56.49229,346.95,0.34,0.56,"2026-07-09",1004,"N20","nominal","2.0NRT",313.98,1.33,"D"
"2715",22.3344,56.46829,343.27,0.33,0.56,"2026-07-09",1004,"N20","nominal","2.0NRT",311.55,0.99,"D"
"2716",22.34685,56.43746,339.48,0.33,0.55,"2026-07-09",1004,"N20","low","2.0NRT",311.28,2.23,"D"
"2717",22.34651,56.43412,356.46,0.33,0.55,"2026-07-09",1004,"N20","low","2.0NRT",313.31,3.41,"D"
"2718",22.40716,56.9913,340.03,0.36,0.57,"2026-07-09",1004,"N20","low","2.0NRT",312.87,1,"D"
"2719",22.6405,59.43402,333.14,0.52,0.67,"2026-07-09",1004,"N20","low","2.0NRT",307.28,11.8,"D"
"2720",22.44244,56.70001,342.54,0.35,0.56,"2026-07-09",1004,"N20","low","2.0NRT",315.44,12.02,"D"
"2721",22.48966,56.91393,355.68,0.36,0.57,"2026-07-09",1004,"N20","nominal","2.0NRT",311.59,19.48,"D"
"2722",22.52228,54.05244,349.55,0.47,0.48,"2026-07-09",1004,"N20","low","2.0NRT",319.74,2.51,"D"
"2723",22.87813,55.92435,344.91,0.63,0.54,"2026-07-09",1004,"N20","low","2.0NRT",317.01,1.94,"D"
"2724",22.87229,55.6165,351.29,0.6,0.53,"2026-07-09",1004,"N20","nominal","2.0NRT",317.18,4.68,"D"
"2725",23.19089,55.46083,344,0.59,0.53,"2026-07-09",1004,"N20","nominal","2.0NRT",313.22,2.98,"D"
"2726",23.27272,54.26158,352.98,0.5,0.49,"2026-07-09",1006,"N20","nominal","2.0NRT",310.99,68.15,"D"
"2727",23.27722,54.26101,355.53,0.5,0.49,"2026-07-09",1006,"N20","low","2.0NRT",309.57,20.18,"D"
"2728",23.52843,53.29173,354.96,0.44,0.46,"2026-07-09",1006,"N20","nominal","2.0NRT",320.85,56.18,"D"
"2729",23.52795,53.28745,367,0.44,0.46,"2026-07-09",1006,"N20","low","2.0NRT",332.14,64.67,"D"
"2730",23.54494,53.32433,367,0.44,0.46,"2026-07-09",1006,"N20","high","2.0NRT",330.21,41.72,"D"
"2731",23.54541,53.32862,347.91,0.44,0.46,"2026-07-09",1006,"N20","nominal","2.0NRT",318.32,41.72,"D"
"2732",23.83237,53.63029,342.34,0.46,0.47,"2026-07-09",1006,"N20","low","2.0NRT",316.33,1.86,"D"
"2733",24.46804,56.62007,337.14,0.36,0.57,"2026-07-09",1006,"N20","nominal","2.0NRT",303.7,4.22,"D"
"2734",24.50458,56.60921,367,0.36,0.57,"2026-07-09",1006,"N20","high","2.0NRT",307.06,12.65,"D"
"2735",24.5032,56.60822,367,0.36,0.57,"2026-07-09",1006,"N20","high","2.0NRT",308.07,15.27,"D"
"2736",24.11959,52.70777,342.13,0.41,0.45,"2026-07-09",1006,"N20","nominal","2.0NRT",309.31,9.07,"D"
"2737",24.83137,53.62481,351.95,0.47,0.48,"2026-07-09",1006,"N20","nominal","2.0NRT",300.32,32.56,"D"
"2738",24.84486,53.6661,345.45,0.48,0.48,"2026-07-09",1006,"N20","nominal","2.0NRT",302.03,17.09,"D"
"2739",24.83601,53.50619,343.63,0.47,0.47,"2026-07-09",1006,"N20","nominal","2.0NRT",300.71,5.05,"D"
"2740",24.90511,53.7324,342.44,0.48,0.48,"2026-07-09",1006,"N20","nominal","2.0NRT",301.08,6.92,"D"
"2741",24.92594,51.56491,348.28,0.54,0.42,"2026-07-09",1006,"N20","low","2.0NRT",318.56,24.97,"D"
"2742",25.16417,52.88134,339.8,0.43,0.46,"2026-07-09",1006,"N20","nominal","2.0NRT",301.94,18.21,"D"
"2743",25.16369,52.87703,335.48,0.43,0.46,"2026-07-09",1006,"N20","low","2.0NRT",307.84,26.97,"D"
"2744",25.16272,52.86846,338.46,0.43,0.46,"2026-07-09",1006,"N20","nominal","2.0NRT",307.65,16.93,"D"
"2745",25.17684,52.87969,352.2,0.43,0.46,"2026-07-09",1006,"N20","nominal","2.0NRT",302.51,15.86,"D"
"2746",24.90491,49.42553,349.38,0.43,0.38,"2026-07-09",1006,"N20","low","2.0NRT",322.55,5.03,"D"
"2747",25.50705,53.15192,339.55,0.45,0.47,"2026-07-09",1006,"N20","nominal","2.0NRT",301.98,4.25,"D"
"2748",25.53293,53.1486,338.79,0.45,0.47,"2026-07-09",1006,"N20","nominal","2.0NRT",305.69,27.46,"D"
"2749",67.83382,58.93325,328.05,0.63,0.72,"2026-07-09",1017,"N20","nominal","2.0NRT",290.7,3.14,"D"
"2750",67.83589,58.93611,335.69,0.63,0.72,"2026-07-09",1017,"N20","nominal","2.0NRT",290.61,4.13,"D"
"2751",68.16256,55.36208,348.1,0.51,0.66,"2026-07-09",1017,"N20","nominal","2.0NRT",291.97,6.11,"D"
"2752",68.61116,57.97314,325.15,0.59,0.7,"2026-07-09",1017,"N20","nominal","2.0NRT",287.95,5.23,"D"
"2753",68.65323,57.69641,340.15,0.58,0.69,"2026-07-09",1017,"N20","nominal","2.0NRT",288.89,4.87,"D"
"2754",29.01834,31.20323,341.39,0.4,0.6,"2026-07-09",1147,"N20","low","2.0NRT",313.96,8.6,"D"
"2755",29.80374,32.08936,342.14,0.46,0.64,"2026-07-09",1147,"N20","low","2.0NRT",315.8,8.09,"D"
"2756",30.45874,30.46257,354.94,0.38,0.58,"2026-07-09",1147,"N20","nominal","2.0NRT",310.06,13.92,"D"
"2757",30.56613,31.95008,353.43,0.46,0.64,"2026-07-09",1147,"N20","nominal","2.0NRT",308.89,7.43,"D"
"2758",30.57203,31.94954,341.72,0.46,0.64,"2026-07-09",1147,"N20","nominal","2.0NRT",312.26,6.19,"D"
"2759",30.6983,33.85483,340.85,0.6,0.71,"2026-07-09",1147,"N20","nominal","2.0NRT",307.8,6.79,"D"
"2760",30.69699,33.85251,338.19,0.6,0.71,"2026-07-09",1147,"N20","low","2.0NRT",308.56,7.84,"D"
"2761",30.36658,27.22957,335.75,0.48,0.48,"2026-07-09",1147,"N20","low","2.0NRT",305.76,1.4,"D"
"2762",30.53563,28.49609,337.38,0.57,0.52,"2026-07-09",1147,"N20","nominal","2.0NRT",305.52,3.41,"D"
"2763",30.67041,26.36981,338.56,0.43,0.46,"2026-07-09",1147,"N20","low","2.0NRT",309.77,2.12,"D"
"2764",31.03793,29.93828,337.13,0.35,0.57,"2026-07-09",1147,"N20","nominal","2.0NRT",303.58,2.47,"D"
"2765",30.85446,26.6233,338.78,0.45,0.47,"2026-07-09",1147,"N20","nominal","2.0NRT",309.26,1.9,"D"
"2766",30.92101,27.11818,345.89,0.48,0.48,"2026-07-09",1147,"N20","nominal","2.0NRT",305.11,7.46,"D"
"2767",31.44707,34.44415,352.41,0.66,0.73,"2026-07-09",1147,"N20","nominal","2.0NRT",301.13,14.04,"D"
"2768",31.44678,34.43714,355.48,0.66,0.73,"2026-07-09",1147,"N20","nominal","2.0NRT",304.28,14.04,"D"
"2769",31.44853,34.4378,355.43,0.66,0.73,"2026-07-09",1147,"N20","nominal","2.0NRT",304.36,22.83,"D"
"2770",33.23727,35.25915,367,0.76,0.77,"2026-07-09",1149,"N20","high","2.0NRT",296.03,16.13,"D"
"2771",33.24,35.25872,367,0.76,0.77,"2026-07-09",1149,"N20","high","2.0NRT",294.14,13.53,"D"
"2772",33.64738,35.41883,334.51,0.78,0.78,"2026-07-09",1149,"N20","nominal","2.0NRT",293.93,6.73,"D"
"2773",33.649,35.4191,336.42,0.78,0.78,"2026-07-09",1149,"N20","nominal","2.0NRT",293.91,7.88,"D"
"2774",39.69799,34.5181,331.3,0.75,0.77,"2026-07-09",1151,"N20","low","2.0NRT",302.19,15.86,"D"
"2775",39.70517,34.52685,351.2,0.75,0.77,"2026-07-09",1151,"N20","nominal","2.0NRT",306.33,74.34,"D"
"2776",39.70512,34.51781,350.81,0.75,0.77,"2026-07-09",1151,"N20","nominal","2.0NRT",298.86,15.86,"D"
"2777",45.17357,27.71777,330.74,0.36,0.57,"2026-07-09",1151,"N20","nominal","2.0NRT",301.05,3.03,"D"
"2778",9.00972,33.16288,332.99,0.61,0.54,"2026-07-09",1142,"N20","nominal","2.0NRT",293.79,6.27,"D"
"2779",9.01049,33.05567,343.98,0.6,0.53,"2026-07-09",1142,"N20","nominal","2.0NRT",295.67,8.73,"D"
"2780",9.01685,33.06603,343.85,0.6,0.53,"2026-07-09",1142,"N20","nominal","2.0NRT",296.29,29.9,"D"
"2781",9.01391,33.04406,345.34,0.6,0.53,"2026-07-09",1142,"N20","nominal","2.0NRT",297.03,15.93,"D"
"2782",9.01318,33.03857,331.24,0.6,0.53,"2026-07-09",1142,"N20","nominal","2.0NRT",296.28,9.55,"D"
"2783",9.02028,33.0544,367,0.6,0.53,"2026-07-09",1142,"N20","high","2.0NRT",294.34,13.57,"D"
"2784",9.02176,33.06539,344.57,0.6,0.53,"2026-07-09",1142,"N20","nominal","2.0NRT",294.86,29.9,"D"
"2785",9.02102,33.05989,339.43,0.6,0.53,"2026-07-09",1142,"N20","nominal","2.0NRT",296.14,13.57,"D"
"2786",9.0274,33.07026,353.13,0.6,0.53,"2026-07-09",1142,"N20","nominal","2.0NRT",293.1,22.79,"D"
"2787",9.02518,33.05376,342.77,0.6,0.53,"2026-07-09",1142,"N20","nominal","2.0NRT",294.69,22.67,"D"
"2788",9.02444,33.04827,351.1,0.6,0.53,"2026-07-09",1142,"N20","nominal","2.0NRT",298.76,26,"D"
"2789",9.0249,33.01478,342.94,0.6,0.53,"2026-07-09",1142,"N20","nominal","2.0NRT",296.26,9.39,"D"
"2790",9.07112,33.02548,352.53,0.6,0.53,"2026-07-09",1142,"N20","nominal","2.0NRT",295.66,14.96,"D"
"2791",9.07601,33.02485,350.05,0.6,0.53,"2026-07-09",1142,"N20","nominal","2.0NRT",294.27,14.96,"D"
"2792",9.07408,33.02785,342.46,0.6,0.53,"2026-07-09",1142,"N20","nominal","2.0NRT",294.08,19.47,"D"
"2793",9.07337,33.02237,341.77,0.6,0.53,"2026-07-09",1142,"N20","nominal","2.0NRT",294.88,18.16,"D"
"2794",9.0754,32.99986,337.61,0.6,0.53,"2026-07-09",1142,"N20","nominal","2.0NRT",295.5,11.27,"D"
"2795",9.14096,33.08088,334.3,0.61,0.53,"2026-07-09",1142,"N20","nominal","2.0NRT",284.95,4.71,"D"
"2796",9.14036,33.00253,345.93,0.6,0.53,"2026-07-09",1142,"N20","nominal","2.0NRT",290.71,14.17,"D"
"2797",9.05224,31.35105,331.49,0.46,0.47,"2026-07-09",1142,"N20","nominal","2.0NRT",291.95,6.9,"D"
"2798",9.04908,31.35185,332.51,0.46,0.47,"2026-07-09",1142,"N20","nominal","2.0NRT",290.79,7.16,"D"
"2799",9.05343,31.35126,337.55,0.46,0.47,"2026-07-09",1142,"N20","nominal","2.0NRT",288.14,4.93,"D"
"2800",9.13327,31.16245,340.08,0.45,0.47,"2026-07-09",1142,"N20","nominal","2.0NRT",293.37,7.04,"D"
"2801",9.13269,31.15834,333.33,0.45,0.47,"2026-07-09",1142,"N20","nominal","2.0NRT",294.55,7.04,"D"
"2802",9.13151,31.16249,339.4,0.45,0.47,"2026-07-09",1142,"N20","nominal","2.0NRT",292.84,3.73,"D"
"2803",9.13096,31.15838,330.71,0.45,0.47,"2026-07-09",1142,"N20","nominal","2.0NRT",293.57,3.73,"D"
"2804",9.19574,31.18312,339.93,0.45,0.47,"2026-07-09",1142,"N20","nominal","2.0NRT",292.77,3.79,"D"
"2805",9.2419,31.26154,347.52,0.46,0.47,"2026-07-09",1142,"N20","nominal","2.0NRT",297.91,10.16,"D"
"2806",9.23722,31.22818,354.23,0.46,0.47,"2026-07-09",1142,"N20","nominal","2.0NRT",295.06,23.13,"D"
"2807",9.24214,31.23176,335.62,0.46,0.47,"2026-07-09",1142,"N20","nominal","2.0NRT",290.17,4.18,"D"
"2808",9.24155,31.22759,336.07,0.46,0.47,"2026-07-09",1142,"N20","nominal","2.0NRT",291.69,4.18,"D"
"2809",9.26135,31.26357,331.57,0.46,0.47,"2026-07-09",1142,"N20","nominal","2.0NRT",293.29,3.35,"D"
"2810",9.26569,31.26297,345.23,0.46,0.47,"2026-07-09",1142,"N20","nominal","2.0NRT",294.51,6.08,"D"
"2811",9.26513,31.25878,341.43,0.46,0.47,"2026-07-09",1142,"N20","nominal","2.0NRT",295.92,6.08,"D"
"2812",9.29032,31.38033,340.52,0.47,0.48,"2026-07-09",1142,"N20","nominal","2.0NRT",294.64,8.67,"D"
"2813",9.28975,31.37605,335.41,0.47,0.48,"2026-07-09",1142,"N20","nominal","2.0NRT",295.08,8.67,"D"
"2814",9.28917,31.37178,339.86,0.47,0.48,"2026-07-09",1142,"N20","nominal","2.0NRT",296.44,2.87,"D"
"2815",9.27815,31.25702,343.5,0.46,0.47,"2026-07-09",1142,"N20","nominal","2.0NRT",296.33,16.62,"D"
"2816",9.27759,31.25283,341.89,0.46,0.47,"2026-07-09",1142,"N20","nominal","2.0NRT",296.96,13.86,"D"
"2817",9.3061,31.36515,340,0.47,0.48,"2026-07-09",1142,"N20","nominal","2.0NRT",291.69,9.02,"D"
"2818",9.32156,31.31548,336.21,0.47,0.47,"2026-07-09",1142,"N20","nominal","2.0NRT",288.99,18.79,"D"
"2819",9.32098,31.31124,354.48,0.46,0.47,"2026-07-09",1142,"N20","nominal","2.0NRT",297.83,18.79,"D"
"2820",9.32592,31.31489,341.61,0.47,0.47,"2026-07-09",1142,"N20","nominal","2.0NRT",290.74,9.48,"D"
"2821",9.32534,31.31066,354.25,0.46,0.47,"2026-07-09",1142,"N20","nominal","2.0NRT",294.67,9.48,"D"
"2822",9.32853,31.30162,338.41,0.46,0.47,"2026-07-09",1142,"N20","nominal","2.0NRT",295.98,8.65,"D"
"2823",9.26904,30.74937,342.63,0.43,0.46,"2026-07-09",1142,"N20","nominal","2.0NRT",297.56,8.95,"D"
"2824",9.30365,30.61965,351.93,0.42,0.45,"2026-07-09",1142,"N20","nominal","2.0NRT",294.78,7.42,"D"
"2825",9.80888,33.15235,335.83,0.63,0.54,"2026-07-09",1142,"N20","nominal","2.0NRT",293.55,3.48,"D"
"2826",11.01042,32.819,341.23,0.62,0.54,"2026-07-09",1145,"N20","nominal","2.0NRT",293.53,7.46,"D"
"2827",11.01746,30.79497,342.99,0.45,0.47,"2026-07-09",1145,"N20","nominal","2.0NRT",295.15,5.49,"D"
"2828",11.01507,30.79198,339.07,0.45,0.47,"2026-07-09",1145,"N20","nominal","2.0NRT",295.17,6.62,"D"
"2829",13.10373,32.76837,333.49,0.33,0.55,"2026-07-09",1145,"N20","nominal","2.0NRT",297.6,3.36,"D"
"2830",13.4167,26.11134,347.82,0.41,0.37,"2026-07-09",1145,"N20","low","2.0NRT",318.01,19.84,"D"
"2831",23.08914,31.48269,348.68,0.36,0.57,"2026-07-09",1147,"N20","nominal","2.0NRT",313.18,7.16,"D"
"2832",23.09413,31.47857,367,0.36,0.57,"2026-07-09",1147,"N20","high","2.0NRT",315.43,7.16,"D"
"2833",23.09445,31.48215,356.31,0.36,0.57,"2026-07-09",1147,"N20","low","2.0NRT",313.41,7.16,"D"
"2834",40.5173,141.52136,302.58,0.41,0.6,"2026-07-09",1541,"N20","nominal","2.0NRT",287.37,1.02,"N"
"2835",39.07413,141.73277,300.29,0.39,0.59,"2026-07-09",1544,"N20","nominal","2.0NRT",287.87,0.56,"N"
"2836",37.03424,137.84932,308.28,0.61,0.71,"2026-07-09",1544,"N20","nominal","2.0NRT",290.37,1.93,"N"
"2837",37.03577,137.84883,306.17,0.61,0.71,"2026-07-09",1544,"N20","nominal","2.0NRT",290.4,2.25,"N"
"2838",36.16341,139.31177,309.54,0.5,0.66,"2026-07-09",1544,"N20","nominal","2.0NRT",289.78,1.41,"N"
"2839",36.16232,139.31268,310.26,0.5,0.66,"2026-07-09",1544,"N20","nominal","2.0NRT",289.98,1.57,"N"
"2840",35.94418,140.67735,323.37,0.42,0.61,"2026-07-09",1544,"N20","nominal","2.0NRT",291.39,2.33,"N"
"2841",35.93239,140.68562,303.22,0.41,0.61,"2026-07-09",1544,"N20","nominal","2.0NRT",291.44,1.28,"N"
"2842",35.58036,140.08669,329.52,0.45,0.63,"2026-07-09",1544,"N20","nominal","2.0NRT",291.18,2.27,"N"
"2843",35.58011,140.09172,313.31,0.45,0.63,"2026-07-09",1544,"N20","nominal","2.0NRT",291.41,2.27,"N"
"2844",35.58028,140.08807,330.9,0.45,0.63,"2026-07-09",1544,"N20","nominal","2.0NRT",291.38,4.55,"N"
"2845",35.58,140.09308,310.94,0.44,0.63,"2026-07-09",1544,"N20","nominal","2.0NRT",291.38,2.39,"N"
"2846",35.53521,140.05911,303.06,0.45,0.63,"2026-07-09",1544,"N20","nominal","2.0NRT",290.64,0.69,"N"
"2847",35.48988,140.03252,305.5,0.45,0.63,"2026-07-09",1544,"N20","nominal","2.0NRT",290.73,1.09,"N"
"2848",62.19026,136.48143,305.69,0.72,0.76,"2026-07-09",1535,"N20","nominal","2.0NRT",286.38,4.41,"N"
"2849",62.18326,136.48354,326.71,0.72,0.76,"2026-07-09",1535,"N20","nominal","2.0NRT",286.72,4.41,"N"
"2850",62.18188,136.45645,302.07,0.73,0.76,"2026-07-09",1535,"N20","nominal","2.0NRT",286.45,2.78,"N"
"2851",62.18255,136.46962,306.11,0.73,0.76,"2026-07-09",1535,"N20","nominal","2.0NRT",286.44,2.78,"N"
"2852",62.17488,136.45871,321.42,0.73,0.76,"2026-07-09",1535,"N20","nominal","2.0NRT",287.11,6.03,"N"
"2853",62.17348,136.43149,314.42,0.73,0.76,"2026-07-09",1535,"N20","nominal","2.0NRT",288.19,4.28,"N"
"2854",62.17423,136.44597,304.26,0.73,0.76,"2026-07-09",1535,"N20","nominal","2.0NRT",287.69,4.28,"N"
"2855",62.17555,136.47177,318.31,0.73,0.76,"2026-07-09",1535,"N20","nominal","2.0NRT",286.66,6.03,"N"
"2856",62.16482,136.40158,325.23,0.73,0.76,"2026-07-09",1535,"N20","nominal","2.0NRT",287.47,5.15,"N"
"2857",62.1672,136.44749,333.33,0.73,0.76,"2026-07-09",1535,"N20","nominal","2.0NRT",288.71,4.28,"N"
"2858",62.16568,136.41817,308.83,0.73,0.76,"2026-07-09",1535,"N20","nominal","2.0NRT",288.3,5.15,"N"
"2859",62.16651,136.43411,306.86,0.73,0.76,"2026-07-09",1535,"N20","nominal","2.0NRT",288.15,4.28,"N"
"2860",62.16016,136.44901,351.88,0.73,0.76,"2026-07-09",1535,"N20","nominal","2.0NRT",288.76,7.51,"N"
"2861",62.15768,136.40131,299.39,0.73,0.76,"2026-07-09",1535,"N20","nominal","2.0NRT",285.92,2.12,"N"
"2862",62.15856,136.41811,304.19,0.73,0.76,"2026-07-09",1535,"N20","nominal","2.0NRT",287.84,2.12,"N"
"2863",62.15945,136.43517,308.67,0.73,0.76,"2026-07-09",1535,"N20","nominal","2.0NRT",288.28,7.51,"N"
"2864",62.16082,136.46172,316.25,0.73,0.76,"2026-07-09",1535,"N20","nominal","2.0NRT",287.25,13.86,"N"
"2865",62.1531,136.45004,317.51,0.73,0.76,"2026-07-09",1535,"N20","nominal","2.0NRT",287.62,7.51,"N"
"2866",62.10615,136.37036,301.65,0.73,0.76,"2026-07-09",1535,"N20","nominal","2.0NRT",286.75,1.4,"N"
"2867",62.11452,136.52763,302.55,0.72,0.76,"2026-07-09",1535,"N20","nominal","2.0NRT",285.31,1.12,"N"
"2868",62.17039,136.43909,321.16,0.73,0.76,"2026-07-09",1535,"N20","nominal","2.0NRT",288.67,4.91,"N"
"2869",62.1682,136.39395,301.83,0.73,0.76,"2026-07-09",1535,"N20","nominal","2.0NRT",287.28,3.47,"N"
"2870",62.16889,136.4082,315.23,0.73,0.76,"2026-07-09",1535,"N20","nominal","2.0NRT",288.14,3.47,"N"
"2871",62.16965,136.42371,305.68,0.73,0.76,"2026-07-09",1535,"N20","nominal","2.0NRT",287.66,4.91,"N"
"2872",62.17102,136.45207,318.37,0.73,0.76,"2026-07-09",1535,"N20","nominal","2.0NRT",287.82,6.3,"N"
"2873",62.17163,136.46472,300.66,0.73,0.76,"2026-07-09",1535,"N20","nominal","2.0NRT",286.39,6.3,"N"
"2874",62.17452,136.52477,298.5,0.72,0.76,"2026-07-09",1535,"N20","nominal","2.0NRT",286.98,2.16,"N"
"2875",62.164,136.45366,343.99,0.73,0.76,"2026-07-09",1535,"N20","nominal","2.0NRT",288.59,6.3,"N"
"2876",62.16181,136.40891,312.72,0.73,0.76,"2026-07-09",1535,"N20","nominal","2.0NRT",287.37,3.47,"N"
"2877",62.16266,136.42622,304.26,0.73,0.76,"2026-07-09",1535,"N20","nominal","2.0NRT",288.29,4.91,"N"
"2878",62.16338,136.44092,312.98,0.73,0.76,"2026-07-09",1535,"N20","nominal","2.0NRT",288.37,4.91,"N"
"2879",62.15698,136.45549,345.21,0.73,0.76,"2026-07-09",1535,"N20","nominal","2.0NRT",288.3,12.68,"N"
"2880",62.15548,136.42474,302.28,0.73,0.76,"2026-07-09",1535,"N20","nominal","2.0NRT",287.66,4.6,"N"
"2881",62.15631,136.44186,306.19,0.73,0.76,"2026-07-09",1535,"N20","nominal","2.0NRT",287.85,4.6,"N"
"2882",62.10259,136.36371,299.28,0.73,0.76,"2026-07-09",1535,"N20","nominal","2.0NRT",286.46,1.19,"N"
"2883",62.1112,136.53499,303.09,0.72,0.76,"2026-07-09",1535,"N20","nominal","2.0NRT",285.51,1.17,"N"
"2884",62.09557,136.36588,320.02,0.73,0.76,"2026-07-09",1535,"N20","nominal","2.0NRT",288.35,4.57,"N"
"2885",62.08863,136.36932,322,0.73,0.76,"2026-07-09",1535,"N20","nominal","2.0NRT",288.06,4.57,"N"
"2886",62.0816,136.37128,300.48,0.73,0.76,"2026-07-09",1535,"N20","nominal","2.0NRT",288.17,3.87,"N"
"2887",62.0818,136.5148,297.44,0.72,0.76,"2026-07-09",1535,"N20","nominal","2.0NRT",285.83,1.09,"N"
"2888",62.07409,136.50273,320.41,0.72,0.76,"2026-07-09",1535,"N20","nominal","2.0NRT",286.11,5.46,"N"
"2889",62.07114,136.44496,298.99,0.73,0.76,"2026-07-09",1535,"N20","nominal","2.0NRT",286.68,2.24,"N"
"2890",62.07195,136.46085,311.06,0.73,0.76,"2026-07-09",1535,"N20","nominal","2.0NRT",287.62,2.24,"N"
"2891",62.07268,136.47504,311.65,0.73,0.76,"2026-07-09",1535,"N20","nominal","2.0NRT",287.71,4.42,"N"
"2892",62.07338,136.48872,319.83,0.73,0.76,"2026-07-09",1535,"N20","nominal","2.0NRT",286.64,4.42,"N"
"2893",62.05479,136.40433,305.88,0.73,0.76,"2026-07-09",1535,"N20","nominal","2.0NRT",287.53,3.09,"N"
"2894",62.0682,136.45018,300.65,0.73,0.76,"2026-07-09",1535,"N20","nominal","2.0NRT",286.42,1.98,"N"
"2895",62.06894,136.46564,305.42,0.73,0.76,"2026-07-09",1535,"N20","nominal","2.0NRT",287.17,1.98,"N"
"2896",62.06961,136.47952,310.48,0.73,0.76,"2026-07-09",1535,"N20","nominal","2.0NRT",287.06,2.97,"N"
"2897",62.07027,136.49335,315.93,0.73,0.76,"2026-07-09",1535,"N20","nominal","2.0NRT",286.1,2.97,"N"
"2898",62.05825,136.39178,301.61,0.73,0.76,"2026-07-09",1535,"N20","nominal","2.0NRT",286.83,2.37,"N"
"2899",62.05199,136.40947,302.97,0.73,0.76,"2026-07-09",1535,"N20","nominal","2.0NRT",287.85,2.1,"N"
"2900",58.54471,137.00964,309.61,0.72,0.76,"2026-07-09",1537,"N20","nominal","2.0NRT",290.01,4.76,"N"
"2901",58.54519,137.02061,303.28,0.72,0.76,"2026-07-09",1537,"N20","nominal","2.0NRT",289.85,4.45,"N"
"2902",58.54805,137.01031,304.86,0.72,0.76,"2026-07-09",1537,"N20","nominal","2.0NRT",289.07,1.61,"N"
"2903",58.54851,137.02148,299.9,0.72,0.76,"2026-07-09",1537,"N20","nominal","2.0NRT",289.15,2.47,"N"
"2904",58.54109,137.01282,303.88,0.72,0.76,"2026-07-09",1537,"N20","nominal","2.0NRT",290.35,3.42,"N"
"2905",52.46346,158.15851,312.49,0.39,0.36,"2026-07-09",1539,"N20","nominal","2.0NRT",282.75,2.03,"N"
"2906",53.20681,143.23891,304.58,0.41,0.6,"2026-07-09",1539,"N20","nominal","2.0NRT",284.54,1.04,"N"
"2907",51.41664,143.36485,313.63,0.39,0.6,"2026-07-09",1539,"N20","nominal","2.0NRT",284.95,0.95,"N"
"2908",45.38631,148.81425,296.37,0.39,0.44,"2026-07-09",1541,"N20","nominal","2.0NRT",274.92,0.41,"N"
"2909",41.83347,119.29226,295.74,0.57,0.52,"2026-07-09",1724,"N20","nominal","2.0NRT",270.64,1.24,"N"
"2910",40.7004,122.42154,321.57,0.39,0.44,"2026-07-09",1724,"N20","nominal","2.0NRT",290.08,1.64,"N"
"2911",40.69937,122.41875,324.87,0.39,0.44,"2026-07-09",1724,"N20","nominal","2.0NRT",289.75,1.27,"N"
"2912",40.69889,122.42332,302.55,0.39,0.44,"2026-07-09",1724,"N20","nominal","2.0NRT",289.38,0.98,"N"
"2913",40.66827,122.40392,305.04,0.39,0.44,"2026-07-09",1724,"N20","nominal","2.0NRT",289.74,1.29,"N"
"2914",40.31285,122.12979,306.14,0.39,0.44,"2026-07-09",1724,"N20","nominal","2.0NRT",291.48,2.11,"N"
"2915",40.31102,122.14864,305.88,0.39,0.44,"2026-07-09",1724,"N20","nominal","2.0NRT",290.91,0.75,"N"
"2916",37.03275,137.85194,305.38,0.62,0.54,"2026-07-09",1724,"N20","nominal","2.0NRT",293.01,1.77,"N"
"2917",36.41373,139.61861,301.88,0.4,0.6,"2026-07-09",1724,"N20","nominal","2.0NRT",290.06,0.92,"N"
"2918",35.94617,140.67383,301.02,0.47,0.64,"2026-07-09",1724,"N20","nominal","2.0NRT",290,1.21,"N"
"2919",35.9392,140.67636,305.81,0.47,0.64,"2026-07-09",1724,"N20","nominal","2.0NRT",290.62,1.47,"N"
"2920",35.93864,140.67842,301.59,0.47,0.64,"2026-07-09",1724,"N20","nominal","2.0NRT",290.24,1.14,"N"
"2921",35.93032,140.68594,304.28,0.47,0.64,"2026-07-09",1724,"N20","nominal","2.0NRT",290.94,0.99,"N"
"2922",35.92746,140.67368,303.46,0.47,0.64,"2026-07-09",1724,"N20","nominal","2.0NRT",289.73,1.83,"N"
"2923",39.6286,117.95844,303.56,0.32,0.55,"2026-07-09",1724,"N20","nominal","2.0NRT",270.79,0.77,"N"
"2924",39.61253,117.97166,299.07,0.32,0.54,"2026-07-09",1724,"N20","nominal","2.0NRT",273.02,0.61,"N"
"2925",36.18001,139.05928,307.03,0.38,0.59,"2026-07-09",1724,"N20","nominal","2.0NRT",289.76,0.69,"N"
"2926",35.58285,140.09354,303.82,0.45,0.63,"2026-07-09",1724,"N20","nominal","2.0NRT",290.66,1.71,"N"
"2927",35.57736,140.09126,321.08,0.45,0.63,"2026-07-09",1724,"N20","nominal","2.0NRT",291.66,1.71,"N"
"2928",35.57863,140.08664,308.7,0.44,0.63,"2026-07-09",1724,"N20","nominal","2.0NRT",290.77,2.27,"N"
"2929",35.53599,140.06401,306.93,0.44,0.63,"2026-07-09",1724,"N20","nominal","2.0NRT",290.8,1.2,"N"
"2930",35.53343,140.06592,304.38,0.45,0.63,"2026-07-09",1724,"N20","nominal","2.0NRT",290.7,1.06,"N"
"2931",35.49205,140.03859,305.05,0.44,0.63,"2026-07-09",1724,"N20","nominal","2.0NRT",291.04,0.87,"N"
"2932",35.35409,139.87852,315.35,0.44,0.62,"2026-07-09",1724,"N20","nominal","2.0NRT",291.11,2.49,"N"
"2933",37.42354,129.17209,303.72,0.39,0.36,"2026-07-09",1724,"N20","nominal","2.0NRT",286.47,0.84,"N"
"2934",38.94885,112.68278,299.35,0.61,0.71,"2026-07-09",1724,"N20","nominal","2.0NRT",282.87,4.49,"N"
"2935",38.95045,112.68254,299.62,0.61,0.71,"2026-07-09",1724,"N20","nominal","2.0NRT",282.82,2.34,"N"
"2936",37.49122,126.63905,304.09,0.39,0.36,"2026-07-09",1724,"N20","nominal","2.0NRT",289.96,1.03,"N"
"2937",37.49057,126.64344,312.21,0.39,0.36,"2026-07-09",1724,"N20","nominal","2.0NRT",290.35,1.03,"N"
"2938",37.48791,126.63829,303.52,0.39,0.36,"2026-07-09",1724,"N20","nominal","2.0NRT",290.49,1.03,"N"
"2939",37.02542,128.31943,300.3,0.39,0.36,"2026-07-09",1726,"N20","nominal","2.0NRT",289.37,0.5,"N"
"2940",37.01138,128.34261,305.92,0.39,0.36,"2026-07-09",1726,"N20","nominal","2.0NRT",290.12,0.92,"N"
"2941",38.40172,114.15117,305.72,0.5,0.66,"2026-07-09",1726,"N20","nominal","2.0NRT",285.11,3.2,"N"
"2942",37.68896,121.10084,318.22,0.41,0.45,"2026-07-09",1726,"N20","nominal","2.0NRT",293.4,2.09,"N"
"2943",36.98879,126.70316,308.42,0.39,0.36,"2026-07-09",1726,"N20","nominal","2.0NRT",288.39,1.66,"N"
"2944",36.98679,126.69374,301.49,0.39,0.36,"2026-07-09",1726,"N20","nominal","2.0NRT",288.43,1.93,"N"
"2945",36.95358,126.61885,309.67,0.39,0.36,"2026-07-09",1726,"N20","nominal","2.0NRT",285.25,1.08,"N"
"2946",34.72137,137.32097,335.27,0.33,0.55,"2026-07-09",1726,"N20","nominal","2.0NRT",291.76,1.35,"N"
"2947",34.7205,137.32442,305.56,0.33,0.55,"2026-07-09",1726,"N20","nominal","2.0NRT",291.74,1.35,"N"
"2948",36.00803,129.37714,307.57,0.4,0.37,"2026-07-09",1726,"N20","nominal","2.0NRT",285.72,1.39,"N"
"2949",36.00648,129.38596,305.82,0.41,0.37,"2026-07-09",1726,"N20","nominal","2.0NRT",285.96,1.73,"N"
"2950",36.00237,129.3895,311.04,0.41,0.37,"2026-07-09",1726,"N20","nominal","2.0NRT",285.72,1.66,"N"
"2951",36.0016,129.39392,315.94,0.41,0.37,"2026-07-09",1726,"N20","nominal","2.0NRT",288.06,1.52,"N"
"2952",36.00058,129.37978,300.47,0.41,0.37,"2026-07-09",1726,"N20","nominal","2.0NRT",283.33,0.79,"N"
"2953",35.99826,129.39302,310.03,0.41,0.37,"2026-07-09",1726,"N20","nominal","2.0NRT",286.78,1.52,"N"
"2954",35.99748,129.39746,312.9,0.41,0.37,"2026-07-09",1726,"N20","nominal","2.0NRT",285.67,1.52,"N"
"2955",34.72334,134.82782,313.91,0.48,0.48,"2026-07-09",1726,"N20","nominal","2.0NRT",294.56,1.47,"N"
"2956",34.7222,134.83295,313.37,0.48,0.48,"2026-07-09",1726,"N20","nominal","2.0NRT",296.18,1.47,"N"
"2957",34.72132,134.81621,307.36,0.48,0.48,"2026-07-09",1726,"N20","nominal","2.0NRT",294.33,2.62,"N"
"2958",34.71905,134.8264,306.47,0.48,0.48,"2026-07-09",1726,"N20","nominal","2.0NRT",294.75,1.47,"N"
"2959",34.71589,134.81989,315.9,0.48,0.48,"2026-07-09",1726,"N20","nominal","2.0NRT",294.22,1.85,"N"
"2960",34.71475,134.82498,314.27,0.48,0.48,"2026-07-09",1726,"N20","nominal","2.0NRT",295.33,3.04,"N"
"2961",34.71159,134.8185,310.83,0.48,0.48,"2026-07-09",1726,"N20","nominal","2.0NRT",293.49,1.85,"N"
"2962",36.92727,118.29234,337.9,0.58,0.52,"2026-07-09",1726,"N20","nominal","2.0NRT",293.86,9.94,"N"
"2963",36.92776,118.28582,309.36,0.58,0.52,"2026-07-09",1726,"N20","nominal","2.0NRT",293.02,5.8,"N"
"2964",34.52387,133.71278,304.02,0.42,0.46,"2026-07-09",1726,"N20","nominal","2.0NRT",293.5,0.54,"N"
"2965",34.51712,133.74437,304.87,0.43,0.46,"2026-07-09",1726,"N20","nominal","2.0NRT",293.45,1.47,"N"
"2966",34.51208,133.74756,323.24,0.43,0.46,"2026-07-09",1726,"N20","nominal","2.0NRT",293.95,1.47,"N"
"2967",34.5078,133.72693,309.84,0.43,0.46,"2026-07-09",1726,"N20","nominal","2.0NRT",295.67,1.4,"N"
"2968",34.48937,133.71149,329.04,0.43,0.46,"2026-07-09",1726,"N20","nominal","2.0NRT",294.57,3.15,"N"
"2969",34.4884,133.71597,304.19,0.43,0.46,"2026-07-09",1726,"N20","nominal","2.0NRT",293.6,2.07,"N"
"2970",34.4845,133.73401,306.53,0.43,0.46,"2026-07-09",1726,"N20","nominal","2.0NRT",294.75,1.9,"N"
"2971",34.34663,133.84006,306.15,0.43,0.46,"2026-07-09",1726,"N20","nominal","2.0NRT",295.42,1.03,"N"
"2972",36.59963,114.41357,300.77,0.47,0.64,"2026-07-09",1726,"N20","nominal","2.0NRT",277.86,2,"N"
"2973",36.31247,114.28455,302.27,0.48,0.64,"2026-07-09",1726,"N20","nominal","2.0NRT",285.21,1.59,"N"
"2974",36.22326,115.83941,301.13,0.39,0.59,"2026-07-09",1726,"N20","nominal","2.0NRT",272.75,0.57,"N"
"2975",36.09448,117.82166,313.21,0.6,0.53,"2026-07-09",1726,"N20","nominal","2.0NRT",291.19,2.6,"N"
"2976",36.21778,115.83887,301.7,0.39,0.59,"2026-07-09",1726,"N20","nominal","2.0NRT",272.27,0.57,"N"
"2977",36.07935,117.82603,307.86,0.6,0.53,"2026-07-09",1726,"N20","nominal","2.0NRT",291.58,4.06,"N"
"2978",36.09705,117.82233,312.99,0.6,0.53,"2026-07-09",1726,"N20","nominal","2.0NRT",291.45,3.13,"N"
"2979",36.22266,115.84214,299.81,0.39,0.59,"2026-07-09",1726,"N20","nominal","2.0NRT",275.48,1.79,"N"
"2980",36.21206,114.04774,296.16,0.49,0.65,"2026-07-09",1726,"N20","nominal","2.0NRT",266.63,1.53,"N"
"2981",34.0567,131.7872,328.03,0.52,0.42,"2026-07-09",1726,"N20","nominal","2.0NRT",295.63,5.06,"N"
"2982",34.05727,131.78549,329.49,0.52,0.42,"2026-07-09",1726,"N20","nominal","2.0NRT",295.73,4.61,"N"
"2983",33.95147,131.93759,304.82,0.53,0.42,"2026-07-09",1726,"N20","nominal","2.0NRT",292.89,1.76,"N"
"2984",35.84548,117.29024,314.75,0.32,0.55,"2026-07-09",1726,"N20","nominal","2.0NRT",292.95,2.25,"N"
"2985",35.88707,116.44637,314.01,0.36,0.57,"2026-07-09",1726,"N20","nominal","2.0NRT",288.49,3.04,"N"
"2986",33.971,131.17131,309.19,0.49,0.4,"2026-07-09",1726,"N20","nominal","2.0NRT",294.54,1.38,"N"
"2987",33.94771,131.23077,308.8,0.49,0.41,"2026-07-09",1726,"N20","nominal","2.0NRT",293.13,1.72,"N"
"2988",33.9484,131.23436,304.4,0.49,0.41,"2026-07-09",1726,"N20","nominal","2.0NRT",292.89,0.9,"N"
"2989",33.94316,130.82713,313.47,0.48,0.4,"2026-07-09",1726,"N20","nominal","2.0NRT",295.62,1.68,"N"
"2990",33.92491,130.84331,306.59,0.48,0.4,"2026-07-09",1726,"N20","nominal","2.0NRT",295,2.1,"N"
"2991",33.92393,130.84836,308.37,0.48,0.4,"2026-07-09",1726,"N20","nominal","2.0NRT",295.28,1.54,"N"
"2992",33.92067,130.82622,310.9,0.48,0.4,"2026-07-09",1726,"N20","nominal","2.0NRT",294.69,2.18,"N"
"2993",33.9099,130.82324,319.61,0.48,0.4,"2026-07-09",1726,"N20","nominal","2.0NRT",294.92,2.45,"N"
"2994",33.90879,130.82721,319.88,0.48,0.4,"2026-07-09",1726,"N20","nominal","2.0NRT",295.27,2.02,"N"
"2995",33.88086,130.756,306.04,0.47,0.4,"2026-07-09",1726,"N20","nominal","2.0NRT",295.05,1.51,"N"
"2996",35.86142,112.96191,301.42,0.56,0.69,"2026-07-09",1726,"N20","nominal","2.0NRT",289.61,1.32,"N"
"2997",33.79786,130.98923,309.84,0.48,0.4,"2026-07-09",1726,"N20","nominal","2.0NRT",294.96,3.39,"N"
"2998",33.78399,131.00162,309.34,0.49,0.4,"2026-07-09",1726,"N20","nominal","2.0NRT",295.49,1.64,"N"
"2999",33.78036,131.00061,313.76,0.49,0.4,"2026-07-09",1726,"N20","nominal","2.0NRT",295.53,1.64,"N"
"3000",35.18738,119.38445,315.12,0.48,0.48,"2026-07-09",1726,"N20","nominal","2.0NRT",295.17,3.25,"N"
"3001",35.20131,119.03782,309.77,0.5,0.49,"2026-07-09",1726,"N20","nominal","2.0NRT",294.92,1.21,"N"
"3002",35.1968,119.03712,307.78,0.5,0.49,"2026-07-09",1726,"N20","nominal","2.0NRT",294.51,1.21,"N"
"3003",35.19631,119.0426,307.04,0.5,0.49,"2026-07-09",1726,"N20","nominal","2.0NRT",293.92,1.21,"N"
"3004",35.1923,119.03647,315.75,0.5,0.49,"2026-07-09",1726,"N20","nominal","2.0NRT",295.21,1.71,"N"
"3005",35.18779,119.03583,309.59,0.5,0.49,"2026-07-09",1726,"N20","nominal","2.0NRT",294.65,1.71,"N"
"3006",35.18121,118.79636,307.13,0.52,0.5,"2026-07-09",1726,"N20","nominal","2.0NRT",294.24,1.39,"N"
"3007",35.32891,116.8189,307.06,0.34,0.56,"2026-07-09",1726,"N20","nominal","2.0NRT",290.77,2.3,"N"
"3008",35.32687,116.81785,309.66,0.34,0.56,"2026-07-09",1726,"N20","nominal","2.0NRT",290.21,1.68,"N"
"3009",35.09501,119.2801,307.3,0.48,0.48,"2026-07-09",1726,"N20","nominal","2.0NRT",295.23,1.87,"N"
"3010",35.34826,115.98399,303.36,0.37,0.58,"2026-07-09",1726,"N20","nominal","2.0NRT",280.51,0.9,"N"
"3011",33.26691,131.6434,322.26,0.53,0.42,"2026-07-09",1726,"N20","nominal","2.0NRT",294.85,1.81,"N"
"3012",33.2658,131.64894,306,0.53,0.42,"2026-07-09",1726,"N20","nominal","2.0NRT",294.14,1.81,"N"
"3013",33.26092,131.65344,323.36,0.53,0.42,"2026-07-09",1726,"N20","nominal","2.0NRT",294.67,2.86,"N"
"3014",33.26204,131.64786,312.91,0.53,0.42,"2026-07-09",1726,"N20","nominal","2.0NRT",294.62,3.06,"N"
"3015",33.25939,131.64124,328.56,0.53,0.42,"2026-07-09",1726,"N20","nominal","2.0NRT",296.55,3.06,"N"
"3016",35.21379,117.02742,306.75,0.33,0.55,"2026-07-09",1726,"N20","nominal","2.0NRT",285.8,0.82,"N"
"3017",33.08534,131.85768,311.43,0.55,0.42,"2026-07-09",1726,"N20","nominal","2.0NRT",292.98,2.48,"N"
"3018",32.88239,131.08583,304.61,0.51,0.41,"2026-07-09",1726,"N20","nominal","2.0NRT",290.83,1.19,"N"
"3019",34.03094,116.80511,314.97,0.33,0.55,"2026-07-09",1726,"N20","nominal","2.0NRT",292.89,2.29,"N"
"3020",33.9715,117.11216,303.58,0.63,0.54,"2026-07-09",1726,"N20","nominal","2.0NRT",283.76,0.8,"N"
"3021",33.61459,116.57604,299.65,0.33,0.55,"2026-07-09",1726,"N20","nominal","2.0NRT",278.18,0.97,"N"
"3022",32.18946,119.2562,314.95,0.45,0.47,"2026-07-09",1726,"N20","nominal","2.0NRT",293.59,2.04,"N"
"3023",32.15174,119.32822,307.17,0.44,0.46,"2026-07-09",1726,"N20","nominal","2.0NRT",293.02,0.68,"N"
"3024",32.1475,119.32738,309.42,0.44,0.46,"2026-07-09",1726,"N20","nominal","2.0NRT",293.49,0.74,"N"
"3025",32.19018,118.75572,308.19,0.48,0.48,"2026-07-09",1726,"N20","nominal","2.0NRT",293.49,1.22,"N"
"3026",32.18182,118.74937,319.33,0.48,0.48,"2026-07-09",1726,"N20","nominal","2.0NRT",293.26,2.43,"N"
"3027",32.18134,118.75448,314.91,0.48,0.48,"2026-07-09",1726,"N20","nominal","2.0NRT",293.82,2.89,"N"
"3028",31.9864,120.61818,307.61,0.57,0.43,"2026-07-09",1726,"N20","nominal","2.0NRT",292.53,2.98,"N"
"3029",31.98574,120.62416,309.95,0.57,0.43,"2026-07-09",1726,"N20","nominal","2.0NRT",292.83,3.26,"N"
"3030",31.98508,120.63014,311.05,0.56,0.43,"2026-07-09",1726,"N20","nominal","2.0NRT",292.95,3.26,"N"
"3031",31.9831,120.61156,310.63,0.57,0.43,"2026-07-09",1726,"N20","nominal","2.0NRT",293.01,2.98,"N"
"3032",31.97981,120.64146,306.21,0.56,0.43,"2026-07-09",1726,"N20","nominal","2.0NRT",292.08,4.72,"N"
"3033",31.97849,120.6534,311.21,0.56,0.43,"2026-07-09",1726,"N20","nominal","2.0NRT",293.47,5.19,"N"
"3034",31.98711,120.62379,317,0.56,0.43,"2026-07-09",1726,"N20","nominal","2.0NRT",292.89,5.04,"N"
"3035",31.97899,120.65893,309.38,0.56,0.43,"2026-07-09",1726,"N20","nominal","2.0NRT",292.66,4.82,"N"
"3036",32.1823,118.75325,324.81,0.48,0.48,"2026-07-09",1726,"N20","nominal","2.0NRT",293.32,4.13,"N"
"3037",32.18179,118.75833,307.96,0.48,0.48,"2026-07-09",1726,"N20","nominal","2.0NRT",293.32,1.13,"N"
"3038",32.18997,118.20808,306.96,0.52,0.5,"2026-07-09",1726,"N20","nominal","2.0NRT",292.34,0.96,"N"
"3039",31.94785,120.32571,308.14,0.39,0.44,"2026-07-09",1726,"N20","nominal","2.0NRT",293.15,2.46,"N"
"3040",32.32836,115.95267,312.86,0.35,0.57,"2026-07-09",1726,"N20","nominal","2.0NRT",292.94,1.36,"N"
"3041",31.71126,120.83556,309.43,0.55,0.42,"2026-07-09",1726,"N20","nominal","2.0NRT",287.01,1.44,"N"
"3042",31.96854,118.34098,309.3,0.5,0.49,"2026-07-09",1726,"N20","nominal","2.0NRT",293.4,1.41,"N"
"3043",31.91928,118.61596,324.59,0.49,0.48,"2026-07-09",1726,"N20","nominal","2.0NRT",293.88,3.11,"N"
"3044",31.72115,119.39479,309.07,0.44,0.46,"2026-07-09",1726,"N20","nominal","2.0NRT",292.65,1.1,"N"
"3045",31.45241,121.42461,312.88,0.51,0.41,"2026-07-09",1726,"N20","nominal","2.0NRT",294.87,4.99,"N"
"3046",31.45619,121.42388,310.53,0.51,0.41,"2026-07-09",1726,"N20","nominal","2.0NRT",295.04,2.99,"N"
"3047",31.45242,121.42325,315.52,0.51,0.41,"2026-07-09",1726,"N20","nominal","2.0NRT",295.5,2.99,"N"
"3048",31.74069,118.48849,321.82,0.49,0.49,"2026-07-09",1726,"N20","nominal","2.0NRT",294.67,3.88,"N"
"3049",31.69749,118.46677,312.35,0.49,0.49,"2026-07-09",1726,"N20","nominal","2.0NRT",294.2,1.78,"N"
"3050",31.52299,117.89953,314.77,0.53,0.5,"2026-07-09",1726,"N20","nominal","2.0NRT",293.49,2.29,"N"
"3051",31.38764,119.30674,312.96,0.44,0.46,"2026-07-09",1726,"N20","nominal","2.0NRT",291,4.89,"N"
"3052",31.51921,117.89902,311.56,0.53,0.5,"2026-07-09",1726,"N20","nominal","2.0NRT",292.93,2.05,"N"
"3053",31.4791,117.92754,310.19,0.53,0.5,"2026-07-09",1726,"N20","nominal","2.0NRT",292.34,1.75,"N"
"3054",31.22597,118.14988,308.14,0.51,0.49,"2026-07-09",1726,"N20","nominal","2.0NRT",293.67,2.27,"N"
"3055",31.14032,118.16975,316.27,0.5,0.49,"2026-07-09",1726,"N20","nominal","2.0NRT",294.35,1.71,"N"
"3056",31.13977,118.17535,310.35,0.5,0.49,"2026-07-09",1726,"N20","nominal","2.0NRT",293.9,1.71,"N"
"3057",31.13579,118.16923,311.68,0.5,0.49,"2026-07-09",1726,"N20","nominal","2.0NRT",294.05,1.71,"N"
"3058",31.09916,118.02317,322.01,0.51,0.5,"2026-07-09",1726,"N20","nominal","2.0NRT",294.31,3.23,"N"
"3059",31.00453,117.79218,320.93,0.53,0.5,"2026-07-09",1726,"N20","nominal","2.0NRT",294.28,2.67,"N"
"3060",30.99629,117.77985,307.78,0.53,0.5,"2026-07-09",1726,"N20","nominal","2.0NRT",293.86,1.93,"N"
"3061",30.99166,117.77924,325.62,0.53,0.5,"2026-07-09",1726,"N20","nominal","2.0NRT",293.78,1.93,"N"
"3062",30.99276,117.77982,327.9,0.53,0.5,"2026-07-09",1726,"N20","nominal","2.0NRT",294.33,6.7,"N"
"3063",31.27235,113.77454,305.85,0.46,0.64,"2026-07-09",1726,"N20","nominal","2.0NRT",289.64,2.66,"N"
"3064",30.92803,117.77131,311.79,0.53,0.5,"2026-07-09",1726,"N20","nominal","2.0NRT",293.24,4.21,"N"
"3065",30.85617,117.74905,315.85,0.53,0.5,"2026-07-09",1726,"N20","nominal","2.0NRT",291.2,4.72,"N"
"3066",30.84427,117.77578,317.03,0.53,0.5,"2026-07-09",1726,"N20","nominal","2.0NRT",286.26,3.37,"N"
"3067",30.82372,117.79546,309.41,0.53,0.5,"2026-07-09",1726,"N20","nominal","2.0NRT",290.26,2.53,"N"
"3068",30.5903,116.96195,306.7,0.59,0.53,"2026-07-09",1728,"N20","nominal","2.0NRT",291.51,1.63,"N"
"3069",30.44934,117.23622,309.68,0.56,0.52,"2026-07-09",1728,"N20","nominal","2.0NRT",287.54,2.64,"N"
"3070",30.62164,114.44547,309.76,0.42,0.61,"2026-07-09",1728,"N20","nominal","2.0NRT",290.24,2.52,"N"
"3071",30.17327,114.91086,307.52,0.39,0.59,"2026-07-09",1728,"N20","nominal","2.0NRT",289.5,4.21,"N"
"3072",30.17766,114.91121,308.36,0.39,0.59,"2026-07-09",1728,"N20","nominal","2.0NRT",289.17,4.44,"N"
"3073",30.1164,115.27383,309.72,0.37,0.58,"2026-07-09",1728,"N20","nominal","2.0NRT",289.5,1.88,"N"
"3074",29.94399,115.36989,307.59,0.36,0.57,"2026-07-09",1728,"N20","nominal","2.0NRT",289.76,0.99,"N"
"3075",29.91636,115.38228,308.34,0.36,0.57,"2026-07-09",1728,"N20","nominal","2.0NRT",289.57,0.99,"N"
"3076",29.91133,115.38999,306.49,0.36,0.57,"2026-07-09",1728,"N20","nominal","2.0NRT",289.44,2.78,"N"
"3077",29.8962,115.44466,311.38,0.36,0.57,"2026-07-09",1728,"N20","nominal","2.0NRT",290.06,2.73,"N"
"3078",29.42354,119.15171,309.09,0.42,0.45,"2026-07-09",1728,"N20","nominal","2.0NRT",289.01,1.91,"N"
"3079",29.25416,117.18076,312.42,0.55,0.51,"2026-07-09",1728,"N20","nominal","2.0NRT",287.3,2.73,"N"
"3080",28.18995,113.30695,307.43,0.46,0.64,"2026-07-09",1728,"N20","nominal","2.0NRT",288.08,1.46,"N"
"3081",27.97622,114.39614,308.88,0.39,0.6,"2026-07-09",1728,"N20","nominal","2.0NRT",289.77,0.91,"N"
"3082",27.78382,114.91705,314.62,0.36,0.58,"2026-07-09",1728,"N20","nominal","2.0NRT",290.28,3.57,"N"
"3083",27.75068,111.94943,307.79,0.56,0.68,"2026-07-09",1728,"N20","nominal","2.0NRT",286.55,2.62,"N"
"3084",27.62741,113.715,305.19,0.43,0.62,"2026-07-09",1728,"N20","nominal","2.0NRT",287.62,1,"N"
"3085",27.62492,113.66982,306.12,0.43,0.62,"2026-07-09",1728,"N20","nominal","2.0NRT",288.25,0.83,"N"
"3086",27.62309,113.67098,311.44,0.43,0.62,"2026-07-09",1728,"N20","nominal","2.0NRT",288.13,1.23,"N"
"3087",27.17464,111.40868,303.94,0.59,0.7,"2026-07-09",1728,"N20","nominal","2.0NRT",286.01,1.87,"N"
"3088",27.17452,111.40688,309.02,0.59,0.7,"2026-07-09",1728,"N20","nominal","2.0NRT",286.14,2.27,"N"
"3089",25.46435,119.27391,314.09,0.56,0.43,"2026-07-09",1728,"N20","nominal","2.0NRT",290.96,7.14,"N"
"3090",24.99927,121.24036,333.53,0.44,0.39,"2026-07-09",1728,"N20","nominal","2.0NRT",294.52,5.57,"N"
"3091",24.9992,121.24236,334.15,0.44,0.39,"2026-07-09",1728,"N20","nominal","2.0NRT",294.96,6.29,"N"
"3092",25.18439,116.72041,300.92,0.52,0.5,"2026-07-09",1728,"N20","nominal","2.0NRT",287.32,1.96,"N"
"3093",23.82473,120.45616,305.89,0.47,0.4,"2026-07-09",1728,"N20","nominal","2.0NRT",293.66,0.3,"N"
"3094",22.87344,121.16267,314.95,0.43,0.38,"2026-07-09",1728,"N20","nominal","2.0NRT",286.61,1.17,"N"
"3095",22.02647,112.35606,305.68,0.46,0.63,"2026-07-09",1730,"N20","nominal","2.0NRT",287.53,1.3,"N"
"3096",17.01659,121.71927,297.57,0.39,0.36,"2026-07-09",1730,"N20","nominal","2.0NRT",273.07,0.43,"N"
"3097",17.01055,121.71456,298.36,0.39,0.36,"2026-07-09",1730,"N20","nominal","2.0NRT",273.12,0.27,"N"
"3098",16.90033,120.72342,322.39,0.4,0.37,"2026-07-09",1730,"N20","nominal","2.0NRT",270.24,2.15,"N"
"3099",16.77,121.26722,314.43,0.39,0.36,"2026-07-09",1730,"N20","nominal","2.0NRT",276,1.69,"N"
"3100",16.76945,121.27077,308.72,0.39,0.36,"2026-07-09",1730,"N20","nominal","2.0NRT",276.02,1.32,"N"
"3101",16.45566,120.76784,307.4,0.4,0.37,"2026-07-09",1730,"N20","nominal","2.0NRT",274.83,1.11,"N"
"3102",16.45232,120.76725,320.02,0.4,0.37,"2026-07-09",1730,"N20","nominal","2.0NRT",276.32,1.41,"N"
"3103",16.44899,120.76656,296.64,0.4,0.37,"2026-07-09",1730,"N20","nominal","2.0NRT",275.69,1.41,"N"
"3104",16.44739,120.75441,297.11,0.4,0.37,"2026-07-09",1730,"N20","nominal","2.0NRT",275.92,0.41,"N"
"3105",16.44624,120.76203,299.3,0.4,0.37,"2026-07-09",1730,"N20","nominal","2.0NRT",276.03,0.57,"N"
"3106",61.28751,134.10388,306.92,0.43,0.38,"2026-07-09",1717,"N20","nominal","2.0NRT",289.49,0.91,"N"
"3107",61.25969,130.25409,310.9,0.52,0.42,"2026-07-09",1717,"N20","nominal","2.0NRT",289.31,1.87,"N"
"3108",61.25589,130.25261,301.93,0.52,0.42,"2026-07-09",1717,"N20","nominal","2.0NRT",289.36,1.22,"N"
"3109",58.5442,137.01515,301.71,0.38,0.36,"2026-07-09",1717,"N20","nominal","2.0NRT",287.35,1.14,"N"
"3110",58.54318,137.02153,300.79,0.38,0.36,"2026-07-09",1717,"N20","nominal","2.0NRT",287.26,1.14,"N"
"3111",58.54217,137.02792,306.88,0.38,0.36,"2026-07-09",1717,"N20","nominal","2.0NRT",286.95,1.37,"N"
"3112",58.5368,137.01781,299.65,0.38,0.36,"2026-07-09",1717,"N20","nominal","2.0NRT",288.37,1.26,"N"
"3113",58.39103,134.64885,317.97,0.4,0.37,"2026-07-09",1717,"N20","nominal","2.0NRT",284.83,1.75,"N"
"3114",58.39008,134.65556,315.71,0.4,0.37,"2026-07-09",1717,"N20","nominal","2.0NRT",285.47,1.73,"N"
"3115",58.38776,134.6472,328.43,0.4,0.37,"2026-07-09",1717,"N20","nominal","2.0NRT",288.9,2.61,"N"
"3116",58.38587,134.66058,320.57,0.4,0.37,"2026-07-09",1717,"N20","nominal","2.0NRT",288.8,2.22,"N"
"3117",58.38123,134.69337,330.02,0.39,0.37,"2026-07-09",1717,"N20","nominal","2.0NRT",288.7,4.02,"N"
"3118",58.38871,134.64044,313.87,0.4,0.37,"2026-07-09",1717,"N20","nominal","2.0NRT",284.79,2.61,"N"
"3119",58.38681,134.65393,314.51,0.4,0.37,"2026-07-09",1717,"N20","nominal","2.0NRT",287,2.22,"N"
"3120",58.38493,134.66724,308.12,0.4,0.37,"2026-07-09",1717,"N20","nominal","2.0NRT",288.24,1.32,"N"
"3121",58.384,134.6738,304.49,0.4,0.37,"2026-07-09",1717,"N20","nominal","2.0NRT",288.9,1.32,"N"
"3122",58.38308,134.68033,308.86,0.4,0.37,"2026-07-09",1717,"N20","nominal","2.0NRT",288.13,1.75,"N"
"3123",58.38449,134.64549,333.72,0.4,0.37,"2026-07-09",1717,"N20","nominal","2.0NRT",288.39,2.61,"N"
"3124",58.38353,134.65228,338.93,0.4,0.37,"2026-07-09",1717,"N20","nominal","2.0NRT",290.7,2.22,"N"
"3125",58.38259,134.65894,311.96,0.4,0.37,"2026-07-09",1717,"N20","nominal","2.0NRT",289.02,2.22,"N"
"3126",58.3784,134.6638,321.04,0.4,0.37,"2026-07-09",1717,"N20","nominal","2.0NRT",289.91,2.15,"N"
"3127",58.38026,134.65062,306.97,0.4,0.37,"2026-07-09",1717,"N20","nominal","2.0NRT",288.39,0.95,"N"
"3128",58.37931,134.6573,308.36,0.4,0.37,"2026-07-09",1717,"N20","nominal","2.0NRT",289.03,0.95,"N"
"3129",58.37379,134.69638,303.86,0.39,0.37,"2026-07-09",1717,"N20","nominal","2.0NRT",286.36,1.02,"N"
"3130",58.65499,131.20398,300.75,0.46,0.39,"2026-07-09",1720,"N20","nominal","2.0NRT",282.04,0.91,"N"
"3131",57.63949,126.45621,305.22,0.41,0.45,"2026-07-09",1720,"N20","nominal","2.0NRT",282.23,1.26,"N"
"3132",57.5022,119.3484,302.72,0.37,0.58,"2026-07-09",1720,"N20","nominal","2.0NRT",282.89,1.37,"N"
"3133",57.50209,119.35423,307.5,0.37,0.58,"2026-07-09",1720,"N20","nominal","2.0NRT",283.64,1.71,"N"
"3134",52.5129,143.18594,307.69,0.42,0.45,"2026-07-09",1720,"N20","nominal","2.0NRT",284.77,0.81,"N"
"3135",51.41727,143.37334,337.43,0.46,0.47,"2026-07-09",1720,"N20","nominal","2.0NRT",286.61,3.98,"N"
"3136",51.41888,143.36705,297.98,0.46,0.47,"2026-07-09",1720,"N20","nominal","2.0NRT",285.26,3.98,"N"
"3137",51.57054,135.80281,301.77,0.4,0.37,"2026-07-09",1720,"N20","nominal","2.0NRT",281.57,0.89,"N"
"3138",48.08519,123.45504,302.72,0.42,0.45,"2026-07-09",1722,"N20","nominal","2.0NRT",289.1,0.57,"N"
"3139",48.08429,123.45335,301.93,0.42,0.45,"2026-07-09",1722,"N20","nominal","2.0NRT",288.71,0.84,"N"
"3140",46.60164,131.0706,338.06,0.38,0.36,"2026-07-09",1722,"N20","nominal","2.0NRT",290.62,3.73,"N"
"3141",46.60061,131.03391,304.37,0.38,0.36,"2026-07-09",1722,"N20","nominal","2.0NRT",289.08,0.51,"N"
"3142",46.94889,126.82791,300.92,0.45,0.39,"2026-07-09",1722,"N20","nominal","2.0NRT",287.97,0.58,"N"
"3143",47.18472,123.57891,301.78,0.4,0.45,"2026-07-09",1722,"N20","nominal","2.0NRT",288.79,0.6,"N"
"3144",46.16341,130.85123,301.47,0.38,0.36,"2026-07-09",1722,"N20","nominal","2.0NRT",288.69,0.5,"N"
"3145",45.7506,131.0744,303.57,0.38,0.36,"2026-07-09",1722,"N20","nominal","2.0NRT",287.57,0.78,"N"
"3146",46.39223,114.00217,320.26,0.57,0.69,"2026-07-09",1722,"N20","nominal","2.0NRT",284.5,2.17,"N"
"3147",46.38581,114.00213,295.55,0.57,0.69,"2026-07-09",1722,"N20","nominal","2.0NRT",283.48,2.17,"N"
"3148",45.74526,124.24194,317.27,0.55,0.43,"2026-07-09",1722,"N20","nominal","2.0NRT",262.08,1.44,"N"
"3149",44.21304,133.86282,298.27,0.44,0.38,"2026-07-09",1722,"N20","nominal","2.0NRT",286.65,0.69,"N"
"3150",45.75373,115.72458,334.72,0.47,0.64,"2026-07-09",1722,"N20","nominal","2.0NRT",285.88,2.7,"N"
"3151",45.75385,115.71886,295,0.47,0.64,"2026-07-09",1722,"N20","nominal","2.0NRT",282.1,2.7,"N"
"3152",45.75593,115.72372,331.1,0.47,0.64,"2026-07-09",1722,"N20","nominal","2.0NRT",284.87,2.58,"N"
"3153",45.75578,115.72945,298.31,0.46,0.64,"2026-07-09",1722,"N20","nominal","2.0NRT",284.2,2.58,"N"
"3154",45.75003,115.72308,297.38,0.47,0.64,"2026-07-09",1722,"N20","nominal","2.0NRT",283.24,1.3,"N"
"3155",40.51589,141.52055,304.86,0.39,0.59,"2026-07-09",1724,"N20","nominal","2.0NRT",289.35,0.96,"N"
"3156",43.54853,118.05143,302.45,0.34,0.56,"2026-07-09",1724,"N20","nominal","2.0NRT",287.27,0.56,"N"
"3157",42.1196,123.69398,299.65,0.53,0.42,"2026-07-09",1724,"N20","nominal","2.0NRT",281.82,1.29,"N"
"3158",64.81222,110.15476,296.05,0.75,0.77,"2026-07-09",1717,"N20","nominal","2.0NRT",275.8,2.3,"N"
"3159",64.80991,110.15554,299.96,0.75,0.77,"2026-07-09",1717,"N20","nominal","2.0NRT",276.57,2.04,"N"
"3160",64.81079,110.1705,304.08,0.74,0.76,"2026-07-09",1717,"N20","nominal","2.0NRT",276.04,2.04,"N"
"3161",64.8019,110.14172,300.58,0.75,0.77,"2026-07-09",1717,"N20","nominal","2.0NRT",276.13,2.73,"N"
"3162",64.80281,110.15722,310.29,0.75,0.77,"2026-07-09",1717,"N20","nominal","2.0NRT",276.49,4.84,"N"
"3163",64.16254,129.4131,337.7,0.4,0.44,"2026-07-09",1717,"N20","nominal","2.0NRT",283.53,6.87,"N"
"3164",64.16186,129.42188,334.06,0.4,0.44,"2026-07-09",1717,"N20","nominal","2.0NRT",285.18,7.79,"N"
"3165",63.45319,132.89676,327.99,0.48,0.4,"2026-07-09",1717,"N20","nominal","2.0NRT",291.36,3.52,"N"
"3166",63.45222,132.90622,298.82,0.48,0.4,"2026-07-09",1717,"N20","nominal","2.0NRT",288.36,0.91,"N"
"3167",63.45126,132.9157,307.57,0.48,0.4,"2026-07-09",1717,"N20","nominal","2.0NRT",287.75,0.91,"N"
"3168",63.45027,132.92528,302.94,0.48,0.4,"2026-07-09",1717,"N20","nominal","2.0NRT",288.05,0.55,"N"
"3169",63.44667,132.92337,329.39,0.48,0.4,"2026-07-09",1717,"N20","nominal","2.0NRT",291.7,2.74,"N"
"3170",63.44958,132.89485,308.47,0.48,0.4,"2026-07-09",1717,"N20","nominal","2.0NRT",292.13,1.71,"N"
"3171",63.44209,132.93094,327.44,0.48,0.4,"2026-07-09",1717,"N20","nominal","2.0NRT",290.94,2.74,"N"
"3172",63.44598,132.89294,311.76,0.48,0.4,"2026-07-09",1717,"N20","nominal","2.0NRT",291.59,1.71,"N"
"3173",63.44501,132.9024,302.03,0.48,0.4,"2026-07-09",1717,"N20","nominal","2.0NRT",290.43,2.19,"N"
"3174",63.44306,132.92151,301.3,0.48,0.4,"2026-07-09",1717,"N20","nominal","2.0NRT",290.38,2.74,"N"
"3175",63.4414,132.90048,301.76,0.48,0.4,"2026-07-09",1717,"N20","nominal","2.0NRT",290.51,1.62,"N"
"3176",63.43945,132.91962,300.57,0.48,0.4,"2026-07-09",1717,"N20","nominal","2.0NRT",290.37,1.21,"N"
"3177",63.43849,132.92906,318.03,0.48,0.4,"2026-07-09",1717,"N20","nominal","2.0NRT",290.59,1.21,"N"
"3178",63.43753,132.93842,305.22,0.48,0.4,"2026-07-09",1717,"N20","nominal","2.0NRT",288.11,0.77,"N"
"3179",63.43585,132.91768,303.22,0.48,0.4,"2026-07-09",1717,"N20","nominal","2.0NRT",290.33,1.21,"N"
"3180",63.43488,132.92715,307.1,0.48,0.4,"2026-07-09",1717,"N20","nominal","2.0NRT",290.64,1.21,"N"
"3181",63.43515,132.88719,300.77,0.48,0.4,"2026-07-09",1717,"N20","nominal","2.0NRT",290.51,1.29,"N"
"3182",63.43225,132.91576,306.46,0.48,0.4,"2026-07-09",1717,"N20","nominal","2.0NRT",291.28,1.21,"N"
"3183",63.43128,132.92519,307,0.48,0.4,"2026-07-09",1717,"N20","nominal","2.0NRT",290.93,1.21,"N"
"3184",63.43032,132.93466,300.05,0.48,0.4,"2026-07-09",1717,"N20","nominal","2.0NRT",289.57,1.23,"N"
"3185",63.42863,132.91385,311.71,0.48,0.4,"2026-07-09",1717,"N20","nominal","2.0NRT",291.61,1.21,"N"
"3186",63.42768,132.92326,307.79,0.48,0.4,"2026-07-09",1717,"N20","nominal","2.0NRT",291.25,1.21,"N"
"3187",63.42671,132.93274,319.52,0.48,0.4,"2026-07-09",1717,"N20","nominal","2.0NRT",289.77,1.23,"N"
"3188",63.43679,132.92363,302.43,0.48,0.4,"2026-07-09",1717,"N20","nominal","2.0NRT",290.61,0.9,"N"
"3189",63.43581,132.93298,304.92,0.48,0.4,"2026-07-09",1717,"N20","nominal","2.0NRT",289.98,0.71,"N"
"3190",63.43618,132.89319,300.94,0.48,0.4,"2026-07-09",1717,"N20","nominal","2.0NRT",289.57,1.91,"N"
"3191",63.43419,132.9122,301.64,0.48,0.4,"2026-07-09",1717,"N20","nominal","2.0NRT",289.77,0.9,"N"
"3192",63.43319,132.92172,303.78,0.48,0.4,"2026-07-09",1717,"N20","nominal","2.0NRT",290.42,0.9,"N"
"3193",63.43221,132.93109,307.31,0.48,0.4,"2026-07-09",1717,"N20","nominal","2.0NRT",290.12,0.71,"N"
"3194",63.42958,132.9198,310.95,0.48,0.4,"2026-07-09",1717,"N20","nominal","2.0NRT",291.75,1.8,"N"
"3195",63.4286,132.9292,303.2,0.48,0.4,"2026-07-09",1717,"N20","nominal","2.0NRT",290.07,1.42,"N"
"3196",63.424,132.93681,324.05,0.48,0.4,"2026-07-09",1717,"N20","nominal","2.0NRT",291.36,1.42,"N"
"3197",63.42598,132.91789,309.97,0.48,0.4,"2026-07-09",1717,"N20","nominal","2.0NRT",291.11,1.8,"N"
"3198",63.425,132.92731,301.03,0.48,0.4,"2026-07-09",1717,"N20","nominal","2.0NRT",289.64,1.42,"N"
"3199",63.42039,132.93491,320.52,0.48,0.4,"2026-07-09",1717,"N20","nominal","2.0NRT",292.34,1.62,"N"
"3200",63.41778,132.92352,307.26,0.48,0.4,"2026-07-09",1717,"N20","nominal","2.0NRT",290.53,1.62,"N"
"3201",63.41679,132.93304,306.71,0.48,0.4,"2026-07-09",1717,"N20","nominal","2.0NRT",290.79,1.62,"N"
"3202",63.41418,132.92165,323.61,0.48,0.4,"2026-07-09",1717,"N20","nominal","2.0NRT",290.61,2.61,"N"
"3203",62.96409,133.84525,302.33,0.45,0.39,"2026-07-09",1717,"N20","nominal","2.0NRT",288.8,0.46,"N"
"3204",62.9561,133.85025,302.11,0.45,0.39,"2026-07-09",1717,"N20","nominal","2.0NRT",289.29,0.69,"N"
"3205",62.86276,133.77504,304.55,0.45,0.39,"2026-07-09",1717,"N20","nominal","2.0NRT",291.49,1.5,"N"
"3206",62.83741,133.83533,302.56,0.45,0.39,"2026-07-09",1717,"N20","nominal","2.0NRT",291.49,1.77,"N"
"3207",62.18782,136.48721,324.49,0.4,0.37,"2026-07-09",1717,"N20","nominal","2.0NRT",289.2,2.45,"N"
"3208",62.18679,136.49474,304.21,0.4,0.37,"2026-07-09",1717,"N20","nominal","2.0NRT",290.02,2.45,"N"
"3209",62.18576,136.50226,307.52,0.4,0.37,"2026-07-09",1717,"N20","nominal","2.0NRT",289.64,1,"N"
"3210",62.18164,136.53244,305.19,0.4,0.37,"2026-07-09",1717,"N20","nominal","2.0NRT",289.83,1.2,"N"
"3211",62.18061,136.53992,312.64,0.4,0.37,"2026-07-09",1717,"N20","nominal","2.0NRT",290.02,1.2,"N"
"3212",62.18557,136.47765,333.78,0.4,0.37,"2026-07-09",1717,"N20","nominal","2.0NRT",289.09,3.68,"N"
"3213",62.18454,136.48518,342.48,0.4,0.37,"2026-07-09",1717,"N20","nominal","2.0NRT",292.07,2.45,"N"
"3214",62.18351,136.49272,301.69,0.4,0.37,"2026-07-09",1717,"N20","nominal","2.0NRT",288.47,2.45,"N"
"3215",62.18145,136.50783,302.82,0.4,0.37,"2026-07-09",1717,"N20","nominal","2.0NRT",288.94,1,"N"
"3216",62.18042,136.51538,309.56,0.4,0.37,"2026-07-09",1717,"N20","nominal","2.0NRT",290.12,1.36,"N"
"3217",62.17939,136.52293,301.82,0.4,0.37,"2026-07-09",1717,"N20","nominal","2.0NRT",288.85,1.36,"N"
"3218",62.17733,136.53796,314.88,0.4,0.37,"2026-07-09",1717,"N20","nominal","2.0NRT",288.94,1.2,"N"
"3219",62.18229,136.47562,335.55,0.4,0.37,"2026-07-09",1717,"N20","nominal","2.0NRT",290.37,5.19,"N"
"3220",62.18126,136.48315,347.12,0.4,0.37,"2026-07-09",1717,"N20","nominal","2.0NRT",291.38,4.54,"N"
"3221",62.18023,136.49072,315.88,0.4,0.37,"2026-07-09",1717,"N20","nominal","2.0NRT",290.47,4.54,"N"
"3222",62.17816,136.50586,307.01,0.4,0.37,"2026-07-09",1717,"N20","nominal","2.0NRT",289.75,1,"N"
"3223",62.179,136.47365,333.22,0.4,0.37,"2026-07-09",1717,"N20","nominal","2.0NRT",290.54,5.19,"N"
"3224",62.17592,136.49628,301.68,0.4,0.37,"2026-07-09",1717,"N20","nominal","2.0NRT",288.53,1,"N"
"3225",62.17488,136.50388,304.79,0.4,0.37,"2026-07-09",1717,"N20","nominal","2.0NRT",289.48,1,"N"
"3226",62.1718,136.52646,301.26,0.4,0.37,"2026-07-09",1717,"N20","nominal","2.0NRT",288.44,0.76,"N"
"3227",62.17078,136.53392,299.13,0.4,0.37,"2026-07-09",1717,"N20","nominal","2.0NRT",288.64,0.76,"N"
"3228",62.17673,136.46419,339.42,0.4,0.37,"2026-07-09",1717,"N20","nominal","2.0NRT",290.35,10.55,"N"
"3229",62.17572,136.47162,343.9,0.4,0.37,"2026-07-09",1717,"N20","nominal","2.0NRT",295.58,10.55,"N"
"3230",62.17775,136.45674,308.62,0.4,0.37,"2026-07-09",1717,"N20","nominal","2.0NRT",288.66,2.49,"N"
"3231",62.1716,136.50189,308.99,0.4,0.37,"2026-07-09",1717,"N20","nominal","2.0NRT",289.94,1.76,"N"
"3232",62.16853,136.52443,310.83,0.4,0.37,"2026-07-09",1717,"N20","nominal","2.0NRT",289.61,1.64,"N"
"3233",62.1765,136.43979,338.21,0.4,0.37,"2026-07-09",1717,"N20","nominal","2.0NRT",291.59,2.31,"N"
"3234",62.17346,136.46213,346.31,0.4,0.37,"2026-07-09",1717,"N20","nominal","2.0NRT",295.44,10.55,"N"
"3235",62.17244,136.46959,332.18,0.4,0.37,"2026-07-09",1717,"N20","nominal","2.0NRT",290.42,10.55,"N"
"3236",62.17753,136.43222,298.9,0.4,0.37,"2026-07-09",1717,"N20","nominal","2.0NRT",288.63,2.31,"N"
"3237",62.17548,136.4473,312.17,0.4,0.37,"2026-07-09",1717,"N20","nominal","2.0NRT",290.91,2.49,"N"
"3238",62.17447,136.45471,317.06,0.4,0.37,"2026-07-09",1717,"N20","nominal","2.0NRT",289.19,2.49,"N"
"3239",62.17039,136.48468,297.95,0.4,0.37,"2026-07-09",1717,"N20","nominal","2.0NRT",287.68,1.02,"N"
"3240",62.16935,136.49231,316.1,0.4,0.37,"2026-07-09",1717,"N20","nominal","2.0NRT",291.61,1.76,"N"
"3241",62.17323,136.43777,326.07,0.4,0.37,"2026-07-09",1717,"N20","nominal","2.0NRT",293.8,2.46,"N"
"3242",62.1722,136.44525,335.23,0.4,0.37,"2026-07-09",1717,"N20","nominal","2.0NRT",292.57,3.64,"N"
"3243",62.17018,136.4601,337.75,0.4,0.37,"2026-07-09",1717,"N20","nominal","2.0NRT",290.11,2.63,"N"
"3244",62.17425,136.43021,307.46,0.4,0.37,"2026-07-09",1717,"N20","nominal","2.0NRT",289.73,2.46,"N"
"3245",62.16607,136.49031,318.65,0.4,0.37,"2026-07-09",1717,"N20","nominal","2.0NRT",291.97,1.77,"N"
"3246",62.16993,136.43576,326.89,0.4,0.37,"2026-07-09",1717,"N20","nominal","2.0NRT",293.9,2.46,"N"
"3247",62.16892,136.44325,337.91,0.4,0.37,"2026-07-09",1717,"N20","nominal","2.0NRT",294.58,3.64,"N"
"3248",62.16791,136.45068,323.73,0.4,0.37,"2026-07-09",1717,"N20","nominal","2.0NRT",290.83,3.64,"N"
"3249",62.17096,136.42819,317.65,0.4,0.37,"2026-07-09",1717,"N20","nominal","2.0NRT",291.32,2.46,"N"
"3250",62.1669,136.4581,299.66,0.4,0.37,"2026-07-09",1717,"N20","nominal","2.0NRT",289.17,2.63,"N"
"3251",62.1628,136.48827,306.52,0.4,0.37,"2026-07-09",1717,"N20","nominal","2.0NRT",290.35,1.77,"N"
"3252",62.16564,136.44124,336.11,0.4,0.37,"2026-07-09",1717,"N20","nominal","2.0NRT",294.92,4.38,"N"
"3253",62.16463,136.44867,340.03,0.4,0.37,"2026-07-09",1717,"N20","nominal","2.0NRT",295.61,4.38,"N"
"3254",62.16769,136.42618,315.66,0.4,0.37,"2026-07-09",1717,"N20","nominal","2.0NRT",290.95,2.13,"N"
"3255",62.16665,136.43375,314.58,0.4,0.37,"2026-07-09",1717,"N20","nominal","2.0NRT",292.12,2.13,"N"
"3256",62.16362,136.45609,303.42,0.4,0.37,"2026-07-09",1717,"N20","nominal","2.0NRT",289.83,2.01,"N"
"3257",62.15952,136.48625,312.47,0.4,0.37,"2026-07-09",1717,"N20","nominal","2.0NRT",291.69,1.72,"N"
"3258",62.16646,136.40892,323.58,0.4,0.37,"2026-07-09",1717,"N20","nominal","2.0NRT",289.75,1.89,"N"
"3259",62.1644,136.42413,325.58,0.4,0.37,"2026-07-09",1717,"N20","nominal","2.0NRT",292.2,2.13,"N"
"3260",62.16236,136.43922,321.53,0.4,0.37,"2026-07-09",1717,"N20","nominal","2.0NRT",294.64,4.38,"N"
"3261",62.16034,136.45409,328.16,0.4,0.37,"2026-07-09",1717,"N20","nominal","2.0NRT",291.33,2.01,"N"
"3262",62.16748,136.4014,304.25,0.4,0.37,"2026-07-09",1717,"N20","nominal","2.0NRT",290.56,1.39,"N"
"3263",62.16544,136.41653,311.41,0.4,0.37,"2026-07-09",1717,"N20","nominal","2.0NRT",290.03,1.89,"N"
"3264",62.16338,136.43173,316.91,0.4,0.37,"2026-07-09",1717,"N20","nominal","2.0NRT",293.68,2.13,"N"
"3265",62.16135,136.44666,317.45,0.4,0.37,"2026-07-09",1717,"N20","nominal","2.0NRT",293.38,4.38,"N"
"3266",62.15625,136.48421,311.29,0.4,0.37,"2026-07-09",1717,"N20","nominal","2.0NRT",291.77,1.72,"N"
"3267",62.15317,136.50674,300.48,0.4,0.37,"2026-07-09",1717,"N20","nominal","2.0NRT",289.72,0.96,"N"
"3268",62.16422,136.39922,327.51,0.4,0.37,"2026-07-09",1717,"N20","nominal","2.0NRT",291.48,2.78,"N"
"3269",62.16319,136.4068,341.73,0.4,0.37,"2026-07-09",1717,"N20","nominal","2.0NRT",295.2,5.24,"N"
"3270",62.16113,136.42203,324.49,0.4,0.37,"2026-07-09",1717,"N20","nominal","2.0NRT",294.07,2.73,"N"
"3271",62.15908,136.43713,324.59,0.4,0.37,"2026-07-09",1717,"N20","nominal","2.0NRT",294.62,3.1,"N"
"3272",62.15807,136.44463,323.24,0.4,0.37,"2026-07-09",1717,"N20","nominal","2.0NRT",294.45,3.1,"N"
"3273",62.15705,136.4521,351.37,0.4,0.37,"2026-07-09",1717,"N20","nominal","2.0NRT",296.94,6.2,"N"
"3274",62.16215,136.41446,318.31,0.4,0.37,"2026-07-09",1717,"N20","nominal","2.0NRT",291.76,5.24,"N"
"3275",62.16011,136.42958,306.66,0.4,0.37,"2026-07-09",1717,"N20","nominal","2.0NRT",291.99,2.73,"N"
"3276",62.15604,136.45952,305.32,0.4,0.37,"2026-07-09",1717,"N20","nominal","2.0NRT",289.52,6.2,"N"
"3277",62.15992,136.40468,338.93,0.4,0.37,"2026-07-09",1717,"N20","nominal","2.0NRT",293.75,5.24,"N"
"3278",62.15889,136.41226,346.2,0.4,0.37,"2026-07-09",1717,"N20","nominal","2.0NRT",299.13,5.24,"N"
"3279",62.15788,136.41982,334.65,0.4,0.37,"2026-07-09",1717,"N20","nominal","2.0NRT",297.78,2.73,"N"
"3280",62.15685,136.42738,320.09,0.4,0.37,"2026-07-09",1717,"N20","nominal","2.0NRT",295.05,2.73,"N"
"3281",62.1548,136.44255,341.12,0.4,0.37,"2026-07-09",1717,"N20","nominal","2.0NRT",293.79,3.1,"N"
"3282",62.15378,136.45003,329.13,0.4,0.37,"2026-07-09",1717,"N20","nominal","2.0NRT",290.58,6.2,"N"
"3283",62.15276,136.45747,327.61,0.4,0.37,"2026-07-09",1717,"N20","nominal","2.0NRT",291.18,6.2,"N"
"3284",62.16095,136.39708,314.81,0.4,0.37,"2026-07-09",1717,"N20","nominal","2.0NRT",288.03,2.78,"N"
"3285",62.15582,136.43503,315.37,0.4,0.37,"2026-07-09",1717,"N20","nominal","2.0NRT",293.92,3.1,"N"
"3286",62.14969,136.48013,300.97,0.4,0.37,"2026-07-09",1717,"N20","nominal","2.0NRT",289.88,1.89,"N"
"3287",62.14662,136.5027,302.69,0.4,0.37,"2026-07-09",1717,"N20","nominal","2.0NRT",290.96,1.78,"N"
"3288",62.15359,136.42525,323.91,0.4,0.37,"2026-07-09",1717,"N20","nominal","2.0NRT",293.92,1.61,"N"
"3289",62.1495,136.45538,348.09,0.4,0.37,"2026-07-09",1717,"N20","nominal","2.0NRT",295.42,7.39,"N"
"3290",62.15564,136.41008,303.49,0.4,0.37,"2026-07-09",1717,"N20","nominal","2.0NRT",290.19,1.55,"N"
"3291",62.15462,136.41762,312.59,0.4,0.37,"2026-07-09",1717,"N20","nominal","2.0NRT",290.99,1.61,"N"
"3292",62.15256,136.43283,311.49,0.4,0.37,"2026-07-09",1717,"N20","nominal","2.0NRT",292.53,2.54,"N"
"3293",62.15134,136.41556,306.89,0.4,0.37,"2026-07-09",1717,"N20","nominal","2.0NRT",290.35,1.61,"N"
"3294",62.15032,136.42308,305.63,0.4,0.37,"2026-07-09",1717,"N20","nominal","2.0NRT",289.9,1.61,"N"
"3295",62.14624,136.45317,314.81,0.4,0.37,"2026-07-09",1717,"N20","nominal","2.0NRT",289.72,7.39,"N"
"3296",62.14521,136.46075,306.74,0.4,0.37,"2026-07-09",1717,"N20","nominal","2.0NRT",291.1,1.94,"N"
"3297",62.13803,136.51355,299.81,0.4,0.37,"2026-07-09",1717,"N20","nominal","2.0NRT",289.46,0.92,"N"
"3298",62.14194,136.45865,298.62,0.4,0.37,"2026-07-09",1717,"N20","nominal","2.0NRT",287.72,1.22,"N"
"3299",62.13579,136.50401,304.65,0.4,0.37,"2026-07-09",1717,"N20","nominal","2.0NRT",289.51,1.21,"N"
"3300",62.13559,136.47931,306.07,0.4,0.37,"2026-07-09",1717,"N20","nominal","2.0NRT",292.7,3.17,"N"
"3301",62.13457,136.48683,305.89,0.4,0.37,"2026-07-09",1717,"N20","nominal","2.0NRT",292.08,1.22,"N"
"3302",62.13354,136.49434,304.27,0.4,0.37,"2026-07-09",1717,"N20","nominal","2.0NRT",291.72,1.22,"N"
"3303",62.13252,136.50182,308.23,0.4,0.37,"2026-07-09",1717,"N20","nominal","2.0NRT",292.31,1.21,"N"
"3304",62.13233,136.47708,308.32,0.4,0.37,"2026-07-09",1717,"N20","nominal","2.0NRT",290.42,1.07,"N"
"3305",62.13131,136.4846,315.44,0.4,0.37,"2026-07-09",1717,"N20","nominal","2.0NRT",292.79,1.63,"N"
"3306",62.13029,136.49216,304.45,0.4,0.37,"2026-07-09",1717,"N20","nominal","2.0NRT",290.89,1.63,"N"
"3307",62.12907,136.47495,298.18,0.4,0.37,"2026-07-09",1717,"N20","nominal","2.0NRT",288.13,1.07,"N"
"3308",62.11355,136.53185,329.1,0.4,0.37,"2026-07-09",1717,"N20","nominal","2.0NRT",287.37,3.63,"N"
"3309",62.11994,136.3815,306.18,0.4,0.37,"2026-07-09",1717,"N20","nominal","2.0NRT",287.23,0.67,"N"
"3310",62.09307,136.55151,298.64,0.4,0.37,"2026-07-09",1717,"N20","nominal","2.0NRT",286.6,0.26,"N"
"3311",62.08981,136.54948,300.08,0.4,0.37,"2026-07-09",1717,"N20","nominal","2.0NRT",286.44,0.49,"N"
"3312",62.10682,136.37341,309.58,0.4,0.37,"2026-07-09",1717,"N20","nominal","2.0NRT",287.01,1.07,"N"
"3313",62.10353,136.37141,323.08,0.4,0.37,"2026-07-09",1717,"N20","nominal","2.0NRT",288.2,1.07,"N"
"3314",62.08204,136.52852,297.24,0.4,0.37,"2026-07-09",1717,"N20","nominal","2.0NRT",286.19,0.28,"N"
"3315",62.10025,136.3694,315.08,0.4,0.37,"2026-07-09",1717,"N20","nominal","2.0NRT",288.06,0.99,"N"
"3316",62.07652,136.51703,331.34,0.4,0.37,"2026-07-09",1717,"N20","nominal","2.0NRT",288.2,3.13,"N"
"3317",62.09697,136.36739,309.89,0.4,0.37,"2026-07-09",1717,"N20","nominal","2.0NRT",288.87,0.99,"N"
"3318",62.09594,136.37494,310.86,0.4,0.37,"2026-07-09",1717,"N20","nominal","2.0NRT",290.11,1.92,"N"
"3319",62.09265,136.37297,330.83,0.4,0.37,"2026-07-09",1717,"N20","nominal","2.0NRT",293.7,7.1,"N"
"3320",62.07426,136.50757,341.43,0.4,0.37,"2026-07-09",1717,"N20","nominal","2.0NRT",290.38,2.42,"N"
"3321",62.09369,136.3654,303.42,0.4,0.37,"2026-07-09",1717,"N20","nominal","2.0NRT",289.57,5.67,"N"
"3322",62.07324,136.51501,299.2,0.4,0.37,"2026-07-09",1717,"N20","nominal","2.0NRT",286.59,2.42,"N"
"3323",62.08937,136.37099,331.89,0.4,0.37,"2026-07-09",1717,"N20","nominal","2.0NRT",298.33,7.1,"N"
"3324",62.07201,136.49809,334.34,0.4,0.37,"2026-07-09",1717,"N20","nominal","2.0NRT",290.03,3.46,"N"
"3325",62.07099,136.50554,322.61,0.4,0.37,"2026-07-09",1717,"N20","nominal","2.0NRT",287.82,2.42,"N"
"3326",62.08609,136.36902,337.29,0.4,0.37,"2026-07-09",1717,"N20","nominal","2.0NRT",292.37,3.89,"N"
"3327",62.06976,136.48863,347.26,0.4,0.37,"2026-07-09",1717,"N20","nominal","2.0NRT",290.85,4.61,"N"
"3328",62.06874,136.49608,330.57,0.4,0.37,"2026-07-09",1717,"N20","nominal","2.0NRT",288.71,4.61,"N"
"3329",62.07077,136.48119,299.98,0.4,0.37,"2026-07-09",1717,"N20","nominal","2.0NRT",289.14,1.8,"N"
"3330",62.0828,136.36697,332.04,0.4,0.37,"2026-07-09",1717,"N20","nominal","2.0NRT",291.39,3.89,"N"
"3331",62.07056,136.45677,328.53,0.4,0.37,"2026-07-09",1717,"N20","nominal","2.0NRT",290.82,4.17,"N"
"3332",62.06954,136.46426,343.86,0.4,0.37,"2026-07-09",1717,"N20","nominal","2.0NRT",292.92,4.17,"N"
"3333",62.0675,136.47917,330.14,0.4,0.37,"2026-07-09",1717,"N20","nominal","2.0NRT",289.66,1.8,"N"
"3334",62.06852,136.47173,310.92,0.4,0.37,"2026-07-09",1717,"N20","nominal","2.0NRT",289.11,1.8,"N"
"3335",62.07952,136.36493,320.66,0.4,0.37,"2026-07-09",1717,"N20","nominal","2.0NRT",291.74,2.16,"N"
"3336",62.0673,136.45473,328.55,0.4,0.37,"2026-07-09",1717,"N20","nominal","2.0NRT",290.18,3.65,"N"
"3337",62.06832,136.44717,298.3,0.4,0.37,"2026-07-09",1717,"N20","nominal","2.0NRT",287.4,0.42,"N"
"3338",62.07524,136.37032,320.55,0.4,0.37,"2026-07-09",1717,"N20","nominal","2.0NRT",291.44,2.16,"N"
"3339",62.06505,136.44513,300.46,0.4,0.37,"2026-07-09",1717,"N20","nominal","2.0NRT",286.99,0.42,"N"
"3340",62.07197,136.36816,314.17,0.4,0.37,"2026-07-09",1717,"N20","nominal","2.0NRT",290,1.01,"N"
"3341",62.0687,136.36613,308.71,0.4,0.37,"2026-07-09",1717,"N20","nominal","2.0NRT",289.12,1.01,"N"
"3342",62.06768,136.37361,304.54,0.4,0.37,"2026-07-09",1717,"N20","nominal","2.0NRT",289.25,1.21,"N"
"3343",62.06339,136.37901,308.71,0.4,0.37,"2026-07-09",1717,"N20","nominal","2.0NRT",289.97,1.04,"N"
"3344",62.05909,136.38449,304.47,0.4,0.37,"2026-07-09",1717,"N20","nominal","2.0NRT",288.9,0.51,"N"
"3345",62.05807,136.39198,302.04,0.4,0.37,"2026-07-09",1717,"N20","nominal","2.0NRT",288.4,0.51,"N"
"3346",62.05294,136.42969,319.79,0.4,0.37,"2026-07-09",1717,"N20","nominal","2.0NRT",290.93,2.02,"N"
"3347",62.05378,136.39749,324.73,0.4,0.37,"2026-07-09",1717,"N20","nominal","2.0NRT",289.67,2.84,"N"
"3348",62.05275,136.40503,332.82,0.4,0.37,"2026-07-09",1717,"N20","nominal","2.0NRT",291.18,2.84,"N"
"3349",62.05173,136.41254,324.28,0.4,0.37,"2026-07-09",1717,"N20","nominal","2.0NRT",290.88,1.86,"N"
"3350",62.0507,136.42007,310.82,0.4,0.37,"2026-07-09",1717,"N20","nominal","2.0NRT",290.72,1.86,"N"
"3351",36.21929,115.8391,315.31,0.49,0.65,"2026-07-09",1906,"N20","nominal","2.0NRT",292.7,4.08,"N"
"3352",36.7352,113.92933,296.85,0.38,0.59,"2026-07-09",1906,"N20","nominal","2.0NRT",278.11,0.45,"N"
"3353",36.59831,114.41556,304.54,0.4,0.6,"2026-07-09",1906,"N20","nominal","2.0NRT",284.46,1.98,"N"
"3354",36.22138,115.84117,313.14,0.49,0.65,"2026-07-09",1906,"N20","nominal","2.0NRT",292.42,3.85,"N"
"3355",36.59782,114.41492,304.48,0.4,0.6,"2026-07-09",1906,"N20","nominal","2.0NRT",282.56,1.56,"N"
"3356",35.19806,119.04027,305.02,0.77,0.78,"2026-07-09",1906,"N20","nominal","2.0NRT",287.92,1.59,"N"
"3357",36.68661,113.81859,306.55,0.37,0.58,"2026-07-09",1906,"N20","nominal","2.0NRT",291.06,1.98,"N"
"3358",36.62434,113.75759,304.33,0.37,0.58,"2026-07-09",1906,"N20","nominal","2.0NRT",290.1,1.01,"N"
"3359",37.08374,111.79231,299.73,0.57,0.52,"2026-07-09",1906,"N20","nominal","2.0NRT",274.03,1.62,"N"
"3360",37.06395,111.83225,298.65,0.57,0.52,"2026-07-09",1906,"N20","nominal","2.0NRT",276.42,1.37,"N"
"3361",36.515,113.61874,304.65,0.37,0.58,"2026-07-09",1906,"N20","nominal","2.0NRT",291.18,0.4,"N"
"3362",36.44875,113.03194,302.36,0.34,0.56,"2026-07-09",1906,"N20","nominal","2.0NRT",285.73,0.52,"N"
"3363",36.40008,113.01868,310.65,0.34,0.56,"2026-07-09",1906,"N20","nominal","2.0NRT",285.72,0.81,"N"
"3364",36.37339,113.01653,305.65,0.34,0.56,"2026-07-09",1906,"N20","nominal","2.0NRT",288.41,1.13,"N"
"3365",36.35111,113.06108,304.41,0.35,0.56,"2026-07-09",1906,"N20","nominal","2.0NRT",283.26,0.83,"N"
"3366",36.35016,113.0648,308.1,0.35,0.56,"2026-07-09",1906,"N20","nominal","2.0NRT",283.63,0.83,"N"
"3367",36.32506,113.12,305.52,0.35,0.57,"2026-07-09",1906,"N20","nominal","2.0NRT",284.81,1.4,"N"
"3368",36.29843,113.13807,303.71,0.35,0.57,"2026-07-09",1906,"N20","nominal","2.0NRT",285.79,0.74,"N"
"3369",35.44613,114.02529,304.92,0.41,0.61,"2026-07-09",1906,"N20","nominal","2.0NRT",291.4,1.77,"N"
"3370",35.38021,113.4463,310.03,0.38,0.59,"2026-07-09",1906,"N20","nominal","2.0NRT",288.02,1.71,"N"
"3371",36.80569,103.67599,296.81,0.39,0.37,"2026-07-09",1906,"N20","nominal","2.0NRT",277.76,1.38,"N"
"3372",33.60963,116.576,305.03,0.63,0.72,"2026-07-09",1906,"N20","nominal","2.0NRT",289.75,1.48,"N"
"3373",34.93214,109.05312,299.86,0.45,0.47,"2026-07-09",1906,"N20","nominal","2.0NRT",274.03,0.62,"N"
"3374",34.93012,109.06214,314.74,0.45,0.47,"2026-07-09",1906,"N20","nominal","2.0NRT",288.58,3.9,"N"
"3375",34.51836,110.37037,310.55,0.55,0.51,"2026-07-09",1906,"N20","nominal","2.0NRT",291.37,2.84,"N"
"3376",31.62931,110.6669,316.44,0.33,0.55,"2026-07-09",1908,"N20","nominal","2.0NRT",286.26,0.43,"N"
"3377",31.12346,112.36366,306.19,0.43,0.62,"2026-07-09",1908,"N20","nominal","2.0NRT",290,2.11,"N"
"3378",32.40585,106.77081,302.34,0.39,0.44,"2026-07-09",1908,"N20","nominal","2.0NRT",282.48,0.43,"N"
"3379",31.12532,112.36398,305.81,0.43,0.62,"2026-07-09",1908,"N20","nominal","2.0NRT",289.78,1.88,"N"
"3380",29.89485,115.44401,306.48,0.69,0.74,"2026-07-09",1908,"N20","nominal","2.0NRT",286,1.91,"N"
"3381",29.8659,113.80172,305.97,0.55,0.68,"2026-07-09",1908,"N20","nominal","2.0NRT",287.56,1.21,"N"
"3382",31.04333,107.70084,307.53,0.46,0.47,"2026-07-09",1908,"N20","nominal","2.0NRT",294.44,2.34,"N"
"3383",30.9015,107.37542,306.88,0.45,0.47,"2026-07-09",1908,"N20","nominal","2.0NRT",292.38,1.15,"N"
"3384",31.31003,105.28151,296.89,0.51,0.41,"2026-07-09",1908,"N20","nominal","2.0NRT",252.86,2.57,"N"
"3385",30.84973,107.32832,319.35,0.44,0.46,"2026-07-09",1908,"N20","nominal","2.0NRT",293.26,2.8,"N"
"3386",30.47846,106.87102,313.72,0.43,0.46,"2026-07-09",1908,"N20","nominal","2.0NRT",295.44,2.7,"N"
"3387",30.19072,107.98145,309.73,0.5,0.49,"2026-07-09",1908,"N20","nominal","2.0NRT",294.73,1.86,"N"
"3388",30.18934,106.82603,306.23,0.43,0.46,"2026-07-09",1908,"N20","nominal","2.0NRT",293.91,1.19,"N"
"3389",30.19149,106.82977,306.42,0.43,0.46,"2026-07-09",1908,"N20","nominal","2.0NRT",294.08,1.27,"N"
"3390",29.83147,107.60696,317,0.48,0.48,"2026-07-09",1908,"N20","nominal","2.0NRT",295.55,3.05,"N"
"3391",29.82032,107.04561,313.91,0.45,0.47,"2026-07-09",1908,"N20","nominal","2.0NRT",295.23,0.9,"N"
"3392",29.81633,107.04632,306.42,0.45,0.47,"2026-07-09",1908,"N20","nominal","2.0NRT",293.67,0.47,"N"
"3393",29.782,107.04082,312.42,0.45,0.47,"2026-07-09",1908,"N20","nominal","2.0NRT",295.77,2.24,"N"
"3394",27.78435,114.91841,305.5,0.73,0.76,"2026-07-09",1908,"N20","nominal","2.0NRT",286.99,2.86,"N"
"3395",29.82796,106.51111,309.01,0.42,0.45,"2026-07-09",1908,"N20","nominal","2.0NRT",295.22,0.77,"N"
"3396",27.78408,114.91812,305.99,0.73,0.76,"2026-07-09",1908,"N20","nominal","2.0NRT",286.63,3.89,"N"
"3397",29.73263,104.50751,298.12,0.5,0.41,"2026-07-09",1908,"N20","nominal","2.0NRT",269.98,0.94,"N"
"3398",29.72897,104.50657,305.48,0.5,0.41,"2026-07-09",1908,"N20","nominal","2.0NRT",272.4,1.35,"N"
"3399",29.35221,105.96465,310.27,0.4,0.44,"2026-07-09",1908,"N20","nominal","2.0NRT",295.71,0.77,"N"
"3400",27.55449,113.12685,303.88,0.58,0.69,"2026-07-09",1908,"N20","nominal","2.0NRT",285.99,0.88,"N"
"3401",27.12388,113.1125,301.22,0.59,0.7,"2026-07-09",1908,"N20","nominal","2.0NRT",281.48,4.02,"N"
"3402",27.71654,109.13456,314.34,0.33,0.55,"2026-07-09",1908,"N20","nominal","2.0NRT",288.67,1.08,"N"
"3403",28.41676,104.75767,307.07,0.54,0.42,"2026-07-09",1908,"N20","nominal","2.0NRT",293.15,4.34,"N"
"3404",28.41875,104.75672,307.83,0.54,0.42,"2026-07-09",1908,"N20","nominal","2.0NRT",293.51,4.46,"N"
"3405",28.31708,105.17706,308.37,0.57,0.43,"2026-07-09",1908,"N20","nominal","2.0NRT",294.84,4.2,"N"
"3406",28.3074,103.62193,299.68,0.48,0.4,"2026-07-09",1908,"N20","nominal","2.0NRT",280.8,0.75,"N"
"3407",27.23845,108.76898,309.5,0.32,0.55,"2026-07-09",1908,"N20","nominal","2.0NRT",288.26,1.09,"N"
"3408",27.1444,108.79312,304.42,0.32,0.55,"2026-07-09",1908,"N20","nominal","2.0NRT",289.13,0.61,"N"
"3409",27.08958,107.43663,304.89,0.54,0.51,"2026-07-09",1908,"N20","nominal","2.0NRT",289.76,0.7,"N"
"3410",27.08507,107.43527,302.51,0.54,0.51,"2026-07-09",1908,"N20","nominal","2.0NRT",290.55,0.7,"N"
"3411",27.44266,103.79469,298.84,0.5,0.41,"2026-07-09",1908,"N20","nominal","2.0NRT",287.15,0.82,"N"
"3412",26.64763,107.50778,308.08,0.55,0.51,"2026-07-09",1908,"N20","nominal","2.0NRT",289.43,2.75,"N"
"3413",26.64404,107.51009,311.11,0.55,0.51,"2026-07-09",1908,"N20","nominal","2.0NRT",289.88,2.57,"N"
"3414",26.26618,105.40559,304.91,0.42,0.45,"2026-07-09",1910,"N20","nominal","2.0NRT",289.88,1.09,"N"
"3415",26.26536,105.40966,301.1,0.42,0.45,"2026-07-09",1910,"N20","nominal","2.0NRT",289.3,1.09,"N"
"3416",26.63897,102.61205,301.29,0.45,0.39,"2026-07-09",1910,"N20","nominal","2.0NRT",284.86,1.17,"N"
"3417",26.62811,101.48901,307.25,0.41,0.37,"2026-07-09",1910,"N20","nominal","2.0NRT",290.3,1.43,"N"
"3418",26.5751,101.67052,311.28,0.42,0.38,"2026-07-09",1910,"N20","nominal","2.0NRT",289.14,2.26,"N"
"3419",26.57096,101.67394,314.56,0.42,0.38,"2026-07-09",1910,"N20","nominal","2.0NRT",288.5,0.87,"N"
"3420",26.57172,101.67136,315.43,0.42,0.38,"2026-07-09",1910,"N20","nominal","2.0NRT",288.92,2.26,"N"
"3421",26.56759,101.67478,317.14,0.42,0.38,"2026-07-09",1910,"N20","nominal","2.0NRT",291.73,4.11,"N"
"3422",26.56417,101.67414,308.07,0.42,0.38,"2026-07-09",1910,"N20","nominal","2.0NRT",291.8,2.49,"N"
"3423",25.51746,100.72609,305.89,0.4,0.37,"2026-07-09",1910,"N20","nominal","2.0NRT",290.24,1.12,"N"
"3424",25.29113,100.54834,301.34,0.4,0.37,"2026-07-09",1910,"N20","nominal","2.0NRT",289.81,0.64,"N"
"3425",24.97511,102.3316,326.51,0.46,0.39,"2026-07-09",1910,"N20","nominal","2.0NRT",291.41,4.46,"N"
"3426",24.96175,102.3847,308.1,0.46,0.39,"2026-07-09",1910,"N20","nominal","2.0NRT",287.66,1.84,"N"
"3427",24.96095,102.38906,317.61,0.46,0.39,"2026-07-09",1910,"N20","nominal","2.0NRT",289.27,1.84,"N"
"3428",25.06526,101.56836,304.49,0.43,0.38,"2026-07-09",1910,"N20","nominal","2.0NRT",288.96,1.33,"N"
"3429",24.67669,102.99256,304.29,0.5,0.41,"2026-07-09",1910,"N20","nominal","2.0NRT",287.85,0.93,"N"
"3430",24.70951,102.16922,302.66,0.46,0.39,"2026-07-09",1910,"N20","nominal","2.0NRT",289.43,0.65,"N"
"3431",24.38675,102.47562,301.39,0.48,0.4,"2026-07-09",1910,"N20","nominal","2.0NRT",288.98,0.85,"N"
"3432",24.1943,102.43375,300.58,0.48,0.4,"2026-07-09",1910,"N20","nominal","2.0NRT",289.43,0.54,"N"
"3433",24.01711,102.18475,305.13,0.47,0.4,"2026-07-09",1910,"N20","nominal","2.0NRT",290.53,1.63,"N"
"3434",23.6155,102.87701,301.92,0.51,0.41,"2026-07-09",1910,"N20","nominal","2.0NRT",288.38,0.45,"N"
"3435",23.45541,103.22929,297.01,0.54,0.42,"2026-07-09",1910,"N20","nominal","2.0NRT",281.17,1.11,"N"
"3436",21.68597,108.41282,303.65,0.4,0.6,"2026-07-09",1910,"N20","nominal","2.0NRT",287.06,1.89,"N"
"3437",21.68057,108.41148,303.31,0.4,0.6,"2026-07-09",1910,"N20","nominal","2.0NRT",287.37,2.91,"N"
"3438",21.67687,108.40254,301.09,0.4,0.6,"2026-07-09",1910,"N20","nominal","2.0NRT",286.77,2.12,"N"
"3439",21.56441,108.44136,315.24,0.4,0.6,"2026-07-09",1910,"N20","nominal","2.0NRT",287.62,1.44,"N"
"3440",21.55898,108.44004,312.24,0.4,0.6,"2026-07-09",1910,"N20","nominal","2.0NRT",287.62,1.44,"N"
"3441",14.64698,101.041,300.4,0.55,0.43,"2026-07-09",1913,"N20","nominal","2.0NRT",279.51,1.41,"N"
"3442",13.23118,104.95732,309.49,0.35,0.57,"2026-07-09",1913,"N20","nominal","2.0NRT",287.33,1.14,"N"
"3443",13.23056,104.96052,306.92,0.35,0.57,"2026-07-09",1913,"N20","nominal","2.0NRT",287.13,1.14,"N"
"3444",12.65557,101.33134,305.39,0.41,0.45,"2026-07-09",1915,"N20","nominal","2.0NRT",281.78,0.85,"N"
"3445",12.65619,101.33193,309.71,0.41,0.45,"2026-07-09",1915,"N20","nominal","2.0NRT",280.12,1.02,"N"
"3446",12.68431,101.14714,309.54,0.4,0.44,"2026-07-09",1915,"N20","nominal","2.0NRT",283.75,0.92,"N"
"3447",59.78953,110.87589,303.63,0.39,0.36,"2026-07-09",1900,"N20","nominal","2.0NRT",275.97,0.88,"N"
"3448",12.68028,101.14641,306.07,0.4,0.44,"2026-07-09",1915,"N20","nominal","2.0NRT",284.38,1.02,"N"
"3449",12.03993,99.85683,307.07,0.51,0.41,"2026-07-09",1915,"N20","nominal","2.0NRT",293.02,1.01,"N"
"3450",59.63802,108.12438,325.04,0.42,0.38,"2026-07-09",1900,"N20","nominal","2.0NRT",274.21,2.22,"N"
"3451",12.03931,99.85912,306.1,0.52,0.41,"2026-07-09",1915,"N20","nominal","2.0NRT",293.64,0.98,"N"
"3452",60.44666,97.54908,339.34,0.58,0.52,"2026-07-09",1900,"N20","nominal","2.0NRT",277.26,6.86,"N"
"3453",10.72087,104.3559,303.98,0.35,0.57,"2026-07-09",1915,"N20","nominal","2.0NRT",289.64,0.6,"N"
"3454",60.43648,97.79347,317.11,0.57,0.52,"2026-07-09",1900,"N20","nominal","2.0NRT",274.87,2.29,"N"
"3455",10.27603,104.61829,299.92,0.37,0.58,"2026-07-09",1915,"N20","nominal","2.0NRT",283.01,0.48,"N"
"3456",60.44182,97.54824,322.89,0.58,0.52,"2026-07-09",1900,"N20","nominal","2.0NRT",275.62,6.86,"N"
"3457",60.43661,97.67518,336.76,0.57,0.52,"2026-07-09",1900,"N20","nominal","2.0NRT",276.21,16.02,"N"
"3458",60.43616,97.68607,296.76,0.57,0.52,"2026-07-09",1900,"N20","nominal","2.0NRT",274.86,9.39,"N"
"3459",60.44738,97.15252,332.89,0.6,0.53,"2026-07-09",1900,"N20","nominal","2.0NRT",274.99,6.87,"N"
"3460",60.40077,97.47551,336.88,0.58,0.52,"2026-07-09",1900,"N20","nominal","2.0NRT",277.8,5.65,"N"
"3461",60.40282,97.48209,337.09,0.58,0.52,"2026-07-09",1900,"N20","nominal","2.0NRT",277.65,6.46,"N"
"3462",60.3065,85.18967,303.51,0.77,0.77,"2026-07-09",1900,"N20","nominal","2.0NRT",277.94,2.15,"N"
"3463",59.85903,88.69513,295.41,0.59,0.7,"2026-07-09",1900,"N20","nominal","2.0NRT",277.08,1.46,"N"
"3464",59.85931,88.70601,310.24,0.59,0.7,"2026-07-09",1900,"N20","nominal","2.0NRT",279.47,1.71,"N"
"3465",59.85959,88.7168,296,0.59,0.7,"2026-07-09",1900,"N20","nominal","2.0NRT",279.43,1.71,"N"
"3466",59.85987,88.72768,300.61,0.59,0.7,"2026-07-09",1900,"N20","nominal","2.0NRT",279.37,1.73,"N"
"3467",59.86015,88.73843,303.83,0.58,0.7,"2026-07-09",1900,"N20","nominal","2.0NRT",279.92,1.73,"N"
"3468",59.86043,88.74907,299.02,0.58,0.7,"2026-07-09",1900,"N20","nominal","2.0NRT",279.22,1.46,"N"
"3469",59.88802,90.08863,298.87,0.52,0.67,"2026-07-09",1900,"N20","nominal","2.0NRT",278.66,1.1,"N"
"3470",59.85252,88.69571,333,0.59,0.7,"2026-07-09",1900,"N20","nominal","2.0NRT",278.78,3.73,"N"
"3471",59.88237,90.12666,331.26,0.52,0.67,"2026-07-09",1900,"N20","nominal","2.0NRT",282.49,5.21,"N"
"3472",59.85281,88.70661,307.96,0.59,0.7,"2026-07-09",1900,"N20","nominal","2.0NRT",280.64,6.18,"N"
"3473",59.88222,90.1171,297.32,0.52,0.67,"2026-07-09",1900,"N20","nominal","2.0NRT",280.44,5.49,"N"
"3474",59.87614,90.12682,334.43,0.52,0.67,"2026-07-09",1900,"N20","nominal","2.0NRT",280.96,5.21,"N"
"3475",59.846,88.69635,302.89,0.59,0.7,"2026-07-09",1900,"N20","nominal","2.0NRT",279.03,3.73,"N"
"3476",59.86992,90.12696,311.03,0.52,0.67,"2026-07-09",1900,"N20","nominal","2.0NRT",277.47,3.04,"N"
"3477",59.85384,88.69649,331.41,0.59,0.7,"2026-07-09",1900,"N20","nominal","2.0NRT",278.24,4.04,"N"
"3478",59.85409,88.70738,323.11,0.59,0.7,"2026-07-09",1900,"N20","nominal","2.0NRT",281.5,8.3,"N"
"3479",59.87871,90.12685,334.85,0.52,0.67,"2026-07-09",1900,"N20","nominal","2.0NRT",282.11,3.55,"N"
"3480",59.87476,89.82538,297.7,0.54,0.68,"2026-07-09",1900,"N20","nominal","2.0NRT",277.14,1.62,"N"
"3481",59.84733,88.69718,302.88,0.59,0.7,"2026-07-09",1900,"N20","nominal","2.0NRT",278.58,4.04,"N"
"3482",59.87248,90.12707,315.67,0.52,0.67,"2026-07-09",1900,"N20","nominal","2.0NRT",278.43,3.55,"N"
"3483",59.8726,90.13666,300.14,0.52,0.67,"2026-07-09",1900,"N20","nominal","2.0NRT",278.19,3.55,"N"
"3484",59.82387,89.78957,299.17,0.54,0.68,"2026-07-09",1900,"N20","nominal","2.0NRT",279.2,1.07,"N"
"3485",59.69016,88.37599,314.9,0.6,0.71,"2026-07-09",1900,"N20","nominal","2.0NRT",279.22,2.14,"N"
"3486",59.68329,88.36583,303.51,0.6,0.71,"2026-07-09",1900,"N20","nominal","2.0NRT",279.48,2.14,"N"
"3487",59.68359,88.37684,295.87,0.6,0.71,"2026-07-09",1900,"N20","nominal","2.0NRT",280.21,2.14,"N"
"3488",59.68389,88.38782,300.2,0.6,0.71,"2026-07-09",1900,"N20","nominal","2.0NRT",279.95,2.7,"N"
"3489",59.67105,88.40031,296.39,0.6,0.71,"2026-07-09",1900,"N20","nominal","2.0NRT",278.95,2.65,"N"
"3490",59.70344,90.35521,299.93,0.51,0.66,"2026-07-09",1900,"N20","nominal","2.0NRT",275.79,2.51,"N"
"3491",59.69737,90.36455,332.07,0.51,0.66,"2026-07-09",1900,"N20","nominal","2.0NRT",278.92,2.51,"N"
"3492",59.69725,90.35513,299.2,0.51,0.66,"2026-07-09",1900,"N20","nominal","2.0NRT",275.56,2.51,"N"
"3493",59.60337,88.34013,300.15,0.6,0.71,"2026-07-09",1900,"N20","nominal","2.0NRT",277.9,1.92,"N"
"3494",59.59908,88.41772,298.68,0.6,0.71,"2026-07-09",1900,"N20","nominal","2.0NRT",276.7,1.79,"N"
"3495",59.5994,88.42883,295,0.6,0.71,"2026-07-09",1900,"N20","nominal","2.0NRT",280.1,1.79,"N"
"3496",59.60035,88.46134,297.13,0.6,0.7,"2026-07-09",1900,"N20","nominal","2.0NRT",279.11,1.46,"N"
"3497",59.64566,90.66051,299.84,0.5,0.66,"2026-07-09",1900,"N20","nominal","2.0NRT",279.01,2.01,"N"
"3498",59.65242,90.66438,300.51,0.5,0.66,"2026-07-09",1900,"N20","nominal","2.0NRT",278.7,1.37,"N"
"3499",59.64622,90.65534,298.89,0.5,0.66,"2026-07-09",1900,"N20","nominal","2.0NRT",277.77,1.72,"N"
"3500",59.64631,90.66496,299.21,0.5,0.66,"2026-07-09",1900,"N20","nominal","2.0NRT",279.15,1.37,"N"
"3501",59.59956,88.34686,304.56,0.6,0.71,"2026-07-09",1900,"N20","nominal","2.0NRT",277.52,1.78,"N"
"3502",59.60158,88.42419,299.27,0.6,0.71,"2026-07-09",1900,"N20","nominal","2.0NRT",279.57,1.49,"N"
"3503",59.60241,88.45678,295.84,0.6,0.7,"2026-07-09",1900,"N20","nominal","2.0NRT",278.38,2.15,"N"
"3504",59.59501,88.4248,310.86,0.6,0.71,"2026-07-09",1900,"N20","nominal","2.0NRT",278.57,1.49,"N"
"3505",59.45103,85.52565,302.82,0.76,0.77,"2026-07-09",1900,"N20","nominal","2.0NRT",277.01,2.23,"N"
"3506",59.44389,85.52696,317.75,0.76,0.77,"2026-07-09",1900,"N20","nominal","2.0NRT",276.53,2.23,"N"
"3507",59.54491,90.39205,310.62,0.51,0.66,"2026-07-09",1900,"N20","nominal","2.0NRT",280.29,2.51,"N"
"3508",59.55225,90.37518,297.51,0.51,0.66,"2026-07-09",1900,"N20","nominal","2.0NRT",277.83,1.02,"N"
"3509",59.54618,90.38488,297.08,0.51,0.66,"2026-07-09",1900,"N20","nominal","2.0NRT",278.78,1.38,"N"
"3510",59.54628,90.39409,306.88,0.51,0.66,"2026-07-09",1900,"N20","nominal","2.0NRT",280.25,1.38,"N"
"3511",59.53652,90.08321,295.3,0.52,0.67,"2026-07-09",1900,"N20","nominal","2.0NRT",277.37,1.53,"N"
"3512",59.50945,90.41374,298,0.51,0.66,"2026-07-09",1900,"N20","nominal","2.0NRT",278.8,0.85,"N"
"3513",59.48422,90.36855,300.78,0.51,0.66,"2026-07-09",1900,"N20","nominal","2.0NRT",280.26,1.15,"N"
"3514",59.47407,90.07787,295.6,0.53,0.67,"2026-07-09",1900,"N20","nominal","2.0NRT",280.14,0.97,"N"
"3515",59.4668,90.0107,310.92,0.53,0.67,"2026-07-09",1900,"N20","nominal","2.0NRT",280.74,1.52,"N"
"3516",59.46696,90.02077,295.74,0.53,0.67,"2026-07-09",1900,"N20","nominal","2.0NRT",280.84,1.52,"N"
"3517",59.46101,90.0403,297.09,0.53,0.67,"2026-07-09",1900,"N20","nominal","2.0NRT",279.2,1.72,"N"
"3518",59.4613,90.0593,295.63,0.53,0.67,"2026-07-09",1900,"N20","nominal","2.0NRT",280.09,2.04,"N"
"3519",59.44234,90.47191,320.9,0.51,0.66,"2026-07-09",1900,"N20","nominal","2.0NRT",277.66,3.18,"N"
"3520",59.44247,90.48123,324.48,0.51,0.66,"2026-07-09",1900,"N20","nominal","2.0NRT",280.28,3.06,"N"
"3521",59.43681,90.08847,297.14,0.52,0.67,"2026-07-09",1900,"N20","nominal","2.0NRT",277.82,0.94,"N"
"3522",59.43695,90.0979,304.98,0.52,0.67,"2026-07-09",1900,"N20","nominal","2.0NRT",277.62,0.94,"N"
"3523",59.44258,90.49028,315.86,0.51,0.66,"2026-07-09",1900,"N20","nominal","2.0NRT",278.86,3.06,"N"
"3524",59.43643,90.49041,323.81,0.51,0.66,"2026-07-09",1900,"N20","nominal","2.0NRT",281.62,2.84,"N"
"3525",59.43619,90.47207,305.58,0.51,0.66,"2026-07-09",1900,"N20","nominal","2.0NRT",280.31,1.76,"N"
"3526",59.43027,90.49064,302.38,0.51,0.66,"2026-07-09",1900,"N20","nominal","2.0NRT",278.92,2.84,"N"
"3527",59.4304,90.4998,303.6,0.51,0.66,"2026-07-09",1900,"N20","nominal","2.0NRT",280.79,3.34,"N"
"3528",59.46357,90.01623,307.66,0.53,0.67,"2026-07-09",1900,"N20","nominal","2.0NRT",280.99,1.7,"N"
"3529",59.46391,90.04488,306.11,0.53,0.67,"2026-07-09",1900,"N20","nominal","2.0NRT",280.33,2.18,"N"
"3530",59.44366,90.47655,316.48,0.51,0.66,"2026-07-09",1900,"N20","nominal","2.0NRT",277.99,2.59,"N"
"3531",59.44374,90.48572,310.35,0.51,0.66,"2026-07-09",1900,"N20","nominal","2.0NRT",278.77,2.59,"N"
"3532",59.43766,90.49483,323.53,0.51,0.66,"2026-07-09",1900,"N20","nominal","2.0NRT",281.71,4.35,"N"
"3533",59.43741,90.46732,297.81,0.51,0.66,"2026-07-09",1900,"N20","nominal","2.0NRT",277.7,2.13,"N"
"3534",59.4375,90.47677,312.82,0.51,0.66,"2026-07-09",1900,"N20","nominal","2.0NRT",280.99,2.59,"N"
"3535",59.43759,90.48588,316.07,0.51,0.66,"2026-07-09",1900,"N20","nominal","2.0NRT",280.52,2.59,"N"
"3536",58.451,107.60122,336.24,0.42,0.38,"2026-07-09",1900,"N20","nominal","2.0NRT",289.16,8.79,"N"
"3537",59.43153,90.49519,315.99,0.51,0.66,"2026-07-09",1900,"N20","nominal","2.0NRT",280.73,1.63,"N"
"3538",59.42491,90.4491,314.47,0.51,0.66,"2026-07-09",1900,"N20","nominal","2.0NRT",279.27,1.78,"N"
"3539",59.42537,90.49512,297.76,0.51,0.66,"2026-07-09",1900,"N20","nominal","2.0NRT",278.38,1.63,"N"
"3540",58.44762,107.59959,295.55,0.42,0.38,"2026-07-09",1900,"N20","nominal","2.0NRT",279.69,8.79,"N"
"3541",59.40479,89.46026,328,0.55,0.68,"2026-07-09",1900,"N20","nominal","2.0NRT",278.41,3.44,"N"
"3542",59.40498,89.47024,302.54,0.55,0.68,"2026-07-09",1900,"N20","nominal","2.0NRT",278.78,3.44,"N"
"3543",59.40516,89.48021,303.83,0.55,0.68,"2026-07-09",1900,"N20","nominal","2.0NRT",279.18,2.22,"N"
"3544",59.41856,90.43092,312.14,0.51,0.66,"2026-07-09",1900,"N20","nominal","2.0NRT",279.71,2.61,"N"
"3545",59.41875,90.44943,298.69,0.51,0.66,"2026-07-09",1900,"N20","nominal","2.0NRT",279.65,2.41,"N"
"3546",58.42855,107.66511,306.76,0.42,0.37,"2026-07-09",1900,"N20","nominal","2.0NRT",279.71,0.69,"N"
"3547",59.38619,90.30245,298.91,0.52,0.66,"2026-07-09",1900,"N20","nominal","2.0NRT",277.39,1.75,"N"
"3548",59.38631,90.31181,302.24,0.52,0.66,"2026-07-09",1900,"N20","nominal","2.0NRT",278.99,1.92,"N"
"3549",59.38764,90.42303,296.7,0.51,0.66,"2026-07-09",1900,"N20","nominal","2.0NRT",278.4,1.07,"N"
"3550",59.38774,90.43208,297.67,0.51,0.66,"2026-07-09",1900,"N20","nominal","2.0NRT",279.13,1.07,"N"
"3551",58.4257,107.57486,328,0.42,0.38,"2026-07-09",1900,"N20","nominal","2.0NRT",281.99,11.35,"N"
"3552",59.38136,90.41395,295.41,0.51,0.66,"2026-07-09",1900,"N20","nominal","2.0NRT",280.01,1.36,"N"
"3553",59.38147,90.42312,308.69,0.51,0.66,"2026-07-09",1900,"N20","nominal","2.0NRT",280.34,2.55,"N"
"3554",58.42482,107.58188,311.64,0.42,0.38,"2026-07-09",1900,"N20","nominal","2.0NRT",281.9,11.35,"N"
"3555",59.37393,90.31225,296.55,0.52,0.66,"2026-07-09",1900,"N20","nominal","2.0NRT",278.39,1.2,"N"
"3556",59.37508,90.40471,299.69,0.51,0.66,"2026-07-09",1900,"N20","nominal","2.0NRT",280.75,1.36,"N"
"3557",58.48297,107.02523,327.81,0.43,0.38,"2026-07-09",1900,"N20","nominal","2.0NRT",281.28,2.55,"N"
"3558",59.35549,90.32184,300.55,0.51,0.66,"2026-07-09",1900,"N20","nominal","2.0NRT",278.57,1.27,"N"
"3559",59.35574,90.34034,312.35,0.51,0.66,"2026-07-09",1900,"N20","nominal","2.0NRT",280.13,1.89,"N"
"3560",59.35586,90.3496,303.5,0.51,0.66,"2026-07-09",1900,"N20","nominal","2.0NRT",281.01,1.86,"N"
"3561",59.35598,90.35889,297.47,0.51,0.66,"2026-07-09",1900,"N20","nominal","2.0NRT",280.7,1.86,"N"
"3562",59.35645,90.39553,312.29,0.51,0.66,"2026-07-09",1900,"N20","nominal","2.0NRT",280.08,1.89,"N"
"3563",59.24807,86.6683,297.79,0.69,0.74,"2026-07-09",1900,"N20","nominal","2.0NRT",278.9,2.1,"N"
"3564",59.34943,90.33123,295.99,0.51,0.66,"2026-07-09",1900,"N20","nominal","2.0NRT",278.14,1.89,"N"
"3565",59.34955,90.34045,311.39,0.51,0.66,"2026-07-09",1900,"N20","nominal","2.0NRT",280.41,1.89,"N"
"3566",59.33495,91.31032,308.1,0.47,0.64,"2026-07-09",1900,"N20","nominal","2.0NRT",271.16,1.26,"N"
"3567",58.4087,107.26752,308.37,0.42,0.38,"2026-07-09",1900,"N20","nominal","2.0NRT",276.8,1.23,"N"
"3568",59.35721,90.33741,296.24,0.51,0.66,"2026-07-09",1900,"N20","nominal","2.0NRT",279.4,2.14,"N"
"3569",59.3573,90.34666,309.02,0.51,0.66,"2026-07-09",1900,"N20","nominal","2.0NRT",281.01,1.57,"N"
"3570",59.35738,90.35595,298.38,0.51,0.66,"2026-07-09",1900,"N20","nominal","2.0NRT",280.59,1.57,"N"
"3571",59.35773,90.39269,315.91,0.51,0.66,"2026-07-09",1900,"N20","nominal","2.0NRT",280.15,2.71,"N"
"3572",59.35094,90.32827,297.21,0.51,0.66,"2026-07-09",1900,"N20","nominal","2.0NRT",278.45,1.69,"N"
"3573",59.35103,90.33749,312.37,0.51,0.66,"2026-07-09",1900,"N20","nominal","2.0NRT",280.05,1.69,"N"
"3574",59.35112,90.3467,307.9,0.51,0.66,"2026-07-09",1900,"N20","nominal","2.0NRT",281.11,2.44,"N"
"3575",59.24949,86.66651,303.33,0.69,0.74,"2026-07-09",1900,"N20","nominal","2.0NRT",279.02,3,"N"
"3576",59.33292,91.30721,296.62,0.47,0.64,"2026-07-09",1900,"N20","nominal","2.0NRT",269.6,1.22,"N"
"3577",59.32699,91.32486,296.1,0.47,0.64,"2026-07-09",1900,"N20","nominal","2.0NRT",273.54,1.08,"N"
"3578",59.30162,89.8657,302.43,0.53,0.67,"2026-07-09",1900,"N20","nominal","2.0NRT",279.33,2.09,"N"
"3579",59.20595,86.62255,298.01,0.7,0.75,"2026-07-09",1900,"N20","nominal","2.0NRT",278.54,2.18,"N"
"3580",59.20747,86.66049,304.76,0.69,0.75,"2026-07-09",1900,"N20","nominal","2.0NRT",278.25,1.65,"N"
"3581",59.19851,86.61109,305.01,0.7,0.75,"2026-07-09",1900,"N20","nominal","2.0NRT",277.22,2.18,"N"
"3582",59.28862,89.83718,303.19,0.54,0.68,"2026-07-09",1900,"N20","nominal","2.0NRT",276.82,2.18,"N"
"3583",59.19157,86.6122,298.06,0.7,0.75,"2026-07-09",1900,"N20","nominal","2.0NRT",277.94,4.18,"N"
"3584",59.28233,89.83764,302.24,0.54,0.68,"2026-07-09",1900,"N20","nominal","2.0NRT",278.41,1.35,"N"
"3585",59.28249,89.84728,302.95,0.54,0.67,"2026-07-09",1900,"N20","nominal","2.0NRT",279.48,1.35,"N"
"3586",59.18412,86.60073,333.9,0.7,0.75,"2026-07-09",1900,"N20","nominal","2.0NRT",278.92,5.73,"N"
"3587",59.18256,86.56268,300.96,0.7,0.75,"2026-07-09",1900,"N20","nominal","2.0NRT",277.26,1.37,"N"
"3588",59.27465,89.7515,308.01,0.54,0.68,"2026-07-09",1900,"N20","nominal","2.0NRT",279.98,2.37,"N"
"3589",59.27574,89.81847,300.21,0.54,0.68,"2026-07-09",1900,"N20","nominal","2.0NRT",278.74,1.77,"N"
"3590",59.27621,89.84774,296.52,0.54,0.67,"2026-07-09",1900,"N20","nominal","2.0NRT",278.89,1.35,"N"
"3591",59.26946,89.81894,334.52,0.54,0.68,"2026-07-09",1900,"N20","nominal","2.0NRT",282.39,3.43,"N"
"3592",59.17924,86.65195,298.79,0.69,0.75,"2026-07-09",1900,"N20","nominal","2.0NRT",279.06,2.28,"N"
"3593",59.2693,89.80908,295.88,0.54,0.68,"2026-07-09",1900,"N20","nominal","2.0NRT",277.03,3.5,"N"
"3594",59.26977,89.83851,298.42,0.54,0.68,"2026-07-09",1900,"N20","nominal","2.0NRT",279.78,1.28,"N"
"3595",59.17023,86.60265,301.1,0.7,0.75,"2026-07-09",1900,"N20","nominal","2.0NRT",276.79,3.42,"N"
"3596",59.17076,86.61528,298.72,0.7,0.75,"2026-07-09",1900,"N20","nominal","2.0NRT",278.59,4.37,"N"
"3597",59.1718,86.64037,303.42,0.7,0.75,"2026-07-09",1900,"N20","nominal","2.0NRT",279.53,2.28,"N"
"3598",59.26318,89.8195,297.35,0.54,0.68,"2026-07-09",1900,"N20","nominal","2.0NRT",278.77,3.43,"N"
"3599",59.27679,90.95114,302.74,0.49,0.65,"2026-07-09",1900,"N20","nominal","2.0NRT",277.26,0.93,"N"
"3600",59.16486,86.6413,303.67,0.7,0.75,"2026-07-09",1900,"N20","nominal","2.0NRT",280.19,3.01,"N"
"3601",59.27073,90.95123,298.39,0.49,0.65,"2026-07-09",1900,"N20","nominal","2.0NRT",278.94,3.47,"N"
"3602",59.26453,90.93411,320.32,0.49,0.65,"2026-07-09",1900,"N20","nominal","2.0NRT",279.05,3.64,"N"
"3603",59.25847,90.93433,313.76,0.49,0.65,"2026-07-09",1900,"N20","nominal","2.0NRT",279.24,1.97,"N"
"3604",59.25854,90.94289,300.36,0.49,0.65,"2026-07-09",1900,"N20","nominal","2.0NRT",281.05,1.98,"N"
"3605",59.25861,90.95135,304.56,0.49,0.65,"2026-07-09",1900,"N20","nominal","2.0NRT",279.66,1.98,"N"
"3606",59.2524,90.9343,307.05,0.49,0.65,"2026-07-09",1900,"N20","nominal","2.0NRT",274.98,1.97,"N"
"3607",59.17253,86.61108,299.68,0.7,0.75,"2026-07-09",1900,"N20","nominal","2.0NRT",278.05,4.55,"N"
"3608",59.26405,90.92947,300.43,0.49,0.65,"2026-07-09",1900,"N20","nominal","2.0NRT",278.16,3.76,"N"
"3609",59.26408,90.9381,310.62,0.49,0.65,"2026-07-09",1900,"N20","nominal","2.0NRT",279.79,3.59,"N"
"3610",59.16655,86.63718,298.73,0.7,0.75,"2026-07-09",1900,"N20","nominal","2.0NRT",279.11,4.94,"N"
"3611",59.25803,90.9383,317.17,0.49,0.65,"2026-07-09",1900,"N20","nominal","2.0NRT",280.2,3.59,"N"
"3612",59.2581,90.95536,301.08,0.49,0.65,"2026-07-09",1900,"N20","nominal","2.0NRT",278.96,2.24,"N"
"3613",59.15961,86.63811,305.58,0.7,0.75,"2026-07-09",1900,"N20","nominal","2.0NRT",278.68,1.79,"N"
"3614",59.19437,91.68173,299.44,0.46,0.64,"2026-07-09",1900,"N20","nominal","2.0NRT",273.09,0.98,"N"
"3615",59.15868,90.67445,316.17,0.5,0.66,"2026-07-09",1900,"N20","nominal","2.0NRT",279.51,1.93,"N"
"3616",59.12831,90.69354,328.12,0.5,0.66,"2026-07-09",1900,"N20","nominal","2.0NRT",280.72,3.28,"N"
"3617",59.12841,90.70227,312.16,0.5,0.66,"2026-07-09",1900,"N20","nominal","2.0NRT",280.74,3.28,"N"
"3618",59.15892,90.67565,315.48,0.5,0.66,"2026-07-09",1900,"N20","nominal","2.0NRT",279.34,2.61,"N"
"3619",59.1285,90.69489,334.68,0.5,0.66,"2026-07-09",1900,"N20","nominal","2.0NRT",281,5.53,"N"
"3620",59.12856,90.70361,301.15,0.5,0.66,"2026-07-09",1900,"N20","nominal","2.0NRT",279.97,3.73,"N"
"3621",59.11801,90.95957,295.91,0.49,0.65,"2026-07-09",1900,"N20","nominal","2.0NRT",278.64,0.54,"N"
"3622",59.11252,91.06454,367,0.48,0.65,"2026-07-09",1900,"N20","high","2.0NRT",284.45,11.38,"N"
"3623",59.08371,89.5634,297.7,0.55,0.68,"2026-07-09",1900,"N20","nominal","2.0NRT",279.46,1.51,"N"
"3624",59.09431,91.04655,299.05,0.48,0.65,"2026-07-09",1900,"N20","nominal","2.0NRT",279.08,0.9,"N"
"3625",59.08833,91.05502,326.69,0.48,0.65,"2026-07-09",1900,"N20","nominal","2.0NRT",281.79,2.42,"N"
"3626",59.08633,90.76729,300.33,0.5,0.65,"2026-07-09",1900,"N20","nominal","2.0NRT",279.05,1.07,"N"
"3627",59.08229,91.05525,303.08,0.48,0.65,"2026-07-09",1900,"N20","nominal","2.0NRT",279.8,2.42,"N"
"3628",59.0661,90.56165,301.73,0.5,0.66,"2026-07-09",1900,"N20","nominal","2.0NRT",275.99,0.92,"N"
"3629",59.06218,90.7937,295.36,0.49,0.65,"2026-07-09",1900,"N20","nominal","2.0NRT",277.03,1.26,"N"
"3630",59.06226,90.80241,297.14,0.49,0.65,"2026-07-09",1900,"N20","nominal","2.0NRT",277.72,1.26,"N"
"3631",59.06395,91.0202,298.61,0.49,0.65,"2026-07-09",1900,"N20","nominal","2.0NRT",277.78,1.07,"N"
"3632",59.064,91.02885,304.68,0.49,0.65,"2026-07-09",1900,"N20","nominal","2.0NRT",279.93,1.07,"N"
"3633",59.04024,89.61468,295.08,0.55,0.68,"2026-07-09",1900,"N20","nominal","2.0NRT",278.88,1.69,"N"
"3634",59.05586,90.76765,299,0.5,0.65,"2026-07-09",1900,"N20","nominal","2.0NRT",278.42,1.09,"N"
"3635",59.05617,90.80271,310.97,0.49,0.65,"2026-07-09",1900,"N20","nominal","2.0NRT",280.06,1.26,"N"
"3636",59.04977,90.76759,298.95,0.5,0.65,"2026-07-09",1900,"N20","nominal","2.0NRT",279.01,1.06,"N"
"3637",59.02665,89.56587,305.02,0.55,0.68,"2026-07-09",1900,"N20","nominal","2.0NRT",277.97,1.86,"N"
"3638",59.02684,89.57578,311.32,0.55,0.68,"2026-07-09",1900,"N20","nominal","2.0NRT",280.55,1.86,"N"
"3639",59.04136,90.54443,301.65,0.51,0.66,"2026-07-09",1900,"N20","nominal","2.0NRT",279.66,1.9,"N"
"3640",59.04155,90.56249,301.31,0.5,0.66,"2026-07-09",1900,"N20","nominal","2.0NRT",279.76,1.21,"N"
"3641",59.04166,90.57151,295.6,0.5,0.66,"2026-07-09",1900,"N20","nominal","2.0NRT",279.5,1.21,"N"
"3642",59.02031,89.56617,323.05,0.55,0.68,"2026-07-09",1900,"N20","nominal","2.0NRT",278.09,4.69,"N"
"3643",59.03522,90.54436,297.78,0.51,0.66,"2026-07-09",1900,"N20","nominal","2.0NRT",279.09,1.28,"N"
"3644",59.03542,90.56257,297.02,0.5,0.66,"2026-07-09",1900,"N20","nominal","2.0NRT",280.2,1.34,"N"
"3645",59.03592,90.60776,317.2,0.5,0.66,"2026-07-09",1900,"N20","nominal","2.0NRT",280.97,5.47,"N"
"3646",59.03823,90.83755,315.18,0.49,0.65,"2026-07-09",1900,"N20","nominal","2.0NRT",276.37,2.65,"N"
"3647",59.0299,90.61684,367,0.5,0.66,"2026-07-09",1900,"N20","high","2.0NRT",283.79,11.9,"N"
"3648",59.03215,90.83789,332.35,0.49,0.65,"2026-07-09",1900,"N20","nominal","2.0NRT",278.7,2.65,"N"
"3649",59.01435,89.58618,296.36,0.55,0.68,"2026-07-09",1900,"N20","nominal","2.0NRT",279.63,1.41,"N"
"3650",59.02907,90.54436,297.58,0.51,0.66,"2026-07-09",1900,"N20","nominal","2.0NRT",277.46,1.28,"N"
"3651",59.02918,90.55348,305.2,0.5,0.66,"2026-07-09",1900,"N20","nominal","2.0NRT",280.56,1.28,"N"
"3652",59.02928,90.56268,299.05,0.5,0.66,"2026-07-09",1900,"N20","nominal","2.0NRT",280.36,1.34,"N"
"3653",59.0298,90.60791,313.47,0.5,0.66,"2026-07-09",1900,"N20","nominal","2.0NRT",280.03,5.47,"N"
"3654",59.02367,90.60787,325.71,0.5,0.66,"2026-07-09",1900,"N20","nominal","2.0NRT",280.91,2.57,"N"
"3655",59.02304,90.55343,297.23,0.5,0.66,"2026-07-09",1900,"N20","nominal","2.0NRT",280.14,1.23,"N"
"3656",59.02314,90.56257,298.3,0.5,0.66,"2026-07-09",1900,"N20","nominal","2.0NRT",280.84,1.7,"N"
"3657",59.02325,90.57167,301.33,0.5,0.66,"2026-07-09",1900,"N20","nominal","2.0NRT",281.41,1.7,"N"
"3658",59.02376,90.61677,299.84,0.5,0.66,"2026-07-09",1900,"N20","nominal","2.0NRT",281.55,1.99,"N"
"3659",59.02726,90.96975,307.2,0.49,0.65,"2026-07-09",1900,"N20","nominal","2.0NRT",280.58,2.26,"N"
"3660",59.01712,90.57182,317.53,0.5,0.66,"2026-07-09",1900,"N20","nominal","2.0NRT",282.46,1.7,"N"
"3661",59.01754,90.60786,308.03,0.5,0.66,"2026-07-09",1900,"N20","nominal","2.0NRT",279.3,2.57,"N"
"3662",59.01764,90.61678,298.66,0.5,0.66,"2026-07-09",1900,"N20","nominal","2.0NRT",280.66,1.99,"N"
"3663",59.02113,90.96059,301.23,0.49,0.65,"2026-07-09",1900,"N20","nominal","2.0NRT",279,2.12,"N"
"3664",59.04457,89.60977,299.83,0.55,0.68,"2026-07-09",1900,"N20","nominal","2.0NRT",277.36,1.42,"N"
"3665",59.05613,90.79798,301.64,0.49,0.65,"2026-07-09",1900,"N20","nominal","2.0NRT",278.45,1.21,"N"
"3666",59.03132,89.571,296.33,0.55,0.68,"2026-07-09",1900,"N20","nominal","2.0NRT",277.06,2.84,"N"
"3667",59.04232,90.54872,295.06,0.5,0.66,"2026-07-09",1900,"N20","nominal","2.0NRT",279.66,1.03,"N"
"3668",59.04246,90.56681,301.46,0.5,0.66,"2026-07-09",1900,"N20","nominal","2.0NRT",279.77,1.38,"N"
"3669",59.02499,89.57135,331.05,0.55,0.68,"2026-07-09",1900,"N20","nominal","2.0NRT",280.59,2.84,"N"
"3670",59.03619,90.54868,297.3,0.5,0.66,"2026-07-09",1900,"N20","nominal","2.0NRT",279.88,1.03,"N"
"3671",59.03633,90.56699,298.43,0.5,0.66,"2026-07-09",1900,"N20","nominal","2.0NRT",280.79,1.38,"N"
"3672",59.0366,90.60316,305.89,0.5,0.66,"2026-07-09",1900,"N20","nominal","2.0NRT",278.9,2.01,"N"
"3673",59.03666,90.61204,308.77,0.5,0.66,"2026-07-09",1900,"N20","nominal","2.0NRT",279.35,1.78,"N"
"3674",59.03811,90.84187,319.82,0.49,0.65,"2026-07-09",1900,"N20","nominal","2.0NRT",277.55,1.9,"N"
"3675",59.03054,90.61225,354.85,0.5,0.66,"2026-07-09",1900,"N20","nominal","2.0NRT",281.56,5.6,"N"
"3676",59.03203,90.84234,322.49,0.49,0.65,"2026-07-09",1900,"N20","nominal","2.0NRT",279.66,2.69,"N"
"3677",59.01865,89.57168,296.14,0.55,0.68,"2026-07-09",1900,"N20","nominal","2.0NRT",277.78,1.42,"N"
"3678",59.03005,90.54871,307.57,0.5,0.66,"2026-07-09",1900,"N20","nominal","2.0NRT",278.74,1.28,"N"
"3679",59.0302,90.56706,297.42,0.5,0.66,"2026-07-09",1900,"N20","nominal","2.0NRT",281.15,1.39,"N"
"3680",59.03061,90.62117,318.23,0.5,0.66,"2026-07-09",1900,"N20","nominal","2.0NRT",279.87,5.6,"N"
"3681",59.02391,90.54875,306.45,0.5,0.66,"2026-07-09",1900,"N20","nominal","2.0NRT",277.75,1.28,"N"
"3682",59.02399,90.55791,297.59,0.5,0.66,"2026-07-09",1900,"N20","nominal","2.0NRT",280.16,1.39,"N"
"3683",59.02406,90.56705,301.78,0.5,0.66,"2026-07-09",1900,"N20","nominal","2.0NRT",280.78,1.39,"N"
"3684",59.02441,90.61227,317.48,0.5,0.66,"2026-07-09",1900,"N20","nominal","2.0NRT",281.57,5.6,"N"
"3685",59.02661,90.96491,299.92,0.49,0.65,"2026-07-09",1900,"N20","nominal","2.0NRT",279.47,1.1,"N"
"3686",59.02665,90.97388,301.48,0.49,0.65,"2026-07-09",1900,"N20","nominal","2.0NRT",280.36,1.1,"N"
"3687",59.01828,90.61227,330.04,0.5,0.66,"2026-07-09",1900,"N20","nominal","2.0NRT",281.38,2.27,"N"
"3688",59.01792,90.56715,309.63,0.5,0.66,"2026-07-09",1900,"N20","nominal","2.0NRT",280.21,1.76,"N"
"3689",59.018,90.57634,304.81,0.5,0.66,"2026-07-09",1900,"N20","nominal","2.0NRT",282.05,1.47,"N"
"3690",59.02051,90.95561,298.07,0.49,0.65,"2026-07-09",1900,"N20","nominal","2.0NRT",277.08,0.64,"N"
"3691",59.01179,90.56745,311.09,0.5,0.66,"2026-07-09",1900,"N20","nominal","2.0NRT",280.31,1.76,"N"
"3692",59.01186,90.5766,297.56,0.5,0.66,"2026-07-09",1900,"N20","nominal","2.0NRT",281.07,1.47,"N"
"3693",59.01216,90.61244,305.87,0.5,0.66,"2026-07-09",1900,"N20","nominal","2.0NRT",279.38,2.27,"N"
"3694",59.01223,90.6214,317.74,0.5,0.66,"2026-07-09",1900,"N20","nominal","2.0NRT",281.94,2.27,"N"
"3695",59.00557,90.5584,331.17,0.5,0.66,"2026-07-09",1900,"N20","nominal","2.0NRT",279.76,3.2,"N"
"3696",59.00611,90.62139,343.3,0.5,0.66,"2026-07-09",1900,"N20","nominal","2.0NRT",282.7,24.8,"N"
"3697",59.00618,90.63029,338.94,0.5,0.66,"2026-07-09",1900,"N20","nominal","2.0NRT",282.47,21.58,"N"
"3698",59.00566,90.56765,319.95,0.5,0.66,"2026-07-09",1900,"N20","nominal","2.0NRT",282.75,3.2,"N"
"3699",58.99998,90.6214,367,0.5,0.66,"2026-07-09",1900,"N20","high","2.0NRT",285.41,24.8,"N"
"3700",59.00005,90.63029,343.81,0.5,0.66,"2026-07-09",1900,"N20","nominal","2.0NRT",287.78,21.58,"N"
"3701",58.99952,90.5676,309.69,0.5,0.66,"2026-07-09",1900,"N20","nominal","2.0NRT",281.2,3.2,"N"
"3702",58.06394,107.11513,303.11,0.42,0.38,"2026-07-09",1900,"N20","nominal","2.0NRT",280.21,0.55,"N"
"3703",58.99386,90.62132,367,0.5,0.66,"2026-07-09",1900,"N20","high","2.0NRT",286.52,17.47,"N"
"3704",58.99393,90.63018,340.38,0.5,0.66,"2026-07-09",1900,"N20","nominal","2.0NRT",286.65,41.32,"N"
"3705",58.99378,90.61237,304.16,0.5,0.66,"2026-07-09",1900,"N20","nominal","2.0NRT",279.91,17.47,"N"
"3706",58.99551,90.83468,315.38,0.49,0.65,"2026-07-09",1900,"N20","nominal","2.0NRT",280.56,1.76,"N"
"3707",58.98725,90.56726,298.45,0.5,0.66,"2026-07-09",1900,"N20","nominal","2.0NRT",278.58,1.48,"N"
"3708",58.98773,90.6211,296.96,0.5,0.66,"2026-07-09",1900,"N20","nominal","2.0NRT",279.73,17.47,"N"
"3709",58.96993,90.68416,304.21,0.5,0.66,"2026-07-09",1900,"N20","nominal","2.0NRT",278.13,1.1,"N"
"3710",58.97001,90.69314,298.04,0.5,0.66,"2026-07-09",1900,"N20","nominal","2.0NRT",278.17,1.1,"N"
"3711",58.96382,90.68411,303.16,0.5,0.66,"2026-07-09",1900,"N20","nominal","2.0NRT",278.47,1.1,"N"
"3712",58.09525,106.56167,332.25,0.43,0.38,"2026-07-09",1900,"N20","nominal","2.0NRT",299.4,26.25,"N"
"3713",58.09698,106.54711,308.26,0.44,0.38,"2026-07-09",1900,"N20","nominal","2.0NRT",282.27,0.86,"N"
"3714",58.93677,91.09507,333.35,0.48,0.65,"2026-07-09",1900,"N20","nominal","2.0NRT",279.89,4.3,"N"
"3715",58.93652,91.0599,295.01,0.48,0.65,"2026-07-09",1900,"N20","nominal","2.0NRT",277.89,0.75,"N"
"3716",58.93048,91.06012,298.19,0.48,0.65,"2026-07-09",1900,"N20","nominal","2.0NRT",277.86,0.75,"N"
"3717",58.92238,90.818,296.45,0.49,0.65,"2026-07-09",1900,"N20","nominal","2.0NRT",278.56,1.4,"N"
"3718",58.92452,91.06918,304.11,0.48,0.65,"2026-07-09",1900,"N20","nominal","2.0NRT",278.34,1.37,"N"
"3719",58.94148,91.09668,298.41,0.48,0.65,"2026-07-09",1900,"N20","nominal","2.0NRT",276.86,1.61,"N"
"3720",58.93545,91.09666,326.39,0.48,0.65,"2026-07-09",1900,"N20","nominal","2.0NRT",279.41,1.61,"N"
"3721",58.93533,91.06155,298.8,0.48,0.65,"2026-07-09",1900,"N20","nominal","2.0NRT",278.15,0.86,"N"
"3722",58.9221,90.81963,295.49,0.49,0.65,"2026-07-09",1900,"N20","nominal","2.0NRT",278.3,0.8,"N"
"3723",58.92331,91.07078,305.22,0.48,0.65,"2026-07-09",1900,"N20","nominal","2.0NRT",278.28,2.06,"N"
"3724",58.03896,106.54541,295.91,0.43,0.38,"2026-07-09",1900,"N20","nominal","2.0NRT",281.99,0.38,"N"
"3725",58.90953,90.75798,295.56,0.5,0.65,"2026-07-09",1900,"N20","nominal","2.0NRT",277.71,1.56,"N"
"3726",58.90344,90.75808,296.03,0.5,0.65,"2026-07-09",1900,"N20","nominal","2.0NRT",277.7,0.88,"N"
"3727",58.89728,90.74898,295.44,0.5,0.66,"2026-07-09",1900,"N20","nominal","2.0NRT",277.88,0.88,"N"
"3728",58.89734,90.75799,299.66,0.5,0.65,"2026-07-09",1900,"N20","nominal","2.0NRT",277.89,0.88,"N"
"3729",58.89777,90.82011,296.18,0.49,0.65,"2026-07-09",1900,"N20","nominal","2.0NRT",278.09,0.51,"N"
"3730",58.89805,90.86362,304.81,0.49,0.65,"2026-07-09",1900,"N20","nominal","2.0NRT",278.73,1.63,"N"
"3731",58.89198,90.86364,347.62,0.49,0.65,"2026-07-09",1900,"N20","nominal","2.0NRT",283.16,5.68,"N"
"3732",58.89204,90.87235,331.55,0.49,0.65,"2026-07-09",1900,"N20","nominal","2.0NRT",282.85,3.69,"N"
"3733",58.89125,90.75801,315.1,0.5,0.65,"2026-07-09",1900,"N20","nominal","2.0NRT",280.03,1.5,"N"
"3734",58.89192,90.85492,296.7,0.49,0.65,"2026-07-09",1900,"N20","nominal","2.0NRT",278.02,5.68,"N"
"3735",58.89209,90.8811,302.22,0.49,0.65,"2026-07-09",1900,"N20","nominal","2.0NRT",278.62,3.69,"N"
"3736",58.8859,90.86376,337.52,0.49,0.65,"2026-07-09",1900,"N20","nominal","2.0NRT",282.23,5.68,"N"
"3737",58.88515,90.75804,302.23,0.5,0.65,"2026-07-09",1900,"N20","nominal","2.0NRT",278.16,1.5,"N"
"3738",58.88596,90.87239,319.12,0.49,0.65,"2026-07-09",1900,"N20","nominal","2.0NRT",282.23,3.69,"N"
"3739",58.88602,90.881,312.01,0.49,0.65,"2026-07-09",1900,"N20","nominal","2.0NRT",281.51,3.69,"N"
"3740",58.87983,90.86392,324.26,0.49,0.65,"2026-07-09",1900,"N20","nominal","2.0NRT",280.3,3.6,"N"
"3741",58.87989,90.8726,306.12,0.49,0.65,"2026-07-09",1900,"N20","nominal","2.0NRT",281.69,1.65,"N"
"3742",58.87995,90.88121,295.92,0.49,0.65,"2026-07-09",1900,"N20","nominal","2.0NRT",280.94,1.65,"N"
"3743",58.76001,88.56326,299.49,0.6,0.7,"2026-07-09",1900,"N20","nominal","2.0NRT",278.06,2.89,"N"
"3744",58.75348,88.56376,299.14,0.6,0.7,"2026-07-09",1900,"N20","nominal","2.0NRT",277.72,2.84,"N"
"3745",58.76317,90.13673,296.83,0.52,0.67,"2026-07-09",1900,"N20","nominal","2.0NRT",279.8,1.96,"N"
"3746",57.87706,105.88547,344.83,0.45,0.39,"2026-07-09",1900,"N20","nominal","2.0NRT",292.52,17.81,"N"
"3747",57.87621,105.89278,315.59,0.45,0.39,"2026-07-09",1900,"N20","nominal","2.0NRT",284.66,17.81,"N"
"3748",57.72561,106.03365,326.85,0.44,0.39,"2026-07-09",1900,"N20","nominal","2.0NRT",279.73,2.8,"N"
"3749",57.68362,106.08572,338.75,0.44,0.38,"2026-07-09",1900,"N20","nominal","2.0NRT",290.43,6.1,"N"
"3750",57.68013,106.08427,309.58,0.44,0.38,"2026-07-09",1900,"N20","nominal","2.0NRT",278.91,6.1,"N"
"3751",57.61777,105.68939,309.2,0.45,0.39,"2026-07-09",1900,"N20","nominal","2.0NRT",279.22,1.47,"N"
"3752",57.58819,105.91112,326.65,0.44,0.39,"2026-07-09",1900,"N20","nominal","2.0NRT",281.04,4.91,"N"
"3753",57.58734,105.91843,302.01,0.44,0.39,"2026-07-09",1900,"N20","nominal","2.0NRT",282.07,3.54,"N"
"3754",57.5682,105.92565,341.62,0.44,0.39,"2026-07-09",1900,"N20","nominal","2.0NRT",287.08,9.94,"N"
"3755",57.57333,105.88194,295.39,0.44,0.39,"2026-07-09",1900,"N20","nominal","2.0NRT",280.39,0.62,"N"
"3756",57.56983,105.88048,327,0.44,0.39,"2026-07-09",1900,"N20","nominal","2.0NRT",285.37,8.13,"N"
"3757",57.5647,105.92426,341.06,0.44,0.39,"2026-07-09",1900,"N20","nominal","2.0NRT",288.29,10.82,"N"
"3758",58.24258,86.21227,302.13,0.72,0.76,"2026-07-09",1900,"N20","nominal","2.0NRT",277.32,2.6,"N"
"3759",58.24313,86.22508,318.61,0.72,0.76,"2026-07-09",1900,"N20","nominal","2.0NRT",278.78,2.6,"N"
"3760",58.235,86.2007,309.41,0.73,0.76,"2026-07-09",1900,"N20","nominal","2.0NRT",278.24,1.49,"N"
"3761",57.53841,105.86733,327.81,0.44,0.39,"2026-07-09",1900,"N20","nominal","2.0NRT",282.92,6.92,"N"
"3762",58.22741,86.18912,296.5,0.73,0.76,"2026-07-09",1900,"N20","nominal","2.0NRT",278.13,1.49,"N"
"3763",58.22796,86.20195,295.03,0.73,0.76,"2026-07-09",1900,"N20","nominal","2.0NRT",278.73,1.49,"N"
"3764",57.53492,105.86587,310.81,0.44,0.39,"2026-07-09",1900,"N20","nominal","2.0NRT",279.11,1.83,"N"
"3765",57.35501,107.02676,297.35,0.42,0.38,"2026-07-09",1900,"N20","nominal","2.0NRT",277.33,0.75,"N"
"3766",57.3562,107.0285,297.78,0.42,0.38,"2026-07-09",1900,"N20","nominal","2.0NRT",277.39,0.56,"N"
"3767",58.23124,86.19964,312.94,0.73,0.76,"2026-07-09",1900,"N20","nominal","2.0NRT",279.42,4.37,"N"
"3768",58.15763,95.13805,304.14,0.34,0.56,"2026-07-09",1900,"N20","nominal","2.0NRT",278.66,1.33,"N"
"3769",58.15242,95.1377,318.41,0.34,0.56,"2026-07-09",1900,"N20","nominal","2.0NRT",279.15,1.33,"N"
"3770",58.15732,95.1386,313.45,0.34,0.56,"2026-07-09",1900,"N20","nominal","2.0NRT",279.02,1.01,"N"
"3771",58.15211,95.13829,306.27,0.34,0.56,"2026-07-09",1900,"N20","nominal","2.0NRT",278.22,1.01,"N"
"3772",56.86014,105.99195,326.92,0.43,0.38,"2026-07-09",1902,"N20","nominal","2.0NRT",281.14,5.8,"N"
"3773",56.8593,105.99895,320.37,0.43,0.38,"2026-07-09",1902,"N20","nominal","2.0NRT",284.11,5.8,"N"
"3774",57.55198,85.98472,306.46,0.74,0.76,"2026-07-09",1902,"N20","nominal","2.0NRT",281.68,3.56,"N"
"3775",56.82842,106.01488,322.52,0.43,0.38,"2026-07-09",1902,"N20","nominal","2.0NRT",282.87,2.08,"N"
"3776",56.82808,106.01492,315.95,0.43,0.38,"2026-07-09",1902,"N20","nominal","2.0NRT",282.57,1.77,"N"
"3777",57.54947,85.99059,303.93,0.74,0.76,"2026-07-09",1902,"N20","nominal","2.0NRT",281.11,2.45,"N"
"3778",56.88121,85.77873,306.65,0.76,0.77,"2026-07-09",1902,"N20","nominal","2.0NRT",277.77,1.21,"N"
"3779",56.87988,85.78744,299.54,0.76,0.77,"2026-07-09",1902,"N20","nominal","2.0NRT",277.61,0.9,"N"
"3780",56.23127,90.40918,322.43,0.51,0.66,"2026-07-09",1902,"N20","nominal","2.0NRT",286.76,4.64,"N"
"3781",55.15857,107.03812,323.85,0.4,0.37,"2026-07-09",1902,"N20","nominal","2.0NRT",285.56,13.07,"N"
"3782",55.17472,106.92004,297.91,0.4,0.37,"2026-07-09",1902,"N20","nominal","2.0NRT",281.1,5.76,"N"
"3783",55.17141,106.91859,327.25,0.4,0.37,"2026-07-09",1902,"N20","nominal","2.0NRT",284.44,5.76,"N"
"3784",56.23195,90.40588,308.79,0.51,0.66,"2026-07-09",1902,"N20","nominal","2.0NRT",282.46,2.04,"N"
"3785",56.23197,90.4143,306.58,0.51,0.66,"2026-07-09",1902,"N20","nominal","2.0NRT",287.12,3.38,"N"
"3786",56.2258,90.40604,300.45,0.51,0.66,"2026-07-09",1902,"N20","nominal","2.0NRT",282.47,2.04,"N"
"3787",55.15845,106.54266,330.13,0.41,0.37,"2026-07-09",1902,"N20","nominal","2.0NRT",285.58,17.03,"N"
"3788",55.3044,85.58228,295.14,0.78,0.78,"2026-07-09",1902,"N20","nominal","2.0NRT",279.09,2.84,"N"
"3789",55.30371,85.58743,305.66,0.78,0.78,"2026-07-09",1902,"N20","nominal","2.0NRT",281.24,2.48,"N"
"3790",54.30056,86.13422,311.99,0.75,0.77,"2026-07-09",1902,"N20","nominal","2.0NRT",287.16,4.93,"N"
"3791",54.30104,86.14717,303.47,0.75,0.77,"2026-07-09",1902,"N20","nominal","2.0NRT",286.19,4.39,"N"
"3792",54.28677,86.14753,320.8,0.75,0.77,"2026-07-09",1902,"N20","nominal","2.0NRT",287.78,6.55,"N"
"3793",54.27298,86.16064,325.55,0.74,0.76,"2026-07-09",1902,"N20","nominal","2.0NRT",284.83,9.03,"N"
"3794",54.26632,86.17304,305.77,0.74,0.76,"2026-07-09",1902,"N20","nominal","2.0NRT",284.59,10.94,"N"
"3795",54.3047,86.12749,303.93,0.75,0.77,"2026-07-09",1902,"N20","nominal","2.0NRT",284.25,2.79,"N"
"3796",54.30508,86.13871,309.36,0.75,0.77,"2026-07-09",1902,"N20","nominal","2.0NRT",285.66,4.09,"N"
"3797",54.29123,86.15154,306.52,0.74,0.76,"2026-07-09",1902,"N20","nominal","2.0NRT",286.7,4.95,"N"
"3798",54.2841,86.15186,314.1,0.74,0.76,"2026-07-09",1902,"N20","nominal","2.0NRT",287.12,5.96,"N"
"3799",54.27028,86.16514,325.31,0.74,0.76,"2026-07-09",1902,"N20","nominal","2.0NRT",284.47,2.85,"N"
"3800",54.27065,86.17594,302.84,0.74,0.76,"2026-07-09",1902,"N20","nominal","2.0NRT",285.21,2.85,"N"
"3801",54.26363,86.17905,295.07,0.74,0.76,"2026-07-09",1902,"N20","nominal","2.0NRT",284.51,2.85,"N"
"3802",53.95654,86.64526,297.02,0.71,0.75,"2026-07-09",1902,"N20","nominal","2.0NRT",284.4,0.79,"N"
"3803",53.89105,87.2549,296.18,0.67,0.74,"2026-07-09",1902,"N20","nominal","2.0NRT",284.56,3.11,"N"
"3804",53.79057,87.10256,299.37,0.68,0.74,"2026-07-09",1902,"N20","nominal","2.0NRT",282.88,1.07,"N"
"3805",53.79129,87.09933,295.72,0.68,0.74,"2026-07-09",1902,"N20","nominal","2.0NRT",281.81,0.97,"N"
"3806",53.75357,91.10481,295.2,0.47,0.64,"2026-07-09",1902,"N20","nominal","2.0NRT",283.55,0.8,"N"
"3807",53.74763,91.10476,300.51,0.47,0.64,"2026-07-09",1902,"N20","nominal","2.0NRT",284.21,1.32,"N"
"3808",53.75056,91.10443,302.26,0.47,0.64,"2026-07-09",1902,"N20","nominal","2.0NRT",284.2,1.77,"N"
"3809",53.70902,91.09703,307.82,0.47,0.64,"2026-07-09",1902,"N20","nominal","2.0NRT",283.63,1.29,"N"
"3810",53.70897,91.104,298.32,0.47,0.64,"2026-07-09",1902,"N20","nominal","2.0NRT",284.86,1.29,"N"
"3811",53.70302,91.10386,304.27,0.47,0.64,"2026-07-09",1902,"N20","nominal","2.0NRT",285.29,2.09,"N"
"3812",53.70291,91.11787,297.72,0.47,0.64,"2026-07-09",1902,"N20","nominal","2.0NRT",284.26,2.38,"N"
"3813",53.6968,91.1386,295.28,0.47,0.64,"2026-07-09",1902,"N20","nominal","2.0NRT",282.21,0.54,"N"
"3814",51.99453,106.59269,298.99,0.39,0.36,"2026-07-09",1902,"N20","nominal","2.0NRT",285.27,0.78,"N"
"3815",51.99125,106.59143,299.01,0.39,0.36,"2026-07-09",1902,"N20","nominal","2.0NRT",285.15,0.78,"N"
"3816",46.97608,122.31326,302.16,0.48,0.65,"2026-07-09",1902,"N20","nominal","2.0NRT",284.97,0.8,"N"
"3817",46.97593,122.31794,298.51,0.48,0.65,"2026-07-09",1902,"N20","nominal","2.0NRT",284.59,0.79,"N"
"3818",45.74836,124.24468,301.16,0.64,0.72,"2026-07-09",1902,"N20","nominal","2.0NRT",283.83,0.79,"N"
"3819",45.7424,124.24036,332.39,0.64,0.72,"2026-07-09",1902,"N20","nominal","2.0NRT",283.93,3.82,"N"
"3820",45.74319,124.24256,338.05,0.64,0.72,"2026-07-09",1902,"N20","nominal","2.0NRT",284.27,5.42,"N"
"3821",46.49206,114.02737,297.96,0.43,0.46,"2026-07-09",1904,"N20","nominal","2.0NRT",285.55,0.59,"N"
"3822",46.39034,113.99911,314.93,0.43,0.46,"2026-07-09",1904,"N20","nominal","2.0NRT",286.1,1.9,"N"
"3823",46.3891,114.00439,318.84,0.43,0.46,"2026-07-09",1904,"N20","nominal","2.0NRT",287.64,2.86,"N"
"3824",46.38358,113.98983,301.6,0.43,0.46,"2026-07-09",1904,"N20","nominal","2.0NRT",285.96,0.89,"N"
"3825",46.38234,113.99512,299.1,0.43,0.46,"2026-07-09",1904,"N20","nominal","2.0NRT",285.55,0.89,"N"
"3826",45.75574,115.72563,323.08,0.53,0.5,"2026-07-09",1904,"N20","nominal","2.0NRT",288.3,2.47,"N"
"3827",45.75748,115.71891,299.33,0.53,0.5,"2026-07-09",1904,"N20","nominal","2.0NRT",285.51,2.47,"N"
"3828",45.75136,115.7234,320.94,0.53,0.5,"2026-07-09",1904,"N20","nominal","2.0NRT",287.09,2.47,"N"
"3829",45.75742,115.7207,314.57,0.53,0.5,"2026-07-09",1904,"N20","nominal","2.0NRT",285.45,2.46,"N"
"3830",45.75571,115.72745,311.66,0.53,0.5,"2026-07-09",1904,"N20","nominal","2.0NRT",286.8,3.09,"N"
"3831",45.75132,115.7252,319.09,0.53,0.5,"2026-07-09",1904,"N20","nominal","2.0NRT",287.41,3.92,"N"
"3832",47.33378,107.47184,296.21,0.39,0.36,"2026-07-09",1904,"N20","nominal","2.0NRT",284.41,0.25,"N"
"3833",45.93638,108.95101,301.74,0.43,0.38,"2026-07-09",1904,"N20","nominal","2.0NRT",289.23,0.78,"N"
"3834",43.54892,118.05148,299.06,0.39,0.6,"2026-07-09",1904,"N20","nominal","2.0NRT",286.39,0.89,"N"
"3835",40.67419,122.38478,300.37,0.77,0.78,"2026-07-09",1904,"N20","nominal","2.0NRT",282.63,1.48,"N"
"3836",40.676,122.3861,300.09,0.77,0.78,"2026-07-09",1904,"N20","nominal","2.0NRT",282.43,2.08,"N"
"3837",40.67025,122.40298,299.32,0.78,0.78,"2026-07-09",1904,"N20","nominal","2.0NRT",285.18,1.66,"N"
"3838",41.28426,119.41383,301.58,0.54,0.67,"2026-07-09",1904,"N20","nominal","2.0NRT",282.53,1.82,"N"
"3839",40.7869,118.26035,300.75,0.49,0.65,"2026-07-09",1904,"N20","nominal","2.0NRT",286.14,0.69,"N"
"3840",44.85089,90.93211,320.3,0.43,0.62,"2026-07-09",1904,"N20","nominal","2.0NRT",285.44,3.41,"N"
"3841",44.85072,90.93752,329.09,0.43,0.62,"2026-07-09",1904,"N20","nominal","2.0NRT",286.89,3.41,"N"
"3842",44.84444,90.95338,301.36,0.43,0.62,"2026-07-09",1904,"N20","nominal","2.0NRT",285.65,0.84,"N"
"3843",44.84426,90.95884,301.78,0.43,0.62,"2026-07-09",1904,"N20","nominal","2.0NRT",286.32,0.84,"N"
"3844",44.33587,93.27003,296.82,0.32,0.55,"2026-07-09",1904,"N20","nominal","2.0NRT",271.64,0.78,"N"
"3845",44.33033,93.27779,301.5,0.32,0.55,"2026-07-09",1904,"N20","nominal","2.0NRT",276.79,0.83,"N"
"3846",44.45695,86.07008,296.02,0.74,0.76,"2026-07-09",1904,"N20","nominal","2.0NRT",279.21,1.59,"N"
"3847",44.45704,86.07969,300.06,0.74,0.76,"2026-07-09",1904,"N20","nominal","2.0NRT",282.82,2.58,"N"
"3848",44.4607,86.1001,301.42,0.74,0.76,"2026-07-09",1904,"N20","nominal","2.0NRT",285.47,2.11,"N"
"3849",44.45346,86.07137,300.89,0.74,0.76,"2026-07-09",1904,"N20","nominal","2.0NRT",283.99,2.76,"N"
"3850",44.37495,86.03403,303.02,0.75,0.77,"2026-07-09",1904,"N20","nominal","2.0NRT",276.44,2.04,"N"
"3851",44.37503,86.0437,295.42,0.75,0.77,"2026-07-09",1904,"N20","nominal","2.0NRT",277.22,2.04,"N"
"3852",44.20739,85.96931,304.91,0.75,0.77,"2026-07-09",1904,"N20","nominal","2.0NRT",285.36,2.34,"N"
"3853",44.20423,85.96266,304.12,0.75,0.77,"2026-07-09",1904,"N20","nominal","2.0NRT",284.86,2.42,"N"
"3854",40.14336,115.26579,298.84,0.36,0.57,"2026-07-09",1904,"N20","nominal","2.0NRT",275.58,0.6,"N"
"3855",42.99008,90.12678,304.16,0.46,0.63,"2026-07-09",1904,"N20","nominal","2.0NRT",291,2.21,"N"
"3856",38.57185,114.94672,306.63,0.38,0.59,"2026-07-09",1906,"N20","nominal","2.0NRT",288.49,1.86,"N"
"3857",38.56672,114.94444,308.68,0.38,0.59,"2026-07-09",1906,"N20","nominal","2.0NRT",289.75,1.86,"N"
"3858",41.82346,88.87167,300.84,0.52,0.67,"2026-07-09",1906,"N20","nominal","2.0NRT",286.51,1.07,"N"
"3859",41.82286,88.89679,309.56,0.52,0.67,"2026-07-09",1906,"N20","nominal","2.0NRT",287.58,2.74,"N"
"3860",41.82272,88.90297,305.18,0.52,0.67,"2026-07-09",1906,"N20","nominal","2.0NRT",287.85,2.2,"N"
"3861",41.82499,88.87258,299.16,0.52,0.67,"2026-07-09",1906,"N20","nominal","2.0NRT",286.3,1.27,"N"
"3862",41.82427,88.89766,309.56,0.52,0.67,"2026-07-09",1906,"N20","nominal","2.0NRT",288.19,1.94,"N"
"3863",41.82409,88.90381,302.7,0.52,0.67,"2026-07-09",1906,"N20","nominal","2.0NRT",288.06,1.94,"N"
"3864",41.79916,85.3902,303.39,0.79,0.78,"2026-07-09",1906,"N20","nominal","2.0NRT",286.17,3.26,"N"
"3865",38.13897,114.31268,304.44,0.36,0.58,"2026-07-09",1906,"N20","nominal","2.0NRT",286.41,0.82,"N"
"3866",37.91911,112.54836,307.98,0.59,0.53,"2026-07-09",1906,"N20","nominal","2.0NRT",281.27,3.58,"N"
"3867",37.57718,112.26566,312.04,0.59,0.53,"2026-07-09",1906,"N20","nominal","2.0NRT",288.14,3.5,"N"
"3868",37.57415,112.2366,300.73,0.58,0.52,"2026-07-09",1906,"N20","nominal","2.0NRT",285.57,2.02,"N"
"3869",37.57259,112.24297,302.45,0.58,0.52,"2026-07-09",1906,"N20","nominal","2.0NRT",286.28,2.54,"N"
"3870",37.56947,112.2557,302.28,0.59,0.53,"2026-07-09",1906,"N20","nominal","2.0NRT",286.97,2.35,"N"
"3871",36.48361,116.34403,307.75,0.51,0.66,"2026-07-09",1906,"N20","nominal","2.0NRT",291.91,3.58,"N"
"3872",37.56172,112.26663,305.26,0.59,0.53,"2026-07-09",1906,"N20","nominal","2.0NRT",287.79,1.91,"N"
"3873",37.57893,112.17575,306.89,0.58,0.52,"2026-07-09",1906,"N20","nominal","2.0NRT",285.31,2.34,"N"
"3874",62.18633,136.48274,339.64,0.37,0.58,"2026-07-09",1858,"N20","nominal","2.0NRT",289.66,5.84,"D"
"3875",62.17825,136.46759,356.35,0.37,0.58,"2026-07-09",1858,"N20","low","2.0NRT",289.75,5.5,"D"
"3876",62.17421,136.46004,341.12,0.37,0.58,"2026-07-09",1858,"N20","nominal","2.0NRT",289.5,5.5,"D"
"3877",62.15784,136.44868,342.19,0.37,0.58,"2026-07-09",1858,"N20","nominal","2.0NRT",291.31,7.39,"D"
"3878",62.07779,136.51434,326.11,0.37,0.58,"2026-07-09",1858,"N20","nominal","2.0NRT",287.85,2.9,"D"
"3879",62.07365,136.50694,334.75,0.37,0.58,"2026-07-09",1858,"N20","nominal","2.0NRT",288.07,2.9,"D"
"3880",62.07453,136.51021,337.36,0.37,0.58,"2026-07-09",1858,"N20","nominal","2.0NRT",287.8,3.92,"D"
"3881",62.0725,136.49719,335.92,0.37,0.58,"2026-07-09",1858,"N20","nominal","2.0NRT",288.61,7.39,"D"
"3882",67.54978,83.18544,326.15,0.78,0.78,"2026-07-09",1858,"N20","nominal","2.0NRT",253.02,5.64,"N"
"3883",67.55109,83.20452,329.04,0.78,0.78,"2026-07-09",1858,"N20","nominal","2.0NRT",254.75,5.64,"N"
"3884",62.44545,113.66042,328.6,0.39,0.36,"2026-07-09",1858,"N20","nominal","2.0NRT",255.67,3.96,"N"
"3885",62.3513,113.76946,322.19,0.38,0.36,"2026-07-09",1858,"N20","nominal","2.0NRT",248.54,1.71,"N"
"3886",62.35611,113.69342,332.31,0.39,0.36,"2026-07-09",1858,"N20","nominal","2.0NRT",247.81,6.72,"N"
"3887",63.05659,85.64722,301.38,0.72,0.76,"2026-07-09",1900,"N20","nominal","2.0NRT",279.42,2.36,"N"
"3888",61.54338,113.16875,326.19,0.38,0.36,"2026-07-09",1900,"N20","nominal","2.0NRT",259.67,1.69,"N"
"3889",61.5402,113.16658,304.64,0.38,0.36,"2026-07-09",1900,"N20","nominal","2.0NRT",259.94,1.69,"N"
"3890",62.83628,87.63291,296.93,0.63,0.72,"2026-07-09",1900,"N20","nominal","2.0NRT",277.95,2.34,"N"
"3891",62.33666,91.00117,296.4,0.49,0.65,"2026-07-09",1900,"N20","nominal","2.0NRT",279.5,0.64,"N"
"3892",62.33636,91.00192,297.27,0.49,0.65,"2026-07-09",1900,"N20","nominal","2.0NRT",279.48,0.88,"N"
"3893",58.21115,86.19946,296.92,0.38,0.36,"2026-07-09",2042,"N20","nominal","2.0NRT",279.48,0.53,"N"
"3894",58.20795,86.19761,295.81,0.38,0.36,"2026-07-09",2042,"N20","nominal","2.0NRT",280.88,0.53,"N"
"3895",58.20285,86.22926,316.99,0.38,0.36,"2026-07-09",2042,"N20","nominal","2.0NRT",282.18,2.18,"N"
"3896",58.2017,86.21475,296.22,0.38,0.36,"2026-07-09",2042,"N20","nominal","2.0NRT",280.18,0.7,"N"
"3897",58.19966,86.22742,299.72,0.38,0.36,"2026-07-09",2042,"N20","nominal","2.0NRT",279.91,1.5,"N"
"3898",58.19952,86.20657,299.94,0.38,0.36,"2026-07-09",2042,"N20","nominal","2.0NRT",281.07,0.7,"N"
"3899",38.84101,63.81776,305.2,0.48,0.65,"2026-07-09",2046,"N20","nominal","2.0NRT",294.71,1.51,"N"
"3900",15.33314,76.28649,312.31,0.39,0.44,"2026-07-09",2053,"N20","nominal","2.0NRT",289.45,1.43,"N"
"3901",58.19851,86.21291,297.06,0.38,0.36,"2026-07-09",2042,"N20","nominal","2.0NRT",281.02,0.7,"N"
"3902",58.19836,86.19207,295.69,0.38,0.36,"2026-07-09",2042,"N20","nominal","2.0NRT",280.69,0.65,"N"
"3903",15.17426,77.10093,302.78,0.44,0.46,"2026-07-09",2053,"N20","nominal","2.0NRT",289.55,1.7,"N"
"3904",38.68338,65.98489,316.78,0.36,0.58,"2026-07-09",2046,"N20","nominal","2.0NRT",295.68,2.2,"N"
"3905",58.19735,86.1984,297.31,0.38,0.36,"2026-07-09",2042,"N20","nominal","2.0NRT",280.63,0.65,"N"
"3906",15.17496,76.78681,305.63,0.42,0.45,"2026-07-09",2053,"N20","nominal","2.0NRT",290.9,1.17,"N"
"3907",38.45617,65.80016,305.79,0.37,0.58,"2026-07-09",2046,"N20","nominal","2.0NRT",295.43,0.88,"N"
"3908",58.19633,86.20473,297.14,0.38,0.36,"2026-07-09",2042,"N20","nominal","2.0NRT",281.07,1.11,"N"
"3909",58.19415,86.19655,296.12,0.38,0.36,"2026-07-09",2042,"N20","nominal","2.0NRT",280.67,0.65,"N"
"3910",38.45893,65.80293,306.79,0.37,0.58,"2026-07-09",2046,"N20","nominal","2.0NRT",296.23,0.63,"N"
"3911",15.65962,73.98908,302.77,0.44,0.38,"2026-07-09",2053,"N20","nominal","2.0NRT",279.99,0.71,"N"
"3912",58.68708,82.56857,304.74,0.41,0.37,"2026-07-09",2042,"N20","nominal","2.0NRT",281.24,1.97,"N"
"3913",38.45355,65.80251,306.36,0.37,0.58,"2026-07-09",2046,"N20","nominal","2.0NRT",295.63,0.63,"N"
"3914",15.18422,76.66597,320.28,0.41,0.45,"2026-07-09",2053,"N20","nominal","2.0NRT",290.33,2.02,"N"
"3915",58.64037,82.49564,311.28,0.42,0.37,"2026-07-09",2042,"N20","nominal","2.0NRT",275.46,1.28,"N"
"3916",38.05365,67.26609,338.79,0.61,0.54,"2026-07-09",2046,"N20","nominal","2.0NRT",298.44,13.86,"N"
"3917",15.3557,75.69141,310.82,0.54,0.42,"2026-07-09",2053,"N20","nominal","2.0NRT",288.59,1.69,"N"
"3918",58.637,82.49406,315.76,0.42,0.37,"2026-07-09",2042,"N20","nominal","2.0NRT",274.36,1.66,"N"
"3919",38.05222,67.26569,339.59,0.61,0.54,"2026-07-09",2046,"N20","nominal","2.0NRT",298.78,21.53,"N"
"3920",15.1836,76.64621,307.74,0.41,0.45,"2026-07-09",2053,"N20","nominal","2.0NRT",290.21,1.72,"N"
"3921",58.18186,85.63748,302.74,0.38,0.36,"2026-07-09",2042,"N20","nominal","2.0NRT",278.28,1.75,"N"
"3922",37.80035,62.55132,307.22,0.55,0.68,"2026-07-09",2046,"N20","nominal","2.0NRT",296.37,1.79,"N"
"3923",15.18014,76.66515,306.62,0.41,0.45,"2026-07-09",2053,"N20","nominal","2.0NRT",291.22,2.02,"N"
"3924",58.18064,85.62298,305.27,0.38,0.36,"2026-07-09",2042,"N20","nominal","2.0NRT",280.12,1.19,"N"
"3925",37.62781,61.78433,312.65,0.61,0.71,"2026-07-09",2046,"N20","nominal","2.0NRT",297.13,3.48,"N"
"3926",58.17964,85.62933,304,0.38,0.36,"2026-07-09",2042,"N20","nominal","2.0NRT",278.65,1.19,"N"
"3927",37.5944,61.52413,307.43,0.63,0.72,"2026-07-09",2046,"N20","nominal","2.0NRT",295.04,1.96,"N"
"3928",15.17806,76.67653,309.42,0.41,0.45,"2026-07-09",2053,"N20","nominal","2.0NRT",291.59,2.02,"N"
"3929",37.59758,61.52603,309.89,0.63,0.72,"2026-07-09",2046,"N20","nominal","2.0NRT",295.45,1.53,"N"
"3930",58.17842,85.61483,298.06,0.38,0.36,"2026-07-09",2042,"N20","nominal","2.0NRT",278.17,0.72,"N"
"3931",15.1753,76.69167,306.97,0.42,0.45,"2026-07-09",2053,"N20","nominal","2.0NRT",290.53,0.77,"N"
"3932",37.29162,60.32502,304.47,0.73,0.76,"2026-07-09",2046,"N20","nominal","2.0NRT",292.41,0.91,"N"
"3933",58.17445,85.64024,295.41,0.38,0.36,"2026-07-09",2042,"N20","nominal","2.0NRT",278.89,0.9,"N"
"3934",15.17745,76.65674,324.11,0.41,0.45,"2026-07-09",2053,"N20","nominal","2.0NRT",292.15,2.46,"N"
"3935",37.29411,60.3256,305.32,0.73,0.76,"2026-07-09",2046,"N20","nominal","2.0NRT",293.15,1.41,"N"
"3936",58.13908,85.71008,310.25,0.38,0.36,"2026-07-09",2042,"N20","nominal","2.0NRT",278.35,1.38,"N"
"3937",15.17814,76.65295,303.19,0.41,0.45,"2026-07-09",2053,"N20","nominal","2.0NRT",290.5,0.93,"N"
"3938",37.11777,62.3581,329.52,0.56,0.69,"2026-07-09",2046,"N20","nominal","2.0NRT",296.63,6.27,"N"
"3939",58.13465,85.69382,295.91,0.38,0.36,"2026-07-09",2042,"N20","nominal","2.0NRT",279.38,1.27,"N"
"3940",15.17337,76.65591,314.55,0.41,0.45,"2026-07-09",2053,"N20","nominal","2.0NRT",290.23,2.46,"N"
"3941",37.12257,62.35608,306.26,0.56,0.69,"2026-07-09",2046,"N20","nominal","2.0NRT",295.43,2.31,"N"
"3942",58.51211,82.79782,329.8,0.41,0.37,"2026-07-09",2042,"N20","nominal","2.0NRT",283.53,5.15,"N"
"3943",37.12234,62.36253,309.64,0.56,0.69,"2026-07-09",2046,"N20","nominal","2.0NRT",296.36,2.31,"N"
"3944",15.1706,76.67105,303.66,0.41,0.45,"2026-07-09",2053,"N20","nominal","2.0NRT",290.78,0.96,"N"
"3945",58.51391,82.78397,297.26,0.41,0.37,"2026-07-09",2042,"N20","nominal","2.0NRT",280.03,1.61,"N"
"3946",37.11596,62.3622,320.71,0.56,0.69,"2026-07-09",2046,"N20","nominal","2.0NRT",297.27,2.31,"N"
"3947",15.13836,76.70809,303.88,0.42,0.45,"2026-07-09",2053,"N20","nominal","2.0NRT",290.92,0.56,"N"
"3948",58.51301,82.79089,318.67,0.41,0.37,"2026-07-09",2042,"N20","nominal","2.0NRT",283.19,1.61,"N"
"3949",37.03756,62.41551,311.83,0.56,0.69,"2026-07-09",2046,"N20","nominal","2.0NRT",297.42,4.75,"N"
"3950",15.06844,76.8669,303.51,0.43,0.46,"2026-07-09",2053,"N20","nominal","2.0NRT",290.91,1.16,"N"
"3951",58.50966,82.78929,300.24,0.41,0.37,"2026-07-09",2042,"N20","nominal","2.0NRT",281.2,1.61,"N"
"3952",37.0312,62.41513,308.87,0.56,0.69,"2026-07-09",2046,"N20","nominal","2.0NRT",296.72,3.6,"N"
"3953",59.41444,71.63309,338.64,0.59,0.53,"2026-07-09",2042,"N20","nominal","2.0NRT",279.63,10.43,"N"
"3954",37.03531,62.41418,325.78,0.56,0.69,"2026-07-09",2046,"N20","nominal","2.0NRT",297.4,8.54,"N"
"3955",59.19961,71.371,307.24,0.61,0.53,"2026-07-09",2042,"N20","nominal","2.0NRT",261.65,1.31,"N"
"3956",35.96763,68.68742,311.28,0.49,0.48,"2026-07-09",2046,"N20","nominal","2.0NRT",296.58,2.88,"N"
"3957",57.56992,86.00593,304.22,0.38,0.36,"2026-07-09",2042,"N20","nominal","2.0NRT",278.26,0.6,"N"
"3958",35.73405,63.14542,307.86,0.5,0.66,"2026-07-09",2046,"N20","nominal","2.0NRT",292.37,1.68,"N"
"3959",57.56486,86.03705,308.57,0.38,0.36,"2026-07-09",2042,"N20","nominal","2.0NRT",280.11,0.81,"N"
"3960",35.73294,63.14349,310.77,0.5,0.66,"2026-07-09",2046,"N20","nominal","2.0NRT",291.86,0.79,"N"
"3961",57.56384,86.04328,296.12,0.38,0.36,"2026-07-09",2042,"N20","nominal","2.0NRT",279.72,0.81,"N"
"3962",34.56644,71.77602,304.45,0.49,0.4,"2026-07-09",2046,"N20","nominal","2.0NRT",291.5,1.86,"N"
"3963",57.56672,86.00412,301.09,0.38,0.36,"2026-07-09",2042,"N20","nominal","2.0NRT",279.94,0.94,"N"
"3964",35.35828,60.21257,302.56,0.73,0.76,"2026-07-09",2046,"N20","nominal","2.0NRT",291.11,1.05,"N"
"3965",57.56166,86.03525,295.98,0.38,0.36,"2026-07-09",2042,"N20","nominal","2.0NRT",280.33,0.95,"N"
"3966",34.21287,72.91829,304.85,0.44,0.38,"2026-07-09",2049,"N20","nominal","2.0NRT",291.7,2.46,"N"
"3967",57.56065,86.04147,298.82,0.38,0.36,"2026-07-09",2042,"N20","nominal","2.0NRT",279.83,0.95,"N"
"3968",34.2087,72.92266,305.94,0.44,0.38,"2026-07-09",2049,"N20","nominal","2.0NRT",291.04,1.33,"N"
"3969",57.56133,85.99429,296.13,0.38,0.36,"2026-07-09",2042,"N20","nominal","2.0NRT",280.63,0.93,"N"
"3970",33.68816,72.71372,313.03,0.44,0.38,"2026-07-09",2049,"N20","nominal","2.0NRT",295.44,4.47,"N"
"3971",57.55813,85.9925,302.09,0.38,0.36,"2026-07-09",2042,"N20","nominal","2.0NRT",282.01,0.93,"N"
"3972",33.26064,70.68491,316.59,0.53,0.42,"2026-07-09",2049,"N20","nominal","2.0NRT",294.54,2.55,"N"
"3973",57.55594,85.98447,295.94,0.38,0.36,"2026-07-09",2042,"N20","nominal","2.0NRT",280.53,1.22,"N"
"3974",33.25996,70.6909,317.01,0.53,0.42,"2026-07-09",2049,"N20","nominal","2.0NRT",294.45,2.55,"N"
"3975",57.55493,85.9907,311.73,0.38,0.36,"2026-07-09",2042,"N20","nominal","2.0NRT",283.82,2.2,"N"
"3976",32.72135,72.92255,307.82,0.43,0.38,"2026-07-09",2049,"N20","nominal","2.0NRT",295.46,2.45,"N"
"3977",57.55072,85.99512,331.59,0.38,0.36,"2026-07-09",2042,"N20","nominal","2.0NRT",283.05,2.2,"N"
"3978",32.29481,74.31499,307.19,0.39,0.36,"2026-07-09",2049,"N20","nominal","2.0NRT",295.14,0.71,"N"
"3979",57.55275,85.98267,319.95,0.38,0.36,"2026-07-09",2042,"N20","nominal","2.0NRT",281.59,1.22,"N"
"3980",29.87508,74.6829,307.78,0.38,0.36,"2026-07-09",2049,"N20","nominal","2.0NRT",292.67,1.22,"N"
"3981",57.55173,85.9889,316.07,0.38,0.36,"2026-07-09",2042,"N20","nominal","2.0NRT",284,2.2,"N"
"3982",29.4763,60.80524,303.34,0.61,0.71,"2026-07-09",2049,"N20","nominal","2.0NRT",293.32,0.89,"N"
"3983",57.54971,86.00134,307.66,0.38,0.36,"2026-07-09",2042,"N20","nominal","2.0NRT",280.48,2.05,"N"
"3984",27.66796,76.12939,310.94,0.41,0.37,"2026-07-09",2049,"N20","nominal","2.0NRT",291.61,1.62,"N"
"3985",57.54954,85.98088,300,0.38,0.36,"2026-07-09",2042,"N20","nominal","2.0NRT",280.84,0.78,"N"
"3986",28.42536,69.7013,312.8,0.52,0.42,"2026-07-09",2049,"N20","nominal","2.0NRT",298.31,1.65,"N"
"3987",57.54853,85.9871,316.26,0.38,0.36,"2026-07-09",2042,"N20","nominal","2.0NRT",283.4,1.28,"N"
"3988",27.91014,67.70045,311.64,0.44,0.46,"2026-07-09",2049,"N20","nominal","2.0NRT",290.18,0.6,"N"
"3989",57.54752,85.99332,307.67,0.38,0.36,"2026-07-09",2042,"N20","nominal","2.0NRT",281.87,1.28,"N"
"3990",26.87821,73.51626,300.8,0.39,0.36,"2026-07-09",2049,"N20","nominal","2.0NRT",280.26,1,"N"
"3991",57.54432,85.99153,301.23,0.38,0.36,"2026-07-09",2042,"N20","nominal","2.0NRT",281.55,1.28,"N"
"3992",27.35706,67.85757,308.96,0.43,0.46,"2026-07-09",2049,"N20","nominal","2.0NRT",297.37,0.77,"N"
"3993",57.54112,85.98972,305.62,0.38,0.36,"2026-07-09",2042,"N20","nominal","2.0NRT",281.68,1.56,"N"
"3994",26.09575,68.87697,307.58,0.54,0.42,"2026-07-09",2051,"N20","nominal","2.0NRT",297.51,0.44,"N"
"3995",57.53691,85.99415,300.23,0.38,0.36,"2026-07-09",2042,"N20","nominal","2.0NRT",282.09,1.31,"N"
"3996",24.68967,73.00383,303.05,0.39,0.36,"2026-07-09",2051,"N20","nominal","2.0NRT",284.52,0.55,"N"
"3997",22.99825,72.24194,310.73,0.39,0.36,"2026-07-09",2051,"N20","nominal","2.0NRT",293.24,0.84,"N"
"3998",57.53371,85.99236,296.57,0.38,0.36,"2026-07-09",2042,"N20","nominal","2.0NRT",280.96,0.49,"N"
"3999",55.97445,92.92498,295.77,0.54,0.42,"2026-07-09",2042,"N20","nominal","2.0NRT",280.88,0.79,"N"
"4000",22.92947,70.10679,314.08,0.44,0.38,"2026-07-09",2051,"N20","nominal","2.0NRT",291.67,3.18,"N"
"4001",56.23303,90.41801,299.1,0.45,0.39,"2026-07-09",2042,"N20","nominal","2.0NRT",286.17,1.52,"N"
"4002",22.93537,69.69777,306.62,0.46,0.39,"2026-07-09",2051,"N20","nominal","2.0NRT",283.45,0.97,"N"
"4003",56.2311,90.40883,303.13,0.45,0.39,"2026-07-09",2042,"N20","nominal","2.0NRT",282.58,1.52,"N"
"4004",22.93179,69.69718,302.38,0.46,0.39,"2026-07-09",2051,"N20","nominal","2.0NRT",282.46,0.97,"N"
"4005",56.22966,90.41572,309.8,0.45,0.39,"2026-07-09",2042,"N20","nominal","2.0NRT",288.02,1.52,"N"
"4006",22.41704,69.03732,308.02,0.49,0.4,"2026-07-09",2051,"N20","nominal","2.0NRT",294.1,2.38,"N"
"4007",56.22772,90.40656,304.33,0.45,0.39,"2026-07-09",2042,"N20","nominal","2.0NRT",283.34,1.98,"N"
"4008",21.10563,72.64774,310.93,0.38,0.36,"2026-07-09",2051,"N20","nominal","2.0NRT",284.56,1.38,"N"
"4009",57.7105,80.022,318.65,0.46,0.39,"2026-07-09",2042,"N20","nominal","2.0NRT",283.49,2.14,"N"
"4010",21.10408,72.63616,342.57,0.38,0.36,"2026-07-09",2051,"N20","nominal","2.0NRT",288.62,5.32,"N"
"4011",57.43193,82.29916,296.58,0.41,0.37,"2026-07-09",2042,"N20","nominal","2.0NRT",280.07,0.53,"N"
"4012",22.64201,59.42805,314.26,0.64,0.72,"2026-07-09",2051,"N20","nominal","2.0NRT",299.44,4.89,"N"
"4013",57.67106,78.92516,305.6,0.49,0.4,"2026-07-09",2042,"N20","nominal","2.0NRT",282.39,1.08,"N"
"4014",21.1008,72.63557,311.58,0.38,0.36,"2026-07-09",2051,"N20","nominal","2.0NRT",287.43,5.32,"N"
"4015",58.26402,68.40267,308.76,0.38,0.59,"2026-07-09",2042,"N20","nominal","2.0NRT",285.26,0.45,"N"
"4016",19.93827,73.71146,307.52,0.4,0.37,"2026-07-09",2051,"N20","nominal","2.0NRT",288.95,0.58,"N"
"4017",58.26842,68.45136,303.43,0.38,0.59,"2026-07-09",2042,"N20","nominal","2.0NRT",288.33,0.65,"N"
"4018",19.36939,71.35497,314.06,0.39,0.36,"2026-07-09",2051,"N20","nominal","2.0NRT",293.21,0.7,"N"
"4019",58.26387,68.4043,306.88,0.38,0.59,"2026-07-09",2042,"N20","nominal","2.0NRT",284.79,0.56,"N"
"4020",19.28038,71.42612,308.64,0.39,0.36,"2026-07-09",2051,"N20","nominal","2.0NRT",293.93,3.27,"N"
"4021",58.24619,68.46962,341.69,0.38,0.59,"2026-07-09",2042,"N20","nominal","2.0NRT",288.35,3.45,"N"
"4022",18.69288,73.04148,305.18,0.39,0.36,"2026-07-09",2051,"N20","nominal","2.0NRT",288.81,1.26,"N"
"4023",58.24149,68.42942,330.87,0.38,0.59,"2026-07-09",2042,"N20","nominal","2.0NRT",284.61,2.81,"N"
"4024",17.14015,77.18326,300.52,0.41,0.45,"2026-07-09",2053,"N20","nominal","2.0NRT",280.19,0.75,"N"
"4025",58.24136,68.43607,320.26,0.38,0.59,"2026-07-09",2042,"N20","nominal","2.0NRT",286.81,3.29,"N"
"4026",57.51408,79.01459,313.23,0.48,0.4,"2026-07-09",2042,"N20","nominal","2.0NRT",284.05,1.81,"N"
"4027",57.46642,78.43236,321.21,0.5,0.41,"2026-07-09",2042,"N20","nominal","2.0NRT",279.6,2.16,"N"
"4028",56.55137,85.39938,295.43,0.38,0.36,"2026-07-09",2042,"N20","nominal","2.0NRT",282.39,0.88,"N"
"4029",57.42827,78.69292,327.66,0.49,0.4,"2026-07-09",2042,"N20","nominal","2.0NRT",281.58,7.54,"N"
"4030",57.42743,78.7011,320,0.49,0.4,"2026-07-09",2042,"N20","nominal","2.0NRT",283.16,7.17,"N"
"4031",56.12737,86.14466,296.1,0.39,0.36,"2026-07-09",2042,"N20","nominal","2.0NRT",283.59,0.79,"N"
"4032",55.37284,86.04731,309.16,0.39,0.36,"2026-07-09",2042,"N20","nominal","2.0NRT",282.09,0.9,"N"
"4033",55.37065,86.03963,304.55,0.39,0.36,"2026-07-09",2042,"N20","nominal","2.0NRT",286.35,1.22,"N"
"4034",55.36961,86.04559,311.77,0.39,0.36,"2026-07-09",2042,"N20","nominal","2.0NRT",288.43,1.22,"N"
"4035",55.30449,85.59589,337.17,0.39,0.36,"2026-07-09",2042,"N20","nominal","2.0NRT",290.94,4.8,"N"
"4036",53.75119,91.02545,296.79,0.53,0.42,"2026-07-09",2042,"N20","nominal","2.0NRT",281.3,0.97,"N"
"4037",53.74758,91.02306,296.04,0.53,0.42,"2026-07-09",2042,"N20","nominal","2.0NRT",282.73,1.04,"N"
"4038",53.73342,91.03062,299.59,0.53,0.42,"2026-07-09",2042,"N20","nominal","2.0NRT",282.43,1.01,"N"
"4039",54.23355,87.03136,299.33,0.41,0.37,"2026-07-09",2042,"N20","nominal","2.0NRT",285.41,0.83,"N"
"4040",54.17846,87.18881,301.45,0.41,0.37,"2026-07-09",2042,"N20","nominal","2.0NRT",290.14,1.21,"N"
"4041",54.17515,87.18707,300.59,0.41,0.37,"2026-07-09",2042,"N20","nominal","2.0NRT",285.23,0.88,"N"
"4042",54.15696,87.12988,306.27,0.41,0.37,"2026-07-09",2042,"N20","nominal","2.0NRT",284.9,0.98,"N"
"4043",54.15578,87.13604,306.38,0.41,0.37,"2026-07-09",2042,"N20","nominal","2.0NRT",285.61,0.75,"N"
"4044",54.1525,87.13423,297.25,0.41,0.37,"2026-07-09",2042,"N20","nominal","2.0NRT",285.99,0.75,"N"
"4045",55.54367,77.3272,303.36,0.51,0.41,"2026-07-09",2042,"N20","nominal","2.0NRT",282.53,1.13,"N"
"4046",55.5447,77.32868,301.19,0.51,0.41,"2026-07-09",2042,"N20","nominal","2.0NRT",282.06,0.68,"N"
"4047",54.30272,86.19991,295.58,0.4,0.37,"2026-07-09",2042,"N20","nominal","2.0NRT",284.95,0.83,"N"
"4048",54.30055,86.19221,303.79,0.4,0.37,"2026-07-09",2042,"N20","nominal","2.0NRT",282.41,0.83,"N"
"4049",54.30573,86.14352,304.6,0.4,0.37,"2026-07-09",2042,"N20","nominal","2.0NRT",287.83,1.07,"N"
"4050",54.29943,86.17868,304.83,0.4,0.37,"2026-07-09",2042,"N20","nominal","2.0NRT",288.4,1.18,"N"
"4051",54.29837,86.18457,302.96,0.4,0.37,"2026-07-09",2042,"N20","nominal","2.0NRT",285.49,1.18,"N"
"4052",54.30354,86.13597,302.18,0.4,0.37,"2026-07-09",2042,"N20","nominal","2.0NRT",286.55,1.33,"N"
"4053",54.30248,86.14187,312.27,0.4,0.37,"2026-07-09",2042,"N20","nominal","2.0NRT",287.33,1.07,"N"
"4054",54.30143,86.1477,309.73,0.4,0.37,"2026-07-09",2042,"N20","nominal","2.0NRT",290.28,1.07,"N"
"4055",54.29923,86.14021,328.35,0.4,0.37,"2026-07-09",2042,"N20","nominal","2.0NRT",291.1,1.63,"N"
"4056",54.29818,86.14606,324.58,0.4,0.37,"2026-07-09",2042,"N20","nominal","2.0NRT",291.18,1.63,"N"
"4057",54.30135,86.12833,315.21,0.4,0.37,"2026-07-09",2042,"N20","nominal","2.0NRT",287.22,1.4,"N"
"4058",54.30029,86.1343,310.03,0.4,0.37,"2026-07-09",2042,"N20","nominal","2.0NRT",288.63,1.4,"N"
"4059",54.29713,86.15188,299.18,0.4,0.37,"2026-07-09",2042,"N20","nominal","2.0NRT",287.33,0.81,"N"
"4060",54.29704,86.13258,308.93,0.4,0.37,"2026-07-09",2042,"N20","nominal","2.0NRT",288.4,1.4,"N"
"4061",54.29599,86.13852,309.39,0.4,0.37,"2026-07-09",2042,"N20","nominal","2.0NRT",288.75,1.63,"N"
"4062",54.29493,86.14438,309.2,0.4,0.37,"2026-07-09",2042,"N20","nominal","2.0NRT",290.33,1.63,"N"
"4063",54.29387,86.15025,299.61,0.4,0.37,"2026-07-09",2042,"N20","nominal","2.0NRT",288.61,0.81,"N"
"4064",54.28738,86.14687,320,0.4,0.37,"2026-07-09",2042,"N20","nominal","2.0NRT",290.52,1.93,"N"
"4065",54.28632,86.1528,311.28,0.4,0.37,"2026-07-09",2042,"N20","nominal","2.0NRT",289.57,1.93,"N"
"4066",54.28307,86.15108,324.91,0.4,0.37,"2026-07-09",2042,"N20","nominal","2.0NRT",291.03,1.61,"N"
"4067",54.28415,86.14507,300.63,0.4,0.37,"2026-07-09",2042,"N20","nominal","2.0NRT",286.27,1.61,"N"
"4068",54.282,86.15705,297.24,0.4,0.37,"2026-07-09",2042,"N20","nominal","2.0NRT",286.64,0.78,"N"
"4069",54.27987,86.16894,314.16,0.4,0.37,"2026-07-09",2042,"N20","nominal","2.0NRT",289.05,1.49,"N"
"4070",54.27768,86.16135,296.49,0.4,0.37,"2026-07-09",2042,"N20","nominal","2.0NRT",286.34,0.78,"N"
"4071",54.27558,86.17303,301.19,0.4,0.37,"2026-07-09",2042,"N20","nominal","2.0NRT",288.82,1.49,"N"
"4072",54.27452,86.17889,312.66,0.4,0.37,"2026-07-09",2042,"N20","nominal","2.0NRT",289.41,1.49,"N"
"4073",54.27446,86.15949,316.93,0.4,0.37,"2026-07-09",2042,"N20","nominal","2.0NRT",285.53,1.83,"N"
"4074",54.26697,86.18134,326.13,0.4,0.37,"2026-07-09",2042,"N20","nominal","2.0NRT",288.45,3.99,"N"
"4075",54.26593,86.18714,313.52,0.4,0.37,"2026-07-09",2042,"N20","nominal","2.0NRT",287.72,1.69,"N"
"4076",54.26479,86.17371,320.06,0.4,0.37,"2026-07-09",2042,"N20","nominal","2.0NRT",286.88,1.29,"N"
"4077",54.26374,86.17957,299.21,0.4,0.37,"2026-07-09",2042,"N20","nominal","2.0NRT",286.6,1.29,"N"
"4078",54.65866,83.35318,307.88,0.39,0.36,"2026-07-09",2044,"N20","nominal","2.0NRT",283.62,0.81,"N"
"4079",54.65847,83.3093,327.87,0.39,0.36,"2026-07-09",2044,"N20","nominal","2.0NRT",291.61,3.01,"N"
"4080",54.07735,86.52998,299.98,0.4,0.37,"2026-07-09",2044,"N20","nominal","2.0NRT",283.97,0.73,"N"
"4081",54.06861,86.53847,298.65,0.4,0.37,"2026-07-09",2044,"N20","nominal","2.0NRT",286.13,1.42,"N"
"4082",54.05774,86.53909,298.92,0.4,0.37,"2026-07-09",2044,"N20","nominal","2.0NRT",284.84,0.49,"N"
"4083",54.0544,86.55714,303.18,0.4,0.37,"2026-07-09",2044,"N20","nominal","2.0NRT",285.76,0.74,"N"
"4084",53.91644,87.28804,307.21,0.42,0.38,"2026-07-09",2044,"N20","nominal","2.0NRT",282.62,1.27,"N"
"4085",54.04677,86.55959,298.29,0.4,0.37,"2026-07-09",2044,"N20","nominal","2.0NRT",285.9,1.04,"N"
"4086",53.89424,87.28937,304.85,0.42,0.38,"2026-07-09",2044,"N20","nominal","2.0NRT",283.75,1.28,"N"
"4087",53.88881,87.27961,297.11,0.42,0.38,"2026-07-09",2044,"N20","nominal","2.0NRT",282.37,0.63,"N"
"4088",53.88905,87.25946,308.41,0.42,0.38,"2026-07-09",2044,"N20","nominal","2.0NRT",286.97,1.98,"N"
"4089",53.8899,87.25902,306.7,0.42,0.38,"2026-07-09",2044,"N20","nominal","2.0NRT",286.89,1.06,"N"
"4090",53.88873,87.26514,302.37,0.42,0.38,"2026-07-09",2044,"N20","nominal","2.0NRT",283.96,1.51,"N"
"4091",53.99577,86.67566,301.09,0.41,0.37,"2026-07-09",2044,"N20","nominal","2.0NRT",287.02,1.41,"N"
"4092",53.99467,86.68165,300.48,0.41,0.37,"2026-07-09",2044,"N20","nominal","2.0NRT",288.42,1.14,"N"
"4093",53.88659,87.25719,296.41,0.42,0.38,"2026-07-09",2044,"N20","nominal","2.0NRT",284.9,1.06,"N"
"4094",53.88445,87.24926,302.36,0.42,0.38,"2026-07-09",2044,"N20","nominal","2.0NRT",284.48,1.08,"N"
"4095",53.88329,87.25536,309.84,0.42,0.38,"2026-07-09",2044,"N20","nominal","2.0NRT",284.6,1.08,"N"
"4096",53.95763,86.64857,296.27,0.41,0.37,"2026-07-09",2044,"N20","nominal","2.0NRT",284.98,0.61,"N"
"4097",53.95547,86.64082,307.2,0.41,0.37,"2026-07-09",2044,"N20","nominal","2.0NRT",285.57,1.07,"N"
"4098",53.95324,86.65285,297.87,0.41,0.37,"2026-07-09",2044,"N20","nominal","2.0NRT",284.77,0.77,"N"
"4099",53.95108,86.6451,302.49,0.41,0.37,"2026-07-09",2044,"N20","nominal","2.0NRT",284.91,0.77,"N"
"4100",53.83885,85.53062,301.85,0.39,0.36,"2026-07-09",2044,"N20","nominal","2.0NRT",284.24,0.91,"N"
"4101",55.08902,73.28508,302.51,0.47,0.48,"2026-07-09",2044,"N20","nominal","2.0NRT",288.69,0.61,"N"
"4102",53.6892,85.01016,308.15,0.39,0.36,"2026-07-09",2044,"N20","nominal","2.0NRT",285.24,1.09,"N"
"4103",53.68373,85.00125,300.89,0.39,0.36,"2026-07-09",2044,"N20","nominal","2.0NRT",286.15,1.14,"N"
"4104",55.06805,73.19688,324.44,0.48,0.48,"2026-07-09",2044,"N20","nominal","2.0NRT",290.44,2.86,"N"
"4105",53.6805,84.99967,312.44,0.39,0.36,"2026-07-09",2044,"N20","nominal","2.0NRT",285.56,1.14,"N"
"4106",55.30589,63.83646,324.66,0.56,0.69,"2026-07-09",2044,"N20","nominal","2.0NRT",284.57,3.45,"N"
"4107",55.06264,73.21112,306.66,0.47,0.48,"2026-07-09",2044,"N20","nominal","2.0NRT",291.59,1.65,"N"
"4108",55.05775,73.2177,305.2,0.47,0.48,"2026-07-09",2044,"N20","nominal","2.0NRT",290.86,1.55,"N"
"4109",54.94249,73.48618,302.45,0.46,0.47,"2026-07-09",2044,"N20","nominal","2.0NRT",291.42,1.18,"N"
"4110",54.83987,69.26331,307.25,0.34,0.56,"2026-07-09",2044,"N20","nominal","2.0NRT",289.48,0.7,"N"
"4111",52.60561,85.23173,296.08,0.4,0.37,"2026-07-09",2044,"N20","nominal","2.0NRT",280.61,0.4,"N"
"4112",53.53713,74.07701,300.35,0.42,0.45,"2026-07-09",2044,"N20","nominal","2.0NRT",286.88,0.69,"N"
"4113",53.52877,74.07511,298.39,0.42,0.45,"2026-07-09",2044,"N20","nominal","2.0NRT",287.5,0.47,"N"
"4114",52.23582,79.55434,300.2,0.41,0.37,"2026-07-09",2044,"N20","nominal","2.0NRT",286.12,0.74,"N"
"4115",52.23503,79.56035,303.17,0.41,0.37,"2026-07-09",2044,"N20","nominal","2.0NRT",287.18,0.74,"N"
"4116",52.22644,79.54482,330.34,0.41,0.37,"2026-07-09",2044,"N20","nominal","2.0NRT",286.48,3.65,"N"
"4117",52.25999,77.04675,320.81,0.48,0.4,"2026-07-09",2044,"N20","nominal","2.0NRT",295.44,3.23,"N"
"4118",52.08344,76.85823,327.45,0.49,0.4,"2026-07-09",2044,"N20","nominal","2.0NRT",291.24,3.16,"N"
"4119",51.73225,75.41071,303.22,0.54,0.42,"2026-07-09",2044,"N20","nominal","2.0NRT",291.32,1.82,"N"
"4120",50.35373,83.49473,303.65,0.39,0.36,"2026-07-09",2044,"N20","nominal","2.0NRT",286.81,0.89,"N"
"4121",50.51226,81.67375,303.47,0.38,0.36,"2026-07-09",2044,"N20","nominal","2.0NRT",288.84,0.76,"N"
"4122",51.26008,75.71894,319.05,0.52,0.42,"2026-07-09",2044,"N20","nominal","2.0NRT",291.06,2.92,"N"
"4123",51.25932,75.72643,300.85,0.52,0.41,"2026-07-09",2044,"N20","nominal","2.0NRT",288.58,0.59,"N"
"4124",51.26075,75.63484,300.33,0.52,0.42,"2026-07-09",2044,"N20","nominal","2.0NRT",287.79,1.47,"N"
"4125",51.25999,75.64233,316.81,0.52,0.42,"2026-07-09",2044,"N20","nominal","2.0NRT",292.39,1.47,"N"
"4126",51.25694,75.63386,308.47,0.52,0.42,"2026-07-09",2044,"N20","nominal","2.0NRT",289.41,1.94,"N"
"4127",51.43147,72.76537,310.27,0.45,0.47,"2026-07-09",2044,"N20","nominal","2.0NRT",285.65,1.4,"N"
"4128",50.39983,80.18141,327.7,0.39,0.36,"2026-07-09",2044,"N20","nominal","2.0NRT",292.87,3.63,"N"
"4129",51.21933,71.5315,317.3,0.51,0.49,"2026-07-09",2044,"N20","nominal","2.0NRT",287.6,12.98,"N"
"4130",51.21523,71.52332,337.64,0.51,0.49,"2026-07-09",2044,"N20","nominal","2.0NRT",288.84,12.98,"N"
"4131",51.21478,71.53066,333.67,0.51,0.49,"2026-07-09",2044,"N20","nominal","2.0NRT",298.11,12.98,"N"
"4132",51.21502,71.52636,339.79,0.51,0.49,"2026-07-09",2044,"N20","nominal","2.0NRT",294.67,20.96,"N"
"4133",51.21453,71.53368,325.15,0.51,0.49,"2026-07-09",2044,"N20","nominal","2.0NRT",287.08,9.42,"N"
"4134",49.64389,83.57861,306.5,0.4,0.37,"2026-07-09",2044,"N20","nominal","2.0NRT",290.32,1.37,"N"
"4135",50.03181,78.74125,298.39,0.41,0.37,"2026-07-09",2044,"N20","nominal","2.0NRT",287.26,0.45,"N"
"4136",50.00811,78.73372,302.78,0.41,0.37,"2026-07-09",2044,"N20","nominal","2.0NRT",289.84,1.38,"N"
"4137",49.40693,81.44815,313.51,0.38,0.36,"2026-07-09",2044,"N20","nominal","2.0NRT",286.67,0.88,"N"
"4138",50.24127,73.04337,302.94,0.43,0.46,"2026-07-09",2044,"N20","nominal","2.0NRT",287.12,0.88,"N"
"4139",50.24156,73.04329,304.61,0.43,0.46,"2026-07-09",2044,"N20","nominal","2.0NRT",287.07,1.28,"N"
"4140",50.44399,62.18285,301.07,0.65,0.73,"2026-07-09",2044,"N20","nominal","2.0NRT",290.93,1.33,"N"
"4141",50.06504,73.06175,317.44,0.43,0.46,"2026-07-09",2044,"N20","nominal","2.0NRT",287.65,1.75,"N"
"4142",50.06456,73.06771,305.58,0.43,0.46,"2026-07-09",2044,"N20","nominal","2.0NRT",287.45,1.75,"N"
"4143",50.05761,73.04809,300.21,0.43,0.46,"2026-07-09",2044,"N20","nominal","2.0NRT",287.07,1.01,"N"
"4144",50.05112,73.02246,314.52,0.43,0.46,"2026-07-09",2044,"N20","nominal","2.0NRT",290.71,1.5,"N"
"4145",50.05065,73.0285,300.32,0.43,0.46,"2026-07-09",2044,"N20","nominal","2.0NRT",289.29,1.5,"N"
"4146",50.04692,73.02163,308.18,0.43,0.46,"2026-07-09",2044,"N20","nominal","2.0NRT",292.14,1.5,"N"
"4147",50.04644,73.02766,319.04,0.43,0.46,"2026-07-09",2044,"N20","nominal","2.0NRT",294.03,1.5,"N"
"4148",50.04272,73.0208,302.4,0.43,0.46,"2026-07-09",2044,"N20","nominal","2.0NRT",290.75,1.6,"N"
"4149",50.039,73.01395,333.86,0.43,0.46,"2026-07-09",2044,"N20","nominal","2.0NRT",293.68,8.27,"N"
"4150",50.03947,73.00793,309.01,0.43,0.46,"2026-07-09",2044,"N20","nominal","2.0NRT",290.99,8.27,"N"
"4151",50.03953,73.00937,338.98,0.43,0.46,"2026-07-09",2044,"N20","nominal","2.0NRT",290.47,8.26,"N"
"4152",50.03902,73.01538,330.93,0.43,0.46,"2026-07-09",2044,"N20","nominal","2.0NRT",292.76,8.99,"N"
"4153",49.75166,73.67238,299.33,0.4,0.44,"2026-07-09",2044,"N20","nominal","2.0NRT",288.26,0.75,"N"
"4154",49.02865,68.62128,310.92,0.33,0.55,"2026-07-09",2044,"N20","nominal","2.0NRT",290.84,0.59,"N"
"4155",48.72726,70.09364,303.99,0.56,0.51,"2026-07-09",2044,"N20","nominal","2.0NRT",291.52,2.3,"N"
"4156",44.33323,93.26518,305.02,0.4,0.6,"2026-07-09",2046,"N20","nominal","2.0NRT",284.58,2.05,"N"
"4157",44.33187,93.26987,299.66,0.4,0.6,"2026-07-09",2046,"N20","nominal","2.0NRT",284.63,1.68,"N"
"4158",44.0471,94.12894,302.98,0.45,0.63,"2026-07-09",2046,"N20","nominal","2.0NRT",287.84,0.99,"N"
"4159",44.91237,89.18752,299.26,0.5,0.49,"2026-07-09",2046,"N20","nominal","2.0NRT",287.72,0.95,"N"
"4160",44.89464,89.23925,299.93,0.5,0.49,"2026-07-09",2046,"N20","nominal","2.0NRT",289.32,1.08,"N"
"4161",44.89655,89.19335,298.34,0.5,0.49,"2026-07-09",2046,"N20","nominal","2.0NRT",286.99,0.74,"N"
"4162",46.82925,74.94855,317.31,0.49,0.41,"2026-07-09",2046,"N20","nominal","2.0NRT",293.84,2.43,"N"
"4163",46.82326,74.93387,323.63,0.5,0.41,"2026-07-09",2046,"N20","nominal","2.0NRT",294.73,3.04,"N"
"4164",44.6786,86.91265,305.07,0.4,0.44,"2026-07-09",2046,"N20","nominal","2.0NRT",286.49,0.66,"N"
"4165",42.70952,93.37198,312.45,0.45,0.63,"2026-07-09",2046,"N20","nominal","2.0NRT",288.13,1.27,"N"
"4166",42.70634,93.34035,299.76,0.45,0.63,"2026-07-09",2046,"N20","nominal","2.0NRT",284.91,2.5,"N"
"4167",44.45671,86.10392,310.89,0.56,0.43,"2026-07-09",2046,"N20","nominal","2.0NRT",294.28,2.22,"N"
"4168",44.45355,86.08041,319.51,0.56,0.43,"2026-07-09",2046,"N20","nominal","2.0NRT",295.58,4.02,"N"
"4169",44.37023,86.04458,329,0.56,0.43,"2026-07-09",2046,"N20","nominal","2.0NRT",293.29,5.43,"N"
"4170",44.36574,86.06473,306.81,0.56,0.43,"2026-07-09",2046,"N20","nominal","2.0NRT",292.46,1.49,"N"
"4171",44.37006,86.04577,320.36,0.56,0.43,"2026-07-09",2046,"N20","nominal","2.0NRT",292.94,4.87,"N"
"4172",44.36567,86.06599,306.84,0.56,0.43,"2026-07-09",2046,"N20","nominal","2.0NRT",293.16,2.67,"N"
"4173",44.20367,85.97232,328.9,0.56,0.43,"2026-07-09",2046,"N20","nominal","2.0NRT",291.73,3.68,"N"
"4174",43.85611,87.3203,303.85,0.43,0.46,"2026-07-09",2046,"N20","nominal","2.0NRT",289.67,1.2,"N"
"4175",43.85493,87.32544,312.67,0.43,0.46,"2026-07-09",2046,"N20","nominal","2.0NRT",288.57,1.93,"N"
"4176",43.85374,87.3306,315.22,0.43,0.46,"2026-07-09",2046,"N20","nominal","2.0NRT",289.72,1.93,"N"
"4177",43.85331,87.31316,302.78,0.43,0.46,"2026-07-09",2046,"N20","nominal","2.0NRT",288.69,0.72,"N"
"4178",43.17299,89.44572,303.29,0.57,0.52,"2026-07-09",2046,"N20","nominal","2.0NRT",288.32,1.18,"N"
"4179",44.75356,82.07295,302.55,0.41,0.37,"2026-07-09",2046,"N20","nominal","2.0NRT",290.03,0.58,"N"
"4180",44.71821,82.06942,309.34,0.41,0.37,"2026-07-09",2046,"N20","nominal","2.0NRT",291.83,1.23,"N"
"4181",45.76896,65.63705,328.84,0.43,0.62,"2026-07-09",2046,"N20","nominal","2.0NRT",294.82,2.31,"N"
"4182",44.37227,78.07141,298.75,0.39,0.36,"2026-07-09",2046,"N20","nominal","2.0NRT",286.22,0.4,"N"
"4183",42.67,86.2802,300.29,0.41,0.45,"2026-07-09",2046,"N20","nominal","2.0NRT",286.74,1.3,"N"
"4184",43.67635,81.17531,300.27,0.4,0.37,"2026-07-09",2046,"N20","nominal","2.0NRT",286.78,1.8,"N"
"4185",43.67398,81.17812,300.64,0.4,0.37,"2026-07-09",2046,"N20","nominal","2.0NRT",289.07,2.59,"N"
"4186",43.2826,81.85485,304.6,0.42,0.37,"2026-07-09",2046,"N20","nominal","2.0NRT",284.22,0.8,"N"
"4187",42.11914,84.77349,306.42,0.55,0.43,"2026-07-09",2046,"N20","nominal","2.0NRT",284.43,1.52,"N"
"4188",41.92441,85.36536,302.65,0.39,0.44,"2026-07-09",2046,"N20","nominal","2.0NRT",289.31,1.65,"N"
"4189",41.80502,85.82553,303.6,0.41,0.45,"2026-07-09",2046,"N20","nominal","2.0NRT",289.02,0.51,"N"
"4190",41.79454,85.39123,330.41,0.39,0.44,"2026-07-09",2046,"N20","nominal","2.0NRT",291.66,3.71,"N"
"4191",42.13602,83.12257,324.92,0.47,0.4,"2026-07-09",2046,"N20","nominal","2.0NRT",282.69,1.82,"N"
"4192",42.13713,83.11703,299.36,0.47,0.4,"2026-07-09",2046,"N20","nominal","2.0NRT",282.11,1.82,"N"
"4193",42.91368,74.87064,321.37,0.45,0.39,"2026-07-09",2046,"N20","nominal","2.0NRT",293.44,1.92,"N"
"4194",42.93039,71.28157,306.27,0.43,0.46,"2026-07-09",2046,"N20","nominal","2.0NRT",293.96,0.85,"N"
"4195",42.35671,69.73446,312.63,0.5,0.49,"2026-07-09",2046,"N20","nominal","2.0NRT",296.76,1.3,"N"
"4196",42.31118,69.54345,312.27,0.51,0.5,"2026-07-09",2046,"N20","nominal","2.0NRT",296.37,2.11,"N"
"4197",40.03561,83.05139,305.67,0.51,0.41,"2026-07-09",2046,"N20","nominal","2.0NRT",290.15,1.12,"N"
"4198",41.70733,68.01158,305.73,0.61,0.53,"2026-07-09",2046,"N20","nominal","2.0NRT",294.18,1.05,"N"
"4199",41.70572,68.01272,306.47,0.61,0.53,"2026-07-09",2046,"N20","nominal","2.0NRT",294.43,1.45,"N"
"4200",41.50778,64.54314,310.52,0.46,0.63,"2026-07-09",2046,"N20","nominal","2.0NRT",296.4,2.99,"N"
"4201",41.09601,69.48238,314.54,0.5,0.49,"2026-07-09",2046,"N20","nominal","2.0NRT",295.26,2.94,"N"
"4202",41.09553,69.48845,318.26,0.5,0.49,"2026-07-09",2046,"N20","nominal","2.0NRT",295.4,2.94,"N"
"4203",41.09102,69.48773,330.31,0.5,0.49,"2026-07-09",2046,"N20","nominal","2.0NRT",294.79,2.94,"N"
"4204",39.90894,78.94726,304.42,0.39,0.36,"2026-07-09",2046,"N20","nominal","2.0NRT",291.74,0.77,"N"
"4205",40.87005,69.5339,310.41,0.5,0.49,"2026-07-09",2046,"N20","nominal","2.0NRT",296.15,1.9,"N"
"4206",40.86556,69.53323,316.88,0.5,0.49,"2026-07-09",2049,"N20","nominal","2.0NRT",296.29,1.9,"N"
"4207",40.5681,72.53897,311.82,0.53,0.42,"2026-07-09",2049,"N20","nominal","2.0NRT",296.16,2.38,"N"
"4208",39.62789,78.3706,303.78,0.39,0.36,"2026-07-09",2049,"N20","nominal","2.0NRT",290.25,0.23,"N"
"4209",40.62444,69.24561,307.26,0.51,0.49,"2026-07-09",2049,"N20","nominal","2.0NRT",292.87,1.28,"N"
"4210",40.32327,70.63615,308.08,0.43,0.46,"2026-07-09",2049,"N20","nominal","2.0NRT",297.51,1.97,"N"
"4211",39.65065,75.94349,318.67,0.4,0.37,"2026-07-09",2049,"N20","nominal","2.0NRT",295.62,1.91,"N"
"4212",39.64984,75.9005,305.05,0.4,0.37,"2026-07-09",2049,"N20","nominal","2.0NRT",293.58,0.85,"N"
"4213",40.24249,69.11123,307.99,0.51,0.5,"2026-07-09",2049,"N20","nominal","2.0NRT",295.1,1.66,"N"
"4214",40.45264,62.20981,346.33,0.6,0.71,"2026-07-09",2049,"N20","nominal","2.0NRT",294.91,7.41,"N"
"4215",40.45388,62.21201,342.12,0.6,0.71,"2026-07-09",2049,"N20","nominal","2.0NRT",295.08,6.59,"N"
"4216",40.01193,68.44466,317.5,0.55,0.51,"2026-07-09",2049,"N20","nominal","2.0NRT",294.42,3.53,"N"
"4217",38.65915,76.17342,305.53,0.39,0.36,"2026-07-09",2049,"N20","nominal","2.0NRT",289.62,1.43,"N"
"4218",39.50138,64.69138,309.36,0.44,0.62,"2026-07-09",2049,"N20","nominal","2.0NRT",293.88,0.92,"N"
"4219",38.21898,77.10095,304.61,0.38,0.36,"2026-07-09",2049,"N20","nominal","2.0NRT",285.65,0.79,"N"
"4220",39.40142,63.26808,326.52,0.52,0.67,"2026-07-09",2049,"N20","nominal","2.0NRT",295.56,3.6,"N"
"4221",39.40262,63.26863,332.46,0.52,0.67,"2026-07-09",2049,"N20","nominal","2.0NRT",295.77,2.92,"N"
"4222",39.16965,63.25603,307.58,0.52,0.67,"2026-07-09",2049,"N20","nominal","2.0NRT",295.75,1.34,"N"
"4223",39.16214,63.46679,303.92,0.5,0.66,"2026-07-09",2049,"N20","nominal","2.0NRT",293.87,0.52,"N"
"4224",38.91842,63.74584,307.44,0.49,0.65,"2026-07-09",2049,"N20","nominal","2.0NRT",295.13,1.41,"N"
"4225",66.42283,58.0313,316.04,0.79,0.78,"2026-07-09",2040,"N20","nominal","2.0NRT",281.41,2.43,"N"
"4226",66.42351,58.03698,315.64,0.79,0.78,"2026-07-09",2040,"N20","nominal","2.0NRT",281.49,3.12,"N"
"4227",66.20428,70.989,300.89,0.34,0.56,"2026-07-09",2040,"N20","nominal","2.0NRT",283.49,0.61,"N"
"4228",66.19905,70.98846,353.18,0.34,0.56,"2026-07-09",2040,"N20","nominal","2.0NRT",285.93,4.67,"N"
"4229",65.19145,69.99731,298.28,0.36,0.58,"2026-07-09",2040,"N20","nominal","2.0NRT",285.29,0.71,"N"
"4230",65.186,70.00466,297.6,0.36,0.58,"2026-07-09",2040,"N20","nominal","2.0NRT",285.58,0.83,"N"
"4231",65.18064,70.00405,300.36,0.36,0.58,"2026-07-09",2040,"N20","nominal","2.0NRT",284.61,0.78,"N"
"4232",58.48221,107.02175,349.5,0.41,0.61,"2026-07-09",2040,"N20","nominal","2.0NRT",280.8,4.33,"D"
"4233",63.50962,83.50543,300.36,0.45,0.39,"2026-07-09",2040,"N20","nominal","2.0NRT",276.8,0.85,"N"
"4234",62.83846,87.63148,309.61,0.39,0.36,"2026-07-09",2040,"N20","nominal","2.0NRT",278.38,1.47,"N"
"4235",62.83736,87.63888,315.75,0.39,0.36,"2026-07-09",2040,"N20","nominal","2.0NRT",280.49,1.85,"N"
"4236",62.83525,87.62923,297.97,0.39,0.36,"2026-07-09",2040,"N20","nominal","2.0NRT",278.19,1.51,"N"
"4237",62.82884,87.6247,304.02,0.39,0.36,"2026-07-09",2040,"N20","nominal","2.0NRT",278.05,1,"N"
"4238",62.84745,87.32724,298.55,0.39,0.36,"2026-07-09",2040,"N20","nominal","2.0NRT",280.67,1.02,"N"
"4239",62.84643,87.3205,298.59,0.39,0.36,"2026-07-09",2040,"N20","nominal","2.0NRT",280.69,1.73,"N"
"4240",62.84534,87.32796,297.68,0.39,0.36,"2026-07-09",2040,"N20","nominal","2.0NRT",281.62,1.17,"N"
"4241",62.84212,87.32571,313.11,0.39,0.36,"2026-07-09",2040,"N20","nominal","2.0NRT",281.81,1.17,"N"
"4242",62.83996,87.3406,313.09,0.39,0.36,"2026-07-09",2040,"N20","nominal","2.0NRT",277.45,1.01,"N"
"4243",62.83888,87.34802,296.73,0.39,0.36,"2026-07-09",2040,"N20","nominal","2.0NRT",276.32,1.01,"N"
"4244",62.83891,87.32349,311.84,0.39,0.36,"2026-07-09",2040,"N20","nominal","2.0NRT",279.29,1.22,"N"
"4245",63.19477,84.41428,299.12,0.43,0.38,"2026-07-09",2040,"N20","nominal","2.0NRT",279.02,1,"N"
"4246",62.75418,87.29739,299.22,0.39,0.36,"2026-07-09",2040,"N20","nominal","2.0NRT",278.67,0.94,"N"
"4247",62.75311,87.3048,303.29,0.39,0.36,"2026-07-09",2040,"N20","nominal","2.0NRT",279.47,0.94,"N"
"4248",63.14499,84.3129,317.16,0.43,0.38,"2026-07-09",2040,"N20","nominal","2.0NRT",280.67,1.74,"N"
"4249",63.14159,84.31081,295.46,0.43,0.38,"2026-07-09",2040,"N20","nominal","2.0NRT",275.97,1.74,"N"
"4250",61.33741,92.49964,300.46,0.41,0.37,"2026-07-09",2040,"N20","nominal","2.0NRT",280.6,0.73,"N"
"4251",62.29988,86.50429,299.03,0.39,0.37,"2026-07-09",2040,"N20","nominal","2.0NRT",277.68,0.69,"N"
"4252",62.25399,85.90131,302.63,0.4,0.37,"2026-07-09",2040,"N20","nominal","2.0NRT",281.1,1.04,"N"
"4253",62.25071,85.89928,299.93,0.4,0.37,"2026-07-09",2040,"N20","nominal","2.0NRT",277.33,1.04,"N"
"4254",62.23575,85.93049,307.82,0.4,0.37,"2026-07-09",2040,"N20","nominal","2.0NRT",277.61,0.87,"N"
"4255",61.78739,88.36143,300.88,0.38,0.36,"2026-07-09",2040,"N20","nominal","2.0NRT",277.28,0.55,"N"
"4256",61.78645,88.34517,300.11,0.38,0.36,"2026-07-09",2040,"N20","nominal","2.0NRT",276.55,0.92,"N"
"4257",61.77677,88.36166,298.06,0.38,0.36,"2026-07-09",2040,"N20","nominal","2.0NRT",277.74,0.87,"N"
"4258",62.4385,83.10777,307.62,0.44,0.39,"2026-07-09",2040,"N20","nominal","2.0NRT",277.22,2.33,"N"
"4259",62.11168,84.55817,298.11,0.42,0.37,"2026-07-09",2040,"N20","nominal","2.0NRT",276.61,0.64,"N"
"4260",62.00882,65.85686,298.83,0.48,0.65,"2026-07-09",2042,"N20","nominal","2.0NRT",287.03,0.51,"N"
"4261",59.87778,90.13467,297.99,0.4,0.37,"2026-07-09",2042,"N20","nominal","2.0NRT",273.19,1.13,"N"
"4262",59.87458,90.13234,302.13,0.4,0.37,"2026-07-09",2042,"N20","nominal","2.0NRT",274.19,1.03,"N"
"4263",59.87139,90.13,308.16,0.4,0.37,"2026-07-09",2042,"N20","nominal","2.0NRT",275.09,1.03,"N"
"4264",59.87014,90.13679,307.37,0.4,0.37,"2026-07-09",2042,"N20","nominal","2.0NRT",273.92,1.34,"N"
"4265",59.8682,90.12768,295.52,0.4,0.37,"2026-07-09",2042,"N20","nominal","2.0NRT",272.5,0.62,"N"
"4266",59.865,90.12535,297.03,0.4,0.37,"2026-07-09",2042,"N20","nominal","2.0NRT",273.6,0.62,"N"
"4267",59.79136,90.40327,300.19,0.4,0.37,"2026-07-09",2042,"N20","nominal","2.0NRT",278.04,1.38,"N"
"4268",59.78881,90.41687,295.31,0.4,0.37,"2026-07-09",2042,"N20","nominal","2.0NRT",277.51,1.08,"N"
"4269",59.78944,90.3941,321.55,0.4,0.37,"2026-07-09",2042,"N20","nominal","2.0NRT",276.72,2.68,"N"
"4270",59.78816,90.4009,336.45,0.4,0.37,"2026-07-09",2042,"N20","nominal","2.0NRT",284.1,5.09,"N"
"4271",59.88426,89.76453,317.09,0.4,0.37,"2026-07-09",2042,"N20","nominal","2.0NRT",278.83,2.93,"N"
"4272",59.87318,89.82516,311.79,0.4,0.37,"2026-07-09",2042,"N20","nominal","2.0NRT",277.27,2.33,"N"
"4273",59.87715,89.74419,301.31,0.4,0.37,"2026-07-09",2042,"N20","nominal","2.0NRT",278.7,1.81,"N"
"4274",59.72207,90.39921,321.31,0.4,0.37,"2026-07-09",2042,"N20","nominal","2.0NRT",281.2,1.8,"N"
"4275",59.72078,90.40602,297.73,0.4,0.37,"2026-07-09",2042,"N20","nominal","2.0NRT",280.77,1.43,"N"
"4276",59.70539,90.48784,295.38,0.4,0.37,"2026-07-09",2042,"N20","nominal","2.0NRT",280.15,0.54,"N"
"4277",59.71758,90.40366,332.63,0.4,0.37,"2026-07-09",2042,"N20","nominal","2.0NRT",281.19,2.96,"N"
"4278",59.71886,90.39684,297.16,0.4,0.37,"2026-07-09",2042,"N20","nominal","2.0NRT",278.62,0.87,"N"
"4279",59.7099,90.44453,303.01,0.4,0.37,"2026-07-09",2042,"N20","nominal","2.0NRT",281.3,1.25,"N"
"4280",59.70861,90.45135,306.62,0.4,0.37,"2026-07-09",2042,"N20","nominal","2.0NRT",281.23,1.25,"N"
"4281",59.70732,90.45819,299.37,0.4,0.37,"2026-07-09",2042,"N20","nominal","2.0NRT",280.97,0.88,"N"
"4282",59.70347,90.47865,305.52,0.4,0.37,"2026-07-09",2042,"N20","nominal","2.0NRT",280.64,0.99,"N"
"4283",59.70218,90.48548,317.42,0.4,0.37,"2026-07-09",2042,"N20","nominal","2.0NRT",282.37,1.63,"N"
"4284",59.70797,90.43535,323.4,0.4,0.37,"2026-07-09",2042,"N20","nominal","2.0NRT",282.4,1.4,"N"
"4285",59.70669,90.44215,324.39,0.4,0.37,"2026-07-09",2042,"N20","nominal","2.0NRT",283.74,1.25,"N"
"4286",59.70924,90.42859,299.05,0.4,0.37,"2026-07-09",2042,"N20","nominal","2.0NRT",277.59,1.4,"N"
"4287",59.7054,90.449,299.4,0.4,0.37,"2026-07-09",2042,"N20","nominal","2.0NRT",281.11,1.25,"N"
"4288",59.70025,90.4763,306.13,0.4,0.37,"2026-07-09",2042,"N20","nominal","2.0NRT",279.44,0.99,"N"
"4289",59.69897,90.48314,311.4,0.4,0.37,"2026-07-09",2042,"N20","nominal","2.0NRT",281.38,1.63,"N"
"4290",59.70348,90.43977,322.31,0.4,0.37,"2026-07-09",2042,"N20","nominal","2.0NRT",283.7,2.35,"N"
"4291",59.82381,89.79024,314.73,0.4,0.37,"2026-07-09",2042,"N20","nominal","2.0NRT",280.26,1.92,"N"
"4292",59.70604,90.4262,298.14,0.4,0.37,"2026-07-09",2042,"N20","nominal","2.0NRT",277.04,1.17,"N"
"4293",59.83162,89.72744,303.94,0.4,0.37,"2026-07-09",2042,"N20","nominal","2.0NRT",277.74,1.19,"N"
"4294",59.82845,89.72513,295.33,0.4,0.37,"2026-07-09",2042,"N20","nominal","2.0NRT",277.43,0.61,"N"
"4295",59.65302,90.66744,316.35,0.41,0.37,"2026-07-09",2042,"N20","nominal","2.0NRT",279.48,1.08,"N"
"4296",59.70539,90.37139,320.46,0.4,0.37,"2026-07-09",2042,"N20","nominal","2.0NRT",282.42,2.49,"N"
"4297",59.70412,90.3782,332.6,0.4,0.37,"2026-07-09",2042,"N20","nominal","2.0NRT",285.52,7.17,"N"
"4298",59.82404,89.72955,298.13,0.4,0.37,"2026-07-09",2042,"N20","nominal","2.0NRT",278,1.09,"N"
"4299",59.70668,90.36459,312.46,0.4,0.37,"2026-07-09",2042,"N20","nominal","2.0NRT",280.31,2.49,"N"
"4300",59.6498,90.66504,298.27,0.41,0.37,"2026-07-09",2042,"N20","nominal","2.0NRT",279.81,1.08,"N"
"4301",59.64851,90.67184,300.09,0.41,0.37,"2026-07-09",2042,"N20","nominal","2.0NRT",280.64,1.08,"N"
"4302",59.70347,90.36224,333.79,0.4,0.37,"2026-07-09",2042,"N20","nominal","2.0NRT",284.72,5.01,"N"
"4303",59.70091,90.37585,332.25,0.4,0.37,"2026-07-09",2042,"N20","nominal","2.0NRT",284.26,3.13,"N"
"4304",59.70219,90.36903,318.35,0.4,0.37,"2026-07-09",2042,"N20","nominal","2.0NRT",284.43,5.01,"N"
"4305",59.64659,90.66264,308.41,0.41,0.37,"2026-07-09",2042,"N20","nominal","2.0NRT",279.65,1.08,"N"
"4306",59.64529,90.66944,304.77,0.41,0.37,"2026-07-09",2042,"N20","nominal","2.0NRT",280.21,1.08,"N"
"4307",59.70026,90.3599,342.68,0.4,0.37,"2026-07-09",2042,"N20","nominal","2.0NRT",283.85,5.01,"N"
"4308",59.69898,90.36671,337.51,0.4,0.37,"2026-07-09",2042,"N20","nominal","2.0NRT",287.99,5.01,"N"
"4309",59.6977,90.37352,327.82,0.4,0.37,"2026-07-09",2042,"N20","nominal","2.0NRT",284.05,3.13,"N"
"4310",59.64338,90.66025,311.62,0.41,0.37,"2026-07-09",2042,"N20","nominal","2.0NRT",279.47,1.08,"N"
"4311",59.69577,90.36437,350.12,0.4,0.37,"2026-07-09",2042,"N20","nominal","2.0NRT",287.87,6.33,"N"
"4312",59.69449,90.37119,332.16,0.4,0.37,"2026-07-09",2042,"N20","nominal","2.0NRT",284.3,2.74,"N"
"4313",59.69256,90.36204,332.45,0.4,0.37,"2026-07-09",2042,"N20","nominal","2.0NRT",278.6,6.33,"N"
"4314",59.69128,90.36884,317.45,0.4,0.37,"2026-07-09",2042,"N20","nominal","2.0NRT",279.42,2.74,"N"
"4315",59.68745,90.38916,316.22,0.4,0.37,"2026-07-09",2042,"N20","nominal","2.0NRT",281.38,1.68,"N"
"4316",59.68617,90.396,309.01,0.4,0.37,"2026-07-09",2042,"N20","nominal","2.0NRT",280.73,0.99,"N"
"4317",59.68553,90.38001,330.75,0.4,0.37,"2026-07-09",2042,"N20","nominal","2.0NRT",283.43,2.99,"N"
"4318",59.68296,90.39362,326.01,0.4,0.37,"2026-07-09",2042,"N20","nominal","2.0NRT",282.72,1.88,"N"
"4319",59.68425,90.3868,314.4,0.4,0.37,"2026-07-09",2042,"N20","nominal","2.0NRT",283.01,2.99,"N"
"4320",59.65846,90.52317,299.78,0.41,0.37,"2026-07-09",2042,"N20","nominal","2.0NRT",280.23,1.93,"N"
"4321",59.65525,90.5208,330.71,0.41,0.37,"2026-07-09",2042,"N20","nominal","2.0NRT",282.8,1.93,"N"
"4322",59.68105,90.38445,306.33,0.4,0.37,"2026-07-09",2042,"N20","nominal","2.0NRT",279.37,2.99,"N"
"4323",59.67976,90.39124,302.68,0.4,0.37,"2026-07-09",2042,"N20","nominal","2.0NRT",279.55,1.88,"N"
"4324",59.65395,90.52763,299.25,0.41,0.37,"2026-07-09",2042,"N20","nominal","2.0NRT",279.83,1.2,"N"
"4325",61.75283,66.95448,347.4,0.44,0.63,"2026-07-09",2042,"N20","nominal","2.0NRT",287.85,4.03,"N"
"4326",59.65204,90.51842,339.68,0.41,0.37,"2026-07-09",2042,"N20","nominal","2.0NRT",285.15,4.61,"N"
"4327",59.65074,90.52526,336.99,0.41,0.37,"2026-07-09",2042,"N20","nominal","2.0NRT",283.23,3.07,"N"
"4328",59.65334,90.51159,319.07,0.41,0.37,"2026-07-09",2042,"N20","nominal","2.0NRT",280.21,4.61,"N"
"4329",59.64883,90.51607,348.1,0.41,0.37,"2026-07-09",2042,"N20","nominal","2.0NRT",284.87,4.61,"N"
"4330",59.64752,90.5229,303.51,0.41,0.37,"2026-07-09",2042,"N20","nominal","2.0NRT",279.68,3.07,"N"
"4331",61.73316,66.44762,310.28,0.46,0.64,"2026-07-09",2042,"N20","nominal","2.0NRT",287.62,1.22,"N"
"4332",59.53812,90.7478,296.11,0.41,0.37,"2026-07-09",2042,"N20","nominal","2.0NRT",278.31,0.91,"N"
"4333",59.52787,90.72448,301.1,0.41,0.37,"2026-07-09",2042,"N20","nominal","2.0NRT",277.34,1.48,"N"
"4334",59.52332,90.72894,320.13,0.41,0.37,"2026-07-09",2042,"N20","nominal","2.0NRT",279.38,1.48,"N"
"4335",59.5201,90.72654,296.57,0.41,0.37,"2026-07-09",2042,"N20","nominal","2.0NRT",274.81,0.41,"N"
"4336",59.85975,88.75008,340.32,0.39,0.36,"2026-07-09",2042,"N20","nominal","2.0NRT",280.78,1.8,"N"
"4337",59.8609,88.74344,303.12,0.39,0.36,"2026-07-09",2042,"N20","nominal","2.0NRT",277.83,1.8,"N"
"4338",59.8586,88.75671,297.06,0.39,0.36,"2026-07-09",2042,"N20","nominal","2.0NRT",277.45,1.15,"N"
"4339",59.85888,88.73463,330.01,0.39,0.36,"2026-07-09",2042,"N20","nominal","2.0NRT",281.26,2.75,"N"
"4340",59.85772,88.74126,305.04,0.39,0.36,"2026-07-09",2042,"N20","nominal","2.0NRT",281.25,1.8,"N"
"4341",59.85658,88.7479,296.75,0.39,0.36,"2026-07-09",2042,"N20","nominal","2.0NRT",280.22,1.8,"N"
"4342",59.858,88.71918,329.9,0.39,0.36,"2026-07-09",2042,"N20","nominal","2.0NRT",280.07,2.16,"N"
"4343",59.85685,88.72581,326.55,0.39,0.36,"2026-07-09",2042,"N20","nominal","2.0NRT",280.45,2.01,"N"
"4344",59.8557,88.73245,310.56,0.39,0.36,"2026-07-09",2042,"N20","nominal","2.0NRT",281.69,2.01,"N"
"4345",59.85712,88.70375,303.38,0.39,0.36,"2026-07-09",2042,"N20","nominal","2.0NRT",278.02,0.63,"N"
"4346",59.85597,88.71038,317.79,0.39,0.36,"2026-07-09",2042,"N20","nominal","2.0NRT",282.01,2.16,"N"
"4347",59.85483,88.717,316.68,0.39,0.36,"2026-07-09",2042,"N20","nominal","2.0NRT",279.91,2.16,"N"
"4348",59.85395,88.70158,336.26,0.39,0.36,"2026-07-09",2042,"N20","nominal","2.0NRT",280.69,3.46,"N"
"4349",59.8528,88.70821,295.27,0.39,0.36,"2026-07-09",2042,"N20","nominal","2.0NRT",280.48,1.8,"N"
"4350",59.54919,90.38184,298.82,0.4,0.37,"2026-07-09",2042,"N20","nominal","2.0NRT",274.95,1.09,"N"
"4351",59.5479,90.38863,312.11,0.4,0.37,"2026-07-09",2042,"N20","nominal","2.0NRT",277.49,1.09,"N"
"4352",59.54662,90.39542,299.2,0.4,0.37,"2026-07-09",2042,"N20","nominal","2.0NRT",277.43,0.78,"N"
"4353",59.85077,88.69941,326.36,0.39,0.36,"2026-07-09",2042,"N20","nominal","2.0NRT",278.63,3.46,"N"
"4354",59.84962,88.70604,326.89,0.39,0.36,"2026-07-09",2042,"N20","nominal","2.0NRT",282.13,1.8,"N"
"4355",59.84847,88.71266,295.14,0.39,0.36,"2026-07-09",2042,"N20","nominal","2.0NRT",280.51,1.8,"N"
"4356",59.5434,90.39306,295.87,0.4,0.37,"2026-07-09",2042,"N20","nominal","2.0NRT",277.05,0.78,"N"
"4357",59.54211,90.39986,299.83,0.41,0.37,"2026-07-09",2042,"N20","nominal","2.0NRT",277.83,0.78,"N"
"4358",59.84645,88.70387,314.31,0.39,0.36,"2026-07-09",2042,"N20","nominal","2.0NRT",281.13,1.79,"N"
"4359",61.60809,67.80844,324.5,0.41,0.61,"2026-07-09",2042,"N20","nominal","2.0NRT",287.89,2.65,"N"
"4360",61.60807,67.81638,320.52,0.41,0.61,"2026-07-09",2042,"N20","nominal","2.0NRT",288.86,2.56,"N"
"4361",59.84327,88.70169,324.14,0.39,0.36,"2026-07-09",2042,"N20","nominal","2.0NRT",280.6,1.79,"N"
"4362",59.52668,90.40405,296.25,0.41,0.37,"2026-07-09",2042,"N20","nominal","2.0NRT",274.49,0.51,"N"
"4363",61.61173,67.8116,338.62,0.41,0.61,"2026-07-09",2042,"N20","nominal","2.0NRT",288.13,3.43,"N"
"4364",59.40985,90.80236,310.78,0.41,0.37,"2026-07-09",2042,"N20","nominal","2.0NRT",277.28,1.4,"N"
"4365",59.48566,90.36705,328.13,0.41,0.37,"2026-07-09",2042,"N20","nominal","2.0NRT",281.25,2.83,"N"
"4366",59.53649,90.09633,316.42,0.4,0.37,"2026-07-09",2042,"N20","nominal","2.0NRT",279.72,1.98,"N"
"4367",59.48438,90.37385,295.24,0.41,0.37,"2026-07-09",2042,"N20","nominal","2.0NRT",278.91,0.83,"N"
"4368",59.53455,90.08726,312.34,0.4,0.37,"2026-07-09",2042,"N20","nominal","2.0NRT",278.16,1.41,"N"
"4369",59.48116,90.37149,298.24,0.41,0.37,"2026-07-09",2042,"N20","nominal","2.0NRT",279.82,1.19,"N"
"4370",59.46832,90.36209,295.32,0.41,0.37,"2026-07-09",2042,"N20","nominal","2.0NRT",277.63,0.56,"N"
"4371",59.44056,90.48888,337.17,0.41,0.37,"2026-07-09",2042,"N20","nominal","2.0NRT",279.6,2.78,"N"
"4372",59.43924,90.49572,339.48,0.41,0.37,"2026-07-09",2042,"N20","nominal","2.0NRT",281.36,4.34,"N"
"4373",59.44185,90.48206,314.13,0.41,0.37,"2026-07-09",2042,"N20","nominal","2.0NRT",277.13,2.78,"N"
"4374",59.43993,90.4729,326.79,0.41,0.37,"2026-07-09",2042,"N20","nominal","2.0NRT",278.62,2.16,"N"
"4375",59.43864,90.47968,337.56,0.41,0.37,"2026-07-09",2042,"N20","nominal","2.0NRT",284.9,2.37,"N"
"4376",59.43603,90.49334,324.14,0.41,0.37,"2026-07-09",2042,"N20","nominal","2.0NRT",282.63,2.59,"N"
"4377",59.51785,90.05989,306.27,0.4,0.37,"2026-07-09",2042,"N20","nominal","2.0NRT",277.53,1.6,"N"
"4378",59.50526,90.12716,295.85,0.4,0.37,"2026-07-09",2042,"N20","nominal","2.0NRT",279.33,0.5,"N"
"4379",59.44769,90.43221,295.25,0.41,0.37,"2026-07-09",2042,"N20","nominal","2.0NRT",276.76,1.32,"N"
"4380",59.43734,90.48651,310.47,0.41,0.37,"2026-07-09",2042,"N20","nominal","2.0NRT",281.94,2.37,"N"
"4381",59.43671,90.47054,316.81,0.41,0.37,"2026-07-09",2042,"N20","nominal","2.0NRT",278.58,2.16,"N"
"4382",59.43542,90.47733,299.4,0.41,0.37,"2026-07-09",2042,"N20","nominal","2.0NRT",280.25,2.37,"N"
"4383",59.43152,90.49778,318.38,0.41,0.37,"2026-07-09",2042,"N20","nominal","2.0NRT",281.3,2.59,"N"
"4384",61.51432,70.06683,298.62,0.35,0.57,"2026-07-09",2042,"N20","nominal","2.0NRT",285.76,0.62,"N"
"4385",61.51419,70.0735,299.23,0.35,0.57,"2026-07-09",2042,"N20","nominal","2.0NRT",285.7,0.62,"N"
"4386",61.51404,70.08016,301.31,0.35,0.57,"2026-07-09",2042,"N20","nominal","2.0NRT",286.68,0.63,"N"
"4387",59.43221,90.47497,297.62,0.41,0.37,"2026-07-09",2042,"N20","nominal","2.0NRT",279.66,0.64,"N"
"4388",59.4283,90.49541,300.59,0.41,0.37,"2026-07-09",2042,"N20","nominal","2.0NRT",279.35,0.95,"N"
"4389",59.427,90.50224,304.94,0.41,0.37,"2026-07-09",2042,"N20","nominal","2.0NRT",280.2,0.96,"N"
"4390",60.30482,85.19136,296.46,0.39,0.37,"2026-07-09",2042,"N20","nominal","2.0NRT",278.93,0.77,"N"
"4391",60.30384,85.19832,298.56,0.39,0.36,"2026-07-09",2042,"N20","nominal","2.0NRT",279.2,0.77,"N"
"4392",59.42377,90.49991,305.33,0.41,0.37,"2026-07-09",2042,"N20","nominal","2.0NRT",279.15,0.96,"N"
"4393",60.30058,85.19644,321.29,0.39,0.36,"2026-07-09",2042,"N20","nominal","2.0NRT",280.62,1.6,"N"
"4394",60.30157,85.18948,305.5,0.39,0.37,"2026-07-09",2042,"N20","nominal","2.0NRT",276.88,1.6,"N"
"4395",61.52682,66.66842,298.05,0.45,0.63,"2026-07-09",2042,"N20","nominal","2.0NRT",287.17,0.42,"N"
"4396",59.42192,90.45197,325.07,0.41,0.37,"2026-07-09",2042,"N20","nominal","2.0NRT",279.57,1.45,"N"
"4397",59.42001,90.4428,306.66,0.41,0.37,"2026-07-09",2042,"N20","nominal","2.0NRT",278.08,1.15,"N"
"4398",59.4187,90.44959,311.5,0.41,0.37,"2026-07-09",2042,"N20","nominal","2.0NRT",280.58,1.45,"N"
"4399",59.41741,90.45638,297.28,0.41,0.37,"2026-07-09",2042,"N20","nominal","2.0NRT",278.62,1.45,"N"
"4400",59.41809,90.43365,328.43,0.41,0.37,"2026-07-09",2042,"N20","nominal","2.0NRT",281.53,1.75,"N"
"4401",59.41679,90.44044,297.78,0.41,0.37,"2026-07-09",2042,"N20","nominal","2.0NRT",280.67,1.75,"N"
"4402",59.49279,90.01889,297.24,0.4,0.37,"2026-07-09",2042,"N20","nominal","2.0NRT",276.75,1.01,"N"
"4403",59.39861,90.49708,311.22,0.41,0.37,"2026-07-09",2042,"N20","nominal","2.0NRT",277.45,0.87,"N"
"4404",61.48908,66.29102,302.42,0.47,0.64,"2026-07-09",2042,"N20","nominal","2.0NRT",287.63,0.42,"N"
"4405",59.4738,90.08144,301.71,0.4,0.37,"2026-07-09",2042,"N20","nominal","2.0NRT",280,1.07,"N"
"4406",59.39539,90.49473,304.67,0.41,0.37,"2026-07-09",2042,"N20","nominal","2.0NRT",278.44,0.87,"N"
"4407",59.47059,90.07913,307,0.4,0.37,"2026-07-09",2042,"N20","nominal","2.0NRT",280.96,1.36,"N"
"4408",59.4674,90.07681,309.51,0.4,0.37,"2026-07-09",2042,"N20","nominal","2.0NRT",281.03,1.36,"N"
"4409",59.47678,90.00735,312.5,0.4,0.37,"2026-07-09",2042,"N20","nominal","2.0NRT",278.5,1.28,"N"
"4410",59.43105,90.25008,303.13,0.4,0.37,"2026-07-09",2042,"N20","nominal","2.0NRT",275.75,1.08,"N"
"4411",60.22832,85.43188,296.21,0.39,0.36,"2026-07-09",2042,"N20","nominal","2.0NRT",283.5,0.99,"N"
"4412",60.22734,85.43879,311.38,0.39,0.36,"2026-07-09",2042,"N20","nominal","2.0NRT",280.03,0.99,"N"
"4413",59.47358,90.00503,307.75,0.4,0.37,"2026-07-09",2042,"N20","nominal","2.0NRT",277.9,1.28,"N"
"4414",59.47232,90.01173,301.06,0.4,0.37,"2026-07-09",2042,"N20","nominal","2.0NRT",279.59,1.59,"N"
"4415",59.424,90.26802,297.44,0.4,0.37,"2026-07-09",2042,"N20","nominal","2.0NRT",275.15,0.67,"N"
"4416",60.22643,85.43093,303.5,0.39,0.36,"2026-07-09",2042,"N20","nominal","2.0NRT",282.37,1.35,"N"
"4417",60.22543,85.43784,296.22,0.39,0.36,"2026-07-09",2042,"N20","nominal","2.0NRT",279.06,0.75,"N"
"4418",59.47125,90.01105,308.3,0.4,0.37,"2026-07-09",2042,"N20","nominal","2.0NRT",280.33,1.16,"N"
"4419",59.4233,90.26766,296.06,0.4,0.37,"2026-07-09",2042,"N20","nominal","2.0NRT",274.75,0.63,"N"
"4420",59.46804,90.00873,304.87,0.4,0.37,"2026-07-09",2042,"N20","nominal","2.0NRT",279.57,1.16,"N"
"4421",59.4668,90.01541,311.2,0.4,0.37,"2026-07-09",2042,"N20","nominal","2.0NRT",281.92,1.31,"N"
"4422",59.46556,90.02211,301.43,0.4,0.37,"2026-07-09",2042,"N20","nominal","2.0NRT",281.19,1.31,"N"
"4423",59.4618,90.04233,299.17,0.4,0.37,"2026-07-09",2042,"N20","nominal","2.0NRT",278.73,1.26,"N"
"4424",59.46055,90.04908,314.37,0.4,0.37,"2026-07-09",2042,"N20","nominal","2.0NRT",281.03,1.26,"N"
"4425",59.45804,90.06254,312.54,0.4,0.37,"2026-07-09",2042,"N20","nominal","2.0NRT",281.35,2.32,"N"
"4426",59.45678,90.06927,302.87,0.4,0.37,"2026-07-09",2042,"N20","nominal","2.0NRT",280.63,1.04,"N"
"4427",59.38933,90.42822,317.18,0.41,0.37,"2026-07-09",2042,"N20","nominal","2.0NRT",279.89,1.78,"N"
"4428",59.38804,90.43504,304.62,0.41,0.37,"2026-07-09",2042,"N20","nominal","2.0NRT",280.09,1.32,"N"
"4429",59.46361,90.01309,307.43,0.4,0.37,"2026-07-09",2042,"N20","nominal","2.0NRT",280.88,1.34,"N"
"4430",59.46236,90.01979,314.55,0.4,0.37,"2026-07-09",2042,"N20","nominal","2.0NRT",282.58,1.34,"N"
"4431",59.45735,90.04675,304.8,0.4,0.37,"2026-07-09",2042,"N20","nominal","2.0NRT",278.38,0.8,"N"
"4432",59.38289,90.4235,296.46,0.41,0.37,"2026-07-09",2042,"N20","nominal","2.0NRT",278.61,1.17,"N"
"4433",59.3816,90.43032,303.6,0.41,0.37,"2026-07-09",2042,"N20","nominal","2.0NRT",279.4,1.31,"N"
"4434",59.37967,90.42115,296.59,0.41,0.37,"2026-07-09",2042,"N20","nominal","2.0NRT",280.22,1,"N"
"4435",59.27358,90.95344,326.43,0.42,0.37,"2026-07-09",2042,"N20","nominal","2.0NRT",279.52,3.13,"N"
"4436",59.4364,90.10055,305.32,0.4,0.37,"2026-07-09",2042,"N20","nominal","2.0NRT",276.46,0.8,"N"
"4437",59.38033,90.39838,302.79,0.41,0.37,"2026-07-09",2042,"N20","nominal","2.0NRT",279.95,1.69,"N"
"4438",59.37774,90.412,301.96,0.41,0.37,"2026-07-09",2042,"N20","nominal","2.0NRT",281.19,1,"N"
"4439",59.27222,90.96036,311.95,0.42,0.37,"2026-07-09",2042,"N20","nominal","2.0NRT",276.4,1.16,"N"
"4440",59.43446,90.09148,311.27,0.4,0.37,"2026-07-09",2042,"N20","nominal","2.0NRT",278.52,1.34,"N"
"4441",59.43319,90.09824,310.66,0.4,0.37,"2026-07-09",2042,"N20","nominal","2.0NRT",277.19,1.68,"N"
"4442",59.37582,90.40285,309.37,0.41,0.37,"2026-07-09",2042,"N20","nominal","2.0NRT",281.63,2.05,"N"
"4443",59.37453,90.40968,310.5,0.41,0.37,"2026-07-09",2042,"N20","nominal","2.0NRT",281.42,1.68,"N"
"4444",59.39572,90.27835,299.86,0.41,0.37,"2026-07-09",2042,"N20","nominal","2.0NRT",278.36,0.71,"N"
"4445",59.38932,90.31226,299.91,0.41,0.37,"2026-07-09",2042,"N20","nominal","2.0NRT",277.53,0.78,"N"
"4446",59.26845,90.94166,302.18,0.42,0.37,"2026-07-09",2042,"N20","nominal","2.0NRT",278.17,1.53,"N"
"4447",59.3861,90.30992,329.81,0.41,0.37,"2026-07-09",2042,"N20","nominal","2.0NRT",281.64,3.39,"N"
"4448",59.37712,90.35741,300.28,0.41,0.37,"2026-07-09",2042,"N20","nominal","2.0NRT",278.02,0.73,"N"
"4449",59.26521,90.93922,315.64,0.42,0.37,"2026-07-09",2042,"N20","nominal","2.0NRT",279.46,1.29,"N"
"4450",59.26386,90.94614,297.64,0.42,0.37,"2026-07-09",2042,"N20","nominal","2.0NRT",281.03,1.29,"N"
"4451",59.26197,90.93678,325.79,0.42,0.37,"2026-07-09",2042,"N20","nominal","2.0NRT",279.4,1.29,"N"
"4452",59.26063,90.9437,297.68,0.42,0.37,"2026-07-09",2042,"N20","nominal","2.0NRT",280.98,1.29,"N"
"4453",59.25792,90.95756,300.53,0.42,0.37,"2026-07-09",2042,"N20","nominal","2.0NRT",278.46,1.53,"N"
"4454",59.25739,90.94127,337.27,0.42,0.37,"2026-07-09",2042,"N20","nominal","2.0NRT",283.18,2.76,"N"
"4455",61.48623,66.29308,298.38,0.46,0.64,"2026-07-09",2042,"N20","nominal","2.0NRT",287.87,0.42,"N"
"4456",59.37968,90.30521,302.65,0.41,0.37,"2026-07-09",2042,"N20","nominal","2.0NRT",280.5,1.22,"N"
"4457",59.25874,90.93435,310.79,0.42,0.37,"2026-07-09",2042,"N20","nominal","2.0NRT",277.73,2.76,"N"
"4458",59.25603,90.94819,310.85,0.42,0.37,"2026-07-09",2042,"N20","nominal","2.0NRT",281.37,2.52,"N"
"4459",59.25415,90.93884,328.69,0.42,0.37,"2026-07-09",2042,"N20","nominal","2.0NRT",280.52,2.76,"N"
"4460",59.25279,90.94578,327.81,0.42,0.37,"2026-07-09",2042,"N20","nominal","2.0NRT",282.47,2.52,"N"
"4461",59.3739,90.31645,302.49,0.41,0.37,"2026-07-09",2042,"N20","nominal","2.0NRT",277.88,0.71,"N"
"4462",59.35843,90.39794,308.06,0.41,0.37,"2026-07-09",2042,"N20","nominal","2.0NRT",281.14,1.13,"N"
"4463",59.37069,90.31411,297.55,0.41,0.37,"2026-07-09",2042,"N20","nominal","2.0NRT",277.87,0.77,"N"
"4464",59.35521,90.39561,318.38,0.41,0.37,"2026-07-09",2042,"N20","nominal","2.0NRT",279.7,2.17,"N"
"4465",59.25091,90.93645,314.12,0.42,0.37,"2026-07-09",2042,"N20","nominal","2.0NRT",277.19,2.12,"N"
"4466",59.24955,90.94337,303.74,0.42,0.37,"2026-07-09",2042,"N20","nominal","2.0NRT",277.54,1.05,"N"
"4467",59.35458,90.37968,296.85,0.41,0.37,"2026-07-09",2042,"N20","nominal","2.0NRT",279.03,0.99,"N"
"4468",59.36297,90.31621,296.49,0.41,0.37,"2026-07-09",2042,"N20","nominal","2.0NRT",278.61,0.65,"N"
"4469",59.35782,90.34335,299.89,0.41,0.37,"2026-07-09",2042,"N20","nominal","2.0NRT",278.97,0.98,"N"
"4470",59.35653,90.35015,317.03,0.41,0.37,"2026-07-09",2042,"N20","nominal","2.0NRT",281.51,1.5,"N"
"4471",59.35524,90.35693,300.83,0.41,0.37,"2026-07-09",2042,"N20","nominal","2.0NRT",280.02,1.5,"N"
"4472",59.35395,90.36374,297.69,0.41,0.37,"2026-07-09",2042,"N20","nominal","2.0NRT",280.58,1.04,"N"
"4473",59.41191,90.03693,298.92,0.4,0.37,"2026-07-09",2042,"N20","nominal","2.0NRT",278.99,1.17,"N"
"4474",59.35975,90.31387,302.07,0.41,0.37,"2026-07-09",2042,"N20","nominal","2.0NRT",278.26,0.65,"N"
"4475",59.3546,90.34103,306.45,0.41,0.37,"2026-07-09",2042,"N20","nominal","2.0NRT",278.67,0.98,"N"
"4476",59.35331,90.34782,319.56,0.41,0.37,"2026-07-09",2042,"N20","nominal","2.0NRT",280.91,1.5,"N"
"4477",59.35009,90.34548,334.56,0.41,0.37,"2026-07-09",2042,"N20","nominal","2.0NRT",281.42,3.75,"N"
"4478",59.40745,90.04135,297.61,0.4,0.37,"2026-07-09",2042,"N20","nominal","2.0NRT",279.85,1.19,"N"
"4479",59.35395,90.32512,295.96,0.41,0.37,"2026-07-09",2042,"N20","nominal","2.0NRT",277.2,1.2,"N"
"4480",59.35138,90.33868,305.69,0.41,0.37,"2026-07-09",2042,"N20","nominal","2.0NRT",278.8,1.58,"N"
"4481",59.40298,90.04578,299.79,0.4,0.37,"2026-07-09",2042,"N20","nominal","2.0NRT",280.38,1.27,"N"
"4482",59.35075,90.32278,319.42,0.41,0.37,"2026-07-09",2042,"N20","nominal","2.0NRT",278.64,1.2,"N"
"4483",59.34816,90.33634,307.91,0.41,0.37,"2026-07-09",2042,"N20","nominal","2.0NRT",278.2,1.58,"N"
"4484",61.42977,67.26366,312.22,0.43,0.62,"2026-07-09",2042,"N20","nominal","2.0NRT",287.45,1.43,"N"
"4485",59.69014,88.38448,295.08,0.39,0.36,"2026-07-09",2042,"N20","nominal","2.0NRT",276.49,3.88,"N"
"4486",59.67427,88.47683,302.44,0.39,0.36,"2026-07-09",2042,"N20","nominal","2.0NRT",276.12,1.51,"N"
"4487",59.6881,88.37575,329.05,0.39,0.36,"2026-07-09",2042,"N20","nominal","2.0NRT",279.78,3.88,"N"
"4488",59.68697,88.38235,346.71,0.39,0.36,"2026-07-09",2042,"N20","nominal","2.0NRT",285.01,3.88,"N"
"4489",59.68584,88.38894,327.22,0.39,0.36,"2026-07-09",2042,"N20","nominal","2.0NRT",281.26,2.75,"N"
"4490",59.67337,88.4615,295.05,0.39,0.36,"2026-07-09",2042,"N20","nominal","2.0NRT",275.04,0.72,"N"
"4491",59.68493,88.37363,340.06,0.39,0.36,"2026-07-09",2042,"N20","nominal","2.0NRT",284.23,3.94,"N"
"4492",59.68266,88.3868,323.46,0.39,0.36,"2026-07-09",2042,"N20","nominal","2.0NRT",281.14,2.23,"N"
"4493",59.68379,88.38022,303.27,0.39,0.36,"2026-07-09",2042,"N20","nominal","2.0NRT",281.29,3.94,"N"
"4494",59.68174,88.37149,336.08,0.39,0.36,"2026-07-09",2042,"N20","nominal","2.0NRT",283.09,3.94,"N"
"4495",59.67722,88.39785,327.18,0.39,0.36,"2026-07-09",2042,"N20","nominal","2.0NRT",280.19,2.55,"N"
"4496",59.68288,88.36491,306.92,0.39,0.36,"2026-07-09",2042,"N20","nominal","2.0NRT",278.98,1.16,"N"
"4497",59.67835,88.39126,312.37,0.39,0.36,"2026-07-09",2042,"N20","nominal","2.0NRT",280.43,2.23,"N"
"4498",59.67405,88.39572,328.86,0.39,0.36,"2026-07-09",2042,"N20","nominal","2.0NRT",281.09,1.83,"N"
"4499",59.67292,88.40232,304.14,0.39,0.36,"2026-07-09",2042,"N20","nominal","2.0NRT",277.77,1.83,"N"
"4500",59.66973,88.40018,310.61,0.39,0.36,"2026-07-09",2042,"N20","nominal","2.0NRT",280.09,1.83,"N"
"4501",59.6686,88.40678,318.39,0.39,0.36,"2026-07-09",2042,"N20","nominal","2.0NRT",280.26,1.34,"N"
"4502",59.66747,88.41337,302.02,0.39,0.36,"2026-07-09",2042,"N20","nominal","2.0NRT",276.96,1.34,"N"
"4503",59.66429,88.41125,303.27,0.39,0.36,"2026-07-09",2042,"N20","nominal","2.0NRT",278.4,1.03,"N"
"4504",59.66111,88.40912,296.74,0.39,0.36,"2026-07-09",2042,"N20","nominal","2.0NRT",277.04,1.03,"N"
"4505",59.65997,88.41571,318.7,0.39,0.36,"2026-07-09",2042,"N20","nominal","2.0NRT",278.37,2.19,"N"
"4506",59.67939,88.28181,301.42,0.39,0.36,"2026-07-09",2042,"N20","nominal","2.0NRT",276.37,1.22,"N"
"4507",59.67826,88.28839,307.54,0.39,0.36,"2026-07-09",2042,"N20","nominal","2.0NRT",278.22,1.22,"N"
"4508",59.67601,88.30157,297.34,0.39,0.36,"2026-07-09",2042,"N20","nominal","2.0NRT",275.25,0.96,"N"
"4509",59.6568,88.41359,302.16,0.39,0.36,"2026-07-09",2042,"N20","nominal","2.0NRT",275.63,1.27,"N"
"4510",59.65249,88.25698,320.82,0.39,0.36,"2026-07-09",2042,"N20","nominal","2.0NRT",277.85,1.88,"N"
"4511",59.65361,88.2504,310.16,0.39,0.36,"2026-07-09",2042,"N20","nominal","2.0NRT",277.68,1.19,"N"
"4512",59.1372,91.06643,296.88,0.42,0.38,"2026-07-09",2042,"N20","nominal","2.0NRT",277.5,0.65,"N"
"4513",59.65043,88.24828,311.91,0.39,0.36,"2026-07-09",2042,"N20","nominal","2.0NRT",279.89,1.23,"N"
"4514",59.61661,88.44584,297.79,0.39,0.36,"2026-07-09",2042,"N20","nominal","2.0NRT",276.95,0.49,"N"
"4515",59.64838,88.23959,298.21,0.39,0.36,"2026-07-09",2042,"N20","nominal","2.0NRT",278.8,1.23,"N"
"4516",59.60934,88.42626,298.38,0.39,0.36,"2026-07-09",2042,"N20","nominal","2.0NRT",277.96,0.72,"N"
"4517",59.60367,88.45921,302.27,0.39,0.36,"2026-07-09",2042,"N20","nominal","2.0NRT",276.91,0.74,"N"
"4518",59.60254,88.46579,302.39,0.39,0.36,"2026-07-09",2042,"N20","nominal","2.0NRT",280.18,0.74,"N"
"4519",59.59936,88.46365,323.5,0.39,0.36,"2026-07-09",2042,"N20","nominal","2.0NRT",282.66,1.42,"N"
"4520",59.60617,88.42413,314.06,0.39,0.36,"2026-07-09",2042,"N20","nominal","2.0NRT",280.93,1.19,"N"
"4521",59.60049,88.45706,307.63,0.39,0.36,"2026-07-09",2042,"N20","nominal","2.0NRT",278.34,1.42,"N"
"4522",59.60298,88.42201,305.18,0.39,0.36,"2026-07-09",2042,"N20","nominal","2.0NRT",277.2,1.19,"N"
"4523",59.60186,88.42859,295.45,0.39,0.36,"2026-07-09",2042,"N20","nominal","2.0NRT",279.92,1.19,"N"
"4524",59.59618,88.46152,303.28,0.39,0.36,"2026-07-09",2042,"N20","nominal","2.0NRT",278.88,1.42,"N"
"4525",59.59504,88.46811,310.7,0.39,0.36,"2026-07-09",2042,"N20","nominal","2.0NRT",277.59,1.33,"N"
"4526",59.11174,91.0631,335.22,0.42,0.38,"2026-07-09",2042,"N20","nominal","2.0NRT",281.98,5.5,"N"
"4527",59.11037,91.07004,330.21,0.42,0.38,"2026-07-09",2042,"N20","nominal","2.0NRT",284.09,5.28,"N"
"4528",59.59981,88.41988,299.36,0.39,0.36,"2026-07-09",2042,"N20","nominal","2.0NRT",275.33,0.8,"N"
"4529",59.59867,88.42646,319.86,0.39,0.36,"2026-07-09",2042,"N20","nominal","2.0NRT",283.14,3.07,"N"
"4530",59.59641,88.43962,304.77,0.39,0.36,"2026-07-09",2042,"N20","nominal","2.0NRT",279.14,1.7,"N"
"4531",59.59187,88.46597,299.35,0.39,0.36,"2026-07-09",2042,"N20","nominal","2.0NRT",276.86,0.9,"N"
"4532",59.5955,88.42432,335.98,0.39,0.36,"2026-07-09",2042,"N20","nominal","2.0NRT",279.87,3.07,"N"
"4533",59.59437,88.43091,331.05,0.39,0.36,"2026-07-09",2042,"N20","nominal","2.0NRT",281.7,3.07,"N"
"4534",59.60682,88.35852,295.96,0.39,0.36,"2026-07-09",2042,"N20","nominal","2.0NRT",275.37,0.59,"N"
"4535",59.41047,89.46911,306.16,0.4,0.37,"2026-07-09",2042,"N20","nominal","2.0NRT",277.3,1.35,"N"
"4536",59.40485,89.48019,322.57,0.4,0.37,"2026-07-09",2042,"N20","nominal","2.0NRT",279.45,1.84,"N"
"4537",59.59119,88.42878,303.04,0.39,0.36,"2026-07-09",2042,"N20","nominal","2.0NRT",276.61,1.08,"N"
"4538",59.40727,89.46688,313.87,0.4,0.37,"2026-07-09",2042,"N20","nominal","2.0NRT",278.18,2.95,"N"
"4539",59.60158,88.34769,338.07,0.39,0.36,"2026-07-09",2042,"N20","nominal","2.0NRT",280.18,5.54,"N"
"4540",59.40408,89.46464,342.62,0.4,0.37,"2026-07-09",2042,"N20","nominal","2.0NRT",282.13,2.95,"N"
"4541",59.40287,89.47129,297.62,0.4,0.37,"2026-07-09",2042,"N20","nominal","2.0NRT",278.22,2.95,"N"
"4542",59.40165,89.47795,312.64,0.4,0.37,"2026-07-09",2042,"N20","nominal","2.0NRT",279.31,1.84,"N"
"4543",59.59841,88.34557,309.56,0.39,0.36,"2026-07-09",2042,"N20","nominal","2.0NRT",277.16,1.95,"N"
"4544",59.40089,89.4624,310.83,0.4,0.37,"2026-07-09",2042,"N20","nominal","2.0NRT",277.44,1.78,"N"
"4545",59.39846,89.47571,295.05,0.4,0.37,"2026-07-09",2042,"N20","nominal","2.0NRT",277.17,0.67,"N"
"4546",59.11645,90.96359,313.22,0.42,0.38,"2026-07-09",2042,"N20","nominal","2.0NRT",279.74,1.2,"N"
"4547",59.5941,88.35004,314.22,0.39,0.36,"2026-07-09",2042,"N20","nominal","2.0NRT",277.2,1.91,"N"
"4548",59.57938,88.43555,299.6,0.39,0.36,"2026-07-09",2042,"N20","nominal","2.0NRT",276.03,1.45,"N"
"4549",59.11185,90.96803,297.27,0.42,0.38,"2026-07-09",2042,"N20","nominal","2.0NRT",280.22,1.2,"N"
"4550",59.59092,88.34791,298.37,0.39,0.36,"2026-07-09",2042,"N20","nominal","2.0NRT",275.24,1.1,"N"
"4551",59.0922,91.04867,302.3,0.42,0.38,"2026-07-09",2042,"N20","nominal","2.0NRT",279.04,0.76,"N"
"4552",59.09082,91.05563,295.25,0.42,0.38,"2026-07-09",2042,"N20","nominal","2.0NRT",277.69,2.29,"N"
"4553",59.08757,91.05319,328.56,0.42,0.38,"2026-07-09",2042,"N20","nominal","2.0NRT",282.58,2.29,"N"
"4554",59.0862,91.06014,334.11,0.42,0.38,"2026-07-09",2042,"N20","nominal","2.0NRT",281.86,2.29,"N"
"4555",59.09032,91.03928,303.03,0.42,0.38,"2026-07-09",2042,"N20","nominal","2.0NRT",279.76,0.76,"N"
"4556",59.08896,91.04623,297.7,0.42,0.38,"2026-07-09",2042,"N20","nominal","2.0NRT",280.5,0.76,"N"
"4557",59.15725,90.67914,335.76,0.41,0.37,"2026-07-09",2042,"N20","nominal","2.0NRT",281.12,2.54,"N"
"4558",59.08295,91.05769,330.01,0.42,0.38,"2026-07-09",2042,"N20","nominal","2.0NRT",284.79,2.39,"N"
"4559",59.08157,91.06463,322.89,0.42,0.38,"2026-07-09",2042,"N20","nominal","2.0NRT",283.5,1.6,"N"
"4560",59.15402,90.67673,309.68,0.41,0.37,"2026-07-09",2042,"N20","nominal","2.0NRT",278.89,2.54,"N"
"4561",59.0797,91.05523,295.31,0.42,0.38,"2026-07-09",2042,"N20","nominal","2.0NRT",280.86,2.39,"N"
"4562",59.07832,91.06217,297.96,0.42,0.38,"2026-07-09",2042,"N20","nominal","2.0NRT",280.7,1.6,"N"
"4563",59.30417,89.86932,306.52,0.4,0.37,"2026-07-09",2042,"N20","nominal","2.0NRT",278.53,1.18,"N"
"4564",59.30292,89.87604,303.76,0.4,0.37,"2026-07-09",2042,"N20","nominal","2.0NRT",277.48,0.83,"N"
"4565",59.5818,88.29786,296.14,0.39,0.36,"2026-07-09",2042,"N20","nominal","2.0NRT",275.5,0.38,"N"
"4566",59.30096,89.86704,296.88,0.4,0.37,"2026-07-09",2042,"N20","nominal","2.0NRT",279.07,1.18,"N"
"4567",59.29971,89.87376,301.96,0.4,0.37,"2026-07-09",2042,"N20","nominal","2.0NRT",278.82,0.83,"N"
"4568",59.14754,90.67205,296.03,0.41,0.37,"2026-07-09",2042,"N20","nominal","2.0NRT",276.47,0.86,"N"
"4569",59.57863,88.29574,310.97,0.39,0.36,"2026-07-09",2042,"N20","nominal","2.0NRT",278.73,1.4,"N"
"4570",59.5775,88.30231,309.4,0.39,0.36,"2026-07-09",2042,"N20","nominal","2.0NRT",278.77,1.4,"N"
"4571",59.29776,89.86477,298.17,0.4,0.37,"2026-07-09",2042,"N20","nominal","2.0NRT",279.06,1.41,"N"
"4572",59.29651,89.87148,300.4,0.4,0.37,"2026-07-09",2042,"N20","nominal","2.0NRT",279.12,1.33,"N"
"4573",59.06856,91.05492,303.16,0.42,0.38,"2026-07-09",2042,"N20","nominal","2.0NRT",280.78,1.22,"N"
"4574",59.57432,88.30019,323.4,0.39,0.36,"2026-07-09",2042,"N20","nominal","2.0NRT",281.23,1.4,"N"
"4575",59.57544,88.29362,298.93,0.39,0.36,"2026-07-09",2042,"N20","nominal","2.0NRT",279.39,1.4,"N"
"4576",59.07078,91.0249,295.43,0.42,0.38,"2026-07-09",2042,"N20","nominal","2.0NRT",276.71,0.71,"N"
"4577",59.06392,91.05946,305.39,0.42,0.38,"2026-07-09",2042,"N20","nominal","2.0NRT",279.45,1.22,"N"
"4578",59.57452,88.27837,301.98,0.39,0.36,"2026-07-09",2042,"N20","nominal","2.0NRT",280.34,1.03,"N"
"4579",59.29259,89.85352,296.46,0.4,0.37,"2026-07-09",2042,"N20","nominal","2.0NRT",278.42,0.78,"N"
"4580",59.06752,91.02247,305.72,0.42,0.38,"2026-07-09",2042,"N20","nominal","2.0NRT",276.84,1.2,"N"
"4581",59.06615,91.02938,305.89,0.42,0.38,"2026-07-09",2042,"N20","nominal","2.0NRT",278.93,1.2,"N"
"4582",59.12795,90.69662,326.9,0.41,0.37,"2026-07-09",2042,"N20","nominal","2.0NRT",282.13,2.8,"N"
"4583",59.57021,88.28281,302.59,0.39,0.36,"2026-07-09",2042,"N20","nominal","2.0NRT",281.23,1.03,"N"
"4584",59.56908,88.28938,295.05,0.39,0.36,"2026-07-09",2042,"N20","nominal","2.0NRT",280.64,1.42,"N"
"4585",59.28939,89.85126,303.76,0.4,0.37,"2026-07-09",2042,"N20","nominal","2.0NRT",277.8,0.78,"N"
"4586",59.12661,90.7035,312.94,0.41,0.37,"2026-07-09",2042,"N20","nominal","2.0NRT",280.66,1.08,"N"
"4587",59.12526,90.71037,300.1,0.41,0.37,"2026-07-09",2042,"N20","nominal","2.0NRT",278.05,1.08,"N"
"4588",59.06291,91.02693,317.28,0.42,0.38,"2026-07-09",2042,"N20","nominal","2.0NRT",279.15,1.2,"N"
"4589",59.06153,91.03387,296.17,0.42,0.38,"2026-07-09",2042,"N20","nominal","2.0NRT",278.37,0.9,"N"
"4590",59.56704,88.28071,309.93,0.39,0.36,"2026-07-09",2042,"N20","nominal","2.0NRT",281.95,1.44,"N"
"4591",59.56591,88.28727,303.43,0.39,0.36,"2026-07-09",2042,"N20","nominal","2.0NRT",282.21,1.86,"N"
"4592",59.56478,88.29384,318.27,0.39,0.36,"2026-07-09",2042,"N20","nominal","2.0NRT",282.64,1.86,"N"
"4593",59.30986,89.72181,298.87,0.4,0.37,"2026-07-09",2042,"N20","nominal","2.0NRT",278.56,0.88,"N"
"4594",58.15381,95.13598,297.94,0.55,0.43,"2026-07-09",2042,"N20","nominal","2.0NRT",279.19,0.53,"N"
"4595",59.56274,88.28516,320.44,0.39,0.36,"2026-07-09",2042,"N20","nominal","2.0NRT",285.54,1.86,"N"
"4596",59.28423,89.84,321.72,0.4,0.37,"2026-07-09",2042,"N20","nominal","2.0NRT",278.42,2.06,"N"
"4597",59.28298,89.84668,335.04,0.4,0.37,"2026-07-09",2042,"N20","nominal","2.0NRT",281.52,3.49,"N"
"4598",59.56386,88.27859,311.32,0.39,0.36,"2026-07-09",2042,"N20","nominal","2.0NRT",280.71,1.44,"N"
"4599",59.09867,90.80828,302.47,0.42,0.37,"2026-07-09",2042,"N20","nominal","2.0NRT",276.97,1.52,"N"
"4600",59.55956,88.28305,298.93,0.39,0.36,"2026-07-09",2042,"N20","nominal","2.0NRT",279.49,0.9,"N"
"4601",59.27978,89.8444,304.43,0.4,0.37,"2026-07-09",2042,"N20","nominal","2.0NRT",279.06,0.95,"N"
"4602",59.27658,89.84211,297.03,0.4,0.37,"2026-07-09",2042,"N20","nominal","2.0NRT",277.97,0.95,"N"
"4603",59.27533,89.8488,314.31,0.4,0.37,"2026-07-09",2042,"N20","nominal","2.0NRT",278.59,0.95,"N"
"4604",59.2953,89.73415,296.67,0.4,0.37,"2026-07-09",2042,"N20","nominal","2.0NRT",280.14,1.25,"N"
"4605",59.27426,89.84803,314.02,0.4,0.37,"2026-07-09",2042,"N20","nominal","2.0NRT",278.96,0.82,"N"
"4606",59.27302,89.85474,295.19,0.4,0.37,"2026-07-09",2042,"N20","nominal","2.0NRT",275.83,0.82,"N"
"4607",59.27105,89.84574,298.34,0.4,0.37,"2026-07-09",2042,"N20","nominal","2.0NRT",277.53,0.82,"N"
"4608",59.2728,89.81672,301.78,0.4,0.37,"2026-07-09",2042,"N20","nominal","2.0NRT",277.48,2.87,"N"
"4609",59.27156,89.82339,317.53,0.4,0.37,"2026-07-09",2042,"N20","nominal","2.0NRT",280.58,2.87,"N"
"4610",59.26785,89.84346,298.43,0.4,0.37,"2026-07-09",2042,"N20","nominal","2.0NRT",278.27,0.53,"N"
"4611",59.26836,89.82111,337.49,0.4,0.37,"2026-07-09",2042,"N20","nominal","2.0NRT",283.63,2.87,"N"
"4612",59.28323,89.74075,296.75,0.4,0.37,"2026-07-09",2042,"N20","nominal","2.0NRT",277.88,0.53,"N"
"4613",59.26464,89.84117,297.93,0.4,0.37,"2026-07-09",2042,"N20","nominal","2.0NRT",277.96,0.53,"N"
"4614",59.26516,89.81883,342.08,0.4,0.37,"2026-07-09",2042,"N20","nominal","2.0NRT",280.29,5.49,"N"
"4615",59.26392,89.82551,307.5,0.4,0.37,"2026-07-09",2042,"N20","nominal","2.0NRT",278.78,1.06,"N"
"4616",59.08508,90.76704,300.13,0.42,0.37,"2026-07-09",2042,"N20","nominal","2.0NRT",278.4,0.69,"N"
"4617",59.27435,89.7496,303.32,0.4,0.37,"2026-07-09",2042,"N20","nominal","2.0NRT",279.5,1.29,"N"
"4618",59.27311,89.75632,304.09,0.4,0.37,"2026-07-09",2042,"N20","nominal","2.0NRT",279.33,1.1,"N"
"4619",59.2699,89.75406,322.02,0.4,0.37,"2026-07-09",2042,"N20","nominal","2.0NRT",280.51,1.91,"N"
"4620",59.27114,89.74733,296.48,0.4,0.37,"2026-07-09",2042,"N20","nominal","2.0NRT",279.13,1,"N"
"4621",59.2667,89.7518,311.21,0.4,0.37,"2026-07-09",2042,"N20","nominal","2.0NRT",280.18,1.91,"N"
"4622",59.0595,90.80324,320.76,0.42,0.37,"2026-07-09",2042,"N20","nominal","2.0NRT",279.14,2.19,"N"
"4623",59.06084,90.79637,305.67,0.42,0.37,"2026-07-09",2042,"N20","nominal","2.0NRT",277.2,0.94,"N"
"4624",59.02708,90.96856,313.28,0.42,0.38,"2026-07-09",2042,"N20","nominal","2.0NRT",279.66,1.53,"N"
"4625",59.02572,90.97544,308.77,0.42,0.38,"2026-07-09",2042,"N20","nominal","2.0NRT",280.47,1.53,"N"
"4626",59.05626,90.80082,327.68,0.42,0.37,"2026-07-09",2042,"N20","nominal","2.0NRT",280.58,3.38,"N"
"4627",59.02382,90.96616,304,0.42,0.38,"2026-07-09",2042,"N20","nominal","2.0NRT",280.3,1.9,"N"
"4628",59.02191,90.95693,317.59,0.42,0.38,"2026-07-09",2042,"N20","nominal","2.0NRT",276.48,1.59,"N"
"4629",59.02057,90.96376,317.63,0.42,0.38,"2026-07-09",2042,"N20","nominal","2.0NRT",280.82,1.9,"N"
"4630",59.05514,90.76853,304.01,0.42,0.37,"2026-07-09",2042,"N20","nominal","2.0NRT",278.19,1.1,"N"
"4631",59.09834,90.52687,296.73,0.41,0.37,"2026-07-09",2042,"N20","nominal","2.0NRT",277.91,0.97,"N"
"4632",59.05056,90.77303,304.14,0.42,0.37,"2026-07-09",2042,"N20","nominal","2.0NRT",279.19,1.1,"N"
"4633",59.03385,90.83941,340.8,0.42,0.37,"2026-07-09",2042,"N20","nominal","2.0NRT",279.99,6.54,"N"
"4634",59.03251,90.84624,326.37,0.42,0.37,"2026-07-09",2042,"N20","nominal","2.0NRT",280.85,3.92,"N"
"4635",59.03489,90.77721,298.49,0.42,0.37,"2026-07-09",2042,"N20","nominal","2.0NRT",278.78,0.46,"N"
"4636",59.06516,90.56491,318.1,0.41,0.37,"2026-07-09",2042,"N20","nominal","2.0NRT",276.69,1.89,"N"
"4637",59.05678,90.55099,297.67,0.41,0.37,"2026-07-09",2042,"N20","nominal","2.0NRT",276.06,0.78,"N"
"4638",59.0033,90.82462,303.46,0.42,0.37,"2026-07-09",2042,"N20","nominal","2.0NRT",278.61,0.82,"N"
"4639",59.00194,90.83148,300.06,0.42,0.37,"2026-07-09",2042,"N20","nominal","2.0NRT",279.62,0.82,"N"
"4640",59.05222,90.55543,298.78,0.41,0.37,"2026-07-09",2042,"N20","nominal","2.0NRT",278.46,1.18,"N"
"4641",59.04825,90.57588,297.47,0.41,0.37,"2026-07-09",2042,"N20","nominal","2.0NRT",276.92,0.61,"N"
"4642",58.9987,90.82909,297.19,0.42,0.37,"2026-07-09",2042,"N20","nominal","2.0NRT",279.32,0.77,"N"
"4643",58.99735,90.83595,303.88,0.42,0.37,"2026-07-09",2042,"N20","nominal","2.0NRT",279.8,1.6,"N"
"4644",58.99274,90.84047,320.86,0.42,0.37,"2026-07-09",2042,"N20","nominal","2.0NRT",281.33,1.6,"N"
"4645",59.03971,90.60076,298.08,0.41,0.37,"2026-07-09",2042,"N20","nominal","2.0NRT",279.38,0.55,"N"
"4646",59.03838,90.60759,295.28,0.41,0.37,"2026-07-09",2042,"N20","nominal","2.0NRT",278.77,0.55,"N"
"4647",58.99409,90.83358,308.81,0.42,0.37,"2026-07-09",2042,"N20","nominal","2.0NRT",279.99,1.6,"N"
"4648",59.03515,90.60522,328.32,0.41,0.37,"2026-07-09",2042,"N20","nominal","2.0NRT",281.2,2.84,"N"
"4649",59.03381,90.61205,327.23,0.41,0.37,"2026-07-09",2042,"N20","nominal","2.0NRT",282.17,5.38,"N"
"4650",59.04179,90.57114,301.32,0.41,0.37,"2026-07-09",2042,"N20","nominal","2.0NRT",278.76,0.85,"N"
"4651",59.04045,90.57796,299.76,0.41,0.37,"2026-07-09",2042,"N20","nominal","2.0NRT",278.21,0.85,"N"
"4652",58.93876,91.09353,319.13,0.42,0.38,"2026-07-09",2042,"N20","nominal","2.0NRT",276.93,2.5,"N"
"4653",59.02925,90.6165,343.77,0.41,0.37,"2026-07-09",2042,"N20","nominal","2.0NRT",286.67,5.38,"N"
"4654",58.93412,91.098,337.9,0.42,0.38,"2026-07-09",2042,"N20","nominal","2.0NRT",280.83,2.5,"N"
"4655",59.04252,90.54835,302.83,0.41,0.37,"2026-07-09",2042,"N20","nominal","2.0NRT",279.07,1.48,"N"
"4656",59.03987,90.56197,296.48,0.41,0.37,"2026-07-09",2042,"N20","nominal","2.0NRT",277.91,1.27,"N"
"4657",59.03855,90.56878,312.12,0.41,0.37,"2026-07-09",2042,"N20","nominal","2.0NRT",280.73,0.85,"N"
"4658",59.03058,90.60968,303.05,0.41,0.37,"2026-07-09",2042,"N20","nominal","2.0NRT",280.54,5.38,"N"
"4659",58.97942,90.87019,299.03,0.42,0.38,"2026-07-09",2042,"N20","nominal","2.0NRT",277.13,0.74,"N"
"4660",58.9355,91.09109,299.69,0.42,0.38,"2026-07-09",2042,"N20","nominal","2.0NRT",277.22,2.5,"N"
"4661",59.026,90.61415,333.1,0.41,0.37,"2026-07-09",2042,"N20","nominal","2.0NRT",283.03,2.5,"N"
"4662",59.02467,90.62099,322.17,0.41,0.37,"2026-07-09",2042,"N20","nominal","2.0NRT",281.32,1.89,"N"
"4663",59.03928,90.546,298.19,0.41,0.37,"2026-07-09",2042,"N20","nominal","2.0NRT",278.52,0.68,"N"
"4664",59.03531,90.56643,302.55,0.41,0.37,"2026-07-09",2042,"N20","nominal","2.0NRT",281.32,0.93,"N"
"4665",59.03605,90.54366,299.18,0.41,0.37,"2026-07-09",2042,"N20","nominal","2.0NRT",277.19,0.68,"N"
"4666",59.03472,90.55048,308.47,0.41,0.37,"2026-07-09",2042,"N20","nominal","2.0NRT",279.56,1.72,"N"
"4667",59.03207,90.56407,298.16,0.41,0.37,"2026-07-09",2042,"N20","nominal","2.0NRT",279.66,0.93,"N"
"4668",59.02277,90.6118,308.58,0.41,0.37,"2026-07-09",2042,"N20","nominal","2.0NRT",281.15,2.5,"N"
"4669",59.02143,90.61864,309.68,0.41,0.37,"2026-07-09",2042,"N20","nominal","2.0NRT",281.32,1.89,"N"
"4670",58.93449,91.05866,307.45,0.42,0.38,"2026-07-09",2042,"N20","nominal","2.0NRT",275.28,1.28,"N"
"4671",58.93312,91.06552,310.3,0.42,0.38,"2026-07-09",2042,"N20","nominal","2.0NRT",279.88,1.28,"N"
"4672",59.01953,90.60944,330.43,0.41,0.37,"2026-07-09",2042,"N20","nominal","2.0NRT",282.44,5.26,"N"
"4673",59.01819,90.61628,324.3,0.41,0.37,"2026-07-09",2042,"N20","nominal","2.0NRT",283.66,2.53,"N"
"4674",59.03148,90.54814,296.01,0.41,0.37,"2026-07-09",2042,"N20","nominal","2.0NRT",278.03,1.01,"N"
"4675",59.03016,90.55493,298.62,0.41,0.37,"2026-07-09",2042,"N20","nominal","2.0NRT",279.59,1.01,"N"
"4676",59.02884,90.56171,297.72,0.41,0.37,"2026-07-09",2042,"N20","nominal","2.0NRT",279.54,0.67,"N"
"4677",59.0275,90.56854,300.95,0.41,0.37,"2026-07-09",2042,"N20","nominal","2.0NRT",280.82,0.67,"N"
"4678",58.93123,91.05624,307.81,0.42,0.38,"2026-07-09",2042,"N20","nominal","2.0NRT",274.78,1.55,"N"
"4679",58.92986,91.06311,318.61,0.42,0.38,"2026-07-09",2042,"N20","nominal","2.0NRT",278.55,1.55,"N"
"4680",59.02692,90.55258,318.87,0.41,0.37,"2026-07-09",2042,"N20","nominal","2.0NRT",279.89,1.01,"N"
"4681",59.02559,90.55938,296.3,0.41,0.37,"2026-07-09",2042,"N20","nominal","2.0NRT",278.94,0.67,"N"
"4682",59.02426,90.5662,299.13,0.41,0.37,"2026-07-09",2042,"N20","nominal","2.0NRT",279.35,0.67,"N"
"4683",59.01495,90.61391,316.21,0.41,0.37,"2026-07-09",2042,"N20","nominal","2.0NRT",281.84,2.53,"N"
"4684",59.01362,90.62072,312.39,0.41,0.37,"2026-07-09",2042,"N20","nominal","2.0NRT",280.91,2.53,"N"
"4685",58.92384,91.07446,305.54,0.42,0.38,"2026-07-09",2042,"N20","nominal","2.0NRT",278.66,2.39,"N"
"4686",59.02697,90.55473,317.78,0.41,0.37,"2026-07-09",2042,"N20","nominal","2.0NRT",280.63,1.26,"N"
"4687",59.02565,90.56155,296.72,0.41,0.37,"2026-07-09",2042,"N20","nominal","2.0NRT",278.88,1.26,"N"
"4688",59.02434,90.56837,299.78,0.41,0.37,"2026-07-09",2042,"N20","nominal","2.0NRT",280.03,1.2,"N"
"4689",59.01511,90.61616,317.81,0.41,0.37,"2026-07-09",2042,"N20","nominal","2.0NRT",282.26,3.21,"N"
"4690",59.0138,90.62299,299.6,0.41,0.37,"2026-07-09",2042,"N20","nominal","2.0NRT",279.48,2.52,"N"
"4691",58.92765,91.06377,302.45,0.42,0.38,"2026-07-09",2042,"N20","nominal","2.0NRT",277.24,1.04,"N"
"4692",58.92629,91.07066,298.12,0.42,0.38,"2026-07-09",2042,"N20","nominal","2.0NRT",278.26,1.04,"N"
"4693",59.02374,90.55239,324.86,0.41,0.37,"2026-07-09",2042,"N20","nominal","2.0NRT",278.97,1.26,"N"
"4694",59.01055,90.62063,336.1,0.41,0.37,"2026-07-09",2042,"N20","nominal","2.0NRT",284.07,2.52,"N"
"4695",58.92165,91.07516,320.95,0.42,0.38,"2026-07-09",2042,"N20","nominal","2.0NRT",279.24,2.58,"N"
"4696",59.02242,90.5592,296.61,0.41,0.37,"2026-07-09",2042,"N20","nominal","2.0NRT",278.85,1.26,"N"
"4697",59.0211,90.56602,298.22,0.41,0.37,"2026-07-09",2042,"N20","nominal","2.0NRT",280.43,1.2,"N"
"4698",59.01979,90.57284,316.41,0.41,0.37,"2026-07-09",2042,"N20","nominal","2.0NRT",282.66,1.2,"N"
"4699",59.01847,90.57964,301.7,0.41,0.37,"2026-07-09",2042,"N20","nominal","2.0NRT",281.23,1.15,"N"
"4700",59.00599,90.62511,350.24,0.41,0.37,"2026-07-09",2042,"N20","nominal","2.0NRT",286.44,3.64,"N"
"4701",59.00467,90.63196,327.49,0.41,0.37,"2026-07-09",2042,"N20","nominal","2.0NRT",279.03,13.44,"N"
"4702",59.01656,90.57047,315.67,0.41,0.37,"2026-07-09",2042,"N20","nominal","2.0NRT",280.71,1.55,"N"
"4703",59.01525,90.57727,308.51,0.41,0.37,"2026-07-09",2042,"N20","nominal","2.0NRT",282.5,1.84,"N"
"4704",59.00732,90.61826,303.72,0.41,0.37,"2026-07-09",2042,"N20","nominal","2.0NRT",280.25,3.64,"N"
"4705",59.00143,90.62959,337.17,0.41,0.37,"2026-07-09",2042,"N20","nominal","2.0NRT",292.57,13.44,"N"
"4706",59.01332,90.5681,309.56,0.41,0.37,"2026-07-09",2042,"N20","nominal","2.0NRT",279.42,1.55,"N"
"4707",59.01201,90.5749,315.58,0.41,0.37,"2026-07-09",2042,"N20","nominal","2.0NRT",282.56,1.84,"N"
"4708",59.00275,90.62274,307.07,0.41,0.37,"2026-07-09",2042,"N20","nominal","2.0NRT",281.02,3.64,"N"
"4709",59.00876,90.57255,322.9,0.41,0.37,"2026-07-09",2042,"N20","nominal","2.0NRT",283,2.45,"N"
"4710",58.99819,90.62724,349.98,0.41,0.37,"2026-07-09",2042,"N20","nominal","2.0NRT",300.27,23.68,"N"
"4711",58.99951,90.62039,305.71,0.41,0.37,"2026-07-09",2042,"N20","nominal","2.0NRT",281.12,1.25,"N"
"4712",59.00553,90.57019,320.41,0.41,0.37,"2026-07-09",2042,"N20","nominal","2.0NRT",282.97,2.45,"N"
"4713",58.99494,90.62488,343.86,0.41,0.37,"2026-07-09",2042,"N20","nominal","2.0NRT",297.85,23.68,"N"
"4714",58.99361,90.63174,320.26,0.41,0.37,"2026-07-09",2042,"N20","nominal","2.0NRT",281.35,23.68,"N"
"4715",59.00684,90.56338,311.87,0.41,0.37,"2026-07-09",2042,"N20","nominal","2.0NRT",278.86,1.78,"N"
"4716",58.99627,90.61803,302.13,0.41,0.37,"2026-07-09",2042,"N20","nominal","2.0NRT",280.83,1.25,"N"
"4717",59.0036,90.56103,328.79,0.41,0.37,"2026-07-09",2042,"N20","nominal","2.0NRT",283.3,3.99,"N"
"4718",59.00229,90.56784,324.27,0.41,0.37,"2026-07-09",2042,"N20","nominal","2.0NRT",284.11,2.7,"N"
"4719",58.9917,90.62254,333.89,0.41,0.37,"2026-07-09",2042,"N20","nominal","2.0NRT",283.53,8.44,"N"
"4720",58.99037,90.62939,324,0.41,0.37,"2026-07-09",2042,"N20","nominal","2.0NRT",288.01,8.44,"N"
"4721",58.99303,90.61569,295.53,0.41,0.37,"2026-07-09",2042,"N20","nominal","2.0NRT",278.65,0.63,"N"
"4722",59.00035,90.5587,320.41,0.41,0.37,"2026-07-09",2042,"N20","nominal","2.0NRT",276.89,3.99,"N"
"4723",58.99904,90.56551,315.54,0.41,0.37,"2026-07-09",2042,"N20","nominal","2.0NRT",280.45,2.7,"N"
"4724",58.99773,90.57232,306.9,0.41,0.37,"2026-07-09",2042,"N20","nominal","2.0NRT",280.91,2.7,"N"
"4725",58.98978,90.61334,298.18,0.41,0.37,"2026-07-09",2042,"N20","nominal","2.0NRT",278.86,0.63,"N"
"4726",58.98845,90.62019,315.51,0.41,0.37,"2026-07-09",2042,"N20","nominal","2.0NRT",280.87,8.44,"N"
"4727",58.99449,90.56998,305.17,0.41,0.37,"2026-07-09",2042,"N20","nominal","2.0NRT",279.05,1.39,"N"
"4728",58.9706,90.69302,299.21,0.42,0.37,"2026-07-09",2042,"N20","nominal","2.0NRT",276.94,1.25,"N"
"4729",58.96926,90.69987,305.37,0.42,0.37,"2026-07-09",2042,"N20","nominal","2.0NRT",278.03,1.29,"N"
"4730",58.96735,90.69065,316,0.42,0.37,"2026-07-09",2042,"N20","nominal","2.0NRT",279.4,1.25,"N"
"4731",58.98668,90.57214,302.66,0.41,0.37,"2026-07-09",2042,"N20","nominal","2.0NRT",279.39,0.73,"N"
"4732",58.96543,90.68147,301.39,0.42,0.37,"2026-07-09",2042,"N20","nominal","2.0NRT",276.49,1.11,"N"
"4733",58.9641,90.68829,310.68,0.42,0.37,"2026-07-09",2042,"N20","nominal","2.0NRT",279.1,1.11,"N"
"4734",58.98344,90.56979,296.11,0.41,0.37,"2026-07-09",2042,"N20","nominal","2.0NRT",277.64,0.73,"N"
"4735",58.96086,90.68593,309.36,0.42,0.37,"2026-07-09",2042,"N20","nominal","2.0NRT",278.33,1.11,"N"
"4736",58.91968,90.82034,304.4,0.42,0.38,"2026-07-09",2042,"N20","nominal","2.0NRT",279.22,1.17,"N"
"4737",58.91643,90.81796,295.97,0.42,0.38,"2026-07-09",2042,"N20","nominal","2.0NRT",278.65,0.83,"N"
"4738",61.01925,72.61545,300.24,0.57,0.52,"2026-07-09",2042,"N20","nominal","2.0NRT",277.54,0.99,"N"
"4739",58.89907,90.86822,301.62,0.42,0.38,"2026-07-09",2042,"N20","nominal","2.0NRT",277.39,1.2,"N"
"4740",58.89582,90.86584,314.06,0.42,0.38,"2026-07-09",2042,"N20","nominal","2.0NRT",278.31,1.2,"N"
"4741",58.89445,90.87272,311.92,0.42,0.38,"2026-07-09",2042,"N20","nominal","2.0NRT",279.19,1.2,"N"
"4742",58.89256,90.86344,325.1,0.42,0.38,"2026-07-09",2042,"N20","nominal","2.0NRT",281.61,5.07,"N"
"4743",58.8912,90.87033,353.05,0.42,0.38,"2026-07-09",2042,"N20","nominal","2.0NRT",285.56,5.07,"N"
"4744",58.91288,90.76039,302.57,0.42,0.37,"2026-07-09",2042,"N20","nominal","2.0NRT",278.44,1.7,"N"
"4745",58.88984,90.87723,307.37,0.42,0.38,"2026-07-09",2042,"N20","nominal","2.0NRT",279.59,1.72,"N"
"4746",58.88847,90.88412,317.51,0.42,0.38,"2026-07-09",2042,"N20","nominal","2.0NRT",279.36,1.72,"N"
"4747",58.88931,90.86105,326.2,0.42,0.38,"2026-07-09",2042,"N20","nominal","2.0NRT",278.57,5.07,"N"
"4748",58.88794,90.86794,350.06,0.42,0.38,"2026-07-09",2042,"N20","nominal","2.0NRT",287.12,5.07,"N"
"4749",59.39571,88.11076,296.7,0.39,0.36,"2026-07-09",2042,"N20","nominal","2.0NRT",279.4,1.21,"N"
"4750",58.90828,90.76486,308.88,0.42,0.37,"2026-07-09",2042,"N20","nominal","2.0NRT",279.44,1.35,"N"
"4751",58.89746,90.81974,304.22,0.42,0.38,"2026-07-09",2042,"N20","nominal","2.0NRT",277.3,0.99,"N"
"4752",58.88659,90.87483,309.96,0.42,0.38,"2026-07-09",2042,"N20","nominal","2.0NRT",281.67,1.72,"N"
"4753",58.88521,90.88173,315.33,0.42,0.38,"2026-07-09",2042,"N20","nominal","2.0NRT",281.84,1.72,"N"
"4754",58.8847,90.86553,335.65,0.42,0.38,"2026-07-09",2042,"N20","nominal","2.0NRT",283.98,2.52,"N"
"4755",58.90503,90.76247,305.77,0.42,0.37,"2026-07-09",2042,"N20","nominal","2.0NRT",278.06,0.96,"N"
"4756",58.89286,90.82422,299.51,0.42,0.38,"2026-07-09",2042,"N20","nominal","2.0NRT",279.13,0.93,"N"
"4757",58.88605,90.85864,300.04,0.42,0.38,"2026-07-09",2042,"N20","nominal","2.0NRT",275.13,2.52,"N"
"4758",58.88333,90.87242,311.15,0.42,0.38,"2026-07-09",2042,"N20","nominal","2.0NRT",281.83,1.95,"N"
"4759",58.88197,90.87931,317.3,0.42,0.38,"2026-07-09",2042,"N20","nominal","2.0NRT",283.25,1.95,"N"
"4760",58.88144,90.86314,330.69,0.42,0.38,"2026-07-09",2042,"N20","nominal","2.0NRT",280.48,2.52,"N"
"4761",58.88008,90.87001,325.35,0.42,0.38,"2026-07-09",2042,"N20","nominal","2.0NRT",282.74,1.95,"N"
"4762",58.90178,90.76012,297.08,0.42,0.37,"2026-07-09",2042,"N20","nominal","2.0NRT",276.67,0.96,"N"
"4763",58.87872,90.8769,308.01,0.42,0.38,"2026-07-09",2042,"N20","nominal","2.0NRT",282.41,1.95,"N"
"4764",59.33545,88.39887,296.33,0.39,0.36,"2026-07-09",2042,"N20","nominal","2.0NRT",280.17,0.79,"N"
"4765",58.89987,90.75092,303.47,0.42,0.37,"2026-07-09",2042,"N20","nominal","2.0NRT",276.95,1.29,"N"
"4766",58.89717,90.76461,313.15,0.42,0.37,"2026-07-09",2042,"N20","nominal","2.0NRT",278.24,1.68,"N"
"4767",58.87819,90.86073,297.1,0.42,0.38,"2026-07-09",2042,"N20","nominal","2.0NRT",277.73,0.42,"N"
"4768",58.89392,90.76224,308.57,0.42,0.37,"2026-07-09",2042,"N20","nominal","2.0NRT",277.74,1.68,"N"
"4769",58.89202,90.75303,300.34,0.42,0.37,"2026-07-09",2042,"N20","nominal","2.0NRT",277.73,1.5,"N"
"4770",58.89067,90.75986,318.53,0.42,0.37,"2026-07-09",2042,"N20","nominal","2.0NRT",280.04,1.5,"N"
"4771",58.88742,90.7575,316.65,0.42,0.37,"2026-07-09",2042,"N20","nominal","2.0NRT",278.53,1.5,"N"
"4772",58.88607,90.76433,300.9,0.42,0.38,"2026-07-09",2042,"N20","nominal","2.0NRT",278.41,1.26,"N"
"4773",59.08495,89.56567,304.3,0.4,0.37,"2026-07-09",2042,"N20","nominal","2.0NRT",279.12,0.82,"N"
"4774",59.08373,89.57232,302.95,0.4,0.37,"2026-07-09",2042,"N20","nominal","2.0NRT",278.58,0.82,"N"
"4775",59.08176,89.56343,299.67,0.4,0.37,"2026-07-09",2042,"N20","nominal","2.0NRT",278.81,0.82,"N"
"4776",59.08054,89.57008,304.72,0.4,0.37,"2026-07-09",2042,"N20","nominal","2.0NRT",279.83,0.82,"N"
"4777",59.06797,89.59888,307.85,0.4,0.37,"2026-07-09",2042,"N20","nominal","2.0NRT",275.93,0.98,"N"
"4778",60.95179,72.40168,329.43,0.58,0.52,"2026-07-09",2042,"N20","nominal","2.0NRT",284.66,2.86,"N"
"4779",59.04382,89.612,303.75,0.4,0.37,"2026-07-09",2042,"N20","nominal","2.0NRT",276.96,0.83,"N"
"4780",59.04061,89.60976,301.68,0.4,0.37,"2026-07-09",2042,"N20","nominal","2.0NRT",277.03,1.23,"N"
"4781",59.03938,89.6164,318.42,0.4,0.37,"2026-07-09",2042,"N20","nominal","2.0NRT",279.64,1.23,"N"
"4782",59.03741,89.60751,299.27,0.4,0.37,"2026-07-09",2042,"N20","nominal","2.0NRT",276.98,1.23,"N"
"4783",59.02902,89.59416,295.01,0.4,0.37,"2026-07-09",2042,"N20","nominal","2.0NRT",279.57,0.58,"N"
"4784",59.02828,89.57867,306.48,0.4,0.37,"2026-07-09",2042,"N20","nominal","2.0NRT",277.01,0.91,"N"
"4785",59.02581,89.59194,295.21,0.4,0.37,"2026-07-09",2042,"N20","nominal","2.0NRT",278.08,0.58,"N"
"4786",59.02507,89.57644,329.73,0.4,0.37,"2026-07-09",2042,"N20","nominal","2.0NRT",281.98,3.6,"N"
"4787",60.96071,70.86058,305.16,0.32,0.55,"2026-07-09",2042,"N20","nominal","2.0NRT",286.22,0.84,"N"
"4788",59.02187,89.57421,334.31,0.4,0.37,"2026-07-09",2042,"N20","nominal","2.0NRT",281.81,3.6,"N"
"4789",59.01988,89.56535,325.97,0.4,0.37,"2026-07-09",2042,"N20","nominal","2.0NRT",276.55,2.38,"N"
"4790",59.46767,86.97829,303.48,0.38,0.36,"2026-07-09",2042,"N20","nominal","2.0NRT",278.28,1.08,"N"
"4791",59.46662,86.98483,295.96,0.38,0.36,"2026-07-09",2042,"N20","nominal","2.0NRT",278.92,1.52,"N"
"4792",59.01865,89.57198,311.53,0.4,0.37,"2026-07-09",2042,"N20","nominal","2.0NRT",277.52,2.38,"N"
"4793",59.01298,89.58302,308.6,0.4,0.37,"2026-07-09",2042,"N20","nominal","2.0NRT",279.69,2.24,"N"
"4794",59.01175,89.58965,316.35,0.4,0.37,"2026-07-09",2042,"N20","nominal","2.0NRT",279.91,2.42,"N"
"4795",59.45282,86.98346,305.16,0.38,0.36,"2026-07-09",2042,"N20","nominal","2.0NRT",278.35,1.66,"N"
"4796",59.44963,86.98148,322.64,0.38,0.36,"2026-07-09",2042,"N20","nominal","2.0NRT",283.68,1.66,"N"
"4797",60.86274,72.68566,304.02,0.56,0.52,"2026-07-09",2042,"N20","nominal","2.0NRT",284.69,1.93,"N"
"4798",59.44643,86.9795,303.87,0.38,0.36,"2026-07-09",2042,"N20","nominal","2.0NRT",282.09,1.47,"N"
"4799",60.88612,71.8017,316.44,0.6,0.53,"2026-07-09",2042,"N20","nominal","2.0NRT",284.81,2.71,"N"
"4800",60.88573,71.81303,307.12,0.6,0.53,"2026-07-09",2042,"N20","nominal","2.0NRT",285.53,3.3,"N"
"4801",59.44135,86.90487,302.67,0.38,0.36,"2026-07-09",2042,"N20","nominal","2.0NRT",277.23,0.85,"N"
"4802",59.4403,86.91142,295.74,0.38,0.36,"2026-07-09",2042,"N20","nominal","2.0NRT",280.72,0.85,"N"
"4803",59.43711,86.90944,299.03,0.38,0.36,"2026-07-09",2042,"N20","nominal","2.0NRT",279.63,1.18,"N"
"4804",59.43602,86.89439,296.04,0.38,0.36,"2026-07-09",2042,"N20","nominal","2.0NRT",273.98,0.49,"N"
"4805",59.43497,86.90092,309.18,0.38,0.36,"2026-07-09",2042,"N20","nominal","2.0NRT",278.49,1.18,"N"
"4806",59.43391,86.90747,313.04,0.38,0.36,"2026-07-09",2042,"N20","nominal","2.0NRT",280.77,1.18,"N"
"4807",59.43283,86.89241,304.32,0.38,0.36,"2026-07-09",2042,"N20","nominal","2.0NRT",275.65,0.83,"N"
"4808",59.43178,86.89896,302.2,0.38,0.36,"2026-07-09",2042,"N20","nominal","2.0NRT",280.03,1.44,"N"
"4809",59.43073,86.90549,304.48,0.38,0.36,"2026-07-09",2042,"N20","nominal","2.0NRT",282.17,1.44,"N"
"4810",59.42964,86.89044,301.86,0.38,0.36,"2026-07-09",2042,"N20","nominal","2.0NRT",274.83,0.83,"N"
"4811",59.42859,86.89699,315.88,0.38,0.36,"2026-07-09",2042,"N20","nominal","2.0NRT",281.4,1.44,"N"
"4812",59.4254,86.89501,295.61,0.38,0.36,"2026-07-09",2042,"N20","nominal","2.0NRT",276.14,0.5,"N"
"4813",60.88493,71.8075,313.38,0.6,0.53,"2026-07-09",2042,"N20","nominal","2.0NRT",285.61,2.8,"N"
"4814",60.86375,71.27187,306.79,0.63,0.54,"2026-07-09",2042,"N20","nominal","2.0NRT",284.04,2.11,"N"
"4815",60.86337,71.28363,310.8,0.63,0.54,"2026-07-09",2042,"N20","nominal","2.0NRT",284.04,2.11,"N"
"4816",60.84263,70.7908,313.83,0.33,0.55,"2026-07-09",2042,"N20","nominal","2.0NRT",286.59,1.3,"N"
"4817",60.84246,70.79683,298.36,0.33,0.55,"2026-07-09",2042,"N20","nominal","2.0NRT",286.44,0.9,"N"
"4818",60.77713,72.44005,316.21,0.57,0.52,"2026-07-09",2042,"N20","nominal","2.0NRT",286.85,1.74,"N"
"4819",60.77672,72.45064,298.91,0.57,0.52,"2026-07-09",2042,"N20","nominal","2.0NRT",286.85,1.67,"N"
"4820",58.76937,90.15437,299.63,0.41,0.37,"2026-07-09",2042,"N20","nominal","2.0NRT",278.39,0.65,"N"
"4821",58.77002,90.13187,302.85,0.41,0.37,"2026-07-09",2042,"N20","nominal","2.0NRT",279.06,0.73,"N"
"4822",58.76872,90.1386,300,0.41,0.37,"2026-07-09",2042,"N20","nominal","2.0NRT",279.33,1.53,"N"
"4823",58.76679,90.12957,299.59,0.41,0.37,"2026-07-09",2042,"N20","nominal","2.0NRT",278.8,0.73,"N"
"4824",58.75509,90.19019,305.59,0.41,0.37,"2026-07-09",2042,"N20","nominal","2.0NRT",276.6,0.71,"N"
"4825",58.7538,90.1969,300.69,0.41,0.37,"2026-07-09",2042,"N20","nominal","2.0NRT",277.11,0.71,"N"
"4826",58.76667,90.1295,298.09,0.41,0.37,"2026-07-09",2042,"N20","nominal","2.0NRT",278.97,1.76,"N"
"4827",58.75509,90.19022,303.89,0.41,0.37,"2026-07-09",2042,"N20","nominal","2.0NRT",276.56,1.33,"N"
"4828",58.75381,90.19695,299.24,0.41,0.37,"2026-07-09",2042,"N20","nominal","2.0NRT",277.17,1.65,"N"
"4829",58.76217,90.13393,323.32,0.41,0.37,"2026-07-09",2042,"N20","nominal","2.0NRT",281.57,1.76,"N"
"4830",58.76088,90.14067,304.09,0.41,0.37,"2026-07-09",2042,"N20","nominal","2.0NRT",280.77,1.64,"N"
"4831",58.74799,90.20815,308.51,0.41,0.37,"2026-07-09",2042,"N20","nominal","2.0NRT",279.03,1.56,"N"
"4832",58.75893,90.13164,303.47,0.41,0.37,"2026-07-09",2042,"N20","nominal","2.0NRT",280.18,1.6,"N"
"4833",58.74475,90.20585,304.54,0.41,0.37,"2026-07-09",2042,"N20","nominal","2.0NRT",279.49,0.99,"N"
"4834",60.77819,72.44387,319.16,0.57,0.52,"2026-07-09",2042,"N20","nominal","2.0NRT",286.96,2.59,"N"
"4835",58.72918,90.09531,296.07,0.41,0.37,"2026-07-09",2042,"N20","nominal","2.0NRT",279.3,0.52,"N"
"4836",60.71691,72.51874,341.93,0.57,0.52,"2026-07-09",2042,"N20","nominal","2.0NRT",286.85,8.43,"N"
"4837",60.81529,65.4237,302.23,0.5,0.66,"2026-07-09",2042,"N20","nominal","2.0NRT",287.3,0.51,"N"
"4838",60.74733,70.81409,301.03,0.32,0.55,"2026-07-09",2042,"N20","nominal","2.0NRT",285.27,0.63,"N"
"4839",60.74715,70.82011,302.68,0.32,0.55,"2026-07-09",2042,"N20","nominal","2.0NRT",285.69,0.63,"N"
"4840",60.73824,69.91116,319.93,0.35,0.57,"2026-07-09",2042,"N20","nominal","2.0NRT",286.83,1.14,"N"
"4841",59.44413,85.53187,327.01,0.39,0.36,"2026-07-09",2042,"N20","nominal","2.0NRT",278.62,3.4,"N"
"4842",59.44512,85.52522,298.58,0.39,0.36,"2026-07-09",2042,"N20","nominal","2.0NRT",278.49,2.13,"N"
"4843",59.44189,85.52338,296.1,0.39,0.36,"2026-07-09",2042,"N20","nominal","2.0NRT",275.78,0.6,"N"
"4844",59.55603,84.69993,295.87,0.39,0.37,"2026-07-09",2042,"N20","nominal","2.0NRT",275.21,0.98,"N"
"4845",59.55506,84.70673,299.83,0.39,0.37,"2026-07-09",2042,"N20","nominal","2.0NRT",276.94,0.98,"N"
"4846",59.5518,84.70494,304.98,0.39,0.37,"2026-07-09",2042,"N20","nominal","2.0NRT",275.36,0.98,"N"
"4847",59.2502,86.65874,323.46,0.38,0.36,"2026-07-09",2042,"N20","nominal","2.0NRT",279.24,8.06,"N"
"4848",59.24916,86.66525,351.65,0.38,0.36,"2026-07-09",2042,"N20","nominal","2.0NRT",283.4,8.06,"N"
"4849",59.24812,86.67177,303.02,0.38,0.36,"2026-07-09",2042,"N20","nominal","2.0NRT",282.48,10.12,"N"
"4850",59.24493,86.66983,332.57,0.38,0.36,"2026-07-09",2042,"N20","nominal","2.0NRT",282.94,1.63,"N"
"4851",59.24597,86.66331,309.78,0.38,0.36,"2026-07-09",2042,"N20","nominal","2.0NRT",282.64,2.48,"N"
"4852",59.24174,86.66788,299.94,0.38,0.36,"2026-07-09",2042,"N20","nominal","2.0NRT",282.42,1.63,"N"
"4853",59.2407,86.6744,300.05,0.38,0.36,"2026-07-09",2042,"N20","nominal","2.0NRT",278.75,1.63,"N"
"4854",59.23751,86.67245,299.05,0.38,0.36,"2026-07-09",2042,"N20","nominal","2.0NRT",279.98,1.69,"N"
"4855",60.73912,69.9124,319.97,0.35,0.57,"2026-07-09",2042,"N20","nominal","2.0NRT",286.97,0.91,"N"
"4856",60.73433,69.89232,299.43,0.35,0.57,"2026-07-09",2042,"N20","nominal","2.0NRT",286.78,0.34,"N"
"4857",59.23112,86.66858,302.02,0.38,0.36,"2026-07-09",2042,"N20","nominal","2.0NRT",278.79,1.12,"N"
"4858",60.72907,69.89176,307.13,0.35,0.57,"2026-07-09",2042,"N20","nominal","2.0NRT",286.6,0.34,"N"
"4859",59.23191,86.59766,299.41,0.38,0.36,"2026-07-09",2042,"N20","nominal","2.0NRT",279.49,0.93,"N"
"4860",59.22976,86.58921,316.73,0.38,0.36,"2026-07-09",2042,"N20","nominal","2.0NRT",277.47,1.57,"N"
"4861",59.22872,86.59573,309.22,0.38,0.36,"2026-07-09",2042,"N20","nominal","2.0NRT",282.38,1.57,"N"
"4862",59.21412,86.6654,324.43,0.38,0.36,"2026-07-09",2042,"N20","nominal","2.0NRT",276.55,1.65,"N"
"4863",59.22656,86.58728,313.53,0.38,0.36,"2026-07-09",2042,"N20","nominal","2.0NRT",277.65,1.57,"N"
"4864",59.22552,86.5938,314.95,0.38,0.36,"2026-07-09",2042,"N20","nominal","2.0NRT",282.29,1.57,"N"
"4865",59.2162,86.65238,297.49,0.38,0.36,"2026-07-09",2042,"N20","nominal","2.0NRT",275.92,1.35,"N"
"4866",59.21516,86.65889,311.04,0.38,0.36,"2026-07-09",2042,"N20","nominal","2.0NRT",276.52,1.35,"N"
"4867",59.22233,86.59186,330.76,0.38,0.36,"2026-07-09",2042,"N20","nominal","2.0NRT",283.4,3.7,"N"
"4868",59.21819,86.6179,303.5,0.38,0.36,"2026-07-09",2042,"N20","nominal","2.0NRT",277.51,0.81,"N"
"4869",59.21197,86.65695,303.34,0.38,0.36,"2026-07-09",2042,"N20","nominal","2.0NRT",276.05,0.6,"N"
"4870",59.2067,86.66803,325.17,0.38,0.36,"2026-07-09",2042,"N20","nominal","2.0NRT",277.75,2.88,"N"
"4871",59.21499,86.61597,298.87,0.38,0.36,"2026-07-09",2042,"N20","nominal","2.0NRT",278.22,0.81,"N"
"4872",59.2087,86.63356,295.99,0.38,0.36,"2026-07-09",2042,"N20","nominal","2.0NRT",278.57,1.13,"N"
"4873",59.20351,86.66609,317.73,0.38,0.36,"2026-07-09",2042,"N20","nominal","2.0NRT",278.06,1.65,"N"
"4874",59.20654,86.62511,317.66,0.38,0.36,"2026-07-09",2042,"N20","nominal","2.0NRT",276.55,1.7,"N"
"4875",59.2055,86.63163,314.13,0.38,0.36,"2026-07-09",2042,"N20","nominal","2.0NRT",279.13,1.13,"N"
"4876",59.20334,86.62318,311.83,0.38,0.36,"2026-07-09",2042,"N20","nominal","2.0NRT",278.08,6.79,"N"
"4877",59.20015,86.62125,341.92,0.38,0.36,"2026-07-09",2042,"N20","nominal","2.0NRT",284.29,6.79,"N"
"4878",59.46994,84.83549,295.58,0.39,0.36,"2026-07-09",2042,"N20","nominal","2.0NRT",277.55,0.62,"N"
"4879",59.19377,86.61739,330.68,0.38,0.36,"2026-07-09",2042,"N20","nominal","2.0NRT",279.79,3.31,"N"
"4880",59.19057,86.61546,295.88,0.38,0.36,"2026-07-09",2042,"N20","nominal","2.0NRT",278.11,0.62,"N"
"4881",59.18116,86.65254,318.04,0.38,0.36,"2026-07-09",2042,"N20","nominal","2.0NRT",278.78,1.64,"N"
"4882",59.18522,86.60509,338.01,0.38,0.36,"2026-07-09",2042,"N20","nominal","2.0NRT",279.04,2.51,"N"
"4883",59.17797,86.6506,312.33,0.38,0.36,"2026-07-09",2042,"N20","nominal","2.0NRT",278.94,1.04,"N"
"4884",59.18203,86.60316,327.41,0.38,0.36,"2026-07-09",2042,"N20","nominal","2.0NRT",279.59,2.51,"N"
"4885",59.18099,86.60966,301.44,0.38,0.36,"2026-07-09",2042,"N20","nominal","2.0NRT",279.49,2.51,"N"
"4886",59.17477,86.64867,295.77,0.38,0.36,"2026-07-09",2042,"N20","nominal","2.0NRT",278.72,1.04,"N"
"4887",59.17884,86.60123,342.2,0.38,0.36,"2026-07-09",2042,"N20","nominal","2.0NRT",280.7,3.16,"N"
"4888",59.18917,86.53616,296.01,0.38,0.36,"2026-07-09",2042,"N20","nominal","2.0NRT",278.66,0.82,"N"
"4889",59.17158,86.64674,312.41,0.38,0.36,"2026-07-09",2042,"N20","nominal","2.0NRT",280.37,1.97,"N"
"4890",59.16838,86.6448,330.62,0.38,0.36,"2026-07-09",2042,"N20","nominal","2.0NRT",281.76,1.97,"N"
"4891",59.18081,86.56678,302.07,0.38,0.36,"2026-07-09",2042,"N20","nominal","2.0NRT",277,0.77,"N"
"4892",59.17978,86.57328,304.26,0.38,0.36,"2026-07-09",2042,"N20","nominal","2.0NRT",276.54,0.73,"N"
"4893",59.17564,86.5993,312.19,0.38,0.36,"2026-07-09",2042,"N20","nominal","2.0NRT",277.47,3.16,"N"
"4894",59.16934,86.61687,325.92,0.38,0.36,"2026-07-09",2042,"N20","nominal","2.0NRT",277.72,2.48,"N"
"4895",59.17761,86.56486,302.06,0.38,0.36,"2026-07-09",2042,"N20","nominal","2.0NRT",275.11,0.67,"N"
"4896",59.17658,86.57136,308.54,0.38,0.36,"2026-07-09",2042,"N20","nominal","2.0NRT",278.65,1.47,"N"
"4897",59.17141,86.60387,307.48,0.38,0.36,"2026-07-09",2042,"N20","nominal","2.0NRT",277.31,0.8,"N"
"4898",59.1683,86.62337,310.76,0.38,0.36,"2026-07-09",2042,"N20","nominal","2.0NRT",280.88,1,"N"
"4899",59.16727,86.62987,299.79,0.38,0.36,"2026-07-09",2042,"N20","nominal","2.0NRT",281.02,1,"N"
"4900",59.1652,86.64287,308.56,0.38,0.36,"2026-07-09",2042,"N20","nominal","2.0NRT",280.32,1.75,"N"
"4901",59.16416,86.64936,303.95,0.38,0.36,"2026-07-09",2042,"N20","nominal","2.0NRT",278.86,1.32,"N"
"4902",59.17028,86.58894,323.59,0.38,0.36,"2026-07-09",2042,"N20","nominal","2.0NRT",276.56,2.28,"N"
"4903",59.16097,86.64743,324.29,0.38,0.36,"2026-07-09",2042,"N20","nominal","2.0NRT",280.88,1.32,"N"
"4904",60.5523,72.31225,297.08,0.58,0.52,"2026-07-09",2042,"N20","nominal","2.0NRT",285.93,1.52,"N"
"4905",59.16821,86.60194,308.47,0.38,0.36,"2026-07-09",2042,"N20","nominal","2.0NRT",275.8,0.8,"N"
"4906",59.16615,86.61494,312.8,0.38,0.36,"2026-07-09",2042,"N20","nominal","2.0NRT",277.32,2.48,"N"
"4907",59.16512,86.62144,308.2,0.38,0.36,"2026-07-09",2042,"N20","nominal","2.0NRT",281.46,1,"N"
"4908",59.16407,86.62794,303.91,0.38,0.36,"2026-07-09",2042,"N20","nominal","2.0NRT",282.11,1,"N"
"4909",59.162,86.64094,307.77,0.38,0.36,"2026-07-09",2042,"N20","nominal","2.0NRT",282.35,1.75,"N"
"4910",59.15881,86.639,321.08,0.38,0.36,"2026-07-09",2042,"N20","nominal","2.0NRT",280.25,2.16,"N"
"4911",59.1596,86.54777,298.33,0.38,0.36,"2026-07-09",2042,"N20","nominal","2.0NRT",276.53,0.53,"N"
"4912",59.15641,86.54584,298.92,0.38,0.36,"2026-07-09",2042,"N20","nominal","2.0NRT",277.06,0.53,"N"
"4913",59.15537,86.55235,303.15,0.38,0.36,"2026-07-09",2042,"N20","nominal","2.0NRT",277.47,1.3,"N"
"4914",59.14804,86.5764,303.02,0.38,0.36,"2026-07-09",2042,"N20","nominal","2.0NRT",279.93,0.82,"N"
"4915",59.14692,86.56149,330.54,0.38,0.36,"2026-07-09",2042,"N20","nominal","2.0NRT",281.93,2.07,"N"
"4916",59.14588,86.56799,295.68,0.38,0.36,"2026-07-09",2042,"N20","nominal","2.0NRT",280.49,2.07,"N"
"4917",59.14372,86.55956,306.59,0.38,0.36,"2026-07-09",2042,"N20","nominal","2.0NRT",282.62,1.76,"N"
"4918",59.14053,86.55763,323.14,0.38,0.36,"2026-07-09",2042,"N20","nominal","2.0NRT",283.01,1.76,"N"
"4919",60.63186,69.79806,304.41,0.35,0.57,"2026-07-09",2042,"N20","nominal","2.0NRT",287.27,1.32,"N"
"4920",60.63171,69.8046,312.71,0.35,0.57,"2026-07-09",2042,"N20","nominal","2.0NRT",286.67,1.26,"N"
"4921",60.54914,72.30736,296.7,0.58,0.52,"2026-07-09",2042,"N20","nominal","2.0NRT",286.57,1.15,"N"
"4922",59.13734,86.55572,295.48,0.38,0.36,"2026-07-09",2042,"N20","nominal","2.0NRT",280.41,0.54,"N"
"4923",60.62658,69.79755,307.69,0.35,0.57,"2026-07-09",2042,"N20","nominal","2.0NRT",286.84,1.32,"N"
"4924",60.62644,69.80402,317.16,0.35,0.57,"2026-07-09",2042,"N20","nominal","2.0NRT",286.7,1.26,"N"
"4925",58.7654,88.55421,299.59,0.39,0.36,"2026-07-09",2042,"N20","nominal","2.0NRT",276.09,1.4,"N"
"4926",58.76425,88.56071,318.29,0.39,0.36,"2026-07-09",2042,"N20","nominal","2.0NRT",278.28,1.4,"N"
"4927",59.38929,84.62443,298.37,0.39,0.36,"2026-07-09",2042,"N20","nominal","2.0NRT",280.22,0.83,"N"
"4928",58.7599,88.56511,309.22,0.39,0.36,"2026-07-09",2042,"N20","nominal","2.0NRT",278.49,1.5,"N"
"4929",58.75554,88.5695,326.04,0.39,0.36,"2026-07-09",2042,"N20","nominal","2.0NRT",279.77,1.44,"N"
"4930",58.7567,88.563,298.19,0.39,0.36,"2026-07-09",2042,"N20","nominal","2.0NRT",276.26,1.44,"N"
"4931",59.44002,84.21121,295.48,0.4,0.37,"2026-07-09",2042,"N20","nominal","2.0NRT",275.19,0.72,"N"
"4932",59.42155,84.31924,342.57,0.4,0.37,"2026-07-09",2042,"N20","nominal","2.0NRT",283.87,3.46,"N"
"4933",59.4206,84.3261,299.37,0.4,0.37,"2026-07-09",2042,"N20","nominal","2.0NRT",280.65,1.25,"N"
"4934",59.41922,84.31064,326.51,0.4,0.37,"2026-07-09",2042,"N20","nominal","2.0NRT",279.26,3.46,"N"
"4935",59.41827,84.31749,327.41,0.4,0.37,"2026-07-09",2042,"N20","nominal","2.0NRT",285.42,3.46,"N"
"4936",59.41732,84.32434,301.67,0.4,0.37,"2026-07-09",2042,"N20","nominal","2.0NRT",282.04,1.25,"N"
"4937",59.41499,84.31573,298.31,0.4,0.37,"2026-07-09",2042,"N20","nominal","2.0NRT",278.35,1.33,"N"
"4938",58.74392,88.55458,296.93,0.39,0.36,"2026-07-09",2042,"N20","nominal","2.0NRT",276.94,1.22,"N"
"4939",58.74277,88.56108,314.26,0.39,0.36,"2026-07-09",2042,"N20","nominal","2.0NRT",279.63,1.22,"N"
"4940",59.41076,84.32082,317.78,0.4,0.37,"2026-07-09",2042,"N20","nominal","2.0NRT",280.86,1.59,"N"
"4941",59.40981,84.32767,295.3,0.4,0.37,"2026-07-09",2042,"N20","nominal","2.0NRT",281.57,1.59,"N"
"4942",59.40843,84.31221,316.62,0.4,0.37,"2026-07-09",2042,"N20","nominal","2.0NRT",280.95,1.8,"N"
"4943",59.40748,84.31908,315.99,0.4,0.37,"2026-07-09",2042,"N20","nominal","2.0NRT",283.08,1.85,"N"
"4944",59.36743,84.60519,296.51,0.39,0.37,"2026-07-09",2042,"N20","nominal","2.0NRT",280.06,0.98,"N"
"4945",59.40326,84.32416,298.28,0.4,0.37,"2026-07-09",2042,"N20","nominal","2.0NRT",280.73,1.85,"N"
"4946",59.39946,84.35152,296.88,0.4,0.37,"2026-07-09",2042,"N20","nominal","2.0NRT",279.39,1.07,"N"
"4947",59.36417,84.60341,297.31,0.39,0.37,"2026-07-09",2042,"N20","nominal","2.0NRT",279.32,0.98,"N"
"4948",59.39998,84.3224,316.48,0.4,0.37,"2026-07-09",2042,"N20","nominal","2.0NRT",278.22,1.49,"N"
"4949",59.36091,84.60163,296.42,0.39,0.37,"2026-07-09",2042,"N20","nominal","2.0NRT",278.48,0.71,"N"
"4950",59.35995,84.60841,300.05,0.39,0.36,"2026-07-09",2042,"N20","nominal","2.0NRT",281.16,0.71,"N"
"4951",59.35764,84.59985,296.11,0.39,0.37,"2026-07-09",2042,"N20","nominal","2.0NRT",277.08,0.71,"N"
"4952",59.35669,84.60664,302.27,0.39,0.36,"2026-07-09",2042,"N20","nominal","2.0NRT",279.87,0.71,"N"
"4953",59.37151,84.36656,299.46,0.4,0.37,"2026-07-09",2042,"N20","nominal","2.0NRT",279.17,0.76,"N"
"4954",59.37056,84.37337,298.01,0.4,0.37,"2026-07-09",2042,"N20","nominal","2.0NRT",279.14,0.76,"N"
"4955",59.37398,84.32388,312.26,0.4,0.37,"2026-07-09",2042,"N20","nominal","2.0NRT",279.98,1.78,"N"
"4956",59.36729,84.37161,295.18,0.4,0.37,"2026-07-09",2042,"N20","nominal","2.0NRT",280.39,1.41,"N"
"4957",59.36633,84.37842,305.72,0.4,0.37,"2026-07-09",2042,"N20","nominal","2.0NRT",279.15,1.32,"N"
"4958",59.3666,84.27586,303.27,0.4,0.37,"2026-07-09",2042,"N20","nominal","2.0NRT",278.48,1.27,"N"
"4959",59.36332,84.27411,316.74,0.4,0.37,"2026-07-09",2042,"N20","nominal","2.0NRT",282.27,1.27,"N"
"4960",59.36237,84.28094,298.45,0.4,0.37,"2026-07-09",2042,"N20","nominal","2.0NRT",281.9,1.27,"N"
"4961",59.361,84.26553,301.47,0.4,0.37,"2026-07-09",2042,"N20","nominal","2.0NRT",278.89,1.01,"N"
"4962",59.36004,84.27236,304.6,0.4,0.37,"2026-07-09",2042,"N20","nominal","2.0NRT",283.39,1.08,"N"
"4963",59.35909,84.27919,296.18,0.4,0.37,"2026-07-09",2042,"N20","nominal","2.0NRT",282.73,1.08,"N"
"4964",59.35676,84.2706,300.83,0.4,0.37,"2026-07-09",2042,"N20","nominal","2.0NRT",281.56,1.08,"N"
"4965",59.34978,84.24483,305.67,0.4,0.37,"2026-07-09",2042,"N20","nominal","2.0NRT",280.07,1.08,"N"
"4966",59.34745,84.23624,307.39,0.4,0.37,"2026-07-09",2042,"N20","nominal","2.0NRT",280.15,1.08,"N"
"4967",59.3465,84.24308,300.05,0.4,0.37,"2026-07-09",2042,"N20","nominal","2.0NRT",282.32,1.08,"N"
"4968",59.34417,84.23448,311.96,0.4,0.37,"2026-07-09",2042,"N20","nominal","2.0NRT",281.09,1.87,"N"
"4969",59.28269,84.13574,301.18,0.4,0.37,"2026-07-09",2042,"N20","nominal","2.0NRT",280.05,0.8,"N"
"4970",59.2794,84.134,301.72,0.4,0.37,"2026-07-09",2042,"N20","nominal","2.0NRT",278.78,0.8,"N"
"4971",59.27845,84.14085,298.96,0.4,0.37,"2026-07-09",2042,"N20","nominal","2.0NRT",278.28,0.8,"N"
"4972",59.13597,85.13602,310.07,0.39,0.36,"2026-07-09",2042,"N20","nominal","2.0NRT",278.26,1.32,"N"
"4973",59.13049,85.12578,296.26,0.39,0.36,"2026-07-09",2042,"N20","nominal","2.0NRT",276.68,0.66,"N"
"4974",59.12951,85.1324,295.95,0.39,0.36,"2026-07-09",2042,"N20","nominal","2.0NRT",278.09,0.66,"N"
"4975",59.12628,85.1306,296.08,0.39,0.36,"2026-07-09",2042,"N20","nominal","2.0NRT",279.05,0.71,"N"
"4976",59.12304,85.1288,298.38,0.39,0.36,"2026-07-09",2042,"N20","nominal","2.0NRT",280.03,0.71,"N"
"4977",59.11981,85.127,298.64,0.39,0.36,"2026-07-09",2042,"N20","nominal","2.0NRT",279.92,1.28,"N"
"4978",59.2047,84.24081,302.52,0.4,0.37,"2026-07-09",2042,"N20","nominal","2.0NRT",279.14,0.92,"N"
"4979",59.20375,84.2476,295.15,0.4,0.37,"2026-07-09",2042,"N20","nominal","2.0NRT",277.74,0.92,"N"
"4980",58.62356,87.95831,297.56,0.39,0.36,"2026-07-09",2042,"N20","nominal","2.0NRT",280.56,1.38,"N"
"4981",59.20332,84.22546,299.25,0.4,0.37,"2026-07-09",2042,"N20","nominal","2.0NRT",276.81,0.83,"N"
"4982",59.20237,84.23228,310.68,0.4,0.37,"2026-07-09",2042,"N20","nominal","2.0NRT",280.03,0.83,"N"
"4983",59.20142,84.23907,311.4,0.4,0.37,"2026-07-09",2042,"N20","nominal","2.0NRT",283.85,0.92,"N"
"4984",59.20048,84.24586,301.43,0.4,0.37,"2026-07-09",2042,"N20","nominal","2.0NRT",280.89,0.92,"N"
"4985",59.20099,84.21692,301.13,0.4,0.37,"2026-07-09",2042,"N20","nominal","2.0NRT",277.69,0.57,"N"
"4986",59.20004,84.22372,313.72,0.4,0.37,"2026-07-09",2042,"N20","nominal","2.0NRT",283.66,1.56,"N"
"4987",59.19909,84.23054,297.12,0.4,0.37,"2026-07-09",2042,"N20","nominal","2.0NRT",282.82,1.56,"N"
"4988",59.19627,84.25091,300.52,0.4,0.37,"2026-07-09",2042,"N20","nominal","2.0NRT",280.72,0.78,"N"
"4989",59.19532,84.2577,304.94,0.4,0.37,"2026-07-09",2042,"N20","nominal","2.0NRT",280.51,0.78,"N"
"4990",58.62501,87.90921,306.15,0.39,0.36,"2026-07-09",2042,"N20","nominal","2.0NRT",280.55,0.9,"N"
"4991",58.61495,87.96709,297.44,0.39,0.36,"2026-07-09",2042,"N20","nominal","2.0NRT",281.25,1.6,"N"
"4992",59.19866,84.20837,299.25,0.4,0.37,"2026-07-09",2042,"N20","nominal","2.0NRT",278.17,0.57,"N"
"4993",59.19772,84.21517,299.69,0.4,0.37,"2026-07-09",2042,"N20","nominal","2.0NRT",279.73,0.57,"N"
"4994",59.19204,84.25594,295.33,0.4,0.37,"2026-07-09",2042,"N20","nominal","2.0NRT",281.78,0.78,"N"
"4995",59.1911,84.26274,303.07,0.4,0.37,"2026-07-09",2042,"N20","nominal","2.0NRT",280.67,0.81,"N"
"4996",59.19015,84.26952,302.89,0.4,0.37,"2026-07-09",2042,"N20","nominal","2.0NRT",279.78,0.81,"N"
"4997",58.62182,87.90718,299.73,0.39,0.36,"2026-07-09",2042,"N20","nominal","2.0NRT",280.25,0.9,"N"
"4998",59.18687,84.26776,331.02,0.4,0.37,"2026-07-09",2042,"N20","nominal","2.0NRT",285.83,2.13,"N"
"4999",59.18782,84.26098,303.68,0.4,0.37,"2026-07-09",2042,"N20","nominal","2.0NRT",282.96,2.13,"N"
"5000",58.61863,87.90515,296.41,0.39,0.36,"2026-07-09",2042,"N20","nominal","2.0NRT",280.64,1.49,"N"
"5001",59.1836,84.26601,329.36,0.4,0.37,"2026-07-09",2042,"N20","nominal","2.0NRT",285.27,2.13,"N"
"5002",59.18454,84.25923,303.48,0.4,0.37,"2026-07-09",2042,"N20","nominal","2.0NRT",282.84,2.13,"N"
"5003",59.18128,84.25748,310.79,0.4,0.37,"2026-07-09",2042,"N20","nominal","2.0NRT",280.98,1.78,"N"
"5004",59.18034,84.26426,319.97,0.4,0.37,"2026-07-09",2042,"N20","nominal","2.0NRT",280.77,1.78,"N"
"5005",59.06984,84.92779,344.66,0.39,0.36,"2026-07-09",2042,"N20","nominal","2.0NRT",277.33,5.03,"N"
"5006",59.0666,84.92599,313.32,0.39,0.36,"2026-07-09",2042,"N20","nominal","2.0NRT",279.28,2.25,"N"
"5007",59.06045,84.94412,326.99,0.39,0.36,"2026-07-09",2042,"N20","nominal","2.0NRT",283.15,6.19,"N"
"5008",59.06433,84.91758,299.06,0.39,0.36,"2026-07-09",2042,"N20","nominal","2.0NRT",275.32,1.09,"N"
"5009",59.06142,84.93748,309.7,0.39,0.36,"2026-07-09",2042,"N20","nominal","2.0NRT",277.43,6.19,"N"
"5010",59.05397,84.94055,299.61,0.39,0.36,"2026-07-09",2042,"N20","nominal","2.0NRT",278.03,1.47,"N"
"5011",59.16671,84.12636,310.19,0.4,0.37,"2026-07-09",2042,"N20","nominal","2.0NRT",279.89,1.39,"N"
"5012",59.16576,84.13316,297.83,0.4,0.37,"2026-07-09",2042,"N20","nominal","2.0NRT",281.63,1.39,"N"
"5013",59.05363,84.91887,298.18,0.39,0.36,"2026-07-09",2042,"N20","nominal","2.0NRT",274.92,0.96,"N"
"5014",59.05072,84.93877,299.41,0.39,0.36,"2026-07-09",2042,"N20","nominal","2.0NRT",278.66,1.33,"N"
"5015",59.16343,84.12463,313.72,0.4,0.37,"2026-07-09",2042,"N20","nominal","2.0NRT",282.44,1.39,"N"
"5016",59.05039,84.91709,305.68,0.39,0.36,"2026-07-09",2042,"N20","nominal","2.0NRT",277.85,0.96,"N"
"5017",59.04328,84.94183,329.22,0.39,0.36,"2026-07-09",2042,"N20","nominal","2.0NRT",280.29,3.31,"N"
"5018",59.16014,84.1229,303.83,0.4,0.37,"2026-07-09",2042,"N20","nominal","2.0NRT",280.02,0.73,"N"
"5019",59.1592,84.12971,295.73,0.4,0.37,"2026-07-09",2042,"N20","nominal","2.0NRT",281.32,0.73,"N"
"5020",59.14878,84.20439,305.64,0.4,0.37,"2026-07-09",2042,"N20","nominal","2.0NRT",279.14,1.39,"N"
"5021",59.04812,84.90867,299.67,0.39,0.36,"2026-07-09",2042,"N20","nominal","2.0NRT",275.32,2.01,"N"
"5022",59.04715,84.91531,309.63,0.39,0.36,"2026-07-09",2042,"N20","nominal","2.0NRT",279.79,1.49,"N"
"5023",59.04618,84.92194,295.02,0.39,0.36,"2026-07-09",2042,"N20","nominal","2.0NRT",278.72,1.49,"N"
"5024",59.04488,84.90689,335.73,0.39,0.36,"2026-07-09",2042,"N20","nominal","2.0NRT",278.4,2.01,"N"
"5025",59.04003,84.94004,334.59,0.39,0.36,"2026-07-09",2042,"N20","nominal","2.0NRT",282.51,3.31,"N"
"5026",59.15686,84.12118,300.54,0.4,0.37,"2026-07-09",2042,"N20","nominal","2.0NRT",279.75,0.73,"N"
"5027",59.15591,84.12798,300.25,0.4,0.37,"2026-07-09",2042,"N20","nominal","2.0NRT",282.81,0.73,"N"
"5028",59.04391,84.91353,316.57,0.39,0.36,"2026-07-09",2042,"N20","nominal","2.0NRT",282.22,1.49,"N"
"5029",59.041,84.93341,296.37,0.39,0.36,"2026-07-09",2042,"N20","nominal","2.0NRT",276.76,1.44,"N"
"5030",59.04164,84.9051,333.87,0.39,0.36,"2026-07-09",2042,"N20","nominal","2.0NRT",280.25,3.94,"N"
"5031",59.15358,84.11944,303.55,0.4,0.37,"2026-07-09",2042,"N20","nominal","2.0NRT",279.92,0.95,"N"
"5032",59.15263,84.12625,300.2,0.4,0.37,"2026-07-09",2042,"N20","nominal","2.0NRT",283.15,0.95,"N"
"5033",59.04067,84.91174,318.26,0.39,0.36,"2026-07-09",2042,"N20","nominal","2.0NRT",281.82,2.02,"N"
"5034",59.0397,84.91837,295.36,0.39,0.36,"2026-07-09",2042,"N20","nominal","2.0NRT",278.1,2.02,"N"
"5035",59.0368,84.93826,319.92,0.39,0.36,"2026-07-09",2042,"N20","nominal","2.0NRT",280.87,1.41,"N"
"5036",59.14935,84.12453,307.74,0.4,0.37,"2026-07-09",2042,"N20","nominal","2.0NRT",280.21,0.95,"N"
"5037",59.0384,84.90332,305.58,0.39,0.36,"2026-07-09",2042,"N20","nominal","2.0NRT",275.56,3.94,"N"
"5038",59.03744,84.90996,319.39,0.39,0.36,"2026-07-09",2042,"N20","nominal","2.0NRT",280.12,2.02,"N"
"5039",59.0355,84.92321,305.39,0.39,0.36,"2026-07-09",2042,"N20","nominal","2.0NRT",278.79,1.74,"N"
"5040",59.03356,84.93646,299.46,0.39,0.36,"2026-07-09",2042,"N20","nominal","2.0NRT",279.25,1.41,"N"
"5041",59.03322,84.9148,340.96,0.39,0.36,"2026-07-09",2042,"N20","nominal","2.0NRT",284.86,2.34,"N"
"5042",59.02935,84.9413,331.7,0.39,0.36,"2026-07-09",2042,"N20","nominal","2.0NRT",285.11,1.76,"N"
"5043",59.02547,84.96779,342.92,0.39,0.36,"2026-07-09",2042,"N20","nominal","2.0NRT",283.45,2.54,"N"
"5044",59.14607,84.12279,302.13,0.4,0.37,"2026-07-09",2042,"N20","nominal","2.0NRT",280.89,1.05,"N"
"5045",59.03516,84.90154,311.49,0.39,0.36,"2026-07-09",2042,"N20","nominal","2.0NRT",276.94,1.14,"N"
"5046",59.03419,84.90817,300.79,0.39,0.36,"2026-07-09",2042,"N20","nominal","2.0NRT",280.38,2.34,"N"
"5047",59.03226,84.92143,316.1,0.39,0.36,"2026-07-09",2042,"N20","nominal","2.0NRT",283.22,1.86,"N"
"5048",59.03129,84.92806,308.29,0.39,0.36,"2026-07-09",2042,"N20","nominal","2.0NRT",281.24,1.86,"N"
"5049",59.03032,84.93468,318.65,0.39,0.36,"2026-07-09",2042,"N20","nominal","2.0NRT",284.19,1.76,"N"
"5050",59.02838,84.94791,296.4,0.39,0.36,"2026-07-09",2042,"N20","nominal","2.0NRT",277.99,1.27,"N"
"5051",59.02644,84.96117,310.55,0.39,0.36,"2026-07-09",2042,"N20","nominal","2.0NRT",277.78,2.54,"N"
"5052",59.0245,84.9744,311.85,0.39,0.36,"2026-07-09",2042,"N20","nominal","2.0NRT",275.94,3.53,"N"
"5053",59.02126,84.97263,343.01,0.39,0.36,"2026-07-09",2042,"N20","nominal","2.0NRT",284.59,3.53,"N"
"5054",59.03192,84.89976,315.3,0.39,0.36,"2026-07-09",2042,"N20","nominal","2.0NRT",277.44,1.14,"N"
"5055",59.03096,84.90639,301.55,0.39,0.36,"2026-07-09",2042,"N20","nominal","2.0NRT",279.86,2.34,"N"
"5056",59.02998,84.91302,316.04,0.39,0.36,"2026-07-09",2042,"N20","nominal","2.0NRT",283.22,2.34,"N"
"5057",59.02901,84.91965,319.48,0.39,0.36,"2026-07-09",2042,"N20","nominal","2.0NRT",284.34,1.86,"N"
"5058",59.02805,84.92628,319.42,0.39,0.36,"2026-07-09",2042,"N20","nominal","2.0NRT",284.4,1.86,"N"
"5059",59.02708,84.9329,303.18,0.39,0.36,"2026-07-09",2042,"N20","nominal","2.0NRT",281.87,1.76,"N"
"5060",59.02611,84.93951,302.41,0.39,0.36,"2026-07-09",2042,"N20","nominal","2.0NRT",280.92,1.76,"N"
"5061",59.02514,84.94614,318.57,0.39,0.36,"2026-07-09",2042,"N20","nominal","2.0NRT",280.42,1.27,"N"
"5062",59.02223,84.96601,313.2,0.39,0.36,"2026-07-09",2042,"N20","nominal","2.0NRT",281.78,2.54,"N"
"5063",59.01706,84.97746,325.64,0.39,0.36,"2026-07-09",2042,"N20","nominal","2.0NRT",281.59,2.13,"N"
"5064",59.02868,84.89797,303.03,0.39,0.36,"2026-07-09",2042,"N20","nominal","2.0NRT",276.55,0.8,"N"
"5065",59.02674,84.91124,308.03,0.39,0.36,"2026-07-09",2042,"N20","nominal","2.0NRT",282.47,1.11,"N"
"5066",59.02578,84.91787,306.21,0.39,0.36,"2026-07-09",2042,"N20","nominal","2.0NRT",282.5,1.1,"N"
"5067",59.02481,84.9245,300.41,0.39,0.36,"2026-07-09",2042,"N20","nominal","2.0NRT",281.43,1.1,"N"
"5068",59.01802,84.97084,309.28,0.39,0.36,"2026-07-09",2042,"N20","nominal","2.0NRT",280.73,2.13,"N"
"5069",59.01382,84.97568,322.65,0.39,0.36,"2026-07-09",2042,"N20","nominal","2.0NRT",282.56,2.13,"N"
"5070",59.0235,84.90945,295.39,0.39,0.36,"2026-07-09",2042,"N20","nominal","2.0NRT",278.7,1.11,"N"
"5071",59.01285,84.98228,306.46,0.39,0.36,"2026-07-09",2042,"N20","nominal","2.0NRT",280.14,1.07,"N"
"5072",59.01188,84.98889,298.07,0.39,0.36,"2026-07-09",2042,"N20","nominal","2.0NRT",276.79,1.07,"N"
"5073",59.12823,84.14983,299.86,0.4,0.37,"2026-07-09",2042,"N20","nominal","2.0NRT",281.09,0.56,"N"
"5074",59.12729,84.15661,295.76,0.4,0.37,"2026-07-09",2042,"N20","nominal","2.0NRT",281.42,0.56,"N"
"5075",59.1254,84.17017,296.64,0.4,0.37,"2026-07-09",2042,"N20","nominal","2.0NRT",281.37,0.85,"N"
"5076",59.00961,84.9805,295.3,0.39,0.36,"2026-07-09",2042,"N20","nominal","2.0NRT",280.23,0.9,"N"
"5077",59.00864,84.98711,298.48,0.39,0.36,"2026-07-09",2042,"N20","nominal","2.0NRT",279.44,0.9,"N"
"5078",59.00767,84.99371,301.15,0.39,0.36,"2026-07-09",2042,"N20","nominal","2.0NRT",278.99,0.83,"N"
"5079",59.00443,84.99193,301.02,0.39,0.36,"2026-07-09",2042,"N20","nominal","2.0NRT",279.16,0.83,"N"
"5080",59.00604,84.95708,296.5,0.39,0.36,"2026-07-09",2042,"N20","nominal","2.0NRT",278.78,0.74,"N"
"5081",59.00377,84.94868,299.84,0.39,0.36,"2026-07-09",2042,"N20","nominal","2.0NRT",278.2,0.74,"N"
"5082",58.99796,84.98836,298.71,0.39,0.36,"2026-07-09",2042,"N20","nominal","2.0NRT",278.69,0.89,"N"
"5083",58.99473,84.98657,317.62,0.39,0.36,"2026-07-09",2042,"N20","nominal","2.0NRT",281.37,1.68,"N"
"5084",58.99149,84.98479,309.75,0.39,0.36,"2026-07-09",2042,"N20","nominal","2.0NRT",279.26,1.68,"N"
"5085",58.99888,84.91025,300.62,0.39,0.36,"2026-07-09",2042,"N20","nominal","2.0NRT",278.94,0.94,"N"
"5086",58.9966,84.90184,299.78,0.39,0.36,"2026-07-09",2042,"N20","nominal","2.0NRT",277.76,0.94,"N"
"5087",58.98275,84.97282,305.54,0.39,0.36,"2026-07-09",2042,"N20","nominal","2.0NRT",278.48,1.04,"N"
"5088",58.98178,84.97943,308.65,0.39,0.36,"2026-07-09",2042,"N20","nominal","2.0NRT",278.97,1.23,"N"
"5089",60.08718,64.68594,302.58,0.53,0.67,"2026-07-09",2042,"N20","nominal","2.0NRT",287.3,1.41,"N"
"5090",59.99456,63.88286,296.22,0.56,0.69,"2026-07-09",2042,"N20","nominal","2.0NRT",278.42,1.05,"N"
"5091",58.85141,83.91234,309.28,0.4,0.37,"2026-07-09",2042,"N20","nominal","2.0NRT",280.23,1.04,"N"
"5092",59.89179,71.73758,300.08,0.59,0.53,"2026-07-09",2042,"N20","nominal","2.0NRT",280.9,1.06,"N"
"5093",58.73934,84.50673,313.07,0.39,0.36,"2026-07-09",2042,"N20","nominal","2.0NRT",274.39,1.18,"N"
"5094",58.72752,84.56448,302.65,0.39,0.36,"2026-07-09",2042,"N20","nominal","2.0NRT",279.28,1.45,"N"
"5095",58.72656,84.57108,313.51,0.39,0.36,"2026-07-09",2042,"N20","nominal","2.0NRT",280.08,1.45,"N"
"5096",58.72522,84.55614,297.63,0.39,0.36,"2026-07-09",2042,"N20","nominal","2.0NRT",280.02,1.22,"N"
"5097",58.71547,84.55091,322.89,0.39,0.36,"2026-07-09",2042,"N20","nominal","2.0NRT",279.2,2.91,"N"
"5098",58.71412,84.53597,295.66,0.39,0.36,"2026-07-09",2042,"N20","nominal","2.0NRT",278.62,0.78,"N"
"5099",58.95731,82.60522,323.65,0.42,0.37,"2026-07-09",2042,"N20","nominal","2.0NRT",282.03,3.4,"N"
"5100",58.95855,82.60687,326.91,0.42,0.37,"2026-07-09",2042,"N20","nominal","2.0NRT",282.19,1.8,"N"
"5101",58.9561,82.59813,296.74,0.42,0.37,"2026-07-09",2042,"N20","nominal","2.0NRT",280.56,1.8,"N"
"5102",58.79351,83.68749,344.92,0.4,0.37,"2026-07-09",2042,"N20","nominal","2.0NRT",285.66,6.26,"N"
"5103",58.79258,83.69427,347.69,0.4,0.37,"2026-07-09",2042,"N20","nominal","2.0NRT",284.6,6.26,"N"
"5104",58.79444,83.68071,305.2,0.4,0.37,"2026-07-09",2042,"N20","nominal","2.0NRT",275.73,2.8,"N"
"5105",58.79114,83.67904,326.32,0.4,0.37,"2026-07-09",2042,"N20","nominal","2.0NRT",277.89,2.8,"N"
"5106",58.78928,83.6926,336.64,0.4,0.37,"2026-07-09",2042,"N20","nominal","2.0NRT",282.94,6.26,"N"
"5107",58.79021,83.68582,313.89,0.4,0.37,"2026-07-09",2042,"N20","nominal","2.0NRT",280.18,6.26,"N"
"5108",58.78835,83.69936,295.74,0.4,0.37,"2026-07-09",2042,"N20","nominal","2.0NRT",275.61,2.15,"N"
"5109",59.87635,68.87955,304.87,0.37,0.58,"2026-07-09",2042,"N20","nominal","2.0NRT",287.08,0.81,"N"
"5110",59.76229,71.73317,302,0.59,0.53,"2026-07-09",2042,"N20","nominal","2.0NRT",285.49,1.19,"N"
"5111",59.76189,71.7439,316.28,0.59,0.53,"2026-07-09",2042,"N20","nominal","2.0NRT",285.08,2.34,"N"
"5112",59.75982,71.74697,306.24,0.59,0.53,"2026-07-09",2042,"N20","nominal","2.0NRT",284.89,2.68,"N"
"5113",58.60063,84.12738,295.26,0.39,0.37,"2026-07-09",2042,"N20","nominal","2.0NRT",277.77,0.94,"N"
"5114",58.24496,86.22578,342.07,0.38,0.36,"2026-07-09",2042,"N20","nominal","2.0NRT",279.53,4.2,"N"
"5115",58.24279,86.21759,335.89,0.38,0.36,"2026-07-09",2042,"N20","nominal","2.0NRT",278.05,2.35,"N"
"5116",58.24176,86.22392,317.14,0.38,0.36,"2026-07-09",2042,"N20","nominal","2.0NRT",278.64,1.47,"N"
"5117",58.24074,86.23026,296.11,0.38,0.36,"2026-07-09",2042,"N20","nominal","2.0NRT",279.85,1.47,"N"
"5118",58.23958,86.21574,308.93,0.38,0.36,"2026-07-09",2042,"N20","nominal","2.0NRT",277.98,2.35,"N"
"5119",58.23639,86.21389,295.28,0.38,0.36,"2026-07-09",2042,"N20","nominal","2.0NRT",278.7,1.11,"N"
"5120",58.23319,86.21204,318.85,0.38,0.36,"2026-07-09",2042,"N20","nominal","2.0NRT",280.97,1.11,"N"
"5121",58.23101,86.20386,326.92,0.38,0.36,"2026-07-09",2042,"N20","nominal","2.0NRT",279.91,1.31,"N"
"5122",58.24422,86.12148,304.87,0.38,0.36,"2026-07-09",2042,"N20","nominal","2.0NRT",277.7,1.52,"N"
"5123",58.23203,86.19752,309.53,0.38,0.36,"2026-07-09",2042,"N20","nominal","2.0NRT",275.98,1.15,"N"
"5124",58.22999,86.2102,303.35,0.38,0.36,"2026-07-09",2042,"N20","nominal","2.0NRT",279.08,1.31,"N"
"5125",58.22489,86.24187,295.13,0.38,0.36,"2026-07-09",2042,"N20","nominal","2.0NRT",279.15,0.93,"N"
"5126",58.24508,86.09428,304.29,0.38,0.36,"2026-07-09",2042,"N20","nominal","2.0NRT",278.25,0.93,"N"
"5127",58.22883,86.19568,319.6,0.38,0.36,"2026-07-09",2042,"N20","nominal","2.0NRT",278.05,1.15,"N"
"5128",58.22781,86.20201,301.91,0.38,0.36,"2026-07-09",2042,"N20","nominal","2.0NRT",279.52,1.31,"N"
"5129",58.2268,86.20834,296.97,0.38,0.36,"2026-07-09",2042,"N20","nominal","2.0NRT",278.6,1.31,"N"
"5130",58.22564,86.19383,298.15,0.38,0.36,"2026-07-09",2042,"N20","nominal","2.0NRT",277.34,0.75,"N"
"5131",58.22462,86.20016,298.42,0.38,0.36,"2026-07-09",2042,"N20","nominal","2.0NRT",279.36,1.22,"N"
"5132",35.73056,51.00721,308.59,0.38,0.36,"2026-07-09",2229,"N20","nominal","2.0NRT",295.18,1.16,"N"
"5133",37.01865,36.09439,303.78,0.63,0.72,"2026-07-09",2229,"N20","nominal","2.0NRT",290.68,2.08,"N"
"5134",35.57523,51.51167,320.99,0.38,0.36,"2026-07-09",2229,"N20","nominal","2.0NRT",301.33,3.7,"N"
"5135",36.93301,38.42026,308.29,0.47,0.64,"2026-07-09",2229,"N20","nominal","2.0NRT",292,0.7,"N"
"5136",37.01521,36.09266,307.28,0.63,0.72,"2026-07-09",2229,"N20","nominal","2.0NRT",289.87,2.47,"N"
"5137",35.553,51.50196,302.47,0.38,0.36,"2026-07-09",2229,"N20","nominal","2.0NRT",292.03,0.51,"N"
"5138",35.54551,51.42187,317.35,0.38,0.36,"2026-07-09",2229,"N20","nominal","2.0NRT",300.34,3.29,"N"
"5139",35.5383,51.42448,318.98,0.38,0.36,"2026-07-09",2229,"N20","nominal","2.0NRT",301.92,3.72,"N"
"5140",35.52328,51.41218,312.6,0.38,0.36,"2026-07-09",2229,"N20","nominal","2.0NRT",297.62,1.92,"N"
"5141",35.52069,51.40722,316.85,0.38,0.36,"2026-07-09",2229,"N20","nominal","2.0NRT",297.75,1.53,"N"
"5142",35.52001,51.4114,315.87,0.38,0.36,"2026-07-09",2229,"N20","nominal","2.0NRT",296.93,1.53,"N"
"5143",35.52338,51.13127,309.94,0.38,0.36,"2026-07-09",2229,"N20","nominal","2.0NRT",293.87,0.81,"N"
"5144",36.79968,38.87006,304.04,0.44,0.62,"2026-07-09",2229,"N20","nominal","2.0NRT",293.81,0.38,"N"
"5145",35.39734,51.28069,309.13,0.38,0.36,"2026-07-09",2229,"N20","nominal","2.0NRT",296.49,1.25,"N"
"5146",36.45795,41.28179,310.07,0.32,0.54,"2026-07-09",2229,"N20","nominal","2.0NRT",296.04,0.55,"N"
"5147",33.75402,59.14967,302.36,0.54,0.51,"2026-07-09",2229,"N20","nominal","2.0NRT",291.8,0.7,"N"
"5148",35.3737,50.20531,304.94,0.39,0.36,"2026-07-09",2229,"N20","nominal","2.0NRT",293.44,0.85,"N"
"5149",36.16634,43.53326,309.83,0.47,0.48,"2026-07-09",2229,"N20","nominal","2.0NRT",294.26,1.42,"N"
"5150",36.16194,43.53261,318.43,0.47,0.48,"2026-07-09",2229,"N20","nominal","2.0NRT",295,1.42,"N"
"5151",36.12941,43.78202,310.11,0.46,0.47,"2026-07-09",2229,"N20","nominal","2.0NRT",299.43,3.12,"N"
"5152",36.13295,43.3106,319.8,0.49,0.48,"2026-07-09",2229,"N20","nominal","2.0NRT",291.9,1.57,"N"
"5153",36.13246,43.31608,308.56,0.49,0.48,"2026-07-09",2229,"N20","nominal","2.0NRT",291.51,1.4,"N"
"5154",36.09949,43.63023,306.48,0.47,0.48,"2026-07-09",2229,"N20","nominal","2.0NRT",294.95,0.67,"N"
"5155",35.26215,50.42514,318.64,0.39,0.36,"2026-07-09",2229,"N20","nominal","2.0NRT",295.19,1.25,"N"
"5156",36.08542,43.63875,306.79,0.47,0.48,"2026-07-09",2229,"N20","nominal","2.0NRT",294.95,0.64,"N"
"5157",36.01885,43.68157,329.99,0.46,0.47,"2026-07-09",2229,"N20","nominal","2.0NRT",298.53,4.29,"N"
"5158",35.99803,43.76203,334.01,0.46,0.47,"2026-07-09",2229,"N20","nominal","2.0NRT",299.45,3.63,"N"
"5159",35.98405,43.77045,339.79,0.46,0.47,"2026-07-09",2229,"N20","nominal","2.0NRT",301.58,3.29,"N"
"5160",35.97971,43.76989,318.54,0.46,0.47,"2026-07-09",2229,"N20","nominal","2.0NRT",298.94,3.29,"N"
"5161",35.9749,43.7744,310.12,0.46,0.47,"2026-07-09",2229,"N20","nominal","2.0NRT",299.05,3.11,"N"
"5162",35.95265,43.72977,315.42,0.46,0.47,"2026-07-09",2229,"N20","nominal","2.0NRT",299.15,2.76,"N"
"5163",35.30782,49.2135,308.29,0.4,0.37,"2026-07-09",2229,"N20","nominal","2.0NRT",293.8,1.13,"N"
"5164",35.95174,43.72822,313.07,0.46,0.47,"2026-07-09",2229,"N20","nominal","2.0NRT",297.86,2.48,"N"
"5165",35.91558,43.73823,304.8,0.46,0.47,"2026-07-09",2229,"N20","nominal","2.0NRT",294.19,1.42,"N"
"5166",36.13358,40.80913,315.09,0.34,0.56,"2026-07-09",2229,"N20","nominal","2.0NRT",295.94,1.12,"N"
"5167",35.77501,43.99519,339.04,0.44,0.46,"2026-07-09",2229,"N20","nominal","2.0NRT",300.51,6.03,"N"
"5168",35.67171,45.00518,316.15,0.39,0.44,"2026-07-09",2229,"N20","nominal","2.0NRT",297.43,1.7,"N"
"5169",35.66771,45.00433,315.14,0.39,0.44,"2026-07-09",2229,"N20","nominal","2.0NRT",298.58,1.7,"N"
"5170",35.62553,45.20863,313.69,0.57,0.43,"2026-07-09",2229,"N20","nominal","2.0NRT",296.93,2.14,"N"
"5171",35.73241,44.03314,310.8,0.44,0.46,"2026-07-09",2229,"N20","nominal","2.0NRT",299.13,2.21,"N"
"5172",35.72817,44.03238,321.94,0.44,0.46,"2026-07-09",2229,"N20","nominal","2.0NRT",297.83,10.25,"N"
"5173",35.72723,44.04221,339.48,0.44,0.46,"2026-07-09",2229,"N20","nominal","2.0NRT",304.06,8.61,"N"
"5174",35.72298,44.04147,324.41,0.44,0.46,"2026-07-09",2229,"N20","nominal","2.0NRT",298.96,8.61,"N"
"5175",35.67835,44.06704,311.28,0.44,0.46,"2026-07-09",2229,"N20","nominal","2.0NRT",298.04,3.07,"N"
"5176",35.68872,43.87444,325.79,0.45,0.47,"2026-07-09",2229,"N20","nominal","2.0NRT",296.64,11.29,"N"
"5177",35.68823,43.87939,332.07,0.45,0.47,"2026-07-09",2229,"N20","nominal","2.0NRT",305.5,37.18,"N"
"5178",35.68443,43.87378,338.5,0.45,0.47,"2026-07-09",2229,"N20","nominal","2.0NRT",296.23,11.29,"N"
"5179",32.92489,60.23398,307.96,0.32,0.55,"2026-07-09",2229,"N20","nominal","2.0NRT",296.93,0.81,"N"
"5180",35.66243,43.96579,341.27,0.44,0.46,"2026-07-09",2229,"N20","nominal","2.0NRT",302.11,9.01,"N"
"5181",35.63213,44.01064,339.52,0.44,0.46,"2026-07-09",2229,"N20","nominal","2.0NRT",299.8,10.39,"N"
"5182",35.63261,44.00572,307.49,0.44,0.46,"2026-07-09",2229,"N20","nominal","2.0NRT",296.12,9.74,"N"
"5183",35.62787,44.01006,340.62,0.44,0.46,"2026-07-09",2229,"N20","nominal","2.0NRT",304.81,10.39,"N"
"5184",35.56718,44.28392,308.78,0.43,0.46,"2026-07-09",2229,"N20","nominal","2.0NRT",298.28,2.09,"N"
"5185",35.56614,44.28621,309.65,0.43,0.46,"2026-07-09",2229,"N20","nominal","2.0NRT",298.91,1.75,"N"
"5186",35.5353,44.33861,338.66,0.42,0.45,"2026-07-09",2229,"N20","nominal","2.0NRT",298.11,2.43,"N"
"5187",35.53114,44.3379,331.82,0.42,0.45,"2026-07-09",2229,"N20","nominal","2.0NRT",297.74,2.43,"N"
"5188",35.53066,44.3426,310.56,0.42,0.45,"2026-07-09",2229,"N20","nominal","2.0NRT",296.46,2.43,"N"
"5189",35.52649,44.34192,334.88,0.42,0.45,"2026-07-09",2229,"N20","nominal","2.0NRT",297.03,3.52,"N"
"5190",35.48985,44.15359,338.03,0.43,0.46,"2026-07-09",2229,"N20","nominal","2.0NRT",303.71,16.98,"N"
"5191",35.48564,44.15293,340.03,0.43,0.46,"2026-07-09",2229,"N20","nominal","2.0NRT",296.84,8.84,"N"
"5192",35.45939,44.42117,340.36,0.42,0.45,"2026-07-09",2229,"N20","nominal","2.0NRT",301.94,9.13,"N"
"5193",35.41034,44.22278,322.55,0.43,0.46,"2026-07-09",2229,"N20","nominal","2.0NRT",293.64,1.41,"N"
"5194",35.38518,44.21886,338.37,0.43,0.46,"2026-07-09",2229,"N20","nominal","2.0NRT",297.12,6.18,"N"
"5195",35.32717,44.32132,317.94,0.42,0.45,"2026-07-09",2229,"N20","nominal","2.0NRT",298.13,2.26,"N"
"5196",35.25364,44.42247,310.32,0.42,0.45,"2026-07-09",2229,"N20","nominal","2.0NRT",297.91,2.95,"N"
"5197",35.24859,44.43095,352.56,0.41,0.45,"2026-07-09",2229,"N20","nominal","2.0NRT",301.13,14.17,"N"
"5198",35.25254,44.21948,320.79,0.43,0.46,"2026-07-09",2229,"N20","nominal","2.0NRT",293.78,1.9,"N"
"5199",35.25207,44.21754,304.6,0.43,0.46,"2026-07-09",2229,"N20","nominal","2.0NRT",292.77,1.17,"N"
"5200",35.25158,44.22223,314.65,0.42,0.46,"2026-07-09",2229,"N20","nominal","2.0NRT",293.87,1.17,"N"
"5201",35.72222,36.31271,304.01,0.6,0.71,"2026-07-09",2229,"N20","nominal","2.0NRT",293.32,0.64,"N"
"5202",35.12748,44.57084,309.96,0.41,0.45,"2026-07-09",2229,"N20","nominal","2.0NRT",296.97,1.08,"N"
"5203",35.12338,44.5702,329.37,0.41,0.45,"2026-07-09",2229,"N20","nominal","2.0NRT",298.59,2.9,"N"
"5204",33.04237,56.8484,314.5,0.42,0.45,"2026-07-09",2229,"N20","nominal","2.0NRT",299.5,2.98,"N"
"5205",35.30266,40.445,320.48,0.35,0.56,"2026-07-09",2229,"N20","nominal","2.0NRT",297.51,1.4,"N"
"5206",35.50028,36.33268,314.1,0.6,0.7,"2026-07-09",2229,"N20","nominal","2.0NRT",292.33,3.68,"N"
"5207",35.02205,43.50042,342.75,0.46,0.47,"2026-07-09",2229,"N20","nominal","2.0NRT",301.57,12.22,"N"
"5208",35.00415,43.49163,311.78,0.46,0.47,"2026-07-09",2229,"N20","nominal","2.0NRT",298.83,2.25,"N"
"5209",34.59801,46.92825,312.88,0.47,0.39,"2026-07-09",2229,"N20","nominal","2.0NRT",288.89,1.2,"N"
"5210",35.42041,36.38374,307.32,0.59,0.7,"2026-07-09",2229,"N20","nominal","2.0NRT",291.99,0.95,"N"
"5211",34.8993,43.80452,344.02,0.44,0.46,"2026-07-09",2229,"N20","nominal","2.0NRT",306.87,16.09,"N"
"5212",34.89883,43.80939,324.7,0.44,0.46,"2026-07-09",2229,"N20","nominal","2.0NRT",301.41,16.09,"N"
"5213",34.89504,43.80385,350.94,0.44,0.46,"2026-07-09",2229,"N20","nominal","2.0NRT",304.15,17.46,"N"
"5214",34.89457,43.80872,321.24,0.44,0.46,"2026-07-09",2229,"N20","nominal","2.0NRT",300.54,17.46,"N"
"5215",34.75657,45.15407,312.52,0.56,0.43,"2026-07-09",2229,"N20","nominal","2.0NRT",299.86,2.7,"N"
"5216",34.86496,44.02444,338.89,0.43,0.46,"2026-07-09",2229,"N20","nominal","2.0NRT",302.56,5.69,"N"
"5217",34.86543,44.01968,316.13,0.43,0.46,"2026-07-09",2229,"N20","nominal","2.0NRT",298.72,4.19,"N"
"5218",34.44329,47.54202,328.88,0.44,0.38,"2026-07-09",2229,"N20","nominal","2.0NRT",289.68,3.59,"N"
"5219",34.44267,47.54678,328.24,0.44,0.38,"2026-07-09",2229,"N20","nominal","2.0NRT",288.76,3.09,"N"
"5220",34.65979,45.74439,311.66,0.53,0.42,"2026-07-09",2229,"N20","nominal","2.0NRT",299.38,2.19,"N"
"5221",34.65598,45.74356,313.42,0.53,0.42,"2026-07-09",2229,"N20","nominal","2.0NRT",296.92,2.19,"N"
"5222",34.44272,47.54471,345.67,0.44,0.38,"2026-07-09",2229,"N20","nominal","2.0NRT",290.02,6.63,"N"
"5223",34.66148,45.7437,309.59,0.53,0.42,"2026-07-09",2229,"N20","nominal","2.0NRT",299.48,1.32,"N"
"5224",34.65768,45.7429,306.92,0.53,0.42,"2026-07-09",2229,"N20","nominal","2.0NRT",296.18,1.32,"N"
"5225",34.65388,45.7421,313.04,0.53,0.42,"2026-07-09",2229,"N20","nominal","2.0NRT",294.05,1.86,"N"
"5226",34.65317,45.7481,312.09,0.53,0.42,"2026-07-09",2229,"N20","nominal","2.0NRT",299.28,3.6,"N"
"5227",35.11429,40.56139,326.59,0.34,0.56,"2026-07-09",2229,"N20","nominal","2.0NRT",297.28,1.7,"N"
"5228",34.27481,48.15981,304.28,0.42,0.38,"2026-07-09",2229,"N20","nominal","2.0NRT",284.38,0.73,"N"
"5229",34.27139,48.15912,302.81,0.42,0.38,"2026-07-09",2229,"N20","nominal","2.0NRT",283.73,0.73,"N"
"5230",34.35163,47.41448,322.83,0.44,0.39,"2026-07-09",2229,"N20","nominal","2.0NRT",290.66,1.67,"N"
"5231",34.352,47.41209,325.05,0.44,0.39,"2026-07-09",2229,"N20","nominal","2.0NRT",290,1.85,"N"
"5232",34.35126,47.36287,320.82,0.45,0.39,"2026-07-09",2229,"N20","nominal","2.0NRT",294.38,3.03,"N"
"5233",34.2017,48.23518,301.15,0.42,0.37,"2026-07-09",2229,"N20","nominal","2.0NRT",285.5,0.61,"N"
"5234",34.9121,40.82435,334.56,0.33,0.55,"2026-07-09",2229,"N20","nominal","2.0NRT",297.74,1.5,"N"
"5235",34.91185,40.82795,310.83,0.33,0.55,"2026-07-09",2229,"N20","nominal","2.0NRT",297.38,1.5,"N"
"5236",34.9138,40.82546,337.62,0.33,0.55,"2026-07-09",2229,"N20","nominal","2.0NRT",297.63,2.57,"N"
"5237",34.54013,44.55242,315.04,0.4,0.44,"2026-07-09",2229,"N20","nominal","2.0NRT",299.09,1.45,"N"
"5238",34.53966,44.55679,313.58,0.4,0.44,"2026-07-09",2229,"N20","nominal","2.0NRT",299.92,1.45,"N"
"5239",34.53513,44.5605,321.86,0.4,0.44,"2026-07-09",2229,"N20","nominal","2.0NRT",300.49,2.37,"N"
"5240",34.53559,44.55613,315.05,0.4,0.44,"2026-07-09",2229,"N20","nominal","2.0NRT",298.92,1.45,"N"
"5241",34.53466,44.56487,311.67,0.4,0.44,"2026-07-09",2229,"N20","nominal","2.0NRT",299.83,2.37,"N"
"5242",34.5342,44.56924,319.17,0.4,0.44,"2026-07-09",2229,"N20","nominal","2.0NRT",300.87,3.1,"N"
"5243",34.53013,44.56857,314.05,0.4,0.44,"2026-07-09",2229,"N20","nominal","2.0NRT",299.82,2.66,"N"
"5244",34.52561,44.57226,342.24,0.4,0.44,"2026-07-09",2229,"N20","nominal","2.0NRT",302.27,2.66,"N"
"5245",34.52607,44.56789,313.88,0.4,0.44,"2026-07-09",2229,"N20","nominal","2.0NRT",299.12,2.66,"N"
"5246",34.52201,44.56721,319.85,0.4,0.44,"2026-07-09",2229,"N20","nominal","2.0NRT",300.96,2.28,"N"
"5247",34.51794,44.56653,316.86,0.4,0.44,"2026-07-09",2229,"N20","nominal","2.0NRT",300.37,2.28,"N"
"5248",34.91784,37.94372,310.07,0.48,0.65,"2026-07-09",2229,"N20","nominal","2.0NRT",288.67,0.77,"N"
"5249",34.12791,46.5793,304.7,0.48,0.4,"2026-07-09",2229,"N20","nominal","2.0NRT",291.14,0.69,"N"
"5250",34.12819,46.57868,312.05,0.48,0.4,"2026-07-09",2229,"N20","nominal","2.0NRT",291.54,1.44,"N"
"5251",34.10805,46.59069,302.34,0.48,0.4,"2026-07-09",2229,"N20","nominal","2.0NRT",291.34,1,"N"
"5252",33.77155,48.75929,323.4,0.4,0.37,"2026-07-09",2229,"N20","nominal","2.0NRT",287.38,2.19,"N"
"5253",34.71527,36.63129,311.06,0.57,0.69,"2026-07-09",2229,"N20","nominal","2.0NRT",290.71,1.13,"N"
"5254",34.71375,36.63192,309.49,0.57,0.69,"2026-07-09",2229,"N20","nominal","2.0NRT",290.58,0.84,"N"
"5255",34.13718,44.2281,311.92,0.41,0.45,"2026-07-09",2229,"N20","nominal","2.0NRT",296.11,1.51,"N"
"5256",34.12628,43.87774,313.83,0.43,0.46,"2026-07-09",2229,"N20","nominal","2.0NRT",295.27,1.5,"N"
"5257",34.25787,41.21466,310.62,0.61,0.53,"2026-07-09",2229,"N20","nominal","2.0NRT",297.28,1.96,"N"
"5258",33.60424,47.34111,305.7,0.44,0.38,"2026-07-09",2229,"N20","nominal","2.0NRT",287.44,0.64,"N"
"5259",33.60423,47.33897,303.6,0.44,0.38,"2026-07-09",2229,"N20","nominal","2.0NRT",286.45,0.47,"N"
"5260",33.69905,46.22721,312.32,0.49,0.4,"2026-07-09",2229,"N20","nominal","2.0NRT",297.83,1.97,"N"
"5261",33.87363,44.64938,309.83,0.39,0.44,"2026-07-09",2229,"N20","nominal","2.0NRT",296.87,1.19,"N"
"5262",33.37434,48.40035,306.83,0.41,0.37,"2026-07-09",2229,"N20","nominal","2.0NRT",294.63,1.13,"N"
"5263",32.33587,54.08942,310.3,0.47,0.4,"2026-07-09",2229,"N20","nominal","2.0NRT",295.73,2.02,"N"
"5264",32.39472,53.75924,331.13,0.46,0.39,"2026-07-09",2229,"N20","nominal","2.0NRT",299.37,4.48,"N"
"5265",32.39749,53.7249,315.63,0.46,0.39,"2026-07-09",2229,"N20","nominal","2.0NRT",297.84,1.98,"N"
"5266",32.38416,53.7564,322.47,0.46,0.39,"2026-07-09",2229,"N20","nominal","2.0NRT",298.11,3.91,"N"
"5267",32.78178,51.51113,310.89,0.39,0.36,"2026-07-09",2229,"N20","nominal","2.0NRT",299.18,3.12,"N"
"5268",32.77918,51.5062,320.05,0.39,0.36,"2026-07-09",2229,"N20","nominal","2.0NRT",301.76,3.7,"N"
"5269",33.25215,47.73783,330.58,0.42,0.38,"2026-07-09",2229,"N20","nominal","2.0NRT",299.94,4.46,"N"
"5270",33.07549,48.23489,329.77,0.41,0.37,"2026-07-09",2229,"N20","nominal","2.0NRT",299.28,3.37,"N"
"5271",33.0749,48.23911,323.19,0.41,0.37,"2026-07-09",2229,"N20","nominal","2.0NRT",298.56,2.86,"N"
"5272",33.00594,48.49829,312.99,0.4,0.37,"2026-07-09",2229,"N20","nominal","2.0NRT",296.61,2.26,"N"
"5273",33.4193,44.46465,314.28,0.39,0.44,"2026-07-09",2229,"N20","nominal","2.0NRT",302.31,3.51,"N"
"5274",33.409,44.52306,332.7,0.39,0.44,"2026-07-09",2229,"N20","nominal","2.0NRT",298.26,4.17,"N"
"5275",33.37189,44.86741,310.93,0.56,0.43,"2026-07-09",2229,"N20","nominal","2.0NRT",300.85,2.61,"N"
"5276",32.40834,51.51856,312.66,0.39,0.37,"2026-07-09",2229,"N20","nominal","2.0NRT",298.55,1.47,"N"
"5277",33.59073,42.50455,310.35,0.51,0.49,"2026-07-09",2229,"N20","nominal","2.0NRT",299.86,1.91,"N"
"5278",32.42031,51.32456,310.49,0.39,0.36,"2026-07-09",2229,"N20","nominal","2.0NRT",298.2,2.06,"N"
"5279",31.92915,54.05503,312.02,0.48,0.4,"2026-07-09",2229,"N20","nominal","2.0NRT",299.84,3.15,"N"
"5280",32.40975,51.32639,329.2,0.39,0.36,"2026-07-09",2229,"N20","nominal","2.0NRT",296.76,2.44,"N"
"5281",32.40837,51.33459,317.62,0.39,0.36,"2026-07-09",2229,"N20","nominal","2.0NRT",298.59,3.62,"N"
"5282",33.32512,44.57047,341.04,0.39,0.44,"2026-07-09",2229,"N20","nominal","2.0NRT",304.4,7.28,"N"
"5283",33.28759,44.45678,314.54,0.39,0.44,"2026-07-09",2229,"N20","nominal","2.0NRT",303.33,1.58,"N"
"5284",33.22429,44.76902,326.49,0.57,0.43,"2026-07-09",2229,"N20","nominal","2.0NRT",301.01,3.65,"N"
"5285",33.22034,44.76838,328.28,0.57,0.43,"2026-07-09",2229,"N20","nominal","2.0NRT",303.49,38,"N"
"5286",32.25958,51.52873,336.41,0.4,0.37,"2026-07-09",2229,"N20","nominal","2.0NRT",294.86,3.37,"N"
"5287",33.02907,46.13784,315.59,0.48,0.4,"2026-07-09",2229,"N20","nominal","2.0NRT",301.59,0.87,"N"
"5288",32.17509,51.88098,307.68,0.4,0.37,"2026-07-09",2229,"N20","nominal","2.0NRT",295.72,1.38,"N"
"5289",33.01561,46.12484,315.26,0.48,0.4,"2026-07-09",2229,"N20","nominal","2.0NRT",301.3,1.17,"N"
"5290",32.24799,51.41459,319.07,0.39,0.36,"2026-07-09",2229,"N20","nominal","2.0NRT",297.31,1.42,"N"
"5291",32.2433,51.42204,323.08,0.39,0.36,"2026-07-09",2229,"N20","nominal","2.0NRT",297.91,3.02,"N"
"5292",32.2419,51.43027,331.92,0.39,0.36,"2026-07-09",2229,"N20","nominal","2.0NRT",303.23,36.4,"N"
"5293",32.244,51.41792,309.09,0.39,0.36,"2026-07-09",2229,"N20","nominal","2.0NRT",296.67,1.42,"N"
"5294",32.24,51.42126,313.04,0.39,0.36,"2026-07-09",2229,"N20","nominal","2.0NRT",299.4,2.54,"N"
"5295",32.2386,51.42949,307.3,0.39,0.36,"2026-07-09",2229,"N20","nominal","2.0NRT",296.71,2.1,"N"
"5296",33.15833,44.78305,329.81,0.56,0.43,"2026-07-09",2229,"N20","nominal","2.0NRT",298.3,7.39,"N"
"5297",33.15767,44.7891,323.02,0.56,0.43,"2026-07-09",2229,"N20","nominal","2.0NRT",303.28,8.69,"N"
"5298",32.99374,46.18737,318.28,0.48,0.4,"2026-07-09",2229,"N20","nominal","2.0NRT",302.64,1.91,"N"
"5299",33.15886,44.78809,338.04,0.56,0.43,"2026-07-09",2229,"N20","nominal","2.0NRT",302.75,13.74,"N"
"5300",32.22277,51.13696,300.25,0.39,0.36,"2026-07-09",2229,"N20","nominal","2.0NRT",289.94,0.6,"N"
"5301",32.19748,51.18626,305.36,0.39,0.36,"2026-07-09",2229,"N20","nominal","2.0NRT",291.03,1.71,"N"
"5302",32.1598,51.20726,303.55,0.39,0.36,"2026-07-09",2229,"N20","nominal","2.0NRT",288.05,0.6,"N"
"5303",31.57346,54.37186,303.7,0.5,0.41,"2026-07-09",2229,"N20","nominal","2.0NRT",292.94,0.67,"N"
"5304",32.52472,48.22091,317.84,0.41,0.37,"2026-07-09",2229,"N20","nominal","2.0NRT",302.87,1.01,"N"
"5305",32.59823,47.5427,331.93,0.42,0.38,"2026-07-09",2229,"N20","nominal","2.0NRT",304.18,3.57,"N"
"5306",32.504,47.20451,322.99,0.43,0.38,"2026-07-09",2229,"N20","nominal","2.0NRT",301.66,1.63,"N"
"5307",32.50338,47.20911,320.81,0.43,0.38,"2026-07-09",2229,"N20","nominal","2.0NRT",304.13,1.63,"N"
"5308",32.49228,47.21183,344.66,0.43,0.38,"2026-07-09",2229,"N20","nominal","2.0NRT",311.63,10.53,"N"
"5309",32.84368,44.29057,312.56,0.4,0.44,"2026-07-09",2229,"N20","nominal","2.0NRT",299.73,1.82,"N"
"5310",32.83917,44.29417,311.45,0.39,0.44,"2026-07-09",2229,"N20","nominal","2.0NRT",300.06,1.82,"N"
"5311",32.31034,48.12844,320.13,0.41,0.37,"2026-07-09",2231,"N20","nominal","2.0NRT",299.03,1.12,"N"
"5312",32.1726,49.0584,311.29,0.39,0.36,"2026-07-09",2231,"N20","nominal","2.0NRT",300.72,0.53,"N"
"5313",32.3599,47.69794,345.27,0.42,0.38,"2026-07-09",2231,"N20","nominal","2.0NRT",308.13,7.56,"N"
"5314",32.35804,47.71121,315.77,0.42,0.38,"2026-07-09",2231,"N20","nominal","2.0NRT",302.17,1.82,"N"
"5315",32.35462,47.71053,347.06,0.42,0.38,"2026-07-09",2231,"N20","nominal","2.0NRT",315.01,5.83,"N"
"5316",32.35524,47.70611,312.99,0.42,0.38,"2026-07-09",2231,"N20","nominal","2.0NRT",302.34,5.83,"N"
"5317",32.3512,47.70985,323.39,0.42,0.38,"2026-07-09",2231,"N20","nominal","2.0NRT",306.5,5.83,"N"
"5318",32.36833,47.40633,313.49,0.43,0.38,"2026-07-09",2231,"N20","nominal","2.0NRT",301.55,0.83,"N"
"5319",30.75708,56.65919,306.14,0.45,0.47,"2026-07-09",2231,"N20","nominal","2.0NRT",294.76,1.97,"N"
"5320",32.26551,48.09544,329.53,0.41,0.37,"2026-07-09",2231,"N20","nominal","2.0NRT",301.02,2.49,"N"
"5321",32.2649,48.09973,311.96,0.41,0.37,"2026-07-09",2231,"N20","nominal","2.0NRT",300.47,1.2,"N"
"5322",32.34712,47.4578,330.32,0.43,0.38,"2026-07-09",2231,"N20","nominal","2.0NRT",301.45,2.57,"N"
"5323",32.25258,48.08851,332.26,0.41,0.37,"2026-07-09",2231,"N20","nominal","2.0NRT",302.66,2.91,"N"
"5324",32.63958,44.54211,323.89,0.57,0.43,"2026-07-09",2231,"N20","nominal","2.0NRT",299.12,1.92,"N"
"5325",32.63765,44.54136,331.74,0.57,0.43,"2026-07-09",2231,"N20","nominal","2.0NRT",298.92,8.09,"N"
"5326",30.66823,56.62175,306.24,0.45,0.47,"2026-07-09",2231,"N20","nominal","2.0NRT",291.39,0.99,"N"
"5327",32.48922,45.66466,332.75,0.5,0.41,"2026-07-09",2231,"N20","nominal","2.0NRT",300.87,4.47,"N"
"5328",32.25954,47.25298,323.76,0.43,0.38,"2026-07-09",2231,"N20","nominal","2.0NRT",303.33,5.59,"N"
"5329",32.25668,47.24776,331.15,0.43,0.38,"2026-07-09",2231,"N20","nominal","2.0NRT",302.31,5.59,"N"
"5330",32.25606,47.25232,323.94,0.43,0.38,"2026-07-09",2231,"N20","nominal","2.0NRT",307.32,5.59,"N"
"5331",32.18094,47.51988,333.71,0.42,0.38,"2026-07-09",2231,"N20","nominal","2.0NRT",303.58,9.24,"N"
"5332",32.1775,47.51923,332.06,0.42,0.38,"2026-07-09",2231,"N20","nominal","2.0NRT",304.64,9.24,"N"
"5333",32.04003,48.39456,331.28,0.4,0.37,"2026-07-09",2231,"N20","nominal","2.0NRT",301.96,4.03,"N"
"5334",31.90657,49.26768,312.44,0.39,0.36,"2026-07-09",2231,"N20","nominal","2.0NRT",301,0.45,"N"
"5335",32.14842,47.58374,323.2,0.42,0.38,"2026-07-09",2231,"N20","nominal","2.0NRT",302.05,0.91,"N"
"5336",30.49864,56.81631,314.38,0.47,0.47,"2026-07-09",2231,"N20","nominal","2.0NRT",294.91,3.09,"N"
"5337",32.12977,47.41105,330.56,0.42,0.38,"2026-07-09",2231,"N20","nominal","2.0NRT",304.5,5.95,"N"
"5338",32.10743,47.54863,339.56,0.42,0.38,"2026-07-09",2231,"N20","nominal","2.0NRT",308.07,12.5,"N"
"5339",32.11941,47.40907,330.06,0.42,0.38,"2026-07-09",2231,"N20","nominal","2.0NRT",317.19,37.43,"N"
"5340",32.1188,47.41355,336.59,0.42,0.38,"2026-07-09",2231,"N20","nominal","2.0NRT",309.95,37.43,"N"
"5341",32.11596,47.40841,336.44,0.42,0.38,"2026-07-09",2231,"N20","nominal","2.0NRT",303.28,2.8,"N"
"5342",32.11535,47.41289,322.43,0.42,0.38,"2026-07-09",2231,"N20","nominal","2.0NRT",303.18,2.8,"N"
"5343",32.09566,47.42752,332.54,0.42,0.38,"2026-07-09",2231,"N20","nominal","2.0NRT",303.25,4.25,"N"
"5344",30.73413,55.38681,308.74,0.38,0.44,"2026-07-09",2231,"N20","nominal","2.0NRT",293.61,0.81,"N"
"5345",32.05986,47.44128,321.11,0.42,0.38,"2026-07-09",2231,"N20","nominal","2.0NRT",300.96,4.87,"N"
"5346",32.05924,47.44574,326.11,0.42,0.38,"2026-07-09",2231,"N20","nominal","2.0NRT",306.99,8.43,"N"
"5347",29.47887,60.80671,304.09,0.42,0.61,"2026-07-09",2231,"N20","nominal","2.0NRT",291.96,1.06,"N"
"5348",31.76712,49.15619,314.73,0.39,0.36,"2026-07-09",2231,"N20","nominal","2.0NRT",301.58,0.81,"N"
"5349",31.76382,49.1555,337.24,0.39,0.36,"2026-07-09",2231,"N20","nominal","2.0NRT",305.25,2.74,"N"
"5350",32.33294,44.09133,319.37,0.4,0.44,"2026-07-09",2231,"N20","nominal","2.0NRT",300.59,2.69,"N"
"5351",31.651,49.27081,330.59,0.39,0.36,"2026-07-09",2231,"N20","nominal","2.0NRT",302.86,1.83,"N"
"5352",30.37143,56.1287,306.61,0.43,0.46,"2026-07-09",2231,"N20","nominal","2.0NRT",293.58,0.62,"N"
"5353",32.88891,35.09075,303.43,0.68,0.74,"2026-07-09",2231,"N20","nominal","2.0NRT",293.25,1.03,"N"
"5354",32.22834,44.2528,320.42,0.39,0.44,"2026-07-09",2231,"N20","nominal","2.0NRT",299.63,2.13,"N"
"5355",30.38118,55.864,305.54,0.41,0.45,"2026-07-09",2231,"N20","nominal","2.0NRT",293.17,0.94,"N"
"5356",31.23384,51.29159,320.15,0.4,0.37,"2026-07-09",2231,"N20","nominal","2.0NRT",294.32,1.67,"N"
"5357",31.23453,51.28754,309.82,0.4,0.37,"2026-07-09",2231,"N20","nominal","2.0NRT",294.46,1.67,"N"
"5358",30.3929,55.76554,303.59,0.41,0.45,"2026-07-09",2231,"N20","nominal","2.0NRT",293.13,0.54,"N"
"5359",32.88821,35.08913,304.56,0.68,0.74,"2026-07-09",2231,"N20","nominal","2.0NRT",291.95,0.83,"N"
"5360",31.84162,47.19338,318.56,0.43,0.38,"2026-07-09",2231,"N20","nominal","2.0NRT",302.16,1.12,"N"
"5361",30.32436,55.97278,310.35,0.42,0.45,"2026-07-09",2231,"N20","nominal","2.0NRT",292.4,0.73,"N"
"5362",31.61277,48.71103,309.34,0.39,0.36,"2026-07-09",2231,"N20","nominal","2.0NRT",299.16,0.54,"N"
"5363",31.46029,49.56088,318.22,0.38,0.36,"2026-07-09",2231,"N20","nominal","2.0NRT",301.55,1.95,"N"
"5364",31.39094,49.65447,316.08,0.38,0.36,"2026-07-09",2231,"N20","nominal","2.0NRT",303.05,0.8,"N"
"5365",30.21643,55.98212,319.38,0.42,0.45,"2026-07-09",2231,"N20","nominal","2.0NRT",293.51,1.41,"N"
"5366",30.21554,55.98639,304.44,0.42,0.46,"2026-07-09",2231,"N20","nominal","2.0NRT",293.15,1.41,"N"
"5367",31.66013,47.52145,348.07,0.42,0.38,"2026-07-09",2231,"N20","nominal","2.0NRT",305.89,6.72,"N"
"5368",31.69293,47.25501,324.37,0.43,0.38,"2026-07-09",2231,"N20","nominal","2.0NRT",302.81,2.11,"N"
"5369",31.65791,47.51203,330.94,0.42,0.38,"2026-07-09",2231,"N20","nominal","2.0NRT",301.71,4.89,"N"
"5370",31.65731,47.51642,326.2,0.42,0.38,"2026-07-09",2231,"N20","nominal","2.0NRT",306.32,4.89,"N"
"5371",31.32889,49.28671,322.07,0.39,0.36,"2026-07-09",2231,"N20","nominal","2.0NRT",301.76,1.59,"N"
"5372",31.32292,49.28132,337.63,0.39,0.36,"2026-07-09",2231,"N20","nominal","2.0NRT",308.95,11.32,"N"
"5373",31.76994,46.06162,331,0.47,0.4,"2026-07-09",2231,"N20","nominal","2.0NRT",301.37,8.3,"N"
"5374",31.7693,46.0666,326.3,0.47,0.4,"2026-07-09",2231,"N20","nominal","2.0NRT",308.92,10.13,"N"
"5375",31.31963,49.28064,336.52,0.39,0.36,"2026-07-09",2231,"N20","nominal","2.0NRT",303.83,11.32,"N"
"5376",31.40769,48.65096,330.71,0.39,0.36,"2026-07-09",2231,"N20","nominal","2.0NRT",303.52,1.8,"N"
"5377",31.40829,48.64686,316.71,0.39,0.36,"2026-07-09",2231,"N20","nominal","2.0NRT",302.37,1.8,"N"
"5378",31.40376,48.65439,322.5,0.39,0.36,"2026-07-09",2231,"N20","nominal","2.0NRT",302.65,0.85,"N"
"5379",29.92892,56.73402,313.28,0.47,0.48,"2026-07-09",2231,"N20","nominal","2.0NRT",294.07,2.5,"N"
"5380",31.30343,49.11949,326.8,0.39,0.36,"2026-07-09",2231,"N20","nominal","2.0NRT",301.92,1.7,"N"
"5381",31.30013,49.11881,338.98,0.39,0.36,"2026-07-09",2231,"N20","nominal","2.0NRT",304.22,4.71,"N"
"5382",30.96622,51.13445,302.68,0.4,0.37,"2026-07-09",2231,"N20","nominal","2.0NRT",291.43,0.47,"N"
"5383",31.25112,49.17186,333.23,0.39,0.36,"2026-07-09",2231,"N20","nominal","2.0NRT",300.31,2.61,"N"
"5384",31.30839,48.77072,335.02,0.39,0.36,"2026-07-09",2231,"N20","nominal","2.0NRT",305.34,6.47,"N"
"5385",31.24844,49.16715,333.45,0.39,0.36,"2026-07-09",2231,"N20","nominal","2.0NRT",300.45,2.61,"N"
"5386",31.30508,48.77005,320.24,0.39,0.36,"2026-07-09",2231,"N20","nominal","2.0NRT",303.23,1.26,"N"
"5387",31.43757,47.83751,327.69,0.41,0.37,"2026-07-09",2231,"N20","nominal","2.0NRT",303.04,2.07,"N"
"5388",31.34793,48.45798,319.23,0.4,0.37,"2026-07-09",2231,"N20","nominal","2.0NRT",301.36,1.23,"N"
"5389",31.34733,48.4621,319.85,0.4,0.37,"2026-07-09",2231,"N20","nominal","2.0NRT",302.29,1.23,"N"
"5390",31.43418,47.83685,340.66,0.41,0.37,"2026-07-09",2231,"N20","nominal","2.0NRT",306.91,15.38,"N"
"5391",31.28078,48.88652,328.82,0.39,0.36,"2026-07-09",2231,"N20","nominal","2.0NRT",303.73,2.05,"N"
"5392",31.16502,49.57557,323.87,0.38,0.36,"2026-07-09",2231,"N20","nominal","2.0NRT",299.24,1.49,"N"
"5393",31.16564,49.57157,310.9,0.38,0.36,"2026-07-09",2231,"N20","nominal","2.0NRT",298.35,1.49,"N"
"5394",31.16174,49.57487,325.27,0.38,0.36,"2026-07-09",2231,"N20","nominal","2.0NRT",300,2.1,"N"
"5395",31.15845,49.57418,318.6,0.38,0.36,"2026-07-09",2231,"N20","nominal","2.0NRT",298.62,2.1,"N"
"5396",31.2102,49.21728,341.12,0.39,0.36,"2026-07-09",2231,"N20","nominal","2.0NRT",307.97,12.41,"N"
"5397",31.2768,48.73074,335.83,0.39,0.36,"2026-07-09",2231,"N20","nominal","2.0NRT",307.02,4.73,"N"
"5398",31.23788,48.99039,332.89,0.39,0.36,"2026-07-09",2231,"N20","nominal","2.0NRT",302.54,17.48,"N"
"5399",31.23727,48.99443,329.16,0.39,0.36,"2026-07-09",2231,"N20","nominal","2.0NRT",318.27,17.48,"N"
"5400",29.9928,55.85374,349.84,0.42,0.45,"2026-07-09",2231,"N20","nominal","2.0NRT",294.69,9.64,"N"
"5401",31.26956,48.73347,317.27,0.39,0.36,"2026-07-09",2231,"N20","nominal","2.0NRT",305.73,2.01,"N"
"5402",30.08354,55.39686,338.41,0.4,0.44,"2026-07-09",2231,"N20","nominal","2.0NRT",294.26,8.45,"N"
"5403",30.08272,55.40086,324.48,0.4,0.44,"2026-07-09",2231,"N20","nominal","2.0NRT",294.26,8.45,"N"
"5404",31.22746,48.9466,319.94,0.39,0.36,"2026-07-09",2231,"N20","nominal","2.0NRT",304.76,2.01,"N"
"5405",31.21573,48.9567,335.22,0.39,0.36,"2026-07-09",2231,"N20","nominal","2.0NRT",302.9,2.2,"N"
"5406",31.21303,48.95199,314.78,0.39,0.36,"2026-07-09",2231,"N20","nominal","2.0NRT",304.08,2.2,"N"
"5407",31.20973,48.95131,344.69,0.39,0.36,"2026-07-09",2231,"N20","nominal","2.0NRT",310.31,11.39,"N"
"5408",31.20912,48.95535,331.21,0.39,0.36,"2026-07-09",2231,"N20","nominal","2.0NRT",307.31,11.39,"N"
"5409",31.13999,49.31971,344.8,0.39,0.36,"2026-07-09",2231,"N20","nominal","2.0NRT",301.26,4.45,"N"
"5410",31.35403,47.85812,333.79,0.41,0.37,"2026-07-09",2231,"N20","nominal","2.0NRT",302.76,4.31,"N"
"5411",31.13732,49.31502,329.89,0.39,0.36,"2026-07-09",2231,"N20","nominal","2.0NRT",300.42,1.07,"N"
"5412",31.1367,49.31903,345.06,0.39,0.36,"2026-07-09",2231,"N20","nominal","2.0NRT",305.09,4.45,"N"
"5413",31.13608,49.32303,326.87,0.39,0.36,"2026-07-09",2231,"N20","nominal","2.0NRT",301.33,4.45,"N"
"5414",31.1328,49.32235,336.22,0.39,0.36,"2026-07-09",2231,"N20","nominal","2.0NRT",306.57,3.82,"N"
"5415",31.13218,49.32635,316.68,0.39,0.36,"2026-07-09",2231,"N20","nominal","2.0NRT",300.97,1.75,"N"
"5416",31.12951,49.32166,324.54,0.39,0.36,"2026-07-09",2231,"N20","nominal","2.0NRT",303.41,3.82,"N"
"5417",31.12622,49.32098,327.42,0.39,0.36,"2026-07-09",2231,"N20","nominal","2.0NRT",304.64,6.67,"N"
"5418",31.32467,47.79556,318.83,0.41,0.37,"2026-07-09",2231,"N20","nominal","2.0NRT",299.67,1.47,"N"
"5419",31.27541,48.11604,335.13,0.4,0.37,"2026-07-09",2231,"N20","nominal","2.0NRT",305.42,3.3,"N"
"5420",31.27481,48.12022,332.31,0.4,0.37,"2026-07-09",2231,"N20","nominal","2.0NRT",305.09,3.09,"N"
"5421",31.27205,48.11538,332.34,0.4,0.37,"2026-07-09",2231,"N20","nominal","2.0NRT",321.73,29.53,"N"
"5422",31.27145,48.11956,335.49,0.4,0.37,"2026-07-09",2231,"N20","nominal","2.0NRT",312.18,27.42,"N"
"5423",31.2687,48.11472,313.97,0.4,0.37,"2026-07-09",2231,"N20","nominal","2.0NRT",301.36,29.53,"N"
"5424",31.30035,47.79525,330.3,0.41,0.37,"2026-07-09",2231,"N20","nominal","2.0NRT",307,8.87,"N"
"5425",31.29975,47.79951,315.85,0.41,0.37,"2026-07-09",2231,"N20","nominal","2.0NRT",302.21,8.87,"N"
"5426",31.04422,49.39053,332.27,0.38,0.36,"2026-07-09",2231,"N20","nominal","2.0NRT",303.05,1.7,"N"
"5427",31.0436,49.39452,317.45,0.38,0.36,"2026-07-09",2231,"N20","nominal","2.0NRT",302.98,1.7,"N"
"5428",31.04094,49.38984,332.46,0.38,0.36,"2026-07-09",2231,"N20","nominal","2.0NRT",302.81,4.19,"N"
"5429",31.04032,49.39383,333.85,0.38,0.36,"2026-07-09",2231,"N20","nominal","2.0NRT",305.42,4.19,"N"
"5430",31.28339,47.71736,315.16,0.41,0.37,"2026-07-09",2231,"N20","nominal","2.0NRT",302.42,2.72,"N"
"5431",31.23716,47.96377,332.81,0.4,0.37,"2026-07-09",2231,"N20","nominal","2.0NRT",302.2,9.01,"N"
"5432",31.23656,47.96798,340.83,0.4,0.37,"2026-07-09",2231,"N20","nominal","2.0NRT",308.4,22.19,"N"
"5433",30.94694,49.87763,335.82,0.38,0.36,"2026-07-09",2231,"N20","nominal","2.0NRT",305.19,7.85,"N"
"5434",30.94631,49.8816,333.75,0.38,0.36,"2026-07-09",2231,"N20","nominal","2.0NRT",311.52,12.15,"N"
"5435",30.94528,49.6306,334.22,0.38,0.36,"2026-07-09",2231,"N20","nominal","2.0NRT",305.48,3.59,"N"
"5436",29.81049,55.75391,302.69,0.42,0.45,"2026-07-09",2231,"N20","nominal","2.0NRT",291.05,0.92,"N"
"5437",31.16687,48.01928,318.53,0.4,0.37,"2026-07-09",2231,"N20","nominal","2.0NRT",302.17,1.25,"N"
"5438",30.90434,49.67537,313.76,0.38,0.36,"2026-07-09",2231,"N20","nominal","2.0NRT",303.37,0.68,"N"
"5439",30.90043,49.67865,331.75,0.38,0.36,"2026-07-09",2231,"N20","nominal","2.0NRT",308.15,7.99,"N"
"5440",30.89403,49.61154,332.09,0.38,0.36,"2026-07-09",2231,"N20","nominal","2.0NRT",304.55,2.39,"N"
"5441",31.14175,47.87322,331.04,0.41,0.37,"2026-07-09",2231,"N20","nominal","2.0NRT",301.3,2.83,"N"
"5442",31.13856,47.79863,311.47,0.41,0.37,"2026-07-09",2231,"N20","nominal","2.0NRT",299.6,1.22,"N"
"5443",32.2167,36.19937,302.88,0.58,0.69,"2026-07-09",2231,"N20","nominal","2.0NRT",290.98,1.43,"N"
"5444",31.35812,45.96229,335.54,0.47,0.4,"2026-07-09",2231,"N20","nominal","2.0NRT",300.03,4.91,"N"
"5445",31.35749,45.96725,332.98,0.47,0.4,"2026-07-09",2231,"N20","nominal","2.0NRT",301.93,4.98,"N"
"5446",30.76613,49.98795,331.35,0.38,0.36,"2026-07-09",2231,"N20","nominal","2.0NRT",303.03,2.56,"N"
"5447",31.09457,47.79016,311.17,0.41,0.37,"2026-07-09",2231,"N20","nominal","2.0NRT",301.06,9.66,"N"
"5448",31.09397,47.79441,319.52,0.41,0.37,"2026-07-09",2231,"N20","nominal","2.0NRT",301.86,20.34,"N"
"5449",31.09118,47.78951,342.59,0.41,0.37,"2026-07-09",2231,"N20","nominal","2.0NRT",305.66,9.66,"N"
"5450",31.0878,47.78886,341.56,0.41,0.37,"2026-07-09",2231,"N20","nominal","2.0NRT",302.52,9.34,"N"
"5451",30.92512,48.85588,333.78,0.39,0.36,"2026-07-09",2231,"N20","nominal","2.0NRT",301.71,6.88,"N"
"5452",30.9233,48.86797,327.59,0.39,0.36,"2026-07-09",2231,"N20","nominal","2.0NRT",304.37,3.38,"N"
"5453",30.9239,48.86394,316.87,0.39,0.36,"2026-07-09",2231,"N20","nominal","2.0NRT",300.98,3.38,"N"
"5454",30.92181,48.85521,335.02,0.39,0.36,"2026-07-09",2231,"N20","nominal","2.0NRT",303.89,6.88,"N"
"5455",30.92121,48.85923,319.5,0.39,0.36,"2026-07-09",2231,"N20","nominal","2.0NRT",302.89,6.88,"N"
"5456",30.77404,49.76797,331.64,0.38,0.36,"2026-07-09",2231,"N20","nominal","2.0NRT",305.14,4.07,"N"
"5457",30.71424,50.12064,324.73,0.39,0.36,"2026-07-09",2231,"N20","nominal","2.0NRT",304.29,1.44,"N"
"5458",30.71488,50.11666,316.04,0.39,0.36,"2026-07-09",2231,"N20","nominal","2.0NRT",303.12,2.69,"N"
"5459",30.71096,50.11993,315.22,0.39,0.36,"2026-07-09",2231,"N20","nominal","2.0NRT",304.28,1.44,"N"
"5460",31.08283,47.62584,337.45,0.41,0.37,"2026-07-09",2231,"N20","nominal","2.0NRT",309.64,13.93,"N"
"5461",31.08223,47.63013,327.4,0.41,0.37,"2026-07-09",2231,"N20","nominal","2.0NRT",302.11,13.93,"N"
"5462",31.00659,48.13982,346.45,0.4,0.37,"2026-07-09",2231,"N20","nominal","2.0NRT",306.63,3.13,"N"
"5463",31.00599,48.14398,326.89,0.4,0.37,"2026-07-09",2231,"N20","nominal","2.0NRT",304.06,3.13,"N"
"5464",29.70017,55.53027,309.9,0.41,0.45,"2026-07-09",2231,"N20","nominal","2.0NRT",294.75,1.79,"N"
"5465",31.00323,48.13917,341.05,0.4,0.37,"2026-07-09",2231,"N20","nominal","2.0NRT",321.9,25.36,"N"
"5466",31.00264,48.14333,333.37,0.4,0.37,"2026-07-09",2231,"N20","nominal","2.0NRT",306.81,25.36,"N"
"5467",31.00383,48.13501,314.05,0.4,0.37,"2026-07-09",2231,"N20","nominal","2.0NRT",301.47,1.57,"N"
"5468",30.99988,48.13851,315.77,0.4,0.37,"2026-07-09",2231,"N20","nominal","2.0NRT",301.27,25.36,"N"
"5469",29.7001,55.53106,308.12,0.41,0.45,"2026-07-09",2231,"N20","nominal","2.0NRT",294.92,1.81,"N"
"5470",30.72393,49.82365,316.99,0.38,0.36,"2026-07-09",2231,"N20","nominal","2.0NRT",304.54,1.43,"N"
"5471",30.72064,49.82296,346.36,0.38,0.36,"2026-07-09",2231,"N20","nominal","2.0NRT",319.55,36.09,"N"
"5472",31.02943,47.70476,341,0.41,0.37,"2026-07-09",2231,"N20","nominal","2.0NRT",301.47,5.75,"N"
"5473",30.12548,53.05774,305.88,0.46,0.39,"2026-07-09",2231,"N20","nominal","2.0NRT",288.45,0.75,"N"
"5474",30.65438,49.91953,318.06,0.38,0.36,"2026-07-09",2231,"N20","nominal","2.0NRT",303.39,1.25,"N"
"5475",30.71075,49.542,345.07,0.38,0.36,"2026-07-09",2231,"N20","nominal","2.0NRT",304.88,6.45,"N"
"5476",31.03207,47.28436,341.19,0.42,0.38,"2026-07-09",2231,"N20","nominal","2.0NRT",323.05,31.39,"N"
"5477",31.03266,47.27997,315.35,0.42,0.38,"2026-07-09",2231,"N20","nominal","2.0NRT",300.49,31.39,"N"
"5478",31.02863,47.28371,324.26,0.42,0.38,"2026-07-09",2231,"N20","nominal","2.0NRT",301.71,2.28,"N"
"5479",30.61645,49.92083,320.59,0.38,0.36,"2026-07-09",2231,"N20","nominal","2.0NRT",303.96,1.29,"N"
"5480",31.24173,45.25718,308.59,0.51,0.41,"2026-07-09",2231,"N20","nominal","2.0NRT",297.57,0.9,"N"
"5481",30.57984,49.93764,314.18,0.38,0.36,"2026-07-09",2231,"N20","nominal","2.0NRT",302.53,5.71,"N"
"5482",30.57656,49.93694,332.21,0.38,0.36,"2026-07-09",2231,"N20","nominal","2.0NRT",307.37,5.71,"N"
"5483",30.56385,50.01616,339.04,0.38,0.36,"2026-07-09",2231,"N20","nominal","2.0NRT",312.86,9.81,"N"
"5484",30.57582,49.92038,325.34,0.38,0.36,"2026-07-09",2231,"N20","nominal","2.0NRT",302.53,5.23,"N"
"5485",30.48421,50.48484,317.83,0.39,0.36,"2026-07-09",2231,"N20","nominal","2.0NRT",299.33,2.15,"N"
"5486",30.57253,49.91968,340.67,0.38,0.36,"2026-07-09",2231,"N20","nominal","2.0NRT",304.28,5.23,"N"
"5487",30.86565,47.92214,345.28,0.4,0.37,"2026-07-09",2231,"N20","nominal","2.0NRT",304.52,19.66,"N"
"5488",30.86505,47.92632,322.12,0.4,0.37,"2026-07-09",2231,"N20","nominal","2.0NRT",301.68,3.76,"N"
"5489",30.86229,47.92149,327.22,0.4,0.37,"2026-07-09",2231,"N20","nominal","2.0NRT",304.92,19.66,"N"
"5490",30.86169,47.92567,318.75,0.4,0.37,"2026-07-09",2231,"N20","nominal","2.0NRT",301.82,3.76,"N"
"5491",30.53833,50.02708,315.83,0.38,0.36,"2026-07-09",2231,"N20","nominal","2.0NRT",304.01,0.9,"N"
"5492",30.41272,50.75111,317.1,0.39,0.36,"2026-07-09",2231,"N20","nominal","2.0NRT",299.89,1.24,"N"
"5493",30.39845,50.61103,338.75,0.39,0.36,"2026-07-09",2231,"N20","nominal","2.0NRT",301.64,4.94,"N"
"5494",30.39712,50.61903,336.93,0.39,0.36,"2026-07-09",2231,"N20","nominal","2.0NRT",301.11,4.69,"N"
"5495",30.39645,50.62302,336.68,0.39,0.36,"2026-07-09",2231,"N20","nominal","2.0NRT",303.84,4.75,"N"
"5496",30.75632,48.28114,322.41,0.4,0.37,"2026-07-09",2231,"N20","nominal","2.0NRT",302.59,1.32,"N"
"5497",30.62776,49.13262,327.09,0.39,0.36,"2026-07-09",2231,"N20","nominal","2.0NRT",301.61,1.46,"N"
"5498",30.75572,48.28524,311.93,0.4,0.37,"2026-07-09",2231,"N20","nominal","2.0NRT",301.21,1.32,"N"
"5499",30.75299,48.28048,340.35,0.4,0.37,"2026-07-09",2231,"N20","nominal","2.0NRT",321.23,23.2,"N"
"5500",30.75238,48.28458,336.16,0.4,0.37,"2026-07-09",2231,"N20","nominal","2.0NRT",303.58,23.2,"N"
"5501",30.75359,48.27638,317.35,0.4,0.37,"2026-07-09",2231,"N20","nominal","2.0NRT",300.42,1.18,"N"
"5502",30.74965,48.27982,347.26,0.4,0.37,"2026-07-09",2231,"N20","nominal","2.0NRT",302.78,23.2,"N"
"5503",30.74905,48.28392,321.03,0.4,0.37,"2026-07-09",2231,"N20","nominal","2.0NRT",301.09,23.2,"N"
"5504",30.75026,48.27572,315.97,0.4,0.37,"2026-07-09",2231,"N20","nominal","2.0NRT",299.51,1.18,"N"
"5505",30.8827,47.33154,342.54,0.42,0.38,"2026-07-09",2231,"N20","nominal","2.0NRT",305.07,8.4,"N"
"5506",30.88209,47.33588,331.42,0.42,0.37,"2026-07-09",2231,"N20","nominal","2.0NRT",302.72,4.19,"N"
"5507",31.98448,35.46316,312.14,0.63,0.72,"2026-07-09",2231,"N20","nominal","2.0NRT",296.12,2.22,"N"
"5508",31.15022,45.05952,313.07,0.52,0.41,"2026-07-09",2231,"N20","nominal","2.0NRT",302.21,2.08,"N"
"5509",30.99701,46.22094,315.95,0.46,0.39,"2026-07-09",2231,"N20","nominal","2.0NRT",300.21,2.21,"N"
"5510",29.9525,52.84676,303.26,0.45,0.39,"2026-07-09",2231,"N20","nominal","2.0NRT",289.63,0.83,"N"
"5511",30.8295,47.33493,336.42,0.42,0.37,"2026-07-09",2231,"N20","nominal","2.0NRT",304.04,7.11,"N"
"5512",30.8301,47.33059,317.45,0.42,0.37,"2026-07-09",2231,"N20","nominal","2.0NRT",301.18,3.51,"N"
"5513",30.30299,50.77381,308.92,0.39,0.36,"2026-07-09",2231,"N20","nominal","2.0NRT",298.25,0.4,"N"
"5514",30.82668,47.32994,333.55,0.42,0.37,"2026-07-09",2231,"N20","nominal","2.0NRT",305.85,9.71,"N"
"5515",30.3011,50.74417,321.66,0.39,0.36,"2026-07-09",2231,"N20","nominal","2.0NRT",300.64,1.08,"N"
"5516",30.30311,50.73214,311.61,0.39,0.36,"2026-07-09",2231,"N20","nominal","2.0NRT",297.75,0.47,"N"
"5517",30.30177,50.74017,312.48,0.39,0.36,"2026-07-09",2231,"N20","nominal","2.0NRT",298.98,0.76,"N"
"5518",30.2978,50.74342,330.97,0.39,0.36,"2026-07-09",2231,"N20","nominal","2.0NRT",300.63,3,"N"
"5519",30.29847,50.73941,319.95,0.39,0.36,"2026-07-09",2231,"N20","nominal","2.0NRT",299.03,1.91,"N"
"5520",30.29517,50.73867,322.36,0.39,0.36,"2026-07-09",2231,"N20","nominal","2.0NRT",296.49,1.91,"N"
"5521",30.2731,50.80884,311.34,0.39,0.36,"2026-07-09",2231,"N20","nominal","2.0NRT",298.97,0.91,"N"
"5522",30.75157,47.66781,320.55,0.41,0.37,"2026-07-09",2231,"N20","nominal","2.0NRT",302.64,1.82,"N"
"5523",30.75217,47.66357,318.06,0.41,0.37,"2026-07-09",2231,"N20","nominal","2.0NRT",302.62,1.82,"N"
"5524",30.34948,50.28716,320.75,0.39,0.36,"2026-07-09",2231,"N20","nominal","2.0NRT",300.22,0.91,"N"
"5525",30.34686,50.30309,327.58,0.39,0.36,"2026-07-09",2231,"N20","nominal","2.0NRT",300.8,2.37,"N"
"5526",30.34553,50.29043,316.65,0.39,0.36,"2026-07-09",2231,"N20","nominal","2.0NRT",299.88,0.86,"N"
"5527",30.26065,50.78096,325.12,0.39,0.36,"2026-07-09",2231,"N20","nominal","2.0NRT",299.1,1.35,"N"
"5528",30.25892,50.77418,342.39,0.39,0.36,"2026-07-09",2231,"N20","nominal","2.0NRT",306.78,5.85,"N"
"5529",30.25561,50.77343,335.63,0.39,0.36,"2026-07-09",2231,"N20","nominal","2.0NRT",299.98,5.85,"N"
"5530",30.25293,50.78953,316.44,0.39,0.36,"2026-07-09",2231,"N20","nominal","2.0NRT",299.93,1.09,"N"
"5531",30.25097,50.78069,329.53,0.39,0.36,"2026-07-09",2231,"N20","nominal","2.0NRT",300.47,2.27,"N"
"5532",30.76466,47.32548,330.25,0.42,0.37,"2026-07-09",2231,"N20","nominal","2.0NRT",300.85,5.19,"N"
"5533",30.76406,47.32981,336.53,0.42,0.37,"2026-07-09",2231,"N20","nominal","2.0NRT",306.5,5.19,"N"
"5534",29.88669,52.74806,329.9,0.45,0.39,"2026-07-09",2231,"N20","nominal","2.0NRT",296.92,4.72,"N"
"5535",30.22916,50.76759,316.57,0.39,0.36,"2026-07-09",2231,"N20","nominal","2.0NRT",299.22,0.71,"N"
"5536",30.21919,50.7862,311.1,0.39,0.36,"2026-07-09",2231,"N20","nominal","2.0NRT",298.28,0.44,"N"
"5537",30.18685,50.91744,316.93,0.4,0.37,"2026-07-09",2231,"N20","nominal","2.0NRT",299.43,1.71,"N"
"5538",30.47391,49.09468,321.62,0.39,0.36,"2026-07-09",2231,"N20","nominal","2.0NRT",301.88,1.58,"N"
"5539",30.46013,49.09596,315.99,0.39,0.36,"2026-07-09",2231,"N20","nominal","2.0NRT",302.67,1.06,"N"
"5540",30.43343,49.1151,323.46,0.39,0.36,"2026-07-09",2231,"N20","nominal","2.0NRT",303.43,1.28,"N"
"5541",30.69039,47.32931,336.16,0.42,0.37,"2026-07-09",2231,"N20","nominal","2.0NRT",302.62,17.36,"N"
"5542",30.43014,49.11443,332.88,0.39,0.36,"2026-07-09",2231,"N20","nominal","2.0NRT",303.16,3.85,"N"
"5543",30.68979,47.33363,317.1,0.42,0.37,"2026-07-09",2231,"N20","nominal","2.0NRT",299.87,17.36,"N"
"5544",30.68696,47.32867,328.26,0.42,0.37,"2026-07-09",2231,"N20","nominal","2.0NRT",314.71,17.36,"N"
"5545",30.68637,47.33299,327.25,0.42,0.37,"2026-07-09",2231,"N20","nominal","2.0NRT",303.63,17.36,"N"
"5546",30.67682,47.32824,331.07,0.42,0.37,"2026-07-09",2231,"N20","nominal","2.0NRT",302.16,6.06,"N"
"5547",30.51072,48.24017,317.51,0.4,0.37,"2026-07-09",2231,"N20","nominal","2.0NRT",302.89,0.93,"N"
"5548",30.50738,48.23951,327.65,0.4,0.37,"2026-07-09",2231,"N20","nominal","2.0NRT",302.75,2.07,"N"
"5549",30.15686,50.42097,315.23,0.39,0.36,"2026-07-09",2231,"N20","nominal","2.0NRT",302.86,0.79,"N"
"5550",30.06741,50.89551,313.03,0.4,0.37,"2026-07-09",2231,"N20","nominal","2.0NRT",301.87,2.65,"N"
"5551",30.48225,48.24718,333.73,0.4,0.37,"2026-07-09",2231,"N20","nominal","2.0NRT",302.46,3.68,"N"
"5552",30.61063,47.3247,332.2,0.42,0.37,"2026-07-09",2231,"N20","nominal","2.0NRT",304.51,10.89,"N"
"5553",30.61003,47.32901,325.76,0.42,0.37,"2026-07-09",2231,"N20","nominal","2.0NRT",304.1,10.89,"N"
"5554",30.60943,47.33332,319.34,0.42,0.37,"2026-07-09",2231,"N20","nominal","2.0NRT",301.67,1.39,"N"
"5555",29.73537,52.65612,307.05,0.45,0.39,"2026-07-09",2231,"N20","nominal","2.0NRT",296.23,1.62,"N"
"5556",31.43667,39.12897,313.73,0.38,0.59,"2026-07-09",2231,"N20","nominal","2.0NRT",293.4,1.38,"N"
"5557",30.57243,47.32193,335.54,0.42,0.37,"2026-07-09",2231,"N20","nominal","2.0NRT",301.91,3.14,"N"
"5558",30.57064,47.33487,321.46,0.42,0.37,"2026-07-09",2231,"N20","nominal","2.0NRT",301.03,0.58,"N"
"5559",30.57259,47.32386,332.97,0.42,0.37,"2026-07-09",2231,"N20","nominal","2.0NRT",301.74,2.74,"N"
"5560",30.57137,47.33247,314.4,0.42,0.37,"2026-07-09",2231,"N20","nominal","2.0NRT",301.18,0.64,"N"
"5561",30.58258,47.22813,328.11,0.42,0.38,"2026-07-09",2231,"N20","nominal","2.0NRT",302.11,1.93,"N"
"5562",30.57039,47.3146,335.18,0.42,0.37,"2026-07-09",2231,"N20","nominal","2.0NRT",303.55,3.04,"N"
"5563",30.56979,47.31891,325.78,0.42,0.37,"2026-07-09",2231,"N20","nominal","2.0NRT",302.12,2.74,"N"
"5564",30.56735,47.33614,333.87,0.42,0.37,"2026-07-09",2231,"N20","nominal","2.0NRT",302.3,3.61,"N"
"5565",30.55943,47.39201,320.32,0.41,0.37,"2026-07-09",2231,"N20","nominal","2.0NRT",303.5,2.18,"N"
"5566",30.58197,47.23246,317.95,0.42,0.38,"2026-07-09",2231,"N20","nominal","2.0NRT",301.9,1.45,"N"
"5567",30.56796,47.33184,313.72,0.42,0.37,"2026-07-09",2231,"N20","nominal","2.0NRT",301.92,0.64,"N"
"5568",30.52787,47.61325,312.97,0.41,0.37,"2026-07-09",2231,"N20","nominal","2.0NRT",301.45,0.97,"N"
"5569",30.56697,47.31396,322.3,0.42,0.37,"2026-07-09",2231,"N20","nominal","2.0NRT",302.36,1.89,"N"
"5570",30.52509,47.60838,340.86,0.41,0.37,"2026-07-09",2231,"N20","nominal","2.0NRT",302.48,13.7,"N"
"5571",30.52449,47.6126,338.51,0.41,0.37,"2026-07-09",2231,"N20","nominal","2.0NRT",310.61,13.7,"N"
"5572",30.55603,47.39137,318,0.41,0.37,"2026-07-09",2231,"N20","nominal","2.0NRT",304.92,1.63,"N"
"5573",30.52388,47.61683,317.97,0.41,0.37,"2026-07-09",2231,"N20","nominal","2.0NRT",302.3,4.86,"N"
"5574",30.56112,47.33056,330.96,0.42,0.37,"2026-07-09",2231,"N20","nominal","2.0NRT",302.63,5.59,"N"
"5575",30.55808,47.35207,326.37,0.41,0.37,"2026-07-09",2231,"N20","nominal","2.0NRT",302.94,1.58,"N"
"5576",30.04274,50.63714,317.86,0.39,0.36,"2026-07-09",2231,"N20","nominal","2.0NRT",302.19,1.17,"N"
"5577",31.43465,39.13073,309.68,0.38,0.59,"2026-07-09",2231,"N20","nominal","2.0NRT",294.46,1.07,"N"
"5578",30.03612,50.6358,317.49,0.39,0.36,"2026-07-09",2231,"N20","nominal","2.0NRT",302.29,0.78,"N"
"5579",30.47813,47.74204,330.38,0.4,0.37,"2026-07-09",2231,"N20","nominal","2.0NRT",301.72,1.93,"N"
"5580",29.15413,55.36639,312.16,0.41,0.45,"2026-07-09",2231,"N20","nominal","2.0NRT",297.27,1.49,"N"
"5581",30.56462,47.10415,341.33,0.42,0.38,"2026-07-09",2231,"N20","nominal","2.0NRT",312.21,22.68,"N"
"5582",29.13954,55.37548,310.85,0.41,0.45,"2026-07-09",2231,"N20","nominal","2.0NRT",297.72,1.59,"N"
"5583",30.54517,47.09157,321.35,0.42,0.38,"2026-07-09",2231,"N20","nominal","2.0NRT",300.4,1.71,"N"
"5584",30.45734,47.66909,316.55,0.41,0.37,"2026-07-09",2231,"N20","nominal","2.0NRT",303.85,1.5,"N"
"5585",30.49679,47.31413,329.23,0.42,0.37,"2026-07-09",2231,"N20","nominal","2.0NRT",302.39,3.56,"N"
"5586",30.49619,47.31843,347.01,0.42,0.37,"2026-07-09",2231,"N20","nominal","2.0NRT",307.74,3.56,"N"
"5587",30.49337,47.31348,328.27,0.42,0.37,"2026-07-09",2231,"N20","nominal","2.0NRT",301.61,3.56,"N"
"5588",30.55876,46.70213,316.75,0.44,0.38,"2026-07-09",2231,"N20","nominal","2.0NRT",300.66,1.2,"N"
"5589",30.41893,47.61549,335.73,0.41,0.37,"2026-07-09",2231,"N20","nominal","2.0NRT",304.26,2.83,"N"
"5590",30.41555,47.61485,326.05,0.41,0.37,"2026-07-09",2231,"N20","nominal","2.0NRT",304.45,2.04,"N"
"5591",30.40503,47.59118,317.31,0.41,0.37,"2026-07-09",2231,"N20","nominal","2.0NRT",303.46,1.11,"N"
"5592",30.37472,47.63304,313.24,0.41,0.37,"2026-07-09",2231,"N20","nominal","2.0NRT",302.67,0.62,"N"
"5593",30.40254,47.33767,330.29,0.41,0.37,"2026-07-09",2231,"N20","nominal","2.0NRT",302.84,2.59,"N"
"5594",30.40314,47.33337,319.67,0.41,0.37,"2026-07-09",2231,"N20","nominal","2.0NRT",300.79,2.59,"N"
"5595",30.35363,47.65922,313.6,0.41,0.37,"2026-07-09",2231,"N20","nominal","2.0NRT",302.93,0.71,"N"
"5596",30.27814,47.7195,328.93,0.4,0.37,"2026-07-09",2231,"N20","nominal","2.0NRT",303.12,1.68,"N"
"5597",30.27453,47.74451,327.47,0.4,0.37,"2026-07-09",2231,"N20","nominal","2.0NRT",302.21,1.02,"N"
"5598",30.31699,47.34981,314.09,0.41,0.37,"2026-07-09",2231,"N20","nominal","2.0NRT",301.03,8.75,"N"
"5599",30.31359,47.34917,337.23,0.41,0.37,"2026-07-09",2231,"N20","nominal","2.0NRT",306,8.75,"N"
"5600",29.9454,49.68655,334.21,0.38,0.36,"2026-07-09",2231,"N20","nominal","2.0NRT",303.53,2.77,"N"
"5601",29.94212,49.68586,337.04,0.38,0.36,"2026-07-09",2231,"N20","nominal","2.0NRT",303.25,2.77,"N"
"5602",30.28392,47.36114,339.52,0.41,0.37,"2026-07-09",2231,"N20","nominal","2.0NRT",303.21,3.61,"N"
"5603",30.28052,47.3605,333.74,0.41,0.37,"2026-07-09",2231,"N20","nominal","2.0NRT",304.87,4.76,"N"
"5604",30.28171,47.35197,319.08,0.41,0.37,"2026-07-09",2231,"N20","nominal","2.0NRT",301.54,1.44,"N"
"5605",30.27711,47.35987,336.36,0.41,0.37,"2026-07-09",2231,"N20","nominal","2.0NRT",302.25,4.76,"N"
"5606",29.76293,50.36881,331.17,0.39,0.36,"2026-07-09",2231,"N20","nominal","2.0NRT",304.98,5.32,"N"
"5607",29.7092,50.672,324.01,0.39,0.36,"2026-07-09",2231,"N20","nominal","2.0NRT",299.76,1.06,"N"
"5608",29.37079,52.61187,309.99,0.45,0.39,"2026-07-09",2231,"N20","nominal","2.0NRT",294.35,1.84,"N"
"5609",29.36729,52.611,324.8,0.45,0.39,"2026-07-09",2231,"N20","nominal","2.0NRT",295.45,1.84,"N"
"5610",29.74576,50.36936,312.95,0.39,0.36,"2026-07-09",2231,"N20","nominal","2.0NRT",302.77,0.8,"N"
"5611",29.25866,53.12032,323.63,0.47,0.4,"2026-07-09",2231,"N20","nominal","2.0NRT",293.01,2.27,"N"
"5612",29.25776,53.12509,318.73,0.47,0.4,"2026-07-09",2231,"N20","nominal","2.0NRT",292.99,2.25,"N"
"5613",30.17574,47.40846,340.6,0.41,0.37,"2026-07-09",2231,"N20","nominal","2.0NRT",301.65,3.74,"N"
"5614",30.17234,47.40782,330.83,0.41,0.37,"2026-07-09",2231,"N20","nominal","2.0NRT",301.05,3.52,"N"
"5615",30.16774,47.41565,345.68,0.41,0.37,"2026-07-09",2231,"N20","nominal","2.0NRT",303.96,8.41,"N"
"5616",30.16434,47.41501,330.15,0.41,0.37,"2026-07-09",2231,"N20","nominal","2.0NRT",301.55,1.88,"N"
"5617",30.07644,47.86171,326.98,0.4,0.37,"2026-07-09",2231,"N20","nominal","2.0NRT",301.22,2.4,"N"
"5618",30.07309,47.86106,316.35,0.4,0.37,"2026-07-09",2231,"N20","nominal","2.0NRT",301.45,2.85,"N"
"5619",29.51116,51.25824,332.83,0.41,0.37,"2026-07-09",2231,"N20","nominal","2.0NRT",303.11,2.7,"N"
"5620",29.51046,51.26231,314.51,0.41,0.37,"2026-07-09",2231,"N20","nominal","2.0NRT",302.62,3.77,"N"
"5621",29.19357,52.84072,322.19,0.46,0.39,"2026-07-09",2231,"N20","nominal","2.0NRT",298.78,2.9,"N"
"5622",29.19273,52.84529,324.07,0.46,0.39,"2026-07-09",2231,"N20","nominal","2.0NRT",299.7,5.23,"N"
"5623",29.19442,52.83614,309.86,0.46,0.39,"2026-07-09",2231,"N20","nominal","2.0NRT",295.69,2.9,"N"
"5624",29.95807,47.68019,329.5,0.4,0.37,"2026-07-09",2231,"N20","nominal","2.0NRT",302.5,2.61,"N"
"5625",29.12342,52.64579,303.91,0.45,0.39,"2026-07-09",2231,"N20","nominal","2.0NRT",293.06,0.82,"N"
"5626",28.76757,54.3489,307.28,0.55,0.43,"2026-07-09",2231,"N20","nominal","2.0NRT",291.37,0.84,"N"
"5627",29.86155,47.69313,330.59,0.4,0.37,"2026-07-09",2231,"N20","nominal","2.0NRT",301.72,2.4,"N"
"5628",29.47784,49.39079,325.47,0.38,0.36,"2026-07-09",2231,"N20","nominal","2.0NRT",303.17,1.26,"N"
"5629",29.24505,50.30373,313.46,0.39,0.36,"2026-07-09",2231,"N20","nominal","2.0NRT",301.99,1.22,"N"
"5630",29.24175,50.30302,319.08,0.39,0.36,"2026-07-09",2231,"N20","nominal","2.0NRT",302.23,1.22,"N"
"5631",29.5596,48.17421,320.02,0.39,0.36,"2026-07-09",2231,"N20","nominal","2.0NRT",304.95,1.86,"N"
"5632",29.559,48.17822,327.33,0.39,0.36,"2026-07-09",2231,"N20","nominal","2.0NRT",305.97,2.04,"N"
"5633",29.21734,50.32655,317.36,0.39,0.36,"2026-07-09",2231,"N20","nominal","2.0NRT",303.13,1.14,"N"
"5634",29.21601,50.31392,323.27,0.39,0.36,"2026-07-09",2231,"N20","nominal","2.0NRT",302.3,1.59,"N"
"5635",29.33193,49.49578,331.77,0.38,0.36,"2026-07-09",2231,"N20","nominal","2.0NRT",303.35,4.79,"N"
"5636",29.293,49.54839,338.66,0.38,0.36,"2026-07-09",2231,"N20","nominal","2.0NRT",303.11,3.63,"N"
"5637",29.27283,49.56847,324.19,0.38,0.36,"2026-07-09",2231,"N20","nominal","2.0NRT",302.42,0.7,"N"
"5638",29.27221,49.57238,312.67,0.38,0.36,"2026-07-09",2231,"N20","nominal","2.0NRT",302.57,0.7,"N"
"5639",28.68318,52.09415,318.86,0.44,0.38,"2026-07-09",2231,"N20","nominal","2.0NRT",298.41,2.79,"N"
"5640",29.06526,48.11522,332.01,0.39,0.36,"2026-07-09",2231,"N20","nominal","2.0NRT",306.98,2.57,"N"
"5641",29.06194,48.11457,333.5,0.39,0.36,"2026-07-09",2231,"N20","nominal","2.0NRT",307.54,2.57,"N"
"5642",28.99351,48.16419,332.49,0.39,0.36,"2026-07-09",2231,"N20","nominal","2.0NRT",309.48,2.59,"N"
"5643",28.99224,48.12714,319.57,0.39,0.36,"2026-07-09",2231,"N20","nominal","2.0NRT",305.4,1.13,"N"
"5644",29.00745,47.74633,330.59,0.4,0.37,"2026-07-09",2231,"N20","nominal","2.0NRT",312.44,37.1,"N"
"5645",28.9451,47.96727,322.62,0.39,0.36,"2026-07-09",2231,"N20","nominal","2.0NRT",302.74,1.28,"N"
"5646",27.16954,56.09657,322.1,0.49,0.49,"2026-07-09",2231,"N20","nominal","2.0NRT",299.91,2.72,"N"
"5647",27.16916,56.05554,327.92,0.49,0.49,"2026-07-09",2231,"N20","nominal","2.0NRT",299.22,3.63,"N"
"5648",27.15973,56.09914,331.89,0.49,0.49,"2026-07-09",2231,"N20","nominal","2.0NRT",300.07,4.7,"N"
"5649",27.93126,52.19357,314.6,0.45,0.39,"2026-07-09",2231,"N20","nominal","2.0NRT",300.17,0.62,"N"
"5650",27.92758,52.19516,317.81,0.45,0.39,"2026-07-09",2231,"N20","nominal","2.0NRT",301.14,1.12,"N"
"5651",27.16962,56.10007,316.3,0.49,0.49,"2026-07-09",2231,"N20","nominal","2.0NRT",300.03,3.37,"N"
"5652",27.17,56.05404,321.89,0.49,0.49,"2026-07-09",2231,"N20","nominal","2.0NRT",299.43,2.65,"N"
"5653",27.15985,56.10263,330.29,0.49,0.49,"2026-07-09",2231,"N20","nominal","2.0NRT",300.26,3.11,"N"
"5654",27.16086,56.09778,313.03,0.49,0.49,"2026-07-09",2231,"N20","nominal","2.0NRT",300.03,2.35,"N"
"5655",28.58192,47.91758,314.76,0.39,0.36,"2026-07-09",2231,"N20","nominal","2.0NRT",302.62,0.74,"N"
"5656",28.30898,49.52208,340.97,0.39,0.36,"2026-07-09",2231,"N20","nominal","2.0NRT",305.2,7.03,"N"
"5657",28.30015,49.57655,336.88,0.39,0.36,"2026-07-09",2231,"N20","nominal","2.0NRT",304.61,10.08,"N"
"5658",27.76393,52.17084,338.69,0.45,0.39,"2026-07-09",2231,"N20","nominal","2.0NRT",305.44,7.9,"N"
"5659",27.76041,52.17002,353.84,0.45,0.39,"2026-07-09",2231,"N20","nominal","2.0NRT",307.04,7.9,"N"
"5660",27.76121,52.16563,317.65,0.45,0.39,"2026-07-09",2231,"N20","nominal","2.0NRT",302.66,7.9,"N"
"5661",27.76175,52.14265,324.21,0.45,0.39,"2026-07-09",2231,"N20","nominal","2.0NRT",302.41,2.22,"N"
"5662",27.72965,52.17756,313.86,0.45,0.39,"2026-07-09",2231,"N20","nominal","2.0NRT",303.57,1.49,"N"
"5663",27.72695,52.17228,341.86,0.45,0.39,"2026-07-09",2231,"N20","nominal","2.0NRT",307.85,41.28,"N"
"5664",27.72259,52.17599,337.79,0.45,0.39,"2026-07-09",2231,"N20","nominal","2.0NRT",305.66,4.72,"N"
"5665",27.72176,52.1805,323.72,0.45,0.39,"2026-07-09",2231,"N20","nominal","2.0NRT",303.58,4.72,"N"
"5666",27.71906,52.17519,343.29,0.45,0.39,"2026-07-09",2231,"N20","nominal","2.0NRT",304.44,6.28,"N"
"5667",27.71823,52.1797,332.2,0.45,0.39,"2026-07-09",2231,"N20","nominal","2.0NRT",303.93,6.28,"N"
"5668",27.71304,52.1879,334.27,0.45,0.39,"2026-07-09",2231,"N20","nominal","2.0NRT",304.1,3.21,"N"
"5669",27.71387,52.1834,314.51,0.45,0.39,"2026-07-09",2231,"N20","nominal","2.0NRT",302.58,3.21,"N"
"5670",27.71927,52.17704,354.15,0.45,0.39,"2026-07-09",2231,"N20","nominal","2.0NRT",305.8,11.34,"N"
"5671",27.71331,52.18976,333.09,0.45,0.39,"2026-07-09",2231,"N20","nominal","2.0NRT",303.48,3.07,"N"
"5672",27.71412,52.18527,316.96,0.45,0.39,"2026-07-09",2231,"N20","nominal","2.0NRT",303.27,3.07,"N"
"5673",27.69018,52.23637,352.06,0.46,0.39,"2026-07-09",2231,"N20","nominal","2.0NRT",307.4,9.76,"N"
"5674",27.68771,52.24999,330.23,0.46,0.39,"2026-07-09",2231,"N20","nominal","2.0NRT",303.6,2.34,"N"
"5675",27.691,52.23183,311.93,0.46,0.39,"2026-07-09",2231,"N20","nominal","2.0NRT",301.53,1.27,"N"
"5676",27.68664,52.23557,341.81,0.46,0.39,"2026-07-09",2231,"N20","nominal","2.0NRT",303.49,7.37,"N"
"5677",27.68334,52.25375,332.1,0.46,0.39,"2026-07-09",2231,"N20","nominal","2.0NRT",305.22,7.14,"N"
"5678",27.56335,52.56236,314.02,0.47,0.4,"2026-07-09",2231,"N20","nominal","2.0NRT",303.15,0.95,"N"
"5679",27.48682,52.96838,317.52,0.49,0.41,"2026-07-09",2231,"N20","nominal","2.0NRT",298.56,2.49,"N"
"5680",27.55352,52.57481,324.9,0.47,0.4,"2026-07-09",2231,"N20","nominal","2.0NRT",304.26,2.35,"N"
"5681",27.47857,52.97155,313.48,0.49,0.41,"2026-07-09",2231,"N20","nominal","2.0NRT",299.22,2.12,"N"
"5682",27.54372,52.58709,322.83,0.47,0.4,"2026-07-09",2231,"N20","nominal","2.0NRT",302.71,1.45,"N"
"5683",27.5429,52.59146,319.24,0.47,0.4,"2026-07-09",2231,"N20","nominal","2.0NRT",303.02,1.45,"N"
"5684",27.53023,52.59891,319.44,0.47,0.4,"2026-07-09",2231,"N20","nominal","2.0NRT",302.82,1.09,"N"
"5685",27.52918,52.6013,323.32,0.47,0.4,"2026-07-09",2231,"N20","nominal","2.0NRT",302.5,1.83,"N"
"5686",27.51406,52.62228,325.13,0.48,0.4,"2026-07-09",2231,"N20","nominal","2.0NRT",302.98,1.73,"N"
"5687",27.51324,52.62677,328.9,0.48,0.4,"2026-07-09",2231,"N20","nominal","2.0NRT",302.61,1.73,"N"
"5688",27.51918,52.59446,316.05,0.47,0.4,"2026-07-09",2231,"N20","nominal","2.0NRT",302.66,0.95,"N"
"5689",27.51833,52.59911,316.84,0.47,0.4,"2026-07-09",2231,"N20","nominal","2.0NRT",302.34,0.95,"N"
"5690",27.51576,52.61302,317.06,0.47,0.4,"2026-07-09",2231,"N20","nominal","2.0NRT",302.57,1.46,"N"
"5691",27.5149,52.61776,315.78,0.48,0.4,"2026-07-09",2231,"N20","nominal","2.0NRT",302.89,1.46,"N"
"5692",27.50789,52.6354,335.8,0.48,0.4,"2026-07-09",2231,"N20","nominal","2.0NRT",305.97,12.83,"N"
"5693",27.50707,52.63984,344.33,0.48,0.4,"2026-07-09",2231,"N20","nominal","2.0NRT",312.37,16.19,"N"
"5694",27.5062,52.64457,320.16,0.48,0.4,"2026-07-09",2231,"N20","nominal","2.0NRT",304.97,16.19,"N"
"5695",27.51557,52.59368,316.91,0.47,0.4,"2026-07-09",2231,"N20","nominal","2.0NRT",303.15,0.95,"N"
"5696",27.50957,52.62626,315.31,0.48,0.4,"2026-07-09",2231,"N20","nominal","2.0NRT",302.66,1.73,"N"
"5697",27.50764,52.61635,320.61,0.48,0.4,"2026-07-09",2231,"N20","nominal","2.0NRT",303.33,1.47,"N"
"5698",27.5042,52.63502,323.48,0.48,0.4,"2026-07-09",2231,"N20","nominal","2.0NRT",303.82,1.6,"N"
"5699",27.50337,52.63952,330.43,0.48,0.4,"2026-07-09",2231,"N20","nominal","2.0NRT",304.32,4.55,"N"
"5700",27.50167,52.64874,332.46,0.48,0.4,"2026-07-09",2231,"N20","nominal","2.0NRT",303.52,2.96,"N"
"5701",27.50505,52.63042,317.65,0.48,0.4,"2026-07-09",2231,"N20","nominal","2.0NRT",302.53,1.6,"N"
"5702",27.49797,52.64839,320.61,0.48,0.4,"2026-07-09",2231,"N20","nominal","2.0NRT",303.04,2.96,"N"
"5703",27.49712,52.65298,331.81,0.48,0.4,"2026-07-09",2231,"N20","nominal","2.0NRT",302.97,2.96,"N"
"5704",27.49519,52.64307,318.43,0.48,0.4,"2026-07-09",2231,"N20","nominal","2.0NRT",302.71,1.62,"N"
"5705",27.48807,52.66124,312.6,0.48,0.4,"2026-07-09",2231,"N20","nominal","2.0NRT",302.22,1.2,"N"
"5706",27.48433,52.64076,321.23,0.48,0.4,"2026-07-09",2231,"N20","nominal","2.0NRT",302.65,1.19,"N"
"5707",28.00107,48.73882,323.44,0.38,0.36,"2026-07-09",2231,"N20","nominal","2.0NRT",301.14,0.63,"N"
"5708",27.81453,48.86317,330.72,0.38,0.36,"2026-07-09",2231,"N20","nominal","2.0NRT",314,18.23,"N"
"5709",27.81514,48.85931,317.57,0.38,0.36,"2026-07-09",2231,"N20","nominal","2.0NRT",301.75,18.23,"N"
"5710",27.58381,48.9656,313.09,0.38,0.36,"2026-07-09",2231,"N20","nominal","2.0NRT",301.19,3.11,"N"
"5711",27.53435,49.19032,333.02,0.38,0.36,"2026-07-09",2231,"N20","nominal","2.0NRT",310.07,7.38,"N"
"5712",26.79607,53.343,334.65,0.53,0.42,"2026-07-09",2231,"N20","nominal","2.0NRT",300.58,4.3,"N"
"5713",26.79507,53.3482,319.04,0.53,0.42,"2026-07-09",2231,"N20","nominal","2.0NRT",300.75,0.9,"N"
"5714",27.53254,49.13821,321.37,0.38,0.36,"2026-07-09",2231,"N20","nominal","2.0NRT",302.55,1.32,"N"
"5715",27.34387,48.84821,310.19,0.38,0.36,"2026-07-09",2231,"N20","nominal","2.0NRT",299.9,0.62,"N"
"5716",27.19113,49.14378,316.91,0.39,0.36,"2026-07-09",2231,"N20","nominal","2.0NRT",304.81,1.97,"N"
"5717",26.6713,52.01451,313.75,0.46,0.39,"2026-07-09",2231,"N20","nominal","2.0NRT",301.47,0.57,"N"
"5718",27.15178,49.2193,313.39,0.39,0.36,"2026-07-09",2231,"N20","nominal","2.0NRT",301.57,2.3,"N"
"5719",27.14849,49.21863,338.99,0.39,0.36,"2026-07-09",2231,"N20","nominal","2.0NRT",303.25,2.3,"N"
"5720",27.14787,49.22248,338.25,0.39,0.36,"2026-07-09",2231,"N20","nominal","2.0NRT",314.63,41.3,"N"
"5721",27.14458,49.22182,343.8,0.39,0.36,"2026-07-09",2231,"N20","nominal","2.0NRT",305.18,20.24,"N"
"5722",27.07662,49.57507,316.45,0.39,0.36,"2026-07-09",2231,"N20","nominal","2.0NRT",304.16,3.12,"N"
"5723",27.07318,49.57485,325.45,0.39,0.36,"2026-07-09",2231,"N20","nominal","2.0NRT",306.35,4.74,"N"
"5724",27.06582,49.55731,326.06,0.39,0.36,"2026-07-09",2231,"N20","nominal","2.0NRT",306.8,4.02,"N"
"5725",27.05199,49.55848,314.35,0.39,0.36,"2026-07-09",2231,"N20","nominal","2.0NRT",302.41,2.97,"N"
"5726",27.03382,49.60687,331.72,0.39,0.36,"2026-07-09",2231,"N20","nominal","2.0NRT",304.77,2.52,"N"
"5727",27.04082,49.56421,316.61,0.39,0.36,"2026-07-09",2231,"N20","nominal","2.0NRT",305.05,3.62,"N"
"5728",27.01848,49.57567,332.41,0.39,0.36,"2026-07-09",2231,"N20","nominal","2.0NRT",304.1,11.82,"N"
"5729",27.01784,49.57955,328.09,0.39,0.36,"2026-07-09",2231,"N20","nominal","2.0NRT",310.59,10.21,"N"
"5730",27.02548,49.53304,317.01,0.39,0.36,"2026-07-09",2231,"N20","nominal","2.0NRT",303.76,2.88,"N"
"5731",27.02409,49.52075,317.1,0.39,0.36,"2026-07-09",2231,"N20","nominal","2.0NRT",303.73,3.8,"N"
"5732",27.0139,49.58274,317.05,0.39,0.36,"2026-07-09",2231,"N20","nominal","2.0NRT",304.9,10.21,"N"
"5733",27.02016,49.52394,317.66,0.39,0.36,"2026-07-09",2231,"N20","nominal","2.0NRT",303.44,2.9,"N"
"5734",26.95526,49.58767,313.63,0.39,0.36,"2026-07-09",2231,"N20","nominal","2.0NRT",302.33,1.83,"N"
"5735",26.95399,49.59543,314.98,0.39,0.36,"2026-07-09",2231,"N20","nominal","2.0NRT",300.8,2.27,"N"
"5736",26.95005,49.59863,329.43,0.39,0.36,"2026-07-09",2231,"N20","nominal","2.0NRT",300.56,3.29,"N"
"5737",26.95476,49.50747,319.44,0.39,0.36,"2026-07-09",2231,"N20","nominal","2.0NRT",303.31,2.83,"N"
"5738",25.90415,54.53322,317.89,0.42,0.45,"2026-07-09",2231,"N20","nominal","2.0NRT",298.95,0.23,"N"
"5739",25.5569,55.9867,309.88,0.52,0.5,"2026-07-09",2231,"N20","nominal","2.0NRT",297.44,6.7,"N"
"5740",26.68333,50.11089,324.06,0.4,0.37,"2026-07-09",2231,"N20","nominal","2.0NRT",301.64,0.58,"N"
"5741",26.24204,52.3315,339.38,0.48,0.4,"2026-07-09",2231,"N20","nominal","2.0NRT",306.07,12.95,"N"
"5742",25.30719,56.37311,315.63,0.56,0.51,"2026-07-09",2231,"N20","nominal","2.0NRT",300.03,2.13,"N"
"5743",26.12167,50.58887,314.17,0.41,0.37,"2026-07-09",2231,"N20","nominal","2.0NRT",303.28,1.34,"N"
"5744",25.91687,51.61025,316.55,0.45,0.39,"2026-07-09",2231,"N20","nominal","2.0NRT",302.12,1.18,"N"
"5745",26.09244,50.59534,321.35,0.41,0.37,"2026-07-09",2231,"N20","nominal","2.0NRT",303.37,1.32,"N"
"5746",25.91949,51.51447,310.99,0.45,0.39,"2026-07-09",2231,"N20","nominal","2.0NRT",299.2,0.93,"N"
"5747",25.90963,51.54889,316.9,0.45,0.39,"2026-07-09",2231,"N20","nominal","2.0NRT",300.09,1.08,"N"
"5748",25.90532,51.55253,333.73,0.45,0.39,"2026-07-09",2231,"N20","nominal","2.0NRT",303.94,3.55,"N"
"5749",25.90181,51.55176,325.07,0.45,0.39,"2026-07-09",2231,"N20","nominal","2.0NRT",301.37,3.55,"N"
"5750",25.90101,51.55617,317.88,0.45,0.39,"2026-07-09",2231,"N20","nominal","2.0NRT",303.25,3.55,"N"
"5751",25.90625,51.50699,318.04,0.45,0.39,"2026-07-09",2231,"N20","nominal","2.0NRT",303,1.79,"N"
"5752",25.89637,51.5414,318.12,0.45,0.39,"2026-07-09",2231,"N20","nominal","2.0NRT",301.35,2,"N"
"5753",26.0669,50.56023,320.15,0.41,0.37,"2026-07-09",2231,"N20","nominal","2.0NRT",298.81,0.6,"N"
"5754",25.89126,51.54943,325.81,0.45,0.39,"2026-07-09",2231,"N20","nominal","2.0NRT",303.66,1.44,"N"
"5755",25.88774,51.54866,312.78,0.45,0.39,"2026-07-09",2231,"N20","nominal","2.0NRT",302.71,1.44,"N"
"5756",25.88663,51.53469,325.38,0.45,0.39,"2026-07-09",2231,"N20","nominal","2.0NRT",299.6,1.64,"N"
"5757",25.88183,51.56112,321.04,0.45,0.39,"2026-07-09",2231,"N20","nominal","2.0NRT",303.03,1.18,"N"
"5758",25.88583,51.53909,312.88,0.45,0.39,"2026-07-09",2231,"N20","nominal","2.0NRT",300.64,1.4,"N"
"5759",25.53344,53.14974,331.32,0.54,0.42,"2026-07-09",2231,"N20","nominal","2.0NRT",305.42,19.53,"N"
"5760",25.66978,52.40355,317.41,0.49,0.4,"2026-07-09",2231,"N20","nominal","2.0NRT",301.64,1.02,"N"
"5761",25.50953,53.14966,336.37,0.54,0.42,"2026-07-09",2231,"N20","nominal","2.0NRT",301.54,4.16,"N"
"5762",25.59464,52.53852,327.48,0.5,0.41,"2026-07-09",2231,"N20","nominal","2.0NRT",301.61,1.34,"N"
"5763",25.59371,52.54342,313.27,0.5,0.41,"2026-07-09",2231,"N20","nominal","2.0NRT",301.43,1.34,"N"
"5764",25.49464,52.38687,312.68,0.49,0.41,"2026-07-09",2231,"N20","nominal","2.0NRT",301.41,3.81,"N"
"5765",25.42799,52.73666,315.3,0.52,0.41,"2026-07-09",2231,"N20","nominal","2.0NRT",301.08,1.18,"N"
"5766",25.49097,52.38604,331.35,0.49,0.41,"2026-07-09",2231,"N20","nominal","2.0NRT",302.47,3.81,"N"
"5767",25.42521,52.73077,317.02,0.51,0.41,"2026-07-09",2231,"N20","nominal","2.0NRT",301.03,1.18,"N"
"5768",25.49181,52.38861,343.16,0.49,0.41,"2026-07-09",2231,"N20","nominal","2.0NRT",302.75,8.04,"N"
"5769",25.42803,52.73419,315.66,0.52,0.41,"2026-07-09",2231,"N20","nominal","2.0NRT",301.1,1.09,"N"
"5770",25.42709,52.73923,316.71,0.52,0.41,"2026-07-09",2231,"N20","nominal","2.0NRT",300.97,1.09,"N"
"5771",25.93013,49.70291,324.18,0.4,0.37,"2026-07-09",2231,"N20","nominal","2.0NRT",301.55,2.14,"N"
"5772",25.96387,49.23038,311.64,0.39,0.36,"2026-07-09",2231,"N20","nominal","2.0NRT",298.88,0.8,"N"
"5773",24.50361,56.60778,316.23,0.6,0.53,"2026-07-09",2231,"N20","nominal","2.0NRT",300.76,3.34,"N"
"5774",25.19067,53.20302,315.62,0.55,0.43,"2026-07-09",2231,"N20","nominal","2.0NRT",301.65,1.17,"N"
"5775",25.18965,53.20837,314.55,0.55,0.43,"2026-07-09",2231,"N20","nominal","2.0NRT",301.51,1.17,"N"
"5776",25.18862,53.21373,317.43,0.55,0.43,"2026-07-09",2231,"N20","nominal","2.0NRT",301.6,0.84,"N"
"5777",24.47124,56.61762,354.74,0.6,0.53,"2026-07-09",2231,"N20","nominal","2.0NRT",302.12,17.1,"N"
"5778",25.87361,49.24083,311.31,0.39,0.36,"2026-07-09",2231,"N20","nominal","2.0NRT",298.25,0.69,"N"
"5779",24.46521,56.62215,312.69,0.6,0.53,"2026-07-09",2231,"N20","nominal","2.0NRT",300.64,2.36,"N"
"5780",24.4553,56.55217,312.7,0.6,0.53,"2026-07-09",2231,"N20","nominal","2.0NRT",300.85,1.78,"N"
"5781",25.17774,52.8767,332.2,0.53,0.42,"2026-07-09",2231,"N20","nominal","2.0NRT",301.4,13.94,"N"
"5782",25.17802,52.87985,334.76,0.53,0.42,"2026-07-09",2231,"N20","nominal","2.0NRT",302.46,5.2,"N"
"5783",25.16104,52.86519,331.02,0.53,0.42,"2026-07-09",2231,"N20","nominal","2.0NRT",301.88,6.42,"N"
"5784",25.16008,52.8703,325.89,0.53,0.42,"2026-07-09",2231,"N20","nominal","2.0NRT",304.85,8.09,"N"
"5785",26.49351,43.95869,308.48,0.52,0.42,"2026-07-09",2231,"N20","nominal","2.0NRT",298.29,1.48,"N"
"5786",25.68109,49.51714,320.43,0.39,0.36,"2026-07-09",2231,"N20","nominal","2.0NRT",303.66,2.92,"N"
"5787",25.67777,49.51648,321.88,0.39,0.36,"2026-07-09",2231,"N20","nominal","2.0NRT",304.12,3.38,"N"
"5788",24.90401,53.73072,346.22,0.4,0.44,"2026-07-09",2231,"N20","nominal","2.0NRT",303.02,4.72,"N"
"5789",25.68211,49.41084,319.37,0.39,0.36,"2026-07-09",2231,"N20","nominal","2.0NRT",299.13,2.09,"N"
"5790",25.64825,49.38808,313.04,0.39,0.36,"2026-07-09",2231,"N20","nominal","2.0NRT",300.87,2.53,"N"
"5791",25.64164,49.38675,329.49,0.39,0.36,"2026-07-09",2231,"N20","nominal","2.0NRT",299,3.23,"N"
"5792",25.64036,49.39445,329.83,0.39,0.36,"2026-07-09",2231,"N20","nominal","2.0NRT",299.94,2.15,"N"
"5793",25.641,49.3906,313.26,0.39,0.36,"2026-07-09",2231,"N20","nominal","2.0NRT",298.98,2.15,"N"
"5794",25.63705,49.39379,324.79,0.39,0.36,"2026-07-09",2231,"N20","nominal","2.0NRT",299.15,1.83,"N"
"5795",25.63375,49.39312,323.25,0.39,0.36,"2026-07-09",2231,"N20","nominal","2.0NRT",300.38,1.83,"N"
"5796",25.38314,50.80005,316.91,0.43,0.38,"2026-07-09",2231,"N20","nominal","2.0NRT",299.18,2.5,"N"
"5797",24.8494,53.66351,313.61,0.39,0.44,"2026-07-09",2231,"N20","nominal","2.0NRT",302.07,11.2,"N"
"5798",24.84543,53.66257,341.33,0.39,0.44,"2026-07-09",2231,"N20","nominal","2.0NRT",302.86,11.2,"N"
"5799",24.84468,53.66639,317.59,0.39,0.44,"2026-07-09",2231,"N20","nominal","2.0NRT",304.54,11.2,"N"
"5800",24.8316,53.62745,312.94,0.39,0.44,"2026-07-09",2231,"N20","nominal","2.0NRT",301.98,7.42,"N"
"5801",24.82763,53.62652,319.93,0.39,0.44,"2026-07-09",2231,"N20","nominal","2.0NRT",303.16,7.42,"N"
"5802",24.835,53.506,340.42,0.39,0.44,"2026-07-09",2231,"N20","nominal","2.0NRT",302.94,8.57,"N"
"5803",24.8364,53.50643,340.66,0.39,0.44,"2026-07-09",2231,"N20","nominal","2.0NRT",302.89,7.2,"N"
"5804",25.36384,50.4253,341.64,0.41,0.37,"2026-07-09",2231,"N20","nominal","2.0NRT",306.71,20.13,"N"
"5805",24.88214,53.07604,312.63,0.55,0.42,"2026-07-09",2231,"N20","nominal","2.0NRT",300.38,0.17,"N"
"5806",24.87828,53.07522,341.58,0.55,0.42,"2026-07-09",2231,"N20","nominal","2.0NRT",305.9,37.11,"N"
"5807",25.60361,48.88983,310.42,0.39,0.36,"2026-07-09",2231,"N20","nominal","2.0NRT",297.01,0.76,"N"
"5808",25.26542,50.80658,309.02,0.43,0.38,"2026-07-09",2231,"N20","nominal","2.0NRT",298.29,1.13,"N"
"5809",25.34599,50.2038,311.64,0.41,0.37,"2026-07-09",2231,"N20","nominal","2.0NRT",297.98,0.93,"N"
"5810",25.34193,50.2071,333.9,0.41,0.37,"2026-07-09",2231,"N20","nominal","2.0NRT",300.51,4.22,"N"
"5811",24.5123,54.02074,330.35,0.42,0.45,"2026-07-09",2231,"N20","nominal","2.0NRT",299.11,1.68,"N"
"5812",24.5094,54.02066,338.07,0.42,0.45,"2026-07-09",2231,"N20","nominal","2.0NRT",300.49,7.48,"N"
"5813",24.51019,54.01661,312.23,0.42,0.45,"2026-07-09",2231,"N20","nominal","2.0NRT",299,3.8,"N"
"5814",24.95724,51.55246,308.64,0.46,0.39,"2026-07-09",2231,"N20","nominal","2.0NRT",298.44,1.22,"N"
"5815",24.92907,51.565,338.17,0.46,0.39,"2026-07-09",2231,"N20","nominal","2.0NRT",305.72,11.84,"N"
"5816",24.9129,51.55213,316.96,0.46,0.39,"2026-07-09",2231,"N20","nominal","2.0NRT",299.05,1.35,"N"
"5817",25.21145,49.28723,334.35,0.39,0.36,"2026-07-09",2231,"N20","nominal","2.0NRT",300.82,3.04,"N"
"5818",25.17859,49.32038,308.74,0.39,0.36,"2026-07-09",2231,"N20","nominal","2.0NRT",296.59,0.87,"N"
"5819",25.17592,49.31587,315.86,0.39,0.36,"2026-07-09",2231,"N20","nominal","2.0NRT",296.93,0.87,"N"
"5820",25.17528,49.31971,313.38,0.39,0.36,"2026-07-09",2231,"N20","nominal","2.0NRT",297.49,0.87,"N"
"5821",25.17464,49.32357,319.71,0.39,0.36,"2026-07-09",2231,"N20","nominal","2.0NRT",298.31,1.58,"N"
"5822",24.00235,55.4398,313.01,0.52,0.5,"2026-07-09",2231,"N20","nominal","2.0NRT",300.44,2.19,"N"
"5823",25.26323,48.10095,311.84,0.38,0.36,"2026-07-09",2231,"N20","nominal","2.0NRT",299.59,1.76,"N"
"5824",24.8901,49.20961,319.63,0.39,0.36,"2026-07-09",2231,"N20","nominal","2.0NRT",297.25,1.33,"N"
"5825",24.8827,49.19232,309.26,0.39,0.36,"2026-07-09",2231,"N20","nominal","2.0NRT",296.78,0.47,"N"
"5826",24.80573,49.41237,313.46,0.4,0.37,"2026-07-09",2231,"N20","nominal","2.0NRT",300.91,3.53,"N"
"5827",24.79476,49.35435,310.64,0.39,0.37,"2026-07-09",2231,"N20","nominal","2.0NRT",296.88,0.95,"N"
"5828",24.12187,52.69604,311.31,0.54,0.42,"2026-07-09",2231,"N20","nominal","2.0NRT",299.72,2.7,"N"
"5829",23.36636,56.28584,314.27,0.6,0.53,"2026-07-09",2231,"N20","nominal","2.0NRT",299.64,2.24,"N"
"5830",22.63855,59.43189,317.04,0.49,0.65,"2026-07-09",2231,"N20","nominal","2.0NRT",299.46,4.07,"N"
"5831",23.83544,53.62993,308.71,0.41,0.45,"2026-07-09",2231,"N20","nominal","2.0NRT",293.11,0.99,"N"
"5832",23.83142,53.62894,312.76,0.41,0.45,"2026-07-09",2231,"N20","nominal","2.0NRT",293.5,0.99,"N"
"5833",24.95724,47.06311,318.64,0.39,0.36,"2026-07-09",2231,"N20","nominal","2.0NRT",300.74,2.29,"N"
"5834",24.9506,47.0619,322.72,0.39,0.36,"2026-07-09",2231,"N20","nominal","2.0NRT",302.09,2.26,"N"
"5835",24.95002,47.06575,316.15,0.39,0.36,"2026-07-09",2231,"N20","nominal","2.0NRT",301.64,3.12,"N"
"5836",24.94729,47.0613,321.3,0.39,0.36,"2026-07-09",2231,"N20","nominal","2.0NRT",302.61,2.26,"N"
"5837",23.66415,54.35276,330.77,0.45,0.47,"2026-07-09",2231,"N20","nominal","2.0NRT",298.45,2.92,"N"
"5838",24.50586,49.10109,303.66,0.39,0.36,"2026-07-09",2231,"N20","nominal","2.0NRT",293.45,0.31,"N"
"5839",24.95957,45.54309,313.8,0.43,0.38,"2026-07-09",2231,"N20","nominal","2.0NRT",301.13,1.86,"N"
"5840",23.19194,55.45971,328.15,0.54,0.51,"2026-07-09",2233,"N20","nominal","2.0NRT",301.21,3.84,"N"
"5841",23.54913,53.32446,341.88,0.4,0.44,"2026-07-09",2233,"N20","nominal","2.0NRT",303.04,22.63,"N"
"5842",23.54515,53.32353,331.36,0.4,0.44,"2026-07-09",2233,"N20","nominal","2.0NRT",296.17,22.63,"N"
"5843",23.54442,53.32734,322.87,0.4,0.44,"2026-07-09",2233,"N20","nominal","2.0NRT",296.44,35.02,"N"
"5844",23.53505,53.28949,306.99,0.39,0.44,"2026-07-09",2233,"N20","nominal","2.0NRT",295.31,1.37,"N"
"5845",23.53106,53.28857,333.19,0.39,0.44,"2026-07-09",2233,"N20","nominal","2.0NRT",312.46,17.84,"N"
"5846",23.53033,53.29238,340.68,0.39,0.44,"2026-07-09",2233,"N20","nominal","2.0NRT",298.4,7.39,"N"
"5847",23.5318,53.28479,317.56,0.39,0.44,"2026-07-09",2233,"N20","nominal","2.0NRT",294.25,17.84,"N"
"5848",23.5296,53.29617,305,0.4,0.44,"2026-07-09",2233,"N20","nominal","2.0NRT",294.83,7.39,"N"
"5849",23.52708,53.28766,346.69,0.39,0.44,"2026-07-09",2233,"N20","nominal","2.0NRT",296.86,17.84,"N"
"5850",23.52781,53.28387,313.84,0.39,0.44,"2026-07-09",2233,"N20","nominal","2.0NRT",294.28,17.84,"N"
"5851",23.52635,53.29145,316.58,0.39,0.44,"2026-07-09",2233,"N20","nominal","2.0NRT",294.89,7.39,"N"
"5852",24.78226,45.60414,328.73,0.43,0.38,"2026-07-09",2233,"N20","nominal","2.0NRT",301.35,3.23,"N"
"5853",23.31269,54.17849,329.5,0.45,0.47,"2026-07-09",2233,"N20","nominal","2.0NRT",299.12,3.42,"N"
"5854",24.78168,45.60831,318.11,0.42,0.38,"2026-07-09",2233,"N20","nominal","2.0NRT",299.76,2.24,"N"
"5855",24.3543,48.35855,331.63,0.38,0.36,"2026-07-09",2233,"N20","nominal","2.0NRT",298.83,5.9,"N"
"5856",23.27914,54.25668,341.3,0.45,0.47,"2026-07-09",2233,"N20","nominal","2.0NRT",299.43,8.49,"N"
"5857",23.27826,54.26103,347.87,0.45,0.47,"2026-07-09",2233,"N20","nominal","2.0NRT",304.36,37.77,"N"
"5858",23.27738,54.26537,338.97,0.45,0.47,"2026-07-09",2233,"N20","nominal","2.0NRT",299.65,37.77,"N"
"5859",23.27649,54.26971,308.67,0.46,0.47,"2026-07-09",2233,"N20","nominal","2.0NRT",297.44,1.76,"N"
"5860",23.27491,54.2557,323.19,0.45,0.47,"2026-07-09",2233,"N20","nominal","2.0NRT",299.87,8.49,"N"
"5861",23.27402,54.26004,333.4,0.45,0.47,"2026-07-09",2233,"N20","nominal","2.0NRT",313.12,37.77,"N"
"5862",23.27314,54.26439,349.84,0.45,0.47,"2026-07-09",2233,"N20","nominal","2.0NRT",310.19,37.77,"N"
"5863",23.27225,54.26874,312.47,0.46,0.47,"2026-07-09",2233,"N20","nominal","2.0NRT",298.83,1.76,"N"
"5864",23.27597,54.22871,311.47,0.45,0.47,"2026-07-09",2233,"N20","nominal","2.0NRT",298.04,0.93,"N"
"5865",23.26978,54.25906,311.09,0.45,0.47,"2026-07-09",2233,"N20","nominal","2.0NRT",298.17,1.18,"N"
"5866",23.26889,54.26342,308.9,0.45,0.47,"2026-07-09",2233,"N20","nominal","2.0NRT",298.51,1.18,"N"
"5867",24.56933,46.88408,321.33,0.39,0.36,"2026-07-09",2233,"N20","nominal","2.0NRT",302.21,3.45,"N"
"5868",24.60303,46.57316,316.33,0.4,0.37,"2026-07-09",2233,"N20","nominal","2.0NRT",299.21,1.14,"N"
"5869",24.59968,46.5726,325.42,0.4,0.37,"2026-07-09",2233,"N20","nominal","2.0NRT",300.76,1.14,"N"
"5870",24.59632,46.57203,326.83,0.4,0.37,"2026-07-09",2233,"N20","nominal","2.0NRT",301.46,2.27,"N"
"5871",24.49486,47.15427,314.77,0.39,0.36,"2026-07-09",2233,"N20","nominal","2.0NRT",297.14,15.35,"N"
"5872",24.49155,47.15367,331.48,0.39,0.36,"2026-07-09",2233,"N20","nominal","2.0NRT",304.28,15.35,"N"
"5873",24.52114,46.86841,315.75,0.39,0.36,"2026-07-09",2233,"N20","nominal","2.0NRT",304.85,2.62,"N"
"5874",22.87985,55.92613,316.52,0.59,0.53,"2026-07-09",2233,"N20","nominal","2.0NRT",298.86,2.42,"N"
"5875",24.51175,46.86277,334.32,0.39,0.36,"2026-07-09",2233,"N20","nominal","2.0NRT",302.65,7.14,"N"
"5876",25.38431,39.40115,308.41,0.63,0.54,"2026-07-09",2233,"N20","nominal","2.0NRT",293.65,1.25,"N"
"5877",22.87214,55.61453,330.96,0.56,0.52,"2026-07-09",2233,"N20","nominal","2.0NRT",299.05,4.23,"N"
"5878",25.38347,39.40145,309.49,0.63,0.54,"2026-07-09",2233,"N20","nominal","2.0NRT",293.5,1.59,"N"
"5879",24.41674,47.01974,315.77,0.39,0.36,"2026-07-09",2233,"N20","nominal","2.0NRT",303.22,3.83,"N"
"5880",22.87476,55.61414,337.46,0.56,0.52,"2026-07-09",2233,"N20","nominal","2.0NRT",299.22,5.29,"N"
"5881",24.69659,44.97154,314.28,0.45,0.39,"2026-07-09",2233,"N20","nominal","2.0NRT",297.52,1.17,"N"
"5882",24.03975,49.19805,314.78,0.4,0.37,"2026-07-09",2233,"N20","nominal","2.0NRT",296.82,0.87,"N"
"5883",22.48986,56.90943,334.29,0.34,0.56,"2026-07-09",2233,"N20","nominal","2.0NRT",297.54,2.07,"N"
"5884",22.49268,56.90966,323.03,0.35,0.56,"2026-07-09",2233,"N20","nominal","2.0NRT",297.17,1.76,"N"
"5885",22.49198,56.91292,311.03,0.35,0.56,"2026-07-09",2233,"N20","nominal","2.0NRT",297.17,1.35,"N"
"5886",22.40588,56.98833,331.14,0.35,0.57,"2026-07-09",2233,"N20","nominal","2.0NRT",297.26,2.48,"N"
"5887",22.44257,56.70036,311.32,0.34,0.56,"2026-07-09",2233,"N20","nominal","2.0NRT",297.49,0.3,"N"
"5888",24.29232,46.30854,314.63,0.4,0.37,"2026-07-09",2233,"N20","nominal","2.0NRT",302.48,2.15,"N"
"5889",24.30577,45.90643,312.71,0.41,0.37,"2026-07-09",2233,"N20","nominal","2.0NRT",298.13,1.38,"N"
"5890",22.34421,56.43356,328.92,0.32,0.55,"2026-07-09",2233,"N20","nominal","2.0NRT",297.79,1.45,"N"
"5891",22.33202,56.46622,333.89,0.33,0.55,"2026-07-09",2233,"N20","nominal","2.0NRT",298.28,1.73,"N"
"5892",22.32669,56.49108,333.35,0.33,0.55,"2026-07-09",2233,"N20","nominal","2.0NRT",298.32,2.57,"N"
"5893",22.29261,56.52793,309.62,0.33,0.55,"2026-07-09",2233,"N20","nominal","2.0NRT",297.33,0.69,"N"
"5894",21.93839,57.07238,321.23,0.36,0.58,"2026-07-09",2233,"N20","nominal","2.0NRT",294.97,1.41,"N"
"5895",22.5241,54.04989,308.65,0.46,0.47,"2026-07-09",2233,"N20","nominal","2.0NRT",298.36,1.91,"N"
"5896",22.53687,53.94007,315.83,0.45,0.47,"2026-07-09",2233,"N20","nominal","2.0NRT",300.91,3.46,"N"
"5897",21.88931,56.84627,326.81,0.35,0.57,"2026-07-09",2233,"N20","nominal","2.0NRT",295.61,1.7,"N"
"5898",21.83887,56.69883,316.55,0.34,0.56,"2026-07-09",2233,"N20","nominal","2.0NRT",295.58,1.72,"N"
"5899",21.83733,56.68126,305.77,0.34,0.56,"2026-07-09",2233,"N20","nominal","2.0NRT",295.36,0.57,"N"
"5900",21.8338,56.69756,315.07,0.34,0.56,"2026-07-09",2233,"N20","nominal","2.0NRT",295.24,1.72,"N"
"5901",21.83228,56.67993,318.81,0.34,0.56,"2026-07-09",2233,"N20","nominal","2.0NRT",295.45,1.21,"N"
"5902",21.46181,57.24686,320.2,0.38,0.59,"2026-07-09",2233,"N20","nominal","2.0NRT",294.84,1.24,"N"
"5903",21.30348,57.79895,321.12,0.42,0.61,"2026-07-09",2233,"N20","nominal","2.0NRT",294.44,1.63,"N"
"5904",21.32114,57.72143,309.59,0.41,0.61,"2026-07-09",2233,"N20","nominal","2.0NRT",293.89,0.76,"N"
"5905",21.31589,57.7445,308.72,0.41,0.61,"2026-07-09",2233,"N20","nominal","2.0NRT",294.23,1.2,"N"
"5906",21.31043,57.74312,306.8,0.41,0.61,"2026-07-09",2233,"N20","nominal","2.0NRT",293.52,1,"N"
"5907",21.30955,57.74699,307.67,0.41,0.61,"2026-07-09",2233,"N20","nominal","2.0NRT",294,1.05,"N"
"5908",21.33237,57.72198,305.19,0.41,0.61,"2026-07-09",2233,"N20","nominal","2.0NRT",293.93,0.69,"N"
"5909",21.32062,57.7231,309.11,0.41,0.61,"2026-07-09",2233,"N20","nominal","2.0NRT",294.24,0.7,"N"
"5910",21.31637,57.74238,309.34,0.41,0.61,"2026-07-09",2233,"N20","nominal","2.0NRT",293.95,1.19,"N"
"5911",21.30434,57.79699,309.92,0.42,0.61,"2026-07-09",2233,"N20","nominal","2.0NRT",293.75,0.73,"N"
"5912",21.30348,57.80087,307.72,0.42,0.61,"2026-07-09",2233,"N20","nominal","2.0NRT",294.24,0.73,"N"
"5913",21.31006,57.74487,320.56,0.41,0.61,"2026-07-09",2233,"N20","nominal","2.0NRT",294.08,1.19,"N"
"5914",21.29563,57.68015,306.2,0.41,0.61,"2026-07-09",2233,"N20","nominal","2.0NRT",293.87,0.52,"N"
"5915",21.64973,55.99896,316.61,0.63,0.54,"2026-07-09",2233,"N20","nominal","2.0NRT",300.1,3.09,"N"
"5916",21.64486,55.99777,333.06,0.63,0.54,"2026-07-09",2233,"N20","nominal","2.0NRT",299.81,3.09,"N"
"5917",21.29796,57.09843,306.27,0.38,0.58,"2026-07-09",2233,"N20","nominal","2.0NRT",296.18,0.8,"N"
"5918",24.02933,40.47635,332.88,0.52,0.5,"2026-07-09",2233,"N20","nominal","2.0NRT",297.9,4.75,"N"
"5919",20.99959,56.53281,307.99,0.35,0.57,"2026-07-09",2233,"N20","nominal","2.0NRT",294.85,0.72,"N"
"5920",20.37707,55.93445,319.8,0.33,0.55,"2026-07-09",2233,"N20","nominal","2.0NRT",294.96,1.23,"N"
"5921",20.38752,55.66235,311.3,0.63,0.54,"2026-07-09",2233,"N20","nominal","2.0NRT",295.08,1.85,"N"
"5922",20.38511,55.64944,305.89,0.63,0.54,"2026-07-09",2233,"N20","nominal","2.0NRT",295.44,1.13,"N"
"5923",22.67692,39.03094,306.14,0.61,0.54,"2026-07-09",2233,"N20","nominal","2.0NRT",286.75,1.48,"N"
"5924",22.57968,39.08374,305.72,0.61,0.53,"2026-07-09",2233,"N20","nominal","2.0NRT",284.4,1.17,"N"
"5925",19.34904,56.46008,305.56,0.37,0.58,"2026-07-09",2233,"N20","nominal","2.0NRT",292.02,0.38,"N"
"5926",19.26822,56.17561,315.7,0.36,0.57,"2026-07-09",2233,"N20","nominal","2.0NRT",291.84,0.72,"N"
"5927",19.09886,41.15527,309.96,0.41,0.45,"2026-07-09",2233,"N20","nominal","2.0NRT",297.21,4.24,"N"
"5928",17.28296,42.40264,323.57,0.49,0.4,"2026-07-09",2235,"N20","nominal","2.0NRT",294.95,9.65,"N"
"5929",17.28233,42.40727,329.94,0.49,0.4,"2026-07-09",2235,"N20","nominal","2.0NRT",291.29,7.71,"N"
"5930",17.28424,42.40484,313.33,0.49,0.4,"2026-07-09",2235,"N20","nominal","2.0NRT",293.13,7.11,"N"
"5931",17.28053,42.40428,345.16,0.49,0.4,"2026-07-09",2235,"N20","nominal","2.0NRT",297.31,7.11,"N"
"5932",17.27682,42.40372,329.23,0.49,0.4,"2026-07-09",2235,"N20","nominal","2.0NRT",293.33,7.54,"N"
"5933",16.93817,42.63443,318.62,0.48,0.4,"2026-07-09",2235,"N20","nominal","2.0NRT",298.92,7.18,"N"
"5934",15.59517,49.12854,311.33,0.47,0.39,"2026-07-09",2235,"N20","nominal","2.0NRT",291.63,1.36,"N"
"5935",15.82045,45.83566,306.27,0.38,0.36,"2026-07-09",2235,"N20","nominal","2.0NRT",286.5,0.7,"N"
"5936",15.6142,46.01936,304.39,0.38,0.36,"2026-07-09",2235,"N20","nominal","2.0NRT",286.72,0.8,"N"
"5937",15.61204,46.01171,310.63,0.38,0.36,"2026-07-09",2235,"N20","nominal","2.0NRT",286.42,1.22,"N"
"5938",15.58034,45.80263,315.92,0.38,0.36,"2026-07-09",2235,"N20","nominal","2.0NRT",286.89,0.84,"N"
"5939",15.57705,45.80208,304.64,0.38,0.36,"2026-07-09",2235,"N20","nominal","2.0NRT",285.14,0.84,"N"
"5940",15.55134,45.77226,305.44,0.38,0.36,"2026-07-09",2235,"N20","nominal","2.0NRT",284.54,0.77,"N"
"5941",66.20474,70.98863,283.23,0.4,0.37,"2026-07-09",2220,"N20","low","2.0NRT",283.79,0.9,"D"
"5942",12.46273,31.64293,298.16,0.71,0.75,"2026-07-09",2237,"N20","nominal","2.0NRT",280.91,1.84,"N"
"5943",66.20162,71.00485,283.05,0.4,0.37,"2026-07-09",2220,"N20","low","2.0NRT",283.89,1.42,"D"
"5944",12.45579,31.64212,304.55,0.71,0.75,"2026-07-09",2237,"N20","nominal","2.0NRT",274.32,1.84,"N"
"5945",66.20011,70.99311,334.86,0.4,0.37,"2026-07-09",2220,"N20","nominal","2.0NRT",287.47,1.42,"D"
"5946",52.08483,76.85637,312.98,0.51,0.66,"2026-07-09",2225,"N20","nominal","2.0NRT",287.99,2.81,"N"
"5947",9.82874,43.96262,313.95,0.39,0.36,"2026-07-09",2237,"N20","nominal","2.0NRT",292.2,1.06,"N"
"5948",66.19855,71.00121,284.57,0.4,0.37,"2026-07-09",2220,"N20","low","2.0NRT",284.83,1.42,"D"
"5949",66.1986,70.98138,283.73,0.4,0.37,"2026-07-09",2220,"N20","low","2.0NRT",283.99,0.14,"D"
"5950",56.07275,59.61478,313.99,0.38,0.36,"2026-07-09",2225,"N20","nominal","2.0NRT",282.75,1.36,"N"
"5951",9.51788,44.14467,313.53,0.38,0.36,"2026-07-09",2237,"N20","nominal","2.0NRT",289.4,0.89,"N"
"5952",63.57714,53.95438,301.08,0.56,0.43,"2026-07-09",2222,"N20","nominal","2.0NRT",285.88,0.79,"N"
"5953",56.07178,59.62079,316.64,0.38,0.36,"2026-07-09",2225,"N20","nominal","2.0NRT",281.5,1.36,"N"
"5954",61.52678,66.67324,299.37,0.4,0.37,"2026-07-09",2222,"N20","nominal","2.0NRT",287.9,0.28,"N"
"5955",51.75253,75.40467,307.95,0.47,0.64,"2026-07-09",2225,"N20","nominal","2.0NRT",287.63,1.65,"N"
"5956",63.30665,45.67622,295.27,0.33,0.55,"2026-07-09",2222,"N20","nominal","2.0NRT",284.29,0.06,"N"
"5957",51.73292,75.40271,305.65,0.47,0.64,"2026-07-09",2225,"N20","nominal","2.0NRT",289.73,1.61,"N"
"5958",60.81519,65.42808,307.88,0.4,0.37,"2026-07-09",2222,"N20","nominal","2.0NRT",288.9,0.64,"N"
"5959",55.28829,61.45582,300.08,0.4,0.37,"2026-07-09",2225,"N20","nominal","2.0NRT",286.33,0.47,"N"
"5960",59.41383,71.62699,328.1,0.57,0.43,"2026-07-09",2222,"N20","nominal","2.0NRT",288.1,5.48,"N"
"5961",55.28286,61.46615,313.17,0.4,0.37,"2026-07-09",2225,"N20","nominal","2.0NRT",285.6,1.01,"N"
"5962",59.41157,71.63613,323.48,0.57,0.43,"2026-07-09",2222,"N20","nominal","2.0NRT",289.26,5.48,"N"
"5963",55.28072,61.45828,300.05,0.4,0.37,"2026-07-09",2225,"N20","nominal","2.0NRT",285.95,0.27,"N"
"5964",59.19915,71.37335,328.2,0.57,0.43,"2026-07-09",2222,"N20","nominal","2.0NRT",288.09,5.65,"N"
"5965",55.26886,61.44502,330.54,0.4,0.37,"2026-07-09",2225,"N20","nominal","2.0NRT",286.7,2.06,"N"
"5966",59.05339,71.86184,314.08,0.4,0.44,"2026-07-09",2222,"N20","nominal","2.0NRT",286.95,1.7,"N"
"5967",55.27104,61.43291,314.2,0.4,0.37,"2026-07-09",2225,"N20","nominal","2.0NRT",285.77,0.97,"N"
"5968",60.08372,64.68693,307.86,0.4,0.37,"2026-07-09",2222,"N20","nominal","2.0NRT",286.12,0.77,"N"
"5969",55.26562,61.44322,313.94,0.4,0.37,"2026-07-09",2225,"N20","nominal","2.0NRT",286.52,2.06,"N"
"5970",59.98932,63.891,320.95,0.39,0.36,"2026-07-09",2222,"N20","nominal","2.0NRT",275.12,1.45,"N"
"5971",55.26238,61.44141,304.79,0.4,0.37,"2026-07-09",2225,"N20","nominal","2.0NRT",285.54,1.51,"N"
"5972",58.24509,68.47272,318.11,0.5,0.41,"2026-07-09",2222,"N20","nominal","2.0NRT",272.22,2.81,"N"
"5973",55.21483,61.42837,320.13,0.4,0.37,"2026-07-09",2225,"N20","nominal","2.0NRT",285.53,2.07,"N"
"5974",58.24011,68.44038,295.61,0.5,0.41,"2026-07-09",2222,"N20","nominal","2.0NRT",270.38,0.52,"N"
"5975",51.25898,75.64119,301.67,0.5,0.66,"2026-07-09",2225,"N20","nominal","2.0NRT",287.99,1.18,"N"
"5976",55.54575,77.3297,304.94,0.39,0.6,"2026-07-09",2222,"N20","nominal","2.0NRT",281.75,0.49,"N"
"5977",51.26188,75.64252,297.42,0.5,0.66,"2026-07-09",2225,"N20","nominal","2.0NRT",285.63,0.81,"N"
"5978",57.09044,65.74856,309.82,0.45,0.39,"2026-07-09",2225,"N20","nominal","2.0NRT",286.53,0.93,"N"
"5979",55.07903,59.00276,322.15,0.38,0.36,"2026-07-09",2225,"N20","nominal","2.0NRT",280.79,2.27,"N"
"5980",55.08906,73.28674,304.84,0.59,0.53,"2026-07-09",2225,"N20","nominal","2.0NRT",287.57,0.97,"N"
"5981",55.07447,58.9879,317.98,0.38,0.36,"2026-07-09",2225,"N20","nominal","2.0NRT",281.78,1.81,"N"
"5982",55.06469,73.20204,308.31,0.59,0.53,"2026-07-09",2225,"N20","nominal","2.0NRT",289.46,1.13,"N"
"5983",56.14417,44.11386,329.09,0.34,0.56,"2026-07-09",2225,"N20","nominal","2.0NRT",281.89,1.07,"N"
"5984",55.06225,73.21023,301.31,0.59,0.53,"2026-07-09",2225,"N20","nominal","2.0NRT",289.78,1.13,"N"
"5985",56.13898,44.11326,303.61,0.34,0.56,"2026-07-09",2225,"N20","nominal","2.0NRT",282.28,1.07,"N"
"5986",55.06658,73.1991,311.43,0.59,0.53,"2026-07-09",2225,"N20","nominal","2.0NRT",289.3,1.86,"N"
"5987",56.08935,44.17264,308.27,0.34,0.56,"2026-07-09",2225,"N20","nominal","2.0NRT",283.61,0.33,"N"
"5988",55.06175,73.21559,304.81,0.59,0.53,"2026-07-09",2225,"N20","nominal","2.0NRT",290.71,2.29,"N"
"5989",54.78289,58.20557,301.32,0.38,0.36,"2026-07-09",2225,"N20","nominal","2.0NRT",281.02,0.82,"N"
"5990",52.22784,79.54399,295.25,0.63,0.72,"2026-07-09",2225,"N20","nominal","2.0NRT",283.86,0.64,"N"
"5991",54.41292,57.34878,297.64,0.39,0.36,"2026-07-09",2225,"N20","nominal","2.0NRT",279.49,0.55,"N"
"5992",56.8686,62.0576,315.78,0.39,0.36,"2026-07-09",2225,"N20","nominal","2.0NRT",290.45,2.2,"N"
"5993",51.21874,71.53491,297.53,0.35,0.56,"2026-07-09",2225,"N20","nominal","2.0NRT",284.95,0.4,"N"
"5994",52.37063,76.92102,299.82,0.5,0.66,"2026-07-09",2225,"N20","nominal","2.0NRT",289.26,1.41,"N"
"5995",51.21539,71.52684,342.7,0.35,0.56,"2026-07-09",2225,"N20","nominal","2.0NRT",288.2,6.54,"N"
"5996",52.2627,77.04514,300.38,0.51,0.66,"2026-07-09",2225,"N20","nominal","2.0NRT",286.94,1.14,"N"
"5997",51.21402,71.53137,335.25,0.35,0.56,"2026-07-09",2225,"N20","nominal","2.0NRT",290.37,5.85,"N"
"5998",52.25737,77.04012,296.48,0.51,0.66,"2026-07-09",2225,"N20","nominal","2.0NRT",285.87,1.14,"N"
"5999",53.44927,60.98411,310.49,0.41,0.37,"2026-07-09",2225,"N20","nominal","2.0NRT",289.58,1.25,"N"
"6000",50.24189,73.04668,295.77,0.43,0.62,"2026-07-09",2225,"N20","nominal","2.0NRT",284.95,0.7,"N"
"6001",50.06349,73.06082,319.42,0.44,0.62,"2026-07-09",2225,"N20","nominal","2.0NRT",285.59,1.15,"N"
"6002",50.06013,73.05129,297.3,0.43,0.62,"2026-07-09",2225,"N20","nominal","2.0NRT",286.25,1.15,"N"
"6003",50.04834,73.02813,310.72,0.43,0.62,"2026-07-09",2225,"N20","nominal","2.0NRT",291.4,1.75,"N"
"6004",50.04322,73.02409,304.72,0.43,0.62,"2026-07-09",2225,"N20","nominal","2.0NRT",291.36,1.75,"N"
"6005",50.03984,73.01466,329.99,0.43,0.62,"2026-07-09",2225,"N20","nominal","2.0NRT",288.64,2.59,"N"
"6006",50.04159,73.00925,309.29,0.43,0.62,"2026-07-09",2225,"N20","nominal","2.0NRT",289.32,2.59,"N"
"6007",49.75205,73.66887,302.23,0.47,0.64,"2026-07-09",2225,"N20","nominal","2.0NRT",286.48,0.92,"N"
"6008",49.7511,73.67351,298.71,0.47,0.64,"2026-07-09",2225,"N20","nominal","2.0NRT",287.02,1.27,"N"
"6009",52.41781,62.82919,305.62,0.46,0.39,"2026-07-09",2225,"N20","nominal","2.0NRT",289.75,1.06,"N"
"6010",52.41436,62.82729,315.6,0.46,0.39,"2026-07-09",2225,"N20","nominal","2.0NRT",290.43,1.56,"N"
"6011",52.41091,62.82537,305.94,0.46,0.39,"2026-07-09",2225,"N20","nominal","2.0NRT",290.71,1.56,"N"
"6012",54.28817,41.81185,323.11,0.41,0.61,"2026-07-09",2225,"N20","nominal","2.0NRT",284.43,1.54,"N"
"6013",54.28518,41.8072,303.94,0.41,0.61,"2026-07-09",2227,"N20","nominal","2.0NRT",284.06,1.26,"N"
"6014",54.28506,41.8136,312.87,0.41,0.61,"2026-07-09",2227,"N20","nominal","2.0NRT",284.22,1.26,"N"
"6015",53.87339,45.8567,301.29,0.55,0.51,"2026-07-09",2227,"N20","nominal","2.0NRT",287.41,0.8,"N"
"6016",53.24614,52.88252,296.4,0.45,0.39,"2026-07-09",2227,"N20","nominal","2.0NRT",286.24,0.4,"N"
"6017",53.48801,49.4847,302.54,0.39,0.44,"2026-07-09",2227,"N20","nominal","2.0NRT",289.64,0.58,"N"
"6018",53.19157,51.00018,317.93,0.52,0.41,"2026-07-09",2227,"N20","nominal","2.0NRT",287.82,2.07,"N"
"6019",53.03878,52.41351,299.75,0.47,0.39,"2026-07-09",2227,"N20","nominal","2.0NRT",287.56,1.17,"N"
"6020",53.07636,51.22926,308.84,0.51,0.41,"2026-07-09",2227,"N20","nominal","2.0NRT",287.32,0.69,"N"
"6021",52.92617,51.41905,316.88,0.5,0.41,"2026-07-09",2227,"N20","nominal","2.0NRT",286,2.26,"N"
"6022",52.87654,51.22846,307.25,0.51,0.41,"2026-07-09",2227,"N20","nominal","2.0NRT",285.61,1.07,"N"
"6023",52.55749,52.38631,308.12,0.46,0.39,"2026-07-09",2227,"N20","nominal","2.0NRT",286.69,1.17,"N"
"6024",52.55664,52.387,308.49,0.46,0.39,"2026-07-09",2227,"N20","nominal","2.0NRT",286.31,0.49,"N"
"6025",52.73707,50.18551,299.03,0.55,0.43,"2026-07-09",2227,"N20","nominal","2.0NRT",286.67,0.85,"N"
"6026",52.55759,51.66845,300.43,0.49,0.4,"2026-07-09",2227,"N20","nominal","2.0NRT",286.23,0.8,"N"
"6027",48.75339,70.07895,303.66,0.36,0.58,"2026-07-09",2227,"N20","nominal","2.0NRT",288.65,0.6,"N"
"6028",48.73206,70.09179,314.23,0.36,0.58,"2026-07-09",2227,"N20","nominal","2.0NRT",291.19,1.13,"N"
"6029",48.7272,70.0885,305.87,0.36,0.58,"2026-07-09",2227,"N20","nominal","2.0NRT",290.15,1.13,"N"
"6030",49.02857,68.62206,303.22,0.62,0.54,"2026-07-09",2227,"N20","nominal","2.0NRT",289.6,0.35,"N"
"6031",52.22372,51.83421,305.83,0.48,0.4,"2026-07-09",2227,"N20","nominal","2.0NRT",284.25,0.28,"N"
"6032",46.83477,74.95004,305.57,0.67,0.74,"2026-07-09",2227,"N20","nominal","2.0NRT",290.23,1.38,"N"
"6033",46.82553,74.93304,307.2,0.67,0.74,"2026-07-09",2227,"N20","nominal","2.0NRT",290.43,1.88,"N"
"6034",52.15823,50.96132,308.25,0.51,0.41,"2026-07-09",2227,"N20","nominal","2.0NRT",288.28,1.3,"N"
"6035",46.82354,74.92869,301.91,0.67,0.74,"2026-07-09",2227,"N20","nominal","2.0NRT",289.9,1.64,"N"
"6036",52.01619,51.68897,300.19,0.48,0.4,"2026-07-09",2227,"N20","nominal","2.0NRT",288.99,0.56,"N"
"6037",52.01915,51.14964,321.3,0.5,0.41,"2026-07-09",2227,"N20","nominal","2.0NRT",286.44,2.65,"N"
"6038",51.81457,52.55081,328.15,0.45,0.39,"2026-07-09",2227,"N20","nominal","2.0NRT",283.29,2.87,"N"
"6039",51.84546,49.9061,304.11,0.55,0.43,"2026-07-09",2227,"N20","nominal","2.0NRT",290.12,0.74,"N"
"6040",51.84576,49.90796,300.35,0.55,0.42,"2026-07-09",2227,"N20","nominal","2.0NRT",289.56,0.83,"N"
"6041",51.95005,47.77253,306.6,0.44,0.46,"2026-07-09",2227,"N20","nominal","2.0NRT",292.99,1.14,"N"
"6042",51.94627,47.76516,302.86,0.44,0.46,"2026-07-09",2227,"N20","nominal","2.0NRT",291.05,1.47,"N"
"6043",51.44197,45.93875,301.69,0.52,0.5,"2026-07-09",2227,"N20","nominal","2.0NRT",289.81,0.34,"N"
"6044",51.44212,44.92533,300.55,0.58,0.52,"2026-07-09",2227,"N20","nominal","2.0NRT",288.96,0.74,"N"
"6045",47.76994,67.74393,337.58,0.62,0.54,"2026-07-09",2227,"N20","nominal","2.0NRT",291.68,10.28,"N"
"6046",47.7678,67.75167,331.84,0.62,0.54,"2026-07-09",2227,"N20","nominal","2.0NRT",292.38,10.28,"N"
"6047",51.01141,45.66985,320.95,0.53,0.5,"2026-07-09",2227,"N20","nominal","2.0NRT",290.06,2.08,"N"
"6048",50.91109,44.53008,305.21,0.59,0.53,"2026-07-09",2227,"N20","nominal","2.0NRT",284.74,0.52,"N"
"6049",50.07073,45.62604,311.02,0.52,0.5,"2026-07-09",2227,"N20","nominal","2.0NRT",287.69,0.94,"N"
"6050",50.14912,39.68146,299.29,0.48,0.65,"2026-07-09",2227,"N20","nominal","2.0NRT",280.69,1.83,"N"
"6051",46.13613,65.01441,306.37,0.52,0.5,"2026-07-09",2227,"N20","nominal","2.0NRT",292.92,1.1,"N"
"6052",46.13572,65.01408,304.43,0.52,0.5,"2026-07-09",2227,"N20","nominal","2.0NRT",292.77,0.88,"N"
"6053",48.57305,44.37199,300.35,0.58,0.52,"2026-07-09",2227,"N20","nominal","2.0NRT",289.13,0.53,"N"
"6054",48.50506,44.63054,309.11,0.56,0.51,"2026-07-09",2227,"N20","nominal","2.0NRT",293.35,1.87,"N"
"6055",48.47513,44.64943,314.22,0.56,0.51,"2026-07-09",2227,"N20","nominal","2.0NRT",292.34,2.57,"N"
"6056",48.5034,39.52553,299.2,0.48,0.65,"2026-07-09",2227,"N20","nominal","2.0NRT",284.67,1,"N"
"6057",43.6007,69.82874,303.47,0.51,0.66,"2026-07-09",2227,"N20","nominal","2.0NRT",291.14,0.9,"N"
"6058",47.57603,42.50413,301.59,0.35,0.56,"2026-07-09",2227,"N20","nominal","2.0NRT",289.17,0.58,"N"
"6059",47.57579,42.50388,301.47,0.35,0.56,"2026-07-09",2227,"N20","nominal","2.0NRT",289.36,0.36,"N"
"6060",46.15728,53.41027,304.13,0.39,0.36,"2026-07-09",2227,"N20","nominal","2.0NRT",293.68,0.87,"N"
"6061",46.77811,48.12565,306.11,0.56,0.43,"2026-07-09",2227,"N20","nominal","2.0NRT",290.6,1.87,"N"
"6062",46.77346,48.13223,309.77,0.56,0.43,"2026-07-09",2227,"N20","nominal","2.0NRT",290.28,1.44,"N"
"6063",46.13456,53.37728,312.43,0.39,0.36,"2026-07-09",2227,"N20","nominal","2.0NRT",293.32,1.36,"N"
"6064",42.31121,69.54171,325.03,0.55,0.68,"2026-07-09",2227,"N20","nominal","2.0NRT",295.19,3.26,"N"
"6065",47.14565,39.70438,302.47,0.47,0.64,"2026-07-09",2227,"N20","nominal","2.0NRT",284.91,1.74,"N"
"6066",42.31333,69.53918,314.78,0.55,0.68,"2026-07-09",2227,"N20","nominal","2.0NRT",292.97,2.26,"N"
"6067",42.31143,69.54521,308.18,0.55,0.68,"2026-07-09",2227,"N20","nominal","2.0NRT",294.55,2.45,"N"
"6068",42.42633,68.78143,306.07,0.5,0.66,"2026-07-09",2227,"N20","nominal","2.0NRT",294.78,0.97,"N"
"6069",42.37881,68.80756,313.06,0.5,0.66,"2026-07-09",2227,"N20","nominal","2.0NRT",295.26,1.17,"N"
"6070",45.22775,53.66967,317.87,0.39,0.36,"2026-07-09",2229,"N20","nominal","2.0NRT",291.74,2.1,"N"
"6071",41.09742,69.48328,307.94,0.59,0.7,"2026-07-09",2229,"N20","nominal","2.0NRT",293.72,2.54,"N"
"6072",41.09379,69.48743,313.89,0.59,0.7,"2026-07-09",2229,"N20","nominal","2.0NRT",294.26,2.67,"N"
"6073",45.0031,48.47965,339.93,0.52,0.42,"2026-07-09",2229,"N20","nominal","2.0NRT",295.29,20.16,"N"
"6074",45.00436,48.48045,323.52,0.52,0.42,"2026-07-09",2229,"N20","nominal","2.0NRT",294.02,11.37,"N"
"6075",45.00055,48.47964,335.02,0.52,0.42,"2026-07-09",2229,"N20","nominal","2.0NRT",294.75,11.37,"N"
"6076",44.91691,48.96238,306.55,0.5,0.41,"2026-07-09",2229,"N20","nominal","2.0NRT",293.48,0.72,"N"
"6077",44.91319,48.96156,321.82,0.5,0.41,"2026-07-09",2229,"N20","nominal","2.0NRT",293.91,1.5,"N"
"6078",44.91389,48.95527,307.57,0.5,0.41,"2026-07-09",2229,"N20","nominal","2.0NRT",293.53,1.5,"N"
"6079",45.44657,40.51315,306.6,0.42,0.61,"2026-07-09",2229,"N20","nominal","2.0NRT",289.27,0.9,"N"
"6080",45.44412,40.51281,304.65,0.42,0.61,"2026-07-09",2229,"N20","nominal","2.0NRT",289.77,0.63,"N"
"6081",45.0086,45.12741,313.98,0.49,0.49,"2026-07-09",2229,"N20","nominal","2.0NRT",291.34,1.57,"N"
"6082",44.91278,45.28801,309.38,0.48,0.48,"2026-07-09",2229,"N20","nominal","2.0NRT",292.23,0.68,"N"
"6083",41.50688,64.5442,316.24,0.33,0.55,"2026-07-09",2229,"N20","nominal","2.0NRT",296.85,2.51,"N"
"6084",40.48586,67.97019,310.4,0.52,0.67,"2026-07-09",2229,"N20","nominal","2.0NRT",292.36,1.76,"N"
"6085",44.88512,38.11367,300.46,0.54,0.68,"2026-07-09",2229,"N20","nominal","2.0NRT",287.26,1.19,"N"
"6086",44.8886,38.11539,300.36,0.54,0.68,"2026-07-09",2229,"N20","nominal","2.0NRT",287.67,0.43,"N"
"6087",40.01611,68.4442,307.82,0.57,0.69,"2026-07-09",2229,"N20","nominal","2.0NRT",292.55,2.06,"N"
"6088",42.37206,58.80984,306.11,0.51,0.41,"2026-07-09",2229,"N20","nominal","2.0NRT",296.09,1.31,"N"
"6089",42.04794,59.94654,309.19,0.39,0.44,"2026-07-09",2229,"N20","nominal","2.0NRT",295.71,1.21,"N"
"6090",41.91926,60.00664,304.59,0.39,0.44,"2026-07-09",2229,"N20","nominal","2.0NRT",293.49,0.6,"N"
"6091",43.94619,46.76242,300.86,0.4,0.44,"2026-07-09",2229,"N20","nominal","2.0NRT",290.76,0.32,"N"
"6092",41.85941,59.9139,311.57,0.39,0.44,"2026-07-09",2229,"N20","nominal","2.0NRT",294.73,0.86,"N"
"6093",44.12795,42.01006,321.78,0.34,0.56,"2026-07-09",2229,"N20","nominal","2.0NRT",293.13,1.88,"N"
"6094",44.12742,42.00837,307.66,0.34,0.56,"2026-07-09",2229,"N20","nominal","2.0NRT",289.73,1.54,"N"
"6095",44.12718,42.01277,305.42,0.34,0.56,"2026-07-09",2229,"N20","nominal","2.0NRT",291.23,1.44,"N"
"6096",41.70649,59.8632,304.76,0.39,0.44,"2026-07-09",2229,"N20","nominal","2.0NRT",294.16,0.58,"N"
"6097",43.43556,45.45131,328.62,0.45,0.47,"2026-07-09",2229,"N20","nominal","2.0NRT",290.95,1.98,"N"
"6098",43.2962,45.62906,305.87,0.44,0.46,"2026-07-09",2229,"N20","nominal","2.0NRT",290.98,0.89,"N"
"6099",43.19526,46.29137,300.19,0.41,0.45,"2026-07-09",2229,"N20","nominal","2.0NRT",289.89,0.47,"N"
"6100",43.08007,45.75928,309.28,0.44,0.46,"2026-07-09",2229,"N20","nominal","2.0NRT",290.65,1.52,"N"
"6101",43.07582,45.75872,310.44,0.44,0.46,"2026-07-09",2229,"N20","nominal","2.0NRT",290.79,1.52,"N"
"6102",38.68475,65.98824,312.22,0.47,0.64,"2026-07-09",2229,"N20","nominal","2.0NRT",295.51,1.32,"N"
"6103",39.39841,63.2678,342.7,0.32,0.55,"2026-07-09",2229,"N20","nominal","2.0NRT",297.23,2.74,"N"
"6104",38.94376,64.79142,333.65,0.4,0.6,"2026-07-09",2229,"N20","nominal","2.0NRT",296.15,3.42,"N"
"6105",38.9423,64.79306,345,0.4,0.6,"2026-07-09",2229,"N20","nominal","2.0NRT",297.65,3.68,"N"
"6106",39.25197,63.21344,306.91,0.33,0.55,"2026-07-09",2229,"N20","nominal","2.0NRT",295.58,0.82,"N"
"6107",39.25196,63.21301,308.61,0.33,0.55,"2026-07-09",2229,"N20","nominal","2.0NRT",294.91,0.88,"N"
"6108",39.28328,63.04846,308.29,0.32,0.54,"2026-07-09",2229,"N20","nominal","2.0NRT",294.99,0.63,"N"
"6109",39.15879,63.46991,307.93,0.34,0.56,"2026-07-09",2229,"N20","nominal","2.0NRT",295.05,0.87,"N"
"6110",39.17878,63.35111,305.72,0.33,0.55,"2026-07-09",2229,"N20","nominal","2.0NRT",294.25,0.6,"N"
"6111",38.94302,64.1386,309.87,0.37,0.58,"2026-07-09",2229,"N20","nominal","2.0NRT",297.8,1.36,"N"
"6112",39.17147,63.25469,316.46,0.33,0.55,"2026-07-09",2229,"N20","nominal","2.0NRT",295.56,1.43,"N"
"6113",39.17053,63.25832,306.6,0.33,0.55,"2026-07-09",2229,"N20","nominal","2.0NRT",295.52,0.93,"N"
"6114",39.16473,63.25989,306.68,0.33,0.55,"2026-07-09",2229,"N20","nominal","2.0NRT",294.61,0.93,"N"
"6115",39.13315,63.36008,307.1,0.33,0.56,"2026-07-09",2229,"N20","nominal","2.0NRT",294.83,0.55,"N"
"6116",38.4668,65.78434,308.96,0.46,0.64,"2026-07-09",2229,"N20","nominal","2.0NRT",298.47,2.41,"N"
"6117",38.45407,65.80674,306.78,0.47,0.64,"2026-07-09",2229,"N20","nominal","2.0NRT",295.58,1.4,"N"
"6118",39.08535,63.47972,305.7,0.34,0.56,"2026-07-09",2229,"N20","nominal","2.0NRT",293.5,0.3,"N"
"6119",39.11753,63.33706,317.04,0.33,0.55,"2026-07-09",2229,"N20","nominal","2.0NRT",296.83,1.5,"N"
"6120",38.91877,63.74601,310.42,0.35,0.57,"2026-07-09",2229,"N20","nominal","2.0NRT",295.35,1.11,"N"
"6121",38.97577,63.46886,311.01,0.34,0.56,"2026-07-09",2229,"N20","nominal","2.0NRT",296.27,0.74,"N"
"6122",39.15878,62.59112,312.6,0.61,0.53,"2026-07-09",2229,"N20","nominal","2.0NRT",296.34,1.89,"N"
"6123",38.83676,63.81948,310.43,0.36,0.57,"2026-07-09",2229,"N20","nominal","2.0NRT",295.06,0.9,"N"
"6124",38.50624,64.04485,314.05,0.38,0.58,"2026-07-09",2229,"N20","nominal","2.0NRT",294.54,1.02,"N"
"6125",40.07137,52.81623,301.03,0.38,0.36,"2026-07-09",2229,"N20","nominal","2.0NRT",290.93,0.37,"N"
"6126",40.03282,52.94967,312.11,0.38,0.36,"2026-07-09",2229,"N20","nominal","2.0NRT",293.71,1.72,"N"
"6127",37.79701,62.55189,317.89,0.33,0.55,"2026-07-09",2229,"N20","nominal","2.0NRT",297.07,1.82,"N"
"6128",37.79005,62.53726,311.39,0.33,0.55,"2026-07-09",2229,"N20","nominal","2.0NRT",295.51,1.02,"N"
"6129",40.03118,51.34981,313.61,0.39,0.36,"2026-07-09",2229,"N20","nominal","2.0NRT",293.75,0.9,"N"
"6130",40.25146,49.44813,311.9,0.43,0.38,"2026-07-09",2229,"N20","nominal","2.0NRT",293.34,1.41,"N"
"6131",40.25062,49.44625,309.4,0.43,0.38,"2026-07-09",2229,"N20","nominal","2.0NRT",292.91,1.47,"N"
"6132",40.22162,49.55799,308.47,0.43,0.38,"2026-07-09",2229,"N20","nominal","2.0NRT",293.17,1.19,"N"
"6133",39.10013,56.34217,312.42,0.46,0.39,"2026-07-09",2229,"N20","nominal","2.0NRT",292.41,3.61,"N"
"6134",37.72788,62.09431,304.77,0.62,0.54,"2026-07-09",2229,"N20","nominal","2.0NRT",294.57,2,"N"
"6135",37.66272,62.24027,307.39,0.32,0.54,"2026-07-09",2229,"N20","nominal","2.0NRT",294.5,1.82,"N"
"6136",37.71746,61.85651,305.99,0.6,0.53,"2026-07-09",2229,"N20","nominal","2.0NRT",294.59,1.03,"N"
"6137",37.71277,61.85464,310.06,0.6,0.53,"2026-07-09",2229,"N20","nominal","2.0NRT",294.31,1.61,"N"
"6138",37.65583,61.90442,308.07,0.61,0.53,"2026-07-09",2229,"N20","nominal","2.0NRT",295.81,2.62,"N"
"6139",38.80379,56.72698,318.83,0.49,0.4,"2026-07-09",2229,"N20","nominal","2.0NRT",296.45,2.92,"N"
"6140",38.79659,56.72462,324.48,0.49,0.4,"2026-07-09",2229,"N20","nominal","2.0NRT",296.73,4.31,"N"
"6141",37.56626,61.97164,306.72,0.62,0.54,"2026-07-09",2229,"N20","nominal","2.0NRT",293.52,1.3,"N"
"6142",37.56457,61.97833,306.65,0.62,0.54,"2026-07-09",2229,"N20","nominal","2.0NRT",295.41,1.3,"N"
"6143",39.47681,52.6898,307.34,0.38,0.36,"2026-07-09",2229,"N20","nominal","2.0NRT",290.72,1.28,"N"
"6144",39.47253,52.71627,305.89,0.38,0.36,"2026-07-09",2229,"N20","nominal","2.0NRT",290.46,0.8,"N"
"6145",39.47182,52.72069,301.65,0.38,0.36,"2026-07-09",2229,"N20","nominal","2.0NRT",291.61,0.8,"N"
"6146",37.61375,61.57936,309.82,0.59,0.53,"2026-07-09",2229,"N20","nominal","2.0NRT",297.01,2.14,"N"
"6147",37.59831,61.55935,307.52,0.59,0.53,"2026-07-09",2229,"N20","nominal","2.0NRT",295.72,1.74,"N"
"6148",37.59687,61.52392,309.92,0.59,0.52,"2026-07-09",2229,"N20","nominal","2.0NRT",294.53,1.36,"N"
"6149",37.59068,61.52847,308.57,0.59,0.53,"2026-07-09",2229,"N20","nominal","2.0NRT",294.88,1.7,"N"
"6150",37.4958,61.84757,312.98,0.61,0.54,"2026-07-09",2229,"N20","nominal","2.0NRT",298.3,3.44,"N"
"6151",38.25635,58.38994,317.75,0.39,0.44,"2026-07-09",2229,"N20","nominal","2.0NRT",298.83,2.52,"N"
"6152",40.25224,44.7137,298.35,0.46,0.47,"2026-07-09",2229,"N20","nominal","2.0NRT",286.8,0.31,"N"
"6153",38.1492,58.39146,307.96,0.39,0.44,"2026-07-09",2229,"N20","nominal","2.0NRT",297.06,0.91,"N"
"6154",38.14827,58.39582,309.9,0.39,0.44,"2026-07-09",2229,"N20","nominal","2.0NRT",297.24,0.91,"N"
"6155",37.63494,60.3405,309.65,0.51,0.49,"2026-07-09",2229,"N20","nominal","2.0NRT",294.19,1.48,"N"
"6156",37.11937,62.36287,323.84,0.33,0.56,"2026-07-09",2229,"N20","nominal","2.0NRT",295.61,2.23,"N"
"6157",37.11845,62.36644,313.78,0.33,0.56,"2026-07-09",2229,"N20","nominal","2.0NRT",295.49,2.23,"N"
"6158",37.11357,62.36448,329.24,0.33,0.56,"2026-07-09",2229,"N20","nominal","2.0NRT",297.57,2.37,"N"
"6159",37.11999,62.36551,335.59,0.33,0.56,"2026-07-09",2229,"N20","nominal","2.0NRT",297.03,1.77,"N"
"6160",37.11511,62.36353,307.15,0.33,0.56,"2026-07-09",2229,"N20","nominal","2.0NRT",296.12,1.77,"N"
"6161",37.1142,62.36714,318.71,0.33,0.56,"2026-07-09",2229,"N20","nominal","2.0NRT",296.69,1.77,"N"
"6162",38.05684,58.16732,310.51,0.39,0.44,"2026-07-09",2229,"N20","nominal","2.0NRT",297.45,2.01,"N"
"6163",37.90389,58.79497,311.15,0.42,0.45,"2026-07-09",2229,"N20","nominal","2.0NRT",295.89,1.68,"N"
"6164",37.90288,58.79957,315.95,0.42,0.45,"2026-07-09",2229,"N20","nominal","2.0NRT",296.57,1.84,"N"
"6165",37.03621,62.41923,316.25,0.34,0.56,"2026-07-09",2229,"N20","nominal","2.0NRT",296.78,2.43,"N"
"6166",37.0313,62.41727,317.89,0.34,0.56,"2026-07-09",2229,"N20","nominal","2.0NRT",296.58,3.1,"N"
"6167",37.03036,62.4209,307.51,0.34,0.56,"2026-07-09",2229,"N20","nominal","2.0NRT",296.85,3.1,"N"
"6168",37.94162,58.56415,318.42,0.4,0.45,"2026-07-09",2229,"N20","nominal","2.0NRT",298.37,1.5,"N"
"6169",37.32908,61.08595,303.57,0.56,0.52,"2026-07-09",2229,"N20","nominal","2.0NRT",293.43,0.67,"N"
"6170",38.68026,54.31618,301.98,0.41,0.37,"2026-07-09",2229,"N20","nominal","2.0NRT",281.9,1.34,"N"
"6171",38.64756,54.28256,315.04,0.41,0.37,"2026-07-09",2229,"N20","nominal","2.0NRT",287.57,1.16,"N"
"6172",37.82701,58.38523,312.54,0.4,0.44,"2026-07-09",2229,"N20","nominal","2.0NRT",296.46,1.63,"N"
"6173",37.32671,60.1692,309.92,0.5,0.49,"2026-07-09",2229,"N20","nominal","2.0NRT",293.26,1.36,"N"
"6174",37.48678,59.44337,329.58,0.46,0.47,"2026-07-09",2229,"N20","nominal","2.0NRT",292.98,2.26,"N"
"6175",37.48563,59.44836,310.84,0.46,0.47,"2026-07-09",2229,"N20","nominal","2.0NRT",293.86,2.26,"N"
"6176",37.32346,60.17181,305.54,0.5,0.49,"2026-07-09",2229,"N20","nominal","2.0NRT",293.74,0.81,"N"
"6177",37.48371,59.4451,335.11,0.46,0.47,"2026-07-09",2229,"N20","nominal","2.0NRT",293.77,4.11,"N"
"6178",37.21795,60.02456,305.5,0.5,0.49,"2026-07-09",2229,"N20","nominal","2.0NRT",294.92,1.09,"N"
"6179",39.58375,43.90257,296.31,0.5,0.49,"2026-07-09",2229,"N20","nominal","2.0NRT",284.27,0.96,"N"
"6180",35.73328,63.14364,299.86,0.4,0.6,"2026-07-09",2229,"N20","nominal","2.0NRT",289.85,0.45,"N"
"6181",36.23694,59.73186,303.21,0.51,0.49,"2026-07-09",2231,"N20","nominal","2.0NRT",292.2,1.13,"N"
"6182",36.74672,57.11797,314.66,0.55,0.42,"2026-07-09",2231,"N20","nominal","2.0NRT",290.73,2.03,"N"
"6183",35.92472,57.83212,304.63,0.41,0.45,"2026-07-09",2231,"N20","nominal","2.0NRT",292.61,0.48,"N"
"6184",35.5172,59.1992,298.83,0.49,0.49,"2026-07-09",2231,"N20","nominal","2.0NRT",287.24,0.42,"N"
"6185",35.36829,59.30472,304.62,0.5,0.49,"2026-07-09",2231,"N20","nominal","2.0NRT",292.14,0.59,"N"
"6186",36.32176,54.18629,304.44,0.43,0.38,"2026-07-09",2231,"N20","nominal","2.0NRT",292.13,0.47,"N"
"6187",37.42019,46.04465,311.73,0.55,0.42,"2026-07-09",2231,"N20","nominal","2.0NRT",293.56,1.93,"N"
"6188",37.42797,46.0078,304.5,0.55,0.43,"2026-07-09",2231,"N20","nominal","2.0NRT",292.56,1.67,"N"
"6189",37.41994,46.04427,312.19,0.55,0.42,"2026-07-09",2231,"N20","nominal","2.0NRT",293.05,2.01,"N"
"6190",37.09874,47.90448,308.68,0.45,0.39,"2026-07-09",2231,"N20","nominal","2.0NRT",293.08,0.91,"N"
"6191",37.09647,47.90281,305.89,0.45,0.39,"2026-07-09",2231,"N20","nominal","2.0NRT",292.51,0.93,"N"
"6192",35.11885,58.63206,308.1,0.47,0.48,"2026-07-09",2231,"N20","nominal","2.0NRT",293.99,1.78,"N"
"6193",35.11775,58.63694,310.67,0.47,0.48,"2026-07-09",2231,"N20","nominal","2.0NRT",296.08,1.78,"N"
"6194",37.67728,39.28568,318.73,0.42,0.61,"2026-07-09",2231,"N20","nominal","2.0NRT",291.15,1.51,"N"
"6195",37.49402,39.32017,330.87,0.42,0.61,"2026-07-09",2231,"N20","nominal","2.0NRT",291.34,11.27,"N"
"6196",37.49377,39.32505,352.4,0.42,0.61,"2026-07-09",2231,"N20","nominal","2.0NRT",295.54,11.27,"N"
"6197",37.42359,39.58955,303.2,0.41,0.6,"2026-07-09",2231,"N20","nominal","2.0NRT",291.86,0.53,"N"
"6198",37.42334,39.59438,304.29,0.41,0.6,"2026-07-09",2231,"N20","nominal","2.0NRT",291.96,0.53,"N"
"6199",36.56419,48.80466,322.44,0.42,0.38,"2026-07-09",2231,"N20","nominal","2.0NRT",291.18,2.3,"N"
"6200",37.42457,39.59398,305.15,0.41,0.6,"2026-07-09",2231,"N20","nominal","2.0NRT",291.93,0.81,"N"
"6201",37.21162,42.43857,321.89,0.56,0.51,"2026-07-09",2231,"N20","nominal","2.0NRT",294.01,3.46,"N"
"6202",37.34291,39.65432,308.3,0.4,0.6,"2026-07-09",2231,"N20","nominal","2.0NRT",290.81,1.74,"N"
"6203",37.34267,39.65889,309.7,0.4,0.6,"2026-07-09",2231,"N20","nominal","2.0NRT",291.37,1.94,"N"
"6204",35.82147,52.80709,305.94,0.4,0.37,"2026-07-09",2231,"N20","nominal","2.0NRT",290.8,0.77,"N"
"6205",35.63805,53.47844,325.56,0.41,0.37,"2026-07-09",2231,"N20","nominal","2.0NRT",298.89,2.88,"N"
"6206",37.27861,38.72893,304.93,0.45,0.63,"2026-07-09",2231,"N20","nominal","2.0NRT",293.81,1.16,"N"
"6207",36.15479,50.28227,309.73,0.39,0.36,"2026-07-09",2231,"N20","nominal","2.0NRT",294.91,1.48,"N"
"6208",37.17993,39.90533,313.09,0.39,0.59,"2026-07-09",2231,"N20","nominal","2.0NRT",293.36,0.65,"N"
"6209",37.17898,39.90689,306.37,0.39,0.59,"2026-07-09",2231,"N20","nominal","2.0NRT",293.3,0.79,"N"
"6210",36.89117,43.42868,328.43,0.49,0.49,"2026-07-09",2231,"N20","nominal","2.0NRT",292.17,3.43,"N"
"6211",37.13907,39.83593,332.76,0.39,0.59,"2026-07-09",2231,"N20","nominal","2.0NRT",294.03,5.29,"N"
"6212",36.87228,43.48859,311.19,0.49,0.48,"2026-07-09",2231,"N20","nominal","2.0NRT",295.71,2.03,"N"
"6213",37.13358,39.83535,367,0.39,0.59,"2026-07-09",2231,"N20","high","2.0NRT",293.4,5.29,"N"
"6214",37.13333,39.83974,320.14,0.39,0.59,"2026-07-09",2231,"N20","nominal","2.0NRT",294.02,6.6,"N"
"6215",36.86773,43.4892,332.2,0.49,0.48,"2026-07-09",2231,"N20","nominal","2.0NRT",295.42,2.03,"N"
"6216",37.15037,39.09518,332.03,0.43,0.62,"2026-07-09",2231,"N20","nominal","2.0NRT",296.48,3.37,"N"
"6217",36.9645,42.08029,306.28,0.58,0.52,"2026-07-09",2231,"N20","nominal","2.0NRT",292.09,0.61,"N"
"6218",36.94605,42.13149,322.08,0.58,0.52,"2026-07-09",2231,"N20","nominal","2.0NRT",295.83,4.42,"N"
"6219",36.94315,42.1702,310.82,0.58,0.52,"2026-07-09",2231,"N20","nominal","2.0NRT",296.1,1.43,"N"
"6220",36.94693,42.13187,321,0.58,0.52,"2026-07-09",2231,"N20","nominal","2.0NRT",295.77,3.11,"N"
"6221",36.94379,42.17051,308.27,0.58,0.52,"2026-07-09",2231,"N20","nominal","2.0NRT",295.62,1.32,"N"
"6222",37.02637,40.57073,334.73,0.35,0.57,"2026-07-09",2231,"N20","nominal","2.0NRT",292.9,1.98,"N"
"6223",37.0261,40.57475,310.18,0.35,0.57,"2026-07-09",2231,"N20","nominal","2.0NRT",293.3,1.98,"N"
"6224",37.10218,39.10912,305.03,0.43,0.62,"2026-07-09",2231,"N20","nominal","2.0NRT",293.05,1.37,"N"
"6225",37.08239,38.93351,303.55,0.44,0.62,"2026-07-09",2231,"N20","nominal","2.0NRT",293.07,1.15,"N"
"6226",36.77568,43.32547,340.86,0.5,0.49,"2026-07-09",2231,"N20","nominal","2.0NRT",298.52,9.76,"N"
"6227",37.07688,38.92797,310.83,0.44,0.62,"2026-07-09",2231,"N20","nominal","2.0NRT",293.8,1.15,"N"
"6228",36.74712,43.49579,309.34,0.48,0.48,"2026-07-09",2231,"N20","nominal","2.0NRT",294.88,1.58,"N"
"6229",63.8743,175.62282,326,0.55,0.42,"2026-07-09",2350,"N20","nominal","2.0NRT",294.85,2.97,"D"
