"","latitude","longitude","bright_ti4","scan","track","acq_date","acq_time","satellite","confidence","version","bright_ti5","frp","daynight"
"1",54.61379,160.31407,341.15,0.48,0.65,"2026-09-20",39,"N20","nominal","2.0NRT",293.58,4.92,"D"
"2",54.61629,160.30144,367,0.48,0.65,"2026-09-20",39,"N20","high","2.0NRT",300.16,30.16,"D"
"3",54.6149,160.29755,367,0.48,0.65,"2026-09-20",39,"N20","high","2.0NRT",299.1,34.92,"D"
"4",54.60993,160.28363,367,0.48,0.65,"2026-09-20",39,"N20","high","2.0NRT",290.51,14.29,"D"
"5",54.61538,160.3046,367,0.48,0.65,"2026-09-20",39,"N20","high","2.0NRT",300.14,30.88,"D"
"6",54.61399,160.30078,367,0.48,0.65,"2026-09-20",39,"N20","high","2.0NRT",305.3,56.13,"D"
"7",46.76892,33.54047,299.18,0.49,0.65,"2026-09-20",100,"N20","nominal","2.0NRT",280.32,0.7,"N"
"8",46.74449,33.389,330.24,0.48,0.65,"2026-09-20",100,"N20","nominal","2.0NRT",282.17,5.57,"N"
"9",46.74261,33.39481,330.94,0.48,0.65,"2026-09-20",100,"N20","nominal","2.0NRT",283.09,5.7,"N"
"10",46.27429,34.76353,305.07,0.57,0.69,"2026-09-20",100,"N20","nominal","2.0NRT",282.65,1.91,"N"
"11",59.15096,37.869,321.1,0.52,0.5,"2026-09-20",56,"N20","nominal","2.0NRT",283.38,2.04,"N"
"12",59.14857,37.87704,296.6,0.52,0.5,"2026-09-20",56,"N20","nominal","2.0NRT",283.7,2.04,"N"
"13",59.14928,37.85658,297.45,0.52,0.5,"2026-09-20",56,"N20","nominal","2.0NRT",282.73,1.54,"N"
"14",46.07952,32.50121,296.99,0.47,0.64,"2026-09-20",100,"N20","nominal","2.0NRT",283.39,0.18,"N"
"15",59.14692,37.86456,317.94,0.52,0.5,"2026-09-20",56,"N20","nominal","2.0NRT",281.85,1.87,"N"
"16",59.14456,37.87254,296.07,0.52,0.5,"2026-09-20",56,"N20","nominal","2.0NRT",281.48,1.87,"N"
"17",59.14996,37.83621,310.1,0.52,0.5,"2026-09-20",56,"N20","nominal","2.0NRT",284.5,2.14,"N"
"18",59.14526,37.85212,300.48,0.52,0.5,"2026-09-20",56,"N20","nominal","2.0NRT",282.62,1.54,"N"
"19",59.14425,37.81944,324.51,0.52,0.5,"2026-09-20",56,"N20","nominal","2.0NRT",281.98,3.71,"N"
"20",59.14022,37.81502,313.05,0.52,0.5,"2026-09-20",56,"N20","nominal","2.0NRT",281.6,1.83,"N"
"21",59.12745,37.82209,295.99,0.52,0.5,"2026-09-20",56,"N20","nominal","2.0NRT",283.12,0.67,"N"
"22",59.13053,37.7937,329.41,0.52,0.5,"2026-09-20",56,"N20","nominal","2.0NRT",283.77,3.57,"N"
"23",59.13289,37.78576,306.12,0.52,0.5,"2026-09-20",56,"N20","nominal","2.0NRT",281.84,3.57,"N"
"24",59.13193,37.78809,339.09,0.52,0.5,"2026-09-20",56,"N20","nominal","2.0NRT",283.34,4.16,"N"
"25",57.5518,39.75812,300.16,0.34,0.56,"2026-09-20",56,"N20","nominal","2.0NRT",281.86,0.7,"N"
"26",57.53326,39.77716,305.21,0.34,0.56,"2026-09-20",56,"N20","nominal","2.0NRT",280.6,0.81,"N"
"27",44.77528,33.85715,301.35,0.59,0.7,"2026-09-20",100,"N20","nominal","2.0NRT",283.12,1,"N"
"28",55.4859,38.14882,352.32,0.36,0.58,"2026-09-20",58,"N20","nominal","2.0NRT",278.49,20.61,"N"
"29",44.77335,33.85693,301.84,0.59,0.7,"2026-09-20",100,"N20","nominal","2.0NRT",283.15,1.2,"N"
"30",55.48422,38.15396,338.15,0.36,0.58,"2026-09-20",58,"N20","nominal","2.0NRT",294.27,14.54,"N"
"31",45.25986,31.67278,354.12,0.45,0.63,"2026-09-20",100,"N20","nominal","2.0NRT",289.85,6.47,"N"
"32",55.48254,38.15908,297.15,0.36,0.58,"2026-09-20",58,"N20","nominal","2.0NRT",280.92,14.54,"N"
"33",55.46931,38.10527,313.2,0.36,0.58,"2026-09-20",58,"N20","nominal","2.0NRT",279.02,1.05,"N"
"34",55.46462,38.1018,317.55,0.36,0.58,"2026-09-20",58,"N20","nominal","2.0NRT",278.53,1.25,"N"
"35",45.25874,31.67409,348.2,0.45,0.63,"2026-09-20",100,"N20","nominal","2.0NRT",290.06,5.85,"N"
"36",55.06219,38.8371,303.73,0.4,0.6,"2026-09-20",58,"N20","nominal","2.0NRT",280.77,0.81,"N"
"37",45.26038,31.66872,310.59,0.45,0.63,"2026-09-20",100,"N20","nominal","2.0NRT",288.27,3.94,"N"
"38",54.24662,38.86839,301.88,0.43,0.62,"2026-09-20",58,"N20","nominal","2.0NRT",279.77,1.12,"N"
"39",54.21498,38.92139,314.14,0.43,0.62,"2026-09-20",58,"N20","nominal","2.0NRT",282.32,1.68,"N"
"40",54.2177,38.92276,302.48,0.43,0.62,"2026-09-20",58,"N20","nominal","2.0NRT",280.39,1.26,"N"
"41",54.21571,38.92862,295.38,0.43,0.62,"2026-09-20",58,"N20","nominal","2.0NRT",282.22,1.26,"N"
"42",54.1705,37.71788,327.93,0.39,0.6,"2026-09-20",58,"N20","nominal","2.0NRT",280.45,2.57,"N"
"43",54.17226,37.71254,295.91,0.39,0.6,"2026-09-20",58,"N20","nominal","2.0NRT",279.64,1.85,"N"
"44",52.56395,39.59892,296.37,0.53,0.67,"2026-09-20",58,"N20","nominal","2.0NRT",279.68,1.23,"N"
"45",52.55904,39.61246,298.02,0.53,0.67,"2026-09-20",58,"N20","nominal","2.0NRT",279.68,1.84,"N"
"46",52.55863,39.59361,301.29,0.53,0.67,"2026-09-20",58,"N20","nominal","2.0NRT",281.57,2.24,"N"
"47",53.58668,31.94804,296.81,0.51,0.49,"2026-09-20",58,"N20","nominal","2.0NRT",279.58,0.8,"N"
"48",54.18487,28.49835,298.33,0.56,0.43,"2026-09-20",58,"N20","nominal","2.0NRT",280.74,0.62,"N"
"49",51.1439,37.93325,297.39,0.52,0.67,"2026-09-20",58,"N20","nominal","2.0NRT",280.84,1.29,"N"
"50",51.14073,37.92216,298.33,0.52,0.67,"2026-09-20",58,"N20","nominal","2.0NRT",280.41,1.93,"N"
"51",51.13845,37.92859,315,0.52,0.67,"2026-09-20",58,"N20","nominal","2.0NRT",282.22,1.93,"N"
"52",51.14321,37.93162,329.33,0.52,0.67,"2026-09-20",58,"N20","nominal","2.0NRT",282.94,4.61,"N"
"53",52.80608,32.22161,300.72,0.55,0.51,"2026-09-20",58,"N20","nominal","2.0NRT",281.33,1.39,"N"
"54",52.80789,32.2249,297.77,0.55,0.51,"2026-09-20",58,"N20","nominal","2.0NRT",281.07,0.94,"N"
"55",50.3785,39.62912,296.49,0.64,0.72,"2026-09-20",58,"N20","nominal","2.0NRT",278.83,0.96,"N"
"56",52.32664,32.66265,305.09,0.59,0.53,"2026-09-20",58,"N20","nominal","2.0NRT",279.5,0.86,"N"
"57",52.40821,32.32343,295.81,0.57,0.52,"2026-09-20",58,"N20","nominal","2.0NRT",278.7,0.86,"N"
"58",52.3228,32.66078,303.69,0.59,0.53,"2026-09-20",58,"N20","nominal","2.0NRT",278.67,1.54,"N"
"59",52.40734,32.32347,296.17,0.57,0.52,"2026-09-20",58,"N20","nominal","2.0NRT",278.72,0.84,"N"
"60",52.84869,29.99039,330.48,0.45,0.47,"2026-09-20",58,"N20","nominal","2.0NRT",282.51,4.02,"N"
"61",51.21489,33.22696,367,0.34,0.56,"2026-09-20",58,"N20","high","2.0NRT",286.98,4.53,"N"
"62",51.21355,33.2314,307.29,0.34,0.56,"2026-09-20",58,"N20","nominal","2.0NRT",283.98,4.69,"N"
"63",51.2102,33.22342,296.55,0.34,0.56,"2026-09-20",58,"N20","nominal","2.0NRT",281.71,4.53,"N"
"64",51.2164,33.23024,321.6,0.34,0.56,"2026-09-20",58,"N20","nominal","2.0NRT",283.24,1.89,"N"
"65",51.21173,33.22664,367,0.34,0.56,"2026-09-20",58,"N20","high","2.0NRT",287.2,4.22,"N"
"66",51.21305,33.2222,317.44,0.34,0.56,"2026-09-20",58,"N20","nominal","2.0NRT",282.15,4.22,"N"
"67",50.32534,36.05016,315.39,0.47,0.64,"2026-09-20",58,"N20","nominal","2.0NRT",281.72,1.67,"N"
"68",51.89523,29.33856,310.02,0.46,0.47,"2026-09-20",58,"N20","nominal","2.0NRT",283.72,2.08,"N"
"69",51.89366,29.34473,319.78,0.46,0.47,"2026-09-20",58,"N20","nominal","2.0NRT",283.58,2.08,"N"
"70",51.8912,29.3359,303.37,0.46,0.47,"2026-09-20",58,"N20","nominal","2.0NRT",283.03,1.45,"N"
"71",52.33149,27.26496,296.6,0.56,0.43,"2026-09-20",58,"N20","nominal","2.0NRT",282.89,1.32,"N"
"72",48.68428,37.54904,300.5,0.62,0.71,"2026-09-20",58,"N20","nominal","2.0NRT",280.09,1.98,"N"
"73",48.68178,37.55598,295.25,0.62,0.71,"2026-09-20",58,"N20","nominal","2.0NRT",280.99,1.8,"N"
"74",47.89474,39.50426,330.44,0.79,0.78,"2026-09-20",58,"N20","nominal","2.0NRT",282.42,5.77,"N"
"75",48.54385,37.70615,297.9,0.63,0.72,"2026-09-20",58,"N20","nominal","2.0NRT",280.78,0.65,"N"
"76",47.89713,39.50752,327.21,0.79,0.78,"2026-09-20",58,"N20","nominal","2.0NRT",283.2,2.77,"N"
"77",47.89076,39.50238,295.1,0.79,0.78,"2026-09-20",58,"N20","nominal","2.0NRT",281.99,2.77,"N"
"78",48.54486,37.70642,298.94,0.63,0.72,"2026-09-20",58,"N20","nominal","2.0NRT",280.75,0.68,"N"
"79",50.32776,30.28097,320.46,0.55,0.51,"2026-09-20",100,"N20","nominal","2.0NRT",284.25,2.98,"N"
"80",50.32975,30.27374,299.06,0.55,0.51,"2026-09-20",100,"N20","nominal","2.0NRT",281.68,2,"N"
"81",47.36088,38.24511,306.8,0.73,0.76,"2026-09-20",100,"N20","nominal","2.0NRT",282.98,1.56,"N"
"82",47.36088,38.2458,306.5,0.74,0.76,"2026-09-20",100,"N20","nominal","2.0NRT",282.95,1.32,"N"
"83",47.21177,37.72308,303.06,0.71,0.75,"2026-09-20",100,"N20","nominal","2.0NRT",283.09,1.32,"N"
"84",47.91254,35.69562,299.86,0.55,0.68,"2026-09-20",100,"N20","nominal","2.0NRT",279.43,0.83,"N"
"85",47.21773,37.72568,303.5,0.71,0.75,"2026-09-20",100,"N20","nominal","2.0NRT",283.61,1.02,"N"
"86",47.91282,35.70111,298.36,0.55,0.68,"2026-09-20",100,"N20","nominal","2.0NRT",279.03,0.64,"N"
"87",47.82248,35.67389,303.85,0.56,0.68,"2026-09-20",100,"N20","nominal","2.0NRT",281.58,1.6,"N"
"88",47.82444,35.67408,307.26,0.56,0.69,"2026-09-20",100,"N20","nominal","2.0NRT",281.64,1.18,"N"
"89",41.25786,31.40908,297.29,0.59,0.7,"2026-09-20",102,"N20","nominal","2.0NRT",286.45,1.47,"N"
"90",47.87197,33.43414,296.08,0.45,0.63,"2026-09-20",100,"N20","nominal","2.0NRT",283.62,0.79,"N"
"91",47.56673,34.38175,299.06,0.5,0.66,"2026-09-20",100,"N20","nominal","2.0NRT",283.96,1.35,"N"
"92",47.00506,34.63583,302.32,0.54,0.68,"2026-09-20",100,"N20","nominal","2.0NRT",282.02,1.46,"N"
"93",46.99943,34.63184,309.36,0.54,0.68,"2026-09-20",100,"N20","nominal","2.0NRT",281.84,1.46,"N"
"94",47.0057,34.63477,300.48,0.54,0.68,"2026-09-20",100,"N20","nominal","2.0NRT",280.87,1.17,"N"
"95",47.00008,34.63074,311.36,0.54,0.68,"2026-09-20",100,"N20","nominal","2.0NRT",281.77,2.13,"N"
"96",46.99872,34.61388,298.64,0.54,0.68,"2026-09-20",100,"N20","nominal","2.0NRT",280.7,1.41,"N"
"97",41.79954,26.70126,298.77,0.34,0.56,"2026-09-20",102,"N20","nominal","2.0NRT",285.48,0.57,"N"
"98",46.94913,34.49186,299.82,0.53,0.67,"2026-09-20",100,"N20","nominal","2.0NRT",281.14,0.98,"N"
"99",40.75785,29.76412,300.69,0.51,0.66,"2026-09-20",102,"N20","nominal","2.0NRT",287.54,2.16,"N"
"100",41.02267,28.55099,297.86,0.43,0.62,"2026-09-20",102,"N20","nominal","2.0NRT",286.11,1.07,"N"
"101",41.02118,28.55609,304.19,0.43,0.62,"2026-09-20",102,"N20","nominal","2.0NRT",288.1,1.02,"N"
"102",41.02382,28.55707,296.06,0.44,0.62,"2026-09-20",102,"N20","nominal","2.0NRT",285.91,0.73,"N"
"103",41.01849,28.55422,304.95,0.44,0.62,"2026-09-20",102,"N20","nominal","2.0NRT",287.08,0.73,"N"
"104",40.92652,26.51738,302.43,0.35,0.56,"2026-09-20",102,"N20","nominal","2.0NRT",278.59,0.63,"N"
"105",40.92448,26.5249,298.55,0.35,0.56,"2026-09-20",102,"N20","nominal","2.0NRT",278.2,0.37,"N"
"106",39.48595,30.04026,299.02,0.57,0.69,"2026-09-20",102,"N20","nominal","2.0NRT",283.17,1.07,"N"
"107",38.66278,30.61588,295.33,0.65,0.73,"2026-09-20",102,"N20","nominal","2.0NRT",281.57,0.85,"N"
"108",48.74969,26.60638,297.21,0.43,0.46,"2026-09-20",100,"N20","nominal","2.0NRT",283.28,0.99,"N"
"109",46.77177,33.54278,298.22,0.49,0.65,"2026-09-20",100,"N20","nominal","2.0NRT",280.97,0.72,"N"
"110",38.65843,30.6131,295.13,0.65,0.73,"2026-09-20",102,"N20","nominal","2.0NRT",282.26,1.58,"N"
"111",39.86487,26.24154,305.48,0.36,0.57,"2026-09-20",102,"N20","nominal","2.0NRT",285.38,0.82,"N"
"112",39.86421,26.24168,305.21,0.36,0.57,"2026-09-20",102,"N20","nominal","2.0NRT",285.33,0.58,"N"
"113",39.11589,27.52263,301.59,0.44,0.62,"2026-09-20",102,"N20","nominal","2.0NRT",285.27,0.89,"N"
"114",39.09428,27.51244,303.07,0.44,0.62,"2026-09-20",102,"N20","nominal","2.0NRT",285.15,1.01,"N"
"115",38.75653,26.93619,304.3,0.42,0.61,"2026-09-20",102,"N20","nominal","2.0NRT",282.95,1.02,"N"
"116",38.74738,26.94732,302.85,0.42,0.61,"2026-09-20",102,"N20","nominal","2.0NRT",286.6,0.85,"N"
"117",38.75222,26.9332,297.78,0.42,0.61,"2026-09-20",102,"N20","nominal","2.0NRT",283.62,0.92,"N"
"118",38.75101,26.93757,300.4,0.42,0.61,"2026-09-20",102,"N20","nominal","2.0NRT",287.04,1.16,"N"
"119",38.74848,26.94673,301.32,0.42,0.61,"2026-09-20",102,"N20","nominal","2.0NRT",286.73,1.56,"N"
"120",38.73785,26.94184,303.29,0.42,0.61,"2026-09-20",102,"N20","nominal","2.0NRT",285.89,1.63,"N"
"121",38.45432,27.2599,301.03,0.44,0.63,"2026-09-20",102,"N20","nominal","2.0NRT",289.08,0.81,"N"
"122",38.42958,27.21675,305.7,0.44,0.62,"2026-09-20",102,"N20","nominal","2.0NRT",289.28,0.66,"N"
"123",30.93476,27.55679,329.34,0.73,0.76,"2026-09-20",105,"N20","nominal","2.0NRT",285.72,4.52,"N"
"124",30.93692,27.54953,313.79,0.73,0.76,"2026-09-20",105,"N20","nominal","2.0NRT",286.35,4.52,"N"
"125",30.93498,27.55543,337.55,0.73,0.76,"2026-09-20",105,"N20","nominal","2.0NRT",286.26,5.6,"N"
"126",31.09934,26.61506,314.26,0.64,0.72,"2026-09-20",105,"N20","nominal","2.0NRT",289.23,2.19,"N"
"127",31.0975,26.62146,312.02,0.64,0.72,"2026-09-20",105,"N20","nominal","2.0NRT",288.77,2.19,"N"
"128",31.10007,26.61849,335.03,0.64,0.72,"2026-09-20",105,"N20","nominal","2.0NRT",289.15,4.12,"N"
"129",30.76082,27.46672,300.92,0.73,0.76,"2026-09-20",105,"N20","nominal","2.0NRT",284.41,2.19,"N"
"130",30.77042,27.1042,304.67,0.7,0.75,"2026-09-20",105,"N20","nominal","2.0NRT",288.98,1.22,"N"
"131",30.76878,27.10388,305.04,0.7,0.75,"2026-09-20",105,"N20","nominal","2.0NRT",288.69,1.66,"N"
"132",30.37114,27.22631,299.85,0.73,0.76,"2026-09-20",105,"N20","nominal","2.0NRT",287.27,1.27,"N"
"133",30.53618,26.07901,313.56,0.62,0.71,"2026-09-20",105,"N20","nominal","2.0NRT",283.81,2.54,"N"
"134",30.53446,26.08519,301.92,0.62,0.71,"2026-09-20",105,"N20","nominal","2.0NRT",282.53,2.46,"N"
"135",67.80843,72.53757,345.13,0.52,0.67,"2026-09-20",52,"N20","nominal","2.0NRT",279.57,31.21,"N"
"136",67.81268,72.53176,316.23,0.52,0.67,"2026-09-20",52,"N20","nominal","2.0NRT",277.51,15.4,"N"
"137",67.80418,72.54335,300.28,0.52,0.67,"2026-09-20",52,"N20","nominal","2.0NRT",278.54,31.21,"N"
"138",67.80563,72.52291,367,0.52,0.67,"2026-09-20",52,"N20","high","2.0NRT",291.26,31.21,"N"
"139",67.8014,72.52868,338.68,0.52,0.67,"2026-09-20",52,"N20","nominal","2.0NRT",281.73,31.21,"N"
"140",67.80981,72.5172,316.4,0.52,0.67,"2026-09-20",52,"N20","nominal","2.0NRT",277.45,15.4,"N"
"141",67.80695,72.50265,331.84,0.52,0.67,"2026-09-20",52,"N20","nominal","2.0NRT",276.98,21.84,"N"
"142",67.8027,72.50844,350.73,0.52,0.67,"2026-09-20",52,"N20","nominal","2.0NRT",288.74,29.34,"N"
"143",67.79853,72.51413,342.77,0.52,0.67,"2026-09-20",52,"N20","nominal","2.0NRT",278.94,29.34,"N"
"144",71.13683,67.00076,300,0.56,0.51,"2026-09-20",52,"N20","nominal","2.0NRT",277.44,2.14,"N"
"145",71.13697,66.9955,314.2,0.56,0.51,"2026-09-20",52,"N20","nominal","2.0NRT",277.56,1.96,"N"
"146",66.34138,71.04496,306.01,0.62,0.71,"2026-09-20",52,"N20","nominal","2.0NRT",274.97,1.96,"N"
"147",66.19825,70.99652,299.05,0.63,0.72,"2026-09-20",52,"N20","nominal","2.0NRT",275.54,2.65,"N"
"148",66.20003,70.99751,322.2,0.63,0.72,"2026-09-20",52,"N20","nominal","2.0NRT",275.65,3.99,"N"
"149",65.01136,56.92463,313.93,0.43,0.62,"2026-09-20",54,"N20","nominal","2.0NRT",278.53,1.68,"N"
"150",65.00845,56.93087,297.48,0.43,0.62,"2026-09-20",54,"N20","nominal","2.0NRT",278.84,1.46,"N"
"151",65.00855,56.9209,317.53,0.43,0.62,"2026-09-20",54,"N20","nominal","2.0NRT",278.99,1.89,"N"
"152",65.0451,56.67536,324.74,0.42,0.61,"2026-09-20",54,"N20","nominal","2.0NRT",279.68,2.69,"N"
"153",65.04121,56.66548,342.85,0.42,0.61,"2026-09-20",54,"N20","nominal","2.0NRT",279.37,5.81,"N"
"154",54.61584,160.31651,331.74,0.46,0.39,"2026-09-20",219,"N20","nominal","2.0NRT",295.27,20.88,"D"
"155",62.34918,113.76873,342.22,0.75,0.77,"2026-09-20",226,"N20","nominal","2.0NRT",277,9.36,"D"
"156",62.35115,113.77628,335.01,0.75,0.77,"2026-09-20",226,"N20","nominal","2.0NRT",275.49,6.98,"D"
"157",62.4432,113.66178,350.32,0.74,0.76,"2026-09-20",226,"N20","nominal","2.0NRT",279.01,11.16,"D"
"158",62.40571,113.59903,328.38,0.75,0.77,"2026-09-20",226,"N20","nominal","2.0NRT",276.58,5.28,"D"
"159",62.27731,26.34583,309.39,0.46,0.63,"2026-09-20",236,"N20","nominal","2.0NRT",282.08,1.92,"N"
"160",62.2765,26.34636,313.93,0.46,0.63,"2026-09-20",236,"N20","nominal","2.0NRT",282.1,1.53,"N"
"161",34.65794,135.37985,326.47,0.41,0.37,"2026-09-20",355,"N20","nominal","2.0NRT",290.35,5.26,"D"
"162",34.05761,131.78691,336.25,0.38,0.43,"2026-09-20",355,"N20","nominal","2.0NRT",299.47,3.73,"D"
"163",36.47974,128.25803,325.82,0.52,0.5,"2026-09-20",357,"N20","low","2.0NRT",297.23,1.7,"D"
"164",36.98203,126.6935,328.81,0.62,0.54,"2026-09-20",357,"N20","low","2.0NRT",301.76,8.14,"D"
"165",37.76905,126.8192,325.55,0.58,0.52,"2026-09-20",357,"N20","low","2.0NRT",299.45,5.65,"D"
"166",39.4453,126.02223,325.25,0.58,0.52,"2026-09-20",357,"N20","nominal","2.0NRT",293.26,2.78,"D"
"167",46.78541,130.43182,330.19,0.41,0.37,"2026-09-20",400,"N20","nominal","2.0NRT",296.6,3.28,"D"
"168",46.7887,130.21407,332.48,0.42,0.38,"2026-09-20",400,"N20","nominal","2.0NRT",293.8,1.89,"D"
"169",46.78772,130.20871,325.15,0.42,0.38,"2026-09-20",400,"N20","nominal","2.0NRT",294.29,1.89,"D"
"170",46.86488,130.31885,331.41,0.42,0.37,"2026-09-20",400,"N20","nominal","2.0NRT",294.36,2.6,"D"
"171",48.45413,129.56418,337.64,0.42,0.37,"2026-09-20",400,"N20","nominal","2.0NRT",288.05,3.64,"D"
"172",45.75427,115.72563,333.49,0.59,0.7,"2026-09-20",400,"N20","nominal","2.0NRT",302.16,6.38,"D"
"173",48.98542,126.3839,326.02,0.5,0.41,"2026-09-20",400,"N20","nominal","2.0NRT",286.14,1.69,"D"
"174",48.98651,126.38319,326.31,0.5,0.41,"2026-09-20",400,"N20","nominal","2.0NRT",285.93,1.91,"D"
"175",55.15676,106.54941,331.04,0.58,0.69,"2026-09-20",404,"N20","nominal","2.0NRT",282.99,4.51,"D"
"176",55.16888,106.21353,347.33,0.59,0.7,"2026-09-20",404,"N20","nominal","2.0NRT",282.2,6.37,"D"
"177",57.53416,105.86882,343.13,0.48,0.65,"2026-09-20",404,"N20","nominal","2.0NRT",283.64,4.02,"D"
"178",57.56644,105.93518,327.38,0.48,0.64,"2026-09-20",404,"N20","nominal","2.0NRT",282.41,12.09,"D"
"179",57.56413,105.92902,355.2,0.48,0.64,"2026-09-20",404,"N20","nominal","2.0NRT",291.01,17.35,"D"
"180",57.56173,105.92266,347.16,0.48,0.64,"2026-09-20",404,"N20","nominal","2.0NRT",287.03,17.35,"D"
"181",57.53257,105.86897,349.13,0.48,0.65,"2026-09-20",404,"N20","nominal","2.0NRT",283.86,6.93,"D"
"182",57.56041,105.92259,337.99,0.48,0.64,"2026-09-20",404,"N20","nominal","2.0NRT",285.82,14.15,"D"
"183",57.56285,105.92897,356.09,0.48,0.64,"2026-09-20",404,"N20","low","2.0NRT",289.35,21.17,"D"
"184",57.56783,105.92286,341.85,0.48,0.64,"2026-09-20",404,"N20","nominal","2.0NRT",283.35,7.51,"D"
"185",57.56776,105.8843,338.56,0.48,0.64,"2026-09-20",404,"N20","nominal","2.0NRT",285.22,3.29,"D"
"186",57.58792,105.91805,338.62,0.47,0.64,"2026-09-20",404,"N20","nominal","2.0NRT",282.31,4.62,"D"
"187",57.6814,106.08839,367,0.46,0.64,"2026-09-20",404,"N20","high","2.0NRT",290.18,14.81,"D"
"188",57.67901,106.08201,351.34,0.47,0.64,"2026-09-20",404,"N20","nominal","2.0NRT",288.93,14.81,"D"
"189",57.61676,105.68542,328,0.48,0.65,"2026-09-20",404,"N20","nominal","2.0NRT",283.76,3.52,"D"
"190",57.7252,106.03321,325.85,0.46,0.64,"2026-09-20",404,"N20","nominal","2.0NRT",283.87,2.37,"D"
"191",57.61541,105.68802,342.15,0.48,0.65,"2026-09-20",404,"N20","nominal","2.0NRT",284.92,6.04,"D"
"192",57.73684,105.94917,326.06,0.47,0.64,"2026-09-20",404,"N20","nominal","2.0NRT",284.03,2.59,"D"
"193",58.03625,106.54437,356.07,0.44,0.62,"2026-09-20",404,"N20","nominal","2.0NRT",289.23,11.54,"D"
"194",58.4212,107.57844,338.62,0.39,0.59,"2026-09-20",404,"N20","nominal","2.0NRT",284.11,7.88,"D"
"195",58.42309,107.58376,356.24,0.39,0.59,"2026-09-20",404,"N20","low","2.0NRT",281.42,8.22,"D"
"196",58.45031,107.60461,354.5,0.39,0.59,"2026-09-20",404,"N20","nominal","2.0NRT",284.29,11.5,"D"
"197",58.44833,107.59897,347.99,0.39,0.59,"2026-09-20",404,"N20","nominal","2.0NRT",292.26,11.5,"D"
"198",58.09517,106.56176,367,0.43,0.62,"2026-09-20",404,"N20","high","2.0NRT",290.51,15.79,"D"
"199",58.093,106.55586,348.88,0.43,0.62,"2026-09-20",404,"N20","nominal","2.0NRT",288.13,15.79,"D"
"200",58.42068,107.44558,325.38,0.39,0.6,"2026-09-20",404,"N20","nominal","2.0NRT",284.18,1.92,"D"
"201",57.87222,105.88622,340.95,0.46,0.64,"2026-09-20",404,"N20","nominal","2.0NRT",289.64,28.63,"D"
"202",57.8745,105.89226,356.44,0.46,0.64,"2026-09-20",404,"N20","low","2.0NRT",289.7,31.02,"D"
"203",58.29568,106.9243,336.86,0.41,0.61,"2026-09-20",404,"N20","nominal","2.0NRT",281.81,4.64,"D"
"204",58.29356,106.91839,327.25,0.41,0.61,"2026-09-20",404,"N20","nominal","2.0NRT",284.82,4.28,"D"
"205",58.48055,107.0261,354.93,0.4,0.6,"2026-09-20",404,"N20","nominal","2.0NRT",293.12,12.54,"D"
"206",60.1218,110.76453,334.95,0.54,0.51,"2026-09-20",404,"N20","nominal","2.0NRT",281.87,4.05,"D"
"207",59.80441,109.42625,341.09,0.6,0.53,"2026-09-20",404,"N20","nominal","2.0NRT",290.18,37.78,"D"
"208",59.80434,109.43228,338.66,0.6,0.53,"2026-09-20",404,"N20","nominal","2.0NRT",288.15,37.77,"D"
"209",59.63638,108.1291,336.03,0.33,0.56,"2026-09-20",404,"N20","nominal","2.0NRT",284.17,4.06,"D"
"210",59.63473,108.12419,345.22,0.33,0.56,"2026-09-20",404,"N20","nominal","2.0NRT",285.08,4.64,"D"
"211",59.84466,108.40689,331.45,0.32,0.55,"2026-09-20",404,"N20","nominal","2.0NRT",282.05,3.4,"D"
"212",59.84306,108.40199,331.73,0.32,0.55,"2026-09-20",404,"N20","nominal","2.0NRT",283.87,3.39,"D"
"213",59.84423,108.4058,341.32,0.32,0.55,"2026-09-20",404,"N20","nominal","2.0NRT",282.17,4.93,"D"
"214",60.14687,109.09886,355.12,0.6,0.53,"2026-09-20",404,"N20","nominal","2.0NRT",288.6,66.62,"D"
"215",60.46383,109.72511,337.17,0.56,0.51,"2026-09-20",404,"N20","nominal","2.0NRT",284.51,5.62,"D"
"216",62.35106,113.76991,327.05,0.56,0.43,"2026-09-20",404,"N20","nominal","2.0NRT",284.72,12.48,"D"
"217",62.40583,113.59554,326.92,0.56,0.43,"2026-09-20",404,"N20","nominal","2.0NRT",281.93,4.37,"D"
"218",62.40338,113.58588,337.26,0.56,0.43,"2026-09-20",404,"N20","nominal","2.0NRT",283.97,4.37,"D"
"219",62.4977,113.90708,330.11,0.55,0.42,"2026-09-20",404,"N20","nominal","2.0NRT",282.14,4.29,"D"
"220",62.39426,113.49628,335.88,0.56,0.43,"2026-09-20",404,"N20","nominal","2.0NRT",282.01,5.71,"D"
"221",62.44507,113.66128,327.6,0.56,0.43,"2026-09-20",404,"N20","nominal","2.0NRT",287.02,18.95,"D"
"222",63.87827,116.38322,327.64,0.45,0.39,"2026-09-20",406,"N20","nominal","2.0NRT",278.08,4.76,"D"
"223",63.73304,108.47713,329.76,0.45,0.47,"2026-09-20",406,"N20","nominal","2.0NRT",284.31,2.59,"D"
"224",60.43884,97.80052,346.82,0.59,0.7,"2026-09-20",406,"N20","nominal","2.0NRT",282.54,6.6,"D"
"225",65.00809,110.89629,326.58,0.53,0.42,"2026-09-20",406,"N20","nominal","2.0NRT",283.77,2.9,"D"
"226",60.44584,97.55817,354.85,0.59,0.7,"2026-09-20",406,"N20","nominal","2.0NRT",283,10.32,"D"
"227",60.44228,97.5504,347.6,0.59,0.7,"2026-09-20",406,"N20","nominal","2.0NRT",286.81,10.32,"D"
"228",60.49097,97.4201,328.7,0.6,0.7,"2026-09-20",406,"N20","nominal","2.0NRT",282.74,3.13,"D"
"229",60.44641,97.14937,325.58,0.61,0.71,"2026-09-20",406,"N20","nominal","2.0NRT",282.13,10.25,"D"
"230",60.44956,97.15615,356.53,0.61,0.71,"2026-09-20",406,"N20","low","2.0NRT",281.2,13.55,"D"
"231",60.87443,97.48979,326.82,0.57,0.69,"2026-09-20",406,"N20","nominal","2.0NRT",282.49,2.82,"D"
"232",60.42222,96.51523,343.51,0.63,0.72,"2026-09-20",406,"N20","nominal","2.0NRT",283.94,6.45,"D"
"233",60.43115,96.5146,356.44,0.63,0.72,"2026-09-20",406,"N20","low","2.0NRT",284.59,65.79,"D"
"234",60.427,96.50584,207.93,0.63,0.72,"2026-09-20",406,"N20","low","2.0NRT",295.22,92.67,"D"
"235",60.42912,96.51266,367,0.63,0.72,"2026-09-20",406,"N20","high","2.0NRT",292.93,79.23,"D"
"236",60.42484,96.50375,207.93,0.63,0.72,"2026-09-20",406,"N20","low","2.0NRT",292.21,87.34,"D"
"237",60.77858,97.07944,352.32,0.59,0.7,"2026-09-20",406,"N20","nominal","2.0NRT",287.77,33.92,"D"
"238",60.43423,96.25651,367,0.64,0.72,"2026-09-20",406,"N20","high","2.0NRT",295.53,85.83,"D"
"239",67.66488,100.29716,349.28,0.46,0.47,"2026-09-20",408,"N20","nominal","2.0NRT",288.09,7.13,"D"
"240",67.66212,100.28882,341.24,0.46,0.47,"2026-09-20",408,"N20","nominal","2.0NRT",289.23,7.13,"D"
"241",66.19385,85.98861,326.26,0.5,0.66,"2026-09-20",408,"N20","nominal","2.0NRT",280.27,4.33,"D"
"242",67.28036,83.03965,355.41,0.48,0.65,"2026-09-20",408,"N20","nominal","2.0NRT",285.24,12.88,"D"
"243",67.27854,83.0415,346.64,0.48,0.65,"2026-09-20",408,"N20","nominal","2.0NRT",282.28,9.12,"D"
"244",67.549,83.21946,341.08,0.46,0.63,"2026-09-20",408,"N20","nominal","2.0NRT",282.31,26.17,"D"
"245",67.54554,83.21354,347.67,0.46,0.63,"2026-09-20",408,"N20","nominal","2.0NRT",282.08,54.93,"D"
"246",67.55214,83.20641,356.58,0.46,0.63,"2026-09-20",408,"N20","low","2.0NRT",283.27,26.17,"D"
"247",67.19561,81.99464,347.59,0.5,0.66,"2026-09-20",408,"N20","nominal","2.0NRT",281.73,5.07,"D"
"248",66.66188,80.47038,338.78,0.57,0.69,"2026-09-20",408,"N20","nominal","2.0NRT",277.56,5.33,"D"
"249",66.66178,80.46099,353.39,0.57,0.69,"2026-09-20",408,"N20","nominal","2.0NRT",278.57,6.56,"D"
"250",66.66953,80.45367,345.76,0.57,0.69,"2026-09-20",408,"N20","nominal","2.0NRT",280.56,5.52,"D"
"251",66.706,80.45122,355.63,0.56,0.69,"2026-09-20",408,"N20","nominal","2.0NRT",280.57,11.84,"D"
"252",66.97985,80.82268,325.64,0.54,0.67,"2026-09-20",408,"N20","nominal","2.0NRT",276.11,4.67,"D"
"253",66.66314,77.32829,328.99,0.62,0.71,"2026-09-20",408,"N20","nominal","2.0NRT",278.72,3.3,"D"
"254",70.35783,68.26805,341.52,0.44,0.62,"2026-09-20",410,"N20","nominal","2.0NRT",275.94,5.36,"D"
"255",26.30688,106.62595,342.92,0.53,0.5,"2026-09-20",536,"N20","nominal","2.0NRT",301.22,10.49,"D"
"256",26.8987,109.18581,330.86,0.55,0.43,"2026-09-20",536,"N20","nominal","2.0NRT",298.91,3.37,"D"
"257",26.89764,109.1803,329.74,0.55,0.43,"2026-09-20",536,"N20","nominal","2.0NRT",299.48,3.37,"D"
"258",28.74206,114.66226,332.3,0.39,0.36,"2026-09-20",536,"N20","nominal","2.0NRT",295.6,2.56,"D"
"259",29.25206,116.8014,332.25,0.44,0.39,"2026-09-20",536,"N20","nominal","2.0NRT",295.51,3.96,"D"
"260",29.20604,116.16331,338.08,0.42,0.38,"2026-09-20",536,"N20","nominal","2.0NRT",301.29,2.99,"D"
"261",29.20546,116.159,337.34,0.42,0.38,"2026-09-20",536,"N20","nominal","2.0NRT",300.71,2.99,"D"
"262",29.2046,116.16007,348.49,0.42,0.38,"2026-09-20",536,"N20","nominal","2.0NRT",300.86,9.65,"D"
"263",29.19103,114.80831,331.66,0.39,0.36,"2026-09-20",536,"N20","nominal","2.0NRT",298.44,2.59,"D"
"264",39.77319,121.65672,336.02,0.34,0.56,"2026-09-20",538,"N20","nominal","2.0NRT",288.71,6.05,"D"
"265",40.10556,123.83237,325.18,0.45,0.63,"2026-09-20",540,"N20","nominal","2.0NRT",291.47,0.94,"D"
"266",40.10474,123.83202,339.38,0.45,0.63,"2026-09-20",540,"N20","nominal","2.0NRT",291.53,2.56,"D"
"267",39.81561,118.19801,334.72,0.45,0.47,"2026-09-20",540,"N20","nominal","2.0NRT",295.07,1.3,"D"
"268",39.87182,118.16676,340.17,0.45,0.47,"2026-09-20",540,"N20","nominal","2.0NRT",294.62,3.61,"D"
"269",39.47469,107.14049,334.23,0.44,0.38,"2026-09-20",540,"N20","nominal","2.0NRT",301.8,2.65,"D"
"270",38.9058,103.37308,343.63,0.44,0.46,"2026-09-20",540,"N20","nominal","2.0NRT",295.44,4.73,"D"
"271",40.29461,110.04785,338.22,0.38,0.36,"2026-09-20",540,"N20","nominal","2.0NRT",298.93,2.29,"D"
"272",10.11057,124.22945,331.47,0.44,0.46,"2026-09-20",529,"N20","nominal","2.0NRT",297.27,1.93,"D"
"273",40.29391,110.04339,328.16,0.38,0.36,"2026-09-20",540,"N20","low","2.0NRT",301.06,2.29,"D"
"274",16.75352,121.95796,340.39,0.39,0.44,"2026-09-20",531,"N20","nominal","2.0NRT",299.52,4.27,"D"
"275",40.29787,110.04697,334.02,0.38,0.36,"2026-09-20",540,"N20","nominal","2.0NRT",297.03,1.61,"D"
"276",16.79354,122.0036,336.1,0.39,0.44,"2026-09-20",531,"N20","nominal","2.0NRT",299.62,2.88,"D"
"277",40.30789,110.06754,333.47,0.38,0.36,"2026-09-20",540,"N20","nominal","2.0NRT",298.15,3.74,"D"
"278",16.81219,121.95729,331.9,0.39,0.44,"2026-09-20",531,"N20","nominal","2.0NRT",299.69,1.57,"D"
"279",40.40915,108.81312,336.5,0.39,0.36,"2026-09-20",540,"N20","nominal","2.0NRT",294.01,4.02,"D"
"280",17.00382,122.16209,332.95,0.4,0.44,"2026-09-20",531,"N20","nominal","2.0NRT",296.5,2.08,"D"
"281",40.59959,109.68604,330.12,0.39,0.36,"2026-09-20",540,"N20","nominal","2.0NRT",292.77,0.94,"D"
"282",15.34763,108.72324,341.47,0.32,0.55,"2026-09-20",531,"N20","nominal","2.0NRT",273.96,3.62,"D"
"283",40.49906,108.77274,343.38,0.39,0.37,"2026-09-20",540,"N20","nominal","2.0NRT",296.74,4.11,"D"
"284",15.10253,106.56726,328.85,0.45,0.63,"2026-09-20",531,"N20","nominal","2.0NRT",282.72,3.15,"D"
"285",40.37874,106.88839,338.13,0.44,0.38,"2026-09-20",540,"N20","nominal","2.0NRT",307.18,1.69,"D"
"286",21.688,111.83732,334.29,0.49,0.4,"2026-09-20",533,"N20","nominal","2.0NRT",304,4.27,"D"
"287",40.45163,107.02187,331.17,0.43,0.38,"2026-09-20",540,"N20","nominal","2.0NRT",305.82,2.12,"D"
"288",21.69165,111.83658,340.81,0.49,0.4,"2026-09-20",533,"N20","nominal","2.0NRT",303.38,4.27,"D"
"289",40.84878,109.02612,337.58,0.39,0.36,"2026-09-20",540,"N20","nominal","2.0NRT",291.85,1.31,"D"
"290",21.95968,113.19535,331.83,0.42,0.38,"2026-09-20",533,"N20","low","2.0NRT",304.32,6.1,"D"
"291",40.84803,109.02155,332.88,0.39,0.36,"2026-09-20",540,"N20","nominal","2.0NRT",290.96,1.46,"D"
"292",21.51786,109.50095,330.34,0.44,0.46,"2026-09-20",533,"N20","low","2.0NRT",301.84,7.35,"D"
"293",40.85205,109.02518,355.87,0.39,0.36,"2026-09-20",540,"N20","nominal","2.0NRT",304.51,8.62,"D"
"294",21.56614,109.57203,331.67,0.43,0.46,"2026-09-20",533,"N20","low","2.0NRT",305.31,6.54,"D"
"295",21.86819,110.45854,340.56,0.57,0.43,"2026-09-20",533,"N20","nominal","2.0NRT",299.01,7.13,"D"
"296",40.85131,109.02062,343.92,0.39,0.36,"2026-09-20",540,"N20","nominal","2.0NRT",302.61,5.57,"D"
"297",21.41905,107.74621,329.41,0.57,0.52,"2026-09-20",533,"N20","low","2.0NRT",303.7,7.1,"D"
"298",42.25061,119.13612,329.3,0.53,0.5,"2026-09-20",540,"N20","nominal","2.0NRT",300.53,2.98,"D"
"299",21.562,108.44048,334.45,0.51,0.49,"2026-09-20",533,"N20","nominal","2.0NRT",303.83,6.99,"D"
"300",41.04456,108.207,336.42,0.4,0.37,"2026-09-20",540,"N20","nominal","2.0NRT",301.81,3.39,"D"
"301",22.76446,115.01689,336.37,0.38,0.36,"2026-09-20",533,"N20","nominal","2.0NRT",297.63,2.75,"D"
"302",40.75994,106.58492,330.71,0.44,0.39,"2026-09-20",540,"N20","low","2.0NRT",305.66,1.98,"D"
"303",22.76775,115.01629,338.12,0.38,0.36,"2026-09-20",533,"N20","nominal","2.0NRT",296.91,2.75,"D"
"304",41.00069,107.80888,336.78,0.41,0.37,"2026-09-20",540,"N20","nominal","2.0NRT",302.44,2.87,"D"
"305",22.76717,115.01257,335.26,0.38,0.36,"2026-09-20",533,"N20","nominal","2.0NRT",298.41,2.75,"D"
"306",40.84089,106.90742,337.75,0.43,0.38,"2026-09-20",540,"N20","nominal","2.0NRT",306.96,2.36,"D"
"307",22.49509,113.07326,332.43,0.42,0.38,"2026-09-20",533,"N20","nominal","2.0NRT",300.13,2.86,"D"
"308",41.01572,107.32876,341.47,0.42,0.38,"2026-09-20",540,"N20","nominal","2.0NRT",303.11,3.34,"D"
"309",22.53119,112.851,341.79,0.43,0.38,"2026-09-20",533,"N20","nominal","2.0NRT",306.27,6.97,"D"
"310",41.01909,107.3277,342.74,0.42,0.38,"2026-09-20",540,"N20","nominal","2.0NRT",301.09,3.34,"D"
"311",22.92888,115.22337,335.13,0.38,0.36,"2026-09-20",533,"N20","nominal","2.0NRT",297.21,3.87,"D"
"312",41.03765,107.07595,336.12,0.42,0.38,"2026-09-20",540,"N20","nominal","2.0NRT",301,3.09,"D"
"313",22.82229,113.36697,330.6,0.41,0.37,"2026-09-20",533,"N20","low","2.0NRT",302.89,3.78,"D"
"314",41.03676,107.07101,335.06,0.42,0.38,"2026-09-20",540,"N20","nominal","2.0NRT",301.99,3.14,"D"
"315",42.86556,120.6731,333.2,0.32,0.55,"2026-09-20",540,"N20","nominal","2.0NRT",297.41,1.59,"D"
"316",22.17505,109.66292,339.63,0.42,0.45,"2026-09-20",533,"N20","nominal","2.0NRT",297.12,7.3,"D"
"317",45.75299,115.72745,342.7,0.4,0.44,"2026-09-20",540,"N20","nominal","2.0NRT",301.44,6.67,"D"
"318",22.17426,109.65882,337.73,0.42,0.45,"2026-09-20",533,"N20","nominal","2.0NRT",298.25,7.3,"D"
"319",45.75253,115.72216,340.7,0.4,0.44,"2026-09-20",540,"N20","nominal","2.0NRT",305.87,6.67,"D"
"320",23.19838,115.58775,332.04,0.38,0.36,"2026-09-20",533,"N20","low","2.0NRT",306.55,3.85,"D"
"321",43.6747,95.02354,350.87,0.42,0.61,"2026-09-20",542,"N20","nominal","2.0NRT",315.66,3.26,"D"
"322",23.19782,115.58401,332.47,0.38,0.36,"2026-09-20",533,"N20","low","2.0NRT",307.25,3.85,"D"
"323",43.67992,95.02055,340.26,0.42,0.61,"2026-09-20",542,"N20","nominal","2.0NRT",308.5,3.25,"D"
"324",23.00032,113.947,337.8,0.4,0.37,"2026-09-20",533,"N20","nominal","2.0NRT",299.73,1.75,"D"
"325",43.67572,95.00628,350.95,0.42,0.61,"2026-09-20",542,"N20","nominal","2.0NRT",312.95,5.41,"D"
"326",22.96487,113.61137,333.73,0.4,0.37,"2026-09-20",533,"N20","nominal","2.0NRT",300.68,3.03,"D"
"327",43.69211,95.04136,344.83,0.42,0.61,"2026-09-20",542,"N20","nominal","2.0NRT",315.55,3.7,"D"
"328",22.80769,112.67931,334.52,0.43,0.38,"2026-09-20",533,"N20","low","2.0NRT",307.52,9.6,"D"
"329",22.86859,112.99413,333.82,0.42,0.38,"2026-09-20",533,"N20","nominal","2.0NRT",302.07,4.23,"D"
"330",22.85638,112.73367,331.19,0.43,0.38,"2026-09-20",533,"N20","low","2.0NRT",303.53,6.08,"D"
"331",22.94069,113.19236,331.35,0.42,0.37,"2026-09-20",533,"N20","low","2.0NRT",304,4.35,"D"
"332",22.89103,112.76958,330.28,0.43,0.38,"2026-09-20",533,"N20","low","2.0NRT",301.97,3.13,"D"
"333",22.17402,108.6831,331.4,0.48,0.48,"2026-09-20",533,"N20","nominal","2.0NRT",299.17,4.15,"D"
"334",22.96142,112.96004,333.15,0.42,0.38,"2026-09-20",533,"N20","nominal","2.0NRT",301.06,4.31,"D"
"335",23.07517,113.53441,331.3,0.41,0.37,"2026-09-20",533,"N20","nominal","2.0NRT",301.23,2.87,"D"
"336",22.51999,110.26109,343.76,0.57,0.43,"2026-09-20",533,"N20","nominal","2.0NRT",298.72,12.24,"D"
"337",22.98029,112.73602,334.19,0.43,0.38,"2026-09-20",533,"N20","nominal","2.0NRT",300.18,3.27,"D"
"338",23.70074,116.57974,331.6,0.4,0.37,"2026-09-20",533,"N20","nominal","2.0NRT",300.66,3.03,"D"
"339",24.2236,120.49043,333.36,0.39,0.44,"2026-09-20",533,"N20","nominal","2.0NRT",299.03,3.75,"D"
"340",23.20703,112.97543,346.72,0.42,0.38,"2026-09-20",533,"N20","nominal","2.0NRT",300.84,7.22,"D"
"341",23.1901,112.66532,330.51,0.43,0.38,"2026-09-20",533,"N20","low","2.0NRT",303.9,7.67,"D"
"342",21.18386,102.61293,331.97,0.61,0.71,"2026-09-20",533,"N20","nominal","2.0NRT",289.1,6.01,"D"
"343",23.32835,112.83854,331.83,0.42,0.38,"2026-09-20",533,"N20","low","2.0NRT",303.02,4.9,"D"
"344",23.85624,115.71725,337.67,0.39,0.36,"2026-09-20",533,"N20","nominal","2.0NRT",300.23,4.38,"D"
"345",23.3922,112.73808,333.57,0.43,0.38,"2026-09-20",533,"N20","nominal","2.0NRT",297.5,2.57,"D"
"346",23.43146,112.92846,334.2,0.42,0.38,"2026-09-20",533,"N20","nominal","2.0NRT",300.61,4.84,"D"
"347",23.40396,112.76553,337.47,0.42,0.38,"2026-09-20",533,"N20","nominal","2.0NRT",296.75,2.55,"D"
"348",23.40326,112.76139,346.92,0.42,0.38,"2026-09-20",533,"N20","nominal","2.0NRT",296.49,2.55,"D"
"349",23.44859,112.73531,337.54,0.43,0.38,"2026-09-20",533,"N20","nominal","2.0NRT",298.88,13.3,"D"
"350",23.20387,111.25744,332.31,0.49,0.41,"2026-09-20",533,"N20","nominal","2.0NRT",295.71,6.96,"D"
"351",23.51034,112.8336,339.2,0.42,0.38,"2026-09-20",533,"N20","nominal","2.0NRT",299.6,3.61,"D"
"352",23.49922,112.74707,340.41,0.42,0.38,"2026-09-20",533,"N20","nominal","2.0NRT",298.36,14.62,"D"
"353",23.62015,113.13272,330.77,0.41,0.37,"2026-09-20",533,"N20","low","2.0NRT",302.1,4.57,"D"
"354",22.84539,108.78655,335.82,0.46,0.47,"2026-09-20",533,"N20","nominal","2.0NRT",297.9,3.8,"D"
"355",22.84455,108.78217,335.66,0.46,0.47,"2026-09-20",533,"N20","nominal","2.0NRT",299.76,3.8,"D"
"356",22.84965,108.78555,337.56,0.46,0.47,"2026-09-20",533,"N20","nominal","2.0NRT",300.39,4.51,"D"
"357",22.8488,108.78117,338.39,0.46,0.47,"2026-09-20",533,"N20","nominal","2.0NRT",299.76,4.51,"D"
"358",22.84396,108.7876,336.49,0.46,0.47,"2026-09-20",533,"N20","nominal","2.0NRT",296.95,3.45,"D"
"359",22.84821,108.7866,335.28,0.46,0.47,"2026-09-20",533,"N20","nominal","2.0NRT",300,3.45,"D"
"360",22.84733,108.78223,337.05,0.46,0.47,"2026-09-20",533,"N20","nominal","2.0NRT",300.45,3.45,"D"
"361",23.66124,112.85027,330,0.42,0.38,"2026-09-20",533,"N20","nominal","2.0NRT",299.96,4.05,"D"
"362",23.3765,111.1633,331.01,0.5,0.41,"2026-09-20",533,"N20","nominal","2.0NRT",300.35,3.4,"D"
"363",23.37568,111.15872,330.26,0.5,0.41,"2026-09-20",533,"N20","nominal","2.0NRT",298.33,9.66,"D"
"364",23.381,111.16713,330.87,0.5,0.41,"2026-09-20",533,"N20","nominal","2.0NRT",298.28,3.4,"D"
"365",23.38018,111.16253,340.26,0.5,0.41,"2026-09-20",533,"N20","nominal","2.0NRT",299.51,3.4,"D"
"366",23.72363,112.99245,333.95,0.42,0.37,"2026-09-20",533,"N20","nominal","2.0NRT",299.05,2.48,"D"
"367",23.52418,111.23486,329.45,0.49,0.4,"2026-09-20",533,"N20","nominal","2.0NRT",298.98,5.02,"D"
"368",24.72818,118.28278,332.86,0.46,0.39,"2026-09-20",533,"N20","low","2.0NRT",306.43,9.14,"D"
"369",23.90265,112.13125,329.5,0.44,0.39,"2026-09-20",533,"N20","low","2.0NRT",303.4,5.33,"D"
"370",24.25333,113.40553,339.09,0.4,0.37,"2026-09-20",533,"N20","nominal","2.0NRT",302.61,4.69,"D"
"371",24.27661,113.42113,331.22,0.4,0.37,"2026-09-20",533,"N20","nominal","2.0NRT",300.7,2.48,"D"
"372",24.17447,112.7636,329.66,0.42,0.38,"2026-09-20",533,"N20","low","2.0NRT",300.34,4.42,"D"
"373",24.73925,116.18526,334.9,0.4,0.37,"2026-09-20",533,"N20","nominal","2.0NRT",299.18,2.35,"D"
"374",24.29769,111.72265,329.54,0.46,0.39,"2026-09-20",533,"N20","nominal","2.0NRT",295.29,2.21,"D"
"375",24.70442,113.62353,336.08,0.39,0.37,"2026-09-20",533,"N20","nominal","2.0NRT",299.91,3.27,"D"
"376",24.73829,113.40907,330.54,0.4,0.37,"2026-09-20",533,"N20","low","2.0NRT",302.54,5.61,"D"
"377",24.21321,109.33881,330,0.4,0.44,"2026-09-20",533,"N20","low","2.0NRT",302.4,4.16,"D"
"378",24.3502,109.37266,329.36,0.4,0.44,"2026-09-20",536,"N20","low","2.0NRT",301.67,4.01,"D"
"379",25.41215,114.90595,331.02,0.38,0.36,"2026-09-20",536,"N20","low","2.0NRT",304.78,3.58,"D"
"380",25.80317,117.54645,331.62,0.44,0.38,"2026-09-20",536,"N20","nominal","2.0NRT",293.73,3.27,"D"
"381",24.53419,109.34245,331.97,0.4,0.44,"2026-09-20",536,"N20","nominal","2.0NRT",301.1,5.01,"D"
"382",24.65447,109.18147,329.46,0.4,0.44,"2026-09-20",536,"N20","low","2.0NRT",301.27,5.04,"D"
"383",25.49134,113.68683,330.34,0.39,0.36,"2026-09-20",536,"N20","nominal","2.0NRT",298.44,4.45,"D"
"384",26.73182,119.63715,333.27,0.57,0.43,"2026-09-20",536,"N20","nominal","2.0NRT",297.9,6.86,"D"
"385",25.20157,109.39548,329.67,0.38,0.43,"2026-09-20",536,"N20","low","2.0NRT",301.23,4.69,"D"
"386",25.41634,110.35172,331.61,0.51,0.41,"2026-09-20",536,"N20","nominal","2.0NRT",301.42,2.85,"D"
"387",26.56034,114.36318,330.84,0.38,0.36,"2026-09-20",536,"N20","nominal","2.0NRT",296.23,1.94,"D"
"388",24.99668,104.62752,327.61,0.38,0.59,"2026-09-20",536,"N20","nominal","2.0NRT",293.62,1.91,"D"
"389",25.61787,106.6876,340.03,0.54,0.51,"2026-09-20",536,"N20","nominal","2.0NRT",296.91,5.85,"D"
"390",27.4569,117.1573,332.21,0.44,0.38,"2026-09-20",536,"N20","nominal","2.0NRT",296.97,6.66,"D"
"391",27.46042,117.15676,338.27,0.44,0.38,"2026-09-20",536,"N20","nominal","2.0NRT",296.49,4.06,"D"
"392",25.71703,106.79403,331.56,0.53,0.5,"2026-09-20",536,"N20","nominal","2.0NRT",299.83,5.65,"D"
"393",25.11811,103.79703,328.01,0.42,0.61,"2026-09-20",536,"N20","nominal","2.0NRT",295.35,5.33,"D"
"394",25.11619,103.78881,327.03,0.42,0.61,"2026-09-20",536,"N20","nominal","2.0NRT",294.46,6.53,"D"
"395",27.18716,114.48561,336.76,0.38,0.36,"2026-09-20",536,"N20","nominal","2.0NRT",297.16,4.51,"D"
"396",25.33877,103.92474,335.68,0.41,0.61,"2026-09-20",536,"N20","nominal","2.0NRT",296.78,3.27,"D"
"397",24.97457,102.33393,325.87,0.52,0.67,"2026-09-20",536,"N20","nominal","2.0NRT",294.64,5.85,"D"
"398",55.15688,106.54343,328.28,0.4,0.37,"2026-09-20",544,"N20","nominal","2.0NRT",293.47,19.19,"D"
"399",57.53591,105.86408,329.28,0.41,0.37,"2026-09-20",544,"N20","nominal","2.0NRT",288.24,8.97,"D"
"400",57.56128,105.92358,332.24,0.41,0.37,"2026-09-20",544,"N20","nominal","2.0NRT",301.73,14.25,"D"
"401",57.56549,105.92884,338.14,0.41,0.37,"2026-09-20",544,"N20","nominal","2.0NRT",294.91,14.25,"D"
"402",57.61514,105.68622,330.21,0.41,0.37,"2026-09-20",544,"N20","nominal","2.0NRT",292.33,4.49,"D"
"403",57.68067,106.08461,345.44,0.41,0.37,"2026-09-20",544,"N20","nominal","2.0NRT",308.52,16.25,"D"
"404",57.72415,106.03641,329.62,0.41,0.37,"2026-09-20",544,"N20","nominal","2.0NRT",289.69,3.2,"D"
"405",57.74018,105.94292,327.49,0.41,0.37,"2026-09-20",544,"N20","nominal","2.0NRT",287.97,3.21,"D"
"406",57.87439,105.88809,343.24,0.41,0.37,"2026-09-20",544,"N20","nominal","2.0NRT",309.91,33.55,"D"
"407",58.0375,106.54771,338.26,0.42,0.38,"2026-09-20",544,"N20","nominal","2.0NRT",291.65,4.33,"D"
"408",58.09287,106.56075,336.57,0.42,0.38,"2026-09-20",544,"N20","nominal","2.0NRT",301.95,20.53,"D"
"409",58.09453,106.54504,336.88,0.42,0.38,"2026-09-20",544,"N20","nominal","2.0NRT",289.48,5.93,"D"
"410",58.29261,106.91972,334.84,0.43,0.38,"2026-09-20",544,"N20","nominal","2.0NRT",290.18,7.84,"D"
"411",58.42326,107.58228,327.5,0.45,0.39,"2026-09-20",544,"N20","nominal","2.0NRT",284.27,19.76,"D"
"412",58.42278,107.44835,328.19,0.44,0.39,"2026-09-20",544,"N20","nominal","2.0NRT",286.99,2.05,"D"
"413",58.48249,107.02393,337.72,0.44,0.38,"2026-09-20",544,"N20","nominal","2.0NRT",291.91,10.93,"D"
"414",58.73093,102.53079,328.02,0.38,0.36,"2026-09-20",544,"N20","nominal","2.0NRT",288.64,2.52,"D"
"415",59.42495,107.81004,327.45,0.47,0.39,"2026-09-20",544,"N20","nominal","2.0NRT",286.24,2.77,"D"
"416",59.78664,108.19795,327.47,0.48,0.4,"2026-09-20",544,"N20","nominal","2.0NRT",284.86,13.33,"D"
"417",59.84226,108.40894,328.04,0.49,0.4,"2026-09-20",544,"N20","nominal","2.0NRT",285.44,4.87,"D"
"418",60.12055,110.76485,337.38,0.38,0.43,"2026-09-20",544,"N20","nominal","2.0NRT",285.08,2.49,"D"
"419",60.20981,109.93047,326.31,0.54,0.42,"2026-09-20",544,"N20","nominal","2.0NRT",286.75,3.55,"D"
"420",60.14537,109.10009,332.54,0.51,0.41,"2026-09-20",544,"N20","nominal","2.0NRT",286.08,11.28,"D"
"421",60.14795,109.10036,331.32,0.51,0.41,"2026-09-20",544,"N20","nominal","2.0NRT",286.57,39.93,"D"
"422",60.4754,109.87534,326.26,0.55,0.42,"2026-09-20",546,"N20","nominal","2.0NRT",288.55,3.86,"D"
"423",60.46172,109.71758,338.79,0.54,0.42,"2026-09-20",546,"N20","nominal","2.0NRT",288.41,3.57,"D"
"424",60.47928,109.87414,327.62,0.55,0.42,"2026-09-20",546,"N20","nominal","2.0NRT",286.27,5.78,"D"
"425",61.45886,113.00599,333.84,0.47,0.47,"2026-09-20",546,"N20","nominal","2.0NRT",278.47,1.95,"D"
"426",61.53862,113.16726,351.67,0.47,0.48,"2026-09-20",546,"N20","nominal","2.0NRT",285.08,12.83,"D"
"427",60.43649,97.7943,336.12,0.4,0.37,"2026-09-20",546,"N20","nominal","2.0NRT",291.37,14.6,"D"
"428",60.43357,97.6789,340.29,0.4,0.37,"2026-09-20",546,"N20","nominal","2.0NRT",290.83,23.55,"D"
"429",60.39994,97.47598,327.93,0.4,0.37,"2026-09-20",546,"N20","nominal","2.0NRT",289.45,4.14,"D"
"430",60.44131,97.5556,329.27,0.4,0.37,"2026-09-20",546,"N20","nominal","2.0NRT",291.93,29.42,"D"
"431",62.34862,113.76486,339.54,0.5,0.49,"2026-09-20",546,"N20","nominal","2.0NRT",285.25,13.11,"D"
"432",62.35414,113.69425,345.36,0.5,0.49,"2026-09-20",546,"N20","nominal","2.0NRT",292.8,30.05,"D"
"433",60.49176,97.41476,329.55,0.4,0.37,"2026-09-20",546,"N20","nominal","2.0NRT",289.13,3.79,"D"
"434",60.44703,97.15442,329.86,0.41,0.37,"2026-09-20",546,"N20","nominal","2.0NRT",293.18,20,"D"
"435",62.39486,113.49676,326.13,0.49,0.49,"2026-09-20",546,"N20","nominal","2.0NRT",282.97,3,"D"
"436",62.40434,113.59268,346.42,0.5,0.49,"2026-09-20",546,"N20","nominal","2.0NRT",284.67,9.19,"D"
"437",62.44448,113.66267,342.38,0.5,0.49,"2026-09-20",546,"N20","nominal","2.0NRT",288.97,16.93,"D"
"438",60.42528,96.51605,332.72,0.41,0.37,"2026-09-20",546,"N20","nominal","2.0NRT",289.65,4.53,"D"
"439",60.42391,96.5089,342.35,0.41,0.37,"2026-09-20",546,"N20","nominal","2.0NRT",294.97,4.53,"D"
"440",60.42851,96.51352,345.46,0.41,0.37,"2026-09-20",546,"N20","nominal","2.0NRT",303.01,49.35,"D"
"441",60.42714,96.50638,304.6,0.41,0.37,"2026-09-20",546,"N20","low","2.0NRT",309.28,49.35,"D"
"442",62.49796,113.90482,333.24,0.51,0.49,"2026-09-20",546,"N20","nominal","2.0NRT",283.48,3.9,"D"
"443",60.43337,96.25452,326.59,0.42,0.38,"2026-09-20",546,"N20","nominal","2.0NRT",289.63,48.73,"D"
"444",60.43663,96.25213,348.65,0.42,0.38,"2026-09-20",546,"N20","nominal","2.0NRT",317.54,48.73,"D"
"445",62.82354,106.45787,325.83,0.48,0.4,"2026-09-20",546,"N20","nominal","2.0NRT",283.66,4.12,"D"
"446",63.85501,117.77164,330.06,0.34,0.56,"2026-09-20",546,"N20","nominal","2.0NRT",282.14,1.92,"D"
"447",63.21789,106.72881,327.32,0.49,0.4,"2026-09-20",546,"N20","nominal","2.0NRT",286.74,3.02,"D"
"448",63.22887,106.72359,329.86,0.49,0.4,"2026-09-20",546,"N20","nominal","2.0NRT",288.48,2.84,"D"
"449",63.25991,106.68868,326.54,0.49,0.4,"2026-09-20",546,"N20","nominal","2.0NRT",285.45,3.77,"D"
"450",63.29975,106.65225,330.52,0.49,0.4,"2026-09-20",546,"N20","nominal","2.0NRT",289.62,5.11,"D"
"451",63.3226,106.65096,344.47,0.49,0.4,"2026-09-20",546,"N20","nominal","2.0NRT",287.73,9.41,"D"
"452",63.44618,107.25572,328.64,0.51,0.41,"2026-09-20",546,"N20","nominal","2.0NRT",285.98,5.61,"D"
"453",63.39157,106.63994,328.59,0.49,0.4,"2026-09-20",546,"N20","nominal","2.0NRT",288.26,2.49,"D"
"454",63.39523,106.63816,335.73,0.49,0.4,"2026-09-20",546,"N20","nominal","2.0NRT",292.89,29.46,"D"
"455",63.62424,108.45895,337.2,0.55,0.42,"2026-09-20",546,"N20","nominal","2.0NRT",283.65,10.71,"D"
"456",63.73306,108.47142,331.78,0.55,0.43,"2026-09-20",546,"N20","nominal","2.0NRT",286.83,5.49,"D"
"457",63.70138,107.13,330.22,0.51,0.41,"2026-09-20",546,"N20","nominal","2.0NRT",288.29,4.09,"D"
"458",63.74356,107.16425,334.01,0.51,0.41,"2026-09-20",546,"N20","nominal","2.0NRT",285.73,3.5,"D"
"459",63.74304,107.1678,333.44,0.51,0.41,"2026-09-20",546,"N20","nominal","2.0NRT",286.48,3.98,"D"
"460",62.27109,94.03474,332.75,0.43,0.38,"2026-09-20",546,"N20","nominal","2.0NRT",290.54,6.22,"D"
"461",63.1662,97.25645,337.83,0.39,0.36,"2026-09-20",546,"N20","nominal","2.0NRT",288.95,3.5,"D"
"462",63.16934,97.25386,335.04,0.39,0.36,"2026-09-20",546,"N20","nominal","2.0NRT",287.84,3.6,"D"
"463",64.41084,106.61222,343.06,0.5,0.41,"2026-09-20",546,"N20","nominal","2.0NRT",290.78,14.5,"D"
"464",62.69958,93.3489,342.32,0.43,0.38,"2026-09-20",546,"N20","nominal","2.0NRT",290.14,5.24,"D"
"465",62.70283,93.34592,330.4,0.43,0.38,"2026-09-20",546,"N20","nominal","2.0NRT",286.09,5.24,"D"
"466",63.19635,95.10003,334.57,0.4,0.37,"2026-09-20",546,"N20","nominal","2.0NRT",288.7,3.31,"D"
"467",61.75491,88.3736,332.33,0.39,0.44,"2026-09-20",546,"N20","nominal","2.0NRT",286.17,2.59,"D"
"468",61.76015,88.37611,343.38,0.39,0.44,"2026-09-20",546,"N20","nominal","2.0NRT",287.64,6.54,"D"
"469",61.75848,88.36955,344.76,0.39,0.44,"2026-09-20",546,"N20","nominal","2.0NRT",287.2,6.54,"D"
"470",61.75675,88.36289,354.19,0.39,0.44,"2026-09-20",546,"N20","nominal","2.0NRT",288.13,10.82,"D"
"471",61.76538,88.37852,337.57,0.39,0.44,"2026-09-20",546,"N20","nominal","2.0NRT",283.73,7.84,"D"
"472",61.76373,88.37209,346.7,0.39,0.44,"2026-09-20",546,"N20","nominal","2.0NRT",290.82,6.54,"D"
"473",61.85098,88.38229,345.55,0.38,0.44,"2026-09-20",546,"N20","nominal","2.0NRT",282.11,6.5,"D"
"474",61.85281,88.37151,350.62,0.39,0.44,"2026-09-20",546,"N20","nominal","2.0NRT",285.74,14.58,"D"
"475",61.85112,88.36495,330.08,0.39,0.44,"2026-09-20",546,"N20","nominal","2.0NRT",282.19,8.47,"D"
"476",61.85464,88.36077,333.18,0.39,0.44,"2026-09-20",546,"N20","nominal","2.0NRT",285.76,8.47,"D"
"477",61.85632,88.36729,355.96,0.39,0.44,"2026-09-20",546,"N20","low","2.0NRT",284.04,14.58,"D"
"478",65.34139,110.70857,325.33,0.44,0.46,"2026-09-20",546,"N20","nominal","2.0NRT",284.17,2.27,"D"
"479",65.40895,110.6775,335.44,0.44,0.46,"2026-09-20",546,"N20","nominal","2.0NRT",283.88,4.31,"D"
"480",65.41103,110.67551,340.58,0.44,0.46,"2026-09-20",546,"N20","nominal","2.0NRT",282.04,8.95,"D"
"481",63.86858,95.46019,336.33,0.39,0.36,"2026-09-20",546,"N20","nominal","2.0NRT",289.22,2.86,"D"
"482",63.61534,93.73144,331.81,0.41,0.37,"2026-09-20",546,"N20","nominal","2.0NRT",290.15,5.14,"D"
"483",63.61852,93.72845,343.74,0.41,0.37,"2026-09-20",546,"N20","nominal","2.0NRT",288.91,5.14,"D"
"484",63.61879,93.72987,334.94,0.41,0.37,"2026-09-20",546,"N20","nominal","2.0NRT",288.02,4.73,"D"
"485",63.61727,93.72213,337.93,0.41,0.37,"2026-09-20",546,"N20","nominal","2.0NRT",288.14,3.13,"D"
"486",62.83023,88.21004,325.17,0.54,0.42,"2026-09-20",546,"N20","nominal","2.0NRT",288,7.54,"D"
"487",62.85157,88.09795,345.69,0.55,0.42,"2026-09-20",546,"N20","nominal","2.0NRT",289.87,8.06,"D"
"488",62.84446,88.06931,327.63,0.55,0.42,"2026-09-20",546,"N20","nominal","2.0NRT",288.7,3.42,"D"
"489",62.85073,88.09171,347.8,0.55,0.42,"2026-09-20",546,"N20","nominal","2.0NRT",291.79,10.7,"D"
"490",62.84594,88.07271,325.39,0.55,0.42,"2026-09-20",546,"N20","nominal","2.0NRT",289.03,5.29,"D"
"491",62.85419,88.08757,344.59,0.55,0.42,"2026-09-20",546,"N20","nominal","2.0NRT",288.26,10.7,"D"
"492",62.85178,88.07807,335.56,0.55,0.42,"2026-09-20",546,"N20","nominal","2.0NRT",290.07,5.29,"D"
"493",62.84938,88.06857,339.17,0.55,0.42,"2026-09-20",546,"N20","nominal","2.0NRT",289.37,5.29,"D"
"494",62.85524,88.07391,347.45,0.55,0.42,"2026-09-20",546,"N20","nominal","2.0NRT",288.67,7.88,"D"
"495",62.85284,88.06443,350.56,0.55,0.42,"2026-09-20",546,"N20","nominal","2.0NRT",290.09,7.88,"D"
"496",62.94344,88.10384,333.2,0.54,0.42,"2026-09-20",546,"N20","nominal","2.0NRT",288.74,7.71,"D"
"497",62.83054,87.46272,335.82,0.57,0.43,"2026-09-20",546,"N20","nominal","2.0NRT",285.1,8.9,"D"
"498",62.98735,87.91811,334.2,0.55,0.42,"2026-09-20",546,"N20","nominal","2.0NRT",288.65,6.63,"D"
"499",63.18766,88.16137,341.61,0.53,0.42,"2026-09-20",546,"N20","nominal","2.0NRT",290.46,8.05,"D"
"500",63.18303,88.1426,342.86,0.53,0.42,"2026-09-20",546,"N20","nominal","2.0NRT",288.83,6.53,"D"
"501",63.19107,88.15723,335.15,0.53,0.42,"2026-09-20",546,"N20","nominal","2.0NRT",295.15,13.11,"D"
"502",63.18644,88.13843,328,0.53,0.42,"2026-09-20",546,"N20","nominal","2.0NRT",289.01,4.1,"D"
"503",63.17947,88.11019,345.19,0.53,0.42,"2026-09-20",546,"N20","nominal","2.0NRT",289.39,8.95,"D"
"504",63.1968,88.1625,351.74,0.53,0.42,"2026-09-20",546,"N20","nominal","2.0NRT",290.56,13.11,"D"
"505",63.1852,88.11545,351.21,0.53,0.42,"2026-09-20",546,"N20","nominal","2.0NRT",291.5,14.56,"D"
"506",63.18288,88.10603,349.81,0.53,0.42,"2026-09-20",546,"N20","nominal","2.0NRT",292.67,8.95,"D"
"507",63.18056,88.09666,345.05,0.53,0.42,"2026-09-20",546,"N20","nominal","2.0NRT",291.5,8.95,"D"
"508",63.2002,88.15835,347.96,0.53,0.42,"2026-09-20",546,"N20","nominal","2.0NRT",292.19,8.79,"D"
"509",63.18166,88.0831,329.91,0.53,0.42,"2026-09-20",546,"N20","nominal","2.0NRT",288.91,3.05,"D"
"510",63.20361,88.15421,339.37,0.53,0.42,"2026-09-20",546,"N20","nominal","2.0NRT",290.29,8.79,"D"
"511",63.95679,90.42626,329.01,0.46,0.39,"2026-09-20",546,"N20","nominal","2.0NRT",288.94,4.03,"D"
"512",63.9619,90.43107,339.65,0.46,0.39,"2026-09-20",546,"N20","nominal","2.0NRT",287.32,8.02,"D"
"513",63.35149,87.4224,329.37,0.55,0.42,"2026-09-20",546,"N20","nominal","2.0NRT",288.6,3.95,"D"
"514",63.35494,87.4182,337.9,0.55,0.42,"2026-09-20",546,"N20","nominal","2.0NRT",291.06,9.51,"D"
"515",63.48118,87.37885,327.43,0.54,0.42,"2026-09-20",546,"N20","nominal","2.0NRT",289.87,4.44,"D"
"516",63.48462,87.3746,328.23,0.54,0.42,"2026-09-20",546,"N20","nominal","2.0NRT",291.37,5.87,"D"
"517",64.30956,86.79897,328.85,0.53,0.42,"2026-09-20",546,"N20","nominal","2.0NRT",288.48,3.32,"D"
"518",68.16775,108.42963,338.32,0.42,0.45,"2026-09-20",548,"N20","nominal","2.0NRT",288.31,9.32,"D"
"519",68.16709,108.41958,333.82,0.42,0.45,"2026-09-20",548,"N20","nominal","2.0NRT",286.01,9.32,"D"
"520",67.6637,100.30329,334.69,0.43,0.38,"2026-09-20",548,"N20","nominal","2.0NRT",289.89,12.53,"D"
"521",67.66252,100.29345,348.03,0.43,0.38,"2026-09-20",548,"N20","nominal","2.0NRT",292.63,11.78,"D"
"522",67.66702,100.3002,349.8,0.43,0.38,"2026-09-20",548,"N20","nominal","2.0NRT",290.16,12.53,"D"
"523",67.66585,100.29057,345.2,0.43,0.38,"2026-09-20",548,"N20","nominal","2.0NRT",295.11,11.78,"D"
"524",67.66467,100.28082,331.22,0.43,0.38,"2026-09-20",548,"N20","nominal","2.0NRT",289.58,11.78,"D"
"525",68.333,106.18996,327.74,0.56,0.43,"2026-09-20",548,"N20","nominal","2.0NRT",289.19,9.32,"D"
"526",65.02006,83.66074,337.85,0.39,0.44,"2026-09-20",548,"N20","nominal","2.0NRT",287.47,4.85,"D"
"527",65.01814,83.65367,340.69,0.39,0.44,"2026-09-20",548,"N20","nominal","2.0NRT",288.22,4.85,"D"
"528",69.15167,111.07604,348.13,0.5,0.49,"2026-09-20",548,"N20","nominal","2.0NRT",288.26,10.77,"D"
"529",69.15104,111.06321,342.53,0.5,0.49,"2026-09-20",548,"N20","nominal","2.0NRT",289.92,10.77,"D"
"530",69.15256,111.07834,338.19,0.5,0.49,"2026-09-20",548,"N20","nominal","2.0NRT",286.55,10.65,"D"
"531",69.15198,111.06547,349.47,0.5,0.49,"2026-09-20",548,"N20","nominal","2.0NRT",289.46,8.3,"D"
"532",69.15139,111.05273,326.04,0.5,0.49,"2026-09-20",548,"N20","nominal","2.0NRT",287.7,8.3,"D"
"533",69.1553,111.03841,341.45,0.5,0.49,"2026-09-20",548,"N20","nominal","2.0NRT",288.62,7.22,"D"
"534",69.15977,111.03623,329.9,0.5,0.49,"2026-09-20",548,"N20","nominal","2.0NRT",286.36,9.54,"D"
"535",65.26914,83.67965,328.57,0.57,0.43,"2026-09-20",548,"N20","nominal","2.0NRT",288.15,6.47,"D"
"536",69.17978,109.74821,342.95,0.46,0.47,"2026-09-20",548,"N20","nominal","2.0NRT",287.04,5.38,"D"
"537",69.17961,109.75128,336.9,0.46,0.47,"2026-09-20",548,"N20","nominal","2.0NRT",285.56,6.23,"D"
"538",69.25871,109.57464,328.3,0.46,0.47,"2026-09-20",548,"N20","nominal","2.0NRT",287.03,3.35,"D"
"539",69.26498,109.60751,347.15,0.46,0.47,"2026-09-20",548,"N20","nominal","2.0NRT",289.69,10.47,"D"
"540",69.28223,109.59876,327.62,0.46,0.47,"2026-09-20",548,"N20","nominal","2.0NRT",286.77,2.43,"D"
"541",65.23231,82.96947,338.16,0.4,0.44,"2026-09-20",548,"N20","nominal","2.0NRT",286.75,3.7,"D"
"542",65.26359,83.0976,332.16,0.39,0.44,"2026-09-20",548,"N20","nominal","2.0NRT",286.1,1.96,"D"
"543",65.23129,82.96392,339.99,0.4,0.44,"2026-09-20",548,"N20","nominal","2.0NRT",289.3,9.19,"D"
"544",65.34635,83.22124,325.22,0.39,0.44,"2026-09-20",548,"N20","nominal","2.0NRT",286.26,6.77,"D"
"545",65.34442,83.2142,344.8,0.39,0.44,"2026-09-20",548,"N20","nominal","2.0NRT",289.97,6.77,"D"
"546",65.34248,83.20712,339.16,0.39,0.44,"2026-09-20",548,"N20","nominal","2.0NRT",289.28,7.2,"D"
"547",65.35166,83.22294,345.47,0.39,0.44,"2026-09-20",548,"N20","nominal","2.0NRT",286.38,5.37,"D"
"548",65.35989,83.19988,328.94,0.39,0.44,"2026-09-20",548,"N20","nominal","2.0NRT",290.88,4.73,"D"
"549",65.66757,84.31991,333.81,0.54,0.42,"2026-09-20",548,"N20","nominal","2.0NRT",287.29,5.76,"D"
"550",65.67606,84.33488,326.68,0.54,0.42,"2026-09-20",548,"N20","nominal","2.0NRT",285.96,3.79,"D"
"551",65.67089,84.31487,331.6,0.54,0.42,"2026-09-20",548,"N20","nominal","2.0NRT",286.81,5.76,"D"
"552",65.66829,84.30486,330.65,0.54,0.42,"2026-09-20",548,"N20","nominal","2.0NRT",288.28,6.24,"D"
"553",65.6768,84.31988,331.34,0.54,0.42,"2026-09-20",548,"N20","nominal","2.0NRT",287.6,8.55,"D"
"554",65.6716,84.2998,340.1,0.54,0.42,"2026-09-20",548,"N20","nominal","2.0NRT",289.99,11.62,"D"
"555",65.68011,84.31487,346.38,0.54,0.42,"2026-09-20",548,"N20","nominal","2.0NRT",289.02,8.55,"D"
"556",65.68342,84.30979,339.68,0.54,0.42,"2026-09-20",548,"N20","nominal","2.0NRT",285.45,6.21,"D"
"557",65.68083,84.29979,328.26,0.54,0.42,"2026-09-20",548,"N20","nominal","2.0NRT",287.27,6.21,"D"
"558",65.38988,83.20338,332.65,0.39,0.44,"2026-09-20",548,"N20","nominal","2.0NRT",287.1,7.36,"D"
"559",65.39326,83.19807,352.87,0.39,0.44,"2026-09-20",548,"N20","nominal","2.0NRT",290.79,7.36,"D"
"560",65.41681,83.23147,330.34,0.39,0.44,"2026-09-20",548,"N20","nominal","2.0NRT",287.18,1.66,"D"
"561",65.85396,84.88935,326.47,0.52,0.41,"2026-09-20",548,"N20","nominal","2.0NRT",285.33,4.11,"D"
"562",65.85147,84.87951,333.18,0.52,0.41,"2026-09-20",548,"N20","nominal","2.0NRT",286.7,5.45,"D"
"563",65.85722,84.88444,338.52,0.52,0.41,"2026-09-20",548,"N20","nominal","2.0NRT",284.86,5.08,"D"
"564",65.7908,84.60352,327.02,0.53,0.42,"2026-09-20",548,"N20","nominal","2.0NRT",286.46,6.76,"D"
"565",65.85494,84.87927,332.89,0.52,0.41,"2026-09-20",548,"N20","nominal","2.0NRT",286.3,8.06,"D"
"566",65.79031,84.60941,332.44,0.53,0.42,"2026-09-20",548,"N20","nominal","2.0NRT",286.75,3.67,"D"
"567",66.19204,85.9929,329.56,0.48,0.4,"2026-09-20",548,"N20","nominal","2.0NRT",288.47,6.59,"D"
"568",69.44529,109.66071,337.09,0.46,0.47,"2026-09-20",548,"N20","nominal","2.0NRT",287.27,5.23,"D"
"569",65.46571,83.08502,337.69,0.39,0.44,"2026-09-20",548,"N20","nominal","2.0NRT",286.44,6.33,"D"
"570",65.43468,82.97159,327.91,0.39,0.44,"2026-09-20",548,"N20","nominal","2.0NRT",286.99,4.31,"D"
"571",65.4691,83.07967,337,0.39,0.44,"2026-09-20",548,"N20","nominal","2.0NRT",285.12,6.33,"D"
"572",65.46718,83.07267,339.82,0.39,0.44,"2026-09-20",548,"N20","nominal","2.0NRT",290.97,6.33,"D"
"573",65.43807,82.96624,340.94,0.39,0.44,"2026-09-20",548,"N20","nominal","2.0NRT",290.07,4.31,"D"
"574",65.47057,83.06733,343.71,0.39,0.44,"2026-09-20",548,"N20","nominal","2.0NRT",286.74,5.17,"D"
"575",65.44147,82.96093,327.21,0.39,0.44,"2026-09-20",548,"N20","nominal","2.0NRT",287.21,5.02,"D"
"576",65.43366,82.93243,331.92,0.39,0.44,"2026-09-20",548,"N20","nominal","2.0NRT",287.83,3.35,"D"
"577",65.40623,82.83269,328.55,0.39,0.44,"2026-09-20",548,"N20","nominal","2.0NRT",287.55,3.34,"D"
"578",65.43903,82.93423,336.19,0.39,0.44,"2026-09-20",548,"N20","nominal","2.0NRT",287.71,5.63,"D"
"579",65.40906,82.80746,355.53,0.39,0.44,"2026-09-20",548,"N20","nominal","2.0NRT",290.78,10.64,"D"
"580",65.41981,82.81096,340.59,0.39,0.44,"2026-09-20",548,"N20","nominal","2.0NRT",287.27,7.59,"D"
"581",65.84365,84.3899,325.02,0.53,0.42,"2026-09-20",548,"N20","nominal","2.0NRT",285.18,2.25,"D"
"582",65.43892,82.86278,337.73,0.39,0.44,"2026-09-20",548,"N20","nominal","2.0NRT",286.81,4.07,"D"
"583",65.42123,82.79836,356.51,0.39,0.44,"2026-09-20",548,"N20","low","2.0NRT",288.75,7.59,"D"
"584",65.47968,82.94073,328.02,0.39,0.44,"2026-09-20",548,"N20","nominal","2.0NRT",286.61,2.46,"D"
"585",65.47751,82.94459,333.13,0.39,0.44,"2026-09-20",548,"N20","nominal","2.0NRT",287.06,5.08,"D"
"586",65.5038,83.00455,330.9,0.39,0.44,"2026-09-20",548,"N20","nominal","2.0NRT",286.32,3.74,"D"
"587",65.5358,83.01501,329.54,0.39,0.44,"2026-09-20",548,"N20","nominal","2.0NRT",286.02,2.93,"D"
"588",65.54253,83.00425,327.53,0.39,0.44,"2026-09-20",548,"N20","nominal","2.0NRT",286.74,2.27,"D"
"589",65.54591,82.99888,332.86,0.39,0.44,"2026-09-20",548,"N20","nominal","2.0NRT",284.8,2.27,"D"
"590",65.54735,82.98642,328.88,0.39,0.44,"2026-09-20",548,"N20","nominal","2.0NRT",286.88,2.74,"D"
"591",65.53954,82.95792,335.98,0.39,0.44,"2026-09-20",548,"N20","nominal","2.0NRT",286.93,3.81,"D"
"592",65.55071,82.981,341.1,0.39,0.44,"2026-09-20",548,"N20","nominal","2.0NRT",286.38,2.74,"D"
"593",65.54292,82.95256,334.19,0.39,0.44,"2026-09-20",548,"N20","nominal","2.0NRT",286.38,3.81,"D"
"594",64.41646,77.70767,337.78,0.57,0.52,"2026-09-20",548,"N20","nominal","2.0NRT",284.62,6.59,"D"
"595",67.27258,83.21307,330.01,0.5,0.41,"2026-09-20",548,"N20","nominal","2.0NRT",288.69,12.46,"D"
"596",67.28302,83.03962,329.27,0.5,0.41,"2026-09-20",548,"N20","nominal","2.0NRT",288.02,21.57,"D"
"597",65.04775,75.52373,330.32,0.59,0.53,"2026-09-20",548,"N20","nominal","2.0NRT",285.41,5.14,"D"
"598",65.04473,75.47952,326.47,0.59,0.53,"2026-09-20",548,"N20","nominal","2.0NRT",284.78,5.36,"D"
"599",66.66215,80.46326,337.81,0.4,0.44,"2026-09-20",548,"N20","nominal","2.0NRT",279.62,9.85,"D"
"600",66.66879,80.45121,340,0.4,0.44,"2026-09-20",548,"N20","nominal","2.0NRT",284.59,6.07,"D"
"601",66.71714,80.4975,346.1,0.39,0.44,"2026-09-20",548,"N20","nominal","2.0NRT",281.93,4.85,"D"
"602",66.70792,80.44727,343.74,0.39,0.44,"2026-09-20",548,"N20","nominal","2.0NRT",289.17,22.63,"D"
"603",64.78121,74.52376,335.45,0.32,0.55,"2026-09-20",548,"N20","nominal","2.0NRT",284.01,2.01,"D"
"604",64.78502,74.51594,337.54,0.32,0.55,"2026-09-20",548,"N20","nominal","2.0NRT",283.01,2.5,"D"
"605",64.78014,74.52143,328.03,0.32,0.55,"2026-09-20",548,"N20","nominal","2.0NRT",284.17,3.74,"D"
"606",67.19389,81.99052,340.6,0.53,0.42,"2026-09-20",548,"N20","nominal","2.0NRT",279.43,5.33,"D"
"607",67.55011,83.21284,338.89,0.49,0.4,"2026-09-20",548,"N20","nominal","2.0NRT",300.89,36.99,"D"
"608",67.54766,83.20304,284.6,0.49,0.4,"2026-09-20",548,"N20","low","2.0NRT",292.71,36.99,"D"
"609",65.9053,77.24642,327.27,0.5,0.49,"2026-09-20",548,"N20","nominal","2.0NRT",284.82,2.62,"D"
"610",65.79755,76.86857,338.61,0.51,0.49,"2026-09-20",548,"N20","nominal","2.0NRT",279.3,5.8,"D"
"611",64.69598,73.78114,327.13,0.34,0.56,"2026-09-20",548,"N20","nominal","2.0NRT",280.7,1.48,"D"
"612",66.11305,77.06184,346.65,0.49,0.49,"2026-09-20",548,"N20","nominal","2.0NRT",284.56,6.9,"D"
"613",66.09642,76.85222,339.66,0.5,0.49,"2026-09-20",548,"N20","nominal","2.0NRT",284.04,5.18,"D"
"614",66.40751,77.47739,337.61,0.47,0.48,"2026-09-20",548,"N20","nominal","2.0NRT",286.77,3.77,"D"
"615",66.24812,76.82552,338.04,0.49,0.49,"2026-09-20",548,"N20","nominal","2.0NRT",286.48,21.76,"D"
"616",66.24532,76.81696,328.05,0.49,0.49,"2026-09-20",548,"N20","nominal","2.0NRT",283.91,14.32,"D"
"617",66.27951,76.76196,338.1,0.49,0.49,"2026-09-20",548,"N20","nominal","2.0NRT",283.96,4.09,"D"
"618",66.31921,76.79919,337.13,0.49,0.48,"2026-09-20",548,"N20","nominal","2.0NRT",284.35,9.17,"D"
"619",68.20681,83.45459,325.09,0.47,0.39,"2026-09-20",548,"N20","nominal","2.0NRT",280.53,2.33,"D"
"620",66.67006,77.39144,337.84,0.46,0.47,"2026-09-20",548,"N20","nominal","2.0NRT",284.29,8.6,"D"
"621",66.66468,77.32159,336.84,0.46,0.47,"2026-09-20",548,"N20","nominal","2.0NRT",284.76,3.46,"D"
"622",68.41057,83.63037,332.44,0.46,0.39,"2026-09-20",548,"N20","nominal","2.0NRT",282.33,5.84,"D"
"623",66.66068,76.84444,343.18,0.47,0.48,"2026-09-20",548,"N20","nominal","2.0NRT",284.79,5.11,"D"
"624",68.7131,80.52998,326.25,0.5,0.41,"2026-09-20",548,"N20","nominal","2.0NRT",276.03,2.68,"D"
"625",67.80565,72.52976,342.46,0.5,0.49,"2026-09-20",548,"N20","nominal","2.0NRT",283.35,20.98,"D"
"626",67.80252,72.52087,345.16,0.5,0.49,"2026-09-20",548,"N20","nominal","2.0NRT",287.99,20.98,"D"
"627",67.79938,72.51193,341.9,0.51,0.49,"2026-09-20",548,"N20","nominal","2.0NRT",281.82,11.98,"D"
"628",67.80899,72.52154,325.49,0.5,0.49,"2026-09-20",548,"N20","nominal","2.0NRT",282.46,20.98,"D"
"629",67.80582,72.51254,349.2,0.5,0.49,"2026-09-20",548,"N20","nominal","2.0NRT",288.74,20.98,"D"
"630",67.80507,72.52209,345.75,0.5,0.49,"2026-09-20",548,"N20","nominal","2.0NRT",292.72,39.29,"D"
"631",67.8019,72.51319,348.1,0.5,0.49,"2026-09-20",548,"N20","nominal","2.0NRT",287.55,39.29,"D"
"632",67.80521,72.50489,335.11,0.5,0.49,"2026-09-20",548,"N20","nominal","2.0NRT",281.94,5.67,"D"
"633",71.17422,72.19807,331.45,0.54,0.42,"2026-09-20",550,"N20","nominal","2.0NRT",281.5,5.2,"D"
"634",71.68504,71.57462,329.22,0.52,0.42,"2026-09-20",550,"N20","nominal","2.0NRT",283.09,4.07,"D"
"635",20.75905,85.29786,328.64,0.39,0.44,"2026-09-20",716,"N20","nominal","2.0NRT",295.4,3.53,"D"
"636",20.78524,85.26197,336.54,0.39,0.44,"2026-09-20",716,"N20","nominal","2.0NRT",296.47,5.01,"D"
"637",20.7925,85.25673,326.89,0.39,0.44,"2026-09-20",716,"N20","nominal","2.0NRT",295.22,5.45,"D"
"638",20.80503,85.25785,327.56,0.39,0.44,"2026-09-20",716,"N20","nominal","2.0NRT",296.15,3.8,"D"
"639",20.95185,86.05006,326.98,0.52,0.42,"2026-09-20",716,"N20","nominal","2.0NRT",294.01,4.34,"D"
"640",20.95098,86.04514,327.25,0.52,0.42,"2026-09-20",716,"N20","nominal","2.0NRT",294.12,4.34,"D"
"641",20.96442,86.01403,327.74,0.52,0.42,"2026-09-20",716,"N20","nominal","2.0NRT",293.75,4.96,"D"
"642",20.99555,86.01286,335.65,0.52,0.42,"2026-09-20",716,"N20","nominal","2.0NRT",294.14,5.03,"D"
"643",20.86439,84.98729,331.39,0.4,0.44,"2026-09-20",716,"N20","nominal","2.0NRT",289.22,4.78,"D"
"644",21.07588,85.03978,343.94,0.39,0.44,"2026-09-20",716,"N20","nominal","2.0NRT",293.26,6.79,"D"
"645",21.07986,85.03893,329.45,0.39,0.44,"2026-09-20",716,"N20","nominal","2.0NRT",291.7,6.79,"D"
"646",24.45897,99.32107,327.6,0.36,0.57,"2026-09-20",716,"N20","low","2.0NRT",300.29,3.02,"D"
"647",22.31906,82.59113,340.98,0.53,0.5,"2026-09-20",716,"N20","nominal","2.0NRT",292.36,6.55,"D"
"648",22.32356,82.58999,340.61,0.53,0.5,"2026-09-20",716,"N20","nominal","2.0NRT",292.45,7.09,"D"
"649",22.3185,82.56506,327.59,0.53,0.5,"2026-09-20",716,"N20","nominal","2.0NRT",292.96,3.93,"D"
"650",26.57757,101.66579,331.83,0.53,0.67,"2026-09-20",716,"N20","nominal","2.0NRT",290.69,7.66,"D"
"651",26.57592,101.66787,343.85,0.54,0.68,"2026-09-20",716,"N20","nominal","2.0NRT",291.66,8.58,"D"
"652",27.74538,96.12411,335.28,0.5,0.49,"2026-09-20",716,"N20","nominal","2.0NRT",289.21,4.89,"D"
"653",27.81976,96.31673,337.89,0.51,0.49,"2026-09-20",716,"N20","nominal","2.0NRT",289.48,3.52,"D"
"654",31.75117,74.22893,349.18,0.52,0.67,"2026-09-20",720,"N20","nominal","2.0NRT",297.32,7.49,"D"
"655",31.75249,74.22868,348.8,0.52,0.67,"2026-09-20",720,"N20","nominal","2.0NRT",297.21,6.78,"D"
"656",39.83967,98.27612,334.42,0.44,0.62,"2026-09-20",720,"N20","nominal","2.0NRT",303.2,2.07,"D"
"657",40.48327,96.96101,332,0.38,0.59,"2026-09-20",720,"N20","nominal","2.0NRT",302.35,1.35,"D"
"658",39.84194,82.8796,342.54,0.41,0.37,"2026-09-20",720,"N20","low","2.0NRT",316.33,2.07,"D"
"659",42.21735,86.12083,333.57,0.4,0.37,"2026-09-20",722,"N20","nominal","2.0NRT",302.72,2.94,"D"
"660",42.28449,86.33297,333.18,0.4,0.37,"2026-09-20",722,"N20","nominal","2.0NRT",302.21,1.58,"D"
"661",41.8654,81.62234,331.96,0.42,0.38,"2026-09-20",722,"N20","nominal","2.0NRT",300.56,2.69,"D"
"662",43.68031,95.02339,341.02,0.32,0.54,"2026-09-20",722,"N20","nominal","2.0NRT",293.63,2.55,"D"
"663",43.69656,95.0424,335.81,0.32,0.55,"2026-09-20",722,"N20","nominal","2.0NRT",294.16,2.74,"D"
"664",40.53462,73.14462,334.79,0.35,0.57,"2026-09-20",722,"N20","low","2.0NRT",308.32,2.51,"D"
"665",40.66695,73.52939,336.86,0.33,0.55,"2026-09-20",722,"N20","nominal","2.0NRT",306.63,3.26,"D"
"666",44.33183,93.26846,336.5,0.53,0.5,"2026-09-20",722,"N20","low","2.0NRT",311.47,2.3,"D"
"667",40.89727,71.94129,335.18,0.39,0.59,"2026-09-20",722,"N20","nominal","2.0NRT",298.52,2.31,"D"
"668",43.42157,83.43195,332.91,0.38,0.36,"2026-09-20",722,"N20","low","2.0NRT",305.24,1.4,"D"
"669",44.84693,90.93489,340.02,0.41,0.45,"2026-09-20",722,"N20","nominal","2.0NRT",309.63,4.72,"D"
"670",44.84884,90.93718,345.33,0.41,0.45,"2026-09-20",722,"N20","nominal","2.0NRT",310.72,3.35,"D"
"671",44.44304,85.48159,333.19,0.4,0.37,"2026-09-20",722,"N20","nominal","2.0NRT",303.48,1.77,"D"
"672",44.56804,86.36652,337.39,0.42,0.38,"2026-09-20",722,"N20","nominal","2.0NRT",307.74,1.8,"D"
"673",44.165,80.74698,336.43,0.42,0.37,"2026-09-20",722,"N20","nominal","2.0NRT",303.89,2.73,"D"
"674",44.16836,80.74582,333.32,0.42,0.37,"2026-09-20",722,"N20","nominal","2.0NRT",303.96,2.73,"D"
"675",45.35378,85.24001,336.95,0.4,0.37,"2026-09-20",722,"N20","low","2.0NRT",311.55,6.26,"D"
"676",45.6816,85.20095,344.35,0.4,0.37,"2026-09-20",722,"N20","low","2.0NRT",316.31,19.14,"D"
"677",42.78386,68.95667,332.64,0.48,0.65,"2026-09-20",722,"N20","nominal","2.0NRT",299.74,3.25,"D"
"678",42.78813,68.95379,336.29,0.48,0.65,"2026-09-20",722,"N20","nominal","2.0NRT",300.08,4.07,"D"
"679",46.53736,83.54153,343.63,0.39,0.36,"2026-09-20",722,"N20","nominal","2.0NRT",306.11,3.22,"D"
"680",46.63978,83.40289,332.66,0.39,0.36,"2026-09-20",722,"N20","nominal","2.0NRT",303.35,1.79,"D"
"681",46.64305,83.40187,335.51,0.39,0.36,"2026-09-20",722,"N20","nominal","2.0NRT",300.52,1.79,"D"
"682",46.62332,83.20015,348.33,0.39,0.36,"2026-09-20",722,"N20","nominal","2.0NRT",308.2,5.11,"D"
"683",46.66161,83.4117,343.41,0.39,0.36,"2026-09-20",722,"N20","nominal","2.0NRT",300.34,3.78,"D"
"684",47.03748,82.17352,338.24,0.38,0.36,"2026-09-20",722,"N20","nominal","2.0NRT",311.31,3.39,"D"
"685",47.04074,82.17242,345.21,0.38,0.36,"2026-09-20",722,"N20","nominal","2.0NRT",315.95,27.74,"D"
"686",47.0118,79.22173,353.63,0.42,0.38,"2026-09-20",722,"N20","nominal","2.0NRT",309.3,19.57,"D"
"687",47.01717,79.23122,332.27,0.42,0.38,"2026-09-20",722,"N20","nominal","2.0NRT",302.19,7.04,"D"
"688",47.01617,79.22581,355.36,0.42,0.38,"2026-09-20",722,"N20","nominal","2.0NRT",308.43,7.04,"D"
"689",47.02053,79.2299,354.98,0.42,0.38,"2026-09-20",722,"N20","nominal","2.0NRT",307.54,11.86,"D"
"690",47.02489,79.23398,355.44,0.42,0.38,"2026-09-20",722,"N20","nominal","2.0NRT",306.13,11.12,"D"
"691",47.02926,79.23805,332.4,0.42,0.38,"2026-09-20",722,"N20","nominal","2.0NRT",302.86,9.08,"D"
"692",47.02826,79.23264,334.38,0.42,0.38,"2026-09-20",722,"N20","low","2.0NRT",306.76,9.08,"D"
"693",47.02427,79.21101,340.63,0.42,0.38,"2026-09-20",722,"N20","nominal","2.0NRT",304.43,4.67,"D"
"694",47.03262,79.23673,344.24,0.42,0.38,"2026-09-20",722,"N20","nominal","2.0NRT",308.27,9.08,"D"
"695",47.03699,79.24081,333.41,0.42,0.38,"2026-09-20",722,"N20","nominal","2.0NRT",303.57,4.84,"D"
"696",47.03599,79.2354,339.66,0.42,0.38,"2026-09-20",722,"N20","nominal","2.0NRT",307.73,6.04,"D"
"697",47.04034,79.23948,343.32,0.42,0.38,"2026-09-20",722,"N20","nominal","2.0NRT",305.89,4.84,"D"
"698",47.04371,79.23816,345.67,0.42,0.38,"2026-09-20",722,"N20","nominal","2.0NRT",306.78,7,"D"
"699",47.05678,79.25039,342.52,0.42,0.38,"2026-09-20",722,"N20","nominal","2.0NRT",307.35,7.77,"D"
"700",47.05579,79.24499,356.05,0.42,0.38,"2026-09-20",722,"N20","nominal","2.0NRT",310.32,7.77,"D"
"701",47.0548,79.23958,345.5,0.42,0.38,"2026-09-20",722,"N20","nominal","2.0NRT",308.9,4.11,"D"
"702",47.06014,79.24907,347.11,0.42,0.38,"2026-09-20",722,"N20","nominal","2.0NRT",310.31,6.38,"D"
"703",47.0635,79.24774,336.34,0.42,0.38,"2026-09-20",722,"N20","low","2.0NRT",310.46,6.38,"D"
"704",47.06786,79.25182,334.56,0.42,0.38,"2026-09-20",722,"N20","low","2.0NRT",307.11,10.64,"D"
"705",47.07122,79.25049,339.52,0.42,0.38,"2026-09-20",722,"N20","low","2.0NRT",310.85,10.64,"D"
"706",47.07458,79.24916,347.95,0.42,0.38,"2026-09-20",722,"N20","nominal","2.0NRT",310.34,11.02,"D"
"707",47.07893,79.25324,334.63,0.42,0.38,"2026-09-20",722,"N20","low","2.0NRT",307.46,11.02,"D"
"708",47.07785,79.25208,341.8,0.42,0.38,"2026-09-20",722,"N20","nominal","2.0NRT",308.81,12.17,"D"
"709",47.08121,79.25075,342.4,0.42,0.38,"2026-09-20",722,"N20","nominal","2.0NRT",310,12.17,"D"
"710",47.08457,79.24943,339.41,0.42,0.38,"2026-09-20",722,"N20","nominal","2.0NRT",310.33,9.7,"D"
"711",47.07755,79.21162,344.1,0.42,0.38,"2026-09-20",722,"N20","nominal","2.0NRT",310.76,7.62,"D"
"712",47.08793,79.2481,342.81,0.42,0.38,"2026-09-20",722,"N20","nominal","2.0NRT",309.23,9.7,"D"
"713",47.09129,79.24678,346.58,0.42,0.38,"2026-09-20",722,"N20","nominal","2.0NRT",308.15,5.9,"D"
"714",47.09365,79.24005,337.91,0.42,0.38,"2026-09-20",722,"N20","low","2.0NRT",309.55,3.44,"D"
"715",47.08865,79.21304,346.73,0.42,0.38,"2026-09-20",722,"N20","nominal","2.0NRT",310.93,7.09,"D"
"716",46.81817,74.93713,336.19,0.4,0.44,"2026-09-20",724,"N20","nominal","2.0NRT",310.41,39.21,"D"
"717",48.50206,82.89849,336.4,0.39,0.36,"2026-09-20",724,"N20","nominal","2.0NRT",302.33,4.16,"D"
"718",48.50458,82.89223,348.45,0.39,0.36,"2026-09-20",724,"N20","nominal","2.0NRT",301.8,8.87,"D"
"719",48.50382,82.88705,336.5,0.39,0.36,"2026-09-20",724,"N20","nominal","2.0NRT",301.47,9.49,"D"
"720",48.94102,83.05561,336.48,0.39,0.36,"2026-09-20",724,"N20","nominal","2.0NRT",310.07,8.55,"D"
"721",63.19988,88.153,340.94,0.5,0.49,"2026-09-20",729,"N20","nominal","2.0NRT",293.55,8.01,"D"
"722",49.18174,74.65686,331.67,0.54,0.42,"2026-09-20",724,"N20","nominal","2.0NRT",292.04,6.57,"D"
"723",50.04039,73.01431,352.71,0.4,0.44,"2026-09-20",724,"N20","nominal","2.0NRT",304.79,16.61,"D"
"724",50.04582,73.03351,331.38,0.4,0.44,"2026-09-20",724,"N20","nominal","2.0NRT",300.23,5.15,"D"
"725",50.04089,73.01249,343.65,0.4,0.44,"2026-09-20",724,"N20","nominal","2.0NRT",302.73,9.31,"D"
"726",51.25735,75.63711,341.2,0.46,0.39,"2026-09-20",724,"N20","nominal","2.0NRT",303.64,4.53,"D"
"727",51.16589,72.97095,334.75,0.56,0.43,"2026-09-20",724,"N20","nominal","2.0NRT",300.62,4.76,"D"
"728",51.16581,72.97205,334.65,0.56,0.43,"2026-09-20",724,"N20","nominal","2.0NRT",300,3.42,"D"
"729",53.70852,91.08358,341.78,0.52,0.5,"2026-09-20",724,"N20","nominal","2.0NRT",296.16,4.71,"D"
"730",53.71311,91.08277,336.51,0.52,0.5,"2026-09-20",724,"N20","nominal","2.0NRT",293.87,4.71,"D"
"731",50.7334,67.78564,340.73,0.61,0.54,"2026-09-20",724,"N20","nominal","2.0NRT",300.35,10.49,"D"
"732",50.73117,67.77773,339.29,0.61,0.54,"2026-09-20",724,"N20","nominal","2.0NRT",299.47,10.49,"D"
"733",50.73792,67.78244,341.35,0.61,0.54,"2026-09-20",724,"N20","nominal","2.0NRT",301.35,9.45,"D"
"734",50.74466,67.78714,335.58,0.61,0.54,"2026-09-20",724,"N20","nominal","2.0NRT",298.19,7.78,"D"
"735",52.00159,67.84112,333.72,0.56,0.51,"2026-09-20",726,"N20","nominal","2.0NRT",295.29,5.04,"D"
"736",52.00594,67.83801,338.87,0.56,0.51,"2026-09-20",726,"N20","nominal","2.0NRT",295.93,4.99,"D"
"737",52.01028,67.83492,336.54,0.56,0.51,"2026-09-20",726,"N20","nominal","2.0NRT",294.41,4.99,"D"
"738",52.01463,67.8318,333.53,0.56,0.51,"2026-09-20",726,"N20","nominal","2.0NRT",292.22,4.37,"D"
"739",52.60193,65.7234,342.27,0.32,0.55,"2026-09-20",726,"N20","nominal","2.0NRT",294.27,4.34,"D"
"740",52.60522,65.71549,340.15,0.32,0.55,"2026-09-20",726,"N20","nominal","2.0NRT",294.44,5.92,"D"
"741",54.06342,70.80848,325.26,0.57,0.43,"2026-09-20",726,"N20","low","2.0NRT",296.16,5.31,"D"
"742",53.46814,66.85866,355.57,0.54,0.51,"2026-09-20",726,"N20","nominal","2.0NRT",298.49,11.7,"D"
"743",50.68774,58.07389,367,0.73,0.76,"2026-09-20",726,"N20","high","2.0NRT",296.14,15.15,"D"
"744",54.03731,67.31761,333,0.5,0.49,"2026-09-20",726,"N20","nominal","2.0NRT",298.2,2.98,"D"
"745",54.03881,67.31444,326.36,0.5,0.49,"2026-09-20",726,"N20","low","2.0NRT",297.32,3.94,"D"
"746",53.96084,66.05358,333.32,0.56,0.52,"2026-09-20",726,"N20","nominal","2.0NRT",294.86,5.45,"D"
"747",53.37762,63.2758,328.06,0.37,0.58,"2026-09-20",726,"N20","nominal","2.0NRT",296.82,2.2,"D"
"748",53.59955,62.538,330.73,0.39,0.59,"2026-09-20",726,"N20","nominal","2.0NRT",295.96,3.35,"D"
"749",53.59786,62.53281,337.69,0.39,0.59,"2026-09-20",726,"N20","nominal","2.0NRT",297.12,4.71,"D"
"750",53.59931,62.51802,331.42,0.39,0.59,"2026-09-20",726,"N20","nominal","2.0NRT",297.13,1.98,"D"
"751",53.62871,62.53165,346.97,0.39,0.59,"2026-09-20",726,"N20","nominal","2.0NRT",297.71,5.43,"D"
"752",52.79736,59.04567,325.68,0.56,0.68,"2026-09-20",726,"N20","nominal","2.0NRT",295.2,3.83,"D"
"753",53.45821,59.03709,331.11,0.52,0.67,"2026-09-20",726,"N20","nominal","2.0NRT",294.22,5.39,"D"
"754",55.27997,61.46417,356.03,0.37,0.58,"2026-09-20",726,"N20","nominal","2.0NRT",283.17,11.85,"D"
"755",60.43789,96.26274,347.51,0.45,0.63,"2026-09-20",726,"N20","nominal","2.0NRT",286.99,18.99,"D"
"756",60.43791,96.25306,342.39,0.45,0.63,"2026-09-20",726,"N20","nominal","2.0NRT",299.44,29.54,"D"
"757",60.43738,97.79284,333.61,0.51,0.66,"2026-09-20",726,"N20","nominal","2.0NRT",286.61,3.86,"D"
"758",60.44049,97.55037,353.85,0.5,0.66,"2026-09-20",726,"N20","nominal","2.0NRT",293.86,19.29,"D"
"759",60.8445,97.35609,356.6,0.49,0.65,"2026-09-20",726,"N20","nominal","2.0NRT",291.83,13.91,"D"
"760",61.7574,88.3738,350.83,0.5,0.49,"2026-09-20",726,"N20","nominal","2.0NRT",292.09,10.44,"D"
"761",61.7569,88.36443,355.39,0.5,0.49,"2026-09-20",726,"N20","nominal","2.0NRT",293.49,10.44,"D"
"762",61.76243,88.38239,331.02,0.5,0.49,"2026-09-20",726,"N20","nominal","2.0NRT",287.81,6.21,"D"
"763",61.7619,88.37267,340.89,0.5,0.49,"2026-09-20",726,"N20","nominal","2.0NRT",293.56,10.9,"D"
"764",61.7609,88.35403,331.98,0.49,0.49,"2026-09-20",726,"N20","nominal","2.0NRT",290.01,4.26,"D"
"765",61.76641,88.37163,354.57,0.5,0.49,"2026-09-20",726,"N20","nominal","2.0NRT",290.46,10.9,"D"
"766",61.85018,88.38345,338.37,0.5,0.49,"2026-09-20",726,"N20","nominal","2.0NRT",286.05,9.5,"D"
"767",61.84969,88.3741,350.03,0.5,0.49,"2026-09-20",726,"N20","nominal","2.0NRT",287.22,9.5,"D"
"768",61.84919,88.36476,332.28,0.5,0.49,"2026-09-20",726,"N20","nominal","2.0NRT",284.54,22.55,"D"
"769",61.8542,88.37318,352.38,0.5,0.49,"2026-09-20",726,"N20","nominal","2.0NRT",286.71,9.5,"D"
"770",61.8537,88.36382,350.15,0.5,0.49,"2026-09-20",726,"N20","nominal","2.0NRT",297.7,22.55,"D"
"771",61.8532,88.35453,333.45,0.5,0.49,"2026-09-20",726,"N20","nominal","2.0NRT",288.66,22.55,"D"
"772",61.85872,88.37238,325.56,0.5,0.49,"2026-09-20",726,"N20","nominal","2.0NRT",284.52,4.59,"D"
"773",61.85822,88.36303,356.34,0.5,0.49,"2026-09-20",726,"N20","low","2.0NRT",286.05,19.46,"D"
"774",62.2691,94.03718,336.9,0.38,0.59,"2026-09-20",726,"N20","nominal","2.0NRT",290.02,6.22,"D"
"775",62.70024,93.35571,327.52,0.37,0.58,"2026-09-20",729,"N20","nominal","2.0NRT",286.06,4.12,"D"
"776",62.70015,93.34849,348,0.36,0.58,"2026-09-20",729,"N20","nominal","2.0NRT",289.96,6.79,"D"
"777",57.94227,60.05698,350.11,0.32,0.55,"2026-09-20",729,"N20","nominal","2.0NRT",279.91,13.69,"D"
"778",57.94378,60.06169,356.17,0.32,0.55,"2026-09-20",729,"N20","low","2.0NRT",274.09,11.95,"D"
"779",62.82974,88.20327,329.04,0.5,0.49,"2026-09-20",729,"N20","nominal","2.0NRT",288.98,4.54,"D"
"780",62.83033,88.20628,340.05,0.5,0.49,"2026-09-20",729,"N20","nominal","2.0NRT",289.38,5.8,"D"
"781",62.84601,88.06184,332.48,0.5,0.49,"2026-09-20",729,"N20","nominal","2.0NRT",288.46,9.84,"D"
"782",62.85203,88.09051,333.26,0.5,0.49,"2026-09-20",729,"N20","nominal","2.0NRT",287.84,9.38,"D"
"783",62.85052,88.06069,347.15,0.5,0.49,"2026-09-20",729,"N20","nominal","2.0NRT",291.55,9.84,"D"
"784",62.85503,88.05956,346.14,0.5,0.49,"2026-09-20",729,"N20","nominal","2.0NRT",287.23,8.96,"D"
"785",62.94445,88.10889,330.42,0.5,0.49,"2026-09-20",729,"N20","nominal","2.0NRT",289.27,3.7,"D"
"786",62.94393,88.09889,328.89,0.5,0.49,"2026-09-20",729,"N20","nominal","2.0NRT",289.68,3.7,"D"
"787",62.94448,88.10022,326.36,0.5,0.49,"2026-09-20",729,"N20","nominal","2.0NRT",289.51,4.72,"D"
"788",62.98545,87.91981,342.64,0.49,0.49,"2026-09-20",729,"N20","nominal","2.0NRT",289.5,7.98,"D"
"789",62.98943,87.909,326.04,0.49,0.49,"2026-09-20",729,"N20","nominal","2.0NRT",286.21,2.57,"D"
"790",63.17921,88.10675,367,0.5,0.49,"2026-09-20",729,"N20","high","2.0NRT",295.67,10.85,"D"
"791",63.18072,88.13703,351.71,0.5,0.49,"2026-09-20",729,"N20","nominal","2.0NRT",291.77,8.18,"D"
"792",63.17972,88.11685,332.84,0.5,0.49,"2026-09-20",729,"N20","nominal","2.0NRT",290.06,7.03,"D"
"793",63.17871,88.09657,337.2,0.5,0.49,"2026-09-20",729,"N20","nominal","2.0NRT",291.68,10.85,"D"
"794",63.18676,88.16636,326.54,0.5,0.49,"2026-09-20",729,"N20","nominal","2.0NRT",288.76,5.66,"D"
"795",63.18626,88.15623,341.87,0.5,0.49,"2026-09-20",729,"N20","nominal","2.0NRT",294.11,5.66,"D"
"796",63.18526,88.136,326.43,0.5,0.49,"2026-09-20",729,"N20","nominal","2.0NRT",290.65,6.09,"D"
"797",63.18426,88.11578,353.34,0.5,0.49,"2026-09-20",729,"N20","nominal","2.0NRT",293.48,13.28,"D"
"798",63.18375,88.1057,326.37,0.5,0.49,"2026-09-20",729,"N20","nominal","2.0NRT",291.39,4.79,"D"
"799",63.1913,88.16532,337.74,0.5,0.49,"2026-09-20",729,"N20","nominal","2.0NRT",290.36,5.66,"D"
"800",63.19081,88.15515,332.47,0.5,0.49,"2026-09-20",729,"N20","nominal","2.0NRT",292.52,5.66,"D"
"801",63.19585,88.16423,339.53,0.5,0.49,"2026-09-20",729,"N20","nominal","2.0NRT",292.99,8.01,"D"
"802",63.19534,88.15405,334.01,0.5,0.49,"2026-09-20",729,"N20","nominal","2.0NRT",291.41,8.01,"D"
"803",63.20039,88.16322,341.96,0.5,0.49,"2026-09-20",729,"N20","nominal","2.0NRT",291,8.01,"D"
"804",63.20443,88.15195,354.05,0.5,0.49,"2026-09-20",729,"N20","nominal","2.0NRT",290.92,11.55,"D"
"805",63.21044,88.08918,340.41,0.5,0.49,"2026-09-20",729,"N20","nominal","2.0NRT",291.05,6.67,"D"
"806",63.35511,87.4158,332.88,0.48,0.48,"2026-09-20",729,"N20","nominal","2.0NRT",290.84,9.87,"D"
"807",63.38206,87.49758,339.79,0.48,0.48,"2026-09-20",729,"N20","nominal","2.0NRT",289.31,5.31,"D"
"808",59.98763,63.8899,326.27,0.42,0.45,"2026-09-20",729,"N20","nominal","2.0NRT",285.24,1.44,"D"
"809",64.31149,86.79999,341.46,0.47,0.48,"2026-09-20",729,"N20","nominal","2.0NRT",288.82,4.96,"D"
"810",64.31589,86.79873,354.93,0.47,0.48,"2026-09-20",729,"N20","nominal","2.0NRT",295.01,18.88,"D"
"811",65.01515,83.65394,337.46,0.39,0.44,"2026-09-20",729,"N20","nominal","2.0NRT",289.32,4.34,"D"
"812",65.0198,83.66068,354.2,0.39,0.44,"2026-09-20",729,"N20","nominal","2.0NRT",291.99,11.72,"D"
"813",65.01918,83.65236,354.93,0.39,0.44,"2026-09-20",729,"N20","nominal","2.0NRT",295.49,19.35,"D"
"814",65.26891,83.682,341.1,0.4,0.44,"2026-09-20",729,"N20","nominal","2.0NRT",290.19,5.32,"D"
"815",65.2312,82.9705,325.52,0.57,0.43,"2026-09-20",729,"N20","nominal","2.0NRT",288.6,3.34,"D"
"816",65.23515,82.96873,327.95,0.57,0.43,"2026-09-20",729,"N20","nominal","2.0NRT",288.15,3.34,"D"
"817",65.25254,83.08562,336.02,0.38,0.43,"2026-09-20",729,"N20","nominal","2.0NRT",288.9,3.79,"D"
"818",65.25174,83.0754,329.27,0.57,0.43,"2026-09-20",729,"N20","nominal","2.0NRT",289.24,5.06,"D"
"819",65.26178,83.09872,336.05,0.38,0.43,"2026-09-20",729,"N20","nominal","2.0NRT",288.22,4.09,"D"
"820",65.26113,83.09053,337,0.38,0.43,"2026-09-20",729,"N20","nominal","2.0NRT",289.64,2.55,"D"
"821",65.21719,82.36252,332.44,0.55,0.43,"2026-09-20",729,"N20","nominal","2.0NRT",290.34,4.4,"D"
"822",65.34097,83.21119,350.13,0.39,0.44,"2026-09-20",729,"N20","nominal","2.0NRT",291.05,5.88,"D"
"823",65.34034,83.20292,337.51,0.39,0.44,"2026-09-20",729,"N20","nominal","2.0NRT",291.62,6.83,"D"
"824",65.3456,83.21779,367,0.39,0.44,"2026-09-20",729,"N20","high","2.0NRT",291.51,5.88,"D"
"825",65.34496,83.20947,326.66,0.39,0.44,"2026-09-20",729,"N20","nominal","2.0NRT",289.52,5.88,"D"
"826",65.35023,83.22447,338.29,0.39,0.44,"2026-09-20",729,"N20","nominal","2.0NRT",289.12,3.66,"D"
"827",65.34959,83.21615,326.11,0.39,0.44,"2026-09-20",729,"N20","nominal","2.0NRT",290.51,6.2,"D"
"828",65.35423,83.22285,332.61,0.39,0.44,"2026-09-20",729,"N20","nominal","2.0NRT",285.81,3.66,"D"
"829",65.37816,83.21246,335.15,0.39,0.44,"2026-09-20",729,"N20","nominal","2.0NRT",289.55,4.16,"D"
"830",65.39347,83.19722,341.63,0.39,0.44,"2026-09-20",729,"N20","nominal","2.0NRT",287.54,6.63,"D"
"831",65.38961,83.19899,340.94,0.39,0.44,"2026-09-20",729,"N20","nominal","2.0NRT",289.04,4.58,"D"
"832",65.3936,83.19725,340.64,0.39,0.44,"2026-09-20",729,"N20","nominal","2.0NRT",286.58,4.58,"D"
"833",65.41669,83.23046,339.01,0.39,0.44,"2026-09-20",729,"N20","nominal","2.0NRT",289.37,3.25,"D"
"834",65.40681,83.04552,332.38,0.38,0.43,"2026-09-20",729,"N20","nominal","2.0NRT",290.25,3.09,"D"
"835",65.40926,82.81293,326.44,0.57,0.43,"2026-09-20",729,"N20","nominal","2.0NRT",289.38,5.65,"D"
"836",65.40829,82.80064,335.48,0.57,0.43,"2026-09-20",729,"N20","nominal","2.0NRT",290.12,5.65,"D"
"837",65.41224,82.79891,331.71,0.57,0.43,"2026-09-20",729,"N20","nominal","2.0NRT",287.75,5.65,"D"
"838",65.41714,82.80943,340.28,0.57,0.43,"2026-09-20",729,"N20","nominal","2.0NRT",290.34,12.69,"D"
"839",65.4211,82.80762,337.23,0.57,0.43,"2026-09-20",729,"N20","nominal","2.0NRT",286.75,12.69,"D"
"840",65.42014,82.7954,350.42,0.57,0.43,"2026-09-20",729,"N20","nominal","2.0NRT",295.38,12.69,"D"
"841",65.4376,82.96605,336.19,0.57,0.43,"2026-09-20",729,"N20","nominal","2.0NRT",290.37,5.6,"D"
"842",65.43566,82.94119,329.87,0.57,0.43,"2026-09-20",729,"N20","nominal","2.0NRT",289.09,3.81,"D"
"843",65.42986,82.8672,339.35,0.57,0.43,"2026-09-20",729,"N20","nominal","2.0NRT",290.57,6.52,"D"
"844",65.4406,82.9518,330.46,0.57,0.43,"2026-09-20",729,"N20","nominal","2.0NRT",288.68,3.81,"D"
"845",65.43963,82.93944,326.48,0.57,0.43,"2026-09-20",729,"N20","nominal","2.0NRT",287.28,3.81,"D"
"846",65.43382,82.86546,330.22,0.57,0.43,"2026-09-20",729,"N20","nominal","2.0NRT",287.86,6.52,"D"
"847",65.46297,83.08125,336.26,0.38,0.44,"2026-09-20",729,"N20","nominal","2.0NRT",288.28,3.39,"D"
"848",65.46696,83.07952,337.74,0.38,0.44,"2026-09-20",729,"N20","nominal","2.0NRT",287.59,3.39,"D"
"849",65.4614,82.95558,325.43,0.57,0.43,"2026-09-20",729,"N20","nominal","2.0NRT",287.17,3.46,"D"
"850",65.47726,82.94873,336.63,0.57,0.43,"2026-09-20",729,"N20","nominal","2.0NRT",287.25,6.66,"D"
"851",65.74445,86.97377,328.38,0.49,0.49,"2026-09-20",729,"N20","nominal","2.0NRT",287.84,3.73,"D"
"852",65.47837,82.95152,325.27,0.57,0.43,"2026-09-20",729,"N20","nominal","2.0NRT",286.82,4.39,"D"
"853",65.47743,82.93909,330.19,0.57,0.43,"2026-09-20",729,"N20","nominal","2.0NRT",287.22,4.39,"D"
"854",65.49168,82.96478,326.65,0.38,0.43,"2026-09-20",729,"N20","nominal","2.0NRT",287.51,3,"D"
"855",65.74563,86.9745,327.54,0.49,0.49,"2026-09-20",729,"N20","nominal","2.0NRT",288.5,4.69,"D"
"856",65.74907,86.95159,331.02,0.49,0.49,"2026-09-20",729,"N20","nominal","2.0NRT",289.09,4.77,"D"
"857",65.50279,83.00287,335.89,0.38,0.43,"2026-09-20",729,"N20","nominal","2.0NRT",287.1,3.76,"D"
"858",65.53647,83.01353,348.28,0.38,0.44,"2026-09-20",729,"N20","nominal","2.0NRT",288.76,6.88,"D"
"859",65.54044,83.0118,339.15,0.38,0.44,"2026-09-20",729,"N20","nominal","2.0NRT",287.27,6.76,"D"
"860",65.66292,84.67297,339.88,0.43,0.46,"2026-09-20",729,"N20","nominal","2.0NRT",287.8,6.83,"D"
"861",65.54378,83.00172,347.21,0.38,0.43,"2026-09-20",729,"N20","nominal","2.0NRT",288.84,6.76,"D"
"862",65.54314,82.99339,338.02,0.38,0.43,"2026-09-20",729,"N20","nominal","2.0NRT",289.29,3.61,"D"
"863",65.54059,82.96037,328.47,0.38,0.43,"2026-09-20",729,"N20","nominal","2.0NRT",286.63,3.54,"D"
"864",65.53995,82.95211,347.02,0.38,0.43,"2026-09-20",729,"N20","nominal","2.0NRT",288.66,3.54,"D"
"865",65.54775,82.99997,325.42,0.38,0.43,"2026-09-20",729,"N20","nominal","2.0NRT",285.74,3.6,"D"
"866",65.54711,82.99163,348.77,0.38,0.43,"2026-09-20",729,"N20","nominal","2.0NRT",291.19,6.62,"D"
"867",65.55045,82.98164,333.77,0.38,0.43,"2026-09-20",729,"N20","nominal","2.0NRT",288.62,6.62,"D"
"868",65.70834,85.11135,325.09,0.44,0.46,"2026-09-20",729,"N20","nominal","2.0NRT",286.88,2.26,"D"
"869",65.66148,84.33266,333.53,0.42,0.45,"2026-09-20",729,"N20","nominal","2.0NRT",288.26,4.19,"D"
"870",65.6685,84.31113,355.19,0.42,0.45,"2026-09-20",729,"N20","nominal","2.0NRT",291.54,9.16,"D"
"871",65.67453,84.33697,327.15,0.42,0.45,"2026-09-20",729,"N20","nominal","2.0NRT",287.16,5.9,"D"
"872",65.67265,84.30947,340.27,0.42,0.45,"2026-09-20",729,"N20","nominal","2.0NRT",288.96,9.16,"D"
"873",65.67202,84.30038,355.86,0.42,0.45,"2026-09-20",729,"N20","nominal","2.0NRT",296.14,16.79,"D"
"874",65.67805,84.32617,337.85,0.42,0.45,"2026-09-20",729,"N20","nominal","2.0NRT",287.04,7.03,"D"
"875",65.67741,84.31698,338.62,0.42,0.45,"2026-09-20",729,"N20","nominal","2.0NRT",293.25,8.44,"D"
"876",65.67677,84.30782,334.59,0.42,0.45,"2026-09-20",729,"N20","nominal","2.0NRT",288.08,8.44,"D"
"877",65.67615,84.29874,331.14,0.42,0.45,"2026-09-20",729,"N20","nominal","2.0NRT",286.99,2.91,"D"
"878",65.68092,84.30623,367,0.42,0.45,"2026-09-20",729,"N20","high","2.0NRT",294.28,8.44,"D"
"879",65.68155,84.31537,355.6,0.42,0.45,"2026-09-20",729,"N20","nominal","2.0NRT",292.46,8.44,"D"
"880",65.68029,84.29712,325.01,0.42,0.45,"2026-09-20",729,"N20","nominal","2.0NRT",287.93,2.91,"D"
"881",65.68507,84.30467,352.89,0.42,0.45,"2026-09-20",729,"N20","nominal","2.0NRT",301.39,41.73,"D"
"882",65.68443,84.29553,327.34,0.42,0.45,"2026-09-20",729,"N20","nominal","2.0NRT",294.27,15.63,"D"
"883",65.68148,84.30676,367,0.42,0.45,"2026-09-20",729,"N20","high","2.0NRT",295.93,18.68,"D"
"884",65.68209,84.31591,343.18,0.42,0.45,"2026-09-20",729,"N20","nominal","2.0NRT",290.66,12.1,"D"
"885",65.68088,84.2976,338.67,0.42,0.45,"2026-09-20",729,"N20","nominal","2.0NRT",291.83,18.68,"D"
"886",65.68563,84.30518,355.08,0.42,0.45,"2026-09-20",729,"N20","nominal","2.0NRT",294.05,18.68,"D"
"887",65.68502,84.29601,333.14,0.42,0.45,"2026-09-20",729,"N20","nominal","2.0NRT",293.57,18.68,"D"
"888",65.75558,85.06583,338.59,0.44,0.46,"2026-09-20",729,"N20","nominal","2.0NRT",287.75,6.46,"D"
"889",65.75924,85.05463,344.51,0.44,0.46,"2026-09-20",729,"N20","nominal","2.0NRT",288.66,6.46,"D"
"890",65.76347,85.05313,340.53,0.44,0.46,"2026-09-20",729,"N20","nominal","2.0NRT",286.76,6.58,"D"
"891",65.7841,84.96712,326.55,0.44,0.46,"2026-09-20",729,"N20","nominal","2.0NRT",287.91,3.26,"D"
"892",65.78168,84.92902,331.96,0.43,0.46,"2026-09-20",729,"N20","nominal","2.0NRT",287.56,2.84,"D"
"893",65.79092,84.60625,333.76,0.43,0.46,"2026-09-20",729,"N20","nominal","2.0NRT",288.46,4.03,"D"
"894",64.80141,74.68705,342.51,0.4,0.37,"2026-09-20",729,"N20","nominal","2.0NRT",286.85,3.68,"D"
"895",64.78221,74.52401,328.75,0.39,0.37,"2026-09-20",729,"N20","nominal","2.0NRT",286.66,5.5,"D"
"896",64.78109,74.516,333.92,0.39,0.37,"2026-09-20",729,"N20","nominal","2.0NRT",290.36,5.5,"D"
"897",64.78206,74.49751,328.64,0.39,0.37,"2026-09-20",729,"N20","nominal","2.0NRT",287.52,6.68,"D"
"898",64.7864,74.50304,328.92,0.39,0.37,"2026-09-20",729,"N20","nominal","2.0NRT",285.49,6.68,"D"
"899",64.78527,74.49503,327.66,0.39,0.37,"2026-09-20",729,"N20","nominal","2.0NRT",288.28,6.68,"D"
"900",64.79647,74.48779,329.76,0.39,0.37,"2026-09-20",729,"N20","nominal","2.0NRT",287.22,2.71,"D"
"901",64.79968,74.48532,348.07,0.39,0.37,"2026-09-20",729,"N20","nominal","2.0NRT",299.24,20.25,"D"
"902",64.80291,74.48285,341.14,0.39,0.37,"2026-09-20",729,"N20","nominal","2.0NRT",290.32,20.25,"D"
"903",65.84267,84.88985,327.38,0.43,0.46,"2026-09-20",729,"N20","nominal","2.0NRT",287.52,3.97,"D"
"904",65.85051,84.87695,325.46,0.43,0.46,"2026-09-20",729,"N20","nominal","2.0NRT",287.96,6.71,"D"
"905",65.85532,84.88482,351.17,0.43,0.46,"2026-09-20",729,"N20","nominal","2.0NRT",289.07,6.71,"D"
"906",65.02281,75.44236,326.2,0.4,0.37,"2026-09-20",729,"N20","nominal","2.0NRT",286.68,3.6,"D"
"907",65.04027,75.52189,341.93,0.41,0.37,"2026-09-20",729,"N20","nominal","2.0NRT",290.19,4.16,"D"
"908",65.02937,75.43839,328.46,0.4,0.37,"2026-09-20",729,"N20","nominal","2.0NRT",288.53,2.93,"D"
"909",65.04464,75.52784,328.22,0.41,0.37,"2026-09-20",729,"N20","nominal","2.0NRT",286.48,3.01,"D"
"910",65.03811,75.47769,336.64,0.41,0.37,"2026-09-20",729,"N20","nominal","2.0NRT",288.51,3.08,"D"
"911",65.04793,75.52543,332.76,0.41,0.37,"2026-09-20",729,"N20","nominal","2.0NRT",288.82,3.01,"D"
"912",65.04247,75.48363,326.5,0.41,0.37,"2026-09-20",729,"N20","nominal","2.0NRT",287.78,3.08,"D"
"913",65.04137,75.47527,338.99,0.41,0.37,"2026-09-20",729,"N20","nominal","2.0NRT",288.56,3.08,"D"
"914",65.05121,75.52303,345.35,0.41,0.37,"2026-09-20",729,"N20","nominal","2.0NRT",288.05,6.62,"D"
"915",65.04465,75.47286,334.87,0.41,0.37,"2026-09-20",729,"N20","nominal","2.0NRT",286.03,7.95,"D"
"916",65.04356,75.46452,328.87,0.41,0.37,"2026-09-20",729,"N20","nominal","2.0NRT",292.89,8.94,"D"
"917",65.04028,75.43948,330.99,0.4,0.37,"2026-09-20",729,"N20","nominal","2.0NRT",288.87,5.47,"D"
"918",65.05339,75.51225,339.64,0.41,0.37,"2026-09-20",729,"N20","nominal","2.0NRT",289.26,4.47,"D"
"919",65.04684,75.46211,344.69,0.41,0.37,"2026-09-20",729,"N20","nominal","2.0NRT",288.58,8.94,"D"
"920",65.04793,75.44299,330.88,0.41,0.37,"2026-09-20",729,"N20","nominal","2.0NRT",287.72,2.21,"D"
"921",65.04465,75.41798,329.48,0.4,0.37,"2026-09-20",729,"N20","nominal","2.0NRT",288.2,2.36,"D"
"922",65.05996,75.50743,354.01,0.41,0.37,"2026-09-20",729,"N20","nominal","2.0NRT",295.67,15.9,"D"
"923",65.04792,75.41556,329.16,0.4,0.37,"2026-09-20",729,"N20","nominal","2.0NRT",288.16,2.36,"D"
"924",65.04683,75.40723,329.87,0.4,0.37,"2026-09-20",729,"N20","nominal","2.0NRT",287.89,2.68,"D"
"925",65.06323,75.50503,341.19,0.41,0.37,"2026-09-20",729,"N20","nominal","2.0NRT",303.67,33.94,"D"
"926",65.06214,75.49666,345.72,0.41,0.37,"2026-09-20",729,"N20","nominal","2.0NRT",290.6,33.94,"D"
"927",66.19051,85.99122,351.46,0.47,0.48,"2026-09-20",729,"N20","nominal","2.0NRT",289.4,8.3,"D"
"928",66.13065,84.52066,334.18,0.43,0.46,"2026-09-20",729,"N20","nominal","2.0NRT",286.43,3.24,"D"
"929",65.44688,76.49876,326.87,0.42,0.38,"2026-09-20",729,"N20","nominal","2.0NRT",284.14,1.95,"D"
"930",65.5878,76.56672,329.96,0.42,0.38,"2026-09-20",729,"N20","nominal","2.0NRT",287.27,3.28,"D"
"931",65.02287,72.248,340.17,0.38,0.36,"2026-09-20",729,"N20","nominal","2.0NRT",286.8,5.88,"D"
"932",65.65269,76.13364,329.28,0.42,0.38,"2026-09-20",729,"N20","nominal","2.0NRT",290.34,3.07,"D"
"933",65.79371,76.87038,344.33,0.43,0.38,"2026-09-20",729,"N20","nominal","2.0NRT",288.18,7.7,"D"
"934",65.79819,76.87725,330.67,0.43,0.38,"2026-09-20",729,"N20","nominal","2.0NRT",286.5,4.14,"D"
"935",65.79711,76.86802,343.48,0.43,0.38,"2026-09-20",729,"N20","nominal","2.0NRT",287.94,7.7,"D"
"936",65.85883,76.95517,342.22,0.43,0.38,"2026-09-20",729,"N20","nominal","2.0NRT",286.3,8.92,"D"
"937",65.98926,76.68565,327.88,0.43,0.38,"2026-09-20",729,"N20","nominal","2.0NRT",287.09,2.48,"D"
"938",66.11108,77.06702,329.49,0.44,0.38,"2026-09-20",729,"N20","nominal","2.0NRT",289.14,8.7,"D"
"939",66.1094,77.05969,327.47,0.44,0.38,"2026-09-20",729,"N20","nominal","2.0NRT",288.75,12.11,"D"
"940",66.18703,77.69243,328.89,0.45,0.39,"2026-09-20",729,"N20","nominal","2.0NRT",285.07,2.26,"D"
"941",66.65881,80.46127,342.22,0.52,0.41,"2026-09-20",729,"N20","nominal","2.0NRT",286.49,8.89,"D"
"942",66.67009,80.45491,330.87,0.52,0.41,"2026-09-20",729,"N20","nominal","2.0NRT",286.05,5.05,"D"
"943",66.71478,80.49504,334.64,0.52,0.42,"2026-09-20",729,"N20","nominal","2.0NRT",283.75,4.94,"D"
"944",66.67255,77.3929,328.57,0.45,0.39,"2026-09-20",729,"N20","nominal","2.0NRT",287.27,7.01,"D"
"945",66.66485,77.32291,325.43,0.45,0.39,"2026-09-20",729,"N20","nominal","2.0NRT",285.33,2.71,"D"
"946",66.66375,77.31299,326.22,0.45,0.39,"2026-09-20",729,"N20","nominal","2.0NRT",286.77,2.71,"D"
"947",66.45969,75.53568,335.14,0.42,0.38,"2026-09-20",729,"N20","nominal","2.0NRT",288.3,17.82,"D"
"948",66.46302,75.53311,348.51,0.42,0.38,"2026-09-20",729,"N20","nominal","2.0NRT",294.9,17.82,"D"
"949",66.65916,76.85062,327.87,0.44,0.39,"2026-09-20",729,"N20","nominal","2.0NRT",286.84,7.17,"D"
"950",67.28001,83.0375,351.6,0.41,0.45,"2026-09-20",729,"N20","nominal","2.0NRT",285.67,13.98,"D"
"951",67.66367,100.29804,326.64,0.58,0.7,"2026-09-20",729,"N20","nominal","2.0NRT",287.33,6.94,"D"
"952",67.54989,83.21361,344.2,0.41,0.45,"2026-09-20",729,"N20","nominal","2.0NRT",292.48,68.66,"D"
"953",68.52263,79.95412,339.78,0.54,0.42,"2026-09-20",729,"N20","nominal","2.0NRT",288.62,22.47,"D"
"954",67.80388,72.52527,349.55,0.4,0.37,"2026-09-20",729,"N20","nominal","2.0NRT",285.66,8.63,"D"
"955",67.80266,72.51618,354.19,0.4,0.37,"2026-09-20",729,"N20","nominal","2.0NRT",281.93,8.63,"D"
"956",67.80143,72.50709,342.33,0.4,0.37,"2026-09-20",729,"N20","nominal","2.0NRT",287.64,13.62,"D"
"957",67.80833,72.53135,334.8,0.4,0.37,"2026-09-20",729,"N20","nominal","2.0NRT",281.13,5.47,"D"
"958",67.80588,72.51315,341.26,0.4,0.37,"2026-09-20",729,"N20","nominal","2.0NRT",279.85,8.63,"D"
"959",12.10892,76.93208,331.79,0.4,0.6,"2026-09-20",854,"N20","nominal","2.0NRT",284.49,3.04,"D"
"960",12.3654,76.82854,328.11,0.4,0.6,"2026-09-20",854,"N20","nominal","2.0NRT",278.75,1.36,"D"
"961",15.81305,74.9028,332.5,0.33,0.55,"2026-09-20",856,"N20","nominal","2.0NRT",301.71,4.83,"D"
"962",51.56364,52.75503,331.41,0.4,0.37,"2026-09-20",905,"N20","nominal","2.0NRT",300.62,10.68,"D"
"963",17.01515,74.87876,342.38,0.34,0.56,"2026-09-20",856,"N20","nominal","2.0NRT",298.67,4.15,"D"
"964",51.56791,52.75915,334.61,0.4,0.37,"2026-09-20",905,"N20","nominal","2.0NRT",301.93,2.27,"D"
"965",18.54101,74.30173,334.78,0.32,0.55,"2026-09-20",856,"N20","nominal","2.0NRT",294.73,2.06,"D"
"966",51.56692,52.75354,333.31,0.4,0.37,"2026-09-20",905,"N20","nominal","2.0NRT",308.18,10.68,"D"
"967",19.36772,71.35377,338.79,0.43,0.46,"2026-09-20",856,"N20","nominal","2.0NRT",291.43,5.58,"D"
"968",28.36645,49.63031,367,0.57,0.69,"2026-09-20",900,"N20","high","2.0NRT",301.95,32.5,"D"
"969",18.32183,55.10574,353.44,0.43,0.62,"2026-09-20",856,"N20","nominal","2.0NRT",310.93,2.65,"D"
"970",9.1461,78.24368,330.47,0.45,0.63,"2026-09-20",854,"N20","nominal","2.0NRT",284.85,2.19,"D"
"971",51.60183,52.93126,334.05,0.4,0.37,"2026-09-20",905,"N20","nominal","2.0NRT",301.39,12.78,"D"
"972",19.26689,56.17485,348.73,0.35,0.57,"2026-09-20",856,"N20","nominal","2.0NRT",310.12,2.06,"D"
"973",51.6051,52.92979,335.4,0.4,0.37,"2026-09-20",905,"N20","nominal","2.0NRT",299.96,12.78,"D"
"974",28.36497,49.62476,336.39,0.57,0.69,"2026-09-20",900,"N20","nominal","2.0NRT",300.81,21.33,"D"
"975",9.14637,78.24123,337.47,0.45,0.63,"2026-09-20",854,"N20","nominal","2.0NRT",285.3,3.6,"D"
"976",20.37309,55.93761,347.96,0.35,0.57,"2026-09-20",858,"N20","nominal","2.0NRT",309.85,1.63,"D"
"977",47.31142,36.79841,343,0.68,0.74,"2026-09-20",905,"N20","nominal","2.0NRT",295.16,10.11,"D"
"978",29.25331,53.12195,367,0.34,0.56,"2026-09-20",900,"N20","high","2.0NRT",319.06,9.04,"D"
"979",22.80204,70.89408,334.53,0.44,0.46,"2026-09-20",858,"N20","nominal","2.0NRT",295.93,1.83,"D"
"980",9.40093,78.90057,332.37,0.5,0.66,"2026-09-20",854,"N20","nominal","2.0NRT",280.85,3.1,"D"
"981",51.38992,51.70677,329.06,0.42,0.38,"2026-09-20",905,"N20","nominal","2.0NRT",297.46,3.95,"D"
"982",28.4955,49.71892,367,0.56,0.69,"2026-09-20",900,"N20","high","2.0NRT",300.63,34.56,"D"
"983",51.39325,51.70517,344.61,0.42,0.38,"2026-09-20",905,"N20","nominal","2.0NRT",302.41,15.63,"D"
"984",10.91339,77.24493,331.87,0.4,0.6,"2026-09-20",854,"N20","nominal","2.0NRT",290.83,1.84,"D"
"985",20.38692,55.66508,343.45,0.36,0.58,"2026-09-20",858,"N20","nominal","2.0NRT",313.21,2.06,"D"
"986",51.39215,51.69933,349.07,0.42,0.38,"2026-09-20",905,"N20","nominal","2.0NRT",307.88,15.63,"D"
"987",28.49409,49.71345,341.59,0.56,0.69,"2026-09-20",900,"N20","nominal","2.0NRT",304.04,46.07,"D"
"988",51.39659,51.70358,348.38,0.42,0.38,"2026-09-20",905,"N20","nominal","2.0NRT",299.76,15.63,"D"
"989",28.49388,49.71854,367,0.56,0.69,"2026-09-20",900,"N20","high","2.0NRT",300.21,31.27,"D"
"990",23.11944,70.08595,330.85,0.4,0.44,"2026-09-20",858,"N20","nominal","2.0NRT",297.67,2.01,"D"
"991",51.39549,51.69774,333.6,0.42,0.38,"2026-09-20",905,"N20","nominal","2.0NRT",297.52,15.63,"D"
"992",29.24654,52.71528,343.04,0.36,0.57,"2026-09-20",900,"N20","nominal","2.0NRT",310.95,4.92,"D"
"993",21.00179,56.53494,345.41,0.62,0.54,"2026-09-20",858,"N20","nominal","2.0NRT",313.42,3.46,"D"
"994",51.39439,51.69189,342.92,0.42,0.38,"2026-09-20",905,"N20","nominal","2.0NRT",304.35,12.43,"D"
"995",28.49244,49.71308,341.33,0.56,0.69,"2026-09-20",900,"N20","nominal","2.0NRT",303.62,31.27,"D"
"996",21.00058,56.52912,341.83,0.62,0.54,"2026-09-20",858,"N20","low","2.0NRT",313.8,2.93,"D"
"997",51.39329,51.68606,330.32,0.42,0.38,"2026-09-20",905,"N20","nominal","2.0NRT",298.61,12.43,"D"
"998",29.99014,55.85413,343.65,0.45,0.47,"2026-09-20",900,"N20","low","2.0NRT",315.57,11.23,"D"
"999",21.3095,57.747,345.77,0.51,0.49,"2026-09-20",858,"N20","low","2.0NRT",317.18,4.46,"D"
"1000",47.51113,37.05248,330.9,0.65,0.73,"2026-09-20",905,"N20","nominal","2.0NRT",293.9,5.62,"D"
"1001",30.08352,55.4008,344.79,0.48,0.48,"2026-09-20",900,"N20","nominal","2.0NRT",318.67,7.78,"D"
"1002",21.31912,57.7246,340.55,0.51,0.5,"2026-09-20",858,"N20","low","2.0NRT",313.74,1.19,"D"
"1003",47.26149,36.19111,333.04,0.72,0.76,"2026-09-20",905,"N20","nominal","2.0NRT",292.81,10.14,"D"
"1004",29.5091,51.2614,344,0.43,0.62,"2026-09-20",900,"N20","nominal","2.0NRT",310.65,5.63,"D"
"1005",21.31113,57.74447,346.11,0.51,0.49,"2026-09-20",858,"N20","low","2.0NRT",316.3,3.9,"D"
"1006",51.84633,53.81193,328.64,0.39,0.36,"2026-09-20",905,"N20","nominal","2.0NRT",301.64,1.05,"D"
"1007",29.04545,47.58495,341.93,0.72,0.75,"2026-09-20",900,"N20","nominal","2.0NRT",306.35,4.36,"D"
"1008",47.08881,35.79305,339.44,0.76,0.77,"2026-09-20",905,"N20","nominal","2.0NRT",294.79,7.51,"D"
"1009",21.32062,57.72213,341.54,0.51,0.49,"2026-09-20",858,"N20","low","2.0NRT",314.76,1.72,"D"
"1010",30.03534,50.63857,345.82,0.45,0.63,"2026-09-20",900,"N20","nominal","2.0NRT",313.87,3.12,"D"
"1011",47.25421,36.19042,331.34,0.72,0.76,"2026-09-20",905,"N20","nominal","2.0NRT",296.13,14.13,"D"
"1012",21.83292,56.68298,343.97,0.58,0.52,"2026-09-20",858,"N20","low","2.0NRT",317.04,1.27,"D"
"1013",29.94366,49.68676,351.5,0.51,0.66,"2026-09-20",900,"N20","nominal","2.0NRT",299.89,6.34,"D"
"1014",47.89214,37.66791,367,0.6,0.7,"2026-09-20",905,"N20","high","2.0NRT",298.48,21.85,"D"
"1015",21.9365,57.07398,348.42,0.55,0.51,"2026-09-20",858,"N20","nominal","2.0NRT",317.86,3.22,"D"
"1016",30.41323,50.75097,367,0.44,0.62,"2026-09-20",900,"N20","high","2.0NRT",313.66,8.18,"D"
"1017",47.89787,37.66334,367,0.6,0.7,"2026-09-20",905,"N20","high","2.0NRT",298,21.85,"D"
"1018",30.412,50.74601,343.5,0.44,0.62,"2026-09-20",900,"N20","nominal","2.0NRT",312.36,7.34,"D"
"1019",21.93535,57.07577,346.27,0.55,0.51,"2026-09-20",858,"N20","low","2.0NRT",318.21,5.31,"D"
"1020",52.91302,60.83574,332.17,0.5,0.41,"2026-09-20",905,"N20","nominal","2.0NRT",298.42,4.13,"D"
"1021",30.40967,50.74823,367,0.44,0.62,"2026-09-20",900,"N20","high","2.0NRT",315.73,10.79,"D"
"1022",21.94365,56.03646,341.89,0.32,0.54,"2026-09-20",858,"N20","low","2.0NRT",314.98,2.53,"D"
"1023",47.89351,37.66685,367,0.59,0.7,"2026-09-20",905,"N20","high","2.0NRT",300.32,17.73,"D"
"1024",30.39591,50.62392,339.08,0.44,0.63,"2026-09-20",900,"N20","low","2.0NRT",313.41,3.24,"D"
"1025",21.94431,56.03472,347.35,0.32,0.54,"2026-09-20",858,"N20","nominal","2.0NRT",315.3,1.04,"D"
"1026",47.89927,37.66235,354.4,0.59,0.7,"2026-09-20",905,"N20","nominal","2.0NRT",295.07,17.73,"D"
"1027",30.39474,50.61935,345.93,0.44,0.63,"2026-09-20",900,"N20","nominal","2.0NRT",313.98,3.24,"D"
"1028",22.40385,56.99042,345.81,0.54,0.51,"2026-09-20",858,"N20","nominal","2.0NRT",315.86,2.78,"D"
"1029",50.99642,48.57695,342.08,0.52,0.42,"2026-09-20",905,"N20","nominal","2.0NRT",299.73,5.22,"D"
"1030",30.39358,50.61485,339.96,0.44,0.63,"2026-09-20",900,"N20","low","2.0NRT",312.94,6.21,"D"
"1031",22.32685,56.47454,345.17,0.59,0.53,"2026-09-20",858,"N20","low","2.0NRT",315.26,5.15,"D"
"1032",50.99485,48.56982,350.4,0.52,0.42,"2026-09-20",905,"N20","nominal","2.0NRT",301.36,14.84,"D"
"1033",30.34795,50.29382,351.36,0.46,0.64,"2026-09-20",900,"N20","nominal","2.0NRT",314.76,13.55,"D"
"1034",22.4395,56.70295,345.32,0.56,0.52,"2026-09-20",858,"N20","low","2.0NRT",315.33,16.72,"D"
"1035",51.00783,48.61042,335.08,0.52,0.42,"2026-09-20",905,"N20","nominal","2.0NRT",302.75,4.93,"D"
"1036",30.34675,50.28915,352.82,0.46,0.64,"2026-09-20",900,"N20","nominal","2.0NRT",319.66,19.56,"D"
"1037",24.8516,69.21294,341.49,0.56,0.43,"2026-09-20",858,"N20","nominal","2.0NRT",303.04,6.61,"D"
"1038",51.00162,48.58207,332.07,0.52,0.42,"2026-09-20",905,"N20","nominal","2.0NRT",300.08,5.22,"D"
"1039",30.56067,50.01835,367,0.48,0.64,"2026-09-20",900,"N20","high","2.0NRT",313.81,8.51,"D"
"1040",24.80816,67.59127,339.67,0.46,0.39,"2026-09-20",858,"N20","low","2.0NRT",312.44,5.22,"D"
"1041",50.99693,48.56067,346.4,0.52,0.42,"2026-09-20",905,"N20","nominal","2.0NRT",304.11,14.84,"D"
"1042",30.56649,50.01958,338.89,0.48,0.64,"2026-09-20",900,"N20","low","2.0NRT",310.59,3.93,"D"
"1043",22.88007,55.93056,346.05,0.62,0.54,"2026-09-20",858,"N20","nominal","2.0NRT",315.87,4.62,"D"
"1044",51.8713,52.98083,329.06,0.4,0.37,"2026-09-20",905,"N20","nominal","2.0NRT",297.72,1.69,"D"
"1045",30.56516,50.01448,341.41,0.48,0.64,"2026-09-20",900,"N20","nominal","2.0NRT",311.16,3.93,"D"
"1046",22.87883,55.92467,347.27,0.62,0.54,"2026-09-20",858,"N20","nominal","2.0NRT",316.82,5.12,"D"
"1047",51.01254,48.57607,335.68,0.52,0.42,"2026-09-20",905,"N20","nominal","2.0NRT",299.66,4.59,"D"
"1048",30.72068,49.82717,346.05,0.48,0.65,"2026-09-20",900,"N20","nominal","2.0NRT",310.22,4.59,"D"
"1049",24.9751,68.16383,339.78,0.5,0.41,"2026-09-20",858,"N20","low","2.0NRT",310.67,15.16,"D"
"1050",51.01617,48.57405,342.17,0.52,0.42,"2026-09-20",905,"N20","nominal","2.0NRT",299.7,4.59,"D"
"1051",30.71937,49.82205,342.35,0.48,0.65,"2026-09-20",900,"N20","nominal","2.0NRT",310.78,4.59,"D"
"1052",24.97656,68.16115,352.86,0.5,0.41,"2026-09-20",858,"N20","nominal","2.0NRT",313.07,30.9,"D"
"1053",51.81372,52.55182,344.04,0.4,0.37,"2026-09-20",905,"N20","nominal","2.0NRT",297.97,5.95,"D"
"1054",30.71893,49.82595,354.68,0.48,0.65,"2026-09-20",900,"N20","nominal","2.0NRT",311.11,6.66,"D"
"1055",22.87131,55.61603,350.16,0.32,0.55,"2026-09-20",858,"N20","nominal","2.0NRT",317.62,0.75,"D"
"1056",47.31428,35.72771,367,0.75,0.77,"2026-09-20",905,"N20","high","2.0NRT",298.29,22.3,"D"
"1057",30.70701,49.54132,341.13,0.5,0.66,"2026-09-20",900,"N20","nominal","2.0NRT",310.05,4.35,"D"
"1058",22.60811,54.06227,347.18,0.41,0.61,"2026-09-20",858,"N20","low","2.0NRT",318.92,2.11,"D"
"1059",52.80178,59.05361,343.41,0.44,0.39,"2026-09-20",905,"N20","nominal","2.0NRT",303.08,8.43,"D"
"1060",30.16409,47.41698,353.89,0.69,0.74,"2026-09-20",900,"N20","nominal","2.0NRT",307.25,8.93,"D"
"1061",25.05229,67.49566,339.02,0.46,0.39,"2026-09-20",858,"N20","low","2.0NRT",311.61,5.61,"D"
"1062",51.0054,48.28148,338.6,0.54,0.42,"2026-09-20",905,"N20","nominal","2.0NRT",300.71,4.15,"D"
"1063",30.17064,47.41465,337.43,0.69,0.74,"2026-09-20",900,"N20","nominal","2.0NRT",305.96,3.37,"D"
"1064",25.0986,67.79641,340.03,0.48,0.4,"2026-09-20",858,"N20","low","2.0NRT",311.85,5.91,"D"
"1065",52.80528,59.0525,348.44,0.44,0.39,"2026-09-20",905,"N20","nominal","2.0NRT",303.95,8.43,"D"
"1066",23.19169,55.45741,367,0.33,0.55,"2026-09-20",858,"N20","high","2.0NRT",319.69,3.87,"D"
"1067",30.16633,47.41534,354.17,0.69,0.74,"2026-09-20",900,"N20","nominal","2.0NRT",307.52,6.61,"D"
"1068",51.00735,48.28104,332.78,0.53,0.42,"2026-09-20",905,"N20","nominal","2.0NRT",301.18,3.39,"D"
"1069",23.83512,53.6265,355.64,0.41,0.61,"2026-09-20",858,"N20","nominal","2.0NRT",319.94,3.52,"D"
"1070",30.17287,47.41299,339.94,0.69,0.74,"2026-09-20",900,"N20","nominal","2.0NRT",306.4,6.61,"D"
"1071",51.02413,48.26368,340.02,0.54,0.42,"2026-09-20",905,"N20","nominal","2.0NRT",302.5,8.83,"D"
"1072",23.83489,53.62695,351.32,0.41,0.61,"2026-09-20",858,"N20","nominal","2.0NRT",319.63,4.16,"D"
"1073",30.21196,47.39837,355.59,0.69,0.74,"2026-09-20",900,"N20","nominal","2.0NRT",306.67,14.18,"D"
"1074",47.31173,35.72329,367,0.75,0.77,"2026-09-20",905,"N20","high","2.0NRT",298.6,14.23,"D"
"1075",24.50215,56.6081,350.68,0.52,0.5,"2026-09-20",858,"N20","nominal","2.0NRT",305.37,21.43,"D"
"1076",30.21003,47.39159,354.83,0.69,0.74,"2026-09-20",900,"N20","nominal","2.0NRT",307.83,14.18,"D"
"1077",47.31786,35.71805,343.6,0.75,0.77,"2026-09-20",905,"N20","nominal","2.0NRT",293.86,6.53,"D"
"1078",23.85294,53.65506,346.64,0.41,0.61,"2026-09-20",858,"N20","nominal","2.0NRT",319.94,4.21,"D"
"1079",30.27513,47.36697,337.94,0.69,0.74,"2026-09-20",900,"N20","nominal","2.0NRT",305.82,2.31,"D"
"1080",23.85204,53.65117,356.16,0.41,0.61,"2026-09-20",858,"N20","low","2.0NRT",319.41,4.21,"D"
"1081",47.87032,37.03207,339.39,0.63,0.72,"2026-09-20",905,"N20","nominal","2.0NRT",293.05,7.2,"D"
"1082",30.28164,47.3645,367,0.69,0.74,"2026-09-20",900,"N20","high","2.0NRT",307.25,10.5,"D"
"1083",24.50664,56.60699,348.34,0.52,0.5,"2026-09-20",858,"N20","nominal","2.0NRT",303.35,12.22,"D"
"1084",53.41115,64.61493,345.21,0.47,0.47,"2026-09-20",905,"N20","nominal","2.0NRT",300.77,4.21,"D"
"1085",30.89143,49.61488,344.84,0.49,0.65,"2026-09-20",900,"N20","nominal","2.0NRT",308.91,5.03,"D"
"1086",24.06084,54.32375,341.39,0.37,0.58,"2026-09-20",858,"N20","low","2.0NRT",315.42,20.14,"D"
"1087",52.2291,54.12498,334.14,0.39,0.36,"2026-09-20",905,"N20","nominal","2.0NRT",302.92,2.45,"D"
"1088",24.06005,54.32021,355.55,0.37,0.58,"2026-09-20",858,"N20","low","2.0NRT",322.75,20.14,"D"
"1089",30.27813,47.3666,355.61,0.69,0.74,"2026-09-20",900,"N20","nominal","2.0NRT",306.42,6.06,"D"
"1090",47.85653,36.63867,352.69,0.66,0.73,"2026-09-20",905,"N20","nominal","2.0NRT",294.81,23.79,"D"
"1091",24.50735,54.01751,334.21,0.38,0.59,"2026-09-20",858,"N20","nominal","2.0NRT",302.75,4.39,"D"
"1092",30.2762,47.35984,338.67,0.69,0.74,"2026-09-20",900,"N20","nominal","2.0NRT",307.48,6.06,"D"
"1093",53.76524,69.97084,329.57,0.39,0.59,"2026-09-20",905,"N20","nominal","2.0NRT",296.14,4.66,"D"
"1094",24.98709,55.62644,346.82,0.59,0.53,"2026-09-20",858,"N20","low","2.0NRT",321.76,4.13,"D"
"1095",30.28465,47.36417,335.04,0.69,0.74,"2026-09-20",900,"N20","low","2.0NRT",306.27,6.06,"D"
"1096",47.34945,35.18063,331.48,0.79,0.78,"2026-09-20",905,"N20","nominal","2.0NRT",296.37,16.51,"D"
"1097",24.79997,53.73403,367,0.39,0.59,"2026-09-20",858,"N20","high","2.0NRT",305.29,17.5,"D"
"1098",30.4134,47.61707,341.5,0.66,0.73,"2026-09-20",900,"N20","nominal","2.0NRT",305.69,3.99,"D"
"1099",47.34598,35.17147,354.8,0.79,0.78,"2026-09-20",905,"N20","nominal","2.0NRT",299.73,16.51,"D"
"1100",24.83473,53.50478,367,0.4,0.6,"2026-09-20",858,"N20","high","2.0NRT",306.9,26.7,"D"
"1101",30.35818,47.34403,367,0.69,0.74,"2026-09-20",900,"N20","high","2.0NRT",308.6,31.18,"D"
"1102",47.34982,35.16826,355.35,0.79,0.78,"2026-09-20",905,"N20","nominal","2.0NRT",299.77,24.4,"D"
"1103",24.90339,53.73034,367,0.39,0.59,"2026-09-20",858,"N20","high","2.0NRT",306.68,13.65,"D"
"1104",30.35628,47.33724,345.17,0.69,0.74,"2026-09-20",900,"N20","nominal","2.0NRT",307.02,11.44,"D"
"1105",47.58656,35.70535,355.29,0.73,0.76,"2026-09-20",905,"N20","nominal","2.0NRT",297.41,9.7,"D"
"1106",24.90423,53.73404,330.53,0.39,0.59,"2026-09-20",858,"N20","nominal","2.0NRT",302.3,13.65,"D"
"1107",30.36278,47.33475,345.99,0.69,0.74,"2026-09-20",900,"N20","nominal","2.0NRT",306.44,11.44,"D"
"1108",25.161,52.8685,367,0.43,0.62,"2026-09-20",858,"N20","high","2.0NRT",306.1,16.31,"D"
"1109",53.73989,67.24979,327.19,0.6,0.53,"2026-09-20",905,"N20","low","2.0NRT",297.97,3.3,"D"
"1110",30.47294,47.60186,337.44,0.66,0.73,"2026-09-20",900,"N20","nominal","2.0NRT",306.71,5.57,"D"
"1111",25.16292,52.87676,351.43,0.43,0.62,"2026-09-20",858,"N20","nominal","2.0NRT",303.75,11.49,"D"
"1112",48.31432,37.51096,355.45,0.58,0.7,"2026-09-20",905,"N20","nominal","2.0NRT",293.74,26.01,"D"
"1113",30.40097,47.34272,340.14,0.68,0.74,"2026-09-20",900,"N20","nominal","2.0NRT",305.65,8.29,"D"
"1114",25.17491,52.87768,367,0.43,0.62,"2026-09-20",858,"N20","high","2.0NRT",301.7,11.22,"D"
"1115",50.98849,46.76046,336.74,0.41,0.45,"2026-09-20",905,"N20","nominal","2.0NRT",303.24,1.27,"D"
"1116",30.39909,47.33596,355.34,0.68,0.74,"2026-09-20",900,"N20","nominal","2.0NRT",307.39,10.87,"D"
"1117",25.17395,52.87355,355.85,0.43,0.62,"2026-09-20",858,"N20","nominal","2.0NRT",302.6,11.22,"D"
"1118",48.31072,37.514,367,0.58,0.7,"2026-09-20",905,"N20","high","2.0NRT",292.76,16.22,"D"
"1119",24.92745,51.56266,345.6,0.52,0.67,"2026-09-20",858,"N20","nominal","2.0NRT",311.6,5.36,"D"
"1120",30.35198,47.33778,339.06,0.69,0.74,"2026-09-20",900,"N20","nominal","2.0NRT",306.23,16.12,"D"
"1121",53.82515,66.81983,337.56,0.58,0.52,"2026-09-20",905,"N20","nominal","2.0NRT",298.48,6.75,"D"
"1122",24.31182,49.06118,347.56,0.77,0.77,"2026-09-20",858,"N20","nominal","2.0NRT",314.39,10.57,"D"
"1123",30.36044,47.34211,367,0.68,0.74,"2026-09-20",900,"N20","high","2.0NRT",308.61,16.12,"D"
"1124",47.6715,35.50356,367,0.74,0.76,"2026-09-20",905,"N20","high","2.0NRT",298.21,32.92,"D"
"1125",25.50905,53.14817,339.94,0.41,0.6,"2026-09-20",858,"N20","nominal","2.0NRT",302.03,5.08,"D"
"1126",30.365,47.3329,339.4,0.69,0.74,"2026-09-20",900,"N20","nominal","2.0NRT",306.41,3.13,"D"
"1127",48.55751,37.95579,329.4,0.55,0.68,"2026-09-20",905,"N20","nominal","2.0NRT",294.34,9.23,"D"
"1128",25.53247,53.14993,367,0.41,0.6,"2026-09-20",858,"N20","high","2.0NRT",304.65,34.93,"D"
"1129",30.47853,47.60583,340.77,0.66,0.73,"2026-09-20",900,"N20","nominal","2.0NRT",306.41,3.88,"D"
"1130",48.55532,37.94939,350.21,0.55,0.68,"2026-09-20",905,"N20","nominal","2.0NRT",296.73,11.21,"D"
"1131",25.53156,53.14602,343.41,0.41,0.6,"2026-09-20",858,"N20","nominal","2.0NRT",303.31,21.13,"D"
"1132",30.47669,47.59929,337.28,0.66,0.73,"2026-09-20",900,"N20","nominal","2.0NRT",306.1,3.88,"D"
"1133",48.56039,37.9471,367,0.55,0.68,"2026-09-20",905,"N20","high","2.0NRT",294.85,13.37,"D"
"1134",28.13152,67.68232,339.13,0.51,0.41,"2026-09-20",858,"N20","nominal","2.0NRT",305.18,2.92,"D"
"1135",30.40334,47.34097,345.99,0.68,0.74,"2026-09-20",900,"N20","nominal","2.0NRT",305.56,7.99,"D"
"1136",47.67266,35.5078,332.49,0.74,0.76,"2026-09-20",905,"N20","nominal","2.0NRT",295.44,18.91,"D"
"1137",30.40141,47.33421,354.61,0.68,0.74,"2026-09-20",900,"N20","nominal","2.0NRT",307.15,7.99,"D"
"1138",25.17582,49.32027,340.36,0.71,0.75,"2026-09-20",858,"N20","low","2.0NRT",314.75,1.91,"D"
"1139",47.66928,35.49893,352.99,0.74,0.76,"2026-09-20",905,"N20","nominal","2.0NRT",299.35,29.11,"D"
"1140",30.52249,47.61099,351.98,0.66,0.73,"2026-09-20",900,"N20","nominal","2.0NRT",307.04,7.07,"D"
"1141",27.10904,57.00521,341.08,0.44,0.46,"2026-09-20",858,"N20","nominal","2.0NRT",305.38,3.02,"D"
"1142",52.22026,51.83534,332.02,0.41,0.37,"2026-09-20",905,"N20","nominal","2.0NRT",301.1,1.31,"D"
"1143",30.7499,48.28477,367,0.59,0.7,"2026-09-20",900,"N20","high","2.0NRT",308.6,93.49,"D"
"1144",25.88384,51.53355,336.06,0.5,0.66,"2026-09-20",858,"N20","nominal","2.0NRT",304.18,2.4,"D"
"1145",48.54594,37.59538,327.85,0.57,0.69,"2026-09-20",905,"N20","nominal","2.0NRT",295.13,2.9,"D"
"1146",30.75608,48.28253,367,0.59,0.7,"2026-09-20",900,"N20","high","2.0NRT",308.82,10.96,"D"
"1147",25.9003,51.54932,339.02,0.5,0.66,"2026-09-20",858,"N20","nominal","2.0NRT",304.63,3.42,"D"
"1148",47.65576,35.1269,329.47,0.77,0.77,"2026-09-20",905,"N20","nominal","2.0NRT",294.92,3.35,"D"
"1149",30.4916,47.32246,367,0.68,0.74,"2026-09-20",900,"N20","high","2.0NRT",307.45,15.09,"D"
"1150",26.16365,52.25256,367,0.45,0.63,"2026-09-20",858,"N20","high","2.0NRT",303.79,15.82,"D"
"1151",54.02195,67.51629,326.96,0.62,0.54,"2026-09-20",905,"N20","nominal","2.0NRT",296.24,2.57,"D"
"1152",30.75448,48.27662,338.16,0.59,0.7,"2026-09-20",900,"N20","nominal","2.0NRT",307.33,10.96,"D"
"1153",25.49935,49.40965,340.84,0.69,0.74,"2026-09-20",858,"N20","low","2.0NRT",315.38,5.16,"D"
"1154",53.95953,66.05692,337.94,0.54,0.51,"2026-09-20",905,"N20","nominal","2.0NRT",295.9,5.39,"D"
"1155",30.75289,48.28662,353.31,0.59,0.7,"2026-09-20",900,"N20","nominal","2.0NRT",305.75,128.97,"D"
"1156",27.15968,56.10101,334.49,0.49,0.49,"2026-09-20",858,"N20","low","2.0NRT",306.53,5.05,"D"
"1157",53.96421,66.05622,326.29,0.54,0.51,"2026-09-20",905,"N20","nominal","2.0NRT",294.53,3.11,"D"
"1158",30.49392,47.31867,367,0.68,0.74,"2026-09-20",900,"N20","high","2.0NRT",307.93,14.55,"D"
"1159",27.16907,56.05742,338.12,0.5,0.49,"2026-09-20",858,"N20","nominal","2.0NRT",305.77,2.16,"D"
"1160",54.04348,67.31271,338.43,0.61,0.53,"2026-09-20",905,"N20","nominal","2.0NRT",297.1,4.34,"D"
"1161",30.56187,47.33023,340.05,0.68,0.74,"2026-09-20",900,"N20","nominal","2.0NRT",307.14,7.54,"D"
"1162",27.16805,56.05253,347.26,0.5,0.49,"2026-09-20",858,"N20","nominal","2.0NRT",306.92,6.04,"D"
"1163",48.74072,37.85658,367,0.55,0.68,"2026-09-20",905,"N20","high","2.0NRT",297.55,9.39,"D"
"1164",31.12499,49.32273,367,0.51,0.66,"2026-09-20",900,"N20","high","2.0NRT",308.81,7.57,"D"
"1165",25.6403,49.39213,338.22,0.68,0.74,"2026-09-20",858,"N20","low","2.0NRT",311.64,7.57,"D"
"1166",48.14325,36.02029,341.44,0.68,0.74,"2026-09-20",905,"N20","nominal","2.0NRT",298.37,6.48,"D"
"1167",31.13213,49.32565,342.9,0.5,0.66,"2026-09-20",900,"N20","nominal","2.0NRT",309.59,5.09,"D"
"1168",25.63609,49.39206,337.78,0.68,0.74,"2026-09-20",858,"N20","low","2.0NRT",312.28,5.51,"D"
"1169",53.44608,59.03627,326.9,0.45,0.39,"2026-09-20",905,"N20","low","2.0NRT",300.9,4.55,"D"
"1170",31.13661,49.31848,367,0.51,0.66,"2026-09-20",900,"N20","high","2.0NRT",310.96,5.09,"D"
"1171",25.64265,49.38999,335.79,0.68,0.74,"2026-09-20",858,"N20","low","2.0NRT",310.78,4.1,"D"
"1172",53.45314,59.03406,354,0.45,0.39,"2026-09-20",905,"N20","nominal","2.0NRT",307.2,7.05,"D"
"1173",31.13794,49.32354,347.19,0.5,0.66,"2026-09-20",900,"N20","nominal","2.0NRT",308.49,5.09,"D"
"1174",25.8734,49.24296,353.28,0.69,0.74,"2026-09-20",900,"N20","nominal","2.0NRT",313.09,4.81,"D"
"1175",53.45745,59.03967,331.09,0.45,0.39,"2026-09-20",905,"N20","nominal","2.0NRT",297.09,7.61,"D"
"1176",30.61096,47.32638,348.08,0.68,0.74,"2026-09-20",900,"N20","nominal","2.0NRT",307.84,6.94,"D"
"1177",27.52242,54.1589,345.06,0.32,0.54,"2026-09-20",900,"N20","nominal","2.0NRT",317.07,6.55,"D"
"1178",53.45668,59.03293,348.21,0.45,0.39,"2026-09-20",905,"N20","nominal","2.0NRT",310.07,15.5,"D"
"1179",30.54597,47.09471,335.14,0.7,0.75,"2026-09-20",900,"N20","low","2.0NRT",305.38,2.47,"D"
"1180",27.49887,52.64782,335.86,0.39,0.6,"2026-09-20",900,"N20","nominal","2.0NRT",304.36,4.14,"D"
"1181",53.45525,59.03295,354.57,0.45,0.39,"2026-09-20",905,"N20","nominal","2.0NRT",310.47,8.12,"D"
"1182",30.56297,47.1036,351.62,0.7,0.75,"2026-09-20",900,"N20","nominal","2.0NRT",309.2,23.59,"D"
"1183",27.50341,52.64299,338.4,0.39,0.6,"2026-09-20",900,"N20","nominal","2.0NRT",303.92,3.24,"D"
"1184",53.5527,59.89962,329.89,0.48,0.4,"2026-09-20",905,"N20","nominal","2.0NRT",294.45,3.31,"D"
"1185",30.56493,47.11056,356.6,0.7,0.75,"2026-09-20",900,"N20","low","2.0NRT",305.55,22.81,"D"
"1186",27.50226,52.63811,344.53,0.39,0.6,"2026-09-20",900,"N20","nominal","2.0NRT",304.27,3.24,"D"
"1187",53.45954,59.03856,331.57,0.45,0.39,"2026-09-20",905,"N20","nominal","2.0NRT",298.2,8.12,"D"
"1188",31.12796,49.32442,341.42,0.5,0.66,"2026-09-20",900,"N20","nominal","2.0NRT",309.47,6.84,"D"
"1189",27.51123,52.62791,345.35,0.39,0.6,"2026-09-20",900,"N20","nominal","2.0NRT",304.3,4.9,"D"
"1190",53.45878,59.03177,328.21,0.45,0.39,"2026-09-20",905,"N20","low","2.0NRT",302.68,8.12,"D"
"1191",31.12661,49.31943,350.96,0.5,0.66,"2026-09-20",900,"N20","nominal","2.0NRT",309.79,12.5,"D"
"1192",27.51013,52.62324,355.9,0.39,0.6,"2026-09-20",900,"N20","nominal","2.0NRT",304.71,8.04,"D"
"1193",48.85444,38.06542,335.44,0.53,0.67,"2026-09-20",905,"N20","nominal","2.0NRT",297.5,4.54,"D"
"1194",30.56906,47.31902,337.04,0.68,0.74,"2026-09-20",900,"N20","nominal","2.0NRT",306.07,7.07,"D"
"1195",27.51351,52.61345,338.57,0.39,0.6,"2026-09-20",900,"N20","nominal","2.0NRT",303.93,3.27,"D"
"1196",48.13819,36.01811,328.27,0.68,0.74,"2026-09-20",905,"N20","low","2.0NRT",299.79,6.95,"D"
"1197",31.13378,49.32235,348.58,0.5,0.66,"2026-09-20",900,"N20","nominal","2.0NRT",310.03,6.84,"D"
"1198",27.52039,52.59426,367,0.4,0.6,"2026-09-20",900,"N20","high","2.0NRT",304.47,8.16,"D"
"1199",48.63332,36.77858,341.77,0.61,0.71,"2026-09-20",905,"N20","nominal","2.0NRT",295.03,6.44,"D"
"1200",31.13959,49.32025,345.57,0.5,0.66,"2026-09-20",900,"N20","nominal","2.0NRT",308.49,4.98,"D"
"1201",27.54224,52.59029,344.06,0.4,0.6,"2026-09-20",900,"N20","nominal","2.0NRT",302.98,5.03,"D"
"1202",49.01934,37.80846,367,0.54,0.68,"2026-09-20",905,"N20","high","2.0NRT",294.24,26.27,"D"
"1203",30.61372,47.32448,340,0.68,0.74,"2026-09-20",900,"N20","nominal","2.0NRT",306.89,5.22,"D"
"1204",27.53838,52.59096,337.27,0.4,0.6,"2026-09-20",900,"N20","nominal","2.0NRT",302.88,2.94,"D"
"1205",49.01705,37.8017,344.11,0.54,0.68,"2026-09-20",905,"N20","nominal","2.0NRT",300.04,32.25,"D"
"1206",30.56001,47.11183,341.53,0.7,0.75,"2026-09-20",900,"N20","nominal","2.0NRT",304.94,4.47,"D"
"1207",27.53722,52.58617,340.26,0.4,0.6,"2026-09-20",900,"N20","nominal","2.0NRT",303.54,2.94,"D"
"1208",48.10536,35.24406,341.69,0.73,0.76,"2026-09-20",905,"N20","nominal","2.0NRT",294.3,7.89,"D"
"1209",30.55802,47.10489,342.6,0.7,0.75,"2026-09-20",900,"N20","nominal","2.0NRT",306.8,4.47,"D"
"1210",27.67806,52.94114,367,0.37,0.58,"2026-09-20",900,"N20","high","2.0NRT",317.49,8.44,"D"
"1211",48.62915,36.78463,341.03,0.61,0.71,"2026-09-20",905,"N20","nominal","2.0NRT",295.13,7.37,"D"
"1212",30.56457,47.10239,355.01,0.7,0.75,"2026-09-20",900,"N20","nominal","2.0NRT",306.49,13.47,"D"
"1213",27.67719,52.93748,346.39,0.37,0.58,"2026-09-20",900,"N20","nominal","2.0NRT",317.01,8.44,"D"
"1214",49.01741,37.80301,350.94,0.54,0.68,"2026-09-20",905,"N20","nominal","2.0NRT",301.54,23.06,"D"
"1215",30.56656,47.10933,356.36,0.7,0.75,"2026-09-20",900,"N20","low","2.0NRT",305.36,13.47,"D"
"1216",27.68485,52.23623,347.81,0.41,0.61,"2026-09-20",900,"N20","nominal","2.0NRT",303.47,5.49,"D"
"1217",49.02297,37.79869,333.35,0.54,0.68,"2026-09-20",905,"N20","nominal","2.0NRT",293.16,23.06,"D"
"1218",30.68792,47.33356,367,0.67,0.74,"2026-09-20",900,"N20","high","2.0NRT",310.86,29.01,"D"
"1219",54.51297,68.18559,328.07,0.33,0.56,"2026-09-20",905,"N20","nominal","2.0NRT",295.92,3.86,"D"
"1220",27.69027,52.23463,336.09,0.41,0.61,"2026-09-20",900,"N20","low","2.0NRT",306.64,5.49,"D"
"1221",48.34147,35.37893,367,0.71,0.75,"2026-09-20",905,"N20","high","2.0NRT",292.58,10.11,"D"
"1222",27.68222,52.25047,367,0.41,0.61,"2026-09-20",900,"N20","high","2.0NRT",305.79,2.86,"D"
"1223",30.68604,47.32686,342.93,0.67,0.74,"2026-09-20",900,"N20","nominal","2.0NRT",307.94,29.01,"D"
"1224",27.68123,52.24642,333.39,0.41,0.61,"2026-09-20",900,"N20","nominal","2.0NRT",303.24,2.86,"D"
"1225",51.60969,45.81122,347.05,0.42,0.45,"2026-09-20",905,"N20","nominal","2.0NRT",299.94,5.3,"D"
"1226",31.20806,49.21758,367,0.51,0.66,"2026-09-20",900,"N20","high","2.0NRT",310.91,13.08,"D"
"1227",49.41454,38.02159,332.05,0.51,0.66,"2026-09-20",905,"N20","nominal","2.0NRT",293.95,4.71,"D"
"1228",27.68469,52.23675,345.32,0.41,0.61,"2026-09-20",900,"N20","nominal","2.0NRT",304.04,0.8,"D"
"1229",30.8586,47.92111,351.33,0.62,0.71,"2026-09-20",900,"N20","nominal","2.0NRT",305.3,10.14,"D"
"1230",49.11008,36.83144,333.66,0.58,0.7,"2026-09-20",905,"N20","nominal","2.0NRT",292.28,2.17,"D"
"1231",27.69011,52.23517,337.51,0.41,0.61,"2026-09-20",900,"N20","nominal","2.0NRT",306.68,3.74,"D"
"1232",30.68521,47.33521,367,0.67,0.74,"2026-09-20",900,"N20","high","2.0NRT",308.6,45,"D"
"1233",27.71281,52.18483,338.26,0.41,0.61,"2026-09-20",900,"N20","nominal","2.0NRT",302.73,8.17,"D"
"1234",48.97111,36.02061,343.78,0.63,0.72,"2026-09-20",905,"N20","nominal","2.0NRT",292.16,6.57,"D"
"1235",31.20997,49.21548,354.31,0.51,0.66,"2026-09-20",900,"N20","nominal","2.0NRT",311.15,7.65,"D"
"1236",48.97039,36.0222,330.66,0.63,0.72,"2026-09-20",905,"N20","nominal","2.0NRT",291.67,5.58,"D"
"1237",30.6833,47.32855,348.52,0.67,0.74,"2026-09-20",900,"N20","nominal","2.0NRT",309.43,38.29,"D"
"1238",27.71726,52.17912,367,0.41,0.61,"2026-09-20",900,"N20","high","2.0NRT",302.33,7.48,"D"
"1239",48.96762,36.01466,340.38,0.63,0.72,"2026-09-20",905,"N20","nominal","2.0NRT",293.8,5.58,"D"
"1240",30.86092,47.92696,347.48,0.62,0.71,"2026-09-20",900,"N20","nominal","2.0NRT",304.07,8.61,"D"
"1241",27.71628,52.17505,355.73,0.41,0.61,"2026-09-20",900,"N20","nominal","2.0NRT",302.45,7.48,"D"
"1242",49.59245,36.81522,329.16,0.56,0.69,"2026-09-20",905,"N20","nominal","2.0NRT",291.96,6.21,"D"
"1243",30.85919,47.92083,355.86,0.62,0.71,"2026-09-20",900,"N20","nominal","2.0NRT",304.74,8.61,"D"
"1244",53.47282,51.66277,328.01,0.4,0.37,"2026-09-20",905,"N20","nominal","2.0NRT",297.75,1.75,"D"
"1245",27.72269,52.17751,339.88,0.41,0.61,"2026-09-20",900,"N20","nominal","2.0NRT",303.81,3.02,"D"
"1246",31.24982,49.17306,349.38,0.51,0.66,"2026-09-20",900,"N20","nominal","2.0NRT",307.89,3.64,"D"
"1247",50.28556,37.71521,328.06,0.49,0.65,"2026-09-20",905,"N20","nominal","2.0NRT",291.09,2.53,"D"
"1248",31.21011,48.95256,367,0.53,0.67,"2026-09-20",900,"N20","high","2.0NRT",313.56,20.74,"D"
"1249",27.72171,52.17342,352.76,0.41,0.61,"2026-09-20",900,"N20","nominal","2.0NRT",302.28,3.02,"D"
"1250",55.2809,61.46226,343.39,0.56,0.43,"2026-09-20",905,"N20","nominal","2.0NRT",294.49,20.51,"D"
"1251",27.76108,52.16774,367,0.41,0.61,"2026-09-20",900,"N20","high","2.0NRT",305.59,7.9,"D"
"1252",30.76392,47.33525,339.27,0.67,0.74,"2026-09-20",900,"N20","nominal","2.0NRT",307.57,4.14,"D"
"1253",55.075,58.98526,325.85,0.47,0.39,"2026-09-20",905,"N20","nominal","2.0NRT",288.3,2.11,"D"
"1254",31.12261,74.68405,343.39,0.47,0.64,"2026-09-20",900,"N20","nominal","2.0NRT",299.84,4.68,"D"
"1255",31.00283,48.14071,344.09,0.59,0.7,"2026-09-20",900,"N20","nominal","2.0NRT",309.78,5.12,"D"
"1256",55.07502,58.98463,325.31,0.47,0.39,"2026-09-20",905,"N20","nominal","2.0NRT",287.57,3.08,"D"
"1257",27.76129,52.16937,367,0.41,0.61,"2026-09-20",900,"N20","high","2.0NRT",304.38,6.84,"D"
"1258",31.30011,49.12103,341.37,0.51,0.66,"2026-09-20",900,"N20","nominal","2.0NRT",308.62,3.04,"D"
"1259",54.84826,56.11111,337.16,0.4,0.37,"2026-09-20",905,"N20","nominal","2.0NRT",291.05,4.7,"D"
"1260",27.76017,52.16481,350.91,0.41,0.61,"2026-09-20",900,"N20","nominal","2.0NRT",304.98,6.84,"D"
"1261",30.82758,47.33324,367,0.67,0.73,"2026-09-20",900,"N20","high","2.0NRT",311.58,31.49,"D"
"1262",57.20584,65.64028,339.32,0.56,0.51,"2026-09-20",907,"N20","nominal","2.0NRT",291.54,4.67,"D"
"1263",31.12047,74.68233,331.04,0.47,0.64,"2026-09-20",900,"N20","nominal","2.0NRT",298.8,5.38,"D"
"1264",30.82943,47.33987,339.74,0.67,0.73,"2026-09-20",900,"N20","nominal","2.0NRT",307.84,14.73,"D"
"1265",57.94532,60.05931,328.91,0.54,0.42,"2026-09-20",907,"N20","nominal","2.0NRT",272.98,5.27,"D"
"1266",27.09546,49.31226,338.82,0.64,0.72,"2026-09-20",900,"N20","low","2.0NRT",311.3,7.89,"D"
"1267",55.38387,42.18467,339.17,0.45,0.47,"2026-09-20",907,"N20","nominal","2.0NRT",294.91,5.15,"D"
"1268",31.30103,49.1179,336.62,0.51,0.66,"2026-09-20",900,"N20","nominal","2.0NRT",306.55,3.19,"D"
"1269",31.45558,74.87454,332.77,0.48,0.65,"2026-09-20",900,"N20","nominal","2.0NRT",298.68,5.64,"D"
"1270",54.82681,39.69976,330.72,0.57,0.52,"2026-09-20",907,"N20","nominal","2.0NRT",289.25,7.04,"D"
"1271",30.82431,47.3332,367,0.67,0.73,"2026-09-20",900,"N20","high","2.0NRT",311.91,15.09,"D"
"1272",31.4519,74.87649,338.6,0.49,0.65,"2026-09-20",900,"N20","nominal","2.0NRT",299.07,4.05,"D"
"1273",52.62162,32.20341,350.43,0.64,0.72,"2026-09-20",907,"N20","nominal","2.0NRT",286.91,14.39,"D"
"1274",30.82621,47.33982,342.76,0.67,0.73,"2026-09-20",900,"N20","nominal","2.0NRT",307.62,15.09,"D"
"1275",31.35372,72.94551,334.92,0.37,0.58,"2026-09-20",900,"N20","nominal","2.0NRT",299.45,2.15,"D"
"1276",55.48632,38.15469,327.81,0.61,0.54,"2026-09-20",907,"N20","nominal","2.0NRT",289.43,3.44,"D"
"1277",30.88337,47.34024,351,0.66,0.73,"2026-09-20",900,"N20","nominal","2.0NRT",307.03,13.75,"D"
"1278",31.66479,77.32564,327.04,0.68,0.74,"2026-09-20",900,"N20","nominal","2.0NRT",293.84,8,"D"
"1279",55.48391,38.15649,333.05,0.61,0.54,"2026-09-20",907,"N20","nominal","2.0NRT",292.12,5.91,"D"
"1280",30.8815,47.33363,356.13,0.66,0.73,"2026-09-20",900,"N20","nominal","2.0NRT",309.78,16.79,"D"
"1281",31.66455,77.31993,331.51,0.68,0.74,"2026-09-20",900,"N20","nominal","2.0NRT",294.41,9.43,"D"
"1282",57.18067,39.99547,348.85,0.46,0.47,"2026-09-20",907,"N20","nominal","2.0NRT",289.65,15.44,"D"
"1283",31.30575,48.7744,354.46,0.54,0.68,"2026-09-20",900,"N20","nominal","2.0NRT",302.79,5.99,"D"
"1284",31.53327,74.53089,355.55,0.46,0.64,"2026-09-20",900,"N20","nominal","2.0NRT",299.57,6.73,"D"
"1285",56.74788,37.56296,327.07,0.58,0.52,"2026-09-20",907,"N20","nominal","2.0NRT",284.46,2.06,"D"
"1286",31.02797,47.70565,341.64,0.63,0.72,"2026-09-20",900,"N20","nominal","2.0NRT",307.12,4.47,"D"
"1287",31.53196,74.53394,337.15,0.46,0.64,"2026-09-20",900,"N20","nominal","2.0NRT",298.81,4,"D"
"1288",64.77785,74.52183,325.36,0.58,0.7,"2026-09-20",909,"N20","nominal","2.0NRT",283.4,3.7,"D"
"1289",31.53168,74.529,335.08,0.46,0.64,"2026-09-20",900,"N20","nominal","2.0NRT",298.29,4,"D"
"1290",31.08688,47.7935,355.93,0.62,0.71,"2026-09-20",900,"N20","nominal","2.0NRT",309.91,20.17,"D"
"1291",64.78433,74.5232,331.26,0.58,0.7,"2026-09-20",909,"N20","nominal","2.0NRT",281.95,3.7,"D"
"1292",31.66543,77.31978,339.54,0.68,0.74,"2026-09-20",900,"N20","nominal","2.0NRT",294.42,11.91,"D"
"1293",64.79853,74.48798,326.77,0.58,0.7,"2026-09-20",909,"N20","nominal","2.0NRT",283.2,3.58,"D"
"1294",31.02875,47.7089,338.11,0.63,0.72,"2026-09-20",900,"N20","nominal","2.0NRT",307.27,4.15,"D"
"1295",31.87234,74.7244,331.7,0.48,0.65,"2026-09-20",900,"N20","nominal","2.0NRT",298.66,4.09,"D"
"1296",64.805,74.48942,346.05,0.58,0.7,"2026-09-20",909,"N20","nominal","2.0NRT",283.2,8.46,"D"
"1297",31.0865,47.79037,352.85,0.62,0.71,"2026-09-20",900,"N20","nominal","2.0NRT",308.92,14.8,"D"
"1298",27.8105,48.86449,367,0.65,0.73,"2026-09-20",900,"N20","high","2.0NRT",306.11,30.72,"D"
"1299",64.80379,74.49236,344.76,0.58,0.7,"2026-09-20",909,"N20","nominal","2.0NRT",282.68,9.97,"D"
"1300",31.08823,47.79654,356.06,0.62,0.71,"2026-09-20",900,"N20","low","2.0NRT",307.22,14.8,"D"
"1301",27.8088,48.8581,332.97,0.65,0.73,"2026-09-20",900,"N20","nominal","2.0NRT",302.84,30.72,"D"
"1302",64.80424,74.4798,330.31,0.58,0.7,"2026-09-20",909,"N20","nominal","2.0NRT",283.12,7.85,"D"
"1303",27.8091,48.86525,336.19,0.65,0.73,"2026-09-20",900,"N20","nominal","2.0NRT",303.52,4.81,"D"
"1304",31.05976,47.62085,351.76,0.63,0.72,"2026-09-20",900,"N20","nominal","2.0NRT",307.94,5.19,"D"
"1305",65.0231,75.46183,333.31,0.62,0.71,"2026-09-20",909,"N20","nominal","2.0NRT",284.89,6.89,"D"
"1306",27.81552,48.86308,367,0.65,0.73,"2026-09-20",900,"N20","high","2.0NRT",306.01,63.61,"D"
"1307",65.03285,75.4545,328.66,0.62,0.71,"2026-09-20",909,"N20","nominal","2.0NRT",284.71,7.79,"D"
"1308",31.08404,47.63264,344,0.63,0.72,"2026-09-20",900,"N20","nominal","2.0NRT",307.42,10.7,"D"
"1309",27.81379,48.85671,349.85,0.65,0.73,"2026-09-20",900,"N20","nominal","2.0NRT",304.36,38.73,"D"
"1310",65.03838,75.48293,356.51,0.62,0.71,"2026-09-20",909,"N20","low","2.0NRT",288.67,9.95,"D"
"1311",31.08227,47.62634,355.87,0.63,0.72,"2026-09-20",900,"N20","nominal","2.0NRT",309.62,10.7,"D"
"1312",28.68348,52.0928,343.5,0.4,0.6,"2026-09-20",900,"N20","nominal","2.0NRT",316.16,3.93,"D"
"1313",65.0428,75.53856,335.81,0.62,0.72,"2026-09-20",909,"N20","nominal","2.0NRT",286.43,12.52,"D"
"1314",31.40504,48.65667,341.69,0.54,0.68,"2026-09-20",900,"N20","nominal","2.0NRT",308.48,4.33,"D"
"1315",27.81295,48.61954,367,0.67,0.74,"2026-09-20",900,"N20","high","2.0NRT",307.42,21.5,"D"
"1316",65.04334,75.52518,354.89,0.62,0.71,"2026-09-20",909,"N20","nominal","2.0NRT",290.62,12.52,"D"
"1317",27.81471,48.62604,348.3,0.67,0.74,"2026-09-20",900,"N20","nominal","2.0NRT",307.04,12.1,"D"
"1318",31.27338,48.11948,367,0.59,0.7,"2026-09-20",900,"N20","high","2.0NRT",312.07,55.52,"D"
"1319",65.04501,75.48452,338.86,0.62,0.71,"2026-09-20",909,"N20","nominal","2.0NRT",285.34,9.95,"D"
"1320",31.92649,70.50484,330.04,0.54,0.51,"2026-09-20",900,"N20","nominal","2.0NRT",297.54,1.72,"D"
"1321",31.23903,47.96848,338.03,0.6,0.71,"2026-09-20",900,"N20","nominal","2.0NRT",306.57,3.33,"D"
"1322",65.04555,75.47105,344.44,0.62,0.71,"2026-09-20",909,"N20","nominal","2.0NRT",285.37,9.95,"D"
"1323",28.3702,49.63421,339.64,0.57,0.69,"2026-09-20",900,"N20","nominal","2.0NRT",300.39,25.96,"D"
"1324",65.04999,75.52672,355.25,0.62,0.71,"2026-09-20",909,"N20","nominal","2.0NRT",290.99,33.83,"D"
"1325",31.23739,47.96247,338.39,0.6,0.71,"2026-09-20",900,"N20","nominal","2.0NRT",307.66,3.33,"D"
"1326",28.36877,49.62865,356.37,0.57,0.69,"2026-09-20",900,"N20","low","2.0NRT",303.05,25.96,"D"
"1327",65.07204,75.47755,334.21,0.62,0.71,"2026-09-20",909,"N20","nominal","2.0NRT",284.31,6.67,"D"
"1328",33.75183,59.14803,339.72,0.42,0.38,"2026-09-20",900,"N20","low","2.0NRT",314.66,2.94,"D"
"1329",66.0975,76.8588,338.79,0.67,0.73,"2026-09-20",909,"N20","nominal","2.0NRT",282.37,4.49,"D"
"1330",31.40381,48.65482,349.91,0.54,0.68,"2026-09-20",900,"N20","nominal","2.0NRT",309.47,5.66,"D"
"1331",66.3103,77.00079,350.71,0.67,0.74,"2026-09-20",909,"N20","nominal","2.0NRT",285.97,8.45,"D"
"1332",31.269,48.11926,367,0.59,0.7,"2026-09-20",900,"N20","high","2.0NRT",314.61,21.48,"D"
"1333",66.32042,76.80151,337.32,0.66,0.73,"2026-09-20",909,"N20","nominal","2.0NRT",283.19,3.8,"D"
"1334",31.26736,48.11338,351.65,0.59,0.7,"2026-09-20",900,"N20","nominal","2.0NRT",309.56,21.48,"D"
"1335",66.40215,77.47912,342.42,0.69,0.74,"2026-09-20",909,"N20","nominal","2.0NRT",284.46,6.92,"D"
"1336",66.66783,77.39416,337.01,0.68,0.74,"2026-09-20",909,"N20","nominal","2.0NRT",282.52,4.38,"D"
"1337",31.27516,48.11699,335.53,0.59,0.7,"2026-09-20",900,"N20","nominal","2.0NRT",308.1,21.48,"D"
"1338",69.2651,33.35171,325.58,0.43,0.38,"2026-09-20",911,"N20","nominal","2.0NRT",284.5,2.72,"D"
"1339",31.23377,47.96874,345.62,0.6,0.7,"2026-09-20",900,"N20","nominal","2.0NRT",307.98,6,"D"
"1340",35.4362,73.61758,333.61,0.45,0.63,"2026-09-20",900,"N20","nominal","2.0NRT",297.67,4.47,"D"
"1341",31.2963,47.79819,367,0.61,0.71,"2026-09-20",900,"N20","high","2.0NRT",304.32,13.78,"D"
"1342",32.2396,51.43167,356.44,0.36,0.57,"2026-09-20",900,"N20","nominal","2.0NRT",318.01,22.13,"D"
"1343",32.24292,51.42263,337.48,0.36,0.57,"2026-09-20",900,"N20","low","2.0NRT",310.94,2.49,"D"
"1344",32.25887,51.52787,337.35,0.36,0.57,"2026-09-20",900,"N20","low","2.0NRT",310.38,1.42,"D"
"1345",32.24064,51.43206,367,0.36,0.57,"2026-09-20",900,"N20","high","2.0NRT",315.17,13.43,"D"
"1346",32.23974,51.42846,343.65,0.36,0.57,"2026-09-20",900,"N20","nominal","2.0NRT",310.02,13.43,"D"
"1347",32.24392,51.42308,338.96,0.36,0.57,"2026-09-20",900,"N20","low","2.0NRT",310.49,5.11,"D"
"1348",31.2973,47.79791,367,0.61,0.71,"2026-09-20",900,"N20","high","2.0NRT",305.07,9.91,"D"
"1349",31.35507,47.85683,335.75,0.6,0.71,"2026-09-20",900,"N20","low","2.0NRT",307.62,2.12,"D"
"1350",32.05941,47.44331,345.62,0.61,0.71,"2026-09-20",902,"N20","nominal","2.0NRT",310.26,5.54,"D"
"1351",32.10434,47.55518,345.39,0.6,0.71,"2026-09-20",902,"N20","nominal","2.0NRT",312.11,3.82,"D"
"1352",32.10262,47.54899,339.73,0.6,0.71,"2026-09-20",902,"N20","low","2.0NRT",312.76,3.82,"D"
"1353",32.11058,47.55295,336.23,0.6,0.71,"2026-09-20",902,"N20","low","2.0NRT",311.19,5.57,"D"
"1354",32.06128,47.44595,341.92,0.61,0.71,"2026-09-20",902,"N20","nominal","2.0NRT",308.88,4.13,"D"
"1355",32.10514,47.55144,367,0.6,0.71,"2026-09-20",902,"N20","high","2.0NRT",314.38,11.65,"D"
"1356",32.11383,47.412,367,0.61,0.71,"2026-09-20",902,"N20","high","2.0NRT",315.07,22,"D"
"1357",32.12009,47.40968,367,0.61,0.71,"2026-09-20",902,"N20","high","2.0NRT",310.99,22,"D"
"1358",32.12807,47.41352,350.17,0.61,0.71,"2026-09-20",902,"N20","nominal","2.0NRT",310.66,8.05,"D"
"1359",32.17957,47.52341,367,0.6,0.71,"2026-09-20",902,"N20","high","2.0NRT",311.29,7.4,"D"
"1360",31.76972,46.06775,336.04,0.74,0.76,"2026-09-20",902,"N20","low","2.0NRT",307.49,6.72,"D"
"1361",31.76537,46.05291,336.62,0.74,0.76,"2026-09-20",902,"N20","low","2.0NRT",306.8,13.49,"D"
"1362",31.76318,46.04548,356.12,0.74,0.76,"2026-09-20",902,"N20","nominal","2.0NRT",310.5,13.49,"D"
"1363",32.31814,47.87716,352.1,0.57,0.69,"2026-09-20",902,"N20","nominal","2.0NRT",313.34,7.26,"D"
"1364",31.76914,46.06773,340.17,0.74,0.76,"2026-09-20",902,"N20","nominal","2.0NRT",306.6,6.21,"D"
"1365",31.76248,46.04552,355.58,0.74,0.76,"2026-09-20",902,"N20","nominal","2.0NRT",310.12,20.11,"D"
"1366",32.31505,47.87645,346.89,0.57,0.69,"2026-09-20",902,"N20","nominal","2.0NRT",314.12,6.1,"D"
"1367",32.36935,47.83026,352.5,0.57,0.69,"2026-09-20",902,"N20","nominal","2.0NRT",314.32,9.61,"D"
"1368",32.35086,47.71493,342.66,0.58,0.7,"2026-09-20",902,"N20","nominal","2.0NRT",313.3,8.09,"D"
"1369",32.34919,47.7089,344.72,0.58,0.7,"2026-09-20",902,"N20","nominal","2.0NRT",315.11,14.79,"D"
"1370",32.35703,47.71281,367,0.58,0.7,"2026-09-20",902,"N20","high","2.0NRT",314.19,8.09,"D"
"1371",32.35985,47.69857,367,0.58,0.7,"2026-09-20",902,"N20","high","2.0NRT",319.12,28.66,"D"
"1372",32.25626,47.25239,346.88,0.62,0.71,"2026-09-20",902,"N20","nominal","2.0NRT",310.23,5.3,"D"
"1373",32.35382,47.71338,367,0.58,0.7,"2026-09-20",902,"N20","high","2.0NRT",315.49,16.78,"D"
"1374",32.35212,47.70739,353.88,0.58,0.7,"2026-09-20",902,"N20","nominal","2.0NRT",316.3,16.78,"D"
"1375",32.35658,47.69921,367,0.58,0.7,"2026-09-20",902,"N20","high","2.0NRT",318.29,35.02,"D"
"1376",32.25676,47.25237,344.42,0.62,0.71,"2026-09-20",902,"N20","nominal","2.0NRT",310.2,4.39,"D"
"1377",32.4906,47.21679,339.88,0.61,0.71,"2026-09-20",902,"N20","nominal","2.0NRT",312.25,4.91,"D"
"1378",32.48887,47.21072,344.34,0.61,0.71,"2026-09-20",902,"N20","nominal","2.0NRT",314.3,4.91,"D"
"1379",32.59656,47.54255,345.37,0.58,0.7,"2026-09-20",902,"N20","low","2.0NRT",317.2,6.09,"D"
"1380",35.35192,59.71896,347.21,0.4,0.37,"2026-09-20",902,"N20","nominal","2.0NRT",317.28,4.97,"D"
"1381",33.24929,47.73988,338.78,0.55,0.68,"2026-09-20",902,"N20","nominal","2.0NRT",310.36,6.13,"D"
"1382",33.74549,49.52674,341.44,0.42,0.61,"2026-09-20",902,"N20","nominal","2.0NRT",310.04,2.76,"D"
"1383",33.27701,47.74457,367,0.55,0.68,"2026-09-20",902,"N20","high","2.0NRT",311.4,13.24,"D"
"1384",33.2786,47.75034,347.86,0.55,0.68,"2026-09-20",902,"N20","nominal","2.0NRT",309.01,13.64,"D"
"1385",33.74451,49.52711,343.1,0.42,0.61,"2026-09-20",902,"N20","nominal","2.0NRT",310.06,2.8,"D"
"1386",33.27707,47.74693,340.66,0.55,0.68,"2026-09-20",902,"N20","nominal","2.0NRT",308.87,4.29,"D"
"1387",33.28316,47.74504,355.5,0.55,0.68,"2026-09-20",902,"N20","nominal","2.0NRT",310.24,13.57,"D"
"1388",32.98945,46.19144,337.16,0.68,0.74,"2026-09-20",902,"N20","low","2.0NRT",312.04,3.74,"D"
"1389",32.99592,46.18892,344.12,0.68,0.74,"2026-09-20",902,"N20","nominal","2.0NRT",311.1,3.74,"D"
"1390",37.23292,69.07782,343.85,0.51,0.5,"2026-09-20",902,"N20","nominal","2.0NRT",310.79,7.47,"D"
"1391",33.94842,48.62463,334.77,0.47,0.64,"2026-09-20",902,"N20","nominal","2.0NRT",307.01,4.69,"D"
"1392",34.64346,50.99638,337.78,0.33,0.56,"2026-09-20",902,"N20","low","2.0NRT",311.81,2.9,"D"
"1393",37.7025,69.57387,334.07,0.55,0.51,"2026-09-20",902,"N20","nominal","2.0NRT",306.49,2.33,"D"
"1394",34.18377,48.25373,367,0.49,0.65,"2026-09-20",902,"N20","high","2.0NRT",311.84,24.94,"D"
"1395",34.18924,48.274,338.92,0.49,0.65,"2026-09-20",902,"N20","nominal","2.0NRT",307.11,8.38,"D"
"1396",34.1962,48.27651,367,0.48,0.65,"2026-09-20",902,"N20","high","2.0NRT",313.05,8.38,"D"
"1397",34.19486,48.27151,353.86,0.49,0.65,"2026-09-20",902,"N20","nominal","2.0NRT",312.17,8.38,"D"
"1398",34.20187,48.2742,367,0.48,0.65,"2026-09-20",902,"N20","high","2.0NRT",312.11,14.67,"D"
"1399",34.20908,48.25424,341.83,0.49,0.65,"2026-09-20",902,"N20","nominal","2.0NRT",310.76,5.25,"D"
"1400",34.18282,48.2569,367,0.49,0.65,"2026-09-20",902,"N20","high","2.0NRT",306.51,15.86,"D"
"1401",34.18143,48.25186,352.18,0.49,0.65,"2026-09-20",902,"N20","nominal","2.0NRT",313.3,19.64,"D"
"1402",34.19402,48.27461,367,0.48,0.65,"2026-09-20",902,"N20","high","2.0NRT",313.3,10.8,"D"
"1403",34.19538,48.27958,345.68,0.48,0.65,"2026-09-20",902,"N20","nominal","2.0NRT",309.14,10.8,"D"
"1404",34.19264,48.26963,355.4,0.48,0.65,"2026-09-20",902,"N20","nominal","2.0NRT",313.09,13.6,"D"
"1405",34.19966,48.27225,367,0.48,0.65,"2026-09-20",902,"N20","high","2.0NRT",314.65,7.85,"D"
"1406",34.20108,48.27739,337.43,0.48,0.65,"2026-09-20",902,"N20","nominal","2.0NRT",309.98,7.85,"D"
"1407",34.21386,48.25517,337.02,0.49,0.65,"2026-09-20",902,"N20","nominal","2.0NRT",305.66,4.45,"D"
"1408",34.31175,48.22185,340.78,0.48,0.65,"2026-09-20",902,"N20","nominal","2.0NRT",304.28,2.71,"D"
"1409",34.31042,48.21688,335.05,0.49,0.65,"2026-09-20",902,"N20","nominal","2.0NRT",304.98,2.71,"D"
"1410",36.6527,58.79609,338.27,0.4,0.37,"2026-09-20",902,"N20","low","2.0NRT",310.48,3.61,"D"
"1411",36.65194,58.79167,341.85,0.4,0.37,"2026-09-20",902,"N20","nominal","2.0NRT",309.41,3.61,"D"
"1412",34.33193,48.13934,367,0.49,0.65,"2026-09-20",902,"N20","high","2.0NRT",311.44,11.23,"D"
"1413",36.99337,60.61869,350.05,0.38,0.36,"2026-09-20",902,"N20","nominal","2.0NRT",312.79,4.17,"D"
"1414",37.0104,60.5969,354.94,0.38,0.36,"2026-09-20",902,"N20","nominal","2.0NRT",315.92,18.92,"D"
"1415",37.01368,60.59612,337.1,0.38,0.36,"2026-09-20",902,"N20","low","2.0NRT",311.37,3.68,"D"
"1416",34.20276,47.41178,344.34,0.54,0.68,"2026-09-20",902,"N20","low","2.0NRT",317.55,8.86,"D"
"1417",34.21107,47.41806,367,0.54,0.68,"2026-09-20",902,"N20","high","2.0NRT",318.27,19.88,"D"
"1418",34.20979,47.41341,347.8,0.54,0.68,"2026-09-20",902,"N20","nominal","2.0NRT",317.59,8.86,"D"
"1419",34.202,47.41014,342.27,0.54,0.68,"2026-09-20",902,"N20","low","2.0NRT",315.78,8.58,"D"
"1420",34.21045,47.41672,367,0.54,0.68,"2026-09-20",902,"N20","high","2.0NRT",319.25,16.71,"D"
"1421",33.75739,45.56424,345.47,0.7,0.75,"2026-09-20",902,"N20","nominal","2.0NRT",308.02,4.27,"D"
"1422",34.41628,47.88811,337.58,0.5,0.66,"2026-09-20",902,"N20","nominal","2.0NRT",311.56,1.74,"D"
"1423",37.42389,62.31358,332.81,0.4,0.37,"2026-09-20",902,"N20","low","2.0NRT",307.2,1.58,"D"
"1424",37.32645,61.08741,332.1,0.39,0.36,"2026-09-20",902,"N20","low","2.0NRT",304.44,2.34,"D"
"1425",37.62474,62.17133,339.25,0.4,0.37,"2026-09-20",902,"N20","low","2.0NRT",313.37,3.79,"D"
"1426",37.50446,61.02588,340.66,0.39,0.36,"2026-09-20",902,"N20","low","2.0NRT",314.1,3.72,"D"
"1427",34.9168,48.48901,335.42,0.45,0.63,"2026-09-20",902,"N20","low","2.0NRT",306.62,1.93,"D"
"1428",37.61027,61.60805,347.79,0.39,0.36,"2026-09-20",902,"N20","nominal","2.0NRT",316.12,6.98,"D"
"1429",37.61245,61.57588,342.34,0.39,0.36,"2026-09-20",902,"N20","low","2.0NRT",316.61,5.79,"D"
"1430",37.78673,62.53888,347.46,0.41,0.37,"2026-09-20",902,"N20","nominal","2.0NRT",314.01,6.56,"D"
"1431",37.72606,62.09502,342.13,0.4,0.37,"2026-09-20",902,"N20","nominal","2.0NRT",314.17,4.01,"D"
"1432",37.53827,59.98034,341.84,0.39,0.36,"2026-09-20",902,"N20","nominal","2.0NRT",313.47,3.05,"D"
"1433",34.66446,46.80764,341.51,0.57,0.69,"2026-09-20",902,"N20","nominal","2.0NRT",311.08,20.04,"D"
"1434",34.63608,46.6842,333.85,0.58,0.69,"2026-09-20",902,"N20","low","2.0NRT",308.47,2.47,"D"
"1435",34.67277,46.78961,346.63,0.57,0.69,"2026-09-20",902,"N20","nominal","2.0NRT",311.77,9.93,"D"
"1436",34.68208,46.79874,367,0.57,0.69,"2026-09-20",902,"N20","high","2.0NRT",311.56,17.16,"D"
"1437",34.68074,46.79403,335.93,0.57,0.69,"2026-09-20",902,"N20","nominal","2.0NRT",307.95,17.16,"D"
"1438",34.67919,46.78855,346.76,0.57,0.69,"2026-09-20",902,"N20","nominal","2.0NRT",309.89,9.93,"D"
"1439",34.67752,46.78267,346.54,0.57,0.69,"2026-09-20",902,"N20","nominal","2.0NRT",309.23,9.93,"D"
"1440",34.684,46.78179,331.59,0.57,0.69,"2026-09-20",902,"N20","low","2.0NRT",306.21,5.68,"D"
"1441",34.66909,46.78558,339.65,0.57,0.69,"2026-09-20",902,"N20","low","2.0NRT",311.14,10.44,"D"
"1442",34.63963,46.68427,334.96,0.57,0.69,"2026-09-20",902,"N20","low","2.0NRT",308.85,3.8,"D"
"1443",34.68011,46.80037,338.38,0.57,0.69,"2026-09-20",902,"N20","nominal","2.0NRT",307.03,12.05,"D"
"1444",34.67546,46.78429,355.12,0.57,0.69,"2026-09-20",902,"N20","nominal","2.0NRT",311.2,10.23,"D"
"1445",34.68626,46.79834,367,0.57,0.69,"2026-09-20",902,"N20","high","2.0NRT",306.04,12.05,"D"
"1446",34.68496,46.79386,335.57,0.57,0.69,"2026-09-20",902,"N20","nominal","2.0NRT",305.34,12.05,"D"
"1447",34.68351,46.78882,344.42,0.57,0.69,"2026-09-20",902,"N20","nominal","2.0NRT",306.46,10.23,"D"
"1448",34.68192,46.78332,354.52,0.57,0.69,"2026-09-20",902,"N20","nominal","2.0NRT",308.57,10.23,"D"
"1449",34.40428,45.12736,332.39,0.71,0.75,"2026-09-20",902,"N20","low","2.0NRT",307.12,5.14,"D"
"1450",34.41077,45.12446,339.66,0.71,0.75,"2026-09-20",902,"N20","nominal","2.0NRT",305.87,5.98,"D"
"1451",34.4055,45.12624,337.86,0.71,0.75,"2026-09-20",902,"N20","nominal","2.0NRT",307.57,3.69,"D"
"1452",34.41199,45.12336,333.97,0.71,0.75,"2026-09-20",902,"N20","low","2.0NRT",304.98,3.69,"D"
"1453",34.35946,44.61335,332.06,0.75,0.77,"2026-09-20",902,"N20","low","2.0NRT",305.46,2.37,"D"
"1454",34.76518,45.72883,335.07,0.64,0.72,"2026-09-20",902,"N20","low","2.0NRT",307.79,4.1,"D"
"1455",37.94166,58.56292,332.69,0.4,0.37,"2026-09-20",902,"N20","low","2.0NRT",305.04,2.27,"D"
"1456",38.03053,58.90652,347.84,0.39,0.36,"2026-09-20",902,"N20","nominal","2.0NRT",307.65,4.04,"D"
"1457",34.82534,44.63995,331.47,0.73,0.76,"2026-09-20",902,"N20","low","2.0NRT",305.7,4.51,"D"
"1458",34.8264,44.64164,339.5,0.73,0.76,"2026-09-20",902,"N20","nominal","2.0NRT",305.61,4.53,"D"
"1459",38.98481,63.49552,338.13,0.44,0.38,"2026-09-20",902,"N20","low","2.0NRT",312.96,3.17,"D"
"1460",34.86133,44.02693,335.74,0.78,0.78,"2026-09-20",902,"N20","nominal","2.0NRT",304.83,3.05,"D"
"1461",39.16773,63.25571,336.65,0.44,0.38,"2026-09-20",902,"N20","nominal","2.0NRT",308.14,3.1,"D"
"1462",35.24969,44.62941,332.38,0.71,0.75,"2026-09-20",902,"N20","low","2.0NRT",306.6,2.27,"D"
"1463",36.27471,48.04025,338.5,0.44,0.62,"2026-09-20",902,"N20","nominal","2.0NRT",313.21,2.24,"D"
"1464",35.24251,44.43547,343.34,0.73,0.76,"2026-09-20",902,"N20","nominal","2.0NRT",306.69,8.65,"D"
"1465",35.24911,44.43261,367,0.73,0.76,"2026-09-20",902,"N20","high","2.0NRT",304.88,8.65,"D"
"1466",35.24368,44.43711,367,0.73,0.76,"2026-09-20",902,"N20","high","2.0NRT",306.07,16.91,"D"
"1467",35.25029,44.43428,331.31,0.73,0.76,"2026-09-20",902,"N20","nominal","2.0NRT",304.12,3.79,"D"
"1468",35.38754,44.22324,333.93,0.74,0.76,"2026-09-20",902,"N20","low","2.0NRT",305.78,6.66,"D"
"1469",35.45732,44.4264,335.54,0.72,0.75,"2026-09-20",902,"N20","nominal","2.0NRT",304.81,4.58,"D"
"1470",35.2617,43.89794,330.58,0.77,0.78,"2026-09-20",902,"N20","nominal","2.0NRT",300.68,2.89,"D"
"1471",35.38569,44.21749,331.64,0.74,0.76,"2026-09-20",902,"N20","low","2.0NRT",304.49,12.22,"D"
"1472",35.52983,44.34349,343.19,0.72,0.76,"2026-09-20",902,"N20","nominal","2.0NRT",303.78,6.88,"D"
"1473",35.53638,44.34056,330.15,0.72,0.76,"2026-09-20",902,"N20","low","2.0NRT",302.52,1.45,"D"
"1474",35.48877,44.16121,367,0.74,0.76,"2026-09-20",902,"N20","high","2.0NRT",301.93,16.93,"D"
"1475",35.4864,44.15354,347.57,0.74,0.76,"2026-09-20",902,"N20","nominal","2.0NRT",304.82,18.47,"D"
"1476",35.52374,44.34599,337.3,0.72,0.76,"2026-09-20",902,"N20","nominal","2.0NRT",303.72,4.36,"D"
"1477",35.53029,44.34306,342.86,0.72,0.76,"2026-09-20",902,"N20","nominal","2.0NRT",303.63,6.14,"D"
"1478",35.48835,44.16146,348.91,0.74,0.76,"2026-09-20",902,"N20","nominal","2.0NRT",301.9,10.44,"D"
"1479",35.48595,44.15381,353.94,0.74,0.76,"2026-09-20",902,"N20","nominal","2.0NRT",305.47,10.44,"D"
"1480",35.75047,44.74638,343.04,0.68,0.74,"2026-09-20",902,"N20","nominal","2.0NRT",305.81,6.81,"D"
"1481",35.4979,43.92566,346.78,0.76,0.77,"2026-09-20",902,"N20","nominal","2.0NRT",306.08,7.71,"D"
"1482",35.74669,44.74562,337.79,0.68,0.74,"2026-09-20",902,"N20","nominal","2.0NRT",306.41,6.14,"D"
"1483",35.75318,44.74302,333.74,0.68,0.74,"2026-09-20",902,"N20","low","2.0NRT",305.01,4.65,"D"
"1484",35.49625,43.92445,338.55,0.76,0.77,"2026-09-20",902,"N20","nominal","2.0NRT",305.48,10.09,"D"
"1485",35.63072,44.01361,367,0.75,0.77,"2026-09-20",902,"N20","high","2.0NRT",307.01,29.67,"D"
"1486",35.57195,43.67863,333.28,0.78,0.78,"2026-09-20",902,"N20","nominal","2.0NRT",302.54,5.06,"D"
"1487",35.56941,43.67049,338.38,0.78,0.78,"2026-09-20",902,"N20","nominal","2.0NRT",304.56,5.06,"D"
"1488",35.63006,44.01419,367,0.75,0.77,"2026-09-20",902,"N20","high","2.0NRT",306.06,25.39,"D"
"1489",35.6276,44.00646,334.98,0.75,0.77,"2026-09-20",902,"N20","nominal","2.0NRT",304.59,16.11,"D"
"1490",35.53204,43.70725,332.6,0.78,0.78,"2026-09-20",902,"N20","low","2.0NRT",302.64,5.49,"D"
"1491",35.57385,43.66924,343.25,0.78,0.78,"2026-09-20",902,"N20","nominal","2.0NRT",303.26,7.81,"D"
"1492",35.72252,44.04371,367,0.74,0.76,"2026-09-20",902,"N20","high","2.0NRT",305.37,19.81,"D"
"1493",35.60995,43.66162,355.77,0.78,0.78,"2026-09-20",902,"N20","nominal","2.0NRT",304.95,10.85,"D"
"1494",35.68692,43.88164,367,0.76,0.77,"2026-09-20",902,"N20","high","2.0NRT",305.81,36.99,"D"
"1495",35.68447,43.87384,340.91,0.76,0.77,"2026-09-20",902,"N20","nominal","2.0NRT",304.96,25.42,"D"
"1496",40.58233,71.43488,333,0.37,0.58,"2026-09-20",902,"N20","nominal","2.0NRT",302.48,1.45,"D"
"1497",35.76891,43.99923,338.9,0.74,0.76,"2026-09-20",902,"N20","nominal","2.0NRT",304.34,4.59,"D"
"1498",35.74252,43.7956,335.52,0.76,0.77,"2026-09-20",902,"N20","nominal","2.0NRT",303.26,2,"D"
"1499",35.71463,43.6348,367,0.78,0.78,"2026-09-20",902,"N20","high","2.0NRT",302.68,18.3,"D"
"1500",40.92921,72.45892,332.67,0.42,0.61,"2026-09-20",902,"N20","nominal","2.0NRT",301.04,2.83,"D"
"1501",40.86584,69.53416,343.12,0.59,0.53,"2026-09-20",902,"N20","nominal","2.0NRT",308.88,7.88,"D"
"1502",41.03939,70.1217,340.16,0.32,0.55,"2026-09-20",902,"N20","nominal","2.0NRT",302.24,2.48,"D"
"1503",36.38264,43.65011,349.23,0.74,0.76,"2026-09-20",902,"N20","nominal","2.0NRT",305.35,7.55,"D"
"1504",36.3991,43.67824,347.2,0.74,0.76,"2026-09-20",902,"N20","nominal","2.0NRT",306.31,16.58,"D"
"1505",36.40554,43.67471,367,0.74,0.76,"2026-09-20",902,"N20","high","2.0NRT",306.61,16.58,"D"
"1506",36.39137,43.58177,333.01,0.75,0.77,"2026-09-20",902,"N20","low","2.0NRT",303.72,3.3,"D"
"1507",36.39071,43.58229,333.1,0.75,0.77,"2026-09-20",902,"N20","low","2.0NRT",303.83,5.32,"D"
"1508",37.56538,46.45448,367,0.49,0.65,"2026-09-20",902,"N20","high","2.0NRT",305.52,9.21,"D"
"1509",37.57114,46.45225,367,0.49,0.65,"2026-09-20",902,"N20","high","2.0NRT",304.55,9.74,"D"
"1510",36.78001,43.33067,342.49,0.75,0.77,"2026-09-20",902,"N20","nominal","2.0NRT",298.75,11.03,"D"
"1511",36.77908,43.33105,345.69,0.75,0.77,"2026-09-20",902,"N20","nominal","2.0NRT",298.69,6.23,"D"
"1512",36.97988,42.70919,367,0.8,0.78,"2026-09-20",902,"N20","high","2.0NRT",299.7,17.13,"D"
"1513",38.91322,48.8892,347,0.34,0.56,"2026-09-20",902,"N20","nominal","2.0NRT",297.95,5.33,"D"
"1514",39.05889,48.82864,335.11,0.34,0.56,"2026-09-20",902,"N20","nominal","2.0NRT",297.39,1.85,"D"
"1515",39.05678,48.82754,331.08,0.34,0.56,"2026-09-20",902,"N20","nominal","2.0NRT",297.44,1.05,"D"
"1516",39.15071,48.67257,349.18,0.34,0.56,"2026-09-20",902,"N20","nominal","2.0NRT",298.77,3.94,"D"
"1517",39.14972,48.66882,334.5,0.34,0.56,"2026-09-20",902,"N20","nominal","2.0NRT",301.55,3.81,"D"
"1518",42.52349,69.55508,341.15,0.61,0.54,"2026-09-20",902,"N20","nominal","2.0NRT",300.25,7.77,"D"
"1519",42.52892,69.5619,344.76,0.62,0.54,"2026-09-20",902,"N20","nominal","2.0NRT",302.8,15.93,"D"
"1520",42.52843,69.55444,348.18,0.61,0.54,"2026-09-20",902,"N20","nominal","2.0NRT",306.54,7.77,"D"
"1521",42.52467,69.56169,345.84,0.62,0.54,"2026-09-20",902,"N20","nominal","2.0NRT",303.18,7.17,"D"
"1522",42.52423,69.55426,341.79,0.62,0.54,"2026-09-20",902,"N20","nominal","2.0NRT",301.85,7.17,"D"
"1523",42.52962,69.56108,341.73,0.62,0.54,"2026-09-20",902,"N20","nominal","2.0NRT",301.95,8.82,"D"
"1524",42.52919,69.55361,348.72,0.62,0.54,"2026-09-20",902,"N20","nominal","2.0NRT",306.39,8.82,"D"
"1525",39.15825,48.14842,333.96,0.36,0.58,"2026-09-20",902,"N20","nominal","2.0NRT",299.94,3.1,"D"
"1526",41.70508,60.27744,330.04,0.39,0.36,"2026-09-20",902,"N20","low","2.0NRT",304.49,1.77,"D"
"1527",41.83859,60.93525,337.89,0.4,0.37,"2026-09-20",902,"N20","nominal","2.0NRT",302.41,3.62,"D"
"1528",39.37016,48.42052,334.93,0.35,0.56,"2026-09-20",902,"N20","nominal","2.0NRT",302.2,3.64,"D"
"1529",40.06633,49.17064,338.93,0.61,0.53,"2026-09-20",902,"N20","nominal","2.0NRT",298.27,6.04,"D"
"1530",43.38195,68.34098,330.06,0.54,0.51,"2026-09-20",905,"N20","low","2.0NRT",304.5,3.78,"D"
"1531",40.15834,48.1172,353.97,0.34,0.56,"2026-09-20",905,"N20","nominal","2.0NRT",296.73,4.66,"D"
"1532",40.26298,47.89845,333.72,0.35,0.57,"2026-09-20",905,"N20","nominal","2.0NRT",297.47,2.41,"D"
"1533",40.43344,48.36892,341.87,0.33,0.55,"2026-09-20",905,"N20","nominal","2.0NRT",297.79,2.63,"D"
"1534",40.43248,48.36525,339.15,0.33,0.55,"2026-09-20",905,"N20","nominal","2.0NRT",299.3,2.63,"D"
"1535",40.43153,48.36159,334.44,0.33,0.55,"2026-09-20",905,"N20","nominal","2.0NRT",300.29,3.2,"D"
"1536",40.43569,47.97001,346.45,0.34,0.56,"2026-09-20",905,"N20","nominal","2.0NRT",296.21,2.78,"D"
"1537",42.98171,59.85515,340.06,0.39,0.36,"2026-09-20",905,"N20","nominal","2.0NRT",302.67,4.69,"D"
"1538",40.62084,47.62944,348.11,0.35,0.57,"2026-09-20",905,"N20","nominal","2.0NRT",296.14,3.92,"D"
"1539",40.67211,46.48028,345.96,0.4,0.6,"2026-09-20",905,"N20","nominal","2.0NRT",287.5,6.65,"D"
"1540",40.6709,46.47589,352.52,0.4,0.6,"2026-09-20",905,"N20","nominal","2.0NRT",291.23,6.65,"D"
"1541",40.67274,46.47902,349.62,0.4,0.6,"2026-09-20",905,"N20","nominal","2.0NRT",289.45,6.75,"D"
"1542",40.67152,46.47467,345.32,0.4,0.6,"2026-09-20",905,"N20","nominal","2.0NRT",290.19,6.75,"D"
"1543",43.78437,58.98388,345.86,0.39,0.36,"2026-09-20",905,"N20","nominal","2.0NRT",310.6,4.64,"D"
"1544",41.27715,46.70779,342.51,0.38,0.58,"2026-09-20",905,"N20","nominal","2.0NRT",290.86,7.51,"D"
"1545",45.89505,53.29959,345.2,0.45,0.39,"2026-09-20",905,"N20","nominal","2.0NRT",307.59,7.78,"D"
"1546",44.19964,42.59976,340.55,0.48,0.65,"2026-09-20",905,"N20","nominal","2.0NRT",287.97,6.09,"D"
"1547",44.79812,44.30491,352.36,0.39,0.59,"2026-09-20",905,"N20","nominal","2.0NRT",291.4,7.89,"D"
"1548",49.17011,74.63358,367,0.6,0.7,"2026-09-20",905,"N20","high","2.0NRT",295.01,18.35,"D"
"1549",49.17015,74.62525,367,0.6,0.7,"2026-09-20",905,"N20","high","2.0NRT",296.14,115.97,"D"
"1550",49.17002,74.64984,330.15,0.6,0.71,"2026-09-20",905,"N20","nominal","2.0NRT",293.62,7.88,"D"
"1551",49.17006,74.64178,335.1,0.6,0.7,"2026-09-20",905,"N20","nominal","2.0NRT",293.15,18.35,"D"
"1552",49.17019,74.61698,345.95,0.6,0.7,"2026-09-20",905,"N20","nominal","2.0NRT",312.12,115.97,"D"
"1553",49.17023,74.6086,284.84,0.6,0.7,"2026-09-20",905,"N20","low","2.0NRT",313.7,158.37,"D"
"1554",49.17673,74.61729,348.8,0.6,0.7,"2026-09-20",905,"N20","nominal","2.0NRT",290.73,34.68,"D"
"1555",49.17677,74.60876,347.09,0.6,0.7,"2026-09-20",905,"N20","nominal","2.0NRT",300.35,52.66,"D"
"1556",48.23304,57.35081,344.98,0.39,0.36,"2026-09-20",905,"N20","nominal","2.0NRT",310.17,10.09,"D"
"1557",48.30499,57.39707,341.85,0.39,0.36,"2026-09-20",905,"N20","nominal","2.0NRT",307.18,3.01,"D"
"1558",48.30825,57.39599,335.31,0.39,0.36,"2026-09-20",905,"N20","low","2.0NRT",309.06,29.76,"D"
"1559",48.53247,57.2239,349.56,0.39,0.36,"2026-09-20",905,"N20","nominal","2.0NRT",314.12,5.86,"D"
"1560",45.60285,42.6119,334.48,0.44,0.62,"2026-09-20",905,"N20","nominal","2.0NRT",289.23,4.41,"D"
"1561",46.18695,43.59554,337.2,0.38,0.59,"2026-09-20",905,"N20","nominal","2.0NRT",296.58,4.19,"D"
"1562",46.1856,43.59093,346.03,0.38,0.59,"2026-09-20",905,"N20","nominal","2.0NRT",296.12,4.19,"D"
"1563",46.04163,41.68741,333.73,0.46,0.64,"2026-09-20",905,"N20","nominal","2.0NRT",295.08,4.26,"D"
"1564",46.20658,41.92859,331.42,0.45,0.63,"2026-09-20",905,"N20","nominal","2.0NRT",296.77,2.72,"D"
"1565",50.72892,67.78117,339.03,0.6,0.53,"2026-09-20",905,"N20","nominal","2.0NRT",301.04,5.11,"D"
"1566",50.73427,67.78935,356.36,0.6,0.53,"2026-09-20",905,"N20","nominal","2.0NRT",303.52,9.06,"D"
"1567",50.73918,67.78885,331.63,0.6,0.53,"2026-09-20",905,"N20","low","2.0NRT",302.42,9.06,"D"
"1568",50.74409,67.78835,343.87,0.6,0.53,"2026-09-20",905,"N20","nominal","2.0NRT",301.81,7.6,"D"
"1569",50.74601,67.78981,333.09,0.6,0.53,"2026-09-20",905,"N20","nominal","2.0NRT",300.29,6.38,"D"
"1570",50.74561,67.78119,339.09,0.6,0.53,"2026-09-20",905,"N20","nominal","2.0NRT",302.12,6.38,"D"
"1571",50.91898,69.64787,367,0.36,0.58,"2026-09-20",907,"N20","high","2.0NRT",300.51,16.69,"D"
"1572",50.9188,69.64259,352.68,0.36,0.58,"2026-09-20",907,"N20","nominal","2.0NRT",297.77,12.83,"D"
"1573",45.27988,37.94886,327.9,0.71,0.75,"2026-09-20",907,"N20","nominal","2.0NRT",291.78,7.28,"D"
"1574",45.27697,37.94064,328.03,0.72,0.75,"2026-09-20",907,"N20","nominal","2.0NRT",291.22,7.28,"D"
"1575",45.28318,37.93613,350.69,0.72,0.75,"2026-09-20",907,"N20","nominal","2.0NRT",291.09,7.28,"D"
"1576",45.27906,37.94309,355.86,0.71,0.75,"2026-09-20",907,"N20","nominal","2.0NRT",291.84,14.01,"D"
"1577",45.28529,37.93862,331.27,0.71,0.75,"2026-09-20",907,"N20","nominal","2.0NRT",290.16,4.98,"D"
"1578",45.28234,37.93043,328.46,0.72,0.75,"2026-09-20",907,"N20","nominal","2.0NRT",290.75,4.98,"D"
"1579",45.58501,37.89732,340.94,0.7,0.75,"2026-09-20",907,"N20","nominal","2.0NRT",290.31,8.73,"D"
"1580",45.58215,37.88924,330.81,0.7,0.75,"2026-09-20",907,"N20","nominal","2.0NRT",290.09,6.96,"D"
"1581",45.57759,37.89352,335.76,0.7,0.75,"2026-09-20",907,"N20","nominal","2.0NRT",290.04,13.19,"D"
"1582",46.96429,41.90874,346.84,0.42,0.61,"2026-09-20",907,"N20","nominal","2.0NRT",298.34,3.95,"D"
"1583",45.98563,38.87897,367,0.62,0.71,"2026-09-20",907,"N20","high","2.0NRT",294.91,10.62,"D"
"1584",45.99403,38.88202,331.7,0.62,0.71,"2026-09-20",907,"N20","nominal","2.0NRT",292.73,10.62,"D"
"1585",45.99153,38.87475,351.14,0.62,0.71,"2026-09-20",907,"N20","nominal","2.0NRT",293.16,10.62,"D"
"1586",50.34791,57.13516,337.28,0.39,0.36,"2026-09-20",907,"N20","nominal","2.0NRT",301.79,4.82,"D"
"1587",50.3512,57.13402,343.25,0.39,0.36,"2026-09-20",907,"N20","nominal","2.0NRT",300.93,4.82,"D"
"1588",46.61383,40.42627,344.92,0.5,0.66,"2026-09-20",907,"N20","nominal","2.0NRT",295.14,3.6,"D"
"1589",46.18492,38.40961,341.69,0.63,0.72,"2026-09-20",907,"N20","nominal","2.0NRT",290.38,5.19,"D"
"1590",46.1909,38.40535,336.36,0.63,0.72,"2026-09-20",907,"N20","nominal","2.0NRT",289.59,11.71,"D"
"1591",50.83824,56.17913,334.4,0.39,0.36,"2026-09-20",907,"N20","low","2.0NRT",308.59,5.6,"D"
"1592",50.8415,56.17793,348.12,0.39,0.36,"2026-09-20",907,"N20","nominal","2.0NRT",310.73,5.6,"D"
"1593",48.0857,43.16369,356.06,0.34,0.56,"2026-09-20",907,"N20","nominal","2.0NRT",300.91,6.66,"D"
"1594",48.10492,43.10311,339.29,0.35,0.56,"2026-09-20",907,"N20","nominal","2.0NRT",293.13,7.76,"D"
"1595",48.11095,43.10433,367,0.35,0.56,"2026-09-20",907,"N20","high","2.0NRT",296.45,8.77,"D"
"1596",48.10971,43.10003,367,0.35,0.56,"2026-09-20",907,"N20","high","2.0NRT",298.38,7.76,"D"
"1597",48.11221,43.10867,355.31,0.35,0.56,"2026-09-20",907,"N20","nominal","2.0NRT",298.9,8.77,"D"
"1598",48.1195,43.11421,367,0.35,0.56,"2026-09-20",907,"N20","high","2.0NRT",294.52,6.4,"D"
"1599",48.11825,43.1099,367,0.35,0.56,"2026-09-20",907,"N20","high","2.0NRT",301.45,6.4,"D"
"1600",48.117,43.10557,331.33,0.35,0.56,"2026-09-20",907,"N20","nominal","2.0NRT",298.34,7.46,"D"
"1601",48.12304,43.10682,346.61,0.35,0.56,"2026-09-20",907,"N20","nominal","2.0NRT",297.64,6.4,"D"
"1602",51.98441,66.39929,339.36,0.54,0.5,"2026-09-20",907,"N20","nominal","2.0NRT",297.28,10.63,"D"
"1603",48.13031,43.11233,333.06,0.35,0.56,"2026-09-20",907,"N20","nominal","2.0NRT",298.22,3.64,"D"
"1604",48.48473,44.17949,333.21,0.61,0.53,"2026-09-20",907,"N20","nominal","2.0NRT",296.65,19.73,"D"
"1605",48.48265,44.17189,356.4,0.61,0.53,"2026-09-20",907,"N20","nominal","2.0NRT",306.5,19.73,"D"
"1606",48.48058,44.16428,340.79,0.61,0.53,"2026-09-20",907,"N20","nominal","2.0NRT",305.02,32.89,"D"
"1607",48.4872,44.16899,350.28,0.61,0.53,"2026-09-20",907,"N20","nominal","2.0NRT",296.48,19.73,"D"
"1608",51.00475,56.05497,342.03,0.39,0.36,"2026-09-20",907,"N20","nominal","2.0NRT",313.27,17.96,"D"
"1609",51.008,56.05375,335.03,0.39,0.36,"2026-09-20",907,"N20","nominal","2.0NRT",305.89,17.96,"D"
"1610",52.27138,70.82211,342.02,0.42,0.61,"2026-09-20",907,"N20","nominal","2.0NRT",290.79,16.04,"D"
"1611",52.27126,70.81583,346.83,0.42,0.61,"2026-09-20",907,"N20","nominal","2.0NRT",300.55,31.42,"D"
"1612",52.27704,70.82199,367,0.42,0.61,"2026-09-20",907,"N20","high","2.0NRT",297.83,31.08,"D"
"1613",52.27692,70.81551,354.11,0.42,0.61,"2026-09-20",907,"N20","nominal","2.0NRT",292.13,17.84,"D"
"1614",48.22696,42.54649,332.6,0.36,0.58,"2026-09-20",907,"N20","nominal","2.0NRT",299.54,2.96,"D"
"1615",48.319,42.56322,338.44,0.36,0.57,"2026-09-20",907,"N20","nominal","2.0NRT",301.02,4.23,"D"
"1616",48.37639,42.62114,367,0.36,0.57,"2026-09-20",907,"N20","high","2.0NRT",303.97,6.49,"D"
"1617",52.43993,68.12107,337.21,0.32,0.55,"2026-09-20",907,"N20","nominal","2.0NRT",297.26,1.46,"D"
"1618",52.30111,65.27126,340.22,0.48,0.48,"2026-09-20",907,"N20","nominal","2.0NRT",300.34,2.67,"D"
"1619",52.2993,65.27161,339.72,0.48,0.48,"2026-09-20",907,"N20","nominal","2.0NRT",300.55,3.86,"D"
"1620",48.41782,42.58153,353.02,0.36,0.57,"2026-09-20",907,"N20","nominal","2.0NRT",301.33,5.23,"D"
"1621",48.45329,42.6435,347.68,0.35,0.57,"2026-09-20",907,"N20","nominal","2.0NRT",302.76,6.06,"D"
"1622",48.85097,44.02512,346.9,0.6,0.53,"2026-09-20",907,"N20","nominal","2.0NRT",303.03,25.53,"D"
"1623",48.45943,42.64485,349.88,0.35,0.57,"2026-09-20",907,"N20","nominal","2.0NRT",299.38,5.22,"D"
"1624",51.10181,54.05146,336.87,0.39,0.36,"2026-09-20",907,"N20","nominal","2.0NRT",307.05,3.9,"D"
"1625",51.10505,54.05009,336.97,0.39,0.36,"2026-09-20",907,"N20","nominal","2.0NRT",306.15,3.9,"D"
"1626",48.4481,42.29018,331.1,0.37,0.58,"2026-09-20",907,"N20","nominal","2.0NRT",300.34,0.95,"D"
"1627",48.41128,42.16654,354.89,0.37,0.58,"2026-09-20",907,"N20","nominal","2.0NRT",301.25,5.76,"D"
"1628",48.40991,42.16196,336.7,0.37,0.58,"2026-09-20",907,"N20","nominal","2.0NRT",300.1,4.75,"D"
"1629",51.0592,53.47669,341.93,0.39,0.37,"2026-09-20",907,"N20","nominal","2.0NRT",301.65,3.72,"D"
"1630",48.45924,42.28826,332.15,0.37,0.58,"2026-09-20",907,"N20","nominal","2.0NRT",299.18,3.14,"D"
"1631",48.45789,42.28374,340.49,0.37,0.58,"2026-09-20",907,"N20","nominal","2.0NRT",300.24,3.43,"D"
"1632",48.45656,42.27924,330.69,0.37,0.58,"2026-09-20",907,"N20","low","2.0NRT",301.26,3.43,"D"
"1633",48.46413,42.28504,340.57,0.37,0.58,"2026-09-20",907,"N20","nominal","2.0NRT",301.92,3.14,"D"
"1634",47.2842,38.27456,346.34,0.59,0.7,"2026-09-20",907,"N20","nominal","2.0NRT",294.52,7.33,"D"
"1635",51.16037,53.54218,340.89,0.39,0.36,"2026-09-20",907,"N20","nominal","2.0NRT",303.1,3.63,"D"
"1636",47.28568,38.27152,349.57,0.59,0.7,"2026-09-20",907,"N20","nominal","2.0NRT",293.55,4.83,"D"
"1637",47.37135,38.26017,332.16,0.59,0.7,"2026-09-20",907,"N20","nominal","2.0NRT",294.35,3.29,"D"
"1638",51.64129,55.58644,333.26,0.38,0.36,"2026-09-20",907,"N20","nominal","2.0NRT",304.82,2.17,"D"
"1639",51.59565,55.28654,331.83,0.38,0.36,"2026-09-20",907,"N20","nominal","2.0NRT",302.53,2.29,"D"
"1640",51.59184,55.17253,332.25,0.38,0.36,"2026-09-20",907,"N20","nominal","2.0NRT",303.5,2.61,"D"
"1641",51.60505,55.21349,331.61,0.38,0.36,"2026-09-20",907,"N20","nominal","2.0NRT",301.47,3.17,"D"
"1642",51.59736,55.14146,344.5,0.38,0.36,"2026-09-20",907,"N20","nominal","2.0NRT",303.73,4.06,"D"
"1643",51.60397,55.16193,333.06,0.38,0.36,"2026-09-20",907,"N20","nominal","2.0NRT",305.61,6.49,"D"
"1644",51.61142,55.18785,339.75,0.38,0.36,"2026-09-20",907,"N20","nominal","2.0NRT",304.55,3.02,"D"
"1645",48.0358,39.87716,338.33,0.48,0.64,"2026-09-20",907,"N20","nominal","2.0NRT",293.63,3.94,"D"
"1646",47.42432,37.90266,367,0.6,0.71,"2026-09-20",907,"N20","high","2.0NRT",301.19,25.94,"D"
"1647",47.42752,37.89078,329.99,0.6,0.71,"2026-09-20",907,"N20","nominal","2.0NRT",295.07,28.86,"D"
"1648",47.43009,37.89812,356.25,0.6,0.71,"2026-09-20",907,"N20","low","2.0NRT",286.9,25.94,"D"
"1649",47.26109,37.12809,332.48,0.66,0.73,"2026-09-20",907,"N20","nominal","2.0NRT",291.61,4.6,"D"
"1650",52.80548,63.46696,329.9,0.41,0.45,"2026-09-20",907,"N20","nominal","2.0NRT",302.66,1.48,"D"
"1651",52.80499,63.46078,333.5,0.41,0.45,"2026-09-20",907,"N20","nominal","2.0NRT",299.61,1.51,"D"
"1652",46.8544,35.71668,329.99,0.78,0.78,"2026-09-20",907,"N20","nominal","2.0NRT",298.27,9.23,"D"
"1653",52.81013,63.47227,354.27,0.41,0.45,"2026-09-20",907,"N20","nominal","2.0NRT",304.63,4.28,"D"
"1654",52.80963,63.46608,329.82,0.41,0.45,"2026-09-20",907,"N20","nominal","2.0NRT",304.46,4.28,"D"
"1655",52.81427,63.47139,343.74,0.41,0.45,"2026-09-20",907,"N20","nominal","2.0NRT",302.83,4.28,"D"
"1656",52.80737,63.47192,340.39,0.41,0.45,"2026-09-20",907,"N20","nominal","2.0NRT",303.21,4.98,"D"
"1657",52.80689,63.46571,337.48,0.41,0.45,"2026-09-20",907,"N20","nominal","2.0NRT",304.24,5.86,"D"
"1658",52.8115,63.47103,342.02,0.41,0.45,"2026-09-20",907,"N20","nominal","2.0NRT",304.49,4.98,"D"
"1659",52.81565,63.47015,344.61,0.41,0.45,"2026-09-20",907,"N20","nominal","2.0NRT",303.6,7.87,"D"
"1660",52.81931,63.46309,340.37,0.41,0.45,"2026-09-20",907,"N20","nominal","2.0NRT",304.41,6.51,"D"
"1661",50.64702,48.43985,328.4,0.54,0.42,"2026-09-20",907,"N20","low","2.0NRT",302.98,2.53,"D"
"1662",47.40487,36.98201,346.24,0.66,0.73,"2026-09-20",907,"N20","nominal","2.0NRT",291.13,7.05,"D"
"1663",51.8714,54.75814,335.55,0.38,0.36,"2026-09-20",907,"N20","nominal","2.0NRT",300.27,5.5,"D"
"1664",51.87378,54.75134,333.18,0.38,0.36,"2026-09-20",907,"N20","nominal","2.0NRT",302.39,5.5,"D"
"1665",51.59038,52.91534,333.62,0.4,0.37,"2026-09-20",907,"N20","nominal","2.0NRT",301.76,2.86,"D"
"1666",34.1875,48.27138,339.79,0.44,0.62,"2026-09-20",1041,"N20","nominal","2.0NRT",308.38,3.49,"D"
"1667",34.18698,48.26201,342.9,0.44,0.62,"2026-09-20",1041,"N20","nominal","2.0NRT",309.2,5.87,"D"
"1668",34.18671,48.25732,346.93,0.43,0.62,"2026-09-20",1041,"N20","nominal","2.0NRT",313.89,5.87,"D"
"1669",34.16148,47.21477,367,0.38,0.59,"2026-09-20",1041,"N20","high","2.0NRT",314.76,36.62,"D"
"1670",34.20197,47.41096,341.04,0.39,0.59,"2026-09-20",1041,"N20","low","2.0NRT",314.77,6.77,"D"
"1671",34.2017,47.40694,355.71,0.39,0.59,"2026-09-20",1041,"N20","nominal","2.0NRT",319.79,6.77,"D"
"1672",32.96466,36.05907,340.09,0.39,0.36,"2026-09-20",1041,"N20","nominal","2.0NRT",314.95,2.2,"D"
"1673",34.19712,47.40709,342.93,0.39,0.59,"2026-09-20",1041,"N20","nominal","2.0NRT",316.48,4.1,"D"
"1674",54.82535,39.70401,344.65,0.5,0.49,"2026-09-20",1047,"N20","nominal","2.0NRT",290.02,7.13,"D"
"1675",34.20262,47.4071,367,0.39,0.59,"2026-09-20",1041,"N20","high","2.0NRT",319.64,11.27,"D"
"1676",31.09788,26.61949,340.22,0.35,0.57,"2026-09-20",1041,"N20","nominal","2.0NRT",301.07,1.55,"D"
"1677",34.21918,47.40829,344.55,0.39,0.59,"2026-09-20",1041,"N20","low","2.0NRT",317.25,4.44,"D"
"1678",34.314,48.24463,337.55,0.44,0.62,"2026-09-20",1041,"N20","low","2.0NRT",309.31,5.05,"D"
"1679",34.31371,48.2396,347.48,0.43,0.62,"2026-09-20",1041,"N20","nominal","2.0NRT",309.62,5.05,"D"
"1680",32.95865,35.10982,337.81,0.4,0.37,"2026-09-20",1041,"N20","nominal","2.0NRT",307.77,2.28,"D"
"1681",34.27879,46.24697,339.04,0.33,0.55,"2026-09-20",1041,"N20","nominal","2.0NRT",312.64,2.99,"D"
"1682",32.98392,35.11698,353.55,0.39,0.37,"2026-09-20",1041,"N20","nominal","2.0NRT",308.1,5.69,"D"
"1683",32.98655,35.11204,336.56,0.39,0.37,"2026-09-20",1041,"N20","nominal","2.0NRT",308.1,2.15,"D"
"1684",34.4673,47.94868,338.54,0.42,0.61,"2026-09-20",1041,"N20","nominal","2.0NRT",308.75,3,"D"
"1685",34.55776,47.5041,337.97,0.4,0.6,"2026-09-20",1041,"N20","nominal","2.0NRT",310.45,1.55,"D"
"1686",33.25641,35.32294,336.61,0.39,0.36,"2026-09-20",1041,"N20","nominal","2.0NRT",302,2.4,"D"
"1687",34.36273,43.9233,350.95,0.49,0.49,"2026-09-20",1041,"N20","nominal","2.0NRT",314.04,6.34,"D"
"1688",34.65669,46.81319,356.45,0.36,0.58,"2026-09-20",1041,"N20","low","2.0NRT",314.17,8.39,"D"
"1689",34.66316,46.82983,367,0.36,0.58,"2026-09-20",1041,"N20","high","2.0NRT",304.69,42.68,"D"
"1690",34.6628,46.82456,367,0.36,0.58,"2026-09-20",1041,"N20","high","2.0NRT",333.71,42.68,"D"
"1691",34.66232,46.81754,367,0.36,0.58,"2026-09-20",1041,"N20","high","2.0NRT",320.37,21.52,"D"
"1692",34.66212,46.81451,367,0.36,0.58,"2026-09-20",1041,"N20","high","2.0NRT",319.34,8.11,"D"
"1693",34.66256,46.82096,353.44,0.36,0.58,"2026-09-20",1041,"N20","nominal","2.0NRT",322.04,21.52,"D"
"1694",34.66189,46.81118,346.82,0.36,0.58,"2026-09-20",1041,"N20","nominal","2.0NRT",317.95,8.11,"D"
"1695",34.66769,46.8179,352.78,0.36,0.58,"2026-09-20",1041,"N20","nominal","2.0NRT",307.98,21.52,"D"
"1696",34.66744,46.81429,345.93,0.36,0.58,"2026-09-20",1041,"N20","nominal","2.0NRT",311.47,8.11,"D"
"1697",34.66534,46.78385,339.8,0.36,0.57,"2026-09-20",1041,"N20","low","2.0NRT",313.81,11.79,"D"
"1698",34.66501,46.77909,355.77,0.36,0.57,"2026-09-20",1041,"N20","nominal","2.0NRT",312.53,11.23,"D"
"1699",34.67061,46.783,343.25,0.36,0.57,"2026-09-20",1041,"N20","nominal","2.0NRT",312.63,5.78,"D"
"1700",34.67585,46.78173,367,0.36,0.57,"2026-09-20",1041,"N20","high","2.0NRT",314.57,5.78,"D"
"1701",34.68165,46.7886,341.13,0.36,0.57,"2026-09-20",1041,"N20","nominal","2.0NRT",310.51,8.68,"D"
"1702",34.68758,46.7971,367,0.36,0.57,"2026-09-20",1041,"N20","high","2.0NRT",310.79,18.45,"D"
"1703",34.68723,46.79205,352.14,0.36,0.57,"2026-09-20",1041,"N20","nominal","2.0NRT",314.87,8.68,"D"
"1704",34.67505,46.78296,347.2,0.36,0.57,"2026-09-20",1041,"N20","nominal","2.0NRT",312.38,8.27,"D"
"1705",34.6748,46.77893,342.42,0.36,0.57,"2026-09-20",1041,"N20","nominal","2.0NRT",312.14,7.29,"D"
"1706",34.68029,46.78149,348.32,0.36,0.57,"2026-09-20",1041,"N20","nominal","2.0NRT",312.98,7.71,"D"
"1707",34.68637,46.79336,367,0.36,0.58,"2026-09-20",1041,"N20","high","2.0NRT",316.75,17.6,"D"
"1708",34.68672,46.79872,354.15,0.36,0.58,"2026-09-20",1041,"N20","nominal","2.0NRT",308.52,11.6,"D"
"1709",34.69162,46.79199,354.59,0.36,0.58,"2026-09-20",1041,"N20","nominal","2.0NRT",306.84,5.08,"D"
"1710",34.85253,44.87477,347.91,0.56,0.52,"2026-09-20",1041,"N20","nominal","2.0NRT",311.93,8.35,"D"
"1711",34.85728,44.87419,353.16,0.56,0.52,"2026-09-20",1041,"N20","nominal","2.0NRT",313.98,8.35,"D"
"1712",34.85302,44.87281,354.83,0.56,0.52,"2026-09-20",1041,"N20","nominal","2.0NRT",311.92,17.54,"D"
"1713",34.87007,44.49596,340.98,0.53,0.5,"2026-09-20",1041,"N20","low","2.0NRT",311.65,4.11,"D"
"1714",34.86166,44.02382,353.53,0.5,0.49,"2026-09-20",1041,"N20","nominal","2.0NRT",316.08,16.17,"D"
"1715",35.13511,47.33994,341.29,0.39,0.6,"2026-09-20",1041,"N20","nominal","2.0NRT",310.86,3.23,"D"
"1716",35.1358,47.34167,336.43,0.39,0.6,"2026-09-20",1041,"N20","low","2.0NRT",309.72,2.68,"D"
"1717",34.89488,43.80989,345.36,0.49,0.49,"2026-09-20",1041,"N20","nominal","2.0NRT",313,45.43,"D"
"1718",34.89441,43.80452,318.07,0.49,0.48,"2026-09-20",1041,"N20","low","2.0NRT",324.57,45.43,"D"
"1719",34.95775,44.49598,343.74,0.54,0.5,"2026-09-20",1041,"N20","nominal","2.0NRT",307.22,7.82,"D"
"1720",34.9624,44.49541,367,0.54,0.5,"2026-09-20",1041,"N20","high","2.0NRT",312.5,7.82,"D"
"1721",34.90975,43.4314,344.33,0.47,0.47,"2026-09-20",1041,"N20","nominal","2.0NRT",313.81,6.47,"D"
"1722",35.01863,43.50292,346.78,0.47,0.48,"2026-09-20",1041,"N20","nominal","2.0NRT",315.16,23.51,"D"
"1723",35.12868,44.3198,335.62,0.53,0.5,"2026-09-20",1041,"N20","low","2.0NRT",310.42,2.69,"D"
"1724",35.12833,44.32429,334.94,0.53,0.5,"2026-09-20",1041,"N20","low","2.0NRT",308.19,1.83,"D"
"1725",35.11388,43.37805,348.62,0.47,0.47,"2026-09-20",1041,"N20","nominal","2.0NRT",317.66,13.3,"D"
"1726",35.24311,44.43016,345.36,0.54,0.5,"2026-09-20",1041,"N20","nominal","2.0NRT",315.82,35.91,"D"
"1727",35.24823,44.4354,340.77,0.54,0.5,"2026-09-20",1041,"N20","nominal","2.0NRT",310.47,35.91,"D"
"1728",35.57812,47.79258,351.48,0.42,0.61,"2026-09-20",1041,"N20","nominal","2.0NRT",311.61,4.96,"D"
"1729",35.58097,47.79016,340.22,0.42,0.61,"2026-09-20",1041,"N20","low","2.0NRT",311.27,3.91,"D"
"1730",35.38345,44.21743,345.44,0.52,0.5,"2026-09-20",1041,"N20","nominal","2.0NRT",315.92,18.24,"D"
"1731",35.45689,44.42058,344.03,0.54,0.51,"2026-09-20",1041,"N20","nominal","2.0NRT",310.97,6.7,"D"
"1732",35.45989,44.42405,336.26,0.54,0.51,"2026-09-20",1041,"N20","low","2.0NRT",310.95,5.02,"D"
"1733",35.45942,44.41815,342.54,0.54,0.51,"2026-09-20",1041,"N20","nominal","2.0NRT",310.91,3.66,"D"
"1734",35.4846,44.15622,345.25,0.52,0.5,"2026-09-20",1041,"N20","nominal","2.0NRT",315.78,47.07,"D"
"1735",35.52385,44.34483,342.01,0.53,0.5,"2026-09-20",1041,"N20","nominal","2.0NRT",312.93,3.59,"D"
"1736",35.52849,44.34423,339.45,0.53,0.5,"2026-09-20",1041,"N20","low","2.0NRT",310.39,3.59,"D"
"1737",35.528,44.33843,342.49,0.53,0.5,"2026-09-20",1041,"N20","nominal","2.0NRT",311.76,3.23,"D"
"1738",35.53263,44.33781,341.25,0.53,0.5,"2026-09-20",1041,"N20","nominal","2.0NRT",311.71,2.72,"D"
"1739",35.56453,44.28521,339.31,0.53,0.5,"2026-09-20",1041,"N20","low","2.0NRT",312.19,3.11,"D"
"1740",35.66274,43.96332,343.24,0.51,0.49,"2026-09-20",1041,"N20","nominal","2.0NRT",312.9,5.89,"D"
"1741",35.68324,43.88127,344,0.5,0.49,"2026-09-20",1041,"N20","nominal","2.0NRT",311.74,24.65,"D"
"1742",35.68276,43.87568,312.06,0.5,0.49,"2026-09-20",1041,"N20","low","2.0NRT",322.4,42.47,"D"
"1743",35.72473,44.04129,353.66,0.51,0.5,"2026-09-20",1041,"N20","nominal","2.0NRT",314.89,21.56,"D"
"1744",35.72879,44.03493,344.55,0.51,0.5,"2026-09-20",1041,"N20","nominal","2.0NRT",312.99,3.28,"D"
"1745",35.77214,43.99726,346.73,0.51,0.5,"2026-09-20",1041,"N20","nominal","2.0NRT",313.87,5.31,"D"
"1746",35.81814,44.0496,345.62,0.52,0.5,"2026-09-20",1041,"N20","nominal","2.0NRT",312,6.2,"D"
"1747",35.88634,43.5114,338.3,0.48,0.48,"2026-09-20",1041,"N20","low","2.0NRT",312.14,2.82,"D"
"1748",35.97989,43.77389,343.38,0.5,0.49,"2026-09-20",1041,"N20","nominal","2.0NRT",310.87,5.04,"D"
"1749",35.20734,36.99621,340.72,0.39,0.36,"2026-09-20",1041,"N20","low","2.0NRT",314.13,2.46,"D"
"1750",35.20673,36.99195,342.03,0.39,0.36,"2026-09-20",1041,"N20","low","2.0NRT",316.23,2.77,"D"
"1751",36.37226,48.69165,344.12,0.48,0.65,"2026-09-20",1041,"N20","nominal","2.0NRT",309.48,3.6,"D"
"1752",34.76535,33.22133,346.41,0.42,0.38,"2026-09-20",1041,"N20","nominal","2.0NRT",305.34,4.68,"D"
"1753",34.76877,33.22048,330.99,0.42,0.38,"2026-09-20",1041,"N20","low","2.0NRT",304.25,4.68,"D"
"1754",34.76736,33.21815,348.17,0.42,0.38,"2026-09-20",1041,"N20","nominal","2.0NRT",305.14,4.68,"D"
"1755",36.14503,43.53249,342.69,0.49,0.48,"2026-09-20",1041,"N20","nominal","2.0NRT",309.41,5.33,"D"
"1756",36.24133,43.36248,353.47,0.48,0.48,"2026-09-20",1041,"N20","nominal","2.0NRT",315.92,9.21,"D"
"1757",36.26067,43.43026,349.01,0.48,0.48,"2026-09-20",1041,"N20","nominal","2.0NRT",313.72,9.75,"D"
"1758",35.08707,33.66846,335.29,0.41,0.37,"2026-09-20",1041,"N20","low","2.0NRT",309.67,4.73,"D"
"1759",36.22212,42.00041,337.17,0.4,0.45,"2026-09-20",1041,"N20","low","2.0NRT",312.14,2.08,"D"
"1760",36.26763,42.38361,346.37,0.42,0.46,"2026-09-20",1041,"N20","nominal","2.0NRT",315.77,10.56,"D"
"1761",36.39808,43.68245,356.39,0.5,0.49,"2026-09-20",1041,"N20","nominal","2.0NRT",313.06,17.89,"D"
"1762",36.40307,43.6875,344.47,0.5,0.49,"2026-09-20",1041,"N20","low","2.0NRT",314.83,16,"D"
"1763",36.4026,43.68198,347.21,0.5,0.49,"2026-09-20",1041,"N20","low","2.0NRT",317.48,17.89,"D"
"1764",36.40165,43.67082,344.7,0.5,0.49,"2026-09-20",1041,"N20","nominal","2.0NRT",314.35,10.4,"D"
"1765",35.07068,33.35119,341.37,0.42,0.38,"2026-09-20",1041,"N20","nominal","2.0NRT",309.46,4.42,"D"
"1766",36.21943,40.78603,339.11,0.53,0.42,"2026-09-20",1041,"N20","nominal","2.0NRT",309.58,4.06,"D"
"1767",36.50751,43.06076,342.2,0.46,0.47,"2026-09-20",1041,"N20","nominal","2.0NRT",310.01,6.11,"D"
"1768",36.50382,43.05924,342.37,0.46,0.47,"2026-09-20",1041,"N20","nominal","2.0NRT",311.96,3.75,"D"
"1769",35.81776,36.84968,339.31,0.39,0.36,"2026-09-20",1041,"N20","low","2.0NRT",312.39,1.68,"D"
"1770",36.27854,40.21421,342.33,0.5,0.41,"2026-09-20",1041,"N20","low","2.0NRT",312.6,10.92,"D"
"1771",35.85938,36.85405,340.68,0.39,0.36,"2026-09-20",1041,"N20","low","2.0NRT",311.15,4.59,"D"
"1772",36.0024,37.85645,337.98,0.41,0.37,"2026-09-20",1041,"N20","nominal","2.0NRT",312.58,1.85,"D"
"1773",35.92899,37.10204,343.12,0.4,0.37,"2026-09-20",1041,"N20","nominal","2.0NRT",311.82,4.56,"D"
"1774",35.93122,37.10258,340.78,0.4,0.37,"2026-09-20",1041,"N20","nominal","2.0NRT",310.07,5.22,"D"
"1775",35.99783,36.73259,341.71,0.39,0.36,"2026-09-20",1041,"N20","nominal","2.0NRT",310.98,3.92,"D"
"1776",36.00114,36.73187,342.38,0.39,0.36,"2026-09-20",1041,"N20","nominal","2.0NRT",313.46,16.38,"D"
"1777",36.77546,43.32404,344.33,0.48,0.48,"2026-09-20",1041,"N20","nominal","2.0NRT",312.08,9.29,"D"
"1778",36.65287,41.89957,340.56,0.4,0.45,"2026-09-20",1041,"N20","low","2.0NRT",314.69,4.85,"D"
"1779",36.40126,39.45519,349.22,0.47,0.39,"2026-09-20",1041,"N20","nominal","2.0NRT",312.52,6.89,"D"
"1780",36.48598,40.14557,338.78,0.5,0.41,"2026-09-20",1041,"N20","low","2.0NRT",310.91,3.82,"D"
"1781",36.35824,39.04275,337.45,0.45,0.39,"2026-09-20",1041,"N20","low","2.0NRT",311.64,3.11,"D"
"1782",36.3624,39.04707,336.63,0.45,0.39,"2026-09-20",1041,"N20","low","2.0NRT",309.17,3.11,"D"
"1783",36.36178,39.04208,338.9,0.45,0.39,"2026-09-20",1041,"N20","nominal","2.0NRT",311.69,3.11,"D"
"1784",36.2156,37.62532,335.63,0.41,0.37,"2026-09-20",1041,"N20","low","2.0NRT",310.41,1.93,"D"
"1785",36.86868,43.48906,343.94,0.5,0.49,"2026-09-20",1041,"N20","nominal","2.0NRT",302.76,7.28,"D"
"1786",36.2835,38.0004,339.37,0.42,0.37,"2026-09-20",1041,"N20","nominal","2.0NRT",310.62,2.34,"D"
"1787",36.65224,41.07637,338.96,0.55,0.43,"2026-09-20",1041,"N20","low","2.0NRT",312.76,4.59,"D"
"1788",36.6018,40.49389,343.39,0.52,0.41,"2026-09-20",1041,"N20","nominal","2.0NRT",313.16,5.74,"D"
"1789",36.89112,43.4324,338.76,0.49,0.49,"2026-09-20",1041,"N20","nominal","2.0NRT",302.62,3.14,"D"
"1790",36.60559,40.49321,342.5,0.52,0.41,"2026-09-20",1041,"N20","nominal","2.0NRT",313.93,3.86,"D"
"1791",36.8221,42.36999,343.99,0.43,0.46,"2026-09-20",1041,"N20","nominal","2.0NRT",311.53,4.1,"D"
"1792",36.82631,42.36935,338,0.43,0.46,"2026-09-20",1041,"N20","low","2.0NRT",311.95,4.1,"D"
"1793",36.83144,42.37843,351.33,0.43,0.46,"2026-09-20",1041,"N20","nominal","2.0NRT",312.7,12.6,"D"
"1794",36.83098,42.37358,342.47,0.43,0.46,"2026-09-20",1041,"N20","nominal","2.0NRT",312.24,4.13,"D"
"1795",36.54031,39.59289,338.38,0.47,0.4,"2026-09-20",1041,"N20","low","2.0NRT",312.57,3.45,"D"
"1796",36.84252,42.05902,340.11,0.41,0.45,"2026-09-20",1041,"N20","low","2.0NRT",313.94,3.89,"D"
"1797",36.75774,41.16708,338.05,0.56,0.43,"2026-09-20",1041,"N20","low","2.0NRT",310.1,3.08,"D"
"1798",36.76237,41.17272,337.4,0.56,0.43,"2026-09-20",1041,"N20","low","2.0NRT",310.11,6.17,"D"
"1799",36.76169,41.16645,336.41,0.56,0.43,"2026-09-20",1041,"N20","low","2.0NRT",308.72,3.08,"D"
"1800",36.67095,40.35353,338.38,0.51,0.41,"2026-09-20",1041,"N20","low","2.0NRT",311.9,3.56,"D"
"1801",36.84067,42.0614,342.33,0.41,0.45,"2026-09-20",1041,"N20","nominal","2.0NRT",313.88,3.56,"D"
"1802",36.76146,41.17186,341.51,0.56,0.43,"2026-09-20",1041,"N20","nominal","2.0NRT",310.65,6.4,"D"
"1803",36.76081,41.16558,336.97,0.56,0.43,"2026-09-20",1041,"N20","low","2.0NRT",309.06,6.4,"D"
"1804",36.67446,40.35132,341.55,0.51,0.41,"2026-09-20",1041,"N20","low","2.0NRT",314.56,9.51,"D"
"1805",36.83742,41.64239,349.32,0.39,0.44,"2026-09-20",1041,"N20","nominal","2.0NRT",311.9,9.12,"D"
"1806",36.87041,41.93496,341.35,0.41,0.45,"2026-09-20",1041,"N20","low","2.0NRT",313.67,4.29,"D"
"1807",36.69687,40.17413,336.7,0.5,0.41,"2026-09-20",1041,"N20","low","2.0NRT",310.99,2.9,"D"
"1808",36.87066,41.72768,341.23,0.4,0.44,"2026-09-20",1041,"N20","low","2.0NRT",312.17,4.4,"D"
"1809",36.97348,42.7059,340.68,0.45,0.47,"2026-09-20",1041,"N20","low","2.0NRT",310.91,6.36,"D"
"1810",36.97824,42.71029,344.84,0.45,0.47,"2026-09-20",1041,"N20","nominal","2.0NRT",310.52,6.29,"D"
"1811",36.98253,42.70962,348.99,0.45,0.47,"2026-09-20",1041,"N20","nominal","2.0NRT",314.87,6.29,"D"
"1812",36.98206,42.70458,339.23,0.45,0.47,"2026-09-20",1041,"N20","low","2.0NRT",312.41,5.28,"D"
"1813",36.98159,42.69955,337.23,0.45,0.47,"2026-09-20",1041,"N20","low","2.0NRT",311.88,5.28,"D"
"1814",36.23617,36.45276,346.17,0.39,0.36,"2026-09-20",1041,"N20","nominal","2.0NRT",304.13,4.87,"D"
"1815",36.23555,36.44847,347.59,0.39,0.36,"2026-09-20",1041,"N20","nominal","2.0NRT",307.06,4.87,"D"
"1816",36.98682,42.70894,346.77,0.45,0.47,"2026-09-20",1041,"N20","nominal","2.0NRT",311.45,8.76,"D"
"1817",36.98635,42.70391,336.25,0.45,0.47,"2026-09-20",1041,"N20","low","2.0NRT",308.97,10.46,"D"
"1818",36.98589,42.69891,342.6,0.45,0.47,"2026-09-20",1041,"N20","nominal","2.0NRT",314.99,10.46,"D"
"1819",36.99868,42.74263,341.85,0.45,0.47,"2026-09-20",1041,"N20","nominal","2.0NRT",310.4,4.18,"D"
"1820",37.00297,42.74186,347.42,0.45,0.47,"2026-09-20",1041,"N20","nominal","2.0NRT",309.85,4.18,"D"
"1821",36.77328,40.41429,336.2,0.52,0.41,"2026-09-20",1041,"N20","low","2.0NRT",308.9,1.83,"D"
"1822",36.38382,37.13663,344.27,0.4,0.37,"2026-09-20",1041,"N20","low","2.0NRT",314.63,5.08,"D"
"1823",36.9621,42.08248,336.92,0.42,0.45,"2026-09-20",1041,"N20","low","2.0NRT",311.89,1.35,"D"
"1824",36.74921,39.79072,346.14,0.48,0.4,"2026-09-20",1041,"N20","nominal","2.0NRT",314.58,6.95,"D"
"1825",36.75289,39.79006,341.34,0.48,0.4,"2026-09-20",1041,"N20","low","2.0NRT",313.68,6.95,"D"
"1826",36.82441,40.35266,339.44,0.51,0.41,"2026-09-20",1041,"N20","nominal","2.0NRT",312.48,5.11,"D"
"1827",36.92036,40.97954,343.04,0.55,0.43,"2026-09-20",1041,"N20","nominal","2.0NRT",311.37,3.62,"D"
"1828",36.88399,40.60986,339.97,0.53,0.42,"2026-09-20",1041,"N20","low","2.0NRT",312.22,2.51,"D"
"1829",36.83268,40.15399,338.76,0.5,0.41,"2026-09-20",1041,"N20","low","2.0NRT",311.88,6.33,"D"
"1830",36.95613,41.16444,338.61,0.56,0.43,"2026-09-20",1041,"N20","low","2.0NRT",312.26,12.69,"D"
"1831",37.01589,41.69703,340.83,0.4,0.44,"2026-09-20",1041,"N20","low","2.0NRT",312.95,4.19,"D"
"1832",36.85256,40.12762,337.36,0.5,0.41,"2026-09-20",1041,"N20","low","2.0NRT",309.78,3.72,"D"
"1833",36.85318,40.12584,345.21,0.5,0.41,"2026-09-20",1041,"N20","nominal","2.0NRT",310.95,5.14,"D"
"1834",37.02099,41.66616,338.49,0.4,0.44,"2026-09-20",1041,"N20","low","2.0NRT",310.12,1.91,"D"
"1835",37.03114,41.72828,342.3,0.4,0.44,"2026-09-20",1041,"N20","low","2.0NRT",313.84,4.88,"D"
"1836",37.02201,41.63439,344.81,0.4,0.44,"2026-09-20",1041,"N20","nominal","2.0NRT",314.31,8.53,"D"
"1837",37.02157,41.62994,340.24,0.4,0.44,"2026-09-20",1041,"N20","low","2.0NRT",314.77,8.53,"D"
"1838",36.81431,39.52007,335.42,0.47,0.4,"2026-09-20",1041,"N20","low","2.0NRT",308.98,3.86,"D"
"1839",36.70526,38.59183,339.21,0.44,0.38,"2026-09-20",1041,"N20","low","2.0NRT",314.19,3.33,"D"
"1840",36.71945,38.61917,338.65,0.44,0.38,"2026-09-20",1041,"N20","low","2.0NRT",313.1,5.15,"D"
"1841",36.71883,38.61425,340.55,0.44,0.38,"2026-09-20",1041,"N20","low","2.0NRT",313.44,4.78,"D"
"1842",36.57742,37.50529,367,0.41,0.37,"2026-09-20",1041,"N20","high","2.0NRT",325.17,74.65,"D"
"1843",36.9926,40.94777,350.28,0.55,0.43,"2026-09-20",1041,"N20","nominal","2.0NRT",312.09,12.58,"D"
"1844",36.94142,40.4728,345.5,0.52,0.42,"2026-09-20",1041,"N20","nominal","2.0NRT",313.85,8.22,"D"
"1845",36.79147,39.17352,337.72,0.46,0.39,"2026-09-20",1041,"N20","nominal","2.0NRT",308.61,5.57,"D"
"1846",36.96688,40.49235,336.87,0.52,0.42,"2026-09-20",1041,"N20","low","2.0NRT",311.59,4.75,"D"
"1847",36.751,38.61329,346.95,0.44,0.38,"2026-09-20",1041,"N20","nominal","2.0NRT",313.91,9.72,"D"
"1848",37.03639,41.02254,342.57,0.55,0.43,"2026-09-20",1041,"N20","low","2.0NRT",313.16,8.15,"D"
"1849",36.75449,38.61258,348.96,0.44,0.38,"2026-09-20",1041,"N20","nominal","2.0NRT",314.72,9.72,"D"
"1850",36.57265,37.19371,338.7,0.4,0.37,"2026-09-20",1041,"N20","low","2.0NRT",310.01,2.62,"D"
"1851",37.10149,41.48691,346.29,0.39,0.44,"2026-09-20",1041,"N20","nominal","2.0NRT",313.08,5.38,"D"
"1852",36.87242,39.10272,333.31,0.46,0.39,"2026-09-20",1041,"N20","nominal","2.0NRT",305.29,3.67,"D"
"1853",36.54493,36.49787,344.55,0.39,0.36,"2026-09-20",1041,"N20","nominal","2.0NRT",309.88,3.9,"D"
"1854",37.56668,46.45452,332.96,0.37,0.58,"2026-09-20",1041,"N20","low","2.0NRT",304.83,1.42,"D"
"1855",36.49676,36.0523,335.41,0.39,0.36,"2026-09-20",1041,"N20","nominal","2.0NRT",304.63,3.47,"D"
"1856",37.11182,40.79998,339,0.54,0.42,"2026-09-20",1041,"N20","low","2.0NRT",312.77,6.49,"D"
"1857",37.11503,40.7932,338.51,0.54,0.42,"2026-09-20",1041,"N20","low","2.0NRT",312.28,7.08,"D"
"1858",37.65109,46.96471,348.34,0.39,0.6,"2026-09-20",1041,"N20","nominal","2.0NRT",307.58,3.39,"D"
"1859",36.88176,38.44708,337.63,0.43,0.38,"2026-09-20",1041,"N20","low","2.0NRT",311.43,6.47,"D"
"1860",37.10754,40.30936,341.72,0.52,0.41,"2026-09-20",1041,"N20","nominal","2.0NRT",309.72,8.04,"D"
"1861",37.65156,46.96683,340.94,0.39,0.6,"2026-09-20",1041,"N20","nominal","2.0NRT",305.76,2.84,"D"
"1862",36.72748,36.21049,335.22,0.39,0.36,"2026-09-20",1043,"N20","low","2.0NRT",307.19,3.43,"D"
"1863",36.73078,36.20976,336.87,0.39,0.36,"2026-09-20",1043,"N20","low","2.0NRT",308.33,3.43,"D"
"1864",36.73408,36.20902,331.45,0.39,0.36,"2026-09-20",1043,"N20","low","2.0NRT",306.34,4.3,"D"
"1865",37.1556,39.14423,333.98,0.46,0.39,"2026-09-20",1043,"N20","low","2.0NRT",306.72,8.97,"D"
"1866",37.24608,39.15135,346.36,0.46,0.39,"2026-09-20",1043,"N20","nominal","2.0NRT",313.07,3.18,"D"
"1867",37.24545,39.14613,336.72,0.46,0.39,"2026-09-20",1043,"N20","low","2.0NRT",311.18,3.18,"D"
"1868",37.24967,39.15064,344.55,0.46,0.39,"2026-09-20",1043,"N20","nominal","2.0NRT",311.78,8.12,"D"
"1869",36.73861,35.17649,334.81,0.38,0.36,"2026-09-20",1043,"N20","low","2.0NRT",305.18,5.92,"D"
"1870",36.76293,35.28984,330.41,0.38,0.36,"2026-09-20",1043,"N20","low","2.0NRT",303.31,0.98,"D"
"1871",36.7609,35.18881,334.54,0.38,0.36,"2026-09-20",1043,"N20","nominal","2.0NRT",305.12,2.18,"D"
"1872",36.78182,35.14847,336.9,0.38,0.36,"2026-09-20",1043,"N20","nominal","2.0NRT",306.22,4.17,"D"
"1873",36.88911,35.78577,335.53,0.39,0.36,"2026-09-20",1043,"N20","low","2.0NRT",305.9,3.96,"D"
"1874",36.89047,35.77217,337.56,0.38,0.36,"2026-09-20",1043,"N20","nominal","2.0NRT",306.8,3.92,"D"
"1875",36.79349,35.07055,343.59,0.38,0.36,"2026-09-20",1043,"N20","nominal","2.0NRT",306.49,4.21,"D"
"1876",36.79282,35.06629,345.48,0.38,0.36,"2026-09-20",1043,"N20","nominal","2.0NRT",308.44,4.21,"D"
"1877",36.79216,35.06202,342.52,0.38,0.36,"2026-09-20",1043,"N20","nominal","2.0NRT",311.52,28.23,"D"
"1878",36.79677,35.06976,342.64,0.38,0.36,"2026-09-20",1043,"N20","nominal","2.0NRT",305.28,4.21,"D"
"1879",36.78079,34.96747,335.97,0.38,0.36,"2026-09-20",1043,"N20","nominal","2.0NRT",305.78,1.56,"D"
"1880",36.92625,35.8525,337.31,0.39,0.36,"2026-09-20",1043,"N20","nominal","2.0NRT",308.77,2.44,"D"
"1881",36.91345,35.76686,333.84,0.38,0.36,"2026-09-20",1043,"N20","nominal","2.0NRT",302.75,2.42,"D"
"1882",37.36397,38.73582,341.12,0.45,0.39,"2026-09-20",1043,"N20","low","2.0NRT",313.38,5.32,"D"
"1883",36.96617,35.79959,351.65,0.39,0.36,"2026-09-20",1043,"N20","nominal","2.0NRT",310.09,5.14,"D"
"1884",36.96234,35.77388,334.21,0.39,0.36,"2026-09-20",1043,"N20","nominal","2.0NRT",308.22,3.46,"D"
"1885",36.9617,35.7696,335.5,0.39,0.36,"2026-09-20",1043,"N20","nominal","2.0NRT",308.18,3.46,"D"
"1886",36.96946,35.79883,346.39,0.39,0.36,"2026-09-20",1043,"N20","nominal","2.0NRT",309.21,5.14,"D"
"1887",36.96498,35.76884,335.69,0.39,0.36,"2026-09-20",1043,"N20","nominal","2.0NRT",307.64,3.46,"D"
"1888",36.96434,35.76455,339.04,0.39,0.36,"2026-09-20",1043,"N20","nominal","2.0NRT",310.39,9.72,"D"
"1889",36.83604,34.8838,334.8,0.39,0.36,"2026-09-20",1043,"N20","low","2.0NRT",307.2,1.43,"D"
"1890",37.37737,38.69737,337,0.45,0.39,"2026-09-20",1043,"N20","low","2.0NRT",307.43,2.59,"D"
"1891",37.43367,39.13138,339.61,0.46,0.39,"2026-09-20",1043,"N20","nominal","2.0NRT",306.42,3.75,"D"
"1892",36.98139,35.76503,347.84,0.39,0.36,"2026-09-20",1043,"N20","nominal","2.0NRT",311.31,7.59,"D"
"1893",36.92263,35.37616,335.74,0.38,0.36,"2026-09-20",1043,"N20","nominal","2.0NRT",308.28,1.78,"D"
"1894",37.00573,35.90581,343.49,0.39,0.36,"2026-09-20",1043,"N20","nominal","2.0NRT",308.75,3.52,"D"
"1895",36.92656,35.20279,345.56,0.38,0.36,"2026-09-20",1043,"N20","nominal","2.0NRT",307.78,3.24,"D"
"1896",37.05431,35.91243,335.28,0.39,0.36,"2026-09-20",1043,"N20","nominal","2.0NRT",306.48,2.31,"D"
"1897",37.05367,35.90813,337.46,0.39,0.36,"2026-09-20",1043,"N20","nominal","2.0NRT",308.23,2.31,"D"
"1898",37.05824,35.91598,335.25,0.39,0.36,"2026-09-20",1043,"N20","nominal","2.0NRT",307,2.71,"D"
"1899",37.0576,35.91168,354.64,0.39,0.36,"2026-09-20",1043,"N20","nominal","2.0NRT",310.29,7.61,"D"
"1900",37.05696,35.90737,345.87,0.39,0.36,"2026-09-20",1043,"N20","nominal","2.0NRT",307,7.61,"D"
"1901",37.04674,35.83863,331.97,0.39,0.36,"2026-09-20",1043,"N20","low","2.0NRT",306.62,1.43,"D"
"1902",36.93617,34.9136,337.39,0.38,0.36,"2026-09-20",1043,"N20","nominal","2.0NRT",306.79,4.69,"D"
"1903",36.95128,34.92323,330.33,0.38,0.36,"2026-09-20",1043,"N20","nominal","2.0NRT",303.57,0.77,"D"
"1904",36.95061,34.91896,333.05,0.38,0.36,"2026-09-20",1043,"N20","nominal","2.0NRT",306.17,2.09,"D"
"1905",37.14674,36.19569,341.45,0.39,0.36,"2026-09-20",1043,"N20","low","2.0NRT",311.63,3.33,"D"
"1906",37.13099,36.08747,336.83,0.39,0.36,"2026-09-20",1043,"N20","low","2.0NRT",308.12,1.96,"D"
"1907",36.95456,34.92243,333.32,0.38,0.36,"2026-09-20",1043,"N20","nominal","2.0NRT",302.43,1.43,"D"
"1908",36.95389,34.91816,337.08,0.38,0.36,"2026-09-20",1043,"N20","nominal","2.0NRT",306.57,3.29,"D"
"1909",37.15067,36.19927,345.46,0.39,0.36,"2026-09-20",1043,"N20","nominal","2.0NRT",310.61,8.68,"D"
"1910",37.15004,36.19494,338.35,0.39,0.36,"2026-09-20",1043,"N20","low","2.0NRT",310.16,3.33,"D"
"1911",37.14941,36.19061,335.79,0.39,0.36,"2026-09-20",1043,"N20","low","2.0NRT",309.85,3.33,"D"
"1912",37.16669,36.16878,335,0.39,0.36,"2026-09-20",1043,"N20","low","2.0NRT",305.3,3.53,"D"
"1913",37.16606,36.16446,334.26,0.39,0.36,"2026-09-20",1043,"N20","low","2.0NRT",308.5,5.04,"D"
"1914",37.16999,36.16802,346.17,0.39,0.36,"2026-09-20",1043,"N20","nominal","2.0NRT",308.31,8.87,"D"
"1915",37.17873,35.81047,335.79,0.39,0.36,"2026-09-20",1043,"N20","low","2.0NRT",310.01,2.08,"D"
"1916",37.22591,35.96896,347.86,0.39,0.36,"2026-09-20",1043,"N20","nominal","2.0NRT",312.49,4.8,"D"
"1917",37.20692,35.81729,340.49,0.39,0.36,"2026-09-20",1043,"N20","nominal","2.0NRT",311.48,3.83,"D"
"1918",37.24947,35.99035,337.75,0.39,0.36,"2026-09-20",1043,"N20","nominal","2.0NRT",310.7,2.4,"D"
"1919",37.24884,35.98603,353.57,0.39,0.36,"2026-09-20",1043,"N20","nominal","2.0NRT",313.91,7.74,"D"
"1920",37.67158,38.85991,333.41,0.46,0.39,"2026-09-20",1043,"N20","low","2.0NRT",307.66,1.6,"D"
"1921",37.30359,36.05947,336.82,0.39,0.36,"2026-09-20",1043,"N20","low","2.0NRT",310.24,3.16,"D"
"1922",37.30688,36.05872,340.61,0.39,0.36,"2026-09-20",1043,"N20","nominal","2.0NRT",309.91,3.16,"D"
"1923",37.30436,36.04139,340.97,0.39,0.36,"2026-09-20",1043,"N20","nominal","2.0NRT",307.54,2.59,"D"
"1924",37.26247,35.75636,337.53,0.39,0.36,"2026-09-20",1043,"N20","low","2.0NRT",311.2,5.19,"D"
"1925",37.37217,36.0393,337.33,0.39,0.36,"2026-09-20",1043,"N20","nominal","2.0NRT",309.5,1.4,"D"
"1926",37.70438,38.43143,342.31,0.44,0.38,"2026-09-20",1043,"N20","nominal","2.0NRT",310.15,3.59,"D"
"1927",37.70375,38.42642,344.63,0.44,0.38,"2026-09-20",1043,"N20","nominal","2.0NRT",314.35,3.59,"D"
"1928",37.71138,38.42995,337.91,0.44,0.38,"2026-09-20",1043,"N20","low","2.0NRT",311.01,9.04,"D"
"1929",37.34258,35.74659,351.01,0.39,0.36,"2026-09-20",1043,"N20","nominal","2.0NRT",315.91,5.58,"D"
"1930",37.34587,35.74583,340.49,0.39,0.36,"2026-09-20",1043,"N20","nominal","2.0NRT",311.18,3.03,"D"
"1931",37.40563,36.05851,336.72,0.39,0.36,"2026-09-20",1043,"N20","low","2.0NRT",309.85,2.31,"D"
"1932",37.36294,35.7463,349.49,0.39,0.36,"2026-09-20",1043,"N20","nominal","2.0NRT",316.69,8.13,"D"
"1933",37.3998,35.94933,339.21,0.39,0.36,"2026-09-20",1043,"N20","nominal","2.0NRT",313.82,4.32,"D"
"1934",37.36926,35.74184,349.03,0.39,0.36,"2026-09-20",1043,"N20","nominal","2.0NRT",314.26,9.98,"D"
"1935",37.36863,35.73752,347.93,0.39,0.36,"2026-09-20",1043,"N20","nominal","2.0NRT",316.21,6.81,"D"
"1936",38.0007,40.2243,341.11,0.52,0.42,"2026-09-20",1043,"N20","nominal","2.0NRT",307.44,17.12,"D"
"1937",38.09987,40.93087,336.75,0.56,0.43,"2026-09-20",1043,"N20","low","2.0NRT",310.26,5.39,"D"
"1938",38.07876,40.61879,346.86,0.55,0.42,"2026-09-20",1043,"N20","nominal","2.0NRT",308.16,6.99,"D"
"1939",38.09132,40.4699,337.89,0.54,0.42,"2026-09-20",1043,"N20","low","2.0NRT",310.93,4.5,"D"
"1940",38.09066,40.46367,343.49,0.54,0.42,"2026-09-20",1043,"N20","nominal","2.0NRT",314.79,4.5,"D"
"1941",38.08046,40.36671,343.67,0.53,0.42,"2026-09-20",1043,"N20","nominal","2.0NRT",312.42,7.88,"D"
"1942",38.09518,40.46924,335.72,0.54,0.42,"2026-09-20",1043,"N20","low","2.0NRT",310.36,4.5,"D"
"1943",38.09452,40.46301,346.5,0.54,0.42,"2026-09-20",1043,"N20","nominal","2.0NRT",313.19,4.5,"D"
"1944",38.11386,40.57245,337.97,0.54,0.42,"2026-09-20",1043,"N20","nominal","2.0NRT",308.57,4.17,"D"
"1945",38.12604,40.46361,343.09,0.54,0.42,"2026-09-20",1043,"N20","nominal","2.0NRT",311.51,6.48,"D"
"1946",38.05707,39.69724,347.24,0.5,0.41,"2026-09-20",1043,"N20","nominal","2.0NRT",315.49,9.56,"D"
"1947",38.05642,39.6916,355.56,0.5,0.41,"2026-09-20",1043,"N20","nominal","2.0NRT",318.75,9.56,"D"
"1948",38.36981,42.75925,347.1,0.47,0.48,"2026-09-20",1043,"N20","nominal","2.0NRT",298.2,14.59,"D"
"1949",38.09825,39.85848,343.87,0.5,0.41,"2026-09-20",1043,"N20","nominal","2.0NRT",313.86,5.56,"D"
"1950",38.08707,39.62856,339.91,0.49,0.4,"2026-09-20",1043,"N20","nominal","2.0NRT",304.76,3.19,"D"
"1951",38.11942,39.84301,335.06,0.5,0.41,"2026-09-20",1043,"N20","low","2.0NRT",308.3,4.6,"D"
"1952",38.21995,40.52172,353.11,0.54,0.42,"2026-09-20",1043,"N20","nominal","2.0NRT",315.78,43.04,"D"
"1953",38.21931,40.51561,338.05,0.54,0.42,"2026-09-20",1043,"N20","low","2.0NRT",310.64,13.03,"D"
"1954",38.31565,40.86525,341.5,0.56,0.43,"2026-09-20",1043,"N20","nominal","2.0NRT",304.54,4.09,"D"
"1955",38.3196,40.86459,354.13,0.56,0.43,"2026-09-20",1043,"N20","nominal","2.0NRT",309.31,82.8,"D"
"1956",38.3227,40.86892,335.55,0.56,0.43,"2026-09-20",1043,"N20","nominal","2.0NRT",304.38,23.33,"D"
"1957",39.07537,48.58339,341.32,0.49,0.65,"2026-09-20",1043,"N20","nominal","2.0NRT",300.87,4.48,"D"
"1958",39.07645,48.58363,344.12,0.49,0.65,"2026-09-20",1043,"N20","nominal","2.0NRT",300.02,6.14,"D"
"1959",39.06464,45.74798,337.45,0.35,0.56,"2026-09-20",1043,"N20","nominal","2.0NRT",305.52,2.86,"D"
"1960",37.74084,31.80874,344.49,0.44,0.38,"2026-09-20",1043,"N20","nominal","2.0NRT",300.36,7.74,"D"
"1961",38.59258,36.18453,341.27,0.39,0.36,"2026-09-20",1043,"N20","nominal","2.0NRT",302.04,5.41,"D"
"1962",38.61413,36.11965,347.77,0.39,0.36,"2026-09-20",1043,"N20","nominal","2.0NRT",309.05,7.77,"D"
"1963",37.89605,31.63425,340.31,0.44,0.38,"2026-09-20",1043,"N20","nominal","2.0NRT",276.96,6.98,"D"
"1964",38.75617,35.97459,334.42,0.39,0.36,"2026-09-20",1043,"N20","nominal","2.0NRT",300.99,8.54,"D"
"1965",38.75947,35.97383,343.76,0.39,0.36,"2026-09-20",1043,"N20","nominal","2.0NRT",301.26,11.08,"D"
"1966",38.44342,33.04792,331.82,0.4,0.37,"2026-09-20",1043,"N20","nominal","2.0NRT",292.8,2.04,"D"
"1967",38.28986,31.64482,336.91,0.44,0.38,"2026-09-20",1043,"N20","nominal","2.0NRT",288.82,6.04,"D"
"1968",38.2933,31.64379,331.74,0.44,0.38,"2026-09-20",1043,"N20","nominal","2.0NRT",288.1,6.04,"D"
"1969",39.2354,36.98987,337.21,0.41,0.37,"2026-09-20",1043,"N20","nominal","2.0NRT",305.9,3.24,"D"
"1970",40.01828,44.50642,337.72,0.61,0.53,"2026-09-20",1043,"N20","nominal","2.0NRT",300.03,5.13,"D"
"1971",38.60773,32.66338,334.7,0.41,0.37,"2026-09-20",1043,"N20","nominal","2.0NRT",298.36,3.41,"D"
"1972",40.02018,44.50629,337.65,0.61,0.53,"2026-09-20",1043,"N20","nominal","2.0NRT",300.61,6.54,"D"
"1973",39.69106,40.25985,337.67,0.55,0.43,"2026-09-20",1043,"N20","nominal","2.0NRT",304.48,17.17,"D"
"1974",40.11372,45.47061,367,0.34,0.56,"2026-09-20",1043,"N20","high","2.0NRT",291.27,11.8,"D"
"1975",40.11351,45.46697,342.02,0.34,0.56,"2026-09-20",1043,"N20","nominal","2.0NRT",292,9.27,"D"
"1976",40.11241,45.44753,340.79,0.34,0.56,"2026-09-20",1043,"N20","nominal","2.0NRT",293.71,2.3,"D"
"1977",38.97422,34.5774,335,0.38,0.36,"2026-09-20",1043,"N20","low","2.0NRT",305.2,5.03,"D"
"1978",38.97355,34.57302,351.5,0.38,0.36,"2026-09-20",1043,"N20","nominal","2.0NRT",313.6,34.08,"D"
"1979",38.97749,34.57658,344.84,0.38,0.36,"2026-09-20",1043,"N20","nominal","2.0NRT",307,5.03,"D"
"1980",38.98075,34.57574,343.27,0.38,0.36,"2026-09-20",1043,"N20","nominal","2.0NRT",306.14,5.88,"D"
"1981",38.98008,34.57137,335.47,0.38,0.36,"2026-09-20",1043,"N20","low","2.0NRT",306.92,4.74,"D"
"1982",40.07685,44.4643,340.83,0.6,0.53,"2026-09-20",1043,"N20","nominal","2.0NRT",300.13,6.3,"D"
"1983",40.07637,44.45725,331.32,0.6,0.53,"2026-09-20",1043,"N20","nominal","2.0NRT",300.22,6.3,"D"
"1984",39.91659,42.0071,334.8,0.45,0.47,"2026-09-20",1043,"N20","nominal","2.0NRT",306.26,2.61,"D"
"1985",39.02367,34.5239,338.92,0.38,0.36,"2026-09-20",1043,"N20","nominal","2.0NRT",307.15,3.72,"D"
"1986",39.02761,34.52745,340.68,0.38,0.36,"2026-09-20",1043,"N20","nominal","2.0NRT",307.32,3.01,"D"
"1987",39.03156,34.531,335.08,0.38,0.36,"2026-09-20",1043,"N20","low","2.0NRT",305.92,3.01,"D"
"1988",39.03088,34.52662,337.97,0.38,0.36,"2026-09-20",1043,"N20","nominal","2.0NRT",307.74,3.01,"D"
"1989",39.02953,34.51786,345.48,0.38,0.36,"2026-09-20",1043,"N20","nominal","2.0NRT",306.25,8.31,"D"
"1990",39.02885,34.51348,335.63,0.38,0.36,"2026-09-20",1043,"N20","nominal","2.0NRT",305.32,5.3,"D"
"1991",39.11899,34.633,335.37,0.38,0.36,"2026-09-20",1043,"N20","nominal","2.0NRT",304.46,3.06,"D"
"1992",38.96322,33.29324,341.67,0.39,0.36,"2026-09-20",1043,"N20","nominal","2.0NRT",301.14,4.72,"D"
"1993",39.31971,35.31133,333.52,0.39,0.36,"2026-09-20",1043,"N20","nominal","2.0NRT",303.88,2.14,"D"
"1994",39.27268,34.63338,342.5,0.38,0.36,"2026-09-20",1043,"N20","nominal","2.0NRT",307.08,3.72,"D"
"1995",39.28123,34.64492,336.8,0.38,0.36,"2026-09-20",1043,"N20","nominal","2.0NRT",305.74,3.39,"D"
"1996",39.59239,36.75438,337.33,0.41,0.37,"2026-09-20",1043,"N20","nominal","2.0NRT",300.56,10.62,"D"
"1997",39.60558,36.49121,335.94,0.4,0.37,"2026-09-20",1043,"N20","nominal","2.0NRT",299.8,2.11,"D"
"1998",39.38939,34.93324,338.35,0.38,0.36,"2026-09-20",1043,"N20","nominal","2.0NRT",304.28,2.28,"D"
"1999",39.40053,34.93963,342.2,0.38,0.36,"2026-09-20",1043,"N20","nominal","2.0NRT",304.2,3.55,"D"
"2000",40.61779,47.62804,344.54,0.45,0.63,"2026-09-20",1043,"N20","nominal","2.0NRT",295.32,3.81,"D"
"2001",40.61729,47.62926,340.38,0.45,0.63,"2026-09-20",1043,"N20","nominal","2.0NRT",295.26,4.59,"D"
"2002",39.55383,35.35349,331.75,0.39,0.36,"2026-09-20",1043,"N20","nominal","2.0NRT",300.38,1.08,"D"
"2003",38.99371,31.89113,337.73,0.42,0.38,"2026-09-20",1043,"N20","nominal","2.0NRT",300.96,3.83,"D"
"2004",39.29368,33.55477,339.87,0.39,0.36,"2026-09-20",1043,"N20","nominal","2.0NRT",299.61,12.33,"D"
"2005",39.77897,36.8174,338.47,0.41,0.37,"2026-09-20",1043,"N20","nominal","2.0NRT",305.01,3.81,"D"
"2006",39.78236,36.81663,336,0.41,0.37,"2026-09-20",1043,"N20","nominal","2.0NRT",305.38,3.81,"D"
"2007",39.60197,35.21824,338.88,0.39,0.36,"2026-09-20",1043,"N20","nominal","2.0NRT",309.22,5.26,"D"
"2008",39.36419,33.65325,347.93,0.39,0.36,"2026-09-20",1043,"N20","nominal","2.0NRT",310.29,20.21,"D"
"2009",39.36348,33.64882,334.55,0.39,0.36,"2026-09-20",1043,"N20","nominal","2.0NRT",302.58,20.21,"D"
"2010",39.36819,33.65681,334.44,0.39,0.36,"2026-09-20",1043,"N20","low","2.0NRT",305.18,6.02,"D"
"2011",39.36747,33.65238,332.7,0.39,0.36,"2026-09-20",1043,"N20","low","2.0NRT",304.76,4.13,"D"
"2012",39.38567,33.63812,331.17,0.39,0.36,"2026-09-20",1043,"N20","nominal","2.0NRT",298.73,6.34,"D"
"2013",39.38423,33.62924,342.23,0.39,0.36,"2026-09-20",1043,"N20","nominal","2.0NRT",306.07,7.15,"D"
"2014",39.40684,33.59988,342.51,0.39,0.36,"2026-09-20",1043,"N20","nominal","2.0NRT",310.33,29.68,"D"
"2015",39.41053,33.58044,338.47,0.39,0.36,"2026-09-20",1043,"N20","nominal","2.0NRT",307.13,19.76,"D"
"2016",39.20981,32.3779,335.03,0.41,0.37,"2026-09-20",1043,"N20","nominal","2.0NRT",297.43,3.47,"D"
"2017",39.40982,33.57603,303.12,0.39,0.36,"2026-09-20",1043,"N20","low","2.0NRT",312.31,42.4,"D"
"2018",39.41381,33.57957,332.44,0.39,0.36,"2026-09-20",1043,"N20","low","2.0NRT",304.95,19.76,"D"
"2019",39.51258,33.83213,343.27,0.39,0.36,"2026-09-20",1043,"N20","nominal","2.0NRT",307.51,5.71,"D"
"2020",40.14009,38.06302,339.42,0.45,0.39,"2026-09-20",1043,"N20","nominal","2.0NRT",302.12,2.94,"D"
"2021",39.55015,33.78973,334.87,0.39,0.36,"2026-09-20",1043,"N20","nominal","2.0NRT",303.63,4.03,"D"
"2022",39.79074,35.34511,338.31,0.39,0.36,"2026-09-20",1043,"N20","nominal","2.0NRT",307.05,3.11,"D"
"2023",39.55977,33.82873,338.9,0.39,0.36,"2026-09-20",1043,"N20","nominal","2.0NRT",305.43,3.88,"D"
"2024",39.57402,33.81111,333.64,0.39,0.36,"2026-09-20",1043,"N20","nominal","2.0NRT",302.46,2.81,"D"
"2025",39.57331,33.80669,335.42,0.39,0.36,"2026-09-20",1043,"N20","nominal","2.0NRT",305.17,2.81,"D"
"2026",39.57901,33.82037,352.35,0.39,0.36,"2026-09-20",1043,"N20","nominal","2.0NRT",310.23,14.65,"D"
"2027",39.58228,33.8195,331.64,0.39,0.36,"2026-09-20",1043,"N20","low","2.0NRT",303.06,14.65,"D"
"2028",39.44896,32.98449,338.67,0.39,0.37,"2026-09-20",1043,"N20","nominal","2.0NRT",300.32,7.12,"D"
"2029",39.58953,33.8222,340.57,0.39,0.36,"2026-09-20",1043,"N20","nominal","2.0NRT",308.19,6.64,"D"
"2030",39.58883,33.81778,336.09,0.39,0.36,"2026-09-20",1043,"N20","low","2.0NRT",308,5,"D"
"2031",39.5154,33.3641,333.46,0.39,0.36,"2026-09-20",1043,"N20","nominal","2.0NRT",300.07,1.19,"D"
"2032",39.5928,33.82133,344.81,0.39,0.36,"2026-09-20",1043,"N20","nominal","2.0NRT",305.69,4.57,"D"
"2033",39.5921,33.81691,333.46,0.39,0.36,"2026-09-20",1043,"N20","nominal","2.0NRT",306.25,2.06,"D"
"2034",39.99689,35.88985,331.99,0.4,0.37,"2026-09-20",1043,"N20","nominal","2.0NRT",299.86,2.54,"D"
"2035",39.74128,33.98206,337.57,0.38,0.36,"2026-09-20",1043,"N20","nominal","2.0NRT",306.93,2.47,"D"
"2036",39.74058,33.97763,334.65,0.38,0.36,"2026-09-20",1043,"N20","nominal","2.0NRT",305.68,2.47,"D"
"2037",39.74899,33.96618,335.81,0.38,0.36,"2026-09-20",1043,"N20","nominal","2.0NRT",304.84,5.02,"D"
"2038",40.03156,34.96941,343.3,0.39,0.36,"2026-09-20",1043,"N20","nominal","2.0NRT",304.55,7.09,"D"
"2039",39.43179,31.02792,335.78,0.44,0.38,"2026-09-20",1043,"N20","nominal","2.0NRT",294.08,5.54,"D"
"2040",40.34206,34.81266,334.52,0.39,0.36,"2026-09-20",1043,"N20","nominal","2.0NRT",305.8,3.34,"D"
"2041",40.34535,34.81185,342.87,0.39,0.36,"2026-09-20",1043,"N20","nominal","2.0NRT",306.97,4.97,"D"
"2042",40.34468,34.80736,334.56,0.39,0.36,"2026-09-20",1043,"N20","nominal","2.0NRT",305.41,4.97,"D"
"2043",40.41006,34.95108,334.67,0.39,0.36,"2026-09-20",1043,"N20","low","2.0NRT",305.99,3.53,"D"
"2044",40.50472,35.08611,336.58,0.39,0.36,"2026-09-20",1043,"N20","nominal","2.0NRT",303.32,2.73,"D"
"2045",40.61066,35.63356,336.05,0.39,0.37,"2026-09-20",1043,"N20","nominal","2.0NRT",306.55,2.38,"D"
"2046",40.61514,35.62422,333.19,0.39,0.37,"2026-09-20",1043,"N20","low","2.0NRT",306.02,1.51,"D"
"2047",40.41359,34.1132,330.13,0.38,0.36,"2026-09-20",1043,"N20","low","2.0NRT",303.7,1.25,"D"
"2048",40.41685,34.11234,337.83,0.38,0.36,"2026-09-20",1043,"N20","nominal","2.0NRT",304.84,3.28,"D"
"2049",40.35021,33.66458,332.69,0.39,0.36,"2026-09-20",1043,"N20","low","2.0NRT",304.27,1.42,"D"
"2050",40.28327,33.24779,333.06,0.39,0.36,"2026-09-20",1043,"N20","nominal","2.0NRT",298.97,2.45,"D"
"2051",40.69431,35.74856,334.8,0.4,0.37,"2026-09-20",1043,"N20","nominal","2.0NRT",305.89,2.1,"D"
"2052",40.47272,34.05568,338.16,0.38,0.36,"2026-09-20",1043,"N20","nominal","2.0NRT",302.39,1.83,"D"
"2053",40.47718,34.04052,338.57,0.38,0.36,"2026-09-20",1043,"N20","nominal","2.0NRT",306.22,4.17,"D"
"2054",40.48044,34.03966,346.28,0.38,0.36,"2026-09-20",1043,"N20","nominal","2.0NRT",306.72,7.2,"D"
"2055",40.7366,35.52008,332.77,0.39,0.36,"2026-09-20",1043,"N20","nominal","2.0NRT",304.32,2.07,"D"
"2056",40.73536,35.48689,334.22,0.39,0.36,"2026-09-20",1043,"N20","nominal","2.0NRT",304.99,1.7,"D"
"2057",40.75052,35.52153,336.04,0.39,0.36,"2026-09-20",1043,"N20","nominal","2.0NRT",303.76,2.49,"D"
"2058",40.76265,35.34147,331.5,0.39,0.36,"2026-09-20",1043,"N20","low","2.0NRT",302.39,2.52,"D"
"2059",40.79297,35.50636,333.59,0.39,0.36,"2026-09-20",1043,"N20","low","2.0NRT",305.95,3.96,"D"
"2060",40.80152,35.54258,338.92,0.39,0.36,"2026-09-20",1043,"N20","nominal","2.0NRT",304.49,4.46,"D"
"2061",40.77791,35.32849,343.92,0.39,0.36,"2026-09-20",1043,"N20","nominal","2.0NRT",305.01,4.39,"D"
"2062",40.78122,35.32771,344.76,0.39,0.36,"2026-09-20",1043,"N20","nominal","2.0NRT",307.32,11.16,"D"
"2063",40.80904,35.45667,334.55,0.39,0.36,"2026-09-20",1043,"N20","nominal","2.0NRT",304.82,2.87,"D"
"2064",40.89561,35.73261,337.81,0.4,0.37,"2026-09-20",1043,"N20","nominal","2.0NRT",298.63,2.51,"D"
"2065",40.89047,35.42661,335.19,0.39,0.36,"2026-09-20",1043,"N20","nominal","2.0NRT",304.14,1.62,"D"
"2066",40.97032,35.71202,339.73,0.4,0.37,"2026-09-20",1043,"N20","nominal","2.0NRT",296.15,4.4,"D"
"2067",40.99534,35.59488,337.65,0.4,0.37,"2026-09-20",1043,"N20","nominal","2.0NRT",300.22,3.48,"D"
"2068",41.00399,35.58297,346.01,0.4,0.37,"2026-09-20",1043,"N20","nominal","2.0NRT",298.45,4.33,"D"
"2069",41.24259,36.46207,333.98,0.41,0.37,"2026-09-20",1043,"N20","nominal","2.0NRT",301.59,6.52,"D"
"2070",41.24,36.44248,332.33,0.41,0.37,"2026-09-20",1043,"N20","nominal","2.0NRT",302.48,3.44,"D"
"2071",45.18277,42.57558,345.22,0.54,0.51,"2026-09-20",1045,"N20","nominal","2.0NRT",299.18,14.77,"D"
"2072",45.1848,42.57523,345.11,0.54,0.51,"2026-09-20",1045,"N20","nominal","2.0NRT",298.33,13.2,"D"
"2073",44.97188,39.43768,332.72,0.38,0.44,"2026-09-20",1045,"N20","nominal","2.0NRT",299.41,4.12,"D"
"2074",45.17564,39.82093,344.5,0.4,0.44,"2026-09-20",1045,"N20","nominal","2.0NRT",298.37,7.24,"D"
"2075",45.2171,37.99902,337.27,0.51,0.41,"2026-09-20",1045,"N20","nominal","2.0NRT",298.47,5.8,"D"
"2076",45.21641,37.99259,352.73,0.51,0.41,"2026-09-20",1045,"N20","nominal","2.0NRT",298.67,5.8,"D"
"2077",45.2437,37.95866,338.22,0.5,0.41,"2026-09-20",1045,"N20","nominal","2.0NRT",298.7,3.12,"D"
"2078",45.19056,37.35597,337.29,0.48,0.4,"2026-09-20",1045,"N20","nominal","2.0NRT",300.79,3.94,"D"
"2079",45.33914,37.91753,344.4,0.5,0.41,"2026-09-20",1045,"N20","nominal","2.0NRT",303.64,32.55,"D"
"2080",45.34289,37.91674,339.1,0.5,0.41,"2026-09-20",1045,"N20","nominal","2.0NRT",298.43,5.66,"D"
"2081",45.34222,37.91031,331.4,0.5,0.41,"2026-09-20",1045,"N20","nominal","2.0NRT",298.56,5.66,"D"
"2082",45.34904,37.90231,350.95,0.5,0.41,"2026-09-20",1045,"N20","nominal","2.0NRT",303.62,10.62,"D"
"2083",45.34837,37.89588,331.85,0.5,0.41,"2026-09-20",1045,"N20","nominal","2.0NRT",299.73,10.62,"D"
"2084",45.35279,37.90152,351.26,0.5,0.41,"2026-09-20",1045,"N20","nominal","2.0NRT",301.9,10.62,"D"
"2085",45.45738,37.80005,331.28,0.5,0.41,"2026-09-20",1045,"N20","nominal","2.0NRT",296.82,2.9,"D"
"2086",45.47464,37.92801,338.89,0.51,0.41,"2026-09-20",1045,"N20","nominal","2.0NRT",297.9,4.6,"D"
"2087",45.55552,37.96946,337.68,0.51,0.41,"2026-09-20",1045,"N20","nominal","2.0NRT",301.85,14.31,"D"
"2088",45.55996,37.9752,335.09,0.51,0.41,"2026-09-20",1045,"N20","nominal","2.0NRT",299.26,14.31,"D"
"2089",45.5593,37.96867,343.58,0.51,0.41,"2026-09-20",1045,"N20","nominal","2.0NRT",302.56,14.31,"D"
"2090",45.55703,37.90929,338.03,0.51,0.41,"2026-09-20",1045,"N20","nominal","2.0NRT",298.2,10.19,"D"
"2091",45.56387,37.90122,351.09,0.51,0.41,"2026-09-20",1045,"N20","nominal","2.0NRT",299.23,19.43,"D"
"2092",45.6068,38.09303,340.77,0.52,0.41,"2026-09-20",1045,"N20","nominal","2.0NRT",297.71,3.98,"D"
"2093",45.58574,37.89,337.13,0.51,0.41,"2026-09-20",1045,"N20","nominal","2.0NRT",299.39,3.64,"D"
"2094",45.97367,41.88219,353.02,0.51,0.49,"2026-09-20",1045,"N20","nominal","2.0NRT",302.15,16.07,"D"
"2095",45.97321,41.87555,338.13,0.51,0.49,"2026-09-20",1045,"N20","nominal","2.0NRT",299.58,16.07,"D"
"2096",45.65659,37.94178,347.71,0.51,0.41,"2026-09-20",1045,"N20","nominal","2.0NRT",300.32,14.64,"D"
"2097",45.65629,37.9411,349.73,0.51,0.41,"2026-09-20",1045,"N20","nominal","2.0NRT",299.87,12.91,"D"
"2098",45.66006,37.94031,339.15,0.51,0.41,"2026-09-20",1045,"N20","nominal","2.0NRT",297.14,7.74,"D"
"2099",45.94255,40.92976,344.27,0.46,0.47,"2026-09-20",1045,"N20","nominal","2.0NRT",299.56,9.2,"D"
"2100",45.52711,34.72155,338.65,0.41,0.37,"2026-09-20",1045,"N20","nominal","2.0NRT",298.3,3.63,"D"
"2101",46.63628,48.40443,367,0.53,0.67,"2026-09-20",1045,"N20","high","2.0NRT",294.91,17.14,"D"
"2102",46.6362,48.39727,335.98,0.53,0.67,"2026-09-20",1045,"N20","nominal","2.0NRT",294.78,15.15,"D"
"2103",45.25721,31.67493,331.36,0.39,0.36,"2026-09-20",1045,"N20","nominal","2.0NRT",297.37,10.58,"D"
"2104",46.34927,40.40542,340.72,0.44,0.46,"2026-09-20",1045,"N20","nominal","2.0NRT",301.42,3.86,"D"
"2105",46.34881,40.39968,341.37,0.44,0.46,"2026-09-20",1045,"N20","nominal","2.0NRT",303.35,3.8,"D"
"2106",46.35306,40.39891,341.73,0.44,0.46,"2026-09-20",1045,"N20","nominal","2.0NRT",303.44,3.84,"D"
"2107",46.18314,38.40804,333.11,0.54,0.42,"2026-09-20",1045,"N20","nominal","2.0NRT",298.11,5.36,"D"
"2108",46.18701,38.40725,331.88,0.54,0.42,"2026-09-20",1045,"N20","nominal","2.0NRT",298.36,5.36,"D"
"2109",46.19019,38.39949,356.04,0.54,0.42,"2026-09-20",1045,"N20","nominal","2.0NRT",304.05,56.93,"D"
"2110",46.19336,38.39173,344.45,0.54,0.42,"2026-09-20",1045,"N20","nominal","2.0NRT",309.5,56.93,"D"
"2111",44.43319,26.85349,333.09,0.52,0.42,"2026-09-20",1045,"N20","nominal","2.0NRT",299.33,2.21,"D"
"2112",45.74952,34.42204,342.71,0.4,0.37,"2026-09-20",1045,"N20","nominal","2.0NRT",299.98,7.69,"D"
"2113",45.75356,34.42625,333.31,0.4,0.37,"2026-09-20",1045,"N20","nominal","2.0NRT",299.03,11.77,"D"
"2114",46.95356,39.61846,344.16,0.41,0.45,"2026-09-20",1045,"N20","nominal","2.0NRT",303.53,5.6,"D"
"2115",46.9577,39.61774,338.19,0.41,0.45,"2026-09-20",1045,"N20","nominal","2.0NRT",297.98,5.6,"D"
"2116",46.88493,38.81071,336.32,0.57,0.43,"2026-09-20",1045,"N20","nominal","2.0NRT",300.32,5.04,"D"
"2117",46.8896,38.81745,331.81,0.57,0.43,"2026-09-20",1045,"N20","nominal","2.0NRT",302.45,21.89,"D"
"2118",46.8889,38.80996,355.32,0.57,0.43,"2026-09-20",1045,"N20","nominal","2.0NRT",302.77,21.89,"D"
"2119",46.27387,33.56551,344.7,0.39,0.36,"2026-09-20",1045,"N20","nominal","2.0NRT",309.97,8.31,"D"
"2120",46.89358,38.8167,339.78,0.57,0.43,"2026-09-20",1045,"N20","nominal","2.0NRT",305.6,21.89,"D"
"2121",46.89288,38.80921,352.74,0.57,0.43,"2026-09-20",1045,"N20","nominal","2.0NRT",307.52,21.89,"D"
"2122",46.27718,33.56454,342.73,0.39,0.36,"2026-09-20",1045,"N20","nominal","2.0NRT",311.74,8.31,"D"
"2123",46.89757,38.81599,338.39,0.57,0.43,"2026-09-20",1045,"N20","nominal","2.0NRT",300.55,5.04,"D"
"2124",46.89686,38.80849,339.53,0.57,0.43,"2026-09-20",1045,"N20","nominal","2.0NRT",300.87,5.04,"D"
"2125",46.24869,33.19661,339.34,0.39,0.36,"2026-09-20",1045,"N20","low","2.0NRT",310.22,4.12,"D"
"2126",46.56239,35.47001,336.35,0.43,0.38,"2026-09-20",1045,"N20","nominal","2.0NRT",303.6,4.51,"D"
"2127",46.13968,32.36969,338.18,0.38,0.36,"2026-09-20",1045,"N20","nominal","2.0NRT",304.23,2.76,"D"
"2128",46.22916,32.92472,341.21,0.39,0.36,"2026-09-20",1045,"N20","nominal","2.0NRT",307.21,3.91,"D"
"2129",46.3266,33.55783,335.48,0.39,0.36,"2026-09-20",1045,"N20","nominal","2.0NRT",308.31,2.3,"D"
"2130",46.32589,33.55278,334.31,0.39,0.36,"2026-09-20",1045,"N20","low","2.0NRT",308.21,2.3,"D"
"2131",47.11463,40.49247,342.07,0.45,0.47,"2026-09-20",1045,"N20","nominal","2.0NRT",303.06,6.05,"D"
"2132",46.7664,35.94,331.05,0.45,0.39,"2026-09-20",1045,"N20","nominal","2.0NRT",301.46,1.26,"D"
"2133",46.34214,32.71696,330.57,0.39,0.36,"2026-09-20",1045,"N20","low","2.0NRT",302.94,1.69,"D"
"2134",46.67706,34.9766,336.66,0.42,0.38,"2026-09-20",1045,"N20","low","2.0NRT",307.72,1.57,"D"
"2135",46.55189,33.89876,335.21,0.4,0.37,"2026-09-20",1045,"N20","low","2.0NRT",307.12,7.52,"D"
"2136",46.5898,34.15152,354.05,0.4,0.37,"2026-09-20",1045,"N20","nominal","2.0NRT",311.64,5.05,"D"
"2137",46.47348,33.21833,333.75,0.39,0.36,"2026-09-20",1045,"N20","nominal","2.0NRT",308.55,1.61,"D"
"2138",46.78405,35.51366,346.38,0.43,0.38,"2026-09-20",1045,"N20","nominal","2.0NRT",309.93,4.58,"D"
"2139",46.78337,35.50801,341.85,0.43,0.38,"2026-09-20",1045,"N20","nominal","2.0NRT",310.33,3.67,"D"
"2140",46.63506,34.25011,348.19,0.4,0.37,"2026-09-20",1045,"N20","nominal","2.0NRT",310.54,5.04,"D"
"2141",46.03777,30.21441,336.5,0.4,0.37,"2026-09-20",1045,"N20","low","2.0NRT",307.87,1.58,"D"
"2142",46.66136,34.26449,336.28,0.4,0.37,"2026-09-20",1045,"N20","low","2.0NRT",310.89,4.78,"D"
"2143",46.87776,35.78453,337.77,0.44,0.39,"2026-09-20",1045,"N20","nominal","2.0NRT",309.3,2.39,"D"
"2144",46.91574,35.76898,337.6,0.44,0.39,"2026-09-20",1045,"N20","low","2.0NRT",311.62,9.12,"D"
"2145",46.91514,35.76759,337.43,0.44,0.39,"2026-09-20",1045,"N20","low","2.0NRT",309.26,5.81,"D"
"2146",46.91866,35.7667,336.51,0.44,0.39,"2026-09-20",1045,"N20","low","2.0NRT",308.31,5.81,"D"
"2147",46.6723,33.79504,347.2,0.4,0.37,"2026-09-20",1045,"N20","nominal","2.0NRT",306.87,4.89,"D"
"2148",46.53231,32.757,333.87,0.39,0.36,"2026-09-20",1045,"N20","nominal","2.0NRT",305.09,5.09,"D"
"2149",46.53158,32.75202,341.12,0.39,0.36,"2026-09-20",1045,"N20","nominal","2.0NRT",309.85,10.9,"D"
"2150",47.17125,37.74834,334.05,0.52,0.42,"2026-09-20",1045,"N20","nominal","2.0NRT",302.64,4.69,"D"
"2151",47.17506,37.74759,330.34,0.52,0.42,"2026-09-20",1045,"N20","low","2.0NRT",303.24,2.78,"D"
"2152",46.92936,35.25941,336.76,0.43,0.38,"2026-09-20",1045,"N20","low","2.0NRT",311.47,3.35,"D"
"2153",46.7518,33.8956,336.51,0.4,0.37,"2026-09-20",1045,"N20","nominal","2.0NRT",308.88,2.3,"D"
"2154",46.99046,35.70095,345.44,0.44,0.38,"2026-09-20",1045,"N20","nominal","2.0NRT",314.67,50.7,"D"
"2155",46.93697,35.26318,340.21,0.43,0.38,"2026-09-20",1045,"N20","nominal","2.0NRT",310.97,4.4,"D"
"2156",47.15907,37.00972,339.33,0.49,0.4,"2026-09-20",1045,"N20","nominal","2.0NRT",304.95,4.11,"D"
"2157",47.16275,37.00887,337.34,0.49,0.4,"2026-09-20",1045,"N20","nominal","2.0NRT",301.37,4.11,"D"
"2158",47.16113,37.01331,336.68,0.49,0.4,"2026-09-20",1045,"N20","nominal","2.0NRT",301.14,3.87,"D"
"2159",47.16046,37.00689,334.28,0.49,0.4,"2026-09-20",1045,"N20","nominal","2.0NRT",303.99,6.6,"D"
"2160",47.16068,36.90185,331.31,0.48,0.4,"2026-09-20",1045,"N20","nominal","2.0NRT",297.39,2.46,"D"
"2161",46.998,34.6444,338.06,0.41,0.37,"2026-09-20",1045,"N20","low","2.0NRT",308.75,2.87,"D"
"2162",46.8248,33.24955,334.8,0.39,0.36,"2026-09-20",1045,"N20","low","2.0NRT",309.57,5.45,"D"
"2163",47.15588,35.79235,334.28,0.45,0.39,"2026-09-20",1045,"N20","low","2.0NRT",307.86,19.22,"D"
"2164",47.42041,37.89862,337.64,0.53,0.42,"2026-09-20",1045,"N20","nominal","2.0NRT",306.95,7.58,"D"
"2165",47.24953,36.1911,352.6,0.46,0.39,"2026-09-20",1045,"N20","nominal","2.0NRT",306.82,21.23,"D"
"2166",47.32047,36.79129,336.1,0.48,0.4,"2026-09-20",1045,"N20","nominal","2.0NRT",304.92,5.38,"D"
"2167",47.2538,36.19628,345.17,0.46,0.39,"2026-09-20",1045,"N20","nominal","2.0NRT",302.64,11.58,"D"
"2168",47.40268,37.49249,331.12,0.51,0.41,"2026-09-20",1045,"N20","low","2.0NRT",305.72,3.13,"D"
"2169",47.40646,37.49162,341.88,0.51,0.41,"2026-09-20",1045,"N20","nominal","2.0NRT",305.76,3.13,"D"
"2170",46.88662,33.104,340.58,0.39,0.36,"2026-09-20",1045,"N20","nominal","2.0NRT",309.95,1.77,"D"
"2171",47.16195,35.10085,335.93,0.43,0.38,"2026-09-20",1045,"N20","low","2.0NRT",308.77,2.73,"D"
"2172",47.15913,35.0785,331.53,0.43,0.38,"2026-09-20",1045,"N20","low","2.0NRT",306.13,1.62,"D"
"2173",47.16019,35.10485,335.15,0.43,0.38,"2026-09-20",1045,"N20","low","2.0NRT",308.23,2.4,"D"
"2174",47.40186,36.96854,337.08,0.49,0.4,"2026-09-20",1045,"N20","nominal","2.0NRT",300.35,9.25,"D"
"2175",47.40694,36.98082,337.25,0.49,0.4,"2026-09-20",1045,"N20","nominal","2.0NRT",298.69,5.41,"D"
"2176",47.2912,35.38583,335.54,0.43,0.38,"2026-09-20",1045,"N20","nominal","2.0NRT",307.24,1.94,"D"
"2177",47.26598,35.18127,336.24,0.43,0.38,"2026-09-20",1045,"N20","nominal","2.0NRT",306.26,22.37,"D"
"2178",46.9109,32.56798,347.94,0.39,0.36,"2026-09-20",1045,"N20","nominal","2.0NRT",309.93,3.38,"D"
"2179",46.91017,32.56297,339.81,0.39,0.36,"2026-09-20",1045,"N20","nominal","2.0NRT",310.69,3.38,"D"
"2180",47.29048,35.35062,339.47,0.43,0.38,"2026-09-20",1045,"N20","nominal","2.0NRT",308.98,17.16,"D"
"2181",47.26944,35.18036,333.33,0.43,0.38,"2026-09-20",1045,"N20","low","2.0NRT",305.46,2.85,"D"
"2182",47.26875,35.17472,335.67,0.43,0.38,"2026-09-20",1045,"N20","low","2.0NRT",307.8,5.61,"D"
"2183",47.27291,35.17944,335.63,0.43,0.38,"2026-09-20",1045,"N20","nominal","2.0NRT",304.81,2.85,"D"
"2184",46.60758,30.46858,344.7,0.39,0.36,"2026-09-20",1045,"N20","nominal","2.0NRT",308.16,6.43,"D"
"2185",46.60674,30.46357,335.84,0.39,0.36,"2026-09-20",1045,"N20","low","2.0NRT",308.65,4.85,"D"
"2186",46.61085,30.46742,352.94,0.39,0.36,"2026-09-20",1045,"N20","nominal","2.0NRT",312.66,12.47,"D"
"2187",46.61001,30.46241,345.24,0.39,0.36,"2026-09-20",1045,"N20","nominal","2.0NRT",309.73,6.14,"D"
"2188",47.50682,37.05119,337.29,0.49,0.41,"2026-09-20",1045,"N20","nominal","2.0NRT",303.38,3.33,"D"
"2189",47.50613,37.04457,333.28,0.49,0.41,"2026-09-20",1045,"N20","low","2.0NRT",304.45,3.33,"D"
"2190",46.61412,30.46627,336.83,0.39,0.36,"2026-09-20",1045,"N20","nominal","2.0NRT",307.43,12.47,"D"
"2191",46.61328,30.46125,340.12,0.39,0.36,"2026-09-20",1045,"N20","low","2.0NRT",310.35,6.14,"D"
"2192",47.51052,37.05031,335.47,0.49,0.41,"2026-09-20",1045,"N20","nominal","2.0NRT",305.23,5.87,"D"
"2193",46.61655,30.4601,340.7,0.39,0.36,"2026-09-20",1045,"N20","nominal","2.0NRT",306.76,3.79,"D"
"2194",47.48544,36.67244,333.66,0.48,0.4,"2026-09-20",1045,"N20","low","2.0NRT",306.38,7.65,"D"
"2195",47.48407,36.65985,332.82,0.48,0.4,"2026-09-20",1045,"N20","low","2.0NRT",304.53,3.13,"D"
"2196",46.92089,32.29049,341.46,0.38,0.36,"2026-09-20",1045,"N20","nominal","2.0NRT",308.51,3.07,"D"
"2197",47.48977,36.67785,341.19,0.48,0.4,"2026-09-20",1045,"N20","nominal","2.0NRT",305.18,6.1,"D"
"2198",47.46543,35.93682,335.12,0.45,0.39,"2026-09-20",1045,"N20","nominal","2.0NRT",303.71,4.78,"D"
"2199",47.46474,35.93088,332.84,0.45,0.39,"2026-09-20",1045,"N20","nominal","2.0NRT",302.82,5.22,"D"
"2200",47.36739,34.97049,332.9,0.42,0.38,"2026-09-20",1045,"N20","low","2.0NRT",307.87,3.09,"D"
"2201",46.76265,30.73966,331.99,0.39,0.36,"2026-09-20",1045,"N20","nominal","2.0NRT",306.11,1.48,"D"
"2202",47.16956,33.30359,333.49,0.39,0.36,"2026-09-20",1045,"N20","low","2.0NRT",307.75,2.84,"D"
"2203",47.0397,32.35458,344.21,0.39,0.36,"2026-09-20",1045,"N20","nominal","2.0NRT",302.59,18.88,"D"
"2204",47.1974,33.42944,347.02,0.4,0.37,"2026-09-20",1045,"N20","nominal","2.0NRT",310.07,5.88,"D"
"2205",47.04296,32.35354,336.48,0.39,0.36,"2026-09-20",1045,"N20","nominal","2.0NRT",302.08,18.88,"D"
"2206",47.22188,33.55695,338.28,0.4,0.37,"2026-09-20",1045,"N20","nominal","2.0NRT",309.22,3.11,"D"
"2207",48.12664,43.11172,333.81,0.61,0.54,"2026-09-20",1045,"N20","nominal","2.0NRT",299.49,7.91,"D"
"2208",47.22471,33.50212,334.55,0.4,0.37,"2026-09-20",1045,"N20","low","2.0NRT",306.04,1.86,"D"
"2209",47.23207,33.50533,342.4,0.4,0.37,"2026-09-20",1045,"N20","nominal","2.0NRT",312.25,20.07,"D"
"2210",47.35079,34.20455,333.31,0.41,0.37,"2026-09-20",1045,"N20","low","2.0NRT",304.9,2.2,"D"
"2211",47.35488,34.20897,336.42,0.41,0.37,"2026-09-20",1045,"N20","low","2.0NRT",308.85,7.04,"D"
"2212",47.43211,34.69465,333.1,0.42,0.38,"2026-09-20",1045,"N20","low","2.0NRT",305.31,1.61,"D"
"2213",47.43409,34.69144,339.97,0.42,0.38,"2026-09-20",1045,"N20","nominal","2.0NRT",306.72,3.75,"D"
"2214",47.58156,35.76877,341.32,0.45,0.39,"2026-09-20",1045,"N20","nominal","2.0NRT",305.59,8.4,"D"
"2215",47.59618,35.83228,333.03,0.45,0.39,"2026-09-20",1045,"N20","nominal","2.0NRT",303.9,1.59,"D"
"2216",47.43079,34.44264,346.75,0.41,0.37,"2026-09-20",1045,"N20","nominal","2.0NRT",305.83,5.67,"D"
"2217",47.61393,35.82788,339.95,0.45,0.39,"2026-09-20",1045,"N20","nominal","2.0NRT",307.65,25.43,"D"
"2218",47.58781,35.4817,334.25,0.44,0.38,"2026-09-20",1045,"N20","low","2.0NRT",309.1,1.76,"D"
"2219",47.49264,34.43108,338.08,0.41,0.37,"2026-09-20",1045,"N20","nominal","2.0NRT",302.26,3.05,"D"
"2220",47.65811,35.676,338.05,0.45,0.39,"2026-09-20",1045,"N20","nominal","2.0NRT",306.92,19.63,"D"
"2221",47.66447,35.66827,341.16,0.45,0.39,"2026-09-20",1045,"N20","nominal","2.0NRT",303.68,66.25,"D"
"2222",47.66244,35.66075,337.41,0.45,0.39,"2026-09-20",1045,"N20","nominal","2.0NRT",303.33,19.89,"D"
"2223",47.64877,35.51202,342.72,0.44,0.39,"2026-09-20",1045,"N20","nominal","2.0NRT",309.52,50.44,"D"
"2224",47.69635,35.86082,347.45,0.45,0.39,"2026-09-20",1045,"N20","nominal","2.0NRT",307.07,5.94,"D"
"2225",47.24365,32.39425,332.37,0.39,0.36,"2026-09-20",1045,"N20","nominal","2.0NRT",305.93,3.01,"D"
"2226",47.8945,37.66273,334.37,0.53,0.42,"2026-09-20",1045,"N20","low","2.0NRT",306.89,4.7,"D"
"2227",47.89833,37.66191,332.7,0.53,0.42,"2026-09-20",1045,"N20","low","2.0NRT",306.27,4.7,"D"
"2228",47.89764,37.65488,338.88,0.53,0.42,"2026-09-20",1045,"N20","nominal","2.0NRT",306.61,4.7,"D"
"2229",47.70979,35.63028,332.01,0.45,0.39,"2026-09-20",1045,"N20","low","2.0NRT",306.18,2.81,"D"
"2230",47.65269,35.12348,353.08,0.43,0.38,"2026-09-20",1045,"N20","nominal","2.0NRT",311.64,13.24,"D"
"2231",47.82053,36.17513,335.58,0.46,0.39,"2026-09-20",1045,"N20","nominal","2.0NRT",304.53,5.93,"D"
"2232",47.82412,36.17421,335.67,0.46,0.39,"2026-09-20",1045,"N20","nominal","2.0NRT",303.24,5.93,"D"
"2233",47.75071,35.51624,339.34,0.44,0.39,"2026-09-20",1045,"N20","nominal","2.0NRT",305.69,13.57,"D"
"2234",47.75353,35.50951,339.7,0.44,0.39,"2026-09-20",1045,"N20","low","2.0NRT",310.53,13.57,"D"
"2235",47.75003,35.51503,345.84,0.44,0.39,"2026-09-20",1045,"N20","nominal","2.0NRT",304.89,11.74,"D"
"2236",47.75286,35.50829,341.18,0.44,0.39,"2026-09-20",1045,"N20","nominal","2.0NRT",307.71,21.23,"D"
"2237",47.75499,35.49549,343.21,0.44,0.39,"2026-09-20",1045,"N20","nominal","2.0NRT",304.93,11.35,"D"
"2238",47.75989,35.50643,343.55,0.44,0.39,"2026-09-20",1045,"N20","nominal","2.0NRT",305.74,11.94,"D"
"2239",47.66522,34.72149,341.13,0.42,0.38,"2026-09-20",1045,"N20","nominal","2.0NRT",305.09,4.9,"D"
"2240",47.8191,35.99095,330.63,0.46,0.39,"2026-09-20",1045,"N20","nominal","2.0NRT",302.7,2.31,"D"
"2241",46.90165,29.49211,346.8,0.4,0.37,"2026-09-20",1045,"N20","nominal","2.0NRT",306.43,6.8,"D"
"2242",47.80882,35.67677,333.57,0.45,0.39,"2026-09-20",1045,"N20","nominal","2.0NRT",305.68,2.55,"D"
"2243",48.47557,44.16034,367,0.34,0.56,"2026-09-20",1045,"N20","high","2.0NRT",301.55,24.39,"D"
"2244",47.81305,35.68182,337.69,0.45,0.39,"2026-09-20",1045,"N20","nominal","2.0NRT",306.61,4.27,"D"
"2245",47.81235,35.67585,333.63,0.45,0.39,"2026-09-20",1045,"N20","nominal","2.0NRT",308.2,3.45,"D"
"2246",48.47576,44.16509,356.42,0.34,0.56,"2026-09-20",1045,"N20","low","2.0NRT",296.25,24.49,"D"
"2247",48.48079,44.15993,367,0.34,0.56,"2026-09-20",1045,"N20","high","2.0NRT",294.59,24.39,"D"
"2248",48.48157,44.17897,332.75,0.35,0.56,"2026-09-20",1045,"N20","nominal","2.0NRT",297,4.74,"D"
"2249",48.4806,44.15519,350.68,0.34,0.56,"2026-09-20",1045,"N20","nominal","2.0NRT",306.02,24.39,"D"
"2250",47.85547,36.01963,338.21,0.46,0.39,"2026-09-20",1045,"N20","nominal","2.0NRT",304.04,3.84,"D"
"2251",47.81658,35.68087,343.92,0.45,0.39,"2026-09-20",1045,"N20","nominal","2.0NRT",307.1,4.27,"D"
"2252",47.81588,35.6749,344.16,0.45,0.39,"2026-09-20",1045,"N20","nominal","2.0NRT",308.15,3.45,"D"
"2253",47.82914,35.75771,337.81,0.45,0.39,"2026-09-20",1045,"N20","nominal","2.0NRT",305.39,5.21,"D"
"2254",47.82081,35.68591,339.55,0.45,0.39,"2026-09-20",1045,"N20","nominal","2.0NRT",307.72,6.91,"D"
"2255",48.41486,42.57904,346.66,0.58,0.52,"2026-09-20",1045,"N20","nominal","2.0NRT",302.82,6.82,"D"
"2256",47.85013,35.90815,343.68,0.46,0.39,"2026-09-20",1045,"N20","nominal","2.0NRT",299.88,5.73,"D"
"2257",47.83908,35.74895,331.52,0.45,0.39,"2026-09-20",1045,"N20","nominal","2.0NRT",304.64,1.57,"D"
"2258",48.41034,42.16436,342.93,0.56,0.51,"2026-09-20",1045,"N20","nominal","2.0NRT",303.96,9.5,"D"
"2259",47.70956,34.62299,343.28,0.42,0.38,"2026-09-20",1045,"N20","nominal","2.0NRT",307.96,5.76,"D"
"2260",47.70885,34.61743,335.5,0.42,0.38,"2026-09-20",1045,"N20","nominal","2.0NRT",307.36,5.76,"D"
"2261",48.03566,37.45331,331.32,0.52,0.41,"2026-09-20",1045,"N20","low","2.0NRT",304.51,5.42,"D"
"2262",47.71298,34.62203,336.31,0.42,0.38,"2026-09-20",1045,"N20","nominal","2.0NRT",304.23,5.11,"D"
"2263",47.71227,34.61647,332.39,0.42,0.38,"2026-09-20",1045,"N20","low","2.0NRT",306.02,5.11,"D"
"2264",48.04707,37.45087,347.91,0.52,0.41,"2026-09-20",1045,"N20","nominal","2.0NRT",310.89,25.04,"D"
"2265",46.5596,27.35917,337.53,0.46,0.39,"2026-09-20",1045,"N20","nominal","2.0NRT",300.3,6.96,"D"
"2266",47.9902,36.8341,331.3,0.49,0.4,"2026-09-20",1045,"N20","low","2.0NRT",305.13,4.58,"D"
"2267",47.98949,36.82751,345.58,0.49,0.4,"2026-09-20",1045,"N20","nominal","2.0NRT",306.35,8.92,"D"
"2268",48.14268,38.21893,331.91,0.56,0.43,"2026-09-20",1045,"N20","low","2.0NRT",305.21,6.45,"D"
"2269",48.07579,37.46579,338.77,0.52,0.41,"2026-09-20",1045,"N20","nominal","2.0NRT",301.54,19.88,"D"
"2270",48.14148,38.21869,331.27,0.56,0.43,"2026-09-20",1045,"N20","low","2.0NRT",305.44,3.05,"D"
"2271",48.07489,37.47218,348.58,0.52,0.42,"2026-09-20",1045,"N20","nominal","2.0NRT",299.89,6.35,"D"
"2272",47.89139,35.67829,345.83,0.45,0.39,"2026-09-20",1045,"N20","nominal","2.0NRT",304.89,7.62,"D"
"2273",47.86955,35.36674,342.69,0.44,0.38,"2026-09-20",1045,"N20","nominal","2.0NRT",307.3,8.14,"D"
"2274",48.41811,41.34152,341.11,0.51,0.49,"2026-09-20",1045,"N20","nominal","2.0NRT",302.53,7.65,"D"
"2275",48.41766,41.33456,342.06,0.51,0.49,"2026-09-20",1045,"N20","nominal","2.0NRT",304.42,8.77,"D"
"2276",48.09304,35.95137,354.87,0.46,0.39,"2026-09-20",1045,"N20","nominal","2.0NRT",308.9,10.3,"D"
"2277",48.12134,36.13568,344.36,0.47,0.39,"2026-09-20",1045,"N20","nominal","2.0NRT",306.83,5.3,"D"
"2278",48.12495,36.13477,338.58,0.47,0.39,"2026-09-20",1045,"N20","nominal","2.0NRT",307.27,12.3,"D"
"2279",48.1714,36.38307,332.84,0.48,0.4,"2026-09-20",1045,"N20","nominal","2.0NRT",300.99,5.98,"D"
"2280",48.12386,35.9628,342.33,0.46,0.39,"2026-09-20",1045,"N20","nominal","2.0NRT",305.6,4.2,"D"
"2281",48.12314,35.95659,336.84,0.46,0.39,"2026-09-20",1045,"N20","nominal","2.0NRT",304.59,3.25,"D"
"2282",48.12887,35.97432,346.45,0.46,0.39,"2026-09-20",1045,"N20","nominal","2.0NRT",305.83,4.84,"D"
"2283",48.12744,35.96191,343.4,0.46,0.39,"2026-09-20",1045,"N20","nominal","2.0NRT",305.07,4.72,"D"
"2284",48.17033,36.38076,340.43,0.48,0.4,"2026-09-20",1045,"N20","nominal","2.0NRT",302.21,6.18,"D"
"2285",48.1244,35.95991,345.53,0.46,0.39,"2026-09-20",1045,"N20","nominal","2.0NRT",305.22,7.68,"D"
"2286",48.13006,35.97768,334.82,0.46,0.39,"2026-09-20",1045,"N20","nominal","2.0NRT",303.34,2.65,"D"
"2287",48.12937,35.97145,333.94,0.46,0.39,"2026-09-20",1045,"N20","nominal","2.0NRT",303.85,6.29,"D"
"2288",48.14138,36.0131,335.46,0.46,0.39,"2026-09-20",1045,"N20","low","2.0NRT",307.57,5.16,"D"
"2289",48.16962,35.93573,334.79,0.46,0.39,"2026-09-20",1045,"N20","nominal","2.0NRT",306.44,4.73,"D"
"2290",48.09983,35.24131,334.71,0.44,0.38,"2026-09-20",1045,"N20","low","2.0NRT",304.83,4.33,"D"
"2291",48.38673,37.626,334.54,0.53,0.42,"2026-09-20",1045,"N20","nominal","2.0NRT",299.63,2.21,"D"
"2292",48.85258,44.01586,345.68,0.34,0.56,"2026-09-20",1045,"N20","nominal","2.0NRT",301.97,3.42,"D"
"2293",48.85238,44.01113,331.09,0.34,0.56,"2026-09-20",1045,"N20","low","2.0NRT",301.71,3.42,"D"
"2294",48.20842,35.85604,332.2,0.46,0.39,"2026-09-20",1045,"N20","low","2.0NRT",305.6,3.98,"D"
"2295",47.46713,30.52807,354.07,0.39,0.36,"2026-09-20",1045,"N20","nominal","2.0NRT",304.61,6.85,"D"
"2296",47.4663,30.52301,331.09,0.39,0.36,"2026-09-20",1045,"N20","low","2.0NRT",304,6.85,"D"
"2297",48.46244,38.24412,334.05,0.56,0.43,"2026-09-20",1045,"N20","nominal","2.0NRT",303.83,13.33,"D"
"2298",47.47039,30.52691,349.51,0.39,0.36,"2026-09-20",1045,"N20","nominal","2.0NRT",301.65,6.85,"D"
"2299",47.46956,30.52184,332.21,0.39,0.36,"2026-09-20",1045,"N20","low","2.0NRT",302.95,6.85,"D"
"2300",48.46096,38.24496,336.88,0.56,0.43,"2026-09-20",1045,"N20","nominal","2.0NRT",301.32,9.25,"D"
"2301",48.85327,44.01353,338.46,0.34,0.56,"2026-09-20",1045,"N20","nominal","2.0NRT",301.71,6.18,"D"
"2302",48.3181,36.23275,335.5,0.47,0.4,"2026-09-20",1045,"N20","low","2.0NRT",307.38,4.28,"D"
"2303",48.32173,36.23188,334.88,0.47,0.4,"2026-09-20",1045,"N20","low","2.0NRT",306.78,6.21,"D"
"2304",48.54324,37.96659,351.19,0.55,0.43,"2026-09-20",1045,"N20","nominal","2.0NRT",297.63,12.03,"D"
"2305",48.54268,37.96623,351.1,0.55,0.43,"2026-09-20",1045,"N20","nominal","2.0NRT",297.8,13.33,"D"
"2306",48.21916,34.8817,337.25,0.43,0.38,"2026-09-20",1045,"N20","nominal","2.0NRT",304.57,4.02,"D"
"2307",48.5507,37.58984,333.92,0.53,0.42,"2026-09-20",1045,"N20","nominal","2.0NRT",302.08,7.26,"D"
"2308",48.42017,36.3181,348.43,0.48,0.4,"2026-09-20",1045,"N20","nominal","2.0NRT",307.59,7.69,"D"
"2309",48.42381,36.31712,342.83,0.48,0.4,"2026-09-20",1045,"N20","nominal","2.0NRT",306.2,7.11,"D"
"2310",48.34012,35.38229,333.29,0.44,0.39,"2026-09-20",1045,"N20","nominal","2.0NRT",299.49,1.55,"D"
"2311",48.6305,38.00941,330.71,0.55,0.43,"2026-09-20",1045,"N20","low","2.0NRT",304.64,3.73,"D"
"2312",47.90344,31.79805,334.32,0.38,0.36,"2026-09-20",1045,"N20","nominal","2.0NRT",298.51,3,"D"
"2313",48.22771,33.72845,336.56,0.41,0.37,"2026-09-20",1045,"N20","nominal","2.0NRT",303.61,3.66,"D"
"2314",48.6703,37.395,342.64,0.52,0.42,"2026-09-20",1045,"N20","nominal","2.0NRT",300.65,9.51,"D"
"2315",48.68035,37.37837,333.68,0.52,0.42,"2026-09-20",1045,"N20","nominal","2.0NRT",300.27,7.52,"D"
"2316",48.69897,37.44732,355.82,0.53,0.42,"2026-09-20",1045,"N20","nominal","2.0NRT",304.21,16.58,"D"
"2317",48.63034,36.78027,334.28,0.5,0.41,"2026-09-20",1045,"N20","nominal","2.0NRT",303.62,6.14,"D"
"2318",48.62963,36.77362,340.17,0.5,0.41,"2026-09-20",1045,"N20","nominal","2.0NRT",304.09,6.14,"D"
"2319",48.76309,37.98132,345.79,0.55,0.43,"2026-09-20",1045,"N20","nominal","2.0NRT",302.19,7.06,"D"
"2320",48.767,37.98038,342.23,0.55,0.43,"2026-09-20",1045,"N20","nominal","2.0NRT",303.38,7.06,"D"
"2321",48.76608,37.98016,346.32,0.55,0.43,"2026-09-20",1045,"N20","nominal","2.0NRT",304.6,14.05,"D"
"2322",47.81697,30.39838,344.79,0.39,0.36,"2026-09-20",1045,"N20","nominal","2.0NRT",300.02,7.01,"D"
"2323",48.79113,37.90543,339.58,0.55,0.43,"2026-09-20",1045,"N20","nominal","2.0NRT",307.67,23.62,"D"
"2324",48.85708,38.05449,337.78,0.56,0.43,"2026-09-20",1045,"N20","nominal","2.0NRT",303.16,3.96,"D"
"2325",48.88443,37.6728,334.73,0.54,0.42,"2026-09-20",1045,"N20","nominal","2.0NRT",303.88,5.75,"D"
"2326",48.9397,38.00582,343.6,0.56,0.43,"2026-09-20",1045,"N20","nominal","2.0NRT",298.4,4.99,"D"
"2327",48.96233,37.82298,337.98,0.55,0.43,"2026-09-20",1045,"N20","nominal","2.0NRT",299.35,4,"D"
"2328",48.96185,37.8226,337.55,0.55,0.43,"2026-09-20",1045,"N20","nominal","2.0NRT",299.14,5.75,"D"
"2329",49.02659,38.41247,340.57,0.39,0.44,"2026-09-20",1045,"N20","nominal","2.0NRT",303.03,6.35,"D"
"2330",49.01641,38.1143,332.14,0.56,0.43,"2026-09-20",1045,"N20","nominal","2.0NRT",301.28,5.89,"D"
"2331",49.02037,38.11347,334.08,0.56,0.43,"2026-09-20",1045,"N20","nominal","2.0NRT",301.58,5.89,"D"
"2332",48.87956,36.55152,339.35,0.49,0.4,"2026-09-20",1045,"N20","nominal","2.0NRT",305.12,11.33,"D"
"2333",49.0197,37.80246,333.93,0.55,0.43,"2026-09-20",1045,"N20","nominal","2.0NRT",302.1,4.24,"D"
"2334",49.06622,37.83058,332.28,0.55,0.43,"2026-09-20",1045,"N20","nominal","2.0NRT",299.36,3.05,"D"
"2335",49.20243,37.76296,346.7,0.55,0.43,"2026-09-20",1045,"N20","nominal","2.0NRT",302.43,17.29,"D"
"2336",48.14884,29.60133,331.58,0.39,0.36,"2026-09-20",1045,"N20","nominal","2.0NRT",299.54,1.44,"D"
"2337",49.21768,37.71317,332.66,0.55,0.42,"2026-09-20",1045,"N20","nominal","2.0NRT",298.18,4.82,"D"
"2338",49.09843,36.26503,343.6,0.48,0.4,"2026-09-20",1045,"N20","nominal","2.0NRT",301.12,4.67,"D"
"2339",49.20582,36.99463,349.96,0.51,0.41,"2026-09-20",1045,"N20","nominal","2.0NRT",302.38,12.28,"D"
"2340",49.21033,37.00079,331.3,0.51,0.41,"2026-09-20",1045,"N20","nominal","2.0NRT",296.56,15.47,"D"
"2341",49.2096,36.99373,354.05,0.51,0.41,"2026-09-20",1045,"N20","nominal","2.0NRT",305.91,15.47,"D"
"2342",49.205,36.99469,343.88,0.51,0.41,"2026-09-20",1045,"N20","nominal","2.0NRT",301.71,6.57,"D"
"2343",49.20431,36.98763,330.76,0.51,0.41,"2026-09-20",1045,"N20","nominal","2.0NRT",296.71,6.57,"D"
"2344",49.20947,37.00087,330.85,0.51,0.41,"2026-09-20",1045,"N20","nominal","2.0NRT",296.43,6.97,"D"
"2345",49.20878,36.9938,353.61,0.51,0.41,"2026-09-20",1045,"N20","nominal","2.0NRT",307.12,35.01,"D"
"2346",48.74195,32.53295,332.82,0.39,0.36,"2026-09-20",1045,"N20","nominal","2.0NRT",296.54,2.41,"D"
"2347",49.37672,37.2162,330.89,0.53,0.42,"2026-09-20",1045,"N20","nominal","2.0NRT",296.96,4.41,"D"
"2348",49.376,37.20893,330.32,0.53,0.42,"2026-09-20",1045,"N20","nominal","2.0NRT",299.56,3.5,"D"
"2349",49.89005,45.61951,337.68,0.41,0.61,"2026-09-20",1045,"N20","nominal","2.0NRT",298.03,3.42,"D"
"2350",49.47722,38.25522,335.99,0.39,0.44,"2026-09-20",1045,"N20","nominal","2.0NRT",298.51,3.33,"D"
"2351",48.4582,29.92411,332.98,0.39,0.36,"2026-09-20",1045,"N20","nominal","2.0NRT",300.88,1.36,"D"
"2352",50.62812,48.43141,342.28,0.55,0.68,"2026-09-20",1045,"N20","nominal","2.0NRT",298.8,7.19,"D"
"2353",49.31243,30.97315,330.67,0.38,0.36,"2026-09-20",1045,"N20","nominal","2.0NRT",296.33,1.23,"D"
"2354",50.63009,48.43301,342.85,0.55,0.68,"2026-09-20",1045,"N20","nominal","2.0NRT",298.76,5.86,"D"
"2355",50.69985,48.21222,353.55,0.54,0.68,"2026-09-20",1045,"N20","nominal","2.0NRT",299.49,11.17,"D"
"2356",50.69617,48.21105,351.53,0.54,0.68,"2026-09-20",1045,"N20","nominal","2.0NRT",299.89,10.04,"D"
"2357",50.78029,45.68524,331.21,0.42,0.61,"2026-09-20",1045,"N20","nominal","2.0NRT",299.46,3.51,"D"
"2358",50.9976,48.58168,367,0.56,0.69,"2026-09-20",1045,"N20","high","2.0NRT",297.9,13.31,"D"
"2359",51.00436,48.28346,336.32,0.55,0.68,"2026-09-20",1045,"N20","nominal","2.0NRT",295.89,3.98,"D"
"2360",49.46741,29.21661,340.7,0.39,0.36,"2026-09-20",1045,"N20","nominal","2.0NRT",299.03,3.19,"D"
"2361",50.40708,35.65141,336.38,0.48,0.4,"2026-09-20",1045,"N20","nominal","2.0NRT",298,26.8,"D"
"2362",51.07868,50.88986,345.14,0.71,0.75,"2026-09-20",1045,"N20","nominal","2.0NRT",292.62,7.04,"D"
"2363",51.07631,50.89138,340.89,0.71,0.75,"2026-09-20",1045,"N20","nominal","2.0NRT",292.57,8.26,"D"
"2364",50.45517,34.11802,329.72,0.43,0.38,"2026-09-20",1045,"N20","nominal","2.0NRT",293.93,1.69,"D"
"2365",50.62238,35.44161,332.35,0.47,0.4,"2026-09-20",1045,"N20","nominal","2.0NRT",295.77,9.02,"D"
"2366",50.626,35.44065,333.52,0.47,0.4,"2026-09-20",1045,"N20","nominal","2.0NRT",293.2,9.02,"D"
"2367",50.62528,35.43404,328.7,0.47,0.4,"2026-09-20",1045,"N20","nominal","2.0NRT",292.13,9.04,"D"
"2368",51.37728,43.85031,367,0.35,0.57,"2026-09-20",1045,"N20","high","2.0NRT",293.63,8.66,"D"
"2369",51.37708,43.8452,327.52,0.35,0.57,"2026-09-20",1045,"N20","nominal","2.0NRT",293.97,4.78,"D"
"2370",51.37677,43.85108,367,0.35,0.57,"2026-09-20",1045,"N20","high","2.0NRT",292.48,6.51,"D"
"2371",51.37661,43.84596,341.27,0.35,0.57,"2026-09-20",1045,"N20","nominal","2.0NRT",294.21,5.41,"D"
"2372",51.38186,43.84558,339.18,0.35,0.57,"2026-09-20",1045,"N20","nominal","2.0NRT",293.81,2.79,"D"
"2373",51.13928,37.93113,348.3,0.39,0.44,"2026-09-20",1045,"N20","nominal","2.0NRT",297.54,10.35,"D"
"2374",51.12355,37.74699,335.69,0.38,0.44,"2026-09-20",1045,"N20","nominal","2.0NRT",294.32,2.32,"D"
"2375",50.5908,31.85162,326.81,0.39,0.36,"2026-09-20",1045,"N20","nominal","2.0NRT",294.05,1.44,"D"
"2376",51.07224,35.26832,326.46,0.47,0.4,"2026-09-20",1045,"N20","nominal","2.0NRT",294.68,2.04,"D"
"2377",51.07177,35.26727,328.9,0.47,0.4,"2026-09-20",1045,"N20","nominal","2.0NRT",294.15,4.03,"D"
"2378",51.18215,34.68576,332.15,0.45,0.39,"2026-09-20",1045,"N20","nominal","2.0NRT",294.9,5.18,"D"
"2379",51.1857,34.68473,329.92,0.45,0.39,"2026-09-20",1045,"N20","nominal","2.0NRT",293.98,2.47,"D"
"2380",51.18497,34.67826,330.4,0.45,0.39,"2026-09-20",1045,"N20","nominal","2.0NRT",294.47,2.3,"D"
"2381",51.41255,34.37557,329.52,0.45,0.39,"2026-09-20",1045,"N20","nominal","2.0NRT",292.35,4.35,"D"
"2382",52.53216,39.62991,339.2,0.47,0.48,"2026-09-20",1047,"N20","nominal","2.0NRT",298.87,10.48,"D"
"2383",51.26841,28.69779,345.42,0.39,0.36,"2026-09-20",1047,"N20","nominal","2.0NRT",294.85,5.98,"D"
"2384",52.5315,39.63591,328.01,0.47,0.48,"2026-09-20",1047,"N20","nominal","2.0NRT",293.44,5.66,"D"
"2385",52.53104,39.62886,326.61,0.47,0.48,"2026-09-20",1047,"N20","nominal","2.0NRT",295.92,3.44,"D"
"2386",52.54938,39.56872,334.95,0.47,0.48,"2026-09-20",1047,"N20","nominal","2.0NRT",293.5,3.41,"D"
"2387",52.55866,39.57431,326.42,0.47,0.48,"2026-09-20",1047,"N20","low","2.0NRT",297.31,3.51,"D"
"2388",52.16677,31.86717,329.7,0.4,0.37,"2026-09-20",1047,"N20","nominal","2.0NRT",293.46,2.48,"D"
"2389",51.89351,29.34116,337.68,0.38,0.36,"2026-09-20",1047,"N20","nominal","2.0NRT",296.03,8.06,"D"
"2390",52.35038,32.29672,325.85,0.41,0.37,"2026-09-20",1047,"N20","nominal","2.0NRT",294.84,2.07,"D"
"2391",52.62228,32.19827,355.35,0.41,0.37,"2026-09-20",1047,"N20","nominal","2.0NRT",290.78,10.63,"D"
"2392",53.73595,40.75928,330.32,0.54,0.51,"2026-09-20",1047,"N20","nominal","2.0NRT",295.27,3.85,"D"
"2393",53.74065,40.75863,331.27,0.54,0.51,"2026-09-20",1047,"N20","nominal","2.0NRT",294.41,3.85,"D"
"2394",52.84523,29.99008,340.02,0.39,0.36,"2026-09-20",1047,"N20","nominal","2.0NRT",296.53,5.64,"D"
"2395",53.97089,31.59075,331.97,0.41,0.37,"2026-09-20",1047,"N20","nominal","2.0NRT",290.71,5.17,"D"
"2396",9.02304,40.18317,341.64,0.43,0.38,"2026-09-20",1036,"N20","nominal","2.0NRT",307.34,3.76,"D"
"2397",9.03808,38.63482,328.29,0.51,0.41,"2026-09-20",1036,"N20","low","2.0NRT",300.12,7.87,"D"
"2398",9.26994,39.98826,334.76,0.43,0.38,"2026-09-20",1036,"N20","low","2.0NRT",306.86,3.14,"D"
"2399",10.22096,44.82431,341.52,0.44,0.38,"2026-09-20",1036,"N20","nominal","2.0NRT",308.08,2.8,"D"
"2400",9.08136,36.56308,327.75,0.45,0.47,"2026-09-20",1036,"N20","low","2.0NRT",299,4.16,"D"
"2401",10.0455,40.54206,345.22,0.41,0.37,"2026-09-20",1036,"N20","low","2.0NRT",304.26,18.75,"D"
"2402",9.26108,33.06552,334.69,0.38,0.59,"2026-09-20",1036,"N20","nominal","2.0NRT",296.04,5.93,"D"
"2403",9.69484,34.1893,328.82,0.63,0.54,"2026-09-20",1036,"N20","nominal","2.0NRT",296.82,3.31,"D"
"2404",9.16664,31.14658,339.38,0.52,0.67,"2026-09-20",1036,"N20","nominal","2.0NRT",290.21,9.86,"D"
"2405",9.17356,31.1501,344.75,0.52,0.67,"2026-09-20",1036,"N20","nominal","2.0NRT",289.4,10.24,"D"
"2406",9.16113,31.14696,334.96,0.52,0.67,"2026-09-20",1036,"N20","nominal","2.0NRT",290.05,10.76,"D"
"2407",9.17415,31.14937,342.43,0.52,0.67,"2026-09-20",1036,"N20","nominal","2.0NRT",289.26,5.08,"D"
"2408",9.18893,31.16105,347.34,0.52,0.67,"2026-09-20",1036,"N20","nominal","2.0NRT",290.36,10.61,"D"
"2409",9.22182,31.16922,334.82,0.52,0.67,"2026-09-20",1036,"N20","nominal","2.0NRT",289.62,4.89,"D"
"2410",9.34807,31.29975,328.96,0.51,0.66,"2026-09-20",1036,"N20","nominal","2.0NRT",292.77,6.49,"D"
"2411",11.51516,43.09941,341.04,0.39,0.36,"2026-09-20",1036,"N20","low","2.0NRT",311.52,11.89,"D"
"2412",10.06922,34.22758,329.29,0.62,0.54,"2026-09-20",1036,"N20","nominal","2.0NRT",297.93,4.89,"D"
"2413",11.3092,41.46915,344.65,0.39,0.36,"2026-09-20",1036,"N20","low","2.0NRT",314.84,7.07,"D"
"2414",11.31304,41.47214,347.3,0.39,0.36,"2026-09-20",1036,"N20","nominal","2.0NRT",313.67,19.77,"D"
"2415",11.3125,41.46863,347.37,0.39,0.36,"2026-09-20",1036,"N20","nominal","2.0NRT",314.65,7.07,"D"
"2416",9.253,29.50475,350.7,0.67,0.74,"2026-09-20",1036,"N20","nominal","2.0NRT",288.84,14.8,"D"
"2417",9.40527,30.15954,328.82,0.61,0.71,"2026-09-20",1036,"N20","nominal","2.0NRT",290.98,7.14,"D"
"2418",9.40656,30.13122,327.8,0.61,0.71,"2026-09-20",1036,"N20","nominal","2.0NRT",290.8,17.79,"D"
"2419",9.40554,30.1258,328.27,0.61,0.71,"2026-09-20",1036,"N20","nominal","2.0NRT",290.65,17.79,"D"
"2420",9.41196,30.12454,367,0.61,0.71,"2026-09-20",1036,"N20","high","2.0NRT",292.05,17.79,"D"
"2421",9.25573,29.50262,340.57,0.67,0.74,"2026-09-20",1036,"N20","nominal","2.0NRT",288.25,8.03,"D"
"2422",9.40681,30.16277,329.04,0.6,0.71,"2026-09-20",1036,"N20","nominal","2.0NRT",290.78,6.14,"D"
"2423",9.40687,30.12916,328.01,0.61,0.71,"2026-09-20",1036,"N20","nominal","2.0NRT",290.89,15.81,"D"
"2424",9.74253,31.83518,336.32,0.46,0.63,"2026-09-20",1036,"N20","nominal","2.0NRT",292.67,2.41,"D"
"2425",9.41329,30.12793,333.58,0.61,0.71,"2026-09-20",1036,"N20","nominal","2.0NRT",290.69,15.81,"D"
"2426",9.41223,30.1225,350.71,0.61,0.71,"2026-09-20",1036,"N20","nominal","2.0NRT",291.97,47.97,"D"
"2427",9.41971,30.12671,367,0.61,0.71,"2026-09-20",1036,"N20","high","2.0NRT",291.07,39.13,"D"
"2428",9.41865,30.12128,351.73,0.61,0.71,"2026-09-20",1036,"N20","nominal","2.0NRT",291.58,31.44,"D"
"2429",9.3422,29.59074,329.89,0.66,0.73,"2026-09-20",1036,"N20","nominal","2.0NRT",288.86,5.54,"D"
"2430",9.41309,29.6378,328.87,0.66,0.73,"2026-09-20",1036,"N20","nominal","2.0NRT",289.55,8.4,"D"
"2431",9.41197,29.63194,335.09,0.66,0.73,"2026-09-20",1036,"N20","nominal","2.0NRT",289.03,12.84,"D"
"2432",9.41032,29.635,349.67,0.66,0.73,"2026-09-20",1036,"N20","nominal","2.0NRT",289.27,11.82,"D"
"2433",10.02202,32.10814,330.92,0.43,0.62,"2026-09-20",1036,"N20","nominal","2.0NRT",295.11,2.75,"D"
"2434",10.08086,32.04848,335.89,0.44,0.62,"2026-09-20",1036,"N20","nominal","2.0NRT",296.09,3.56,"D"
"2435",10.09081,32.07084,331.28,0.44,0.62,"2026-09-20",1036,"N20","nominal","2.0NRT",296.82,2.67,"D"
"2436",10.19324,32.59996,342.79,0.4,0.6,"2026-09-20",1036,"N20","nominal","2.0NRT",296.41,5.54,"D"
"2437",10.19259,32.59638,340.73,0.4,0.6,"2026-09-20",1036,"N20","nominal","2.0NRT",298.56,5.54,"D"
"2438",10.19404,32.59653,352.06,0.4,0.6,"2026-09-20",1036,"N20","nominal","2.0NRT",298.59,9.76,"D"
"2439",10.13296,32.18382,347.14,0.43,0.62,"2026-09-20",1036,"N20","nominal","2.0NRT",295.78,6.19,"D"
"2440",10.13782,32.17894,337.51,0.43,0.62,"2026-09-20",1036,"N20","nominal","2.0NRT",295.99,6.17,"D"
"2441",10.14426,32.09002,335.8,0.43,0.62,"2026-09-20",1036,"N20","nominal","2.0NRT",295.89,2.77,"D"
"2442",10.22563,32.43335,342.75,0.41,0.61,"2026-09-20",1036,"N20","nominal","2.0NRT",294.44,6.52,"D"
"2443",10.23112,32.43229,367,0.41,0.61,"2026-09-20",1036,"N20","high","2.0NRT",295.13,19.21,"D"
"2444",10.23044,32.42862,343.02,0.41,0.61,"2026-09-20",1036,"N20","nominal","2.0NRT",294.04,11.72,"D"
"2445",10.21507,32.19978,335.63,0.42,0.61,"2026-09-20",1036,"N20","nominal","2.0NRT",295.52,2.97,"D"
"2446",10.24108,32.12374,330.73,0.43,0.62,"2026-09-20",1036,"N20","nominal","2.0NRT",295.5,3.23,"D"
"2447",10.26726,32.04669,367,0.43,0.62,"2026-09-20",1036,"N20","high","2.0NRT",294.71,10.46,"D"
"2448",11.75011,32.95228,330.83,0.35,0.57,"2026-09-20",1036,"N20","low","2.0NRT",300.96,7.36,"D"
"2449",15.8504,48.40595,346.94,0.55,0.51,"2026-09-20",1036,"N20","nominal","2.0NRT",317.87,10.86,"D"
"2450",15.14353,32.16484,367,0.35,0.56,"2026-09-20",1038,"N20","high","2.0NRT",304.43,4.29,"D"
"2451",15.14414,32.16798,338.83,0.35,0.56,"2026-09-20",1038,"N20","nominal","2.0NRT",302.71,4.29,"D"
"2452",21.16242,39.5224,339.81,0.38,0.36,"2026-09-20",1038,"N20","low","2.0NRT",311.59,22.85,"D"
"2453",21.23127,39.19723,340.16,0.39,0.36,"2026-09-20",1038,"N20","low","2.0NRT",313.85,9.95,"D"
"2454",23.05057,47.23661,355.04,0.57,0.52,"2026-09-20",1038,"N20","nominal","2.0NRT",321.31,17.38,"D"
"2455",23.85132,53.65442,350.47,0.75,0.77,"2026-09-20",1038,"N20","nominal","2.0NRT",312.74,5.44,"D"
"2456",23.8553,53.65308,339.85,0.75,0.77,"2026-09-20",1038,"N20","low","2.0NRT",311.84,3.23,"D"
"2457",22.67802,39.0315,339.7,0.38,0.36,"2026-09-20",1038,"N20","low","2.0NRT",313.73,8.81,"D"
"2458",24.79477,53.73721,338.2,0.77,0.77,"2026-09-20",1041,"N20","nominal","2.0NRT",300.36,15.03,"D"
"2459",24.83282,53.51252,348.67,0.75,0.77,"2026-09-20",1041,"N20","nominal","2.0NRT",300.07,8.69,"D"
"2460",24.8324,53.50501,333.62,0.75,0.77,"2026-09-20",1041,"N20","nominal","2.0NRT",302.1,8.69,"D"
"2461",24.48747,48.36417,347.26,0.35,0.57,"2026-09-20",1041,"N20","low","2.0NRT",321.63,4.37,"D"
"2462",24.90303,53.73883,351.94,0.77,0.77,"2026-09-20",1041,"N20","nominal","2.0NRT",299.6,9.4,"D"
"2463",24.90258,53.73106,333.82,0.77,0.77,"2026-09-20",1041,"N20","nominal","2.0NRT",300.95,9.4,"D"
"2464",24.90565,53.73775,349.17,0.77,0.78,"2026-09-20",1041,"N20","nominal","2.0NRT",299.69,13.46,"D"
"2465",24.90525,53.72997,332.34,0.77,0.77,"2026-09-20",1041,"N20","nominal","2.0NRT",300.27,13.39,"D"
"2466",22.49933,33.63435,349.68,0.41,0.45,"2026-09-20",1041,"N20","low","2.0NRT",320.61,3.83,"D"
"2467",24.527,46.97098,347.19,0.57,0.52,"2026-09-20",1041,"N20","nominal","2.0NRT",320.2,5.51,"D"
"2468",24.92722,51.56684,352.9,0.56,0.69,"2026-09-20",1041,"N20","nominal","2.0NRT",309.92,15.54,"D"
"2469",25.16371,52.87878,339.5,0.69,0.74,"2026-09-20",1041,"N20","nominal","2.0NRT",300.98,30.95,"D"
"2470",25.16328,52.87181,355.94,0.69,0.74,"2026-09-20",1041,"N20","nominal","2.0NRT",302.43,33.05,"D"
"2471",25.1706,52.87845,367,0.69,0.74,"2026-09-20",1041,"N20","high","2.0NRT",301.41,15.94,"D"
"2472",25.17748,52.87804,350.63,0.69,0.74,"2026-09-20",1041,"N20","nominal","2.0NRT",300.1,15.94,"D"
"2473",25.16403,52.8721,367,0.69,0.74,"2026-09-20",1041,"N20","high","2.0NRT",301.12,18.17,"D"
"2474",25.16442,52.87909,332.33,0.69,0.74,"2026-09-20",1041,"N20","nominal","2.0NRT",301.05,18.17,"D"
"2475",25.17131,52.87872,367,0.69,0.74,"2026-09-20",1041,"N20","high","2.0NRT",301.24,18.17,"D"
"2476",25.52781,53.1517,367,0.72,0.75,"2026-09-20",1041,"N20","high","2.0NRT",300.49,15.79,"D"
"2477",25.53482,53.15131,367,0.72,0.75,"2026-09-20",1041,"N20","high","2.0NRT",299.69,15.79,"D"
"2478",25.53363,53.1569,333.66,0.72,0.76,"2026-09-20",1041,"N20","nominal","2.0NRT",299.05,17.2,"D"
"2479",25.53324,53.14962,353.96,0.72,0.76,"2026-09-20",1041,"N20","nominal","2.0NRT",301.92,17.2,"D"
"2480",25.59415,52.54491,347.01,0.66,0.73,"2026-09-20",1041,"N20","nominal","2.0NRT",300.46,8.79,"D"
"2481",25.25427,48.1075,349.19,0.34,0.56,"2026-09-20",1041,"N20","nominal","2.0NRT",316.77,3.7,"D"
"2482",25.25084,48.11104,344.08,0.34,0.56,"2026-09-20",1041,"N20","low","2.0NRT",316.46,3.69,"D"
"2483",25.25573,48.10703,340.64,0.34,0.56,"2026-09-20",1041,"N20","low","2.0NRT",315.35,1.16,"D"
"2484",25.59647,52.54468,348.19,0.66,0.73,"2026-09-20",1041,"N20","nominal","2.0NRT",300.02,9.4,"D"
"2485",25.49772,49.40925,347.57,0.42,0.61,"2026-09-20",1041,"N20","nominal","2.0NRT",317.8,1.85,"D"
"2486",25.90155,51.55803,345.98,0.58,0.69,"2026-09-20",1041,"N20","nominal","2.0NRT",302.09,10.45,"D"
"2487",25.86947,49.24516,367,0.41,0.61,"2026-09-20",1041,"N20","high","2.0NRT",315.22,5.05,"D"
"2488",25.86913,49.241,352.98,0.41,0.61,"2026-09-20",1041,"N20","nominal","2.0NRT",315.8,5.05,"D"
"2489",25.87473,49.24047,354.6,0.41,0.61,"2026-09-20",1041,"N20","nominal","2.0NRT",317.1,9.34,"D"
"2490",25.87508,49.24463,356.61,0.41,0.61,"2026-09-20",1041,"N20","low","2.0NRT",316.65,9.34,"D"
"2491",25.87327,49.24489,347.36,0.41,0.61,"2026-09-20",1041,"N20","nominal","2.0NRT",316.57,11.41,"D"
"2492",25.87294,49.24072,350.18,0.41,0.61,"2026-09-20",1041,"N20","nominal","2.0NRT",321.66,11.41,"D"
"2493",26.1616,52.25455,367,0.64,0.72,"2026-09-20",1041,"N20","high","2.0NRT",303.03,14.82,"D"
"2494",25.96274,49.23271,367,0.41,0.61,"2026-09-20",1041,"N20","high","2.0NRT",315.42,10.56,"D"
"2495",25.96239,49.22852,348.9,0.41,0.61,"2026-09-20",1041,"N20","nominal","2.0NRT",315.06,6.74,"D"
"2496",26.0357,49.70109,354.67,0.44,0.62,"2026-09-20",1041,"N20","nominal","2.0NRT",314.83,4.03,"D"
"2497",26.03061,49.69888,349.83,0.44,0.63,"2026-09-20",1041,"N20","nominal","2.0NRT",315.21,5.16,"D"
"2498",26.19119,44.38522,344.78,0.42,0.45,"2026-09-20",1041,"N20","nominal","2.0NRT",313.96,1.87,"D"
"2499",26.77945,49.99614,354.54,0.47,0.64,"2026-09-20",1041,"N20","nominal","2.0NRT",310.99,7.73,"D"
"2500",26.78316,49.99453,351.86,0.47,0.64,"2026-09-20",1041,"N20","nominal","2.0NRT",310.34,8.61,"D"
"2501",27.09691,49.3161,340.9,0.43,0.62,"2026-09-20",1041,"N20","low","2.0NRT",313.42,8.2,"D"
"2502",27.4973,52.65492,345.49,0.7,0.75,"2026-09-20",1041,"N20","nominal","2.0NRT",303.33,7.9,"D"
"2503",27.49723,52.65253,345.84,0.7,0.75,"2026-09-20",1041,"N20","nominal","2.0NRT",304.05,7.95,"D"
"2504",27.50371,52.64338,343.88,0.7,0.75,"2026-09-20",1041,"N20","nominal","2.0NRT",303.6,7.95,"D"
"2505",27.54256,52.59077,341.79,0.69,0.74,"2026-09-20",1041,"N20","nominal","2.0NRT",301.6,5.54,"D"
"2506",27.54259,52.58962,339.68,0.69,0.74,"2026-09-20",1041,"N20","nominal","2.0NRT",301.68,6.35,"D"
"2507",27.6831,52.25868,341.03,0.66,0.73,"2026-09-20",1041,"N20","nominal","2.0NRT",304.33,6.46,"D"
"2508",27.68272,52.25203,341.63,0.66,0.73,"2026-09-20",1041,"N20","nominal","2.0NRT",304.8,6.46,"D"
"2509",27.68532,52.25873,335.86,0.66,0.73,"2026-09-20",1041,"N20","nominal","2.0NRT",304.25,4.99,"D"
"2510",27.68497,52.25207,344.18,0.66,0.73,"2026-09-20",1041,"N20","nominal","2.0NRT",305.56,9.79,"D"
"2511",27.68427,52.2386,331.95,0.66,0.73,"2026-09-20",1041,"N20","low","2.0NRT",302.16,1.79,"D"
"2512",27.69105,52.23803,342.39,0.66,0.73,"2026-09-20",1041,"N20","nominal","2.0NRT",303.78,1.79,"D"
"2513",27.72201,52.18213,367,0.65,0.73,"2026-09-20",1041,"N20","high","2.0NRT",302.88,7.5,"D"
"2514",27.72164,52.17548,331.06,0.65,0.73,"2026-09-20",1041,"N20","nominal","2.0NRT",300.91,7.5,"D"
"2515",27.53247,49.19239,336.59,0.43,0.62,"2026-09-20",1041,"N20","low","2.0NRT",308.29,1.66,"D"
"2516",27.76234,52.17593,351.54,0.65,0.73,"2026-09-20",1041,"N20","nominal","2.0NRT",303.88,11.02,"D"
"2517",27.80487,48.62246,337.47,0.4,0.6,"2026-09-20",1041,"N20","low","2.0NRT",311.14,4.88,"D"
"2518",27.81103,48.63003,346.65,0.4,0.6,"2026-09-20",1041,"N20","nominal","2.0NRT",310.68,3.61,"D"
"2519",27.81039,48.62194,349.48,0.4,0.6,"2026-09-20",1041,"N20","nominal","2.0NRT",311.36,4.99,"D"
"2520",27.81655,48.62956,346.59,0.4,0.6,"2026-09-20",1041,"N20","nominal","2.0NRT",310.56,3.61,"D"
"2521",27.81623,48.62549,344.66,0.4,0.6,"2026-09-20",1041,"N20","nominal","2.0NRT",310.95,4.99,"D"
"2522",28.36634,49.63393,367,0.46,0.64,"2026-09-20",1041,"N20","high","2.0NRT",301.78,29.95,"D"
"2523",28.36601,49.62916,335.53,0.46,0.64,"2026-09-20",1041,"N20","nominal","2.0NRT",304,29.95,"D"
"2524",28.49481,49.71678,356.23,0.47,0.64,"2026-09-20",1041,"N20","nominal","2.0NRT",304.8,34.72,"D"
"2525",28.57374,47.92303,339.7,0.36,0.58,"2026-09-20",1041,"N20","low","2.0NRT",312.47,1.51,"D"
"2526",29.25779,53.12371,345.42,0.77,0.77,"2026-09-20",1041,"N20","nominal","2.0NRT",314.6,7.73,"D"
"2527",28.93816,47.96798,341.15,0.37,0.58,"2026-09-20",1041,"N20","low","2.0NRT",311.49,1.95,"D"
"2528",28.94114,47.9671,347.81,0.37,0.58,"2026-09-20",1041,"N20","nominal","2.0NRT",311.55,3.25,"D"
"2529",29.25342,53.12306,339.33,0.77,0.77,"2026-09-20",1041,"N20","low","2.0NRT",312.76,5.49,"D"
"2530",28.96894,47.90679,339.86,0.37,0.58,"2026-09-20",1041,"N20","low","2.0NRT",311.65,2.52,"D"
"2531",29.00432,47.74379,350.97,0.36,0.57,"2026-09-20",1041,"N20","nominal","2.0NRT",311.58,20.02,"D"
"2532",29.00462,47.74754,356.09,0.36,0.57,"2026-09-20",1041,"N20","low","2.0NRT",312.57,32.5,"D"
"2533",29.13695,47.94198,353.47,0.37,0.58,"2026-09-20",1041,"N20","nominal","2.0NRT",313.13,5.1,"D"
"2534",29.28435,49.53614,352.65,0.47,0.64,"2026-09-20",1041,"N20","nominal","2.0NRT",300.63,5.33,"D"
"2535",29.28401,49.5313,330.99,0.46,0.64,"2026-09-20",1041,"N20","nominal","2.0NRT",300.58,5.33,"D"
"2536",29.28232,49.53268,367,0.47,0.64,"2026-09-20",1041,"N20","high","2.0NRT",301.38,10.26,"D"
"2537",29.51079,51.26048,341.42,0.6,0.7,"2026-09-20",1041,"N20","nominal","2.0NRT",309.28,6.23,"D"
"2538",27.19164,30.98816,345.37,0.48,0.48,"2026-09-20",1041,"N20","nominal","2.0NRT",312.16,4.92,"D"
"2539",27.19261,30.9898,344.56,0.48,0.48,"2026-09-20",1041,"N20","nominal","2.0NRT",311.64,3.75,"D"
"2540",30.03224,50.63848,336.35,0.55,0.68,"2026-09-20",1041,"N20","low","2.0NRT",308.98,2.53,"D"
"2541",27.49979,30.59822,337.94,0.5,0.49,"2026-09-20",1041,"N20","low","2.0NRT",308.45,1.52,"D"
"2542",30.34566,50.29167,341.94,0.53,0.67,"2026-09-20",1041,"N20","nominal","2.0NRT",311.18,3.52,"D"
"2543",30.16441,47.4179,340.87,0.35,0.57,"2026-09-20",1041,"N20","nominal","2.0NRT",310.05,3.61,"D"
"2544",30.16411,47.41418,356.45,0.35,0.57,"2026-09-20",1041,"N20","low","2.0NRT",313.86,3.61,"D"
"2545",30.16966,47.41735,353.56,0.35,0.57,"2026-09-20",1041,"N20","nominal","2.0NRT",310.72,4.95,"D"
"2546",30.16936,47.41363,337.03,0.35,0.57,"2026-09-20",1041,"N20","low","2.0NRT",311.2,4.95,"D"
"2547",30.39627,50.62518,343.44,0.55,0.68,"2026-09-20",1041,"N20","nominal","2.0NRT",310.12,4.56,"D"
"2548",30.39596,50.61964,344.02,0.55,0.68,"2026-09-20",1041,"N20","nominal","2.0NRT",310.32,4.56,"D"
"2549",30.17432,47.40943,356.69,0.35,0.57,"2026-09-20",1041,"N20","low","2.0NRT",312.52,6.94,"D"
"2550",30.35013,50.28818,337.49,0.53,0.67,"2026-09-20",1041,"N20","low","2.0NRT",310.68,3.09,"D"
"2551",30.16946,47.41653,346.85,0.35,0.57,"2026-09-20",1041,"N20","nominal","2.0NRT",310.76,7.59,"D"
"2552",30.39245,50.6223,351.2,0.56,0.68,"2026-09-20",1041,"N20","nominal","2.0NRT",311.49,6.74,"D"
"2553",30.39824,50.61125,337.94,0.55,0.68,"2026-09-20",1041,"N20","low","2.0NRT",309.61,6.95,"D"
"2554",30.19904,47.38767,339.8,0.35,0.57,"2026-09-20",1041,"N20","low","2.0NRT",312.14,3.13,"D"
"2555",30.20485,47.39452,338.07,0.35,0.57,"2026-09-20",1041,"N20","low","2.0NRT",311.41,1.36,"D"
"2556",30.27422,47.74293,342.43,0.37,0.58,"2026-09-20",1041,"N20","nominal","2.0NRT",311.57,2.52,"D"
"2557",30.2778,47.71912,347.27,0.37,0.58,"2026-09-20",1041,"N20","nominal","2.0NRT",311.51,2.59,"D"
"2558",30.34733,48.2767,367,0.4,0.6,"2026-09-20",1041,"N20","high","2.0NRT",313.25,13.51,"D"
"2559",30.27659,47.36553,343.51,0.35,0.57,"2026-09-20",1041,"N20","nominal","2.0NRT",310.62,6.79,"D"
"2560",30.27629,47.36184,354.74,0.35,0.57,"2026-09-20",1041,"N20","nominal","2.0NRT",314.77,11.69,"D"
"2561",30.28184,47.36505,345.78,0.35,0.57,"2026-09-20",1041,"N20","nominal","2.0NRT",311.34,4.86,"D"
"2562",30.28153,47.36136,350.56,0.35,0.57,"2026-09-20",1041,"N20","nominal","2.0NRT",313.07,5.57,"D"
"2563",30.28064,47.35034,336.72,0.35,0.57,"2026-09-20",1041,"N20","low","2.0NRT",311.65,2.56,"D"
"2564",30.27675,47.36387,367,0.35,0.57,"2026-09-20",1041,"N20","high","2.0NRT",311.39,12.7,"D"
"2565",30.27648,47.36017,354.8,0.35,0.57,"2026-09-20",1041,"N20","nominal","2.0NRT",313.64,10.15,"D"
"2566",30.34694,48.27589,367,0.4,0.6,"2026-09-20",1041,"N20","high","2.0NRT",313.52,6.12,"D"
"2567",30.34722,48.28009,341.26,0.4,0.6,"2026-09-20",1041,"N20","nominal","2.0NRT",311.17,6.12,"D"
"2568",30.282,47.36337,356.29,0.35,0.57,"2026-09-20",1041,"N20","low","2.0NRT",312.08,4.42,"D"
"2569",30.31263,47.34929,346.82,0.35,0.57,"2026-09-20",1041,"N20","nominal","2.0NRT",312.88,2.58,"D"
"2570",30.51606,49.63389,337.74,0.48,0.65,"2026-09-20",1041,"N20","low","2.0NRT",311.19,5.83,"D"
"2571",30.51638,49.639,356.36,0.48,0.65,"2026-09-20",1041,"N20","low","2.0NRT",311.55,9.79,"D"
"2572",30.35399,47.33796,356.41,0.35,0.57,"2026-09-20",1041,"N20","low","2.0NRT",313.69,7.53,"D"
"2573",30.35982,47.34481,347.85,0.35,0.57,"2026-09-20",1041,"N20","nominal","2.0NRT",310.81,30.37,"D"
"2574",30.35923,47.33745,338.44,0.35,0.57,"2026-09-20",1041,"N20","low","2.0NRT",311.99,7.53,"D"
"2575",30.36418,47.3333,356.46,0.35,0.57,"2026-09-20",1041,"N20","low","2.0NRT",311.98,5.67,"D"
"2576",30.56373,50.01509,367,0.51,0.66,"2026-09-20",1041,"N20","high","2.0NRT",314.8,12.01,"D"
"2577",30.56402,50.02002,337.61,0.51,0.66,"2026-09-20",1041,"N20","nominal","2.0NRT",310.72,8.87,"D"
"2578",30.57038,49.92242,336.37,0.5,0.66,"2026-09-20",1041,"N20","low","2.0NRT",308.79,3.57,"D"
"2579",30.41335,47.61612,340.84,0.36,0.58,"2026-09-20",1041,"N20","low","2.0NRT",310.85,2.33,"D"
"2580",30.56378,50.01722,367,0.51,0.66,"2026-09-20",1041,"N20","high","2.0NRT",312,14.68,"D"
"2581",30.41692,47.61521,347.04,0.37,0.58,"2026-09-20",1041,"N20","nominal","2.0NRT",311.13,3.27,"D"
"2582",30.5707,49.91924,335.14,0.5,0.66,"2026-09-20",1041,"N20","low","2.0NRT",308.44,3.29,"D"
"2583",30.40126,47.33265,337.32,0.35,0.57,"2026-09-20",1041,"N20","low","2.0NRT",311.67,8.7,"D"
"2584",30.40154,47.33633,356.24,0.35,0.57,"2026-09-20",1041,"N20","low","2.0NRT",313.28,14.59,"D"
"2585",30.47486,47.74249,341.5,0.37,0.58,"2026-09-20",1041,"N20","nominal","2.0NRT",307.67,2.14,"D"
"2586",30.4753,47.60595,337.35,0.36,0.58,"2026-09-20",1041,"N20","low","2.0NRT",310.63,4.6,"D"
"2587",30.47501,47.60213,356.05,0.36,0.58,"2026-09-20",1041,"N20","low","2.0NRT",313.37,4.6,"D"
"2588",30.66189,50.33085,343.11,0.54,0.68,"2026-09-20",1041,"N20","nominal","2.0NRT",313.29,4.36,"D"
"2589",30.49535,47.32005,367,0.35,0.57,"2026-09-20",1041,"N20","high","2.0NRT",310.2,10.24,"D"
"2590",30.49505,47.31639,344.4,0.35,0.57,"2026-09-20",1041,"N20","nominal","2.0NRT",310.55,7.41,"D"
"2591",30.49045,47.32077,335.21,0.35,0.57,"2026-09-20",1041,"N20","nominal","2.0NRT",308.04,4.32,"D"
"2592",30.4957,47.32027,367,0.35,0.57,"2026-09-20",1041,"N20","high","2.0NRT",309.13,4.32,"D"
"2593",30.49542,47.3166,349.36,0.35,0.57,"2026-09-20",1041,"N20","nominal","2.0NRT",310.19,8.45,"D"
"2594",30.52263,47.61385,336.53,0.37,0.58,"2026-09-20",1041,"N20","low","2.0NRT",309.78,7.08,"D"
"2595",30.52235,47.61,356.32,0.37,0.58,"2026-09-20",1041,"N20","low","2.0NRT",311.24,8.72,"D"
"2596",30.71923,49.82531,352.85,0.5,0.66,"2026-09-20",1041,"N20","nominal","2.0NRT",308.65,6.84,"D"
"2597",30.70843,49.54322,353.43,0.48,0.65,"2026-09-20",1041,"N20","nominal","2.0NRT",310.78,5.86,"D"
"2598",30.55627,47.3518,339.45,0.35,0.57,"2026-09-20",1041,"N20","low","2.0NRT",312.02,3.78,"D"
"2599",30.5598,47.32909,343.12,0.35,0.57,"2026-09-20",1041,"N20","nominal","2.0NRT",309.56,5.08,"D"
"2600",30.57,47.32442,339.05,0.35,0.57,"2026-09-20",1041,"N20","low","2.0NRT",311.67,4.14,"D"
"2601",30.56942,47.31703,336.73,0.35,0.57,"2026-09-20",1041,"N20","low","2.0NRT",311.13,3.96,"D"
"2602",30.56913,47.31335,353.99,0.35,0.57,"2026-09-20",1041,"N20","nominal","2.0NRT",312.47,3.96,"D"
"2603",30.56321,47.10841,339.74,0.34,0.56,"2026-09-20",1041,"N20","low","2.0NRT",311.72,13.55,"D"
"2604",30.56292,47.10484,352.46,0.34,0.56,"2026-09-20",1041,"N20","low","2.0NRT",325.09,23.87,"D"
"2605",30.60778,47.33504,340.74,0.35,0.57,"2026-09-20",1041,"N20","low","2.0NRT",311.93,7.24,"D"
"2606",30.60723,47.32761,345.69,0.35,0.57,"2026-09-20",1041,"N20","nominal","2.0NRT",313.84,6.99,"D"
"2607",30.55927,46.70383,343.42,0.32,0.55,"2026-09-20",1041,"N20","nominal","2.0NRT",313.02,2.03,"D"
"2608",30.61248,47.32711,356.22,0.35,0.57,"2026-09-20",1041,"N20","low","2.0NRT",313.95,6.99,"D"
"2609",30.74749,48.28149,355.56,0.4,0.6,"2026-09-20",1041,"N20","nominal","2.0NRT",315.24,9.01,"D"
"2610",30.74719,48.27724,342.24,0.4,0.6,"2026-09-20",1041,"N20","nominal","2.0NRT",311.19,9.01,"D"
"2611",30.7478,48.28576,356.44,0.4,0.6,"2026-09-20",1041,"N20","low","2.0NRT",311.3,14.76,"D"
"2612",30.75367,48.28954,338.9,0.4,0.6,"2026-09-20",1041,"N20","low","2.0NRT",310.39,50.23,"D"
"2613",30.75276,48.27675,343.17,0.4,0.6,"2026-09-20",1041,"N20","nominal","2.0NRT",312.19,44.76,"D"
"2614",30.68165,47.33171,340.04,0.35,0.57,"2026-09-20",1041,"N20","low","2.0NRT",311.69,34.26,"D"
"2615",30.75336,48.28527,356.46,0.4,0.6,"2026-09-20",1041,"N20","low","2.0NRT",312.71,50.23,"D"
"2616",30.75306,48.28101,207.93,0.4,0.6,"2026-09-20",1041,"N20","low","2.0NRT",322.2,44.76,"D"
"2617",30.6872,47.33495,341.18,0.35,0.57,"2026-09-20",1041,"N20","nominal","2.0NRT",310.13,34.26,"D"
"2618",30.68661,47.3275,348.4,0.35,0.57,"2026-09-20",1041,"N20","nominal","2.0NRT",314.09,28.95,"D"
"2619",30.89226,49.61158,353.34,0.49,0.65,"2026-09-20",1041,"N20","nominal","2.0NRT",311.7,7.42,"D"
"2620",30.94363,49.18626,346.47,0.46,0.63,"2026-09-20",1041,"N20","nominal","2.0NRT",310.27,3.7,"D"
"2621",30.92237,48.8681,342.96,0.44,0.62,"2026-09-20",1041,"N20","nominal","2.0NRT",309.87,3.22,"D"
"2622",30.92173,48.8588,335.48,0.44,0.62,"2026-09-20",1041,"N20","low","2.0NRT",309.71,1.6,"D"
"2623",30.86036,47.92581,367,0.38,0.59,"2026-09-20",1041,"N20","high","2.0NRT",306.22,6.12,"D"
"2624",30.86135,47.9235,367,0.39,0.59,"2026-09-20",1041,"N20","high","2.0NRT",308.85,8.84,"D"
"2625",30.923,48.86657,344.82,0.44,0.62,"2026-09-20",1041,"N20","nominal","2.0NRT",309.47,3.84,"D"
"2626",30.94813,49.18467,346.9,0.46,0.64,"2026-09-20",1041,"N20","nominal","2.0NRT",309.72,4.76,"D"
"2627",31.04158,49.39406,336.63,0.47,0.64,"2026-09-20",1041,"N20","low","2.0NRT",310.2,1.92,"D"
"2628",31.0043,48.14531,348.21,0.4,0.6,"2026-09-20",1041,"N20","nominal","2.0NRT",310.86,6.72,"D"
"2629",31.00401,48.14109,354.48,0.4,0.6,"2026-09-20",1041,"N20","nominal","2.0NRT",312.86,8.14,"D"
"2630",31.02584,48.29773,346.53,0.41,0.6,"2026-09-20",1041,"N20","nominal","2.0NRT",311.73,5.47,"D"
"2631",31.12687,49.32223,354.84,0.47,0.64,"2026-09-20",1041,"N20","nominal","2.0NRT",310.66,6.8,"D"
"2632",31.1328,49.32184,356.4,0.47,0.64,"2026-09-20",1041,"N20","low","2.0NRT",312.44,6.8,"D"
"2633",31.13874,49.32146,350.54,0.47,0.64,"2026-09-20",1041,"N20","nominal","2.0NRT",310.56,4.34,"D"
"2634",31.13618,49.31816,346.53,0.47,0.64,"2026-09-20",1041,"N20","nominal","2.0NRT",312.35,7.94,"D"
"2635",31.13646,49.32316,356.29,0.47,0.64,"2026-09-20",1041,"N20","low","2.0NRT",310.3,8.17,"D"
"2636",31.03245,47.28408,343.31,0.35,0.57,"2026-09-20",1041,"N20","nominal","2.0NRT",312.44,4.36,"D"
"2637",31.06217,47.62056,349.13,0.37,0.58,"2026-09-20",1041,"N20","nominal","2.0NRT",310.73,4.23,"D"
"2638",31.06189,47.61663,355.26,0.37,0.58,"2026-09-20",1041,"N20","nominal","2.0NRT",312.61,4.23,"D"
"2639",31.08508,47.79034,356.42,0.38,0.59,"2026-09-20",1041,"N20","low","2.0NRT",311.43,12.04,"D"
"2640",31.09052,47.78986,354.93,0.38,0.59,"2026-09-20",1041,"N20","nominal","2.0NRT",310.95,12.04,"D"
"2641",31.07885,47.62692,351.15,0.37,0.58,"2026-09-20",1041,"N20","nominal","2.0NRT",314.57,14.88,"D"
"2642",31.0908,47.79388,356.26,0.38,0.59,"2026-09-20",1041,"N20","low","2.0NRT",312.11,12.04,"D"
"2643",31.07914,47.63084,356.17,0.37,0.58,"2026-09-20",1041,"N20","low","2.0NRT",309.8,12.13,"D"
"2644",31.20759,49.21841,353.62,0.46,0.64,"2026-09-20",1041,"N20","nominal","2.0NRT",312.02,4.92,"D"
"2645",31.20882,48.95622,367,0.45,0.63,"2026-09-20",1041,"N20","high","2.0NRT",311.17,14.96,"D"
"2646",31.20851,48.95145,354.56,0.45,0.63,"2026-09-20",1041,"N20","nominal","2.0NRT",315.1,13.78,"D"
"2647",31.25088,49.17392,338.73,0.46,0.64,"2026-09-20",1041,"N20","low","2.0NRT",309.99,1.4,"D"
"2648",31.30091,49.12108,350.06,0.46,0.63,"2026-09-20",1041,"N20","nominal","2.0NRT",310.55,3.4,"D"
"2649",31.32254,49.28175,340.09,0.47,0.64,"2026-09-20",1041,"N20","low","2.0NRT",310.87,3.75,"D"
"2650",31.2365,47.97105,338.72,0.39,0.59,"2026-09-20",1041,"N20","low","2.0NRT",309.61,4.03,"D"
"2651",31.2362,47.96691,356.38,0.39,0.59,"2026-09-20",1041,"N20","low","2.0NRT",311.39,4.03,"D"
"2652",31.30224,48.77223,337.49,0.44,0.62,"2026-09-20",1041,"N20","nominal","2.0NRT",311.55,4.66,"D"
"2653",31.308,48.77179,367,0.44,0.62,"2026-09-20",1041,"N20","high","2.0NRT",312.03,4.66,"D"
"2654",31.30831,48.77643,341.53,0.44,0.62,"2026-09-20",1041,"N20","nominal","2.0NRT",309.54,4.66,"D"
"2655",31.26953,48.12409,338.97,0.4,0.6,"2026-09-20",1041,"N20","low","2.0NRT",309.66,28.48,"D"
"2656",31.26893,48.11563,355.62,0.4,0.6,"2026-09-20",1041,"N20","nominal","2.0NRT",313.23,44.44,"D"
"2657",28.94778,31.07121,343.68,0.44,0.46,"2026-09-20",1041,"N20","nominal","2.0NRT",312.03,5.34,"D"
"2658",31.27477,48.11938,343.63,0.4,0.6,"2026-09-20",1041,"N20","nominal","2.0NRT",310.85,44.44,"D"
"2659",31.27423,48.11959,347.66,0.4,0.6,"2026-09-20",1041,"N20","nominal","2.0NRT",310.43,3.24,"D"
"2660",31.27396,48.11537,340,0.4,0.6,"2026-09-20",1041,"N20","nominal","2.0NRT",309.25,3.24,"D"
"2661",31.28565,47.71651,340.13,0.38,0.59,"2026-09-20",1041,"N20","nominal","2.0NRT",308.75,1.55,"D"
"2662",31.297,47.80068,347.3,0.38,0.59,"2026-09-20",1041,"N20","nominal","2.0NRT",306.78,8.15,"D"
"2663",31.29671,47.79663,355.05,0.38,0.59,"2026-09-20",1041,"N20","nominal","2.0NRT",308.17,8.15,"D"
"2664",31.09544,44.96385,340.24,0.51,0.5,"2026-09-20",1041,"N20","low","2.0NRT",313.92,4.77,"D"
"2665",31.35039,47.85743,354.41,0.39,0.59,"2026-09-20",1041,"N20","nominal","2.0NRT",310.67,4.35,"D"
"2666",31.24342,45.25787,341.44,0.54,0.51,"2026-09-20",1041,"N20","low","2.0NRT",313.21,6.5,"D"
"2667",31.35375,45.96715,343.27,0.59,0.53,"2026-09-20",1041,"N20","nominal","2.0NRT",313.18,4.96,"D"
"2668",31.35863,45.96661,344.36,0.59,0.53,"2026-09-20",1041,"N20","nominal","2.0NRT",312.94,4.9,"D"
"2669",31.65359,47.51874,337.24,0.37,0.58,"2026-09-20",1043,"N20","low","2.0NRT",310.63,2.45,"D"
"2670",31.6533,47.51479,346.64,0.37,0.58,"2026-09-20",1043,"N20","nominal","2.0NRT",310.94,2.45,"D"
"2671",31.65925,47.52222,340.7,0.37,0.58,"2026-09-20",1043,"N20","low","2.0NRT",312.01,4.41,"D"
"2672",31.65669,47.52211,341.23,0.37,0.58,"2026-09-20",1043,"N20","low","2.0NRT",311.32,4.03,"D"
"2673",31.65615,47.5142,349.25,0.37,0.58,"2026-09-20",1043,"N20","nominal","2.0NRT",310.09,5.93,"D"
"2674",31.76297,49.15794,336.42,0.47,0.64,"2026-09-20",1043,"N20","low","2.0NRT",310.86,1.79,"D"
"2675",31.69167,47.25711,338.34,0.36,0.57,"2026-09-20",1043,"N20","low","2.0NRT",310.77,1.88,"D"
"2676",29.80479,32.08897,337.73,0.56,0.43,"2026-09-20",1043,"N20","low","2.0NRT",312.33,4.66,"D"
"2677",31.76346,46.04811,346.54,0.61,0.53,"2026-09-20",1043,"N20","nominal","2.0NRT",318.05,24.68,"D"
"2678",31.77005,46.06694,344.87,0.61,0.53,"2026-09-20",1043,"N20","nominal","2.0NRT",314.7,5.85,"D"
"2679",31.93732,48.53301,338.38,0.43,0.62,"2026-09-20",1043,"N20","low","2.0NRT",310.53,7.1,"D"
"2680",31.76651,46.06403,345.35,0.61,0.53,"2026-09-20",1043,"N20","nominal","2.0NRT",314.57,8.87,"D"
"2681",31.76498,46.04462,349.79,0.61,0.53,"2026-09-20",1043,"N20","nominal","2.0NRT",317.09,28.12,"D"
"2682",32.07569,49.71933,345.68,0.51,0.66,"2026-09-20",1043,"N20","nominal","2.0NRT",310.5,5.41,"D"
"2683",32.08178,49.71856,367,0.51,0.66,"2026-09-20",1043,"N20","high","2.0NRT",313.56,12.87,"D"
"2684",32.08206,49.72366,347.46,0.51,0.66,"2026-09-20",1043,"N20","nominal","2.0NRT",310.24,9.03,"D"
"2685",32.03461,48.39865,342.11,0.42,0.61,"2026-09-20",1043,"N20","nominal","2.0NRT",313.81,6.85,"D"
"2686",31.77501,44.25201,344.08,0.48,0.48,"2026-09-20",1043,"N20","low","2.0NRT",316.32,5.64,"D"
"2687",32.09438,47.42945,337.77,0.37,0.58,"2026-09-20",1043,"N20","low","2.0NRT",312.35,2.88,"D"
"2688",32.10788,47.54827,346.15,0.38,0.58,"2026-09-20",1043,"N20","nominal","2.0NRT",314.82,8.23,"D"
"2689",32.10814,47.55221,356.2,0.38,0.58,"2026-09-20",1043,"N20","low","2.0NRT",313.49,10.13,"D"
"2690",32.11502,47.41562,356.56,0.37,0.58,"2026-09-20",1043,"N20","low","2.0NRT",312.2,34.11,"D"
"2691",32.11474,47.41166,322.09,0.37,0.58,"2026-09-20",1043,"N20","low","2.0NRT",323.72,31.72,"D"
"2692",32.1201,47.41112,353.6,0.37,0.58,"2026-09-20",1043,"N20","nominal","2.0NRT",312.85,31.72,"D"
"2693",32.12546,47.41058,346.31,0.37,0.58,"2026-09-20",1043,"N20","nominal","2.0NRT",312.27,2.1,"D"
"2694",32.13082,47.41008,342.32,0.37,0.58,"2026-09-20",1043,"N20","nominal","2.0NRT",311.51,2.1,"D"
"2695",32.14851,47.58515,338.97,0.38,0.59,"2026-09-20",1043,"N20","low","2.0NRT",313.35,1.78,"D"
"2696",32.3519,47.71317,367,0.39,0.59,"2026-09-20",1043,"N20","high","2.0NRT",315.84,12.69,"D"
"2697",32.35162,47.70906,353.33,0.39,0.59,"2026-09-20",1043,"N20","nominal","2.0NRT",322.31,12.69,"D"
"2698",32.35653,47.70026,367,0.39,0.59,"2026-09-20",1043,"N20","high","2.0NRT",321.95,23.96,"D"
"2699",30.14794,30.98487,342.58,0.42,0.45,"2026-09-20",1043,"N20","nominal","2.0NRT",311.68,3.92,"D"
"2700",30.07586,30.39773,340.82,0.45,0.47,"2026-09-20",1043,"N20","nominal","2.0NRT",309.99,3.9,"D"
"2701",30.95725,34.67847,347.76,0.42,0.38,"2026-09-20",1043,"N20","nominal","2.0NRT",311.9,4.09,"D"
"2702",30.96405,34.67688,344.78,0.42,0.38,"2026-09-20",1043,"N20","nominal","2.0NRT",312.85,3.47,"D"
"2703",30.97077,34.67641,341.61,0.42,0.38,"2026-09-20",1043,"N20","low","2.0NRT",313.86,4.63,"D"
"2704",31.01016,34.76117,339.47,0.42,0.37,"2026-09-20",1043,"N20","low","2.0NRT",312.72,4.45,"D"
"2705",31.00942,34.75688,340.04,0.42,0.37,"2026-09-20",1043,"N20","low","2.0NRT",312.42,3.18,"D"
"2706",31.01281,34.75608,339.86,0.42,0.37,"2026-09-20",1043,"N20","low","2.0NRT",312.62,2.57,"D"
"2707",32.4893,45.66737,347.44,0.59,0.53,"2026-09-20",1043,"N20","nominal","2.0NRT",312.95,8.58,"D"
"2708",32.4879,45.66653,350.58,0.59,0.53,"2026-09-20",1043,"N20","nominal","2.0NRT",312.76,7.8,"D"
"2709",30.43071,30.66644,335.22,0.43,0.46,"2026-09-20",1043,"N20","low","2.0NRT",305.79,3.09,"D"
"2710",30.43217,30.66731,338.01,0.43,0.46,"2026-09-20",1043,"N20","nominal","2.0NRT",306.76,3.71,"D"
"2711",30.65811,31.52434,331.69,0.38,0.43,"2026-09-20",1043,"N20","nominal","2.0NRT",303.36,1.66,"D"
"2712",31.21104,34.47348,345.84,0.42,0.38,"2026-09-20",1043,"N20","nominal","2.0NRT",312.05,9.53,"D"
"2713",31.22849,34.28648,339.62,0.43,0.38,"2026-09-20",1043,"N20","low","2.0NRT",310.88,4.06,"D"
"2714",30.77769,31.82249,331.11,0.55,0.43,"2026-09-20",1043,"N20","nominal","2.0NRT",302.87,2.73,"D"
"2715",30.7781,31.81992,332.67,0.55,0.43,"2026-09-20",1043,"N20","nominal","2.0NRT",303.4,2.99,"D"
"2716",31.40715,34.58738,345.43,0.42,0.37,"2026-09-20",1043,"N20","nominal","2.0NRT",307.54,3.13,"D"
"2717",31.44522,34.72626,355.21,0.41,0.37,"2026-09-20",1043,"N20","nominal","2.0NRT",313.33,8.87,"D"
"2718",31.4389,34.52577,340.35,0.42,0.38,"2026-09-20",1043,"N20","nominal","2.0NRT",309.07,3.41,"D"
"2719",31.47827,34.61108,346.22,0.42,0.37,"2026-09-20",1043,"N20","nominal","2.0NRT",310.24,2.66,"D"
"2720",31.47753,34.60676,335.97,0.42,0.37,"2026-09-20",1043,"N20","low","2.0NRT",309.32,2.04,"D"
"2721",31.4824,34.6146,351.35,0.42,0.37,"2026-09-20",1043,"N20","nominal","2.0NRT",309.92,5.48,"D"
"2722",31.48092,34.60598,340.82,0.42,0.37,"2026-09-20",1043,"N20","nominal","2.0NRT",308.72,1.99,"D"
"2723",31.48579,34.61382,349.26,0.42,0.37,"2026-09-20",1043,"N20","nominal","2.0NRT",310.28,5.48,"D"
"2724",31.48505,34.60951,340.57,0.42,0.37,"2026-09-20",1043,"N20","nominal","2.0NRT",308.89,5.48,"D"
"2725",31.48752,34.54133,340.47,0.42,0.37,"2026-09-20",1043,"N20","nominal","2.0NRT",309.34,1.95,"D"
"2726",31.48678,34.53701,337.52,0.42,0.37,"2026-09-20",1043,"N20","low","2.0NRT",307.88,1.95,"D"
"2727",31.5527,34.65314,338.48,0.41,0.37,"2026-09-20",1043,"N20","low","2.0NRT",309.5,2.39,"D"
"2728",31.55195,34.64883,345.81,0.41,0.37,"2026-09-20",1043,"N20","nominal","2.0NRT",309.63,2.39,"D"
"2729",31.61055,34.7244,347.74,0.41,0.37,"2026-09-20",1043,"N20","nominal","2.0NRT",308.43,3.24,"D"
"2730",31.61743,34.62009,343.97,0.41,0.37,"2026-09-20",1043,"N20","nominal","2.0NRT",308.19,3.1,"D"
"2731",31.64134,34.65577,356.07,0.41,0.37,"2026-09-20",1043,"N20","low","2.0NRT",307.94,7.65,"D"
"2732",31.64471,34.65496,335.26,0.41,0.37,"2026-09-20",1043,"N20","low","2.0NRT",305.86,1.25,"D"
"2733",31.7098,34.83072,338.74,0.41,0.37,"2026-09-20",1043,"N20","nominal","2.0NRT",310.15,1.42,"D"
"2734",33.25249,47.73714,346.18,0.4,0.6,"2026-09-20",1043,"N20","nominal","2.0NRT",316.57,4.45,"D"
"2735",31.72902,34.79965,337.33,0.41,0.37,"2026-09-20",1043,"N20","low","2.0NRT",310.38,5.77,"D"
"2736",31.7283,34.79539,344.75,0.41,0.37,"2026-09-20",1043,"N20","nominal","2.0NRT",308.83,5.77,"D"
"2737",31.70801,34.67576,340.18,0.41,0.37,"2026-09-20",1043,"N20","nominal","2.0NRT",309.58,2.15,"D"
"2738",31.71284,34.68351,341.39,0.41,0.37,"2026-09-20",1043,"N20","nominal","2.0NRT",306.28,3.24,"D"
"2739",31.70333,34.62767,347.09,0.41,0.37,"2026-09-20",1043,"N20","nominal","2.0NRT",305.5,4.22,"D"
"2740",31.7026,34.62337,347.64,0.41,0.37,"2026-09-20",1043,"N20","nominal","2.0NRT",307.01,4.22,"D"
"2741",31.70671,34.62687,343.47,0.41,0.37,"2026-09-20",1043,"N20","nominal","2.0NRT",308.84,4.22,"D"
"2742",31.70598,34.62256,336.63,0.41,0.37,"2026-09-20",1043,"N20","nominal","2.0NRT",308.25,4.22,"D"
"2743",33.27499,47.74148,348.1,0.4,0.6,"2026-09-20",1043,"N20","nominal","2.0NRT",315.25,5.26,"D"
"2744",33.2526,47.73887,350.92,0.4,0.6,"2026-09-20",1043,"N20","nominal","2.0NRT",315.19,5.08,"D"
"2745",33.25013,47.51933,348.84,0.39,0.59,"2026-09-20",1043,"N20","nominal","2.0NRT",316.74,4.98,"D"
"2746",33.27479,47.7384,341.09,0.4,0.6,"2026-09-20",1043,"N20","nominal","2.0NRT",314.39,10.03,"D"
"2747",33.28004,47.73362,367,0.4,0.6,"2026-09-20",1043,"N20","high","2.0NRT",321.62,10.03,"D"
"2748",33.28112,47.75112,345.32,0.4,0.6,"2026-09-20",1043,"N20","nominal","2.0NRT",317.38,5.83,"D"
"2749",33.27977,47.7292,343.73,0.4,0.6,"2026-09-20",1043,"N20","nominal","2.0NRT",314.15,6.14,"D"
"2750",33.28664,47.75043,367,0.4,0.6,"2026-09-20",1043,"N20","high","2.0NRT",318.32,13.73,"D"
"2751",33.28528,47.7285,367,0.4,0.6,"2026-09-20",1043,"N20","high","2.0NRT",314.58,9.1,"D"
"2752",33.28638,47.74625,355.35,0.4,0.6,"2026-09-20",1043,"N20","nominal","2.0NRT",320.87,14.2,"D"
"2753",33.28582,47.73726,340.42,0.4,0.6,"2026-09-20",1043,"N20","nominal","2.0NRT",315.4,5.52,"D"
"2754",33.28555,47.73285,344.62,0.4,0.6,"2026-09-20",1043,"N20","nominal","2.0NRT",314.12,5.52,"D"
"2755",31.80852,34.747,350.18,0.41,0.37,"2026-09-20",1043,"N20","nominal","2.0NRT",308.1,4.01,"D"
"2756",31.99707,35.59167,344.57,0.39,0.36,"2026-09-20",1043,"N20","low","2.0NRT",316.08,3.12,"D"
"2757",33.21861,44.76851,348.99,0.53,0.5,"2026-09-20",1043,"N20","nominal","2.0NRT",314.95,11.82,"D"
"2758",33.4493,47.44636,367,0.38,0.59,"2026-09-20",1043,"N20","high","2.0NRT",315.9,7.32,"D"
"2759",33.45824,47.4969,341.87,0.39,0.59,"2026-09-20",1043,"N20","low","2.0NRT",315.42,5.73,"D"
"2760",33.45102,47.4477,341.32,0.38,0.59,"2026-09-20",1043,"N20","low","2.0NRT",314.13,5.71,"D"
"2761",33.45076,47.44341,345.98,0.38,0.59,"2026-09-20",1043,"N20","nominal","2.0NRT",314.28,5.9,"D"
"2762",33.45938,47.49398,348.45,0.39,0.59,"2026-09-20",1043,"N20","nominal","2.0NRT",315.99,4.44,"D"
"2763",33.55517,48.14728,341.77,0.42,0.61,"2026-09-20",1043,"N20","low","2.0NRT",314.52,3.24,"D"
"2764",33.54088,47.56454,339.35,0.39,0.59,"2026-09-20",1043,"N20","nominal","2.0NRT",314.19,2.47,"D"
"2765",33.32156,44.57167,346.4,0.52,0.5,"2026-09-20",1043,"N20","nominal","2.0NRT",310.86,5.44,"D"
"2766",31.12205,29.81542,331.57,0.46,0.47,"2026-09-20",1043,"N20","low","2.0NRT",303.2,3.2,"D"
"2767",33.84534,48.74494,332.93,0.46,0.64,"2026-09-20",1043,"N20","nominal","2.0NRT",304.34,5.13,"D"
"2768",33.84509,48.73992,349.38,0.46,0.64,"2026-09-20",1043,"N20","nominal","2.0NRT",307.17,5.13,"D"
"2769",30.81157,27.2721,342.02,0.33,0.55,"2026-09-20",1043,"N20","nominal","2.0NRT",302.13,3.16,"D"
"2770",30.93106,27.55865,336.36,0.63,0.54,"2026-09-20",1043,"N20","nominal","2.0NRT",303.32,2.26,"D"
"2771",30.9359,27.55715,335.63,0.63,0.54,"2026-09-20",1043,"N20","nominal","2.0NRT",303.99,2.26,"D"
"2772",30.67216,26.36855,336.62,0.38,0.58,"2026-09-20",1043,"N20","nominal","2.0NRT",301.45,1.95,"D"
"2773",30.67077,26.36792,335.54,0.38,0.58,"2026-09-20",1043,"N20","nominal","2.0NRT",301.91,2.45,"D"
"2774",30.82425,26.47182,337.94,0.37,0.58,"2026-09-20",1043,"N20","nominal","2.0NRT",301.7,1.58,"D"
"2775",9.16331,31.14742,332.78,0.79,0.78,"2026-09-20",1217,"N20","nominal","2.0NRT",287.67,9.92,"D"
"2776",9.41194,30.12047,329.34,0.68,0.74,"2026-09-20",1217,"N20","nominal","2.0NRT",287.26,29.75,"D"
"2777",9.41877,30.11969,356.42,0.68,0.74,"2026-09-20",1217,"N20","low","2.0NRT",288.81,29.75,"D"
"2778",9.58488,29.53906,330.95,0.62,0.72,"2026-09-20",1217,"N20","nominal","2.0NRT",291.34,6.98,"D"
"2779",9.58318,29.53763,343.18,0.63,0.72,"2026-09-20",1217,"N20","nominal","2.0NRT",291.9,11.53,"D"
"2780",10.73932,26.61339,333.04,0.41,0.61,"2026-09-20",1217,"N20","nominal","2.0NRT",297.31,2.91,"D"
"2781",36.01201,129.38298,302.08,0.64,0.72,"2026-09-20",1618,"N20","nominal","2.0NRT",288.71,1.79,"N"
"2782",36.0051,129.38991,300.14,0.63,0.72,"2026-09-20",1618,"N20","nominal","2.0NRT",288.95,1.79,"N"
"2783",35.50065,129.34578,299.91,0.63,0.72,"2026-09-20",1618,"N20","nominal","2.0NRT",289.21,1.89,"N"
"2784",34.9285,127.74638,306.34,0.77,0.78,"2026-09-20",1618,"N20","nominal","2.0NRT",289.51,5.23,"N"
"2785",34.91406,127.74586,304.27,0.77,0.78,"2026-09-20",1618,"N20","nominal","2.0NRT",289.75,3.13,"N"
"2786",34.84985,127.6998,299.61,0.78,0.78,"2026-09-20",1618,"N20","nominal","2.0NRT",288.29,3.01,"N"
"2787",34.05939,131.75676,306.48,0.45,0.63,"2026-09-20",1618,"N20","nominal","2.0NRT",288.36,1.25,"N"
"2788",34.0581,131.78151,308.37,0.45,0.63,"2026-09-20",1618,"N20","nominal","2.0NRT",287.77,1.89,"N"
"2789",33.80135,130.99033,304.29,0.5,0.66,"2026-09-20",1618,"N20","nominal","2.0NRT",290.47,1.46,"N"
"2790",33.78263,130.99956,302.1,0.5,0.65,"2026-09-20",1618,"N20","nominal","2.0NRT",290.56,1.69,"N"
"2791",33.80014,130.99089,302.95,0.5,0.65,"2026-09-20",1618,"N20","nominal","2.0NRT",291.22,1.36,"N"
"2792",68.90006,150.03999,298.42,0.38,0.44,"2026-09-20",1607,"N20","nominal","2.0NRT",269.83,1.04,"N"
"2793",68.89346,150.12558,302.17,0.38,0.43,"2026-09-20",1607,"N20","nominal","2.0NRT",269.72,0.88,"N"
"2794",68.89098,150.10423,329.49,0.38,0.43,"2026-09-20",1607,"N20","nominal","2.0NRT",269.96,1.57,"N"
"2795",68.89024,150.11372,309.18,0.38,0.43,"2026-09-20",1607,"N20","nominal","2.0NRT",269.84,1.43,"N"
"2796",68.88951,150.12321,297.67,0.38,0.43,"2026-09-20",1607,"N20","nominal","2.0NRT",269.54,1.43,"N"
"2797",68.88776,150.09239,299.66,0.38,0.43,"2026-09-20",1607,"N20","nominal","2.0NRT",268.69,1.57,"N"
"2798",56.63914,161.31128,304.39,0.53,0.42,"2026-09-20",1609,"N20","nominal","2.0NRT",280.68,3.66,"N"
"2799",56.63982,161.31322,304.36,0.53,0.42,"2026-09-20",1609,"N20","nominal","2.0NRT",280.29,1.9,"N"
"2800",54.62304,160.30946,306.85,0.55,0.43,"2026-09-20",1611,"N20","nominal","2.0NRT",268.5,9.69,"N"
"2801",54.61153,160.28604,341.54,0.55,0.43,"2026-09-20",1611,"N20","nominal","2.0NRT",270.15,12.4,"N"
"2802",54.60942,160.29506,302.68,0.55,0.43,"2026-09-20",1611,"N20","nominal","2.0NRT",271.44,1.87,"N"
"2803",45.3836,148.81505,305.81,0.39,0.36,"2026-09-20",1613,"N20","nominal","2.0NRT",286.55,1.15,"N"
"2804",43.42398,142.67418,302.11,0.47,0.4,"2026-09-20",1616,"N20","nominal","2.0NRT",280.78,1.25,"N"
"2805",37.48568,129.04129,295.37,0.68,0.74,"2026-09-20",1618,"N20","nominal","2.0NRT",285.37,1.37,"N"
"2806",37.48558,129.04759,302.65,0.68,0.74,"2026-09-20",1618,"N20","nominal","2.0NRT",287.19,2.07,"N"
"2807",37.48538,129.04333,302.19,0.68,0.74,"2026-09-20",1618,"N20","nominal","2.0NRT",286.07,1.47,"N"
"2808",37.48524,129.04985,299.82,0.68,0.74,"2026-09-20",1618,"N20","nominal","2.0NRT",286.66,1.47,"N"
"2809",37.42796,129.17027,301.81,0.67,0.73,"2026-09-20",1618,"N20","nominal","2.0NRT",286.82,1.41,"N"
"2810",37.42678,129.16656,298.19,0.67,0.73,"2026-09-20",1618,"N20","nominal","2.0NRT",286.21,0.96,"N"
"2811",46.78755,130.43477,295.54,0.38,0.44,"2026-09-20",1756,"N20","nominal","2.0NRT",282.56,1.03,"N"
"2812",46.60453,131.08218,300.63,0.41,0.45,"2026-09-20",1756,"N20","nominal","2.0NRT",280.97,0.8,"N"
"2813",46.60302,131.06985,303.21,0.41,0.45,"2026-09-20",1756,"N20","nominal","2.0NRT",282.89,1.38,"N"
"2814",45.82835,130.87195,310.57,0.42,0.45,"2026-09-20",1756,"N20","nominal","2.0NRT",281.49,1.4,"N"
"2815",45.82712,130.87715,306.05,0.42,0.45,"2026-09-20",1756,"N20","nominal","2.0NRT",283.49,1.4,"N"
"2816",45.79882,130.92149,301.82,0.42,0.46,"2026-09-20",1756,"N20","nominal","2.0NRT",282.57,0.81,"N"
"2817",45.79648,130.92407,304.45,0.43,0.46,"2026-09-20",1756,"N20","nominal","2.0NRT",283.11,1.16,"N"
"2818",45.85165,124.32805,297.39,0.39,0.36,"2026-09-20",1756,"N20","nominal","2.0NRT",280.51,0.33,"N"
"2819",46.39091,114.00254,330.24,0.47,0.48,"2026-09-20",1756,"N20","nominal","2.0NRT",281.3,3.57,"N"
"2820",46.39139,113.99635,299.93,0.47,0.48,"2026-09-20",1756,"N20","nominal","2.0NRT",278.3,3.57,"N"
"2821",46.38653,114.00182,340.06,0.47,0.48,"2026-09-20",1756,"N20","nominal","2.0NRT",282.7,3.57,"N"
"2822",43.5085,129.66309,300.33,0.42,0.45,"2026-09-20",1756,"N20","nominal","2.0NRT",284.54,0.88,"N"
"2823",44.32922,125.34273,301.5,0.42,0.38,"2026-09-20",1756,"N20","nominal","2.0NRT",278.88,0.54,"N"
"2824",45.93432,108.94846,301.07,0.41,0.6,"2026-09-20",1756,"N20","nominal","2.0NRT",280.62,0.78,"N"
"2825",45.72126,107.71186,299.78,0.47,0.64,"2026-09-20",1756,"N20","nominal","2.0NRT",279.8,0.75,"N"
"2826",43.27658,124.61854,295.78,0.42,0.37,"2026-09-20",1756,"N20","nominal","2.0NRT",282.71,0.52,"N"
"2827",42.88311,126.1561,297.91,0.47,0.4,"2026-09-20",1756,"N20","nominal","2.0NRT",280.62,0.65,"N"
"2828",43.20431,124.33261,320.23,0.41,0.37,"2026-09-20",1756,"N20","nominal","2.0NRT",283.73,2.47,"N"
"2829",43.20006,124.33643,322.49,0.41,0.37,"2026-09-20",1756,"N20","nominal","2.0NRT",284.48,2.47,"N"
"2830",43.65238,119.84164,302.71,0.4,0.37,"2026-09-20",1756,"N20","nominal","2.0NRT",284.3,0.78,"N"
"2831",43.55209,118.07063,302.93,0.44,0.39,"2026-09-20",1756,"N20","nominal","2.0NRT",281.88,0.57,"N"
"2832",43.5471,118.05258,298.51,0.44,0.39,"2026-09-20",1756,"N20","nominal","2.0NRT",284.64,0.95,"N"
"2833",43.53934,118.05653,302.3,0.44,0.39,"2026-09-20",1756,"N20","nominal","2.0NRT",282.47,0.78,"N"
"2834",42.03649,126.61738,318.5,0.5,0.41,"2026-09-20",1756,"N20","nominal","2.0NRT",285.06,1.92,"N"
"2835",44.15011,108.27896,295.31,0.43,0.62,"2026-09-20",1756,"N20","nominal","2.0NRT",282.38,0.64,"N"
"2836",43.62594,115.85073,299.16,0.54,0.42,"2026-09-20",1756,"N20","nominal","2.0NRT",280.8,0.84,"N"
"2837",41.93907,126.43629,295.84,0.5,0.41,"2026-09-20",1756,"N20","nominal","2.0NRT",283.56,0.44,"N"
"2838",41.87443,126.36114,295.56,0.5,0.41,"2026-09-20",1756,"N20","nominal","2.0NRT",284.98,0.61,"N"
"2839",42.8637,120.69911,301.07,0.39,0.36,"2026-09-20",1756,"N20","nominal","2.0NRT",284.59,0.83,"N"
"2840",42.85197,120.6861,299.65,0.39,0.36,"2026-09-20",1758,"N20","nominal","2.0NRT",284.73,0.67,"N"
"2841",41.84625,126.27007,297.3,0.49,0.4,"2026-09-20",1758,"N20","nominal","2.0NRT",284.83,0.62,"N"
"2842",42.21307,123.89436,302.23,0.41,0.37,"2026-09-20",1758,"N20","nominal","2.0NRT",283.21,0.89,"N"
"2843",41.78336,126.01402,295.46,0.48,0.4,"2026-09-20",1758,"N20","nominal","2.0NRT",285.36,0.61,"N"
"2844",41.7739,126.02282,309.81,0.48,0.4,"2026-09-20",1758,"N20","nominal","2.0NRT",287.75,1.47,"N"
"2845",41.84411,123.75326,339.75,0.41,0.37,"2026-09-20",1758,"N20","nominal","2.0NRT",289.27,5.31,"N"
"2846",42.15483,121.69958,298.42,0.38,0.36,"2026-09-20",1758,"N20","nominal","2.0NRT",284.09,0.99,"N"
"2847",42.08315,121.74121,297.48,0.38,0.36,"2026-09-20",1758,"N20","nominal","2.0NRT",282.11,0.47,"N"
"2848",42.21849,120.81519,296.4,0.39,0.36,"2026-09-20",1758,"N20","nominal","2.0NRT",284.9,0.86,"N"
"2849",40.8744,127.67256,298.36,0.39,0.44,"2026-09-20",1758,"N20","nominal","2.0NRT",278.32,0.74,"N"
"2850",42.27674,119.02155,297.4,0.41,0.37,"2026-09-20",1758,"N20","nominal","2.0NRT",284.98,0.76,"N"
"2851",42.25121,119.13187,329.86,0.41,0.37,"2026-09-20",1758,"N20","nominal","2.0NRT",287.44,3.66,"N"
"2852",41.36052,123.71568,307.01,0.41,0.37,"2026-09-20",1758,"N20","nominal","2.0NRT",285.95,1.07,"N"
"2853",41.3494,123.73782,302.75,0.41,0.37,"2026-09-20",1758,"N20","nominal","2.0NRT",285.69,0.96,"N"
"2854",41.38367,123.48898,308.54,0.41,0.37,"2026-09-20",1758,"N20","nominal","2.0NRT",284.91,1.13,"N"
"2855",41.34774,123.47256,301.23,0.41,0.37,"2026-09-20",1758,"N20","nominal","2.0NRT",286.02,0.66,"N"
"2856",41.28096,123.74203,312.56,0.42,0.37,"2026-09-20",1758,"N20","nominal","2.0NRT",290.92,1.74,"N"
"2857",41.28293,123.71188,298.51,0.41,0.37,"2026-09-20",1758,"N20","nominal","2.0NRT",287.14,0.59,"N"
"2858",41.27761,123.74091,309.19,0.42,0.37,"2026-09-20",1758,"N20","nominal","2.0NRT",287.47,1.17,"N"
"2859",41.27059,123.74117,299.66,0.42,0.37,"2026-09-20",1758,"N20","nominal","2.0NRT",286.36,0.73,"N"
"2860",41.27246,123.71117,306.16,0.41,0.37,"2026-09-20",1758,"N20","nominal","2.0NRT",287.8,1.1,"N"
"2861",41.96737,119.18018,298.02,0.4,0.37,"2026-09-20",1758,"N20","nominal","2.0NRT",283.26,0.57,"N"
"2862",41.30621,123.32578,304.18,0.41,0.37,"2026-09-20",1758,"N20","nominal","2.0NRT",285.42,1.07,"N"
"2863",41.23097,123.62611,297.8,0.41,0.37,"2026-09-20",1758,"N20","nominal","2.0NRT",287.54,0.53,"N"
"2864",41.22016,123.60744,301.33,0.41,0.37,"2026-09-20",1758,"N20","nominal","2.0NRT",288.23,1.14,"N"
"2865",41.21841,123.61708,306.6,0.41,0.37,"2026-09-20",1758,"N20","nominal","2.0NRT",291.17,1.49,"N"
"2866",41.27462,123.28575,303.82,0.41,0.37,"2026-09-20",1758,"N20","nominal","2.0NRT",287.1,1.15,"N"
"2867",41.22569,123.33872,299.87,0.41,0.37,"2026-09-20",1758,"N20","nominal","2.0NRT",286.19,0.78,"N"
"2868",42.21719,116.58085,295.74,0.49,0.4,"2026-09-20",1758,"N20","nominal","2.0NRT",279.78,1.79,"N"
"2869",41.56036,121.29084,299.89,0.38,0.36,"2026-09-20",1758,"N20","nominal","2.0NRT",287.65,0.67,"N"
"2870",41.55709,121.28991,301.28,0.38,0.36,"2026-09-20",1758,"N20","nominal","2.0NRT",286.91,0.67,"N"
"2871",41.83248,119.29372,302.3,0.4,0.37,"2026-09-20",1758,"N20","nominal","2.0NRT",288.09,1.78,"N"
"2872",41.83048,119.28327,297.65,0.4,0.37,"2026-09-20",1758,"N20","nominal","2.0NRT",287.58,1.1,"N"
"2873",41.78149,119.48327,322.91,0.4,0.37,"2026-09-20",1758,"N20","nominal","2.0NRT",279.56,1.79,"N"
"2874",41.19376,122.87445,303.27,0.4,0.37,"2026-09-20",1758,"N20","nominal","2.0NRT",287.99,1.51,"N"
"2875",41.16171,122.97807,301.06,0.4,0.37,"2026-09-20",1758,"N20","nominal","2.0NRT",286.3,0.71,"N"
"2876",41.16481,122.88036,297.15,0.4,0.37,"2026-09-20",1758,"N20","nominal","2.0NRT",283.59,0.59,"N"
"2877",41.14926,122.96928,306.28,0.4,0.37,"2026-09-20",1758,"N20","nominal","2.0NRT",288.64,1.96,"N"
"2878",41.141,122.99641,310.77,0.4,0.37,"2026-09-20",1758,"N20","nominal","2.0NRT",290.83,1.1,"N"
"2879",41.1418,122.97194,308.04,0.4,0.37,"2026-09-20",1758,"N20","nominal","2.0NRT",290.56,1.08,"N"
"2880",41.13851,122.99068,313.26,0.4,0.37,"2026-09-20",1758,"N20","nominal","2.0NRT",289.75,1.02,"N"
"2881",41.13768,122.99537,313.24,0.4,0.37,"2026-09-20",1758,"N20","nominal","2.0NRT",289.52,1.48,"N"
"2882",41.13931,122.96625,308.49,0.4,0.37,"2026-09-20",1758,"N20","nominal","2.0NRT",291.13,1.08,"N"
"2883",41.13519,122.98966,307.68,0.4,0.37,"2026-09-20",1758,"N20","nominal","2.0NRT",290.81,1.02,"N"
"2884",41.13437,122.99436,310.89,0.4,0.37,"2026-09-20",1758,"N20","nominal","2.0NRT",291.59,1.48,"N"
"2885",41.13434,122.97458,320.84,0.4,0.37,"2026-09-20",1758,"N20","nominal","2.0NRT",288.16,0.9,"N"
"2886",41.13352,122.97925,299.64,0.4,0.37,"2026-09-20",1758,"N20","nominal","2.0NRT",289.34,0.9,"N"
"2887",41.1302,122.97823,302.21,0.4,0.37,"2026-09-20",1758,"N20","nominal","2.0NRT",291.41,0.9,"N"
"2888",41.52279,120.36592,310.37,0.39,0.36,"2026-09-20",1758,"N20","nominal","2.0NRT",286.85,1.33,"N"
"2889",41.30824,121.56165,300.34,0.39,0.36,"2026-09-20",1758,"N20","nominal","2.0NRT",283.48,0.53,"N"
"2890",41.45559,119.83585,307.65,0.39,0.36,"2026-09-20",1758,"N20","nominal","2.0NRT",284.64,0.63,"N"
"2891",41.05831,120.98737,296.62,0.38,0.36,"2026-09-20",1758,"N20","nominal","2.0NRT",285.01,0.77,"N"
"2892",41.28531,119.41489,301.43,0.4,0.37,"2026-09-20",1758,"N20","nominal","2.0NRT",287.83,0.7,"N"
"2893",41.28199,119.41405,298.27,0.4,0.37,"2026-09-20",1758,"N20","nominal","2.0NRT",285.94,0.7,"N"
"2894",41.272,119.41151,298.46,0.4,0.37,"2026-09-20",1758,"N20","nominal","2.0NRT",287.06,1.1,"N"
"2895",41.26534,119.40982,304.74,0.4,0.37,"2026-09-20",1758,"N20","nominal","2.0NRT",286.62,1.27,"N"
"2896",41.88295,114.04251,296.23,0.42,0.45,"2026-09-20",1758,"N20","nominal","2.0NRT",279.91,0.92,"N"
"2897",41.8609,114.09932,310.4,0.41,0.45,"2026-09-20",1758,"N20","nominal","2.0NRT",277.9,1.17,"N"
"2898",41.85678,114.09858,295.35,0.41,0.45,"2026-09-20",1758,"N20","nominal","2.0NRT",281.73,1.17,"N"
"2899",41.1745,119.7056,299.02,0.39,0.36,"2026-09-20",1758,"N20","nominal","2.0NRT",283.28,0.45,"N"
"2900",40.67469,122.68105,296.68,0.4,0.37,"2026-09-20",1758,"N20","nominal","2.0NRT",285.92,0.52,"N"
"2901",40.66516,122.59549,306.51,0.4,0.37,"2026-09-20",1758,"N20","nominal","2.0NRT",287,0.82,"N"
"2902",40.73339,122.01435,298.33,0.39,0.36,"2026-09-20",1758,"N20","nominal","2.0NRT",287.16,0.94,"N"
"2903",40.66724,122.40258,300.11,0.39,0.37,"2026-09-20",1758,"N20","nominal","2.0NRT",288.68,0.98,"N"
"2904",40.60808,122.58348,296.34,0.4,0.37,"2026-09-20",1758,"N20","nominal","2.0NRT",286.06,0.42,"N"
"2905",40.97437,119.42752,302.76,0.39,0.37,"2026-09-20",1758,"N20","nominal","2.0NRT",285.17,0.58,"N"
"2906",40.9737,119.43215,297.88,0.39,0.37,"2026-09-20",1758,"N20","nominal","2.0NRT",285.61,0.58,"N"
"2907",40.84673,120.21775,297.71,0.39,0.36,"2026-09-20",1758,"N20","nominal","2.0NRT",285.19,0.46,"N"
"2908",40.72494,120.93607,304.73,0.38,0.36,"2026-09-20",1758,"N20","nominal","2.0NRT",286.73,0.72,"N"
"2909",41.88096,110.10476,306.1,0.33,0.55,"2026-09-20",1758,"N20","nominal","2.0NRT",283.29,1,"N"
"2910",41.02242,118.79562,299.71,0.41,0.37,"2026-09-20",1758,"N20","nominal","2.0NRT",285.39,0.69,"N"
"2911",40.8111,119.47029,296.68,0.39,0.36,"2026-09-20",1758,"N20","nominal","2.0NRT",285.23,0.29,"N"
"2912",40.31728,122.14562,307.95,0.39,0.36,"2026-09-20",1758,"N20","nominal","2.0NRT",290.35,1.64,"N"
"2913",40.31301,122.1301,310.57,0.39,0.36,"2026-09-20",1758,"N20","nominal","2.0NRT",293.08,2.01,"N"
"2914",40.30993,122.14823,302.73,0.39,0.36,"2026-09-20",1758,"N20","nominal","2.0NRT",289.44,0.53,"N"
"2915",40.9637,117.69257,297.17,0.43,0.38,"2026-09-20",1758,"N20","nominal","2.0NRT",287.13,0.44,"N"
"2916",40.95001,117.71543,299.42,0.43,0.38,"2026-09-20",1758,"N20","nominal","2.0NRT",288.29,0.85,"N"
"2917",40.9424,117.71901,300.47,0.43,0.38,"2026-09-20",1758,"N20","nominal","2.0NRT",288.35,0.8,"N"
"2918",40.7843,118.25742,300.98,0.42,0.37,"2026-09-20",1758,"N20","nominal","2.0NRT",286.14,0.67,"N"
"2919",39.44482,126.02218,324.97,0.53,0.42,"2026-09-20",1758,"N20","nominal","2.0NRT",288.6,4.39,"N"
"2920",40.3393,121.10355,321.3,0.38,0.36,"2026-09-20",1758,"N20","nominal","2.0NRT",293.41,1.04,"N"
"2921",40.24291,121.02342,309.45,0.38,0.36,"2026-09-20",1758,"N20","nominal","2.0NRT",292.97,0.66,"N"
"2922",41.30376,108.564,298.85,0.39,0.59,"2026-09-20",1758,"N20","nominal","2.0NRT",283.56,0.89,"N"
"2923",40.77752,113.28166,301.35,0.44,0.46,"2026-09-20",1758,"N20","nominal","2.0NRT",283.74,1.56,"N"
"2924",40.58865,115.09129,314.53,0.54,0.42,"2026-09-20",1758,"N20","nominal","2.0NRT",287.13,1.75,"N"
"2925",40.09664,118.92822,305.13,0.4,0.37,"2026-09-20",1758,"N20","nominal","2.0NRT",283.21,0.89,"N"
"2926",40.1128,118.73959,317.24,0.4,0.37,"2026-09-20",1758,"N20","nominal","2.0NRT",290.86,2.18,"N"
"2927",40.11325,118.72751,308.47,0.4,0.37,"2026-09-20",1758,"N20","nominal","2.0NRT",291.25,1.21,"N"
"2928",40.11259,118.73219,310.97,0.4,0.37,"2026-09-20",1758,"N20","nominal","2.0NRT",291.59,1.21,"N"
"2929",40.11193,118.73684,313.47,0.4,0.37,"2026-09-20",1758,"N20","nominal","2.0NRT",292.1,1.46,"N"
"2930",40.10923,118.73138,301.76,0.4,0.37,"2026-09-20",1758,"N20","nominal","2.0NRT",291.6,1.21,"N"
"2931",40.10857,118.73604,301.71,0.4,0.37,"2026-09-20",1758,"N20","nominal","2.0NRT",290.52,1.46,"N"
"2932",40.97277,110.08626,302.7,0.32,0.55,"2026-09-20",1758,"N20","nominal","2.0NRT",285.02,1.04,"N"
"2933",40.12534,118.44334,304.21,0.41,0.37,"2026-09-20",1758,"N20","nominal","2.0NRT",290.08,0.96,"N"
"2934",39.79934,120.61292,320.55,0.38,0.36,"2026-09-20",1758,"N20","nominal","2.0NRT",293.09,1.42,"N"
"2935",40.17595,118.04852,302.87,0.42,0.37,"2026-09-20",1758,"N20","nominal","2.0NRT",291.32,1.06,"N"
"2936",40.1753,118.0534,312,0.42,0.37,"2026-09-20",1758,"N20","nominal","2.0NRT",293.84,1.57,"N"
"2937",40.17464,118.05827,303.2,0.42,0.37,"2026-09-20",1758,"N20","nominal","2.0NRT",292.25,1.57,"N"
"2938",39.58117,121.43138,301.01,0.39,0.36,"2026-09-20",1758,"N20","nominal","2.0NRT",290.69,0.89,"N"
"2939",39.96381,118.54935,324.74,0.4,0.37,"2026-09-20",1758,"N20","nominal","2.0NRT",292.66,1.74,"N"
"2940",40.96414,106.85169,295.54,0.48,0.65,"2026-09-20",1758,"N20","nominal","2.0NRT",283.11,0.88,"N"
"2941",39.96043,118.54856,304.21,0.4,0.37,"2026-09-20",1758,"N20","nominal","2.0NRT",292.45,1.27,"N"
"2942",39.95771,118.54317,302.94,0.4,0.37,"2026-09-20",1758,"N20","nominal","2.0NRT",292.3,1.29,"N"
"2943",39.95434,118.54243,312.49,0.4,0.37,"2026-09-20",1758,"N20","nominal","2.0NRT",293.22,1.35,"N"
"2944",40.93618,106.78566,297.36,0.48,0.65,"2026-09-20",1758,"N20","nominal","2.0NRT",286.57,1.89,"N"
"2945",39.94567,118.55475,302.44,0.4,0.37,"2026-09-20",1758,"N20","nominal","2.0NRT",290.57,0.97,"N"
"2946",39.94502,118.55943,303.37,0.4,0.37,"2026-09-20",1758,"N20","nominal","2.0NRT",288.99,0.97,"N"
"2947",39.94437,118.56413,299.88,0.4,0.37,"2026-09-20",1758,"N20","nominal","2.0NRT",288.12,0.66,"N"
"2948",39.941,118.56337,297.59,0.4,0.37,"2026-09-20",1758,"N20","nominal","2.0NRT",287.42,0.66,"N"
"2949",39.93904,118.57738,305.87,0.4,0.37,"2026-09-20",1758,"N20","nominal","2.0NRT",291.36,1.27,"N"
"2950",39.92263,118.67015,304.28,0.4,0.37,"2026-09-20",1758,"N20","nominal","2.0NRT",290.29,0.87,"N"
"2951",39.91125,118.67715,308.16,0.4,0.37,"2026-09-20",1758,"N20","nominal","2.0NRT",291.07,1.44,"N"
"2952",39.91497,118.60069,304.59,0.4,0.37,"2026-09-20",1758,"N20","nominal","2.0NRT",288.16,0.62,"N"
"2953",39.91362,118.60265,306.27,0.4,0.37,"2026-09-20",1758,"N20","nominal","2.0NRT",288.86,0.82,"N"
"2954",39.90553,118.58625,306.53,0.4,0.37,"2026-09-20",1758,"N20","nominal","2.0NRT",292.06,1.28,"N"
"2955",39.90216,118.58546,318.24,0.4,0.37,"2026-09-20",1758,"N20","nominal","2.0NRT",292.86,2.73,"N"
"2956",40.93415,106.78371,299.26,0.48,0.65,"2026-09-20",1758,"N20","nominal","2.0NRT",286.76,1.42,"N"
"2957",39.90121,118.49332,322.57,0.4,0.37,"2026-09-20",1758,"N20","nominal","2.0NRT",289.07,1.92,"N"
"2958",39.91897,118.36591,308.79,0.41,0.37,"2026-09-20",1758,"N20","nominal","2.0NRT",288.68,0.69,"N"
"2959",39.9156,118.36509,298.86,0.41,0.37,"2026-09-20",1758,"N20","nominal","2.0NRT",288.03,0.69,"N"
"2960",39.88463,118.56196,302.51,0.4,0.37,"2026-09-20",1758,"N20","nominal","2.0NRT",288.78,0.91,"N"
"2961",39.8793,118.57519,301.16,0.4,0.37,"2026-09-20",1758,"N20","nominal","2.0NRT",288.5,0.88,"N"
"2962",39.88117,118.53706,302.74,0.4,0.37,"2026-09-20",1758,"N20","nominal","2.0NRT",291.89,1.08,"N"
"2963",39.87987,118.54637,304.35,0.4,0.37,"2026-09-20",1758,"N20","nominal","2.0NRT",292.23,1.6,"N"
"2964",39.92109,118.22395,308.34,0.41,0.37,"2026-09-20",1758,"N20","nominal","2.0NRT",287.51,1.52,"N"
"2965",39.92043,118.22874,315.55,0.41,0.37,"2026-09-20",1758,"N20","nominal","2.0NRT",290.66,2.03,"N"
"2966",39.87329,118.16344,327.92,0.41,0.37,"2026-09-20",1758,"N20","nominal","2.0NRT",284.57,2.41,"N"
"2967",39.85898,118.19268,304.37,0.41,0.37,"2026-09-20",1758,"N20","nominal","2.0NRT",286.88,0.73,"N"
"2968",39.83788,118.34463,299.01,0.41,0.37,"2026-09-20",1758,"N20","nominal","2.0NRT",288.55,1.14,"N"
"2969",39.7504,118.81595,303.95,0.4,0.37,"2026-09-20",1758,"N20","nominal","2.0NRT",291.59,0.71,"N"
"2970",39.81969,118.19833,298.7,0.41,0.37,"2026-09-20",1758,"N20","nominal","2.0NRT",287.46,1.37,"N"
"2971",40.65216,109.7393,322.71,0.34,0.56,"2026-09-20",1758,"N20","nominal","2.0NRT",289.87,2.53,"N"
"2972",39.8163,118.19756,325.54,0.41,0.37,"2026-09-20",1758,"N20","nominal","2.0NRT",287.42,1.37,"N"
"2973",40.64727,109.73464,300.99,0.34,0.56,"2026-09-20",1758,"N20","nominal","2.0NRT",287.15,1.05,"N"
"2974",40.64702,109.7387,302.72,0.34,0.56,"2026-09-20",1758,"N20","nominal","2.0NRT",288.51,1.49,"N"
"2975",40.6458,109.75883,302.15,0.33,0.56,"2026-09-20",1758,"N20","nominal","2.0NRT",285.58,1.26,"N"
"2976",40.63673,109.73751,310.31,0.34,0.56,"2026-09-20",1758,"N20","nominal","2.0NRT",288.46,0.61,"N"
"2977",40.39277,113.00507,302.02,0.45,0.47,"2026-09-20",1758,"N20","nominal","2.0NRT",281.66,1.16,"N"
"2978",40.3899,113.0371,299.21,0.45,0.47,"2026-09-20",1758,"N20","nominal","2.0NRT",283.83,1.1,"N"
"2979",40.63159,109.73694,298.25,0.34,0.56,"2026-09-20",1758,"N20","nominal","2.0NRT",287.89,0.61,"N"
"2980",39.4664,120.45251,342.01,0.38,0.36,"2026-09-20",1758,"N20","nominal","2.0NRT",292.17,3.91,"N"
"2981",40.62717,109.72412,300.26,0.34,0.56,"2026-09-20",1758,"N20","nominal","2.0NRT",287.92,0.9,"N"
"2982",40.62572,109.74843,295.01,0.33,0.56,"2026-09-20",1758,"N20","nominal","2.0NRT",284.58,0.57,"N"
"2983",40.62036,109.75172,302.94,0.33,0.56,"2026-09-20",1758,"N20","nominal","2.0NRT",285.4,0.88,"N"
"2984",39.75093,118.51848,307.23,0.4,0.37,"2026-09-20",1758,"N20","nominal","2.0NRT",288.12,0.7,"N"
"2985",39.80281,118.09087,332.9,0.41,0.37,"2026-09-20",1758,"N20","nominal","2.0NRT",286.18,3.54,"N"
"2986",39.8046,118.05168,319.45,0.41,0.37,"2026-09-20",1758,"N20","nominal","2.0NRT",285.54,1.65,"N"
"2987",40.14066,115.26315,296.99,0.52,0.42,"2026-09-20",1758,"N20","nominal","2.0NRT",281.77,0.78,"N"
"2988",39.18329,122.05695,302.31,0.4,0.37,"2026-09-20",1758,"N20","nominal","2.0NRT",283.5,1.2,"N"
"2989",40.59863,109.68004,320.97,0.34,0.56,"2026-09-20",1758,"N20","nominal","2.0NRT",284.11,1.49,"N"
"2990",40.58769,109.77988,299.64,0.33,0.56,"2026-09-20",1758,"N20","nominal","2.0NRT",285.96,0.87,"N"
"2991",39.66522,118.90479,301.26,0.4,0.37,"2026-09-20",1758,"N20","nominal","2.0NRT",291.04,0.87,"N"
"2992",39.66451,118.88563,310.92,0.4,0.37,"2026-09-20",1758,"N20","nominal","2.0NRT",290.99,1.36,"N"
"2993",39.66385,118.89022,315.08,0.4,0.37,"2026-09-20",1758,"N20","nominal","2.0NRT",291.07,1.36,"N"
"2994",39.66319,118.89481,316.76,0.4,0.37,"2026-09-20",1758,"N20","nominal","2.0NRT",292.86,1.54,"N"
"2995",39.66254,118.8994,305.76,0.4,0.37,"2026-09-20",1758,"N20","nominal","2.0NRT",292.45,1.54,"N"
"2996",39.66051,118.88943,302.73,0.4,0.37,"2026-09-20",1758,"N20","nominal","2.0NRT",292.45,1.76,"N"
"2997",39.65652,118.89321,306.84,0.4,0.37,"2026-09-20",1758,"N20","nominal","2.0NRT",291.8,1.28,"N"
"2998",39.65587,118.8978,306.01,0.4,0.37,"2026-09-20",1758,"N20","nominal","2.0NRT",290.87,1.28,"N"
"2999",39.75768,118.08877,323.55,0.41,0.37,"2026-09-20",1758,"N20","nominal","2.0NRT",285.04,2.53,"N"
"3000",40.58544,109.77832,304.6,0.33,0.56,"2026-09-20",1758,"N20","nominal","2.0NRT",285.8,0.98,"N"
"3001",39.69822,118.44147,299.92,0.4,0.37,"2026-09-20",1758,"N20","nominal","2.0NRT",288.99,0.47,"N"
"3002",39.6586,118.67272,301.89,0.4,0.37,"2026-09-20",1758,"N20","nominal","2.0NRT",289.19,0.58,"N"
"3003",39.65459,118.67656,323.07,0.4,0.37,"2026-09-20",1758,"N20","nominal","2.0NRT",291.78,3.12,"N"
"3004",39.65525,118.67193,300.64,0.4,0.37,"2026-09-20",1758,"N20","nominal","2.0NRT",289.19,0.58,"N"
"3005",40.58004,109.35413,315.08,0.35,0.57,"2026-09-20",1758,"N20","nominal","2.0NRT",286.83,1.07,"N"
"3006",40.57979,109.35831,296.92,0.35,0.57,"2026-09-20",1758,"N20","nominal","2.0NRT",285.69,1.07,"N"
"3007",40.57552,109.341,296.36,0.35,0.57,"2026-09-20",1758,"N20","nominal","2.0NRT",281.86,0.39,"N"
"3008",39.61828,118.4662,300.03,0.4,0.37,"2026-09-20",1758,"N20","nominal","2.0NRT",288.08,1.58,"N"
"3009",39.61091,118.46929,309.63,0.4,0.37,"2026-09-20",1758,"N20","nominal","2.0NRT",293.17,1.95,"N"
"3010",39.61026,118.47395,316.1,0.4,0.37,"2026-09-20",1758,"N20","nominal","2.0NRT",292.85,2.42,"N"
"3011",39.60573,118.47564,304.35,0.4,0.37,"2026-09-20",1758,"N20","nominal","2.0NRT",291.41,0.89,"N"
"3012",39.60441,118.48497,303.47,0.4,0.37,"2026-09-20",1758,"N20","nominal","2.0NRT",289.54,1.02,"N"
"3013",39.60171,118.47952,299.63,0.4,0.37,"2026-09-20",1758,"N20","nominal","2.0NRT",288.96,0.89,"N"
"3014",39.59696,118.46394,306.22,0.4,0.37,"2026-09-20",1758,"N20","nominal","2.0NRT",292,1.75,"N"
"3015",39.59498,118.47794,298.8,0.4,0.37,"2026-09-20",1758,"N20","nominal","2.0NRT",288.26,1.3,"N"
"3016",39.60469,118.35941,324.87,0.41,0.37,"2026-09-20",1758,"N20","nominal","2.0NRT",292.63,2.11,"N"
"3017",39.62506,117.95763,329.51,0.41,0.37,"2026-09-20",1758,"N20","nominal","2.0NRT",289.31,3.52,"N"
"3018",39.61288,117.9697,303.72,0.41,0.37,"2026-09-20",1758,"N20","nominal","2.0NRT",288.11,0.83,"N"
"3019",39.61142,117.95451,325.44,0.41,0.37,"2026-09-20",1758,"N20","nominal","2.0NRT",290.71,2.17,"N"
"3020",40.45221,108.89503,297.37,0.37,0.58,"2026-09-20",1758,"N20","nominal","2.0NRT",280.98,0.68,"N"
"3021",40.3662,109.9566,300.19,0.32,0.55,"2026-09-20",1758,"N20","nominal","2.0NRT",284.71,0.96,"N"
"3022",39.48716,118.70135,298.63,0.4,0.37,"2026-09-20",1758,"N20","nominal","2.0NRT",281.6,1.2,"N"
"3023",37.48292,129.04506,307.53,0.55,0.51,"2026-09-20",1758,"N20","nominal","2.0NRT",288.9,1.21,"N"
"3024",40.36768,109.95718,301.54,0.32,0.55,"2026-09-20",1758,"N20","nominal","2.0NRT",285.87,0.94,"N"
"3025",37.48315,129.05042,305.75,0.55,0.51,"2026-09-20",1758,"N20","nominal","2.0NRT",289.92,2.32,"N"
"3026",39.52841,118.07603,300.43,0.41,0.37,"2026-09-20",1758,"N20","nominal","2.0NRT",289.81,0.56,"N"
"3027",39.52775,118.08079,302.4,0.41,0.37,"2026-09-20",1758,"N20","nominal","2.0NRT",289.52,0.5,"N"
"3028",37.42424,129.17264,313.25,0.56,0.51,"2026-09-20",1758,"N20","nominal","2.0NRT",288.75,2.2,"N"
"3029",39.50608,118.08564,299.8,0.41,0.37,"2026-09-20",1758,"N20","nominal","2.0NRT",287.18,0.81,"N"
"3030",40.30985,110.06281,305.86,0.32,0.55,"2026-09-20",1758,"N20","nominal","2.0NRT",284.85,0.88,"N"
"3031",39.49849,118.06429,303.97,0.41,0.37,"2026-09-20",1758,"N20","nominal","2.0NRT",285.89,0.82,"N"
"3032",39.46909,118.25262,301.88,0.41,0.37,"2026-09-20",1758,"N20","nominal","2.0NRT",291.32,1.18,"N"
"3033",39.43576,118.46679,327.63,0.4,0.37,"2026-09-20",1758,"N20","nominal","2.0NRT",286.09,1.92,"N"
"3034",39.46376,118.26594,309.51,0.41,0.37,"2026-09-20",1758,"N20","nominal","2.0NRT",288.54,1.08,"N"
"3035",39.43641,118.46214,319.15,0.4,0.37,"2026-09-20",1758,"N20","nominal","2.0NRT",283.57,1.58,"N"
"3036",39.4337,118.45671,323.72,0.4,0.37,"2026-09-20",1758,"N20","nominal","2.0NRT",272.3,1.58,"N"
"3037",39.43305,118.46136,303.55,0.4,0.37,"2026-09-20",1758,"N20","nominal","2.0NRT",274.45,1.58,"N"
"3038",39.4324,118.46601,298.97,0.4,0.37,"2026-09-20",1758,"N20","nominal","2.0NRT",278.79,1.92,"N"
"3039",39.48216,118.05564,299.27,0.41,0.37,"2026-09-20",1758,"N20","nominal","2.0NRT",285.72,0.75,"N"
"3040",39.46356,118.11502,307.29,0.41,0.37,"2026-09-20",1758,"N20","nominal","2.0NRT",290.53,1.16,"N"
"3041",39.28168,119.02449,330.47,0.39,0.36,"2026-09-20",1758,"N20","nominal","2.0NRT",287.92,2.34,"N"
"3042",39.27705,119.0561,313.69,0.39,0.36,"2026-09-20",1758,"N20","nominal","2.0NRT",289.19,1.33,"N"
"3043",39.27374,119.05529,306.57,0.39,0.36,"2026-09-20",1758,"N20","nominal","2.0NRT",289.61,1.33,"N"
"3044",39.2691,119.0635,310.26,0.39,0.36,"2026-09-20",1758,"N20","nominal","2.0NRT",289.06,1.25,"N"
"3045",39.26841,119.02128,311.63,0.39,0.36,"2026-09-20",1758,"N20","nominal","2.0NRT",286.96,1.14,"N"
"3046",39.2598,119.03322,303.92,0.39,0.36,"2026-09-20",1758,"N20","nominal","2.0NRT",289.71,1.11,"N"
"3047",39.24719,119.02548,306.46,0.39,0.36,"2026-09-20",1758,"N20","nominal","2.0NRT",287.65,0.95,"N"
"3048",39.94634,113.07776,299.76,0.44,0.46,"2026-09-20",1758,"N20","nominal","2.0NRT",282.62,0.77,"N"
"3049",39.30144,117.78862,312.82,0.42,0.37,"2026-09-20",1758,"N20","nominal","2.0NRT",290.11,1.87,"N"
"3050",39.21481,118.09126,303.83,0.41,0.37,"2026-09-20",1758,"N20","nominal","2.0NRT",288.72,2.25,"N"
"3051",39.14555,118.43591,310.79,0.4,0.37,"2026-09-20",1758,"N20","nominal","2.0NRT",281.52,0.89,"N"
"3052",37.49061,126.63813,301.65,0.41,0.45,"2026-09-20",1758,"N20","nominal","2.0NRT",283.63,0.63,"N"
"3053",38.96075,118.50873,295.18,0.4,0.37,"2026-09-20",1758,"N20","nominal","2.0NRT",272.5,1.25,"N"
"3054",38.95611,118.51709,309.95,0.4,0.37,"2026-09-20",1758,"N20","nominal","2.0NRT",274.43,1.61,"N"
"3055",38.95341,118.51173,302.52,0.4,0.37,"2026-09-20",1758,"N20","nominal","2.0NRT",277.4,2.34,"N"
"3056",37.02725,128.31616,299.39,0.51,0.5,"2026-09-20",1758,"N20","nominal","2.0NRT",277.04,0.85,"N"
"3057",37.01188,128.34067,298.41,0.51,0.5,"2026-09-20",1758,"N20","nominal","2.0NRT",278.85,0.63,"N"
"3058",39.87299,106.89232,299.98,0.47,0.64,"2026-09-20",1758,"N20","nominal","2.0NRT",285.1,1.2,"N"
"3059",39.87163,106.7766,299.27,0.48,0.64,"2026-09-20",1758,"N20","nominal","2.0NRT",286.92,1.16,"N"
"3060",39.39935,110.638,312.69,0.58,0.52,"2026-09-20",1758,"N20","nominal","2.0NRT",286.63,2.19,"N"
"3061",39.3955,110.41168,297.19,0.6,0.53,"2026-09-20",1758,"N20","nominal","2.0NRT",281.59,1.2,"N"
"3062",39.39499,110.41927,298.52,0.6,0.53,"2026-09-20",1758,"N20","nominal","2.0NRT",282.6,1.2,"N"
"3063",39.39338,110.41242,300.58,0.6,0.53,"2026-09-20",1758,"N20","nominal","2.0NRT",281.8,1.36,"N"
"3064",39.39281,110.41995,296.07,0.6,0.53,"2026-09-20",1758,"N20","nominal","2.0NRT",283.9,1.6,"N"
"3065",39.35629,110.37881,332.86,0.6,0.53,"2026-09-20",1758,"N20","nominal","2.0NRT",284.5,4.73,"N"
"3066",36.98412,126.71293,328.33,0.42,0.46,"2026-09-20",1758,"N20","nominal","2.0NRT",292.67,4.16,"N"
"3067",36.98513,126.70833,314.03,0.42,0.46,"2026-09-20",1758,"N20","nominal","2.0NRT",293.76,5.12,"N"
"3068",36.98513,126.68845,312.76,0.42,0.45,"2026-09-20",1758,"N20","nominal","2.0NRT",286.64,2.31,"N"
"3069",36.98107,126.68706,299.47,0.42,0.45,"2026-09-20",1758,"N20","nominal","2.0NRT",276.05,0.56,"N"
"3070",39.53223,106.51096,298.7,0.49,0.65,"2026-09-20",1758,"N20","nominal","2.0NRT",285.71,1.03,"N"
"3071",39.53201,106.51686,299.36,0.49,0.65,"2026-09-20",1758,"N20","nominal","2.0NRT",286.64,1.03,"N"
"3072",39.52618,106.51083,297.83,0.49,0.65,"2026-09-20",1758,"N20","nominal","2.0NRT",284.33,1.03,"N"
"3073",39.47858,107.13569,300.95,0.45,0.63,"2026-09-20",1758,"N20","nominal","2.0NRT",283.67,1.48,"N"
"3074",39.47274,107.1352,296.52,0.45,0.63,"2026-09-20",1758,"N20","nominal","2.0NRT",282.8,1.38,"N"
"3075",32.13161,121.48956,310.11,0.44,0.39,"2026-09-20",1800,"N20","nominal","2.0NRT",291.87,1.22,"N"
"3076",39.47749,106.6935,304.21,0.48,0.65,"2026-09-20",1758,"N20","nominal","2.0NRT",287.12,1.47,"N"
"3077",36.95273,126.61799,313.4,0.42,0.45,"2026-09-20",1758,"N20","nominal","2.0NRT",283.48,1.26,"N"
"3078",32.12028,121.51096,305.8,0.45,0.39,"2026-09-20",1800,"N20","nominal","2.0NRT",292.36,1.67,"N"
"3079",39.46514,106.70379,303.86,0.48,0.65,"2026-09-20",1758,"N20","nominal","2.0NRT",290.31,1.86,"N"
"3080",32.11679,121.51008,327.77,0.45,0.39,"2026-09-20",1800,"N20","nominal","2.0NRT",291.89,1.67,"N"
"3081",39.46011,106.67604,303.68,0.48,0.65,"2026-09-20",1758,"N20","nominal","2.0NRT",289.08,1.12,"N"
"3082",39.45916,106.7034,300.29,0.48,0.65,"2026-09-20",1758,"N20","nominal","2.0NRT",286.8,1.86,"N"
"3083",32.12089,121.50882,303.93,0.45,0.39,"2026-09-20",1800,"N20","nominal","2.0NRT",292.01,1.73,"N"
"3084",39.47487,106.6916,298.76,0.48,0.65,"2026-09-20",1758,"N20","nominal","2.0NRT",285.57,1.33,"N"
"3085",32.11739,121.50793,322.04,0.45,0.39,"2026-09-20",1800,"N20","nominal","2.0NRT",291.56,1.73,"N"
"3086",39.46844,106.70226,304.19,0.48,0.64,"2026-09-20",1758,"N20","nominal","2.0NRT",287.98,1.48,"N"
"3087",39.46357,106.67448,299.36,0.48,0.65,"2026-09-20",1758,"N20","nominal","2.0NRT",285.34,0.64,"N"
"3088",31.94454,120.31774,307.22,0.41,0.37,"2026-09-20",1800,"N20","nominal","2.0NRT",291.26,2.01,"N"
"3089",39.46247,106.70188,308.07,0.48,0.64,"2026-09-20",1758,"N20","nominal","2.0NRT",288.93,1.48,"N"
"3090",31.72509,120.83504,315.31,0.43,0.38,"2026-09-20",1800,"N20","nominal","2.0NRT",292.66,1.38,"N"
"3091",39.45758,106.67422,296.1,0.48,0.65,"2026-09-20",1758,"N20","nominal","2.0NRT",284.94,0.55,"N"
"3092",39.45649,106.70154,297.19,0.48,0.64,"2026-09-20",1758,"N20","nominal","2.0NRT",286.43,0.78,"N"
"3093",31.72166,120.83419,313.22,0.43,0.38,"2026-09-20",1800,"N20","nominal","2.0NRT",292.84,1.38,"N"
"3094",39.22391,110.53888,295.38,0.59,0.53,"2026-09-20",1758,"N20","nominal","2.0NRT",284.46,1.05,"N"
"3095",31.71559,120.82807,322.07,0.43,0.38,"2026-09-20",1800,"N20","nominal","2.0NRT",290,1.92,"N"
"3096",39.40046,106.91147,295.6,0.47,0.64,"2026-09-20",1758,"N20","nominal","2.0NRT",285.38,0.74,"N"
"3097",31.71055,120.83609,313.36,0.43,0.38,"2026-09-20",1800,"N20","nominal","2.0NRT",290.4,0.89,"N"
"3098",39.38318,106.89845,298.89,0.47,0.64,"2026-09-20",1758,"N20","nominal","2.0NRT",286.99,1.64,"N"
"3099",31.46086,121.41949,309.01,0.45,0.39,"2026-09-20",1800,"N20","nominal","2.0NRT",293.19,2.35,"N"
"3100",39.36905,106.95792,300.53,0.46,0.64,"2026-09-20",1758,"N20","nominal","2.0NRT",287.06,1.9,"N"
"3101",31.45212,121.42705,307.11,0.45,0.39,"2026-09-20",1800,"N20","nominal","2.0NRT",291.93,2.47,"N"
"3102",39.36884,106.96346,304.69,0.46,0.64,"2026-09-20",1758,"N20","nominal","2.0NRT",289.6,2.63,"N"
"3103",39.37953,106.89775,298.53,0.47,0.64,"2026-09-20",1758,"N20","nominal","2.0NRT",287.41,1.27,"N"
"3104",31.44946,121.42148,306.37,0.45,0.39,"2026-09-20",1800,"N20","nominal","2.0NRT",292.69,1.72,"N"
"3105",39.37096,106.9577,301.2,0.46,0.64,"2026-09-20",1758,"N20","nominal","2.0NRT",286.98,1.1,"N"
"3106",32.40561,106.76908,300,0.41,0.61,"2026-09-20",1800,"N20","nominal","2.0NRT",282.45,1.35,"N"
"3107",39.37072,106.96322,304.33,0.46,0.64,"2026-09-20",1758,"N20","nominal","2.0NRT",288.57,1.1,"N"
"3108",31.00342,117.7884,328.83,0.38,0.36,"2026-09-20",1800,"N20","nominal","2.0NRT",290.24,2.23,"N"
"3109",39.33466,106.97758,308.62,0.46,0.64,"2026-09-20",1758,"N20","nominal","2.0NRT",288.67,1.61,"N"
"3110",30.99294,117.79028,322.84,0.38,0.36,"2026-09-20",1800,"N20","nominal","2.0NRT",290.52,2.35,"N"
"3111",39.32877,106.97727,327.73,0.46,0.64,"2026-09-20",1758,"N20","nominal","2.0NRT",285.76,2.05,"N"
"3112",39.27348,106.72209,298.84,0.48,0.64,"2026-09-20",1758,"N20","nominal","2.0NRT",286.74,0.93,"N"
"3113",30.99482,117.77834,319.27,0.38,0.36,"2026-09-20",1800,"N20","nominal","2.0NRT",290.26,1.97,"N"
"3114",39.05624,110.66217,296.52,0.58,0.52,"2026-09-20",1758,"N20","nominal","2.0NRT",276.29,1,"N"
"3115",30.99153,117.77763,316.02,0.38,0.36,"2026-09-20",1800,"N20","nominal","2.0NRT",289.97,1.63,"N"
"3116",39.27055,106.71994,296.07,0.47,0.64,"2026-09-20",1758,"N20","nominal","2.0NRT",285.5,1.38,"N"
"3117",30.98574,117.79288,311.88,0.38,0.36,"2026-09-20",1800,"N20","nominal","2.0NRT",290.13,1,"N"
"3118",39.26482,106.71394,295.46,0.48,0.64,"2026-09-20",1758,"N20","nominal","2.0NRT",284.01,0.93,"N"
"3119",39.02145,110.67258,296.07,0.58,0.52,"2026-09-20",1758,"N20","nominal","2.0NRT",285.01,0.98,"N"
"3120",30.98245,117.79218,308.66,0.38,0.36,"2026-09-20",1800,"N20","nominal","2.0NRT",291.66,0.85,"N"
"3121",36.00833,129.38437,304.12,0.62,0.54,"2026-09-20",1758,"N20","nominal","2.0NRT",290.43,2.28,"N"
"3122",30.92521,117.76772,306.34,0.38,0.36,"2026-09-20",1800,"N20","nominal","2.0NRT",290.03,0.83,"N"
"3123",39.19395,106.99058,308.22,0.46,0.63,"2026-09-20",1758,"N20","nominal","2.0NRT",287.94,2.04,"N"
"3124",36.00195,129.38913,308.91,0.62,0.54,"2026-09-20",1758,"N20","nominal","2.0NRT",290.71,2.28,"N"
"3125",30.92459,117.7717,311.15,0.38,0.36,"2026-09-20",1800,"N20","nominal","2.0NRT",289.92,0.83,"N"
"3126",39.18807,106.99008,295.09,0.46,0.63,"2026-09-20",1758,"N20","nominal","2.0NRT",284.52,1.12,"N"
"3127",30.45003,117.23442,304,0.39,0.36,"2026-09-20",1800,"N20","nominal","2.0NRT",288.8,0.86,"N"
"3128",39.18785,106.99555,307.05,0.46,0.63,"2026-09-20",1758,"N20","nominal","2.0NRT",287.76,1.12,"N"
"3129",30.44942,117.2384,304.43,0.39,0.36,"2026-09-20",1800,"N20","nominal","2.0NRT",289.3,1,"N"
"3130",39.15996,106.63744,302.6,0.48,0.65,"2026-09-20",1758,"N20","nominal","2.0NRT",283.07,1.19,"N"
"3131",39.15977,106.64297,299.95,0.48,0.65,"2026-09-20",1758,"N20","nominal","2.0NRT",284.63,1.6,"N"
"3132",30.14584,117.52702,307.76,0.38,0.36,"2026-09-20",1800,"N20","nominal","2.0NRT",289.71,0.87,"N"
"3133",39.16343,106.64042,307.72,0.48,0.65,"2026-09-20",1758,"N20","nominal","2.0NRT",282.69,1.22,"N"
"3134",30.06952,116.01466,314.23,0.4,0.37,"2026-09-20",1800,"N20","nominal","2.0NRT",290.85,0.89,"N"
"3135",39.15746,106.63985,298.14,0.48,0.65,"2026-09-20",1758,"N20","nominal","2.0NRT",284.37,1.09,"N"
"3136",29.42222,119.15275,312.05,0.4,0.37,"2026-09-20",1800,"N20","nominal","2.0NRT",291.48,1.01,"N"
"3137",39.05577,106.94737,297.58,0.46,0.64,"2026-09-20",1758,"N20","nominal","2.0NRT",283.21,0.62,"N"
"3138",29.33384,119.04996,299.24,0.4,0.37,"2026-09-20",1800,"N20","nominal","2.0NRT",289.13,0.52,"N"
"3139",38.07761,117.73379,304.17,0.41,0.37,"2026-09-20",1758,"N20","nominal","2.0NRT",288.25,0.6,"N"
"3140",29.25485,117.17676,311.4,0.38,0.36,"2026-09-20",1802,"N20","nominal","2.0NRT",293.91,0.89,"N"
"3141",39.05124,106.95042,301.84,0.46,0.64,"2026-09-20",1758,"N20","nominal","2.0NRT",285.31,1.12,"N"
"3142",39.04909,106.10928,299.27,0.51,0.66,"2026-09-20",1758,"N20","nominal","2.0NRT",281.89,1.35,"N"
"3143",29.25424,117.18069,306.22,0.38,0.36,"2026-09-20",1802,"N20","nominal","2.0NRT",292.93,0.89,"N"
"3144",38.94534,106.45728,304.03,0.49,0.65,"2026-09-20",1758,"N20","nominal","2.0NRT",284.07,1.83,"N"
"3145",29.25157,117.1761,310.67,0.38,0.36,"2026-09-20",1802,"N20","nominal","2.0NRT",293.6,0.89,"N"
"3146",38.91452,106.4321,308.49,0.49,0.65,"2026-09-20",1758,"N20","nominal","2.0NRT",286.92,2.36,"N"
"3147",29.43403,115.52374,303.48,0.41,0.37,"2026-09-20",1802,"N20","nominal","2.0NRT",291.12,0.87,"N"
"3148",38.91409,106.44357,306.96,0.49,0.65,"2026-09-20",1758,"N20","nominal","2.0NRT",286.57,3.58,"N"
"3149",28.88897,118.87225,310.22,0.4,0.37,"2026-09-20",1802,"N20","nominal","2.0NRT",293.34,1.94,"N"
"3150",38.91386,106.44929,296.91,0.49,0.65,"2026-09-20",1758,"N20","nominal","2.0NRT",285.27,1.17,"N"
"3151",38.70073,108.69028,297.72,0.37,0.58,"2026-09-20",1758,"N20","nominal","2.0NRT",280.65,0.25,"N"
"3152",28.94805,118.48212,308.89,0.39,0.36,"2026-09-20",1802,"N20","nominal","2.0NRT",291.87,0.87,"N"
"3153",35.97361,126.60656,319.54,0.44,0.46,"2026-09-20",1758,"N20","nominal","2.0NRT",291.88,3.02,"N"
"3154",28.45567,119.41971,307.85,0.41,0.37,"2026-09-20",1802,"N20","nominal","2.0NRT",291.06,1.05,"N"
"3155",38.51385,105.97531,311.45,0.52,0.66,"2026-09-20",1758,"N20","nominal","2.0NRT",284.02,1.94,"N"
"3156",28.6504,115.9924,308.44,0.39,0.36,"2026-09-20",1802,"N20","nominal","2.0NRT",293.84,0.98,"N"
"3157",38.38192,105.6866,302.76,0.53,0.67,"2026-09-20",1758,"N20","nominal","2.0NRT",283.24,1.23,"N"
"3158",28.33685,117.21199,320.02,0.38,0.36,"2026-09-20",1802,"N20","nominal","2.0NRT",293,2.82,"N"
"3159",38.38416,105.68775,302.39,0.53,0.67,"2026-09-20",1758,"N20","nominal","2.0NRT",283.57,1.3,"N"
"3160",28.33562,117.21976,315.68,0.38,0.36,"2026-09-20",1802,"N20","nominal","2.0NRT",292.8,3.08,"N"
"3161",38.2529,106.54697,295.3,0.48,0.64,"2026-09-20",1758,"N20","nominal","2.0NRT",280.96,2.14,"N"
"3162",38.25267,106.55254,312.01,0.48,0.64,"2026-09-20",1758,"N20","nominal","2.0NRT",286.2,2.14,"N"
"3163",28.2092,116.87897,304.83,0.38,0.36,"2026-09-20",1802,"N20","nominal","2.0NRT",292.39,0.73,"N"
"3164",38.2467,106.55214,322.71,0.48,0.64,"2026-09-20",1758,"N20","nominal","2.0NRT",288.61,2.14,"N"
"3165",28.2065,116.87168,305.45,0.38,0.36,"2026-09-20",1802,"N20","nominal","2.0NRT",290.88,0.92,"N"
"3166",38.24692,106.54659,312.58,0.48,0.64,"2026-09-20",1758,"N20","nominal","2.0NRT",286.02,2.14,"N"
"3167",28.28632,115.71665,307.97,0.4,0.37,"2026-09-20",1802,"N20","nominal","2.0NRT",294.14,1.57,"N"
"3168",38.24414,106.54448,295.26,0.48,0.64,"2026-09-20",1758,"N20","nominal","2.0NRT",283.35,2.55,"N"
"3169",28.22185,115.69755,306.29,0.4,0.37,"2026-09-20",1802,"N20","nominal","2.0NRT",293.35,0.67,"N"
"3170",38.24389,106.55,304.39,0.48,0.64,"2026-09-20",1758,"N20","nominal","2.0NRT",283.13,3.28,"N"
"3171",38.19107,106.66343,300.21,0.47,0.64,"2026-09-20",1758,"N20","nominal","2.0NRT",285.38,1.6,"N"
"3172",27.90962,114.70544,306.03,0.42,0.38,"2026-09-20",1802,"N20","nominal","2.0NRT",292.24,0.85,"N"
"3173",34.05704,131.78476,320.41,0.47,0.64,"2026-09-20",1758,"N20","nominal","2.0NRT",288.98,2.71,"N"
"3174",27.78148,114.91931,324.04,0.41,0.37,"2026-09-20",1802,"N20","nominal","2.0NRT",294.91,2.1,"N"
"3175",27.78207,114.91516,310.57,0.41,0.37,"2026-09-20",1802,"N20","nominal","2.0NRT",293.57,2.1,"N"
"3176",27.77867,114.91454,307.44,0.41,0.37,"2026-09-20",1802,"N20","nominal","2.0NRT",293.99,1.58,"N"
"3177",34.05799,131.75835,305.14,0.47,0.64,"2026-09-20",1758,"N20","nominal","2.0NRT",288.06,0.77,"N"
"3178",27.40856,116.66794,310.93,0.38,0.36,"2026-09-20",1802,"N20","nominal","2.0NRT",292.91,0.92,"N"
"3179",34.93039,127.74757,304.54,0.53,0.5,"2026-09-20",1758,"N20","nominal","2.0NRT",291.12,1.23,"N"
"3180",27.82987,112.89407,305.92,0.49,0.4,"2026-09-20",1802,"N20","nominal","2.0NRT",292.77,0.87,"N"
"3181",34.92906,127.75323,307.88,0.53,0.5,"2026-09-20",1758,"N20","nominal","2.0NRT",292.07,1.23,"N"
"3182",27.81134,112.89101,305.38,0.49,0.4,"2026-09-20",1802,"N20","nominal","2.0NRT",293.53,1.45,"N"
"3183",34.92457,127.75166,303.24,0.53,0.5,"2026-09-20",1758,"N20","nominal","2.0NRT",291.6,1.88,"N"
"3184",27.81071,112.89602,306.2,0.49,0.4,"2026-09-20",1802,"N20","nominal","2.0NRT",293.85,1.06,"N"
"3185",34.92142,127.74443,306.42,0.53,0.5,"2026-09-20",1758,"N20","nominal","2.0NRT",291.76,1.88,"N"
"3186",27.81009,112.90101,305.91,0.49,0.4,"2026-09-20",1802,"N20","nominal","2.0NRT",293.93,1.06,"N"
"3187",34.92489,127.70917,322.72,0.53,0.5,"2026-09-20",1758,"N20","nominal","2.0NRT",291.89,2.58,"N"
"3188",34.9156,127.74855,305.71,0.53,0.5,"2026-09-20",1758,"N20","nominal","2.0NRT",292.3,3.88,"N"
"3189",27.63704,113.90411,306.17,0.44,0.39,"2026-09-20",1802,"N20","nominal","2.0NRT",291.74,0.81,"N"
"3190",34.91426,127.75422,313.2,0.54,0.5,"2026-09-20",1758,"N20","nominal","2.0NRT",292.17,2.15,"N"
"3191",27.6242,113.7311,304.51,0.45,0.39,"2026-09-20",1802,"N20","nominal","2.0NRT",291.78,0.84,"N"
"3192",33.94729,131.22791,305.05,0.44,0.62,"2026-09-20",1758,"N20","nominal","2.0NRT",290.98,0.94,"N"
"3193",26.78071,117.77454,308.2,0.39,0.36,"2026-09-20",1802,"N20","nominal","2.0NRT",291.69,1.02,"N"
"3194",37.61432,105.02219,295.23,0.57,0.69,"2026-09-20",1758,"N20","nominal","2.0NRT",282.12,1.43,"N"
"3195",27.06811,115.74072,309.39,0.39,0.36,"2026-09-20",1802,"N20","nominal","2.0NRT",293.18,0.97,"N"
"3196",37.60125,105.02823,298.44,0.57,0.69,"2026-09-20",1758,"N20","nominal","2.0NRT",284.08,2.77,"N"
"3197",27.623,111.41687,309.85,0.39,0.44,"2026-09-20",1802,"N20","nominal","2.0NRT",292.32,1.06,"N"
"3198",33.78543,130.99843,320.68,0.43,0.62,"2026-09-20",1758,"N20","nominal","2.0NRT",288.59,3.23,"N"
"3199",27.4033,111.98597,306.62,0.54,0.42,"2026-09-20",1802,"N20","nominal","2.0NRT",293.01,1.23,"N"
"3200",27.12495,113.10954,302.86,0.47,0.4,"2026-09-20",1802,"N20","nominal","2.0NRT",292.13,0.6,"N"
"3201",26.25931,117.60798,308.35,0.39,0.36,"2026-09-20",1802,"N20","nominal","2.0NRT",293.73,0.89,"N"
"3202",27.51536,106.89404,309.9,0.36,0.58,"2026-09-20",1802,"N20","nominal","2.0NRT",289.21,0.94,"N"
"3203",37.5635,105.41217,295.02,0.55,0.68,"2026-09-20",1758,"N20","nominal","2.0NRT",283.85,1.47,"N"
"3204",37.56267,105.43724,297.22,0.54,0.68,"2026-09-20",1758,"N20","nominal","2.0NRT",284.16,1.81,"N"
"3205",27.11659,107.46368,300.03,0.33,0.55,"2026-09-20",1802,"N20","nominal","2.0NRT",289.34,0.33,"N"
"3206",37.56044,105.41226,295.53,0.55,0.68,"2026-09-20",1758,"N20","nominal","2.0NRT",283.76,1.34,"N"
"3207",27.08536,107.4343,300.74,0.33,0.55,"2026-09-20",1802,"N20","nominal","2.0NRT",289.93,0.98,"N"
"3208",37.41352,106.60615,300.89,0.47,0.64,"2026-09-20",1758,"N20","nominal","2.0NRT",280.1,0.89,"N"
"3209",24.97411,121.04246,304.43,0.53,0.42,"2026-09-20",1802,"N20","nominal","2.0NRT",290.72,0.54,"N"
"3210",37.41281,106.62228,295.07,0.47,0.64,"2026-09-20",1758,"N20","nominal","2.0NRT",281.69,1.53,"N"
"3211",24.97621,121.0412,304.63,0.54,0.42,"2026-09-20",1802,"N20","nominal","2.0NRT",291.13,0.67,"N"
"3212",36.37368,103.89221,295.4,0.65,0.73,"2026-09-20",1800,"N20","nominal","2.0NRT",280.58,1.84,"N"
"3213",25.84669,115.8629,307.5,0.39,0.36,"2026-09-20",1802,"N20","nominal","2.0NRT",293.5,1.13,"N"
"3214",25.84373,115.88206,305.47,0.39,0.36,"2026-09-20",1802,"N20","nominal","2.0NRT",293.88,1.09,"N"
"3215",25.81525,115.46562,308.02,0.39,0.36,"2026-09-20",1802,"N20","nominal","2.0NRT",293.64,1.03,"N"
"3216",26.61624,107.23814,305.1,0.34,0.56,"2026-09-20",1802,"N20","nominal","2.0NRT",289.03,0.82,"N"
"3217",26.54078,106.8877,304.23,0.35,0.57,"2026-09-20",1802,"N20","nominal","2.0NRT",287.68,1.11,"N"
"3218",25.14738,117.15923,304.24,0.39,0.36,"2026-09-20",1802,"N20","nominal","2.0NRT",291.25,0.77,"N"
"3219",25.18489,116.71986,304.9,0.39,0.36,"2026-09-20",1802,"N20","nominal","2.0NRT",291.2,1.07,"N"
"3220",25.18428,116.72364,316.6,0.39,0.36,"2026-09-20",1802,"N20","nominal","2.0NRT",292,1.36,"N"
"3221",25.45701,114.89178,312.06,0.4,0.37,"2026-09-20",1802,"N20","nominal","2.0NRT",293.11,1.93,"N"
"3222",26.59158,104.87061,297.17,0.47,0.64,"2026-09-20",1802,"N20","nominal","2.0NRT",285.87,0.73,"N"
"3223",26.54491,105.01072,303.11,0.47,0.64,"2026-09-20",1802,"N20","nominal","2.0NRT",285.59,0.77,"N"
"3224",26.35128,106.62617,306.45,0.37,0.58,"2026-09-20",1802,"N20","nominal","2.0NRT",287.82,0.74,"N"
"3225",25.05162,117.07771,307.76,0.39,0.36,"2026-09-20",1802,"N20","nominal","2.0NRT",291.89,1.3,"N"
"3226",26.34823,105.93011,300.82,0.4,0.6,"2026-09-20",1802,"N20","nominal","2.0NRT",286.33,0.87,"N"
"3227",26.62138,101.44426,299.33,0.77,0.78,"2026-09-20",1802,"N20","nominal","2.0NRT",282.99,2.04,"N"
"3228",26.58181,101.66229,302.48,0.75,0.77,"2026-09-20",1802,"N20","nominal","2.0NRT",281.12,1.31,"N"
"3229",26.57471,101.66161,321.04,0.75,0.77,"2026-09-20",1802,"N20","nominal","2.0NRT",282.61,3.31,"N"
"3230",26.56724,101.6684,300.76,0.75,0.77,"2026-09-20",1802,"N20","nominal","2.0NRT",283.75,3.31,"N"
"3231",26.57797,101.65788,309.6,0.75,0.77,"2026-09-20",1802,"N20","nominal","2.0NRT",283.1,2.88,"N"
"3232",26.57757,101.66519,308.86,0.75,0.77,"2026-09-20",1802,"N20","nominal","2.0NRT",282.65,2.88,"N"
"3233",26.56297,101.67128,299.52,0.75,0.77,"2026-09-20",1802,"N20","nominal","2.0NRT",283.89,3.55,"N"
"3234",26.26224,105.40546,298.04,0.44,0.62,"2026-09-20",1802,"N20","nominal","2.0NRT",287.4,1.75,"N"
"3235",25.63776,110.656,313.82,0.41,0.45,"2026-09-20",1802,"N20","nominal","2.0NRT",292.74,0.96,"N"
"3236",24.86342,116.19439,304.33,0.38,0.36,"2026-09-20",1802,"N20","nominal","2.0NRT",291.91,0.74,"N"
"3237",24.86282,116.19816,319.78,0.38,0.36,"2026-09-20",1802,"N20","nominal","2.0NRT",293.72,1.58,"N"
"3238",24.73934,116.18283,313.07,0.38,0.36,"2026-09-20",1802,"N20","nominal","2.0NRT",293.47,1.16,"N"
"3239",23.96621,120.54388,307.98,0.52,0.42,"2026-09-20",1802,"N20","nominal","2.0NRT",291.8,1.22,"N"
"3240",26.01372,104.52023,298.63,0.49,0.65,"2026-09-20",1802,"N20","nominal","2.0NRT",286.29,0.81,"N"
"3241",25.69557,103.86189,297.83,0.54,0.68,"2026-09-20",1802,"N20","nominal","2.0NRT",284.5,2.23,"N"
"3242",25.65312,104.04237,296.23,0.52,0.67,"2026-09-20",1802,"N20","nominal","2.0NRT",285.34,1.71,"N"
"3243",25.30215,104.87173,298.99,0.46,0.64,"2026-09-20",1802,"N20","nominal","2.0NRT",287.39,1.22,"N"
"3244",25.30311,104.87124,298.18,0.46,0.64,"2026-09-20",1802,"N20","nominal","2.0NRT",287.66,0.95,"N"
"3245",24.27016,113.41296,310.15,0.43,0.38,"2026-09-20",1802,"N20","nominal","2.0NRT",282.26,1.13,"N"
"3246",24.26957,113.41718,306.98,0.43,0.38,"2026-09-20",1802,"N20","nominal","2.0NRT",280.8,1.13,"N"
"3247",24.26667,113.41235,313.21,0.43,0.38,"2026-09-20",1802,"N20","nominal","2.0NRT",282.44,1.13,"N"
"3248",24.26875,113.41441,326.52,0.43,0.38,"2026-09-20",1802,"N20","nominal","2.0NRT",282.39,3.15,"N"
"3249",24.18443,113.9511,310.17,0.41,0.37,"2026-09-20",1802,"N20","nominal","2.0NRT",293.41,1.4,"N"
"3250",24.256,113.40365,302.37,0.43,0.38,"2026-09-20",1802,"N20","nominal","2.0NRT",282.23,1.29,"N"
"3251",25.29401,103.89407,297.57,0.53,0.67,"2026-09-20",1802,"N20","nominal","2.0NRT",286.43,1.35,"N"
"3252",25.24099,104.56264,298.64,0.48,0.65,"2026-09-20",1802,"N20","nominal","2.0NRT",287.12,1.84,"N"
"3253",24.25192,113.40729,312.18,0.43,0.38,"2026-09-20",1802,"N20","nominal","2.0NRT",284.76,1.29,"N"
"3254",25.14332,105.10473,299.35,0.44,0.63,"2026-09-20",1802,"N20","nominal","2.0NRT",288.48,0.43,"N"
"3255",23.89317,113.98209,304.05,0.41,0.37,"2026-09-20",1802,"N20","nominal","2.0NRT",291.13,0.47,"N"
"3256",25.0184,103.21531,297.87,0.58,0.7,"2026-09-20",1802,"N20","nominal","2.0NRT",285.9,0.75,"N"
"3257",24.99914,103.2124,298.19,0.58,0.7,"2026-09-20",1802,"N20","nominal","2.0NRT",286.02,0.77,"N"
"3258",25.01745,103.21322,302.28,0.58,0.7,"2026-09-20",1802,"N20","nominal","2.0NRT",286.05,1.11,"N"
"3259",24.99819,103.21049,296.24,0.58,0.7,"2026-09-20",1802,"N20","nominal","2.0NRT",285.67,0.71,"N"
"3260",24.97729,102.32722,301.86,0.66,0.73,"2026-09-20",1802,"N20","nominal","2.0NRT",285.83,2.03,"N"
"3261",24.97494,102.33064,309.65,0.66,0.73,"2026-09-20",1802,"N20","nominal","2.0NRT",286.35,2.36,"N"
"3262",23.89328,109.54633,320.18,0.45,0.47,"2026-09-20",1802,"N20","nominal","2.0NRT",292.6,4.08,"N"
"3263",23.89532,109.5445,315.17,0.45,0.47,"2026-09-20",1802,"N20","nominal","2.0NRT",291.29,3.53,"N"
"3264",23.8948,109.54887,306.46,0.45,0.47,"2026-09-20",1802,"N20","nominal","2.0NRT",292.15,2.88,"N"
"3265",23.4988,110.49477,315.94,0.39,0.44,"2026-09-20",1802,"N20","nominal","2.0NRT",293.22,1.78,"N"
"3266",23.4903,110.49741,307.71,0.39,0.44,"2026-09-20",1802,"N20","nominal","2.0NRT",292.91,1.63,"N"
"3267",23.56966,109.67957,309.16,0.44,0.46,"2026-09-20",1802,"N20","nominal","2.0NRT",292.4,3.69,"N"
"3268",23.24432,111.57247,313.86,0.51,0.41,"2026-09-20",1802,"N20","nominal","2.0NRT",292.48,5.65,"N"
"3269",23.73633,106.77705,310.91,0.33,0.56,"2026-09-20",1802,"N20","nominal","2.0NRT",293.98,0.77,"N"
"3270",23.63456,107.23707,310.45,0.62,0.54,"2026-09-20",1802,"N20","nominal","2.0NRT",293.41,1.94,"N"
"3271",23.05474,111.9979,308.87,0.48,0.4,"2026-09-20",1802,"N20","nominal","2.0NRT",292.49,3,"N"
"3272",23.76584,103.66301,297.56,0.53,0.67,"2026-09-20",1802,"N20","nominal","2.0NRT",285.67,1.93,"N"
"3273",22.54733,114.16428,310.28,0.4,0.37,"2026-09-20",1802,"N20","nominal","2.0NRT",292.64,0.76,"N"
"3274",23.1444,109.35593,312.24,0.45,0.47,"2026-09-20",1802,"N20","nominal","2.0NRT",292.56,2.61,"N"
"3275",22.42017,113.92921,309.06,0.4,0.37,"2026-09-20",1802,"N20","nominal","2.0NRT",293.31,1.52,"N"
"3276",22.41678,113.92873,308.53,0.4,0.37,"2026-09-20",1802,"N20","nominal","2.0NRT",292.79,1.09,"N"
"3277",22.79103,110.96119,325.46,0.54,0.42,"2026-09-20",1802,"N20","nominal","2.0NRT",291.29,3.17,"N"
"3278",22.92524,109.46607,309.08,0.44,0.46,"2026-09-20",1802,"N20","nominal","2.0NRT",292.05,2.42,"N"
"3279",22.76698,110.41959,310.39,0.39,0.44,"2026-09-20",1802,"N20","nominal","2.0NRT",292.16,1.21,"N"
"3280",22.7091,109.80486,306.81,0.42,0.45,"2026-09-20",1802,"N20","nominal","2.0NRT",291.71,1.76,"N"
"3281",23.30087,103.37319,297.07,0.55,0.68,"2026-09-20",1802,"N20","nominal","2.0NRT",286.04,0.61,"N"
"3282",22.55898,110.19413,306.72,0.4,0.44,"2026-09-20",1802,"N20","nominal","2.0NRT",292.02,2.51,"N"
"3283",22.6586,107.90146,311.28,0.55,0.51,"2026-09-20",1804,"N20","nominal","2.0NRT",293.63,3.51,"N"
"3284",22.52986,107.79624,305.38,0.55,0.51,"2026-09-20",1804,"N20","nominal","2.0NRT",293,1.78,"N"
"3285",22.52395,107.80663,314.19,0.55,0.51,"2026-09-20",1804,"N20","nominal","2.0NRT",293.13,2.8,"N"
"3286",21.34901,115.41998,314.3,0.38,0.36,"2026-09-20",1804,"N20","nominal","2.0NRT",294.28,0.88,"N"
"3287",22.17096,107.93044,305.34,0.54,0.51,"2026-09-20",1804,"N20","nominal","2.0NRT",292.61,1.16,"N"
"3288",22.18208,107.78271,310.01,0.55,0.51,"2026-09-20",1804,"N20","nominal","2.0NRT",292.34,1.51,"N"
"3289",22.62911,100.73032,297.96,0.79,0.78,"2026-09-20",1804,"N20","nominal","2.0NRT",284.7,1.01,"N"
"3290",21.68998,108.41133,307.38,0.49,0.49,"2026-09-20",1804,"N20","nominal","2.0NRT",294.32,2.12,"N"
"3291",21.67653,108.40943,314.39,0.49,0.49,"2026-09-20",1804,"N20","nominal","2.0NRT",294.76,2.93,"N"
"3292",21.67896,108.40792,309.02,0.49,0.49,"2026-09-20",1804,"N20","nominal","2.0NRT",294.26,3.22,"N"
"3293",21.67839,108.41271,307.82,0.49,0.49,"2026-09-20",1804,"N20","nominal","2.0NRT",294.66,2.12,"N"
"3294",21.56152,108.44051,320.23,0.49,0.49,"2026-09-20",1804,"N20","nominal","2.0NRT",295.24,2.24,"N"
"3295",21.55705,108.43987,316.99,0.49,0.49,"2026-09-20",1804,"N20","nominal","2.0NRT",294.19,1.36,"N"
"3296",21.56346,108.43826,308.86,0.49,0.49,"2026-09-20",1804,"N20","nominal","2.0NRT",294.03,1.11,"N"
"3297",21.56289,108.44299,313.38,0.49,0.49,"2026-09-20",1804,"N20","nominal","2.0NRT",294.42,1.11,"N"
"3298",21.55396,108.44171,315.6,0.49,0.49,"2026-09-20",1804,"N20","nominal","2.0NRT",293.89,2.19,"N"
"3299",21.06082,110.50159,317.36,0.55,0.42,"2026-09-20",1804,"N20","nominal","2.0NRT",295.96,2.2,"N"
"3300",21.05508,110.48471,308.87,0.55,0.42,"2026-09-20",1804,"N20","nominal","2.0NRT",296.3,2.07,"N"
"3301",21.48286,105.86842,308.01,0.36,0.57,"2026-09-20",1804,"N20","nominal","2.0NRT",293.37,0.85,"N"
"3302",20.81551,108.89661,327.64,0.45,0.47,"2026-09-20",1804,"N20","nominal","2.0NRT",293.09,3.2,"N"
"3303",21.02903,107.04189,306.34,0.59,0.53,"2026-09-20",1804,"N20","nominal","2.0NRT",293.67,1.77,"N"
"3304",21.0181,106.52792,313.59,0.32,0.55,"2026-09-20",1804,"N20","nominal","2.0NRT",295.61,1.31,"N"
"3305",21.01747,106.53413,308.03,0.32,0.55,"2026-09-20",1804,"N20","nominal","2.0NRT",294.88,1.42,"N"
"3306",20.75362,108.86593,327.81,0.45,0.47,"2026-09-20",1804,"N20","nominal","2.0NRT",293.88,3.34,"N"
"3307",20.75312,108.87026,314.66,0.45,0.47,"2026-09-20",1804,"N20","nominal","2.0NRT",293.44,3.34,"N"
"3308",20.75521,108.86929,338.96,0.45,0.47,"2026-09-20",1804,"N20","nominal","2.0NRT",293.36,5.5,"N"
"3309",21.01859,106.52929,311.8,0.32,0.55,"2026-09-20",1804,"N20","nominal","2.0NRT",296.6,1.35,"N"
"3310",19.80566,112.39755,311.42,0.43,0.38,"2026-09-20",1804,"N20","nominal","2.0NRT",295.52,2.13,"N"
"3311",20.53106,105.86577,314.32,0.35,0.57,"2026-09-20",1804,"N20","nominal","2.0NRT",295.28,1.78,"N"
"3312",20.45516,105.88431,306.75,0.35,0.57,"2026-09-20",1804,"N20","nominal","2.0NRT",294.2,1.26,"N"
"3313",20.45447,105.88404,305.45,0.35,0.57,"2026-09-20",1804,"N20","nominal","2.0NRT",293.81,1.23,"N"
"3314",20.42629,105.90079,306.29,0.35,0.56,"2026-09-20",1804,"N20","nominal","2.0NRT",294.65,1.25,"N"
"3315",20.4107,105.89865,308.74,0.35,0.56,"2026-09-20",1804,"N20","nominal","2.0NRT",293.92,1.1,"N"
"3316",20.40548,105.89816,307.2,0.35,0.56,"2026-09-20",1804,"N20","nominal","2.0NRT",294.02,1.25,"N"
"3317",20.39993,105.9008,306.43,0.35,0.56,"2026-09-20",1804,"N20","nominal","2.0NRT",293.93,1.7,"N"
"3318",20.35142,105.91148,306.77,0.35,0.56,"2026-09-20",1804,"N20","nominal","2.0NRT",294.19,1.27,"N"
"3319",20.35027,105.91054,308.56,0.34,0.56,"2026-09-20",1804,"N20","nominal","2.0NRT",294.04,1.12,"N"
"3320",19.34994,105.66463,305.77,0.35,0.57,"2026-09-20",1804,"N20","nominal","2.0NRT",287.45,0.94,"N"
"3321",19.27608,105.70364,307.43,0.35,0.56,"2026-09-20",1804,"N20","nominal","2.0NRT",286.75,0.76,"N"
"3322",15.0527,121.06747,308.9,0.53,0.5,"2026-09-20",1804,"N20","nominal","2.0NRT",289.52,1.55,"N"
"3323",13.62467,121.08074,305.21,0.56,0.52,"2026-09-20",1804,"N20","nominal","2.0NRT",289.77,2.31,"N"
"3324",69.18104,109.74116,301.01,0.45,0.63,"2026-09-20",1749,"N20","nominal","2.0NRT",270.4,1.3,"N"
"3325",69.18252,109.74495,296.4,0.45,0.63,"2026-09-20",1749,"N20","nominal","2.0NRT",270.5,1.03,"N"
"3326",65.41251,110.66376,300.26,0.42,0.61,"2026-09-20",1749,"N20","nominal","2.0NRT",270.76,2.71,"N"
"3327",65.41251,110.67257,301.45,0.42,0.61,"2026-09-20",1749,"N20","nominal","2.0NRT",271.44,2.33,"N"
"3328",65.38405,110.6669,302.1,0.42,0.61,"2026-09-20",1749,"N20","nominal","2.0NRT",272.41,1.63,"N"
"3329",65.367,110.68623,303.36,0.42,0.61,"2026-09-20",1749,"N20","nominal","2.0NRT",272.53,1.74,"N"
"3330",64.41227,106.59937,296.38,0.55,0.68,"2026-09-20",1752,"N20","nominal","2.0NRT",265.35,0.62,"N"
"3331",62.49822,113.89998,344.2,0.32,0.55,"2026-09-20",1752,"N20","nominal","2.0NRT",269.41,2.81,"N"
"3332",62.44584,113.65874,367,0.33,0.55,"2026-09-20",1752,"N20","high","2.0NRT",274.62,9.36,"N"
"3333",62.40636,113.58844,340.51,0.33,0.55,"2026-09-20",1752,"N20","nominal","2.0NRT",269.89,1.47,"N"
"3334",62.40652,113.58183,301.07,0.33,0.55,"2026-09-20",1752,"N20","nominal","2.0NRT",267.07,1.47,"N"
"3335",62.40137,113.58102,320.64,0.33,0.55,"2026-09-20",1752,"N20","nominal","2.0NRT",266.81,1.47,"N"
"3336",62.40122,113.58752,310.01,0.33,0.55,"2026-09-20",1752,"N20","nominal","2.0NRT",269.07,1.47,"N"
"3337",62.40198,113.32873,326.57,0.34,0.56,"2026-09-20",1752,"N20","nominal","2.0NRT",266.18,1.64,"N"
"3338",62.39307,113.49406,344.28,0.33,0.56,"2026-09-20",1752,"N20","nominal","2.0NRT",268.27,2.88,"N"
"3339",62.4015,113.33027,321.44,0.34,0.56,"2026-09-20",1752,"N20","nominal","2.0NRT",266.19,1.58,"N"
"3340",62.39717,113.49619,339.57,0.33,0.56,"2026-09-20",1752,"N20","nominal","2.0NRT",268.29,2.66,"N"
"3341",62.35574,113.69435,348.51,0.33,0.55,"2026-09-20",1752,"N20","nominal","2.0NRT",282.32,10.54,"N"
"3342",62.35379,113.76562,354.31,0.33,0.55,"2026-09-20",1752,"N20","nominal","2.0NRT",270.47,3.81,"N"
"3343",62.35591,113.68774,296.93,0.33,0.55,"2026-09-20",1752,"N20","nominal","2.0NRT",266.34,10.54,"N"
"3344",62.34868,113.76488,355.78,0.33,0.55,"2026-09-20",1752,"N20","nominal","2.0NRT",269.73,8.36,"N"
"3345",61.54245,113.16376,348.8,0.34,0.56,"2026-09-20",1752,"N20","nominal","2.0NRT",281.25,15.18,"N"
"3346",61.46273,113.00393,341.83,0.34,0.56,"2026-09-20",1752,"N20","nominal","2.0NRT",266.91,2.84,"N"
"3347",61.46267,113.0033,337.26,0.34,0.56,"2026-09-20",1752,"N20","nominal","2.0NRT",265.76,3.01,"N"
"3348",61.40788,112.88468,367,0.35,0.56,"2026-09-20",1752,"N20","high","2.0NRT",265.39,10.09,"N"
"3349",61.40772,112.8914,342.48,0.35,0.56,"2026-09-20",1752,"N20","nominal","2.0NRT",271.33,8.66,"N"
"3350",61.35186,112.80023,367,0.35,0.57,"2026-09-20",1752,"N20","high","2.0NRT",273.22,9.35,"N"
"3351",61.35173,112.80682,343.93,0.35,0.57,"2026-09-20",1752,"N20","nominal","2.0NRT",277.72,13.91,"N"
"3352",61.352,112.79361,295.68,0.35,0.57,"2026-09-20",1752,"N20","nominal","2.0NRT",266.05,9.35,"N"
"3353",61.35264,112.80161,327.25,0.35,0.57,"2026-09-20",1752,"N20","nominal","2.0NRT",270.28,2.02,"N"
"3354",61.35248,112.8082,312.32,0.35,0.56,"2026-09-20",1752,"N20","nominal","2.0NRT",274.39,2.02,"N"
"3355",61.34739,112.80109,367,0.35,0.57,"2026-09-20",1752,"N20","high","2.0NRT",287.83,50.29,"N"
"3356",61.34724,112.80764,324.94,0.35,0.56,"2026-09-20",1752,"N20","nominal","2.0NRT",298.63,50.29,"N"
"3357",61.34754,112.79447,303.21,0.35,0.57,"2026-09-20",1752,"N20","nominal","2.0NRT",268.89,21.54,"N"
"3358",61.34708,112.81418,297.66,0.35,0.56,"2026-09-20",1752,"N20","nominal","2.0NRT",271.1,3.89,"N"
"3359",60.94801,112.01398,326.54,0.37,0.58,"2026-09-20",1752,"N20","nominal","2.0NRT",265.53,3.02,"N"
"3360",60.9479,112.02148,334.81,0.37,0.58,"2026-09-20",1752,"N20","nominal","2.0NRT",270.91,3.02,"N"
"3361",60.9461,112.01567,340.01,0.37,0.58,"2026-09-20",1752,"N20","nominal","2.0NRT",266.28,4.37,"N"
"3362",60.94596,112.02307,320.35,0.37,0.58,"2026-09-20",1752,"N20","nominal","2.0NRT",269.51,3.91,"N"
"3363",60.92262,112.11933,297.81,0.36,0.58,"2026-09-20",1752,"N20","nominal","2.0NRT",268.8,0.57,"N"
"3364",60.47871,109.87278,335.05,0.43,0.62,"2026-09-20",1752,"N20","nominal","2.0NRT",268.14,3.26,"N"
"3365",60.46723,109.7179,333.98,0.44,0.62,"2026-09-20",1752,"N20","nominal","2.0NRT",270.02,4.07,"N"
"3366",60.46723,109.70973,318.82,0.44,0.62,"2026-09-20",1752,"N20","nominal","2.0NRT",267.74,3.56,"N"
"3367",60.46765,109.71829,324.4,0.44,0.62,"2026-09-20",1752,"N20","nominal","2.0NRT",268.42,2.56,"N"
"3368",60.46768,109.71014,319.35,0.44,0.62,"2026-09-20",1752,"N20","nominal","2.0NRT",267.26,2.56,"N"
"3369",60.27666,109.34551,313.76,0.45,0.63,"2026-09-20",1752,"N20","nominal","2.0NRT",265.92,1.15,"N"
"3370",60.21279,109.92673,306.91,0.43,0.62,"2026-09-20",1752,"N20","nominal","2.0NRT",268.15,0.73,"N"
"3371",60.14833,109.08552,367,0.46,0.64,"2026-09-20",1752,"N20","high","2.0NRT",278.57,43.97,"N"
"3372",60.14836,109.09383,352.88,0.46,0.64,"2026-09-20",1752,"N20","nominal","2.0NRT",276.98,26.18,"N"
"3373",60.15121,109.09348,328.66,0.46,0.64,"2026-09-20",1752,"N20","nominal","2.0NRT",271.54,17.09,"N"
"3374",60.15121,109.08519,310.65,0.46,0.64,"2026-09-20",1752,"N20","nominal","2.0NRT",270.41,20.55,"N"
"3375",60.14529,109.08529,367,0.46,0.64,"2026-09-20",1752,"N20","high","2.0NRT",273.84,20.55,"N"
"3376",60.1453,109.09359,341.08,0.46,0.64,"2026-09-20",1752,"N20","nominal","2.0NRT",276.39,17.09,"N"
"3377",60.11965,110.75936,336.2,0.4,0.6,"2026-09-20",1752,"N20","nominal","2.0NRT",270.74,2.33,"N"
"3378",59.84486,108.40186,326.21,0.49,0.65,"2026-09-20",1752,"N20","nominal","2.0NRT",266.81,2.15,"N"
"3379",59.81789,108.14076,303.8,0.5,0.66,"2026-09-20",1752,"N20","nominal","2.0NRT",267.55,0.89,"N"
"3380",59.84402,108.40328,321.61,0.49,0.65,"2026-09-20",1752,"N20","nominal","2.0NRT",267.26,3.21,"N"
"3381",59.81801,108.14259,303.33,0.5,0.66,"2026-09-20",1752,"N20","nominal","2.0NRT",267.56,0.68,"N"
"3382",59.8044,109.42187,367,0.45,0.63,"2026-09-20",1752,"N20","high","2.0NRT",275.75,22.05,"N"
"3383",59.78793,108.19111,351.22,0.49,0.65,"2026-09-20",1752,"N20","nominal","2.0NRT",272.22,7.25,"N"
"3384",59.74576,109.29859,298.1,0.45,0.63,"2026-09-20",1752,"N20","nominal","2.0NRT",270.2,0.86,"N"
"3385",59.74776,109.30186,304.3,0.45,0.63,"2026-09-20",1752,"N20","nominal","2.0NRT",269.27,1.12,"N"
"3386",59.6411,108.11821,351.47,0.5,0.66,"2026-09-20",1752,"N20","nominal","2.0NRT",272.94,5.57,"N"
"3387",59.6412,108.11533,338.03,0.5,0.66,"2026-09-20",1752,"N20","nominal","2.0NRT",271.84,4.65,"N"
"3388",59.42436,107.8066,299.39,0.51,0.66,"2026-09-20",1752,"N20","nominal","2.0NRT",268.71,0.59,"N"
"3389",59.4256,107.80788,298.96,0.51,0.66,"2026-09-20",1752,"N20","nominal","2.0NRT",268.59,0.73,"N"
"3390",58.48164,107.01276,331.68,0.54,0.68,"2026-09-20",1752,"N20","nominal","2.0NRT",270.79,6.7,"N"
"3391",58.48179,107.02221,355.11,0.54,0.68,"2026-09-20",1752,"N20","nominal","2.0NRT",277.47,6.7,"N"
"3392",58.32806,115.58759,307,0.53,0.5,"2026-09-20",1752,"N20","nominal","2.0NRT",266.28,1.48,"N"
"3393",58.47969,107.01797,367,0.54,0.68,"2026-09-20",1752,"N20","high","2.0NRT",273.52,8.68,"N"
"3394",58.4488,107.59055,341.77,0.52,0.67,"2026-09-20",1752,"N20","nominal","2.0NRT",270.4,14.95,"N"
"3395",58.44889,107.59923,349.08,0.52,0.67,"2026-09-20",1752,"N20","nominal","2.0NRT",281.36,14.95,"N"
"3396",58.4238,107.57443,367,0.52,0.67,"2026-09-20",1752,"N20","high","2.0NRT",276.68,8.08,"N"
"3397",58.42227,107.44225,303.54,0.52,0.67,"2026-09-20",1752,"N20","nominal","2.0NRT",270.46,1.4,"N"
"3398",58.40736,107.25805,297.13,0.53,0.67,"2026-09-20",1752,"N20","nominal","2.0NRT",266.61,0.97,"N"
"3399",58.29221,106.91162,319.29,0.55,0.68,"2026-09-20",1752,"N20","nominal","2.0NRT",268.9,2.32,"N"
"3400",58.29238,106.92163,307.53,0.55,0.68,"2026-09-20",1752,"N20","nominal","2.0NRT",269.7,2.32,"N"
"3401",58.09814,106.53699,295.31,0.57,0.69,"2026-09-20",1752,"N20","nominal","2.0NRT",268.56,1.61,"N"
"3402",58.09833,106.5468,299.17,0.57,0.69,"2026-09-20",1752,"N20","nominal","2.0NRT",270.72,3.3,"N"
"3403",58.0985,106.55653,313.48,0.57,0.69,"2026-09-20",1752,"N20","nominal","2.0NRT",274.73,3.3,"N"
"3404",58.09191,106.54767,325.77,0.57,0.69,"2026-09-20",1752,"N20","nominal","2.0NRT",270.95,3.3,"N"
"3405",58.09209,106.55708,340.51,0.57,0.69,"2026-09-20",1752,"N20","nominal","2.0NRT",274.77,3.3,"N"
"3406",57.87794,105.88051,367,0.6,0.7,"2026-09-20",1752,"N20","high","2.0NRT",282.71,15.98,"N"
"3407",57.87136,105.88052,295.04,0.6,0.7,"2026-09-20",1752,"N20","nominal","2.0NRT",271.47,15.98,"N"
"3408",57.74347,105.94064,298.17,0.6,0.7,"2026-09-20",1752,"N20","nominal","2.0NRT",265.83,0.63,"N"
"3409",57.73692,105.94102,306.72,0.6,0.7,"2026-09-20",1752,"N20","nominal","2.0NRT",266.4,1.22,"N"
"3410",57.72581,106.02462,300.04,0.59,0.7,"2026-09-20",1752,"N20","nominal","2.0NRT",267.3,1.65,"N"
"3411",57.73863,105.94357,316.89,0.6,0.7,"2026-09-20",1752,"N20","nominal","2.0NRT",267.38,2.34,"N"
"3412",57.72723,106.02792,320.75,0.59,0.7,"2026-09-20",1752,"N20","nominal","2.0NRT",267.87,2.3,"N"
"3413",57.68255,106.07957,354.22,0.59,0.7,"2026-09-20",1752,"N20","nominal","2.0NRT",279.84,18.49,"N"
"3414",57.68236,106.07014,301.24,0.59,0.7,"2026-09-20",1752,"N20","nominal","2.0NRT",267.88,10.81,"N"
"3415",57.62058,105.6832,318.88,0.61,0.71,"2026-09-20",1752,"N20","nominal","2.0NRT",268.59,1.64,"N"
"3416",57.61396,105.68291,331.51,0.61,0.71,"2026-09-20",1752,"N20","nominal","2.0NRT",267.66,4.8,"N"
"3417",57.61685,105.68374,350.13,0.61,0.71,"2026-09-20",1752,"N20","nominal","2.0NRT",269.42,7.76,"N"
"3418",57.58893,105.91008,329.86,0.6,0.7,"2026-09-20",1752,"N20","nominal","2.0NRT",273.38,3.59,"N"
"3419",57.56833,105.87011,323.55,0.6,0.71,"2026-09-20",1752,"N20","nominal","2.0NRT",271.2,3.17,"N"
"3420",57.56945,105.92001,367,0.6,0.7,"2026-09-20",1752,"N20","high","2.0NRT",273.75,16.24,"N"
"3421",57.56854,105.87987,313.45,0.6,0.71,"2026-09-20",1752,"N20","nominal","2.0NRT",272.43,3.17,"N"
"3422",57.56289,105.92014,367,0.6,0.7,"2026-09-20",1752,"N20","high","2.0NRT",277.72,16.24,"N"
"3423",57.53518,105.85918,340.15,0.6,0.71,"2026-09-20",1752,"N20","nominal","2.0NRT",271.84,5.07,"N"
"3424",57.53717,105.86176,340.44,0.6,0.71,"2026-09-20",1752,"N20","nominal","2.0NRT",271.95,5.12,"N"
"3425",56.82925,106.00415,298.25,0.59,0.7,"2026-09-20",1754,"N20","nominal","2.0NRT",270.87,0.57,"N"
"3426",55.40955,105.93756,301.87,0.6,0.7,"2026-09-20",1754,"N20","nominal","2.0NRT",270.29,0.77,"N"
"3427",69.16878,111.02566,303.61,0.39,0.36,"2026-09-20",1930,"N20","nominal","2.0NRT",270.01,1.58,"N"
"3428",69.16568,111.02193,298.09,0.39,0.36,"2026-09-20",1930,"N20","nominal","2.0NRT",267.41,1.43,"N"
"3429",69.16119,111.02744,310.83,0.39,0.36,"2026-09-20",1930,"N20","nominal","2.0NRT",271.67,1.43,"N"
"3430",27.74432,102.20405,295.62,0.38,0.59,"2026-09-20",1942,"N20","nominal","2.0NRT",268.02,1.72,"N"
"3431",69.15671,111.03291,301.54,0.39,0.36,"2026-09-20",1930,"N20","nominal","2.0NRT",270.1,1.6,"N"
"3432",69.40508,109.05517,298.93,0.41,0.37,"2026-09-20",1930,"N20","nominal","2.0NRT",269.19,1.39,"N"
"3433",27.74264,102.21103,302.98,0.38,0.59,"2026-09-20",1942,"N20","nominal","2.0NRT",267.9,1.4,"N"
"3434",69.18119,109.74123,304.18,0.4,0.37,"2026-09-20",1930,"N20","nominal","2.0NRT",269.13,1.91,"N"
"3435",26.54799,105.0108,299.17,0.6,0.71,"2026-09-20",1942,"N20","nominal","2.0NRT",284.51,1.97,"N"
"3436",68.33716,106.19498,300.25,0.42,0.38,"2026-09-20",1932,"N20","nominal","2.0NRT",273.04,1.53,"N"
"3437",29.37791,91.15096,301.51,0.39,0.36,"2026-09-20",1942,"N20","nominal","2.0NRT",279.31,1.69,"N"
"3438",69.3722,88.11421,349.85,0.36,0.57,"2026-09-20",1932,"N20","nominal","2.0NRT",284.35,11.8,"N"
"3439",26.00638,104.51881,298.51,0.58,0.7,"2026-09-20",1942,"N20","nominal","2.0NRT",286.01,1.2,"N"
"3440",69.37228,88.10487,302.73,0.36,0.57,"2026-09-20",1932,"N20","nominal","2.0NRT",274.2,11.8,"N"
"3441",26.62222,101.45287,310.08,0.36,0.58,"2026-09-20",1942,"N20","nominal","2.0NRT",286.46,1.58,"N"
"3442",68.41341,83.61319,346.41,0.47,0.64,"2026-09-20",1932,"N20","nominal","2.0NRT",263.12,4.42,"N"
"3443",25.69954,103.86656,300.44,0.54,0.68,"2026-09-20",1942,"N20","nominal","2.0NRT",286.4,1.69,"N"
"3444",68.41108,83.61745,343.23,0.47,0.64,"2026-09-20",1932,"N20","nominal","2.0NRT",264.58,4.27,"N"
"3445",25.65507,104.04211,295.36,0.55,0.68,"2026-09-20",1942,"N20","nominal","2.0NRT",284.86,1.34,"N"
"3446",68.20934,83.44589,319.4,0.47,0.64,"2026-09-20",1932,"N20","nominal","2.0NRT",268.17,2.41,"N"
"3447",25.67178,103.87396,298.17,0.54,0.68,"2026-09-20",1942,"N20","nominal","2.0NRT",284.76,1.19,"N"
"3448",68.20737,83.44434,301.65,0.47,0.64,"2026-09-20",1932,"N20","nominal","2.0NRT",267.22,1.06,"N"
"3449",25.03688,103.59685,303.61,0.54,0.68,"2026-09-20",1942,"N20","nominal","2.0NRT",283.67,1.02,"N"
"3450",68.20755,83.45608,295.52,0.47,0.64,"2026-09-20",1932,"N20","nominal","2.0NRT",268.05,1.06,"N"
"3451",25.78555,100.37189,309.75,0.33,0.55,"2026-09-20",1942,"N20","nominal","2.0NRT",285.76,0.99,"N"
"3452",67.78983,83.49014,309.09,0.47,0.64,"2026-09-20",1932,"N20","nominal","2.0NRT",269.7,1.07,"N"
"3453",25.02079,103.21558,296.77,0.51,0.66,"2026-09-20",1945,"N20","nominal","2.0NRT",285.47,0.48,"N"
"3454",67.78768,83.48254,301.41,0.47,0.64,"2026-09-20",1932,"N20","nominal","2.0NRT",268.32,1.32,"N"
"3455",67.64993,83.21021,299.65,0.48,0.65,"2026-09-20",1932,"N20","nominal","2.0NRT",268.2,0.99,"N"
"3456",25.51886,100.72352,299.52,0.35,0.57,"2026-09-20",1945,"N20","nominal","2.0NRT",285.65,0.54,"N"
"3457",67.5533,83.19728,367,0.48,0.65,"2026-09-20",1932,"N20","high","2.0NRT",279.19,15.14,"N"
"3458",25.53506,100.57983,297.23,0.34,0.56,"2026-09-20",1945,"N20","nominal","2.0NRT",287.1,0.36,"N"
"3459",67.55306,83.18569,300.24,0.48,0.65,"2026-09-20",1932,"N20","nominal","2.0NRT",270.52,15.14,"N"
"3460",25.44311,100.54696,297.51,0.34,0.56,"2026-09-20",1945,"N20","nominal","2.0NRT",284.8,0.25,"N"
"3461",67.55352,83.20895,312.76,0.48,0.65,"2026-09-20",1932,"N20","nominal","2.0NRT",274.66,13.33,"N"
"3462",24.97304,102.32959,295.18,0.45,0.63,"2026-09-20",1945,"N20","nominal","2.0NRT",284.39,0.46,"N"
"3463",67.55197,83.19006,351.39,0.48,0.65,"2026-09-20",1932,"N20","nominal","2.0NRT",270.78,29.1,"N"
"3464",25.38474,99.30982,302.08,0.57,0.52,"2026-09-20",1945,"N20","nominal","2.0NRT",286.16,1.3,"N"
"3465",67.55216,83.20177,332.02,0.48,0.65,"2026-09-20",1932,"N20","nominal","2.0NRT",290.27,14.48,"N"
"3466",25.07172,99.28435,304.86,0.58,0.52,"2026-09-20",1945,"N20","nominal","2.0NRT",286.3,2.02,"N"
"3467",67.55236,83.21339,300.57,0.48,0.65,"2026-09-20",1932,"N20","nominal","2.0NRT",272.98,14.48,"N"
"3468",25.0712,99.28236,304.61,0.58,0.52,"2026-09-20",1945,"N20","nominal","2.0NRT",286.06,1.55,"N"
"3469",67.54615,83.20257,300.11,0.48,0.65,"2026-09-20",1932,"N20","nominal","2.0NRT",270.86,14.48,"N"
"3470",23.96747,103.19759,297.75,0.53,0.67,"2026-09-20",1945,"N20","nominal","2.0NRT",285.4,0.58,"N"
"3471",65.41393,110.67271,303.84,0.39,0.36,"2026-09-20",1932,"N20","nominal","2.0NRT",269.31,1.14,"N"
"3472",23.76778,103.66329,300.67,0.58,0.7,"2026-09-20",1945,"N20","nominal","2.0NRT",286.19,1.83,"N"
"3473",65.41257,110.6805,300.35,0.39,0.36,"2026-09-20",1932,"N20","nominal","2.0NRT",271.05,1.35,"N"
"3474",24.61152,99.72334,297.49,0.63,0.54,"2026-09-20",1945,"N20","nominal","2.0NRT",286.46,0.75,"N"
"3475",65.41219,110.66177,303.06,0.39,0.36,"2026-09-20",1932,"N20","nominal","2.0NRT",269.89,1.74,"N"
"3476",23.5043,103.16508,297.74,0.55,0.68,"2026-09-20",1945,"N20","nominal","2.0NRT",285.77,0.71,"N"
"3477",65.41084,110.66956,309.56,0.39,0.36,"2026-09-20",1932,"N20","nominal","2.0NRT",272.52,1.74,"N"
"3478",65.40739,110.64774,299.7,0.39,0.36,"2026-09-20",1932,"N20","nominal","2.0NRT",268.86,1.78,"N"
"3479",23.61374,102.87257,297.74,0.52,0.67,"2026-09-20",1945,"N20","nominal","2.0NRT",285.92,0.67,"N"
"3480",65.38513,110.67099,306.72,0.39,0.36,"2026-09-20",1932,"N20","nominal","2.0NRT",272.26,1.71,"N"
"3481",24.54318,97.74043,297.88,0.48,0.48,"2026-09-20",1945,"N20","nominal","2.0NRT",282.45,0.6,"N"
"3482",65.38205,110.66785,315.74,0.39,0.36,"2026-09-20",1932,"N20","nominal","2.0NRT",274.86,2.31,"N"
"3483",26.76138,83.19637,306.12,0.56,0.51,"2026-09-20",1945,"N20","nominal","2.0NRT",288.63,1.41,"N"
"3484",65.38033,110.65691,304.97,0.39,0.36,"2026-09-20",1932,"N20","nominal","2.0NRT",273.17,1.82,"N"
"3485",65.36869,110.68178,297.74,0.39,0.36,"2026-09-20",1932,"N20","nominal","2.0NRT",271.23,1.26,"N"
"3486",23.89893,99.68438,301.46,0.32,0.55,"2026-09-20",1945,"N20","nominal","2.0NRT",288.17,0.59,"N"
"3487",65.36732,110.68958,307.58,0.39,0.36,"2026-09-20",1932,"N20","nominal","2.0NRT",273.75,1.54,"N"
"3488",26.64161,79.47361,301.31,0.48,0.64,"2026-09-20",1945,"N20","nominal","2.0NRT",284.46,0.99,"N"
"3489",65.34366,110.70398,299.03,0.39,0.36,"2026-09-20",1932,"N20","nominal","2.0NRT",266.05,0.68,"N"
"3490",26.64429,79.47345,304.5,0.47,0.64,"2026-09-20",1945,"N20","nominal","2.0NRT",286.39,1.09,"N"
"3491",65.31043,110.78941,297.41,0.39,0.36,"2026-09-20",1932,"N20","nominal","2.0NRT",272.45,0.93,"N"
"3492",24.91128,91.82921,306.7,0.39,0.36,"2026-09-20",1945,"N20","nominal","2.0NRT",292.28,0.43,"N"
"3493",65.30905,110.79723,296.94,0.39,0.36,"2026-09-20",1932,"N20","nominal","2.0NRT",271.52,0.93,"N"
"3494",22.63368,100.72963,298.65,0.4,0.6,"2026-09-20",1945,"N20","nominal","2.0NRT",286.85,0.85,"N"
"3495",65.30492,110.82066,300.52,0.39,0.36,"2026-09-20",1932,"N20","nominal","2.0NRT",269.39,0.9,"N"
"3496",65.30183,110.8175,297.67,0.39,0.36,"2026-09-20",1932,"N20","nominal","2.0NRT",270.71,0.9,"N"
"3497",23.67891,90.39069,299.54,0.38,0.36,"2026-09-20",1945,"N20","nominal","2.0NRT",273.9,0.83,"N"
"3498",65.29771,110.75827,296.81,0.39,0.36,"2026-09-20",1932,"N20","nominal","2.0NRT",268.75,0.66,"N"
"3499",67.28145,83.02158,335.81,0.48,0.65,"2026-09-20",1932,"N20","nominal","2.0NRT",270.17,9.01,"N"
"3500",23.80513,86.32904,298.68,0.51,0.41,"2026-09-20",1945,"N20","nominal","2.0NRT",278.8,1.54,"N"
"3501",67.28167,83.03323,352.44,0.48,0.65,"2026-09-20",1932,"N20","nominal","2.0NRT",274.28,9.95,"N"
"3502",23.78163,86.39102,313.47,0.5,0.41,"2026-09-20",1945,"N20","nominal","2.0NRT",286.61,2.38,"N"
"3503",67.27264,83.19558,322.19,0.48,0.65,"2026-09-20",1932,"N20","nominal","2.0NRT",273.34,4.76,"N"
"3504",23.77853,86.38549,310.15,0.5,0.41,"2026-09-20",1945,"N20","nominal","2.0NRT",286.48,1.81,"N"
"3505",67.27284,83.20689,344.23,0.48,0.65,"2026-09-20",1932,"N20","nominal","2.0NRT",275.64,4.76,"N"
"3506",67.27781,83.20218,367,0.48,0.65,"2026-09-20",1932,"N20","high","2.0NRT",277.01,9.09,"N"
"3507",23.77788,86.39042,319.52,0.5,0.41,"2026-09-20",1945,"N20","nominal","2.0NRT",287.27,1.81,"N"
"3508",67.19843,81.98673,320.67,0.52,0.67,"2026-09-20",1932,"N20","nominal","2.0NRT",271.35,3.15,"N"
"3509",23.77738,86.3651,304.18,0.5,0.41,"2026-09-20",1945,"N20","nominal","2.0NRT",286.35,2.28,"N"
"3510",67.19814,81.97438,301.5,0.52,0.67,"2026-09-20",1932,"N20","nominal","2.0NRT",270.06,2.61,"N"
"3511",23.77478,86.38489,306.06,0.5,0.41,"2026-09-20",1945,"N20","nominal","2.0NRT",286.88,1.81,"N"
"3512",65.0115,111.30643,295.01,0.39,0.36,"2026-09-20",1932,"N20","nominal","2.0NRT",269.71,0.74,"N"
"3513",64.78914,111.21246,295.51,0.39,0.36,"2026-09-20",1932,"N20","nominal","2.0NRT",271.04,0.92,"N"
"3514",23.77362,86.36451,325.14,0.5,0.41,"2026-09-20",1945,"N20","nominal","2.0NRT",286.89,3.42,"N"
"3515",66.66359,76.83823,314.9,0.72,0.75,"2026-09-20",1932,"N20","nominal","2.0NRT",273.55,2.41,"N"
"3516",23.76846,86.40396,325.52,0.5,0.41,"2026-09-20",1945,"N20","nominal","2.0NRT",286.12,3.69,"N"
"3517",65.32879,107.69823,310.39,0.39,0.36,"2026-09-20",1932,"N20","nominal","2.0NRT",266.85,2.26,"N"
"3518",24.20616,82.70859,306.13,0.56,0.51,"2026-09-20",1945,"N20","nominal","2.0NRT",287.84,1.75,"N"
"3519",65.32516,107.72195,298.75,0.39,0.36,"2026-09-20",1932,"N20","nominal","2.0NRT",266.63,1.43,"N"
"3520",23.7691,86.39902,305.77,0.5,0.41,"2026-09-20",1945,"N20","nominal","2.0NRT",286.5,1.88,"N"
"3521",66.67325,77.38481,308.25,0.69,0.74,"2026-09-20",1932,"N20","nominal","2.0NRT",269.13,3.09,"N"
"3522",23.76471,86.40338,328.14,0.5,0.41,"2026-09-20",1945,"N20","nominal","2.0NRT",285.78,3.69,"N"
"3523",66.66186,77.30602,303.86,0.7,0.75,"2026-09-20",1932,"N20","nominal","2.0NRT",271.23,1.36,"N"
"3524",24.20085,82.71344,303.89,0.56,0.51,"2026-09-20",1945,"N20","nominal","2.0NRT",286.97,2.45,"N"
"3525",66.40748,77.45739,299.02,0.69,0.74,"2026-09-20",1932,"N20","nominal","2.0NRT",266.46,1.58,"N"
"3526",23.76857,86.37383,305.97,0.5,0.41,"2026-09-20",1945,"N20","nominal","2.0NRT",286.56,1.87,"N"
"3527",66.40837,77.47334,295.23,0.69,0.74,"2026-09-20",1932,"N20","nominal","2.0NRT",264.79,1.35,"N"
"3528",23.766,86.3935,308.03,0.5,0.41,"2026-09-20",1945,"N20","nominal","2.0NRT",287.33,1.88,"N"
"3529",66.40988,77.46203,308.25,0.69,0.74,"2026-09-20",1932,"N20","nominal","2.0NRT",266.38,2.05,"N"
"3530",23.66432,87.15569,305.89,0.46,0.39,"2026-09-20",1945,"N20","nominal","2.0NRT",283.67,1.15,"N"
"3531",66.32206,76.78191,331.61,0.72,0.76,"2026-09-20",1932,"N20","nominal","2.0NRT",271.47,4.73,"N"
"3532",23.6637,87.16022,302.03,0.46,0.39,"2026-09-20",1945,"N20","nominal","2.0NRT",284.58,1.15,"N"
"3533",66.31268,76.98604,336.43,0.71,0.75,"2026-09-20",1932,"N20","nominal","2.0NRT",272.13,5.84,"N"
"3534",23.76161,86.39783,312.3,0.5,0.41,"2026-09-20",1945,"N20","nominal","2.0NRT",285.1,2.67,"N"
"3535",66.27702,76.74639,313.46,0.73,0.76,"2026-09-20",1932,"N20","nominal","2.0NRT",270.74,2.38,"N"
"3536",23.76096,86.40279,309.62,0.5,0.41,"2026-09-20",1945,"N20","nominal","2.0NRT",283.92,1.49,"N"
"3537",66.33125,77.82107,296.66,0.68,0.74,"2026-09-20",1932,"N20","nominal","2.0NRT",266.14,0.92,"N"
"3538",23.75722,86.40218,310.12,0.5,0.41,"2026-09-20",1945,"N20","nominal","2.0NRT",284.72,1.49,"N"
"3539",66.31921,76.79095,320.93,0.72,0.76,"2026-09-20",1932,"N20","nominal","2.0NRT",271.79,3.02,"N"
"3540",23.75155,86.41637,322.14,0.5,0.41,"2026-09-20",1945,"N20","nominal","2.0NRT",284.13,3.08,"N"
"3541",66.31829,76.77443,297.28,0.72,0.76,"2026-09-20",1932,"N20","nominal","2.0NRT",269.68,3.02,"N"
"3542",24.20635,82.52219,303.82,0.57,0.52,"2026-09-20",1945,"N20","nominal","2.0NRT",288.9,1.2,"N"
"3543",66.30933,76.99519,323.33,0.71,0.75,"2026-09-20",1932,"N20","nominal","2.0NRT",270.56,5.75,"N"
"3544",23.77233,86.19633,307.68,0.51,0.41,"2026-09-20",1945,"N20","nominal","2.0NRT",282.67,2.35,"N"
"3545",66.28136,76.75334,308.42,0.72,0.76,"2026-09-20",1932,"N20","nominal","2.0NRT",271.34,2.18,"N"
"3546",23.73778,86.43414,324.79,0.5,0.41,"2026-09-20",1945,"N20","nominal","2.0NRT",282.42,2.14,"N"
"3547",66.24921,76.81499,355.84,0.72,0.76,"2026-09-20",1932,"N20","nominal","2.0NRT",276.03,11.1,"N"
"3548",23.73842,86.42925,306,0.5,0.41,"2026-09-20",1945,"N20","nominal","2.0NRT",282.61,2.14,"N"
"3549",66.24826,76.79861,315.99,0.72,0.76,"2026-09-20",1932,"N20","nominal","2.0NRT",272.19,11.1,"N"
"3550",66.19775,77.22542,303.82,0.7,0.75,"2026-09-20",1932,"N20","nominal","2.0NRT",271.14,1.63,"N"
"3551",23.72593,86.43726,302.65,0.5,0.41,"2026-09-20",1945,"N20","nominal","2.0NRT",281.91,1.29,"N"
"3552",66.1038,76.82439,299.48,0.72,0.76,"2026-09-20",1932,"N20","nominal","2.0NRT",272.95,1.28,"N"
"3553",23.72219,86.43666,303.32,0.5,0.41,"2026-09-20",1945,"N20","nominal","2.0NRT",281.92,1.29,"N"
"3554",66.11726,77.05423,301.72,0.71,0.75,"2026-09-20",1932,"N20","nominal","2.0NRT",271.57,1.3,"N"
"3555",23.83944,85.4709,305.16,0.56,0.43,"2026-09-20",1945,"N20","nominal","2.0NRT",288.81,1.42,"N"
"3556",66.09775,76.84295,308.93,0.72,0.76,"2026-09-20",1932,"N20","nominal","2.0NRT",273.92,2.08,"N"
"3557",23.72035,86.42136,308.39,0.5,0.41,"2026-09-20",1945,"N20","nominal","2.0NRT",283.53,0.95,"N"
"3558",66.11028,77.05641,318.38,0.71,0.75,"2026-09-20",1932,"N20","nominal","2.0NRT",272.1,3.86,"N"
"3559",23.71782,86.44097,307.45,0.5,0.41,"2026-09-20",1945,"N20","nominal","2.0NRT",282.07,1.45,"N"
"3560",66.11293,77.04725,323.95,0.71,0.75,"2026-09-20",1932,"N20","nominal","2.0NRT",271.3,4.03,"N"
"3561",23.71661,86.42076,303.26,0.5,0.41,"2026-09-20",1945,"N20","nominal","2.0NRT",283.49,0.95,"N"
"3562",66.10098,76.83369,314.21,0.72,0.76,"2026-09-20",1932,"N20","nominal","2.0NRT",272.88,3.96,"N"
"3563",23.71283,86.45017,313.8,0.5,0.41,"2026-09-20",1945,"N20","nominal","2.0NRT",281.98,2.8,"N"
"3564",66.05339,76.99939,302.02,0.72,0.75,"2026-09-20",1932,"N20","nominal","2.0NRT",271.71,1.35,"N"
"3565",23.7091,86.44958,305.48,0.5,0.41,"2026-09-20",1945,"N20","nominal","2.0NRT",281.45,1.18,"N"
"3566",66.19566,85.97671,317.8,0.4,0.6,"2026-09-20",1932,"N20","nominal","2.0NRT",274.85,1.69,"N"
"3567",23.68485,86.39384,322.16,0.5,0.41,"2026-09-20",1945,"N20","nominal","2.0NRT",287.43,2.61,"N"
"3568",66.19564,85.98589,313.91,0.4,0.6,"2026-09-20",1932,"N20","nominal","2.0NRT",274.98,1.69,"N"
"3569",23.68551,86.38887,305.44,0.5,0.41,"2026-09-20",1945,"N20","nominal","2.0NRT",285.69,1.43,"N"
"3570",66.19006,85.97681,309.43,0.4,0.6,"2026-09-20",1932,"N20","nominal","2.0NRT",272.49,1.74,"N"
"3571",23.68046,86.39816,312.07,0.5,0.41,"2026-09-20",1945,"N20","nominal","2.0NRT",286.7,2.61,"N"
"3572",65.90717,77.23917,301.1,0.71,0.75,"2026-09-20",1932,"N20","nominal","2.0NRT",273.68,1.71,"N"
"3573",23.67672,86.39754,318.41,0.5,0.41,"2026-09-20",1945,"N20","nominal","2.0NRT",287.09,3.73,"N"
"3574",65.86139,76.94177,322.28,0.72,0.76,"2026-09-20",1932,"N20","nominal","2.0NRT",270.41,4.12,"N"
"3575",23.67607,86.40242,307.95,0.5,0.41,"2026-09-20",1945,"N20","nominal","2.0NRT",286.42,2,"N"
"3576",65.90994,77.23817,300.28,0.71,0.75,"2026-09-20",1932,"N20","nominal","2.0NRT",273.5,1.96,"N"
"3577",23.55915,87.24172,304.37,0.46,0.39,"2026-09-20",1945,"N20","nominal","2.0NRT",282.47,1.31,"N"
"3578",65.85804,76.9433,320.16,0.72,0.76,"2026-09-20",1932,"N20","nominal","2.0NRT",270.15,4,"N"
"3579",23.55557,87.24114,305.9,0.46,0.39,"2026-09-20",1945,"N20","nominal","2.0NRT",282.76,1.85,"N"
"3580",23.69955,86.07495,301.47,0.52,0.42,"2026-09-20",1945,"N20","nominal","2.0NRT",280.56,1.05,"N"
"3581",64.41071,106.60448,298.64,0.39,0.36,"2026-09-20",1932,"N20","nominal","2.0NRT",264.66,0.76,"N"
"3582",23.68299,86.08285,301.79,0.52,0.42,"2026-09-20",1945,"N20","nominal","2.0NRT",280.63,1.19,"N"
"3583",65.35657,93.82306,300.36,0.47,0.48,"2026-09-20",1932,"N20","nominal","2.0NRT",277.33,1.6,"N"
"3584",23.68169,86.09304,310.28,0.52,0.42,"2026-09-20",1945,"N20","nominal","2.0NRT",281.5,2.14,"N"
"3585",63.73553,108.47735,295.21,0.38,0.36,"2026-09-20",1932,"N20","nominal","2.0NRT",271.23,2.1,"N"
"3586",23.67918,86.08229,300,0.52,0.42,"2026-09-20",1945,"N20","nominal","2.0NRT",280.64,0.86,"N"
"3587",63.4173,109.93465,299.8,0.39,0.36,"2026-09-20",1932,"N20","nominal","2.0NRT",277.83,1.41,"N"
"3588",23.6326,86.2952,302.8,0.51,0.41,"2026-09-20",1945,"N20","nominal","2.0NRT",285.99,1.12,"N"
"3589",63.41533,109.93384,296.06,0.39,0.36,"2026-09-20",1932,"N20","nominal","2.0NRT",267.64,0.9,"N"
"3590",23.71234,85.28109,302.49,0.38,0.43,"2026-09-20",1945,"N20","nominal","2.0NRT",287.92,0.84,"N"
"3591",63.41086,109.93829,307.06,0.39,0.36,"2026-09-20",1932,"N20","nominal","2.0NRT",267.26,0.9,"N"
"3592",23.69546,85.28608,306.61,0.38,0.43,"2026-09-20",1945,"N20","nominal","2.0NRT",287.52,1.37,"N"
"3593",62.4996,113.90643,325.73,0.46,0.39,"2026-09-20",1932,"N20","nominal","2.0NRT",270.23,4.08,"N"
"3594",23.67452,85.3241,301.51,0.57,0.43,"2026-09-20",1945,"N20","nominal","2.0NRT",286.89,1.33,"N"
"3595",62.49993,113.89991,325.33,0.46,0.39,"2026-09-20",1932,"N20","nominal","2.0NRT",270.32,2.8,"N"
"3596",21.47337,97.27766,303.25,0.51,0.49,"2026-09-20",1945,"N20","nominal","2.0NRT",284.82,0.65,"N"
"3597",63.75105,107.03664,322.45,0.38,0.36,"2026-09-20",1932,"N20","nominal","2.0NRT",265.68,2.18,"N"
"3598",22.4723,91.73542,305.48,0.4,0.37,"2026-09-20",1945,"N20","nominal","2.0NRT",284.1,0.6,"N"
"3599",62.44722,113.6647,298.56,0.46,0.39,"2026-09-20",1932,"N20","nominal","2.0NRT",268.56,7.63,"N"
"3600",22.87329,88.21214,305.2,0.42,0.37,"2026-09-20",1945,"N20","nominal","2.0NRT",285.01,0.82,"N"
"3601",62.44393,113.66138,327.59,0.46,0.39,"2026-09-20",1932,"N20","nominal","2.0NRT",271.94,7.63,"N"
"3602",22.47799,90.70917,298.26,0.39,0.36,"2026-09-20",1945,"N20","nominal","2.0NRT",273.29,0.61,"N"
"3603",19.99909,102.36935,297.33,0.58,0.7,"2026-09-20",1945,"N20","nominal","2.0NRT",285.15,2.22,"N"
"3604",62.40488,113.59337,324.87,0.46,0.39,"2026-09-20",1932,"N20","nominal","2.0NRT",270.13,3.31,"N"
"3605",23.16778,82.3417,303.57,0.57,0.52,"2026-09-20",1945,"N20","nominal","2.0NRT",281.75,1.96,"N"
"3606",62.40338,113.58192,320.63,0.46,0.39,"2026-09-20",1932,"N20","nominal","2.0NRT",267.52,2.17,"N"
"3607",22.37811,87.27651,305.3,0.44,0.39,"2026-09-20",1945,"N20","nominal","2.0NRT",269.51,1.16,"N"
"3608",62.40159,113.59005,319.79,0.46,0.39,"2026-09-20",1932,"N20","nominal","2.0NRT",269.57,2.17,"N"
"3609",22.3775,87.28081,300.07,0.44,0.39,"2026-09-20",1945,"N20","nominal","2.0NRT",269.91,1.16,"N"
"3610",62.35034,113.76681,328.39,0.46,0.39,"2026-09-20",1932,"N20","nominal","2.0NRT",273.07,9.82,"N"
"3611",22.21532,84.84,303.95,0.39,0.44,"2026-09-20",1945,"N20","nominal","2.0NRT",274.52,0.75,"N"
"3612",62.35496,113.69156,304.43,0.46,0.39,"2026-09-20",1932,"N20","nominal","2.0NRT",281.96,37.67,"N"
"3613",22.20896,84.85838,296.83,0.39,0.44,"2026-09-20",1945,"N20","nominal","2.0NRT",270.84,0.49,"N"
"3614",62.39471,113.49385,327.79,0.46,0.39,"2026-09-20",1932,"N20","nominal","2.0NRT",268.24,4.1,"N"
"3615",22.20756,84.86973,298.08,0.39,0.44,"2026-09-20",1945,"N20","nominal","2.0NRT",267.78,0.46,"N"
"3616",62.40189,113.33392,325.44,0.45,0.39,"2026-09-20",1932,"N20","nominal","2.0NRT",266.92,3.1,"N"
"3617",22.20932,84.54865,305.55,0.41,0.45,"2026-09-20",1945,"N20","nominal","2.0NRT",283.63,0.87,"N"
"3618",63.38724,106.81018,303.91,0.38,0.36,"2026-09-20",1932,"N20","nominal","2.0NRT",268.53,1.32,"N"
"3619",22.21011,84.54993,304.41,0.41,0.45,"2026-09-20",1945,"N20","nominal","2.0NRT",282.91,0.94,"N"
"3620",63.3171,107.12009,302.52,0.38,0.36,"2026-09-20",1932,"N20","nominal","2.0NRT",267.4,0.69,"N"
"3621",22.20257,84.57671,305.3,0.4,0.45,"2026-09-20",1945,"N20","nominal","2.0NRT",282.47,1.03,"N"
"3622",63.30804,107.15418,316.66,0.38,0.36,"2026-09-20",1932,"N20","nominal","2.0NRT",268.94,1.44,"N"
"3623",22.36229,82.29918,300.1,0.56,0.52,"2026-09-20",1945,"N20","nominal","2.0NRT",273.33,0.64,"N"
"3624",63.30686,107.16149,306.67,0.38,0.36,"2026-09-20",1932,"N20","nominal","2.0NRT",267.67,1.44,"N"
"3625",22.33013,82.60429,303.26,0.54,0.51,"2026-09-20",1945,"N20","nominal","2.0NRT",275.78,1.36,"N"
"3626",63.4698,105.93807,297.97,0.39,0.36,"2026-09-20",1932,"N20","nominal","2.0NRT",269.2,0.86,"N"
"3627",22.32247,82.58744,305.05,0.54,0.51,"2026-09-20",1945,"N20","nominal","2.0NRT",279.32,1.53,"N"
"3628",63.46868,105.94552,306.8,0.39,0.36,"2026-09-20",1932,"N20","nominal","2.0NRT",270.76,0.86,"N"
"3629",22.3313,82.60766,303.11,0.54,0.51,"2026-09-20",1945,"N20","nominal","2.0NRT",275.35,0.86,"N"
"3630",63.43962,105.97353,308.63,0.39,0.36,"2026-09-20",1932,"N20","nominal","2.0NRT",267.63,1.16,"N"
"3631",22.36094,82.30264,305.11,0.56,0.52,"2026-09-20",1945,"N20","nominal","2.0NRT",273.75,1.53,"N"
"3632",62.86334,106.51023,300.22,0.38,0.36,"2026-09-20",1932,"N20","nominal","2.0NRT",270.36,0.89,"N"
"3633",22.22494,83.48114,303.03,0.47,0.48,"2026-09-20",1945,"N20","nominal","2.0NRT",287.08,0.91,"N"
"3634",62.86104,106.52472,300.77,0.38,0.36,"2026-09-20",1932,"N20","nominal","2.0NRT",272.12,1.16,"N"
"3635",22.32377,82.59079,309.68,0.54,0.51,"2026-09-20",1945,"N20","nominal","2.0NRT",279.57,1.72,"N"
"3636",62.85387,106.52809,297.41,0.38,0.36,"2026-09-20",1932,"N20","nominal","2.0NRT",270.38,1.57,"N"
"3637",22.32206,82.56409,302.94,0.54,0.51,"2026-09-20",1945,"N20","nominal","2.0NRT",280.71,1.4,"N"
"3638",61.54263,113.16775,335.95,0.47,0.4,"2026-09-20",1932,"N20","nominal","2.0NRT",276.15,16,"N"
"3639",22.0646,83.70432,302.81,0.45,0.47,"2026-09-20",1945,"N20","nominal","2.0NRT",281.93,1.02,"N"
"3640",61.46159,113.00314,331.22,0.47,0.39,"2026-09-20",1932,"N20","nominal","2.0NRT",264.96,3.35,"N"
"3641",22.0394,83.73211,308.34,0.45,0.47,"2026-09-20",1945,"N20","nominal","2.0NRT",283.92,2.23,"N"
"3642",61.38859,112.98316,295.07,0.47,0.4,"2026-09-20",1932,"N20","nominal","2.0NRT",264,0.47,"N"
"3643",22.01481,83.75535,304.24,0.45,0.47,"2026-09-20",1945,"N20","nominal","2.0NRT",277.21,1.5,"N"
"3644",63.87498,95.45881,305.12,0.41,0.45,"2026-09-20",1932,"N20","nominal","2.0NRT",275.77,1.04,"N"
"3645",22.03892,83.35176,311.66,0.48,0.48,"2026-09-20",1945,"N20","nominal","2.0NRT",285.93,3.06,"N"
"3646",63.87091,95.45679,295.66,0.41,0.45,"2026-09-20",1932,"N20","nominal","2.0NRT",275.95,1.04,"N"
"3647",22.03296,83.36491,306.55,0.48,0.48,"2026-09-20",1945,"N20","nominal","2.0NRT",287.8,2.49,"N"
"3648",63.86683,95.45474,295.25,0.41,0.45,"2026-09-20",1932,"N20","nominal","2.0NRT",271.26,0.5,"N"
"3649",61.35047,112.80969,339.86,0.46,0.39,"2026-09-20",1932,"N20","nominal","2.0NRT",281.45,4.84,"N"
"3650",22.03955,83.34908,307.96,0.48,0.48,"2026-09-20",1945,"N20","nominal","2.0NRT",286.01,1.36,"N"
"3651",61.35225,112.80168,302.23,0.46,0.39,"2026-09-20",1932,"N20","nominal","2.0NRT",269.71,4.84,"N"
"3652",22.039,83.35371,308.07,0.48,0.48,"2026-09-20",1945,"N20","nominal","2.0NRT",286.43,2.36,"N"
"3653",61.34715,112.8065,326.69,0.46,0.39,"2026-09-20",1932,"N20","nominal","2.0NRT",304.84,27.97,"N"
"3654",22.03295,83.36681,306.18,0.48,0.48,"2026-09-20",1945,"N20","nominal","2.0NRT",288.11,1.88,"N"
"3655",61.34893,112.79849,308.54,0.46,0.39,"2026-09-20",1932,"N20","nominal","2.0NRT",269.83,27.97,"N"
"3656",22.01859,83.3367,306.35,0.48,0.48,"2026-09-20",1945,"N20","nominal","2.0NRT",285.73,1.12,"N"
"3657",61.34383,112.80331,307.94,0.46,0.39,"2026-09-20",1932,"N20","nominal","2.0NRT",270.78,27.97,"N"
"3658",21.98576,83.23212,300.59,0.49,0.48,"2026-09-20",1945,"N20","nominal","2.0NRT",271.2,0.23,"N"
"3659",21.92277,83.35143,321.59,0.48,0.48,"2026-09-20",1945,"N20","nominal","2.0NRT",280.21,1.61,"N"
"3660",63.96295,90.42728,298.85,0.58,0.52,"2026-09-20",1932,"N20","nominal","2.0NRT",275.68,1.55,"N"
"3661",21.92329,83.34681,304.44,0.48,0.48,"2026-09-20",1945,"N20","nominal","2.0NRT",278.65,1.61,"N"
"3662",63.95812,90.42588,321.8,0.58,0.52,"2026-09-20",1932,"N20","nominal","2.0NRT",278.11,3.14,"N"
"3663",21.91836,83.35081,299.89,0.48,0.48,"2026-09-20",1945,"N20","nominal","2.0NRT",278.96,1.61,"N"
"3664",63.96021,90.4232,304.89,0.58,0.52,"2026-09-20",1932,"N20","nominal","2.0NRT",277.29,2.57,"N"
"3665",22.00775,82.67078,295.44,0.53,0.5,"2026-09-20",1945,"N20","nominal","2.0NRT",269.21,0.83,"N"
"3666",63.95541,90.42147,308.83,0.58,0.52,"2026-09-20",1932,"N20","nominal","2.0NRT",275.73,2.57,"N"
"3667",21.92335,83.34949,325,0.48,0.48,"2026-09-20",1945,"N20","nominal","2.0NRT",279.93,2.48,"N"
"3668",63.61952,93.71117,297.73,0.46,0.47,"2026-09-20",1932,"N20","nominal","2.0NRT",277.49,1.02,"N"
"3669",21.91895,83.34888,299.17,0.48,0.48,"2026-09-20",1945,"N20","nominal","2.0NRT",278.11,2.48,"N"
"3670",63.6152,93.7095,297.26,0.46,0.47,"2026-09-20",1932,"N20","nominal","2.0NRT",276.95,1.02,"N"
"3671",21.88086,83.55597,298.93,0.46,0.47,"2026-09-20",1945,"N20","nominal","2.0NRT",276.45,0.45,"N"
"3672",21.87912,83.49628,300.48,0.47,0.47,"2026-09-20",1945,"N20","nominal","2.0NRT",279.42,0.64,"N"
"3673",63.6146,93.71947,295.49,0.46,0.47,"2026-09-20",1932,"N20","nominal","2.0NRT",277.3,1.02,"N"
"3674",21.87476,83.49566,300.22,0.47,0.47,"2026-09-20",1945,"N20","nominal","2.0NRT",279.71,0.64,"N"
"3675",63.16972,97.25364,295.77,0.54,0.42,"2026-09-20",1932,"N20","nominal","2.0NRT",271.54,1.18,"N"
"3676",21.76357,83.84593,301.38,0.44,0.46,"2026-09-20",1945,"N20","nominal","2.0NRT",278.9,0.74,"N"
"3677",60.94843,112.02511,303.97,0.46,0.39,"2026-09-20",1932,"N20","nominal","2.0NRT",267.91,3.65,"N"
"3678",21.76308,83.85017,308.46,0.44,0.46,"2026-09-20",1945,"N20","nominal","2.0NRT",278.76,1.23,"N"
"3679",60.94511,112.02213,322.53,0.46,0.39,"2026-09-20",1932,"N20","nominal","2.0NRT",270.35,3.65,"N"
"3680",21.7598,83.84106,300.93,0.44,0.46,"2026-09-20",1945,"N20","nominal","2.0NRT",278.73,1.08,"N"
"3681",60.92303,112.12311,299.19,0.46,0.39,"2026-09-20",1932,"N20","nominal","2.0NRT",268.19,0.6,"N"
"3682",21.758,83.81921,301.53,0.44,0.46,"2026-09-20",1945,"N20","nominal","2.0NRT",279.95,0.58,"N"
"3683",63.49062,87.37218,297.85,0.36,0.57,"2026-09-20",1932,"N20","nominal","2.0NRT",278.12,0.76,"N"
"3684",21.75554,83.84048,300.51,0.44,0.46,"2026-09-20",1945,"N20","nominal","2.0NRT",278.5,1.08,"N"
"3685",63.48531,87.37151,298.78,0.36,0.57,"2026-09-20",1932,"N20","nominal","2.0NRT",278.21,0.76,"N"
"3686",21.76419,83.84727,308.07,0.44,0.46,"2026-09-20",1945,"N20","nominal","2.0NRT",278.97,1.18,"N"
"3687",63.48519,87.37873,295.91,0.36,0.57,"2026-09-20",1932,"N20","nominal","2.0NRT",277.36,0.76,"N"
"3688",21.76046,83.84241,302.27,0.44,0.46,"2026-09-20",1945,"N20","nominal","2.0NRT",278.49,1.18,"N"
"3689",63.35341,87.41739,296.46,0.36,0.57,"2026-09-20",1932,"N20","nominal","2.0NRT",279.35,1.12,"N"
"3690",63.22023,87.84098,303.3,0.34,0.56,"2026-09-20",1932,"N20","nominal","2.0NRT",278.93,1.07,"N"
"3691",21.7562,83.84184,306.27,0.44,0.46,"2026-09-20",1945,"N20","nominal","2.0NRT",278.88,1.64,"N"
"3692",63.22009,87.84815,295.13,0.34,0.56,"2026-09-20",1932,"N20","nominal","2.0NRT",279.87,0.86,"N"
"3693",21.74767,83.84072,310.24,0.44,0.46,"2026-09-20",1945,"N20","nominal","2.0NRT",279.18,2.13,"N"
"3694",63.20343,88.15193,296.77,0.34,0.56,"2026-09-20",1932,"N20","nominal","2.0NRT",275.26,1,"N"
"3695",21.487,81.76641,305.06,0.59,0.53,"2026-09-20",1945,"N20","nominal","2.0NRT",285.66,1.47,"N"
"3696",63.1981,88.15812,299.45,0.34,0.56,"2026-09-20",1932,"N20","nominal","2.0NRT",274.7,1,"N"
"3697",20.9659,86.05021,311.95,0.49,0.4,"2026-09-20",1945,"N20","nominal","2.0NRT",287.42,1.78,"N"
"3698",63.19292,88.15746,305.03,0.34,0.56,"2026-09-20",1932,"N20","nominal","2.0NRT",277.13,1.33,"N"
"3699",20.96412,86.00692,326.78,0.49,0.4,"2026-09-20",1945,"N20","nominal","2.0NRT",279.51,3.72,"N"
"3700",63.18774,88.15679,301.36,0.34,0.56,"2026-09-20",1932,"N20","nominal","2.0NRT",274.69,1.33,"N"
"3701",20.95174,86.04324,324.61,0.49,0.4,"2026-09-20",1945,"N20","nominal","2.0NRT",287.69,3.44,"N"
"3702",63.1876,88.16362,299.39,0.34,0.56,"2026-09-20",1932,"N20","nominal","2.0NRT",271.94,1.19,"N"
"3703",21.08228,85.03286,302.53,0.55,0.43,"2026-09-20",1945,"N20","nominal","2.0NRT",289.28,1.13,"N"
"3704",63.1973,88.15745,299.85,0.34,0.56,"2026-09-20",1932,"N20","nominal","2.0NRT",274.73,1.15,"N"
"3705",21.08161,85.03815,305.5,0.55,0.43,"2026-09-20",1945,"N20","nominal","2.0NRT",289.27,1.13,"N"
"3706",63.19212,88.15681,303.44,0.34,0.56,"2026-09-20",1934,"N20","nominal","2.0NRT",276.99,0.82,"N"
"3707",20.95113,86.0479,311.19,0.49,0.4,"2026-09-20",1945,"N20","nominal","2.0NRT",287.25,2.37,"N"
"3708",63.18695,88.15617,296.27,0.34,0.56,"2026-09-20",1934,"N20","nominal","2.0NRT",272.18,0.82,"N"
"3709",21.07769,85.03757,335.4,0.55,0.43,"2026-09-20",1945,"N20","nominal","2.0NRT",290.41,4.31,"N"
"3710",63.18678,88.16299,305.42,0.34,0.56,"2026-09-20",1934,"N20","nominal","2.0NRT",272,0.82,"N"
"3711",21.07835,85.03228,302.35,0.55,0.43,"2026-09-20",1945,"N20","nominal","2.0NRT",289.54,4.31,"N"
"3712",63.18309,88.10078,297.47,0.34,0.56,"2026-09-20",1934,"N20","nominal","2.0NRT",276.97,1.74,"N"
"3713",20.9419,86.06066,305.06,0.49,0.4,"2026-09-20",1945,"N20","nominal","2.0NRT",286.26,1.37,"N"
"3714",63.18293,88.10764,313.27,0.34,0.56,"2026-09-20",1934,"N20","nominal","2.0NRT",278.18,1.74,"N"
"3715",21.08189,85.03674,310.77,0.55,0.43,"2026-09-20",1945,"N20","nominal","2.0NRT",289.62,4.68,"N"
"3716",63.18276,88.11449,311.52,0.34,0.56,"2026-09-20",1934,"N20","nominal","2.0NRT",275.98,1.38,"N"
"3717",21.07798,85.03616,335.65,0.55,0.43,"2026-09-20",1945,"N20","nominal","2.0NRT",290.89,4.68,"N"
"3718",63.1826,88.12135,306.14,0.34,0.56,"2026-09-20",1934,"N20","nominal","2.0NRT",274.47,1.38,"N"
"3719",20.97691,85.17117,314.89,0.54,0.42,"2026-09-20",1945,"N20","nominal","2.0NRT",288.71,1.62,"N"
"3720",63.18243,88.12816,300.53,0.34,0.56,"2026-09-20",1934,"N20","nominal","2.0NRT",275.04,0.83,"N"
"3721",21.37949,81.68157,305.79,0.6,0.53,"2026-09-20",1945,"N20","nominal","2.0NRT",286.19,1.44,"N"
"3722",63.18227,88.13503,300.77,0.34,0.56,"2026-09-20",1934,"N20","nominal","2.0NRT",274.82,0.83,"N"
"3723",20.97236,85.17583,307.46,0.54,0.42,"2026-09-20",1945,"N20","nominal","2.0NRT",286.4,1.62,"N"
"3724",60.35783,111.69981,312.74,0.46,0.39,"2026-09-20",1934,"N20","nominal","2.0NRT",268.56,2.62,"N"
"3725",20.96848,85.17528,327.91,0.54,0.42,"2026-09-20",1945,"N20","nominal","2.0NRT",288.76,2.35,"N"
"3726",60.3545,111.69687,326.56,0.46,0.39,"2026-09-20",1934,"N20","nominal","2.0NRT",267.73,2.62,"N"
"3727",21.37888,81.64006,304.58,0.6,0.53,"2026-09-20",1945,"N20","nominal","2.0NRT",287.12,1.93,"N"
"3728",62.98882,87.90945,297.1,0.34,0.56,"2026-09-20",1934,"N20","nominal","2.0NRT",276.26,0.91,"N"
"3729",20.97114,85.15437,308.91,0.54,0.42,"2026-09-20",1945,"N20","nominal","2.0NRT",286.21,2.14,"N"
"3730",62.86021,88.04678,301.15,0.34,0.56,"2026-09-20",1934,"N20","nominal","2.0NRT",278.13,1.39,"N"
"3731",20.96914,85.17005,306.98,0.54,0.42,"2026-09-20",1945,"N20","nominal","2.0NRT",289.16,2.35,"N"
"3732",62.86005,88.0536,296.27,0.34,0.56,"2026-09-20",1934,"N20","nominal","2.0NRT",278.77,1.39,"N"
"3733",20.96261,85.19024,320.07,0.54,0.42,"2026-09-20",1945,"N20","nominal","2.0NRT",289.96,3.47,"N"
"3734",62.85989,88.06032,298.54,0.34,0.56,"2026-09-20",1934,"N20","nominal","2.0NRT",280.12,1,"N"
"3735",20.96592,85.16428,311.33,0.54,0.42,"2026-09-20",1945,"N20","nominal","2.0NRT",288.35,3.23,"N"
"3736",62.85973,88.06706,297.19,0.34,0.56,"2026-09-20",1934,"N20","nominal","2.0NRT",279.11,1,"N"
"3737",20.96526,85.16948,309.05,0.54,0.42,"2026-09-20",1945,"N20","nominal","2.0NRT",288.99,2.35,"N"
"3738",20.96459,85.17471,315.36,0.54,0.42,"2026-09-20",1945,"N20","nominal","2.0NRT",289.55,2.35,"N"
"3739",62.85941,88.08044,295.04,0.34,0.56,"2026-09-20",1934,"N20","nominal","2.0NRT",276.54,0.95,"N"
"3740",20.96393,85.17992,307.33,0.54,0.42,"2026-09-20",1945,"N20","nominal","2.0NRT",288.9,2.52,"N"
"3741",62.86736,87.47865,307.62,0.35,0.57,"2026-09-20",1934,"N20","nominal","2.0NRT",278,1.49,"N"
"3742",20.96327,85.1851,319.42,0.54,0.42,"2026-09-20",1945,"N20","nominal","2.0NRT",289.06,2.52,"N"
"3743",62.85535,88.03262,296.2,0.34,0.56,"2026-09-20",1934,"N20","nominal","2.0NRT",277.36,1.52,"N"
"3744",21.37683,81.67972,307.87,0.6,0.53,"2026-09-20",1945,"N20","nominal","2.0NRT",286.1,2.16,"N"
"3745",62.85454,88.06647,295.73,0.34,0.56,"2026-09-20",1934,"N20","nominal","2.0NRT",280.4,1,"N"
"3746",21.37653,81.63822,304.87,0.6,0.53,"2026-09-20",1945,"N20","nominal","2.0NRT",287.07,1.08,"N"
"3747",62.85439,88.07314,295.89,0.34,0.56,"2026-09-20",1934,"N20","nominal","2.0NRT",280.01,0.95,"N"
"3748",21.36642,81.68433,303.11,0.6,0.53,"2026-09-20",1945,"N20","nominal","2.0NRT",286.42,1.8,"N"
"3749",62.85422,88.07991,299.71,0.34,0.56,"2026-09-20",1934,"N20","nominal","2.0NRT",280.4,0.95,"N"
"3750",21.31235,81.58861,304.07,0.61,0.53,"2026-09-20",1945,"N20","nominal","2.0NRT",286.7,1.26,"N"
"3751",62.85406,88.08663,298.05,0.34,0.56,"2026-09-20",1934,"N20","nominal","2.0NRT",280.06,1.27,"N"
"3752",20.87114,84.99854,304.04,0.55,0.43,"2026-09-20",1945,"N20","nominal","2.0NRT",289.58,1.78,"N"
"3753",62.8539,88.09334,304.22,0.34,0.56,"2026-09-20",1934,"N20","nominal","2.0NRT",277.86,1.27,"N"
"3754",20.87126,84.99799,304.62,0.55,0.43,"2026-09-20",1945,"N20","nominal","2.0NRT",290.05,3.49,"N"
"3755",62.85374,88.10011,309.89,0.34,0.56,"2026-09-20",1934,"N20","nominal","2.0NRT",276.68,1.54,"N"
"3756",20.8096,85.25357,307.29,0.53,0.42,"2026-09-20",1945,"N20","nominal","2.0NRT",288.38,1.39,"N"
"3757",60.48122,109.87771,326.87,0.42,0.38,"2026-09-20",1934,"N20","nominal","2.0NRT",267.77,1.93,"N"
"3758",20.80892,85.25868,306.2,0.53,0.42,"2026-09-20",1945,"N20","nominal","2.0NRT",288.62,1.56,"N"
"3759",60.47798,109.87501,335.17,0.42,0.38,"2026-09-20",1934,"N20","nominal","2.0NRT",270.25,14.95,"N"
"3760",20.80506,85.25813,309.35,0.53,0.42,"2026-09-20",1945,"N20","nominal","2.0NRT",288.69,2,"N"
"3761",62.83127,87.4256,301.67,0.35,0.57,"2026-09-20",1934,"N20","nominal","2.0NRT",276.18,1.46,"N"
"3762",20.79417,85.25134,325.55,0.53,0.42,"2026-09-20",1945,"N20","nominal","2.0NRT",288.39,2.96,"N"
"3763",62.83062,87.46088,309.24,0.35,0.57,"2026-09-20",1934,"N20","nominal","2.0NRT",276.95,1.42,"N"
"3764",20.78831,85.26603,308.23,0.53,0.42,"2026-09-20",1945,"N20","nominal","2.0NRT",288.74,1.75,"N"
"3765",62.82585,87.43218,305.36,0.35,0.57,"2026-09-20",1934,"N20","nominal","2.0NRT",276.97,2.1,"N"
"3766",21.20059,81.40125,334.12,0.62,0.54,"2026-09-20",1945,"N20","nominal","2.0NRT",286.59,4.18,"N"
"3767",62.82546,87.45332,308.94,0.35,0.57,"2026-09-20",1934,"N20","nominal","2.0NRT",275.27,2.9,"N"
"3768",21.1861,81.38574,305.08,0.62,0.54,"2026-09-20",1945,"N20","nominal","2.0NRT",287.1,2.23,"N"
"3769",62.82534,87.46022,306.96,0.35,0.57,"2026-09-20",1934,"N20","nominal","2.0NRT",275,1.42,"N"
"3770",21.18114,81.38513,314.44,0.62,0.54,"2026-09-20",1945,"N20","nominal","2.0NRT",287.01,2.23,"N"
"3771",62.80982,88.20212,296.94,0.33,0.56,"2026-09-20",1934,"N20","nominal","2.0NRT",277.26,1.32,"N"
"3772",20.53217,85.9052,304.58,0.49,0.4,"2026-09-20",1945,"N20","nominal","2.0NRT",284.63,0.55,"N"
"3773",62.80949,88.21575,295.75,0.33,0.56,"2026-09-20",1934,"N20","nominal","2.0NRT",274.53,1.06,"N"
"3774",18.54161,83.34273,316.55,0.43,0.46,"2026-09-20",1947,"N20","nominal","2.0NRT",289.58,1.75,"N"
"3775",60.46529,109.71326,325.72,0.42,0.38,"2026-09-20",1934,"N20","nominal","2.0NRT",268.48,4.81,"N"
"3776",17.14744,78.22325,299.99,0.45,0.63,"2026-09-20",1947,"N20","nominal","2.0NRT",284.4,0.79,"N"
"3777",60.46385,109.72046,317.27,0.42,0.38,"2026-09-20",1934,"N20","nominal","2.0NRT",268.76,4.81,"N"
"3778",17.14758,78.22117,301.44,0.45,0.63,"2026-09-20",1947,"N20","nominal","2.0NRT",284.56,1,"N"
"3779",60.12147,110.76045,329.73,0.45,0.39,"2026-09-20",1934,"N20","nominal","2.0NRT",270.95,2.59,"N"
"3780",60.27581,109.34597,321.81,0.42,0.38,"2026-09-20",1934,"N20","nominal","2.0NRT",266.02,1.31,"N"
"3781",62.46683,86.45341,303.04,0.38,0.59,"2026-09-20",1934,"N20","nominal","2.0NRT",277.85,1.12,"N"
"3782",60.14979,109.10007,326.33,0.42,0.37,"2026-09-20",1934,"N20","nominal","2.0NRT",269.38,3.66,"N"
"3783",60.14797,109.09039,331.54,0.42,0.37,"2026-09-20",1934,"N20","nominal","2.0NRT",283.69,10.93,"N"
"3784",60.14656,109.09749,304.88,0.42,0.37,"2026-09-20",1934,"N20","nominal","2.0NRT",273.8,3.66,"N"
"3785",59.80801,109.42285,325.23,0.43,0.38,"2026-09-20",1934,"N20","nominal","2.0NRT",264.02,12.05,"N"
"3786",59.80332,109.42737,304.83,0.43,0.38,"2026-09-20",1934,"N20","nominal","2.0NRT",268.72,21.09,"N"
"3787",61.84017,93.98732,325.46,0.43,0.46,"2026-09-20",1934,"N20","nominal","2.0NRT",277.74,2.31,"N"
"3788",61.83967,93.99459,303.45,0.43,0.46,"2026-09-20",1934,"N20","nominal","2.0NRT",274.89,2.31,"N"
"3789",59.84198,108.4053,325.54,0.41,0.37,"2026-09-20",1934,"N20","nominal","2.0NRT",268.51,3.72,"N"
"3790",59.81828,108.14405,305.58,0.41,0.37,"2026-09-20",1934,"N20","nominal","2.0NRT",266.94,0.63,"N"
"3791",59.78723,108.19112,320.36,0.41,0.37,"2026-09-20",1934,"N20","nominal","2.0NRT",274.89,11.44,"N"
"3792",61.85863,88.34927,300.06,0.33,0.55,"2026-09-20",1934,"N20","nominal","2.0NRT",272.35,1.42,"N"
"3793",61.85846,88.35581,304.87,0.33,0.55,"2026-09-20",1934,"N20","nominal","2.0NRT",272.69,1.16,"N"
"3794",61.85828,88.36231,307.78,0.33,0.55,"2026-09-20",1934,"N20","nominal","2.0NRT",272.91,1.16,"N"
"3795",61.85386,88.3359,321.35,0.33,0.55,"2026-09-20",1934,"N20","nominal","2.0NRT",270.96,2.19,"N"
"3796",61.85369,88.34225,309.02,0.33,0.55,"2026-09-20",1934,"N20","nominal","2.0NRT",273.33,1.42,"N"
"3797",61.85352,88.34877,307.91,0.33,0.55,"2026-09-20",1934,"N20","nominal","2.0NRT",274.18,1.42,"N"
"3798",61.85335,88.35536,309.9,0.33,0.55,"2026-09-20",1934,"N20","nominal","2.0NRT",274.63,1.16,"N"
"3799",61.85317,88.36195,307.35,0.33,0.55,"2026-09-20",1934,"N20","nominal","2.0NRT",274.91,1.16,"N"
"3800",61.853,88.36837,300.64,0.33,0.55,"2026-09-20",1934,"N20","nominal","2.0NRT",272.65,1.05,"N"
"3801",61.85282,88.37489,300.09,0.32,0.55,"2026-09-20",1934,"N20","nominal","2.0NRT",272.87,1.05,"N"
"3802",61.84824,88.35469,297.47,0.33,0.55,"2026-09-20",1934,"N20","nominal","2.0NRT",271.82,0.9,"N"
"3803",61.84807,88.36127,309.37,0.33,0.55,"2026-09-20",1934,"N20","nominal","2.0NRT",273.1,0.9,"N"
"3804",61.76876,88.37032,299.17,0.32,0.55,"2026-09-20",1934,"N20","nominal","2.0NRT",273.75,1.11,"N"
"3805",61.76349,88.37581,298.77,0.32,0.55,"2026-09-20",1934,"N20","nominal","2.0NRT",272.36,1,"N"
"3806",61.75856,88.36877,299.79,0.32,0.55,"2026-09-20",1934,"N20","nominal","2.0NRT",273.44,1.63,"N"
"3807",61.75365,88.36143,298.86,0.32,0.55,"2026-09-20",1934,"N20","nominal","2.0NRT",270.53,0.57,"N"
"3808",61.75348,88.36793,296.56,0.32,0.55,"2026-09-20",1934,"N20","nominal","2.0NRT",270.44,0.57,"N"
"3809",59.63893,108.1199,326.35,0.41,0.37,"2026-09-20",1934,"N20","nominal","2.0NRT",273.67,5.34,"N"
"3810",59.42587,107.80852,314.97,0.41,0.37,"2026-09-20",1934,"N20","nominal","2.0NRT",269.69,0.85,"N"
"3811",60.87301,97.48956,314.54,0.5,0.41,"2026-09-20",1934,"N20","nominal","2.0NRT",275.04,1.82,"N"
"3812",60.84761,97.35526,309.12,0.5,0.41,"2026-09-20",1934,"N20","nominal","2.0NRT",272.08,21.27,"N"
"3813",60.84477,97.34473,325.2,0.5,0.41,"2026-09-20",1934,"N20","nominal","2.0NRT",272.53,22.28,"N"
"3814",60.8439,97.35378,309.97,0.5,0.41,"2026-09-20",1934,"N20","nominal","2.0NRT",291.02,21.27,"N"
"3815",60.84832,97.34941,302.33,0.5,0.41,"2026-09-20",1934,"N20","nominal","2.0NRT",272.17,15.51,"N"
"3816",60.8446,97.34792,325.9,0.5,0.41,"2026-09-20",1934,"N20","nominal","2.0NRT",283.38,15.51,"N"
"3817",60.84371,97.3569,315.7,0.5,0.41,"2026-09-20",1934,"N20","nominal","2.0NRT",276.58,15.51,"N"
"3818",60.78237,97.07277,327.58,0.51,0.41,"2026-09-20",1934,"N20","nominal","2.0NRT",269.17,28.83,"N"
"3819",60.77864,97.07132,333.7,0.51,0.41,"2026-09-20",1934,"N20","nominal","2.0NRT",275,28.83,"N"
"3820",60.49463,97.40797,303.22,0.49,0.41,"2026-09-20",1934,"N20","nominal","2.0NRT",273.9,3.17,"N"
"3821",60.49096,97.40633,334.18,0.49,0.41,"2026-09-20",1934,"N20","nominal","2.0NRT",273.83,3.17,"N"
"3822",60.43555,97.79736,323.24,0.48,0.4,"2026-09-20",1934,"N20","nominal","2.0NRT",274.38,9.52,"N"
"3823",60.4364,97.6787,326.51,0.49,0.4,"2026-09-20",1934,"N20","nominal","2.0NRT",278.97,28.43,"N"
"3824",60.44529,97.55432,301.2,0.49,0.4,"2026-09-20",1934,"N20","nominal","2.0NRT",271.96,0.79,"N"
"3825",60.44162,97.55281,308.52,0.49,0.4,"2026-09-20",1934,"N20","nominal","2.0NRT",280.44,23.02,"N"
"3826",60.44677,97.15321,334.12,0.5,0.41,"2026-09-20",1934,"N20","nominal","2.0NRT",279.21,15.65,"N"
"3827",60.39928,97.47948,326.47,0.49,0.4,"2026-09-20",1934,"N20","nominal","2.0NRT",273.08,2.34,"N"
"3828",60.4025,97.47614,325.76,0.49,0.4,"2026-09-20",1934,"N20","nominal","2.0NRT",273.52,3.41,"N"
"3829",60.43147,96.50956,311.09,0.52,0.42,"2026-09-20",1934,"N20","nominal","2.0NRT",278.37,2.04,"N"
"3830",60.42769,96.50808,340.26,0.52,0.42,"2026-09-20",1934,"N20","nominal","2.0NRT",315.35,124.35,"N"
"3831",60.44004,96.24521,327.9,0.53,0.42,"2026-09-20",1934,"N20","nominal","2.0NRT",276.87,12.95,"N"
"3832",60.43921,96.25451,318.63,0.53,0.42,"2026-09-20",1934,"N20","nominal","2.0NRT",280,12.95,"N"
"3833",60.43626,96.24334,330.95,0.53,0.42,"2026-09-20",1934,"N20","nominal","2.0NRT",281.01,27,"N"
"3834",60.4354,96.25282,319.31,0.53,0.42,"2026-09-20",1934,"N20","nominal","2.0NRT",281.06,27,"N"
"3835",58.45209,107.59818,295.83,0.41,0.37,"2026-09-20",1934,"N20","nominal","2.0NRT",270.87,2.72,"N"
"3836",58.45077,107.60499,317.43,0.41,0.37,"2026-09-20",1934,"N20","nominal","2.0NRT",275.42,4.55,"N"
"3837",58.44883,107.59594,314.84,0.41,0.37,"2026-09-20",1934,"N20","nominal","2.0NRT",272.32,2.72,"N"
"3838",58.44751,107.60275,318.18,0.41,0.37,"2026-09-20",1934,"N20","nominal","2.0NRT",278.5,4.55,"N"
"3839",58.42614,107.57966,329.71,0.41,0.37,"2026-09-20",1934,"N20","nominal","2.0NRT",276.46,7.86,"N"
"3840",58.42288,107.57735,337.69,0.41,0.37,"2026-09-20",1934,"N20","nominal","2.0NRT",273.65,7.86,"N"
"3841",58.42226,107.44745,309.73,0.41,0.37,"2026-09-20",1934,"N20","nominal","2.0NRT",271.29,1,"N"
"3842",58.4821,107.02062,333.77,0.41,0.37,"2026-09-20",1934,"N20","nominal","2.0NRT",280.28,4.84,"N"
"3843",58.40639,107.26288,305.86,0.41,0.37,"2026-09-20",1934,"N20","nominal","2.0NRT",266.83,1.21,"N"
"3844",58.29522,106.92398,325.57,0.41,0.37,"2026-09-20",1934,"N20","nominal","2.0NRT",270.72,2.52,"N"
"3845",58.29198,106.92178,325.77,0.41,0.37,"2026-09-20",1934,"N20","nominal","2.0NRT",270.01,2.52,"N"
"3846",58.14016,107.10217,311.67,0.41,0.37,"2026-09-20",1934,"N20","nominal","2.0NRT",271.99,1.33,"N"
"3847",58.09626,106.55978,340.07,0.4,0.37,"2026-09-20",1934,"N20","nominal","2.0NRT",282.52,11.55,"N"
"3848",58.73196,102.52177,300.32,0.39,0.36,"2026-09-20",1934,"N20","nominal","2.0NRT",271.32,0.69,"N"
"3849",58.73099,102.52827,295.44,0.39,0.36,"2026-09-20",1934,"N20","nominal","2.0NRT",273.12,1.07,"N"
"3850",57.98492,106.80307,299.8,0.41,0.37,"2026-09-20",1934,"N20","nominal","2.0NRT",269.61,0.76,"N"
"3851",57.8775,105.88759,346.31,0.4,0.37,"2026-09-20",1934,"N20","nominal","2.0NRT",285.97,18.25,"N"
"3852",57.87867,105.88111,302.15,0.4,0.37,"2026-09-20",1934,"N20","nominal","2.0NRT",272.49,2.54,"N"
"3853",57.87428,105.88551,346.91,0.4,0.37,"2026-09-20",1934,"N20","nominal","2.0NRT",279.57,7.74,"N"
"3854",57.74004,105.94303,325.1,0.4,0.37,"2026-09-20",1934,"N20","nominal","2.0NRT",269.65,2.37,"N"
"3855",57.72349,106.03307,324.01,0.4,0.37,"2026-09-20",1934,"N20","nominal","2.0NRT",265.9,2.7,"N"
"3856",57.68135,106.0853,328.3,0.4,0.37,"2026-09-20",1934,"N20","nominal","2.0NRT",286.21,10.16,"N"
"3857",57.68255,106.07883,299.41,0.4,0.37,"2026-09-20",1934,"N20","nominal","2.0NRT",270.71,4.27,"N"
"3858",57.58874,105.9173,324.72,0.4,0.37,"2026-09-20",1934,"N20","nominal","2.0NRT",275.12,2.26,"N"
"3859",57.58992,105.91087,312.32,0.4,0.37,"2026-09-20",1934,"N20","nominal","2.0NRT",271.49,1.88,"N"
"3860",57.61685,105.68581,334.55,0.4,0.37,"2026-09-20",1934,"N20","nominal","2.0NRT",270.01,8.13,"N"
"3861",57.56903,105.92642,329.67,0.4,0.37,"2026-09-20",1934,"N20","nominal","2.0NRT",274.81,5.5,"N"
"3862",57.5658,105.92435,334.46,0.4,0.37,"2026-09-20",1934,"N20","nominal","2.0NRT",276.97,5.5,"N"
"3863",57.57092,105.87725,326.71,0.4,0.37,"2026-09-20",1934,"N20","nominal","2.0NRT",276.78,3.74,"N"
"3864",57.56258,105.92229,335,0.4,0.37,"2026-09-20",1934,"N20","nominal","2.0NRT",284.05,13.11,"N"
"3865",57.53612,105.86329,326.45,0.4,0.37,"2026-09-20",1934,"N20","nominal","2.0NRT",274.74,12.62,"N"
"3866",56.82644,106.01685,304.07,0.41,0.37,"2026-09-20",1934,"N20","nominal","2.0NRT",271.79,0.36,"N"
"3867",53.88571,87.24555,298.31,0.63,0.54,"2026-09-20",1936,"N20","nominal","2.0NRT",279.77,1.85,"N"
"3868",53.88456,87.27489,297.72,0.63,0.54,"2026-09-20",1936,"N20","nominal","2.0NRT",275.73,1.56,"N"
"3869",53.88655,87.24969,299.51,0.63,0.54,"2026-09-20",1936,"N20","nominal","2.0NRT",279.91,2.38,"N"
"3870",53.64902,87.92688,298.04,0.59,0.53,"2026-09-20",1936,"N20","nominal","2.0NRT",284.78,2.44,"N"
"3871",53.641,87.98861,296.64,0.58,0.52,"2026-09-20",1936,"N20","nominal","2.0NRT",284.83,1.27,"N"
"3872",46.38748,113.99948,333.44,0.49,0.65,"2026-09-20",1936,"N20","nominal","2.0NRT",282.42,3.38,"N"
"3873",46.38931,113.99383,304.63,0.49,0.65,"2026-09-20",1936,"N20","nominal","2.0NRT",277.43,3.38,"N"
"3874",46.39051,113.99739,328.9,0.49,0.65,"2026-09-20",1936,"N20","nominal","2.0NRT",279.25,5.34,"N"
"3875",46.3887,114.00304,317.14,0.49,0.65,"2026-09-20",1936,"N20","nominal","2.0NRT",280.96,4.65,"N"
"3876",45.75773,115.71939,322.18,0.61,0.71,"2026-09-20",1936,"N20","nominal","2.0NRT",278.01,4.29,"N"
"3877",50.39902,80.1725,298.98,0.61,0.71,"2026-09-20",1936,"N20","nominal","2.0NRT",281.08,2.21,"N"
"3878",50.39909,80.18134,309.37,0.61,0.71,"2026-09-20",1936,"N20","nominal","2.0NRT",285.54,2.21,"N"
"3879",50.35238,83.49078,301.23,0.43,0.62,"2026-09-20",1936,"N20","nominal","2.0NRT",281.86,1.33,"N"
"3880",50.01945,78.7327,298.41,0.71,0.75,"2026-09-20",1936,"N20","nominal","2.0NRT",282.44,1.46,"N"
"3881",49.64349,83.57311,309.51,0.43,0.62,"2026-09-20",1938,"N20","nominal","2.0NRT",283.95,1.13,"N"
"3882",45.93787,108.95234,295.49,0.6,0.53,"2026-09-20",1938,"N20","nominal","2.0NRT",279.7,1.12,"N"
"3883",47.51373,81.21893,332.37,0.54,0.68,"2026-09-20",1938,"N20","nominal","2.0NRT",281.72,4.89,"N"
"3884",47.51379,81.21182,302.8,0.54,0.68,"2026-09-20",1938,"N20","nominal","2.0NRT",279.65,4.89,"N"
"3885",47.50752,81.2116,340.88,0.54,0.68,"2026-09-20",1938,"N20","nominal","2.0NRT",280.83,4.89,"N"
"3886",47.5013,81.20361,307.24,0.54,0.68,"2026-09-20",1938,"N20","nominal","2.0NRT",280.26,1.38,"N"
"3887",47.47573,81.26081,337.69,0.53,0.67,"2026-09-20",1938,"N20","nominal","2.0NRT",279.6,4.45,"N"
"3888",47.46952,81.25298,332.79,0.53,0.67,"2026-09-20",1938,"N20","nominal","2.0NRT",274.84,4.45,"N"
"3889",47.46947,81.26064,311.62,0.53,0.67,"2026-09-20",1938,"N20","nominal","2.0NRT",276.07,4.45,"N"
"3890",47.46941,81.26785,297.19,0.53,0.67,"2026-09-20",1938,"N20","nominal","2.0NRT",274.84,3.86,"N"
"3891",47.46379,81.17912,325.77,0.54,0.68,"2026-09-20",1938,"N20","nominal","2.0NRT",275.98,4.21,"N"
"3892",47.45755,81.17082,296.27,0.54,0.68,"2026-09-20",1938,"N20","nominal","2.0NRT",275.63,3.12,"N"
"3893",47.45704,81.24629,316.6,0.54,0.67,"2026-09-20",1938,"N20","nominal","2.0NRT",276.49,2.33,"N"
"3894",47.45131,81.16212,367,0.54,0.68,"2026-09-20",1938,"N20","high","2.0NRT",279.39,6.98,"N"
"3895",47.45126,81.17006,338,0.54,0.68,"2026-09-20",1938,"N20","nominal","2.0NRT",281.83,6.98,"N"
"3896",47.45082,81.23876,304.21,0.54,0.68,"2026-09-20",1938,"N20","nominal","2.0NRT",277.68,1.61,"N"
"3897",47.45077,81.24624,312.03,0.54,0.67,"2026-09-20",1938,"N20","nominal","2.0NRT",278.2,1.61,"N"
"3898",47.44502,81.1619,299.65,0.54,0.68,"2026-09-20",1938,"N20","nominal","2.0NRT",278.47,6.98,"N"
"3899",47.44497,81.16957,311.93,0.54,0.68,"2026-09-20",1938,"N20","nominal","2.0NRT",278.05,6.98,"N"
"3900",47.47834,81.26008,297.69,0.53,0.67,"2026-09-20",1938,"N20","nominal","2.0NRT",276.36,1.2,"N"
"3901",47.47218,81.25238,332,0.53,0.67,"2026-09-20",1938,"N20","nominal","2.0NRT",275.77,6.68,"N"
"3902",47.47208,81.26012,343.37,0.53,0.67,"2026-09-20",1938,"N20","nominal","2.0NRT",280.19,10.55,"N"
"3903",47.46679,81.17922,322.03,0.54,0.68,"2026-09-20",1938,"N20","nominal","2.0NRT",276.3,2.69,"N"
"3904",47.45441,81.16173,328.99,0.54,0.68,"2026-09-20",1938,"N20","nominal","2.0NRT",274.65,5.26,"N"
"3905",47.45345,81.24587,326.12,0.53,0.67,"2026-09-20",1938,"N20","nominal","2.0NRT",278.89,5.36,"N"
"3906",47.45432,81.16973,312.11,0.54,0.68,"2026-09-20",1938,"N20","nominal","2.0NRT",277.22,6.2,"N"
"3907",47.45354,81.23858,300.62,0.54,0.67,"2026-09-20",1938,"N20","nominal","2.0NRT",277.83,2.6,"N"
"3908",47.44812,81.16156,352.5,0.54,0.68,"2026-09-20",1938,"N20","nominal","2.0NRT",279.41,14.24,"N"
"3909",47.44804,81.1693,346.19,0.54,0.68,"2026-09-20",1938,"N20","nominal","2.0NRT",283.63,5.66,"N"
"3910",47.44796,81.17708,297.04,0.54,0.68,"2026-09-20",1938,"N20","nominal","2.0NRT",278.95,5.66,"N"
"3911",47.44176,81.16871,309,0.54,0.68,"2026-09-20",1938,"N20","nominal","2.0NRT",276.94,5.66,"N"
"3912",47.44124,81.21658,297.58,0.54,0.68,"2026-09-20",1938,"N20","nominal","2.0NRT",278.94,1.25,"N"
"3913",47.43514,81.19988,342.17,0.54,0.68,"2026-09-20",1938,"N20","nominal","2.0NRT",280.96,6.91,"N"
"3914",47.43505,81.20803,342.1,0.54,0.68,"2026-09-20",1938,"N20","nominal","2.0NRT",284.17,6.91,"N"
"3915",47.43497,81.21584,351.2,0.54,0.68,"2026-09-20",1938,"N20","nominal","2.0NRT",283.18,13.27,"N"
"3916",47.43547,81.16814,306.59,0.54,0.68,"2026-09-20",1938,"N20","nominal","2.0NRT",277.41,2.4,"N"
"3917",47.43539,81.176,314.18,0.54,0.68,"2026-09-20",1938,"N20","nominal","2.0NRT",277.93,2.4,"N"
"3918",47.42895,81.19111,299.23,0.54,0.68,"2026-09-20",1938,"N20","nominal","2.0NRT",278.71,5.44,"N"
"3919",47.42887,81.1993,313.06,0.54,0.68,"2026-09-20",1938,"N20","nominal","2.0NRT",280.3,6.91,"N"
"3920",47.42879,81.20738,314.61,0.54,0.68,"2026-09-20",1938,"N20","nominal","2.0NRT",279.98,6.91,"N"
"3921",43.56584,105.463,305.76,0.48,0.48,"2026-09-20",1938,"N20","nominal","2.0NRT",282.83,1.46,"N"
"3922",40.78072,113.28108,298.58,0.68,0.74,"2026-09-20",1938,"N20","nominal","2.0NRT",280.89,1.56,"N"
"3923",45.68241,85.19531,299.19,0.34,0.56,"2026-09-20",1938,"N20","nominal","2.0NRT",283.79,0.37,"N"
"3924",45.68068,85.19672,298.24,0.34,0.56,"2026-09-20",1938,"N20","nominal","2.0NRT",283.69,0.53,"N"
"3925",44.85162,90.93063,301.74,0.53,0.42,"2026-09-20",1938,"N20","nominal","2.0NRT",284.81,2.01,"N"
"3926",44.85093,90.93732,307.55,0.53,0.42,"2026-09-20",1938,"N20","nominal","2.0NRT",285.96,2.58,"N"
"3927",44.84501,90.95664,321.31,0.53,0.42,"2026-09-20",1938,"N20","nominal","2.0NRT",287.59,4.35,"N"
"3928",40.97507,110.08396,298.19,0.47,0.64,"2026-09-20",1938,"N20","nominal","2.0NRT",280.13,2.01,"N"
"3929",44.91111,89.18172,299.99,0.42,0.46,"2026-09-20",1938,"N20","nominal","2.0NRT",289.4,0.85,"N"
"3930",44.90646,89.18627,305.65,0.42,0.45,"2026-09-20",1938,"N20","nominal","2.0NRT",288.58,0.85,"N"
"3931",44.89756,89.23957,301.94,0.42,0.45,"2026-09-20",1938,"N20","nominal","2.0NRT",287.56,1.99,"N"
"3932",41.30418,108.56915,317.17,0.39,0.59,"2026-09-20",1938,"N20","nominal","2.0NRT",284.71,1.99,"N"
"3933",44.33661,93.26365,300.88,0.43,0.38,"2026-09-20",1938,"N20","nominal","2.0NRT",285.98,1.02,"N"
"3934",44.33594,93.26906,308.6,0.43,0.38,"2026-09-20",1938,"N20","nominal","2.0NRT",287.39,0.94,"N"
"3935",44.33245,93.26823,309.74,0.43,0.38,"2026-09-20",1938,"N20","nominal","2.0NRT",286.72,1.62,"N"
"3936",40.57805,110.60275,295.42,0.51,0.66,"2026-09-20",1938,"N20","nominal","2.0NRT",282.74,0.89,"N"
"3937",44.6812,89.07735,295.94,0.43,0.46,"2026-09-20",1938,"N20","nominal","2.0NRT",282.19,1.22,"N"
"3938",44.68027,89.08818,318.74,0.43,0.46,"2026-09-20",1938,"N20","nominal","2.0NRT",293.26,3.89,"N"
"3939",44.34806,91.95059,295.75,0.48,0.4,"2026-09-20",1938,"N20","nominal","2.0NRT",284.74,0.76,"N"
"3940",40.65663,109.72565,297.6,0.46,0.64,"2026-09-20",1938,"N20","nominal","2.0NRT",286.44,1.06,"N"
"3941",40.65218,109.74084,305.3,0.46,0.64,"2026-09-20",1938,"N20","nominal","2.0NRT",287.21,2.48,"N"
"3942",40.64668,109.73812,301.41,0.46,0.64,"2026-09-20",1938,"N20","nominal","2.0NRT",287.66,1.97,"N"
"3943",40.63418,109.73772,309,0.46,0.64,"2026-09-20",1938,"N20","nominal","2.0NRT",288.18,1.81,"N"
"3944",44.65673,86.99059,295.6,0.54,0.51,"2026-09-20",1938,"N20","nominal","2.0NRT",283.38,0.41,"N"
"3945",40.58433,109.77819,296.2,0.47,0.64,"2026-09-20",1938,"N20","nominal","2.0NRT",283.83,0.72,"N"
"3946",40.6006,109.68046,298.32,0.46,0.64,"2026-09-20",1938,"N20","nominal","2.0NRT",283.67,0.51,"N"
"3947",43.70224,95.03529,302.22,0.39,0.36,"2026-09-20",1938,"N20","nominal","2.0NRT",292.17,1.53,"N"
"3948",43.7052,94.99084,316.63,0.39,0.36,"2026-09-20",1938,"N20","nominal","2.0NRT",292.22,1.56,"N"
"3949",43.69492,95.03832,332.16,0.39,0.36,"2026-09-20",1938,"N20","nominal","2.0NRT",296.48,3.56,"N"
"3950",43.68969,95.02686,311.66,0.39,0.36,"2026-09-20",1938,"N20","nominal","2.0NRT",293.34,1.99,"N"
"3951",43.68792,94.99119,314.94,0.39,0.36,"2026-09-20",1938,"N20","nominal","2.0NRT",293.57,1.59,"N"
"3952",43.68584,95.00571,315.51,0.39,0.36,"2026-09-20",1938,"N20","nominal","2.0NRT",291.5,1.76,"N"
"3953",40.58161,109.35818,304.59,0.44,0.63,"2026-09-20",1938,"N20","nominal","2.0NRT",286.11,2.38,"N"
"3954",43.68044,95.01932,331.46,0.39,0.36,"2026-09-20",1938,"N20","nominal","2.0NRT",302.39,7.59,"N"
"3955",43.68199,94.98455,306.97,0.39,0.36,"2026-09-20",1938,"N20","nominal","2.0NRT",291.19,0.91,"N"
"3956",43.67589,95.00301,331.09,0.39,0.36,"2026-09-20",1938,"N20","nominal","2.0NRT",298.07,4.32,"N"
"3957",43.67674,94.97308,300.09,0.39,0.36,"2026-09-20",1938,"N20","nominal","2.0NRT",289.32,1.07,"N"
"3958",40.58034,109.35453,308.68,0.45,0.63,"2026-09-20",1938,"N20","nominal","2.0NRT",285.12,2.67,"N"
"3959",44.45855,86.10492,305.17,0.59,0.53,"2026-09-20",1938,"N20","nominal","2.0NRT",290.09,2.79,"N"
"3960",44.45545,86.07417,318.07,0.59,0.53,"2026-09-20",1938,"N20","nominal","2.0NRT",291.39,4.67,"N"
"3961",44.455,86.08171,303.6,0.59,0.53,"2026-09-20",1938,"N20","nominal","2.0NRT",290.92,3.64,"N"
"3962",44.45635,86.10027,307.22,0.59,0.53,"2026-09-20",1938,"N20","nominal","2.0NRT",291.14,2.79,"N"
"3963",44.45293,86.07708,319.65,0.59,0.53,"2026-09-20",1938,"N20","nominal","2.0NRT",291.47,5.74,"N"
"3964",40.45662,108.89998,302.54,0.43,0.62,"2026-09-20",1938,"N20","nominal","2.0NRT",281.38,0.76,"N"
"3965",40.45228,108.89979,300.98,0.43,0.62,"2026-09-20",1938,"N20","nominal","2.0NRT",281.56,0.63,"N"
"3966",40.97267,106.85048,300.69,0.33,0.55,"2026-09-20",1938,"N20","nominal","2.0NRT",284.93,1.08,"N"
"3967",40.96109,106.85358,296.25,0.33,0.55,"2026-09-20",1938,"N20","nominal","2.0NRT",282.75,0.68,"N"
"3968",40.93537,106.78833,300.01,0.32,0.55,"2026-09-20",1938,"N20","nominal","2.0NRT",287.21,0.83,"N"
"3969",40.9352,106.78895,299.88,0.32,0.55,"2026-09-20",1938,"N20","nominal","2.0NRT",287.6,1.09,"N"
"3970",44.28144,85.16825,297.23,0.33,0.55,"2026-09-20",1938,"N20","nominal","2.0NRT",286.13,0.54,"N"
"3971",43.75042,89.82329,307.72,0.39,0.44,"2026-09-20",1938,"N20","nominal","2.0NRT",286.7,1.05,"N"
"3972",43.85335,87.32738,305.08,0.51,0.49,"2026-09-20",1938,"N20","nominal","2.0NRT",290.33,1.49,"N"
"3973",43.85266,87.32809,309.33,0.51,0.49,"2026-09-20",1938,"N20","nominal","2.0NRT",289.24,2.8,"N"
"3974",39.40032,110.63496,311.79,0.56,0.69,"2026-09-20",1938,"N20","nominal","2.0NRT",286.3,2.82,"N"
"3975",39.40228,110.63543,305.83,0.56,0.69,"2026-09-20",1938,"N20","nominal","2.0NRT",285.27,2.02,"N"
"3976",39.39628,110.63278,299.02,0.56,0.69,"2026-09-20",1938,"N20","nominal","2.0NRT",282.93,0.8,"N"
"3977",39.35733,110.38273,323.33,0.54,0.68,"2026-09-20",1938,"N20","nominal","2.0NRT",281.45,4.15,"N"
"3978",39.35555,110.38851,321.21,0.54,0.68,"2026-09-20",1938,"N20","nominal","2.0NRT",284.68,4.15,"N"
"3979",39.35656,110.38692,334.45,0.54,0.68,"2026-09-20",1938,"N20","nominal","2.0NRT",285.04,4.68,"N"
"3980",39.11277,110.71603,296.42,0.57,0.69,"2026-09-20",1938,"N20","nominal","2.0NRT",282.48,0.47,"N"
"3981",39.02282,110.67139,301.33,0.57,0.69,"2026-09-20",1938,"N20","nominal","2.0NRT",284.41,1.24,"N"
"3982",42.71486,93.5647,299.99,0.41,0.37,"2026-09-20",1938,"N20","nominal","2.0NRT",286.55,1.21,"N"
"3983",42.70738,93.56802,300.42,0.41,0.37,"2026-09-20",1938,"N20","nominal","2.0NRT",288.18,1.01,"N"
"3984",43.17278,89.44753,313.4,0.39,0.44,"2026-09-20",1938,"N20","nominal","2.0NRT",289.88,1.39,"N"
"3985",42.70126,93.56129,307.85,0.41,0.37,"2026-09-20",1938,"N20","nominal","2.0NRT",288.5,1.37,"N"
"3986",42.71399,93.43948,302.76,0.42,0.37,"2026-09-20",1938,"N20","nominal","2.0NRT",286.74,1.06,"N"
"3987",42.69849,93.52943,305.94,0.41,0.37,"2026-09-20",1938,"N20","nominal","2.0NRT",291.13,1.32,"N"
"3988",42.69714,93.53949,307.97,0.41,0.37,"2026-09-20",1938,"N20","nominal","2.0NRT",287.97,1.86,"N"
"3989",42.70828,93.34917,301.63,0.42,0.38,"2026-09-20",1938,"N20","nominal","2.0NRT",287.15,0.81,"N"
"3990",42.70553,93.34325,309.01,0.42,0.38,"2026-09-20",1938,"N20","nominal","2.0NRT",288.78,1.31,"N"
"3991",42.68487,93.34792,304.42,0.42,0.38,"2026-09-20",1938,"N20","nominal","2.0NRT",287.34,1.2,"N"
"3992",43.16078,88.83589,302.65,0.42,0.45,"2026-09-20",1938,"N20","nominal","2.0NRT",289.18,0.7,"N"
"3993",43.52819,81.9496,309.03,0.47,0.64,"2026-09-20",1938,"N20","nominal","2.0NRT",286.41,2.33,"N"
"3994",43.52803,81.95541,304.23,0.47,0.64,"2026-09-20",1938,"N20","nominal","2.0NRT",287.04,1.86,"N"
"3995",43.52786,81.96122,297.61,0.47,0.64,"2026-09-20",1938,"N20","nominal","2.0NRT",286.82,1.86,"N"
"3996",39.91183,106.79296,304.73,0.34,0.56,"2026-09-20",1938,"N20","nominal","2.0NRT",286.82,0.89,"N"
"3997",39.90937,106.79205,306.05,0.35,0.56,"2026-09-20",1938,"N20","nominal","2.0NRT",288.26,1.18,"N"
"3998",39.87139,106.89417,300.26,0.35,0.57,"2026-09-20",1938,"N20","nominal","2.0NRT",284.28,1.03,"N"
"3999",39.86448,106.87844,306.65,0.35,0.57,"2026-09-20",1938,"N20","nominal","2.0NRT",286.15,1.07,"N"
"4000",39.85855,106.87991,298.41,0.35,0.57,"2026-09-20",1938,"N20","nominal","2.0NRT",287.09,0.76,"N"
"4001",39.86885,106.77862,301.83,0.35,0.56,"2026-09-20",1938,"N20","nominal","2.0NRT",287.57,0.98,"N"
"4002",42.90788,89.11972,323.19,0.41,0.45,"2026-09-20",1938,"N20","nominal","2.0NRT",289.84,6.5,"N"
"4003",42.9074,89.1247,332.67,0.4,0.45,"2026-09-20",1938,"N20","nominal","2.0NRT",292.97,8.28,"N"
"4004",38.71636,110.17881,295.33,0.55,0.68,"2026-09-20",1938,"N20","nominal","2.0NRT",284.09,0.67,"N"
"4005",38.7104,110.17613,296.94,0.55,0.68,"2026-09-20",1938,"N20","nominal","2.0NRT",284.38,0.67,"N"
"4006",38.73603,110.1855,295.21,0.55,0.68,"2026-09-20",1938,"N20","nominal","2.0NRT",284.65,0.73,"N"
"4007",43.28364,81.85167,296.24,0.48,0.64,"2026-09-20",1938,"N20","nominal","2.0NRT",283.02,0.71,"N"
"4008",42.84131,88.03714,325.15,0.46,0.47,"2026-09-20",1938,"N20","nominal","2.0NRT",286.63,3.12,"N"
"4009",39.41793,107.07355,295.64,0.37,0.58,"2026-09-20",1938,"N20","nominal","2.0NRT",282.75,1.16,"N"
"4010",39.41689,107.07736,316.67,0.37,0.58,"2026-09-20",1938,"N20","nominal","2.0NRT",286.26,1.16,"N"
"4011",39.47893,106.69553,300.95,0.35,0.57,"2026-09-20",1938,"N20","nominal","2.0NRT",286.11,0.92,"N"
"4012",39.46594,106.70276,325.52,0.35,0.57,"2026-09-20",1938,"N20","nominal","2.0NRT",290.46,1.48,"N"
"4013",39.46489,106.70673,298.86,0.35,0.57,"2026-09-20",1938,"N20","nominal","2.0NRT",288.82,1.48,"N"
"4014",39.4628,106.71468,300.46,0.35,0.57,"2026-09-20",1938,"N20","nominal","2.0NRT",285.46,1.13,"N"
"4015",39.45995,106.70444,304.98,0.35,0.57,"2026-09-20",1938,"N20","nominal","2.0NRT",287.92,1.48,"N"
"4016",39.4613,106.67838,309.53,0.35,0.57,"2026-09-20",1938,"N20","nominal","2.0NRT",291.99,1.92,"N"
"4017",39.3899,106.90495,296.46,0.36,0.57,"2026-09-20",1938,"N20","nominal","2.0NRT",284.97,1.05,"N"
"4018",39.36991,106.95856,303.7,0.36,0.58,"2026-09-20",1938,"N20","nominal","2.0NRT",285.88,1.51,"N"
"4019",39.36884,106.96253,313.12,0.36,0.58,"2026-09-20",1938,"N20","nominal","2.0NRT",287.46,1.51,"N"
"4020",39.36778,106.96648,301.16,0.36,0.58,"2026-09-20",1938,"N20","nominal","2.0NRT",287.73,2.49,"N"
"4021",39.43947,106.67717,304.94,0.35,0.57,"2026-09-20",1938,"N20","nominal","2.0NRT",286.8,1.42,"N"
"4022",39.3809,106.89661,306.58,0.36,0.57,"2026-09-20",1938,"N20","nominal","2.0NRT",287.87,1.07,"N"
"4023",39.35133,106.98569,303.23,0.37,0.58,"2026-09-20",1938,"N20","nominal","2.0NRT",286.23,1.67,"N"
"4024",39.41895,106.71255,316.4,0.35,0.57,"2026-09-20",1938,"N20","nominal","2.0NRT",288.06,1.88,"N"
"4025",39.33622,106.97887,298.63,0.37,0.58,"2026-09-20",1938,"N20","nominal","2.0NRT",285.28,1.26,"N"
"4026",39.32907,106.98444,323.66,0.37,0.58,"2026-09-20",1938,"N20","nominal","2.0NRT",283.4,1.61,"N"
"4027",39.33119,106.97659,297.48,0.37,0.58,"2026-09-20",1938,"N20","nominal","2.0NRT",285.18,1.26,"N"
"4028",39.33013,106.98052,308.57,0.37,0.58,"2026-09-20",1938,"N20","nominal","2.0NRT",284.57,1.26,"N"
"4029",39.35729,106.83836,301.73,0.36,0.57,"2026-09-20",1938,"N20","nominal","2.0NRT",284.78,0.44,"N"
"4030",39.33498,106.92089,300.35,0.36,0.58,"2026-09-20",1938,"N20","nominal","2.0NRT",288.54,1.15,"N"
"4031",39.35538,106.82468,298.25,0.36,0.57,"2026-09-20",1938,"N20","nominal","2.0NRT",284.73,0.66,"N"
"4032",39.33622,106.74716,298.97,0.36,0.57,"2026-09-20",1938,"N20","nominal","2.0NRT",286.47,0.65,"N"
"4033",39.27044,106.7219,297.98,0.36,0.57,"2026-09-20",1938,"N20","nominal","2.0NRT",286.46,0.97,"N"
"4034",39.185,106.99563,298.88,0.37,0.58,"2026-09-20",1938,"N20","nominal","2.0NRT",283.79,0.61,"N"
"4035",39.26925,106.72174,297.23,0.36,0.57,"2026-09-20",1938,"N20","nominal","2.0NRT",285.24,1.29,"N"
"4036",39.2653,106.71555,295.62,0.36,0.57,"2026-09-20",1938,"N20","nominal","2.0NRT",283.74,1.12,"N"
"4037",39.18539,106.99636,302.41,0.37,0.58,"2026-09-20",1938,"N20","nominal","2.0NRT",284.88,0.72,"N"
"4038",39.22137,106.69203,298.34,0.36,0.57,"2026-09-20",1938,"N20","nominal","2.0NRT",287.36,0.78,"N"
"4039",39.16262,106.64066,301.21,0.35,0.57,"2026-09-20",1938,"N20","nominal","2.0NRT",280.82,1.05,"N"
"4040",39.16137,106.64138,308.87,0.36,0.57,"2026-09-20",1938,"N20","nominal","2.0NRT",282.18,1.28,"N"
"4041",39.05649,106.95187,300.38,0.37,0.58,"2026-09-20",1938,"N20","nominal","2.0NRT",283.7,0.53,"N"
"4042",39.05197,106.11539,306.51,0.34,0.56,"2026-09-20",1938,"N20","nominal","2.0NRT",286.62,1.11,"N"
"4043",38.94535,106.45991,305.07,0.35,0.57,"2026-09-20",1938,"N20","nominal","2.0NRT",284.58,1.22,"N"
"4044",38.93541,106.45557,295.49,0.35,0.57,"2026-09-20",1938,"N20","nominal","2.0NRT",285.13,0.65,"N"
"4045",38.92853,106.43967,304.71,0.35,0.57,"2026-09-20",1938,"N20","nominal","2.0NRT",285.5,1.24,"N"
"4046",38.91859,106.43535,298.79,0.35,0.57,"2026-09-20",1938,"N20","nominal","2.0NRT",285.45,1.42,"N"
"4047",38.91654,106.44306,302.98,0.35,0.57,"2026-09-20",1938,"N20","nominal","2.0NRT",285.65,1.24,"N"
"4048",38.91552,106.44693,299.65,0.35,0.57,"2026-09-20",1938,"N20","nominal","2.0NRT",286.73,1.24,"N"
"4049",38.91362,106.43319,307.85,0.35,0.57,"2026-09-20",1938,"N20","nominal","2.0NRT",287.33,1.42,"N"
"4050",38.90951,106.44863,296.18,0.35,0.57,"2026-09-20",1938,"N20","nominal","2.0NRT",284.08,1.05,"N"
"4051",41.82613,88.89794,298.31,0.4,0.45,"2026-09-20",1938,"N20","nominal","2.0NRT",288.18,0.6,"N"
"4052",41.82568,88.90275,300,0.4,0.45,"2026-09-20",1938,"N20","nominal","2.0NRT",289.75,0.6,"N"
"4053",41.82203,88.89741,311.62,0.4,0.45,"2026-09-20",1938,"N20","nominal","2.0NRT",291.78,1.49,"N"
"4054",41.82157,88.90224,303.29,0.4,0.45,"2026-09-20",1938,"N20","nominal","2.0NRT",289.62,1.49,"N"
"4055",41.82111,88.90702,302.04,0.4,0.44,"2026-09-20",1938,"N20","nominal","2.0NRT",290.14,1.11,"N"
"4056",40.3201,99.08082,304.83,0.45,0.39,"2026-09-20",1940,"N20","nominal","2.0NRT",287.2,1.1,"N"
"4057",42.13794,83.11616,300.75,0.4,0.6,"2026-09-20",1940,"N20","nominal","2.0NRT",281.25,1.06,"N"
"4058",38.51576,105.97513,313.52,0.34,0.56,"2026-09-20",1940,"N20","nominal","2.0NRT",285.35,1.65,"N"
"4059",38.32389,106.53313,296.16,0.37,0.58,"2026-09-20",1940,"N20","nominal","2.0NRT",284.54,0.75,"N"
"4060",37.65796,108.81413,297.96,0.51,0.66,"2026-09-20",1940,"N20","nominal","2.0NRT",281.26,0.52,"N"
"4061",37.65608,108.812,297.61,0.51,0.66,"2026-09-20",1940,"N20","nominal","2.0NRT",281.45,0.93,"N"
"4062",38.25165,106.55268,311.37,0.37,0.58,"2026-09-20",1940,"N20","nominal","2.0NRT",288.7,2.56,"N"
"4063",38.24658,106.55045,300.02,0.37,0.58,"2026-09-20",1940,"N20","nominal","2.0NRT",284.82,2.27,"N"
"4064",38.2455,106.55447,312.7,0.37,0.58,"2026-09-20",1940,"N20","nominal","2.0NRT",285.59,1.57,"N"
"4065",38.38158,105.68851,299.38,0.33,0.55,"2026-09-20",1940,"N20","nominal","2.0NRT",283.27,0.41,"N"
"4066",39.86292,98.25108,296.45,0.43,0.38,"2026-09-20",1940,"N20","nominal","2.0NRT",283.18,0.96,"N"
"4067",39.86201,98.25595,306.58,0.43,0.38,"2026-09-20",1940,"N20","nominal","2.0NRT",286.19,1.18,"N"
"4068",39.84385,98.27608,309.86,0.43,0.38,"2026-09-20",1940,"N20","nominal","2.0NRT",283.6,1.06,"N"
"4069",39.82286,98.24113,298.53,0.43,0.38,"2026-09-20",1940,"N20","nominal","2.0NRT",284.22,0.65,"N"
"4070",39.81476,98.28522,306.9,0.43,0.38,"2026-09-20",1940,"N20","nominal","2.0NRT",285.31,1.02,"N"
"4071",39.81385,98.29012,299.09,0.43,0.38,"2026-09-20",1940,"N20","nominal","2.0NRT",286.56,1.02,"N"
"4072",39.81295,98.29504,305.39,0.43,0.38,"2026-09-20",1940,"N20","nominal","2.0NRT",288.62,1.29,"N"
"4073",39.81204,98.29996,310.7,0.43,0.38,"2026-09-20",1940,"N20","nominal","2.0NRT",288.21,1.29,"N"
"4074",39.80864,98.29889,302.39,0.43,0.38,"2026-09-20",1940,"N20","nominal","2.0NRT",284.07,0.9,"N"
"4075",39.80273,98.29182,296.14,0.43,0.38,"2026-09-20",1940,"N20","nominal","2.0NRT",282.67,0.31,"N"
"4076",39.79069,98.29841,314.73,0.43,0.38,"2026-09-20",1940,"N20","nominal","2.0NRT",285.6,2.1,"N"
"4077",39.79084,97.90907,302.03,0.42,0.38,"2026-09-20",1940,"N20","nominal","2.0NRT",282.52,0.97,"N"
"4078",39.79187,97.88406,297.27,0.42,0.37,"2026-09-20",1940,"N20","nominal","2.0NRT",284.17,1.03,"N"
"4079",37.91528,105.89356,296.43,0.35,0.57,"2026-09-20",1940,"N20","nominal","2.0NRT",284.71,0.67,"N"
"4080",37.88266,106.01679,297.56,0.36,0.57,"2026-09-20",1940,"N20","nominal","2.0NRT",283.89,0.84,"N"
"4081",37.28704,108.17011,295.66,0.48,0.65,"2026-09-20",1940,"N20","nominal","2.0NRT",279.25,1.22,"N"
"4082",37.88152,106.01634,299.22,0.36,0.57,"2026-09-20",1940,"N20","nominal","2.0NRT",283.86,0.79,"N"
"4083",37.28727,108.17304,313.59,0.48,0.65,"2026-09-20",1940,"N20","nominal","2.0NRT",280.11,1.38,"N"
"4084",37.87774,105.94534,298.57,0.35,0.57,"2026-09-20",1940,"N20","nominal","2.0NRT",284.61,0.78,"N"
"4085",37.41174,106.62141,302.03,0.39,0.6,"2026-09-20",1940,"N20","nominal","2.0NRT",282.04,1.46,"N"
"4086",37.4106,106.6256,302.67,0.39,0.6,"2026-09-20",1940,"N20","nominal","2.0NRT",285.76,1.46,"N"
"4087",38.48532,102.24091,321.48,0.44,0.46,"2026-09-20",1940,"N20","nominal","2.0NRT",284.51,3.34,"N"
"4088",38.43347,102.05618,297.86,0.43,0.46,"2026-09-20",1940,"N20","nominal","2.0NRT",284.72,0.84,"N"
"4089",38.41091,102.05862,309.49,0.43,0.46,"2026-09-20",1940,"N20","nominal","2.0NRT",282.83,1.02,"N"
"4090",37.63249,105.19476,296.5,0.33,0.55,"2026-09-20",1940,"N20","nominal","2.0NRT",285.91,0.67,"N"
"4091",37.67858,104.99012,297.3,0.32,0.54,"2026-09-20",1940,"N20","nominal","2.0NRT",285.71,1.62,"N"
"4092",37.56535,105.43855,307.13,0.34,0.56,"2026-09-20",1940,"N20","nominal","2.0NRT",285.51,0.88,"N"
"4093",37.56107,105.41285,299.88,0.34,0.56,"2026-09-20",1940,"N20","nominal","2.0NRT",285.96,1.34,"N"
"4094",37.56139,105.36925,295.38,0.34,0.56,"2026-09-20",1940,"N20","nominal","2.0NRT",284.44,0.78,"N"
"4095",37.61663,105.02627,299.79,0.32,0.55,"2026-09-20",1940,"N20","nominal","2.0NRT",282.42,0.54,"N"
"4096",37.60527,105.0293,316.33,0.32,0.55,"2026-09-20",1940,"N20","nominal","2.0NRT",283.33,1.19,"N"
"4097",37.60046,105.02739,308.96,0.32,0.55,"2026-09-20",1940,"N20","nominal","2.0NRT",285.3,1.26,"N"
"4098",39.59445,94.309,299.13,0.39,0.36,"2026-09-20",1940,"N20","nominal","2.0NRT",284.89,0.72,"N"
"4099",40.03593,83.04802,321.44,0.39,0.59,"2026-09-20",1940,"N20","nominal","2.0NRT",283.4,1.47,"N"
"4100",39.84003,82.87408,307.01,0.4,0.6,"2026-09-20",1940,"N20","nominal","2.0NRT",282.66,0.96,"N"
"4101",36.55542,104.20905,300.33,0.62,0.54,"2026-09-20",1940,"N20","nominal","2.0NRT",282.52,1.64,"N"
"4102",36.55777,104.20884,299.26,0.62,0.54,"2026-09-20",1940,"N20","nominal","2.0NRT",281.98,1.59,"N"
"4103",37.3477,97.40944,295.99,0.43,0.38,"2026-09-20",1940,"N20","nominal","2.0NRT",278.37,0.85,"N"
"4104",38.86905,83.85988,295.74,0.34,0.56,"2026-09-20",1940,"N20","nominal","2.0NRT",280.8,0.26,"N"
"4105",36.80498,93.41615,296,0.39,0.36,"2026-09-20",1940,"N20","nominal","2.0NRT",272.84,0.65,"N"
"4106",35.99115,94.8314,308.3,0.39,0.36,"2026-09-20",1940,"N20","nominal","2.0NRT",277.07,1.84,"N"
"4107",68.89479,150.13818,317.99,0.41,0.6,"2026-09-20",1928,"N20","nominal","2.0NRT",270.62,1.62,"N"
"4108",68.8916,150.1434,304.13,0.41,0.6,"2026-09-20",1928,"N20","nominal","2.0NRT",271.53,1.62,"N"
"4109",68.88913,150.11131,305.15,0.41,0.6,"2026-09-20",1928,"N20","nominal","2.0NRT",271.18,1.18,"N"
"4110",30.15452,60.7352,308.54,0.41,0.45,"2026-09-20",2123,"N20","nominal","2.0NRT",295.02,0.94,"N"
"4111",68.15972,100.59348,300.6,0.54,0.42,"2026-09-20",2112,"N20","nominal","2.0NRT",271.65,1.26,"N"
"4112",30.36951,56.12687,304.45,0.39,0.59,"2026-09-20",2123,"N20","nominal","2.0NRT",290.4,1.06,"N"
"4113",62.50002,113.90262,333.9,0.63,0.72,"2026-09-20",2112,"N20","nominal","2.0NRT",268.87,4.26,"N"
"4114",30.38226,55.86189,302.62,0.4,0.6,"2026-09-20",2123,"N20","nominal","2.0NRT",289.96,0.96,"N"
"4115",30.36861,56.12748,300.72,0.39,0.59,"2026-09-20",2123,"N20","nominal","2.0NRT",289.93,0.87,"N"
"4116",62.44582,113.66265,367,0.62,0.72,"2026-09-20",2112,"N20","high","2.0NRT",269.82,11.09,"N"
"4117",30.23792,56.90585,321.3,0.35,0.57,"2026-09-20",2123,"N20","nominal","2.0NRT",288.33,3.58,"N"
"4118",62.35071,113.76634,367,0.63,0.72,"2026-09-20",2112,"N20","high","2.0NRT",270.52,13.47,"N"
"4119",30.2187,55.98176,308.09,0.4,0.6,"2026-09-20",2123,"N20","nominal","2.0NRT",290.89,1.09,"N"
"4120",62.35509,113.75808,312.6,0.63,0.72,"2026-09-20",2112,"N20","nominal","2.0NRT",267.18,9.48,"N"
"4121",28.42508,69.70034,311.39,0.45,0.39,"2026-09-20",2123,"N20","nominal","2.0NRT",297.74,1.09,"N"
"4122",62.35913,113.69307,367,0.63,0.72,"2026-09-20",2112,"N20","high","2.0NRT",265.9,20.27,"N"
"4123",30.0838,55.39732,302.85,0.43,0.62,"2026-09-20",2123,"N20","nominal","2.0NRT",289.61,0.77,"N"
"4124",62.35478,113.70128,351.9,0.63,0.72,"2026-09-20",2112,"N20","nominal","2.0NRT",270.92,19.05,"N"
"4125",29.92902,56.73035,301.05,0.35,0.57,"2026-09-20",2123,"N20","nominal","2.0NRT",288.48,1.16,"N"
"4126",62.40639,113.58463,333.23,0.63,0.72,"2026-09-20",2112,"N20","nominal","2.0NRT",266.98,5.94,"N"
"4127",29.98929,55.85101,367,0.4,0.6,"2026-09-20",2123,"N20","high","2.0NRT",287.44,11.91,"N"
"4128",62.402,113.59296,314.58,0.63,0.72,"2026-09-20",2112,"N20","nominal","2.0NRT",268.68,5.11,"N"
"4129",29.98903,55.85479,341.51,0.4,0.6,"2026-09-20",2123,"N20","nominal","2.0NRT",289.4,10.42,"N"
"4130",51.61737,52.77431,304.65,0.75,0.77,"2026-09-20",2118,"N20","nominal","2.0NRT",280.22,1.17,"N"
"4131",29.4772,60.80834,302.24,0.4,0.44,"2026-09-20",2123,"N20","nominal","2.0NRT",290.32,1.2,"N"
"4132",62.35336,113.7659,367,0.63,0.72,"2026-09-20",2112,"N20","high","2.0NRT",270.12,20.08,"N"
"4133",62.35736,113.70049,367,0.63,0.72,"2026-09-20",2112,"N20","high","2.0NRT",273.24,11.98,"N"
"4134",29.4186,60.99829,297.02,0.39,0.44,"2026-09-20",2123,"N20","nominal","2.0NRT",287,0.46,"N"
"4135",51.60708,52.91888,338.07,0.74,0.76,"2026-09-20",2118,"N20","nominal","2.0NRT",280.18,6.68,"N"
"4136",26.8769,73.51711,308.34,0.5,0.49,"2026-09-20",2123,"N20","nominal","2.0NRT",295.78,3.05,"N"
"4137",62.40427,113.59141,346.72,0.63,0.72,"2026-09-20",2112,"N20","nominal","2.0NRT",270.27,6.38,"N"
"4138",51.64261,55.58281,301.16,0.57,0.69,"2026-09-20",2118,"N20","nominal","2.0NRT",276.55,1.5,"N"
"4139",29.50834,51.25208,311.02,0.75,0.77,"2026-09-20",2123,"N20","nominal","2.0NRT",298.53,3.42,"N"
"4140",62.35282,113.68993,301.44,0.63,0.72,"2026-09-20",2112,"N20","nominal","2.0NRT",266.24,11.98,"N"
"4141",51.59257,52.90859,297.5,0.74,0.76,"2026-09-20",2118,"N20","nominal","2.0NRT",280.46,0.85,"N"
"4142",62.39473,113.49461,318.7,0.62,0.72,"2026-09-20",2112,"N20","nominal","2.0NRT",266.24,2.36,"N"
"4143",29.51196,51.25492,312.04,0.75,0.77,"2026-09-20",2123,"N20","nominal","2.0NRT",298.99,5.24,"N"
"4144",51.56639,52.74371,350.12,0.75,0.77,"2026-09-20",2118,"N20","nominal","2.0NRT",284.4,11.16,"N"
"4145",61.69713,113.77148,299.74,0.69,0.74,"2026-09-20",2112,"N20","nominal","2.0NRT",264.71,0.77,"N"
"4146",29.372,52.60489,298.98,0.62,0.72,"2026-09-20",2123,"N20","nominal","2.0NRT",288.5,2.2,"N"
"4147",51.56673,52.75486,313.7,0.75,0.77,"2026-09-20",2118,"N20","nominal","2.0NRT",280.77,5.42,"N"
"4148",61.54582,113.16491,341.34,0.68,0.74,"2026-09-20",2112,"N20","nominal","2.0NRT",264.8,16.76,"N"
"4149",29.1546,55.36325,304.41,0.42,0.61,"2026-09-20",2123,"N20","nominal","2.0NRT",291.85,0.61,"N"
"4150",51.61395,55.18082,316.92,0.59,0.7,"2026-09-20",2118,"N20","nominal","2.0NRT",277.92,2.59,"N"
"4151",29.25989,53.11711,342.15,0.58,0.7,"2026-09-20",2123,"N20","nominal","2.0NRT",288.37,4.74,"N"
"4152",61.54126,113.17348,353.27,0.68,0.74,"2026-09-20",2112,"N20","nominal","2.0NRT",268.37,19.55,"N"
"4153",51.60718,55.15482,329.07,0.59,0.7,"2026-09-20",2118,"N20","nominal","2.0NRT",279.35,3.51,"N"
"4154",29.2142,53.68636,305.62,0.53,0.67,"2026-09-20",2123,"N20","nominal","2.0NRT",285.5,0.92,"N"
"4155",69.37205,88.11385,327.07,0.38,0.36,"2026-09-20",2112,"N20","nominal","2.0NRT",270.82,4.46,"N"
"4156",51.5942,55.16422,319.64,0.59,0.7,"2026-09-20",2118,"N20","nominal","2.0NRT",278.08,2.29,"N"
"4157",26.63367,72.6937,308.82,0.45,0.47,"2026-09-20",2123,"N20","nominal","2.0NRT",295.09,1.15,"N"
"4158",69.37056,88.12283,322.82,0.38,0.36,"2026-09-20",2112,"N20","nominal","2.0NRT",272.41,4.46,"N"
"4159",51.59526,55.27631,304.6,0.58,0.7,"2026-09-20",2118,"N20","nominal","2.0NRT",277.09,1.25,"N"
"4160",26.62944,72.69261,311.88,0.45,0.47,"2026-09-20",2123,"N20","nominal","2.0NRT",294.98,1.15,"N"
"4161",69.36449,88.11478,320.12,0.38,0.36,"2026-09-20",2112,"N20","nominal","2.0NRT",270.53,1.44,"N"
"4162",51.5641,52.74498,344.91,0.75,0.77,"2026-09-20",2118,"N20","nominal","2.0NRT",282.24,8.19,"N"
"4163",26.63058,72.69504,319.89,0.45,0.47,"2026-09-20",2123,"N20","nominal","2.0NRT",295.43,1.65,"N"
"4164",61.54222,113.16406,367,0.68,0.74,"2026-09-20",2112,"N20","high","2.0NRT",268.34,27.2,"N"
"4165",51.60189,55.13683,297.88,0.59,0.7,"2026-09-20",2118,"N20","nominal","2.0NRT",278.03,1.63,"N"
"4166",61.40858,112.88734,354.57,0.68,0.74,"2026-09-20",2112,"N20","nominal","2.0NRT",264.17,14.23,"N"
"4167",26.26045,74.09645,307.01,0.56,0.52,"2026-09-20",2123,"N20","nominal","2.0NRT",295.7,1.4,"N"
"4168",51.5955,55.16356,316.21,0.59,0.7,"2026-09-20",2118,"N20","nominal","2.0NRT",278.1,2.72,"N"
"4169",51.59608,55.27571,299.99,0.58,0.7,"2026-09-20",2118,"N20","nominal","2.0NRT",277.69,1.34,"N"
"4170",61.40495,112.88687,367,0.68,0.74,"2026-09-20",2112,"N20","high","2.0NRT",267.44,12.52,"N"
"4171",29.12357,52.64134,298.39,0.62,0.71,"2026-09-20",2123,"N20","nominal","2.0NRT",287.94,0.42,"N"
"4172",51.59039,55.47364,297.08,0.57,0.69,"2026-09-20",2118,"N20","nominal","2.0NRT",278.17,0.94,"N"
"4173",61.35027,112.81625,350.4,0.68,0.74,"2026-09-20",2112,"N20","nominal","2.0NRT",272.06,9.08,"N"
"4174",28.20489,61.30371,300.18,0.55,0.42,"2026-09-20",2123,"N20","nominal","2.0NRT",289.69,1.08,"N"
"4175",50.06342,73.06325,336.44,0.39,0.36,"2026-09-20",2118,"N20","nominal","2.0NRT",286.34,3.99,"N"
"4176",61.34567,112.80558,346.58,0.68,0.74,"2026-09-20",2112,"N20","nominal","2.0NRT",285.63,95.48,"N"
"4177",28.68262,52.0848,309.24,0.66,0.73,"2026-09-20",2123,"N20","nominal","2.0NRT",295.65,3.13,"N"
"4178",50.06178,73.05145,323.98,0.39,0.36,"2026-09-20",2118,"N20","nominal","2.0NRT",282.51,1.07,"N"
"4179",69.61761,81.71493,327.96,0.43,0.38,"2026-09-20",2112,"N20","nominal","2.0NRT",262.44,2.85,"N"
"4180",25.94247,72.19097,311.8,0.44,0.46,"2026-09-20",2123,"N20","nominal","2.0NRT",296.62,1.25,"N"
"4181",50.06097,73.05676,298.59,0.39,0.36,"2026-09-20",2118,"N20","nominal","2.0NRT",282.45,1.41,"N"
"4182",69.61679,81.7188,323.96,0.43,0.38,"2026-09-20",2112,"N20","nominal","2.0NRT",261.88,2.97,"N"
"4183",24.93293,74.63299,312.14,0.32,0.55,"2026-09-20",2123,"N20","nominal","2.0NRT",291.41,0.89,"N"
"4184",50.05852,73.05025,295.77,0.39,0.36,"2026-09-20",2118,"N20","nominal","2.0NRT",283.21,1.07,"N"
"4185",60.94646,112.02489,324.03,0.69,0.74,"2026-09-20",2112,"N20","nominal","2.0NRT",268.35,5.06,"N"
"4186",27.9346,52.19222,315.26,0.64,0.72,"2026-09-20",2123,"N20","nominal","2.0NRT",297.05,2.96,"N"
"4187",50.05278,73.02016,317.05,0.39,0.36,"2026-09-20",2118,"N20","nominal","2.0NRT",283.6,1.38,"N"
"4188",60.95077,112.0166,305.5,0.69,0.74,"2026-09-20",2112,"N20","nominal","2.0NRT",265.01,3.96,"N"
"4189",27.22961,60.48984,315.22,0.39,0.44,"2026-09-20",2123,"N20","nominal","2.0NRT",299.71,2.46,"N"
"4190",50.04952,73.01897,298.37,0.39,0.36,"2026-09-20",2118,"N20","nominal","2.0NRT",283.58,1.38,"N"
"4191",60.94529,112.02107,337.3,0.69,0.74,"2026-09-20",2112,"N20","nominal","2.0NRT",267.71,5.74,"N"
"4192",27.92787,52.19216,308.41,0.64,0.72,"2026-09-20",2123,"N20","nominal","2.0NRT",297.03,2.96,"N"
"4193",50.04054,73.01009,328.62,0.39,0.36,"2026-09-20",2118,"N20","nominal","2.0NRT",287.04,4.72,"N"
"4194",60.35832,111.69661,335.84,0.73,0.76,"2026-09-20",2112,"N20","nominal","2.0NRT",266.78,4.77,"N"
"4195",24.69253,74.67904,305.61,0.33,0.55,"2026-09-20",2123,"N20","nominal","2.0NRT",290.29,0.86,"N"
"4196",50.03974,73.01539,326.47,0.39,0.36,"2026-09-20",2118,"N20","nominal","2.0NRT",288.66,4.71,"N"
"4197",68.41248,83.62534,342.12,0.4,0.37,"2026-09-20",2112,"N20","nominal","2.0NRT",279.01,6.87,"N"
"4198",24.66187,74.63026,303.42,0.33,0.55,"2026-09-20",2123,"N20","nominal","2.0NRT",290.6,0.9,"N"
"4199",51.24933,58.52095,297.42,0.42,0.61,"2026-09-20",2118,"N20","nominal","2.0NRT",282.11,0.92,"N"
"4200",68.20918,83.45307,325.84,0.4,0.37,"2026-09-20",2112,"N20","nominal","2.0NRT",274.49,2.5,"N"
"4201",51.25322,58.51998,296.48,0.42,0.61,"2026-09-20",2118,"N20","nominal","2.0NRT",281.83,0.61,"N"
"4202",24.66118,74.63342,309.66,0.33,0.55,"2026-09-20",2123,"N20","nominal","2.0NRT",291.64,0.9,"N"
"4203",60.11987,110.76457,317.48,0.71,0.75,"2026-09-20",2112,"N20","nominal","2.0NRT",267.99,2.44,"N"
"4204",51.22232,58.36849,299.98,0.43,0.62,"2026-09-20",2118,"N20","nominal","2.0NRT",284.43,1.72,"N"
"4205",27.76153,52.16087,367,0.64,0.72,"2026-09-20",2123,"N20","high","2.0NRT",299.61,19.29,"N"
"4206",68.52595,79.9541,304.03,0.44,0.38,"2026-09-20",2112,"N20","nominal","2.0NRT",274.49,0.9,"N"
"4207",49.75298,73.66811,297.52,0.38,0.36,"2026-09-20",2118,"N20","nominal","2.0NRT",285.43,0.6,"N"
"4208",27.72735,52.16967,312.4,0.64,0.72,"2026-09-20",2123,"N20","nominal","2.0NRT",298.86,9.85,"N"
"4209",60.4822,109.88423,325.43,0.65,0.73,"2026-09-20",2112,"N20","nominal","2.0NRT",265.49,6.62,"N"
"4210",44.85199,90.93282,316.2,0.69,0.74,"2026-09-20",2118,"N20","nominal","2.0NRT",283.74,3.85,"N"
"4211",27.42131,56.49745,307.17,0.34,0.56,"2026-09-20",2123,"N20","nominal","2.0NRT",295.88,2.32,"N"
"4212",60.47733,109.87476,347.35,0.65,0.73,"2026-09-20",2112,"N20","nominal","2.0NRT",266.13,6.62,"N"
"4213",47.50679,81.20755,311.81,0.43,0.46,"2026-09-20",2118,"N20","nominal","2.0NRT",280.53,2.35,"N"
"4214",27.72065,52.16904,367,0.64,0.72,"2026-09-20",2123,"N20","high","2.0NRT",300.79,9.85,"N"
"4215",60.47954,109.87652,367,0.65,0.73,"2026-09-20",2112,"N20","high","2.0NRT",268.42,12.05,"N"
"4216",47.50552,81.21291,301.47,0.43,0.46,"2026-09-20",2118,"N20","nominal","2.0NRT",279.17,1.6,"N"
"4217",60.46485,109.71223,334.71,0.65,0.73,"2026-09-20",2112,"N20","nominal","2.0NRT",266.71,4.42,"N"
"4218",27.72029,52.17566,329.65,0.64,0.72,"2026-09-20",2123,"N20","nominal","2.0NRT",299.58,9.85,"N"
"4219",47.50278,81.20557,331.59,0.43,0.46,"2026-09-20",2118,"N20","nominal","2.0NRT",282.01,2.35,"N"
"4220",64.4762,97.98443,297.23,0.44,0.46,"2026-09-20",2112,"N20","nominal","2.0NRT",272.06,0.94,"N"
"4221",27.71323,52.18169,334.2,0.64,0.72,"2026-09-20",2123,"N20","nominal","2.0NRT",300.29,12.18,"N"
"4222",47.50405,81.20023,305.48,0.43,0.46,"2026-09-20",2118,"N20","nominal","2.0NRT",279.2,2.35,"N"
"4223",67.55064,83.20908,340.61,0.39,0.36,"2026-09-20",2112,"N20","nominal","2.0NRT",274.73,2.66,"N"
"4224",27.69068,52.22608,347.88,0.63,0.72,"2026-09-20",2123,"N20","nominal","2.0NRT",299.65,12.44,"N"
"4225",47.49877,81.20364,302.41,0.43,0.46,"2026-09-20",2118,"N20","nominal","2.0NRT",278.53,0.63,"N"
"4226",67.55191,83.20028,300.19,0.39,0.36,"2026-09-20",2112,"N20","nominal","2.0NRT",266.54,2.66,"N"
"4227",27.69033,52.23262,324.25,0.63,0.72,"2026-09-20",2123,"N20","nominal","2.0NRT",299.53,10.31,"N"
"4228",47.47264,81.25698,307.79,0.43,0.46,"2026-09-20",2118,"N20","nominal","2.0NRT",276.3,1.43,"N"
"4229",67.54874,83.19714,295.96,0.39,0.36,"2026-09-20",2112,"N20","nominal","2.0NRT",266.28,0.7,"N"
"4230",27.68962,52.24592,313.99,0.63,0.72,"2026-09-20",2123,"N20","nominal","2.0NRT",298.78,4.99,"N"
"4231",47.47137,81.26228,308.67,0.43,0.46,"2026-09-20",2118,"N20","nominal","2.0NRT",279.05,1.43,"N"
"4232",67.54747,83.20594,306.54,0.39,0.36,"2026-09-20",2112,"N20","nominal","2.0NRT",267.1,0.7,"N"
"4233",27.68331,52.23859,330.08,0.63,0.72,"2026-09-20",2123,"N20","nominal","2.0NRT",299.92,11.65,"N"
"4234",47.47006,81.26777,309.72,0.43,0.46,"2026-09-20",2118,"N20","nominal","2.0NRT",277.68,1.91,"N"
"4235",60.14962,109.10487,330.68,0.65,0.73,"2026-09-20",2112,"N20","nominal","2.0NRT",266.83,3.63,"N"
"4236",27.68296,52.24516,343.23,0.63,0.72,"2026-09-20",2123,"N20","nominal","2.0NRT",300.35,12.35,"N"
"4237",47.46862,81.25497,298.05,0.43,0.46,"2026-09-20",2118,"N20","nominal","2.0NRT",272.7,0.9,"N"
"4238",60.14909,109.08655,341.78,0.65,0.73,"2026-09-20",2112,"N20","nominal","2.0NRT",269.95,24.14,"N"
"4239",27.71681,52.17734,330.27,0.64,0.72,"2026-09-20",2123,"N20","nominal","2.0NRT",299.83,5.77,"N"
"4240",47.46735,81.26032,307.66,0.43,0.46,"2026-09-20",2118,"N20","nominal","2.0NRT",273.27,0.9,"N"
"4241",60.14491,109.0952,347.12,0.65,0.73,"2026-09-20",2112,"N20","nominal","2.0NRT",275.53,33.15,"N"
"4242",27.71641,52.18398,321.72,0.64,0.72,"2026-09-20",2123,"N20","nominal","2.0NRT",299.88,5.77,"N"
"4243",47.46604,81.2658,296.13,0.43,0.46,"2026-09-20",2118,"N20","nominal","2.0NRT",274.23,0.82,"N"
"4244",60.15052,109.09027,339.59,0.65,0.73,"2026-09-20",2112,"N20","nominal","2.0NRT",269.74,26.04,"N"
"4245",47.45539,81.25391,340.91,0.43,0.46,"2026-09-20",2118,"N20","nominal","2.0NRT",277.53,6.1,"N"
"4246",27.6869,52.22775,340.57,0.63,0.72,"2026-09-20",2123,"N20","nominal","2.0NRT",299.77,9.08,"N"
"4247",60.14635,109.09901,343.2,0.65,0.73,"2026-09-20",2112,"N20","nominal","2.0NRT",276.63,38.89,"N"
"4248",47.45142,81.25175,343.71,0.43,0.46,"2026-09-20",2118,"N20","nominal","2.0NRT",282.17,6.98,"N"
"4249",27.68612,52.2409,356.27,0.63,0.72,"2026-09-20",2123,"N20","nominal","2.0NRT",299.63,7.33,"N"
"4250",67.85571,79.87978,326.18,0.43,0.38,"2026-09-20",2112,"N20","nominal","2.0NRT",270.34,3.88,"N"
"4251",47.46947,81.17629,304,0.43,0.46,"2026-09-20",2118,"N20","nominal","2.0NRT",280.69,1.55,"N"
"4252",27.68573,52.24749,328.55,0.63,0.72,"2026-09-20",2123,"N20","nominal","2.0NRT",300.16,7.33,"N"
"4253",59.80903,109.42254,367,0.68,0.74,"2026-09-20",2112,"N20","high","2.0NRT",265.15,11.2,"N"
"4254",47.46409,81.18005,313.16,0.43,0.46,"2026-09-20",2118,"N20","nominal","2.0NRT",280.5,2.13,"N"
"4255",24.81949,73.09024,303.93,0.52,0.5,"2026-09-20",2123,"N20","nominal","2.0NRT",292.59,1.31,"N"
"4256",59.80476,109.43119,328.13,0.69,0.74,"2026-09-20",2112,"N20","nominal","2.0NRT",269.03,11.2,"N"
"4257",47.4533,81.16901,302.68,0.43,0.46,"2026-09-20",2118,"N20","nominal","2.0NRT",278,1.44,"N"
"4258",65.35565,93.8316,318.84,0.5,0.41,"2026-09-20",2112,"N20","nominal","2.0NRT",276.01,2.59,"N"
"4259",27.56182,52.55228,322.35,0.6,0.71,"2026-09-20",2123,"N20","nominal","2.0NRT",298.55,7.24,"N"
"4260",50.35028,57.12991,349.63,0.48,0.65,"2026-09-20",2118,"N20","nominal","2.0NRT",284.67,7.3,"N"
"4261",59.80579,109.42208,367,0.69,0.74,"2026-09-20",2114,"N20","high","2.0NRT",269.16,18.76,"N"
"4262",27.54726,52.57731,311.74,0.6,0.71,"2026-09-20",2123,"N20","nominal","2.0NRT",297.94,3.42,"N"
"4263",47.44802,81.17232,337.21,0.43,0.46,"2026-09-20",2118,"N20","nominal","2.0NRT",282.71,3.3,"N"
"4264",67.27666,83.20577,329.58,0.39,0.36,"2026-09-20",2114,"N20","nominal","2.0NRT",273.08,1.48,"N"
"4265",27.5404,52.58247,328.61,0.6,0.71,"2026-09-20",2123,"N20","nominal","2.0NRT",298.09,3.42,"N"
"4266",47.43667,81.21962,324.14,0.43,0.46,"2026-09-20",2118,"N20","nominal","2.0NRT",278.97,2.49,"N"
"4267",67.27541,83.21441,304.92,0.39,0.36,"2026-09-20",2114,"N20","nominal","2.0NRT",271.46,1.12,"N"
"4268",50.35035,57.12311,306.22,0.48,0.65,"2026-09-20",2118,"N20","nominal","2.0NRT",281.73,5.65,"N"
"4269",67.2735,83.20268,300.52,0.39,0.36,"2026-09-20",2114,"N20","nominal","2.0NRT",271.62,1.48,"N"
"4270",27.54077,52.57559,312.62,0.6,0.71,"2026-09-20",2123,"N20","nominal","2.0NRT",297.9,3.42,"N"
"4271",47.44929,81.16703,310.89,0.43,0.46,"2026-09-20",2118,"N20","nominal","2.0NRT",279.26,1.44,"N"
"4272",67.27224,83.21131,297.14,0.39,0.36,"2026-09-20",2114,"N20","nominal","2.0NRT",270.79,1.12,"N"
"4273",47.44675,81.17762,306.07,0.43,0.46,"2026-09-20",2118,"N20","nominal","2.0NRT",281.72,3.3,"N"
"4274",27.56293,52.55286,323.67,0.6,0.71,"2026-09-20",2123,"N20","nominal","2.0NRT",298.3,6.83,"N"
"4275",59.77732,109.10116,330.48,0.68,0.74,"2026-09-20",2114,"N20","nominal","2.0NRT",267.93,4.78,"N"
"4276",47.44401,81.17037,337.24,0.43,0.46,"2026-09-20",2118,"N20","nominal","2.0NRT",282.94,2.2,"N"
"4277",59.77308,109.10989,314.81,0.68,0.74,"2026-09-20",2114,"N20","nominal","2.0NRT",267.43,4.78,"N"
"4278",27.54131,52.58317,333.78,0.6,0.71,"2026-09-20",2123,"N20","nominal","2.0NRT",298.39,8.02,"N"
"4279",50.34434,57.12286,300.49,0.48,0.65,"2026-09-20",2118,"N20","nominal","2.0NRT",282.51,1.96,"N"
"4280",59.84584,108.40182,312.96,0.64,0.72,"2026-09-20",2114,"N20","nominal","2.0NRT",263.29,2.14,"N"
"4281",50.34427,57.12969,298.53,0.48,0.65,"2026-09-20",2118,"N20","nominal","2.0NRT",283.45,2.36,"N"
"4282",59.8453,108.40921,314.16,0.64,0.72,"2026-09-20",2114,"N20","nominal","2.0NRT",264.09,2.1,"N"
"4283",27.54173,52.57618,312.5,0.6,0.71,"2026-09-20",2123,"N20","nominal","2.0NRT",297.91,8.19,"N"
"4284",59.79115,108.19267,338.47,0.64,0.72,"2026-09-20",2114,"N20","nominal","2.0NRT",268.43,4.14,"N"
"4285",47.44529,81.16505,317.73,0.43,0.46,"2026-09-20",2118,"N20","nominal","2.0NRT",281.25,2.76,"N"
"4286",59.78712,108.2011,298.68,0.64,0.72,"2026-09-20",2114,"N20","nominal","2.0NRT",268.84,4.14,"N"
"4287",47.44273,81.1757,297.62,0.43,0.46,"2026-09-20",2118,"N20","nominal","2.0NRT",278.97,2.2,"N"
"4288",27.5214,52.58603,348.18,0.6,0.71,"2026-09-20",2123,"N20","nominal","2.0NRT",298.67,11.44,"N"
"4289",59.81591,108.14436,295.77,0.64,0.72,"2026-09-20",2114,"N20","nominal","2.0NRT",265.49,0.63,"N"
"4290",47.43263,81.21774,301.42,0.43,0.46,"2026-09-20",2118,"N20","nominal","2.0NRT",279.07,3.54,"N"
"4291",27.52101,52.59256,312.75,0.6,0.71,"2026-09-20",2123,"N20","nominal","2.0NRT",298.48,9.29,"N"
"4292",59.78421,108.19231,334.91,0.64,0.72,"2026-09-20",2114,"N20","nominal","2.0NRT",269.68,4.05,"N"
"4293",47.43117,81.20515,367,0.43,0.46,"2026-09-20",2118,"N20","high","2.0NRT",284.37,5.84,"N"
"4294",27.52021,52.6058,315.21,0.6,0.7,"2026-09-20",2123,"N20","nominal","2.0NRT",297.88,3.57,"N"
"4295",47.4299,81.2104,331.03,0.43,0.46,"2026-09-20",2118,"N20","nominal","2.0NRT",280.88,3.54,"N"
"4296",59.78809,108.18406,305.14,0.64,0.72,"2026-09-20",2114,"N20","nominal","2.0NRT",266.75,4.05,"N"
"4297",27.51294,52.61755,352.78,0.6,0.7,"2026-09-20",2123,"N20","nominal","2.0NRT",298.81,12.39,"N"
"4298",47.44126,81.16317,314.25,0.43,0.46,"2026-09-20",2118,"N20","nominal","2.0NRT",279.74,2.76,"N"
"4299",59.63771,108.11897,344,0.65,0.73,"2026-09-20",2114,"N20","nominal","2.0NRT",269.96,6.77,"N"
"4300",27.51373,52.60438,309.32,0.6,0.7,"2026-09-20",2123,"N20","nominal","2.0NRT",298.19,3.57,"N"
"4301",47.43998,81.16848,310.97,0.43,0.46,"2026-09-20",2118,"N20","nominal","2.0NRT",280.36,2.2,"N"
"4302",27.51334,52.61087,317.15,0.6,0.7,"2026-09-20",2123,"N20","nominal","2.0NRT",297.79,3.57,"N"
"4303",59.42958,107.81228,300,0.65,0.73,"2026-09-20",2114,"N20","nominal","2.0NRT",268.06,1.03,"N"
"4304",47.43871,81.17377,317.18,0.43,0.46,"2026-09-20",2118,"N20","nominal","2.0NRT",280.08,2.2,"N"
"4305",27.50566,52.62941,343.97,0.6,0.7,"2026-09-20",2123,"N20","nominal","2.0NRT",298.31,8.01,"N"
"4306",59.42519,107.80875,305.24,0.65,0.73,"2026-09-20",2114,"N20","nominal","2.0NRT",267.31,0.99,"N"
"4307",47.43242,81.19994,297.83,0.43,0.46,"2026-09-20",2118,"N20","nominal","2.0NRT",278.2,5.84,"N"
"4308",27.50522,52.63689,327.19,0.6,0.7,"2026-09-20",2123,"N20","nominal","2.0NRT",298.65,8.01,"N"
"4309",66.95897,75.53076,297.41,0.5,0.41,"2026-09-20",2114,"N20","nominal","2.0NRT",269.72,0.97,"N"
"4310",27.49842,52.64093,336.44,0.6,0.7,"2026-09-20",2123,"N20","nominal","2.0NRT",298.05,5.32,"N"
"4311",47.42838,81.19805,338.01,0.43,0.46,"2026-09-20",2118,"N20","nominal","2.0NRT",281.04,5.05,"N"
"4312",66.9553,75.52842,302.73,0.5,0.41,"2026-09-20",2114,"N20","nominal","2.0NRT",271.61,0.97,"N"
"4313",47.43089,81.18764,297.28,0.43,0.46,"2026-09-20",2118,"N20","nominal","2.0NRT",277.83,0.93,"N"
"4314",27.498,52.6481,313.56,0.6,0.7,"2026-09-20",2123,"N20","nominal","2.0NRT",298.11,5.32,"N"
"4315",66.68465,77.31091,302.81,0.46,0.39,"2026-09-20",2114,"N20","nominal","2.0NRT",274.59,1,"N"
"4316",47.42963,81.19287,306.43,0.43,0.46,"2026-09-20",2118,"N20","nominal","2.0NRT",278.76,0.93,"N"
"4317",27.47876,52.96551,306.5,0.57,0.69,"2026-09-20",2123,"N20","nominal","2.0NRT",294.9,2.23,"N"
"4318",66.67236,77.38958,327.54,0.46,0.39,"2026-09-20",2114,"N20","nominal","2.0NRT",276.31,5.02,"N"
"4319",47.42713,81.20327,317.06,0.43,0.46,"2026-09-20",2118,"N20","nominal","2.0NRT",279.57,5.05,"N"
"4320",24.69055,73.00314,308.96,0.52,0.5,"2026-09-20",2123,"N20","nominal","2.0NRT",293.75,1.73,"N"
"4321",66.68357,77.31497,300.65,0.46,0.39,"2026-09-20",2114,"N20","nominal","2.0NRT",273.99,1.01,"N"
"4322",50.34864,57.13139,345.54,0.48,0.65,"2026-09-20",2118,"N20","nominal","2.0NRT",285.4,5.52,"N"
"4323",24.68979,73.00032,306.98,0.52,0.5,"2026-09-20",2123,"N20","nominal","2.0NRT",292.58,2.05,"N"
"4324",66.67223,77.38337,326.54,0.46,0.39,"2026-09-20",2114,"N20","nominal","2.0NRT",275.98,6.62,"N"
"4325",50.34875,57.12457,317.95,0.48,0.65,"2026-09-20",2118,"N20","nominal","2.0NRT",282.35,5.52,"N"
"4326",27.14729,56.10921,313.42,0.36,0.57,"2026-09-20",2123,"N20","nominal","2.0NRT",295.6,2.88,"N"
"4327",66.66496,77.31287,325.54,0.46,0.39,"2026-09-20",2114,"N20","nominal","2.0NRT",273.73,2.07,"N"
"4328",44.90921,89.18641,296.92,0.57,0.69,"2026-09-20",2118,"N20","nominal","2.0NRT",286.48,1.17,"N"
"4329",25.38799,68.58089,322.49,0.44,0.38,"2026-09-20",2123,"N20","nominal","2.0NRT",295.43,1.46,"N"
"4330",66.66383,77.32304,298.59,0.46,0.39,"2026-09-20",2114,"N20","nominal","2.0NRT",273.61,2.07,"N"
"4331",44.9033,89.18287,298.23,0.57,0.69,"2026-09-20",2118,"N20","nominal","2.0NRT",285.14,1.17,"N"
"4332",26.96126,55.54081,308.33,0.39,0.59,"2026-09-20",2123,"N20","nominal","2.0NRT",297.45,1.7,"N"
"4333",66.66326,76.8389,324.86,0.47,0.39,"2026-09-20",2114,"N20","nominal","2.0NRT",273.62,3.73,"N"
"4334",44.90742,89.18194,299.32,0.57,0.69,"2026-09-20",2118,"N20","nominal","2.0NRT",285.18,1.85,"N"
"4335",26.95579,55.54008,307.96,0.39,0.59,"2026-09-20",2123,"N20","nominal","2.0NRT",297.15,1.7,"N"
"4336",66.66216,76.84923,319.68,0.47,0.39,"2026-09-20",2114,"N20","nominal","2.0NRT",272.92,3.24,"N"
"4337",44.68084,89.08459,302.52,0.58,0.7,"2026-09-20",2118,"N20","nominal","2.0NRT",286.1,3.05,"N"
"4338",66.5805,77.36243,304.72,0.45,0.39,"2026-09-20",2114,"N20","nominal","2.0NRT",274.63,1.07,"N"
"4339",25.15758,67.7048,313.23,0.41,0.37,"2026-09-20",2125,"N20","nominal","2.0NRT",297.59,1.36,"N"
"4340",44.67861,89.0912,297.55,0.58,0.7,"2026-09-20",2118,"N20","nominal","2.0NRT",286.69,2.97,"N"
"4341",63.61782,93.71617,301.77,0.56,0.43,"2026-09-20",2114,"N20","nominal","2.0NRT",277.47,2.3,"N"
"4342",26.7963,53.34173,316.07,0.53,0.67,"2026-09-20",2125,"N20","nominal","2.0NRT",298.23,0.7,"N"
"4343",44.67826,89.08327,300.08,0.58,0.7,"2026-09-20",2118,"N20","nominal","2.0NRT",285.74,3.1,"N"
"4344",63.6143,93.71203,302.12,0.56,0.43,"2026-09-20",2114,"N20","nominal","2.0NRT",276.96,1.73,"N"
"4345",25.05247,67.49593,321.31,0.41,0.37,"2026-09-20",2125,"N20","nominal","2.0NRT",299.79,1.85,"N"
"4346",45.72763,85.30301,312.27,0.36,0.58,"2026-09-20",2118,"N20","nominal","2.0NRT",281.98,1.49,"N"
"4347",66.40778,77.47649,326.82,0.45,0.39,"2026-09-20",2114,"N20","nominal","2.0NRT",275.81,6.32,"N"
"4348",49.02745,68.62354,305.39,0.46,0.39,"2026-09-20",2118,"N20","nominal","2.0NRT",285.4,0.74,"N"
"4349",25.04978,67.49123,309.08,0.41,0.37,"2026-09-20",2125,"N20","nominal","2.0NRT",296.44,1.15,"N"
"4350",58.45,107.59551,367,0.72,0.75,"2026-09-20",2114,"N20","high","2.0NRT",272.06,14.99,"N"
"4351",48.73936,70.07719,307.17,0.42,0.37,"2026-09-20",2118,"N20","nominal","2.0NRT",286.66,1.1,"N"
"4352",25.15837,66.786,313.71,0.39,0.36,"2026-09-20",2125,"N20","nominal","2.0NRT",297.97,1.38,"N"
"4353",58.44511,107.60573,314.02,0.72,0.76,"2026-09-20",2114,"N20","nominal","2.0NRT",269.88,11.01,"N"
"4354",48.73742,70.06491,303.39,0.42,0.37,"2026-09-20",2118,"N20","nominal","2.0NRT",288.04,1.04,"N"
"4355",25.97438,56.06618,312.55,0.35,0.57,"2026-09-20",2125,"N20","nominal","2.0NRT",299.16,0.83,"N"
"4356",58.43075,107.57626,337.91,0.72,0.76,"2026-09-20",2114,"N20","nominal","2.0NRT",272.26,7.86,"N"
"4357",48.73034,70.09203,299.47,0.42,0.37,"2026-09-20",2118,"N20","nominal","2.0NRT",288.39,0.74,"N"
"4358",25.96914,56.06557,319.36,0.35,0.57,"2026-09-20",2125,"N20","nominal","2.0NRT",301.12,0.83,"N"
"4359",58.42604,107.58608,328.65,0.72,0.76,"2026-09-20",2114,"N20","nominal","2.0NRT",274.07,7.86,"N"
"4360",48.72693,70.091,316.63,0.42,0.37,"2026-09-20",2118,"N20","nominal","2.0NRT",289.33,2.3,"N"
"4361",25.90335,54.53093,310.54,0.44,0.62,"2026-09-20",2125,"N20","nominal","2.0NRT",296.59,0.81,"N"
"4362",66.33007,77.83274,310.39,0.44,0.39,"2026-09-20",2114,"N20","nominal","2.0NRT",273.16,1,"N"
"4363",48.72573,70.0731,302.9,0.42,0.37,"2026-09-20",2118,"N20","nominal","2.0NRT",286.62,1.12,"N"
"4364",66.47025,75.55258,313.52,0.49,0.4,"2026-09-20",2114,"N20","nominal","2.0NRT",275.16,2.17,"N"
"4365",26.11512,50.60235,310.64,0.77,0.78,"2026-09-20",2125,"N20","nominal","2.0NRT",300.1,5.64,"N"
"4366",47.05218,79.2635,300.93,0.55,0.43,"2026-09-20",2118,"N20","nominal","2.0NRT",269.24,1.25,"N"
"4367",66.31308,76.99783,329.1,0.46,0.39,"2026-09-20",2114,"N20","nominal","2.0NRT",280.11,18.64,"N"
"4368",25.92048,51.56206,310.28,0.67,0.74,"2026-09-20",2125,"N20","nominal","2.0NRT",299.26,5.36,"N"
"4369",47.04843,79.26173,299.01,0.55,0.43,"2026-09-20",2118,"N20","nominal","2.0NRT",269.12,0.92,"N"
"4370",66.30957,76.99544,300.78,0.46,0.39,"2026-09-20",2114,"N20","nominal","2.0NRT",271.79,1.35,"N"
"4371",25.91405,51.55473,310.87,0.67,0.74,"2026-09-20",2125,"N20","nominal","2.0NRT",300.04,6.57,"N"
"4372",47.04316,79.26688,298.88,0.55,0.43,"2026-09-20",2118,"N20","nominal","2.0NRT",272.19,0.92,"N"
"4373",58.48652,107.02197,343.65,0.69,0.74,"2026-09-20",2114,"N20","nominal","2.0NRT",266.95,7.96,"N"
"4374",25.90804,51.54045,331.94,0.67,0.74,"2026-09-20",2125,"N20","nominal","2.0NRT",299.35,6.53,"N"
"4375",46.98297,79.27676,303.5,0.55,0.43,"2026-09-20",2118,"N20","nominal","2.0NRT",279.66,1.92,"N"
"4376",66.32074,76.78696,316.56,0.46,0.39,"2026-09-20",2114,"N20","nominal","2.0NRT",273.16,4.5,"N"
"4377",25.88832,51.525,308.92,0.68,0.74,"2026-09-20",2125,"N20","nominal","2.0NRT",298.64,2.55,"N"
"4378",46.97921,79.27499,301.2,0.55,0.43,"2026-09-20",2118,"N20","nominal","2.0NRT",276.65,0.88,"N"
"4379",66.31965,76.7971,318.84,0.46,0.39,"2026-09-20",2114,"N20","nominal","2.0NRT",276.68,5.84,"N"
"4380",25.55762,55.98178,311.47,0.35,0.57,"2026-09-20",2125,"N20","nominal","2.0NRT",299.59,2.06,"N"
"4381",46.97546,79.27322,296.86,0.55,0.43,"2026-09-20",2118,"N20","nominal","2.0NRT",273.58,0.88,"N"
"4382",58.48246,107.03053,317.73,0.69,0.74,"2026-09-20",2114,"N20","nominal","2.0NRT",269.31,6.7,"N"
"4383",23.31494,70.48695,305.07,0.39,0.44,"2026-09-20",2125,"N20","nominal","2.0NRT",291.65,0.91,"N"
"4384",46.9739,79.28017,299.74,0.55,0.43,"2026-09-20",2118,"N20","nominal","2.0NRT",270.34,0.88,"N"
"4385",66.18932,77.68828,335.56,0.44,0.39,"2026-09-20",2114,"N20","nominal","2.0NRT",276.08,5.12,"N"
"4386",46.97015,79.2784,300.27,0.55,0.43,"2026-09-20",2118,"N20","nominal","2.0NRT",265.22,1.05,"N"
"4387",25.53705,53.14269,367,0.53,0.67,"2026-09-20",2125,"N20","high","2.0NRT",300.68,9.84,"N"
"4388",66.27898,76.75288,325.34,0.46,0.39,"2026-09-20",2114,"N20","nominal","2.0NRT",269.73,2.53,"N"
"4389",46.45697,81.43864,306.77,0.46,0.47,"2026-09-20",2118,"N20","nominal","2.0NRT",282.12,1.07,"N"
"4390",66.27789,76.76299,306.57,0.46,0.39,"2026-09-20",2114,"N20","nominal","2.0NRT",274.78,2.42,"N"
"4391",25.53668,53.14806,338.53,0.53,0.67,"2026-09-20",2125,"N20","nominal","2.0NRT",300.54,9.84,"N"
"4392",46.45284,81.43651,299.23,0.46,0.47,"2026-09-20",2118,"N20","nominal","2.0NRT",280.99,0.79,"N"
"4393",58.4831,107.02416,367,0.69,0.74,"2026-09-20",2114,"N20","high","2.0NRT",273.64,8.98,"N"
"4394",22.26448,75.13186,302.22,0.39,0.6,"2026-09-20",2125,"N20","nominal","2.0NRT",280.68,0.54,"N"
"4395",46.95449,79.25566,296.37,0.55,0.43,"2026-09-20",2118,"N20","nominal","2.0NRT",259.62,1.97,"N"
"4396",25.53082,53.14208,316.44,0.53,0.67,"2026-09-20",2125,"N20","nominal","2.0NRT",299.52,9.84,"N"
"4397",66.24912,76.8194,337.14,0.46,0.39,"2026-09-20",2114,"N20","nominal","2.0NRT",282.91,20.34,"N"
"4398",46.95073,79.2539,338.13,0.55,0.43,"2026-09-20",2118,"N20","nominal","2.0NRT",263.39,5.9,"N"
"4399",25.53239,53.14262,367,0.53,0.67,"2026-09-20",2125,"N20","high","2.0NRT",302.16,38.15,"N"
"4400",66.24561,76.81705,297.57,0.46,0.39,"2026-09-20",2114,"N20","nominal","2.0NRT",273.72,20.34,"N"
"4401",46.94917,79.26083,299.57,0.55,0.43,"2026-09-20",2118,"N20","nominal","2.0NRT",262.71,2.19,"N"
"4402",25.53199,53.14797,349.33,0.53,0.67,"2026-09-20",2125,"N20","nominal","2.0NRT",300.83,13.67,"N"
"4403",66.19976,77.23419,318.65,0.45,0.39,"2026-09-20",2114,"N20","nominal","2.0NRT",273.94,1.62,"N"
"4404",46.94698,79.25213,349.17,0.55,0.43,"2026-09-20",2118,"N20","nominal","2.0NRT",268.03,5.9,"N"
"4405",25.53159,53.15332,311.8,0.53,0.67,"2026-09-20",2125,"N20","nominal","2.0NRT",299.79,13.67,"N"
"4406",63.95893,90.4255,306.15,0.47,0.39,"2026-09-20",2114,"N20","nominal","2.0NRT",276.5,2.06,"N"
"4407",46.94854,79.24521,295.75,0.55,0.43,"2026-09-20",2118,"N20","nominal","2.0NRT",265.05,5.9,"N"
"4408",66.1311,77.31337,311.56,0.45,0.39,"2026-09-20",2114,"N20","nominal","2.0NRT",271.8,0.94,"N"
"4409",25.50707,53.14561,339.31,0.53,0.67,"2026-09-20",2125,"N20","nominal","2.0NRT",299.94,4.62,"N"
"4410",46.94542,79.25906,308.91,0.55,0.43,"2026-09-20",2118,"N20","nominal","2.0NRT",265.05,2.19,"N"
"4411",66.13023,77.30558,306.52,0.45,0.39,"2026-09-20",2114,"N20","nominal","2.0NRT",272.96,0.67,"N"
"4412",46.95403,79.25595,304.45,0.55,0.43,"2026-09-20",2118,"N20","nominal","2.0NRT",260.25,3.9,"N"
"4413",21.24951,79.20467,299.52,0.75,0.77,"2026-09-20",2125,"N20","nominal","2.0NRT",274.83,0.83,"N"
"4414",66.11259,77.06184,339.25,0.45,0.39,"2026-09-20",2114,"N20","nominal","2.0NRT",276.22,11.69,"N"
"4415",46.95028,79.25417,346.13,0.55,0.43,"2026-09-20",2118,"N20","nominal","2.0NRT",265.94,3.9,"N"
"4416",58.29659,106.92131,333.86,0.7,0.75,"2026-09-20",2114,"N20","nominal","2.0NRT",268.28,5.34,"N"
"4417",23.49967,68.57837,307.69,0.46,0.39,"2026-09-20",2125,"N20","nominal","2.0NRT",295.16,1.52,"N"
"4418",46.94875,79.26113,301.42,0.55,0.43,"2026-09-20",2118,"N20","nominal","2.0NRT",264.47,3.9,"N"
"4419",66.10283,76.84266,297.94,0.46,0.39,"2026-09-20",2114,"N20","nominal","2.0NRT",274.13,1.24,"N"
"4420",46.94652,79.2524,346.76,0.55,0.43,"2026-09-20",2118,"N20","nominal","2.0NRT",267.92,5.58,"N"
"4421",66.09824,76.85023,336.31,0.46,0.39,"2026-09-20",2114,"N20","nominal","2.0NRT",276.64,4.63,"N"
"4422",23.4961,68.57761,307.41,0.46,0.39,"2026-09-20",2125,"N20","nominal","2.0NRT",295.33,1.52,"N"
"4423",46.94499,79.25935,309.15,0.55,0.43,"2026-09-20",2118,"N20","nominal","2.0NRT",264.84,5.58,"N"
"4424",66.05385,77.00697,323.71,0.45,0.39,"2026-09-20",2114,"N20","nominal","2.0NRT",272.81,3.28,"N"
"4425",46.94277,79.25063,320.38,0.55,0.43,"2026-09-20",2118,"N20","nominal","2.0NRT",261.36,5.58,"N"
"4426",25.1942,53.20234,328.91,0.52,0.67,"2026-09-20",2125,"N20","nominal","2.0NRT",299.97,2.24,"N"
"4427",58.29543,106.92047,333.51,0.7,0.75,"2026-09-20",2114,"N20","nominal","2.0NRT",268.51,4.97,"N"
"4428",46.94124,79.25758,299.17,0.55,0.43,"2026-09-20",2118,"N20","nominal","2.0NRT",264.31,5.58,"N"
"4429",65.98603,76.66526,300.33,0.46,0.39,"2026-09-20",2114,"N20","nominal","2.0NRT",273.76,0.73,"N"
"4430",25.1938,53.20759,327.52,0.52,0.67,"2026-09-20",2125,"N20","nominal","2.0NRT",299.9,2.24,"N"
"4431",48.36084,70.01934,296.35,0.42,0.37,"2026-09-20",2118,"N20","nominal","2.0NRT",284.55,0.25,"N"
"4432",65.90567,77.24468,325.55,0.45,0.39,"2026-09-20",2114,"N20","nominal","2.0NRT",275.74,2.55,"N"
"4433",44.15552,88.0828,295.47,0.54,0.68,"2026-09-20",2118,"N20","nominal","2.0NRT",283.61,0.47,"N"
"4434",65.8598,76.95383,341.52,0.45,0.39,"2026-09-20",2114,"N20","nominal","2.0NRT",276.13,6.15,"N"
"4435",24.99124,55.62362,331.69,0.37,0.58,"2026-09-20",2125,"N20","nominal","2.0NRT",298.23,2.2,"N"
"4436",44.45738,86.10358,312.42,0.43,0.62,"2026-09-20",2118,"N20","nominal","2.0NRT",290.49,1.85,"N"
"4437",65.82748,76.8634,314.09,0.45,0.39,"2026-09-20",2114,"N20","nominal","2.0NRT",275.19,1.25,"N"
"4438",25.01467,55.0546,308.86,0.4,0.6,"2026-09-20",2125,"N20","nominal","2.0NRT",297.56,2.18,"N"
"4439",44.45286,86.07728,306.43,0.43,0.62,"2026-09-20",2118,"N20","nominal","2.0NRT",289.67,2.71,"N"
"4440",65.83372,76.77341,307.63,0.45,0.39,"2026-09-20",2114,"N20","nominal","2.0NRT",273.81,1.25,"N"
"4441",25.17445,52.86958,367,0.55,0.68,"2026-09-20",2125,"N20","high","2.0NRT",300.62,9.94,"N"
"4442",44.36397,86.08358,301.79,0.43,0.62,"2026-09-20",2118,"N20","nominal","2.0NRT",289.86,1.73,"N"
"4443",58.09732,106.56297,367,0.7,0.75,"2026-09-20",2114,"N20","high","2.0NRT",275.15,13.14,"N"
"4444",25.17406,52.87509,321.58,0.55,0.68,"2026-09-20",2125,"N20","nominal","2.0NRT",300.05,12.13,"N"
"4445",44.3654,86.04619,303.34,0.43,0.62,"2026-09-20",2118,"N20","nominal","2.0NRT",289.09,2.3,"N"
"4446",65.79632,76.87403,311.03,0.45,0.39,"2026-09-20",2114,"N20","nominal","2.0NRT",273.71,1.28,"N"
"4447",46.82687,74.9463,295.84,0.41,0.37,"2026-09-20",2118,"N20","nominal","2.0NRT",260.84,0.7,"N"
"4448",25.16814,52.86898,332.81,0.55,0.68,"2026-09-20",2125,"N20","nominal","2.0NRT",300.22,9.94,"N"
"4449",65.79283,76.87173,298,0.45,0.39,"2026-09-20",2114,"N20","nominal","2.0NRT",271.26,1.28,"N"
"4450",47.76543,67.74673,312.15,0.47,0.4,"2026-09-20",2118,"N20","nominal","2.0NRT",285.48,1.88,"N"
"4451",57.87779,105.89268,367,0.69,0.74,"2026-09-20",2114,"N20","high","2.0NRT",277.02,14.13,"N"
"4452",25.16775,52.87451,345.36,0.55,0.68,"2026-09-20",2125,"N20","nominal","2.0NRT",301.27,12.13,"N"
"4453",47.76473,67.75304,315.49,0.47,0.4,"2026-09-20",2118,"N20","nominal","2.0NRT",286.51,1.88,"N"
"4454",57.88246,105.88264,307.66,0.69,0.74,"2026-09-20",2114,"N20","nominal","2.0NRT",271.88,7.93,"N"
"4455",25.16853,52.86345,313.07,0.55,0.68,"2026-09-20",2125,"N20","nominal","2.0NRT",299.96,9.94,"N"
"4456",47.76544,67.75303,327.04,0.47,0.4,"2026-09-20",2118,"N20","nominal","2.0NRT",287.35,2.44,"N"
"4457",57.87288,105.88357,327.84,0.69,0.74,"2026-09-20",2114,"N20","nominal","2.0NRT",271.89,14.13,"N"
"4458",57.877,105.87469,309.4,0.69,0.74,"2026-09-20",2114,"N20","nominal","2.0NRT",270.79,7.93,"N"
"4459",43.70437,83.27526,298.72,0.34,0.56,"2026-09-20",2121,"N20","nominal","2.0NRT",278.82,0.58,"N"
"4460",25.16222,52.86285,367,0.55,0.68,"2026-09-20",2125,"N20","high","2.0NRT",303.18,24.22,"N"
"4461",57.87859,105.88541,367,0.69,0.74,"2026-09-20",2114,"N20","high","2.0NRT",274.29,18.97,"N"
"4462",25.16182,52.86848,328.21,0.55,0.68,"2026-09-20",2125,"N20","nominal","2.0NRT",301.24,24.22,"N"
"4463",41.82305,88.9074,295.64,0.7,0.75,"2026-09-20",2121,"N20","nominal","2.0NRT",285.61,2.67,"N"
"4464",57.87404,105.89535,351.49,0.69,0.74,"2026-09-20",2114,"N20","nominal","2.0NRT",274.44,18.97,"N"
"4465",65.30897,77.41622,300.99,0.44,0.38,"2026-09-20",2114,"N20","nominal","2.0NRT",272.24,0.75,"N"
"4466",22.93444,69.70137,309.46,0.54,0.42,"2026-09-20",2125,"N20","nominal","2.0NRT",283.69,0.92,"N"
"4467",43.53085,81.96251,306.56,0.59,0.53,"2026-09-20",2121,"N20","nominal","2.0NRT",289.43,1.91,"N"
"4468",57.68445,106.08649,367,0.71,0.75,"2026-09-20",2114,"N20","high","2.0NRT",275.52,23.75,"N"
"4469",22.93171,69.7038,304.53,0.54,0.42,"2026-09-20",2125,"N20","nominal","2.0NRT",284.7,1.15,"N"
"4470",43.52813,81.95316,303.23,0.59,0.53,"2026-09-20",2121,"N20","nominal","2.0NRT",287.15,2.51,"N"
"4471",57.74302,105.94125,329.89,0.7,0.75,"2026-09-20",2114,"N20","nominal","2.0NRT",265.45,5.56,"N"
"4472",24.90698,53.72565,367,0.48,0.65,"2026-09-20",2125,"N20","high","2.0NRT",301.69,6.86,"N"
"4473",43.52634,81.96004,298.44,0.59,0.53,"2026-09-20",2121,"N20","nominal","2.0NRT",286.21,1.91,"N"
"4474",24.90661,53.73047,313.17,0.48,0.65,"2026-09-20",2125,"N20","nominal","2.0NRT",300.88,3.63,"N"
"4475",57.73865,105.95062,301.93,0.7,0.75,"2026-09-20",2114,"N20","nominal","2.0NRT",265.11,4.24,"N"
"4476",24.89707,53.02354,340.88,0.53,0.67,"2026-09-20",2125,"N20","nominal","2.0NRT",300.47,2.87,"N"
"4477",43.28595,81.85394,295.97,0.59,0.53,"2026-09-20",2121,"N20","nominal","2.0NRT",284.05,1.69,"N"
"4478",57.72776,106.02966,301.96,0.71,0.75,"2026-09-20",2114,"N20","nominal","2.0NRT",265.77,1.84,"N"
"4479",24.8967,53.02889,312.51,0.53,0.67,"2026-09-20",2125,"N20","nominal","2.0NRT",300.25,2.87,"N"
"4480",43.28622,81.85352,297.95,0.59,0.53,"2026-09-20",2121,"N20","nominal","2.0NRT",284.13,0.56,"N"
"4481",57.68251,106.08795,354.42,0.71,0.75,"2026-09-20",2114,"N20","nominal","2.0NRT",275.5,12.94,"N"
"4482",24.89854,53.02683,341.41,0.53,0.67,"2026-09-20",2125,"N20","nominal","2.0NRT",300.95,5.21,"N"
"4483",46.13804,65.01289,297.92,0.39,0.44,"2026-09-20",2121,"N20","nominal","2.0NRT",285.8,0.48,"N"
"4484",57.68696,106.07832,299.11,0.71,0.75,"2026-09-20",2114,"N20","nominal","2.0NRT",265.92,12.94,"N"
"4485",24.89895,53.02148,312.3,0.53,0.67,"2026-09-20",2125,"N20","nominal","2.0NRT",300.63,3.39,"N"
"4486",45.76844,65.63832,305.47,0.54,0.42,"2026-09-20",2121,"N20","nominal","2.0NRT",287.43,0.92,"N"
"4487",57.74074,105.94163,345.9,0.7,0.75,"2026-09-20",2114,"N20","nominal","2.0NRT",266.9,9.14,"N"
"4488",24.87658,53.06852,310.14,0.53,0.67,"2026-09-20",2125,"N20","nominal","2.0NRT",298.88,0.51,"N"
"4489",43.27997,76.75638,298.03,0.52,0.41,"2026-09-20",2121,"N20","nominal","2.0NRT",283.83,0.44,"N"
"4490",57.59007,105.90929,317.94,0.71,0.75,"2026-09-20",2114,"N20","nominal","2.0NRT",269.85,2.6,"N"
"4491",44.86486,65.45372,297.68,0.54,0.42,"2026-09-20",2121,"N20","nominal","2.0NRT",287.16,0.97,"N"
"4492",24.83751,53.49867,367,0.5,0.66,"2026-09-20",2125,"N20","high","2.0NRT",301.46,8.15,"N"
"4493",57.58576,105.9185,297.77,0.71,0.75,"2026-09-20",2114,"N20","nominal","2.0NRT",270.37,2.6,"N"
"4494",57.57096,105.93028,310.09,0.71,0.75,"2026-09-20",2114,"N20","nominal","2.0NRT",269.57,1.69,"N"
"4495",24.83712,53.50364,325.02,0.5,0.65,"2026-09-20",2125,"N20","nominal","2.0NRT",300.88,8.15,"N"
"4496",42.9147,74.87483,316.88,0.45,0.39,"2026-09-20",2121,"N20","nominal","2.0NRT",288.91,2.75,"N"
"4497",63.50522,87.36541,306.63,0.42,0.38,"2026-09-20",2114,"N20","nominal","2.0NRT",278.8,1.24,"N"
"4498",42.73822,75.61269,295.08,0.48,0.4,"2026-09-20",2121,"N20","nominal","2.0NRT",284.37,0.76,"N"
"4499",24.80153,53.72668,327.27,0.48,0.65,"2026-09-20",2125,"N20","nominal","2.0NRT",300.25,4.22,"N"
"4500",63.50362,87.37321,299.34,0.42,0.38,"2026-09-20",2114,"N20","nominal","2.0NRT",278.11,1.24,"N"
"4501",24.80115,53.73149,338.31,0.48,0.65,"2026-09-20",2125,"N20","nominal","2.0NRT",301.44,5.15,"N"
"4502",42.85416,74.59508,312.04,0.44,0.38,"2026-09-20",2121,"N20","nominal","2.0NRT",285.96,1.35,"N"
"4503",63.50364,87.35434,311.47,0.42,0.38,"2026-09-20",2114,"N20","nominal","2.0NRT",280.43,1.09,"N"
"4504",43.94075,67.32526,305.59,0.45,0.39,"2026-09-20",2121,"N20","nominal","2.0NRT",285.59,0.87,"N"
"4505",24.92775,51.55729,341.66,0.66,0.73,"2026-09-20",2125,"N20","nominal","2.0NRT",300.86,6.53,"N"
"4506",63.50204,87.36214,302.89,0.42,0.38,"2026-09-20",2114,"N20","nominal","2.0NRT",278.52,1.39,"N"
"4507",42.81027,73.95628,299.19,0.42,0.38,"2026-09-20",2121,"N20","nominal","2.0NRT",283.74,1.36,"N"
"4508",24.93254,51.55849,349.08,0.66,0.73,"2026-09-20",2125,"N20","nominal","2.0NRT",300.82,6.72,"N"
"4509",57.58739,105.91331,350.79,0.71,0.75,"2026-09-20",2114,"N20","nominal","2.0NRT",271.84,8.71,"N"
"4510",42.80689,73.95509,318.5,0.42,0.38,"2026-09-20",2121,"N20","nominal","2.0NRT",284.39,1.36,"N"
"4511",22.34098,69.85423,306.58,0.56,0.43,"2026-09-20",2125,"N20","nominal","2.0NRT",292.05,2.93,"N"
"4512",63.50206,87.34331,295.17,0.42,0.38,"2026-09-20",2114,"N20","nominal","2.0NRT",280.04,1.09,"N"
"4513",42.80351,73.9539,300.96,0.42,0.38,"2026-09-20",2121,"N20","nominal","2.0NRT",283.29,0.8,"N"
"4514",24.32512,54.46535,320.38,0.43,0.62,"2026-09-20",2125,"N20","nominal","2.0NRT",300.8,2.49,"N"
"4515",63.50046,87.35107,302.54,0.42,0.38,"2026-09-20",2114,"N20","nominal","2.0NRT",279.66,1.09,"N"
"4516",42.80069,73.95607,300.49,0.42,0.38,"2026-09-20",2121,"N20","nominal","2.0NRT",283.18,0.81,"N"
"4517",24.06303,54.31533,308.91,0.43,0.62,"2026-09-20",2125,"N20","nominal","2.0NRT",296.39,1.22,"N"
"4518",63.49887,87.35888,298.45,0.42,0.38,"2026-09-20",2114,"N20","nominal","2.0NRT",278.02,1.39,"N"
"4519",42.70689,74.26427,296.28,0.43,0.38,"2026-09-20",2121,"N20","nominal","2.0NRT",281.47,0.45,"N"
"4520",24.14527,52.68507,313.22,0.55,0.68,"2026-09-20",2125,"N20","nominal","2.0NRT",299.48,1.79,"N"
"4521",63.49405,87.38232,305.62,0.42,0.38,"2026-09-20",2114,"N20","nominal","2.0NRT",277.17,2.67,"N"
"4522",24.13223,52.68938,312.59,0.55,0.68,"2026-09-20",2125,"N20","nominal","2.0NRT",298.82,1.71,"N"
"4523",42.7554,73.96696,297.26,0.42,0.38,"2026-09-20",2121,"N20","nominal","2.0NRT",282.43,0.73,"N"
"4524",57.57288,105.92476,327.6,0.71,0.75,"2026-09-20",2114,"N20","nominal","2.0NRT",269.06,10.14,"N"
"4525",24.13142,52.70036,311.49,0.55,0.68,"2026-09-20",2125,"N20","nominal","2.0NRT",298.7,1.34,"N"
"4526",42.82822,73.27908,297.61,0.41,0.37,"2026-09-20",2121,"N20","nominal","2.0NRT",284.14,0.61,"N"
"4527",57.56819,105.9349,336.43,0.71,0.75,"2026-09-20",2114,"N20","nominal","2.0NRT",270.32,15.63,"N"
"4528",42.82733,73.28399,309.88,0.41,0.37,"2026-09-20",2121,"N20","nominal","2.0NRT",285.12,0.86,"N"
"4529",63.49728,87.34782,299.74,0.42,0.38,"2026-09-20",2114,"N20","nominal","2.0NRT",279.31,1.34,"N"
"4530",42.93356,71.28165,302.15,0.38,0.36,"2026-09-20",2121,"N20","nominal","2.0NRT",287.67,1.44,"N"
"4531",63.49088,87.37906,311.16,0.42,0.38,"2026-09-20",2114,"N20","nominal","2.0NRT",279.15,1.85,"N"
"4532",24.12016,52.71905,315.98,0.55,0.68,"2026-09-20",2125,"N20","nominal","2.0NRT",299.74,5.06,"N"
"4533",63.4877,87.37582,322.42,0.42,0.38,"2026-09-20",2114,"N20","nominal","2.0NRT",283.65,1.85,"N"
"4534",42.9303,71.28067,323.52,0.38,0.36,"2026-09-20",2121,"N20","nominal","2.0NRT",286.45,1.44,"N"
"4535",23.48536,58.28022,310.8,0.48,0.48,"2026-09-20",2125,"N20","nominal","2.0NRT",299.81,0.82,"N"
"4536",57.56327,105.92561,355.62,0.71,0.75,"2026-09-20",2114,"N20","nominal","2.0NRT",277.08,15.63,"N"
"4537",42.94085,71.10867,299.43,0.38,0.36,"2026-09-20",2121,"N20","nominal","2.0NRT",288.09,0.6,"N"
"4538",21.11379,72.63484,312.92,0.58,0.52,"2026-09-20",2125,"N20","nominal","2.0NRT",293.3,3.08,"N"
"4539",63.4893,87.368,300.43,0.42,0.38,"2026-09-20",2114,"N20","nominal","2.0NRT",278.4,1.85,"N"
"4540",40.03785,83.04753,296.42,0.41,0.61,"2026-09-20",2121,"N20","nominal","2.0NRT",282.79,1.43,"N"
"4541",21.10682,72.64461,344.04,0.58,0.52,"2026-09-20",2125,"N20","nominal","2.0NRT",293.72,13.41,"N"
"4542",63.48609,87.38365,303.02,0.42,0.38,"2026-09-20",2114,"N20","nominal","2.0NRT",276.79,1.5,"N"
"4543",40.03655,83.05214,316.85,0.41,0.61,"2026-09-20",2121,"N20","nominal","2.0NRT",282.96,1.63,"N"
"4544",21.10437,72.63262,322.98,0.58,0.52,"2026-09-20",2125,"N20","nominal","2.0NRT",292.55,5.12,"N"
"4545",57.56783,105.91576,299.12,0.71,0.75,"2026-09-20",2114,"N20","nominal","2.0NRT",269.25,10.14,"N"
"4546",39.84118,82.87802,310.74,0.41,0.61,"2026-09-20",2121,"N20","nominal","2.0NRT",282.19,1.09,"N"
"4547",63.48451,87.37258,311.11,0.42,0.38,"2026-09-20",2114,"N20","nominal","2.0NRT",280.88,2.8,"N"
"4548",21.10324,72.63805,323.26,0.58,0.52,"2026-09-20",2125,"N20","nominal","2.0NRT",293.09,5.12,"N"
"4549",39.84074,82.87952,302.27,0.41,0.61,"2026-09-20",2121,"N20","nominal","2.0NRT",281.35,1.31,"N"
"4550",63.48291,87.38039,312.43,0.42,0.38,"2026-09-20",2114,"N20","nominal","2.0NRT",279.67,3.53,"N"
"4551",23.85421,53.64485,326.66,0.47,0.64,"2026-09-20",2125,"N20","nominal","2.0NRT",297.8,2.5,"N"
"4552",42.35837,69.73088,301.83,0.39,0.36,"2026-09-20",2121,"N20","nominal","2.0NRT",286.11,1.08,"N"
"4553",57.57595,105.87831,304.83,0.71,0.75,"2026-09-20",2114,"N20","nominal","2.0NRT",269.31,2.17,"N"
"4554",23.85382,53.64957,320.51,0.47,0.64,"2026-09-20",2125,"N20","nominal","2.0NRT",297.22,2.5,"N"
"4555",42.40331,69.333,298,0.39,0.36,"2026-09-20",2121,"N20","nominal","2.0NRT",284.63,0.39,"N"
"4556",57.57107,105.88884,306.16,0.71,0.75,"2026-09-20",2114,"N20","nominal","2.0NRT",270,2.17,"N"
"4557",23.36824,56.28156,316.56,0.32,0.54,"2026-09-20",2125,"N20","nominal","2.0NRT",301,0.98,"N"
"4558",42.31193,69.54119,312.84,0.39,0.36,"2026-09-20",2121,"N20","nominal","2.0NRT",289.3,1.28,"N"
"4559",57.6184,105.68719,352.53,0.7,0.75,"2026-09-20",2114,"N20","nominal","2.0NRT",268.03,8.85,"N"
"4560",42.29264,69.64784,301.41,0.39,0.36,"2026-09-20",2121,"N20","nominal","2.0NRT",288.09,0.62,"N"
"4561",20.91101,71.45655,305.53,0.49,0.49,"2026-09-20",2125,"N20","nominal","2.0NRT",291.49,1.2,"N"
"4562",57.5355,105.8661,348.78,0.71,0.75,"2026-09-20",2114,"N20","nominal","2.0NRT",271.13,10.65,"N"
"4563",41.45251,69.58961,297.97,0.39,0.36,"2026-09-20",2121,"N20","nominal","2.0NRT",287.86,0.61,"N"
"4564",20.86759,70.5662,303.39,0.43,0.46,"2026-09-20",2125,"N20","nominal","2.0NRT",290.03,0.82,"N"
"4565",60.84629,97.34911,337.52,0.59,0.53,"2026-09-20",2114,"N20","nominal","2.0NRT",275.35,12.13,"N"
"4566",42.3571,58.82386,296.45,0.35,0.57,"2026-09-20",2121,"N20","nominal","2.0NRT",285.94,0.3,"N"
"4567",60.84324,97.35855,330.59,0.59,0.53,"2026-09-20",2114,"N20","nominal","2.0NRT",273.44,12.13,"N"
"4568",22.9297,55.80142,347.91,0.34,0.56,"2026-09-20",2125,"N20","nominal","2.0NRT",298.59,6.47,"N"
"4569",41.04881,70.17415,318.75,0.38,0.36,"2026-09-20",2121,"N20","nominal","2.0NRT",288.58,1.19,"N"
"4570",63.41259,87.44078,295.99,0.42,0.38,"2026-09-20",2114,"N20","nominal","2.0NRT",273.89,1.01,"N"
"4571",22.88157,55.92164,308.37,0.33,0.55,"2026-09-20",2125,"N20","nominal","2.0NRT",297.15,2.78,"N"
"4572",57.61571,105.68826,340.19,0.7,0.75,"2026-09-20",2114,"N20","nominal","2.0NRT",268.44,7.17,"N"
"4573",41.04554,70.17325,303.37,0.38,0.36,"2026-09-20",2121,"N20","nominal","2.0NRT",289.12,1.13,"N"
"4574",22.87383,55.6115,315,0.35,0.56,"2026-09-20",2125,"N20","nominal","2.0NRT",297.44,3.64,"N"
"4575",57.5333,105.86842,322.75,0.71,0.75,"2026-09-20",2114,"N20","nominal","2.0NRT",270.39,5.77,"N"
"4576",22.87644,55.37013,309.57,0.36,0.57,"2026-09-20",2125,"N20","nominal","2.0NRT",297.49,2.38,"N"
"4577",41.04412,70.18226,310.68,0.38,0.36,"2026-09-20",2121,"N20","nominal","2.0NRT",288.04,0.77,"N"
"4578",63.3803,87.49477,305.4,0.43,0.38,"2026-09-20",2114,"N20","nominal","2.0NRT",278,1.91,"N"
"4579",22.44543,56.69994,310.45,0.58,0.52,"2026-09-20",2125,"N20","nominal","2.0NRT",295.83,4.64,"N"
"4580",41.04227,70.17235,302.13,0.38,0.36,"2026-09-20",2121,"N20","nominal","2.0NRT",289.01,1.13,"N"
"4581",57.53783,105.85855,319.75,0.71,0.75,"2026-09-20",2114,"N20","nominal","2.0NRT",269.11,5.73,"N"
"4582",22.44061,56.6993,303.56,0.58,0.52,"2026-09-20",2125,"N20","nominal","2.0NRT",287.72,3.21,"N"
"4583",41.04085,70.18136,300.99,0.38,0.36,"2026-09-20",2121,"N20","nominal","2.0NRT",288.56,0.77,"N"
"4584",63.35972,87.42613,295.28,0.42,0.38,"2026-09-20",2114,"N20","nominal","2.0NRT",276.39,1.25,"N"
"4585",22.6119,54.05803,309.53,0.43,0.62,"2026-09-20",2125,"N20","nominal","2.0NRT",297.29,1.62,"N"
"4586",41.03968,70.1219,324.4,0.38,0.36,"2026-09-20",2121,"N20","nominal","2.0NRT",288.15,2.51,"N"
"4587",63.35814,87.41509,305.07,0.42,0.38,"2026-09-20",2114,"N20","nominal","2.0NRT",277.82,1.15,"N"
"4588",42.04779,59.93925,297.12,0.61,0.54,"2026-09-20",2121,"N20","nominal","2.0NRT",286.15,0.88,"N"
"4589",22.61059,54.05597,317.15,0.43,0.62,"2026-09-20",2125,"N20","nominal","2.0NRT",296.69,1.93,"N"
"4590",63.35653,87.42288,304.13,0.42,0.38,"2026-09-20",2114,"N20","nominal","2.0NRT",279.8,1.15,"N"
"4591",63.20174,88.15825,298.75,0.44,0.38,"2026-09-20",2114,"N20","nominal","2.0NRT",273.72,1.29,"N"
"4592",22.34762,56.43426,318.13,0.6,0.53,"2026-09-20",2125,"N20","nominal","2.0NRT",297.43,7.77,"N"
"4593",42.04707,59.94073,297.96,0.61,0.54,"2026-09-20",2121,"N20","nominal","2.0NRT",286.46,0.8,"N"
"4594",63.35496,87.41183,298.77,0.42,0.38,"2026-09-20",2114,"N20","nominal","2.0NRT",276.13,1.15,"N"
"4595",22.32919,56.46783,324.07,0.6,0.53,"2026-09-20",2125,"N20","nominal","2.0NRT",296.79,10.41,"N"
"4596",40.9325,69.64812,313.46,0.39,0.36,"2026-09-20",2121,"N20","nominal","2.0NRT",291.24,1.58,"N"
"4597",63.35334,87.41962,309.49,0.42,0.38,"2026-09-20",2114,"N20","nominal","2.0NRT",279.78,1.15,"N"
"4598",22.54164,53.91827,331.25,0.44,0.62,"2026-09-20",2125,"N20","nominal","2.0NRT",297.75,17.57,"N"
"4599",40.84595,69.74468,315.02,0.38,0.36,"2026-09-20",2121,"N20","nominal","2.0NRT",291.06,1.17,"N"
"4600",63.19682,88.16286,295.03,0.44,0.38,"2026-09-20",2114,"N20","nominal","2.0NRT",271.38,1.29,"N"
"4601",22.54128,53.92243,347.7,0.44,0.62,"2026-09-20",2125,"N20","nominal","2.0NRT",309.34,17.57,"N"
"4602",40.86872,69.52947,327.25,0.39,0.36,"2026-09-20",2121,"N20","nominal","2.0NRT",293.26,20.69,"N"
"4603",63.19359,88.15948,306.8,0.44,0.38,"2026-09-20",2114,"N20","nominal","2.0NRT",276.33,1.6,"N"
"4604",22.54091,53.92665,324.55,0.44,0.62,"2026-09-20",2125,"N20","nominal","2.0NRT",299.44,12.82,"N"
"4605",40.86803,69.534,302.78,0.39,0.36,"2026-09-20",2121,"N20","nominal","2.0NRT",290.22,20.69,"N"
"4606",63.19038,88.15609,303.23,0.44,0.38,"2026-09-20",2114,"N20","nominal","2.0NRT",276.35,1.6,"N"
"4607",22.52474,54.046,309.55,0.43,0.62,"2026-09-20",2125,"N20","nominal","2.0NRT",294.92,1.31,"N"
"4608",63.18544,88.16071,301,0.44,0.38,"2026-09-20",2114,"N20","nominal","2.0NRT",272.46,1.17,"N"
"4609",41.50898,64.54439,309.83,0.54,0.42,"2026-09-20",2121,"N20","nominal","2.0NRT",289.79,1.93,"N"
"4610",22.54071,53.91903,367,0.44,0.62,"2026-09-20",2125,"N20","high","2.0NRT",297.74,17.39,"N"
"4611",63.18565,88.14133,295.38,0.44,0.38,"2026-09-20",2114,"N20","nominal","2.0NRT",273.4,1.1,"N"
"4612",40.86406,69.53767,302.46,0.39,0.36,"2026-09-20",2121,"N20","nominal","2.0NRT",290.62,0.68,"N"
"4613",63.18414,88.12998,305.04,0.44,0.38,"2026-09-20",2114,"N20","nominal","2.0NRT",277.19,1.63,"N"
"4614",41.85825,59.9106,298.29,0.61,0.54,"2026-09-20",2121,"N20","nominal","2.0NRT",285.68,0.5,"N"
"4615",22.54032,53.9232,345.66,0.44,0.62,"2026-09-20",2125,"N20","nominal","2.0NRT",308.3,17.39,"N"
"4616",63.18243,88.13795,305.38,0.44,0.38,"2026-09-20",2114,"N20","nominal","2.0NRT",275.59,1.38,"N"
"4617",41.83696,60.01292,298.21,0.61,0.53,"2026-09-20",2121,"N20","nominal","2.0NRT",288.19,1.01,"N"
"4618",63.18435,88.11062,300.01,0.44,0.38,"2026-09-20",2114,"N20","nominal","2.0NRT",275.4,1.72,"N"
"4619",22.54109,53.91493,310.51,0.44,0.62,"2026-09-20",2125,"N20","nominal","2.0NRT",297.42,2.68,"N"
"4620",41.85749,59.91181,298.28,0.61,0.54,"2026-09-20",2121,"N20","nominal","2.0NRT",286.21,0.53,"N"
"4621",63.18264,88.11861,317.46,0.44,0.38,"2026-09-20",2114,"N20","nominal","2.0NRT",275.83,1.63,"N"
"4622",39.72713,75.35512,296.2,0.53,0.42,"2026-09-20",2121,"N20","nominal","2.0NRT",280.45,0.74,"N"
"4623",22.53992,53.92742,314.76,0.44,0.62,"2026-09-20",2125,"N20","nominal","2.0NRT",298.47,8.13,"N"
"4624",63.18092,88.1266,295.21,0.44,0.38,"2026-09-20",2114,"N20","nominal","2.0NRT",270.6,1.63,"N"
"4625",40.50769,69.63877,302.41,0.38,0.36,"2026-09-20",2121,"N20","nominal","2.0NRT",288.71,0.73,"N"
"4626",22.52294,54.04666,310.13,0.43,0.62,"2026-09-20",2125,"N20","nominal","2.0NRT",295.45,1.46,"N"
"4627",63.18113,88.10725,318.31,0.44,0.38,"2026-09-20",2114,"N20","nominal","2.0NRT",277.71,3.91,"N"
"4628",40.24319,69.29495,315.63,0.39,0.36,"2026-09-20",2121,"N20","nominal","2.0NRT",290.16,1.01,"N"
"4629",22.1072,57.31471,315.63,0.53,0.5,"2026-09-20",2125,"N20","nominal","2.0NRT",296.66,1.11,"N"
"4630",63.22882,87.8654,295.38,0.43,0.38,"2026-09-20",2114,"N20","nominal","2.0NRT",274.06,0.68,"N"
"4631",40.23991,69.29411,307.23,0.39,0.36,"2026-09-20",2121,"N20","nominal","2.0NRT",289.45,0.88,"N"
"4632",22.432,53.96324,348.42,0.44,0.62,"2026-09-20",2125,"N20","nominal","2.0NRT",298.5,4.71,"N"
"4633",63.22561,87.86208,295.69,0.43,0.38,"2026-09-20",2114,"N20","nominal","2.0NRT",277.88,1.47,"N"
"4634",40.3133,68.61647,330.21,0.39,0.36,"2026-09-20",2121,"N20","nominal","2.0NRT",293.34,17.32,"N"
"4635",63.22057,87.88582,301.06,0.43,0.38,"2026-09-20",2114,"N20","nominal","2.0NRT",277.02,2.32,"N"
"4636",22.43073,53.96526,333.99,0.44,0.62,"2026-09-20",2125,"N20","nominal","2.0NRT",299.45,2.36,"N"
"4637",40.21727,69.21819,305.74,0.39,0.36,"2026-09-20",2121,"N20","nominal","2.0NRT",290.23,0.72,"N"
"4638",63.22409,87.85084,308.96,0.43,0.38,"2026-09-20",2114,"N20","nominal","2.0NRT",279.8,1.47,"N"
"4639",22.43114,53.96084,311.9,0.44,0.62,"2026-09-20",2125,"N20","nominal","2.0NRT",296.07,2.36,"N"
"4640",60.78002,97.06803,338.51,0.58,0.52,"2026-09-20",2114,"N20","nominal","2.0NRT",274.9,27.93,"N"
"4641",40.38379,67.43626,307.81,0.41,0.37,"2026-09-20",2121,"N20","nominal","2.0NRT",290.16,0.85,"N"
"4642",21.93874,57.07345,337.53,0.54,0.51,"2026-09-20",2125,"N20","nominal","2.0NRT",297.91,3.34,"N"
"4643",63.22087,87.84753,312.25,0.43,0.38,"2026-09-20",2114,"N20","nominal","2.0NRT",280.27,1.71,"N"
"4644",40.36005,67.55996,305.04,0.41,0.37,"2026-09-20",2121,"N20","nominal","2.0NRT",290.36,0.83,"N"
"4645",21.94339,56.03171,311.37,0.63,0.54,"2026-09-20",2125,"N20","nominal","2.0NRT",296.24,8.87,"N"
"4646",60.7771,97.0771,301.2,0.58,0.52,"2026-09-20",2114,"N20","nominal","2.0NRT",270.1,27.93,"N"
"4647",40.3521,67.59274,302.21,0.41,0.37,"2026-09-20",2121,"N20","nominal","2.0NRT",290.47,0.5,"N"
"4648",21.83611,56.67841,314.59,0.57,0.52,"2026-09-20",2125,"N20","nominal","2.0NRT",297.51,5.2,"N"
"4649",63.21766,87.84422,309.6,0.43,0.38,"2026-09-20",2114,"N20","nominal","2.0NRT",277.96,1.71,"N"
"4650",40.30793,67.68379,302.36,0.41,0.37,"2026-09-20",2121,"N20","nominal","2.0NRT",290.56,0.91,"N"
"4651",21.33507,57.72033,319.87,0.49,0.48,"2026-09-20",2125,"N20","nominal","2.0NRT",296.31,1.87,"N"
"4652",60.78111,97.06554,314.61,0.58,0.52,"2026-09-20",2114,"N20","nominal","2.0NRT",267.36,59.09,"N"
"4653",38.65798,76.17152,310.35,0.4,0.44,"2026-09-20",2121,"N20","nominal","2.0NRT",286.18,1.73,"N"
"4654",65.07155,75.47057,300.86,0.47,0.4,"2026-09-20",2114,"N20","nominal","2.0NRT",273.56,0.85,"N"
"4655",21.32173,57.71845,307.32,0.49,0.48,"2026-09-20",2125,"N20","nominal","2.0NRT",296.27,1.3,"N"
"4656",40.01176,68.44582,327.48,0.39,0.36,"2026-09-20",2121,"N20","nominal","2.0NRT",287.91,1.55,"N"
"4657",65.06176,75.52765,295.82,0.47,0.4,"2026-09-20",2114,"N20","nominal","2.0NRT",273.29,0.88,"N"
"4658",21.32119,57.72316,309.9,0.49,0.48,"2026-09-20",2125,"N20","nominal","2.0NRT",296.91,1.32,"N"
"4659",39.85513,66.19855,302.01,0.45,0.39,"2026-09-20",2121,"N20","nominal","2.0NRT",288.52,1.15,"N"
"4660",65.06072,75.5375,312.83,0.47,0.4,"2026-09-20",2114,"N20","nominal","2.0NRT",273.66,1.79,"N"
"4661",21.31405,57.74598,324.71,0.48,0.48,"2026-09-20",2125,"N20","nominal","2.0NRT",296.76,2.17,"N"
"4662",39.85541,66.20197,301.05,0.45,0.39,"2026-09-20",2121,"N20","nominal","2.0NRT",288.83,0.64,"N"
"4663",65.05923,75.51567,298.98,0.47,0.4,"2026-09-20",2114,"N20","nominal","2.0NRT",272.4,1.07,"N"
"4664",21.31458,57.74131,315.2,0.48,0.48,"2026-09-20",2125,"N20","nominal","2.0NRT",296.62,2.17,"N"
"4665",39.7374,63.54024,306.7,0.57,0.43,"2026-09-20",2123,"N20","nominal","2.0NRT",289.55,1.72,"N"
"4666",60.43769,97.79439,343.66,0.63,0.54,"2026-09-20",2114,"N20","nominal","2.0NRT",272.14,7.97,"N"
"4667",21.30373,57.79648,310.79,0.48,0.48,"2026-09-20",2125,"N20","nominal","2.0NRT",296.76,1.29,"N"
"4668",39.73569,63.53949,306.83,0.57,0.43,"2026-09-20",2123,"N20","nominal","2.0NRT",288.82,1.54,"N"
"4669",65.04289,75.52686,296.84,0.47,0.4,"2026-09-20",2114,"N20","nominal","2.0NRT",272.29,0.84,"N"
"4670",21.30947,57.70718,313.67,0.49,0.48,"2026-09-20",2125,"N20","nominal","2.0NRT",296.44,1.44,"N"
"4671",39.49978,64.69614,308.16,0.5,0.41,"2026-09-20",2123,"N20","nominal","2.0NRT",288.92,1.07,"N"
"4672",65.04345,75.48534,301.01,0.47,0.4,"2026-09-20",2114,"N20","nominal","2.0NRT",273.92,1.12,"N"
"4673",21.4101,55.73967,317.63,0.33,0.55,"2026-09-20",2125,"N20","nominal","2.0NRT",296.49,5.8,"N"
"4674",39.18752,65.28787,302.65,0.47,0.4,"2026-09-20",2123,"N20","nominal","2.0NRT",290.53,1.23,"N"
"4675",65.03479,75.45918,296.22,0.47,0.4,"2026-09-20",2114,"N20","nominal","2.0NRT",273.87,0.48,"N"
"4676",21.00292,56.52845,339.8,0.57,0.52,"2026-09-20",2125,"N20","nominal","2.0NRT",299.54,7.21,"N"
"4677",39.1842,65.31523,302.05,0.47,0.4,"2026-09-20",2123,"N20","nominal","2.0NRT",288.38,0.44,"N"
"4678",60.43681,97.67005,330.52,0.62,0.54,"2026-09-20",2114,"N20","nominal","2.0NRT",268.15,10.15,"N"
"4679",21.00309,56.52666,323.34,0.57,0.52,"2026-09-20",2125,"N20","nominal","2.0NRT",297.37,3.61,"N"
"4680",39.40197,63.26508,336.81,0.39,0.44,"2026-09-20",2123,"N20","nominal","2.0NRT",287.49,2.63,"N"
"4681",60.43376,97.67921,330.11,0.62,0.54,"2026-09-20",2114,"N20","nominal","2.0NRT",273.08,10.15,"N"
"4682",21.00246,56.5322,331.42,0.57,0.52,"2026-09-20",2125,"N20","nominal","2.0NRT",299.32,4.57,"N"
"4683",60.43849,97.67736,336.29,0.62,0.54,"2026-09-20",2114,"N20","nominal","2.0NRT",271.41,12.93,"N"
"4684",39.4015,63.26962,311.52,0.39,0.44,"2026-09-20",2123,"N20","nominal","2.0NRT",287.68,2.63,"N"
"4685",20.55851,56.41966,310.15,0.57,0.52,"2026-09-20",2125,"N20","nominal","2.0NRT",296.68,1.34,"N"
"4686",60.4911,97.40677,329.71,0.61,0.53,"2026-09-20",2114,"N20","nominal","2.0NRT",273.59,5.58,"N"
"4687",38.65324,68.77354,299.9,0.39,0.36,"2026-09-20",2123,"N20","nominal","2.0NRT",286.66,0.67,"N"
"4688",20.38907,55.65977,331.93,0.32,0.55,"2026-09-20",2125,"N20","nominal","2.0NRT",294.9,7.5,"N"
"4689",60.44509,97.54754,336.61,0.62,0.54,"2026-09-20",2114,"N20","nominal","2.0NRT",273.97,24.29,"N"
"4690",39.30748,62.97568,303.55,0.4,0.44,"2026-09-20",2123,"N20","nominal","2.0NRT",285.93,1.46,"N"
"4691",20.02569,56.14712,305.94,0.59,0.53,"2026-09-20",2125,"N20","nominal","2.0NRT",295.79,0.71,"N"
"4692",60.44194,97.55715,304.85,0.62,0.54,"2026-09-20",2114,"N20","nominal","2.0NRT",271.91,13.62,"N"
"4693",18.32264,55.10375,341.77,0.33,0.55,"2026-09-20",2127,"N20","nominal","2.0NRT",297.39,3.36,"N"
"4694",39.28378,63.04744,300.59,0.4,0.44,"2026-09-20",2123,"N20","nominal","2.0NRT",287.63,0.52,"N"
"4695",62.96027,88.1086,305,0.44,0.39,"2026-09-20",2114,"N20","nominal","2.0NRT",279.36,1.33,"N"
"4696",18.03316,54.64098,306.76,0.35,0.57,"2026-09-20",2127,"N20","nominal","2.0NRT",296.33,0.98,"N"
"4697",62.9553,88.11323,297.3,0.44,0.39,"2026-09-20",2114,"N20","nominal","2.0NRT",277.43,1.33,"N"
"4698",39.25114,63.20996,306.87,0.39,0.44,"2026-09-20",2123,"N20","nominal","2.0NRT",288.09,0.93,"N"
"4699",18.01418,54.57089,314.63,0.35,0.57,"2026-09-20",2127,"N20","nominal","2.0NRT",295.83,1.02,"N"
"4700",62.95357,88.12128,302.34,0.44,0.39,"2026-09-20",2114,"N20","nominal","2.0NRT",276.83,0.88,"N"
"4701",18.01406,54.57005,320.91,0.35,0.57,"2026-09-20",2127,"N20","nominal","2.0NRT",295.79,1.44,"N"
"4702",39.25073,63.17282,299.86,0.39,0.44,"2026-09-20",2123,"N20","nominal","2.0NRT",287.04,0.46,"N"
"4703",62.95207,88.10987,297.29,0.44,0.39,"2026-09-20",2114,"N20","nominal","2.0NRT",279.62,1.94,"N"
"4704",62.95033,88.11792,298.07,0.44,0.39,"2026-09-20",2114,"N20","nominal","2.0NRT",279.44,2.14,"N"
"4705",16.97759,53.98462,305.3,0.37,0.58,"2026-09-20",2127,"N20","nominal","2.0NRT",294.35,2.51,"N"
"4706",39.20544,63.2508,300.88,0.39,0.44,"2026-09-20",2123,"N20","nominal","2.0NRT",287.47,0.38,"N"
"4707",62.98682,87.91177,307.73,0.44,0.38,"2026-09-20",2114,"N20","nominal","2.0NRT",277.03,1.72,"N"
"4708",39.19414,63.28094,302.79,0.39,0.44,"2026-09-20",2123,"N20","nominal","2.0NRT",287.94,0.85,"N"
"4709",15.59503,49.12564,303.83,0.76,0.77,"2026-09-20",2127,"N20","nominal","2.0NRT",291.12,1.4,"N"
"4710",62.94559,88.10322,296.95,0.44,0.39,"2026-09-20",2114,"N20","nominal","2.0NRT",274.82,1.53,"N"
"4711",39.19898,63.19442,299.92,0.39,0.44,"2026-09-20",2123,"N20","nominal","2.0NRT",287.83,0.42,"N"
"4712",15.59843,49.12515,304.34,0.76,0.77,"2026-09-20",2127,"N20","nominal","2.0NRT",291,0.79,"N"
"4713",62.94409,88.09179,308.96,0.44,0.39,"2026-09-20",2114,"N20","nominal","2.0NRT",274.91,1.53,"N"
"4714",39.19758,63.20803,297.4,0.39,0.44,"2026-09-20",2123,"N20","nominal","2.0NRT",287,0.32,"N"
"4715",60.40244,97.47707,314.29,0.62,0.54,"2026-09-20",2114,"N20","nominal","2.0NRT",272.55,2.41,"N"
"4716",39.17932,63.30581,300.89,0.39,0.44,"2026-09-20",2123,"N20","nominal","2.0NRT",287.76,0.52,"N"
"4717",63.2778,86.35654,304.1,0.41,0.37,"2026-09-20",2114,"N20","nominal","2.0NRT",277.89,1.73,"N"
"4718",39.1586,63.46603,300.48,0.57,0.43,"2026-09-20",2123,"N20","nominal","2.0NRT",287.1,1.21,"N"
"4719",64.76694,76.71749,295.53,0.44,0.38,"2026-09-20",2114,"N20","nominal","2.0NRT",274.61,0.72,"N"
"4720",39.17962,63.2234,305.83,0.39,0.44,"2026-09-20",2123,"N20","nominal","2.0NRT",288.16,0.8,"N"
"4721",60.39946,97.47969,314.33,0.62,0.54,"2026-09-20",2114,"N20","nominal","2.0NRT",272.22,2.48,"N"
"4722",39.17361,63.282,303.26,0.39,0.44,"2026-09-20",2123,"N20","nominal","2.0NRT",288.05,0.53,"N"
"4723",60.44593,97.15362,337.49,0.6,0.53,"2026-09-20",2114,"N20","nominal","2.0NRT",279.43,12.65,"N"
"4724",39.17315,63.28649,301.29,0.39,0.44,"2026-09-20",2123,"N20","nominal","2.0NRT",288.15,0.84,"N"
"4725",62.8592,88.08504,297.24,0.45,0.39,"2026-09-20",2114,"N20","nominal","2.0NRT",274.08,1.12,"N"
"4726",62.85746,88.09307,308.45,0.45,0.39,"2026-09-20",2114,"N20","nominal","2.0NRT",275.49,1.65,"N"
"4727",39.16835,63.25363,323.5,0.39,0.44,"2026-09-20",2123,"N20","nominal","2.0NRT",290.89,2.21,"N"
"4728",39.16789,63.25814,298.98,0.39,0.44,"2026-09-20",2123,"N20","nominal","2.0NRT",288.56,0.79,"N"
"4729",62.85573,88.10107,319.89,0.45,0.39,"2026-09-20",2114,"N20","nominal","2.0NRT",276.47,1.65,"N"
"4730",62.83482,88.19749,295.21,0.45,0.39,"2026-09-20",2114,"N20","nominal","2.0NRT",274.08,0.76,"N"
"4731",39.16341,63.26194,300.17,0.39,0.44,"2026-09-20",2123,"N20","nominal","2.0NRT",287.49,0.79,"N"
"4732",62.83307,88.20552,296.4,0.45,0.39,"2026-09-20",2114,"N20","nominal","2.0NRT",277.06,1.7,"N"
"4733",38.39655,69.11304,306.59,0.38,0.36,"2026-09-20",2123,"N20","nominal","2.0NRT",291,0.81,"N"
"4734",62.82256,88.2538,295.66,0.45,0.39,"2026-09-20",2114,"N20","nominal","2.0NRT",277.69,1.86,"N"
"4735",39.13034,63.30644,301.98,0.39,0.44,"2026-09-20",2123,"N20","nominal","2.0NRT",287.44,0.84,"N"
"4736",39.11519,63.33562,311.1,0.38,0.43,"2026-09-20",2123,"N20","nominal","2.0NRT",288.94,1.16,"N"
"4737",62.86116,88.05761,303.61,0.44,0.39,"2026-09-20",2114,"N20","nominal","2.0NRT",276.91,1.42,"N"
"4738",62.85942,88.06563,312.5,0.44,0.39,"2026-09-20",2114,"N20","nominal","2.0NRT",279.95,1.42,"N"
"4739",39.09307,63.4344,299.23,0.57,0.43,"2026-09-20",2123,"N20","nominal","2.0NRT",287.11,0.5,"N"
"4740",62.85769,88.07366,309.48,0.44,0.39,"2026-09-20",2114,"N20","nominal","2.0NRT",280.5,1.54,"N"
"4741",39.08875,63.4933,298,0.57,0.43,"2026-09-20",2123,"N20","nominal","2.0NRT",287.39,0.67,"N"
"4742",39.08619,63.47948,299.66,0.57,0.43,"2026-09-20",2123,"N20","nominal","2.0NRT",287.08,0.72,"N"
"4743",62.85596,88.08168,307.82,0.45,0.39,"2026-09-20",2114,"N20","nominal","2.0NRT",279.64,1.54,"N"
"4744",62.85422,88.0897,309.31,0.45,0.39,"2026-09-20",2114,"N20","nominal","2.0NRT",280.24,1.21,"N"
"4745",39.05791,63.44109,300.86,0.57,0.43,"2026-09-20",2123,"N20","nominal","2.0NRT",286.65,1.29,"N"
"4746",39.01794,63.70496,298.27,0.55,0.43,"2026-09-20",2123,"N20","nominal","2.0NRT",288.11,0.92,"N"
"4747",62.85249,88.09771,305.01,0.45,0.39,"2026-09-20",2114,"N20","nominal","2.0NRT",277.16,1.21,"N"
"4748",62.85075,88.10572,313.58,0.45,0.39,"2026-09-20",2114,"N20","nominal","2.0NRT",274.63,1.72,"N"
"4749",38.98621,63.588,302.78,0.56,0.43,"2026-09-20",2123,"N20","nominal","2.0NRT",288.37,0.59,"N"
"4750",62.84903,88.11371,301.56,0.45,0.39,"2026-09-20",2114,"N20","nominal","2.0NRT",276.03,1.72,"N"
"4751",38.96361,63.69513,298.22,0.55,0.43,"2026-09-20",2123,"N20","nominal","2.0NRT",287.67,0.41,"N"
"4752",62.85965,88.04627,309.06,0.44,0.39,"2026-09-20",2114,"N20","nominal","2.0NRT",276.83,1.69,"N"
"4753",38.96807,63.61758,298.23,0.56,0.43,"2026-09-20",2123,"N20","nominal","2.0NRT",287.31,0.58,"N"
"4754",62.85793,88.05427,305.07,0.44,0.39,"2026-09-20",2114,"N20","nominal","2.0NRT",279.68,1.42,"N"
"4755",38.68699,65.9531,302.93,0.44,0.39,"2026-09-20",2123,"N20","nominal","2.0NRT",289.56,1.81,"N"
"4756",62.85619,88.06228,301.6,0.44,0.39,"2026-09-20",2114,"N20","nominal","2.0NRT",280.02,1.42,"N"
"4757",38.97624,63.46703,304.96,0.57,0.43,"2026-09-20",2123,"N20","nominal","2.0NRT",289.03,1.42,"N"
"4758",62.85446,88.07029,306.53,0.44,0.39,"2026-09-20",2114,"N20","nominal","2.0NRT",280.82,1.54,"N"
"4759",38.83876,63.82101,304.29,0.54,0.42,"2026-09-20",2123,"N20","nominal","2.0NRT",286.85,0.79,"N"
"4760",62.85272,88.07831,303.48,0.45,0.39,"2026-09-20",2114,"N20","nominal","2.0NRT",279.68,1.54,"N"
"4761",38.83553,63.81405,298.93,0.54,0.42,"2026-09-20",2123,"N20","nominal","2.0NRT",287.48,0.79,"N"
"4762",62.85098,88.08633,301.09,0.45,0.39,"2026-09-20",2114,"N20","nominal","2.0NRT",279.49,1.21,"N"
"4763",38.83836,63.82001,300.44,0.54,0.42,"2026-09-20",2123,"N20","nominal","2.0NRT",287.08,0.73,"N"
"4764",62.84925,88.09435,296.49,0.45,0.39,"2026-09-20",2114,"N20","nominal","2.0NRT",278.53,1.21,"N"
"4765",38.83516,63.81307,301.31,0.54,0.42,"2026-09-20",2123,"N20","nominal","2.0NRT",288.56,1,"N"
"4766",62.85468,88.05093,302.95,0.44,0.39,"2026-09-20",2114,"N20","nominal","2.0NRT",280.05,1.19,"N"
"4767",38.55038,65.94873,306.07,0.44,0.39,"2026-09-20",2123,"N20","nominal","2.0NRT",288.83,0.37,"N"
"4768",62.85295,88.05891,303.55,0.44,0.39,"2026-09-20",2114,"N20","nominal","2.0NRT",280.79,1.19,"N"
"4769",62.85122,88.06693,299.7,0.44,0.39,"2026-09-20",2114,"N20","nominal","2.0NRT",279.84,1.15,"N"
"4770",38.78476,63.91189,297.65,0.54,0.42,"2026-09-20",2123,"N20","nominal","2.0NRT",286.72,0.43,"N"
"4771",62.84775,88.08297,295.06,0.45,0.39,"2026-09-20",2114,"N20","nominal","2.0NRT",278.99,2.13,"N"
"4772",38.45728,65.8033,307.14,0.45,0.39,"2026-09-20",2123,"N20","nominal","2.0NRT",290.39,1,"N"
"4773",62.8549,88.03158,315.17,0.44,0.39,"2026-09-20",2114,"N20","nominal","2.0NRT",277.53,2.05,"N"
"4774",38.05187,67.26417,331.92,0.4,0.37,"2026-09-20",2123,"N20","nominal","2.0NRT",293.78,13.45,"N"
"4775",62.85317,88.03959,313.37,0.44,0.39,"2026-09-20",2114,"N20","nominal","2.0NRT",278.26,2.05,"N"
"4776",38.20727,64.74009,299.83,0.49,0.4,"2026-09-20",2123,"N20","nominal","2.0NRT",288.62,0.79,"N"
"4777",62.85144,88.04757,297.28,0.44,0.39,"2026-09-20",2114,"N20","nominal","2.0NRT",275.96,1.19,"N"
"4778",38.16655,64.5883,301.34,0.49,0.41,"2026-09-20",2123,"N20","nominal","2.0NRT",287.88,0.43,"N"
"4779",62.84971,88.05556,303.24,0.44,0.39,"2026-09-20",2114,"N20","nominal","2.0NRT",278.12,1.19,"N"
"4780",62.84798,88.06359,295.37,0.44,0.39,"2026-09-20",2114,"N20","nominal","2.0NRT",277.19,1.15,"N"
"4781",38.16589,64.59393,298.83,0.49,0.41,"2026-09-20",2123,"N20","nominal","2.0NRT",288.13,0.72,"N"
"4782",62.84624,88.0716,296.13,0.45,0.39,"2026-09-20",2114,"N20","nominal","2.0NRT",277.92,1.15,"N"
"4783",38.13013,64.67303,302.5,0.49,0.4,"2026-09-20",2123,"N20","nominal","2.0NRT",289.23,0.81,"N"
"4784",62.81133,88.23218,298.28,0.45,0.39,"2026-09-20",2114,"N20","nominal","2.0NRT",275.23,1.01,"N"
"4785",62.84993,88.03622,297.3,0.44,0.39,"2026-09-20",2114,"N20","nominal","2.0NRT",273.69,1.02,"N"
"4786",37.93042,65.63898,304.21,0.45,0.39,"2026-09-20",2123,"N20","nominal","2.0NRT",289.49,0.71,"N"
"4787",62.80983,88.22077,307.45,0.45,0.39,"2026-09-20",2114,"N20","nominal","2.0NRT",276.85,1.36,"N"
"4788",37.45204,68.65359,298.66,0.38,0.36,"2026-09-20",2123,"N20","nominal","2.0NRT",287,0.24,"N"
"4789",62.81008,88.20139,296.32,0.45,0.39,"2026-09-20",2114,"N20","nominal","2.0NRT",276.24,1.24,"N"
"4790",62.80834,88.2094,300.98,0.45,0.39,"2026-09-20",2114,"N20","nominal","2.0NRT",276.95,1.24,"N"
"4791",37.90382,65.10566,301.72,0.47,0.4,"2026-09-20",2123,"N20","nominal","2.0NRT",289.49,0.82,"N"
"4792",63.1681,86.01862,326.12,0.41,0.37,"2026-09-20",2114,"N20","nominal","2.0NRT",276.84,3.55,"N"
"4793",64.75311,75.4183,296.33,0.47,0.4,"2026-09-20",2114,"N20","nominal","2.0NRT",275.8,0.93,"N"
"4794",37.88767,65.08619,300.63,0.47,0.4,"2026-09-20",2123,"N20","nominal","2.0NRT",289.39,0.8,"N"
"4795",63.16959,86.01108,314.64,0.41,0.37,"2026-09-20",2114,"N20","nominal","2.0NRT",278.96,2.49,"N"
"4796",37.82848,65.17007,300.95,0.46,0.39,"2026-09-20",2123,"N20","nominal","2.0NRT",288.86,0.81,"N"
"4797",62.87045,87.47994,300.04,0.43,0.38,"2026-09-20",2114,"N20","nominal","2.0NRT",273.11,0.73,"N"
"4798",62.86879,87.4878,295.92,0.43,0.38,"2026-09-20",2114,"N20","nominal","2.0NRT",274.71,0.73,"N"
"4799",37.81995,65.17915,300.64,0.46,0.39,"2026-09-20",2123,"N20","nominal","2.0NRT",290.21,0.42,"N"
"4800",62.86713,87.49565,298.79,0.43,0.38,"2026-09-20",2114,"N20","nominal","2.0NRT",276.2,1.79,"N"
"4801",62.86723,87.47668,331.6,0.43,0.38,"2026-09-20",2114,"N20","nominal","2.0NRT",279.31,1.59,"N"
"4802",37.79047,65.3548,302.19,0.46,0.39,"2026-09-20",2123,"N20","nominal","2.0NRT",288.91,1,"N"
"4803",63.16791,86.0005,295.13,0.41,0.37,"2026-09-20",2114,"N20","nominal","2.0NRT",275.9,0.8,"N"
"4804",37.80358,65.19202,308.31,0.46,0.39,"2026-09-20",2123,"N20","nominal","2.0NRT",290.18,0.69,"N"
"4805",63.16643,86.00805,297.74,0.41,0.37,"2026-09-20",2114,"N20","nominal","2.0NRT",275.56,0.8,"N"
"4806",63.16494,86.01559,305.17,0.41,0.37,"2026-09-20",2114,"N20","nominal","2.0NRT",275.47,1.63,"N"
"4807",37.76641,65.42921,300.5,0.45,0.39,"2026-09-20",2123,"N20","nominal","2.0NRT",289.7,0.56,"N"
"4808",62.86557,87.48454,300.52,0.43,0.38,"2026-09-20",2114,"N20","nominal","2.0NRT",276.85,1.59,"N"
"4809",37.75649,65.21489,299.83,0.46,0.39,"2026-09-20",2123,"N20","nominal","2.0NRT",288.7,0.59,"N"
"4810",62.86391,87.4924,296.41,0.43,0.38,"2026-09-20",2114,"N20","nominal","2.0NRT",272.88,0.97,"N"
"4811",37.71671,65.23909,300.25,0.46,0.39,"2026-09-20",2123,"N20","nominal","2.0NRT",287.33,0.75,"N"
"4812",62.86226,87.50025,299.79,0.43,0.38,"2026-09-20",2114,"N20","nominal","2.0NRT",273.19,0.97,"N"
"4813",37.67594,65.26153,299.39,0.46,0.39,"2026-09-20",2123,"N20","nominal","2.0NRT",288.34,0.53,"N"
"4814",62.86402,87.47343,296.22,0.43,0.38,"2026-09-20",2114,"N20","nominal","2.0NRT",272.26,1.59,"N"
"4815",37.96338,62.66481,300.56,0.4,0.44,"2026-09-20",2123,"N20","nominal","2.0NRT",290.3,0.52,"N"
"4816",62.86236,87.48129,300.82,0.43,0.38,"2026-09-20",2114,"N20","nominal","2.0NRT",273.4,1.59,"N"
"4817",37.66553,65.286,300.54,0.46,0.39,"2026-09-20",2123,"N20","nominal","2.0NRT",288.4,0.27,"N"
"4818",63.14411,85.96873,301.79,0.41,0.37,"2026-09-20",2114,"N20","nominal","2.0NRT",275.87,0.98,"N"
"4819",37.56367,65.83012,298.22,0.44,0.38,"2026-09-20",2123,"N20","nominal","2.0NRT",287.25,0.41,"N"
"4820",62.84501,87.39717,299.17,0.43,0.38,"2026-09-20",2114,"N20","nominal","2.0NRT",272.85,1.68,"N"
"4821",62.83008,87.46772,314.07,0.43,0.38,"2026-09-20",2114,"N20","nominal","2.0NRT",275.12,1.93,"N"
"4822",38.25652,58.38724,310.7,0.34,0.56,"2026-09-20",2123,"N20","nominal","2.0NRT",290.13,1.83,"N"
"4823",62.82685,87.46449,323.07,0.43,0.38,"2026-09-20",2114,"N20","nominal","2.0NRT",277.39,1.93,"N"
"4824",37.98903,61.87757,301.56,0.44,0.46,"2026-09-20",2123,"N20","nominal","2.0NRT",289.23,0.68,"N"
"4825",62.82853,87.45659,301.69,0.43,0.38,"2026-09-20",2114,"N20","nominal","2.0NRT",277.75,1.93,"N"
"4826",37.9843,61.88197,309.17,0.44,0.46,"2026-09-20",2123,"N20","nominal","2.0NRT",290.17,1.35,"N"
"4827",62.83527,87.40633,297.36,0.43,0.38,"2026-09-20",2114,"N20","nominal","2.0NRT",275.3,1.16,"N"
"4828",38.26434,57.65514,307.61,0.38,0.58,"2026-09-20",2123,"N20","nominal","2.0NRT",292,1.21,"N"
"4829",62.8303,87.42982,307.01,0.43,0.38,"2026-09-20",2114,"N20","nominal","2.0NRT",276.57,1.42,"N"
"4830",38.25297,57.66342,301.87,0.38,0.58,"2026-09-20",2123,"N20","nominal","2.0NRT",291.58,0.86,"N"
"4831",62.82864,87.43765,298.93,0.43,0.38,"2026-09-20",2114,"N20","nominal","2.0NRT",277.74,1.34,"N"
"4832",37.90657,61.98462,298.84,0.43,0.46,"2026-09-20",2123,"N20","nominal","2.0NRT",288.38,0.38,"N"
"4833",62.82697,87.4455,296.75,0.43,0.38,"2026-09-20",2114,"N20","nominal","2.0NRT",276.62,1.34,"N"
"4834",38.13308,58.42258,312.18,0.34,0.56,"2026-09-20",2123,"N20","nominal","2.0NRT",288.3,1.97,"N"
"4835",62.82531,87.45336,306.46,0.43,0.38,"2026-09-20",2114,"N20","nominal","2.0NRT",275.51,1.4,"N"
"4836",37.79692,62.5508,321.84,0.41,0.45,"2026-09-20",2123,"N20","nominal","2.0NRT",291.39,1.87,"N"
"4837",62.82363,87.46127,305.68,0.43,0.38,"2026-09-20",2114,"N20","nominal","2.0NRT",272.48,1.4,"N"
"4838",37.79833,62.55036,324.85,0.41,0.45,"2026-09-20",2123,"N20","nominal","2.0NRT",291.21,2.88,"N"
"4839",62.82542,87.43441,325.97,0.43,0.38,"2026-09-20",2114,"N20","nominal","2.0NRT",278.33,1.34,"N"
"4840",37.79108,62.53979,305.46,0.41,0.45,"2026-09-20",2123,"N20","nominal","2.0NRT",288.91,1.75,"N"
"4841",62.82708,87.42657,310.46,0.43,0.38,"2026-09-20",2114,"N20","nominal","2.0NRT",276.23,1.42,"N"
"4842",37.78746,62.5345,311.99,0.41,0.45,"2026-09-20",2123,"N20","nominal","2.0NRT",290.1,1.75,"N"
"4843",62.82375,87.44225,298.64,0.43,0.38,"2026-09-20",2114,"N20","nominal","2.0NRT",274.64,1.34,"N"
"4844",38.13203,58.42229,314.44,0.34,0.56,"2026-09-20",2123,"N20","nominal","2.0NRT",288.04,1.27,"N"
"4845",60.43115,96.51439,299.95,0.58,0.52,"2026-09-20",2114,"N20","nominal","2.0NRT",275.21,1.54,"N"
"4846",37.78431,62.52459,307.29,0.41,0.45,"2026-09-20",2123,"N20","nominal","2.0NRT",290.38,1.23,"N"
"4847",60.42994,96.5184,300.4,0.58,0.52,"2026-09-20",2114,"N20","nominal","2.0NRT",276.26,2.01,"N"
"4848",37.77835,62.02959,301.45,0.43,0.46,"2026-09-20",2123,"N20","nominal","2.0NRT",289.65,0.56,"N"
"4849",60.42864,96.50433,333.59,0.58,0.52,"2026-09-20",2114,"N20","nominal","2.0NRT",279.45,22.72,"N"
"4850",37.74337,62.12821,303.64,0.43,0.46,"2026-09-20",2123,"N20","nominal","2.0NRT",290,0.88,"N"
"4851",60.42584,96.51318,336.03,0.58,0.52,"2026-09-20",2114,"N20","nominal","2.0NRT",294.83,61.78,"N"
"4852",37.79702,61.49662,303.57,0.46,0.47,"2026-09-20",2123,"N20","nominal","2.0NRT",290.46,0.6,"N"
"4853",62.91494,86.81331,300.96,0.42,0.38,"2026-09-20",2114,"N20","nominal","2.0NRT",274.44,1.17,"N"
"4854",37.74422,62.07398,301.92,0.43,0.46,"2026-09-20",2123,"N20","nominal","2.0NRT",288.11,0.44,"N"
"4855",60.43807,96.25687,331.33,0.57,0.52,"2026-09-20",2114,"N20","nominal","2.0NRT",279.27,31.61,"N"
"4856",37.75174,61.85407,302.76,0.44,0.46,"2026-09-20",2123,"N20","nominal","2.0NRT",288.83,0.62,"N"
"4857",60.44112,96.24721,315.76,0.57,0.52,"2026-09-20",2114,"N20","nominal","2.0NRT",273.28,12.24,"N"
"4858",37.72933,62.09638,306.78,0.43,0.46,"2026-09-20",2123,"N20","nominal","2.0NRT",290.11,1.23,"N"
"4859",60.43391,96.25198,343.65,0.57,0.52,"2026-09-20",2114,"N20","nominal","2.0NRT",281.86,31.61,"N"
"4860",60.43686,96.24264,309.52,0.57,0.52,"2026-09-20",2114,"N20","nominal","2.0NRT",271.76,12.24,"N"
"4861",37.79612,61.49452,304.7,0.46,0.47,"2026-09-20",2123,"N20","nominal","2.0NRT",290.46,1.11,"N"
"4862",62.46766,86.4523,298.88,0.42,0.38,"2026-09-20",2114,"N20","nominal","2.0NRT",273.33,1.71,"N"
"4863",62.46446,86.4492,302.91,0.42,0.38,"2026-09-20",2114,"N20","nominal","2.0NRT",271.93,1.15,"N"
"4864",37.75299,61.85206,302.37,0.44,0.46,"2026-09-20",2123,"N20","nominal","2.0NRT",288.63,0.51,"N"
"4865",62.45016,86.46272,295.25,0.42,0.38,"2026-09-20",2114,"N20","nominal","2.0NRT",278.57,1.75,"N"
"4866",37.72914,62.09399,314.96,0.43,0.46,"2026-09-20",2123,"N20","nominal","2.0NRT",291.25,1.99,"N"
"4867",62.44696,86.45965,301.18,0.42,0.38,"2026-09-20",2114,"N20","nominal","2.0NRT",277.16,1.24,"N"
"4868",62.44538,86.46727,300.87,0.43,0.38,"2026-09-20",2114,"N20","nominal","2.0NRT",276.01,1.1,"N"
"4869",37.67252,62.23672,309.59,0.42,0.45,"2026-09-20",2123,"N20","nominal","2.0NRT",289.72,1.23,"N"
"4870",61.86078,88.35845,301.13,0.47,0.4,"2026-09-20",2114,"N20","nominal","2.0NRT",268,0.68,"N"
"4871",37.66373,62.24017,300.24,0.42,0.45,"2026-09-20",2123,"N20","nominal","2.0NRT",288.48,0.67,"N"
"4872",61.85894,88.36657,297.5,0.47,0.4,"2026-09-20",2114,"N20","nominal","2.0NRT",269.46,1.21,"N"
"4873",61.85746,88.35503,296.5,0.47,0.4,"2026-09-20",2114,"N20","nominal","2.0NRT",270.7,1.07,"N"
"4874",37.65956,62.23951,304.02,0.42,0.45,"2026-09-20",2123,"N20","nominal","2.0NRT",288.84,0.67,"N"
"4875",61.85563,88.36314,296.47,0.47,0.4,"2026-09-20",2114,"N20","nominal","2.0NRT",270.55,1.29,"N"
"4876",37.6591,62.24428,303.54,0.42,0.45,"2026-09-20",2123,"N20","nominal","2.0NRT",288.84,0.67,"N"
"4877",61.85597,88.34354,295.71,0.47,0.4,"2026-09-20",2114,"N20","nominal","2.0NRT",269.66,1.07,"N"
"4878",37.94453,58.55949,301.47,0.33,0.56,"2026-09-20",2123,"N20","nominal","2.0NRT",289.35,1.03,"N"
"4879",61.85413,88.35167,296.72,0.47,0.4,"2026-09-20",2114,"N20","nominal","2.0NRT",271.31,1.07,"N"
"4880",37.63781,62.20208,309.94,0.42,0.45,"2026-09-20",2123,"N20","nominal","2.0NRT",289.36,0.88,"N"
"4881",61.85231,88.35975,309.43,0.47,0.4,"2026-09-20",2114,"N20","nominal","2.0NRT",273.5,1.29,"N"
"4882",37.65757,61.90321,299.5,0.44,0.46,"2026-09-20",2123,"N20","nominal","2.0NRT",289.27,0.71,"N"
"4883",61.85046,88.3679,295.19,0.47,0.4,"2026-09-20",2114,"N20","nominal","2.0NRT",271.8,1.29,"N"
"4884",61.84862,88.37605,302.32,0.47,0.4,"2026-09-20",2114,"N20","nominal","2.0NRT",269.55,1.2,"N"
"4885",37.65712,61.90818,301.09,0.44,0.46,"2026-09-20",2123,"N20","nominal","2.0NRT",290.82,0.71,"N"
"4886",61.85264,88.34016,324.24,0.47,0.4,"2026-09-20",2114,"N20","nominal","2.0NRT",270.81,2.08,"N"
"4887",37.62809,62.21513,308.17,0.42,0.45,"2026-09-20",2123,"N20","nominal","2.0NRT",290.06,0.94,"N"
"4888",61.85081,88.3483,302.32,0.47,0.4,"2026-09-20",2114,"N20","nominal","2.0NRT",271.31,2.08,"N"
"4889",37.6285,62.16655,305.42,0.42,0.45,"2026-09-20",2123,"N20","nominal","2.0NRT",289.17,1.67,"N"
"4890",61.84897,88.35642,301.79,0.47,0.4,"2026-09-20",2114,"N20","nominal","2.0NRT",270.81,1.77,"N"
"4891",37.62288,62.13632,301.33,0.42,0.45,"2026-09-20",2123,"N20","nominal","2.0NRT",290.62,1.11,"N"
"4892",61.76868,88.36854,295,0.48,0.4,"2026-09-20",2114,"N20","nominal","2.0NRT",271.5,2.51,"N"
"4893",37.61869,62.13565,306.35,0.42,0.45,"2026-09-20",2123,"N20","nominal","2.0NRT",291.34,1.11,"N"
"4894",61.75679,88.36677,312.15,0.48,0.4,"2026-09-20",2114,"N20","nominal","2.0NRT",273.91,2.2,"N"
"4895",37.62757,62.12564,307.34,0.42,0.45,"2026-09-20",2123,"N20","nominal","2.0NRT",290.43,0.99,"N"
"4896",61.75343,88.36347,298.21,0.48,0.4,"2026-09-20",2114,"N20","nominal","2.0NRT",268.84,0.82,"N"
"4897",37.62194,62.13946,309.31,0.42,0.45,"2026-09-20",2123,"N20","nominal","2.0NRT",291.33,0.93,"N"
"4898",59.95418,90.71637,313.47,0.41,0.45,"2026-09-20",2114,"N20","nominal","2.0NRT",278.47,1.89,"N"
"4899",37.63249,61.72491,302.49,0.44,0.46,"2026-09-20",2123,"N20","nominal","2.0NRT",290.39,0.81,"N"
"4900",61.9494,68.4702,332.48,0.43,0.46,"2026-09-20",2114,"N20","nominal","2.0NRT",285.23,7.49,"N"
"4901",61.94998,68.46185,313.34,0.43,0.46,"2026-09-20",2114,"N20","nominal","2.0NRT",279.67,7.49,"N"
"4902",37.61633,61.57195,304.98,0.45,0.47,"2026-09-20",2123,"N20","nominal","2.0NRT",291.73,1.63,"N"
"4903",61.73056,68.23747,301.78,0.44,0.46,"2026-09-20",2114,"N20","nominal","2.0NRT",281.32,0.8,"N"
"4904",37.61153,61.57646,305.03,0.45,0.47,"2026-09-20",2123,"N20","nominal","2.0NRT",291.75,1.19,"N"
"4905",61.73326,66.44687,305.39,0.5,0.49,"2026-09-20",2114,"N20","nominal","2.0NRT",281.21,1.2,"N"
"4906",37.60916,61.60224,308.85,0.45,0.47,"2026-09-20",2123,"N20","nominal","2.0NRT",291.36,1.37,"N"
"4907",60.96182,70.86092,302.37,0.54,0.42,"2026-09-20",2114,"N20","nominal","2.0NRT",274.11,0.72,"N"
"4908",37.60868,61.60738,310.57,0.45,0.47,"2026-09-20",2123,"N20","nominal","2.0NRT",291.75,1.37,"N"
"4909",60.81575,65.42503,298.17,0.53,0.5,"2026-09-20",2116,"N20","nominal","2.0NRT",279.29,0.88,"N"
"4910",37.6,61.55901,301.56,0.45,0.47,"2026-09-20",2123,"N20","nominal","2.0NRT",291.43,0.67,"N"
"4911",60.5915,65.30738,301.32,0.53,0.5,"2026-09-20",2116,"N20","nominal","2.0NRT",280.94,1.89,"N"
"4912",37.59418,61.5266,313.61,0.46,0.47,"2026-09-20",2123,"N20","nominal","2.0NRT",293.18,1.95,"N"
"4913",60.08355,64.68342,296.96,0.55,0.51,"2026-09-20",2116,"N20","nominal","2.0NRT",279.96,0.92,"N"
"4914",59.9917,63.88396,304.02,0.59,0.53,"2026-09-20",2116,"N20","nominal","2.0NRT",280.41,1.22,"N"
"4915",37.8296,58.38136,306.6,0.34,0.56,"2026-09-20",2123,"N20","nominal","2.0NRT",289.33,0.56,"N"
"4916",59.9895,63.8887,304.88,0.59,0.53,"2026-09-20",2116,"N20","nominal","2.0NRT",280.93,1.27,"N"
"4917",37.58272,61.55639,306.25,0.45,0.47,"2026-09-20",2123,"N20","nominal","2.0NRT",291.29,2.53,"N"
"4918",59.82147,60.25301,297.61,0.39,0.6,"2026-09-20",2116,"N20","nominal","2.0NRT",280.56,0.46,"N"
"4919",37.82817,58.38186,305.49,0.34,0.56,"2026-09-20",2123,"N20","nominal","2.0NRT",289.16,0.56,"N"
"4920",58.15614,78.90157,304.55,0.39,0.36,"2026-09-20",2116,"N20","nominal","2.0NRT",275.88,0.65,"N"
"4921",37.50105,61.8451,302.96,0.44,0.46,"2026-09-20",2123,"N20","nominal","2.0NRT",290.65,0.7,"N"
"4922",59.05313,71.86102,307.13,0.48,0.4,"2026-09-20",2116,"N20","nominal","2.0NRT",280.11,1.51,"N"
"4923",37.49681,61.84444,308.3,0.44,0.46,"2026-09-20",2123,"N20","nominal","2.0NRT",291.15,1.58,"N"
"4924",58.27037,68.45171,304.9,0.39,0.44,"2026-09-20",2116,"N20","nominal","2.0NRT",280.19,1.36,"N"
"4925",37.48114,62.00677,301.12,0.43,0.46,"2026-09-20",2123,"N20","nominal","2.0NRT",290.6,0.38,"N"
"4926",58.25959,68.48297,302.64,0.39,0.44,"2026-09-20",2116,"N20","nominal","2.0NRT",279.46,0.7,"N"
"4927",37.72066,59.04415,297.9,0.62,0.54,"2026-09-20",2123,"N20","nominal","2.0NRT",286.25,1.96,"N"
"4928",58.39618,58.32075,307.23,0.46,0.63,"2026-09-20",2116,"N20","nominal","2.0NRT",278.11,2.52,"N"
"4929",37.42617,62.30859,315.38,0.41,0.45,"2026-09-20",2123,"N20","nominal","2.0NRT",288.83,1.04,"N"
"4930",58.39618,58.32866,298.37,0.46,0.63,"2026-09-20",2116,"N20","nominal","2.0NRT",279.55,2.36,"N"
"4931",37.50489,61.02424,302.16,0.48,0.48,"2026-09-20",2123,"N20","nominal","2.0NRT",291.4,0.92,"N"
"4932",58.35369,60.06995,305.74,0.39,0.6,"2026-09-20",2116,"N20","nominal","2.0NRT",278.42,1.01,"N"
"4933",37.512,61.01319,303.44,0.48,0.48,"2026-09-20",2123,"N20","nominal","2.0NRT",291.54,0.84,"N"
"4934",57.94806,60.04964,334.87,0.39,0.6,"2026-09-20",2116,"N20","nominal","2.0NRT",278.96,3.83,"N"
"4935",37.50655,61.02356,301.73,0.48,0.48,"2026-09-20",2123,"N20","nominal","2.0NRT",291.27,1.04,"N"
"4936",57.94795,60.0564,321.12,0.39,0.6,"2026-09-20",2116,"N20","nominal","2.0NRT",280.24,3.31,"N"
"4937",37.35042,61.3646,300.33,0.46,0.47,"2026-09-20",2123,"N20","nominal","2.0NRT",290.06,0.41,"N"
"4938",57.94241,60.05598,321.57,0.39,0.6,"2026-09-20",2116,"N20","nominal","2.0NRT",279.36,3.13,"N"
"4939",37.22023,62.39481,300.86,0.41,0.45,"2026-09-20",2123,"N20","nominal","2.0NRT",288.04,0.49,"N"
"4940",57.94252,60.04921,304.18,0.39,0.6,"2026-09-20",2116,"N20","nominal","2.0NRT",278.15,2.53,"N"
"4941",37.3313,61.08646,303.62,0.48,0.48,"2026-09-20",2123,"N20","nominal","2.0NRT",288.32,0.59,"N"
"4942",57.93175,60.02771,295.87,0.39,0.6,"2026-09-20",2116,"N20","nominal","2.0NRT",279.79,0.68,"N"
"4943",37.32592,61.09666,308,0.48,0.48,"2026-09-20",2123,"N20","nominal","2.0NRT",288.83,1.58,"N"
"4944",57.92621,60.02745,300.08,0.39,0.6,"2026-09-20",2116,"N20","nominal","2.0NRT",279.99,0.68,"N"
"4945",35.43604,73.60377,316.63,0.53,0.42,"2026-09-20",2123,"N20","nominal","2.0NRT",284.93,2.98,"N"
"4946",57.92076,60.02024,314.26,0.39,0.6,"2026-09-20",2116,"N20","nominal","2.0NRT",281.3,1.6,"N"
"4947",36.70228,65.9607,302.7,0.43,0.38,"2026-09-20",2123,"N20","nominal","2.0NRT",292.22,0.68,"N"
"4948",57.91532,60.01296,295.27,0.39,0.6,"2026-09-20",2116,"N20","nominal","2.0NRT",279.74,1.6,"N"
"4949",37.1211,62.35841,302.4,0.41,0.45,"2026-09-20",2123,"N20","nominal","2.0NRT",289.08,3.02,"N"
"4950",53.64844,87.93434,297.12,0.53,0.5,"2026-09-20",2116,"N20","nominal","2.0NRT",285.81,1.91,"N"
"4951",37.12063,62.36301,318.94,0.41,0.45,"2026-09-20",2123,"N20","nominal","2.0NRT",291.66,3.02,"N"
"4952",56.8722,62.06355,307.75,0.33,0.55,"2026-09-20",2116,"N20","nominal","2.0NRT",281.51,0.81,"N"
"4953",37.11652,62.36237,304.31,0.41,0.45,"2026-09-20",2123,"N20","nominal","2.0NRT",290.23,1.77,"N"
"4954",56.86747,62.05207,330.57,0.33,0.55,"2026-09-20",2116,"N20","nominal","2.0NRT",288.24,1.94,"N"
"4955",37.45512,57.68349,315.2,0.37,0.58,"2026-09-20",2123,"N20","nominal","2.0NRT",290.39,1.77,"N"
"4956",56.86767,62.0466,297.45,0.33,0.55,"2026-09-20",2116,"N20","nominal","2.0NRT",278.67,1.94,"N"
"4957",37.4521,57.6841,306.04,0.37,0.58,"2026-09-20",2123,"N20","nominal","2.0NRT",289.39,0.8,"N"
"4958",56.47855,60.90581,315.11,0.36,0.57,"2026-09-20",2116,"N20","nominal","2.0NRT",280.49,1.39,"N"
"4959",37.03299,62.41613,326.32,0.4,0.44,"2026-09-20",2123,"N20","nominal","2.0NRT",293.42,3.89,"N"
"4960",55.0887,73.28271,303.41,0.41,0.37,"2026-09-20",2116,"N20","nominal","2.0NRT",278.61,0.65,"N"
"4961",35.97099,68.68607,301.9,0.38,0.36,"2026-09-20",2123,"N20","nominal","2.0NRT",291.49,0.74,"N"
"4962",54.94129,73.48511,303.39,0.4,0.37,"2026-09-20",2116,"N20","nominal","2.0NRT",282.87,0.95,"N"
"4963",55.46717,60.20023,322.94,0.38,0.59,"2026-09-20",2116,"N20","nominal","2.0NRT",281.24,2.71,"N"
"4964",36.9942,56.22948,300.67,0.44,0.62,"2026-09-20",2123,"N20","nominal","2.0NRT",287.68,0.37,"N"
"4965",55.46732,60.19438,297.83,0.38,0.59,"2026-09-20",2116,"N20","nominal","2.0NRT",278.37,2.21,"N"
"4966",55.28877,61.45212,303.1,0.34,0.56,"2026-09-20",2116,"N20","nominal","2.0NRT",281.05,0.79,"N"
"4967",36.47958,61.62242,306.4,0.44,0.46,"2026-09-20",2123,"N20","nominal","2.0NRT",290.1,1.78,"N"
"4968",55.28342,61.45681,308.91,0.34,0.56,"2026-09-20",2116,"N20","nominal","2.0NRT",281.42,1.39,"N"
"4969",36.38003,61.89616,301.66,0.42,0.45,"2026-09-20",2123,"N20","nominal","2.0NRT",288.19,0.49,"N"
"4970",55.28325,61.46207,312.06,0.34,0.56,"2026-09-20",2116,"N20","nominal","2.0NRT",282.69,1.39,"N"
"4971",36.43959,61.21886,302.42,0.46,0.47,"2026-09-20",2123,"N20","nominal","2.0NRT",291.34,0.72,"N"
"4972",55.26846,61.43899,302.4,0.34,0.56,"2026-09-20",2116,"N20","nominal","2.0NRT",282.15,0.92,"N"
"4973",35.90932,62.96368,302,0.55,0.43,"2026-09-20",2123,"N20","nominal","2.0NRT",287.92,0.83,"N"
"4974",55.26329,61.43841,300.61,0.34,0.56,"2026-09-20",2116,"N20","nominal","2.0NRT",281.91,1.11,"N"
"4975",36.16033,57.58877,302.02,0.36,0.58,"2026-09-20",2123,"N20","nominal","2.0NRT",290.42,0.62,"N"
"4976",55.2583,61.43241,310.98,0.34,0.56,"2026-09-20",2116,"N20","nominal","2.0NRT",281.68,1.11,"N"
"4977",34.23056,71.64503,311.8,0.45,0.39,"2026-09-20",2123,"N20","nominal","2.0NRT",293.67,1.36,"N"
"4978",55.08134,59.00071,296.46,0.42,0.61,"2026-09-20",2116,"N20","nominal","2.0NRT",278.68,0.93,"N"
"4979",35.89447,57.0621,306.48,0.39,0.59,"2026-09-20",2123,"N20","nominal","2.0NRT",294.91,0.95,"N"
"4980",55.07433,58.98343,313.57,0.42,0.61,"2026-09-20",2116,"N20","nominal","2.0NRT",280.52,1.32,"N"
"4981",33.80251,72.09717,305.96,0.48,0.4,"2026-09-20",2123,"N20","nominal","2.0NRT",295.08,1.1,"N"
"4982",55.05667,59.02091,295.64,0.42,0.61,"2026-09-20",2116,"N20","nominal","2.0NRT",278.45,0.6,"N"
"4983",53.47063,58.9745,298.45,0.41,0.61,"2026-09-20",2118,"N20","nominal","2.0NRT",276.61,1.53,"N"
"4984",35.35532,60.21547,299.01,0.51,0.49,"2026-09-20",2123,"N20","nominal","2.0NRT",287.69,0.7,"N"
"4985",53.47052,58.98051,311.81,0.41,0.61,"2026-09-20",2118,"N20","nominal","2.0NRT",280.94,1.53,"N"
"4986",33.54577,71.55003,308.46,0.46,0.39,"2026-09-20",2123,"N20","nominal","2.0NRT",294.1,1.27,"N"
"4987",53.45842,59.02419,324.57,0.41,0.61,"2026-09-20",2118,"N20","nominal","2.0NRT",279.98,8.31,"N"
"4988",33.24231,71.52038,303.86,0.46,0.39,"2026-09-20",2123,"N20","nominal","2.0NRT",293.33,0.46,"N"
"4989",53.4583,59.03054,367,0.41,0.61,"2026-09-20",2118,"N20","high","2.0NRT",287.36,8.31,"N"
"4990",33.29792,71.18826,310.48,0.45,0.39,"2026-09-20",2123,"N20","nominal","2.0NRT",294.08,1.64,"N"
"4991",53.45267,59.02996,343.62,0.41,0.61,"2026-09-20",2118,"N20","nominal","2.0NRT",282.5,3.85,"N"
"4992",33.29866,71.18613,316.61,0.45,0.39,"2026-09-20",2123,"N20","nominal","2.0NRT",293.79,1.88,"N"
"4993",53.45279,59.02362,313.93,0.41,0.61,"2026-09-20",2118,"N20","nominal","2.0NRT",280.04,3.85,"N"
"4994",32.89026,71.6165,312.52,0.47,0.4,"2026-09-20",2123,"N20","nominal","2.0NRT",296.26,2.72,"N"
"4995",53.43565,59.03513,313.26,0.41,0.61,"2026-09-20",2118,"N20","nominal","2.0NRT",280.11,0.84,"N"
"4996",32.88885,71.61877,313.77,0.47,0.4,"2026-09-20",2123,"N20","nominal","2.0NRT",296.52,2.71,"N"
"4997",53.43554,59.04139,295.44,0.41,0.61,"2026-09-20",2118,"N20","nominal","2.0NRT",281.25,0.84,"N"
"4998",31.26117,76.92439,300.39,0.32,0.55,"2026-09-20",2123,"N20","nominal","2.0NRT",288.29,0.56,"N"
"4999",53.42957,59.06008,295.93,0.41,0.61,"2026-09-20",2118,"N20","nominal","2.0NRT",283.01,1.01,"N"
"5000",53.43297,59.03593,314.05,0.41,0.61,"2026-09-20",2118,"N20","nominal","2.0NRT",281.03,1.58,"N"
"5001",32.29096,70.73861,309.17,0.44,0.39,"2026-09-20",2123,"N20","nominal","2.0NRT",296.93,2.82,"N"
"5002",53.40889,55.84284,306.17,0.56,0.69,"2026-09-20",2118,"N20","nominal","2.0NRT",278.69,1.5,"N"
"5003",33.75447,59.1444,306.21,0.56,0.52,"2026-09-20",2123,"N20","nominal","2.0NRT",285.58,1.08,"N"
"5004",51.46143,75.6692,296.1,0.39,0.36,"2026-09-20",2118,"N20","nominal","2.0NRT",280.63,0.65,"N"
"5005",31.7701,70.10849,308.63,0.43,0.38,"2026-09-20",2123,"N20","nominal","2.0NRT",294.55,1.37,"N"
"5006",49.99257,82.604,295.17,0.42,0.45,"2026-09-20",2118,"N20","nominal","2.0NRT",280.51,0.53,"N"
"5007",33.04482,56.84541,307.87,0.37,0.58,"2026-09-20",2123,"N20","nominal","2.0NRT",294.89,1.3,"N"
"5008",52.91745,55.71877,297.05,0.56,0.69,"2026-09-20",2118,"N20","nominal","2.0NRT",278.64,0.81,"N"
"5009",32.78161,51.50093,304.99,0.77,0.77,"2026-09-20",2125,"N20","nominal","2.0NRT",292.78,3.56,"N"
"5010",52.9165,55.71976,301.5,0.56,0.69,"2026-09-20",2118,"N20","nominal","2.0NRT",278.89,0.92,"N"
"5011",30.44595,70.56657,307.96,0.46,0.39,"2026-09-20",2125,"N20","nominal","2.0NRT",295.91,1.86,"N"
"5012",49.6433,83.5755,314.28,0.47,0.48,"2026-09-20",2118,"N20","nominal","2.0NRT",285.15,1.92,"N"
"5013",50.40026,80.17991,319.6,0.5,0.41,"2026-09-20",2118,"N20","nominal","2.0NRT",283.38,2.07,"N"
"5014",30.44704,70.56906,307.34,0.46,0.39,"2026-09-20",2125,"N20","nominal","2.0NRT",295.68,1.58,"N"
"5015",51.26017,75.71353,298.53,0.39,0.36,"2026-09-20",2118,"N20","nominal","2.0NRT",283.59,1.16,"N"
"5016",32.40895,51.32554,298.56,0.78,0.78,"2026-09-20",2125,"N20","nominal","2.0NRT",288.03,2.71,"N"
"5017",51.25924,75.71898,311.46,0.39,0.36,"2026-09-20",2118,"N20","nominal","2.0NRT",285.28,1.16,"N"
"5018",32.4082,51.51123,298.67,0.76,0.77,"2026-09-20",2125,"N20","nominal","2.0NRT",287.95,1.87,"N"
"5019",51.2583,75.72442,298.48,0.39,0.36,"2026-09-20",2118,"N20","nominal","2.0NRT",282.99,0.7,"N"
"5020",28.85372,77.14367,303.35,0.38,0.58,"2026-09-20",2125,"N20","nominal","2.0NRT",292.24,0.52,"N"
"5021",51.25932,75.6371,322.92,0.39,0.36,"2026-09-20",2118,"N20","nominal","2.0NRT",285.53,2.32,"N"
"5022",32.25745,51.52106,300.21,0.76,0.77,"2026-09-20",2125,"N20","nominal","2.0NRT",285.22,1.64,"N"
"5023",51.25839,75.64254,301.97,0.39,0.36,"2026-09-20",2118,"N20","nominal","2.0NRT",285.09,1.3,"N"
"5024",32.24273,51.42677,367,0.77,0.77,"2026-09-20",2125,"N20","high","2.0NRT",292.2,23.5,"N"
"5025",51.25608,75.6357,305.02,0.39,0.36,"2026-09-20",2118,"N20","nominal","2.0NRT",284.45,1.21,"N"
"5026",32.24297,51.41859,315.55,0.77,0.77,"2026-09-20",2125,"N20","nominal","2.0NRT",292.07,17.64,"N"
"5027",52.55849,52.37316,298.56,0.78,0.78,"2026-09-20",2118,"N20","nominal","2.0NRT",279.68,1.12,"N"
"5028",52.55767,52.37466,296.55,0.78,0.78,"2026-09-20",2118,"N20","nominal","2.0NRT",279.44,0.73,"N"
"5029",32.22211,51.39393,313.61,0.77,0.78,"2026-09-20",2125,"N20","nominal","2.0NRT",286.76,3.05,"N"
"5030",51.73495,68.08768,306.08,0.51,0.41,"2026-09-20",2118,"N20","nominal","2.0NRT",280.94,1.04,"N"
"5031",32.21958,51.39683,300.59,0.77,0.78,"2026-09-20",2125,"N20","nominal","2.0NRT",286.7,1.51,"N"
"5032",52.23112,54.11655,304.22,0.66,0.73,"2026-09-20",2118,"N20","nominal","2.0NRT",281.46,1.69,"N"
"5033",32.1741,51.87667,299.73,0.72,0.76,"2026-09-20",2125,"N20","nominal","2.0NRT",289.06,1.47,"N"
"5034",50.03199,78.7416,303.44,0.46,0.39,"2026-09-20",2118,"N20","nominal","2.0NRT",282.28,1,"N"
"5035",32.16075,51.20007,295.54,0.79,0.78,"2026-09-20",2125,"N20","nominal","2.0NRT",283.15,0.92,"N"
"5036",50.02157,78.73657,296.88,0.46,0.39,"2026-09-20",2118,"N20","nominal","2.0NRT",283.79,0.98,"N"
"5037",31.85252,54.28518,309.37,0.52,0.67,"2026-09-20",2125,"N20","nominal","2.0NRT",293.32,1.87,"N"
"5038",50.0203,78.74274,304.66,0.46,0.39,"2026-09-20",2118,"N20","nominal","2.0NRT",284.45,1.48,"N"
"5039",50.01683,78.74103,303.96,0.46,0.39,"2026-09-20",2118,"N20","nominal","2.0NRT",285.85,2.12,"N"
"5040",31.8533,54.28505,311.24,0.52,0.67,"2026-09-20",2125,"N20","nominal","2.0NRT",293.67,1.56,"N"
"5041",50.00644,78.73584,305.99,0.46,0.39,"2026-09-20",2118,"N20","nominal","2.0NRT",284.35,1.46,"N"
"5042",31.70672,55.4441,304.74,0.44,0.62,"2026-09-20",2125,"N20","nominal","2.0NRT",294.12,1.6,"N"
"5043",51.87907,54.75012,296.06,0.62,0.71,"2026-09-20",2118,"N20","nominal","2.0NRT",281.1,4.25,"N"
"5044",28.37494,77.22557,306.21,0.39,0.59,"2026-09-20",2125,"N20","nominal","2.0NRT",291.98,0.39,"N"
"5045",51.87215,54.73153,337.58,0.62,0.71,"2026-09-20",2118,"N20","nominal","2.0NRT",279.13,12.06,"N"
"5046",28.37262,77.22483,308.09,0.39,0.59,"2026-09-20",2125,"N20","nominal","2.0NRT",291.7,0.67,"N"
"5047",51.87228,54.74064,354.96,0.62,0.71,"2026-09-20",2118,"N20","nominal","2.0NRT",285.64,12.06,"N"
"5048",28.34867,77.22992,308.09,0.39,0.59,"2026-09-20",2125,"N20","nominal","2.0NRT",292,0.6,"N"
"5049",51.87244,54.75018,320.97,0.62,0.71,"2026-09-20",2118,"N20","nominal","2.0NRT",283.74,4.25,"N"
"5050",31.62508,54.74012,301.23,0.49,0.65,"2026-09-20",2125,"N20","nominal","2.0NRT",291.03,0.51,"N"
"5051",51.8102,52.53705,301.3,0.77,0.77,"2026-09-20",2118,"N20","nominal","2.0NRT",280.01,1.55,"N"
"5052",29.43201,69.88608,307.78,0.45,0.39,"2026-09-20",2125,"N20","nominal","2.0NRT",294.54,2.01,"N"
"5053",51.8106,52.54848,296.92,0.76,0.77,"2026-09-20",2118,"N20","nominal","2.0NRT",279.88,1.55,"N"
"5054",51.84727,53.80753,302.81,0.68,0.74,"2026-09-20",2118,"N20","nominal","2.0NRT",280.72,1.39,"N"
"5055",30.75402,56.65539,308.21,0.37,0.58,"2026-09-20",2125,"N20","nominal","2.0NRT",290.85,1.01,"N"
"5056",51.90591,54.50278,295.07,0.63,0.72,"2026-09-20",2118,"N20","nominal","2.0NRT",280.58,1,"N"
"5057",30.75555,56.65599,316.97,0.37,0.58,"2026-09-20",2125,"N20","nominal","2.0NRT",292.23,1.77,"N"
"5058",51.87075,52.97369,303.21,0.73,0.76,"2026-09-20",2118,"N20","nominal","2.0NRT",279.13,0.91,"N"
"5059",51.87519,54.7332,367,0.62,0.71,"2026-09-20",2118,"N20","high","2.0NRT",280.34,15.11,"N"
"5060",30.66703,56.61907,305.85,0.37,0.58,"2026-09-20",2125,"N20","nominal","2.0NRT",288.23,0.92,"N"
"5061",51.8753,54.74249,352.86,0.62,0.71,"2026-09-20",2118,"N20","nominal","2.0NRT",285.99,9.62,"N"
"5062",30.73507,55.384,300.44,0.44,0.62,"2026-09-20",2125,"N20","nominal","2.0NRT",288.28,0.81,"N"
"5063",51.8754,54.75194,318.29,0.62,0.71,"2026-09-20",2118,"N20","nominal","2.0NRT",283.01,9.62,"N"
"5064",51.81579,52.54024,321.51,0.76,0.77,"2026-09-20",2118,"N20","nominal","2.0NRT",279.65,2.56,"N"
"5065",51.8473,53.7998,296.35,0.68,0.74,"2026-09-20",2118,"N20","nominal","2.0NRT",279.42,1.47,"N"
"5066",51.61991,52.77107,301.66,0.75,0.77,"2026-09-20",2118,"N20","nominal","2.0NRT",280.63,1.33,"N"
"5067",69.16669,111.02405,295.56,0.49,0.49,"2026-09-20",2110,"N20","nominal","2.0NRT",266.89,0.94,"N"
"5068",65.41328,110.67115,303.44,0.38,0.59,"2026-09-20",2112,"N20","nominal","2.0NRT",269.38,1.94,"N"
"5069",65.38428,110.66561,296.84,0.38,0.59,"2026-09-20",2112,"N20","nominal","2.0NRT",270.94,1.69,"N"
"5070",65.36827,110.68434,297.48,0.38,0.59,"2026-09-20",2112,"N20","nominal","2.0NRT",271.18,1.29,"N"
"5071",65.38506,110.67292,298,0.38,0.59,"2026-09-20",2112,"N20","nominal","2.0NRT",271.18,0.96,"N"
"5072",65.38164,110.6627,302.01,0.38,0.59,"2026-09-20",2112,"N20","nominal","2.0NRT",271.78,0.96,"N"
"5073",27.68222,52.24881,353.98,0.43,0.62,"2026-09-20",2305,"N20","nominal","2.0NRT",301.37,5.68,"N"
"5074",49.5471,40.18585,337.72,0.4,0.44,"2026-09-20",2259,"N20","nominal","2.0NRT",282.61,4.58,"N"
"5075",48.79155,44.8231,302.8,0.41,0.37,"2026-09-20",2259,"N20","nominal","2.0NRT",283.03,0.6,"N"
"5076",49.54735,35.46576,295.84,0.32,0.55,"2026-09-20",2259,"N20","nominal","2.0NRT",282.91,0.24,"N"
"5077",48.50519,44.6284,306.01,0.42,0.37,"2026-09-20",2259,"N20","nominal","2.0NRT",286.65,1.58,"N"
"5078",48.4857,44.66911,298.16,0.42,0.37,"2026-09-20",2259,"N20","nominal","2.0NRT",285.97,0.81,"N"
"5079",48.47428,44.64828,296.73,0.42,0.37,"2026-09-20",2259,"N20","nominal","2.0NRT",285.97,0.76,"N"
"5080",48.45882,42.293,299.61,0.49,0.4,"2026-09-20",2259,"N20","nominal","2.0NRT",281.21,0.66,"N"
"5081",48.85974,37.77427,310.46,0.5,0.49,"2026-09-20",2259,"N20","nominal","2.0NRT",285.95,1.46,"N"
"5082",48.85521,37.77364,313.08,0.5,0.49,"2026-09-20",2259,"N20","nominal","2.0NRT",286.41,1.46,"N"
"5083",48.76352,37.56125,296.86,0.51,0.49,"2026-09-20",2259,"N20","nominal","2.0NRT",284.37,0.76,"N"
"5084",48.71878,37.5399,299.41,0.51,0.49,"2026-09-20",2259,"N20","nominal","2.0NRT",282.68,0.74,"N"
"5085",48.71896,37.54091,298.93,0.51,0.49,"2026-09-20",2259,"N20","nominal","2.0NRT",283.02,0.85,"N"
"5086",48.1923,42.37902,298.75,0.48,0.4,"2026-09-20",2259,"N20","nominal","2.0NRT",283.3,0.83,"N"
"5087",48.46388,38.75346,296.37,0.45,0.47,"2026-09-20",2259,"N20","nominal","2.0NRT",284.48,1.3,"N"
"5088",48.4663,38.61009,312.2,0.46,0.47,"2026-09-20",2259,"N20","nominal","2.0NRT",283.73,2.03,"N"
"5089",48.46584,38.61622,311.78,0.45,0.47,"2026-09-20",2259,"N20","nominal","2.0NRT",284.95,2.08,"N"
"5090",46.13599,53.37767,295.54,0.55,0.42,"2026-09-20",2259,"N20","nominal","2.0NRT",281.08,0.7,"N"
"5091",46.13523,53.37693,297.98,0.55,0.42,"2026-09-20",2259,"N20","nominal","2.0NRT",280.87,1.67,"N"
"5092",48.47124,34.62751,301.17,0.35,0.56,"2026-09-20",2259,"N20","nominal","2.0NRT",285.09,0.96,"N"
"5093",48.15012,38.2212,297.84,0.47,0.48,"2026-09-20",2259,"N20","nominal","2.0NRT",283.55,1.34,"N"
"5094",45.8952,53.29795,302.33,0.55,0.43,"2026-09-20",2259,"N20","nominal","2.0NRT",275.13,1.69,"N"
"5095",48.21339,36.20112,296.57,0.58,0.52,"2026-09-20",2259,"N20","nominal","2.0NRT",285.4,0.85,"N"
"5096",48.17327,35.85333,311.71,0.6,0.53,"2026-09-20",2259,"N20","nominal","2.0NRT",283.5,1.41,"N"
"5097",48.17223,35.84941,313.79,0.6,0.53,"2026-09-20",2259,"N20","nominal","2.0NRT",283.8,2.6,"N"
"5098",48.07185,35.67852,301.31,0.61,0.54,"2026-09-20",2259,"N20","nominal","2.0NRT",281.37,1.05,"N"
"5099",48.07113,35.67975,296.59,0.61,0.54,"2026-09-20",2259,"N20","nominal","2.0NRT",280.75,0.54,"N"
"5100",48.05445,35.71088,299.27,0.61,0.54,"2026-09-20",2259,"N20","nominal","2.0NRT",282.17,0.85,"N"
"5101",47.83384,38.47511,300.91,0.45,0.47,"2026-09-20",2259,"N20","nominal","2.0NRT",286.51,1.06,"N"
"5102",47.92717,35.65488,327.22,0.61,0.54,"2026-09-20",2259,"N20","nominal","2.0NRT",282.62,3.79,"N"
"5103",47.9276,35.64677,300.26,0.61,0.54,"2026-09-20",2259,"N20","nominal","2.0NRT",280.89,2.38,"N"
"5104",47.89138,36.03637,295.26,0.59,0.53,"2026-09-20",2259,"N20","nominal","2.0NRT",283.47,0.68,"N"
"5105",47.82407,35.70145,301.16,0.61,0.53,"2026-09-20",2259,"N20","nominal","2.0NRT",281.51,0.84,"N"
"5106",47.82361,35.70983,296.19,0.61,0.53,"2026-09-20",2259,"N20","nominal","2.0NRT",282.93,0.84,"N"
"5107",47.87518,33.43369,304.3,0.39,0.59,"2026-09-20",2259,"N20","nominal","2.0NRT",284.35,0.87,"N"
"5108",47.8755,33.4334,297.77,0.39,0.59,"2026-09-20",2259,"N20","nominal","2.0NRT",283.61,0.95,"N"
"5109",47.71443,35.20136,300.75,0.32,0.55,"2026-09-20",2259,"N20","nominal","2.0NRT",284.72,0.82,"N"
"5110",47.64883,35.11823,296.55,0.32,0.55,"2026-09-20",2259,"N20","nominal","2.0NRT",281.49,1.06,"N"
"5111",47.50713,37.05028,312.77,0.52,0.5,"2026-09-20",2259,"N20","nominal","2.0NRT",282.57,1.53,"N"
"5112",47.37868,38.16916,296.13,0.46,0.47,"2026-09-20",2259,"N20","nominal","2.0NRT",284.84,0.52,"N"
"5113",47.39715,36.97129,296.87,0.53,0.5,"2026-09-20",2259,"N20","nominal","2.0NRT",282.33,0.79,"N"
"5114",47.37087,37.08782,337.07,0.52,0.5,"2026-09-20",2259,"N20","nominal","2.0NRT",283.71,3.97,"N"
"5115",47.37132,37.08094,298.32,0.52,0.5,"2026-09-20",2259,"N20","nominal","2.0NRT",282.72,2.52,"N"
"5116",47.37172,37.08781,337.24,0.52,0.5,"2026-09-20",2259,"N20","nominal","2.0NRT",283.55,3,"N"
"5117",47.3722,37.08093,299.32,0.52,0.5,"2026-09-20",2259,"N20","nominal","2.0NRT",283.06,3,"N"
"5118",47.34727,37.10491,306.91,0.52,0.5,"2026-09-20",2259,"N20","nominal","2.0NRT",283.52,1.19,"N"
"5119",47.33906,37.08932,300.93,0.52,0.5,"2026-09-20",2259,"N20","nominal","2.0NRT",283.01,0.76,"N"
"5120",47.32219,37.32856,296.25,0.51,0.49,"2026-09-20",2259,"N20","nominal","2.0NRT",284.12,0.6,"N"
"5121",47.33446,37.08856,353.39,0.52,0.5,"2026-09-20",2259,"N20","nominal","2.0NRT",285.28,11.39,"N"
"5122",47.3568,34.95178,314.76,0.33,0.55,"2026-09-20",2259,"N20","nominal","2.0NRT",283.8,0.83,"N"
"5123",47.35147,34.95561,302.13,0.33,0.55,"2026-09-20",2259,"N20","nominal","2.0NRT",283.32,0.83,"N"
"5124",47.33288,35.0196,324.59,0.32,0.55,"2026-09-20",2259,"N20","nominal","2.0NRT",284.13,1.37,"N"
"5125",47.33266,35.02396,314.9,0.32,0.55,"2026-09-20",2259,"N20","nominal","2.0NRT",284.33,1.37,"N"
"5126",47.2593,35.16756,303.34,0.32,0.55,"2026-09-20",2259,"N20","nominal","2.0NRT",284.01,0.71,"N"
"5127",47.26044,35.16909,302.8,0.32,0.54,"2026-09-20",2259,"N20","nominal","2.0NRT",284.21,0.67,"N"
"5128",47.10829,37.47609,295.54,0.5,0.49,"2026-09-20",2259,"N20","nominal","2.0NRT",284.21,0.2,"N"
"5129",47.17898,35.82477,316.27,0.59,0.53,"2026-09-20",2259,"N20","nominal","2.0NRT",283.52,2.89,"N"
"5130",47.0901,35.79284,321.41,0.59,0.53,"2026-09-20",2259,"N20","nominal","2.0NRT",284.06,2.52,"N"
"5131",47.08521,35.79219,303.8,0.59,0.53,"2026-09-20",2259,"N20","nominal","2.0NRT",283.39,2.52,"N"
"5132",47.08475,35.80014,309.17,0.59,0.53,"2026-09-20",2259,"N20","nominal","2.0NRT",283.94,2.52,"N"
"5133",47.17593,31.75362,298.59,0.46,0.64,"2026-09-20",2259,"N20","nominal","2.0NRT",284.93,0.99,"N"
"5134",47.17245,31.75228,296.07,0.46,0.64,"2026-09-20",2259,"N20","nominal","2.0NRT",284.26,0.76,"N"
"5135",46.95802,34.5005,298.39,0.34,0.56,"2026-09-20",2259,"N20","nominal","2.0NRT",282.43,0.46,"N"
"5136",46.85379,36.35624,314.02,0.56,0.51,"2026-09-20",2259,"N20","nominal","2.0NRT",283.99,2.05,"N"
"5137",46.80956,33.85186,300.31,0.37,0.58,"2026-09-20",2259,"N20","nominal","2.0NRT",282.94,0.62,"N"
"5138",46.69371,34.9593,295.71,0.32,0.55,"2026-09-20",2259,"N20","nominal","2.0NRT",282.88,0.6,"N"
"5139",46.42074,38.61285,297.57,0.43,0.46,"2026-09-20",2259,"N20","nominal","2.0NRT",283.42,0.83,"N"
"5140",46.47184,33.21271,295.94,0.39,0.59,"2026-09-20",2259,"N20","nominal","2.0NRT",282.9,0.64,"N"
"5141",46.34196,32.8202,298.93,0.41,0.6,"2026-09-20",2259,"N20","nominal","2.0NRT",279.85,0.43,"N"
"5142",45.7345,40.46069,295.3,0.53,0.42,"2026-09-20",2259,"N20","nominal","2.0NRT",285.19,0.77,"N"
"5143",45.73137,40.45301,298.83,0.53,0.42,"2026-09-20",2259,"N20","nominal","2.0NRT",284.72,1.09,"N"
"5144",44.68753,41.93106,302.69,0.46,0.39,"2026-09-20",2301,"N20","nominal","2.0NRT",284.54,0.85,"N"
"5145",44.66134,41.95358,298.88,0.46,0.39,"2026-09-20",2301,"N20","nominal","2.0NRT",287.12,0.65,"N"
"5146",44.65987,41.93554,295.69,0.46,0.39,"2026-09-20",2301,"N20","nominal","2.0NRT",284.57,0.42,"N"
"5147",44.94985,38.96104,323.63,0.4,0.44,"2026-09-20",2301,"N20","nominal","2.0NRT",284.21,1.35,"N"
"5148",45.35417,30.89592,314.1,0.5,0.66,"2026-09-20",2301,"N20","nominal","2.0NRT",287.79,0.99,"N"
"5149",45.35404,30.90242,304.37,0.5,0.66,"2026-09-20",2301,"N20","nominal","2.0NRT",288.46,0.99,"N"
"5150",45.26168,31.6696,345.77,0.46,0.63,"2026-09-20",2301,"N20","nominal","2.0NRT",290.11,3.44,"N"
"5151",45.25579,31.66922,327.21,0.46,0.63,"2026-09-20",2301,"N20","nominal","2.0NRT",289.06,3.44,"N"
"5152",44.88486,38.11295,301.77,0.44,0.46,"2026-09-20",2301,"N20","nominal","2.0NRT",282.09,0.53,"N"
"5153",44.88439,38.11854,295.33,0.44,0.46,"2026-09-20",2301,"N20","nominal","2.0NRT",280.6,0.68,"N"
"5154",45.13088,33.99588,299.73,0.35,0.57,"2026-09-20",2301,"N20","nominal","2.0NRT",284.07,0.8,"N"
"5155",44.84624,37.66726,301.31,0.46,0.47,"2026-09-20",2301,"N20","nominal","2.0NRT",288.03,1.02,"N"
"5156",44.84093,37.67823,303.69,0.46,0.47,"2026-09-20",2301,"N20","nominal","2.0NRT",287.46,0.39,"N"
"5157",44.73692,37.80424,305.91,0.45,0.47,"2026-09-20",2301,"N20","nominal","2.0NRT",288.46,2.02,"N"
"5158",44.12717,42.01034,297.99,0.45,0.39,"2026-09-20",2301,"N20","nominal","2.0NRT",263.8,0.7,"N"
"5159",25.17825,52.87225,354.74,0.53,0.67,"2026-09-20",2305,"N20","nominal","2.0NRT",300.29,13.84,"N"
"5160",42.1252,43.00893,303.85,0.41,0.37,"2026-09-20",2301,"N20","nominal","2.0NRT",286.14,0.51,"N"
"5161",37.6099,61.60388,298.13,0.77,0.77,"2026-09-20",2301,"N20","nominal","2.0NRT",287.81,1.01,"N"
"5162",25.17698,52.87734,352.85,0.53,0.67,"2026-09-20",2305,"N20","nominal","2.0NRT",302.08,13.84,"N"
"5163",37.50114,61.84682,297.9,0.79,0.78,"2026-09-20",2301,"N20","nominal","2.0NRT",286.93,1.25,"N"
"5164",25.92906,49.6987,308.72,0.33,0.55,"2026-09-20",2305,"N20","nominal","2.0NRT",297.1,0.97,"N"
"5165",38.61883,57.19025,298.48,0.43,0.62,"2026-09-20",2301,"N20","nominal","2.0NRT",286.94,0.44,"N"
"5166",25.17226,52.87043,345.1,0.53,0.67,"2026-09-20",2305,"N20","nominal","2.0NRT",300,5.17,"N"
"5167",38.61346,57.18778,301.08,0.43,0.62,"2026-09-20",2301,"N20","nominal","2.0NRT",287.68,0.44,"N"
"5168",25.17099,52.87553,311.47,0.53,0.67,"2026-09-20",2305,"N20","nominal","2.0NRT",300.05,5.17,"N"
"5169",39.52915,53.40673,313.55,0.52,0.5,"2026-09-20",2301,"N20","nominal","2.0NRT",289.47,1.68,"N"
"5170",25.16628,52.86855,341.97,0.53,0.67,"2026-09-20",2305,"N20","nominal","2.0NRT",300.88,5.17,"N"
"5171",41.16858,45.25145,296.87,0.38,0.36,"2026-09-20",2301,"N20","nominal","2.0NRT",285.63,0.87,"N"
"5172",25.16501,52.87362,330.58,0.53,0.67,"2026-09-20",2305,"N20","nominal","2.0NRT",300.63,5.17,"N"
"5173",40.25183,49.44843,301.16,0.49,0.4,"2026-09-20",2301,"N20","nominal","2.0NRT",291.11,0.98,"N"
"5174",25.16373,52.87874,338.76,0.53,0.67,"2026-09-20",2305,"N20","nominal","2.0NRT",302.05,10.98,"N"
"5175",39.39648,53.18777,300.72,0.51,0.49,"2026-09-20",2301,"N20","nominal","2.0NRT",288.8,1.58,"N"
"5176",25.16028,52.86673,367,0.53,0.67,"2026-09-20",2305,"N20","high","2.0NRT",301.54,15.52,"N"
"5177",40.44359,47.96362,298.51,0.43,0.38,"2026-09-20",2301,"N20","nominal","2.0NRT",288.08,0.72,"N"
"5178",25.15902,52.87175,344.64,0.53,0.67,"2026-09-20",2305,"N20","nominal","2.0NRT",301.06,15.52,"N"
"5179",40.44016,47.96252,313.29,0.43,0.38,"2026-09-20",2301,"N20","nominal","2.0NRT",288,0.72,"N"
"5180",25.16154,52.86171,314.96,0.53,0.67,"2026-09-20",2305,"N20","nominal","2.0NRT",299.96,6.47,"N"
"5181",38.6487,54.28405,320.43,0.6,0.53,"2026-09-20",2301,"N20","nominal","2.0NRT",284.79,2.01,"N"
"5182",24.90717,53.73175,367,0.61,0.71,"2026-09-20",2305,"N20","high","2.0NRT",300.39,10.59,"N"
"5183",38.65038,54.27744,295.07,0.6,0.53,"2026-09-20",2301,"N20","nominal","2.0NRT",284.84,2.01,"N"
"5184",24.90867,53.72596,318.63,0.61,0.71,"2026-09-20",2305,"N20","nominal","2.0NRT",298.9,10.59,"N"
"5185",41.6418,32.30429,298.08,0.4,0.6,"2026-09-20",2301,"N20","nominal","2.0NRT",285.67,0.37,"N"
"5186",24.90608,53.73197,355.83,0.61,0.71,"2026-09-20",2305,"N20","nominal","2.0NRT",300.53,18.44,"N"
"5187",37.45208,57.68459,299.47,0.49,0.65,"2026-09-20",2301,"N20","nominal","2.0NRT",287.85,0.65,"N"
"5188",24.90754,53.72615,318.26,0.61,0.71,"2026-09-20",2305,"N20","nominal","2.0NRT",298.7,10.22,"N"
"5189",41.24495,36.46275,299.98,0.48,0.48,"2026-09-20",2301,"N20","nominal","2.0NRT",285.65,1.2,"N"
"5190",24.80395,53.73175,342.36,0.61,0.71,"2026-09-20",2305,"N20","nominal","2.0NRT",299.21,7.13,"N"
"5191",41.24051,36.46211,301.78,0.48,0.48,"2026-09-20",2301,"N20","nominal","2.0NRT",285.58,1.2,"N"
"5192",24.80245,53.73759,352.4,0.61,0.71,"2026-09-20",2305,"N20","nominal","2.0NRT",299.71,7.41,"N"
"5193",41.24202,36.46085,308.73,0.48,0.48,"2026-09-20",2301,"N20","nominal","2.0NRT",286.21,2.25,"N"
"5194",24.79763,53.72981,312.19,0.61,0.71,"2026-09-20",2305,"N20","nominal","2.0NRT",298.88,7.13,"N"
"5195",41.49057,31.8648,298.03,0.42,0.61,"2026-09-20",2301,"N20","nominal","2.0NRT",287.16,0.38,"N"
"5196",24.79612,53.73565,317,0.61,0.71,"2026-09-20",2305,"N20","nominal","2.0NRT",299.03,7.41,"N"
"5197",36.47906,59.74431,297.72,0.67,0.73,"2026-09-20",2301,"N20","nominal","2.0NRT",286.53,2.01,"N"
"5198",24.83648,53.50067,342.42,0.59,0.7,"2026-09-20",2305,"N20","nominal","2.0NRT",299.4,11.76,"N"
"5199",41.27016,31.42165,298.16,0.44,0.63,"2026-09-20",2301,"N20","nominal","2.0NRT",286.58,1.06,"N"
"5200",24.83503,53.5063,354.69,0.59,0.7,"2026-09-20",2305,"N20","nominal","2.0NRT",301.68,11.76,"N"
"5201",24.80236,53.73648,367,0.61,0.71,"2026-09-20",2305,"N20","high","2.0NRT",300.13,8.51,"N"
"5202",39.37062,48.09541,301.89,0.45,0.39,"2026-09-20",2301,"N20","nominal","2.0NRT",288.95,0.45,"N"
"5203",24.80383,53.73063,314.94,0.61,0.71,"2026-09-20",2305,"N20","nominal","2.0NRT",299.01,8.51,"N"
"5204",41.26436,31.4212,301.4,0.44,0.63,"2026-09-20",2301,"N20","nominal","2.0NRT",288.45,2.43,"N"
"5205",24.83361,53.50449,355.2,0.59,0.7,"2026-09-20",2305,"N20","nominal","2.0NRT",300.68,22.11,"N"
"5206",41.26416,31.4266,312.61,0.44,0.62,"2026-09-20",2301,"N20","nominal","2.0NRT",288.03,2.06,"N"
"5207",24.83503,53.49884,313.79,0.59,0.7,"2026-09-20",2305,"N20","nominal","2.0NRT",299.21,11.57,"N"
"5208",24.9008,53.02573,323.3,0.55,0.68,"2026-09-20",2305,"N20","nominal","2.0NRT",300.29,5.22,"N"
"5209",39.36712,48.09436,315.16,0.45,0.39,"2026-09-20",2301,"N20","nominal","2.0NRT",289.21,1.63,"N"
"5210",24.89948,53.03099,340.12,0.55,0.68,"2026-09-20",2305,"N20","nominal","2.0NRT",300.63,6.2,"N"
"5211",41.25835,31.42616,316,0.44,0.62,"2026-09-20",2301,"N20","nominal","2.0NRT",286.93,2.06,"N"
"5212",25.38446,50.7967,311.45,0.39,0.59,"2026-09-20",2305,"N20","nominal","2.0NRT",299.77,1.95,"N"
"5213",41.17944,32.63348,302.02,0.38,0.59,"2026-09-20",2301,"N20","nominal","2.0NRT",285.64,0.82,"N"
"5214",25.38356,50.80046,309.37,0.39,0.59,"2026-09-20",2305,"N20","nominal","2.0NRT",298.8,1.61,"N"
"5215",41.17418,32.6288,297.35,0.38,0.59,"2026-09-20",2301,"N20","nominal","2.0NRT",283.08,1.36,"N"
"5216",28.27945,33.31525,320.25,0.51,0.5,"2026-09-20",2305,"N20","nominal","2.0NRT",298.1,1.43,"N"
"5217",28.27892,33.32053,308.48,0.51,0.5,"2026-09-20",2305,"N20","nominal","2.0NRT",298.24,1.43,"N"
"5218",41.17398,32.63305,301.48,0.38,0.59,"2026-09-20",2301,"N20","nominal","2.0NRT",284.21,0.82,"N"
"5219",25.64341,49.38518,323.42,0.63,0.54,"2026-09-20",2305,"N20","nominal","2.0NRT",297.6,5.24,"N"
"5220",41.18398,32.63228,295.71,0.38,0.59,"2026-09-20",2301,"N20","nominal","2.0NRT",283.87,0.94,"N"
"5221",25.64204,49.3913,321.44,0.63,0.54,"2026-09-20",2305,"N20","nominal","2.0NRT",297.6,5.24,"N"
"5222",41.17851,32.63213,310.84,0.38,0.59,"2026-09-20",2301,"N20","nominal","2.0NRT",285.56,0.94,"N"
"5223",25.64066,49.39745,318.68,0.64,0.54,"2026-09-20",2305,"N20","nominal","2.0NRT",296.91,7.98,"N"
"5224",41.17306,32.63172,299.89,0.38,0.59,"2026-09-20",2301,"N20","nominal","2.0NRT",283.77,0.85,"N"
"5225",25.63716,49.38998,340.41,0.63,0.54,"2026-09-20",2305,"N20","nominal","2.0NRT",298.64,5.24,"N"
"5226",25.34167,50.20677,308.83,0.36,0.57,"2026-09-20",2305,"N20","nominal","2.0NRT",298.69,1.89,"N"
"5227",39.8545,44.73066,304.6,0.38,0.36,"2026-09-20",2301,"N20","nominal","2.0NRT",287.99,0.99,"N"
"5228",25.49772,49.40642,328.49,0.32,0.55,"2026-09-20",2305,"N20","nominal","2.0NRT",297.74,1.44,"N"
"5229",39.19811,48.35809,305.33,0.46,0.39,"2026-09-20",2301,"N20","nominal","2.0NRT",288.91,1.28,"N"
"5230",24.95746,51.54842,313,0.45,0.63,"2026-09-20",2305,"N20","nominal","2.0NRT",300.32,1.28,"N"
"5231",41.02166,28.5519,304.01,0.62,0.72,"2026-09-20",2301,"N20","nominal","2.0NRT",288.35,1.19,"N"
"5232",24.92989,51.5634,343.56,0.45,0.63,"2026-09-20",2305,"N20","nominal","2.0NRT",302.19,4.95,"N"
"5233",36.70548,57.20199,299.66,0.48,0.65,"2026-09-20",2301,"N20","nominal","2.0NRT",285.49,0.54,"N"
"5234",24.92886,51.56768,312.73,0.45,0.63,"2026-09-20",2305,"N20","nominal","2.0NRT",301.85,3.87,"N"
"5235",39.58585,43.89907,299.16,0.39,0.36,"2026-09-20",2301,"N20","nominal","2.0NRT",282.05,0.43,"N"
"5236",24.92941,51.54038,311.92,0.45,0.63,"2026-09-20",2305,"N20","nominal","2.0NRT",301.71,1.14,"N"
"5237",36.70061,57.2036,298.57,0.48,0.65,"2026-09-20",2301,"N20","nominal","2.0NRT",287.12,1,"N"
"5238",26.49388,43.96029,314.01,0.46,0.39,"2026-09-20",2305,"N20","nominal","2.0NRT",298.52,2.05,"N"
"5239",40.75909,29.35574,298.48,0.56,0.69,"2026-09-20",2301,"N20","nominal","2.0NRT",287.57,0.8,"N"
"5240",25.2318,49.8679,367,0.35,0.56,"2026-09-20",2305,"N20","high","2.0NRT",299.76,8.68,"N"
"5241",40.75981,29.75481,300.98,0.54,0.68,"2026-09-20",2301,"N20","nominal","2.0NRT",287.97,2.25,"N"
"5242",24.06007,54.318,311.76,0.69,0.74,"2026-09-20",2305,"N20","nominal","2.0NRT",294.93,1.6,"N"
"5243",38.43137,48.42053,300.04,0.48,0.4,"2026-09-20",2301,"N20","nominal","2.0NRT",283.7,1.22,"N"
"5244",24.06476,54.31752,313.6,0.69,0.74,"2026-09-20",2305,"N20","nominal","2.0NRT",295.83,3.12,"N"
"5245",40.06166,34.92659,295.19,0.56,0.52,"2026-09-20",2301,"N20","nominal","2.0NRT",276.37,1.1,"N"
"5246",25.21029,49.28677,322.76,0.32,0.54,"2026-09-20",2305,"N20","nominal","2.0NRT",298.89,1.5,"N"
"5247",40.24495,29.91989,297.48,0.52,0.67,"2026-09-20",2301,"N20","nominal","2.0NRT",279.95,0.71,"N"
"5248",25.17741,49.31735,334.39,0.32,0.55,"2026-09-20",2305,"N20","nominal","2.0NRT",298.27,2.29,"N"
"5249",40.24043,29.91992,295.44,0.52,0.67,"2026-09-20",2301,"N20","nominal","2.0NRT",280.18,1.03,"N"
"5250",25.17671,49.32048,319.25,0.32,0.55,"2026-09-20",2305,"N20","nominal","2.0NRT",297.97,1.65,"N"
"5251",38.25088,46.04131,300.82,0.41,0.37,"2026-09-20",2301,"N20","nominal","2.0NRT",287.31,0.78,"N"
"5252",37.63824,49.08449,307.71,0.52,0.42,"2026-09-20",2301,"N20","nominal","2.0NRT",288.8,1.23,"N"
"5253",25.17599,49.32364,312.06,0.32,0.55,"2026-09-20",2305,"N20","nominal","2.0NRT",298.1,1.65,"N"
"5254",38.89225,41.56771,297.1,0.42,0.37,"2026-09-20",2301,"N20","nominal","2.0NRT",279.37,0.49,"N"
"5255",25.17251,49.316,335.65,0.32,0.55,"2026-09-20",2305,"N20","nominal","2.0NRT",297.98,2.29,"N"
"5256",38.16807,45.8683,297.14,0.4,0.37,"2026-09-20",2301,"N20","nominal","2.0NRT",286.26,0.76,"N"
"5257",26.19271,44.38024,322.76,0.48,0.4,"2026-09-20",2305,"N20","nominal","2.0NRT",297.52,2.55,"N"
"5258",39.71112,31.79661,296.67,0.41,0.61,"2026-09-20",2301,"N20","nominal","2.0NRT",280.04,1.03,"N"
"5259",26.19181,44.38501,319.86,0.48,0.4,"2026-09-20",2305,"N20","nominal","2.0NRT",297.13,2.55,"N"
"5260",38.13244,45.6933,297.82,0.4,0.37,"2026-09-20",2301,"N20","nominal","2.0NRT",287.81,0.57,"N"
"5261",38.12658,45.687,299.84,0.4,0.37,"2026-09-20",2301,"N20","nominal","2.0NRT",287.74,0.78,"N"
"5262",25.17712,49.31649,336.23,0.32,0.55,"2026-09-20",2305,"N20","nominal","2.0NRT",298.47,3.31,"N"
"5263",38.11995,45.68517,306.03,0.4,0.37,"2026-09-20",2301,"N20","nominal","2.0NRT",289.07,0.96,"N"
"5264",25.17644,49.31962,325.45,0.32,0.55,"2026-09-20",2305,"N20","nominal","2.0NRT",297.96,1.78,"N"
"5265",38.11773,45.68644,311.53,0.4,0.37,"2026-09-20",2301,"N20","nominal","2.0NRT",289.95,1.07,"N"
"5266",37.74767,46.94416,298.89,0.43,0.38,"2026-09-20",2301,"N20","nominal","2.0NRT",283.6,0.73,"N"
"5267",25.17575,49.32278,317.41,0.32,0.55,"2026-09-20",2305,"N20","nominal","2.0NRT",298.11,1.78,"N"
"5268",38.95679,34.6149,309.91,0.57,0.52,"2026-09-20",2301,"N20","nominal","2.0NRT",282.24,1.8,"N"
"5269",26.20346,44.01606,309.3,0.47,0.39,"2026-09-20",2305,"N20","nominal","2.0NRT",298.37,1.55,"N"
"5270",38.95712,34.61529,310.92,0.57,0.52,"2026-09-20",2301,"N20","nominal","2.0NRT",282.28,2.13,"N"
"5271",27.67289,33.6644,313.26,0.48,0.48,"2026-09-20",2305,"N20","nominal","2.0NRT",298.17,2.43,"N"
"5272",37.09773,47.90572,301.83,0.48,0.4,"2026-09-20",2301,"N20","nominal","2.0NRT",287.62,1.04,"N"
"5273",24.99862,49.1527,309.63,0.63,0.54,"2026-09-20",2305,"N20","nominal","2.0NRT",296.42,1.6,"N"
"5274",37.42519,46.0071,305.74,0.41,0.37,"2026-09-20",2301,"N20","nominal","2.0NRT",288.1,1.25,"N"
"5275",24.14007,52.68666,310.69,0.55,0.68,"2026-09-20",2305,"N20","nominal","2.0NRT",300.08,3.39,"N"
"5276",37.41865,46.04357,311.5,0.41,0.37,"2026-09-20",2301,"N20","nominal","2.0NRT",288.67,1.44,"N"
"5277",24.13143,52.69528,310.7,0.55,0.68,"2026-09-20",2305,"N20","nominal","2.0NRT",298.74,3.92,"N"
"5278",38.21349,40.55168,297.52,0.44,0.38,"2026-09-20",2301,"N20","nominal","2.0NRT",287.2,0.24,"N"
"5279",24.11767,52.72463,316.05,0.55,0.68,"2026-09-20",2305,"N20","nominal","2.0NRT",300,5.09,"N"
"5280",39.0938,27.50762,298.22,0.69,0.75,"2026-09-20",2301,"N20","nominal","2.0NRT",286.22,1.06,"N"
"5281",23.85756,53.65342,306.18,0.64,0.72,"2026-09-20",2305,"N20","nominal","2.0NRT",295.58,0.81,"N"
"5282",36.65033,49.51662,303.66,0.57,0.43,"2026-09-20",2301,"N20","nominal","2.0NRT",289.44,1.04,"N"
"5283",23.85269,53.64539,307.29,0.63,0.72,"2026-09-20",2305,"N20","nominal","2.0NRT",296.81,2.49,"N"
"5284",38.11304,40.63107,297.19,0.44,0.38,"2026-09-20",2301,"N20","nominal","2.0NRT",287.16,0.21,"N"
"5285",23.85115,53.65142,317.43,0.64,0.72,"2026-09-20",2305,"N20","nominal","2.0NRT",295.68,2.49,"N"
"5286",37.96081,41.70086,301.92,0.41,0.37,"2026-09-20",2301,"N20","nominal","2.0NRT",291.53,0.65,"N"
"5287",24.88617,49.19297,307.72,0.32,0.55,"2026-09-20",2305,"N20","nominal","2.0NRT",296.92,0.77,"N"
"5288",38.09115,40.60608,299.01,0.44,0.38,"2026-09-20",2301,"N20","nominal","2.0NRT",287.51,0.62,"N"
"5289",24.80589,49.41201,315.45,0.33,0.55,"2026-09-20",2305,"N20","nominal","2.0NRT",300.78,2.17,"N"
"5290",38.0835,40.60965,297.97,0.44,0.38,"2026-09-20",2301,"N20","nominal","2.0NRT",287.45,0.36,"N"
"5291",24.7994,49.3463,308.71,0.33,0.55,"2026-09-20",2305,"N20","nominal","2.0NRT",297.63,0.76,"N"
"5292",35.63995,53.47451,307.25,0.32,0.55,"2026-09-20",2301,"N20","nominal","2.0NRT",291.44,2.7,"N"
"5293",24.79304,49.35129,310.61,0.33,0.55,"2026-09-20",2305,"N20","nominal","2.0NRT",298.12,0.69,"N"
"5294",38.0878,40.43633,314.07,0.44,0.39,"2026-09-20",2301,"N20","nominal","2.0NRT",289.22,1.64,"N"
"5295",24.76199,49.30238,309.64,0.33,0.55,"2026-09-20",2305,"N20","nominal","2.0NRT",297.51,1.19,"N"
"5296",38.08492,40.43051,332.55,0.44,0.39,"2026-09-20",2301,"N20","nominal","2.0NRT",290.18,4.04,"N"
"5297",24.76127,49.30554,311.83,0.33,0.55,"2026-09-20",2305,"N20","nominal","2.0NRT",297.69,0.89,"N"
"5298",37.32348,45.27955,312.84,0.4,0.37,"2026-09-20",2301,"N20","nominal","2.0NRT",291.18,1.54,"N"
"5299",27.59371,30.80655,305.16,0.36,0.57,"2026-09-20",2305,"N20","nominal","2.0NRT",292.83,0.39,"N"
"5300",36.56609,48.80326,306.5,0.53,0.42,"2026-09-20",2301,"N20","nominal","2.0NRT",281.76,1.24,"N"
"5301",26.80046,36.84932,317.56,0.48,0.4,"2026-09-20",2305,"N20","nominal","2.0NRT",297.55,2.43,"N"
"5302",36.62194,48.35773,298.84,0.51,0.41,"2026-09-20",2303,"N20","nominal","2.0NRT",287.35,1.37,"N"
"5303",38.75498,26.93357,303.36,0.74,0.76,"2026-09-20",2303,"N20","nominal","2.0NRT",287.76,1.19,"N"
"5304",24.53396,49.22272,310.38,0.33,0.55,"2026-09-20",2305,"N20","nominal","2.0NRT",297.25,0.79,"N"
"5305",38.65947,30.61453,298.63,0.47,0.64,"2026-09-20",2303,"N20","nominal","2.0NRT",281.5,0.79,"N"
"5306",24.53373,49.22548,310.8,0.33,0.55,"2026-09-20",2305,"N20","nominal","2.0NRT",298.45,0.83,"N"
"5307",38.75134,26.92994,299.35,0.74,0.76,"2026-09-20",2303,"N20","nominal","2.0NRT",287.64,1.28,"N"
"5308",24.94913,47.06202,313.68,0.47,0.48,"2026-09-20",2305,"N20","nominal","2.0NRT",300.09,2.85,"N"
"5309",35.69981,51.78403,303.59,0.52,0.5,"2026-09-20",2303,"N20","nominal","2.0NRT",290.38,1.56,"N"
"5310",37.74051,40.24633,299.79,0.45,0.39,"2026-09-20",2303,"N20","nominal","2.0NRT",288.17,0.52,"N"
"5311",27.16873,31.01177,322.01,0.35,0.56,"2026-09-20",2305,"N20","nominal","2.0NRT",297.36,2.25,"N"
"5312",37.7415,40.24487,299.77,0.45,0.39,"2026-09-20",2303,"N20","nominal","2.0NRT",288.83,0.41,"N"
"5313",24.704,47.53297,325.16,0.51,0.49,"2026-09-20",2305,"N20","nominal","2.0NRT",301.84,4.97,"N"
"5314",33.63063,59.16844,296.84,0.75,0.77,"2026-09-20",2303,"N20","nominal","2.0NRT",285.85,1.48,"N"
"5315",24.31407,49.06028,350.28,0.32,0.55,"2026-09-20",2305,"N20","nominal","2.0NRT",299.07,5.79,"N"
"5316",36.12831,49.30951,296.81,0.57,0.43,"2026-09-20",2303,"N20","nominal","2.0NRT",285.06,1.07,"N"
"5317",24.31339,49.06337,334.83,0.32,0.55,"2026-09-20",2305,"N20","nominal","2.0NRT",299.68,4.8,"N"
"5318",37.74612,39.27579,297.7,0.49,0.4,"2026-09-20",2303,"N20","nominal","2.0NRT",277.4,0.69,"N"
"5319",24.56972,46.88295,310.46,0.47,0.48,"2026-09-20",2305,"N20","nominal","2.0NRT",298.92,2.48,"N"
"5320",37.74769,39.2744,300.39,0.49,0.4,"2026-09-20",2303,"N20","nominal","2.0NRT",272.25,0.53,"N"
"5321",24.49111,47.15534,309.72,0.49,0.48,"2026-09-20",2305,"N20","nominal","2.0NRT",296.17,1.24,"N"
"5322",37.04673,43.75769,304.17,0.38,0.36,"2026-09-20",2303,"N20","nominal","2.0NRT",290.83,0.56,"N"
"5323",24.60151,46.57286,320.71,0.45,0.47,"2026-09-20",2305,"N20","nominal","2.0NRT",299.34,1.72,"N"
"5324",37.7186,38.44165,302.27,0.53,0.42,"2026-09-20",2303,"N20","nominal","2.0NRT",277.81,0.81,"N"
"5325",24.59734,46.57166,317.57,0.45,0.47,"2026-09-20",2305,"N20","nominal","2.0NRT",299.41,1.79,"N"
"5326",37.71793,38.44757,296.07,0.53,0.42,"2026-09-20",2303,"N20","nominal","2.0NRT",275.5,0.81,"N"
"5327",37.71544,38.43502,301.38,0.53,0.42,"2026-09-20",2303,"N20","nominal","2.0NRT",275.63,1.44,"N"
"5328",24.78227,45.60557,330.61,0.39,0.44,"2026-09-20",2305,"N20","nominal","2.0NRT",300.01,3.66,"N"
"5329",38.43078,27.21042,300.53,0.71,0.75,"2026-09-20",2303,"N20","nominal","2.0NRT",288.22,0.98,"N"
"5330",24.69887,44.97014,308.78,0.54,0.42,"2026-09-20",2305,"N20","nominal","2.0NRT",296.53,1.2,"N"
"5331",37.71162,38.43424,312.2,0.53,0.42,"2026-09-20",2303,"N20","nominal","2.0NRT",274.68,1.44,"N"
"5332",37.71095,38.44016,308.86,0.53,0.42,"2026-09-20",2303,"N20","nominal","2.0NRT",278.56,1.98,"N"
"5333",37.7078,38.43347,305.2,0.53,0.42,"2026-09-20",2303,"N20","nominal","2.0NRT",278.6,0.86,"N"
"5334",22.54236,53.92007,331.26,0.71,0.75,"2026-09-20",2305,"N20","nominal","2.0NRT",296.09,6.5,"N"
"5335",35.75653,50.20564,301.37,0.43,0.46,"2026-09-20",2303,"N20","nominal","2.0NRT",287.62,0.81,"N"
"5336",22.54055,53.92708,339.26,0.71,0.75,"2026-09-20",2305,"N20","nominal","2.0NRT",297.46,6.5,"N"
"5337",35.70432,50.30297,304.85,0.44,0.46,"2026-09-20",2303,"N20","nominal","2.0NRT",287.78,0.9,"N"
"5338",24.29088,46.3089,310.95,0.44,0.46,"2026-09-20",2305,"N20","nominal","2.0NRT",299.65,1.88,"N"
"5339",37.56317,39.02784,295.38,0.5,0.41,"2026-09-20",2303,"N20","nominal","2.0NRT",274.69,1.51,"N"
"5340",22.53957,53.92674,347.24,0.71,0.75,"2026-09-20",2305,"N20","nominal","2.0NRT",297.96,11.86,"N"
"5341",37.33906,40.80441,309.46,0.42,0.38,"2026-09-20",2303,"N20","nominal","2.0NRT",291.67,1.73,"N"
"5342",22.54135,53.91968,319.32,0.71,0.75,"2026-09-20",2305,"N20","nominal","2.0NRT",295.48,8.23,"N"
"5343",37.0788,42.55868,315.17,0.39,0.36,"2026-09-20",2303,"N20","nominal","2.0NRT",294.95,1.19,"N"
"5344",22.43534,53.96786,367,0.72,0.75,"2026-09-20",2305,"N20","high","2.0NRT",299.62,19.31,"N"
"5345",37.06199,42.44216,305.86,0.39,0.36,"2026-09-20",2303,"N20","nominal","2.0NRT",291.77,0.61,"N"
"5346",22.43711,53.96098,313.82,0.72,0.75,"2026-09-20",2305,"N20","nominal","2.0NRT",294.66,10.5,"N"
"5347",36.9071,43.38996,319.11,0.38,0.36,"2026-09-20",2303,"N20","nominal","2.0NRT",289.05,1.68,"N"
"5348",22.43371,53.97416,307.51,0.72,0.75,"2026-09-20",2305,"N20","nominal","2.0NRT",295.63,19.31,"N"
"5349",36.89386,43.43093,321.01,0.38,0.36,"2026-09-20",2303,"N20","nominal","2.0NRT",289.07,0.81,"N"
"5350",22.42865,53.96573,348.77,0.72,0.75,"2026-09-20",2305,"N20","nominal","2.0NRT",297.05,12.29,"N"
"5351",36.89059,43.43013,303.41,0.38,0.36,"2026-09-20",2303,"N20","nominal","2.0NRT",288.26,0.52,"N"
"5352",22.43027,53.95945,310.37,0.72,0.75,"2026-09-20",2305,"N20","nominal","2.0NRT",294.54,4.54,"N"
"5353",36.8681,43.48651,316.39,0.38,0.36,"2026-09-20",2303,"N20","nominal","2.0NRT",292.3,1.38,"N"
"5354",22.43481,53.96598,367,0.72,0.75,"2026-09-20",2305,"N20","high","2.0NRT",297.67,19.63,"N"
"5355",36.97397,42.50966,340.76,0.39,0.36,"2026-09-20",2303,"N20","nominal","2.0NRT",290.79,5.5,"N"
"5356",22.43321,53.97237,346.78,0.72,0.75,"2026-09-20",2305,"N20","nominal","2.0NRT",297.93,15.29,"N"
"5357",36.97066,42.5089,342.24,0.39,0.36,"2026-09-20",2303,"N20","nominal","2.0NRT",298.47,13.18,"N"
"5358",22.42814,53.96383,321.07,0.72,0.75,"2026-09-20",2305,"N20","nominal","2.0NRT",294.98,19.63,"N"
"5359",36.97002,42.51323,325.47,0.39,0.36,"2026-09-20",2303,"N20","nominal","2.0NRT",290.26,13.18,"N"
"5360",22.42662,53.96983,307.41,0.72,0.75,"2026-09-20",2305,"N20","nominal","2.0NRT",295.07,15.29,"N"
"5361",36.96672,42.51246,325.24,0.39,0.36,"2026-09-20",2303,"N20","nominal","2.0NRT",292.54,13.18,"N"
"5362",24.02828,40.47589,330.74,0.39,0.36,"2026-09-20",2305,"N20","nominal","2.0NRT",298.84,5.66,"N"
"5363",36.96736,42.50813,311.41,0.39,0.36,"2026-09-20",2303,"N20","nominal","2.0NRT",288.31,13.18,"N"
"5364",24.02767,40.47964,310.26,0.39,0.36,"2026-09-20",2305,"N20","nominal","2.0NRT",298.05,4.43,"N"
"5365",36.96341,42.5117,315.97,0.39,0.36,"2026-09-20",2303,"N20","nominal","2.0NRT",288.18,1.24,"N"
"5366",23.95101,38.26725,303.48,0.4,0.37,"2026-09-20",2307,"N20","nominal","2.0NRT",284.18,0.85,"N"
"5367",36.96075,42.50661,309.44,0.39,0.36,"2026-09-20",2303,"N20","nominal","2.0NRT",289.95,1.24,"N"
"5368",22.67903,39.02785,326.5,0.39,0.36,"2026-09-20",2307,"N20","nominal","2.0NRT",300.12,1.76,"N"
"5369",36.95745,42.50584,302.8,0.39,0.36,"2026-09-20",2303,"N20","nominal","2.0NRT",290.38,0.45,"N"
"5370",22.67127,39.03412,312.02,0.39,0.36,"2026-09-20",2307,"N20","nominal","2.0NRT",301.27,1.63,"N"
"5371",36.95414,42.50508,303.47,0.39,0.36,"2026-09-20",2303,"N20","nominal","2.0NRT",290.72,0.45,"N"
"5372",22.67069,39.03785,313.94,0.39,0.36,"2026-09-20",2307,"N20","nominal","2.0NRT",301.31,1.3,"N"
"5373",37.07888,41.59923,306.66,0.4,0.37,"2026-09-20",2303,"N20","nominal","2.0NRT",290.54,0.97,"N"
"5374",22.55365,39.43692,313.84,0.38,0.36,"2026-09-20",2307,"N20","nominal","2.0NRT",301.52,0.98,"N"
"5375",35.49076,50.20596,300.26,0.44,0.46,"2026-09-20",2303,"N20","nominal","2.0NRT",287.51,0.62,"N"
"5376",22.58135,39.08701,319.06,0.39,0.36,"2026-09-20",2307,"N20","nominal","2.0NRT",300.84,2.83,"N"
"5377",37.94011,32.52998,299.3,0.36,0.58,"2026-09-20",2303,"N20","nominal","2.0NRT",283.29,1.02,"N"
"5378",21.91905,41.26145,310.25,0.41,0.37,"2026-09-20",2307,"N20","nominal","2.0NRT",297.86,1.57,"N"
"5379",37.01004,41.79198,336.3,0.4,0.37,"2026-09-20",2303,"N20","nominal","2.0NRT",296.11,13.22,"N"
"5380",21.2442,39.32966,310.25,0.38,0.36,"2026-09-20",2307,"N20","nominal","2.0NRT",299.74,1.53,"N"
"5381",36.96477,42.08356,322.07,0.39,0.37,"2026-09-20",2303,"N20","nominal","2.0NRT",290.14,0.97,"N"
"5382",21.24441,39.17867,311.12,0.38,0.36,"2026-09-20",2307,"N20","nominal","2.0NRT",299.23,0.45,"N"
"5383",36.77759,43.32558,330.98,0.38,0.36,"2026-09-20",2303,"N20","nominal","2.0NRT",297.18,2.43,"N"
"5384",20.71538,39.82552,321.63,0.39,0.36,"2026-09-20",2307,"N20","nominal","2.0NRT",301.58,1.27,"N"
"5385",37.02188,41.68394,307.19,0.4,0.37,"2026-09-20",2303,"N20","nominal","2.0NRT",289.28,0.73,"N"
"5386",36.74682,43.49916,305.61,0.38,0.36,"2026-09-20",2303,"N20","nominal","2.0NRT",293.83,1.2,"N"
"5387",36.94778,42.1297,331.67,0.39,0.36,"2026-09-20",2303,"N20","nominal","2.0NRT",295.86,2.99,"N"
"5388",19.52003,42.53461,314.6,0.49,0.4,"2026-09-20",2307,"N20","nominal","2.0NRT",295.83,1.07,"N"
"5389",36.94205,42.16911,310.23,0.39,0.36,"2026-09-20",2303,"N20","nominal","2.0NRT",291.93,1.38,"N"
"5390",19.52015,42.53686,314.64,0.49,0.4,"2026-09-20",2307,"N20","nominal","2.0NRT",297.42,1.33,"N"
"5391",36.82222,42.77046,304.46,0.39,0.36,"2026-09-20",2303,"N20","nominal","2.0NRT",290.64,4.7,"N"
"5392",19.09776,41.15581,311.65,0.43,0.38,"2026-09-20",2307,"N20","nominal","2.0NRT",301.04,1.97,"N"
"5393",36.81894,42.76968,334.87,0.39,0.36,"2026-09-20",2303,"N20","nominal","2.0NRT",294.96,4.7,"N"
"5394",18.36402,42.68575,305.09,0.51,0.41,"2026-09-20",2307,"N20","nominal","2.0NRT",288.06,0.67,"N"
"5395",36.81828,42.77398,336.28,0.39,0.36,"2026-09-20",2303,"N20","nominal","2.0NRT",294.49,4.7,"N"
"5396",16.93964,42.63019,308.19,0.53,0.42,"2026-09-20",2307,"N20","nominal","2.0NRT",295.29,1.38,"N"
"5397",36.73323,43.28085,313.14,0.38,0.36,"2026-09-20",2303,"N20","nominal","2.0NRT",292.72,0.42,"N"
"5398",16.93875,42.63511,312.16,0.53,0.42,"2026-09-20",2307,"N20","nominal","2.0NRT",295.66,1.38,"N"
"5399",36.72995,43.28006,304.22,0.38,0.36,"2026-09-20",2303,"N20","nominal","2.0NRT",292.97,0.68,"N"
"5400",15.59809,49.12891,314.01,0.49,0.65,"2026-09-20",2307,"N20","nominal","2.0NRT",291.48,1.16,"N"
"5401",36.91406,41.89603,309.1,0.4,0.37,"2026-09-20",2303,"N20","nominal","2.0NRT",290.44,0.89,"N"
"5402",15.59442,49.13008,310.67,0.49,0.65,"2026-09-20",2307,"N20","nominal","2.0NRT",291.54,1.4,"N"
"5403",36.83849,42.41266,303.78,0.39,0.36,"2026-09-20",2303,"N20","nominal","2.0NRT",290.33,0.69,"N"
"5404",15.57917,45.80133,314.97,0.59,0.53,"2026-09-20",2307,"N20","nominal","2.0NRT",293.64,2.84,"N"
"5405",36.83059,42.41981,324.1,0.39,0.36,"2026-09-20",2303,"N20","nominal","2.0NRT",291.15,2.07,"N"
"5406",17.12469,34.85879,308.3,0.47,0.39,"2026-09-20",2307,"N20","nominal","2.0NRT",295.65,0.66,"N"
"5407",36.93534,41.69884,303.04,0.4,0.37,"2026-09-20",2303,"N20","nominal","2.0NRT",289.48,0.44,"N"
"5408",9.26876,43.98019,297.46,0.58,0.52,"2026-09-20",2309,"N20","nominal","2.0NRT",285.8,0.6,"N"
"5409",36.82398,42.4183,303.22,0.39,0.36,"2026-09-20",2303,"N20","nominal","2.0NRT",290.47,0.65,"N"
"5410",36.83031,42.3525,305.84,0.39,0.36,"2026-09-20",2303,"N20","nominal","2.0NRT",290.32,1.02,"N"
"5411",35.37554,50.20502,302.14,0.44,0.46,"2026-09-20",2303,"N20","nominal","2.0NRT",290.4,0.89,"N"
"5412",9.42393,30.106,324.62,0.47,0.48,"2026-09-20",2312,"N20","nominal","2.0NRT",276.94,2,"N"
"5413",37.44853,37.11316,311.77,0.4,0.45,"2026-09-20",2303,"N20","nominal","2.0NRT",289.6,1.43,"N"
"5414",9.41955,30.10536,302.21,0.47,0.48,"2026-09-20",2312,"N20","nominal","2.0NRT",274.74,2,"N"
"5415",37.44994,37.1115,317.95,0.4,0.45,"2026-09-20",2303,"N20","nominal","2.0NRT",290.12,1.29,"N"
"5416",9.41076,30.16928,314.51,0.47,0.47,"2026-09-20",2312,"N20","nominal","2.0NRT",280.8,2.03,"N"
"5417",37.44632,37.10616,304.77,0.4,0.45,"2026-09-20",2303,"N20","nominal","2.0NRT",290.06,0.86,"N"
"5418",9.4064,30.16865,343.5,0.47,0.47,"2026-09-20",2312,"N20","nominal","2.0NRT",280.77,10.06,"N"
"5419",36.8581,41.79417,303.61,0.4,0.37,"2026-09-20",2303,"N20","nominal","2.0NRT",288.75,0.43,"N"
"5420",9.40582,30.17288,336.53,0.47,0.47,"2026-09-20",2312,"N20","nominal","2.0NRT",284.01,10.06,"N"
"5421",35.26114,50.42239,305.5,0.45,0.47,"2026-09-20",2303,"N20","nominal","2.0NRT",289.26,1.3,"N"
"5422",9.40204,30.16801,304.44,0.47,0.47,"2026-09-20",2312,"N20","nominal","2.0NRT",279.4,10.06,"N"
"5423",36.92528,41.11925,306.38,0.41,0.37,"2026-09-20",2303,"N20","nominal","2.0NRT",288.13,0.9,"N"
"5424",9.40146,30.17225,310.71,0.47,0.47,"2026-09-20",2312,"N20","nominal","2.0NRT",280.8,10.06,"N"
"5425",36.96731,40.59726,311.83,0.43,0.38,"2026-09-20",2303,"N20","nominal","2.0NRT",291.86,0.94,"N"
"5426",9.09807,29.96314,309.68,0.48,0.48,"2026-09-20",2312,"N20","nominal","2.0NRT",280.14,1.05,"N"
"5427",36.91225,40.98303,297.19,0.42,0.37,"2026-09-20",2303,"N20","nominal","2.0NRT",280.18,0.39,"N"
"5428",9.09544,29.94949,320.48,0.48,0.48,"2026-09-20",2312,"N20","nominal","2.0NRT",288.19,2.72,"N"
"5429",37.86565,29.36814,300.96,0.54,0.68,"2026-09-20",2303,"N20","nominal","2.0NRT",285.89,1.56,"N"
"5430",9.09104,29.94884,317.2,0.48,0.48,"2026-09-20",2312,"N20","nominal","2.0NRT",288.09,2.72,"N"
"5431",36.90883,40.9823,315.53,0.42,0.37,"2026-09-20",2303,"N20","nominal","2.0NRT",280.9,1.44,"N"
"5432",9.10421,29.95267,304.45,0.48,0.48,"2026-09-20",2312,"N20","nominal","2.0NRT",282.73,1.9,"N"
"5433",37.35355,37.16039,311.65,0.4,0.44,"2026-09-20",2303,"N20","nominal","2.0NRT",292.33,1.03,"N"
"5434",9.09793,29.96501,312.88,0.48,0.48,"2026-09-20",2312,"N20","nominal","2.0NRT",284.84,0.77,"N"
"5435",37.05721,39.63077,304.08,0.46,0.39,"2026-09-20",2303,"N20","nominal","2.0NRT",288.37,0.61,"N"
"5436",9.0954,29.9514,322.36,0.48,0.48,"2026-09-20",2312,"N20","nominal","2.0NRT",288.25,2.62,"N"
"5437",37.05637,39.6286,300.09,0.46,0.39,"2026-09-20",2303,"N20","nominal","2.0NRT",288.96,0.37,"N"
"5438",37.29637,37.15792,313.41,0.4,0.44,"2026-09-20",2303,"N20","nominal","2.0NRT",292.47,1.18,"N"
"5439",9.091,29.95077,317.01,0.48,0.48,"2026-09-20",2312,"N20","nominal","2.0NRT",288.45,2.62,"N"
"5440",36.41301,43.70851,302.97,0.38,0.36,"2026-09-20",2303,"N20","nominal","2.0NRT",292.29,0.43,"N"
"5441",9.08158,29.95383,352.76,0.48,0.48,"2026-09-20",2312,"N20","nominal","2.0NRT",289.15,16.76,"N"
"5442",36.37956,43.64037,302.82,0.38,0.36,"2026-09-20",2303,"N20","nominal","2.0NRT",291.4,0.37,"N"
"5443",36.44379,42.92974,311.42,0.38,0.36,"2026-09-20",2303,"N20","nominal","2.0NRT",294.85,1.16,"N"
"5444",36.67202,41.2811,301.19,0.41,0.37,"2026-09-20",2303,"N20","nominal","2.0NRT",288.68,0.57,"N"
"5445",36.71228,40.60641,305.1,0.43,0.38,"2026-09-20",2303,"N20","nominal","2.0NRT",290.76,1.11,"N"
"5446",36.45833,41.28248,302.27,0.41,0.37,"2026-09-20",2303,"N20","nominal","2.0NRT",291.42,0.61,"N"
"5447",37.01906,36.09434,302.86,0.45,0.47,"2026-09-20",2303,"N20","nominal","2.0NRT",280.02,1.49,"N"
"5448",37.01386,36.10343,297.94,0.45,0.47,"2026-09-20",2303,"N20","nominal","2.0NRT",276.07,2.55,"N"
"5449",37.01734,36.09196,309.81,0.45,0.47,"2026-09-20",2303,"N20","nominal","2.0NRT",285.93,1.24,"N"
"5450",36.01823,43.67995,328.81,0.39,0.36,"2026-09-20",2303,"N20","nominal","2.0NRT",295.8,3.54,"N"
"5451",35.99798,43.76282,328.48,0.39,0.36,"2026-09-20",2303,"N20","nominal","2.0NRT",294.67,2.15,"N"
"5452",35.99867,43.75859,308.28,0.39,0.36,"2026-09-20",2303,"N20","nominal","2.0NRT",294.53,1.7,"N"
"5453",35.9835,43.76803,329.35,0.39,0.36,"2026-09-20",2303,"N20","nominal","2.0NRT",297.12,2.48,"N"
"5454",35.98022,43.76722,314.94,0.39,0.36,"2026-09-20",2303,"N20","nominal","2.0NRT",296.65,2.48,"N"
"5455",35.97228,43.77405,308.63,0.39,0.36,"2026-09-20",2303,"N20","nominal","2.0NRT",295.97,1.14,"N"
"5456",34.55347,50.95827,305.84,0.5,0.49,"2026-09-20",2303,"N20","nominal","2.0NRT",291.43,1.19,"N"
"5457",35.96398,43.74124,304.21,0.39,0.36,"2026-09-20",2303,"N20","nominal","2.0NRT",293.5,0.29,"N"
"5458",35.95223,43.72959,306.71,0.39,0.36,"2026-09-20",2303,"N20","nominal","2.0NRT",295.99,0.94,"N"
"5459",35.66922,45.0065,324.86,0.4,0.37,"2026-09-20",2303,"N20","nominal","2.0NRT",292.68,1.73,"N"
"5460",35.66997,45.00213,305.71,0.4,0.37,"2026-09-20",2303,"N20","nominal","2.0NRT",292.04,1.73,"N"
"5461",35.62635,45.21164,317.9,0.41,0.37,"2026-09-20",2303,"N20","nominal","2.0NRT",294.82,1.54,"N"
"5462",35.63565,45.09885,310.51,0.4,0.37,"2026-09-20",2303,"N20","nominal","2.0NRT",294.46,1.25,"N"
"5463",35.6323,45.09801,307.07,0.4,0.37,"2026-09-20",2303,"N20","nominal","2.0NRT",291.58,1.25,"N"
"5464",35.60402,45.09985,305.89,0.4,0.37,"2026-09-20",2303,"N20","nominal","2.0NRT",292.58,0.94,"N"
"5465",35.60069,45.0989,303.18,0.4,0.37,"2026-09-20",2303,"N20","nominal","2.0NRT",290.97,1.05,"N"
"5466",35.77203,43.996,342.95,0.39,0.36,"2026-09-20",2303,"N20","nominal","2.0NRT",297.24,7.1,"N"
"5467",35.53506,45.22648,312.19,0.41,0.37,"2026-09-20",2303,"N20","nominal","2.0NRT",290.68,1.36,"N"
"5468",35.72818,44.03365,329.5,0.39,0.36,"2026-09-20",2303,"N20","nominal","2.0NRT",297,8.42,"N"
"5469",35.72678,44.04213,333.22,0.39,0.36,"2026-09-20",2303,"N20","nominal","2.0NRT",297.83,9.42,"N"
"5470",35.7235,44.04132,333.58,0.39,0.36,"2026-09-20",2303,"N20","nominal","2.0NRT",299.35,9.42,"N"
"5471",36.7454,36.1992,311.48,0.44,0.46,"2026-09-20",2303,"N20","nominal","2.0NRT",286.2,1.74,"N"
"5472",35.67838,44.06548,320.26,0.39,0.36,"2026-09-20",2303,"N20","nominal","2.0NRT",294.74,1.89,"N"
"5473",35.67909,44.06124,305.17,0.39,0.36,"2026-09-20",2303,"N20","nominal","2.0NRT",294.52,0.63,"N"
"5474",35.71997,43.77209,309.93,0.39,0.36,"2026-09-20",2303,"N20","nominal","2.0NRT",297.58,1.3,"N"
"5475",35.68597,43.87601,327.57,0.39,0.36,"2026-09-20",2303,"N20","nominal","2.0NRT",314.34,38.47,"N"
"5476",35.66412,43.96738,320.82,0.39,0.36,"2026-09-20",2303,"N20","nominal","2.0NRT",294.51,1.28,"N"
"5477",35.66482,43.96315,317.28,0.39,0.36,"2026-09-20",2303,"N20","nominal","2.0NRT",292.93,1.24,"N"
"5478",35.66153,43.96234,317.46,0.39,0.36,"2026-09-20",2303,"N20","nominal","2.0NRT",292.87,1.24,"N"
"5479",35.66084,43.96657,307.61,0.39,0.36,"2026-09-20",2303,"N20","nominal","2.0NRT",293.11,1.28,"N"
"5480",36.13203,40.81047,311.53,0.42,0.37,"2026-09-20",2303,"N20","nominal","2.0NRT",293.29,1.33,"N"
"5481",35.63013,44.00745,343.05,0.39,0.36,"2026-09-20",2303,"N20","nominal","2.0NRT",305.9,18.13,"N"
"5482",35.62944,44.01168,321.26,0.39,0.36,"2026-09-20",2303,"N20","nominal","2.0NRT",297.15,7.33,"N"
"5483",35.58328,44.24762,303.69,0.39,0.36,"2026-09-20",2303,"N20","nominal","2.0NRT",293.45,0.64,"N"
"5484",35.58257,44.25187,308.4,0.39,0.36,"2026-09-20",2303,"N20","nominal","2.0NRT",294.89,0.64,"N"
"5485",35.56696,44.28345,335.49,0.39,0.36,"2026-09-20",2303,"N20","nominal","2.0NRT",296.44,2.73,"N"
"5486",35.56366,44.28263,315.68,0.39,0.36,"2026-09-20",2303,"N20","nominal","2.0NRT",293.91,1.58,"N"
"5487",34.32507,50.5617,304.97,0.48,0.48,"2026-09-20",2303,"N20","nominal","2.0NRT",291.69,1.34,"N"
"5488",35.53379,44.33731,334.89,0.39,0.36,"2026-09-20",2303,"N20","nominal","2.0NRT",295.2,2.79,"N"
"5489",35.53308,44.34158,317.9,0.39,0.36,"2026-09-20",2303,"N20","nominal","2.0NRT",292.8,2.06,"N"
"5490",35.52978,44.34076,330.2,0.39,0.36,"2026-09-20",2303,"N20","nominal","2.0NRT",295.83,2.06,"N"
"5491",35.53049,44.33649,305.19,0.39,0.36,"2026-09-20",2303,"N20","nominal","2.0NRT",294.16,2.79,"N"
"5492",35.52575,44.34419,329.38,0.39,0.36,"2026-09-20",2303,"N20","nominal","2.0NRT",295.77,2.69,"N"
"5493",35.52647,44.33993,312.64,0.39,0.36,"2026-09-20",2303,"N20","nominal","2.0NRT",293.19,2.69,"N"
"5494",35.45891,44.41774,329.21,0.39,0.36,"2026-09-20",2303,"N20","nominal","2.0NRT",295.7,4.25,"N"
"5495",35.45819,44.42201,323.35,0.39,0.36,"2026-09-20",2303,"N20","nominal","2.0NRT",297.15,3.62,"N"
"5496",35.63828,43.28419,302.72,0.38,0.36,"2026-09-20",2303,"N20","nominal","2.0NRT",291.52,0.23,"N"
"5497",35.48938,44.15466,324.17,0.39,0.36,"2026-09-20",2303,"N20","nominal","2.0NRT",293.6,12.83,"N"
"5498",35.48608,44.15384,331.66,0.39,0.36,"2026-09-20",2303,"N20","nominal","2.0NRT",303.11,12.83,"N"
"5499",35.41979,44.22135,303.55,0.39,0.36,"2026-09-20",2303,"N20","nominal","2.0NRT",291.1,0.49,"N"
"5500",35.40956,44.22493,324.56,0.39,0.36,"2026-09-20",2303,"N20","nominal","2.0NRT",291.69,1.12,"N"
"5501",35.38647,44.21916,330.05,0.39,0.36,"2026-09-20",2303,"N20","nominal","2.0NRT",295.23,5.82,"N"
"5502",35.32821,44.3199,317.15,0.39,0.36,"2026-09-20",2303,"N20","nominal","2.0NRT",294.46,1.79,"N"
"5503",35.24827,44.43026,336.02,0.39,0.37,"2026-09-20",2303,"N20","nominal","2.0NRT",302.15,12.35,"N"
"5504",35.24496,44.42944,331.87,0.39,0.37,"2026-09-20",2303,"N20","nominal","2.0NRT",295.59,2.9,"N"
"5505",35.12537,44.57097,328.96,0.4,0.37,"2026-09-20",2303,"N20","nominal","2.0NRT",294.82,2.01,"N"
"5506",34.69954,46.79152,320.6,0.47,0.4,"2026-09-20",2303,"N20","nominal","2.0NRT",284.55,2.37,"N"
"5507",36.0134,36.97039,301.93,0.4,0.44,"2026-09-20",2303,"N20","nominal","2.0NRT",284.84,0.96,"N"
"5508",36.00935,36.96972,300.82,0.4,0.44,"2026-09-20",2303,"N20","nominal","2.0NRT",285.48,0.58,"N"
"5509",33.99909,49.47148,301.35,0.43,0.46,"2026-09-20",2303,"N20","nominal","2.0NRT",289.79,1.67,"N"
"5510",36.26567,33.7287,311.47,0.6,0.53,"2026-09-20",2303,"N20","nominal","2.0NRT",292.41,1.33,"N"
"5511",36.26345,33.72871,316.26,0.6,0.53,"2026-09-20",2303,"N20","nominal","2.0NRT",293.99,3.2,"N"
"5512",34.35353,47.36335,314.06,0.5,0.41,"2026-09-20",2303,"N20","nominal","2.0NRT",288.4,1.92,"N"
"5513",35.02016,43.5005,336.31,0.39,0.36,"2026-09-20",2303,"N20","nominal","2.0NRT",297.72,4.28,"N"
"5514",35.00115,43.4916,329.35,0.39,0.36,"2026-09-20",2303,"N20","nominal","2.0NRT",296.24,2.45,"N"
"5515",34.86556,44.02283,339.63,0.39,0.36,"2026-09-20",2303,"N20","nominal","2.0NRT",299.33,11.76,"N"
"5516",34.89867,43.80327,335.1,0.39,0.36,"2026-09-20",2303,"N20","nominal","2.0NRT",300.04,5.21,"N"
"5517",34.89797,43.80746,329.6,0.39,0.36,"2026-09-20",2303,"N20","nominal","2.0NRT",303.18,5.59,"N"
"5518",34.86227,44.02201,304.56,0.39,0.36,"2026-09-20",2303,"N20","nominal","2.0NRT",294.42,0.49,"N"
"5519",34.89537,43.80247,334.63,0.39,0.36,"2026-09-20",2303,"N20","nominal","2.0NRT",299.26,5.21,"N"
"5520",34.89468,43.80667,333.02,0.39,0.36,"2026-09-20",2303,"N20","nominal","2.0NRT",300.51,5.59,"N"
"5521",34.91172,43.43234,305.95,0.39,0.36,"2026-09-20",2303,"N20","nominal","2.0NRT",295.47,0.77,"N"
"5522",34.23217,47.01339,303.23,0.49,0.4,"2026-09-20",2303,"N20","nominal","2.0NRT",285,1.2,"N"
"5523",34.22854,47.01249,307.85,0.49,0.4,"2026-09-20",2303,"N20","nominal","2.0NRT",286.21,1.96,"N"
"5524",35.30441,40.44629,314.07,0.42,0.38,"2026-09-20",2303,"N20","nominal","2.0NRT",295.17,0.95,"N"
"5525",34.29815,46.19791,300.05,0.45,0.39,"2026-09-20",2303,"N20","nominal","2.0NRT",284.58,0.75,"N"
"5526",33.10305,51.42616,297.86,0.57,0.52,"2026-09-20",2303,"N20","nominal","2.0NRT",286.96,0.72,"N"
"5527",34.12727,46.57427,312.51,0.47,0.39,"2026-09-20",2303,"N20","nominal","2.0NRT",284.35,0.69,"N"
"5528",34.10919,46.59024,300.2,0.47,0.4,"2026-09-20",2303,"N20","nominal","2.0NRT",285.49,0.78,"N"
"5529",34.10824,46.58887,300.66,0.47,0.4,"2026-09-20",2303,"N20","nominal","2.0NRT",285.47,1.04,"N"
"5530",32.33592,54.08401,303.38,0.42,0.61,"2026-09-20",2303,"N20","nominal","2.0NRT",289.02,0.89,"N"
"5531",32.3348,54.08828,303.2,0.42,0.61,"2026-09-20",2303,"N20","nominal","2.0NRT",289.51,0.89,"N"
"5532",32.39718,53.75858,304.45,0.4,0.6,"2026-09-20",2303,"N20","nominal","2.0NRT",294.23,1.08,"N"
"5533",32.40052,53.72334,306.16,0.4,0.6,"2026-09-20",2303,"N20","nominal","2.0NRT",294.01,0.72,"N"
"5534",32.39297,53.75238,310.41,0.4,0.6,"2026-09-20",2303,"N20","nominal","2.0NRT",296.03,1.83,"N"
"5535",32.3919,53.75653,313.89,0.4,0.6,"2026-09-20",2303,"N20","nominal","2.0NRT",296.44,1.83,"N"
"5536",33.482,49.07296,303.83,0.42,0.45,"2026-09-20",2303,"N20","nominal","2.0NRT",292.88,1.08,"N"
"5537",32.39622,53.75887,305.71,0.4,0.6,"2026-09-20",2303,"N20","nominal","2.0NRT",294.99,1.23,"N"
"5538",32.39936,53.72349,306.59,0.4,0.6,"2026-09-20",2303,"N20","nominal","2.0NRT",293.74,0.82,"N"
"5539",32.39199,53.75262,310.25,0.4,0.6,"2026-09-20",2303,"N20","nominal","2.0NRT",295.4,1.23,"N"
"5540",32.39094,53.75679,312.26,0.4,0.6,"2026-09-20",2303,"N20","nominal","2.0NRT",295.45,1.23,"N"
"5541",32.38356,53.74009,304.54,0.4,0.6,"2026-09-20",2303,"N20","nominal","2.0NRT",293.74,1.74,"N"
"5542",34.91221,40.82636,303.31,0.41,0.37,"2026-09-20",2303,"N20","nominal","2.0NRT",293.04,0.41,"N"
"5543",32.70478,52.29008,312.92,0.33,0.55,"2026-09-20",2303,"N20","nominal","2.0NRT",288.11,1.4,"N"
"5544",32.70397,52.29343,315.79,0.33,0.55,"2026-09-20",2303,"N20","nominal","2.0NRT",287.74,1.4,"N"
"5545",33.74629,47.11061,298.05,0.5,0.41,"2026-09-20",2303,"N20","nominal","2.0NRT",287.37,0.7,"N"
"5546",32.78154,51.50657,311.31,0.59,0.53,"2026-09-20",2303,"N20","nominal","2.0NRT",295.53,4.46,"N"
"5547",33.37269,48.39854,297.98,0.39,0.44,"2026-09-20",2303,"N20","nominal","2.0NRT",287.46,0.67,"N"
"5548",33.37186,48.40258,299.35,0.39,0.44,"2026-09-20",2303,"N20","nominal","2.0NRT",287.94,0.73,"N"
"5549",33.72309,46.29961,301.26,0.46,0.39,"2026-09-20",2303,"N20","nominal","2.0NRT",289.39,0.65,"N"
"5550",32.57739,51.58331,304.6,0.6,0.53,"2026-09-20",2303,"N20","nominal","2.0NRT",292.13,1.38,"N"
"5551",33.6959,46.22672,319.11,0.46,0.39,"2026-09-20",2303,"N20","nominal","2.0NRT",291.83,0.91,"N"
"5552",31.85072,54.28354,307.4,0.45,0.63,"2026-09-20",2303,"N20","nominal","2.0NRT",291.16,1.12,"N"
"5553",34.91649,37.94574,319.22,0.52,0.41,"2026-09-20",2303,"N20","nominal","2.0NRT",287.17,2.22,"N"
"5554",33.10681,48.55507,322.78,0.4,0.44,"2026-09-20",2303,"N20","nominal","2.0NRT",293.76,2.81,"N"
"5555",33.10762,48.55119,311.91,0.4,0.44,"2026-09-20",2303,"N20","nominal","2.0NRT",292.88,1.58,"N"
"5556",31.62403,54.74241,304.11,0.48,0.65,"2026-09-20",2303,"N20","nominal","2.0NRT",291.05,0.66,"N"
"5557",33.25165,47.73497,321.67,0.54,0.42,"2026-09-20",2303,"N20","nominal","2.0NRT",292.35,2.34,"N"
"5558",32.41129,51.51472,307,0.6,0.53,"2026-09-20",2303,"N20","nominal","2.0NRT",288.66,1.24,"N"
"5559",32.42848,51.31529,300.53,0.59,0.53,"2026-09-20",2303,"N20","nominal","2.0NRT",290.26,2.21,"N"
"5560",32.4287,51.31455,301.04,0.59,0.53,"2026-09-20",2303,"N20","nominal","2.0NRT",291,1.56,"N"
"5561",32.41039,51.32838,302.44,0.59,0.53,"2026-09-20",2303,"N20","nominal","2.0NRT",289.92,1.26,"N"
"5562",32.40897,51.33446,304.33,0.59,0.53,"2026-09-20",2303,"N20","nominal","2.0NRT",291.42,1.26,"N"
"5563",32.40497,51.22242,297.82,0.58,0.52,"2026-09-20",2303,"N20","nominal","2.0NRT",287.1,1.02,"N"
"5564",34.25887,41.21417,308.05,0.4,0.37,"2026-09-20",2303,"N20","nominal","2.0NRT",294.12,1.41,"N"
"5565",32.25786,51.52844,312.72,0.61,0.53,"2026-09-20",2303,"N20","nominal","2.0NRT",287.17,3.2,"N"
"5566",32.17437,51.8823,304.51,0.32,0.55,"2026-09-20",2303,"N20","nominal","2.0NRT",290.98,1.19,"N"
"5567",32.17319,51.8433,305.06,0.32,0.54,"2026-09-20",2303,"N20","nominal","2.0NRT",288.57,0.69,"N"
"5568",32.24965,51.41152,311.64,0.6,0.53,"2026-09-20",2303,"N20","nominal","2.0NRT",291.45,2.23,"N"
"5569",32.24056,51.42848,346.28,0.6,0.53,"2026-09-20",2303,"N20","nominal","2.0NRT",295.47,10.9,"N"
"5570",32.24348,51.4161,301.48,0.6,0.53,"2026-09-20",2303,"N20","nominal","2.0NRT",290.73,2.23,"N"
"5571",32.24202,51.42228,309.46,0.6,0.53,"2026-09-20",2303,"N20","nominal","2.0NRT",293.46,10.9,"N"
"5572",32.22295,51.39548,302.6,0.6,0.53,"2026-09-20",2303,"N20","nominal","2.0NRT",287.73,2.07,"N"
"5573",32.22147,51.40168,314.13,0.6,0.53,"2026-09-20",2303,"N20","nominal","2.0NRT",290.17,3.07,"N"
"5574",30.7551,56.65823,301.27,0.65,0.73,"2026-09-20",2303,"N20","nominal","2.0NRT",287.94,2.15,"N"
"5575",32.15726,51.20522,298.73,0.59,0.53,"2026-09-20",2303,"N20","nominal","2.0NRT",283.6,1.35,"N"
"5576",33.48933,44.35397,307.98,0.4,0.37,"2026-09-20",2303,"N20","nominal","2.0NRT",296.54,1.93,"N"
"5577",35.14763,26.17818,299.6,0.78,0.78,"2026-09-20",2303,"N20","nominal","2.0NRT",285.95,1.48,"N"
"5578",35.14751,26.18604,306.6,0.78,0.78,"2026-09-20",2303,"N20","nominal","2.0NRT",286.58,1.48,"N"
"5579",35.14039,26.17756,301.02,0.78,0.78,"2026-09-20",2303,"N20","nominal","2.0NRT",286.58,3.06,"N"
"5580",35.13324,26.17027,302.88,0.79,0.78,"2026-09-20",2303,"N20","nominal","2.0NRT",285.58,5.48,"N"
"5581",35.13313,26.17814,316.23,0.78,0.78,"2026-09-20",2303,"N20","nominal","2.0NRT",286.51,3.06,"N"
"5582",33.41738,44.46595,313,0.41,0.37,"2026-09-20",2303,"N20","nominal","2.0NRT",298.54,1.78,"N"
"5583",31.89601,51.68312,297.69,0.63,0.54,"2026-09-20",2303,"N20","nominal","2.0NRT",287.62,1.08,"N"
"5584",31.89443,51.6839,297.47,0.63,0.54,"2026-09-20",2303,"N20","nominal","2.0NRT",287.44,0.9,"N"
"5585",35.14603,26.18491,307.27,0.78,0.78,"2026-09-20",2303,"N20","nominal","2.0NRT",286.77,3.57,"N"
"5586",35.14587,26.19296,304.42,0.78,0.78,"2026-09-20",2303,"N20","nominal","2.0NRT",287.02,2.25,"N"
"5587",35.13895,26.17661,330.81,0.78,0.78,"2026-09-20",2303,"N20","nominal","2.0NRT",287.61,6.25,"N"
"5588",33.3183,44.70641,304.77,0.41,0.37,"2026-09-20",2303,"N20","nominal","2.0NRT",293.53,0.45,"N"
"5589",33.32442,44.57169,337.67,0.41,0.37,"2026-09-20",2303,"N20","nominal","2.0NRT",299.58,6.54,"N"
"5590",33.031,46.13774,313.08,0.46,0.39,"2026-09-20",2303,"N20","nominal","2.0NRT",298.05,1.48,"N"
"5591",33.01506,46.12332,341.02,0.46,0.39,"2026-09-20",2303,"N20","nominal","2.0NRT",298.11,4.9,"N"
"5592",32.99582,46.18491,330.98,0.47,0.39,"2026-09-20",2303,"N20","nominal","2.0NRT",299.8,4.58,"N"
"5593",32.99488,46.18979,319.95,0.47,0.39,"2026-09-20",2303,"N20","nominal","2.0NRT",298.35,3.71,"N"
"5594",32.99224,46.18399,321.37,0.47,0.39,"2026-09-20",2303,"N20","nominal","2.0NRT",299.25,2.57,"N"
"5595",33.21943,44.76547,343.67,0.41,0.37,"2026-09-20",2303,"N20","nominal","2.0NRT",303.2,7,"N"
"5596",33.59091,42.50311,308,0.38,0.36,"2026-09-20",2303,"N20","nominal","2.0NRT",295.29,1.42,"N"
"5597",33.59026,42.50721,306.75,0.38,0.36,"2026-09-20",2303,"N20","nominal","2.0NRT",296.58,1.09,"N"
"5598",32.52273,48.22195,307.24,0.39,0.44,"2026-09-20",2303,"N20","nominal","2.0NRT",296.23,1.33,"N"
"5599",33.15898,44.78699,328.78,0.42,0.37,"2026-09-20",2303,"N20","nominal","2.0NRT",296.34,2.73,"N"
"5600",32.59672,47.54428,334.89,0.54,0.42,"2026-09-20",2303,"N20","nominal","2.0NRT",298.72,6.07,"N"
"5601",32.59966,47.54387,343.52,0.54,0.42,"2026-09-20",2303,"N20","nominal","2.0NRT",297.14,6.22,"N"
"5602",30.7324,55.38428,296.54,0.55,0.68,"2026-09-20",2303,"N20","nominal","2.0NRT",286.02,0.89,"N"
"5603",32.605,47.17639,308.46,0.52,0.42,"2026-09-20",2303,"N20","nominal","2.0NRT",292.67,0.68,"N"
"5604",32.17435,49.05684,305.5,0.44,0.46,"2026-09-20",2303,"N20","nominal","2.0NRT",293.99,1,"N"
"5605",32.17416,49.05854,305.98,0.44,0.46,"2026-09-20",2303,"N20","nominal","2.0NRT",293.61,0.22,"N"
"5606",30.23621,56.90788,302.98,0.7,0.75,"2026-09-20",2303,"N20","nominal","2.0NRT",286.73,2.09,"N"
"5607",32.5577,47.09808,306.66,0.52,0.41,"2026-09-20",2303,"N20","nominal","2.0NRT",296.29,1.9,"N"
"5608",32.50497,47.20477,330.69,0.53,0.42,"2026-09-20",2303,"N20","nominal","2.0NRT",297.53,7.41,"N"
"5609",32.50388,47.21025,317.32,0.53,0.42,"2026-09-20",2303,"N20","nominal","2.0NRT",296.32,5.31,"N"
"5610",32.49153,47.21248,328.09,0.53,0.42,"2026-09-20",2303,"N20","nominal","2.0NRT",306.43,8.61,"N"
"5611",32.49262,47.20704,313.97,0.53,0.42,"2026-09-20",2303,"N20","nominal","2.0NRT",298.1,8.61,"N"
"5612",30.38227,55.86223,298.7,0.6,0.71,"2026-09-20",2303,"N20","nominal","2.0NRT",286.25,0.95,"N"
"5613",32.36032,47.70038,331.37,0.56,0.43,"2026-09-20",2303,"N20","nominal","2.0NRT",298.25,3.35,"N"
"5614",32.36152,47.69461,312.27,0.56,0.43,"2026-09-20",2303,"N20","nominal","2.0NRT",297.05,3.35,"N"
"5615",32.35406,47.71095,334.4,0.56,0.43,"2026-09-20",2303,"N20","nominal","2.0NRT",301.13,7.55,"N"
"5616",32.35526,47.70514,314.95,0.56,0.43,"2026-09-20",2303,"N20","nominal","2.0NRT",296.42,7.55,"N"
"5617",32.35138,47.70412,329.35,0.56,0.43,"2026-09-20",2303,"N20","nominal","2.0NRT",297.63,5.34,"N"
"5618",32.35019,47.70991,326.07,0.56,0.43,"2026-09-20",2303,"N20","nominal","2.0NRT",299.11,5.34,"N"
"5619",32.35456,47.70994,343.59,0.56,0.43,"2026-09-20",2303,"N20","nominal","2.0NRT",302.57,11.29,"N"
"5620",32.35068,47.70891,335.24,0.56,0.43,"2026-09-20",2303,"N20","nominal","2.0NRT",298.86,11.29,"N"
"5621",32.37078,47.40611,322.01,0.54,0.42,"2026-09-20",2303,"N20","nominal","2.0NRT",294.78,1.64,"N"
"5622",32.36699,47.40501,306.61,0.54,0.42,"2026-09-20",2303,"N20","nominal","2.0NRT",294.64,1.13,"N"
"5623",32.34804,47.45926,316.53,0.54,0.42,"2026-09-20",2303,"N20","nominal","2.0NRT",294.83,2.2,"N"
"5624",31.90715,49.26657,310.15,0.46,0.47,"2026-09-20",2303,"N20","nominal","2.0NRT",293.85,0.79,"N"
"5625",31.90846,49.27051,302.73,0.46,0.47,"2026-09-20",2303,"N20","nominal","2.0NRT",291.99,0.33,"N"
"5626",30.21574,55.98332,299.78,0.62,0.71,"2026-09-20",2303,"N20","nominal","2.0NRT",287.22,0.84,"N"
"5627",32.03721,48.3941,302.15,0.41,0.45,"2026-09-20",2303,"N20","nominal","2.0NRT",291.56,1.21,"N"
"5628",32.25954,47.25122,323,0.53,0.42,"2026-09-20",2303,"N20","nominal","2.0NRT",296.21,1.81,"N"
"5629",32.25575,47.25019,332.03,0.53,0.42,"2026-09-20",2303,"N20","nominal","2.0NRT",300.08,16.34,"N"
"5630",29.92743,56.73059,298.85,0.69,0.74,"2026-09-20",2303,"N20","nominal","2.0NRT",285.59,1.96,"N"
"5631",32.18077,47.5207,332.39,0.55,0.43,"2026-09-20",2303,"N20","nominal","2.0NRT",296.11,5.09,"N"
"5632",32.17694,47.51961,328.37,0.55,0.43,"2026-09-20",2303,"N20","nominal","2.0NRT",297.96,24.35,"N"
"5633",32.15121,47.58546,312.71,0.56,0.43,"2026-09-20",2303,"N20","nominal","2.0NRT",295.69,0.71,"N"
"5634",32.15141,47.58438,315.73,0.56,0.43,"2026-09-20",2303,"N20","nominal","2.0NRT",296.26,1.41,"N"
"5635",29.93167,56.73219,295.99,0.69,0.74,"2026-09-20",2303,"N20","nominal","2.0NRT",284.49,0.93,"N"
"5636",32.49127,45.66045,321.58,0.45,0.39,"2026-09-20",2303,"N20","nominal","2.0NRT",295.92,3.58,"N"
"5637",32.49039,45.66518,344.57,0.45,0.39,"2026-09-20",2303,"N20","nominal","2.0NRT",297.26,3.58,"N"
"5638",32.10979,47.54839,331.77,0.56,0.43,"2026-09-20",2303,"N20","nominal","2.0NRT",300.75,6.14,"N"
"5639",32.10593,47.54736,310.35,0.56,0.43,"2026-09-20",2303,"N20","nominal","2.0NRT",296.26,6.14,"N"
"5640",32.12977,47.40933,331.97,0.55,0.42,"2026-09-20",2303,"N20","nominal","2.0NRT",298.56,11.37,"N"
"5641",31.76443,49.15586,321.58,0.46,0.47,"2026-09-20",2303,"N20","nominal","2.0NRT",297.49,2.52,"N"
"5642",32.12097,47.4129,321.11,0.55,0.42,"2026-09-20",2303,"N20","nominal","2.0NRT",298.05,28.39,"N"
"5643",32.11829,47.40617,327.82,0.55,0.42,"2026-09-20",2303,"N20","nominal","2.0NRT",296.34,14.01,"N"
"5644",32.11715,47.41185,332.99,0.55,0.42,"2026-09-20",2303,"N20","nominal","2.0NRT",308.12,28.39,"N"
"5645",32.09455,47.42357,321.55,0.55,0.43,"2026-09-20",2303,"N20","nominal","2.0NRT",294.6,2.19,"N"
"5646",32.0934,47.42923,308.05,0.55,0.43,"2026-09-20",2303,"N20","nominal","2.0NRT",294.94,1.73,"N"
"5647",33.71992,37.01124,306.51,0.56,0.43,"2026-09-20",2303,"N20","nominal","2.0NRT",291.83,2.24,"N"
"5648",32.71684,44.08876,317.87,0.4,0.37,"2026-09-20",2303,"N20","nominal","2.0NRT",294.22,1.78,"N"
"5649",32.06143,47.44263,330.83,0.55,0.43,"2026-09-20",2303,"N20","nominal","2.0NRT",297.42,4.25,"N"
"5650",32.0576,47.44156,328.97,0.55,0.43,"2026-09-20",2303,"N20","nominal","2.0NRT",295.9,4.25,"N"
"5651",31.65167,49.27039,322.42,0.47,0.47,"2026-09-20",2303,"N20","nominal","2.0NRT",296.3,2.51,"N"
"5652",29.98854,55.85315,332.05,0.61,0.71,"2026-09-20",2303,"N20","nominal","2.0NRT",287.58,6.27,"N"
"5653",30.0814,55.39433,314.31,0.57,0.69,"2026-09-20",2303,"N20","nominal","2.0NRT",289.75,2.48,"N"
"5654",30.07984,55.40002,307.07,0.57,0.69,"2026-09-20",2303,"N20","nominal","2.0NRT",288.71,2.48,"N"
"5655",30.08309,55.39997,322.44,0.57,0.69,"2026-09-20",2303,"N20","nominal","2.0NRT",288.69,4.47,"N"
"5656",33.63017,36.57553,311.29,0.39,0.44,"2026-09-20",2303,"N20","nominal","2.0NRT",292.37,1.56,"N"
"5657",32.48508,44.06225,304.96,0.4,0.37,"2026-09-20",2303,"N20","nominal","2.0NRT",294.29,0.39,"N"
"5658",32.42907,44.27669,308.19,0.41,0.37,"2026-09-20",2303,"N20","nominal","2.0NRT",297.08,1.17,"N"
"5659",31.32732,49.28209,304.88,0.47,0.48,"2026-09-20",2303,"N20","nominal","2.0NRT",294.06,0.77,"N"
"5660",31.32302,49.28086,338.8,0.47,0.48,"2026-09-20",2303,"N20","nominal","2.0NRT",297,4.67,"N"
"5661",32.33438,44.09156,307.81,0.41,0.37,"2026-09-20",2303,"N20","nominal","2.0NRT",296.48,1.69,"N"
"5662",31.66208,47.52334,310.1,0.56,0.43,"2026-09-20",2303,"N20","nominal","2.0NRT",297.4,1.55,"N"
"5663",31.6582,47.52227,318.1,0.56,0.43,"2026-09-20",2303,"N20","nominal","2.0NRT",296.29,2.11,"N"
"5664",31.65551,47.51538,332.65,0.56,0.43,"2026-09-20",2303,"N20","nominal","2.0NRT",298.27,7.61,"N"
"5665",31.41007,48.64841,314.11,0.44,0.46,"2026-09-20",2303,"N20","nominal","2.0NRT",294.08,1.21,"N"
"5666",31.30405,49.11739,316.39,0.46,0.47,"2026-09-20",2303,"N20","nominal","2.0NRT",293.74,2.36,"N"
"5667",31.69245,47.2536,307.26,0.55,0.42,"2026-09-20",2303,"N20","nominal","2.0NRT",297.17,1.6,"N"
"5668",31.30904,48.76941,330.69,0.44,0.46,"2026-09-20",2303,"N20","nominal","2.0NRT",296.12,4,"N"
"5669",31.30807,48.77397,325.29,0.44,0.46,"2026-09-20",2303,"N20","nominal","2.0NRT",297.57,3.82,"N"
"5670",31.21311,49.21515,332.29,0.47,0.48,"2026-09-20",2303,"N20","nominal","2.0NRT",295.1,3.43,"N"
"5671",31.20882,49.21389,335.99,0.47,0.48,"2026-09-20",2303,"N20","nominal","2.0NRT",294.68,5.23,"N"
"5672",31.3039,48.77275,311.98,0.44,0.46,"2026-09-20",2303,"N20","nominal","2.0NRT",294.78,1.72,"N"
"5673",31.27736,48.73126,340.56,0.44,0.46,"2026-09-20",2303,"N20","nominal","2.0NRT",299.69,7.26,"N"
"5674",33.26952,36.3264,302.57,0.4,0.44,"2026-09-20",2303,"N20","nominal","2.0NRT",290.17,0.86,"N"
"5675",31.27221,48.73459,311.16,0.44,0.46,"2026-09-20",2303,"N20","nominal","2.0NRT",300.91,3.05,"N"
"5676",31.22632,48.94629,311.28,0.46,0.47,"2026-09-20",2303,"N20","nominal","2.0NRT",296.75,2.19,"N"
"5677",31.26804,48.73339,312,0.44,0.46,"2026-09-20",2303,"N20","nominal","2.0NRT",298.82,2.85,"N"
"5678",31.14018,49.31804,308.69,0.48,0.48,"2026-09-20",2303,"N20","nominal","2.0NRT",293.3,3.7,"N"
"5679",31.13586,49.31675,345.33,0.48,0.48,"2026-09-20",2303,"N20","nominal","2.0NRT",296.49,3.7,"N"
"5680",31.13478,49.32165,340.95,0.48,0.48,"2026-09-20",2303,"N20","nominal","2.0NRT",296.32,3.7,"N"
"5681",31.21584,48.95316,313.02,0.46,0.47,"2026-09-20",2303,"N20","nominal","2.0NRT",294.21,1.5,"N"
"5682",31.21162,48.95192,350.17,0.46,0.47,"2026-09-20",2303,"N20","nominal","2.0NRT",301.83,12.63,"N"
"5683",31.13047,49.32035,324.09,0.48,0.48,"2026-09-20",2303,"N20","nominal","2.0NRT",297.11,5.7,"N"
"5684",31.12937,49.32529,307,0.48,0.48,"2026-09-20",2303,"N20","nominal","2.0NRT",295.52,1.88,"N"
"5685",31.2074,48.9507,333.34,0.46,0.47,"2026-09-20",2303,"N20","nominal","2.0NRT",296.49,12.63,"N"
"5686",31.12616,49.31905,339.8,0.48,0.48,"2026-09-20",2303,"N20","nominal","2.0NRT",297.97,5.7,"N"
"5687",31.43721,47.83721,306.4,0.39,0.44,"2026-09-20",2303,"N20","nominal","2.0NRT",294.85,0.77,"N"
"5688",31.20978,48.94902,338.8,0.46,0.47,"2026-09-20",2303,"N20","nominal","2.0NRT",296.8,12.52,"N"
"5689",31.20879,48.95371,331.18,0.46,0.47,"2026-09-20",2303,"N20","nominal","2.0NRT",298.7,15.67,"N"
"5690",31.12991,49.32337,317.77,0.48,0.48,"2026-09-20",2303,"N20","nominal","2.0NRT",296.8,5.46,"N"
"5691",31.12665,49.31711,338.15,0.48,0.48,"2026-09-20",2303,"N20","nominal","2.0NRT",297.33,5.46,"N"
"5692",31.43586,47.8381,308.95,0.39,0.44,"2026-09-20",2303,"N20","nominal","2.0NRT",293.89,1.12,"N"
"5693",31.77179,46.06447,310.44,0.48,0.4,"2026-09-20",2303,"N20","nominal","2.0NRT",298.46,1.98,"N"
"5694",31.76818,46.06353,325.54,0.48,0.4,"2026-09-20",2303,"N20","nominal","2.0NRT",297.25,1.98,"N"
"5695",31.76473,46.04177,323.83,0.48,0.4,"2026-09-20",2303,"N20","nominal","2.0NRT",295.19,6.73,"N"
"5696",31.76378,46.04673,320.96,0.48,0.4,"2026-09-20",2303,"N20","nominal","2.0NRT",301.29,10.74,"N"
"5697",31.04119,49.39204,324.86,0.49,0.48,"2026-09-20",2303,"N20","nominal","2.0NRT",295.87,2.56,"N"
"5698",31.03465,49.40074,304.54,0.49,0.48,"2026-09-20",2303,"N20","nominal","2.0NRT",293.53,1.33,"N"
"5699",31.35615,47.85873,306.55,0.4,0.44,"2026-09-20",2303,"N20","nominal","2.0NRT",292.93,0.64,"N"
"5700",31.35302,47.85354,305.1,0.4,0.44,"2026-09-20",2303,"N20","nominal","2.0NRT",292.09,1.47,"N"
"5701",31.35217,47.85761,319.27,0.4,0.44,"2026-09-20",2303,"N20","nominal","2.0NRT",293.23,1.72,"N"
"5702",31.27663,48.11674,316.3,0.41,0.45,"2026-09-20",2303,"N20","nominal","2.0NRT",295.65,1.18,"N"
"5703",31.27574,48.12094,309.04,0.41,0.45,"2026-09-20",2303,"N20","nominal","2.0NRT",294.44,1.18,"N"
"5704",31.2726,48.1156,354.43,0.41,0.45,"2026-09-20",2303,"N20","nominal","2.0NRT",314.39,24.52,"N"
"5705",31.27171,48.1198,326.99,0.41,0.45,"2026-09-20",2303,"N20","nominal","2.0NRT",300.2,24.52,"N"
"5706",31.27349,48.1114,314.65,0.41,0.45,"2026-09-20",2303,"N20","nominal","2.0NRT",293.21,1.4,"N"
"5707",31.26946,48.11026,302.32,0.41,0.45,"2026-09-20",2303,"N20","nominal","2.0NRT",292.16,1.4,"N"
"5708",31.26856,48.11447,313.68,0.41,0.45,"2026-09-20",2303,"N20","nominal","2.0NRT",293.65,24.52,"N"
"5709",31.26768,48.11867,305.11,0.41,0.45,"2026-09-20",2303,"N20","nominal","2.0NRT",293.34,24.52,"N"
"5710",31.27301,48.11681,333.35,0.41,0.45,"2026-09-20",2303,"N20","nominal","2.0NRT",319.32,19.9,"N"
"5711",31.27214,48.12103,321.86,0.41,0.45,"2026-09-20",2303,"N20","nominal","2.0NRT",296.15,19.9,"N"
"5712",31.27388,48.11259,317.63,0.41,0.45,"2026-09-20",2303,"N20","nominal","2.0NRT",294.06,1.85,"N"
"5713",31.26898,48.11567,320.23,0.41,0.45,"2026-09-20",2303,"N20","nominal","2.0NRT",294.49,19.9,"N"
"5714",31.26984,48.11145,306.1,0.41,0.45,"2026-09-20",2303,"N20","nominal","2.0NRT",292.98,1.85,"N"
"5715",31.26811,48.11988,304.58,0.41,0.45,"2026-09-20",2303,"N20","nominal","2.0NRT",293.22,19.9,"N"
"5716",31.32601,47.79523,305.1,0.39,0.44,"2026-09-20",2303,"N20","nominal","2.0NRT",292.37,0.9,"N"
"5717",31.30059,47.79668,351.89,0.39,0.44,"2026-09-20",2303,"N20","nominal","2.0NRT",299.65,12.7,"N"
"5718",30.89195,49.60926,329.66,0.51,0.49,"2026-09-20",2303,"N20","nominal","2.0NRT",293.58,2.48,"N"
"5719",31.23637,47.96496,367,0.4,0.44,"2026-09-20",2303,"N20","high","2.0NRT",298.55,11.19,"N"
"5720",31.23551,47.9691,328.79,0.4,0.44,"2026-09-20",2303,"N20","nominal","2.0NRT",295.13,11.19,"N"
"5721",31.28387,47.7153,320.76,0.39,0.44,"2026-09-20",2303,"N20","nominal","2.0NRT",296.44,1.69,"N"
"5722",30.94877,49.18429,350.78,0.48,0.48,"2026-09-20",2303,"N20","nominal","2.0NRT",296.91,13.17,"N"
"5723",30.96367,49.11662,319.84,0.47,0.48,"2026-09-20",2303,"N20","nominal","2.0NRT",292.62,1.84,"N"
"5724",30.95514,49.13465,314.48,0.47,0.48,"2026-09-20",2303,"N20","nominal","2.0NRT",293.34,1.57,"N"
"5725",30.71567,50.12116,310.4,0.55,0.51,"2026-09-20",2303,"N20","nominal","2.0NRT",295.28,1.36,"N"
"5726",30.71111,50.1198,304.92,0.55,0.51,"2026-09-20",2303,"N20","nominal","2.0NRT",294.9,1.36,"N"
"5727",30.66463,50.32711,317.41,0.56,0.52,"2026-09-20",2303,"N20","nominal","2.0NRT",295.45,3.25,"N"
"5728",30.6634,50.33258,319.66,0.56,0.52,"2026-09-20",2303,"N20","nominal","2.0NRT",296.73,3.58,"N"
"5729",30.72431,49.82382,310.6,0.52,0.5,"2026-09-20",2303,"N20","nominal","2.0NRT",298.69,4.57,"N"
"5730",31.14174,47.87017,328.59,0.4,0.44,"2026-09-20",2303,"N20","nominal","2.0NRT",293.89,2.41,"N"
"5731",30.71981,49.82258,339.13,0.52,0.5,"2026-09-20",2303,"N20","nominal","2.0NRT",300.49,4.57,"N"
"5732",30.92388,48.85583,306.98,0.46,0.47,"2026-09-20",2303,"N20","nominal","2.0NRT",293.85,1.43,"N"
"5733",30.92185,48.86517,317.7,0.46,0.47,"2026-09-20",2303,"N20","nominal","2.0NRT",294.1,2.01,"N"
"5734",31.82464,44.12152,310.1,0.41,0.37,"2026-09-20",2303,"N20","nominal","2.0NRT",296.49,1.75,"N"
"5735",31.77683,44.25064,314.62,0.41,0.37,"2026-09-20",2303,"N20","nominal","2.0NRT",296.98,1.48,"N"
"5736",30.65455,49.92072,305.22,0.53,0.5,"2026-09-20",2303,"N20","nominal","2.0NRT",295.18,1.15,"N"
"5737",31.09357,47.7937,330.22,0.4,0.44,"2026-09-20",2303,"N20","nominal","2.0NRT",296.29,6.48,"N"
"5738",31.0944,47.78962,300.67,0.4,0.44,"2026-09-20",2303,"N20","nominal","2.0NRT",284.15,6.48,"N"
"5739",31.09043,47.78851,338.44,0.4,0.44,"2026-09-20",2303,"N20","nominal","2.0NRT",294.3,6.48,"N"
"5740",31.08959,47.79258,340.59,0.4,0.44,"2026-09-20",2303,"N20","nominal","2.0NRT",298.87,6.48,"N"
"5741",30.70965,49.54147,338.84,0.51,0.49,"2026-09-20",2303,"N20","nominal","2.0NRT",296.77,7.71,"N"
"5742",31.00526,48.13935,336.18,0.42,0.45,"2026-09-20",2303,"N20","nominal","2.0NRT",295.73,4.99,"N"
"5743",31.00438,48.14362,334.05,0.42,0.45,"2026-09-20",2303,"N20","nominal","2.0NRT",296.7,4.7,"N"
"5744",30.61691,49.91682,307.75,0.53,0.5,"2026-09-20",2303,"N20","nominal","2.0NRT",296.24,2.54,"N"
"5745",30.4128,50.74798,340.34,0.6,0.53,"2026-09-20",2303,"N20","nominal","2.0NRT",300.42,8.54,"N"
"5746",30.41146,50.7538,314.49,0.6,0.53,"2026-09-20",2303,"N20","nominal","2.0NRT",296.97,8.54,"N"
"5747",31.08228,47.62423,338.88,0.39,0.44,"2026-09-20",2303,"N20","nominal","2.0NRT",297.13,7.89,"N"
"5748",31.08146,47.62822,332.96,0.39,0.44,"2026-09-20",2303,"N20","nominal","2.0NRT",300.12,7.89,"N"
"5749",30.56552,50.01628,339.39,0.54,0.51,"2026-09-20",2303,"N20","nominal","2.0NRT",301.9,11.8,"N"
"5750",30.56095,50.01503,307.22,0.54,0.51,"2026-09-20",2303,"N20","nominal","2.0NRT",296.74,2.96,"N"
"5751",29.87823,52.86925,300.12,0.41,0.61,"2026-09-20",2303,"N20","nominal","2.0NRT",288.37,0.78,"N"
"5752",30.57355,49.91668,338.5,0.53,0.5,"2026-09-20",2303,"N20","nominal","2.0NRT",296.24,4.71,"N"
"5753",31.0634,47.6148,338.89,0.39,0.44,"2026-09-20",2303,"N20","nominal","2.0NRT",292.67,10.73,"N"
"5754",31.06257,47.61878,325.7,0.39,0.44,"2026-09-20",2303,"N20","nominal","2.0NRT",299.02,14.43,"N"
"5755",30.39743,50.61793,338.38,0.59,0.53,"2026-09-20",2303,"N20","nominal","2.0NRT",296.32,4.6,"N"
"5756",30.40018,50.60617,306.91,0.59,0.53,"2026-09-20",2303,"N20","nominal","2.0NRT",295.16,2.3,"N"
"5757",30.3988,50.61207,315.57,0.59,0.53,"2026-09-20",2303,"N20","nominal","2.0NRT",296.24,2.3,"N"
"5758",30.39609,50.62368,315.32,0.59,0.53,"2026-09-20",2303,"N20","nominal","2.0NRT",295.12,4.6,"N"
"5759",31.02841,47.70271,337.95,0.39,0.44,"2026-09-20",2303,"N20","nominal","2.0NRT",292.98,3.37,"N"
"5760",31.02757,47.70675,316.7,0.39,0.44,"2026-09-20",2303,"N20","nominal","2.0NRT",293.2,3.37,"N"
"5761",31.02712,47.70361,338.32,0.39,0.44,"2026-09-20",2303,"N20","nominal","2.0NRT",293.28,7.27,"N"
"5762",30.39833,50.61727,329.16,0.59,0.53,"2026-09-20",2303,"N20","nominal","2.0NRT",296.07,3.3,"N"
"5763",30.39701,50.6231,327.05,0.59,0.53,"2026-09-20",2303,"N20","nominal","2.0NRT",295.52,4.17,"N"
"5764",30.39967,50.61137,319.37,0.59,0.53,"2026-09-20",2303,"N20","nominal","2.0NRT",296.03,3.3,"N"
"5765",31.35907,45.96466,349.61,0.48,0.4,"2026-09-20",2303,"N20","nominal","2.0NRT",299.45,3.99,"N"
"5766",30.39495,50.60991,312.27,0.59,0.53,"2026-09-20",2303,"N20","nominal","2.0NRT",295.25,2.54,"N"
"5767",31.35546,45.96372,312.62,0.48,0.4,"2026-09-20",2303,"N20","nominal","2.0NRT",295.92,3.99,"N"
"5768",30.30046,50.7345,323.38,0.61,0.53,"2026-09-20",2303,"N20","nominal","2.0NRT",294.28,2.52,"N"
"5769",31.034,47.28207,336.91,0.56,0.43,"2026-09-20",2303,"N20","nominal","2.0NRT",298.2,8.36,"N"
"5770",31.03283,47.28784,316.47,0.56,0.43,"2026-09-20",2303,"N20","nominal","2.0NRT",295.44,8.36,"N"
"5771",31.03013,47.28102,337.67,0.56,0.43,"2026-09-20",2303,"N20","nominal","2.0NRT",298.53,20.64,"N"
"5772",31.02895,47.28678,318.46,0.56,0.43,"2026-09-20",2303,"N20","nominal","2.0NRT",296.2,20.64,"N"
"5773",30.62481,49.13064,305.63,0.48,0.48,"2026-09-20",2303,"N20","nominal","2.0NRT",293.88,2.06,"N"
"5774",30.34908,50.2864,331.45,0.57,0.52,"2026-09-20",2303,"N20","nominal","2.0NRT",295.95,3.28,"N"
"5775",30.34773,50.29219,320.62,0.57,0.52,"2026-09-20",2303,"N20","nominal","2.0NRT",295.02,3.28,"N"
"5776",30.86371,47.9239,343.02,0.41,0.45,"2026-09-20",2303,"N20","nominal","2.0NRT",299.53,11.13,"N"
"5777",30.86457,47.91973,310.6,0.41,0.45,"2026-09-20",2303,"N20","nominal","2.0NRT",294.94,11.13,"N"
"5778",30.35137,50.29119,324.19,0.57,0.52,"2026-09-20",2303,"N20","nominal","2.0NRT",295.5,2.74,"N"
"5779",30.3467,50.28995,323.03,0.57,0.52,"2026-09-20",2303,"N20","nominal","2.0NRT",295.46,3.06,"N"
"5780",30.76327,48.28457,306.65,0.43,0.46,"2026-09-20",2303,"N20","nominal","2.0NRT",293.87,0.94,"N"
"5781",30.75916,48.2834,308.02,0.43,0.46,"2026-09-20",2303,"N20","nominal","2.0NRT",295.15,0.94,"N"
"5782",30.75597,48.27786,342.77,0.43,0.46,"2026-09-20",2303,"N20","nominal","2.0NRT",298.53,44.93,"N"
"5783",30.75505,48.28223,337.38,0.43,0.46,"2026-09-20",2303,"N20","nominal","2.0NRT",305.31,44.93,"N"
"5784",30.75689,48.27349,305.85,0.43,0.46,"2026-09-20",2303,"N20","nominal","2.0NRT",294.97,1.05,"N"
"5785",30.75413,48.28662,319.25,0.43,0.46,"2026-09-20",2303,"N20","nominal","2.0NRT",295.86,4.47,"N"
"5786",30.75186,48.2767,346.23,0.43,0.46,"2026-09-20",2303,"N20","nominal","2.0NRT",297.4,44.93,"N"
"5787",30.75094,48.28108,331.57,0.43,0.46,"2026-09-20",2303,"N20","nominal","2.0NRT",318.07,44.93,"N"
"5788",30.75002,48.28547,328.67,0.43,0.46,"2026-09-20",2303,"N20","nominal","2.0NRT",296.92,4.47,"N"
"5789",30.75278,48.27233,307.26,0.43,0.46,"2026-09-20",2303,"N20","nominal","2.0NRT",293.37,1.05,"N"
"5790",30.7491,48.28986,305.3,0.43,0.46,"2026-09-20",2303,"N20","nominal","2.0NRT",294.35,4.47,"N"
"5791",30.74775,48.27554,315.18,0.43,0.46,"2026-09-20",2303,"N20","nominal","2.0NRT",294.08,1.55,"N"
"5792",30.74683,48.27992,319.65,0.43,0.46,"2026-09-20",2303,"N20","nominal","2.0NRT",294.45,1.55,"N"
"5793",30.7459,48.28431,306.75,0.43,0.46,"2026-09-20",2303,"N20","nominal","2.0NRT",293.8,1.13,"N"
"5794",30.88491,47.33149,345.91,0.57,0.43,"2026-09-20",2303,"N20","nominal","2.0NRT",299.1,9.34,"N"
"5795",30.88371,47.33731,319.35,0.57,0.43,"2026-09-20",2303,"N20","nominal","2.0NRT",300.9,9.34,"N"
"5796",30.88102,47.33042,307.45,0.57,0.43,"2026-09-20",2303,"N20","nominal","2.0NRT",295.64,9.34,"N"
"5797",30.88498,47.33655,341.31,0.57,0.43,"2026-09-20",2303,"N20","nominal","2.0NRT",301.29,16.79,"N"
"5798",30.88615,47.33072,308.62,0.57,0.43,"2026-09-20",2303,"N20","nominal","2.0NRT",296.54,3.88,"N"
"5799",30.88225,47.32965,329.91,0.57,0.43,"2026-09-20",2303,"N20","nominal","2.0NRT",297.81,5.38,"N"
"5800",30.88108,47.33548,313.73,0.57,0.43,"2026-09-20",2303,"N20","nominal","2.0NRT",294.92,2.98,"N"
"5801",30.83194,47.33438,307.7,0.57,0.43,"2026-09-20",2303,"N20","nominal","2.0NRT",295.22,9.39,"N"
"5802",30.82922,47.32748,329.22,0.57,0.43,"2026-09-20",2303,"N20","nominal","2.0NRT",296.19,3.57,"N"
"5803",30.82804,47.33332,337.4,0.57,0.43,"2026-09-20",2303,"N20","nominal","2.0NRT",301.31,9.39,"N"
"5804",30.82532,47.32642,313.41,0.57,0.43,"2026-09-20",2303,"N20","nominal","2.0NRT",295.67,2.67,"N"
"5805",30.82413,47.33226,305.66,0.57,0.43,"2026-09-20",2303,"N20","nominal","2.0NRT",295.02,2.12,"N"
"5806",30.75218,47.66386,332.99,0.4,0.44,"2026-09-20",2303,"N20","nominal","2.0NRT",295.64,3.92,"N"
"5807",30.43889,49.11865,309.87,0.48,0.48,"2026-09-20",2303,"N20","nominal","2.0NRT",297.92,3.22,"N"
"5808",30.7698,47.336,327.03,0.57,0.43,"2026-09-20",2303,"N20","nominal","2.0NRT",295.13,2.73,"N"
"5809",30.76589,47.33493,309.35,0.57,0.43,"2026-09-20",2303,"N20","nominal","2.0NRT",294.82,3.24,"N"
"5810",30.76319,47.32803,333.29,0.57,0.43,"2026-09-20",2303,"N20","nominal","2.0NRT",296.56,3.24,"N"
"5811",30.99669,46.21928,310.21,0.5,0.41,"2026-09-20",2303,"N20","nominal","2.0NRT",296.46,1.75,"N"
"5812",30.76726,47.33369,332.16,0.57,0.43,"2026-09-20",2303,"N20","nominal","2.0NRT",296.55,5.53,"N"
"5813",30.76453,47.32677,331.98,0.57,0.43,"2026-09-20",2303,"N20","nominal","2.0NRT",297.1,5.34,"N"
"5814",30.0381,50.63346,312.33,0.61,0.53,"2026-09-20",2303,"N20","nominal","2.0NRT",298.42,3.12,"N"
"5815",30.03666,50.63976,316.96,0.61,0.53,"2026-09-20",2303,"N20","nominal","2.0NRT",298.6,3.12,"N"
"5816",30.68944,47.33107,327.46,0.57,0.43,"2026-09-20",2303,"N20","nominal","2.0NRT",302.91,32.65,"N"
"5817",30.68553,47.33001,343.53,0.57,0.43,"2026-09-20",2303,"N20","nominal","2.0NRT",298.85,32.65,"N"
"5818",32.53236,35.11793,304.94,0.45,0.47,"2026-09-20",2303,"N20","nominal","2.0NRT",290.62,0.82,"N"
"5819",30.48536,48.24687,313.88,0.43,0.46,"2026-09-20",2303,"N20","nominal","2.0NRT",294.4,1.52,"N"
"5820",30.61358,47.32587,331.32,0.38,0.43,"2026-09-20",2303,"N20","nominal","2.0NRT",297.93,1.88,"N"
"5821",30.60967,47.3248,323.08,0.38,0.43,"2026-09-20",2303,"N20","nominal","2.0NRT",296.55,1.88,"N"
"5822",30.60808,47.33263,321.56,0.38,0.43,"2026-09-20",2303,"N20","nominal","2.0NRT",296.15,2.02,"N"
"5823",30.60887,47.32872,314.23,0.38,0.43,"2026-09-20",2303,"N20","nominal","2.0NRT",296.59,1.88,"N"
"5824",30.52638,47.60921,329.07,0.4,0.44,"2026-09-20",2303,"N20","nominal","2.0NRT",295.51,2.57,"N"
"5825",29.25506,53.12156,345.54,0.44,0.63,"2026-09-20",2303,"N20","nominal","2.0NRT",290.05,4.86,"N"
"5826",30.5224,47.60812,334.58,0.4,0.44,"2026-09-20",2303,"N20","nominal","2.0NRT",296.28,2.63,"N"
"5827",29.3723,52.61083,299.51,0.41,0.61,"2026-09-20",2303,"N20","nominal","2.0NRT",289.09,1.11,"N"
"5828",30.57282,47.32304,330.83,0.38,0.43,"2026-09-20",2303,"N20","nominal","2.0NRT",295.92,1.93,"N"
"5829",30.5591,47.38982,325.24,0.39,0.44,"2026-09-20",2303,"N20","nominal","2.0NRT",298.15,2.7,"N"
"5830",30.57041,47.33479,309.54,0.38,0.44,"2026-09-20",2303,"N20","nominal","2.0NRT",295.75,1.32,"N"
"5831",29.36698,52.60885,302.84,0.41,0.61,"2026-09-20",2303,"N20","nominal","2.0NRT",289.24,2.28,"N"
"5832",30.57051,47.31416,328.89,0.38,0.43,"2026-09-20",2303,"N20","nominal","2.0NRT",297.47,2.93,"N"
"5833",30.56338,47.32874,339.09,0.38,0.43,"2026-09-20",2303,"N20","nominal","2.0NRT",297.64,3.99,"N"
"5834",30.55853,47.35227,331.37,0.39,0.44,"2026-09-20",2303,"N20","nominal","2.0NRT",297.77,2.08,"N"
"5835",30.47745,47.74284,330.83,0.41,0.45,"2026-09-20",2303,"N20","nominal","2.0NRT",296.31,3.34,"N"
"5836",30.5666,47.3131,316.75,0.38,0.43,"2026-09-20",2303,"N20","nominal","2.0NRT",296.52,1.54,"N"
"5837",30.35103,48.27782,317.07,0.44,0.46,"2026-09-20",2303,"N20","nominal","2.0NRT",299.28,4.15,"N"
"5838",30.35802,48.26246,307.64,0.44,0.46,"2026-09-20",2303,"N20","nominal","2.0NRT",297.28,2.18,"N"
"5839",30.35111,48.2746,314.64,0.44,0.46,"2026-09-20",2303,"N20","nominal","2.0NRT",298.42,2.62,"N"
"5840",30.34697,48.27343,312.02,0.44,0.46,"2026-09-20",2303,"N20","nominal","2.0NRT",298.43,2.62,"N"
"5841",29.36669,52.6091,301.68,0.41,0.61,"2026-09-20",2303,"N20","nominal","2.0NRT",289.49,1.96,"N"
"5842",30.47683,47.60064,334.1,0.4,0.44,"2026-09-20",2303,"N20","nominal","2.0NRT",296.71,3.47,"N"
"5843",30.4547,47.66784,310.46,0.4,0.44,"2026-09-20",2303,"N20","nominal","2.0NRT",298.34,2.09,"N"
"5844",30.56423,47.10569,341.96,0.56,0.43,"2026-09-20",2303,"N20","nominal","2.0NRT",306.02,32.23,"N"
"5845",30.56537,47.09996,306.78,0.56,0.43,"2026-09-20",2303,"N20","nominal","2.0NRT",295.84,7.87,"N"
"5846",30.546,47.09476,313.47,0.56,0.43,"2026-09-20",2303,"N20","nominal","2.0NRT",295.35,1.69,"N"
"5847",30.49649,47.31924,348.16,0.38,0.44,"2026-09-20",2303,"N20","nominal","2.0NRT",299.56,6.14,"N"
"5848",30.49809,47.3114,311.02,0.38,0.44,"2026-09-20",2303,"N20","nominal","2.0NRT",296.26,2.6,"N"
"5849",30.49337,47.31426,323.94,0.38,0.44,"2026-09-20",2303,"N20","nominal","2.0NRT",296.79,2.6,"N"
"5850",30.49257,47.31817,341.4,0.38,0.44,"2026-09-20",2303,"N20","nominal","2.0NRT",296.83,6.14,"N"
"5851",30.41916,47.61488,315.25,0.4,0.44,"2026-09-20",2303,"N20","nominal","2.0NRT",296.26,1.49,"N"
"5852",30.41517,47.6138,327.83,0.4,0.44,"2026-09-20",2303,"N20","nominal","2.0NRT",297.95,1.49,"N"
"5853",32.21472,36.20094,308.6,0.39,0.44,"2026-09-20",2303,"N20","nominal","2.0NRT",293.74,1.14,"N"
"5854",29.19199,52.8396,311.97,0.43,0.62,"2026-09-20",2303,"N20","nominal","2.0NRT",291.18,2.31,"N"
"5855",29.19098,52.84361,306.72,0.43,0.62,"2026-09-20",2303,"N20","nominal","2.0NRT",292.51,2.31,"N"
"5856",29.94367,49.68564,342.33,0.53,0.5,"2026-09-20",2303,"N20","nominal","2.0NRT",300.93,14.58,"N"
"5857",30.56013,46.70365,316.07,0.54,0.42,"2026-09-20",2303,"N20","nominal","2.0NRT",287.92,0.5,"N"
"5858",29.94461,49.68433,334.67,0.54,0.5,"2026-09-20",2303,"N20","nominal","2.0NRT",299.41,7.92,"N"
"5859",29.94342,49.68973,326.27,0.54,0.5,"2026-09-20",2303,"N20","nominal","2.0NRT",300.13,7.92,"N"
"5860",30.56234,46.70271,303.19,0.54,0.42,"2026-09-20",2303,"N20","nominal","2.0NRT",291.45,0.88,"N"
"5861",29.19915,52.84282,302.11,0.43,0.62,"2026-09-20",2303,"N20","nominal","2.0NRT",291.37,1.42,"N"
"5862",29.19355,52.84154,324.49,0.43,0.62,"2026-09-20",2303,"N20","nominal","2.0NRT",295.29,3.93,"N"
"5863",32.25954,35.28876,323.85,0.44,0.46,"2026-09-20",2303,"N20","nominal","2.0NRT",291.43,2.37,"N"
"5864",30.40378,47.33661,339.3,0.39,0.44,"2026-09-20",2303,"N20","nominal","2.0NRT",298.81,6.34,"N"
"5865",30.40457,47.33267,313.69,0.39,0.44,"2026-09-20",2303,"N20","nominal","2.0NRT",290.25,2.9,"N"
"5866",29.50969,51.25624,313.11,0.34,0.56,"2026-09-20",2303,"N20","nominal","2.0NRT",299.69,0.61,"N"
"5867",29.50891,51.25953,311.78,0.34,0.56,"2026-09-20",2303,"N20","nominal","2.0NRT",299.76,0.61,"N"
"5868",30.36364,47.32987,335.32,0.39,0.44,"2026-09-20",2303,"N20","nominal","2.0NRT",294.4,3.71,"N"
"5869",30.36283,47.33382,336.61,0.39,0.44,"2026-09-20",2303,"N20","nominal","2.0NRT",296.94,6.14,"N"
"5870",30.36203,47.33776,339.1,0.39,0.44,"2026-09-20",2303,"N20","nominal","2.0NRT",296.36,6.14,"N"
"5871",30.36122,47.34171,341.44,0.39,0.44,"2026-09-20",2303,"N20","nominal","2.0NRT",304.39,17.04,"N"
"5872",30.27833,47.74291,314.16,0.41,0.45,"2026-09-20",2303,"N20","nominal","2.0NRT",296.94,1.54,"N"
"5873",30.35809,47.33669,344.69,0.39,0.44,"2026-09-20",2303,"N20","nominal","2.0NRT",298.33,6.38,"N"
"5874",30.35728,47.34063,321.52,0.39,0.44,"2026-09-20",2303,"N20","nominal","2.0NRT",297.33,4.55,"N"
"5875",30.2795,47.71688,323.72,0.41,0.45,"2026-09-20",2303,"N20","nominal","2.0NRT",296.85,2.62,"N"
"5876",30.2743,47.7418,334.45,0.41,0.45,"2026-09-20",2303,"N20","nominal","2.0NRT",297.41,1.79,"N"
"5877",30.27863,47.72102,313.11,0.41,0.45,"2026-09-20",2303,"N20","nominal","2.0NRT",296.89,2.27,"N"
"5878",30.27114,47.73652,311.16,0.41,0.45,"2026-09-20",2303,"N20","nominal","2.0NRT",297.06,1.79,"N"
"5879",32.08041,36.29978,309.48,0.39,0.44,"2026-09-20",2303,"N20","nominal","2.0NRT",289.84,0.98,"N"
"5880",29.12469,52.64551,301.93,0.42,0.61,"2026-09-20",2303,"N20","nominal","2.0NRT",288.52,0.32,"N"
"5881",30.31574,47.35078,324.79,0.39,0.44,"2026-09-20",2303,"N20","nominal","2.0NRT",296.41,1.92,"N"
"5882",30.31654,47.34681,318.51,0.39,0.44,"2026-09-20",2303,"N20","nominal","2.0NRT",295.23,1.92,"N"
"5883",29.11969,52.64448,297.62,0.42,0.61,"2026-09-20",2303,"N20","nominal","2.0NRT",286.31,0.23,"N"
"5884",30.28412,47.36312,324.61,0.39,0.44,"2026-09-20",2303,"N20","nominal","2.0NRT",297.59,7.02,"N"
"5885",30.28259,47.35014,321.46,0.39,0.44,"2026-09-20",2303,"N20","nominal","2.0NRT",296.73,1.84,"N"
"5886",30.28017,47.36204,351.87,0.39,0.44,"2026-09-20",2303,"N20","nominal","2.0NRT",300.45,7.02,"N"
"5887",30.27622,47.36096,338.68,0.39,0.44,"2026-09-20",2303,"N20","nominal","2.0NRT",297.23,4.4,"N"
"5888",30.21669,47.38679,322.2,0.39,0.44,"2026-09-20",2303,"N20","nominal","2.0NRT",296.62,2.8,"N"
"5889",30.21586,47.39078,338.9,0.39,0.44,"2026-09-20",2303,"N20","nominal","2.0NRT",298.79,2.8,"N"
"5890",30.21108,47.39369,349.82,0.39,0.44,"2026-09-20",2303,"N20","nominal","2.0NRT",303.48,7.36,"N"
"5891",30.21191,47.3897,309.96,0.39,0.44,"2026-09-20",2303,"N20","nominal","2.0NRT",297.98,5.06,"N"
"5892",30.20712,47.39262,319.58,0.39,0.44,"2026-09-20",2303,"N20","nominal","2.0NRT",297.22,7.36,"N"
"5893",30.21044,47.39051,320.22,0.39,0.44,"2026-09-20",2303,"N20","nominal","2.0NRT",298.05,6.84,"N"
"5894",30.20963,47.39451,334.92,0.39,0.44,"2026-09-20",2303,"N20","nominal","2.0NRT",304.36,12.94,"N"
"5895",30.19856,47.38728,326.4,0.39,0.44,"2026-09-20",2303,"N20","nominal","2.0NRT",296.5,2.41,"N"
"5896",30.17308,47.4099,339.08,0.39,0.44,"2026-09-20",2303,"N20","nominal","2.0NRT",299.15,6.64,"N"
"5897",30.1739,47.4059,316.85,0.39,0.44,"2026-09-20",2303,"N20","nominal","2.0NRT",296.52,3.74,"N"
"5898",30.1683,47.41284,338.68,0.39,0.44,"2026-09-20",2303,"N20","nominal","2.0NRT",298.49,6.64,"N"
"5899",30.16748,47.41686,326.39,0.39,0.44,"2026-09-20",2303,"N20","nominal","2.0NRT",297.67,5.06,"N"
"5900",30.16433,47.41179,322.47,0.39,0.44,"2026-09-20",2303,"N20","nominal","2.0NRT",296.95,1.87,"N"
"5901",31.91751,34.89462,308.07,0.46,0.47,"2026-09-20",2303,"N20","nominal","2.0NRT",294.59,1.34,"N"
"5902",29.2135,50.3121,310.34,0.6,0.53,"2026-09-20",2303,"N20","nominal","2.0NRT",299.14,1.15,"N"
"5903",29.21211,50.31817,311.42,0.6,0.53,"2026-09-20",2303,"N20","nominal","2.0NRT",300.11,0.62,"N"
"5904",29.28748,49.53422,339.15,0.54,0.51,"2026-09-20",2303,"N20","nominal","2.0NRT",298.79,15.81,"N"
"5905",28.68538,52.0919,313.16,0.4,0.6,"2026-09-20",2303,"N20","nominal","2.0NRT",296.42,1.28,"N"
"5906",28.6844,52.09591,308.66,0.4,0.6,"2026-09-20",2303,"N20","nominal","2.0NRT",296.96,1.28,"N"
"5907",29.5612,48.17785,309.5,0.45,0.47,"2026-09-20",2303,"N20","nominal","2.0NRT",298.39,2.23,"N"
"5908",31.52925,35.22773,302.14,0.44,0.46,"2026-09-20",2303,"N20","nominal","2.0NRT",291.68,0.3,"N"
"5909",28.58478,51.59207,315.67,0.37,0.58,"2026-09-20",2303,"N20","nominal","2.0NRT",300.78,1.93,"N"
"5910",29.02818,47.98928,312.55,0.45,0.47,"2026-09-20",2303,"N20","nominal","2.0NRT",295.51,1.42,"N"
"5911",28.99009,48.12709,311.37,0.45,0.47,"2026-09-20",2303,"N20","nominal","2.0NRT",299,3.84,"N"
"5912",29.00894,47.74442,322.19,0.43,0.46,"2026-09-20",2303,"N20","nominal","2.0NRT",286.57,1.97,"N"
"5913",28.94126,47.964,320.84,0.45,0.47,"2026-09-20",2303,"N20","nominal","2.0NRT",296.32,2.08,"N"
"5914",28.94032,47.96849,317.44,0.45,0.47,"2026-09-20",2303,"N20","nominal","2.0NRT",297.72,2.25,"N"
"5915",27.93396,52.19555,331.42,0.42,0.61,"2026-09-20",2303,"N20","nominal","2.0NRT",297.84,2.43,"N"
"5916",27.92861,52.19351,322.35,0.42,0.61,"2026-09-20",2303,"N20","nominal","2.0NRT",297.52,2.43,"N"
"5917",28.88789,48.00658,338.78,0.45,0.47,"2026-09-20",2303,"N20","nominal","2.0NRT",297.91,4.62,"N"
"5918",28.88465,48.0009,339.47,0.45,0.47,"2026-09-20",2303,"N20","nominal","2.0NRT",297.64,4.62,"N"
"5919",28.88369,48.00541,323.02,0.45,0.47,"2026-09-20",2303,"N20","nominal","2.0NRT",297.07,4.62,"N"
"5920",28.88046,47.99974,339.72,0.45,0.47,"2026-09-20",2303,"N20","nominal","2.0NRT",297.83,6.62,"N"
"5921",28.87949,48.00424,321.07,0.45,0.47,"2026-09-20",2303,"N20","nominal","2.0NRT",297.31,6.62,"N"
"5922",28.49722,49.71368,339.3,0.58,0.52,"2026-09-20",2303,"N20","nominal","2.0NRT",304.34,21.6,"N"
"5923",28.49254,49.71234,343.66,0.58,0.52,"2026-09-20",2303,"N20","nominal","2.0NRT",302.92,20.3,"N"
"5924",27.9292,52.19428,334.47,0.42,0.61,"2026-09-20",2303,"N20","nominal","2.0NRT",297.78,3.84,"N"
"5925",27.76096,52.16843,353.94,0.42,0.61,"2026-09-20",2305,"N20","nominal","2.0NRT",300.88,6.37,"N"
"5926",27.76001,52.17231,367,0.42,0.61,"2026-09-20",2305,"N20","high","2.0NRT",301.55,12.64,"N"
"5927",27.76187,52.1647,312.45,0.42,0.61,"2026-09-20",2305,"N20","nominal","2.0NRT",299.01,6.37,"N"
"5928",27.76216,52.13954,318.72,0.42,0.61,"2026-09-20",2305,"N20","nominal","2.0NRT",300,3.38,"N"
"5929",27.72369,52.17666,352.2,0.42,0.61,"2026-09-20",2305,"N20","nominal","2.0NRT",302.41,4.64,"N"
"5930",27.72268,52.18076,330.91,0.42,0.61,"2026-09-20",2305,"N20","nominal","2.0NRT",301.76,6.67,"N"
"5931",27.7247,52.17255,311.44,0.42,0.61,"2026-09-20",2305,"N20","nominal","2.0NRT",300.53,4.64,"N"
"5932",27.71822,52.17501,367,0.42,0.61,"2026-09-20",2305,"N20","high","2.0NRT",302.07,17.19,"N"
"5933",27.7172,52.17913,354.31,0.42,0.61,"2026-09-20",2305,"N20","nominal","2.0NRT",303.08,10.61,"N"
"5934",27.71517,52.18734,342.37,0.42,0.61,"2026-09-20",2305,"N20","nominal","2.0NRT",302.11,5.91,"N"
"5935",27.71618,52.18325,315.95,0.42,0.61,"2026-09-20",2305,"N20","nominal","2.0NRT",300.98,10.61,"N"
"5936",27.71417,52.19136,313.31,0.42,0.61,"2026-09-20",2305,"N20","nominal","2.0NRT",300.04,5.91,"N"
"5937",27.69188,52.23372,348.69,0.42,0.61,"2026-09-20",2305,"N20","nominal","2.0NRT",300.47,4.69,"N"
"5938",27.69085,52.23787,345.37,0.43,0.62,"2026-09-20",2305,"N20","nominal","2.0NRT",300.47,4.69,"N"
"5939",27.68774,52.25037,325.42,0.43,0.62,"2026-09-20",2305,"N20","nominal","2.0NRT",300.64,5.68,"N"
"5940",27.68117,52.25301,348.62,0.43,0.62,"2026-09-20",2305,"N20","nominal","2.0NRT",301.84,5.68,"N"
"5941",27.68533,52.2363,318.19,0.43,0.62,"2026-09-20",2305,"N20","nominal","2.0NRT",300.85,4.69,"N"
"5942",27.48839,52.96873,312.72,0.48,0.64,"2026-09-20",2305,"N20","nominal","2.0NRT",293.81,1.78,"N"
"5943",27.71079,52.18659,335.36,0.42,0.61,"2026-09-20",2305,"N20","nominal","2.0NRT",301.47,2.94,"N"
"5944",27.70981,52.19067,313.97,0.42,0.61,"2026-09-20",2305,"N20","nominal","2.0NRT",301.05,2.94,"N"
"5945",27.69331,52.2347,322.17,0.43,0.62,"2026-09-20",2305,"N20","nominal","2.0NRT",299.77,1.84,"N"
"5946",27.68779,52.23317,342,0.43,0.62,"2026-09-20",2305,"N20","nominal","2.0NRT",301,4.04,"N"
"5947",27.68678,52.23733,343.98,0.43,0.62,"2026-09-20",2305,"N20","nominal","2.0NRT",301.51,4.04,"N"
"5948",27.68375,52.24986,367,0.43,0.62,"2026-09-20",2305,"N20","high","2.0NRT",302,7.32,"N"
"5949",27.68274,52.25406,352.65,0.43,0.62,"2026-09-20",2305,"N20","nominal","2.0NRT",301.74,7.32,"N"
"5950",27.48884,52.97039,307.87,0.48,0.64,"2026-09-20",2305,"N20","nominal","2.0NRT",293.47,1.63,"N"
"5951",31.12177,29.81132,325.89,0.45,0.63,"2026-09-20",2305,"N20","nominal","2.0NRT",293.47,1.96,"N"
"5952",31.12209,29.80655,303.85,0.45,0.63,"2026-09-20",2305,"N20","nominal","2.0NRT",292.63,1.96,"N"
"5953",27.56603,52.56059,326.46,0.45,0.63,"2026-09-20",2305,"N20","nominal","2.0NRT",299.21,3.07,"N"
"5954",27.56504,52.56459,315.65,0.45,0.63,"2026-09-20",2305,"N20","nominal","2.0NRT",298.75,3.07,"N"
"5955",27.54151,52.58651,327.82,0.45,0.63,"2026-09-20",2305,"N20","nominal","2.0NRT",299.43,5.88,"N"
"5956",27.54051,52.59052,325.91,0.45,0.63,"2026-09-20",2305,"N20","nominal","2.0NRT",299.9,5.53,"N"
"5957",27.52101,52.59597,367,0.45,0.63,"2026-09-20",2305,"N20","high","2.0NRT",299.81,5.38,"N"
"5958",27.51679,52.61287,322.69,0.45,0.63,"2026-09-20",2305,"N20","nominal","2.0NRT",298.93,2.87,"N"
"5959",27.51474,52.62109,327.32,0.45,0.63,"2026-09-20",2305,"N20","nominal","2.0NRT",299.09,5.55,"N"
"5960",27.51377,52.62494,349.14,0.45,0.63,"2026-09-20",2305,"N20","nominal","2.0NRT",299.77,5.55,"N"
"5961",27.51991,52.6004,310.77,0.45,0.63,"2026-09-20",2305,"N20","nominal","2.0NRT",298.88,5.38,"N"
"5962",27.5157,52.61721,318.8,0.45,0.63,"2026-09-20",2305,"N20","nominal","2.0NRT",298.88,2.87,"N"
"5963",27.51275,52.62902,309.91,0.45,0.63,"2026-09-20",2305,"N20","nominal","2.0NRT",298.57,5.26,"N"
"5964",27.50471,52.63692,349.47,0.45,0.63,"2026-09-20",2305,"N20","nominal","2.0NRT",300.27,6.43,"N"
"5965",27.50364,52.64122,338.16,0.45,0.63,"2026-09-20",2305,"N20","nominal","2.0NRT",299.35,6.43,"N"
"5966",27.50266,52.64512,321.7,0.45,0.63,"2026-09-20",2305,"N20","nominal","2.0NRT",298.58,3.42,"N"
"5967",27.50161,52.6493,321.81,0.46,0.63,"2026-09-20",2305,"N20","nominal","2.0NRT",299.01,3.42,"N"
"5968",27.51527,52.59472,313.53,0.45,0.63,"2026-09-20",2305,"N20","nominal","2.0NRT",299.06,3.41,"N"
"5969",27.51094,52.61202,309.98,0.45,0.63,"2026-09-20",2305,"N20","nominal","2.0NRT",299.32,3.42,"N"
"5970",27.49545,52.64966,336.37,0.46,0.63,"2026-09-20",2305,"N20","nominal","2.0NRT",298.42,3.42,"N"
"5971",28.57535,47.92195,318.55,0.45,0.47,"2026-09-20",2305,"N20","nominal","2.0NRT",298.34,1.83,"N"
"5972",30.72587,33.77418,305.09,0.52,0.5,"2026-09-20",2305,"N20","nominal","2.0NRT",293.57,1.11,"N"
"5973",30.70461,33.84858,303.91,0.51,0.49,"2026-09-20",2305,"N20","nominal","2.0NRT",292.56,2.27,"N"
"5974",28.39836,48.5351,339.2,0.49,0.49,"2026-09-20",2305,"N20","nominal","2.0NRT",301.45,13.51,"N"
"5975",31.02708,29.7431,304.71,0.45,0.63,"2026-09-20",2305,"N20","nominal","2.0NRT",292.08,0.9,"N"
"5976",28.39398,48.5339,311.6,0.49,0.49,"2026-09-20",2305,"N20","nominal","2.0NRT",299.35,13.51,"N"
"5977",31.01006,29.82351,367,0.45,0.63,"2026-09-20",2305,"N20","high","2.0NRT",292.25,20.27,"N"
"5978",31.00975,29.82827,344.34,0.45,0.63,"2026-09-20",2305,"N20","nominal","2.0NRT",293.22,16.51,"N"
"5979",31.09671,26.61585,309.36,0.7,0.75,"2026-09-20",2305,"N20","nominal","2.0NRT",287.48,1.95,"N"
"5980",31.0973,26.61184,310.52,0.7,0.75,"2026-09-20",2305,"N20","nominal","2.0NRT",287.58,2.34,"N"
"5981",31.09698,26.61931,298.18,0.7,0.75,"2026-09-20",2305,"N20","nominal","2.0NRT",287.66,1.86,"N"
"5982",30.8806,29.45854,311.12,0.47,0.64,"2026-09-20",2305,"N20","nominal","2.0NRT",292.71,2.04,"N"
"5983",30.74573,30.99052,301.06,0.38,0.59,"2026-09-20",2305,"N20","nominal","2.0NRT",290.5,0.2,"N"
"5984",30.93529,27.55123,339.68,0.61,0.71,"2026-09-20",2305,"N20","nominal","2.0NRT",289.39,5.75,"N"
"5985",30.93709,27.55218,344.04,0.61,0.71,"2026-09-20",2305,"N20","nominal","2.0NRT",289.2,5.89,"N"
"5986",30.85464,26.62003,299.59,0.69,0.75,"2026-09-20",2305,"N20","nominal","2.0NRT",287.72,1.1,"N"
"5987",28.00423,48.74507,309.38,0.52,0.5,"2026-09-20",2305,"N20","nominal","2.0NRT",297.45,2.1,"N"
"5988",30.81986,27.26342,300.86,0.63,0.72,"2026-09-20",2305,"N20","nominal","2.0NRT",287.45,1.01,"N"
"5989",30.81955,27.27011,304.93,0.63,0.72,"2026-09-20",2305,"N20","nominal","2.0NRT",287.81,1.33,"N"
"5990",28.00087,48.73871,308.45,0.52,0.5,"2026-09-20",2305,"N20","nominal","2.0NRT",296.48,1.34,"N"
"5991",30.82582,26.46804,298.74,0.71,0.75,"2026-09-20",2305,"N20","nominal","2.0NRT",287.4,0.59,"N"
"5992",30.77296,27.10281,301.23,0.65,0.73,"2026-09-20",2305,"N20","nominal","2.0NRT",288.54,0.55,"N"
"5993",30.75728,27.46592,301.27,0.62,0.71,"2026-09-20",2305,"N20","nominal","2.0NRT",287.61,0.84,"N"
"5994",30.75943,27.46698,299.61,0.62,0.71,"2026-09-20",2305,"N20","nominal","2.0NRT",287.99,1.19,"N"
"5995",30.77053,27.10398,300.17,0.65,0.73,"2026-09-20",2305,"N20","nominal","2.0NRT",288.5,1.43,"N"
"5996",26.79361,53.34436,312,0.52,0.67,"2026-09-20",2305,"N20","nominal","2.0NRT",297.95,0.62,"N"
"5997",27.81628,48.86191,337.61,0.53,0.5,"2026-09-20",2305,"N20","nominal","2.0NRT",306.41,53.02,"N"
"5998",27.81177,48.86068,329.28,0.53,0.5,"2026-09-20",2305,"N20","nominal","2.0NRT",298.1,7.06,"N"
"5999",30.67014,26.36069,300.27,0.72,0.75,"2026-09-20",2305,"N20","nominal","2.0NRT",287.32,1.13,"N"
"6000",27.81673,48.85961,339.76,0.53,0.5,"2026-09-20",2305,"N20","nominal","2.0NRT",299.05,13.89,"N"
"6001",27.81221,48.85837,321.37,0.53,0.5,"2026-09-20",2305,"N20","nominal","2.0NRT",297.18,13.89,"N"
"6002",27.81109,48.86361,320.66,0.53,0.5,"2026-09-20",2305,"N20","nominal","2.0NRT",297.55,43.51,"N"
"6003",30.67174,26.36087,301.07,0.72,0.75,"2026-09-20",2305,"N20","nominal","2.0NRT",287.6,1.2,"N"
"6004",27.81518,48.62344,312.07,0.51,0.5,"2026-09-20",2305,"N20","nominal","2.0NRT",296.91,1.46,"N"
"6005",27.80962,48.62731,310.99,0.51,0.5,"2026-09-20",2305,"N20","nominal","2.0NRT",297.05,1.53,"N"
"6006",27.80407,48.63116,340.06,0.51,0.5,"2026-09-20",2305,"N20","nominal","2.0NRT",301.32,10.75,"N"
"6007",27.80626,48.62102,311.21,0.51,0.5,"2026-09-20",2305,"N20","nominal","2.0NRT",296.81,1.53,"N"
"6008",27.80297,48.63623,309.4,0.51,0.5,"2026-09-20",2305,"N20","nominal","2.0NRT",298.72,10.75,"N"
"6009",30.53678,26.07811,306.56,0.74,0.76,"2026-09-20",2305,"N20","nominal","2.0NRT",287.64,1,"N"
"6010",30.53649,26.08603,299.04,0.74,0.76,"2026-09-20",2305,"N20","nominal","2.0NRT",287.79,1,"N"
"6011",27.53801,49.18848,320.66,0.56,0.52,"2026-09-20",2305,"N20","nominal","2.0NRT",301.44,3.94,"N"
"6012",27.52966,49.20385,310.39,0.56,0.52,"2026-09-20",2305,"N20","nominal","2.0NRT",299.99,2.43,"N"
"6013",27.52842,49.20941,315.87,0.56,0.52,"2026-09-20",2305,"N20","nominal","2.0NRT",301.56,2.43,"N"
"6014",27.53219,49.13787,311.21,0.56,0.51,"2026-09-20",2305,"N20","nominal","2.0NRT",299.82,3.69,"N"
"6015",30.53274,26.07769,306.22,0.74,0.76,"2026-09-20",2305,"N20","nominal","2.0NRT",287.47,1.62,"N"
"6016",30.5324,26.08561,298.82,0.74,0.76,"2026-09-20",2305,"N20","nominal","2.0NRT",287.87,1.46,"N"
"6017",30.36494,27.22736,301.89,0.63,0.72,"2026-09-20",2305,"N20","nominal","2.0NRT",287.44,1.1,"N"
"6018",30.36852,27.22209,300.11,0.63,0.72,"2026-09-20",2305,"N20","nominal","2.0NRT",287.3,1.01,"N"
"6019",30.36818,27.22884,302.16,0.63,0.72,"2026-09-20",2305,"N20","nominal","2.0NRT",287.08,1.01,"N"
"6020",29.92422,32.46486,313.08,0.61,0.53,"2026-09-20",2305,"N20","nominal","2.0NRT",295.27,2.68,"N"
"6021",29.92279,31.5303,304.51,0.34,0.56,"2026-09-20",2305,"N20","nominal","2.0NRT",291.65,0.61,"N"
"6022",25.90679,54.53168,313.22,0.64,0.72,"2026-09-20",2305,"N20","nominal","2.0NRT",295.64,0.55,"N"
"6023",26.53182,51.94555,333.64,0.43,0.62,"2026-09-20",2305,"N20","nominal","2.0NRT",299.78,8.99,"N"
"6024",26.53078,51.94976,353.84,0.43,0.62,"2026-09-20",2305,"N20","nominal","2.0NRT",302.03,11.48,"N"
"6025",25.90224,54.52946,318.91,0.64,0.72,"2026-09-20",2305,"N20","nominal","2.0NRT",295.92,0.71,"N"
"6026",29.80534,32.08745,323.99,0.32,0.54,"2026-09-20",2305,"N20","nominal","2.0NRT",296.15,2.55,"N"
"6027",26.53427,51.94787,354.18,0.43,0.62,"2026-09-20",2305,"N20","nominal","2.0NRT",300.25,8.1,"N"
"6028",26.53325,51.9521,332.9,0.43,0.62,"2026-09-20",2305,"N20","nominal","2.0NRT",300.77,6.68,"N"
"6029",27.07129,49.57683,313.56,0.61,0.53,"2026-09-20",2305,"N20","nominal","2.0NRT",301.85,5.63,"N"
"6030",27.14489,49.22112,327.59,0.58,0.52,"2026-09-20",2305,"N20","nominal","2.0NRT",298.71,4.24,"N"
"6031",27.06385,49.58743,310.6,0.61,0.53,"2026-09-20",2305,"N20","nominal","2.0NRT",300.56,3.4,"N"
"6032",27.1,49.31155,320.9,0.58,0.52,"2026-09-20",2305,"N20","nominal","2.0NRT",299.07,3.53,"N"
"6033",29.82468,31.30517,315.8,0.35,0.57,"2026-09-20",2305,"N20","nominal","2.0NRT",293.14,2.02,"N"
"6034",29.74899,32.21067,307.46,0.62,0.54,"2026-09-20",2305,"N20","nominal","2.0NRT",293.29,1.28,"N"
"6035",29.69438,32.3202,304.54,0.61,0.54,"2026-09-20",2305,"N20","nominal","2.0NRT",294.3,1.42,"N"
"6036",29.74929,31.32114,304.36,0.35,0.57,"2026-09-20",2305,"N20","nominal","2.0NRT",292.85,0.41,"N"
"6037",29.73388,31.37956,321.98,0.35,0.57,"2026-09-20",2305,"N20","nominal","2.0NRT",292.56,2.06,"N"
"6038",26.24109,52.32625,327.51,0.46,0.64,"2026-09-20",2305,"N20","nominal","2.0NRT",299.63,1.64,"N"
"6039",26.23997,52.33075,318.67,0.47,0.64,"2026-09-20",2305,"N20","nominal","2.0NRT",299.97,1.64,"N"
"6040",26.24077,52.32848,342.52,0.47,0.64,"2026-09-20",2305,"N20","nominal","2.0NRT",300.01,3.48,"N"
"6041",26.69389,50.09018,312.42,0.33,0.55,"2026-09-20",2305,"N20","nominal","2.0NRT",300.06,0.59,"N"
"6042",26.6837,50.11153,320.77,0.33,0.56,"2026-09-20",2305,"N20","nominal","2.0NRT",300.35,0.58,"N"
"6043",29.52964,28.43895,302.83,0.53,0.67,"2026-09-20",2305,"N20","nominal","2.0NRT",289.07,0.73,"N"
"6044",28.98339,34.63417,308.94,0.44,0.46,"2026-09-20",2305,"N20","nominal","2.0NRT",296.96,2.55,"N"
"6045",24.99034,55.62198,308.85,0.79,0.78,"2026-09-20",2305,"N20","nominal","2.0NRT",294.09,2.68,"N"
"6046",26.15927,50.66573,313.27,0.37,0.58,"2026-09-20",2305,"N20","nominal","2.0NRT",301.95,1.14,"N"
"6047",25.5361,53.14649,367,0.54,0.68,"2026-09-20",2305,"N20","high","2.0NRT",299.4,15.95,"N"
"6048",25.53479,53.1517,350.46,0.54,0.68,"2026-09-20",2305,"N20","nominal","2.0NRT",301.53,15.95,"N"
"6049",25.91331,51.56378,324.18,0.42,0.61,"2026-09-20",2305,"N20","nominal","2.0NRT",299.72,1.6,"N"
"6050",25.91964,51.513,336.88,0.42,0.61,"2026-09-20",2305,"N20","nominal","2.0NRT",298.56,4.05,"N"
"6051",25.90429,51.55236,335.5,0.42,0.61,"2026-09-20",2305,"N20","nominal","2.0NRT",301.23,3.21,"N"
"6052",26.11823,50.60422,311.14,0.37,0.58,"2026-09-20",2305,"N20","nominal","2.0NRT",301.04,1.08,"N"
"6053",25.89529,51.54092,313.96,0.42,0.61,"2026-09-20",2305,"N20","nominal","2.0NRT",300.69,1.94,"N"
"6054",25.88429,51.53774,317.34,0.42,0.61,"2026-09-20",2305,"N20","nominal","2.0NRT",299.63,3.65,"N"
"6055",25.88565,51.53861,321.43,0.42,0.61,"2026-09-20",2305,"N20","nominal","2.0NRT",299.93,3.15,"N"
"6056",28.86775,33.17699,307.09,0.53,0.5,"2026-09-20",2305,"N20","nominal","2.0NRT",295.65,1.28,"N"
"6057",28.86947,33.17614,307.5,0.53,0.5,"2026-09-20",2305,"N20","nominal","2.0NRT",295.89,1.06,"N"
"6058",28.93658,30.97007,303.73,0.36,0.58,"2026-09-20",2305,"N20","nominal","2.0NRT",291.95,0.49,"N"
"6059",28.93125,30.96949,367,0.36,0.58,"2026-09-20",2305,"N20","high","2.0NRT",292.86,6.81,"N"
"6060",28.92216,31.07866,310.2,0.36,0.57,"2026-09-20",2305,"N20","nominal","2.0NRT",292.96,0.67,"N"
"6061",65.35572,93.83467,306.59,0.55,0.68,"2026-09-20",2252,"N20","nominal","2.0NRT",273.52,1.26,"N"
"6062",69.61614,81.7182,296.09,0.4,0.44,"2026-09-20",2252,"N20","nominal","2.0NRT",265.28,0.94,"N"
"6063",64.85281,77.25534,296.92,0.54,0.51,"2026-09-20",2254,"N20","nominal","2.0NRT",276.61,1.53,"N"
"6064",68.41199,83.62914,340.18,0.5,0.49,"2026-09-20",2252,"N20","nominal","2.0NRT",270.33,8.33,"N"
"6065",68.20885,83.4622,308.45,0.5,0.49,"2026-09-20",2252,"N20","nominal","2.0NRT",268.46,0.83,"N"
"6066",64.84974,77.26442,301.82,0.54,0.51,"2026-09-20",2254,"N20","nominal","2.0NRT",275.82,1.53,"N"
"6067",68.20559,83.45364,301.64,0.5,0.49,"2026-09-20",2252,"N20","nominal","2.0NRT",268.15,0.83,"N"
"6068",66.4318,56.60246,326.79,0.39,0.37,"2026-09-20",2254,"N20","nominal","2.0NRT",278.48,5.29,"N"
"6069",67.54929,83.20956,298.94,0.54,0.51,"2026-09-20",2252,"N20","nominal","2.0NRT",265.06,1.32,"N"
"6070",66.15131,57.6137,295.09,0.39,0.36,"2026-09-20",2254,"N20","nominal","2.0NRT",279.65,0.34,"N"
"6071",67.54588,83.21868,297.53,0.54,0.51,"2026-09-20",2252,"N20","nominal","2.0NRT",265.17,1.24,"N"
"6072",66.16781,57.32282,305.12,0.39,0.36,"2026-09-20",2254,"N20","nominal","2.0NRT",280.31,0.66,"N"
"6073",67.54817,83.21793,298.45,0.54,0.51,"2026-09-20",2252,"N20","nominal","2.0NRT",265.25,1.85,"N"
"6074",66.14529,57.3769,295.01,0.39,0.36,"2026-09-20",2254,"N20","nominal","2.0NRT",279.19,0.28,"N"
"6075",67.85297,80.15852,310.14,0.45,0.47,"2026-09-20",2252,"N20","nominal","2.0NRT",272.85,1.54,"N"
"6076",67.81807,80.10639,316.63,0.46,0.47,"2026-09-20",2252,"N20","nominal","2.0NRT",273.37,1.03,"N"
"6077",66.06616,57.82416,315.44,0.39,0.36,"2026-09-20",2254,"N20","nominal","2.0NRT",273.52,1.28,"N"
"6078",67.85478,79.87304,328.06,0.45,0.47,"2026-09-20",2252,"N20","nominal","2.0NRT",274.54,3.17,"N"
"6079",62.35653,67.22562,298.2,0.38,0.44,"2026-09-20",2257,"N20","nominal","2.0NRT",281.2,0.43,"N"
"6080",70.4089,68.2772,328.71,0.39,0.36,"2026-09-20",2254,"N20","nominal","2.0NRT",273.96,2.56,"N"
"6081",61.6104,67.81262,305.69,0.42,0.45,"2026-09-20",2257,"N20","nominal","2.0NRT",280.57,1.44,"N"
"6082",70.41068,68.268,296.07,0.39,0.36,"2026-09-20",2254,"N20","nominal","2.0NRT",270.86,2.56,"N"
"6083",61.6085,67.81961,318.39,0.42,0.45,"2026-09-20",2257,"N20","nominal","2.0NRT",281.63,1.41,"N"
"6084",70.35722,68.26149,306.45,0.39,0.36,"2026-09-20",2254,"N20","nominal","2.0NRT",272.56,1.16,"N"
"6085",61.75393,66.95882,314.93,0.4,0.44,"2026-09-20",2257,"N20","nominal","2.0NRT",281.62,1.04,"N"
"6086",70.35542,68.27067,303.72,0.39,0.36,"2026-09-20",2254,"N20","nominal","2.0NRT",270.87,0.99,"N"
"6087",61.75035,66.95461,327.75,0.4,0.44,"2026-09-20",2257,"N20","nominal","2.0NRT",280.3,2.62,"N"
"6088",63.18244,88.10709,297.7,0.56,0.69,"2026-09-20",2254,"N20","nominal","2.0NRT",275.44,1.32,"N"
"6089",60.0974,72.41708,298.67,0.32,0.55,"2026-09-20",2257,"N20","nominal","2.0NRT",277.58,0.54,"N"
"6090",62.86733,87.47763,296.13,0.57,0.69,"2026-09-20",2254,"N20","nominal","2.0NRT",275.44,1.04,"N"
"6091",61.73199,66.44743,304.52,0.38,0.44,"2026-09-20",2257,"N20","nominal","2.0NRT",280.41,0.8,"N"
"6092",66.67416,77.38926,342.48,0.45,0.47,"2026-09-20",2254,"N20","nominal","2.0NRT",276.43,6.61,"N"
"6093",61.42619,67.26685,313.27,0.41,0.45,"2026-09-20",2257,"N20","nominal","2.0NRT",281.05,1.42,"N"
"6094",66.69115,77.31768,295,0.45,0.47,"2026-09-20",2254,"N20","nominal","2.0NRT",273.84,0.65,"N"
"6095",61.52475,66.67014,300.61,0.4,0.44,"2026-09-20",2257,"N20","nominal","2.0NRT",279.96,0.76,"N"
"6096",66.68523,77.31892,307.12,0.45,0.47,"2026-09-20",2254,"N20","nominal","2.0NRT",274.36,1.33,"N"
"6097",60.75274,69.34705,318.93,0.5,0.49,"2026-09-20",2257,"N20","nominal","2.0NRT",278.13,2.96,"N"
"6098",66.66401,77.31582,336.76,0.45,0.47,"2026-09-20",2254,"N20","nominal","2.0NRT",275.25,5.02,"N"
"6099",59.47383,71.53234,298.36,0.32,0.55,"2026-09-20",2257,"N20","nominal","2.0NRT",273.72,0.67,"N"
"6100",63.16877,86.02062,295.9,0.51,0.66,"2026-09-20",2254,"N20","nominal","2.0NRT",273.88,1.2,"N"
"6101",59.47223,71.53717,298.56,0.32,0.55,"2026-09-20",2257,"N20","nominal","2.0NRT",277.8,0.86,"N"
"6102",63.16854,86.0165,300.71,0.51,0.66,"2026-09-20",2254,"N20","nominal","2.0NRT",275.22,2.48,"N"
"6103",66.65943,76.84361,336.6,0.44,0.46,"2026-09-20",2254,"N20","nominal","2.0NRT",275.79,4.93,"N"
"6104",59.41209,71.6269,367,0.33,0.55,"2026-09-20",2257,"N20","high","2.0NRT",278.71,2.98,"N"
"6105",66.33169,77.83605,311.09,0.48,0.48,"2026-09-20",2254,"N20","nominal","2.0NRT",274.13,1,"N"
"6106",61.85265,88.36094,302.67,0.67,0.74,"2026-09-20",2254,"N20","nominal","2.0NRT",271.78,3.43,"N"
"6107",59.41047,71.63179,297.69,0.33,0.55,"2026-09-20",2257,"N20","nominal","2.0NRT",278.4,2.98,"N"
"6108",66.40761,77.47945,337.14,0.47,0.47,"2026-09-20",2254,"N20","nominal","2.0NRT",274.72,6.42,"N"
"6109",59.20139,71.3679,350.4,0.33,0.55,"2026-09-20",2257,"N20","nominal","2.0NRT",278.35,3.54,"N"
"6110",66.47466,77.17631,301.08,0.46,0.47,"2026-09-20",2254,"N20","nominal","2.0NRT",273.63,1.11,"N"
"6111",66.9586,75.55055,320.75,0.4,0.45,"2026-09-20",2254,"N20","nominal","2.0NRT",278.15,1.26,"N"
"6112",59.20245,71.3688,339.65,0.33,0.55,"2026-09-20",2257,"N20","nominal","2.0NRT",278.16,2.06,"N"
"6113",66.96081,75.54304,304.3,0.4,0.45,"2026-09-20",2254,"N20","nominal","2.0NRT",277.83,1.26,"N"
"6114",59.20084,71.37372,297.94,0.33,0.55,"2026-09-20",2257,"N20","nominal","2.0NRT",277.52,2.06,"N"
"6115",66.95639,75.55809,296.49,0.4,0.45,"2026-09-20",2254,"N20","nominal","2.0NRT",278.09,0.86,"N"
"6116",66.95751,75.5367,326.19,0.4,0.45,"2026-09-20",2254,"N20","nominal","2.0NRT",277.82,3.3,"N"
"6117",60.08537,64.68885,300.66,0.39,0.44,"2026-09-20",2257,"N20","nominal","2.0NRT",280.76,0.61,"N"
"6118",66.9553,75.54423,352.57,0.4,0.45,"2026-09-20",2254,"N20","nominal","2.0NRT",278.77,3.3,"N"
"6119",66.95309,75.55175,309.75,0.4,0.45,"2026-09-20",2254,"N20","nominal","2.0NRT",278.04,1.28,"N"
"6120",59.9909,63.88482,326.85,0.56,0.43,"2026-09-20",2257,"N20","nominal","2.0NRT",282.03,12.06,"N"
"6121",66.952,75.53787,303.01,0.4,0.45,"2026-09-20",2254,"N20","nominal","2.0NRT",277.45,3.3,"N"
"6122",59.99061,63.8877,331.2,0.56,0.43,"2026-09-20",2257,"N20","nominal","2.0NRT",281.5,11.71,"N"
"6123",66.94979,75.54539,299.51,0.4,0.45,"2026-09-20",2254,"N20","nominal","2.0NRT",277.34,1.28,"N"
"6124",66.90663,75.60397,303.03,0.41,0.45,"2026-09-20",2254,"N20","nominal","2.0NRT",277.67,0.78,"N"
"6125",58.71196,59.5123,300.52,0.46,0.39,"2026-09-20",2257,"N20","nominal","2.0NRT",281.99,0.6,"N"
"6126",66.9044,75.61151,299.96,0.41,0.45,"2026-09-20",2254,"N20","nominal","2.0NRT",277.72,0.78,"N"
"6127",58.35481,60.07989,321.33,0.49,0.4,"2026-09-20",2257,"N20","nominal","2.0NRT",279.73,1.94,"N"
"6128",66.19151,77.6868,324.03,0.48,0.48,"2026-09-20",2254,"N20","nominal","2.0NRT",275.33,3.07,"N"
"6129",58.35657,60.07208,305.59,0.49,0.4,"2026-09-20",2257,"N20","nominal","2.0NRT",277.71,1.94,"N"
"6130",66.18742,77.68378,316.76,0.48,0.48,"2026-09-20",2254,"N20","nominal","2.0NRT",274.44,2.3,"N"
"6131",58.86857,57.55835,296.06,0.42,0.38,"2026-09-20",2257,"N20","nominal","2.0NRT",279.42,0.7,"N"
"6132",66.31289,76.99342,336.17,0.46,0.47,"2026-09-20",2254,"N20","nominal","2.0NRT",272.94,10.04,"N"
"6133",58.39436,58.3286,326.71,0.44,0.39,"2026-09-20",2257,"N20","nominal","2.0NRT",282.4,3.72,"N"
"6134",66.31029,77.0016,327.23,0.46,0.47,"2026-09-20",2254,"N20","nominal","2.0NRT",277.2,10.04,"N"
"6135",58.39104,58.32608,295.56,0.44,0.39,"2026-09-20",2257,"N20","nominal","2.0NRT",279.29,0.95,"N"
"6136",57.9454,60.05286,347.32,0.5,0.41,"2026-09-20",2257,"N20","nominal","2.0NRT",284.19,9.23,"N"
"6137",66.1998,77.24055,320.59,0.47,0.48,"2026-09-20",2254,"N20","nominal","2.0NRT",274.79,2.07,"N"
"6138",57.94364,60.0607,304.2,0.5,0.41,"2026-09-20",2257,"N20","nominal","2.0NRT",281.03,2.83,"N"
"6139",66.20085,77.23596,312.94,0.47,0.48,"2026-09-20",2254,"N20","nominal","2.0NRT",274.51,1.51,"N"
"6140",57.94193,60.05008,303.81,0.5,0.41,"2026-09-20",2257,"N20","nominal","2.0NRT",277.9,1.06,"N"
"6141",57.92633,60.02849,303.28,0.5,0.41,"2026-09-20",2257,"N20","nominal","2.0NRT",280.59,1.76,"N"
"6142",66.31973,76.78909,336.01,0.46,0.47,"2026-09-20",2254,"N20","nominal","2.0NRT",274.57,7.95,"N"
"6143",57.91938,60.02297,295.86,0.5,0.41,"2026-09-20",2257,"N20","nominal","2.0NRT",281.58,1.8,"N"
"6144",66.13027,77.31499,307.51,0.48,0.48,"2026-09-20",2254,"N20","nominal","2.0NRT",272.95,0.95,"N"
"6145",57.91762,60.03079,317.26,0.5,0.41,"2026-09-20",2257,"N20","nominal","2.0NRT",281.11,1.8,"N"
"6146",57.91945,60.0046,307.63,0.5,0.41,"2026-09-20",2257,"N20","nominal","2.0NRT",281.65,1.68,"N"
"6147",66.27863,76.76134,336.44,0.46,0.47,"2026-09-20",2254,"N20","nominal","2.0NRT",274.53,3.25,"N"
"6148",57.91768,60.0124,312.45,0.5,0.41,"2026-09-20",2257,"N20","nominal","2.0NRT",282.95,1.68,"N"
"6149",66.24862,76.82114,339.38,0.46,0.47,"2026-09-20",2254,"N20","nominal","2.0NRT",281.56,31.03,"N"
"6150",57.9159,60.02023,303.51,0.5,0.41,"2026-09-20",2257,"N20","nominal","2.0NRT",279.84,1.43,"N"
"6151",57.42068,60.08219,327.06,0.51,0.41,"2026-09-20",2257,"N20","nominal","2.0NRT",279.77,4.44,"N"
"6152",66.11422,77.06594,336.99,0.47,0.48,"2026-09-20",2254,"N20","nominal","2.0NRT",274.69,6.3,"N"
"6153",56.86976,62.06555,299.73,0.4,0.45,"2026-09-20",2257,"N20","nominal","2.0NRT",281.24,1.13,"N"
"6154",66.11075,77.05918,296.57,0.47,0.48,"2026-09-20",2254,"N20","nominal","2.0NRT",273.69,1.61,"N"
"6155",56.86908,62.05018,307.51,0.4,0.45,"2026-09-20",2257,"N20","nominal","2.0NRT",278.26,2.24,"N"
"6156",66.11554,77.05945,325.66,0.47,0.48,"2026-09-20",2254,"N20","nominal","2.0NRT",272.33,4.8,"N"
"6157",56.86755,62.05627,318.05,0.4,0.45,"2026-09-20",2257,"N20","nominal","2.0NRT",285.5,2.24,"N"
"6158",66.1129,77.06779,332.81,0.47,0.48,"2026-09-20",2254,"N20","nominal","2.0NRT",274.77,5.75,"N"
"6159",57.87365,56.15841,296.03,0.41,0.37,"2026-09-20",2257,"N20","nominal","2.0NRT",278.92,0.29,"N"
"6160",57.66351,57.1413,298.81,0.43,0.38,"2026-09-20",2257,"N20","nominal","2.0NRT",278.85,0.32,"N"
"6161",66.05354,77.00656,332.13,0.47,0.48,"2026-09-20",2254,"N20","nominal","2.0NRT",272.99,3.65,"N"
"6162",59.38662,28.45,298.37,0.66,0.73,"2026-09-20",2259,"N20","nominal","2.0NRT",278.49,1.64,"N"
"6163",66.10642,76.84123,314.52,0.47,0.47,"2026-09-20",2254,"N20","nominal","2.0NRT",274.4,1.96,"N"
"6164",55.28793,61.45896,325.25,0.43,0.46,"2026-09-20",2259,"N20","nominal","2.0NRT",282.17,1.78,"N"
"6165",66.09769,76.85104,327.67,0.47,0.47,"2026-09-20",2254,"N20","nominal","2.0NRT",274.85,3.21,"N"
"6166",55.28245,61.46222,319.37,0.43,0.46,"2026-09-20",2259,"N20","nominal","2.0NRT",282.3,3.22,"N"
"6167",65.90855,77.24272,317.53,0.48,0.48,"2026-09-20",2254,"N20","nominal","2.0NRT",274.83,1.41,"N"
"6168",55.28085,61.46854,316.47,0.43,0.46,"2026-09-20",2259,"N20","nominal","2.0NRT",282.56,2.07,"N"
"6169",65.90577,77.25117,295.05,0.49,0.48,"2026-09-20",2254,"N20","nominal","2.0NRT",274.06,1.41,"N"
"6170",55.26858,61.44368,309.97,0.43,0.46,"2026-09-20",2259,"N20","nominal","2.0NRT",282.9,1.42,"N"
"6171",65.90733,77.25077,329.2,0.49,0.48,"2026-09-20",2254,"N20","nominal","2.0NRT",275.15,2.81,"N"
"6172",55.26311,61.4469,297.21,0.43,0.46,"2026-09-20",2259,"N20","nominal","2.0NRT",284.03,1.42,"N"
"6173",55.20631,61.43241,299.68,0.43,0.46,"2026-09-20",2259,"N20","nominal","2.0NRT",283.2,1.58,"N"
"6174",65.85989,76.95821,344.28,0.48,0.48,"2026-09-20",2254,"N20","nominal","2.0NRT",274.44,5.73,"N"
"6175",55.46548,60.19784,323.69,0.39,0.44,"2026-09-20",2259,"N20","nominal","2.0NRT",278.87,2.91,"N"
"6176",65.83424,76.77353,302.74,0.48,0.48,"2026-09-20",2254,"N20","nominal","2.0NRT",272.65,1.15,"N"
"6177",51.73886,68.08582,298.89,0.49,0.65,"2026-09-20",2259,"N20","nominal","2.0NRT",277.55,1.05,"N"
"6178",53.47196,58.98436,327.92,0.4,0.44,"2026-09-20",2259,"N20","nominal","2.0NRT",281.83,2.1,"N"
"6179",65.79556,76.87571,303.41,0.48,0.48,"2026-09-20",2254,"N20","nominal","2.0NRT",271.22,1.32,"N"
"6180",53.45962,59.03477,346.53,0.4,0.44,"2026-09-20",2259,"N20","nominal","2.0NRT",285.76,10.12,"N"
"6181",53.47335,58.97868,297.16,0.4,0.44,"2026-09-20",2259,"N20","nominal","2.0NRT",276.4,2.1,"N"
"6182",53.47139,58.98397,331.6,0.4,0.44,"2026-09-20",2259,"N20","nominal","2.0NRT",283.28,2.74,"N"
"6183",53.45926,59.03453,337,0.4,0.44,"2026-09-20",2259,"N20","nominal","2.0NRT",289.58,11.55,"N"
"6184",53.45546,59.03199,351.6,0.4,0.44,"2026-09-20",2259,"N20","nominal","2.0NRT",285.43,6.93,"N"
"6185",53.45409,59.03767,308.63,0.4,0.44,"2026-09-20",2259,"N20","nominal","2.0NRT",280.29,1.53,"N"
"6186",53.4503,59.03504,309.78,0.4,0.44,"2026-09-20",2259,"N20","nominal","2.0NRT",279.61,1.53,"N"
"6187",53.44135,59.03547,302.66,0.4,0.44,"2026-09-20",2259,"N20","nominal","2.0NRT",282.31,1.2,"N"
"6188",53.43482,59.04421,316.62,0.4,0.44,"2026-09-20",2259,"N20","nominal","2.0NRT",282.19,1.66,"N"
"6189",53.43075,59.06107,314.31,0.4,0.44,"2026-09-20",2259,"N20","nominal","2.0NRT",284.05,2.77,"N"
"6190",53.4283,59.05287,305.39,0.4,0.44,"2026-09-20",2259,"N20","nominal","2.0NRT",281.81,1.65,"N"
"6191",53.42024,59.08619,314.7,0.4,0.44,"2026-09-20",2259,"N20","nominal","2.0NRT",280.95,1.4,"N"
"6192",53.42314,59.05589,295.86,0.4,0.44,"2026-09-20",2259,"N20","nominal","2.0NRT",283.86,0.93,"N"
"6193",53.39791,59.03199,307.85,0.4,0.44,"2026-09-20",2259,"N20","nominal","2.0NRT",280.47,1.34,"N"
"6194",53.27261,58.85513,297.5,0.4,0.44,"2026-09-20",2259,"N20","nominal","2.0NRT",279.9,0.96,"N"
"6195",53.66417,55.97225,301,0.47,0.4,"2026-09-20",2259,"N20","nominal","2.0NRT",281.97,0.84,"N"
"6196",53.67405,55.70414,300.92,0.46,0.39,"2026-09-20",2259,"N20","nominal","2.0NRT",276.97,0.42,"N"
"6197",53.6706,55.70211,297.78,0.46,0.39,"2026-09-20",2259,"N20","nominal","2.0NRT",276.47,0.42,"N"
"6198",55.3862,42.1792,318.04,0.39,0.44,"2026-09-20",2259,"N20","nominal","2.0NRT",284.08,2.46,"N"
"6199",55.38646,42.1794,318.12,0.39,0.44,"2026-09-20",2259,"N20","nominal","2.0NRT",283.89,2.14,"N"
"6200",52.91516,55.7235,300.1,0.48,0.4,"2026-09-20",2259,"N20","nominal","2.0NRT",278.77,0.41,"N"
"6201",54.426,46.09055,299.34,0.44,0.38,"2026-09-20",2259,"N20","nominal","2.0NRT",283.37,0.44,"N"
"6202",54.44574,45.86662,296.84,0.44,0.38,"2026-09-20",2259,"N20","nominal","2.0NRT",283.67,1.04,"N"
"6203",54.44493,45.87341,309.01,0.44,0.38,"2026-09-20",2259,"N20","nominal","2.0NRT",286.21,1.04,"N"
"6204",49.02334,68.62321,295.54,0.65,0.73,"2026-09-20",2259,"N20","nominal","2.0NRT",282.59,1.32,"N"
"6205",49.02768,68.61947,299.09,0.65,0.73,"2026-09-20",2259,"N20","nominal","2.0NRT",282.06,0.62,"N"
"6206",53.53592,49.62744,300.04,0.38,0.36,"2026-09-20",2259,"N20","nominal","2.0NRT",286.66,0.98,"N"
"6207",53.53336,49.46712,299.72,0.39,0.36,"2026-09-20",2259,"N20","nominal","2.0NRT",283.22,0.31,"N"
"6208",53.03905,52.41254,306.47,0.4,0.37,"2026-09-20",2259,"N20","nominal","2.0NRT",282.43,1.25,"N"
"6209",54.55461,39.72728,299.95,0.47,0.48,"2026-09-20",2259,"N20","nominal","2.0NRT",282.96,1.26,"N"
"6210",53.87523,45.85564,307.87,0.44,0.38,"2026-09-20",2259,"N20","nominal","2.0NRT",284.42,1.26,"N"
"6211",52.60411,53.21461,299.97,0.42,0.38,"2026-09-20",2259,"N20","nominal","2.0NRT",278.61,0.6,"N"
"6212",52.92239,51.41909,296.89,0.39,0.36,"2026-09-20",2259,"N20","nominal","2.0NRT",279.98,0.3,"N"
"6213",52.27657,54.45067,318.7,0.45,0.39,"2026-09-20",2259,"N20","nominal","2.0NRT",281.45,1.82,"N"
"6214",52.86873,51.20937,295.95,0.39,0.36,"2026-09-20",2259,"N20","nominal","2.0NRT",281.43,0.32,"N"
"6215",52.40059,53.72131,310.87,0.43,0.38,"2026-09-20",2259,"N20","nominal","2.0NRT",279.82,1.14,"N"
"6216",54.24494,38.86627,296.24,0.51,0.49,"2026-09-20",2259,"N20","nominal","2.0NRT",282.28,0.8,"N"
"6217",54.21399,38.91949,308.1,0.51,0.49,"2026-09-20",2259,"N20","nominal","2.0NRT",283.95,2.75,"N"
"6218",51.25034,58.52948,298.84,0.44,0.46,"2026-09-20",2259,"N20","nominal","2.0NRT",280.75,0.71,"N"
"6219",52.23013,54.124,307.45,0.45,0.39,"2026-09-20",2259,"N20","nominal","2.0NRT",281.22,1.51,"N"
"6220",52.55824,52.38479,304.23,0.41,0.37,"2026-09-20",2259,"N20","nominal","2.0NRT",281.25,0.65,"N"
"6221",51.4396,57.56796,299.3,0.4,0.44,"2026-09-20",2259,"N20","nominal","2.0NRT",277.45,1.52,"N"
"6222",51.2253,58.37184,300.37,0.43,0.46,"2026-09-20",2259,"N20","nominal","2.0NRT",281.65,0.85,"N"
"6223",51.22134,58.36937,295.87,0.43,0.46,"2026-09-20",2259,"N20","nominal","2.0NRT",282.85,0.85,"N"
"6224",52.55907,51.66718,301.82,0.4,0.37,"2026-09-20",2259,"N20","nominal","2.0NRT",279.21,0.54,"N"
"6225",51.87476,54.75722,300.39,0.47,0.4,"2026-09-20",2259,"N20","nominal","2.0NRT",283.85,2.34,"N"
"6226",51.87339,54.76376,298.03,0.47,0.4,"2026-09-20",2259,"N20","nominal","2.0NRT",285.07,1.88,"N"
"6227",51.874,54.74229,327.85,0.47,0.4,"2026-09-20",2259,"N20","nominal","2.0NRT",285.2,3.3,"N"
"6228",51.87264,54.7488,328.71,0.47,0.4,"2026-09-20",2259,"N20","nominal","2.0NRT",288.55,2.34,"N"
"6229",51.87128,54.7553,320.98,0.47,0.4,"2026-09-20",2259,"N20","nominal","2.0NRT",284.03,2.34,"N"
"6230",51.87117,54.71874,303.68,0.47,0.4,"2026-09-20",2259,"N20","nominal","2.0NRT",281.92,0.56,"N"
"6231",51.90624,54.5132,298.38,0.46,0.39,"2026-09-20",2259,"N20","nominal","2.0NRT",281.6,0.56,"N"
"6232",51.64169,55.5862,322.19,0.5,0.41,"2026-09-20",2259,"N20","nominal","2.0NRT",278.88,3.23,"N"
"6233",52.11203,53.26841,309.16,0.43,0.38,"2026-09-20",2259,"N20","nominal","2.0NRT",280.08,1.33,"N"
"6234",52.07862,53.3569,296.46,0.43,0.38,"2026-09-20",2259,"N20","nominal","2.0NRT",282.72,0.55,"N"
"6235",51.59839,55.28449,315.13,0.49,0.41,"2026-09-20",2259,"N20","nominal","2.0NRT",277.11,2.02,"N"
"6236",51.61193,55.1854,326.36,0.49,0.4,"2026-09-20",2259,"N20","nominal","2.0NRT",279.47,2.16,"N"
"6237",51.60609,55.21237,318.03,0.49,0.4,"2026-09-20",2259,"N20","nominal","2.0NRT",278.55,2.36,"N"
"6238",51.60571,55.15923,315.51,0.49,0.4,"2026-09-20",2259,"N20","nominal","2.0NRT",278.69,1.83,"N"
"6239",51.60713,55.15991,320.6,0.49,0.4,"2026-09-20",2259,"N20","nominal","2.0NRT",278.83,2.47,"N"
"6240",51.59366,55.16743,326.08,0.49,0.4,"2026-09-20",2259,"N20","nominal","2.0NRT",278.9,2.07,"N"
"6241",51.5994,55.14044,304.12,0.49,0.4,"2026-09-20",2259,"N20","nominal","2.0NRT",276.2,1.18,"N"
"6242",52.223,51.83565,303.6,0.4,0.37,"2026-09-20",2259,"N20","nominal","2.0NRT",281.29,0.66,"N"
"6243",51.84726,53.80935,305.95,0.44,0.39,"2026-09-20",2259,"N20","nominal","2.0NRT",280.52,0.52,"N"
"6244",52.28177,50.87151,299.48,0.39,0.36,"2026-09-20",2259,"N20","nominal","2.0NRT",282.07,0.26,"N"
"6245",51.87195,52.98201,316.12,0.42,0.38,"2026-09-20",2259,"N20","nominal","2.0NRT",278.08,0.82,"N"
"6246",47.76769,67.75147,302.75,0.67,0.74,"2026-09-20",2259,"N20","nominal","2.0NRT",284.07,1.6,"N"
"6247",47.76464,67.74893,304.91,0.67,0.74,"2026-09-20",2259,"N20","nominal","2.0NRT",284.64,1.17,"N"
"6248",52.01316,51.68536,298.71,0.4,0.37,"2026-09-20",2259,"N20","nominal","2.0NRT",280.67,0.42,"N"
"6249",51.81326,52.55153,327.68,0.42,0.37,"2026-09-20",2259,"N20","nominal","2.0NRT",281.19,3.55,"N"
"6250",52.01823,51.15108,316.78,0.39,0.36,"2026-09-20",2259,"N20","nominal","2.0NRT",282.08,0.9,"N"
"6251",51.901,51.37525,297.48,0.4,0.37,"2026-09-20",2259,"N20","nominal","2.0NRT",281.02,0.34,"N"
"6252",51.60466,52.93019,330.1,0.43,0.38,"2026-09-20",2259,"N20","nominal","2.0NRT",285.94,18.4,"N"
"6253",51.61855,52.78135,307.2,0.42,0.38,"2026-09-20",2259,"N20","nominal","2.0NRT",279.59,1.23,"N"
"6254",51.59354,52.91163,297.34,0.43,0.38,"2026-09-20",2259,"N20","nominal","2.0NRT",278.93,1.39,"N"
"6255",51.56844,52.75655,327.16,0.42,0.38,"2026-09-20",2259,"N20","nominal","2.0NRT",282.39,2.98,"N"
"6256",51.56623,52.74901,335.93,0.42,0.38,"2026-09-20",2259,"N20","nominal","2.0NRT",289.16,6.23,"N"
"6257",51.842,51.08088,296.07,0.39,0.36,"2026-09-20",2259,"N20","nominal","2.0NRT",279.61,0.51,"N"
"6258",51.8403,51.07913,297.47,0.39,0.36,"2026-09-20",2259,"N20","nominal","2.0NRT",279.01,0.27,"N"
"6259",51.32872,53.33217,299.08,0.44,0.38,"2026-09-20",2259,"N20","nominal","2.0NRT",281.75,0.77,"N"
"6260",51.84595,49.90233,306.63,0.39,0.36,"2026-09-20",2259,"N20","nominal","2.0NRT",281.82,1.08,"N"
"6261",50.35984,57.12218,304.12,0.41,0.45,"2026-09-20",2259,"N20","nominal","2.0NRT",282.08,1.06,"N"
"6262",50.35337,57.13082,313.22,0.41,0.45,"2026-09-20",2259,"N20","nominal","2.0NRT",278.86,1.15,"N"
"6263",50.3495,57.12852,326.46,0.41,0.45,"2026-09-20",2259,"N20","nominal","2.0NRT",282.58,1.55,"N"
"6264",50.3482,57.13399,305.15,0.41,0.45,"2026-09-20",2259,"N20","nominal","2.0NRT",283.22,1.4,"N"
"6265",50.3469,57.13947,299.89,0.41,0.45,"2026-09-20",2259,"N20","nominal","2.0NRT",284.01,1.4,"N"
"6266",50.34692,57.12078,300.75,0.41,0.45,"2026-09-20",2259,"N20","nominal","2.0NRT",280.69,1.55,"N"
"6267",50.34562,57.12624,304.96,0.41,0.45,"2026-09-20",2259,"N20","nominal","2.0NRT",282.6,1.55,"N"
"6268",50.34432,57.1317,297.73,0.41,0.45,"2026-09-20",2259,"N20","nominal","2.0NRT",282.6,1.4,"N"
"6269",52.05231,47.44163,309.27,0.39,0.37,"2026-09-20",2259,"N20","nominal","2.0NRT",286.51,1.6,"N"
"6270",51.94696,47.76445,297.62,0.39,0.36,"2026-09-20",2259,"N20","nominal","2.0NRT",283.5,0.92,"N"
"6271",52.56424,39.69751,304.06,0.45,0.47,"2026-09-20",2259,"N20","nominal","2.0NRT",284.48,1.18,"N"
"6272",52.56375,39.70427,308.6,0.45,0.47,"2026-09-20",2259,"N20","nominal","2.0NRT",284.91,1.18,"N"
"6273",52.56255,39.60109,295.83,0.46,0.47,"2026-09-20",2259,"N20","nominal","2.0NRT",284.78,1.26,"N"
"6274",52.55722,39.61381,325.18,0.46,0.47,"2026-09-20",2259,"N20","nominal","2.0NRT",285.36,4.26,"N"
"6275",52.5602,39.57283,310.13,0.46,0.47,"2026-09-20",2259,"N20","nominal","2.0NRT",285.02,1.88,"N"
"6276",52.5587,39.59343,303.34,0.46,0.47,"2026-09-20",2259,"N20","nominal","2.0NRT",286.15,1.91,"N"
"6277",52.55585,39.57205,342.91,0.46,0.47,"2026-09-20",2259,"N20","nominal","2.0NRT",287.65,6.67,"N"
"6278",52.54708,39.63239,340.03,0.46,0.47,"2026-09-20",2259,"N20","nominal","2.0NRT",287.06,2.8,"N"
"6279",52.5515,39.57126,302.49,0.46,0.47,"2026-09-20",2259,"N20","nominal","2.0NRT",284.07,6.67,"N"
"6280",52.54757,39.62561,296.68,0.46,0.47,"2026-09-20",2259,"N20","nominal","2.0NRT",285.7,2.8,"N"
"6281",52.53989,39.61025,312.45,0.46,0.47,"2026-09-20",2259,"N20","nominal","2.0NRT",282.6,1.7,"N"
"6282",52.5394,39.61705,299.45,0.46,0.47,"2026-09-20",2259,"N20","nominal","2.0NRT",282.31,1.7,"N"
"6283",52.53409,39.62977,331.33,0.46,0.47,"2026-09-20",2259,"N20","nominal","2.0NRT",286.23,4.65,"N"
"6284",51.089,50.55074,312.94,0.39,0.36,"2026-09-20",2259,"N20","nominal","2.0NRT",280.2,1.2,"N"
"6285",51.44231,44.92199,302.89,0.44,0.38,"2026-09-20",2301,"N20","nominal","2.0NRT",282.2,0.69,"N"
"6286",51.44239,44.92176,298.23,0.44,0.38,"2026-09-20",2301,"N20","nominal","2.0NRT",282.26,0.53,"N"
"6287",52.05549,34.14766,297.06,0.38,0.59,"2026-09-20",2301,"N20","nominal","2.0NRT",281,0.46,"N"
"6288",52.05001,34.14713,296.06,0.38,0.59,"2026-09-20",2301,"N20","nominal","2.0NRT",280.75,0.46,"N"
"6289",51.38425,42.47842,296.52,0.52,0.41,"2026-09-20",2301,"N20","nominal","2.0NRT",283.08,0.52,"N"
"6290",50.912,44.52948,298.22,0.44,0.38,"2026-09-20",2301,"N20","nominal","2.0NRT",281.51,0.44,"N"
"6291",48.53409,57.21816,324.93,0.46,0.47,"2026-09-20",2301,"N20","nominal","2.0NRT",285.94,4.56,"N"
"6292",48.53262,57.22404,337.44,0.46,0.47,"2026-09-20",2301,"N20","nominal","2.0NRT",289.44,4.56,"N"
"6293",50.98865,42.31783,296.69,0.52,0.41,"2026-09-20",2301,"N20","nominal","2.0NRT",282.07,0.83,"N"
"6294",48.3084,57.39502,349.9,0.47,0.48,"2026-09-20",2301,"N20","nominal","2.0NRT",289.86,15.48,"N"
"6295",51.26015,37.75868,313.34,0.53,0.5,"2026-09-20",2301,"N20","nominal","2.0NRT",285.23,1.79,"N"
"6296",45.77143,65.63498,297.51,0.64,0.72,"2026-09-20",2301,"N20","nominal","2.0NRT",285.64,0.85,"N"
"6297",51.15722,37.94373,298.87,0.52,0.5,"2026-09-20",2301,"N20","nominal","2.0NRT",285.61,0.78,"N"
"6298",51.13973,37.92565,296.77,0.52,0.5,"2026-09-20",2301,"N20","nominal","2.0NRT",282.13,1.93,"N"
"6299",51.13927,37.93325,317.79,0.52,0.5,"2026-09-20",2301,"N20","nominal","2.0NRT",284.68,1.93,"N"
"6300",47.88241,57.46055,314.88,0.49,0.48,"2026-09-20",2301,"N20","nominal","2.0NRT",283.39,1.78,"N"
"6301",47.87925,57.45765,297.6,0.49,0.49,"2026-09-20",2301,"N20","nominal","2.0NRT",282.47,1.06,"N"
"6302",47.87771,57.46383,296.34,0.49,0.49,"2026-09-20",2301,"N20","nominal","2.0NRT",282.22,0.86,"N"
"6303",51.04501,34.7075,300.12,0.36,0.57,"2026-09-20",2301,"N20","nominal","2.0NRT",279.67,0.47,"N"
"6304",49.99907,45.58683,296.38,0.41,0.37,"2026-09-20",2301,"N20","nominal","2.0NRT",281.29,0.66,"N"
"6305",50.61446,36.5994,297.21,0.59,0.53,"2026-09-20",2301,"N20","nominal","2.0NRT",283.64,0.8,"N"
"6306",50.37959,39.63148,309.98,0.43,0.46,"2026-09-20",2301,"N20","nominal","2.0NRT",283.47,1.27,"N"
"6307",50.58627,33.38235,301.79,0.41,0.6,"2026-09-20",2301,"N20","nominal","2.0NRT",280.57,0.63,"N"
"6308",49.69178,44.74663,295.52,0.42,0.38,"2026-09-20",2301,"N20","nominal","2.0NRT",280.24,0.19,"N"
"6309",50.46244,35.60529,297.21,0.32,0.55,"2026-09-20",2301,"N20","nominal","2.0NRT",281.14,0.4,"N"
"6310",50.45735,35.6047,295.83,0.32,0.55,"2026-09-20",2301,"N20","nominal","2.0NRT",281.23,0.4,"N"
"6311",50.45694,35.61396,295.99,0.32,0.55,"2026-09-20",2301,"N20","nominal","2.0NRT",281.69,0.3,"N"
"6312",50.45469,34.1135,326.32,0.38,0.59,"2026-09-20",2301,"N20","nominal","2.0NRT",283.63,2.29,"N"
"6313",50.14966,39.68269,308.02,0.43,0.46,"2026-09-20",2301,"N20","nominal","2.0NRT",285.39,1.17,"N"
"6314",50.1498,39.68166,312.11,0.43,0.46,"2026-09-20",2301,"N20","nominal","2.0NRT",285.51,2.13,"N"
"6315",50.45348,34.11154,316.12,0.38,0.59,"2026-09-20",2301,"N20","nominal","2.0NRT",283.32,1.11,"N"
"6316",50.45329,34.11704,296.85,0.38,0.59,"2026-09-20",2301,"N20","nominal","2.0NRT",283.7,1.11,"N"
"6317",50.29623,36.14917,298.12,0.61,0.53,"2026-09-20",2301,"N20","nominal","2.0NRT",282.06,0.58,"N"
"6318",50.27026,36.17142,302.18,0.61,0.53,"2026-09-20",2301,"N20","nominal","2.0NRT",281.24,0.43,"N"
"6319",50.26924,36.17614,301.66,0.61,0.53,"2026-09-20",2301,"N20","nominal","2.0NRT",281.63,0.87,"N"
"6320",49.69798,43.05347,305.09,0.47,0.4,"2026-09-20",2301,"N20","nominal","2.0NRT",281.02,0.65,"N"
"6321",50.17234,36.22528,296.41,0.6,0.53,"2026-09-20",2301,"N20","nominal","2.0NRT",283.38,1.03,"N"
"6322",50.10025,37.30111,324.81,0.54,0.51,"2026-09-20",2301,"N20","nominal","2.0NRT",282.44,3.11,"N"
"6323",50.10307,37.30198,326.95,0.54,0.51,"2026-09-20",2301,"N20","nominal","2.0NRT",282.96,4.15,"N"
"6324",41.19506,32.61983,295.12,0.4,0.6,"2026-09-21",41,"N20","nominal","2.0NRT",284.02,0.69,"N"
"6325",41.18488,32.63506,295.16,0.4,0.6,"2026-09-21",41,"N20","nominal","2.0NRT",285.06,0.78,"N"
"6326",41.17978,32.63217,296.21,0.4,0.6,"2026-09-21",41,"N20","nominal","2.0NRT",284.84,0.78,"N"
"6327",41.17469,32.62923,297.62,0.4,0.6,"2026-09-21",41,"N20","nominal","2.0NRT",283.98,0.9,"N"
"6328",41.26814,31.42397,304.32,0.35,0.56,"2026-09-21",41,"N20","nominal","2.0NRT",288.23,0.78,"N"
"6329",41.26709,31.42787,302.56,0.35,0.56,"2026-09-21",41,"N20","nominal","2.0NRT",288.89,0.78,"N"
"6330",41.26322,31.42167,301.07,0.35,0.56,"2026-09-21",41,"N20","nominal","2.0NRT",287.38,0.78,"N"
"6331",41.79971,26.70108,302.16,0.4,0.44,"2026-09-21",43,"N20","nominal","2.0NRT",285.55,0.69,"N"
"6332",41.79838,26.70272,301.62,0.4,0.44,"2026-09-21",43,"N20","nominal","2.0NRT",286.44,0.95,"N"
"6333",40.75942,29.75989,308.33,0.59,0.53,"2026-09-21",43,"N20","nominal","2.0NRT",289.52,1.93,"N"
"6334",41.02105,28.5517,301.46,0.51,0.49,"2026-09-21",43,"N20","nominal","2.0NRT",288.26,0.89,"N"
"6335",41.01964,28.55761,300.54,0.51,0.49,"2026-09-21",43,"N20","nominal","2.0NRT",289.08,0.89,"N"
"6336",39.37478,33.63969,297.29,0.5,0.66,"2026-09-21",43,"N20","nominal","2.0NRT",279.11,1.71,"N"
"6337",41.06179,26.94817,305.89,0.42,0.45,"2026-09-21",43,"N20","nominal","2.0NRT",285,0.66,"N"
"6338",39.74477,30.19554,298.59,0.33,0.55,"2026-09-21",43,"N20","nominal","2.0NRT",282.06,0.48,"N"
"6339",39.70794,30.15374,297.89,0.33,0.55,"2026-09-21",43,"N20","nominal","2.0NRT",280.71,0.83,"N"
"6340",39.48581,30.03915,302.34,0.33,0.55,"2026-09-21",43,"N20","nominal","2.0NRT",281.96,0.85,"N"
"6341",39.60997,27.87771,299.79,0.51,0.49,"2026-09-21",43,"N20","nominal","2.0NRT",288.02,0.83,"N"
"6342",39.86782,26.24579,301.74,0.41,0.45,"2026-09-21",43,"N20","nominal","2.0NRT",287.89,0.51,"N"
"6343",39.86382,26.24423,312.1,0.41,0.45,"2026-09-21",43,"N20","nominal","2.0NRT",289.7,1.04,"N"
"6344",38.65871,30.6148,300.45,0.37,0.58,"2026-09-21",43,"N20","nominal","2.0NRT",281.98,1.16,"N"
"6345",38.65761,30.61891,297.83,0.37,0.58,"2026-09-21",43,"N20","nominal","2.0NRT",283.6,1.21,"N"
"6346",39.1164,27.52148,305.31,0.5,0.49,"2026-09-21",43,"N20","nominal","2.0NRT",288.37,0.96,"N"
"6347",39.11514,27.52681,301.04,0.5,0.49,"2026-09-21",43,"N20","nominal","2.0NRT",288.37,0.96,"N"
"6348",39.09474,27.51306,303.58,0.5,0.49,"2026-09-21",43,"N20","nominal","2.0NRT",288.34,1.5,"N"
"6349",39.0905,27.51096,300.6,0.5,0.49,"2026-09-21",43,"N20","nominal","2.0NRT",287.87,0.71,"N"
"6350",37.25499,30.44174,305.74,0.39,0.6,"2026-09-21",43,"N20","nominal","2.0NRT",286.75,0.88,"N"
"6351",31.32863,32.13938,302.52,0.7,0.75,"2026-09-21",45,"N20","nominal","2.0NRT",290.58,0.8,"N"
"6352",31.32697,32.1392,302.95,0.7,0.75,"2026-09-21",45,"N20","nominal","2.0NRT",290.81,1.6,"N"
"6353",31.35404,30.3155,307.52,0.55,0.68,"2026-09-21",45,"N20","nominal","2.0NRT",290.3,0.43,"N"
"6354",31.12551,29.81042,305.93,0.52,0.67,"2026-09-21",45,"N20","nominal","2.0NRT",292.11,2.87,"N"
"6355",31.00908,29.83029,367,0.53,0.67,"2026-09-21",45,"N20","high","2.0NRT",292.13,13.56,"N"
"6356",31.03051,29.75141,306.05,0.52,0.67,"2026-09-21",45,"N20","nominal","2.0NRT",291.57,2.22,"N"
"6357",31.02914,29.75648,303.28,0.52,0.67,"2026-09-21",45,"N20","nominal","2.0NRT",292,2.51,"N"
"6358",31.01051,29.82502,307.84,0.53,0.67,"2026-09-21",45,"N20","nominal","2.0NRT",289.45,9.13,"N"
"6359",31.00764,29.83558,308.29,0.53,0.67,"2026-09-21",45,"N20","nominal","2.0NRT",291.02,13.56,"N"
"6360",29.92686,32.4618,303.62,0.79,0.78,"2026-09-21",45,"N20","nominal","2.0NRT",291.81,1.95,"N"
"6361",30.39714,30.58672,307.6,0.6,0.71,"2026-09-21",45,"N20","nominal","2.0NRT",290.72,2.02,"N"
"6362",30.84431,28.66748,305.72,0.46,0.63,"2026-09-21",45,"N20","nominal","2.0NRT",289.21,0.54,"N"
"6363",30.84313,28.66846,305.45,0.46,0.63,"2026-09-21",45,"N20","nominal","2.0NRT",289.81,0.72,"N"
"6364",29.80769,32.087,318.93,0.76,0.77,"2026-09-21",45,"N20","nominal","2.0NRT",291.7,4.04,"N"
"6365",29.96255,31.42933,302.81,0.69,0.74,"2026-09-21",45,"N20","nominal","2.0NRT",289.67,0.71,"N"
"6366",29.69564,32.31205,302.57,0.79,0.78,"2026-09-21",45,"N20","nominal","2.0NRT",290.97,1.76,"N"
"6367",29.80931,32.08829,318.43,0.76,0.77,"2026-09-21",45,"N20","nominal","2.0NRT",291.71,3.98,"N"
"6368",29.96716,31.4311,303.91,0.69,0.74,"2026-09-21",45,"N20","nominal","2.0NRT",289.46,0.85,"N"
"6369",29.69863,32.31389,302.82,0.79,0.78,"2026-09-21",45,"N20","nominal","2.0NRT",290.93,1.6,"N"
"6370",30.93326,27.55305,353.15,0.39,0.59,"2026-09-21",45,"N20","nominal","2.0NRT",290.21,3.54,"N"
"6371",30.93227,27.55701,301.21,0.39,0.6,"2026-09-21",45,"N20","nominal","2.0NRT",289.27,3.54,"N"
"6372",31.09735,26.61737,310.92,0.34,0.56,"2026-09-21",45,"N20","nominal","2.0NRT",288.76,1.08,"N"
"6373",30.70329,27.72346,299.27,0.41,0.6,"2026-09-21",45,"N20","nominal","2.0NRT",288.47,0.33,"N"
"6374",30.76142,27.46839,312.81,0.39,0.59,"2026-09-21",45,"N20","nominal","2.0NRT",288.7,1.53,"N"
"6375",30.76902,27.10323,304.02,0.37,0.58,"2026-09-21",45,"N20","nominal","2.0NRT",288.87,0.68,"N"
"6376",30.73445,27.24422,301.7,0.38,0.59,"2026-09-21",45,"N20","nominal","2.0NRT",287.91,0.39,"N"
"6377",30.76384,27.10152,316.87,0.37,0.58,"2026-09-21",45,"N20","nominal","2.0NRT",288.67,2.08,"N"
"6378",30.76291,27.10531,319.8,0.37,0.58,"2026-09-21",45,"N20","nominal","2.0NRT",289.59,2.26,"N"
"6379",30.85857,26.62194,305.74,0.35,0.57,"2026-09-21",45,"N20","nominal","2.0NRT",288.62,0.98,"N"
"6380",30.82796,26.46936,300.48,0.34,0.56,"2026-09-21",45,"N20","nominal","2.0NRT",288.57,0.35,"N"
"6381",30.82297,26.46774,300.43,0.34,0.56,"2026-09-21",45,"N20","nominal","2.0NRT",289.17,0.35,"N"
"6382",30.67189,26.36647,319.39,0.34,0.56,"2026-09-21",45,"N20","nominal","2.0NRT",288.87,1.17,"N"
"6383",30.36694,27.22711,314.32,0.39,0.59,"2026-09-21",45,"N20","nominal","2.0NRT",288.09,1.15,"N"
"6384",30.53528,26.07996,311.93,0.33,0.55,"2026-09-21",45,"N20","nominal","2.0NRT",289.07,0.83,"N"
"6385",30.53449,26.08328,311.19,0.33,0.55,"2026-09-21",45,"N20","nominal","2.0NRT",289.99,0.83,"N"
"6386",30.5329,26.08994,310.73,0.33,0.55,"2026-09-21",45,"N20","nominal","2.0NRT",289.99,1.25,"N"
"6387",29.63046,29.46942,299.08,0.54,0.68,"2026-09-21",45,"N20","nominal","2.0NRT",288.27,0.69,"N"
"6388",29.9807,27.78891,307.9,0.43,0.62,"2026-09-21",45,"N20","nominal","2.0NRT",290.12,0.57,"N"
"6389",29.02225,31.19949,303.51,0.71,0.75,"2026-09-21",45,"N20","nominal","2.0NRT",290.9,1.97,"N"
"6390",29.01945,31.20416,308.65,0.71,0.75,"2026-09-21",45,"N20","nominal","2.0NRT",292.64,3.67,"N"
"6391",29.8531,27.94783,305.48,0.44,0.62,"2026-09-21",45,"N20","nominal","2.0NRT",290.27,0.77,"N"
"6392",28.70988,30.76538,306.66,0.68,0.74,"2026-09-21",45,"N20","nominal","2.0NRT",290.02,1.15,"N"
"6393",28.71406,30.76491,301,0.68,0.74,"2026-09-21",45,"N20","nominal","2.0NRT",289.64,0.73,"N"
"6394",58.3931,58.33372,295.31,0.79,0.78,"2026-09-21",35,"N20","nominal","2.0NRT",277.59,2.12,"N"
"6395",58.39354,58.32188,302.29,0.79,0.78,"2026-09-21",35,"N20","nominal","2.0NRT",276.55,3.1,"N"
"6396",54.55271,39.73149,297.14,0.61,0.53,"2026-09-21",37,"N20","nominal","2.0NRT",282.21,1.46,"N"
"6397",50.91278,44.53373,300.3,0.62,0.71,"2026-09-21",39,"N20","nominal","2.0NRT",280.42,1.42,"N"
"6398",52.56516,39.69697,311.3,0.36,0.57,"2026-09-21",39,"N20","nominal","2.0NRT",283.55,1.23,"N"
"6399",52.56372,39.70168,296.87,0.36,0.57,"2026-09-21",39,"N20","nominal","2.0NRT",283.31,1.11,"N"
"6400",50.91285,44.53384,299.36,0.62,0.71,"2026-09-21",39,"N20","nominal","2.0NRT",280.03,1.05,"N"
"6401",52.56056,39.61583,318.9,0.35,0.57,"2026-09-21",39,"N20","nominal","2.0NRT",284.34,1.4,"N"
"6402",52.5591,39.62054,303.99,0.35,0.57,"2026-09-21",39,"N20","nominal","2.0NRT",285.29,1.4,"N"
"6403",52.55585,39.61191,323.18,0.35,0.57,"2026-09-21",39,"N20","nominal","2.0NRT",283.85,1.4,"N"
"6404",52.54857,39.63548,337.3,0.35,0.57,"2026-09-21",39,"N20","nominal","2.0NRT",284.59,3.47,"N"
"6405",52.56021,39.59781,302.61,0.35,0.57,"2026-09-21",39,"N20","nominal","2.0NRT",284.83,1.59,"N"
"6406",52.55876,39.60249,304.29,0.35,0.57,"2026-09-21",39,"N20","nominal","2.0NRT",284.73,2.2,"N"
"6407",52.5471,39.64023,295.78,0.35,0.57,"2026-09-21",39,"N20","nominal","2.0NRT",282.24,1.41,"N"
"6408",52.54531,39.62684,323.24,0.35,0.57,"2026-09-21",39,"N20","nominal","2.0NRT",286.26,1.86,"N"
"6409",52.55696,39.58918,307.31,0.35,0.57,"2026-09-21",39,"N20","nominal","2.0NRT",283.36,0.76,"N"
"6410",52.55552,39.59385,297.26,0.35,0.57,"2026-09-21",39,"N20","nominal","2.0NRT",285.08,0.76,"N"
"6411",52.54386,39.63155,316.23,0.35,0.57,"2026-09-21",39,"N20","nominal","2.0NRT",286.76,1.86,"N"
"6412",52.54239,39.6363,295.43,0.35,0.57,"2026-09-21",39,"N20","nominal","2.0NRT",282.04,0.74,"N"
"6413",52.55655,39.57137,320.23,0.35,0.57,"2026-09-21",39,"N20","nominal","2.0NRT",285.81,2.23,"N"
"6414",52.54349,39.61359,302.13,0.35,0.57,"2026-09-21",39,"N20","nominal","2.0NRT",281.69,2.11,"N"
"6415",52.54059,39.62296,301.11,0.35,0.57,"2026-09-21",39,"N20","nominal","2.0NRT",282.39,1.86,"N"
"6416",52.53767,39.63237,304.37,0.35,0.57,"2026-09-21",39,"N20","nominal","2.0NRT",283.04,0.74,"N"
"6417",52.53298,39.6284,344.48,0.35,0.57,"2026-09-21",39,"N20","nominal","2.0NRT",284.78,4.7,"N"
"6418",52.55186,39.56742,295.56,0.35,0.57,"2026-09-21",39,"N20","nominal","2.0NRT",280.51,0.44,"N"
"6419",52.53007,39.63776,309.06,0.36,0.57,"2026-09-21",39,"N20","nominal","2.0NRT",283.9,1.54,"N"
"6420",51.25824,37.76137,320.48,0.33,0.55,"2026-09-21",39,"N20","nominal","2.0NRT",284.94,2.14,"N"
"6421",51.15803,37.94527,300.11,0.34,0.56,"2026-09-21",39,"N20","nominal","2.0NRT",285.86,1.38,"N"
"6422",51.13931,37.93103,326.58,0.34,0.56,"2026-09-21",39,"N20","nominal","2.0NRT",284.01,1.87,"N"
"6423",52.35427,32.61267,298.33,0.39,0.44,"2026-09-21",39,"N20","nominal","2.0NRT",283.39,0.84,"N"
"6424",52.35049,32.61026,299.24,0.39,0.44,"2026-09-21",39,"N20","nominal","2.0NRT",282.91,0.84,"N"
"6425",50.3782,39.63343,304.87,0.42,0.61,"2026-09-21",39,"N20","nominal","2.0NRT",282.48,1.09,"N"
"6426",52.32615,32.65726,317.43,0.39,0.44,"2026-09-21",39,"N20","nominal","2.0NRT",279.34,1.88,"N"
"6427",52.32486,32.66269,301.53,0.39,0.44,"2026-09-21",39,"N20","nominal","2.0NRT",278.98,1.73,"N"
"6428",50.15021,39.68137,298.61,0.43,0.62,"2026-09-21",39,"N20","nominal","2.0NRT",282.73,0.91,"N"
"6429",50.09855,37.35851,300.23,0.35,0.57,"2026-09-21",39,"N20","nominal","2.0NRT",282.19,0.7,"N"
"6430",50.09782,37.35571,300.17,0.35,0.57,"2026-09-21",39,"N20","nominal","2.0NRT",282.21,0.6,"N"
"6431",50.26844,36.1703,297.13,0.62,0.54,"2026-09-21",39,"N20","nominal","2.0NRT",280.53,0.98,"N"
"6432",50.45674,34.11915,310.38,0.5,0.49,"2026-09-21",39,"N20","nominal","2.0NRT",278.82,1.79,"N"
"6433",50.04869,34.00861,297.93,0.51,0.49,"2026-09-21",39,"N20","nominal","2.0NRT",282.8,1.02,"N"
"6434",48.90845,37.7869,323.96,0.4,0.6,"2026-09-21",39,"N20","nominal","2.0NRT",283,1.75,"N"
"6435",48.90801,37.78378,318.15,0.4,0.6,"2026-09-21",39,"N20","nominal","2.0NRT",282.71,1.43,"N"
"6436",48.46674,38.75902,304.87,0.45,0.63,"2026-09-21",39,"N20","nominal","2.0NRT",285.62,1.33,"N"
"6437",48.51039,38.60188,309.12,0.44,0.63,"2026-09-21",39,"N20","nominal","2.0NRT",284,1.25,"N"
"6438",48.50524,38.59789,308.48,0.44,0.63,"2026-09-21",39,"N20","nominal","2.0NRT",283.42,1.21,"N"
"6439",48.46191,38.61269,304.4,0.44,0.63,"2026-09-21",39,"N20","nominal","2.0NRT",282.24,0.95,"N"
"6440",48.76737,37.5625,325.84,0.39,0.6,"2026-09-21",39,"N20","nominal","2.0NRT",285.33,1.98,"N"
"6441",48.6119,37.52311,312.25,0.4,0.6,"2026-09-21",39,"N20","nominal","2.0NRT",283.42,1.26,"N"
"6442",48.54831,37.08006,296.53,0.38,0.59,"2026-09-21",39,"N20","nominal","2.0NRT",282.91,0.89,"N"
"6443",48.35521,37.2528,295.84,0.39,0.6,"2026-09-21",39,"N20","nominal","2.0NRT",280.65,0.85,"N"
"6444",48.47368,34.63051,299.54,0.6,0.53,"2026-09-21",39,"N20","nominal","2.0NRT",286.42,1.42,"N"
"6445",47.41376,37.883,326.94,0.45,0.63,"2026-09-21",39,"N20","nominal","2.0NRT",280.53,3.28,"N"
"6446",47.37974,37.51896,300.72,0.43,0.62,"2026-09-21",39,"N20","nominal","2.0NRT",282.06,0.92,"N"
"6447",47.3781,37.52417,297.24,0.43,0.62,"2026-09-21",39,"N20","nominal","2.0NRT",283.12,0.96,"N"
"6448",47.50703,37.05099,296.9,0.41,0.61,"2026-09-21",39,"N20","nominal","2.0NRT",272.62,0.68,"N"
"6449",47.82482,35.70575,295.76,0.35,0.57,"2026-09-21",39,"N20","nominal","2.0NRT",281.43,0.74,"N"
"6450",47.82357,35.71001,295.33,0.35,0.57,"2026-09-21",39,"N20","nominal","2.0NRT",282.84,0.64,"N"
"6451",47.33571,37.08981,305.1,0.42,0.61,"2026-09-21",39,"N20","nominal","2.0NRT",277.94,1.26,"N"
"6452",47.79409,35.51086,301.74,0.35,0.56,"2026-09-21",39,"N20","nominal","2.0NRT",281.11,0.48,"N"
"6453",47.82172,35.18073,331.76,0.33,0.56,"2026-09-21",39,"N20","nominal","2.0NRT",286.06,2.17,"N"
"6454",47.81693,35.17795,329.51,0.33,0.56,"2026-09-21",39,"N20","nominal","2.0NRT",285.36,2.17,"N"
"6455",47.81811,35.17385,297.2,0.33,0.56,"2026-09-21",39,"N20","nominal","2.0NRT",285.54,2.15,"N"
"6456",47.81788,35.17967,346.79,0.33,0.56,"2026-09-21",39,"N20","nominal","2.0NRT",287.94,3.97,"N"
"6457",47.81903,35.17563,296.13,0.33,0.56,"2026-09-21",39,"N20","nominal","2.0NRT",285.13,2.38,"N"
"6458",47.65244,35.65849,297.73,0.35,0.57,"2026-09-21",39,"N20","nominal","2.0NRT",282.1,0.4,"N"
"6459",46.42536,38.61529,297.99,0.52,0.67,"2026-09-21",39,"N20","nominal","2.0NRT",283.62,0.61,"N"
"6460",46.42465,38.61477,298.78,0.52,0.67,"2026-09-21",39,"N20","nominal","2.0NRT",283.79,0.52,"N"
"6461",47.3578,34.9551,298.5,0.34,0.56,"2026-09-21",39,"N20","nominal","2.0NRT",283.64,0.77,"N"
"6462",47.35185,34.9563,295.34,0.34,0.56,"2026-09-21",39,"N20","nominal","2.0NRT",283.35,0.38,"N"
"6463",47.33397,35.01873,308.12,0.34,0.56,"2026-09-21",39,"N20","nominal","2.0NRT",283.05,0.88,"N"
"6464",47.33277,35.02293,301.82,0.34,0.56,"2026-09-21",39,"N20","nominal","2.0NRT",282.83,1.08,"N"
"6465",47.26136,35.17247,295.62,0.35,0.56,"2026-09-21",39,"N20","nominal","2.0NRT",282.34,0.26,"N"
"6466",46.95929,34.50206,299.35,0.33,0.55,"2026-09-21",39,"N20","nominal","2.0NRT",282.65,0.55,"N"
"6467",47.10042,33.73901,295.78,0.61,0.53,"2026-09-21",39,"N20","nominal","2.0NRT",283.16,0.95,"N"
"6468",46.95478,33.60617,314.18,0.6,0.53,"2026-09-21",39,"N20","nominal","2.0NRT",285.79,3.93,"N"
"6469",45.14959,37.20612,323.93,0.5,0.65,"2026-09-21",41,"N20","nominal","2.0NRT",284.06,1.99,"N"
"6470",45.14405,37.20263,302.28,0.5,0.65,"2026-09-21",41,"N20","nominal","2.0NRT",284.27,1.99,"N"
"6471",44.84095,37.6727,295.07,0.53,0.67,"2026-09-21",41,"N20","nominal","2.0NRT",283.41,0.67,"N"
"6472",44.8391,37.67834,299.2,0.53,0.67,"2026-09-21",41,"N20","nominal","2.0NRT",285.67,0.67,"N"
"6473",44.83932,37.67852,302.64,0.53,0.67,"2026-09-21",41,"N20","nominal","2.0NRT",285.18,1.1,"N"
"6474",44.73583,37.80624,307.17,0.54,0.68,"2026-09-21",41,"N20","nominal","2.0NRT",286.56,1.77,"N"
"6475",46.89752,26.0307,300.95,0.45,0.39,"2026-09-21",41,"N20","nominal","2.0NRT",282.38,0.82,"N"
"6476",44.77452,33.85905,311.02,0.36,0.57,"2026-09-21",41,"N20","nominal","2.0NRT",284.43,1.69,"N"
"6477",45.25629,31.67389,337.72,0.55,0.51,"2026-09-21",41,"N20","nominal","2.0NRT",291.63,5.93,"N"
"6478",45.35583,30.90041,328.09,0.51,0.49,"2026-09-21",41,"N20","nominal","2.0NRT",291.58,1.94,"N"
"6479",71.26004,72.07438,307.91,0.55,0.51,"2026-09-21",33,"N20","nominal","2.0NRT",278.53,1.9,"N"
"6480",66.40685,77.48396,296.74,0.64,0.72,"2026-09-21",33,"N20","nominal","2.0NRT",258.61,0.41,"N"
"6481",66.40714,77.46966,298.89,0.64,0.72,"2026-09-21",33,"N20","nominal","2.0NRT",259.52,0.74,"N"
"6482",66.19713,77.23726,306.68,0.66,0.73,"2026-09-21",33,"N20","nominal","2.0NRT",269.51,1.33,"N"
"6483",66.31313,76.99342,321.91,0.64,0.72,"2026-09-21",33,"N20","nominal","2.0NRT",270.51,3.76,"N"
"6484",66.20052,77.24052,304.99,0.66,0.73,"2026-09-21",33,"N20","nominal","2.0NRT",270.21,1.66,"N"
"6485",66.31104,77.00105,326.7,0.64,0.72,"2026-09-21",33,"N20","nominal","2.0NRT",270.75,3.9,"N"
"6486",66.24664,76.82098,339.3,0.64,0.72,"2026-09-21",33,"N20","nominal","2.0NRT",273.3,5.43,"N"
"6487",65.90382,77.24196,298.39,0.68,0.74,"2026-09-21",33,"N20","nominal","2.0NRT",268.02,1.02,"N"
"6488",66.24869,76.82473,350.17,0.64,0.72,"2026-09-21",33,"N20","nominal","2.0NRT",273.82,7.32,"N"
"6489",66.10429,76.84421,297.35,0.66,0.73,"2026-09-21",33,"N20","nominal","2.0NRT",268.76,1.02,"N"
"6490",64.84997,77.2644,307.83,0.8,0.78,"2026-09-21",35,"N20","nominal","2.0NRT",274.38,2.57,"N"
"6491",68.64304,57.68967,300.03,0.47,0.48,"2026-09-21",35,"N20","nominal","2.0NRT",266.44,1.07,"N"
