"","latitude","longitude","bright_ti4","scan","track","acq_date","acq_time","satellite","confidence","version","bright_ti5","frp","daynight"
"1",54.6142,160.30455,367,0.37,0.58,"2026-09-14",52,"N20","high","2.0NRT",308.78,54.7,"D"
"2",65.32772,56.42866,315.47,0.47,0.64,"2026-09-14",105,"N20","nominal","2.0NRT",277.87,1.46,"N"
"3",65.16058,56.50565,295.3,0.48,0.64,"2026-09-14",105,"N20","nominal","2.0NRT",279.03,0.59,"N"
"4",65.02734,56.73167,301.26,0.49,0.65,"2026-09-14",105,"N20","nominal","2.0NRT",280.63,0.84,"N"
"5",65.04344,56.66293,332.87,0.49,0.65,"2026-09-14",105,"N20","nominal","2.0NRT",279.85,3.3,"N"
"6",63.24733,56.38617,303.86,0.6,0.71,"2026-09-14",105,"N20","nominal","2.0NRT",280.73,1.28,"N"
"7",57.55467,39.75621,295.71,0.43,0.62,"2026-09-14",107,"N20","nominal","2.0NRT",279.26,0.58,"N"
"8",60.52348,28.12994,338.03,0.47,0.4,"2026-09-14",109,"N20","nominal","2.0NRT",283.71,6.06,"N"
"9",59.38747,28.45933,300.76,0.51,0.41,"2026-09-14",109,"N20","nominal","2.0NRT",282.46,1.34,"N"
"10",54.24707,38.87261,300.27,0.55,0.68,"2026-09-14",109,"N20","nominal","2.0NRT",278.07,1.2,"N"
"11",54.24843,38.87413,302.27,0.55,0.68,"2026-09-14",109,"N20","nominal","2.0NRT",278.23,1.2,"N"
"12",54.21605,38.91951,297.42,0.56,0.69,"2026-09-14",109,"N20","nominal","2.0NRT",277.5,1.52,"N"
"13",53.81124,34.10926,295.01,0.39,0.59,"2026-09-14",109,"N20","nominal","2.0NRT",273.77,0.68,"N"
"14",53.80952,34.11453,297.1,0.39,0.6,"2026-09-14",109,"N20","nominal","2.0NRT",274.3,0.68,"N"
"15",53.44563,34.42134,303.57,0.42,0.61,"2026-09-14",109,"N20","nominal","2.0NRT",279.77,1.89,"N"
"16",52.74671,32.99964,320.57,0.39,0.59,"2026-09-14",109,"N20","nominal","2.0NRT",275.95,0.76,"N"
"17",52.7454,32.99776,345.55,0.39,0.59,"2026-09-14",109,"N20","nominal","2.0NRT",275.59,4,"N"
"18",52.74374,33.00293,316.98,0.39,0.59,"2026-09-14",109,"N20","nominal","2.0NRT",276.29,4,"N"
"19",52.80434,32.22084,300.4,0.36,0.58,"2026-09-14",109,"N20","nominal","2.0NRT",277.19,0.91,"N"
"20",52.32788,32.34615,295.25,0.38,0.59,"2026-09-14",109,"N20","nominal","2.0NRT",274.14,0.51,"N"
"21",51.89174,29.33803,313.28,0.61,0.53,"2026-09-14",111,"N20","nominal","2.0NRT",280.82,2.67,"N"
"22",41.01913,28.5498,299.73,0.62,0.71,"2026-09-14",113,"N20","nominal","2.0NRT",285.03,1.05,"N"
"23",41.01922,28.55036,299.67,0.62,0.71,"2026-09-14",113,"N20","nominal","2.0NRT",284.82,1,"N"
"24",38.74149,26.9424,307.48,0.61,0.71,"2026-09-14",113,"N20","nominal","2.0NRT",288.88,2.62,"N"
"25",38.42846,27.21461,302.74,0.64,0.72,"2026-09-14",113,"N20","nominal","2.0NRT",288.81,1.1,"N"
"26",69.26686,57.29177,323.46,0.58,0.52,"2026-09-14",105,"N20","nominal","2.0NRT",282.18,3.23,"N"
"27",67.65975,60.50724,300.56,0.4,0.6,"2026-09-14",105,"N20","nominal","2.0NRT",277.4,0.67,"N"
"28",68.6185,57.9682,301.16,0.32,0.55,"2026-09-14",105,"N20","nominal","2.0NRT",280.09,1.02,"N"
"29",68.61629,57.97296,313.3,0.32,0.55,"2026-09-14",105,"N20","nominal","2.0NRT",280.46,1.19,"N"
"30",68.60217,57.98559,333.26,0.33,0.55,"2026-09-14",105,"N20","nominal","2.0NRT",279.24,2.49,"N"
"31",68.59987,57.99053,302.28,0.33,0.55,"2026-09-14",105,"N20","nominal","2.0NRT",278.34,1.87,"N"
"32",68.64349,57.68314,310.73,0.32,0.55,"2026-09-14",107,"N20","nominal","2.0NRT",277.86,1.53,"N"
"33",68.64121,57.68814,309.85,0.32,0.55,"2026-09-14",107,"N20","nominal","2.0NRT",278.69,1.5,"N"
"34",67.84045,58.93855,329.15,0.37,0.58,"2026-09-14",107,"N20","nominal","2.0NRT",279.38,2.03,"N"
"35",67.9351,55.97396,301.75,0.33,0.55,"2026-09-14",107,"N20","nominal","2.0NRT",278.73,0.38,"N"
"36",67.93604,55.97629,303.54,0.33,0.55,"2026-09-14",107,"N20","nominal","2.0NRT",279.26,0.56,"N"
"37",68.16595,55.36086,326.77,0.62,0.54,"2026-09-14",107,"N20","nominal","2.0NRT",280.38,3.12,"N"
"38",67.95915,55.47912,306,0.32,0.55,"2026-09-14",107,"N20","nominal","2.0NRT",276.18,0.72,"N"
"39",67.18465,56.62585,309.18,0.37,0.58,"2026-09-14",107,"N20","nominal","2.0NRT",276.27,1.06,"N"
"40",66.42152,58.04191,321.62,0.43,0.62,"2026-09-14",107,"N20","nominal","2.0NRT",280.02,1.73,"N"
"41",66.95229,56.65373,302.43,0.38,0.59,"2026-09-14",107,"N20","nominal","2.0NRT",277.46,0.6,"N"
"42",66.9557,56.65668,304.43,0.38,0.59,"2026-09-14",107,"N20","nominal","2.0NRT",277.26,0.99,"N"
"43",66.06905,57.82418,299.44,0.45,0.63,"2026-09-14",107,"N20","nominal","2.0NRT",276.57,0.38,"N"
"44",66.06664,57.82603,304.99,0.45,0.63,"2026-09-14",107,"N20","nominal","2.0NRT",278.09,0.8,"N"
"45",67.08789,55.62193,324.57,0.36,0.57,"2026-09-14",107,"N20","nominal","2.0NRT",275.75,1.64,"N"
"46",66.43477,56.61169,312.58,0.41,0.6,"2026-09-14",107,"N20","nominal","2.0NRT",279.13,4.33,"N"
"47",46.81835,137.93944,367,0.54,0.68,"2026-09-14",232,"N20","high","2.0NRT",291.42,23.37,"D"
"48",46.81637,137.9334,355.96,0.54,0.68,"2026-09-14",232,"N20","nominal","2.0NRT",294.2,19.35,"D"
"49",46.81675,137.93597,367,0.54,0.68,"2026-09-14",232,"N20","high","2.0NRT",295.87,28.2,"D"
"50",46.81878,137.94203,339.31,0.54,0.68,"2026-09-14",232,"N20","nominal","2.0NRT",287.84,15.65,"D"
"51",57.58586,139.30292,339.74,0.42,0.45,"2026-09-14",234,"N20","nominal","2.0NRT",291.94,7.84,"D"
"52",58.27725,138.21019,335.96,0.43,0.46,"2026-09-14",234,"N20","nominal","2.0NRT",283.42,4.13,"D"
"53",58.27769,138.20967,338.32,0.43,0.46,"2026-09-14",234,"N20","nominal","2.0NRT",284.4,6.98,"D"
"54",58.29462,138.18381,336.72,0.43,0.46,"2026-09-14",234,"N20","nominal","2.0NRT",289.15,4.52,"D"
"55",58.29286,138.17714,340.88,0.43,0.46,"2026-09-14",234,"N20","nominal","2.0NRT",289.24,5.71,"D"
"56",58.29842,138.18024,325.8,0.43,0.46,"2026-09-14",234,"N20","low","2.0NRT",296.57,7.51,"D"
"57",58.30047,138.16997,335.07,0.43,0.46,"2026-09-14",234,"N20","nominal","2.0NRT",288.72,5.72,"D"
"58",58.30959,138.18658,344.93,0.43,0.46,"2026-09-14",234,"N20","nominal","2.0NRT",293.57,11.43,"D"
"59",61.35282,112.81792,329.52,0.77,0.77,"2026-09-14",238,"N20","nominal","2.0NRT",273.67,104.17,"D"
"60",61.40974,112.89991,326.93,0.76,0.77,"2026-09-14",238,"N20","nominal","2.0NRT",270.07,9.9,"D"
"61",61.34078,112.80346,334.38,0.77,0.77,"2026-09-14",238,"N20","nominal","2.0NRT",274.98,118.46,"D"
"62",61.4032,112.89384,330.79,0.76,0.77,"2026-09-14",238,"N20","nominal","2.0NRT",273.66,6.59,"D"
"63",62.35257,113.76664,347.08,0.65,0.73,"2026-09-14",238,"N20","nominal","2.0NRT",267.86,8.5,"D"
"64",62.35004,113.76742,337.5,0.65,0.73,"2026-09-14",238,"N20","nominal","2.0NRT",267.87,8.83,"D"
"65",62.35444,113.69883,352.95,0.65,0.73,"2026-09-14",238,"N20","nominal","2.0NRT",273.51,27.36,"D"
"66",62.4991,113.91341,326.08,0.63,0.72,"2026-09-14",238,"N20","nominal","2.0NRT",268.2,3.73,"D"
"67",62.40318,113.59772,325.62,0.65,0.73,"2026-09-14",238,"N20","nominal","2.0NRT",272.36,3.51,"D"
"68",67.28121,83.04649,351.07,0.79,0.78,"2026-09-14",243,"N20","nominal","2.0NRT",279.41,9.07,"D"
"69",67.54529,83.20684,335.92,0.75,0.77,"2026-09-14",243,"N20","nominal","2.0NRT",281.1,39.79,"D"
"70",67.55195,83.21024,356.14,0.75,0.77,"2026-09-14",243,"N20","low","2.0NRT",279.75,39.79,"D"
"71",68.41531,83.62942,338.74,0.65,0.73,"2026-09-14",243,"N20","nominal","2.0NRT",274.73,5.43,"D"
"72",67.28609,83.03825,341.08,0.78,0.78,"2026-09-14",243,"N20","nominal","2.0NRT",276.64,8.78,"D"
"73",60.52382,28.12675,318.62,0.73,0.76,"2026-09-14",247,"N20","nominal","2.0NRT",280.45,3.86,"N"
"74",60.51888,28.1361,318.46,0.73,0.76,"2026-09-14",247,"N20","nominal","2.0NRT",281.5,4.58,"N"
"75",60.52194,28.13099,338.26,0.73,0.76,"2026-09-14",247,"N20","nominal","2.0NRT",281.51,6.86,"N"
"76",68.52265,79.9642,354.39,0.66,0.73,"2026-09-14",241,"N20","nominal","2.0NRT",277.25,10.8,"D"
"77",67.81127,72.53011,356.25,0.77,0.77,"2026-09-14",241,"N20","low","2.0NRT",279.1,59.21,"D"
"78",67.81135,72.51109,335.94,0.77,0.77,"2026-09-14",241,"N20","nominal","2.0NRT",279.23,85.95,"D"
"79",69.26699,57.29416,331.45,0.55,0.68,"2026-09-14",243,"N20","nominal","2.0NRT",281.18,3.7,"D"
"80",33.40212,133.30385,330.91,0.39,0.37,"2026-09-14",408,"N20","low","2.0NRT",301.84,3.03,"D"
"81",35.35353,139.86873,335.62,0.56,0.43,"2026-09-14",408,"N20","nominal","2.0NRT",301.85,12.12,"D"
"82",35.57214,140.10527,332.9,0.39,0.44,"2026-09-14",408,"N20","nominal","2.0NRT",300.89,26.45,"D"
"83",35.93965,140.67804,339.79,0.42,0.45,"2026-09-14",410,"N20","nominal","2.0NRT",302.93,5.25,"D"
"84",35.9414,140.67986,333.56,0.42,0.45,"2026-09-14",410,"N20","nominal","2.0NRT",301.14,3.69,"D"
"85",35.0841,128.99165,326.75,0.53,0.42,"2026-09-14",410,"N20","low","2.0NRT",300.07,3.03,"D"
"86",34.91194,127.75375,335.21,0.41,0.45,"2026-09-14",410,"N20","nominal","2.0NRT",305.12,4.47,"D"
"87",35.15285,128.85674,340.89,0.54,0.42,"2026-09-14",410,"N20","nominal","2.0NRT",302.12,4.2,"D"
"88",34.92615,127.74008,333.32,0.41,0.45,"2026-09-14",410,"N20","nominal","2.0NRT",302.95,2.96,"D"
"89",35.15775,128.86127,330.69,0.54,0.42,"2026-09-14",410,"N20","low","2.0NRT",305.49,8.13,"D"
"90",35.36021,129.0311,329.04,0.52,0.42,"2026-09-14",410,"N20","low","2.0NRT",302.57,4.4,"D"
"91",35.36769,129.02901,330.87,0.52,0.42,"2026-09-14",410,"N20","low","2.0NRT",301.63,5.18,"D"
"92",35.43021,129.18713,328.25,0.51,0.41,"2026-09-14",410,"N20","low","2.0NRT",301.8,2.71,"D"
"93",35.29189,127.31454,336.2,0.42,0.45,"2026-09-14",410,"N20","nominal","2.0NRT",299.2,3.63,"D"
"94",34.47535,117.64058,331.34,0.74,0.76,"2026-09-14",410,"N20","nominal","2.0NRT",300.93,4.45,"D"
"95",34.47462,117.63869,336.7,0.74,0.76,"2026-09-14",410,"N20","nominal","2.0NRT",301.21,6.48,"D"
"96",34.49224,117.62267,332.09,0.74,0.76,"2026-09-14",410,"N20","nominal","2.0NRT",301.49,7.81,"D"
"97",37.44733,126.44904,327.43,0.42,0.45,"2026-09-14",410,"N20","low","2.0NRT",301.42,2.26,"D"
"98",36.12189,117.35337,327.38,0.69,0.74,"2026-09-14",410,"N20","nominal","2.0NRT",296.84,3.3,"D"
"99",36.70452,118.13192,327.48,0.6,0.71,"2026-09-14",410,"N20","nominal","2.0NRT",296.8,3.62,"D"
"100",37.05891,118.51946,335.24,0.56,0.69,"2026-09-14",410,"N20","nominal","2.0NRT",293.65,3.95,"D"
"101",38.91013,125.48579,331.49,0.44,0.46,"2026-09-14",410,"N20","nominal","2.0NRT",298.2,2.02,"D"
"102",36.81987,116.76025,326.4,0.71,0.75,"2026-09-14",410,"N20","nominal","2.0NRT",295.6,4.57,"D"
"103",39.44392,126.02171,339.03,0.4,0.44,"2026-09-14",410,"N20","nominal","2.0NRT",308.2,3.75,"D"
"104",37.9984,119.65137,330.67,0.46,0.64,"2026-09-14",410,"N20","nominal","2.0NRT",289.33,5.39,"D"
"105",38.13901,119.52906,335.37,0.47,0.64,"2026-09-14",410,"N20","nominal","2.0NRT",289.58,2.75,"D"
"106",38.21561,119.555,340.68,0.46,0.64,"2026-09-14",410,"N20","nominal","2.0NRT",290.05,3.64,"D"
"107",38.99408,119.00375,352.1,0.47,0.64,"2026-09-14",410,"N20","nominal","2.0NRT",290.74,5.74,"D"
"108",39.46406,120.45451,367,0.38,0.59,"2026-09-14",410,"N20","high","2.0NRT",293.1,5.49,"D"
"109",38.95954,118.44811,331.93,0.5,0.66,"2026-09-14",410,"N20","nominal","2.0NRT",300.09,8.07,"D"
"110",40.33768,121.10486,326.26,0.34,0.56,"2026-09-14",412,"N20","nominal","2.0NRT",293.08,1.57,"D"
"111",39.75671,118.09396,337.9,0.5,0.65,"2026-09-14",412,"N20","nominal","2.0NRT",298.25,3.86,"D"
"112",39.8197,118.19928,326.62,0.49,0.65,"2026-09-14",412,"N20","low","2.0NRT",299.98,2.14,"D"
"113",39.81774,118.19925,327.85,0.49,0.65,"2026-09-14",412,"N20","nominal","2.0NRT",300.31,1.09,"D"
"114",42.53436,128.99287,328.37,0.42,0.37,"2026-09-14",412,"N20","nominal","2.0NRT",297.3,2.95,"D"
"115",41.36388,123.31427,326.7,0.49,0.49,"2026-09-14",412,"N20","nominal","2.0NRT",292.91,4.28,"D"
"116",42.54869,128.99338,330.04,0.42,0.37,"2026-09-14",412,"N20","nominal","2.0NRT",297.79,2,"D"
"117",40.18114,118.05737,338.04,0.48,0.65,"2026-09-14",412,"N20","nominal","2.0NRT",303.89,6.73,"D"
"118",41.00974,120.81745,328.39,0.33,0.56,"2026-09-14",412,"N20","nominal","2.0NRT",302.73,1.57,"D"
"119",40.89007,120.34001,367,0.36,0.57,"2026-09-14",412,"N20","high","2.0NRT",307.72,23.16,"D"
"120",40.88901,120.33602,335.94,0.36,0.57,"2026-09-14",412,"N20","nominal","2.0NRT",300.91,11.58,"D"
"121",40.88613,120.34133,367,0.36,0.57,"2026-09-14",412,"N20","high","2.0NRT",304.71,11.84,"D"
"122",40.88509,120.33749,326.61,0.36,0.57,"2026-09-14",412,"N20","nominal","2.0NRT",300.24,12.84,"D"
"123",40.89112,120.3391,350.28,0.36,0.57,"2026-09-14",412,"N20","nominal","2.0NRT",299.34,11.84,"D"
"124",41.84415,123.75606,334.83,0.46,0.47,"2026-09-14",412,"N20","nominal","2.0NRT",300.25,3.65,"D"
"125",41.84189,123.75462,329.85,0.46,0.47,"2026-09-14",412,"N20","low","2.0NRT",303.47,4.32,"D"
"126",41.14597,120.8688,352.65,0.33,0.55,"2026-09-14",412,"N20","nominal","2.0NRT",297.89,4.45,"D"
"127",43.2919,128.50082,329.63,0.42,0.38,"2026-09-14",412,"N20","nominal","2.0NRT",288.7,1.71,"D"
"128",43.03944,126.3784,325.32,0.5,0.41,"2026-09-14",412,"N20","nominal","2.0NRT",294.06,2.18,"D"
"129",43.19938,124.3384,334.72,0.4,0.44,"2026-09-14",412,"N20","nominal","2.0NRT",304.17,4.19,"D"
"130",42.25058,119.13522,330.79,0.37,0.58,"2026-09-14",412,"N20","nominal","2.0NRT",299.81,1.69,"D"
"131",44.5591,129.3806,335.33,0.39,0.37,"2026-09-14",412,"N20","nominal","2.0NRT",293.68,2.53,"D"
"132",44.58128,129.36813,330.03,0.39,0.37,"2026-09-14",412,"N20","nominal","2.0NRT",294.76,2.77,"D"
"133",44.58046,129.36325,325.42,0.39,0.37,"2026-09-14",412,"N20","nominal","2.0NRT",292.06,1.9,"D"
"134",44.58374,129.36217,338.23,0.39,0.37,"2026-09-14",412,"N20","nominal","2.0NRT",294.52,1.9,"D"
"135",44.58209,129.35239,331.9,0.39,0.37,"2026-09-14",412,"N20","nominal","2.0NRT",293.51,2.37,"D"
"136",44.10518,125.68333,337.71,0.51,0.41,"2026-09-14",412,"N20","nominal","2.0NRT",296.37,4.51,"D"
"137",44.10392,125.67722,329.81,0.51,0.41,"2026-09-14",412,"N20","nominal","2.0NRT",295,5.4,"D"
"138",44.10881,125.68186,325.9,0.51,0.41,"2026-09-14",412,"N20","nominal","2.0NRT",293.62,4.51,"D"
"139",45.72957,132.49194,330.78,0.4,0.37,"2026-09-14",412,"N20","nominal","2.0NRT",291.11,2.76,"D"
"140",45.72748,132.47676,338.47,0.4,0.37,"2026-09-14",412,"N20","nominal","2.0NRT",293.14,2.43,"D"
"141",45.7315,132.4809,330.02,0.4,0.37,"2026-09-14",412,"N20","nominal","2.0NRT",292.96,2.43,"D"
"142",45.73081,132.47583,334.78,0.4,0.37,"2026-09-14",412,"N20","nominal","2.0NRT",292.22,2.43,"D"
"143",46.81517,137.93796,356.11,0.41,0.45,"2026-09-14",412,"N20","nominal","2.0NRT",297.25,19.82,"D"
"144",46.8147,137.9324,338.36,0.41,0.45,"2026-09-14",412,"N20","nominal","2.0NRT",297.03,13.79,"D"
"145",46.82433,137.94743,337.44,0.41,0.45,"2026-09-14",412,"N20","nominal","2.0NRT",288.79,4.45,"D"
"146",45.36853,126.30525,327.55,0.46,0.39,"2026-09-14",412,"N20","nominal","2.0NRT",293.62,3.06,"D"
"147",45.37882,126.31954,330.7,0.46,0.39,"2026-09-14",412,"N20","nominal","2.0NRT",294.57,3.41,"D"
"148",45.37771,126.31386,342.79,0.46,0.39,"2026-09-14",412,"N20","nominal","2.0NRT",293.23,4.1,"D"
"149",45.3744,126.2968,325.69,0.46,0.39,"2026-09-14",412,"N20","nominal","2.0NRT",291.37,3.28,"D"
"150",45.3812,126.31249,331.41,0.46,0.39,"2026-09-14",412,"N20","nominal","2.0NRT",294.3,3.83,"D"
"151",45.3858,126.3168,327.31,0.46,0.39,"2026-09-14",412,"N20","nominal","2.0NRT",293.2,1.71,"D"
"152",45.38249,126.29974,328.29,0.46,0.39,"2026-09-14",412,"N20","nominal","2.0NRT",293.59,2.67,"D"
"153",45.09928,124.77465,326.46,0.53,0.42,"2026-09-14",412,"N20","nominal","2.0NRT",295.11,2.22,"D"
"154",45.66093,126.63264,325.71,0.44,0.39,"2026-09-14",412,"N20","low","2.0NRT",296.4,2.27,"D"
"155",45.65239,126.43216,326.26,0.45,0.39,"2026-09-14",412,"N20","nominal","2.0NRT",294.72,1.34,"D"
"156",45.66377,126.47437,326.85,0.45,0.39,"2026-09-14",412,"N20","nominal","2.0NRT",295.89,1.95,"D"
"157",45.66722,126.47298,326.35,0.45,0.39,"2026-09-14",412,"N20","nominal","2.0NRT",295.2,1.95,"D"
"158",45.62767,126.27047,330.17,0.46,0.39,"2026-09-14",412,"N20","nominal","2.0NRT",293.45,3.69,"D"
"159",45.68036,126.42565,330.27,0.45,0.39,"2026-09-14",412,"N20","nominal","2.0NRT",294.5,2.44,"D"
"160",45.69917,126.48444,328.22,0.45,0.39,"2026-09-14",412,"N20","nominal","2.0NRT",294.27,2.06,"D"
"161",45.69809,126.47886,326.2,0.45,0.39,"2026-09-14",412,"N20","nominal","2.0NRT",294.8,2.23,"D"
"162",45.69701,126.47329,329.36,0.45,0.39,"2026-09-14",412,"N20","nominal","2.0NRT",294.98,2.23,"D"
"163",45.79979,126.99397,342.44,0.43,0.38,"2026-09-14",412,"N20","nominal","2.0NRT",287.96,4.41,"D"
"164",45.76136,126.75148,331.18,0.44,0.38,"2026-09-14",412,"N20","nominal","2.0NRT",294.82,1.83,"D"
"165",45.77108,126.32126,326.9,0.45,0.39,"2026-09-14",412,"N20","nominal","2.0NRT",295.68,2.52,"D"
"166",45.76024,126.2464,326.83,0.45,0.39,"2026-09-14",412,"N20","nominal","2.0NRT",294.75,2.57,"D"
"167",45.85954,126.6462,327.5,0.44,0.38,"2026-09-14",412,"N20","nominal","2.0NRT",293.91,1.94,"D"
"168",45.79097,126.28908,325.61,0.45,0.39,"2026-09-14",412,"N20","nominal","2.0NRT",295.32,2.03,"D"
"169",45.78988,126.28344,328.7,0.45,0.39,"2026-09-14",412,"N20","nominal","2.0NRT",295.56,2.03,"D"
"170",46.00092,126.69005,326.15,0.44,0.38,"2026-09-14",412,"N20","nominal","2.0NRT",294,1.45,"D"
"171",46.08731,126.92921,325.63,0.43,0.38,"2026-09-14",412,"N20","nominal","2.0NRT",293.88,1.75,"D"
"172",45.79876,124.21763,326.78,0.53,0.42,"2026-09-14",412,"N20","nominal","2.0NRT",293.87,1.95,"D"
"173",45.79565,124.14617,327.6,0.54,0.42,"2026-09-14",412,"N20","nominal","2.0NRT",293.84,6.44,"D"
"174",46.34193,126.28483,326.41,0.44,0.39,"2026-09-14",412,"N20","nominal","2.0NRT",293.72,2,"D"
"175",46.57075,126.92976,325.97,0.42,0.38,"2026-09-14",412,"N20","nominal","2.0NRT",291.15,2.03,"D"
"176",46.45343,126.05546,328.34,0.45,0.39,"2026-09-14",412,"N20","nominal","2.0NRT",292.76,2.16,"D"
"177",46.56153,126.60658,331.46,0.43,0.38,"2026-09-14",412,"N20","nominal","2.0NRT",292.14,2.22,"D"
"178",46.65182,126.98301,325.74,0.42,0.38,"2026-09-14",412,"N20","nominal","2.0NRT",291.77,2.59,"D"
"179",46.36016,125.30416,328.66,0.48,0.4,"2026-09-14",412,"N20","nominal","2.0NRT",292.48,1.77,"D"
"180",46.87323,127.51225,332.64,0.41,0.37,"2026-09-14",412,"N20","nominal","2.0NRT",292.46,2.34,"D"
"181",46.8723,127.50703,328.04,0.41,0.37,"2026-09-14",412,"N20","nominal","2.0NRT",292.21,2.34,"D"
"182",46.87136,127.50179,325.29,0.41,0.37,"2026-09-14",412,"N20","nominal","2.0NRT",292.79,2.2,"D"
"183",46.76318,126.55738,326.25,0.43,0.38,"2026-09-14",412,"N20","nominal","2.0NRT",290.29,1.24,"D"
"184",46.82844,126.48843,326.74,0.43,0.38,"2026-09-14",412,"N20","nominal","2.0NRT",293.91,3.15,"D"
"185",46.82872,126.47049,334.01,0.43,0.38,"2026-09-14",412,"N20","nominal","2.0NRT",291.57,3.89,"D"
"186",46.83656,126.47326,325.12,0.43,0.38,"2026-09-14",412,"N20","nominal","2.0NRT",292.99,2.01,"D"
"187",46.83551,126.46774,332.66,0.43,0.38,"2026-09-14",412,"N20","nominal","2.0NRT",291.62,2.01,"D"
"188",46.42711,124.05181,328.81,0.53,0.42,"2026-09-14",412,"N20","nominal","2.0NRT",300.01,4.06,"D"
"189",46.4308,124.05016,330.61,0.53,0.42,"2026-09-14",412,"N20","nominal","2.0NRT",299.44,4.06,"D"
"190",46.92469,126.3525,329.22,0.43,0.38,"2026-09-14",412,"N20","nominal","2.0NRT",292.93,3.92,"D"
"191",46.92365,126.34695,333.95,0.43,0.38,"2026-09-14",412,"N20","nominal","2.0NRT",292.45,3.31,"D"
"192",46.8184,124.40657,326.71,0.5,0.41,"2026-09-14",412,"N20","nominal","2.0NRT",293.46,1.89,"D"
"193",47.17555,125.89965,335.44,0.44,0.39,"2026-09-14",412,"N20","nominal","2.0NRT",292.36,3.07,"D"
"194",47.17899,125.89825,330.52,0.44,0.39,"2026-09-14",412,"N20","nominal","2.0NRT",292.72,3.07,"D"
"195",47.1846,125.90821,328.6,0.44,0.39,"2026-09-14",412,"N20","nominal","2.0NRT",291.58,3.59,"D"
"196",47.18585,125.8954,337.21,0.44,0.39,"2026-09-14",412,"N20","nominal","2.0NRT",292.1,5.24,"D"
"197",47.35025,126.02074,326.8,0.44,0.38,"2026-09-14",412,"N20","nominal","2.0NRT",290.18,1.73,"D"
"198",47.35074,126.01917,333.27,0.44,0.38,"2026-09-14",412,"N20","nominal","2.0NRT",291.23,3.34,"D"
"199",47.504,126.81448,329.35,0.42,0.37,"2026-09-14",412,"N20","nominal","2.0NRT",292.41,3.11,"D"
"200",47.77521,126.77155,328.73,0.41,0.37,"2026-09-14",412,"N20","nominal","2.0NRT",289.46,3.26,"D"
"201",47.78856,126.7662,326.36,0.41,0.37,"2026-09-14",412,"N20","nominal","2.0NRT",291.61,2.36,"D"
"202",47.72915,126.36328,325.11,0.42,0.38,"2026-09-14",412,"N20","nominal","2.0NRT",292.78,1.32,"D"
"203",47.45547,124.55648,327.45,0.48,0.4,"2026-09-14",412,"N20","nominal","2.0NRT",292.42,2.21,"D"
"204",47.39133,123.99705,329.85,0.51,0.41,"2026-09-14",412,"N20","nominal","2.0NRT",295.07,3,"D"
"205",48.06239,127.50765,335.19,0.4,0.37,"2026-09-14",412,"N20","nominal","2.0NRT",289.82,4.39,"D"
"206",48.06468,127.51045,327.28,0.4,0.37,"2026-09-14",412,"N20","nominal","2.0NRT",289.59,1.58,"D"
"207",47.39208,123.99632,334.11,0.51,0.41,"2026-09-14",412,"N20","nominal","2.0NRT",295.64,2.65,"D"
"208",46.89338,121.16839,342.36,0.45,0.47,"2026-09-14",414,"N20","nominal","2.0NRT",294.88,4.93,"D"
"209",48.03668,126.26577,327.4,0.42,0.38,"2026-09-14",414,"N20","nominal","2.0NRT",293.25,2.12,"D"
"210",48.03001,125.87002,330.34,0.43,0.38,"2026-09-14",414,"N20","nominal","2.0NRT",293.32,4.39,"D"
"211",48.02895,125.86439,325.12,0.43,0.38,"2026-09-14",414,"N20","nominal","2.0NRT",294.65,4.16,"D"
"212",48.03574,125.86159,348.86,0.43,0.38,"2026-09-14",414,"N20","nominal","2.0NRT",292.06,4.41,"D"
"213",48.03914,125.86018,330.71,0.43,0.38,"2026-09-14",414,"N20","nominal","2.0NRT",293.45,4.41,"D"
"214",48.10667,124.59336,333.65,0.47,0.4,"2026-09-14",414,"N20","nominal","2.0NRT",293.83,3.14,"D"
"215",48.64817,126.16529,325.33,0.42,0.38,"2026-09-14",414,"N20","nominal","2.0NRT",291.65,1.52,"D"
"216",46.90255,116.76166,331.86,0.35,0.57,"2026-09-14",414,"N20","nominal","2.0NRT",297.47,3.51,"D"
"217",46.91229,116.77583,367,0.35,0.57,"2026-09-14",414,"N20","high","2.0NRT",299.56,9.24,"D"
"218",46.91107,116.77155,342.16,0.35,0.57,"2026-09-14",414,"N20","nominal","2.0NRT",301.55,8.01,"D"
"219",46.90863,116.763,330.95,0.35,0.57,"2026-09-14",414,"N20","nominal","2.0NRT",298.66,3.51,"D"
"220",46.90496,116.75016,331.52,0.35,0.57,"2026-09-14",414,"N20","nominal","2.0NRT",299.48,5.26,"D"
"221",46.90374,116.74587,334.07,0.35,0.57,"2026-09-14",414,"N20","nominal","2.0NRT",298.96,3.7,"D"
"222",46.91713,116.77287,367,0.35,0.57,"2026-09-14",414,"N20","high","2.0NRT",298.39,12.1,"D"
"223",46.91591,116.76863,367,0.35,0.57,"2026-09-14",414,"N20","high","2.0NRT",302.43,15.29,"D"
"224",46.9147,116.76435,355.75,0.35,0.57,"2026-09-14",414,"N20","nominal","2.0NRT",305.19,15.29,"D"
"225",46.90614,116.73435,348.41,0.35,0.57,"2026-09-14",414,"N20","nominal","2.0NRT",302.34,4.3,"D"
"226",46.90491,116.73006,332.35,0.35,0.57,"2026-09-14",414,"N20","nominal","2.0NRT",299.5,4.3,"D"
"227",46.91588,116.74856,367,0.35,0.57,"2026-09-14",414,"N20","high","2.0NRT",304.71,14.29,"D"
"228",46.91954,116.76141,351.18,0.35,0.57,"2026-09-14",414,"N20","nominal","2.0NRT",296.2,15.29,"D"
"229",46.91832,116.75713,352.94,0.35,0.57,"2026-09-14",414,"N20","nominal","2.0NRT",312.01,120.9,"D"
"230",46.91466,116.74427,345.22,0.35,0.57,"2026-09-14",414,"N20","nominal","2.0NRT",304.42,14.29,"D"
"231",46.90731,116.71851,334.13,0.35,0.57,"2026-09-14",414,"N20","nominal","2.0NRT",300.87,6.31,"D"
"232",46.91829,116.73706,329.33,0.35,0.57,"2026-09-14",414,"N20","nominal","2.0NRT",297.69,3.86,"D"
"233",46.38886,114.0071,349.28,0.48,0.65,"2026-09-14",414,"N20","nominal","2.0NRT",295.77,6.86,"D"
"234",46.38678,114.00521,347.28,0.48,0.65,"2026-09-14",414,"N20","nominal","2.0NRT",298.26,6.9,"D"
"235",49.20502,124.98827,326.58,0.44,0.38,"2026-09-14",414,"N20","nominal","2.0NRT",292.72,2.37,"D"
"236",49.4333,125.42896,325.04,0.43,0.38,"2026-09-14",414,"N20","nominal","2.0NRT",292.07,1.47,"D"
"237",49.31202,124.28039,333.02,0.46,0.39,"2026-09-14",414,"N20","nominal","2.0NRT",289.43,2.19,"D"
"238",50.20008,120.15051,353.94,0.41,0.45,"2026-09-14",414,"N20","nominal","2.0NRT",296.39,12.81,"D"
"239",50.24844,120.30038,328.98,0.4,0.44,"2026-09-14",414,"N20","nominal","2.0NRT",292.73,2.34,"D"
"240",50.49298,119.81258,327.18,0.41,0.45,"2026-09-14",414,"N20","nominal","2.0NRT",291.9,2.32,"D"
"241",50.4917,119.80717,330.14,0.41,0.45,"2026-09-14",414,"N20","nominal","2.0NRT",292.58,2.32,"D"
"242",50.52986,119.58137,346.29,0.42,0.45,"2026-09-14",414,"N20","nominal","2.0NRT",293.54,6.44,"D"
"243",50.62576,119.77903,332.45,0.41,0.45,"2026-09-14",414,"N20","nominal","2.0NRT",291.35,2.63,"D"
"244",50.98675,121.04688,339.19,0.54,0.42,"2026-09-14",414,"N20","nominal","2.0NRT",287.02,7.28,"D"
"245",57.58495,139.29922,333.62,0.6,0.53,"2026-09-14",417,"N20","nominal","2.0NRT",288.36,8.19,"D"
"246",57.5867,139.30055,340.05,0.6,0.53,"2026-09-14",417,"N20","nominal","2.0NRT",290.2,7.3,"D"
"247",58.27795,138.20685,329.11,0.55,0.51,"2026-09-14",417,"N20","nominal","2.0NRT",284.12,5.15,"D"
"248",58.27747,138.19695,329.18,0.55,0.51,"2026-09-14",417,"N20","nominal","2.0NRT",284.26,5.28,"D"
"249",58.27656,138.17818,336.62,0.55,0.51,"2026-09-14",417,"N20","nominal","2.0NRT",288.2,4.28,"D"
"250",58.28271,138.20671,339.16,0.55,0.51,"2026-09-14",417,"N20","nominal","2.0NRT",285.45,8.82,"D"
"251",58.27892,138.20944,330.54,0.55,0.51,"2026-09-14",417,"N20","nominal","2.0NRT",283.87,4.21,"D"
"252",58.27847,138.19951,337.29,0.55,0.51,"2026-09-14",417,"N20","nominal","2.0NRT",285.08,4.21,"D"
"253",58.27763,138.18045,335.19,0.55,0.51,"2026-09-14",417,"N20","nominal","2.0NRT",287.95,6.83,"D"
"254",55.17172,106.21064,338.63,0.46,0.64,"2026-09-14",417,"N20","nominal","2.0NRT",284.79,4.29,"D"
"255",55.17155,106.21046,336.92,0.46,0.64,"2026-09-14",417,"N20","nominal","2.0NRT",284.81,5.97,"D"
"256",58.03807,106.54742,332.29,0.35,0.57,"2026-09-14",417,"N20","nominal","2.0NRT",288.35,2.15,"D"
"257",58.4243,107.58186,338.54,0.62,0.54,"2026-09-14",417,"N20","nominal","2.0NRT",286.39,16.12,"D"
"258",58.09327,106.55908,336.46,0.35,0.56,"2026-09-14",417,"N20","nominal","2.0NRT",287.44,4.73,"D"
"259",58.44847,107.60304,352.59,0.62,0.54,"2026-09-14",417,"N20","nominal","2.0NRT",291.7,17.78,"D"
"260",58.47858,107.02625,347.26,0.32,0.55,"2026-09-14",417,"N20","nominal","2.0NRT",295,14.12,"D"
"261",58.48006,107.03084,356.29,0.32,0.55,"2026-09-14",417,"N20","low","2.0NRT",285.64,12.15,"D"
"262",59.78978,110.87822,337.64,0.44,0.46,"2026-09-14",417,"N20","nominal","2.0NRT",283.93,4.22,"D"
"263",59.80415,109.42687,334.16,0.49,0.48,"2026-09-14",417,"N20","nominal","2.0NRT",291.53,37.85,"D"
"264",59.80421,109.42974,339.81,0.49,0.48,"2026-09-14",417,"N20","nominal","2.0NRT",291.29,37.05,"D"
"265",59.84254,108.40642,336.08,0.52,0.5,"2026-09-14",417,"N20","nominal","2.0NRT",283.69,5.28,"D"
"266",59.78669,108.19894,336.93,0.53,0.5,"2026-09-14",417,"N20","nominal","2.0NRT",282.75,5.02,"D"
"267",60.9206,112.12348,342.56,0.56,0.43,"2026-09-14",417,"N20","nominal","2.0NRT",282.91,10.36,"D"
"268",60.14514,109.09898,344.88,0.48,0.48,"2026-09-14",417,"N20","nominal","2.0NRT",292.92,39.68,"D"
"269",60.94543,112.02546,342.24,0.57,0.43,"2026-09-14",417,"N20","nominal","2.0NRT",279.68,9.48,"D"
"270",60.4774,109.88337,337.94,0.45,0.47,"2026-09-14",417,"N20","nominal","2.0NRT",284.6,10.55,"D"
"271",60.46222,109.72025,338.92,0.45,0.47,"2026-09-14",417,"N20","nominal","2.0NRT",287.24,15.57,"D"
"272",61.34675,112.81311,336.19,0.53,0.42,"2026-09-14",417,"N20","nominal","2.0NRT",287.38,23.73,"D"
"273",61.34462,112.80425,327.56,0.53,0.42,"2026-09-14",417,"N20","nominal","2.0NRT",298.81,23.73,"D"
"274",61.35021,112.80954,340.4,0.53,0.42,"2026-09-14",417,"N20","nominal","2.0NRT",290.3,72.05,"D"
"275",61.40522,112.89574,329.21,0.52,0.42,"2026-09-14",417,"N20","nominal","2.0NRT",285.98,13,"D"
"276",61.46093,113.00622,327.83,0.52,0.41,"2026-09-14",417,"N20","nominal","2.0NRT",280.09,4.03,"D"
"277",61.54069,113.1628,332.17,0.51,0.41,"2026-09-14",417,"N20","nominal","2.0NRT",289.51,19.13,"D"
"278",62.35054,113.76434,338.59,0.47,0.4,"2026-09-14",419,"N20","nominal","2.0NRT",278.95,14.19,"D"
"279",62.35136,113.76612,334.68,0.47,0.4,"2026-09-14",419,"N20","nominal","2.0NRT",279.48,17.83,"D"
"280",62.35341,113.7026,329.08,0.47,0.4,"2026-09-14",419,"N20","nominal","2.0NRT",276.4,8.62,"D"
"281",62.35672,113.69918,329.22,0.47,0.4,"2026-09-14",419,"N20","nominal","2.0NRT",277.26,11.88,"D"
"282",62.40371,113.59886,326.86,0.47,0.4,"2026-09-14",419,"N20","nominal","2.0NRT",276.23,2.92,"D"
"283",62.40184,113.59047,332.96,0.47,0.4,"2026-09-14",419,"N20","nominal","2.0NRT",280.1,2.92,"D"
"284",62.39304,113.49632,328.02,0.48,0.4,"2026-09-14",419,"N20","nominal","2.0NRT",278.98,3.92,"D"
"285",62.50026,113.90643,327.96,0.46,0.39,"2026-09-14",419,"N20","nominal","2.0NRT",275.48,4,"D"
"286",62.49623,113.90215,327.28,0.46,0.39,"2026-09-14",419,"N20","nominal","2.0NRT",276.88,2.56,"D"
"287",62.44262,113.66277,335.16,0.47,0.4,"2026-09-14",419,"N20","nominal","2.0NRT",278.43,7.34,"D"
"288",62.44593,113.65934,338.1,0.47,0.4,"2026-09-14",419,"N20","nominal","2.0NRT",276.44,7.34,"D"
"289",62.40099,113.3339,330.91,0.48,0.4,"2026-09-14",419,"N20","nominal","2.0NRT",279.2,2.52,"D"
"290",60.43795,97.68746,336.05,0.49,0.65,"2026-09-14",417,"N20","nominal","2.0NRT",275.23,6.49,"D"
"291",60.43517,97.68067,347.16,0.49,0.65,"2026-09-14",417,"N20","nominal","2.0NRT",279.32,7.54,"D"
"292",60.49187,97.41653,332.65,0.5,0.65,"2026-09-14",417,"N20","nominal","2.0NRT",282.65,2.57,"D"
"293",60.44794,97.15932,342.34,0.51,0.66,"2026-09-14",417,"N20","nominal","2.0NRT",279.91,5.95,"D"
"294",60.44539,97.15324,339.04,0.51,0.66,"2026-09-14",417,"N20","nominal","2.0NRT",284.31,5.95,"D"
"295",69.37131,88.11771,354.01,0.54,0.51,"2026-09-14",419,"N20","nominal","2.0NRT",277.98,16.89,"D"
"296",67.27438,83.2122,355.53,0.43,0.62,"2026-09-14",419,"N20","nominal","2.0NRT",282.55,5.82,"D"
"297",67.28043,83.03031,338.66,0.43,0.62,"2026-09-14",419,"N20","nominal","2.0NRT",281.4,6.39,"D"
"298",67.28363,83.03624,355.97,0.43,0.62,"2026-09-14",419,"N20","low","2.0NRT",278.79,6.39,"D"
"299",67.54865,83.2103,367,0.41,0.61,"2026-09-14",419,"N20","high","2.0NRT",297.41,52.49,"D"
"300",67.54564,83.20462,340.71,0.41,0.61,"2026-09-14",419,"N20","nominal","2.0NRT",286.11,35.41,"D"
"301",67.71323,83.48715,339.95,0.4,0.6,"2026-09-14",419,"N20","nominal","2.0NRT",282.51,47.08,"D"
"302",67.64767,83.2165,330.71,0.41,0.6,"2026-09-14",419,"N20","nominal","2.0NRT",283.33,3.04,"D"
"303",67.19827,81.9889,336.95,0.45,0.63,"2026-09-14",419,"N20","nominal","2.0NRT",279.96,3.53,"D"
"304",67.19533,81.99944,328.13,0.45,0.63,"2026-09-14",419,"N20","nominal","2.0NRT",279.69,5,"D"
"305",68.41412,83.62246,346.5,0.36,0.57,"2026-09-14",419,"N20","nominal","2.0NRT",281.86,3.94,"D"
"306",66.71571,80.49634,327.68,0.51,0.66,"2026-09-14",419,"N20","nominal","2.0NRT",281.05,4.11,"D"
"307",66.70699,80.44458,356.05,0.51,0.66,"2026-09-14",419,"N20","nominal","2.0NRT",285.18,13.71,"D"
"308",66.71864,80.49607,337.49,0.51,0.66,"2026-09-14",419,"N20","nominal","2.0NRT",280.82,4.08,"D"
"309",65.85946,76.96915,352.51,0.64,0.72,"2026-09-14",419,"N20","nominal","2.0NRT",281.56,9.05,"D"
"310",65.8615,76.95759,348.13,0.64,0.72,"2026-09-14",421,"N20","nominal","2.0NRT",280.92,7.58,"D"
"311",66.3112,76.99652,352.9,0.6,0.71,"2026-09-14",421,"N20","nominal","2.0NRT",283.85,7.85,"D"
"312",66.31107,76.99312,348.04,0.6,0.71,"2026-09-14",421,"N20","nominal","2.0NRT",282.04,6.75,"D"
"313",66.56171,77.1681,342.4,0.58,0.69,"2026-09-14",421,"N20","nominal","2.0NRT",281.54,9.53,"D"
"314",66.48968,76.9501,331.88,0.59,0.7,"2026-09-14",421,"N20","nominal","2.0NRT",279.71,3.5,"D"
"315",68.71426,80.53304,333.29,0.38,0.59,"2026-09-14",421,"N20","nominal","2.0NRT",277.24,2.12,"D"
"316",66.62266,77.02495,349.65,0.57,0.69,"2026-09-14",421,"N20","nominal","2.0NRT",282.22,11.1,"D"
"317",68.52556,79.96239,346.63,0.4,0.6,"2026-09-14",421,"N20","nominal","2.0NRT",278.4,9.85,"D"
"318",68.52253,79.95705,352.28,0.4,0.6,"2026-09-14",421,"N20","nominal","2.0NRT",284.33,12.49,"D"
"319",66.90871,75.60679,338.59,0.58,0.69,"2026-09-14",421,"N20","nominal","2.0NRT",279.53,8.68,"D"
"320",66.9041,75.6004,339.39,0.58,0.69,"2026-09-14",421,"N20","nominal","2.0NRT",280.76,9.27,"D"
"321",66.95553,75.55086,356.04,0.57,0.69,"2026-09-14",421,"N20","low","2.0NRT",282.52,42.28,"D"
"322",66.95866,75.53651,354.74,0.57,0.69,"2026-09-14",421,"N20","nominal","2.0NRT",281.56,16.89,"D"
"323",67.80606,72.5341,350.63,0.55,0.68,"2026-09-14",421,"N20","nominal","2.0NRT",283.04,194.9,"D"
"324",67.80885,72.51907,352.28,0.55,0.68,"2026-09-14",421,"N20","nominal","2.0NRT",282.26,194.9,"D"
"325",23.79388,97.98811,327.92,0.66,0.73,"2026-09-14",548,"N20","nominal","2.0NRT",291.62,5.14,"D"
"326",23.79207,97.9884,329.77,0.66,0.73,"2026-09-14",548,"N20","nominal","2.0NRT",292.06,4.12,"D"
"327",26.92944,112.8514,331.31,0.4,0.37,"2026-09-14",548,"N20","nominal","2.0NRT",297,3.38,"D"
"328",27.15709,112.19263,330.07,0.39,0.36,"2026-09-14",548,"N20","nominal","2.0NRT",297.11,2.14,"D"
"329",26.97385,109.18592,333.32,0.41,0.37,"2026-09-14",548,"N20","nominal","2.0NRT",299.19,3.56,"D"
"330",26.6255,106.94561,336.65,0.5,0.41,"2026-09-14",548,"N20","nominal","2.0NRT",286.63,6.97,"D"
"331",27.81094,112.90205,335.65,0.41,0.37,"2026-09-14",548,"N20","nominal","2.0NRT",301.37,4.25,"D"
"332",27.74501,111.96619,329.88,0.39,0.36,"2026-09-14",548,"N20","low","2.0NRT",301.41,2.78,"D"
"333",28.04958,111.26793,332.14,0.39,0.36,"2026-09-14",548,"N20","nominal","2.0NRT",296.84,1.92,"D"
"334",28.2804,110.33324,332.15,0.39,0.36,"2026-09-14",548,"N20","nominal","2.0NRT",298.74,6.1,"D"
"335",28.28369,110.33259,341.73,0.39,0.36,"2026-09-14",548,"N20","nominal","2.0NRT",300.64,6.1,"D"
"336",28.30089,110.4213,334.38,0.38,0.36,"2026-09-14",548,"N20","nominal","2.0NRT",299.94,2.93,"D"
"337",29.0299,111.39847,334.63,0.39,0.36,"2026-09-14",548,"N20","nominal","2.0NRT",297.15,2.03,"D"
"338",29.21337,110.91759,330.22,0.38,0.36,"2026-09-14",548,"N20","nominal","2.0NRT",294.59,3.41,"D"
"339",29.17736,110.67884,333.74,0.38,0.36,"2026-09-14",548,"N20","nominal","2.0NRT",301.9,3.37,"D"
"340",29.54982,112.50507,333.2,0.41,0.37,"2026-09-14",548,"N20","nominal","2.0NRT",297.74,2.95,"D"
"341",29.81969,113.64324,332.66,0.45,0.39,"2026-09-14",550,"N20","nominal","2.0NRT",295.12,3.15,"D"
"342",29.91087,113.82593,334.14,0.46,0.39,"2026-09-14",550,"N20","nominal","2.0NRT",299.43,4.05,"D"
"343",30.61651,112.92815,341.48,0.43,0.38,"2026-09-14",550,"N20","nominal","2.0NRT",302.28,3.44,"D"
"344",30.6582,113.05415,337.14,0.43,0.38,"2026-09-14",550,"N20","nominal","2.0NRT",304.22,4.89,"D"
"345",30.65938,113.05569,337.29,0.44,0.38,"2026-09-14",550,"N20","nominal","2.0NRT",302.03,7.4,"D"
"346",30.60199,112.50928,345.13,0.42,0.37,"2026-09-14",550,"N20","nominal","2.0NRT",304.23,10.93,"D"
"347",30.74269,113.03657,336.14,0.43,0.38,"2026-09-14",550,"N20","nominal","2.0NRT",292.8,3.66,"D"
"348",31.02826,114.17438,335.12,0.49,0.4,"2026-09-14",550,"N20","nominal","2.0NRT",297.04,3.35,"D"
"349",30.982,113.46684,333.52,0.45,0.39,"2026-09-14",550,"N20","nominal","2.0NRT",297,4.17,"D"
"350",31.04672,113.92572,333.31,0.47,0.4,"2026-09-14",550,"N20","nominal","2.0NRT",299.43,5.76,"D"
"351",30.84236,112.06858,332.32,0.41,0.37,"2026-09-14",550,"N20","nominal","2.0NRT",300.5,1.56,"D"
"352",30.8634,112.1954,345.65,0.41,0.37,"2026-09-14",550,"N20","nominal","2.0NRT",301.52,3.9,"D"
"353",30.95189,112.70095,331.28,0.43,0.38,"2026-09-14",550,"N20","nominal","2.0NRT",292.56,2.81,"D"
"354",30.96802,112.68901,333.57,0.43,0.38,"2026-09-14",550,"N20","nominal","2.0NRT",292.8,1.58,"D"
"355",30.92483,112.3385,332.26,0.41,0.37,"2026-09-14",550,"N20","nominal","2.0NRT",293.63,2.32,"D"
"356",30.95434,112.47988,336.61,0.42,0.38,"2026-09-14",550,"N20","nominal","2.0NRT",302.73,7.61,"D"
"357",31.11451,113.43091,337.65,0.45,0.39,"2026-09-14",550,"N20","nominal","2.0NRT",298.46,4.3,"D"
"358",31.13609,113.48547,331.62,0.46,0.39,"2026-09-14",550,"N20","nominal","2.0NRT",299.12,1.72,"D"
"359",31.13043,113.38477,333.78,0.45,0.39,"2026-09-14",550,"N20","nominal","2.0NRT",300.3,3.72,"D"
"360",31.12971,113.38709,338.88,0.45,0.39,"2026-09-14",550,"N20","nominal","2.0NRT",300.6,5.66,"D"
"361",31.2361,113.71245,331.44,0.47,0.39,"2026-09-14",550,"N20","nominal","2.0NRT",292.85,2.1,"D"
"362",31.15279,112.91927,331.81,0.43,0.38,"2026-09-14",550,"N20","nominal","2.0NRT",299.45,2.78,"D"
"363",31.14866,112.65963,330.5,0.43,0.38,"2026-09-14",550,"N20","nominal","2.0NRT",301.4,3.1,"D"
"364",31.23398,112.82311,334.23,0.43,0.38,"2026-09-14",550,"N20","nominal","2.0NRT",300.55,4.13,"D"
"365",31.19334,112.25661,333.2,0.41,0.37,"2026-09-14",550,"N20","nominal","2.0NRT",301.18,4.47,"D"
"366",31.32072,112.74061,347.62,0.43,0.38,"2026-09-14",550,"N20","nominal","2.0NRT",293.16,6.65,"D"
"367",31.24322,112.16037,333.48,0.41,0.37,"2026-09-14",550,"N20","nominal","2.0NRT",299.63,2.43,"D"
"368",31.31029,112.52805,339.33,0.42,0.38,"2026-09-14",550,"N20","nominal","2.0NRT",296.78,4.06,"D"
"369",31.31374,112.52742,335.38,0.42,0.38,"2026-09-14",550,"N20","nominal","2.0NRT",296.32,2.35,"D"
"370",31.33621,112.53698,336.28,0.42,0.38,"2026-09-14",550,"N20","nominal","2.0NRT",298.04,2.8,"D"
"371",31.35749,112.57515,332.86,0.42,0.38,"2026-09-14",550,"N20","nominal","2.0NRT",298.9,2.96,"D"
"372",31.36095,112.57452,336.4,0.42,0.38,"2026-09-14",550,"N20","nominal","2.0NRT",295.89,2.96,"D"
"373",31.35921,112.56123,335,0.42,0.38,"2026-09-14",550,"N20","nominal","2.0NRT",298.55,2.52,"D"
"374",31.37198,112.63192,334.22,0.43,0.38,"2026-09-14",550,"N20","nominal","2.0NRT",298.31,3.35,"D"
"375",31.32884,112.25204,346.3,0.42,0.37,"2026-09-14",550,"N20","nominal","2.0NRT",307.31,11.88,"D"
"376",31.37868,112.18066,332.47,0.41,0.37,"2026-09-14",550,"N20","nominal","2.0NRT",301.82,2.15,"D"
"377",31.89821,116.23018,330.68,0.42,0.45,"2026-09-14",550,"N20","nominal","2.0NRT",293.79,3.88,"D"
"378",31.89776,116.22572,339.24,0.42,0.45,"2026-09-14",550,"N20","nominal","2.0NRT",292.42,3.25,"D"
"379",31.45151,112.33315,340.82,0.42,0.38,"2026-09-14",550,"N20","nominal","2.0NRT",302.3,13.56,"D"
"380",31.47363,112.47352,336.49,0.42,0.38,"2026-09-14",550,"N20","nominal","2.0NRT",302.06,4.91,"D"
"381",31.45669,112.34569,331.87,0.42,0.38,"2026-09-14",550,"N20","nominal","2.0NRT",298.2,2.82,"D"
"382",31.43046,112.14961,337.39,0.41,0.37,"2026-09-14",550,"N20","nominal","2.0NRT",301.99,4.12,"D"
"383",31.46071,112.34946,332.15,0.42,0.38,"2026-09-14",550,"N20","low","2.0NRT",302.96,2.82,"D"
"384",31.46765,112.3752,333.37,0.42,0.38,"2026-09-14",550,"N20","low","2.0NRT",303.41,3.24,"D"
"385",31.46816,112.35261,330.76,0.42,0.38,"2026-09-14",550,"N20","low","2.0NRT",302.07,2.56,"D"
"386",31.46699,112.34383,344.84,0.42,0.38,"2026-09-14",550,"N20","nominal","2.0NRT",304.82,8.81,"D"
"387",31.4664,112.33943,330.22,0.42,0.38,"2026-09-14",550,"N20","low","2.0NRT",300.68,3.74,"D"
"388",31.47101,112.3476,336.13,0.42,0.38,"2026-09-14",550,"N20","nominal","2.0NRT",302.7,3.71,"D"
"389",31.47042,112.3432,339.23,0.42,0.38,"2026-09-14",550,"N20","nominal","2.0NRT",302.91,3.71,"D"
"390",31.46983,112.33881,342.62,0.42,0.38,"2026-09-14",550,"N20","nominal","2.0NRT",302.17,4.94,"D"
"391",31.47444,112.34698,331.48,0.42,0.38,"2026-09-14",550,"N20","low","2.0NRT",303.25,3.71,"D"
"392",31.48189,112.35011,334.15,0.42,0.38,"2026-09-14",550,"N20","nominal","2.0NRT",300.74,3.32,"D"
"393",31.48532,112.34949,332.29,0.42,0.38,"2026-09-14",550,"N20","nominal","2.0NRT",302.05,2.95,"D"
"394",31.48875,112.34888,336.64,0.42,0.38,"2026-09-14",550,"N20","nominal","2.0NRT",302.35,2.95,"D"
"395",31.48817,112.34448,332.4,0.42,0.38,"2026-09-14",550,"N20","nominal","2.0NRT",301.62,4.1,"D"
"396",31.48758,112.3401,341.25,0.42,0.38,"2026-09-14",550,"N20","nominal","2.0NRT",301.63,4.1,"D"
"397",31.4916,112.34386,331.68,0.42,0.38,"2026-09-14",550,"N20","nominal","2.0NRT",300.21,4.24,"D"
"398",31.48924,112.32631,330.18,0.42,0.38,"2026-09-14",550,"N20","nominal","2.0NRT",299.8,1.2,"D"
"399",31.5027,112.40044,331.8,0.42,0.38,"2026-09-14",550,"N20","low","2.0NRT",303.47,4.55,"D"
"400",31.49562,112.34763,342.8,0.42,0.38,"2026-09-14",550,"N20","nominal","2.0NRT",302.2,11.31,"D"
"401",31.49385,112.33446,345.72,0.42,0.38,"2026-09-14",550,"N20","nominal","2.0NRT",300.92,9.91,"D"
"402",31.48737,112.28628,331.15,0.42,0.37,"2026-09-14",550,"N20","nominal","2.0NRT",299.46,1,"D"
"403",31.50131,112.33761,335.09,0.42,0.38,"2026-09-14",550,"N20","nominal","2.0NRT",302.55,7.2,"D"
"404",31.50013,112.32883,332.97,0.42,0.38,"2026-09-14",550,"N20","nominal","2.0NRT",301.27,4.16,"D"
"405",31.49954,112.32445,345.76,0.42,0.38,"2026-09-14",550,"N20","nominal","2.0NRT",304.1,5.32,"D"
"406",31.50474,112.33699,335.48,0.42,0.38,"2026-09-14",550,"N20","nominal","2.0NRT",302.14,4.86,"D"
"407",31.50356,112.32821,346.45,0.42,0.38,"2026-09-14",550,"N20","nominal","2.0NRT",304.09,5.64,"D"
"408",31.50178,112.31506,332.97,0.42,0.38,"2026-09-14",550,"N20","nominal","2.0NRT",300.44,3.24,"D"
"409",31.51053,112.35394,332.06,0.42,0.38,"2026-09-14",550,"N20","nominal","2.0NRT",300.89,2.47,"D"
"410",31.50817,112.33636,338.57,0.42,0.38,"2026-09-14",550,"N20","nominal","2.0NRT",301.09,4.86,"D"
"411",31.5064,112.32321,335.05,0.42,0.38,"2026-09-14",550,"N20","nominal","2.0NRT",302.74,8.11,"D"
"412",31.47628,112.10133,334.78,0.41,0.37,"2026-09-14",550,"N20","nominal","2.0NRT",300.38,2.6,"D"
"413",31.51338,112.34892,330.51,0.42,0.38,"2026-09-14",550,"N20","nominal","2.0NRT",299.76,1.9,"D"
"414",31.47955,112.07418,331.99,0.41,0.37,"2026-09-14",550,"N20","nominal","2.0NRT",300.99,1.59,"D"
"415",32.07487,117.04418,332.61,0.47,0.48,"2026-09-14",550,"N20","nominal","2.0NRT",285.59,2.84,"D"
"416",32.07513,117.04618,331.16,0.47,0.48,"2026-09-14",550,"N20","nominal","2.0NRT",285.78,4.84,"D"
"417",31.54225,112.25496,330.59,0.42,0.37,"2026-09-14",550,"N20","low","2.0NRT",301.02,9.32,"D"
"418",32.50161,120.41643,336.3,0.38,0.58,"2026-09-14",550,"N20","nominal","2.0NRT",291.92,2.19,"D"
"419",31.80024,112.094,345.91,0.41,0.37,"2026-09-14",550,"N20","nominal","2.0NRT",300.26,5.14,"D"
"420",32.53843,117.56288,329.21,0.51,0.49,"2026-09-14",550,"N20","low","2.0NRT",299.27,3.26,"D"
"421",32.59874,115.35332,352.16,0.39,0.44,"2026-09-14",550,"N20","nominal","2.0NRT",305.9,5.51,"D"
"422",32.85852,112.36545,331,0.43,0.38,"2026-09-14",550,"N20","nominal","2.0NRT",297.6,2.48,"D"
"423",33.36618,116.72363,334.47,0.47,0.48,"2026-09-14",550,"N20","nominal","2.0NRT",301.66,3.6,"D"
"424",32.92527,112.71971,345.14,0.44,0.39,"2026-09-14",550,"N20","nominal","2.0NRT",308.17,8.27,"D"
"425",32.92467,112.71499,338.04,0.44,0.39,"2026-09-14",550,"N20","nominal","2.0NRT",304.05,8.27,"D"
"426",32.9288,112.71909,338.74,0.44,0.39,"2026-09-14",550,"N20","nominal","2.0NRT",305.06,8.27,"D"
"427",33.07475,113.66212,336.01,0.49,0.4,"2026-09-14",550,"N20","nominal","2.0NRT",305.23,4.01,"D"
"428",33.48856,115.38029,342.13,0.4,0.44,"2026-09-14",550,"N20","nominal","2.0NRT",307.03,4.88,"D"
"429",33.49261,115.37971,342.14,0.4,0.44,"2026-09-14",550,"N20","nominal","2.0NRT",307.52,4.88,"D"
"430",33.74727,117.61597,338.16,0.53,0.5,"2026-09-14",550,"N20","nominal","2.0NRT",300.69,5.25,"D"
"431",33.59438,115.60415,332.05,0.41,0.45,"2026-09-14",550,"N20","low","2.0NRT",306.43,3.08,"D"
"432",34.06875,117.36919,340.59,0.52,0.5,"2026-09-14",550,"N20","nominal","2.0NRT",305.01,5.65,"D"
"433",33.80007,113.44858,337.14,0.48,0.4,"2026-09-14",550,"N20","nominal","2.0NRT",308.46,5.45,"D"
"434",34.28629,117.83666,354.67,0.55,0.51,"2026-09-14",550,"N20","nominal","2.0NRT",307.64,12.45,"D"
"435",34.28264,117.835,342.32,0.55,0.51,"2026-09-14",550,"N20","nominal","2.0NRT",309.03,12.29,"D"
"436",34.47527,117.72627,338.85,0.55,0.51,"2026-09-14",550,"N20","nominal","2.0NRT",307.36,6.87,"D"
"437",34.47209,117.72458,335.47,0.55,0.51,"2026-09-14",550,"N20","low","2.0NRT",309.54,2.47,"D"
"438",34.4768,117.72398,337.11,0.55,0.51,"2026-09-14",550,"N20","low","2.0NRT",309.03,2.47,"D"
"439",34.47479,117.63968,335.92,0.54,0.51,"2026-09-14",550,"N20","low","2.0NRT",308.57,4.59,"D"
"440",34.49302,117.6314,343.85,0.54,0.51,"2026-09-14",550,"N20","nominal","2.0NRT",309.01,6.64,"D"
"441",34.49253,117.62545,340.79,0.54,0.51,"2026-09-14",550,"N20","nominal","2.0NRT",308.43,6.64,"D"
"442",34.61987,118.0089,334.9,0.57,0.52,"2026-09-14",550,"N20","low","2.0NRT",308.8,3.87,"D"
"443",34.60183,116.71038,331.66,0.48,0.48,"2026-09-14",550,"N20","nominal","2.0NRT",303.05,2.55,"D"
"444",34.35441,113.61309,330.71,0.5,0.41,"2026-09-14",550,"N20","low","2.0NRT",302.58,1.95,"D"
"445",34.67795,116.29651,330.75,0.46,0.47,"2026-09-14",550,"N20","nominal","2.0NRT",302.25,2.61,"D"
"446",34.96706,117.42323,337.61,0.53,0.5,"2026-09-14",550,"N20","nominal","2.0NRT",307.46,6.32,"D"
"447",34.94714,115.296,355.22,0.41,0.45,"2026-09-14",550,"N20","nominal","2.0NRT",309.42,10.93,"D"
"448",35.20377,116.73758,340.11,0.49,0.49,"2026-09-14",550,"N20","nominal","2.0NRT",303.98,5.31,"D"
"449",34.51616,110.36788,333.15,0.39,0.36,"2026-09-14",550,"N20","nominal","2.0NRT",304.16,4.07,"D"
"450",35.18878,115.7965,341.98,0.44,0.46,"2026-09-14",550,"N20","nominal","2.0NRT",307.08,6.35,"D"
"451",35.03811,113.57491,334.45,0.5,0.41,"2026-09-14",550,"N20","nominal","2.0NRT",303.08,4.73,"D"
"452",35.03912,113.57861,332.91,0.51,0.41,"2026-09-14",550,"N20","nominal","2.0NRT",301.65,3.68,"D"
"453",34.59735,109.82674,326.24,0.39,0.36,"2026-09-14",550,"N20","nominal","2.0NRT",292.84,1.64,"D"
"454",35.0438,112.53583,334.39,0.46,0.39,"2026-09-14",550,"N20","nominal","2.0NRT",303.1,2.9,"D"
"455",35.31645,114.95527,332.56,0.4,0.44,"2026-09-14",550,"N20","nominal","2.0NRT",303.03,3.55,"D"
"456",35.04616,112.52517,332.98,0.46,0.39,"2026-09-14",550,"N20","nominal","2.0NRT",302.91,4.42,"D"
"457",35.6134,117.02574,337.31,0.52,0.5,"2026-09-14",550,"N20","nominal","2.0NRT",302.83,5.43,"D"
"458",35.61293,117.02005,339.44,0.52,0.5,"2026-09-14",550,"N20","nominal","2.0NRT",305.03,5.86,"D"
"459",35.95046,117.39216,339.72,0.54,0.51,"2026-09-14",550,"N20","nominal","2.0NRT",299.76,3.22,"D"
"460",35.92803,117.12985,340.81,0.53,0.5,"2026-09-14",550,"N20","nominal","2.0NRT",304.59,4.9,"D"
"461",35.79622,115.39416,342.83,0.42,0.45,"2026-09-14",550,"N20","nominal","2.0NRT",309.25,3.69,"D"
"462",35.41728,111.29624,332.22,0.42,0.38,"2026-09-14",550,"N20","low","2.0NRT",303.81,2.57,"D"
"463",36.27743,117.54682,330.47,0.56,0.52,"2026-09-14",550,"N20","low","2.0NRT",302.67,2.38,"D"
"464",36.05485,114.92396,355.46,0.4,0.44,"2026-09-14",550,"N20","nominal","2.0NRT",306.69,11.71,"D"
"465",35.75755,111.76112,331.5,0.44,0.38,"2026-09-14",550,"N20","low","2.0NRT",306.3,2.1,"D"
"466",36.21992,115.84236,335.98,0.45,0.47,"2026-09-14",550,"N20","low","2.0NRT",307.53,5.58,"D"
"467",36.2893,116.39817,338.82,0.48,0.48,"2026-09-14",550,"N20","nominal","2.0NRT",300.63,3.37,"D"
"468",36.28763,116.3959,336.79,0.48,0.48,"2026-09-14",550,"N20","nominal","2.0NRT",300.34,3.65,"D"
"469",36.31591,113.0139,335.16,0.49,0.4,"2026-09-14",550,"N20","nominal","2.0NRT",303.5,3.52,"D"
"470",36.45803,113.11617,334.59,0.5,0.41,"2026-09-14",550,"N20","low","2.0NRT",309.03,4.69,"D"
"471",37.12476,112.05116,330.27,0.46,0.39,"2026-09-14",550,"N20","low","2.0NRT",304.12,5.04,"D"
"472",37.99619,119.65054,340.79,0.38,0.59,"2026-09-14",553,"N20","nominal","2.0NRT",290.58,3.28,"D"
"473",36.04594,103.94434,327.56,0.49,0.41,"2026-09-14",553,"N20","nominal","2.0NRT",295.12,2.82,"D"
"474",38.14001,119.53104,334.61,0.38,0.59,"2026-09-14",553,"N20","nominal","2.0NRT",290.51,2.97,"D"
"475",38.21222,119.55592,333.49,0.38,0.59,"2026-09-14",553,"N20","nominal","2.0NRT",291.59,3.48,"D"
"476",37.57296,112.26021,337.87,0.47,0.4,"2026-09-14",553,"N20","nominal","2.0NRT",303.88,5.83,"D"
"477",37.57723,112.26488,336.19,0.47,0.4,"2026-09-14",553,"N20","nominal","2.0NRT",303.29,3.72,"D"
"478",37.57395,112.26845,330.78,0.47,0.4,"2026-09-14",553,"N20","low","2.0NRT",303.55,2.57,"D"
"479",37.57333,112.2631,334.57,0.47,0.4,"2026-09-14",553,"N20","nominal","2.0NRT",303.4,2.57,"D"
"480",37.57758,112.26778,334.79,0.47,0.4,"2026-09-14",553,"N20","nominal","2.0NRT",302.76,2.57,"D"
"481",38.21383,119.55621,349.27,0.38,0.59,"2026-09-14",553,"N20","nominal","2.0NRT",291.64,4.46,"D"
"482",36.84595,105.91817,344.59,0.41,0.37,"2026-09-14",553,"N20","nominal","2.0NRT",298.79,3.25,"D"
"483",36.84932,105.91727,341.43,0.41,0.37,"2026-09-14",553,"N20","nominal","2.0NRT",298.31,3.25,"D"
"484",36.84854,105.9128,339.83,0.41,0.37,"2026-09-14",553,"N20","nominal","2.0NRT",298.97,3.25,"D"
"485",37.92302,112.54977,335.57,0.49,0.4,"2026-09-14",553,"N20","nominal","2.0NRT",300.11,4.74,"D"
"486",37.92977,112.54292,328.73,0.49,0.4,"2026-09-14",553,"N20","nominal","2.0NRT",301.51,2.36,"D"
"487",37.50247,108.86824,336.39,0.39,0.36,"2026-09-14",553,"N20","nominal","2.0NRT",302.38,2.72,"D"
"488",37.40493,106.5685,330.59,0.4,0.37,"2026-09-14",553,"N20","nominal","2.0NRT",303.24,2.81,"D"
"489",38.57187,114.94815,329.27,0.43,0.46,"2026-09-14",553,"N20","low","2.0NRT",301.2,2.68,"D"
"490",37.57682,106.65873,339.35,0.39,0.36,"2026-09-14",553,"N20","nominal","2.0NRT",300.75,6.58,"D"
"491",38.95659,118.44583,336.46,0.33,0.56,"2026-09-14",553,"N20","nominal","2.0NRT",303.12,8.75,"D"
"492",37.58268,106.25989,337.04,0.4,0.37,"2026-09-14",553,"N20","nominal","2.0NRT",302.81,1.81,"D"
"493",37.48725,105.51793,330.92,0.42,0.37,"2026-09-14",553,"N20","low","2.0NRT",303.37,5.32,"D"
"494",38.06427,109.01562,335.78,0.39,0.36,"2026-09-14",553,"N20","nominal","2.0NRT",305.89,2.35,"D"
"495",38.06757,109.01487,333.17,0.39,0.36,"2026-09-14",553,"N20","low","2.0NRT",307.18,2.5,"D"
"496",37.64103,106.20389,347.91,0.4,0.37,"2026-09-14",553,"N20","nominal","2.0NRT",298.92,4.34,"D"
"497",37.64767,106.20212,331.48,0.4,0.37,"2026-09-14",553,"N20","nominal","2.0NRT",301.27,0.94,"D"
"498",37.66652,106.21096,336.15,0.4,0.37,"2026-09-14",553,"N20","nominal","2.0NRT",304.47,2.23,"D"
"499",37.77496,106.59579,337.78,0.39,0.36,"2026-09-14",553,"N20","nominal","2.0NRT",304.75,1.74,"D"
"500",37.77276,106.58257,331.2,0.39,0.36,"2026-09-14",553,"N20","low","2.0NRT",305.72,1.03,"D"
"501",37.78888,106.59674,330.39,0.39,0.36,"2026-09-14",553,"N20","low","2.0NRT",305.22,1.14,"D"
"502",37.62946,105.20351,335.38,0.42,0.38,"2026-09-14",553,"N20","low","2.0NRT",306.7,4.09,"D"
"503",39.2641,119.0071,338.37,0.36,0.57,"2026-09-14",553,"N20","nominal","2.0NRT",301.29,4.51,"D"
"504",39.26387,119.00286,337.31,0.36,0.57,"2026-09-14",553,"N20","nominal","2.0NRT",302.35,3.85,"D"
"505",38.45293,109.76089,330.96,0.4,0.37,"2026-09-14",553,"N20","low","2.0NRT",303.99,4.21,"D"
"506",39.46867,120.45615,339.1,0.43,0.62,"2026-09-14",553,"N20","nominal","2.0NRT",292.07,4.08,"D"
"507",37.85534,105.4564,335.33,0.42,0.37,"2026-09-14",553,"N20","nominal","2.0NRT",302.58,2.58,"D"
"508",37.98238,106.03191,336.43,0.4,0.37,"2026-09-14",553,"N20","nominal","2.0NRT",303.2,3.14,"D"
"509",38.05479,106.32599,333.34,0.4,0.37,"2026-09-14",553,"N20","nominal","2.0NRT",302.34,3.69,"D"
"510",38.0695,106.33133,330.03,0.4,0.37,"2026-09-14",553,"N20","low","2.0NRT",304.21,3.9,"D"
"511",39.43374,118.46689,332.26,0.34,0.56,"2026-09-14",553,"N20","low","2.0NRT",303.93,2.14,"D"
"512",38.24634,106.54957,333.08,0.39,0.36,"2026-09-14",553,"N20","low","2.0NRT",308.05,3.52,"D"
"513",39.50395,115.73464,327.88,0.48,0.48,"2026-09-14",553,"N20","nominal","2.0NRT",301.24,2.64,"D"
"514",38.41129,106.28622,330.84,0.4,0.37,"2026-09-14",553,"N20","low","2.0NRT",305.56,1.49,"D"
"515",39.75878,118.09109,339.18,0.33,0.55,"2026-09-14",553,"N20","nominal","2.0NRT",303.28,2.7,"D"
"516",39.80684,118.20286,330.57,0.33,0.55,"2026-09-14",553,"N20","nominal","2.0NRT",303.99,1.08,"D"
"517",39.86888,118.16517,336.95,0.33,0.55,"2026-09-14",553,"N20","nominal","2.0NRT",304.54,2.21,"D"
"518",39.87399,118.16463,345.94,0.33,0.55,"2026-09-14",553,"N20","nominal","2.0NRT",306.5,2.21,"D"
"519",39.95004,118.55834,367,0.35,0.56,"2026-09-14",553,"N20","high","2.0NRT",307.11,7.49,"D"
"520",39.94979,118.55416,334.27,0.35,0.56,"2026-09-14",553,"N20","nominal","2.0NRT",307.36,7.49,"D"
"521",39.95055,118.55744,367,0.35,0.56,"2026-09-14",553,"N20","high","2.0NRT",307.28,15.27,"D"
"522",38.66557,106.60434,331.49,0.39,0.36,"2026-09-14",553,"N20","low","2.0NRT",305.45,3.58,"D"
"523",40.09119,118.44081,329.04,0.34,0.56,"2026-09-14",553,"N20","nominal","2.0NRT",300.91,1.27,"D"
"524",40.16825,118.67924,328.24,0.35,0.57,"2026-09-14",553,"N20","nominal","2.0NRT",302.95,1.73,"D"
"525",38.89813,106.85817,345.36,0.39,0.36,"2026-09-14",553,"N20","nominal","2.0NRT",306.59,4.46,"D"
"526",38.92688,106.846,338.04,0.39,0.36,"2026-09-14",553,"N20","nominal","2.0NRT",307.03,3.06,"D"
"527",38.92617,106.8416,342.55,0.39,0.36,"2026-09-14",553,"N20","nominal","2.0NRT",306.21,3.06,"D"
"528",40.17908,118.05592,337.1,0.33,0.55,"2026-09-14",553,"N20","nominal","2.0NRT",305.16,4.1,"D"
"529",38.92852,106.70781,338.34,0.39,0.36,"2026-09-14",553,"N20","nominal","2.0NRT",301.2,5.17,"D"
"530",40.41125,124.01684,325.05,0.68,0.74,"2026-09-14",553,"N20","low","2.0NRT",298.93,4.03,"D"
"531",38.98233,106.93691,334.23,0.39,0.36,"2026-09-14",553,"N20","low","2.0NRT",306.17,1.97,"D"
"532",38.9856,106.93606,343.87,0.39,0.36,"2026-09-14",553,"N20","nominal","2.0NRT",305.15,5.01,"D"
"533",38.9849,106.93166,342.11,0.39,0.36,"2026-09-14",553,"N20","nominal","2.0NRT",305.81,4.73,"D"
"534",38.73614,105.37241,335.88,0.41,0.37,"2026-09-14",553,"N20","low","2.0NRT",309.54,3.16,"D"
"535",38.73693,105.37703,356.53,0.41,0.37,"2026-09-14",553,"N20","low","2.0NRT",310.16,3.16,"D"
"536",38.74029,105.37608,354.63,0.41,0.37,"2026-09-14",553,"N20","nominal","2.0NRT",310.23,5.85,"D"
"537",39.0393,106.78087,333.25,0.39,0.36,"2026-09-14",553,"N20","nominal","2.0NRT",303.5,1.42,"D"
"538",38.89462,105.65739,340.92,0.4,0.37,"2026-09-14",553,"N20","nominal","2.0NRT",308.96,1.79,"D"
"539",38.89971,105.64635,335.24,0.4,0.37,"2026-09-14",553,"N20","low","2.0NRT",309.76,3.11,"D"
"540",39.19299,106.99451,336.28,0.39,0.36,"2026-09-14",553,"N20","low","2.0NRT",308.75,1.8,"D"
"541",38.4083,102.06165,335.53,0.54,0.42,"2026-09-14",553,"N20","nominal","2.0NRT",307.59,3.04,"D"
"542",39.27301,106.72576,335.44,0.39,0.36,"2026-09-14",553,"N20","low","2.0NRT",308.22,1.82,"D"
"543",39.32752,106.98277,339.19,0.39,0.36,"2026-09-14",553,"N20","low","2.0NRT",311.7,3.92,"D"
"544",38.50654,102.38873,339.93,0.52,0.42,"2026-09-14",553,"N20","nominal","2.0NRT",306.08,5.4,"D"
"545",38.50537,102.38289,336.08,0.52,0.42,"2026-09-14",553,"N20","nominal","2.0NRT",303.11,5.4,"D"
"546",38.51026,102.38749,367,0.52,0.42,"2026-09-14",553,"N20","high","2.0NRT",303.69,5.4,"D"
"547",38.5091,102.38166,339.49,0.52,0.42,"2026-09-14",553,"N20","nominal","2.0NRT",303.3,5.4,"D"
"548",39.46305,107.12799,337.76,0.38,0.36,"2026-09-14",553,"N20","nominal","2.0NRT",310.98,1.63,"D"
"549",39.47491,107.13866,335.3,0.38,0.36,"2026-09-14",553,"N20","low","2.0NRT",307.72,1.47,"D"
"550",39.52699,106.51944,334.05,0.39,0.36,"2026-09-14",553,"N20","low","2.0NRT",307.59,2.6,"D"
"551",40.3072,110.06467,335.83,0.42,0.38,"2026-09-14",553,"N20","nominal","2.0NRT",307.98,4.35,"D"
"552",39.87059,106.89711,338.12,0.38,0.36,"2026-09-14",553,"N20","nominal","2.0NRT",310.54,2.32,"D"
"553",40.59996,109.68414,334.34,0.42,0.37,"2026-09-14",553,"N20","nominal","2.0NRT",306.7,1.63,"D"
"554",40.63483,109.73907,341.25,0.42,0.37,"2026-09-14",553,"N20","nominal","2.0NRT",310.04,2.79,"D"
"555",41.14476,113.92537,331.01,0.41,0.45,"2026-09-14",553,"N20","nominal","2.0NRT",297.91,1.26,"D"
"556",40.36778,106.49781,348.28,0.39,0.36,"2026-09-14",553,"N20","nominal","2.0NRT",313.78,3.75,"D"
"557",40.36706,106.49334,347.02,0.39,0.36,"2026-09-14",553,"N20","nominal","2.0NRT",314.46,3.75,"D"
"558",40.44877,106.47103,335.25,0.39,0.36,"2026-09-14",553,"N20","low","2.0NRT",309.88,2.14,"D"
"559",40.50638,106.70441,346.58,0.38,0.36,"2026-09-14",553,"N20","nominal","2.0NRT",312.82,5.36,"D"
"560",40.50568,106.69993,349.48,0.38,0.36,"2026-09-14",553,"N20","nominal","2.0NRT",314.54,5.36,"D"
"561",40.50965,106.70353,353.18,0.38,0.36,"2026-09-14",553,"N20","nominal","2.0NRT",313.58,5.36,"D"
"562",40.50894,106.69906,340.28,0.38,0.36,"2026-09-14",553,"N20","low","2.0NRT",311.79,5.36,"D"
"563",40.51503,106.71608,338.34,0.38,0.36,"2026-09-14",553,"N20","low","2.0NRT",311.55,3.22,"D"
"564",40.53672,106.72424,346.97,0.38,0.36,"2026-09-14",553,"N20","nominal","2.0NRT",310.93,2.96,"D"
"565",41.74163,113.32084,354.52,0.39,0.44,"2026-09-14",553,"N20","nominal","2.0NRT",307.87,14.66,"D"
"566",41.84,113.75783,339.94,0.41,0.45,"2026-09-14",553,"N20","nominal","2.0NRT",304.27,3.79,"D"
"567",43.56486,105.46611,337.51,0.39,0.36,"2026-09-14",553,"N20","nominal","2.0NRT",312.24,1.76,"D"
"568",45.75375,115.72768,344.13,0.56,0.52,"2026-09-14",555,"N20","nominal","2.0NRT",305.57,8.58,"D"
"569",46.38577,114.00263,346.47,0.47,0.48,"2026-09-14",555,"N20","nominal","2.0NRT",303.5,5.77,"D"
"570",46.39017,114.00202,332.63,0.47,0.48,"2026-09-14",555,"N20","nominal","2.0NRT",300.1,5.77,"D"
"571",46.78609,121.19534,338.43,0.53,0.67,"2026-09-14",555,"N20","nominal","2.0NRT",293.01,3.92,"D"
"572",46.8942,116.76984,367,0.32,0.55,"2026-09-14",555,"N20","high","2.0NRT",296.44,4.34,"D"
"573",46.89376,116.76124,367,0.32,0.55,"2026-09-14",555,"N20","high","2.0NRT",296.83,5.14,"D"
"574",46.8931,116.74835,367,0.32,0.55,"2026-09-14",555,"N20","high","2.0NRT",300.83,10.09,"D"
"575",46.89265,116.73978,367,0.32,0.55,"2026-09-14",555,"N20","high","2.0NRT",300.7,11.96,"D"
"576",46.89243,116.7355,367,0.32,0.55,"2026-09-14",555,"N20","high","2.0NRT",298.01,7.54,"D"
"577",46.89531,116.79132,350.71,0.32,0.55,"2026-09-14",555,"N20","nominal","2.0NRT",293.9,4.9,"D"
"578",46.89509,116.78702,356.23,0.32,0.55,"2026-09-14",555,"N20","nominal","2.0NRT",297,4.44,"D"
"579",46.89487,116.78272,342.19,0.32,0.55,"2026-09-14",555,"N20","nominal","2.0NRT",294.9,4.44,"D"
"580",46.89399,116.76556,345.31,0.32,0.55,"2026-09-14",555,"N20","nominal","2.0NRT",295.25,4.34,"D"
"581",46.89354,116.75694,344.47,0.32,0.55,"2026-09-14",555,"N20","nominal","2.0NRT",297.52,5.14,"D"
"582",46.89331,116.75265,344.02,0.32,0.55,"2026-09-14",555,"N20","nominal","2.0NRT",295.76,10.09,"D"
"583",46.89288,116.74406,355.42,0.32,0.55,"2026-09-14",555,"N20","nominal","2.0NRT",303.13,11.96,"D"
"584",46.8995,116.77365,367,0.32,0.55,"2026-09-14",555,"N20","high","2.0NRT",299.64,11.95,"D"
"585",46.89928,116.76935,367,0.32,0.55,"2026-09-14",555,"N20","high","2.0NRT",300.97,10.12,"D"
"586",46.89749,116.73501,367,0.32,0.55,"2026-09-14",555,"N20","high","2.0NRT",299.17,31.49,"D"
"587",46.89994,116.78225,329.09,0.32,0.55,"2026-09-14",555,"N20","nominal","2.0NRT",297.24,2.81,"D"
"588",46.89727,116.73074,342.89,0.32,0.55,"2026-09-14",555,"N20","nominal","2.0NRT",310.84,31.49,"D"
"589",46.89705,116.72646,352.98,0.32,0.55,"2026-09-14",555,"N20","nominal","2.0NRT",298.37,17.06,"D"
"590",46.90524,116.78609,346.19,0.32,0.55,"2026-09-14",555,"N20","nominal","2.0NRT",297.35,2.81,"D"
"591",46.90501,116.78177,333.32,0.32,0.55,"2026-09-14",555,"N20","nominal","2.0NRT",297.1,2.81,"D"
"592",46.91053,116.78991,367,0.32,0.55,"2026-09-14",555,"N20","high","2.0NRT",296.17,7.25,"D"
"593",46.91031,116.78559,343.88,0.32,0.55,"2026-09-14",555,"N20","nominal","2.0NRT",299.43,6.94,"D"
"594",46.90346,116.78651,338.89,0.32,0.55,"2026-09-14",555,"N20","nominal","2.0NRT",295.25,4.12,"D"
"595",46.90326,116.78219,341.97,0.32,0.55,"2026-09-14",555,"N20","nominal","2.0NRT",297.16,4.12,"D"
"596",46.90854,116.78602,367,0.32,0.55,"2026-09-14",555,"N20","high","2.0NRT",299.83,4.12,"D"
"597",46.90873,116.79034,342.64,0.32,0.55,"2026-09-14",555,"N20","nominal","2.0NRT",293.27,5.69,"D"
"598",46.91381,116.78984,331.17,0.32,0.55,"2026-09-14",555,"N20","nominal","2.0NRT",293.62,1.74,"D"
"599",46.91644,116.73766,329.03,0.32,0.55,"2026-09-14",555,"N20","nominal","2.0NRT",296.75,3.13,"D"
"600",43.67905,95.01871,342.96,0.59,0.53,"2026-09-14",555,"N20","low","2.0NRT",315.14,4.66,"D"
"601",12.50622,124.55835,330.33,0.41,0.6,"2026-09-14",544,"N20","nominal","2.0NRT",288.28,2.36,"D"
"602",10.13214,108.56654,336.45,0.5,0.49,"2026-09-14",544,"N20","nominal","2.0NRT",290.88,5.86,"D"
"603",12.50557,124.55859,328.32,0.41,0.6,"2026-09-14",544,"N20","nominal","2.0NRT",288.1,1.68,"D"
"604",12.48989,123.34999,334.5,0.34,0.56,"2026-09-14",544,"N20","nominal","2.0NRT",290.74,3.92,"D"
"605",10.41997,108.39312,328.76,0.51,0.49,"2026-09-14",544,"N20","nominal","2.0NRT",289.74,3.81,"D"
"606",10.42444,108.39232,333.23,0.51,0.49,"2026-09-14",544,"N20","nominal","2.0NRT",289.58,3.81,"D"
"607",13.89748,108.80781,336.98,0.42,0.45,"2026-09-14",544,"N20","nominal","2.0NRT",286.97,6.17,"D"
"608",14.06344,108.91592,341,0.41,0.45,"2026-09-14",544,"N20","nominal","2.0NRT",288.42,8.7,"D"
"609",22.80298,112.68222,331.32,0.39,0.36,"2026-09-14",546,"N20","low","2.0NRT",302.9,6.58,"D"
"610",22.80628,112.68164,332.08,0.39,0.36,"2026-09-14",546,"N20","low","2.0NRT",302.46,6.4,"D"
"611",22.87691,112.81494,342.28,0.39,0.36,"2026-09-14",546,"N20","nominal","2.0NRT",295.7,3.52,"D"
"612",23.01962,113.55563,330.62,0.4,0.37,"2026-09-14",546,"N20","nominal","2.0NRT",299.69,5.45,"D"
"613",23.10952,112.75861,349.68,0.39,0.36,"2026-09-14",546,"N20","nominal","2.0NRT",295.26,4.33,"D"
"614",23.10896,112.75488,336.32,0.39,0.36,"2026-09-14",546,"N20","nominal","2.0NRT",296.6,5.22,"D"
"615",23.11338,112.76179,337.02,0.39,0.36,"2026-09-14",546,"N20","nominal","2.0NRT",298.02,4.33,"D"
"616",21.35042,100.19172,327.99,0.54,0.68,"2026-09-14",548,"N20","nominal","2.0NRT",287.8,3.57,"D"
"617",23.981,113.12469,333.45,0.39,0.36,"2026-09-14",548,"N20","nominal","2.0NRT",297.21,3.38,"D"
"618",24.97432,121.04265,338.46,0.34,0.56,"2026-09-14",548,"N20","nominal","2.0NRT",294.57,2.72,"D"
"619",24.18536,113.95264,333.85,0.41,0.37,"2026-09-14",548,"N20","nominal","2.0NRT",300.09,5.28,"D"
"620",24.26698,113.4147,338.93,0.4,0.37,"2026-09-14",548,"N20","nominal","2.0NRT",301.72,5.29,"D"
"621",24.17266,112.76266,332.42,0.39,0.36,"2026-09-14",548,"N20","nominal","2.0NRT",300.6,1.65,"D"
"622",24.27818,113.42082,335.85,0.4,0.37,"2026-09-14",548,"N20","nominal","2.0NRT",301.55,4.33,"D"
"623",50.08724,120.08337,331.83,0.48,0.65,"2026-09-14",553,"N20","nominal","2.0NRT",292.92,3.62,"D"
"624",50.20387,120.14645,367,0.49,0.65,"2026-09-14",553,"N20","high","2.0NRT",293.02,10.55,"D"
"625",50.21753,120.30035,335.17,0.49,0.65,"2026-09-14",553,"N20","nominal","2.0NRT",273.91,5.9,"D"
"626",50.21746,120.29333,345.49,0.49,0.65,"2026-09-14",553,"N20","nominal","2.0NRT",273.6,7.81,"D"
"627",50.35015,120.81985,367,0.52,0.67,"2026-09-14",553,"N20","high","2.0NRT",291.09,18.29,"D"
"628",50.35019,120.82761,356.55,0.52,0.67,"2026-09-14",553,"N20","low","2.0NRT",288.44,14.6,"D"
"629",50.34823,120.81853,355.79,0.52,0.67,"2026-09-14",553,"N20","nominal","2.0NRT",290.13,13.23,"D"
"630",50.35445,120.82629,356.35,0.52,0.67,"2026-09-14",553,"N20","low","2.0NRT",287.6,9.84,"D"
"631",50.84318,97.99983,340.24,0.46,0.39,"2026-09-14",555,"N20","nominal","2.0NRT",294.55,3.84,"D"
"632",50.84656,97.99773,331.7,0.46,0.39,"2026-09-14",555,"N20","nominal","2.0NRT",292.93,3.84,"D"
"633",50.85682,97.99199,344.6,0.46,0.39,"2026-09-14",555,"N20","nominal","2.0NRT",292.87,14.48,"D"
"634",50.85302,97.97306,331.96,0.46,0.39,"2026-09-14",555,"N20","nominal","2.0NRT",293.43,5.63,"D"
"635",50.85644,97.97112,333.16,0.46,0.39,"2026-09-14",555,"N20","nominal","2.0NRT",295.86,5.63,"D"
"636",50.85514,97.96464,343.84,0.46,0.39,"2026-09-14",555,"N20","nominal","2.0NRT",302.38,16.24,"D"
"637",50.8586,97.96292,337.01,0.46,0.39,"2026-09-14",555,"N20","nominal","2.0NRT",294.1,5.2,"D"
"638",52.60948,103.90282,327.9,0.39,0.36,"2026-09-14",555,"N20","nominal","2.0NRT",298.32,2.26,"D"
"639",48.70533,83.08966,367,0.68,0.74,"2026-09-14",555,"N20","high","2.0NRT",301.22,30.87,"D"
"640",48.70236,83.08168,349,0.68,0.74,"2026-09-14",555,"N20","nominal","2.0NRT",311.45,30.87,"D"
"641",51.83065,91.18778,326.57,0.51,0.49,"2026-09-14",555,"N20","nominal","2.0NRT",293.66,6.9,"D"
"642",51.829,91.1816,338.08,0.51,0.49,"2026-09-14",555,"N20","nominal","2.0NRT",294.19,6.19,"D"
"643",52.07283,91.76321,331.35,0.48,0.48,"2026-09-14",555,"N20","nominal","2.0NRT",289.28,6.85,"D"
"644",52.06337,91.72598,329.64,0.48,0.48,"2026-09-14",555,"N20","nominal","2.0NRT",288.5,4.23,"D"
"645",52.07327,91.76156,330.31,0.48,0.48,"2026-09-14",555,"N20","nominal","2.0NRT",289.58,6.95,"D"
"646",52.06336,91.72353,326.39,0.48,0.48,"2026-09-14",555,"N20","nominal","2.0NRT",288.59,3.82,"D"
"647",55.37583,106.52942,326.16,0.47,0.4,"2026-09-14",555,"N20","nominal","2.0NRT",288.35,5.23,"D"
"648",54.44243,91.7063,343.77,0.41,0.45,"2026-09-14",555,"N20","nominal","2.0NRT",269.02,11.79,"D"
"649",54.44101,91.70047,355.93,0.41,0.45,"2026-09-14",555,"N20","low","2.0NRT",269.33,11.79,"D"
"650",54.44622,91.70339,339.04,0.41,0.45,"2026-09-14",555,"N20","nominal","2.0NRT",268.89,3.82,"D"
"651",54.44477,91.69747,329.35,0.41,0.45,"2026-09-14",555,"N20","nominal","2.0NRT",268.42,3.82,"D"
"652",57.56367,105.92609,340.85,0.48,0.4,"2026-09-14",555,"N20","nominal","2.0NRT",294.38,17.71,"D"
"653",57.61654,105.68671,340.52,0.47,0.4,"2026-09-14",555,"N20","nominal","2.0NRT",290.81,5.74,"D"
"654",57.8765,105.88897,336.11,0.48,0.4,"2026-09-14",555,"N20","nominal","2.0NRT",281.2,5.52,"D"
"655",58.14069,107.10557,327.17,0.53,0.42,"2026-09-14",555,"N20","nominal","2.0NRT",290.19,2.47,"D"
"656",58.29393,106.92025,343.71,0.52,0.42,"2026-09-14",555,"N20","nominal","2.0NRT",291.36,8.81,"D"
"657",58.42136,107.58298,327.12,0.55,0.42,"2026-09-14",555,"N20","nominal","2.0NRT",284.65,12.55,"D"
"658",58.44719,107.60451,337.45,0.55,0.43,"2026-09-14",555,"N20","nominal","2.0NRT",299.4,22.42,"D"
"659",58.47959,107.02631,340.26,0.53,0.42,"2026-09-14",557,"N20","nominal","2.0NRT",291.07,11.93,"D"
"660",55.79879,90.47343,326.45,0.41,0.45,"2026-09-14",557,"N20","nominal","2.0NRT",279.75,3.41,"D"
"661",55.7973,90.46736,336.89,0.41,0.45,"2026-09-14",557,"N20","nominal","2.0NRT",280,3.41,"D"
"662",55.7958,90.46129,347.88,0.41,0.45,"2026-09-14",557,"N20","nominal","2.0NRT",281.16,5.64,"D"
"663",55.7943,90.45523,342.67,0.41,0.45,"2026-09-14",557,"N20","nominal","2.0NRT",280.56,5.64,"D"
"664",55.83353,90.14387,350.54,0.42,0.45,"2026-09-14",557,"N20","nominal","2.0NRT",276.93,5.23,"D"
"665",55.83737,90.14085,330.79,0.42,0.45,"2026-09-14",557,"N20","nominal","2.0NRT",275.88,5.23,"D"
"666",55.87735,90.26465,340.65,0.42,0.45,"2026-09-14",557,"N20","nominal","2.0NRT",267.77,8.12,"D"
"667",55.83449,89.99393,340.26,0.43,0.46,"2026-09-14",557,"N20","nominal","2.0NRT",276.98,5.49,"D"
"668",55.8329,89.98771,339.63,0.43,0.46,"2026-09-14",557,"N20","nominal","2.0NRT",278.01,6.09,"D"
"669",55.83586,89.9629,340.79,0.43,0.46,"2026-09-14",557,"N20","nominal","2.0NRT",276.58,5.14,"D"
"670",55.83971,89.95981,340.41,0.43,0.46,"2026-09-14",557,"N20","nominal","2.0NRT",274.98,5.51,"D"
"671",56.00299,89.29834,326.3,0.44,0.46,"2026-09-14",557,"N20","nominal","2.0NRT",276.16,2.31,"D"
"672",59.6357,108.1228,337.39,0.39,0.44,"2026-09-14",557,"N20","nominal","2.0NRT",287.37,2.52,"D"
"673",59.80315,109.42911,341.81,0.43,0.46,"2026-09-14",557,"N20","nominal","2.0NRT",293.65,28.81,"D"
"674",59.7851,108.19241,336.49,0.4,0.44,"2026-09-14",557,"N20","nominal","2.0NRT",289.85,12.75,"D"
"675",59.84294,108.40276,337.4,0.4,0.44,"2026-09-14",557,"N20","nominal","2.0NRT",285.97,2.56,"D"
"676",58.15296,95.14095,345.21,0.42,0.37,"2026-09-14",557,"N20","nominal","2.0NRT",293.55,5.13,"D"
"677",60.14655,109.10147,337.1,0.43,0.46,"2026-09-14",557,"N20","nominal","2.0NRT",286.03,18.84,"D"
"678",60.14601,109.09361,335.22,0.43,0.46,"2026-09-14",557,"N20","nominal","2.0NRT",300.53,18.84,"D"
"679",60.4761,109.88219,338.83,0.46,0.47,"2026-09-14",557,"N20","nominal","2.0NRT",287.03,18.39,"D"
"680",60.4654,109.71626,334.83,0.45,0.47,"2026-09-14",557,"N20","nominal","2.0NRT",287.4,8.67,"D"
"681",60.47663,109.88213,337.97,0.46,0.47,"2026-09-14",557,"N20","nominal","2.0NRT",285.75,10.98,"D"
"682",60.92129,112.11762,336.74,0.55,0.51,"2026-09-14",557,"N20","nominal","2.0NRT",282.24,4.63,"D"
"683",60.92231,112.11813,337.07,0.55,0.51,"2026-09-14",557,"N20","nominal","2.0NRT",279.53,8.37,"D"
"684",60.94662,112.02226,347.01,0.54,0.51,"2026-09-14",557,"N20","nominal","2.0NRT",275.09,8.11,"D"
"685",61.34329,112.80875,352.81,0.58,0.52,"2026-09-14",557,"N20","nominal","2.0NRT",287.04,35.91,"D"
"686",61.34814,112.80798,352.03,0.58,0.52,"2026-09-14",557,"N20","nominal","2.0NRT",293.64,57.87,"D"
"687",61.40291,112.89407,339.64,0.59,0.53,"2026-09-14",557,"N20","nominal","2.0NRT",274.55,9.45,"D"
"688",61.5423,113.16918,350.64,0.6,0.53,"2026-09-14",557,"N20","nominal","2.0NRT",269.81,11.56,"D"
"689",60.43434,97.7999,329.11,0.38,0.36,"2026-09-14",557,"N20","nominal","2.0NRT",291.2,5.28,"D"
"690",60.43752,97.79787,329.77,0.38,0.36,"2026-09-14",557,"N20","nominal","2.0NRT",290.07,3.7,"D"
"691",60.39841,97.48214,333.84,0.38,0.36,"2026-09-14",557,"N20","nominal","2.0NRT",291.22,2.65,"D"
"692",60.44091,97.55107,340.07,0.38,0.36,"2026-09-14",557,"N20","nominal","2.0NRT",298.33,24.73,"D"
"693",60.44715,97.15247,327.41,0.38,0.36,"2026-09-14",557,"N20","nominal","2.0NRT",291.82,12.77,"D"
"694",60.49231,97.41289,330.81,0.38,0.36,"2026-09-14",557,"N20","nominal","2.0NRT",294.14,5.23,"D"
"695",60.42715,96.5157,346.66,0.39,0.36,"2026-09-14",557,"N20","nominal","2.0NRT",293.06,45.13,"D"
"696",60.43033,96.51353,337.45,0.39,0.36,"2026-09-14",557,"N20","nominal","2.0NRT",283.13,45.13,"D"
"697",60.43322,96.25622,342,0.39,0.36,"2026-09-14",557,"N20","nominal","2.0NRT",288.68,30.18,"D"
"698",60.43209,96.24948,336.46,0.39,0.36,"2026-09-14",557,"N20","nominal","2.0NRT",291.16,30.18,"D"
"699",60.4364,96.25409,339.97,0.39,0.36,"2026-09-14",557,"N20","nominal","2.0NRT",303.41,30.18,"D"
"700",60.43958,96.25193,352.03,0.39,0.36,"2026-09-14",557,"N20","nominal","2.0NRT",287.6,10.85,"D"
"701",60.84348,97.35252,342.89,0.38,0.36,"2026-09-14",557,"N20","nominal","2.0NRT",300.27,23.48,"D"
"702",57.36455,80.2802,325.45,0.39,0.6,"2026-09-14",557,"N20","nominal","2.0NRT",291.32,5.45,"D"
"703",57.38233,80.2748,325.64,0.39,0.6,"2026-09-14",557,"N20","nominal","2.0NRT",288.66,4.76,"D"
"704",63.72538,107.0603,325.18,0.41,0.45,"2026-09-14",557,"N20","nominal","2.0NRT",286.45,2.59,"D"
"705",60.58253,78.73092,340.32,0.32,0.55,"2026-09-14",557,"N20","nominal","2.0NRT",286.99,2.13,"D"
"706",60.58088,78.72595,326.94,0.32,0.55,"2026-09-14",557,"N20","nominal","2.0NRT",286.03,2.13,"D"
"707",60.58258,78.7311,344.14,0.32,0.55,"2026-09-14",557,"N20","nominal","2.0NRT",287.27,4.12,"D"
"708",60.80095,78.5389,326.8,0.32,0.55,"2026-09-14",557,"N20","nominal","2.0NRT",288.94,1.38,"D"
"709",63.46917,76.77563,326.35,0.55,0.51,"2026-09-14",559,"N20","nominal","2.0NRT",285.44,2.18,"D"
"710",64.41634,77.70856,338.26,0.48,0.48,"2026-09-14",559,"N20","nominal","2.0NRT",287.92,3.42,"D"
"711",69.28035,109.56522,329.88,0.55,0.51,"2026-09-14",559,"N20","nominal","2.0NRT",274.55,4.46,"D"
"712",64.71233,75.12949,337.97,0.53,0.5,"2026-09-14",559,"N20","nominal","2.0NRT",288.77,7.1,"D"
"713",64.70995,75.03307,327.08,0.53,0.5,"2026-09-14",559,"N20","nominal","2.0NRT",288.08,10.23,"D"
"714",64.71737,75.0197,336.71,0.53,0.5,"2026-09-14",559,"N20","nominal","2.0NRT",287.87,8.33,"D"
"715",64.71441,75.01074,330.38,0.54,0.5,"2026-09-14",559,"N20","nominal","2.0NRT",286.54,3.3,"D"
"716",64.89381,75.25451,332.41,0.52,0.5,"2026-09-14",559,"N20","nominal","2.0NRT",286.91,2.36,"D"
"717",64.88598,75.21277,341.58,0.52,0.5,"2026-09-14",559,"N20","nominal","2.0NRT",288.18,5.31,"D"
"718",64.88098,75.17968,340.92,0.52,0.5,"2026-09-14",559,"N20","nominal","2.0NRT",287.54,10.22,"D"
"719",64.8904,75.19064,347.84,0.52,0.5,"2026-09-14",559,"N20","nominal","2.0NRT",288.02,8.28,"D"
"720",64.88751,75.18181,345.6,0.52,0.5,"2026-09-14",559,"N20","nominal","2.0NRT",289.07,8.28,"D"
"721",64.88464,75.17301,355.63,0.52,0.5,"2026-09-14",559,"N20","nominal","2.0NRT",290.11,10.22,"D"
"722",64.82613,74.85184,331.09,0.53,0.5,"2026-09-14",559,"N20","nominal","2.0NRT",287.01,2.34,"D"
"723",64.8308,74.85072,327.47,0.53,0.5,"2026-09-14",559,"N20","nominal","2.0NRT",285.9,3.56,"D"
"724",64.7552,74.53697,339.61,0.55,0.51,"2026-09-14",559,"N20","nominal","2.0NRT",288.07,6.44,"D"
"725",64.75891,74.53017,334.88,0.55,0.51,"2026-09-14",559,"N20","nominal","2.0NRT",287.79,6.44,"D"
"726",64.57739,73.90961,335.79,0.58,0.52,"2026-09-14",559,"N20","nominal","2.0NRT",287.88,7.08,"D"
"727",67.27227,83.2135,329.04,0.45,0.39,"2026-09-14",559,"N20","nominal","2.0NRT",288.08,1.9,"D"
"728",67.27536,83.20882,330.35,0.45,0.39,"2026-09-14",559,"N20","nominal","2.0NRT",287.1,6.94,"D"
"729",66.5984,80.41511,328.13,0.52,0.41,"2026-09-14",559,"N20","nominal","2.0NRT",286.66,4.09,"D"
"730",64.633,73.76497,343.43,0.58,0.52,"2026-09-14",559,"N20","nominal","2.0NRT",293.67,10.27,"D"
"731",67.28269,83.03956,329.49,0.45,0.39,"2026-09-14",559,"N20","nominal","2.0NRT",290.14,25.1,"D"
"732",66.66837,80.45613,343.27,0.51,0.41,"2026-09-14",559,"N20","nominal","2.0NRT",287.78,9.48,"D"
"733",66.71682,80.50355,327.57,0.51,0.41,"2026-09-14",559,"N20","nominal","2.0NRT",284.86,3.05,"D"
"734",66.70744,80.44871,337.89,0.51,0.41,"2026-09-14",559,"N20","nominal","2.0NRT",289.58,19.5,"D"
"735",66.73349,80.42701,327.44,0.51,0.41,"2026-09-14",559,"N20","nominal","2.0NRT",283.92,4.6,"D"
"736",67.19425,81.9928,329.85,0.47,0.39,"2026-09-14",559,"N20","nominal","2.0NRT",286.72,7.99,"D"
"737",65.85886,76.96205,338.01,0.43,0.46,"2026-09-14",559,"N20","nominal","2.0NRT",288.67,14.85,"D"
"738",65.84016,76.82821,334.85,0.44,0.46,"2026-09-14",559,"N20","nominal","2.0NRT",287.61,3.95,"D"
"739",65.84706,76.81594,335.85,0.44,0.46,"2026-09-14",559,"N20","nominal","2.0NRT",287.2,5.58,"D"
"740",65.84694,76.81643,331.33,0.44,0.46,"2026-09-14",559,"N20","nominal","2.0NRT",286.05,2.16,"D"
"741",66.18784,77.69361,338.36,0.4,0.45,"2026-09-14",559,"N20","nominal","2.0NRT",286.05,2.38,"D"
"742",67.64898,83.21924,327.54,0.44,0.38,"2026-09-14",559,"N20","nominal","2.0NRT",287.18,2.69,"D"
"743",67.71168,83.48368,330.36,0.43,0.38,"2026-09-14",559,"N20","nominal","2.0NRT",292.29,39.75,"D"
"744",67.70971,83.47475,288.17,0.43,0.38,"2026-09-14",559,"N20","low","2.0NRT",293.7,28.93,"D"
"745",67.71473,83.47903,329.77,0.43,0.38,"2026-09-14",559,"N20","nominal","2.0NRT",287.48,3.21,"D"
"746",66.05313,77.00964,329.94,0.42,0.45,"2026-09-14",559,"N20","nominal","2.0NRT",286.61,1.27,"D"
"747",66.24653,76.82974,337.93,0.42,0.45,"2026-09-14",559,"N20","nominal","2.0NRT",284.65,11.55,"D"
"748",66.24991,76.82356,325.39,0.42,0.45,"2026-09-14",559,"N20","nominal","2.0NRT",284.78,11.55,"D"
"749",66.24767,76.81593,334.21,0.42,0.45,"2026-09-14",559,"N20","nominal","2.0NRT",286.13,11.55,"D"
"750",66.24664,76.82249,337.85,0.42,0.45,"2026-09-14",559,"N20","nominal","2.0NRT",291.99,30.48,"D"
"751",66.30949,76.99987,339.19,0.41,0.45,"2026-09-14",559,"N20","nominal","2.0NRT",291.63,15.89,"D"
"752",66.41838,77.24987,337.24,0.41,0.45,"2026-09-14",559,"N20","nominal","2.0NRT",284.61,5,"D"
"753",66.41624,77.24246,329.31,0.41,0.45,"2026-09-14",559,"N20","nominal","2.0NRT",286.03,5,"D"
"754",66.28053,76.76091,334.24,0.42,0.45,"2026-09-14",559,"N20","nominal","2.0NRT",285.3,3.73,"D"
"755",66.42166,77.08465,335.33,0.41,0.45,"2026-09-14",559,"N20","nominal","2.0NRT",288.32,4.63,"D"
"756",66.56306,77.17207,350.61,0.4,0.44,"2026-09-14",559,"N20","nominal","2.0NRT",287.84,12.33,"D"
"757",68.2064,83.45264,326.88,0.42,0.38,"2026-09-14",559,"N20","nominal","2.0NRT",284.31,4.02,"D"
"758",66.62669,77.02319,337.55,0.4,0.44,"2026-09-14",559,"N20","nominal","2.0NRT",285.43,11.37,"D"
"759",66.54953,76.70476,325.78,0.41,0.45,"2026-09-14",559,"N20","nominal","2.0NRT",284.86,1.32,"D"
"760",66.66173,76.84719,337.1,0.4,0.45,"2026-09-14",559,"N20","nominal","2.0NRT",286.17,4.65,"D"
"761",68.41554,83.6301,327.3,0.42,0.37,"2026-09-14",559,"N20","nominal","2.0NRT",283.41,9.24,"D"
"762",66.33139,75.47878,332.8,0.44,0.46,"2026-09-14",559,"N20","nominal","2.0NRT",285.69,3.64,"D"
"763",66.32647,75.46275,344.33,0.45,0.47,"2026-09-14",559,"N20","nominal","2.0NRT",287.08,5.13,"D"
"764",69.36903,88.1196,326.61,0.38,0.36,"2026-09-14",559,"N20","nominal","2.0NRT",283.87,2.76,"D"
"765",67.84448,79.82612,326.28,0.49,0.4,"2026-09-14",559,"N20","nominal","2.0NRT",284.28,2.39,"D"
"766",67.01187,76.19081,327,0.4,0.44,"2026-09-14",559,"N20","nominal","2.0NRT",285.44,3.01,"D"
"767",66.90309,75.61234,338.35,0.42,0.45,"2026-09-14",559,"N20","nominal","2.0NRT",285.79,2.55,"D"
"768",66.90643,75.6059,336.58,0.42,0.45,"2026-09-14",559,"N20","nominal","2.0NRT",289.26,13.62,"D"
"769",66.95364,75.54362,350.35,0.42,0.45,"2026-09-14",559,"N20","nominal","2.0NRT",290.75,8.14,"D"
"770",68.71367,80.53236,328.98,0.45,0.39,"2026-09-14",559,"N20","nominal","2.0NRT",282.36,2.84,"D"
"771",67.28735,75.11562,329.4,0.41,0.45,"2026-09-14",559,"N20","nominal","2.0NRT",285.72,2.61,"D"
"772",66.20042,70.99043,343.22,0.56,0.51,"2026-09-14",559,"N20","nominal","2.0NRT",284.81,6.78,"D"
"773",67.80703,72.53522,339.58,0.44,0.46,"2026-09-14",601,"N20","nominal","2.0NRT",284.36,38.29,"D"
"774",67.80446,72.52721,354.3,0.44,0.46,"2026-09-14",601,"N20","nominal","2.0NRT",305.54,38.29,"D"
"775",67.80773,72.51988,341.25,0.44,0.46,"2026-09-14",601,"N20","nominal","2.0NRT",287.73,38.29,"D"
"776",65.04685,56.67433,327.22,0.6,0.71,"2026-09-14",601,"N20","nominal","2.0NRT",285.01,5.75,"D"
"777",65.04235,56.66684,327.66,0.6,0.71,"2026-09-14",601,"N20","nominal","2.0NRT",285.89,5.87,"D"
"778",65.04655,56.67043,337.08,0.6,0.71,"2026-09-14",601,"N20","nominal","2.0NRT",285.18,6.23,"D"
"779",68.5993,57.99566,337.87,0.36,0.57,"2026-09-14",601,"N20","nominal","2.0NRT",284.83,2.8,"D"
"780",68.1684,55.36047,341.19,0.41,0.61,"2026-09-14",601,"N20","nominal","2.0NRT",286.14,3.85,"D"
"781",69.26579,57.29054,344.14,0.33,0.55,"2026-09-14",601,"N20","nominal","2.0NRT",282.67,3.07,"D"
"782",31.06017,74.48428,331.28,0.34,0.56,"2026-09-14",731,"N20","nominal","2.0NRT",294.98,1.86,"D"
"783",31.12562,74.64755,345.55,0.33,0.56,"2026-09-14",731,"N20","nominal","2.0NRT",295.32,4.55,"D"
"784",31.33463,74.84099,367,0.32,0.55,"2026-09-14",731,"N20","high","2.0NRT",294.8,7.82,"D"
"785",31.67763,75.00666,336.6,0.62,0.54,"2026-09-14",731,"N20","nominal","2.0NRT",292.92,8.17,"D"
"786",31.70946,74.51023,346,0.33,0.55,"2026-09-14",731,"N20","nominal","2.0NRT",294.4,3.99,"D"
"787",34.30787,73.85091,325.83,0.63,0.54,"2026-09-14",731,"N20","nominal","2.0NRT",295.22,5.89,"D"
"788",34.30952,73.84903,331.02,0.63,0.54,"2026-09-14",731,"N20","nominal","2.0NRT",295.64,5.9,"D"
"789",37.30674,79.84535,345.05,0.43,0.38,"2026-09-14",731,"N20","nominal","2.0NRT",307.89,8.97,"D"
"790",40.03596,83.05337,341.71,0.39,0.36,"2026-09-14",733,"N20","low","2.0NRT",315.12,6.28,"D"
"791",13.00628,76.33424,332.81,0.64,0.72,"2026-09-14",726,"N20","nominal","2.0NRT",294.19,6.84,"D"
"792",40.31291,83.59072,340.15,0.4,0.37,"2026-09-14",733,"N20","low","2.0NRT",313.89,4.35,"D"
"793",13.7262,78.37474,338.71,0.45,0.63,"2026-09-14",726,"N20","nominal","2.0NRT",294.68,5.2,"D"
"794",41.83219,81.78929,339.26,0.39,0.36,"2026-09-14",733,"N20","nominal","2.0NRT",308.89,3.01,"D"
"795",13.99228,78.13817,330.44,0.47,0.64,"2026-09-14",726,"N20","nominal","2.0NRT",296.45,2.38,"D"
"796",40.31353,73.43855,330.66,0.47,0.48,"2026-09-14",733,"N20","nominal","2.0NRT",300.27,1.62,"D"
"797",13.86769,77.41703,333.07,0.52,0.67,"2026-09-14",726,"N20","nominal","2.0NRT",299.56,2.31,"D"
"798",43.67699,95.02215,346.41,0.46,0.64,"2026-09-14",733,"N20","low","2.0NRT",319.32,7.33,"D"
"799",15.77378,80.35506,339.5,0.61,0.53,"2026-09-14",726,"N20","nominal","2.0NRT",297.86,5.65,"D"
"800",15.77269,80.34946,332.88,0.61,0.54,"2026-09-14",726,"N20","nominal","2.0NRT",297.04,5.65,"D"
"801",43.85376,87.32015,336.58,0.39,0.44,"2026-09-14",733,"N20","nominal","2.0NRT",305.82,1.8,"D"
"802",18.49056,98.55073,327.72,0.44,0.62,"2026-09-14",726,"N20","nominal","2.0NRT",288.61,2.52,"D"
"803",40.65623,69.16677,335.57,0.38,0.59,"2026-09-14",733,"N20","nominal","2.0NRT",296.31,4.8,"D"
"804",15.82252,79.83504,331.43,0.33,0.55,"2026-09-14",726,"N20","nominal","2.0NRT",296.42,1.17,"D"
"805",15.33649,77.07091,335.28,0.52,0.66,"2026-09-14",726,"N20","nominal","2.0NRT",301.57,3.2,"D"
"806",44.18507,86.04904,330.5,0.52,0.41,"2026-09-14",733,"N20","nominal","2.0NRT",298.95,3.77,"D"
"807",15.44206,76.75722,334.14,0.54,0.68,"2026-09-14",729,"N20","nominal","2.0NRT",301.45,8.24,"D"
"808",43.19606,76.88103,331.38,0.45,0.39,"2026-09-14",733,"N20","low","2.0NRT",301.92,3.15,"D"
"809",15.37245,75.97004,344,0.61,0.71,"2026-09-14",729,"N20","nominal","2.0NRT",297.95,8.72,"D"
"810",16.31328,78.44664,330.84,0.4,0.6,"2026-09-14",729,"N20","nominal","2.0NRT",293.75,2.49,"D"
"811",43.91115,81.02948,340.19,0.39,0.36,"2026-09-14",733,"N20","nominal","2.0NRT",308.6,4.07,"D"
"812",16.76907,79.8007,336.26,0.32,0.54,"2026-09-14",729,"N20","nominal","2.0NRT",285.51,3.38,"D"
"813",17.60026,83.18597,332.11,0.56,0.43,"2026-09-14",729,"N20","nominal","2.0NRT",295.73,8.15,"D"
"814",43.44073,77.47982,340.4,0.43,0.38,"2026-09-14",733,"N20","nominal","2.0NRT",309.86,23.95,"D"
"815",21.41554,98.02284,340.14,0.44,0.62,"2026-09-14",729,"N20","nominal","2.0NRT",287.31,4.43,"D"
"816",21.41124,98.0248,346.29,0.44,0.62,"2026-09-14",729,"N20","nominal","2.0NRT",290.69,5.32,"D"
"817",43.4475,77.47739,334.96,0.43,0.38,"2026-09-14",733,"N20","low","2.0NRT",307.21,1.44,"D"
"818",20.76038,85.29754,332.34,0.41,0.37,"2026-09-14",729,"N20","low","2.0NRT",299.6,6.72,"D"
"819",43.52898,77.41856,337.53,0.43,0.38,"2026-09-14",733,"N20","low","2.0NRT",312.07,47.61,"D"
"820",20.80654,85.25679,334.62,0.41,0.37,"2026-09-14",729,"N20","nominal","2.0NRT",298.33,6.6,"D"
"821",22.61816,99.73431,330.3,0.59,0.7,"2026-09-14",729,"N20","nominal","2.0NRT",286.59,3.43,"D"
"822",22.6191,99.73309,329.69,0.59,0.7,"2026-09-14",729,"N20","nominal","2.0NRT",285.7,3.09,"D"
"823",43.53332,77.42252,335.73,0.43,0.38,"2026-09-14",733,"N20","nominal","2.0NRT",304.76,6.35,"D"
"824",22.55189,98.32656,328.93,0.47,0.64,"2026-09-14",729,"N20","nominal","2.0NRT",291.86,2.82,"D"
"825",22.71582,99.64108,337.42,0.58,0.7,"2026-09-14",729,"N20","nominal","2.0NRT",288.26,4.74,"D"
"826",43.53237,77.41737,352.27,0.43,0.38,"2026-09-14",733,"N20","nominal","2.0NRT",311.11,6.35,"D"
"827",20.96446,85.19142,335.87,0.41,0.37,"2026-09-14",729,"N20","low","2.0NRT",294.96,4.19,"D"
"828",20.96382,85.1875,340.46,0.41,0.37,"2026-09-14",729,"N20","nominal","2.0NRT",296.01,4.19,"D"
"829",43.5416,77.40864,335.12,0.43,0.38,"2026-09-14",733,"N20","nominal","2.0NRT",305.25,2.26,"D"
"830",20.96188,85.17567,330.55,0.42,0.37,"2026-09-14",729,"N20","low","2.0NRT",292.96,7.25,"D"
"831",20.96415,85.16737,330.24,0.42,0.37,"2026-09-14",729,"N20","low","2.0NRT",295.53,6.18,"D"
"832",43.6236,77.03777,337.92,0.44,0.38,"2026-09-14",733,"N20","nominal","2.0NRT",308.19,7.46,"D"
"833",20.96953,85.17858,332.44,0.41,0.37,"2026-09-14",729,"N20","low","2.0NRT",294.49,5.06,"D"
"834",20.96887,85.17462,344.28,0.42,0.37,"2026-09-14",729,"N20","nominal","2.0NRT",296.5,11.07,"D"
"835",40.31392,63.73466,331.9,0.72,0.75,"2026-09-14",733,"N20","nominal","2.0NRT",302.29,4.04,"D"
"836",22.7169,99.63846,327.24,0.58,0.7,"2026-09-14",729,"N20","nominal","2.0NRT",289.27,3.38,"D"
"837",22.80796,98.0243,330.84,0.46,0.63,"2026-09-14",729,"N20","nominal","2.0NRT",291.92,3.28,"D"
"838",40.34457,63.68939,354.51,0.72,0.76,"2026-09-14",733,"N20","nominal","2.0NRT",304.42,11.44,"D"
"839",22.80723,98.02246,340.08,0.46,0.63,"2026-09-14",729,"N20","nominal","2.0NRT",292.24,3.46,"D"
"840",23.05368,97.74936,367,0.44,0.62,"2026-09-14",729,"N20","high","2.0NRT",293.77,8.66,"D"
"841",21.18651,81.39293,327.52,0.42,0.45,"2026-09-14",729,"N20","nominal","2.0NRT",296.12,5.23,"D"
"842",43.09838,73.80862,344.13,0.39,0.44,"2026-09-14",733,"N20","nominal","2.0NRT",310.61,2.96,"D"
"843",21.92598,85.22399,330.49,0.41,0.37,"2026-09-14",729,"N20","low","2.0NRT",300.67,4.47,"D"
"844",40.34642,63.6914,353.12,0.72,0.75,"2026-09-14",733,"N20","nominal","2.0NRT",303.09,10.18,"D"
"845",21.74111,83.84176,329.9,0.46,0.39,"2026-09-14",729,"N20","low","2.0NRT",300.28,8.82,"D"
"846",43.01421,72.9286,345.86,0.43,0.46,"2026-09-14",733,"N20","nominal","2.0NRT",310.57,6.81,"D"
"847",21.74897,83.84466,337.72,0.46,0.39,"2026-09-14",729,"N20","low","2.0NRT",300.29,13.46,"D"
"848",43.01043,72.92779,338.81,0.43,0.46,"2026-09-14",733,"N20","low","2.0NRT",309.9,2.41,"D"
"849",21.75607,83.84324,332.02,0.46,0.39,"2026-09-14",729,"N20","low","2.0NRT",298.25,4.11,"D"
"850",43.01565,72.93114,349.36,0.43,0.46,"2026-09-14",733,"N20","nominal","2.0NRT",310.74,4.49,"D"
"851",21.76114,83.85121,330.32,0.46,0.39,"2026-09-14",729,"N20","low","2.0NRT",299.72,9.38,"D"
"852",43.0197,72.92944,335.08,0.43,0.46,"2026-09-14",733,"N20","low","2.0NRT",309.95,4.49,"D"
"853",21.75962,83.84253,329.08,0.46,0.39,"2026-09-14",729,"N20","low","2.0NRT",299.47,4.11,"D"
"854",42.31056,69.54525,339.74,0.33,0.55,"2026-09-14",733,"N20","nominal","2.0NRT",304.77,2.92,"D"
"855",22.36448,87.30244,340.49,0.38,0.36,"2026-09-14",729,"N20","nominal","2.0NRT",301.11,6.57,"D"
"856",44.52298,78.78005,339.94,0.39,0.36,"2026-09-14",733,"N20","nominal","2.0NRT",314.04,3,"D"
"857",22.3624,87.01753,331.04,0.38,0.36,"2026-09-14",729,"N20","nominal","2.0NRT",299.91,7.04,"D"
"858",44.86327,78.71978,332.68,0.39,0.36,"2026-09-14",733,"N20","low","2.0NRT",303.75,1.83,"D"
"859",22.66937,88.2926,332.94,0.4,0.37,"2026-09-14",729,"N20","nominal","2.0NRT",297.25,2.69,"D"
"860",42.95811,69.59051,339.57,0.63,0.54,"2026-09-14",733,"N20","nominal","2.0NRT",309.76,10,"D"
"861",23.60655,95.80695,339.73,0.34,0.56,"2026-09-14",729,"N20","nominal","2.0NRT",295.73,2.73,"D"
"862",42.96277,69.58808,354.65,0.63,0.54,"2026-09-14",733,"N20","nominal","2.0NRT",313.67,10,"D"
"863",21.91828,83.35252,338.5,0.48,0.4,"2026-09-14",729,"N20","nominal","2.0NRT",298.83,6.14,"D"
"864",42.96488,69.5879,347.09,0.62,0.54,"2026-09-14",733,"N20","nominal","2.0NRT",310.43,11.31,"D"
"865",21.92191,83.35178,337.88,0.48,0.4,"2026-09-14",729,"N20","nominal","2.0NRT",297.99,6.14,"D"
"866",45.39387,78.7296,340.48,0.39,0.36,"2026-09-14",733,"N20","nominal","2.0NRT",313.5,3.26,"D"
"867",24.26135,99.35976,327.68,0.58,0.69,"2026-09-14",729,"N20","nominal","2.0NRT",293.21,4.43,"D"
"868",43.22134,68.3428,341.47,0.35,0.57,"2026-09-14",733,"N20","nominal","2.0NRT",309.37,0.92,"D"
"869",23.97384,95.82313,332.3,0.34,0.56,"2026-09-14",729,"N20","nominal","2.0NRT",295.96,2.02,"D"
"870",43.22279,68.34316,342.44,0.35,0.57,"2026-09-14",733,"N20","nominal","2.0NRT",311.13,1.12,"D"
"871",24.26292,99.35855,326.71,0.58,0.69,"2026-09-14",729,"N20","nominal","2.0NRT",293.39,4.09,"D"
"872",43.47814,68.45262,345.42,0.34,0.56,"2026-09-14",733,"N20","nominal","2.0NRT",311.72,3.07,"D"
"873",24.00687,95.93203,332.51,0.35,0.56,"2026-09-14",729,"N20","nominal","2.0NRT",294.86,1.8,"D"
"874",46.9768,89.86545,346.88,0.55,0.51,"2026-09-14",733,"N20","nominal","2.0NRT",310.83,11.72,"D"
"875",24.29748,93.71398,339.7,0.5,0.49,"2026-09-14",729,"N20","nominal","2.0NRT",294.87,7.95,"D"
"876",46.19332,81.213,338.69,0.39,0.36,"2026-09-14",735,"N20","low","2.0NRT",309.15,10.02,"D"
"877",24.29694,93.70903,333.51,0.5,0.49,"2026-09-14",729,"N20","nominal","2.0NRT",296.18,7.95,"D"
"878",46.19733,81.21708,340.57,0.39,0.36,"2026-09-14",735,"N20","low","2.0NRT",314.93,18.84,"D"
"879",24.29876,93.71069,348.55,0.5,0.49,"2026-09-14",729,"N20","nominal","2.0NRT",296.22,14.63,"D"
"880",47.57801,81.30701,344.94,0.4,0.37,"2026-09-14",735,"N20","nominal","2.0NRT",311.33,9.67,"D"
"881",23.58181,86.72641,333.7,0.38,0.36,"2026-09-14",729,"N20","nominal","2.0NRT",300.71,4.53,"D"
"882",47.58279,81.31665,349.69,0.4,0.37,"2026-09-14",735,"N20","low","2.0NRT",323.21,43.77,"D"
"883",47.58207,81.31136,355.93,0.4,0.37,"2026-09-14",735,"N20","nominal","2.0NRT",314.42,9.67,"D"
"884",23.66371,87.15732,332.04,0.39,0.36,"2026-09-14",729,"N20","nominal","2.0NRT",299.37,2.67,"D"
"885",47.58612,81.31567,346.15,0.4,0.37,"2026-09-14",735,"N20","nominal","2.0NRT",314.74,35.82,"D"
"886",23.66315,87.15356,334.41,0.39,0.36,"2026-09-14",729,"N20","nominal","2.0NRT",300.1,2.67,"D"
"887",47.731,80.98384,347.46,0.4,0.37,"2026-09-14",735,"N20","nominal","2.0NRT",308.7,6.33,"D"
"888",46.81977,74.94259,334.3,0.46,0.39,"2026-09-14",735,"N20","low","2.0NRT",305.5,6.84,"D"
"889",23.68909,87.09878,330.64,0.39,0.36,"2026-09-14",729,"N20","low","2.0NRT",301.73,3.82,"D"
"890",48.54828,86.56322,335.68,0.4,0.45,"2026-09-14",735,"N20","nominal","2.0NRT",304.39,3.05,"D"
"891",23.67817,86.39843,341.07,0.38,0.36,"2026-09-14",729,"N20","nominal","2.0NRT",302.81,9.2,"D"
"892",47.9915,80.4073,342.64,0.39,0.36,"2026-09-14",735,"N20","nominal","2.0NRT",311.04,10.93,"D"
"893",23.68417,86.39351,348.25,0.38,0.36,"2026-09-14",729,"N20","nominal","2.0NRT",302.5,9.73,"D"
"894",48.69955,83.10235,345.26,0.45,0.39,"2026-09-14",735,"N20","nominal","2.0NRT",313.15,13.21,"D"
"895",23.6817,86.09404,336.79,0.39,0.36,"2026-09-14",729,"N20","nominal","2.0NRT",299.71,4.63,"D"
"896",48.69883,83.09624,355.18,0.45,0.39,"2026-09-14",735,"N20","nominal","2.0NRT",318.24,9.02,"D"
"897",23.73768,86.43369,340.67,0.38,0.36,"2026-09-14",729,"N20","nominal","2.0NRT",296.56,2.75,"D"
"898",48.69812,83.09011,354.08,0.45,0.39,"2026-09-14",735,"N20","nominal","2.0NRT",318.38,9.02,"D"
"899",23.77256,86.19659,333.33,0.39,0.36,"2026-09-14",729,"N20","nominal","2.0NRT",300.82,6.94,"D"
"900",48.70381,83.10751,353.21,0.45,0.39,"2026-09-14",735,"N20","nominal","2.0NRT",318.85,13.21,"D"
"901",23.77818,86.21096,345.7,0.38,0.36,"2026-09-14",729,"N20","nominal","2.0NRT",300.72,8.81,"D"
"902",48.7031,83.1014,353.36,0.45,0.39,"2026-09-14",735,"N20","nominal","2.0NRT",315.31,13.21,"D"
"903",23.78147,86.21036,334.04,0.38,0.36,"2026-09-14",729,"N20","nominal","2.0NRT",299.88,3.98,"D"
"904",48.70238,83.09529,355.17,0.45,0.39,"2026-09-14",735,"N20","nominal","2.0NRT",316.93,9.02,"D"
"905",23.75655,85.85595,330.51,0.39,0.36,"2026-09-14",729,"N20","nominal","2.0NRT",299.15,6.25,"D"
"906",48.70167,83.08916,341.22,0.45,0.39,"2026-09-14",735,"N20","low","2.0NRT",315.65,9.02,"D"
"907",24.11526,86.86087,330.01,0.38,0.36,"2026-09-14",729,"N20","nominal","2.0NRT",298.67,1.85,"D"
"908",48.70594,83.09436,340.92,0.45,0.39,"2026-09-14",735,"N20","low","2.0NRT",312.83,12.31,"D"
"909",27.37669,95.33676,331.75,0.35,0.56,"2026-09-14",731,"N20","nominal","2.0NRT",291.71,1.78,"D"
"910",48.71092,83.10569,337.38,0.45,0.39,"2026-09-14",735,"N20","low","2.0NRT",310.98,39.19,"D"
"911",48.70949,83.09345,353.43,0.45,0.39,"2026-09-14",735,"N20","nominal","2.0NRT",316.84,12.31,"D"
"912",48.70877,83.0873,349.71,0.45,0.39,"2026-09-14",735,"N20","nominal","2.0NRT",316.68,12.31,"D"
"913",48.70733,83.075,338.89,0.45,0.39,"2026-09-14",735,"N20","low","2.0NRT",312.04,7.69,"D"
"914",48.71021,83.09958,367,0.45,0.39,"2026-09-14",735,"N20","low","2.0NRT",335.15,39.19,"D"
"915",48.70382,83.09209,349.32,0.45,0.39,"2026-09-14",735,"N20","nominal","2.0NRT",314.52,16.54,"D"
"916",48.70876,83.10344,343.04,0.45,0.39,"2026-09-14",735,"N20","low","2.0NRT",316.42,21,"D"
"917",48.70807,83.09731,352.4,0.45,0.39,"2026-09-14",735,"N20","low","2.0NRT",323.27,16.54,"D"
"918",48.70737,83.09118,346.12,0.45,0.39,"2026-09-14",735,"N20","nominal","2.0NRT",314.98,16.54,"D"
"919",48.70528,83.07271,336.48,0.45,0.39,"2026-09-14",735,"N20","low","2.0NRT",310.68,3.25,"D"
"920",48.71162,83.09641,343.15,0.45,0.39,"2026-09-14",735,"N20","low","2.0NRT",317.24,14.82,"D"
"921",48.71093,83.09026,350.14,0.45,0.39,"2026-09-14",735,"N20","nominal","2.0NRT",316.07,14.82,"D"
"922",48.71023,83.08409,352.62,0.45,0.39,"2026-09-14",735,"N20","nominal","2.0NRT",320.26,19.2,"D"
"923",48.70953,83.07793,343.61,0.45,0.39,"2026-09-14",735,"N20","low","2.0NRT",313.78,19.2,"D"
"924",48.71449,83.08934,336.47,0.45,0.39,"2026-09-14",735,"N20","nominal","2.0NRT",310.3,14.82,"D"
"925",48.71378,83.08318,351.28,0.45,0.39,"2026-09-14",735,"N20","nominal","2.0NRT",315.78,19.2,"D"
"926",48.55106,76.01118,334.53,0.41,0.37,"2026-09-14",735,"N20","low","2.0NRT",307.33,8.98,"D"
"927",49.15153,74.71839,367,0.43,0.38,"2026-09-14",735,"N20","high","2.0NRT",331.68,73.09,"D"
"928",49.15045,74.71266,367,0.43,0.38,"2026-09-14",735,"N20","high","2.0NRT",308.44,23.15,"D"
"929",49.15368,74.72982,339.44,0.43,0.38,"2026-09-14",735,"N20","nominal","2.0NRT",312.66,56.38,"D"
"930",49.1526,74.72409,351.66,0.43,0.38,"2026-09-14",735,"N20","nominal","2.0NRT",312.6,73.09,"D"
"931",49.15273,74.70539,367,0.43,0.38,"2026-09-14",735,"N20","high","2.0NRT",313.93,14.54,"D"
"932",49.15705,74.72832,347.24,0.43,0.38,"2026-09-14",735,"N20","nominal","2.0NRT",303.84,11.07,"D"
"933",49.15597,74.7226,352.56,0.43,0.38,"2026-09-14",735,"N20","nominal","2.0NRT",307.03,18.81,"D"
"934",49.1549,74.71691,351.7,0.43,0.38,"2026-09-14",735,"N20","nominal","2.0NRT",312.88,18.81,"D"
"935",49.15382,74.71118,352.92,0.43,0.38,"2026-09-14",735,"N20","nominal","2.0NRT",317.41,14.54,"D"
"936",49.15165,74.69969,353.15,0.43,0.38,"2026-09-14",735,"N20","nominal","2.0NRT",309.9,6.92,"D"
"937",49.15826,74.71539,344.08,0.43,0.38,"2026-09-14",735,"N20","nominal","2.0NRT",301.21,18.81,"D"
"938",49.15718,74.70965,341.99,0.43,0.38,"2026-09-14",735,"N20","nominal","2.0NRT",304.94,14.54,"D"
"939",49.1561,74.70388,347.67,0.43,0.38,"2026-09-14",735,"N20","nominal","2.0NRT",308.98,14.54,"D"
"940",49.15502,74.69816,334.63,0.43,0.38,"2026-09-14",735,"N20","nominal","2.0NRT",305.37,6.92,"D"
"941",49.15395,74.69244,340.94,0.43,0.38,"2026-09-14",735,"N20","nominal","2.0NRT",304.99,6.92,"D"
"942",49.15286,74.68672,352.71,0.43,0.38,"2026-09-14",735,"N20","nominal","2.0NRT",305.87,4.54,"D"
"943",49.15179,74.68102,333.04,0.43,0.38,"2026-09-14",735,"N20","nominal","2.0NRT",301.25,4.54,"D"
"944",49.16055,74.70811,355.91,0.43,0.38,"2026-09-14",735,"N20","nominal","2.0NRT",306.79,8.77,"D"
"945",49.15947,74.70236,331.98,0.43,0.38,"2026-09-14",735,"N20","nominal","2.0NRT",303.3,8.77,"D"
"946",49.15839,74.69664,337.41,0.43,0.38,"2026-09-14",735,"N20","nominal","2.0NRT",302.59,3.92,"D"
"947",49.15516,74.67949,331.47,0.43,0.38,"2026-09-14",735,"N20","low","2.0NRT",302.66,3.79,"D"
"948",50.01835,78.74006,335.89,0.39,0.36,"2026-09-14",735,"N20","low","2.0NRT",309.57,3.17,"D"
"949",50.03217,78.74068,336.21,0.39,0.36,"2026-09-14",735,"N20","nominal","2.0NRT",308.18,2.05,"D"
"950",50.3975,80.18229,338.17,0.4,0.37,"2026-09-14",735,"N20","nominal","2.0NRT",305.34,3.9,"D"
"951",49.76396,72.96371,339.5,0.47,0.4,"2026-09-14",735,"N20","nominal","2.0NRT",304.1,8.05,"D"
"952",49.76268,72.95744,347.11,0.47,0.4,"2026-09-14",735,"N20","nominal","2.0NRT",306.55,8.05,"D"
"953",50.38641,74.81648,351.37,0.41,0.37,"2026-09-14",735,"N20","nominal","2.0NRT",310.62,33.82,"D"
"954",50.38537,74.81077,353.59,0.41,0.37,"2026-09-14",735,"N20","nominal","2.0NRT",311.51,35.56,"D"
"955",50.38433,74.80508,345.86,0.41,0.37,"2026-09-14",735,"N20","nominal","2.0NRT",310.17,35.56,"D"
"956",50.3833,74.79945,353.49,0.41,0.37,"2026-09-14",735,"N20","nominal","2.0NRT",306.27,123.08,"D"
"957",50.04007,73.01181,348.59,0.46,0.39,"2026-09-14",735,"N20","nominal","2.0NRT",300.14,12.15,"D"
"958",50.38227,74.79385,367,0.41,0.37,"2026-09-14",735,"N20","low","2.0NRT",357.29,123.08,"D"
"959",50.39078,74.82073,341.36,0.41,0.37,"2026-09-14",735,"N20","nominal","2.0NRT",300.03,19.22,"D"
"960",50.38973,74.815,347.59,0.41,0.37,"2026-09-14",735,"N20","nominal","2.0NRT",317.7,19.22,"D"
"961",50.38869,74.80928,346.45,0.41,0.37,"2026-09-14",735,"N20","nominal","2.0NRT",315.9,24.21,"D"
"962",50.38765,74.80357,355.45,0.41,0.37,"2026-09-14",735,"N20","nominal","2.0NRT",305.89,24.21,"D"
"963",50.38661,74.79792,353.1,0.41,0.37,"2026-09-14",735,"N20","nominal","2.0NRT",317.53,38.89,"D"
"964",50.38558,74.7923,347.71,0.41,0.37,"2026-09-14",735,"N20","low","2.0NRT",321.21,38.89,"D"
"965",50.38457,74.78674,350.89,0.41,0.37,"2026-09-14",735,"N20","nominal","2.0NRT",306.17,8.35,"D"
"966",50.38354,74.78117,333.8,0.41,0.37,"2026-09-14",735,"N20","nominal","2.0NRT",299.39,8.35,"D"
"967",50.39618,74.83065,354.26,0.41,0.37,"2026-09-14",735,"N20","nominal","2.0NRT",303.09,18.7,"D"
"968",50.39514,74.82496,351.35,0.41,0.37,"2026-09-14",735,"N20","nominal","2.0NRT",300.76,18.7,"D"
"969",50.39409,74.81924,333.48,0.41,0.37,"2026-09-14",735,"N20","nominal","2.0NRT",295.4,19.22,"D"
"970",50.39305,74.8135,350.74,0.41,0.37,"2026-09-14",735,"N20","nominal","2.0NRT",307.33,19.22,"D"
"971",50.392,74.80778,350.83,0.41,0.37,"2026-09-14",735,"N20","nominal","2.0NRT",317.66,24.21,"D"
"972",50.39096,74.80207,347.68,0.41,0.37,"2026-09-14",735,"N20","nominal","2.0NRT",303.79,24.21,"D"
"973",50.38992,74.7964,343.81,0.41,0.37,"2026-09-14",735,"N20","nominal","2.0NRT",303.48,38.89,"D"
"974",50.38582,74.774,350.8,0.41,0.37,"2026-09-14",735,"N20","nominal","2.0NRT",300.12,4.92,"D"
"975",50.38478,74.76828,331.47,0.41,0.37,"2026-09-14",735,"N20","nominal","2.0NRT",300,4.92,"D"
"976",50.38373,74.76254,338.09,0.41,0.37,"2026-09-14",735,"N20","nominal","2.0NRT",301.04,3.64,"D"
"977",50.39947,74.82906,367,0.41,0.37,"2026-09-14",735,"N20","high","2.0NRT",299.57,14.73,"D"
"978",50.40455,74.8569,339.71,0.41,0.37,"2026-09-14",735,"N20","low","2.0NRT",312.15,72.88,"D"
"979",50.40151,74.84026,349.44,0.41,0.37,"2026-09-14",735,"N20","nominal","2.0NRT",298.66,8.03,"D"
"980",50.40049,74.83466,354.13,0.41,0.37,"2026-09-14",735,"N20","nominal","2.0NRT",295.99,8.03,"D"
"981",50.39844,74.82343,352.94,0.41,0.37,"2026-09-14",735,"N20","nominal","2.0NRT",306.95,14.73,"D"
"982",50.3974,74.81773,355.79,0.41,0.37,"2026-09-14",735,"N20","nominal","2.0NRT",304.77,6.72,"D"
"983",50.39636,74.812,350.11,0.41,0.37,"2026-09-14",735,"N20","nominal","2.0NRT",304.56,6.72,"D"
"984",50.39531,74.80627,330.49,0.41,0.37,"2026-09-14",735,"N20","nominal","2.0NRT",299.1,7.21,"D"
"985",50.39428,74.80058,347.38,0.41,0.37,"2026-09-14",735,"N20","nominal","2.0NRT",303.14,7.21,"D"
"986",50.39324,74.7949,351.98,0.41,0.37,"2026-09-14",735,"N20","nominal","2.0NRT",312.32,30.71,"D"
"987",50.39221,74.78928,349.08,0.41,0.37,"2026-09-14",735,"N20","nominal","2.0NRT",314.1,30.71,"D"
"988",50.39119,74.78368,340.04,0.41,0.37,"2026-09-14",735,"N20","nominal","2.0NRT",303.19,5.18,"D"
"989",50.38809,74.76676,330.72,0.41,0.37,"2026-09-14",735,"N20","low","2.0NRT",302.51,3.42,"D"
"990",50.06293,73.06881,335.57,0.46,0.39,"2026-09-14",735,"N20","nominal","2.0NRT",298.11,4.98,"D"
"991",50.06169,73.06263,331.24,0.46,0.39,"2026-09-14",735,"N20","nominal","2.0NRT",296.66,3.34,"D"
"992",50.40887,74.86095,349.93,0.41,0.37,"2026-09-14",735,"N20","nominal","2.0NRT",303.37,72.88,"D"
"993",50.40786,74.85538,349.06,0.41,0.37,"2026-09-14",735,"N20","nominal","2.0NRT",303.11,72.88,"D"
"994",50.40685,74.84984,334.61,0.41,0.37,"2026-09-14",735,"N20","nominal","2.0NRT",294.73,76.87,"D"
"995",50.40481,74.83868,350.56,0.41,0.37,"2026-09-14",735,"N20","nominal","2.0NRT",301.71,8.03,"D"
"996",50.40379,74.83304,334.75,0.41,0.37,"2026-09-14",735,"N20","nominal","2.0NRT",296.48,8.03,"D"
"997",50.40276,74.82745,331.38,0.41,0.37,"2026-09-14",735,"N20","nominal","2.0NRT",296.44,14.73,"D"
"998",50.40072,74.81622,330.33,0.41,0.37,"2026-09-14",735,"N20","nominal","2.0NRT",295.98,6.72,"D"
"999",50.39968,74.81052,349.24,0.41,0.37,"2026-09-14",735,"N20","nominal","2.0NRT",303.85,6.72,"D"
"1000",50.39864,74.8048,352.69,0.41,0.37,"2026-09-14",735,"N20","nominal","2.0NRT",309.17,7.21,"D"
"1001",50.39759,74.79912,336.53,0.41,0.37,"2026-09-14",735,"N20","nominal","2.0NRT",303.74,7.21,"D"
"1002",50.39449,74.78212,332.57,0.41,0.37,"2026-09-14",735,"N20","nominal","2.0NRT",298.04,5.18,"D"
"1003",50.39244,74.77087,332.52,0.41,0.37,"2026-09-14",735,"N20","low","2.0NRT",302.78,3.42,"D"
"1004",50.41015,74.84831,367,0.41,0.37,"2026-09-14",735,"N20","high","2.0NRT",327.65,56.45,"D"
"1005",50.40812,74.83715,367,0.41,0.37,"2026-09-14",735,"N20","high","2.0NRT",303.1,6.91,"D"
"1006",50.40914,74.84275,349.25,0.41,0.37,"2026-09-14",735,"N20","nominal","2.0NRT",305.16,56.45,"D"
"1007",50.40709,74.83151,331.05,0.41,0.37,"2026-09-14",735,"N20","nominal","2.0NRT",297.75,6.91,"D"
"1008",50.40607,74.82592,340.03,0.41,0.37,"2026-09-14",735,"N20","nominal","2.0NRT",299.15,10.04,"D"
"1009",50.40506,74.82034,353.27,0.41,0.37,"2026-09-14",735,"N20","nominal","2.0NRT",303.08,10.04,"D"
"1010",50.403,74.80904,331.47,0.41,0.37,"2026-09-14",735,"N20","nominal","2.0NRT",298.14,4.34,"D"
"1011",50.40092,74.79767,333.39,0.41,0.37,"2026-09-14",735,"N20","nominal","2.0NRT",300.34,4.03,"D"
"1012",50.39988,74.79198,341.39,0.41,0.37,"2026-09-14",735,"N20","nominal","2.0NRT",304.68,5.83,"D"
"1013",50.41346,74.84682,347.49,0.41,0.37,"2026-09-14",735,"N20","nominal","2.0NRT",316.85,56.45,"D"
"1014",50.41245,74.84126,342.7,0.41,0.37,"2026-09-14",735,"N20","nominal","2.0NRT",310.88,56.45,"D"
"1015",50.41143,74.83566,347.86,0.41,0.37,"2026-09-14",735,"N20","nominal","2.0NRT",298,6.91,"D"
"1016",50.4104,74.82999,331.57,0.41,0.37,"2026-09-14",735,"N20","nominal","2.0NRT",296.43,6.91,"D"
"1017",50.40938,74.82439,348.83,0.41,0.37,"2026-09-14",735,"N20","nominal","2.0NRT",298,10.04,"D"
"1018",50.40424,74.79622,331.73,0.41,0.37,"2026-09-14",735,"N20","nominal","2.0NRT",299.39,4.03,"D"
"1019",50.40217,74.78484,343.94,0.41,0.37,"2026-09-14",735,"N20","nominal","2.0NRT",301.52,5.83,"D"
"1020",50.40113,74.77914,336.59,0.41,0.37,"2026-09-14",735,"N20","nominal","2.0NRT",300.44,5.28,"D"
"1021",50.4001,74.77346,343.46,0.41,0.37,"2026-09-14",735,"N20","nominal","2.0NRT",299.63,5.28,"D"
"1022",50.39906,74.7678,352.16,0.41,0.37,"2026-09-14",735,"N20","nominal","2.0NRT",301.84,8.18,"D"
"1023",50.39803,74.76215,329.96,0.41,0.37,"2026-09-14",735,"N20","nominal","2.0NRT",296.85,8.18,"D"
"1024",51.25683,75.63938,331.16,0.39,0.36,"2026-09-14",735,"N20","nominal","2.0NRT",296.92,2.4,"D"
"1025",51.25588,75.63388,328.72,0.39,0.36,"2026-09-14",735,"N20","nominal","2.0NRT",295.33,2.4,"D"
"1026",52.49403,81.85688,332.52,0.46,0.39,"2026-09-14",735,"N20","nominal","2.0NRT",299.97,4.64,"D"
"1027",52.22548,79.54318,335.34,0.4,0.37,"2026-09-14",735,"N20","nominal","2.0NRT",300.79,8.59,"D"
"1028",52.05881,76.88111,327.47,0.38,0.36,"2026-09-14",737,"N20","nominal","2.0NRT",292.5,2.09,"D"
"1029",52.08621,76.85806,331.25,0.38,0.36,"2026-09-14",737,"N20","nominal","2.0NRT",287.79,3.62,"D"
"1030",52.08535,76.85257,326.78,0.38,0.36,"2026-09-14",737,"N20","nominal","2.0NRT",289.98,3.41,"D"
"1031",52.94718,80.44548,342.85,0.42,0.38,"2026-09-14",737,"N20","nominal","2.0NRT",297.79,4.65,"D"
"1032",48.15733,57.14592,342.35,0.75,0.77,"2026-09-14",737,"N20","nominal","2.0NRT",291.74,14.87,"D"
"1033",48.38554,57.42832,330.13,0.72,0.75,"2026-09-14",737,"N20","nominal","2.0NRT",291.32,13.76,"D"
"1034",48.38235,57.41986,354.76,0.72,0.75,"2026-09-14",737,"N20","nominal","2.0NRT",294.01,22.82,"D"
"1035",55.21782,80.22558,330.92,0.44,0.38,"2026-09-14",737,"N20","nominal","2.0NRT",295.6,3.42,"D"
"1036",55.22211,80.23126,330.34,0.44,0.38,"2026-09-14",737,"N20","nominal","2.0NRT",294.16,11.22,"D"
"1037",55.22132,80.22434,355.88,0.44,0.38,"2026-09-14",737,"N20","nominal","2.0NRT",299.72,11.22,"D"
"1038",55.22052,80.21744,348.74,0.44,0.38,"2026-09-14",737,"N20","nominal","2.0NRT",291.69,9.91,"D"
"1039",55.19759,79.3193,340.33,0.42,0.38,"2026-09-14",737,"N20","nominal","2.0NRT",291.11,4.08,"D"
"1040",55.19679,79.31274,337.21,0.42,0.38,"2026-09-14",737,"N20","nominal","2.0NRT",291.43,4.08,"D"
"1041",55.2002,79.31146,328.81,0.42,0.38,"2026-09-14",737,"N20","nominal","2.0NRT",291.61,2.39,"D"
"1042",56.45759,89.41335,329.11,0.63,0.54,"2026-09-14",737,"N20","nominal","2.0NRT",286.15,4.66,"D"
"1043",56.46262,89.41291,331.96,0.63,0.54,"2026-09-14",737,"N20","nominal","2.0NRT",285.32,4.66,"D"
"1044",53.396,61.07336,334.57,0.34,0.56,"2026-09-14",737,"N20","nominal","2.0NRT",290.09,3.58,"D"
"1045",53.39922,61.0648,367,0.34,0.56,"2026-09-14",737,"N20","high","2.0NRT",291.33,8.68,"D"
"1046",53.39782,61.06017,328.14,0.34,0.56,"2026-09-14",737,"N20","nominal","2.0NRT",290.81,5.91,"D"
"1047",53.40001,61.029,345.15,0.34,0.56,"2026-09-14",737,"N20","nominal","2.0NRT",291.9,4.26,"D"
"1048",57.35806,80.15936,334.69,0.46,0.39,"2026-09-14",737,"N20","nominal","2.0NRT",290.03,5.42,"D"
"1049",57.35844,80.15981,333.13,0.46,0.39,"2026-09-14",737,"N20","nominal","2.0NRT",288.48,5.16,"D"
"1050",51.87399,54.75636,326.17,0.66,0.73,"2026-09-14",737,"N20","nominal","2.0NRT",280.93,7.8,"D"
"1051",51.87072,54.74788,356.44,0.66,0.73,"2026-09-14",737,"N20","low","2.0NRT",281.4,7.8,"D"
"1052",51.87559,54.74804,343.75,0.66,0.73,"2026-09-14",737,"N20","nominal","2.0NRT",281.02,11.13,"D"
"1053",53.45588,59.03359,326.92,0.4,0.6,"2026-09-14",737,"N20","nominal","2.0NRT",289.72,3.21,"D"
"1054",60.42581,96.52576,354.62,0.59,0.7,"2026-09-14",737,"N20","nominal","2.0NRT",283.35,70.94,"D"
"1055",60.43337,96.24861,335.75,0.58,0.69,"2026-09-14",737,"N20","nominal","2.0NRT",288.56,23.41,"D"
"1056",60.43306,96.26046,356.08,0.58,0.69,"2026-09-14",737,"N20","low","2.0NRT",286.14,35.36,"D"
"1057",60.43955,96.25968,356.48,0.58,0.69,"2026-09-14",737,"N20","low","2.0NRT",279.56,11.05,"D"
"1058",60.4465,97.15485,351.96,0.62,0.71,"2026-09-14",737,"N20","nominal","2.0NRT",280.96,8.18,"D"
"1059",60.44006,97.55077,355.43,0.64,0.72,"2026-09-14",737,"N20","nominal","2.0NRT",290.91,24.04,"D"
"1060",60.48757,97.41064,328.11,0.63,0.72,"2026-09-14",737,"N20","nominal","2.0NRT",286.61,3.59,"D"
"1061",59.05122,71.86263,325.29,0.39,0.36,"2026-09-14",739,"N20","nominal","2.0NRT",287.49,1.73,"D"
"1062",60.77857,97.07069,353.12,0.61,0.71,"2026-09-14",739,"N20","nominal","2.0NRT",289.37,20.44,"D"
"1063",60.7782,97.0826,356.39,0.61,0.71,"2026-09-14",739,"N20","low","2.0NRT",286.41,19.31,"D"
"1064",60.77522,97.0716,354.09,0.61,0.71,"2026-09-14",739,"N20","nominal","2.0NRT",289.58,28.66,"D"
"1065",60.84555,97.35617,355.96,0.63,0.72,"2026-09-14",739,"N20","nominal","2.0NRT",289.89,16.77,"D"
"1066",59.41177,71.62945,331.05,0.39,0.36,"2026-09-14",739,"N20","nominal","2.0NRT",290.56,6.14,"D"
"1067",59.89294,71.73727,328.75,0.39,0.36,"2026-09-14",739,"N20","nominal","2.0NRT",287.35,13.19,"D"
"1068",61.49268,79.30722,341.36,0.49,0.41,"2026-09-14",739,"N20","nominal","2.0NRT",292.59,6.53,"D"
"1069",55.56475,51.92697,329.44,0.58,0.7,"2026-09-14",739,"N20","nominal","2.0NRT",286.97,4.3,"D"
"1070",60.74617,70.82037,332.04,0.39,0.36,"2026-09-14",739,"N20","nominal","2.0NRT",287.22,9.17,"D"
"1071",59.98941,63.88637,328.83,0.51,0.41,"2026-09-14",739,"N20","nominal","2.0NRT",289.15,3.29,"D"
"1072",55.81599,49.04171,327.97,0.7,0.75,"2026-09-14",739,"N20","nominal","2.0NRT",284.92,3.61,"D"
"1073",64.32124,74.11123,326.31,0.42,0.38,"2026-09-14",739,"N20","nominal","2.0NRT",291.57,3.82,"D"
"1074",64.32796,74.1069,330.41,0.42,0.38,"2026-09-14",739,"N20","nominal","2.0NRT",291.17,4.9,"D"
"1075",64.32693,74.09837,329.09,0.42,0.38,"2026-09-14",739,"N20","nominal","2.0NRT",290.66,3.74,"D"
"1076",64.71265,75.13432,328.61,0.44,0.39,"2026-09-14",739,"N20","nominal","2.0NRT",289.71,3.47,"D"
"1077",64.71163,75.12523,349.55,0.44,0.39,"2026-09-14",739,"N20","nominal","2.0NRT",295.79,24.94,"D"
"1078",64.60038,74.17403,330.24,0.43,0.38,"2026-09-14",739,"N20","nominal","2.0NRT",289.12,2.48,"D"
"1079",64.59828,74.1567,343.05,0.42,0.38,"2026-09-14",739,"N20","nominal","2.0NRT",290.2,6.6,"D"
"1080",64.59724,74.14805,334.43,0.42,0.38,"2026-09-14",739,"N20","nominal","2.0NRT",289.21,3.33,"D"
"1081",64.60166,74.15451,337.34,0.42,0.38,"2026-09-14",739,"N20","nominal","2.0NRT",290.44,6.6,"D"
"1082",64.60062,74.14586,333.54,0.42,0.38,"2026-09-14",739,"N20","nominal","2.0NRT",290.05,3.33,"D"
"1083",64.59957,74.13718,338.2,0.42,0.38,"2026-09-14",739,"N20","nominal","2.0NRT",290.83,3.33,"D"
"1084",64.59748,74.11985,336.22,0.42,0.38,"2026-09-14",739,"N20","nominal","2.0NRT",291.18,5.94,"D"
"1085",64.57121,73.90443,347.27,0.42,0.38,"2026-09-14",739,"N20","nominal","2.0NRT",296.02,20.55,"D"
"1086",64.72061,75.13923,331.36,0.44,0.39,"2026-09-14",739,"N20","nominal","2.0NRT",292.28,4.85,"D"
"1087",64.59665,74.08303,344.46,0.42,0.38,"2026-09-14",739,"N20","nominal","2.0NRT",292.15,9.01,"D"
"1088",64.57668,73.91937,344.18,0.42,0.38,"2026-09-14",739,"N20","nominal","2.0NRT",294.67,35.51,"D"
"1089",64.57562,73.91079,341.93,0.42,0.38,"2026-09-14",739,"N20","nominal","2.0NRT",307.3,35.51,"D"
"1090",64.57457,73.90221,348.93,0.42,0.38,"2026-09-14",739,"N20","nominal","2.0NRT",292.93,16.83,"D"
"1091",64.57793,73.9,342.01,0.42,0.38,"2026-09-14",739,"N20","nominal","2.0NRT",292.66,16.83,"D"
"1092",64.57687,73.89143,333.76,0.42,0.38,"2026-09-14",739,"N20","nominal","2.0NRT",294.35,16.83,"D"
"1093",64.60759,74.11325,325.29,0.42,0.38,"2026-09-14",739,"N20","nominal","2.0NRT",291.77,1.64,"D"
"1094",64.7196,75.03288,325.59,0.44,0.38,"2026-09-14",739,"N20","nominal","2.0NRT",289.6,3.01,"D"
"1095",64.71856,75.0238,341.18,0.44,0.38,"2026-09-14",739,"N20","nominal","2.0NRT",291.55,5.54,"D"
"1096",64.71751,75.0147,341.84,0.44,0.38,"2026-09-14",739,"N20","nominal","2.0NRT",290.21,5.54,"D"
"1097",64.59961,73.9879,331.55,0.42,0.38,"2026-09-14",739,"N20","nominal","2.0NRT",290.92,2.21,"D"
"1098",64.58379,73.85908,337.85,0.42,0.38,"2026-09-14",739,"N20","nominal","2.0NRT",293.14,3.5,"D"
"1099",64.58273,73.85051,327.78,0.42,0.38,"2026-09-14",739,"N20","nominal","2.0NRT",289.46,3.5,"D"
"1100",64.58714,73.85685,338.85,0.42,0.38,"2026-09-14",739,"N20","nominal","2.0NRT",293,3.5,"D"
"1101",64.62723,73.75711,325.33,0.42,0.38,"2026-09-14",739,"N20","nominal","2.0NRT",290,2.45,"D"
"1102",64.62617,73.7485,332.83,0.42,0.38,"2026-09-14",739,"N20","nominal","2.0NRT",289.74,2.9,"D"
"1103",64.63163,73.76342,342.83,0.42,0.38,"2026-09-14",739,"N20","nominal","2.0NRT",296.22,5.93,"D"
"1104",64.62952,73.74625,332.96,0.42,0.38,"2026-09-14",739,"N20","nominal","2.0NRT",290.43,3.43,"D"
"1105",64.63499,73.76119,342.92,0.42,0.38,"2026-09-14",739,"N20","nominal","2.0NRT",298,5.93,"D"
"1106",64.63393,73.75261,341.46,0.42,0.38,"2026-09-14",739,"N20","nominal","2.0NRT",295.13,5.93,"D"
"1107",64.63728,73.75038,347.22,0.42,0.38,"2026-09-14",739,"N20","nominal","2.0NRT",295.59,8.16,"D"
"1108",64.65262,73.78656,333.06,0.42,0.38,"2026-09-14",739,"N20","nominal","2.0NRT",292.8,6.46,"D"
"1109",64.65156,73.77799,352.51,0.42,0.38,"2026-09-14",739,"N20","nominal","2.0NRT",297.52,6.46,"D"
"1110",64.65597,73.78432,326.05,0.42,0.38,"2026-09-14",739,"N20","nominal","2.0NRT",292.29,3.66,"D"
"1111",64.75062,74.5423,348.24,0.43,0.38,"2026-09-14",739,"N20","nominal","2.0NRT",295.51,31.31,"D"
"1112",64.65721,73.76495,330.72,0.42,0.38,"2026-09-14",739,"N20","nominal","2.0NRT",291.42,4.33,"D"
"1113",64.65616,73.75637,341.39,0.42,0.38,"2026-09-14",739,"N20","nominal","2.0NRT",294.39,4.33,"D"
"1114",64.75403,74.54012,367,0.43,0.38,"2026-09-14",739,"N20","high","2.0NRT",295,12.29,"D"
"1115",64.65951,73.75413,340.44,0.42,0.38,"2026-09-14",739,"N20","nominal","2.0NRT",293.61,6.24,"D"
"1116",64.75745,74.53794,347.06,0.43,0.38,"2026-09-14",739,"N20","nominal","2.0NRT",293.34,12.29,"D"
"1117",64.7564,74.52903,332.65,0.43,0.38,"2026-09-14",739,"N20","nominal","2.0NRT",290.1,5.53,"D"
"1118",64.75535,74.52012,345.97,0.43,0.38,"2026-09-14",739,"N20","nominal","2.0NRT",289.54,5.53,"D"
"1119",64.76086,74.53577,330.4,0.43,0.38,"2026-09-14",739,"N20","nominal","2.0NRT",289.83,5.3,"D"
"1120",64.75981,74.52685,331.23,0.43,0.38,"2026-09-14",739,"N20","nominal","2.0NRT",289.89,4.04,"D"
"1121",64.67592,73.79893,331.99,0.42,0.38,"2026-09-14",739,"N20","nominal","2.0NRT",292.11,5.36,"D"
"1122",64.68298,73.73846,330.06,0.42,0.38,"2026-09-14",739,"N20","nominal","2.0NRT",290.56,4.09,"D"
"1123",64.82697,74.85089,341.84,0.44,0.38,"2026-09-14",739,"N20","nominal","2.0NRT",291.31,5.35,"D"
"1124",64.82661,74.85341,327.86,0.44,0.38,"2026-09-14",739,"N20","nominal","2.0NRT",290.12,3.25,"D"
"1125",64.71355,73.76652,328.52,0.42,0.38,"2026-09-14",739,"N20","nominal","2.0NRT",289.74,1.84,"D"
"1126",64.88084,75.17242,352.7,0.45,0.39,"2026-09-14",739,"N20","nominal","2.0NRT",293.66,13.63,"D"
"1127",64.88533,75.17954,331.99,0.45,0.39,"2026-09-14",739,"N20","nominal","2.0NRT",290.93,9.46,"D"
"1128",64.88431,75.17029,356,0.45,0.39,"2026-09-14",739,"N20","nominal","2.0NRT",294.46,9.46,"D"
"1129",64.88327,75.16104,329.29,0.45,0.39,"2026-09-14",739,"N20","nominal","2.0NRT",299.26,31.89,"D"
"1130",64.88982,75.18666,331.47,0.45,0.39,"2026-09-14",739,"N20","nominal","2.0NRT",290.37,3.28,"D"
"1131",64.8888,75.17741,344.02,0.45,0.39,"2026-09-14",739,"N20","nominal","2.0NRT",292.2,9.46,"D"
"1132",64.89433,75.19375,342.78,0.45,0.39,"2026-09-14",739,"N20","nominal","2.0NRT",290.43,4.11,"D"
"1133",64.72592,73.74891,328.83,0.42,0.38,"2026-09-14",739,"N20","nominal","2.0NRT",292.58,2.94,"D"
"1134",65.49066,76.5693,330.88,0.48,0.4,"2026-09-14",739,"N20","nominal","2.0NRT",290.61,6.5,"D"
"1135",65.75443,76.84509,333.9,0.49,0.41,"2026-09-14",739,"N20","nominal","2.0NRT",289.99,5.19,"D"
"1136",65.83778,76.82318,351.35,0.49,0.41,"2026-09-14",739,"N20","nominal","2.0NRT",292.21,6.61,"D"
"1137",65.85843,76.95903,340.27,0.5,0.41,"2026-09-14",739,"N20","nominal","2.0NRT",290.1,12.67,"D"
"1138",66.1894,77.68762,329.41,0.52,0.42,"2026-09-14",739,"N20","nominal","2.0NRT",288.56,3.07,"D"
"1139",66.27785,76.75568,328.32,0.5,0.41,"2026-09-14",739,"N20","nominal","2.0NRT",289.68,2.39,"D"
"1140",66.66026,80.46202,348.71,0.41,0.45,"2026-09-14",739,"N20","nominal","2.0NRT",288.96,8.03,"D"
"1141",66.66849,80.45845,338.53,0.41,0.45,"2026-09-14",739,"N20","nominal","2.0NRT",288.46,8.68,"D"
"1142",66.41995,77.24709,328.04,0.51,0.41,"2026-09-14",739,"N20","nominal","2.0NRT",287.38,3.71,"D"
"1143",66.70615,80.4519,337.19,0.41,0.45,"2026-09-14",739,"N20","nominal","2.0NRT",286.37,9.92,"D"
"1144",66.71761,80.49535,339.36,0.41,0.45,"2026-09-14",739,"N20","nominal","2.0NRT",288.13,3.58,"D"
"1145",66.73366,80.42087,338.73,0.41,0.45,"2026-09-14",739,"N20","nominal","2.0NRT",287.4,3.53,"D"
"1146",66.32451,75.46462,334.11,0.47,0.4,"2026-09-14",739,"N20","nominal","2.0NRT",289.66,4.64,"D"
"1147",66.32958,75.48608,332.56,0.47,0.4,"2026-09-14",739,"N20","nominal","2.0NRT",290.35,5.02,"D"
"1148",66.32853,75.47573,341.62,0.47,0.4,"2026-09-14",739,"N20","nominal","2.0NRT",291.91,5.02,"D"
"1149",66.3321,75.47348,343.3,0.47,0.4,"2026-09-14",739,"N20","nominal","2.0NRT",289.4,9.01,"D"
"1150",66.45547,75.49906,336.01,0.47,0.4,"2026-09-14",739,"N20","nominal","2.0NRT",290,4.12,"D"
"1151",66.62427,77.01988,332.74,0.51,0.41,"2026-09-14",739,"N20","nominal","2.0NRT",290.46,17.75,"D"
"1152",66.65906,76.84348,335.66,0.51,0.41,"2026-09-14",739,"N20","nominal","2.0NRT",289.98,3.25,"D"
"1153",66.86951,77.75748,336.81,0.54,0.42,"2026-09-14",739,"N20","nominal","2.0NRT",289.51,13.76,"D"
"1154",67.19445,81.99638,337.16,0.46,0.47,"2026-09-14",739,"N20","nominal","2.0NRT",287.6,4.64,"D"
"1155",67.19386,81.98574,336.14,0.46,0.47,"2026-09-14",739,"N20","nominal","2.0NRT",288.88,4.64,"D"
"1156",67.27159,83.21378,338.95,0.49,0.49,"2026-09-14",739,"N20","nominal","2.0NRT",290.22,9.29,"D"
"1157",67.28099,83.03535,341.01,0.49,0.48,"2026-09-14",739,"N20","nominal","2.0NRT",293.42,22.59,"D"
"1158",66.19835,70.9884,333.11,0.4,0.37,"2026-09-14",739,"N20","nominal","2.0NRT",289.92,7.05,"D"
"1159",66.90364,75.61273,327.99,0.48,0.4,"2026-09-14",739,"N20","nominal","2.0NRT",286.79,6.4,"D"
"1160",66.95821,75.5431,343.46,0.48,0.4,"2026-09-14",739,"N20","nominal","2.0NRT",295.24,93.14,"D"
"1161",67.54759,83.21783,339.65,0.5,0.49,"2026-09-14",739,"N20","nominal","2.0NRT",289.77,28.95,"D"
"1162",67.54701,83.20602,299.29,0.5,0.49,"2026-09-14",739,"N20","low","2.0NRT",301.26,25.89,"D"
"1163",67.54775,83.20889,353.98,0.5,0.49,"2026-09-14",739,"N20","nominal","2.0NRT",302.97,57.17,"D"
"1164",67.64864,83.21345,338.03,0.5,0.49,"2026-09-14",739,"N20","nominal","2.0NRT",288.5,3.4,"D"
"1165",67.64938,83.21516,331.9,0.5,0.49,"2026-09-14",739,"N20","nominal","2.0NRT",288.39,3.64,"D"
"1166",67.71185,83.47547,336.46,0.51,0.49,"2026-09-14",739,"N20","nominal","2.0NRT",291.32,2.93,"D"
"1167",67.28712,75.10899,327,0.48,0.4,"2026-09-14",739,"N20","nominal","2.0NRT",287.54,1.56,"D"
"1168",68.41335,83.6259,340.18,0.52,0.5,"2026-09-14",741,"N20","nominal","2.0NRT",286.72,11.67,"D"
"1169",68.41192,83.63039,338.26,0.52,0.5,"2026-09-14",741,"N20","nominal","2.0NRT",286.77,13.03,"D"
"1170",67.79929,72.51284,343.6,0.44,0.38,"2026-09-14",741,"N20","nominal","2.0NRT",296.52,11.19,"D"
"1171",67.80386,72.52023,367,0.44,0.38,"2026-09-14",741,"N20","high","2.0NRT",335.82,82.34,"D"
"1172",67.8027,72.51014,367,0.44,0.38,"2026-09-14",741,"N20","high","2.0NRT",335.24,82.34,"D"
"1173",67.80502,72.53038,337.42,0.44,0.38,"2026-09-14",741,"N20","nominal","2.0NRT",288.31,20.48,"D"
"1174",67.80843,72.52766,330.71,0.44,0.38,"2026-09-14",741,"N20","nominal","2.0NRT",288.3,20.48,"D"
"1175",67.80727,72.5175,340.1,0.44,0.38,"2026-09-14",741,"N20","nominal","2.0NRT",290.25,82.34,"D"
"1176",67.80611,72.50742,331.53,0.44,0.38,"2026-09-14",741,"N20","nominal","2.0NRT",290.14,82.34,"D"
"1177",68.52258,79.96175,338.29,0.42,0.45,"2026-09-14",741,"N20","nominal","2.0NRT",286.34,4.91,"D"
"1178",68.52674,79.95986,338.15,0.42,0.45,"2026-09-14",741,"N20","nominal","2.0NRT",284.98,4.91,"D"
"1179",68.52661,79.9607,337.98,0.42,0.45,"2026-09-14",741,"N20","nominal","2.0NRT",284.45,15.73,"D"
"1180",68.71595,80.53423,332.46,0.44,0.46,"2026-09-14",741,"N20","nominal","2.0NRT",283.47,2.12,"D"
"1181",69.37116,88.12206,328.04,0.34,0.56,"2026-09-14",741,"N20","nominal","2.0NRT",282.03,2.77,"D"
"1182",66.42053,58.04853,328.2,0.46,0.39,"2026-09-14",741,"N20","nominal","2.0NRT",290.46,2.12,"D"
"1183",66.43202,56.60581,327.66,0.49,0.4,"2026-09-14",741,"N20","nominal","2.0NRT",292.33,4.67,"D"
"1184",67.83623,58.93063,328.96,0.42,0.38,"2026-09-14",741,"N20","nominal","2.0NRT",289.62,1.86,"D"
"1185",68.59869,57.98649,343.54,0.42,0.37,"2026-09-14",741,"N20","nominal","2.0NRT",287.81,5.04,"D"
"1186",68.61552,57.97114,330.19,0.42,0.37,"2026-09-14",741,"N20","nominal","2.0NRT",287.78,2.12,"D"
"1187",68.64274,57.68964,327.65,0.42,0.38,"2026-09-14",741,"N20","nominal","2.0NRT",287.9,2.26,"D"
"1188",68.16772,55.36348,329.62,0.46,0.39,"2026-09-14",741,"N20","nominal","2.0NRT",291.27,2.5,"D"
"1189",69.2649,57.28484,326.3,0.41,0.37,"2026-09-14",741,"N20","nominal","2.0NRT",285.02,4.21,"D"
"1190",27.68346,52.25248,342.71,0.53,0.5,"2026-09-14",911,"N20","nominal","2.0NRT",304.69,2.15,"D"
"1191",12.98791,76.12696,355.38,0.59,0.7,"2026-09-14",905,"N20","nominal","2.0NRT",293.23,12.4,"D"
"1192",27.68232,52.24722,341.53,0.53,0.5,"2026-09-14",911,"N20","nominal","2.0NRT",303.36,2.15,"D"
"1193",18.01259,54.57156,355.18,0.59,0.53,"2026-09-14",909,"N20","nominal","2.0NRT",307.57,35.36,"D"
"1194",27.68456,52.23553,333.73,0.53,0.5,"2026-09-14",911,"N20","nominal","2.0NRT",302.52,3.82,"D"
"1195",17.97589,53.81806,340.38,0.33,0.55,"2026-09-14",909,"N20","nominal","2.0NRT",304.81,2.2,"D"
"1196",27.68908,52.23432,351.39,0.53,0.5,"2026-09-14",911,"N20","nominal","2.0NRT",305.15,3.82,"D"
"1197",27.71281,52.18904,336.54,0.53,0.5,"2026-09-14",911,"N20","low","2.0NRT",307.19,6.2,"D"
"1198",18.32117,55.10351,336.8,0.54,0.51,"2026-09-14",909,"N20","nominal","2.0NRT",304.55,1.79,"D"
"1199",27.71959,52.17599,355.43,0.53,0.5,"2026-09-14",911,"N20","nominal","2.0NRT",305.61,11.21,"D"
"1200",20.38767,55.66441,345.65,0.45,0.47,"2026-09-14",909,"N20","nominal","2.0NRT",303.86,6.91,"D"
"1201",27.09682,49.31326,346.84,0.41,0.61,"2026-09-14",911,"N20","low","2.0NRT",318.67,12.1,"D"
"1202",20.38434,55.64724,339.24,0.45,0.47,"2026-09-14",909,"N20","nominal","2.0NRT",303.19,4.99,"D"
"1203",27.76176,52.17171,340.52,0.53,0.5,"2026-09-14",911,"N20","nominal","2.0NRT",307.66,4.68,"D"
"1204",27.76058,52.1661,344.56,0.53,0.5,"2026-09-14",911,"N20","nominal","2.0NRT",308.56,7.25,"D"
"1205",22.44463,53.93395,346.87,0.53,0.5,"2026-09-14",909,"N20","nominal","2.0NRT",314.34,3.54,"D"
"1206",27.76095,52.16921,345.91,0.53,0.5,"2026-09-14",911,"N20","nominal","2.0NRT",308.93,9.3,"D"
"1207",22.87304,55.61501,349.49,0.41,0.45,"2026-09-14",909,"N20","nominal","2.0NRT",314.33,2.49,"D"
"1208",23.19216,55.45827,350.95,0.42,0.45,"2026-09-14",909,"N20","nominal","2.0NRT",314.33,6.33,"D"
"1209",28.59102,53.7712,345.16,0.42,0.45,"2026-09-14",911,"N20","nominal","2.0NRT",320.02,5.76,"D"
"1210",25.47149,68.55921,330.37,0.54,0.51,"2026-09-14",909,"N20","nominal","2.0NRT",298.81,5.21,"D"
"1211",23.54412,53.33099,345.73,0.55,0.51,"2026-09-14",909,"N20","nominal","2.0NRT",311.65,41.4,"D"
"1212",27.81203,48.86357,367,0.42,0.61,"2026-09-14",911,"N20","high","2.0NRT",319.08,37.65,"D"
"1213",27.81102,48.85941,349.41,0.42,0.61,"2026-09-14",911,"N20","nominal","2.0NRT",317.98,25.02,"D"
"1214",23.54302,53.3257,350.24,0.55,0.51,"2026-09-14",909,"N20","nominal","2.0NRT",319.04,41.4,"D"
"1215",27.81316,48.62482,346.13,0.43,0.62,"2026-09-14",911,"N20","low","2.0NRT",320.36,1.6,"D"
"1216",23.54873,53.32985,346,0.55,0.51,"2026-09-14",909,"N20","nominal","2.0NRT",310.73,41.4,"D"
"1217",28.77225,52.75982,351.56,0.47,0.48,"2026-09-14",911,"N20","nominal","2.0NRT",318.97,37.95,"D"
"1218",23.54763,53.32455,348.09,0.55,0.51,"2026-09-14",909,"N20","nominal","2.0NRT",316.28,41.4,"D"
"1219",28.77129,52.75512,367,0.47,0.48,"2026-09-14",911,"N20","low","2.0NRT",325.35,37.95,"D"
"1220",25.82735,66.58129,345.58,0.41,0.45,"2026-09-14",909,"N20","nominal","2.0NRT",301.83,3.18,"D"
"1221",28.76886,52.75778,354.74,0.47,0.48,"2026-09-14",911,"N20","nominal","2.0NRT",319.79,32.94,"D"
"1222",28.7731,52.75651,351.26,0.47,0.48,"2026-09-14",911,"N20","nominal","2.0NRT",321.09,32.94,"D"
"1223",24.50486,56.60777,339.82,0.51,0.41,"2026-09-14",909,"N20","nominal","2.0NRT",308.29,8.55,"D"
"1224",28.68243,52.09382,346.66,0.52,0.5,"2026-09-14",911,"N20","nominal","2.0NRT",321.65,9.39,"D"
"1225",25.89238,62.5988,345.57,0.41,0.37,"2026-09-14",909,"N20","nominal","2.0NRT",313.21,3.59,"D"
"1226",31.50081,72.2029,334.43,0.52,0.67,"2026-09-14",911,"N20","nominal","2.0NRT",293.85,2.96,"D"
"1227",23.49023,48.3003,348.38,0.57,0.69,"2026-09-14",909,"N20","low","2.0NRT",319.4,4.84,"D"
"1228",24.79777,53.73486,352.36,0.49,0.49,"2026-09-14",909,"N20","nominal","2.0NRT",305.48,12.44,"D"
"1229",31.51035,72.15237,335.9,0.52,0.67,"2026-09-14",911,"N20","nominal","2.0NRT",293.88,4.62,"D"
"1230",24.7972,53.73707,331.97,0.49,0.49,"2026-09-14",909,"N20","nominal","2.0NRT",301.61,6.13,"D"
"1231",31.50962,72.14935,344.17,0.52,0.67,"2026-09-14",911,"N20","nominal","2.0NRT",294.29,5.2,"D"
"1232",24.79621,53.73231,340.37,0.49,0.49,"2026-09-14",909,"N20","nominal","2.0NRT",309.24,6.13,"D"
"1233",28.49576,49.71548,367,0.36,0.57,"2026-09-14",911,"N20","high","2.0NRT",304.19,18.38,"D"
"1234",24.8459,53.65984,341.42,0.5,0.49,"2026-09-14",909,"N20","nominal","2.0NRT",303.65,5.11,"D"
"1235",28.49493,49.71191,348.48,0.36,0.57,"2026-09-14",911,"N20","nominal","2.0NRT",305.07,18.38,"D"
"1236",29.25501,53.12257,355.89,0.44,0.46,"2026-09-14",911,"N20","nominal","2.0NRT",324.14,12.4,"D"
"1237",24.83286,53.50479,353.32,0.51,0.49,"2026-09-14",909,"N20","nominal","2.0NRT",305.96,22.77,"D"
"1238",24.90186,53.73142,330.29,0.49,0.49,"2026-09-14",909,"N20","low","2.0NRT",302.57,3.04,"D"
"1239",28.51434,49.53758,367,0.37,0.58,"2026-09-14",911,"N20","high","2.0NRT",303.94,6.8,"D"
"1240",24.90623,53.73034,350.42,0.49,0.49,"2026-09-14",909,"N20","nominal","2.0NRT",302.37,12.3,"D"
"1241",24.90526,53.72828,340.21,0.49,0.49,"2026-09-14",909,"N20","nominal","2.0NRT",305.14,15.4,"D"
"1242",29.98973,55.85719,343.2,0.47,0.39,"2026-09-14",911,"N20","low","2.0NRT",316.78,9.2,"D"
"1243",27.43555,70.56192,338.3,0.38,0.59,"2026-09-14",909,"N20","nominal","2.0NRT",303.82,4.29,"D"
"1244",25.17581,52.87769,343.18,0.55,0.51,"2026-09-14",909,"N20","nominal","2.0NRT",300.56,7.61,"D"
"1245",29.9562,52.70274,353.52,0.45,0.47,"2026-09-14",911,"N20","low","2.0NRT",323.71,33.55,"D"
"1246",25.17471,52.87239,335.93,0.55,0.51,"2026-09-14",909,"N20","nominal","2.0NRT",300.1,7.2,"D"
"1247",29.0253,48.07138,367,0.44,0.62,"2026-09-14",911,"N20","high","2.0NRT",316.38,16.66,"D"
"1248",25.17434,52.87638,343.24,0.55,0.51,"2026-09-14",909,"N20","nominal","2.0NRT",300.7,5.72,"D"
"1249",29.0225,48.07347,346.97,0.44,0.62,"2026-09-14",911,"N20","nominal","2.0NRT",315.7,11.15,"D"
"1250",25.17321,52.87109,330.7,0.55,0.51,"2026-09-14",909,"N20","nominal","2.0NRT",300.02,5.72,"D"
"1251",29.02143,48.06922,340.58,0.44,0.62,"2026-09-14",911,"N20","low","2.0NRT",315.48,9.55,"D"
"1252",24.92919,51.56286,367,0.33,0.56,"2026-09-14",909,"N20","high","2.0NRT",314.91,12.62,"D"
"1253",29.00718,47.74771,367,0.46,0.64,"2026-09-14",911,"N20","high","2.0NRT",321.5,19.36,"D"
"1254",25.50896,53.15108,334.03,0.52,0.5,"2026-09-14",911,"N20","nominal","2.0NRT",301.33,1.87,"D"
"1255",30.36077,53.57765,344.92,0.4,0.44,"2026-09-14",911,"N20","nominal","2.0NRT",313.55,15.25,"D"
"1256",29.94428,49.68675,347.64,0.34,0.56,"2026-09-14",911,"N20","nominal","2.0NRT",303.44,3.3,"D"
"1257",30.61144,51.75784,348.54,0.49,0.49,"2026-09-14",911,"N20","nominal","2.0NRT",314.62,5.39,"D"
"1258",25.53238,53.15044,344.67,0.52,0.5,"2026-09-14",911,"N20","nominal","2.0NRT",302.41,37.51,"D"
"1259",30.61607,51.7579,337.54,0.49,0.49,"2026-09-14",911,"N20","nominal","2.0NRT",309.49,5.39,"D"
"1260",28.04908,69.3703,346.61,0.32,0.55,"2026-09-14",911,"N20","nominal","2.0NRT",300.03,4.02,"D"
"1261",28.05325,69.36923,333.37,0.32,0.55,"2026-09-14",911,"N20","nominal","2.0NRT",300.12,3.89,"D"
"1262",30.39293,50.62434,353.12,0.58,0.52,"2026-09-14",911,"N20","nominal","2.0NRT",322.7,14.93,"D"
"1263",30.3975,50.6225,353.79,0.58,0.52,"2026-09-14",911,"N20","nominal","2.0NRT",321.2,14.93,"D"
"1264",24.87524,49.23391,340.84,0.47,0.64,"2026-09-14",911,"N20","low","2.0NRT",314.68,1.44,"D"
"1265",30.39486,50.61059,346.34,0.58,0.52,"2026-09-14",911,"N20","low","2.0NRT",321.3,19.95,"D"
"1266",30.39457,50.62737,344.7,0.58,0.52,"2026-09-14",911,"N20","low","2.0NRT",318.73,19.06,"D"
"1267",25.88495,51.53319,335.78,0.32,0.55,"2026-09-14",911,"N20","low","2.0NRT",308.9,2.15,"D"
"1268",30.3932,50.62138,350.43,0.58,0.52,"2026-09-14",911,"N20","low","2.0NRT",327.06,20.61,"D"
"1269",25.24923,48.10711,367,0.54,0.68,"2026-09-14",911,"N20","high","2.0NRT",318.75,43.02,"D"
"1270",25.25048,48.11219,351.11,0.54,0.68,"2026-09-14",911,"N20","nominal","2.0NRT",316.31,43.02,"D"
"1271",30.39643,50.61374,344.69,0.58,0.52,"2026-09-14",911,"N20","low","2.0NRT",319.44,20.61,"D"
"1272",25.24797,48.102,307.94,0.54,0.68,"2026-09-14",911,"N20","low","2.0NRT",317.97,73.25,"D"
"1273",29.7372,47.71716,367,0.44,0.63,"2026-09-14",911,"N20","high","2.0NRT",320.36,11.97,"D"
"1274",25.25524,48.10532,367,0.54,0.68,"2026-09-14",911,"N20","high","2.0NRT",316.99,44.81,"D"
"1275",29.73609,47.71278,347.45,0.44,0.63,"2026-09-14",911,"N20","nominal","2.0NRT",320.65,8.63,"D"
"1276",27.16036,56.10394,342.63,0.5,0.41,"2026-09-14",911,"N20","nominal","2.0NRT",307.53,11.03,"D"
"1277",30.3646,49.73169,352.24,0.33,0.55,"2026-09-14",911,"N20","nominal","2.0NRT",320.12,2.49,"D"
"1278",30.71098,50.12023,345.57,0.61,0.53,"2026-09-14",911,"N20","nominal","2.0NRT",319.92,8.46,"D"
"1279",27.16681,56.09732,337.98,0.5,0.41,"2026-09-14",911,"N20","nominal","2.0NRT",307.54,9.85,"D"
"1280",30.34272,48.27654,355.28,0.4,0.6,"2026-09-14",911,"N20","nominal","2.0NRT",319.02,14.92,"D"
"1281",26.89758,52.30841,337.22,0.55,0.51,"2026-09-14",911,"N20","nominal","2.0NRT",304.2,5.68,"D"
"1282",30.16396,47.41503,367,0.45,0.63,"2026-09-14",911,"N20","high","2.0NRT",323.85,9.47,"D"
"1283",27.52123,52.59694,341.71,0.51,0.49,"2026-09-14",911,"N20","nominal","2.0NRT",302.86,5.64,"D"
"1284",30.16509,47.41953,355.33,0.45,0.63,"2026-09-14",911,"N20","nominal","2.0NRT",320.97,7.75,"D"
"1285",27.52011,52.59157,335.13,0.51,0.49,"2026-09-14",911,"N20","nominal","2.0NRT",302.35,2.54,"D"
"1286",30.17514,47.41135,346.63,0.45,0.63,"2026-09-14",911,"N20","low","2.0NRT",320.56,3.25,"D"
"1287",27.01517,49.58055,367,0.4,0.6,"2026-09-14",911,"N20","high","2.0NRT",317.86,18.83,"D"
"1288",30.27576,47.74389,367,0.43,0.62,"2026-09-14",911,"N20","high","2.0NRT",320.67,16.02,"D"
"1289",27.01058,49.56111,367,0.4,0.6,"2026-09-14",911,"N20","high","2.0NRT",319.19,13.15,"D"
"1290",30.16623,47.41809,367,0.45,0.63,"2026-09-14",911,"N20","high","2.0NRT",321.02,9.83,"D"
"1291",30.16507,47.4136,367,0.45,0.63,"2026-09-14",911,"N20","high","2.0NRT",322.73,5.88,"D"
"1292",27.04364,49.58036,344.36,0.4,0.6,"2026-09-14",911,"N20","nominal","2.0NRT",317.97,10.26,"D"
"1293",30.17067,47.4118,348.14,0.45,0.63,"2026-09-14",911,"N20","nominal","2.0NRT",320.63,5.88,"D"
"1294",30.70961,49.5424,367,0.33,0.55,"2026-09-14",911,"N20","high","2.0NRT",322.37,6.29,"D"
"1295",30.27344,47.74338,367,0.43,0.62,"2026-09-14",911,"N20","high","2.0NRT",321.73,16.7,"D"
"1296",30.20974,47.39865,347.81,0.45,0.63,"2026-09-14",911,"N20","nominal","2.0NRT",321.56,10.36,"D"
"1297",30.2086,47.39417,351.71,0.45,0.63,"2026-09-14",911,"N20","low","2.0NRT",327.17,10.36,"D"
"1298",30.21417,47.39228,352.91,0.45,0.63,"2026-09-14",911,"N20","nominal","2.0NRT",320.11,10.36,"D"
"1299",30.28,47.36505,367,0.45,0.63,"2026-09-14",911,"N20","high","2.0NRT",320.79,10.5,"D"
"1300",30.27887,47.36055,355.97,0.45,0.63,"2026-09-14",911,"N20","nominal","2.0NRT",321.36,10.5,"D"
"1301",30.28558,47.36316,345.31,0.45,0.63,"2026-09-14",911,"N20","nominal","2.0NRT",318.6,1,"D"
"1302",30.28219,47.3496,345.05,0.45,0.63,"2026-09-14",911,"N20","low","2.0NRT",319.87,3.53,"D"
"1303",30.27556,47.36446,367,0.45,0.63,"2026-09-14",911,"N20","high","2.0NRT",322.4,10.66,"D"
"1304",30.28115,47.36257,367,0.45,0.63,"2026-09-14",911,"N20","high","2.0NRT",320.89,10.66,"D"
"1305",30.27883,47.35358,350.59,0.45,0.63,"2026-09-14",911,"N20","nominal","2.0NRT",319.92,13.13,"D"
"1306",30.31465,47.3513,347.71,0.45,0.63,"2026-09-14",911,"N20","nominal","2.0NRT",320.59,2.4,"D"
"1307",30.89464,49.61216,353.43,0.32,0.55,"2026-09-14",911,"N20","nominal","2.0NRT",319.13,1.68,"D"
"1308",30.41815,47.61808,349.18,0.43,0.62,"2026-09-14",911,"N20","nominal","2.0NRT",318.46,4.89,"D"
"1309",30.41705,47.6137,347.93,0.43,0.62,"2026-09-14",911,"N20","nominal","2.0NRT",319.61,4.89,"D"
"1310",30.35371,47.33807,355.18,0.45,0.63,"2026-09-14",911,"N20","nominal","2.0NRT",320.98,12.5,"D"
"1311",30.36156,47.34518,348.04,0.45,0.63,"2026-09-14",911,"N20","low","2.0NRT",319.09,12.53,"D"
"1312",30.36042,47.34068,351.87,0.45,0.63,"2026-09-14",911,"N20","nominal","2.0NRT",324.36,12.5,"D"
"1313",30.36486,47.33426,348.33,0.45,0.63,"2026-09-14",911,"N20","low","2.0NRT",319.99,2.87,"D"
"1314",30.40353,47.33746,367,0.45,0.63,"2026-09-14",911,"N20","high","2.0NRT",318.23,4.39,"D"
"1315",30.47753,47.60411,344.8,0.43,0.62,"2026-09-14",911,"N20","low","2.0NRT",319.41,7.07,"D"
"1316",30.52137,47.61283,346.03,0.43,0.62,"2026-09-14",911,"N20","low","2.0NRT",319.91,9.58,"D"
"1317",30.49049,47.32253,345.69,0.45,0.63,"2026-09-14",911,"N20","nominal","2.0NRT",319.74,1.32,"D"
"1318",30.94796,49.18636,367,0.34,0.56,"2026-09-14",911,"N20","high","2.0NRT",321.89,9.24,"D"
"1319",30.49605,47.32062,367,0.45,0.63,"2026-09-14",911,"N20","high","2.0NRT",319.44,6.05,"D"
"1320",30.49492,47.3161,352.58,0.45,0.63,"2026-09-14",911,"N20","nominal","2.0NRT",320.44,5.88,"D"
"1321",30.94616,49.18711,367,0.34,0.56,"2026-09-14",913,"N20","high","2.0NRT",320.82,6.26,"D"
"1322",30.49186,47.31982,367,0.45,0.63,"2026-09-14",913,"N20","high","2.0NRT",322.91,9.97,"D"
"1323",30.74794,48.28629,346.02,0.39,0.59,"2026-09-14",913,"N20","nominal","2.0NRT",318.9,7.61,"D"
"1324",30.74697,48.28239,354.66,0.39,0.59,"2026-09-14",913,"N20","nominal","2.0NRT",320.58,7.61,"D"
"1325",30.746,48.27848,347.01,0.39,0.59,"2026-09-14",913,"N20","low","2.0NRT",320.14,13.89,"D"
"1326",30.75321,48.28458,367,0.39,0.59,"2026-09-14",913,"N20","high","2.0NRT",320.5,51.45,"D"
"1327",30.75224,48.28069,354.17,0.39,0.59,"2026-09-14",913,"N20","low","2.0NRT",329.48,51.45,"D"
"1328",30.75127,48.27677,367,0.39,0.59,"2026-09-14",913,"N20","low","2.0NRT",330.54,95.6,"D"
"1329",30.92102,48.85755,346.85,0.36,0.57,"2026-09-14",913,"N20","low","2.0NRT",321.6,8.37,"D"
"1330",30.56103,47.33034,367,0.45,0.63,"2026-09-14",913,"N20","high","2.0NRT",320.43,7.02,"D"
"1331",30.56873,47.31309,367,0.45,0.63,"2026-09-14",913,"N20","high","2.0NRT",320.18,5.11,"D"
"1332",30.60881,47.32854,355.03,0.45,0.63,"2026-09-14",913,"N20","nominal","2.0NRT",321.79,4.1,"D"
"1333",30.61436,47.32665,367,0.45,0.63,"2026-09-14",913,"N20","high","2.0NRT",319.52,4.1,"D"
"1334",30.61104,47.32928,367,0.44,0.63,"2026-09-14",913,"N20","high","2.0NRT",320.13,9.84,"D"
"1335",30.60989,47.32483,345.21,0.44,0.63,"2026-09-14",913,"N20","nominal","2.0NRT",320.08,9.84,"D"
"1336",30.55956,47.10618,351.51,0.46,0.63,"2026-09-14",913,"N20","low","2.0NRT",326.75,27.27,"D"
"1337",30.56518,47.10425,367,0.46,0.63,"2026-09-14",913,"N20","high","2.0NRT",320.1,8.22,"D"
"1338",31.12825,49.32996,346.02,0.33,0.55,"2026-09-14",913,"N20","low","2.0NRT",317.88,18.34,"D"
"1339",31.12667,49.32327,346,0.33,0.55,"2026-09-14",913,"N20","low","2.0NRT",319.6,27.01,"D"
"1340",31.12746,49.32662,367,0.33,0.55,"2026-09-14",913,"N20","low","2.0NRT",329.31,27.01,"D"
"1341",31.13318,49.32839,352.28,0.33,0.55,"2026-09-14",913,"N20","nominal","2.0NRT",317.39,18.34,"D"
"1342",31.1316,49.32169,351.09,0.33,0.55,"2026-09-14",913,"N20","nominal","2.0NRT",322.6,27.01,"D"
"1343",31.13239,49.32504,367,0.33,0.55,"2026-09-14",913,"N20","low","2.0NRT",333.42,27.01,"D"
"1344",31.13732,49.32346,367,0.33,0.55,"2026-09-14",913,"N20","high","2.0NRT",320.33,12.48,"D"
"1345",31.13652,49.3201,351.94,0.33,0.55,"2026-09-14",913,"N20","nominal","2.0NRT",326.14,12.48,"D"
"1346",30.6844,47.33344,367,0.44,0.63,"2026-09-14",913,"N20","high","2.0NRT",326.49,21.35,"D"
"1347",30.68328,47.329,354.08,0.44,0.63,"2026-09-14",913,"N20","nominal","2.0NRT",322,21.35,"D"
"1348",30.68994,47.33155,349.13,0.44,0.63,"2026-09-14",913,"N20","nominal","2.0NRT",317.29,21.35,"D"
"1349",30.86187,47.92442,367,0.4,0.6,"2026-09-14",913,"N20","high","2.0NRT",315.13,5.49,"D"
"1350",31.20746,49.21935,354.01,0.33,0.56,"2026-09-14",913,"N20","nominal","2.0NRT",319.23,4.68,"D"
"1351",30.93121,47.99359,367,0.4,0.6,"2026-09-14",913,"N20","high","2.0NRT",320,14.98,"D"
"1352",30.76567,47.33499,367,0.44,0.62,"2026-09-14",913,"N20","high","2.0NRT",319.37,10.27,"D"
"1353",30.76455,47.33056,353.13,0.44,0.62,"2026-09-14",913,"N20","nominal","2.0NRT",319.3,10.27,"D"
"1354",31.00233,48.1426,367,0.39,0.59,"2026-09-14",913,"N20","high","2.0NRT",319.35,8.82,"D"
"1355",31.24974,49.17279,350.92,0.34,0.56,"2026-09-14",913,"N20","nominal","2.0NRT",319.57,4.4,"D"
"1356",31.00137,48.13865,351.44,0.39,0.59,"2026-09-14",913,"N20","nominal","2.0NRT",318.02,8.82,"D"
"1357",31.20898,48.95467,367,0.35,0.56,"2026-09-14",913,"N20","high","2.0NRT",324.43,12.71,"D"
"1358",31.20815,48.95115,356.1,0.35,0.56,"2026-09-14",913,"N20","nominal","2.0NRT",321.19,9.11,"D"
"1359",31.21482,48.95653,347.49,0.35,0.56,"2026-09-14",913,"N20","nominal","2.0NRT",318.91,2.39,"D"
"1360",30.82651,47.3383,367,0.44,0.62,"2026-09-14",913,"N20","high","2.0NRT",319.88,30.5,"D"
"1361",30.8254,47.33389,350.13,0.44,0.62,"2026-09-14",913,"N20","low","2.0NRT",325.96,66.6,"D"
"1362",30.82154,47.33184,367,0.44,0.62,"2026-09-14",913,"N20","high","2.0NRT",323.04,30.7,"D"
"1363",30.8282,47.33438,367,0.44,0.62,"2026-09-14",913,"N20","high","2.0NRT",325.72,30.7,"D"
"1364",30.82707,47.32998,367,0.44,0.62,"2026-09-14",913,"N20","low","2.0NRT",326.39,30.7,"D"
"1365",33.87242,64.2443,341.88,0.38,0.43,"2026-09-14",913,"N20","low","2.0NRT",315.8,5.03,"D"
"1366",31.3171,49.28212,354.24,0.33,0.55,"2026-09-14",913,"N20","nominal","2.0NRT",320.85,3.2,"D"
"1367",31.32285,49.28398,356,0.33,0.55,"2026-09-14",913,"N20","nominal","2.0NRT",320.3,3.2,"D"
"1368",31.29947,49.11922,367,0.34,0.56,"2026-09-14",913,"N20","high","2.0NRT",321.26,5.31,"D"
"1369",30.8835,47.33956,355.68,0.44,0.62,"2026-09-14",913,"N20","nominal","2.0NRT",317.89,26.97,"D"
"1370",30.88238,47.33516,367,0.44,0.62,"2026-09-14",913,"N20","low","2.0NRT",327.27,42.47,"D"
"1371",31.02916,47.70852,346.57,0.41,0.61,"2026-09-14",913,"N20","low","2.0NRT",319.25,4.37,"D"
"1372",31.02813,47.70435,345.15,0.41,0.61,"2026-09-14",913,"N20","low","2.0NRT",319.45,4.16,"D"
"1373",31.02848,47.70613,367,0.41,0.61,"2026-09-14",913,"N20","high","2.0NRT",319.88,4.29,"D"
"1374",31.30554,48.77417,367,0.35,0.57,"2026-09-14",913,"N20","high","2.0NRT",319.34,14.19,"D"
"1375",31.09116,47.79273,367,0.41,0.6,"2026-09-14",913,"N20","high","2.0NRT",321.86,21.8,"D"
"1376",31.09013,47.78863,348.49,0.41,0.6,"2026-09-14",913,"N20","nominal","2.0NRT",319.63,21.8,"D"
"1377",31.05911,47.61863,367,0.42,0.61,"2026-09-14",913,"N20","high","2.0NRT",320.64,6.95,"D"
"1378",31.14029,47.87359,367,0.4,0.6,"2026-09-14",913,"N20","high","2.0NRT",321.72,14.68,"D"
"1379",31.07956,47.62996,367,0.42,0.61,"2026-09-14",913,"N20","high","2.0NRT",322.6,21.75,"D"
"1380",31.0785,47.62576,352.46,0.42,0.61,"2026-09-14",913,"N20","nominal","2.0NRT",320.76,15.45,"D"
"1381",31.02811,47.28319,367,0.44,0.62,"2026-09-14",913,"N20","high","2.0NRT",320.8,8.58,"D"
"1382",31.02922,47.2876,354.73,0.44,0.62,"2026-09-14",913,"N20","nominal","2.0NRT",318.97,8.58,"D"
"1383",31.0311,47.28359,367,0.44,0.62,"2026-09-14",913,"N20","high","2.0NRT",321.76,13.98,"D"
"1384",31.27177,48.11887,367,0.39,0.59,"2026-09-14",913,"N20","high","2.0NRT",324.09,41.78,"D"
"1385",31.2708,48.11496,367,0.39,0.59,"2026-09-14",913,"N20","high","2.0NRT",330.51,69.27,"D"
"1386",31.23342,47.96492,367,0.39,0.6,"2026-09-14",913,"N20","high","2.0NRT",321.11,14.8,"D"
"1387",31.29659,47.79686,356.09,0.4,0.6,"2026-09-14",913,"N20","nominal","2.0NRT",318.57,19.81,"D"
"1388",31.28237,47.7174,347.48,0.41,0.6,"2026-09-14",913,"N20","nominal","2.0NRT",315.63,6.56,"D"
"1389",31.35204,47.85715,367,0.4,0.6,"2026-09-14",913,"N20","high","2.0NRT",319.87,13.16,"D"
"1390",32.23756,51.43108,349.47,0.48,0.48,"2026-09-14",913,"N20","nominal","2.0NRT",318.54,8.23,"D"
"1391",32.24183,51.42976,352.16,0.48,0.48,"2026-09-14",913,"N20","nominal","2.0NRT",319.01,10.7,"D"
"1392",32.24078,51.42492,343.94,0.48,0.48,"2026-09-14",913,"N20","low","2.0NRT",318.16,10.7,"D"
"1393",31.76212,49.15723,350.55,0.33,0.55,"2026-09-14",913,"N20","nominal","2.0NRT",321.48,2.35,"D"
"1394",32.11306,49.75213,344.31,0.6,0.53,"2026-09-14",913,"N20","nominal","2.0NRT",313.38,8.01,"D"
"1395",31.6657,47.61948,367,0.4,0.6,"2026-09-14",913,"N20","high","2.0NRT",315.68,19.5,"D"
"1396",31.65924,47.52317,367,0.41,0.61,"2026-09-14",913,"N20","high","2.0NRT",320.79,12.91,"D"
"1397",31.65718,47.51486,349.79,0.41,0.61,"2026-09-14",913,"N20","nominal","2.0NRT",318.46,9.13,"D"
"1398",31.66701,47.62062,342.85,0.4,0.6,"2026-09-14",913,"N20","nominal","2.0NRT",311.62,9.27,"D"
"1399",31.66597,47.61654,355.34,0.4,0.6,"2026-09-14",913,"N20","nominal","2.0NRT",316.24,9.27,"D"
"1400",31.65897,47.52056,367,0.41,0.61,"2026-09-14",913,"N20","high","2.0NRT",321.63,14.03,"D"
"1401",31.35516,45.96909,367,0.51,0.66,"2026-09-14",913,"N20","high","2.0NRT",323.14,6.72,"D"
"1402",31.35639,45.96601,367,0.51,0.66,"2026-09-14",913,"N20","high","2.0NRT",326.14,7.7,"D"
"1403",31.24291,45.25666,348.26,0.56,0.69,"2026-09-14",913,"N20","nominal","2.0NRT",318.79,8.76,"D"
"1404",32.0603,47.44672,345.99,0.4,0.6,"2026-09-14",913,"N20","low","2.0NRT",318.4,6.37,"D"
"1405",32.05928,47.4426,355.96,0.4,0.6,"2026-09-14",913,"N20","nominal","2.0NRT",320.57,8.91,"D"
"1406",32.10375,47.55188,367,0.4,0.6,"2026-09-14",913,"N20","high","2.0NRT",322.16,7.6,"D"
"1407",32.10907,47.55014,367,0.4,0.6,"2026-09-14",913,"N20","high","2.0NRT",318.6,7.6,"D"
"1408",32.06058,47.44389,367,0.4,0.6,"2026-09-14",913,"N20","high","2.0NRT",318.37,4.95,"D"
"1409",32.10577,47.55294,352.12,0.4,0.6,"2026-09-14",913,"N20","nominal","2.0NRT",319.77,9.03,"D"
"1410",32.10472,47.54879,352.72,0.4,0.6,"2026-09-14",913,"N20","nominal","2.0NRT",323.61,9.03,"D"
"1411",32.14876,47.58643,351.58,0.39,0.6,"2026-09-14",913,"N20","nominal","2.0NRT",319,9.29,"D"
"1412",32.11612,47.41124,367,0.4,0.6,"2026-09-14",913,"N20","high","2.0NRT",325.24,28.63,"D"
"1413",31.76334,46.0495,367,0.49,0.65,"2026-09-14",913,"N20","high","2.0NRT",318.05,16.7,"D"
"1414",32.11507,47.40712,351.64,0.4,0.6,"2026-09-14",913,"N20","nominal","2.0NRT",321.05,19.52,"D"
"1415",31.76731,46.06443,350.21,0.49,0.65,"2026-09-14",913,"N20","nominal","2.0NRT",318.4,9.59,"D"
"1416",31.76202,46.04451,349.63,0.49,0.65,"2026-09-14",913,"N20","nominal","2.0NRT",321.8,16.7,"D"
"1417",32.12785,47.41177,346.77,0.4,0.6,"2026-09-14",913,"N20","low","2.0NRT",318.34,3.12,"D"
"1418",32.17901,47.52367,346.93,0.4,0.6,"2026-09-14",913,"N20","nominal","2.0NRT",318.83,3.55,"D"
"1419",32.178,47.51962,345.59,0.4,0.6,"2026-09-14",913,"N20","low","2.0NRT",318.85,3.47,"D"
"1420",32.37529,47.82309,367,0.38,0.59,"2026-09-14",913,"N20","high","2.0NRT",318.65,72.26,"D"
"1421",32.37434,47.81925,367,0.38,0.59,"2026-09-14",913,"N20","low","2.0NRT",353.92,72.26,"D"
"1422",32.35361,47.7121,367,0.38,0.59,"2026-09-14",913,"N20","high","2.0NRT",321.04,13.66,"D"
"1423",32.35263,47.70811,354.63,0.38,0.59,"2026-09-14",913,"N20","nominal","2.0NRT",322,13.66,"D"
"1424",32.3559,47.69837,344.85,0.38,0.59,"2026-09-14",913,"N20","low","2.0NRT",318.44,12.63,"D"
"1425",32.25634,47.25045,349.34,0.41,0.61,"2026-09-14",913,"N20","nominal","2.0NRT",318.92,2.69,"D"
"1426",32.37741,47.81514,349.74,0.38,0.59,"2026-09-14",913,"N20","nominal","2.0NRT",318.71,41.23,"D"
"1427",32.35182,47.71402,345.02,0.38,0.59,"2026-09-14",913,"N20","low","2.0NRT",318.58,8.47,"D"
"1428",32.35081,47.71004,355.8,0.38,0.59,"2026-09-14",913,"N20","nominal","2.0NRT",322.14,8.47,"D"
"1429",32.37838,47.81897,367,0.38,0.59,"2026-09-14",913,"N20","low","2.0NRT",330.6,100.43,"D"
"1430",32.35607,47.70841,348.32,0.38,0.59,"2026-09-14",913,"N20","nominal","2.0NRT",318.1,8.47,"D"
"1431",32.3593,47.69873,349.08,0.38,0.59,"2026-09-14",913,"N20","nominal","2.0NRT",318.66,8.71,"D"
"1432",32.25708,47.25225,345.54,0.41,0.61,"2026-09-14",913,"N20","low","2.0NRT",319.36,3.49,"D"
"1433",32.45555,47.45971,341.29,0.39,0.6,"2026-09-14",913,"N20","low","2.0NRT",315.97,6.01,"D"
"1434",32.49253,47.21247,367,0.41,0.6,"2026-09-14",913,"N20","high","2.0NRT",316.73,12.63,"D"
"1435",32.49149,47.20842,352.4,0.41,0.6,"2026-09-14",913,"N20","nominal","2.0NRT",318.84,10.37,"D"
"1436",32.59437,47.54664,355.73,0.39,0.59,"2026-09-14",913,"N20","nominal","2.0NRT",318.12,11.22,"D"
"1437",32.92998,47.75512,339.32,0.37,0.58,"2026-09-14",913,"N20","low","2.0NRT",310.46,7.32,"D"
"1438",32.92897,47.75101,350.53,0.37,0.58,"2026-09-14",913,"N20","nominal","2.0NRT",310.89,5.55,"D"
"1439",32.92764,47.74555,346.52,0.37,0.58,"2026-09-14",913,"N20","nominal","2.0NRT",311.39,5.55,"D"
"1440",32.92885,47.75343,341.71,0.37,0.58,"2026-09-14",913,"N20","nominal","2.0NRT",310.73,9.59,"D"
"1441",32.92749,47.74802,354.17,0.37,0.58,"2026-09-14",913,"N20","nominal","2.0NRT",311.32,5.67,"D"
"1442",32.92632,47.74341,336.69,0.37,0.58,"2026-09-14",913,"N20","low","2.0NRT",311.06,5.67,"D"
"1443",32.93567,47.75832,338.78,0.37,0.58,"2026-09-14",913,"N20","low","2.0NRT",310.54,3.19,"D"
"1444",32.93782,47.74465,333.96,0.37,0.58,"2026-09-14",913,"N20","low","2.0NRT",306.45,2.78,"D"
"1445",32.93705,47.7416,335.29,0.37,0.58,"2026-09-14",913,"N20","low","2.0NRT",307.08,2.72,"D"
"1446",32.48934,45.6633,342.62,0.5,0.66,"2026-09-14",913,"N20","low","2.0NRT",314.1,5.2,"D"
"1447",32.9161,46.44416,345,0.44,0.62,"2026-09-14",913,"N20","low","2.0NRT",315.76,2.99,"D"
"1448",33.25252,47.73616,351.83,0.36,0.58,"2026-09-14",913,"N20","nominal","2.0NRT",314.33,4.77,"D"
"1449",33.25307,47.73693,347.91,0.36,0.58,"2026-09-14",913,"N20","nominal","2.0NRT",314.68,4.91,"D"
"1450",33.30771,47.84467,347.95,0.36,0.57,"2026-09-14",913,"N20","nominal","2.0NRT",315.65,3.77,"D"
"1451",33.60588,47.34526,348.23,0.38,0.58,"2026-09-14",913,"N20","nominal","2.0NRT",311.36,2.54,"D"
"1452",33.60514,47.34677,337.54,0.38,0.58,"2026-09-14",913,"N20","low","2.0NRT",311.29,2.76,"D"
"1453",33.1575,44.78933,367,0.53,0.67,"2026-09-14",913,"N20","high","2.0NRT",315.81,9.91,"D"
"1454",33.15754,44.78832,367,0.53,0.67,"2026-09-14",913,"N20","high","2.0NRT",316.54,12.26,"D"
"1455",33.69662,46.22913,353.41,0.43,0.62,"2026-09-14",913,"N20","nominal","2.0NRT",310.96,4.97,"D"
"1456",33.32113,44.57275,345.63,0.54,0.68,"2026-09-14",913,"N20","nominal","2.0NRT",314.85,6.93,"D"
"1457",33.32051,44.57236,343.34,0.54,0.68,"2026-09-14",913,"N20","low","2.0NRT",314.97,5.24,"D"
"1458",36.5345,59.46268,337.83,0.4,0.37,"2026-09-14",913,"N20","low","2.0NRT",312.47,2.03,"D"
"1459",34.42782,48.0034,345.84,0.33,0.55,"2026-09-14",913,"N20","nominal","2.0NRT",308.49,3.08,"D"
"1460",34.42767,48.00365,344.5,0.33,0.55,"2026-09-14",913,"N20","nominal","2.0NRT",308.58,3.45,"D"
"1461",37.03215,62.41914,344.61,0.51,0.41,"2026-09-14",913,"N20","nominal","2.0NRT",316.57,10.63,"D"
"1462",34.47035,47.91745,337.89,0.33,0.55,"2026-09-14",913,"N20","low","2.0NRT",311.44,2.86,"D"
"1463",34.45113,47.60878,336.59,0.35,0.56,"2026-09-14",913,"N20","low","2.0NRT",309.08,2.01,"D"
"1464",37.50131,65.36196,350.92,0.48,0.48,"2026-09-14",913,"N20","nominal","2.0NRT",313.33,21.98,"D"
"1465",37.22433,60.67661,340.87,0.44,0.38,"2026-09-14",913,"N20","low","2.0NRT",314.65,5.01,"D"
"1466",33.93969,43.9003,351.09,0.57,0.69,"2026-09-14",913,"N20","nominal","2.0NRT",315.67,7.2,"D"
"1467",37.49776,61.84666,336.06,0.49,0.4,"2026-09-14",913,"N20","low","2.0NRT",309.83,3.4,"D"
"1468",34.15964,44.58846,340.47,0.52,0.67,"2026-09-14",913,"N20","low","2.0NRT",314.51,4.66,"D"
"1469",37.59103,61.52896,341.08,0.47,0.4,"2026-09-14",913,"N20","low","2.0NRT",313.43,5.69,"D"
"1470",37.60782,61.60815,338.11,0.48,0.4,"2026-09-14",913,"N20","low","2.0NRT",313.11,3.56,"D"
"1471",35.22807,48.0745,342.66,0.63,0.54,"2026-09-14",913,"N20","nominal","2.0NRT",309.97,8.42,"D"
"1472",35.22617,48.07921,339.83,0.63,0.54,"2026-09-14",913,"N20","nominal","2.0NRT",307.29,14.75,"D"
"1473",34.33163,43.68081,342.69,0.57,0.69,"2026-09-14",913,"N20","nominal","2.0NRT",311.89,4.44,"D"
"1474",34.86437,44.02332,367,0.53,0.67,"2026-09-14",913,"N20","high","2.0NRT",314.51,10.23,"D"
"1475",34.97627,44.2824,341.63,0.51,0.66,"2026-09-14",913,"N20","nominal","2.0NRT",309.54,3.7,"D"
"1476",34.89603,43.80812,367,0.54,0.68,"2026-09-14",913,"N20","high","2.0NRT",319.25,45.35,"D"
"1477",34.89443,43.80241,346.13,0.54,0.68,"2026-09-14",913,"N20","nominal","2.0NRT",317.12,33.5,"D"
"1478",37.96272,58.32051,337.62,0.39,0.36,"2026-09-14",913,"N20","nominal","2.0NRT",305.06,1.3,"D"
"1479",37.96474,58.31091,338.85,0.39,0.36,"2026-09-14",913,"N20","nominal","2.0NRT",305.6,4.95,"D"
"1480",37.96933,58.319,336.65,0.39,0.36,"2026-09-14",913,"N20","nominal","2.0NRT",305.3,4.63,"D"
"1481",34.89546,43.80775,367,0.54,0.68,"2026-09-14",913,"N20","high","2.0NRT",319.52,31.07,"D"
"1482",34.89383,43.80206,344.1,0.54,0.68,"2026-09-14",913,"N20","nominal","2.0NRT",317.42,31.07,"D"
"1483",34.9091,43.43304,339.29,0.57,0.69,"2026-09-14",913,"N20","low","2.0NRT",313.46,8.34,"D"
"1484",35.9967,47.43874,367,0.32,0.55,"2026-09-14",913,"N20","high","2.0NRT",316.81,20.75,"D"
"1485",35.99587,47.43539,367,0.32,0.55,"2026-09-14",913,"N20","high","2.0NRT",312.08,13.13,"D"
"1486",36.00157,47.43704,367,0.32,0.55,"2026-09-14",913,"N20","high","2.0NRT",311.11,7.42,"D"
"1487",36.00076,47.43376,367,0.32,0.55,"2026-09-14",913,"N20","high","2.0NRT",312.03,7.39,"D"
"1488",35.99992,47.43039,343.39,0.32,0.55,"2026-09-14",913,"N20","nominal","2.0NRT",310.87,7.39,"D"
"1489",35.24232,44.43371,367,0.49,0.65,"2026-09-14",913,"N20","high","2.0NRT",314.7,7.44,"D"
"1490",35.24807,44.43148,352.74,0.49,0.65,"2026-09-14",913,"N20","nominal","2.0NRT",315.45,30.92,"D"
"1491",34.99747,43.49262,346.28,0.56,0.69,"2026-09-14",913,"N20","nominal","2.0NRT",312.75,5.22,"D"
"1492",35.02046,43.50259,367,0.56,0.69,"2026-09-14",913,"N20","high","2.0NRT",313.3,14.92,"D"
"1493",35.01881,43.49677,352.97,0.56,0.69,"2026-09-14",913,"N20","nominal","2.0NRT",313.01,14.92,"D"
"1494",38.14211,57.98834,333.08,0.39,0.36,"2026-09-14",913,"N20","low","2.0NRT",306.28,2.01,"D"
"1495",35.00159,43.49044,349.79,0.56,0.69,"2026-09-14",913,"N20","nominal","2.0NRT",312.03,3.32,"D"
"1496",35.0187,43.50294,367,0.56,0.69,"2026-09-14",913,"N20","high","2.0NRT",312.99,21.51,"D"
"1497",35.017,43.49714,351.45,0.56,0.69,"2026-09-14",913,"N20","nominal","2.0NRT",312.97,19.64,"D"
"1498",35.1078,43.41507,339.45,0.56,0.69,"2026-09-14",913,"N20","low","2.0NRT",312.79,4.77,"D"
"1499",35.25078,43.87498,340.67,0.53,0.67,"2026-09-14",913,"N20","nominal","2.0NRT",308.19,6.72,"D"
"1500",35.10414,43.41098,341.37,0.56,0.69,"2026-09-14",913,"N20","low","2.0NRT",313.91,3.77,"D"
"1501",35.24559,43.87786,338.88,0.53,0.67,"2026-09-14",913,"N20","nominal","2.0NRT",310.18,3.41,"D"
"1502",35.25147,43.87547,338.03,0.53,0.67,"2026-09-14",913,"N20","nominal","2.0NRT",307.77,2.26,"D"
"1503",35.38252,44.22399,337.76,0.5,0.66,"2026-09-14",913,"N20","low","2.0NRT",312.07,10.55,"D"
"1504",35.45778,44.4255,342.47,0.49,0.65,"2026-09-14",913,"N20","nominal","2.0NRT",312.23,4.2,"D"
"1505",35.45634,44.42031,341.08,0.49,0.65,"2026-09-14",913,"N20","nominal","2.0NRT",310.5,4.2,"D"
"1506",35.52822,44.34334,367,0.49,0.65,"2026-09-14",913,"N20","high","2.0NRT",314.04,12.24,"D"
"1507",35.48849,44.15538,367,0.5,0.66,"2026-09-14",913,"N20","high","2.0NRT",315.72,24.92,"D"
"1508",35.32347,43.47894,343.65,0.55,0.68,"2026-09-14",913,"N20","nominal","2.0NRT",313,4.41,"D"
"1509",35.56383,44.28839,347.18,0.49,0.65,"2026-09-14",913,"N20","nominal","2.0NRT",313.93,5.45,"D"
"1510",35.62506,44.01309,367,0.51,0.66,"2026-09-14",913,"N20","high","2.0NRT",313.76,6.34,"D"
"1511",35.63077,44.01044,367,0.51,0.66,"2026-09-14",913,"N20","high","2.0NRT",313.99,12.64,"D"
"1512",35.62724,44.01101,355.08,0.51,0.66,"2026-09-14",913,"N20","nominal","2.0NRT",319.46,22.98,"D"
"1513",35.66026,43.96792,349.66,0.51,0.66,"2026-09-14",913,"N20","nominal","2.0NRT",314.54,4.76,"D"
"1514",35.72611,44.04214,367,0.5,0.66,"2026-09-14",913,"N20","high","2.0NRT",314.93,18.35,"D"
"1515",35.68119,43.88115,347.47,0.51,0.66,"2026-09-14",913,"N20","nominal","2.0NRT",312.14,32.06,"D"
"1516",35.68702,43.87879,367,0.51,0.66,"2026-09-14",913,"N20","high","2.0NRT",318.72,32.06,"D"
"1517",35.73042,44.03459,340.39,0.5,0.66,"2026-09-14",913,"N20","nominal","2.0NRT",313.16,9.76,"D"
"1518",35.68552,43.87342,344.94,0.51,0.66,"2026-09-14",913,"N20","nominal","2.0NRT",313.49,36.4,"D"
"1519",35.72376,44.04642,346.74,0.5,0.66,"2026-09-14",913,"N20","nominal","2.0NRT",312.11,11.28,"D"
"1520",35.72222,44.04103,352.75,0.5,0.66,"2026-09-14",913,"N20","nominal","2.0NRT",315.5,18.15,"D"
"1521",35.68377,43.88372,349.05,0.51,0.66,"2026-09-14",913,"N20","nominal","2.0NRT",311.79,34.85,"D"
"1522",35.68222,43.87831,367,0.51,0.66,"2026-09-14",913,"N20","low","2.0NRT",325.03,62.48,"D"
"1523",35.77411,43.99708,351.35,0.5,0.66,"2026-09-14",913,"N20","nominal","2.0NRT",312.74,3.87,"D"
"1524",35.66166,43.55436,356.11,0.54,0.67,"2026-09-14",913,"N20","nominal","2.0NRT",313.38,11.3,"D"
"1525",35.66006,43.54874,355.37,0.54,0.68,"2026-09-14",913,"N20","nominal","2.0NRT",316.47,11.3,"D"
"1526",35.66802,43.36974,339.52,0.55,0.68,"2026-09-14",913,"N20","low","2.0NRT",311.57,1.68,"D"
"1527",35.82118,43.71978,345.39,0.52,0.67,"2026-09-14",913,"N20","nominal","2.0NRT",311.33,5.45,"D"
"1528",35.98031,43.77143,353.4,0.51,0.66,"2026-09-14",913,"N20","nominal","2.0NRT",313.92,4.88,"D"
"1529",35.99755,43.76368,344.43,0.51,0.66,"2026-09-14",913,"N20","nominal","2.0NRT",313.36,3.9,"D"
"1530",35.98222,43.76962,351.43,0.51,0.66,"2026-09-14",913,"N20","nominal","2.0NRT",314.52,5.97,"D"
"1531",35.99947,43.76192,344.08,0.51,0.66,"2026-09-14",913,"N20","nominal","2.0NRT",312.83,2.93,"D"
"1532",35.98757,43.37609,339.4,0.54,0.68,"2026-09-14",913,"N20","low","2.0NRT",314.25,9.42,"D"
"1533",35.98685,43.37416,339.27,0.54,0.68,"2026-09-14",913,"N20","low","2.0NRT",314.26,10.98,"D"
"1534",36.16439,43.83348,338.34,0.5,0.66,"2026-09-14",913,"N20","low","2.0NRT",312.97,3.31,"D"
"1535",39.85135,63.12884,341.61,0.39,0.44,"2026-09-14",913,"N20","low","2.0NRT",315,1.94,"D"
"1536",37.16904,47.04338,347.34,0.32,0.54,"2026-09-14",913,"N20","nominal","2.0NRT",311.15,3.03,"D"
"1537",36.18882,43.3632,352.23,0.53,0.67,"2026-09-14",913,"N20","nominal","2.0NRT",314.14,6.57,"D"
"1538",36.21486,42.8763,367,0.56,0.69,"2026-09-14",913,"N20","high","2.0NRT",313.35,15.53,"D"
"1539",36.21313,42.87703,367,0.56,0.69,"2026-09-14",913,"N20","high","2.0NRT",313.84,13.97,"D"
"1540",35.98433,41.70609,337.38,0.66,0.73,"2026-09-14",913,"N20","low","2.0NRT",309.55,3.84,"D"
"1541",36.46026,43.29398,339.66,0.53,0.67,"2026-09-14",913,"N20","low","2.0NRT",311.95,6.3,"D"
"1542",35.98817,41.70342,338.35,0.66,0.73,"2026-09-14",913,"N20","low","2.0NRT",309.85,3.97,"D"
"1543",40.66092,69.16489,336.67,0.42,0.61,"2026-09-14",913,"N20","nominal","2.0NRT",296.94,3.09,"D"
"1544",36.17236,42.12589,344.92,0.62,0.71,"2026-09-14",913,"N20","nominal","2.0NRT",310.4,5.35,"D"
"1545",36.17044,42.11945,344.21,0.62,0.71,"2026-09-14",913,"N20","nominal","2.0NRT",311.46,5.35,"D"
"1546",36.17311,42.12599,341.94,0.62,0.71,"2026-09-14",913,"N20","nominal","2.0NRT",309.77,6.95,"D"
"1547",36.17116,42.11958,348.68,0.62,0.71,"2026-09-14",913,"N20","nominal","2.0NRT",311.8,8.54,"D"
"1548",40.34295,63.68968,349.68,0.43,0.46,"2026-09-14",913,"N20","nominal","2.0NRT",318.1,10.67,"D"
"1549",40.76666,68.93423,342.18,0.4,0.6,"2026-09-14",913,"N20","nominal","2.0NRT",299.38,3.83,"D"
"1550",36.23265,41.74137,341.64,0.64,0.72,"2026-09-14",913,"N20","nominal","2.0NRT",311.6,4.4,"D"
"1551",36.23895,41.73859,367,0.64,0.72,"2026-09-14",913,"N20","high","2.0NRT",310.06,14.71,"D"
"1552",36.2369,41.73185,354.5,0.64,0.72,"2026-09-14",913,"N20","nominal","2.0NRT",313.32,14.71,"D"
"1553",40.86896,69.533,346.92,0.44,0.62,"2026-09-14",913,"N20","nominal","2.0NRT",303.9,5.6,"D"
"1554",37.44032,45.90493,334.46,0.36,0.57,"2026-09-14",913,"N20","nominal","2.0NRT",307.69,1.65,"D"
"1555",36.44097,42.29524,338.11,0.59,0.7,"2026-09-14",913,"N20","low","2.0NRT",310.6,4.75,"D"
"1556",36.77438,43.33169,337.52,0.51,0.66,"2026-09-14",913,"N20","nominal","2.0NRT",307.07,6.25,"D"
"1557",36.77252,43.32511,340.93,0.51,0.66,"2026-09-14",913,"N20","nominal","2.0NRT",310,7.35,"D"
"1558",37.32382,45.28223,331.47,0.39,0.59,"2026-09-14",913,"N20","low","2.0NRT",304.4,1.31,"D"
"1559",36.77533,43.32709,353.53,0.51,0.66,"2026-09-14",913,"N20","nominal","2.0NRT",308.85,7.85,"D"
"1560",36.92124,43.79165,340.22,0.48,0.65,"2026-09-14",913,"N20","nominal","2.0NRT",300.86,6.22,"D"
"1561",36.86719,43.48928,337.69,0.5,0.66,"2026-09-14",913,"N20","nominal","2.0NRT",302.77,5.67,"D"
"1562",40.97043,68.35941,330.45,0.38,0.59,"2026-09-14",913,"N20","nominal","2.0NRT",298.24,2.08,"D"
"1563",40.97204,68.36031,330.76,0.38,0.59,"2026-09-14",913,"N20","nominal","2.0NRT",297.8,1.64,"D"
"1564",36.70142,42.41375,346.98,0.58,0.69,"2026-09-14",913,"N20","nominal","2.0NRT",312.2,7.7,"D"
"1565",36.92843,42.85019,344.69,0.54,0.68,"2026-09-14",913,"N20","nominal","2.0NRT",311.44,6.07,"D"
"1566",36.94313,42.13222,338.09,0.59,0.7,"2026-09-14",913,"N20","low","2.0NRT",311.84,5.33,"D"
"1567",36.96331,41.93865,341.41,0.6,0.7,"2026-09-14",913,"N20","low","2.0NRT",312.36,4.58,"D"
"1568",37.54039,43.0405,337.24,0.51,0.66,"2026-09-14",915,"N20","nominal","2.0NRT",306.91,5,"D"
"1569",36.71738,40.2944,367,0.74,0.76,"2026-09-14",915,"N20","high","2.0NRT",307.57,37.6,"D"
"1570",36.71492,40.28666,351.02,0.74,0.76,"2026-09-14",915,"N20","nominal","2.0NRT",313.71,39.22,"D"
"1571",36.96663,40.9499,337.71,0.67,0.74,"2026-09-14",915,"N20","low","2.0NRT",312.15,5.25,"D"
"1572",36.82029,40.42991,367,0.72,0.76,"2026-09-14",915,"N20","high","2.0NRT",309.03,13.71,"D"
"1573",36.95966,40.87976,340.05,0.68,0.74,"2026-09-14",915,"N20","low","2.0NRT",311.69,9.26,"D"
"1574",36.77326,40.23148,342.63,0.74,0.76,"2026-09-14",915,"N20","nominal","2.0NRT",308.61,5.46,"D"
"1575",36.95686,40.88276,338.32,0.68,0.74,"2026-09-14",915,"N20","low","2.0NRT",312.18,7.67,"D"
"1576",36.82168,40.43152,344.16,0.72,0.76,"2026-09-14",915,"N20","nominal","2.0NRT",308.35,8.55,"D"
"1577",36.81929,40.42402,336.23,0.72,0.76,"2026-09-14",915,"N20","nominal","2.0NRT",308.12,9.46,"D"
"1578",36.77779,40.22284,352.21,0.74,0.76,"2026-09-14",915,"N20","nominal","2.0NRT",309.64,15.54,"D"
"1579",37.09451,41.02119,341.57,0.66,0.73,"2026-09-14",915,"N20","low","2.0NRT",313.25,7.17,"D"
"1580",36.99459,40.64991,349.39,0.7,0.75,"2026-09-14",915,"N20","nominal","2.0NRT",309.14,7.82,"D"
"1581",37.09173,41.02172,342.13,0.66,0.73,"2026-09-14",915,"N20","nominal","2.0NRT",313.5,6.71,"D"
"1582",36.98991,40.65179,342.37,0.7,0.75,"2026-09-14",915,"N20","nominal","2.0NRT",309.32,7.45,"D"
"1583",36.77297,39.83162,367,0.78,0.78,"2026-09-14",915,"N20","high","2.0NRT",312.75,56.43,"D"
"1584",36.77959,39.82816,346.51,0.78,0.78,"2026-09-14",915,"N20","nominal","2.0NRT",316.7,56.43,"D"
"1585",39.36881,48.22599,334.84,0.49,0.48,"2026-09-14",915,"N20","low","2.0NRT",306.13,1.82,"D"
"1586",38.83667,45.12765,335.47,0.36,0.58,"2026-09-14",915,"N20","low","2.0NRT",310.34,2.97,"D"
"1587",39.24063,46.4371,340.67,0.61,0.53,"2026-09-14",915,"N20","nominal","2.0NRT",303.13,19.41,"D"
"1588",39.23883,46.42987,332.22,0.61,0.53,"2026-09-14",915,"N20","nominal","2.0NRT",302.62,19.41,"D"
"1589",39.2454,46.4355,340.41,0.61,0.53,"2026-09-14",915,"N20","nominal","2.0NRT",302.11,19.41,"D"
"1590",39.24359,46.42825,330.77,0.61,0.53,"2026-09-14",915,"N20","nominal","2.0NRT",304.93,19.41,"D"
"1591",37.47781,39.55186,339.2,0.77,0.77,"2026-09-14",915,"N20","nominal","2.0NRT",307.78,6.31,"D"
"1592",39.46041,46.29495,339.34,0.61,0.53,"2026-09-14",915,"N20","nominal","2.0NRT",305.27,5.09,"D"
"1593",39.47485,46.2697,331.31,0.61,0.54,"2026-09-14",915,"N20","low","2.0NRT",303.07,9.99,"D"
"1594",39.4775,46.26783,335.93,0.61,0.54,"2026-09-14",915,"N20","nominal","2.0NRT",298.58,8.4,"D"
"1595",39.47587,46.26141,340.34,0.61,0.54,"2026-09-14",915,"N20","nominal","2.0NRT",299.72,8.4,"D"
"1596",39.57189,46.47874,331.09,0.59,0.53,"2026-09-14",915,"N20","low","2.0NRT",305.34,4.42,"D"
"1597",42.78798,69.54459,342.75,0.45,0.63,"2026-09-14",915,"N20","nominal","2.0NRT",307.39,3.33,"D"
"1598",37.94376,40.354,355.58,0.68,0.74,"2026-09-14",915,"N20","nominal","2.0NRT",309.25,16.03,"D"
"1599",37.94156,40.3469,332.79,0.68,0.74,"2026-09-14",915,"N20","nominal","2.0NRT",307.66,11.53,"D"
"1600",42.7873,69.54316,336.19,0.45,0.63,"2026-09-14",915,"N20","low","2.0NRT",306.95,2.68,"D"
"1601",37.94734,40.35315,345.27,0.68,0.74,"2026-09-14",915,"N20","nominal","2.0NRT",310.49,9.05,"D"
"1602",37.94515,40.34623,345.67,0.68,0.74,"2026-09-14",915,"N20","nominal","2.0NRT",309.39,9.05,"D"
"1603",37.95363,40.34982,352.99,0.68,0.74,"2026-09-14",915,"N20","nominal","2.0NRT",307.18,9.05,"D"
"1604",42.16448,59.32077,332.26,0.44,0.38,"2026-09-14",915,"N20","low","2.0NRT",306.01,3.02,"D"
"1605",43.06377,70.7761,354.77,0.52,0.67,"2026-09-14",915,"N20","nominal","2.0NRT",302.57,5.97,"D"
"1606",40.33923,48.37672,330.45,0.46,0.47,"2026-09-14",915,"N20","nominal","2.0NRT",300.26,2.61,"D"
"1607",43.06231,70.77276,341.48,0.52,0.67,"2026-09-14",915,"N20","nominal","2.0NRT",302.44,3.22,"D"
"1608",40.34802,47.11737,331.65,0.53,0.5,"2026-09-14",915,"N20","nominal","2.0NRT",301.61,2.39,"D"
"1609",39.23749,42.74159,352.8,0.47,0.64,"2026-09-14",915,"N20","nominal","2.0NRT",305.92,6.35,"D"
"1610",43.56589,67.38567,353.5,0.35,0.57,"2026-09-14",915,"N20","nominal","2.0NRT",307.07,3.64,"D"
"1611",40.09381,44.26615,334.94,0.37,0.58,"2026-09-14",915,"N20","nominal","2.0NRT",303.66,3.21,"D"
"1612",43.05136,59.54245,334.74,0.45,0.39,"2026-09-14",915,"N20","nominal","2.0NRT",303.63,2.51,"D"
"1613",40.32657,44.39579,338.01,0.36,0.58,"2026-09-14",915,"N20","nominal","2.0NRT",306.97,3.74,"D"
"1614",43.9393,67.27017,340.4,0.35,0.57,"2026-09-14",915,"N20","nominal","2.0NRT",308.89,2.12,"D"
"1615",41.51755,48.35283,330.31,0.43,0.46,"2026-09-14",915,"N20","low","2.0NRT",302.19,3.69,"D"
"1616",44.53466,72.41777,367,0.64,0.72,"2026-09-14",915,"N20","high","2.0NRT",307.98,15.38,"D"
"1617",39.73456,40.28763,330.56,0.6,0.71,"2026-09-14",915,"N20","low","2.0NRT",301.06,6.65,"D"
"1618",40.84529,44.07575,338.32,0.36,0.58,"2026-09-14",915,"N20","nominal","2.0NRT",303.42,2.98,"D"
"1619",39.73523,40.28415,345.68,0.6,0.71,"2026-09-14",915,"N20","nominal","2.0NRT",302.96,6.22,"D"
"1620",44.53722,72.41565,367,0.64,0.72,"2026-09-14",915,"N20","high","2.0NRT",309.88,13.71,"D"
"1621",40.81003,43.90447,344.38,0.37,0.58,"2026-09-14",915,"N20","nominal","2.0NRT",306.02,6,"D"
"1622",40.81971,43.91911,329.87,0.37,0.58,"2026-09-14",915,"N20","nominal","2.0NRT",304.56,2.38,"D"
"1623",41.329,44.83984,367,0.32,0.55,"2026-09-14",915,"N20","high","2.0NRT",305.92,8.06,"D"
"1624",41.62821,45.12607,328.89,0.61,0.54,"2026-09-14",915,"N20","nominal","2.0NRT",301.58,3.77,"D"
"1625",41.50163,43.36693,367,0.38,0.59,"2026-09-14",915,"N20","high","2.0NRT",303.66,6.75,"D"
"1626",45.95059,65.72678,343.73,0.61,0.54,"2026-09-14",915,"N20","nominal","2.0NRT",304.8,11.94,"D"
"1627",43.29002,46.44381,339.36,0.48,0.48,"2026-09-14",915,"N20","nominal","2.0NRT",298.73,5.73,"D"
"1628",43.50555,47.13297,338.66,0.44,0.46,"2026-09-14",915,"N20","nominal","2.0NRT",304.05,3.98,"D"
"1629",43.50491,47.13087,339.91,0.44,0.46,"2026-09-14",915,"N20","nominal","2.0NRT",303.46,3.85,"D"
"1630",43.30589,45.52101,335.47,0.53,0.5,"2026-09-14",915,"N20","nominal","2.0NRT",303.57,5.32,"D"
"1631",43.30439,45.51493,331.49,0.53,0.5,"2026-09-14",915,"N20","nominal","2.0NRT",302.82,3.52,"D"
"1632",43.14642,44.10696,328.23,0.63,0.54,"2026-09-14",915,"N20","low","2.0NRT",300.38,3.44,"D"
"1633",43.27719,44.56982,342.56,0.59,0.53,"2026-09-14",915,"N20","nominal","2.0NRT",307.31,8.37,"D"
"1634",43.28178,44.56757,335.92,0.59,0.53,"2026-09-14",915,"N20","nominal","2.0NRT",301.84,3.83,"D"
"1635",43.20259,44.15998,328.54,0.62,0.54,"2026-09-14",915,"N20","nominal","2.0NRT",300.39,3.42,"D"
"1636",43.99127,46.88424,341.34,0.44,0.46,"2026-09-14",915,"N20","nominal","2.0NRT",300.79,6.38,"D"
"1637",43.51811,44.85324,338.07,0.56,0.52,"2026-09-14",915,"N20","nominal","2.0NRT",306.08,8.58,"D"
"1638",43.52005,44.85245,345.22,0.56,0.52,"2026-09-14",915,"N20","nominal","2.0NRT",306.79,8.59,"D"
"1639",44.91522,48.95843,331.42,0.52,0.41,"2026-09-14",915,"N20","nominal","2.0NRT",292.86,3.99,"D"
"1640",44.91516,48.95777,335.31,0.52,0.41,"2026-09-14",915,"N20","nominal","2.0NRT",292.36,5.35,"D"
"1641",43.83891,43.89165,338.3,0.61,0.54,"2026-09-14",915,"N20","nominal","2.0NRT",302.49,4.6,"D"
"1642",43.83671,43.89266,332.82,0.61,0.54,"2026-09-14",915,"N20","nominal","2.0NRT",301.88,7.99,"D"
"1643",44.99842,48.48093,336.86,0.54,0.42,"2026-09-14",915,"N20","nominal","2.0NRT",292.61,2.89,"D"
"1644",43.79314,43.42764,331.11,0.32,0.55,"2026-09-14",915,"N20","low","2.0NRT",303.72,3.27,"D"
"1645",45.00215,48.47935,342.75,0.54,0.42,"2026-09-14",915,"N20","nominal","2.0NRT",292.77,11.99,"D"
"1646",44.29064,45.31803,334.61,0.51,0.49,"2026-09-14",915,"N20","low","2.0NRT",306.76,6.51,"D"
"1647",43.97901,43.39323,338.16,0.32,0.55,"2026-09-14",915,"N20","nominal","2.0NRT",303.9,1.74,"D"
"1648",43.98476,43.39461,367,0.32,0.55,"2026-09-14",915,"N20","high","2.0NRT",306.91,6.67,"D"
"1649",43.98576,43.39835,341.51,0.32,0.55,"2026-09-14",915,"N20","nominal","2.0NRT",305.65,6.67,"D"
"1650",44.38828,44.54589,367,0.55,0.51,"2026-09-14",915,"N20","high","2.0NRT",307.36,11.09,"D"
"1651",44.4747,44.67083,342.28,0.54,0.51,"2026-09-14",915,"N20","nominal","2.0NRT",305.53,9.05,"D"
"1652",44.47336,44.67044,335.48,0.54,0.51,"2026-09-14",915,"N20","nominal","2.0NRT",305.7,3.7,"D"
"1653",45.15254,47.47706,338,0.39,0.44,"2026-09-14",915,"N20","nominal","2.0NRT",304.11,5.7,"D"
"1654",44.47779,44.66826,342.02,0.54,0.51,"2026-09-14",915,"N20","nominal","2.0NRT",306,3.7,"D"
"1655",44.08687,42.92843,338.25,0.33,0.56,"2026-09-14",915,"N20","nominal","2.0NRT",303.33,4.04,"D"
"1656",44.75397,44.74571,342.06,0.53,0.5,"2026-09-14",915,"N20","nominal","2.0NRT",299.83,7.74,"D"
"1657",44.12534,42.013,334.46,0.37,0.58,"2026-09-14",915,"N20","nominal","2.0NRT",302.5,2.86,"D"
"1658",44.18592,42.10741,367,0.36,0.58,"2026-09-14",915,"N20","high","2.0NRT",304.8,8.95,"D"
"1659",45.11677,43.4314,331.4,0.59,0.53,"2026-09-14",915,"N20","nominal","2.0NRT",300.68,3.75,"D"
"1660",48.16219,57.14603,341.12,0.43,0.38,"2026-09-14",915,"N20","nominal","2.0NRT",310.97,14.65,"D"
"1661",46.77536,48.12168,345.08,0.51,0.41,"2026-09-14",917,"N20","nominal","2.0NRT",306.23,7.73,"D"
"1662",44.84354,40.28468,325.86,0.42,0.61,"2026-09-14",917,"N20","nominal","2.0NRT",293.29,2.6,"D"
"1663",44.84208,40.27976,330.27,0.42,0.61,"2026-09-14",917,"N20","nominal","2.0NRT",295.99,2.6,"D"
"1664",44.85604,40.30622,345.86,0.42,0.61,"2026-09-14",917,"N20","nominal","2.0NRT",296.26,7.85,"D"
"1665",44.85459,40.30131,333.49,0.42,0.61,"2026-09-14",917,"N20","nominal","2.0NRT",296.51,5.01,"D"
"1666",44.84876,40.28161,346.93,0.42,0.61,"2026-09-14",917,"N20","nominal","2.0NRT",293.88,11.22,"D"
"1667",44.86124,40.30313,367,0.42,0.61,"2026-09-14",917,"N20","high","2.0NRT",296.98,7.85,"D"
"1668",44.86269,40.30804,348.61,0.42,0.61,"2026-09-14",917,"N20","nominal","2.0NRT",294.19,7.85,"D"
"1669",44.85979,40.2982,335.6,0.42,0.61,"2026-09-14",917,"N20","nominal","2.0NRT",295.6,5.01,"D"
"1670",44.86646,40.3,334.57,0.42,0.61,"2026-09-14",917,"N20","nominal","2.0NRT",293.94,3.68,"D"
"1671",47.5281,51.67004,340.12,0.4,0.37,"2026-09-14",917,"N20","nominal","2.0NRT",308.08,9.88,"D"
"1672",47.52721,51.66486,343.08,0.4,0.37,"2026-09-14",917,"N20","low","2.0NRT",314.63,9.88,"D"
"1673",48.47316,57.66748,338.21,0.45,0.39,"2026-09-14",917,"N20","nominal","2.0NRT",303.06,7.45,"D"
"1674",45.6451,41.71128,336.86,0.34,0.56,"2026-09-14",917,"N20","nominal","2.0NRT",305.79,2.27,"D"
"1675",45.6522,41.71665,342.48,0.34,0.56,"2026-09-14",917,"N20","nominal","2.0NRT",302.4,37.44,"D"
"1676",45.64991,41.70848,354.28,0.34,0.56,"2026-09-14",917,"N20","nominal","2.0NRT",305.54,35.13,"D"
"1677",45.65701,41.71384,367,0.34,0.56,"2026-09-14",917,"N20","high","2.0NRT",303.85,37.44,"D"
"1678",45.65586,41.70975,338.93,0.34,0.56,"2026-09-14",917,"N20","nominal","2.0NRT",312.19,37.44,"D"
"1679",46.14676,42.10174,344.55,0.32,0.54,"2026-09-14",917,"N20","nominal","2.0NRT",303.02,2.7,"D"
"1680",46.14564,42.05791,331.54,0.32,0.55,"2026-09-14",917,"N20","low","2.0NRT",303.13,2.28,"D"
"1681",46.15036,42.05532,334.67,0.32,0.55,"2026-09-14",917,"N20","low","2.0NRT",304.99,2.28,"D"
"1682",48.47546,44.06465,342.17,0.45,0.47,"2026-09-14",917,"N20","nominal","2.0NRT",302.63,3.2,"D"
"1683",48.56849,43.64843,352.62,0.47,0.47,"2026-09-14",917,"N20","nominal","2.0NRT",305.62,9.75,"D"
"1684",49.27536,45.25004,336.97,0.39,0.44,"2026-09-14",917,"N20","nominal","2.0NRT",301.79,2.29,"D"
"1685",46.35505,34.22009,331.59,0.69,0.74,"2026-09-14",917,"N20","nominal","2.0NRT",290.86,7.2,"D"
"1686",50.4987,46.42017,333.71,0.5,0.41,"2026-09-14",917,"N20","low","2.0NRT",304.04,3.99,"D"
"1687",50.50864,46.42986,337.63,0.49,0.41,"2026-09-14",917,"N20","nominal","2.0NRT",302.43,10.22,"D"
"1688",52.22813,54.1208,329.5,0.4,0.37,"2026-09-14",917,"N20","nominal","2.0NRT",290.21,2.21,"D"
"1689",50.44497,43.36109,333.77,0.43,0.46,"2026-09-14",917,"N20","nominal","2.0NRT",301.64,4.14,"D"
"1690",53.39999,61.02722,351.07,0.45,0.47,"2026-09-14",917,"N20","nominal","2.0NRT",297.74,11.41,"D"
"1691",53.39048,54.29925,332.9,0.41,0.37,"2026-09-14",917,"N20","nominal","2.0NRT",299.86,4.39,"D"
"1692",53.3897,54.29309,330.75,0.41,0.37,"2026-09-14",917,"N20","nominal","2.0NRT",300.74,4.69,"D"
"1693",53.39725,54.2969,335.15,0.41,0.37,"2026-09-14",917,"N20","nominal","2.0NRT",302.11,4.49,"D"
"1694",53.80084,47.60315,330.47,0.41,0.37,"2026-09-14",920,"N20","nominal","2.0NRT",290.25,5.17,"D"
"1695",55.815,49.03565,329.44,0.39,0.36,"2026-09-14",920,"N20","nominal","2.0NRT",291.5,2.72,"D"
"1696",53.37778,35.75546,350.25,0.34,0.56,"2026-09-14",920,"N20","nominal","2.0NRT",288.06,3.14,"D"
"1697",53.37642,35.75101,329,0.34,0.56,"2026-09-14",920,"N20","nominal","2.0NRT",290.43,3.14,"D"
"1698",56.25087,45.56689,341.21,0.42,0.38,"2026-09-14",920,"N20","nominal","2.0NRT",291.46,6.32,"D"
"1699",56.25417,45.56488,336.14,0.42,0.38,"2026-09-14",920,"N20","nominal","2.0NRT",289.99,6.32,"D"
"1700",52.6607,31.58398,331.81,0.51,0.66,"2026-09-14",920,"N20","nominal","2.0NRT",281.97,3.33,"D"
"1701",51.89151,29.34881,329.19,0.66,0.73,"2026-09-14",920,"N20","nominal","2.0NRT",286.61,3.57,"D"
"1702",59.88766,71.73484,326.66,0.62,0.71,"2026-09-14",920,"N20","nominal","2.0NRT",284.88,5.62,"D"
"1703",59.89066,71.73736,341.37,0.62,0.71,"2026-09-14",920,"N20","nominal","2.0NRT",284.43,5.31,"D"
"1704",60.84115,70.79655,352.4,0.57,0.69,"2026-09-14",920,"N20","nominal","2.0NRT",283.22,7.13,"D"
"1705",60.84118,70.79617,345.82,0.57,0.69,"2026-09-14",920,"N20","nominal","2.0NRT",283.43,5.72,"D"
"1706",60.96176,70.86765,332.06,0.57,0.69,"2026-09-14",920,"N20","nominal","2.0NRT",282.86,4.67,"D"
"1707",61.75124,66.96267,330.43,0.43,0.62,"2026-09-14",920,"N20","nominal","2.0NRT",279.98,2.65,"D"
"1708",64.56782,73.90766,351.18,0.69,0.75,"2026-09-14",922,"N20","nominal","2.0NRT",287.19,15.85,"D"
"1709",64.57398,73.92461,350.22,0.69,0.75,"2026-09-14",922,"N20","nominal","2.0NRT",287.92,16.43,"D"
"1710",64.57544,73.89496,346.6,0.69,0.74,"2026-09-14",922,"N20","nominal","2.0NRT",287.92,15.85,"D"
"1711",64.57242,73.91409,367,0.69,0.75,"2026-09-14",922,"N20","high","2.0NRT",290.23,27.01,"D"
"1712",64.5732,73.89928,339.92,0.69,0.75,"2026-09-14",922,"N20","nominal","2.0NRT",286.71,14.35,"D"
"1713",64.57396,73.88451,346.47,0.69,0.74,"2026-09-14",922,"N20","nominal","2.0NRT",287.24,14.35,"D"
"1714",64.58237,73.85694,344.11,0.69,0.74,"2026-09-14",922,"N20","nominal","2.0NRT",288.32,12.17,"D"
"1715",64.59443,74.16436,326.64,0.71,0.75,"2026-09-14",922,"N20","nominal","2.0NRT",285.06,4.92,"D"
"1716",64.59602,74.13438,355.24,0.7,0.75,"2026-09-14",922,"N20","nominal","2.0NRT",288.47,21.29,"D"
"1717",64.59681,74.11925,334.94,0.7,0.75,"2026-09-14",922,"N20","nominal","2.0NRT",288.2,12.63,"D"
"1718",64.62888,73.76604,335.84,0.69,0.74,"2026-09-14",922,"N20","nominal","2.0NRT",288.83,7.68,"D"
"1719",64.63647,73.75346,329.73,0.69,0.74,"2026-09-14",922,"N20","nominal","2.0NRT",288.06,7.9,"D"
"1720",64.64333,73.75559,333.48,0.69,0.74,"2026-09-14",922,"N20","nominal","2.0NRT",286.33,7.9,"D"
"1721",64.64948,73.77251,339.22,0.69,0.74,"2026-09-14",922,"N20","nominal","2.0NRT",288.28,9.38,"D"
"1722",64.6278,73.76073,337.04,0.69,0.74,"2026-09-14",922,"N20","nominal","2.0NRT",288.72,13.9,"D"
"1723",64.64153,73.76494,341.15,0.69,0.74,"2026-09-14",922,"N20","nominal","2.0NRT",286.28,14.19,"D"
"1724",64.64764,73.78177,338.7,0.69,0.74,"2026-09-14",922,"N20","nominal","2.0NRT",287.24,8.39,"D"
"1725",59.38477,28.46267,325.38,0.35,0.57,"2026-09-14",922,"N20","nominal","2.0NRT",290.78,2.46,"D"
"1726",64.70645,75.03941,327.76,0.75,0.77,"2026-09-14",922,"N20","nominal","2.0NRT",287.55,5.71,"D"
"1727",64.70892,75.12199,325.42,0.75,0.77,"2026-09-14",922,"N20","nominal","2.0NRT",286.64,8.82,"D"
"1728",64.71352,75.04186,329.6,0.75,0.77,"2026-09-14",922,"N20","nominal","2.0NRT",286.27,6.1,"D"
"1729",64.71445,75.02581,326.24,0.75,0.77,"2026-09-14",922,"N20","nominal","2.0NRT",287.55,6.1,"D"
"1730",64.74946,74.52194,345.85,0.72,0.76,"2026-09-14",922,"N20","nominal","2.0NRT",286.65,20.29,"D"
"1731",64.75029,74.50635,355.57,0.72,0.76,"2026-09-14",922,"N20","nominal","2.0NRT",289.89,18.25,"D"
"1732",59.38625,28.4633,327.23,0.35,0.57,"2026-09-14",922,"N20","nominal","2.0NRT",288.77,1.81,"D"
"1733",64.70754,75.05394,325.96,0.75,0.77,"2026-09-14",922,"N20","nominal","2.0NRT",286.51,9.87,"D"
"1734",64.71556,75.04048,341,0.75,0.77,"2026-09-14",922,"N20","nominal","2.0NRT",286.82,9.65,"D"
"1735",64.71654,75.02435,326.23,0.75,0.77,"2026-09-14",922,"N20","nominal","2.0NRT",287.34,7.84,"D"
"1736",64.75117,74.55179,330.12,0.72,0.76,"2026-09-14",922,"N20","nominal","2.0NRT",287.17,13.43,"D"
"1737",64.75292,74.52058,355.63,0.72,0.76,"2026-09-14",922,"N20","nominal","2.0NRT",286.97,16.08,"D"
"1738",64.7538,74.50504,341.61,0.72,0.76,"2026-09-14",922,"N20","nominal","2.0NRT",287.34,16.08,"D"
"1739",64.82725,74.85142,334.42,0.74,0.76,"2026-09-14",922,"N20","nominal","2.0NRT",287.52,7.19,"D"
"1740",64.88286,75.1782,342.68,0.75,0.77,"2026-09-14",922,"N20","nominal","2.0NRT",287.79,12.56,"D"
"1741",64.88509,75.16934,342.66,0.75,0.77,"2026-09-14",922,"N20","nominal","2.0NRT",287.17,9.02,"D"
"1742",65.04405,56.67152,339.45,0.43,0.46,"2026-09-14",922,"N20","nominal","2.0NRT",290.92,10.18,"D"
"1743",60.52313,28.13002,353.36,0.32,0.55,"2026-09-14",922,"N20","nominal","2.0NRT",289.58,4.46,"D"
"1744",60.5215,28.12512,326.99,0.32,0.55,"2026-09-14",922,"N20","nominal","2.0NRT",289.3,3.52,"D"
"1745",66.32344,75.48116,326.52,0.75,0.77,"2026-09-14",922,"N20","nominal","2.0NRT",286.92,6.19,"D"
"1746",66.33048,75.48421,333.38,0.75,0.77,"2026-09-14",922,"N20","nominal","2.0NRT",287.32,6.19,"D"
"1747",66.32593,75.47238,343.64,0.75,0.77,"2026-09-14",922,"N20","nominal","2.0NRT",288.86,12.13,"D"
"1748",66.42992,56.61118,326.71,0.45,0.47,"2026-09-14",922,"N20","nominal","2.0NRT",292.9,4.83,"D"
"1749",66.90585,75.61922,339.63,0.74,0.76,"2026-09-14",922,"N20","nominal","2.0NRT",284.86,13.94,"D"
"1750",66.95621,75.54163,338.84,0.74,0.76,"2026-09-14",922,"N20","nominal","2.0NRT",293.46,40.46,"D"
"1751",66.95511,75.55909,356.51,0.74,0.76,"2026-09-14",922,"N20","low","2.0NRT",287.13,40.46,"D"
"1752",67.7969,72.51536,349.99,0.61,0.71,"2026-09-14",922,"N20","nominal","2.0NRT",294.21,48.7,"D"
"1753",67.8022,72.54742,336.02,0.61,0.71,"2026-09-14",922,"N20","nominal","2.0NRT",282.88,61.39,"D"
"1754",67.80406,72.50296,345.72,0.61,0.71,"2026-09-14",922,"N20","nominal","2.0NRT",288.33,53.07,"D"
"1755",67.80344,72.51765,207.93,0.61,0.71,"2026-09-14",922,"N20","low","2.0NRT",312.92,277.76,"D"
"1756",67.80145,72.49715,344.35,0.61,0.71,"2026-09-14",922,"N20","nominal","2.0NRT",284.15,48.4,"D"
"1757",67.79948,72.54146,356.31,0.61,0.71,"2026-09-14",922,"N20","low","2.0NRT",283.57,46.17,"D"
"1758",67.80016,72.52639,278.64,0.61,0.71,"2026-09-14",922,"N20","low","2.0NRT",302.56,112.4,"D"
"1759",67.8008,72.51183,207.93,0.61,0.71,"2026-09-14",922,"N20","low","2.0NRT",315.51,112.4,"D"
"1760",67.80606,72.54345,345.81,0.61,0.71,"2026-09-14",922,"N20","nominal","2.0NRT",282.99,46.17,"D"
"1761",67.80672,72.52854,356.19,0.61,0.71,"2026-09-14",922,"N20","low","2.0NRT",287.19,112.4,"D"
"1762",68.16594,55.35977,338.57,0.44,0.46,"2026-09-14",922,"N20","nominal","2.0NRT",292.75,4.13,"D"
"1763",69.26511,57.29471,337.33,0.5,0.49,"2026-09-14",922,"N20","nominal","2.0NRT",284.17,3.74,"D"
"1764",70.40224,68.45024,346.43,0.47,0.64,"2026-09-14",924,"N20","nominal","2.0NRT",280.54,6.82,"D"
"1765",70.9951,73.85275,338.97,0.62,0.71,"2026-09-14",924,"N20","nominal","2.0NRT",281.98,5.22,"D"
"1766",32.17938,47.52507,343.39,0.58,0.7,"2026-09-14",1053,"N20","low","2.0NRT",316.22,11.7,"D"
"1767",32.13277,44.30948,355.09,0.37,0.58,"2026-09-14",1053,"N20","nominal","2.0NRT",316.04,8.08,"D"
"1768",32.34974,47.7091,367,0.6,0.7,"2026-09-14",1053,"N20","high","2.0NRT",316.87,11.59,"D"
"1769",32.35,47.71543,353.24,0.6,0.7,"2026-09-14",1053,"N20","nominal","2.0NRT",315.37,11.59,"D"
"1770",30.56118,31.19292,343.04,0.43,0.38,"2026-09-14",1053,"N20","nominal","2.0NRT",315.43,4.08,"D"
"1771",32.35652,47.71483,349.26,0.6,0.7,"2026-09-14",1053,"N20","nominal","2.0NRT",315.77,15.95,"D"
"1772",32.35598,47.70218,344,0.6,0.7,"2026-09-14",1053,"N20","nominal","2.0NRT",316.5,13.38,"D"
"1773",32.22924,44.25335,345.5,0.37,0.58,"2026-09-14",1053,"N20","nominal","2.0NRT",319.08,6.68,"D"
"1774",32.48973,47.21455,367,0.56,0.69,"2026-09-14",1053,"N20","high","2.0NRT",319.89,24.8,"D"
"1775",32.49201,47.21511,367,0.56,0.69,"2026-09-14",1053,"N20","high","2.0NRT",317.01,12.41,"D"
"1776",32.49174,47.20902,350.1,0.56,0.69,"2026-09-14",1053,"N20","nominal","2.0NRT",317.54,12.41,"D"
"1777",32.48616,45.66792,345.02,0.45,0.63,"2026-09-14",1053,"N20","low","2.0NRT",315.52,6.99,"D"
"1778",32.61469,47.24424,340.32,0.56,0.69,"2026-09-14",1053,"N20","low","2.0NRT",315.02,5.97,"D"
"1779",32.5972,47.54638,353.22,0.59,0.7,"2026-09-14",1053,"N20","nominal","2.0NRT",316.59,12.72,"D"
"1780",31.14102,31.68938,334.71,0.41,0.37,"2026-09-14",1053,"N20","nominal","2.0NRT",308.02,2.32,"D"
"1781",30.36518,27.2317,339.64,0.45,0.47,"2026-09-14",1053,"N20","nominal","2.0NRT",311.54,2,"D"
"1782",31.1202,29.81404,348.1,0.48,0.4,"2026-09-14",1053,"N20","nominal","2.0NRT",317.9,10.43,"D"
"1783",30.76136,27.10391,345.29,0.44,0.46,"2026-09-14",1053,"N20","nominal","2.0NRT",315.29,3.25,"D"
"1784",33.1573,44.78663,367,0.41,0.6,"2026-09-14",1053,"N20","high","2.0NRT",320.15,11.02,"D"
"1785",30.89579,27.34544,343.41,0.43,0.46,"2026-09-14",1053,"N20","nominal","2.0NRT",313.53,1.88,"D"
"1786",33.45977,47.45684,335.36,0.59,0.7,"2026-09-14",1053,"N20","nominal","2.0NRT",305.54,2.49,"D"
"1787",33.32098,44.57129,344.15,0.4,0.6,"2026-09-14",1053,"N20","low","2.0NRT",316.98,6.12,"D"
"1788",33.75159,44.36247,367,0.39,0.59,"2026-09-14",1053,"N20","high","2.0NRT",313.19,7.54,"D"
"1789",33.70115,43.60369,354.65,0.35,0.57,"2026-09-14",1053,"N20","nominal","2.0NRT",315.72,5.72,"D"
"1790",33.70088,43.59987,356.4,0.35,0.57,"2026-09-14",1053,"N20","low","2.0NRT",316.41,5.72,"D"
"1791",34.05816,46.08382,367,0.5,0.65,"2026-09-14",1053,"N20","high","2.0NRT",313.17,19.35,"D"
"1792",33.09052,35.45015,367,0.41,0.37,"2026-09-14",1053,"N20","low","2.0NRT",338.04,71.62,"D"
"1793",33.09389,35.44942,354.48,0.41,0.37,"2026-09-14",1053,"N20","low","2.0NRT",327.17,26.99,"D"
"1794",33.0933,35.44506,351.86,0.41,0.37,"2026-09-14",1053,"N20","low","2.0NRT",333.09,16.47,"D"
"1795",33.09668,35.44432,345.18,0.41,0.37,"2026-09-14",1053,"N20","low","2.0NRT",319.28,16.47,"D"
"1796",33.09609,35.44,343.33,0.41,0.37,"2026-09-14",1053,"N20","low","2.0NRT",317.46,16.47,"D"
"1797",34.35599,48.15755,335.1,0.66,0.73,"2026-09-14",1053,"N20","nominal","2.0NRT",302.51,5.17,"D"
"1798",34.33385,43.82774,345.1,0.37,0.58,"2026-09-14",1053,"N20","low","2.0NRT",315.16,5.79,"D"
"1799",34.50675,46.61059,346.99,0.54,0.68,"2026-09-14",1053,"N20","nominal","2.0NRT",308.09,5.64,"D"
"1800",33.58121,35.40878,335.77,0.41,0.37,"2026-09-14",1053,"N20","nominal","2.0NRT",309.02,15.04,"D"
"1801",34.53698,45.65789,345.72,0.47,0.64,"2026-09-14",1053,"N20","nominal","2.0NRT",315.76,6.64,"D"
"1802",33.76857,35.66003,338.46,0.42,0.38,"2026-09-14",1053,"N20","nominal","2.0NRT",313.03,33.99,"D"
"1803",33.76801,35.65585,367,0.42,0.38,"2026-09-14",1053,"N20","low","2.0NRT",335.62,33.99,"D"
"1804",33.77201,35.65947,337.11,0.42,0.38,"2026-09-14",1053,"N20","nominal","2.0NRT",309.16,49.61,"D"
"1805",33.77145,35.65526,367,0.42,0.38,"2026-09-14",1053,"N20","low","2.0NRT",331.22,49.61,"D"
"1806",34.86243,44.02371,367,0.38,0.59,"2026-09-14",1053,"N20","high","2.0NRT",317.69,12.42,"D"
"1807",34.89254,43.80973,367,0.37,0.58,"2026-09-14",1053,"N20","high","2.0NRT",314.3,7.87,"D"
"1808",34.89228,43.80564,353.66,0.37,0.58,"2026-09-14",1053,"N20","nominal","2.0NRT",322.05,7.87,"D"
"1809",34.89791,43.8092,367,0.37,0.58,"2026-09-14",1053,"N20","high","2.0NRT",316.06,40.76,"D"
"1810",34.91007,43.4344,348.74,0.35,0.57,"2026-09-14",1053,"N20","nominal","2.0NRT",316.04,5.46,"D"
"1811",34.90996,43.43507,341.02,0.35,0.57,"2026-09-14",1053,"N20","low","2.0NRT",315.17,5.68,"D"
"1812",35.05452,44.35943,342.67,0.4,0.6,"2026-09-14",1053,"N20","low","2.0NRT",313.96,5.04,"D"
"1813",34.99873,43.4941,355.64,0.36,0.57,"2026-09-14",1053,"N20","nominal","2.0NRT",313.91,7.1,"D"
"1814",35.02068,43.50399,367,0.36,0.57,"2026-09-14",1053,"N20","high","2.0NRT",316.48,20.94,"D"
"1815",35.02041,43.50002,346.98,0.36,0.57,"2026-09-14",1053,"N20","nominal","2.0NRT",316.68,13.61,"D"
"1816",35.01976,43.50383,367,0.36,0.57,"2026-09-14",1053,"N20","high","2.0NRT",315.87,21.2,"D"
"1817",35.01951,43.49986,350.75,0.36,0.57,"2026-09-14",1053,"N20","nominal","2.0NRT",316.79,15.57,"D"
"1818",35.11855,44.82972,343.62,0.43,0.62,"2026-09-14",1053,"N20","nominal","2.0NRT",313.1,3.58,"D"
"1819",35.11829,44.82493,342.28,0.43,0.62,"2026-09-14",1053,"N20","nominal","2.0NRT",315.07,4.27,"D"
"1820",35.24719,44.43519,367,0.41,0.6,"2026-09-14",1053,"N20","high","2.0NRT",314.55,30.39,"D"
"1821",35.38403,44.21949,367,0.4,0.6,"2026-09-14",1053,"N20","high","2.0NRT",316.35,11.21,"D"
"1822",34.67612,36.32953,344.82,0.45,0.39,"2026-09-14",1053,"N20","nominal","2.0NRT",310.46,5.6,"D"
"1823",35.38393,44.21909,367,0.4,0.6,"2026-09-14",1053,"N20","high","2.0NRT",316.93,9.23,"D"
"1824",35.45693,44.42287,367,0.41,0.6,"2026-09-14",1053,"N20","high","2.0NRT",316,7.94,"D"
"1825",34.77351,36.64637,344.73,0.46,0.39,"2026-09-14",1053,"N20","nominal","2.0NRT",314.64,2.8,"D"
"1826",35.48566,44.15778,367,0.39,0.6,"2026-09-14",1053,"N20","high","2.0NRT",310.58,29.05,"D"
"1827",35.48539,44.15339,344.8,0.39,0.6,"2026-09-14",1053,"N20","nominal","2.0NRT",316.99,23.73,"D"
"1828",35.48567,44.15829,367,0.39,0.6,"2026-09-14",1053,"N20","high","2.0NRT",309.14,21.72,"D"
"1829",35.52402,44.34595,348.33,0.4,0.6,"2026-09-14",1053,"N20","nominal","2.0NRT",314.87,5.83,"D"
"1830",35.52934,44.34103,356.5,0.4,0.6,"2026-09-14",1053,"N20","low","2.0NRT",316.88,10.18,"D"
"1831",35.56518,44.28417,348.61,0.4,0.6,"2026-09-14",1053,"N20","nominal","2.0NRT",317.22,6.43,"D"
"1832",35.55241,43.89331,367,0.38,0.59,"2026-09-14",1053,"N20","high","2.0NRT",315.29,8.22,"D"
"1833",35.62683,44.0129,367,0.39,0.59,"2026-09-14",1053,"N20","high","2.0NRT",314.54,29.98,"D"
"1834",35.66247,43.9663,354.98,0.39,0.59,"2026-09-14",1053,"N20","nominal","2.0NRT",315.99,4.37,"D"
"1835",35.6846,43.88279,339.01,0.38,0.59,"2026-09-14",1053,"N20","low","2.0NRT",313.38,24.34,"D"
"1836",35.68406,43.87425,341.9,0.38,0.59,"2026-09-14",1053,"N20","low","2.0NRT",315.01,35.36,"D"
"1837",35.68433,43.87854,351.61,0.38,0.59,"2026-09-14",1053,"N20","low","2.0NRT",328.78,35.36,"D"
"1838",35.67175,43.60309,367,0.37,0.58,"2026-09-14",1053,"N20","high","2.0NRT",320.68,10.99,"D"
"1839",35.68582,43.87864,367,0.38,0.59,"2026-09-14",1053,"N20","high","2.0NRT",321.1,36.01,"D"
"1840",35.66954,43.60324,367,0.37,0.58,"2026-09-14",1053,"N20","high","2.0NRT",319.67,12.37,"D"
"1841",35.68557,43.87435,348.39,0.38,0.59,"2026-09-14",1053,"N20","nominal","2.0NRT",316.48,36.01,"D"
"1842",35.72283,44.04356,367,0.39,0.59,"2026-09-14",1053,"N20","high","2.0NRT",316.23,21.02,"D"
"1843",35.72258,44.0393,346.19,0.39,0.59,"2026-09-14",1053,"N20","nominal","2.0NRT",315.27,8.28,"D"
"1844",35.72781,44.03432,348.8,0.39,0.59,"2026-09-14",1053,"N20","nominal","2.0NRT",315.2,8.28,"D"
"1845",35.74249,43.91195,367,0.38,0.59,"2026-09-14",1053,"N20","high","2.0NRT",319.72,8.23,"D"
"1846",35.74275,43.91619,338.1,0.38,0.59,"2026-09-14",1053,"N20","nominal","2.0NRT",312.77,8.23,"D"
"1847",35.76979,43.99947,341.76,0.39,0.59,"2026-09-14",1053,"N20","nominal","2.0NRT",314.64,2.9,"D"
"1848",35.76953,43.9953,343.11,0.39,0.59,"2026-09-14",1053,"N20","nominal","2.0NRT",316.17,2.9,"D"
"1849",35.97737,43.77115,341.38,0.38,0.59,"2026-09-14",1056,"N20","low","2.0NRT",312.17,1.68,"D"
"1850",35.9828,43.77086,349.06,0.38,0.59,"2026-09-14",1056,"N20","nominal","2.0NRT",316.18,5.58,"D"
"1851",35.9988,43.76556,346.48,0.38,0.59,"2026-09-14",1056,"N20","nominal","2.0NRT",311.53,4.8,"D"
"1852",35.97948,43.77267,367,0.38,0.59,"2026-09-14",1056,"N20","high","2.0NRT",314.42,6.87,"D"
"1853",35.99527,43.76302,339.17,0.38,0.59,"2026-09-14",1056,"N20","nominal","2.0NRT",313.77,2.18,"D"
"1854",36.00069,43.76268,348.64,0.38,0.59,"2026-09-14",1056,"N20","nominal","2.0NRT",313.47,3.19,"D"
"1855",35.98241,43.36769,367,0.36,0.57,"2026-09-14",1056,"N20","high","2.0NRT",322.52,21.15,"D"
"1856",35.9882,43.37526,344.92,0.36,0.57,"2026-09-14",1056,"N20","low","2.0NRT",317.74,7.75,"D"
"1857",35.98771,43.36725,341.31,0.36,0.57,"2026-09-14",1056,"N20","nominal","2.0NRT",316.14,6.94,"D"
"1858",36.11525,43.64391,352.3,0.37,0.58,"2026-09-14",1056,"N20","nominal","2.0NRT",310.36,5.98,"D"
"1859",36.11501,43.63973,346.96,0.37,0.58,"2026-09-14",1056,"N20","nominal","2.0NRT",313.3,7.1,"D"
"1860",36.06395,41.67373,348.23,0.58,0.52,"2026-09-14",1056,"N20","low","2.0NRT",319.64,27.38,"D"
"1861",36.06389,41.67947,339.29,0.58,0.52,"2026-09-14",1056,"N20","low","2.0NRT",313.72,37.79,"D"
"1862",36.32376,45.27068,348.37,0.47,0.64,"2026-09-14",1056,"N20","nominal","2.0NRT",305.76,4.26,"D"
"1863",36.1703,42.11736,340.46,0.61,0.54,"2026-09-14",1056,"N20","low","2.0NRT",314.28,4.82,"D"
"1864",36.19738,41.92123,344.86,0.6,0.53,"2026-09-14",1056,"N20","nominal","2.0NRT",315.53,6.13,"D"
"1865",36.23846,41.74935,340.77,0.58,0.52,"2026-09-14",1056,"N20","low","2.0NRT",312.97,3.79,"D"
"1866",36.39718,43.8306,367,0.38,0.59,"2026-09-14",1056,"N20","high","2.0NRT",313.35,7.67,"D"
"1867",35.72836,36.30302,339.64,0.46,0.39,"2026-09-14",1056,"N20","low","2.0NRT",312.53,7.23,"D"
"1868",35.94798,37.89748,344.12,0.54,0.42,"2026-09-14",1056,"N20","nominal","2.0NRT",314.19,6.94,"D"
"1869",36.41719,43.2302,353.12,0.36,0.57,"2026-09-14",1056,"N20","nominal","2.0NRT",317.36,5.14,"D"
"1870",36.45825,43.29071,354.83,0.36,0.57,"2026-09-14",1056,"N20","nominal","2.0NRT",318.95,7.13,"D"
"1871",36.43068,42.29592,355.29,0.63,0.54,"2026-09-14",1056,"N20","nominal","2.0NRT",320.41,16.28,"D"
"1872",36.43621,42.30256,344.45,0.63,0.54,"2026-09-14",1056,"N20","nominal","2.0NRT",313.06,16.28,"D"
"1873",36.43568,42.29535,345.93,0.63,0.54,"2026-09-14",1056,"N20","nominal","2.0NRT",319.31,16.28,"D"
"1874",36.43052,42.29481,352.18,0.63,0.54,"2026-09-14",1056,"N20","nominal","2.0NRT",320.06,18.91,"D"
"1875",36.43602,42.30144,344.86,0.63,0.54,"2026-09-14",1056,"N20","nominal","2.0NRT",313.91,15.64,"D"
"1876",36.43552,42.29422,344.98,0.63,0.54,"2026-09-14",1056,"N20","low","2.0NRT",318.87,10.19,"D"
"1877",36.44052,42.29367,341.03,0.63,0.54,"2026-09-14",1056,"N20","low","2.0NRT",313.9,10.19,"D"
"1878",36.03159,36.94851,344.65,0.49,0.4,"2026-09-14",1056,"N20","nominal","2.0NRT",316.37,7.24,"D"
"1879",36.08941,37.25988,341.07,0.51,0.41,"2026-09-14",1056,"N20","low","2.0NRT",314.82,3.82,"D"
"1880",36.61013,42.33676,350.51,0.32,0.54,"2026-09-14",1056,"N20","nominal","2.0NRT",313.42,2.55,"D"
"1881",36.61516,42.33629,356.39,0.32,0.54,"2026-09-14",1056,"N20","low","2.0NRT",314.44,8.41,"D"
"1882",36.70613,42.41407,346.52,0.32,0.55,"2026-09-14",1056,"N20","nominal","2.0NRT",313.45,1.81,"D"
"1883",36.70588,42.41045,340.56,0.32,0.55,"2026-09-14",1056,"N20","nominal","2.0NRT",312.32,1.81,"D"
"1884",36.56523,40.48581,350.42,0.5,0.49,"2026-09-14",1056,"N20","nominal","2.0NRT",316.73,15,"D"
"1885",36.56974,40.48527,351.03,0.5,0.49,"2026-09-14",1056,"N20","nominal","2.0NRT",313.58,15,"D"
"1886",36.26553,37.22183,337.83,0.51,0.41,"2026-09-14",1056,"N20","nominal","2.0NRT",310.66,2.19,"D"
"1887",36.889,43.43112,332.96,0.37,0.58,"2026-09-14",1056,"N20","low","2.0NRT",303.89,2.19,"D"
"1888",36.53618,38.80481,342.18,0.41,0.45,"2026-09-14",1056,"N20","low","2.0NRT",316.12,3.77,"D"
"1889",36.72158,40.30192,344.22,0.49,0.49,"2026-09-14",1056,"N20","nominal","2.0NRT",315.44,7.1,"D"
"1890",36.72112,40.29638,346.19,0.49,0.49,"2026-09-14",1056,"N20","low","2.0NRT",316.98,7.1,"D"
"1891",36.72606,40.3013,356.46,0.49,0.49,"2026-09-14",1056,"N20","nominal","2.0NRT",318.43,13.79,"D"
"1892",36.72559,40.29577,354.81,0.49,0.49,"2026-09-14",1056,"N20","nominal","2.0NRT",316.45,13.79,"D"
"1893",36.64316,38.3956,343.27,0.39,0.44,"2026-09-14",1056,"N20","nominal","2.0NRT",316.11,3.17,"D"
"1894",36.95587,41.94726,341.39,0.61,0.53,"2026-09-14",1056,"N20","low","2.0NRT",313.41,7.07,"D"
"1895",36.87638,40.38742,367,0.5,0.49,"2026-09-14",1056,"N20","high","2.0NRT",323.47,16.19,"D"
"1896",36.88089,40.38685,342.47,0.5,0.49,"2026-09-14",1056,"N20","nominal","2.0NRT",315.89,16.19,"D"
"1897",36.61301,37.43847,346.11,0.52,0.42,"2026-09-14",1056,"N20","nominal","2.0NRT",313.36,8.56,"D"
"1898",36.96626,40.95459,348.72,0.54,0.51,"2026-09-14",1056,"N20","nominal","2.0NRT",315.81,13.12,"D"
"1899",36.96576,40.94853,349.38,0.54,0.51,"2026-09-14",1056,"N20","nominal","2.0NRT",318.89,13.12,"D"
"1900",36.96068,40.8881,346.93,0.53,0.5,"2026-09-14",1056,"N20","nominal","2.0NRT",318.96,39.67,"D"
"1901",36.96017,40.8821,350.65,0.53,0.5,"2026-09-14",1056,"N20","nominal","2.0NRT",321.06,41.25,"D"
"1902",36.61506,37.43611,338.63,0.53,0.42,"2026-09-14",1056,"N20","nominal","2.0NRT",312.93,4.62,"D"
"1903",37.07737,42.55949,338.74,0.33,0.55,"2026-09-14",1056,"N20","nominal","2.0NRT",313.49,1.78,"D"
"1904",36.9641,40.95283,348.4,0.54,0.51,"2026-09-14",1056,"N20","nominal","2.0NRT",318.39,16.42,"D"
"1905",36.96363,40.94675,346.74,0.54,0.51,"2026-09-14",1056,"N20","low","2.0NRT",317.64,14.74,"D"
"1906",36.95893,40.88624,351.07,0.53,0.5,"2026-09-14",1056,"N20","nominal","2.0NRT",319.25,38.17,"D"
"1907",36.96357,40.88565,352.97,0.53,0.5,"2026-09-14",1056,"N20","nominal","2.0NRT",317.78,38.17,"D"
"1908",36.97247,40.93951,343.62,0.54,0.51,"2026-09-14",1056,"N20","low","2.0NRT",316.06,12.19,"D"
"1909",36.97713,40.93893,342.24,0.54,0.51,"2026-09-14",1056,"N20","low","2.0NRT",315.24,12.19,"D"
"1910",36.92372,40.12128,335.23,0.48,0.48,"2026-09-14",1056,"N20","low","2.0NRT",309.82,5.27,"D"
"1911",36.9915,40.65396,342.75,0.52,0.5,"2026-09-14",1056,"N20","low","2.0NRT",314.49,4.88,"D"
"1912",36.99656,40.65918,340.16,0.52,0.5,"2026-09-14",1056,"N20","low","2.0NRT",314.4,3.53,"D"
"1913",36.99607,40.65337,350.23,0.52,0.5,"2026-09-14",1056,"N20","nominal","2.0NRT",317.05,9.76,"D"
"1914",36.26246,33.72908,332.98,0.39,0.36,"2026-09-14",1056,"N20","nominal","2.0NRT",302.77,2.09,"D"
"1915",36.68319,36.93419,337.54,0.5,0.41,"2026-09-14",1056,"N20","low","2.0NRT",311.49,22.06,"D"
"1916",36.6869,36.93341,337.89,0.5,0.41,"2026-09-14",1056,"N20","low","2.0NRT",311.08,22.06,"D"
"1917",36.88198,38.72958,341.22,0.41,0.45,"2026-09-14",1056,"N20","nominal","2.0NRT",310.17,1.57,"D"
"1918",36.72987,36.21059,337.75,0.47,0.39,"2026-09-14",1056,"N20","low","2.0NRT",310.32,6.65,"D"
"1919",36.70671,35.46228,331.24,0.44,0.38,"2026-09-14",1056,"N20","low","2.0NRT",305.2,1.88,"D"
"1920",36.71022,35.46161,344.23,0.44,0.38,"2026-09-14",1056,"N20","nominal","2.0NRT",310.87,17.83,"D"
"1921",36.70959,35.45673,346.71,0.44,0.38,"2026-09-14",1056,"N20","nominal","2.0NRT",315.71,45.74,"D"
"1922",36.71025,35.45834,351.89,0.44,0.38,"2026-09-14",1056,"N20","nominal","2.0NRT",314.01,47.91,"D"
"1923",37.21616,39.51133,344.07,0.45,0.47,"2026-09-14",1056,"N20","nominal","2.0NRT",315.62,6.61,"D"
"1924",36.75319,35.23154,332.13,0.43,0.38,"2026-09-14",1056,"N20","low","2.0NRT",305.52,2.7,"D"
"1925",36.82974,35.04192,330.49,0.43,0.38,"2026-09-14",1056,"N20","low","2.0NRT",304.64,2.62,"D"
"1926",36.82051,34.97083,333.79,0.42,0.38,"2026-09-14",1056,"N20","low","2.0NRT",305.18,2.92,"D"
"1927",36.9796,35.88445,331.18,0.46,0.39,"2026-09-14",1056,"N20","low","2.0NRT",302.3,2.76,"D"
"1928",36.97832,35.88766,344.48,0.46,0.39,"2026-09-14",1056,"N20","nominal","2.0NRT",300.12,3.3,"D"
"1929",36.99507,35.90537,334.14,0.46,0.39,"2026-09-14",1056,"N20","nominal","2.0NRT",304.49,1.72,"D"
"1930",37.07816,36.01641,339.09,0.46,0.39,"2026-09-14",1056,"N20","nominal","2.0NRT",304.13,6.46,"D"
"1931",37.47233,39.54686,340.46,0.46,0.47,"2026-09-14",1056,"N20","low","2.0NRT",315.24,6.71,"D"
"1932",37.12307,36.17353,337.26,0.47,0.4,"2026-09-14",1056,"N20","nominal","2.0NRT",306.16,4.46,"D"
"1933",37.12312,36.17094,336.19,0.47,0.4,"2026-09-14",1056,"N20","nominal","2.0NRT",305.3,4.7,"D"
"1934",37.46924,39.54452,341.3,0.46,0.47,"2026-09-14",1056,"N20","low","2.0NRT",314.5,7.45,"D"
"1935",37.12943,36.03611,330.86,0.46,0.39,"2026-09-14",1056,"N20","nominal","2.0NRT",300.62,4.1,"D"
"1936",37.1681,36.08222,338.08,0.47,0.39,"2026-09-14",1056,"N20","nominal","2.0NRT",305.49,3.67,"D"
"1937",37.16748,36.077,331.16,0.47,0.39,"2026-09-14",1056,"N20","low","2.0NRT",302.94,3.67,"D"
"1938",37.18758,36.12149,347.49,0.47,0.4,"2026-09-14",1056,"N20","nominal","2.0NRT",301.72,8.03,"D"
"1939",37.20694,35.93466,343.18,0.46,0.39,"2026-09-14",1056,"N20","nominal","2.0NRT",301.74,5.57,"D"
"1940",37.5642,39.1661,344.65,0.44,0.46,"2026-09-14",1056,"N20","low","2.0NRT",318.01,4.95,"D"
"1941",37.31655,35.85767,336.14,0.46,0.39,"2026-09-14",1056,"N20","nominal","2.0NRT",302.44,6.92,"D"
"1942",36.36629,29.43701,339.16,0.43,0.38,"2026-09-14",1056,"N20","nominal","2.0NRT",299.49,8.99,"D"
"1943",37.65227,38.91608,332.66,0.43,0.46,"2026-09-14",1056,"N20","low","2.0NRT",306.89,2.08,"D"
"1944",37.72059,39.42979,347.59,0.45,0.47,"2026-09-14",1056,"N20","nominal","2.0NRT",316.97,26.26,"D"
"1945",37.3639,36.00822,344.91,0.46,0.39,"2026-09-14",1056,"N20","nominal","2.0NRT",300.69,5.94,"D"
"1946",37.36768,35.91691,341.9,0.46,0.39,"2026-09-14",1056,"N20","nominal","2.0NRT",302.56,13.69,"D"
"1947",37.87717,40.22362,341.1,0.5,0.49,"2026-09-14",1056,"N20","low","2.0NRT",315.26,10.05,"D"
"1948",37.94858,40.95503,343.6,0.55,0.51,"2026-09-14",1056,"N20","low","2.0NRT",313.72,11.67,"D"
"1949",38.02777,40.0453,342.38,0.49,0.49,"2026-09-14",1056,"N20","low","2.0NRT",315.23,2.93,"D"
"1950",38.07518,40.1533,345,0.5,0.49,"2026-09-14",1056,"N20","nominal","2.0NRT",311.73,6.13,"D"
"1951",38.26817,40.20662,342.59,0.51,0.49,"2026-09-14",1056,"N20","nominal","2.0NRT",314.63,5.81,"D"
"1952",37.54345,31.83721,367,0.38,0.36,"2026-09-14",1056,"N20","low","2.0NRT",325.32,26.74,"D"
"1953",37.54673,31.83642,338.82,0.38,0.36,"2026-09-14",1056,"N20","nominal","2.0NRT",308.4,26.74,"D"
"1954",37.54606,31.83212,350.56,0.38,0.36,"2026-09-14",1056,"N20","low","2.0NRT",322.07,26.93,"D"
"1955",37.5454,31.82783,343.17,0.38,0.36,"2026-09-14",1056,"N20","nominal","2.0NRT",311.91,26.93,"D"
"1956",37.54933,31.83133,341.28,0.38,0.36,"2026-09-14",1056,"N20","low","2.0NRT",312.89,6.75,"D"
"1957",37.30632,29.90933,353.66,0.41,0.37,"2026-09-14",1056,"N20","nominal","2.0NRT",320.48,29.87,"D"
"1958",37.31043,29.91292,337.27,0.41,0.37,"2026-09-14",1056,"N20","nominal","2.0NRT",304.82,14.23,"D"
"1959",37.30966,29.90844,350.2,0.41,0.37,"2026-09-14",1056,"N20","nominal","2.0NRT",314.27,14.23,"D"
"1960",37.30888,29.90395,337.1,0.41,0.37,"2026-09-14",1056,"N20","low","2.0NRT",308.7,6.13,"D"
"1961",37.63693,31.84672,345.33,0.38,0.36,"2026-09-14",1056,"N20","nominal","2.0NRT",315.99,15.97,"D"
"1962",38.34632,37.19025,338.02,0.54,0.42,"2026-09-14",1056,"N20","nominal","2.0NRT",312.81,3.39,"D"
"1963",38.1075,34.93924,336.3,0.43,0.38,"2026-09-14",1056,"N20","nominal","2.0NRT",310.12,5.04,"D"
"1964",38.10688,34.93434,335.55,0.43,0.38,"2026-09-14",1056,"N20","nominal","2.0NRT",309.27,3.54,"D"
"1965",37.73677,31.69879,341.64,0.38,0.36,"2026-09-14",1056,"N20","nominal","2.0NRT",311.47,4.11,"D"
"1966",37.74138,31.70659,345.41,0.38,0.36,"2026-09-14",1056,"N20","nominal","2.0NRT",314.09,11.1,"D"
"1967",38.74709,40.28866,336.3,0.52,0.5,"2026-09-14",1056,"N20","low","2.0NRT",307.55,10.46,"D"
"1968",38.74662,40.28266,335.7,0.52,0.5,"2026-09-14",1056,"N20","low","2.0NRT",309.32,13.86,"D"
"1969",37.74791,31.70499,340.19,0.38,0.36,"2026-09-14",1056,"N20","low","2.0NRT",313.18,5.5,"D"
"1970",37.75252,31.71279,339.76,0.38,0.36,"2026-09-14",1056,"N20","low","2.0NRT",313.7,41.18,"D"
"1971",37.80088,31.69643,344.16,0.38,0.36,"2026-09-14",1056,"N20","low","2.0NRT",315.9,5.06,"D"
"1972",37.80481,31.69993,345.32,0.38,0.36,"2026-09-14",1056,"N20","nominal","2.0NRT",314.4,5.06,"D"
"1973",39.01931,42.83351,354.31,0.36,0.57,"2026-09-14",1056,"N20","nominal","2.0NRT",306.22,6.36,"D"
"1974",39.24874,46.43667,367,0.56,0.69,"2026-09-14",1056,"N20","high","2.0NRT",296.45,13.74,"D"
"1975",37.63801,29.9552,335.93,0.4,0.37,"2026-09-14",1056,"N20","low","2.0NRT",308.88,3.33,"D"
"1976",39.24423,46.43768,337,0.56,0.69,"2026-09-14",1056,"N20","nominal","2.0NRT",296.02,9.94,"D"
"1977",39.2506,46.43648,339,0.56,0.69,"2026-09-14",1056,"N20","nominal","2.0NRT",295.29,5.77,"D"
"1978",39.25045,46.43034,330.47,0.56,0.69,"2026-09-14",1056,"N20","nominal","2.0NRT",295.62,5.77,"D"
"1979",39.22522,42.3865,340.38,0.34,0.56,"2026-09-14",1056,"N20","nominal","2.0NRT",310.87,2.9,"D"
"1980",39.22498,42.38257,342.98,0.34,0.56,"2026-09-14",1056,"N20","nominal","2.0NRT",312.67,2.9,"D"
"1981",39.10426,39.80664,337.84,0.49,0.49,"2026-09-14",1056,"N20","low","2.0NRT",312.25,5.4,"D"
"1982",38.52741,34.4531,336.31,0.42,0.38,"2026-09-14",1056,"N20","nominal","2.0NRT",305.34,2.46,"D"
"1983",38.28088,32.60102,336.88,0.39,0.36,"2026-09-14",1056,"N20","nominal","2.0NRT",306.91,3.49,"D"
"1984",38.80087,36.12301,342.35,0.49,0.4,"2026-09-14",1056,"N20","nominal","2.0NRT",311.73,3.88,"D"
"1985",38.18538,30.42846,343.12,0.39,0.36,"2026-09-14",1056,"N20","nominal","2.0NRT",309.82,8.7,"D"
"1986",38.86496,34.85916,334.04,0.44,0.38,"2026-09-14",1056,"N20","nominal","2.0NRT",300.57,3.33,"D"
"1987",38.26028,30.44532,334.98,0.39,0.36,"2026-09-14",1056,"N20","nominal","2.0NRT",307.11,3.5,"D"
"1988",39.22149,36.93631,352.03,0.53,0.42,"2026-09-14",1056,"N20","nominal","2.0NRT",315.73,10.8,"D"
"1989",39.22082,36.93011,337.78,0.53,0.42,"2026-09-14",1056,"N20","low","2.0NRT",311.25,10.8,"D"
"1990",39.22533,36.93568,341.55,0.53,0.42,"2026-09-14",1056,"N20","nominal","2.0NRT",312.69,43.12,"D"
"1991",39.23233,36.92798,354.94,0.53,0.42,"2026-09-14",1056,"N20","nominal","2.0NRT",316.19,17.19,"D"
"1992",39.23686,36.93363,337.16,0.53,0.42,"2026-09-14",1056,"N20","low","2.0NRT",311.86,17.19,"D"
"1993",39.23617,36.92728,351.28,0.53,0.42,"2026-09-14",1056,"N20","nominal","2.0NRT",312.98,17.19,"D"
"1994",38.99593,34.27246,341.87,0.42,0.38,"2026-09-14",1056,"N20","nominal","2.0NRT",310.47,3.11,"D"
"1995",38.99874,34.26691,338.2,0.42,0.38,"2026-09-14",1056,"N20","low","2.0NRT",312.35,3.11,"D"
"1996",38.99958,34.13835,336.56,0.42,0.38,"2026-09-14",1056,"N20","nominal","2.0NRT",305.62,2.15,"D"
"1997",39.11691,34.53947,340.88,0.43,0.38,"2026-09-14",1056,"N20","nominal","2.0NRT",305.5,15.63,"D"
"1998",39.12038,34.53875,341.88,0.43,0.38,"2026-09-14",1056,"N20","nominal","2.0NRT",304.13,15.63,"D"
"1999",39.11975,34.5338,342.21,0.43,0.38,"2026-09-14",1056,"N20","nominal","2.0NRT",302.99,15.63,"D"
"2000",39.30506,35.92213,339.6,0.48,0.4,"2026-09-14",1056,"N20","nominal","2.0NRT",311.75,15.41,"D"
"2001",39.40961,36.83261,340.43,0.53,0.42,"2026-09-14",1056,"N20","low","2.0NRT",312.86,11.49,"D"
"2002",39.40897,36.82658,335.34,0.53,0.42,"2026-09-14",1056,"N20","low","2.0NRT",310.1,7,"D"
"2003",39.14968,34.21608,335.89,0.42,0.38,"2026-09-14",1056,"N20","nominal","2.0NRT",307.05,4.23,"D"
"2004",39.14906,34.21131,346.23,0.42,0.38,"2026-09-14",1056,"N20","nominal","2.0NRT",312.64,9.41,"D"
"2005",39.14836,34.21306,350.72,0.42,0.38,"2026-09-14",1056,"N20","nominal","2.0NRT",312.21,7,"D"
"2006",39.15179,34.21229,335.37,0.42,0.38,"2026-09-14",1056,"N20","low","2.0NRT",306.91,7,"D"
"2007",39.24138,34.66927,341.15,0.44,0.38,"2026-09-14",1056,"N20","nominal","2.0NRT",310.13,8.71,"D"
"2008",40.10746,43.9783,335.22,0.42,0.61,"2026-09-14",1056,"N20","nominal","2.0NRT",301.94,1.7,"D"
"2009",39.31457,34.65385,338.23,0.44,0.38,"2026-09-14",1056,"N20","nominal","2.0NRT",300.81,3.28,"D"
"2010",39.32253,34.65468,339.87,0.44,0.38,"2026-09-14",1056,"N20","nominal","2.0NRT",301.95,5.16,"D"
"2011",39.87834,40.10086,346.73,0.52,0.5,"2026-09-14",1056,"N20","nominal","2.0NRT",310.44,5.28,"D"
"2012",39.37012,33.58636,333.94,0.41,0.37,"2026-09-14",1056,"N20","low","2.0NRT",308.87,3.19,"D"
"2013",39.37351,33.58564,337.61,0.41,0.37,"2026-09-14",1056,"N20","low","2.0NRT",309.68,2.9,"D"
"2014",39.383,33.57874,334.28,0.41,0.37,"2026-09-14",1056,"N20","low","2.0NRT",307.51,3.02,"D"
"2015",39.61338,35.03203,337.97,0.45,0.39,"2026-09-14",1056,"N20","low","2.0NRT",312.8,17.8,"D"
"2016",39.61629,35.02603,338.5,0.45,0.39,"2026-09-14",1056,"N20","low","2.0NRT",312.8,5.97,"D"
"2017",40.46998,47.44569,334.7,0.65,0.73,"2026-09-14",1056,"N20","nominal","2.0NRT",295.42,3.84,"D"
"2018",39.4638,33.60648,334.14,0.41,0.37,"2026-09-14",1056,"N20","low","2.0NRT",308.18,3.01,"D"
"2019",40.08746,37.11797,339.39,0.56,0.43,"2026-09-14",1056,"N20","nominal","2.0NRT",310.9,15.73,"D"
"2020",40.09132,37.11685,341.84,0.56,0.43,"2026-09-14",1056,"N20","nominal","2.0NRT",307.68,15.73,"D"
"2021",39.72011,33.61493,339.25,0.41,0.37,"2026-09-14",1056,"N20","nominal","2.0NRT",304.49,3.73,"D"
"2022",39.71889,33.60576,338.86,0.41,0.37,"2026-09-14",1056,"N20","nominal","2.0NRT",306.15,2.9,"D"
"2023",39.71827,33.60115,341.67,0.41,0.37,"2026-09-14",1056,"N20","nominal","2.0NRT",306.95,2.9,"D"
"2024",39.71899,33.6032,347.39,0.41,0.37,"2026-09-14",1056,"N20","nominal","2.0NRT",307.01,5.8,"D"
"2025",40.69363,44.0393,356.32,0.43,0.62,"2026-09-14",1056,"N20","nominal","2.0NRT",312.36,27.69,"D"
"2026",40.06184,35.04992,345.42,0.46,0.39,"2026-09-14",1056,"N20","nominal","2.0NRT",309.33,12.69,"D"
"2027",40.80964,43.90273,340.03,0.42,0.61,"2026-09-14",1056,"N20","nominal","2.0NRT",304.74,3.63,"D"
"2028",40.1489,34.75599,348.75,0.45,0.39,"2026-09-14",1056,"N20","nominal","2.0NRT",306.14,8.43,"D"
"2029",40.15243,34.75529,336.43,0.45,0.39,"2026-09-14",1056,"N20","low","2.0NRT",309.84,42.1,"D"
"2030",40.20697,35.08492,367,0.46,0.39,"2026-09-14",1056,"N20","low","2.0NRT",333.93,113.02,"D"
"2031",40.20633,35.07961,367,0.46,0.39,"2026-09-14",1056,"N20","low","2.0NRT",326.99,44.66,"D"
"2032",40.2099,35.07882,367,0.46,0.39,"2026-09-14",1056,"N20","high","2.0NRT",314.34,44.66,"D"
"2033",40.21054,35.08415,347.7,0.46,0.39,"2026-09-14",1056,"N20","nominal","2.0NRT",314.66,113.02,"D"
"2034",40.16571,33.91883,344.97,0.42,0.38,"2026-09-14",1056,"N20","nominal","2.0NRT",302.97,5.92,"D"
"2035",40.16914,33.91814,340.6,0.42,0.38,"2026-09-14",1056,"N20","nominal","2.0NRT",306.05,10.83,"D"
"2036",40.51035,34.27011,341.38,0.43,0.38,"2026-09-14",1056,"N20","nominal","2.0NRT",305.71,3.66,"D"
"2037",39.89747,28.87095,331.4,0.41,0.37,"2026-09-14",1056,"N20","nominal","2.0NRT",299.85,2.4,"D"
"2038",40.17531,28.08262,343.18,0.43,0.38,"2026-09-14",1056,"N20","nominal","2.0NRT",303.64,3.6,"D"
"2039",40.75819,29.7613,329.18,0.39,0.36,"2026-09-14",1056,"N20","nominal","2.0NRT",294.69,2.39,"D"
"2040",41.26687,31.4303,327.84,0.39,0.36,"2026-09-14",1056,"N20","nominal","2.0NRT",291.28,2.43,"D"
"2041",41.2662,31.42574,326.73,0.39,0.36,"2026-09-14",1056,"N20","low","2.0NRT",296.94,2.43,"D"
"2042",42.50926,41.55172,330.56,0.33,0.55,"2026-09-14",1056,"N20","nominal","2.0NRT",294.02,4.41,"D"
"2043",42.50901,41.54768,355.92,0.33,0.55,"2026-09-14",1056,"N20","nominal","2.0NRT",295.16,5.82,"D"
"2044",42.51193,41.54925,367,0.33,0.55,"2026-09-14",1056,"N20","high","2.0NRT",294.16,6.45,"D"
"2045",40.83122,26.5402,335.64,0.47,0.4,"2026-09-14",1056,"N20","nominal","2.0NRT",308.44,6.35,"D"
"2046",40.95311,26.5609,333.66,0.47,0.39,"2026-09-14",1056,"N20","low","2.0NRT",307.33,2.68,"D"
"2047",40.96661,26.53315,332.99,0.47,0.39,"2026-09-14",1056,"N20","low","2.0NRT",304.43,1.02,"D"
"2048",43.20027,45.1237,333.91,0.51,0.66,"2026-09-14",1056,"N20","nominal","2.0NRT",299.75,7.81,"D"
"2049",43.20205,44.09771,348.34,0.45,0.63,"2026-09-14",1056,"N20","nominal","2.0NRT",299.8,8.38,"D"
"2050",43.20185,44.09188,355.78,0.45,0.63,"2026-09-14",1056,"N20","nominal","2.0NRT",301.7,7.19,"D"
"2051",43.20166,44.08607,333.77,0.45,0.63,"2026-09-14",1056,"N20","nominal","2.0NRT",301.13,7.19,"D"
"2052",43.30208,45.51536,336.45,0.53,0.67,"2026-09-14",1056,"N20","nominal","2.0NRT",300.26,2.19,"D"
"2053",43.29969,45.51325,330.56,0.53,0.67,"2026-09-14",1058,"N20","nominal","2.0NRT",298.91,3.35,"D"
"2054",43.2788,44.56682,340.45,0.48,0.64,"2026-09-14",1058,"N20","nominal","2.0NRT",302.41,3.66,"D"
"2055",43.27865,44.56106,340.11,0.48,0.64,"2026-09-14",1058,"N20","nominal","2.0NRT",302.53,3.66,"D"
"2056",43.42144,44.8873,336.06,0.49,0.65,"2026-09-14",1058,"N20","nominal","2.0NRT",299.42,6.91,"D"
"2057",43.42129,44.88106,344.39,0.49,0.65,"2026-09-14",1058,"N20","nominal","2.0NRT",301.17,6.91,"D"
"2058",43.58029,44.13908,331.4,0.45,0.63,"2026-09-14",1058,"N20","low","2.0NRT",305.81,4.37,"D"
"2059",43.62569,44.48968,335.78,0.47,0.64,"2026-09-14",1058,"N20","nominal","2.0NRT",304.04,4.1,"D"
"2060",43.6937,44.56595,367,0.48,0.65,"2026-09-14",1058,"N20","high","2.0NRT",302.94,6,"D"
"2061",43.69601,44.56627,353.86,0.48,0.65,"2026-09-14",1058,"N20","nominal","2.0NRT",301.65,7.74,"D"
"2062",43.84341,46.89443,346.39,0.63,0.72,"2026-09-14",1058,"N20","nominal","2.0NRT",296.59,8.91,"D"
"2063",43.84029,46.88816,330.58,0.63,0.72,"2026-09-14",1058,"N20","nominal","2.0NRT",296.64,6.82,"D"
"2064",43.83427,43.89303,367,0.44,0.63,"2026-09-14",1058,"N20","high","2.0NRT",306.69,16.7,"D"
"2065",43.84008,43.89274,367,0.44,0.63,"2026-09-14",1058,"N20","high","2.0NRT",305.41,12.85,"D"
"2066",43.98649,43.39522,332.31,0.42,0.61,"2026-09-14",1058,"N20","nominal","2.0NRT",303.59,8.67,"D"
"2067",43.99216,43.3949,367,0.42,0.61,"2026-09-14",1058,"N20","high","2.0NRT",304.77,8.67,"D"
"2068",43.99197,43.38957,367,0.42,0.61,"2026-09-14",1058,"N20","high","2.0NRT",302.4,8.67,"D"
"2069",43.99179,43.3843,353.76,0.42,0.61,"2026-09-14",1058,"N20","nominal","2.0NRT",302.71,14.22,"D"
"2070",44.19879,42.22815,342.03,0.37,0.58,"2026-09-14",1058,"N20","nominal","2.0NRT",295.83,6.17,"D"
"2071",44.36308,44.5409,336.19,0.48,0.65,"2026-09-14",1058,"N20","nominal","2.0NRT",304.31,2.24,"D"
"2072",44.38349,43.33349,341.64,0.42,0.61,"2026-09-14",1058,"N20","nominal","2.0NRT",303.01,4.01,"D"
"2073",44.38601,43.33156,331.16,0.42,0.61,"2026-09-14",1058,"N20","low","2.0NRT",303.17,2.26,"D"
"2074",44.47701,44.96214,339.04,0.51,0.66,"2026-09-14",1058,"N20","nominal","2.0NRT",304.21,3.39,"D"
"2075",44.47655,44.66802,330.35,0.49,0.65,"2026-09-14",1058,"N20","low","2.0NRT",303.27,3.14,"D"
"2076",45.00518,41.49713,349.97,0.34,0.56,"2026-09-14",1058,"N20","nominal","2.0NRT",285.77,8.53,"D"
"2077",45.0054,41.50144,356.52,0.34,0.56,"2026-09-14",1058,"N20","low","2.0NRT",284.48,12.08,"D"
"2078",45.11556,43.43273,336.92,0.43,0.62,"2026-09-14",1058,"N20","nominal","2.0NRT",302,4.03,"D"
"2079",45.99024,41.74739,335.08,0.36,0.57,"2026-09-14",1058,"N20","nominal","2.0NRT",301.42,4.07,"D"
"2080",45.35036,32.56151,352.19,0.43,0.38,"2026-09-14",1058,"N20","nominal","2.0NRT",298.25,9.93,"D"
"2081",45.57443,33.8683,346.27,0.47,0.4,"2026-09-14",1058,"N20","nominal","2.0NRT",303.09,6.78,"D"
"2082",46.77473,48.12899,342.02,0.73,0.76,"2026-09-14",1058,"N20","nominal","2.0NRT",298.89,5.8,"D"
"2083",46.35184,34.21246,334.14,0.49,0.41,"2026-09-14",1058,"N20","nominal","2.0NRT",301.9,2.6,"D"
"2084",46.35556,34.21164,333.66,0.49,0.41,"2026-09-14",1058,"N20","nominal","2.0NRT",301.98,2.6,"D"
"2085",47.17189,38.2501,340.71,0.5,0.49,"2026-09-14",1058,"N20","nominal","2.0NRT",293.78,6.54,"D"
"2086",47.16827,38.24915,340.52,0.5,0.49,"2026-09-14",1058,"N20","nominal","2.0NRT",294.63,8.55,"D"
"2087",47.62468,41.81005,334.33,0.37,0.58,"2026-09-14",1058,"N20","nominal","2.0NRT",294.65,3.48,"D"
"2088",47.76826,38.68427,339.4,0.53,0.5,"2026-09-14",1058,"N20","nominal","2.0NRT",283.41,10.67,"D"
"2089",48.3457,38.85129,329.63,0.55,0.51,"2026-09-14",1058,"N20","nominal","2.0NRT",271.77,3.79,"D"
"2090",48.67063,43.94639,347.13,0.47,0.64,"2026-09-14",1058,"N20","nominal","2.0NRT",301.08,7.88,"D"
"2091",48.67295,43.9444,335.34,0.47,0.64,"2026-09-14",1058,"N20","nominal","2.0NRT",300.52,3.48,"D"
"2092",50.80983,28.85452,337.19,0.4,0.37,"2026-09-14",1100,"N20","nominal","2.0NRT",291.69,2.08,"D"
"2093",50.97023,29.67776,328.7,0.41,0.37,"2026-09-14",1100,"N20","nominal","2.0NRT",301.24,2.89,"D"
"2094",52.84599,29.99367,325.53,0.43,0.38,"2026-09-14",1100,"N20","nominal","2.0NRT",294.11,3.75,"D"
"2095",53.44785,32.80618,335.88,0.53,0.42,"2026-09-14",1100,"N20","nominal","2.0NRT",285.62,6.04,"D"
"2096",54.41125,30.82994,331.82,0.47,0.4,"2026-09-14",1100,"N20","nominal","2.0NRT",284.49,3.07,"D"
"2097",9.40161,36.05411,328.56,0.47,0.39,"2026-09-14",1047,"N20","nominal","2.0NRT",298.73,2.47,"D"
"2098",59.13128,37.79063,326.7,0.61,0.54,"2026-09-14",1102,"N20","nominal","2.0NRT",282.53,3.39,"D"
"2099",60.52081,28.12821,326.67,0.47,0.4,"2026-09-14",1102,"N20","nominal","2.0NRT",292.25,1.4,"D"
"2100",9.17674,34.20679,335.06,0.4,0.44,"2026-09-14",1047,"N20","nominal","2.0NRT",298.79,5.78,"D"
"2101",9.18413,34.20152,332.83,0.4,0.44,"2026-09-14",1047,"N20","nominal","2.0NRT",298.16,3.1,"D"
"2102",9.15267,33.07161,331.09,0.47,0.48,"2026-09-14",1047,"N20","low","2.0NRT",302.69,7.41,"D"
"2103",9.157,33.07087,339.64,0.47,0.48,"2026-09-14",1047,"N20","nominal","2.0NRT",306.38,7.62,"D"
"2104",9.34257,34.12233,344.16,0.4,0.44,"2026-09-14",1047,"N20","nominal","2.0NRT",299.1,4.33,"D"
"2105",9.16207,33.07432,331.33,0.47,0.48,"2026-09-14",1047,"N20","nominal","2.0NRT",301.25,4.7,"D"
"2106",9.1606,33.06591,334.52,0.47,0.48,"2026-09-14",1047,"N20","low","2.0NRT",308.12,7.62,"D"
"2107",9.1664,33.07357,344.2,0.47,0.48,"2026-09-14",1047,"N20","nominal","2.0NRT",301.37,16.71,"D"
"2108",9.16567,33.06937,341.43,0.47,0.48,"2026-09-14",1047,"N20","nominal","2.0NRT",308.25,20.34,"D"
"2109",9.20968,33.092,340.46,0.47,0.48,"2026-09-14",1047,"N20","nominal","2.0NRT",300.03,5.03,"D"
"2110",9.22916,33.07565,342.01,0.47,0.48,"2026-09-14",1047,"N20","nominal","2.0NRT",304.13,4.86,"D"
"2111",9.23349,33.07489,340.36,0.47,0.48,"2026-09-14",1047,"N20","nominal","2.0NRT",302.18,4.86,"D"
"2112",9.24627,33.12434,331.39,0.46,0.47,"2026-09-14",1047,"N20","low","2.0NRT",305.65,10.82,"D"
"2113",9.23569,33.06152,333.43,0.47,0.48,"2026-09-14",1047,"N20","nominal","2.0NRT",302.48,4.79,"D"
"2114",9.69341,34.09832,341.31,0.4,0.44,"2026-09-14",1047,"N20","nominal","2.0NRT",299.59,4.9,"D"
"2115",9.05506,29.99738,367,0.38,0.59,"2026-09-14",1047,"N20","high","2.0NRT",296.07,27.27,"D"
"2116",9.05444,29.99396,338.77,0.38,0.59,"2026-09-14",1047,"N20","nominal","2.0NRT",294.67,18.26,"D"
"2117",9.12122,29.93567,330.82,0.38,0.59,"2026-09-14",1047,"N20","nominal","2.0NRT",292.99,4.7,"D"
"2118",9.12446,29.93798,334.5,0.38,0.59,"2026-09-14",1047,"N20","nominal","2.0NRT",293.22,3.07,"D"
"2119",9.12382,29.93455,330.45,0.38,0.59,"2026-09-14",1047,"N20","nominal","2.0NRT",293.52,3.07,"D"
"2120",9.83364,33.79189,330.03,0.41,0.45,"2026-09-14",1047,"N20","low","2.0NRT",302.02,4.14,"D"
"2121",11.28735,41.50816,352.58,0.44,0.38,"2026-09-14",1047,"N20","nominal","2.0NRT",313.75,21.51,"D"
"2122",11.44569,41.57936,344.35,0.44,0.39,"2026-09-14",1047,"N20","nominal","2.0NRT",305.21,5.36,"D"
"2123",10.30838,33.78056,353.75,0.4,0.45,"2026-09-14",1047,"N20","nominal","2.0NRT",302.09,9.99,"D"
"2124",10.19125,32.54159,340.49,0.49,0.49,"2026-09-14",1047,"N20","nominal","2.0NRT",300.6,6.02,"D"
"2125",10.27822,32.12563,356.12,0.52,0.5,"2026-09-14",1047,"N20","nominal","2.0NRT",304.84,18.99,"D"
"2126",10.27742,32.12096,333.1,0.52,0.5,"2026-09-14",1047,"N20","nominal","2.0NRT",302.19,4.33,"D"
"2127",10.275,32.10691,334.93,0.52,0.5,"2026-09-14",1047,"N20","nominal","2.0NRT",300.64,6.33,"D"
"2128",10.27419,32.10221,341.84,0.52,0.5,"2026-09-14",1047,"N20","nominal","2.0NRT",300.89,12.63,"D"
"2129",10.27984,32.12783,343.19,0.52,0.5,"2026-09-14",1047,"N20","nominal","2.0NRT",302.21,10.32,"D"
"2130",10.279,32.12317,343.05,0.52,0.5,"2026-09-14",1047,"N20","nominal","2.0NRT",303.32,13.22,"D"
"2131",10.27648,32.10915,339.52,0.52,0.5,"2026-09-14",1047,"N20","nominal","2.0NRT",299.95,2.77,"D"
"2132",10.27479,32.09979,352.99,0.52,0.5,"2026-09-14",1047,"N20","nominal","2.0NRT",301.56,12.75,"D"
"2133",12.76317,30.01299,339.77,0.33,0.55,"2026-09-14",1049,"N20","nominal","2.0NRT",303.08,3.12,"D"
"2134",16.9382,42.63435,340.82,0.39,0.44,"2026-09-14",1049,"N20","low","2.0NRT",312.07,1.79,"D"
"2135",18.20638,43.00231,343.89,0.42,0.46,"2026-09-14",1049,"N20","nominal","2.0NRT",312.42,8.24,"D"
"2136",18.34984,37.8399,349.03,0.39,0.36,"2026-09-14",1049,"N20","low","2.0NRT",321.01,4.06,"D"
"2137",18.52669,37.75084,348,0.39,0.36,"2026-09-14",1049,"N20","low","2.0NRT",322.65,2.47,"D"
"2138",20.46919,44.83384,346.31,0.59,0.53,"2026-09-14",1049,"N20","low","2.0NRT",318.52,31.54,"D"
"2139",21.23094,39.19962,343.39,0.44,0.38,"2026-09-14",1049,"N20","low","2.0NRT",314.05,12.57,"D"
"2140",23.48585,48.29932,356.54,0.54,0.68,"2026-09-14",1051,"N20","low","2.0NRT",320.57,5.4,"D"
"2141",23.49211,48.29881,343.7,0.54,0.68,"2026-09-14",1051,"N20","low","2.0NRT",318.28,5.4,"D"
"2142",22.67565,39.02962,337.01,0.44,0.39,"2026-09-14",1051,"N20","low","2.0NRT",310.64,6.73,"D"
"2143",24.875,49.23689,341.15,0.64,0.72,"2026-09-14",1051,"N20","low","2.0NRT",314.04,1.76,"D"
"2144",25.24647,48.10838,367,0.55,0.68,"2026-09-14",1051,"N20","high","2.0NRT",316.35,34.43,"D"
"2145",23.41369,32.91719,340.42,0.44,0.39,"2026-09-14",1051,"N20","nominal","2.0NRT",306.53,13.65,"D"
"2146",25.25019,48.11042,367,0.55,0.68,"2026-09-14",1051,"N20","high","2.0NRT",313.57,38.21,"D"
"2147",25.25648,48.10993,352.25,0.55,0.68,"2026-09-14",1051,"N20","nominal","2.0NRT",314.52,13.76,"D"
"2148",25.2561,48.10442,351.06,0.55,0.68,"2026-09-14",1051,"N20","nominal","2.0NRT",315.16,13.45,"D"
"2149",26.36865,50.02914,346.34,0.74,0.76,"2026-09-14",1051,"N20","nominal","2.0NRT",313.41,7.79,"D"
"2150",26.36584,50.02404,339.65,0.74,0.76,"2026-09-14",1051,"N20","low","2.0NRT",313.2,8.84,"D"
"2151",26.19407,44.38477,346.63,0.33,0.55,"2026-09-14",1051,"N20","nominal","2.0NRT",313.97,0.55,"D"
"2152",27.03628,49.56256,341.65,0.7,0.75,"2026-09-14",1051,"N20","nominal","2.0NRT",313.36,12.28,"D"
"2153",27.03591,49.55542,350.8,0.7,0.75,"2026-09-14",1051,"N20","nominal","2.0NRT",314.75,21.75,"D"
"2154",27.81215,48.86635,367,0.64,0.72,"2026-09-14",1051,"N20","high","2.0NRT",313.13,29.38,"D"
"2155",28.49122,49.71102,340.69,0.73,0.76,"2026-09-14",1051,"N20","nominal","2.0NRT",300.91,78.23,"D"
"2156",28.51722,49.53721,336.04,0.72,0.75,"2026-09-14",1051,"N20","nominal","2.0NRT",300.89,7.7,"D"
"2157",28.88839,48.00836,342.85,0.58,0.7,"2026-09-14",1051,"N20","low","2.0NRT",316.15,3.68,"D"
"2158",29.01909,48.01622,342.65,0.58,0.7,"2026-09-14",1051,"N20","nominal","2.0NRT",313.06,6.03,"D"
"2159",29.00466,47.75219,343.98,0.56,0.69,"2026-09-14",1051,"N20","low","2.0NRT",316.55,15,"D"
"2160",29.00433,47.74625,352.27,0.56,0.69,"2026-09-14",1051,"N20","nominal","2.0NRT",320.29,15,"D"
"2161",26.9501,28.26667,341.88,0.45,0.47,"2026-09-14",1051,"N20","low","2.0NRT",312.57,4.06,"D"
"2162",27.81878,30.72755,340.13,0.49,0.4,"2026-09-14",1051,"N20","nominal","2.0NRT",309.37,3.89,"D"
"2163",29.94195,49.68971,337.4,0.75,0.77,"2026-09-14",1051,"N20","nominal","2.0NRT",300.88,5.47,"D"
"2164",30.16218,47.4152,356.53,0.55,0.68,"2026-09-14",1053,"N20","low","2.0NRT",320.63,6.64,"D"
"2165",30.16849,47.41472,347.27,0.55,0.68,"2026-09-14",1053,"N20","low","2.0NRT",318.68,6.64,"D"
"2166",30.2054,47.39511,345.72,0.55,0.68,"2026-09-14",1053,"N20","low","2.0NRT",318.93,3.78,"D"
"2167",30.21205,47.40055,353.35,0.55,0.68,"2026-09-14",1053,"N20","nominal","2.0NRT",317.37,18.34,"D"
"2168",30.21172,47.39475,350.21,0.55,0.68,"2026-09-14",1053,"N20","low","2.0NRT",323.18,18.34,"D"
"2169",30.2084,47.39213,350.59,0.55,0.68,"2026-09-14",1053,"N20","nominal","2.0NRT",320.69,22.68,"D"
"2170",30.2087,47.39792,356.27,0.55,0.68,"2026-09-14",1053,"N20","low","2.0NRT",318.82,26.19,"D"
"2171",30.21471,47.39174,356.4,0.55,0.68,"2026-09-14",1053,"N20","low","2.0NRT",318.37,6.27,"D"
"2172",30.27131,47.74597,348.32,0.58,0.69,"2026-09-14",1053,"N20","nominal","2.0NRT",317.31,18.93,"D"
"2173",30.27649,47.72122,347.33,0.57,0.69,"2026-09-14",1053,"N20","nominal","2.0NRT",316.73,17.03,"D"
"2174",30.27658,47.36489,356.41,0.55,0.68,"2026-09-14",1053,"N20","low","2.0NRT",320.53,11.49,"D"
"2175",30.28288,47.36452,343.02,0.55,0.68,"2026-09-14",1053,"N20","low","2.0NRT",316.89,11.49,"D"
"2176",30.34409,48.2807,343.41,0.62,0.71,"2026-09-14",1053,"N20","low","2.0NRT",315.6,10.14,"D"
"2177",30.35072,48.28037,345.08,0.62,0.71,"2026-09-14",1053,"N20","nominal","2.0NRT",315.51,9.24,"D"
"2178",30.34207,48.2809,342.52,0.62,0.72,"2026-09-14",1053,"N20","low","2.0NRT",315.65,9.95,"D"
"2179",30.3487,48.28053,342.15,0.62,0.72,"2026-09-14",1053,"N20","low","2.0NRT",316.06,9.66,"D"
"2180",30.35476,47.34192,356.22,0.55,0.68,"2026-09-14",1053,"N20","nominal","2.0NRT",320.36,10.41,"D"
"2181",30.36138,47.34731,348.09,0.55,0.68,"2026-09-14",1053,"N20","nominal","2.0NRT",317.74,14.79,"D"
"2182",30.36106,47.34154,353.45,0.55,0.68,"2026-09-14",1053,"N20","nominal","2.0NRT",321.21,10.41,"D"
"2183",30.36075,47.33578,348.78,0.55,0.68,"2026-09-14",1053,"N20","nominal","2.0NRT",318.12,10.41,"D"
"2184",30.41447,47.62188,341.24,0.57,0.69,"2026-09-14",1053,"N20","low","2.0NRT",314.83,3.04,"D"
"2185",30.41415,47.61596,345.09,0.57,0.69,"2026-09-14",1053,"N20","nominal","2.0NRT",315.53,3.04,"D"
"2186",30.39888,47.33932,352.81,0.55,0.68,"2026-09-14",1053,"N20","nominal","2.0NRT",318.18,5.61,"D"
"2187",30.55862,50.01852,343.64,0.79,0.78,"2026-09-14",1053,"N20","nominal","2.0NRT",316.25,9.96,"D"
"2188",30.56589,50.01852,367,0.79,0.78,"2026-09-14",1053,"N20","high","2.0NRT",315.13,9.96,"D"
"2189",30.41581,47.6162,354.13,0.57,0.69,"2026-09-14",1053,"N20","nominal","2.0NRT",315.62,8.04,"D"
"2190",30.40217,47.33912,348.82,0.55,0.68,"2026-09-14",1053,"N20","nominal","2.0NRT",317.58,6.21,"D"
"2191",30.56023,50.02156,341.54,0.79,0.78,"2026-09-14",1053,"N20","nominal","2.0NRT",313.9,10.5,"D"
"2192",30.56,50.01428,347.21,0.79,0.78,"2026-09-14",1053,"N20","nominal","2.0NRT",316.82,10.5,"D"
"2193",30.57139,49.91965,343.03,0.78,0.78,"2026-09-14",1053,"N20","low","2.0NRT",314.25,12.95,"D"
"2194",30.48981,47.32223,348.4,0.55,0.68,"2026-09-14",1053,"N20","nominal","2.0NRT",317.81,4,"D"
"2195",30.49579,47.31612,343.91,0.55,0.68,"2026-09-14",1053,"N20","low","2.0NRT",318.04,5.75,"D"
"2196",30.49611,47.32186,356.44,0.55,0.68,"2026-09-14",1053,"N20","low","2.0NRT",317.19,5.75,"D"
"2197",30.56326,47.32859,343.64,0.55,0.68,"2026-09-14",1053,"N20","low","2.0NRT",318.28,18.51,"D"
"2198",30.56895,47.31667,351.44,0.55,0.68,"2026-09-14",1053,"N20","nominal","2.0NRT",318.03,21.78,"D"
"2199",30.56404,47.11079,348.34,0.53,0.67,"2026-09-14",1053,"N20","nominal","2.0NRT",317.31,18.51,"D"
"2200",30.56372,47.1052,367,0.53,0.67,"2026-09-14",1053,"N20","low","2.0NRT",327.29,30.42,"D"
"2201",30.55935,46.70618,349.54,0.5,0.66,"2026-09-14",1053,"N20","nominal","2.0NRT",321.35,2.64,"D"
"2202",30.72214,49.82234,341.91,0.77,0.78,"2026-09-14",1053,"N20","low","2.0NRT",314.83,12.03,"D"
"2203",30.71171,49.54419,347.44,0.74,0.76,"2026-09-14",1053,"N20","nominal","2.0NRT",312.62,9.75,"D"
"2204",30.60775,47.33181,343.46,0.55,0.68,"2026-09-14",1053,"N20","low","2.0NRT",316.87,14.63,"D"
"2205",30.61406,47.33144,346.75,0.55,0.68,"2026-09-14",1053,"N20","low","2.0NRT",317.12,8.8,"D"
"2206",30.61374,47.32565,343.67,0.55,0.68,"2026-09-14",1053,"N20","low","2.0NRT",318.12,8.8,"D"
"2207",30.71738,49.8224,346.31,0.77,0.78,"2026-09-14",1053,"N20","nominal","2.0NRT",315.14,11.83,"D"
"2208",30.70855,49.54371,352.49,0.74,0.76,"2026-09-14",1053,"N20","nominal","2.0NRT",314.01,8.43,"D"
"2209",30.74821,48.29231,352.68,0.63,0.72,"2026-09-14",1053,"N20","nominal","2.0NRT",315.78,44.02,"D"
"2210",30.74758,48.27896,349.42,0.63,0.72,"2026-09-14",1053,"N20","nominal","2.0NRT",317.43,89.51,"D"
"2211",30.75455,48.28528,367,0.63,0.72,"2026-09-14",1053,"N20","high","2.0NRT",315.49,21.92,"D"
"2212",30.75423,48.27861,349.24,0.63,0.72,"2026-09-14",1053,"N20","nominal","2.0NRT",316.99,21.92,"D"
"2213",30.75245,48.2924,351.74,0.63,0.72,"2026-09-14",1053,"N20","nominal","2.0NRT",315.82,80.77,"D"
"2214",30.75189,48.27903,354.37,0.63,0.72,"2026-09-14",1053,"N20","nominal","2.0NRT",320.44,61.6,"D"
"2215",30.75217,48.28571,367,0.63,0.72,"2026-09-14",1053,"N20","low","2.0NRT",325.49,80.77,"D"
"2216",30.75987,47.33064,350.67,0.55,0.68,"2026-09-14",1053,"N20","nominal","2.0NRT",319.26,21.33,"D"
"2217",30.76649,47.33608,346.3,0.55,0.68,"2026-09-14",1053,"N20","low","2.0NRT",317.3,19.69,"D"
"2218",30.89312,49.61692,367,0.75,0.77,"2026-09-14",1053,"N20","high","2.0NRT",314.67,17.42,"D"
"2219",30.82338,47.33263,367,0.55,0.68,"2026-09-14",1053,"N20","high","2.0NRT",320.91,20.59,"D"
"2220",30.8297,47.33226,351.33,0.55,0.68,"2026-09-14",1053,"N20","nominal","2.0NRT",316.99,20.59,"D"
"2221",30.83002,47.33809,356.48,0.55,0.68,"2026-09-14",1053,"N20","low","2.0NRT",316.41,20.59,"D"
"2222",30.52588,43.02283,342.5,0.6,0.53,"2026-09-14",1053,"N20","low","2.0NRT",316.94,4.99,"D"
"2223",30.91934,48.8692,344.24,0.68,0.74,"2026-09-14",1053,"N20","nominal","2.0NRT",313.87,10.31,"D"
"2224",30.94698,49.18689,344.89,0.71,0.75,"2026-09-14",1053,"N20","nominal","2.0NRT",314.62,6.48,"D"
"2225",30.5286,43.027,345.15,0.6,0.53,"2026-09-14",1053,"N20","low","2.0NRT",315.66,2.56,"D"
"2226",30.82622,47.32966,352.87,0.55,0.68,"2026-09-14",1053,"N20","nominal","2.0NRT",321.96,36.02,"D"
"2227",30.82651,47.33552,356.09,0.55,0.68,"2026-09-14",1053,"N20","low","2.0NRT",319.23,44.89,"D"
"2228",30.86059,47.92587,367,0.6,0.7,"2026-09-14",1053,"N20","high","2.0NRT",309.4,15.02,"D"
"2229",30.91989,48.86745,344.62,0.68,0.74,"2026-09-14",1053,"N20","nominal","2.0NRT",313.96,11.85,"D"
"2230",30.94571,49.18542,347.27,0.71,0.75,"2026-09-14",1053,"N20","nominal","2.0NRT",314.71,5.81,"D"
"2231",30.88342,47.332,353.67,0.55,0.68,"2026-09-14",1053,"N20","nominal","2.0NRT",317.48,17.12,"D"
"2232",30.88373,47.33785,356.35,0.55,0.68,"2026-09-14",1053,"N20","low","2.0NRT",318.66,17.12,"D"
"2233",30.92928,47.99252,345.65,0.6,0.71,"2026-09-14",1053,"N20","nominal","2.0NRT",315.19,16.67,"D"
"2234",31.03813,49.39723,345.96,0.73,0.76,"2026-09-14",1053,"N20","nominal","2.0NRT",312.86,8.93,"D"
"2235",31.04282,49.39445,343.83,0.73,0.76,"2026-09-14",1053,"N20","nominal","2.0NRT",313.86,7.41,"D"
"2236",31.00113,48.14803,345.28,0.62,0.71,"2026-09-14",1053,"N20","nominal","2.0NRT",315.56,15.33,"D"
"2237",31.00084,48.14145,343.83,0.62,0.71,"2026-09-14",1053,"N20","low","2.0NRT",317.36,15.95,"D"
"2238",31.02628,47.70568,347.19,0.58,0.7,"2026-09-14",1053,"N20","nominal","2.0NRT",317.17,13.94,"D"
"2239",31.12514,49.32871,342.28,0.73,0.76,"2026-09-14",1053,"N20","low","2.0NRT",312.96,103.43,"D"
"2240",31.13187,49.32067,350.58,0.73,0.76,"2026-09-14",1053,"N20","nominal","2.0NRT",316.4,60.62,"D"
"2241",31.13891,49.32051,342.88,0.73,0.76,"2026-09-14",1053,"N20","low","2.0NRT",313.94,8.6,"D"
"2242",31.06088,47.62368,343.43,0.57,0.69,"2026-09-14",1053,"N20","low","2.0NRT",316.94,11.65,"D"
"2243",31.06056,47.61757,346.62,0.57,0.69,"2026-09-14",1053,"N20","nominal","2.0NRT",318.19,11.99,"D"
"2244",31.08902,47.7897,353.86,0.59,0.7,"2026-09-14",1053,"N20","nominal","2.0NRT",317.25,26.42,"D"
"2245",31.08084,47.63486,343.46,0.58,0.69,"2026-09-14",1053,"N20","low","2.0NRT",316.41,17.08,"D"
"2246",31.08051,47.62875,355.09,0.58,0.69,"2026-09-14",1053,"N20","nominal","2.0NRT",319.86,21.4,"D"
"2247",31.08935,47.79597,356.67,0.59,0.7,"2026-09-14",1053,"N20","low","2.0NRT",316.57,35.38,"D"
"2248",31.12968,49.31974,342.4,0.73,0.76,"2026-09-14",1053,"N20","nominal","2.0NRT",313.99,28.81,"D"
"2249",31.06181,47.62117,353.08,0.58,0.69,"2026-09-14",1053,"N20","nominal","2.0NRT",316.86,11.83,"D"
"2250",31.12994,49.32761,355.62,0.73,0.76,"2026-09-14",1053,"N20","low","2.0NRT",318.56,28.81,"D"
"2251",31.13697,49.32732,367,0.73,0.76,"2026-09-14",1053,"N20","high","2.0NRT",311.76,28.81,"D"
"2252",31.13671,49.31958,352.77,0.73,0.76,"2026-09-14",1053,"N20","nominal","2.0NRT",315.96,28.81,"D"
"2253",31.08896,47.7873,341.39,0.59,0.7,"2026-09-14",1053,"N20","low","2.0NRT",315.43,19.14,"D"
"2254",31.0814,47.62618,354.87,0.58,0.69,"2026-09-14",1053,"N20","nominal","2.0NRT",318.08,12.7,"D"
"2255",31.08926,47.79357,356.13,0.59,0.7,"2026-09-14",1053,"N20","low","2.0NRT",317.94,19.14,"D"
"2256",31.08169,47.63231,356.13,0.58,0.69,"2026-09-14",1053,"N20","low","2.0NRT",316.4,12.7,"D"
"2257",31.1387,47.87317,345.17,0.6,0.7,"2026-09-14",1053,"N20","nominal","2.0NRT",317.41,11.01,"D"
"2258",31.21062,49.22421,340.82,0.72,0.75,"2026-09-14",1053,"N20","low","2.0NRT",312.45,8.45,"D"
"2259",31.21032,49.21656,346.52,0.72,0.75,"2026-09-14",1053,"N20","nominal","2.0NRT",314.24,9.67,"D"
"2260",31.20717,48.96077,349.9,0.69,0.74,"2026-09-14",1053,"N20","nominal","2.0NRT",313.93,14.86,"D"
"2261",31.20687,48.95334,355.28,0.69,0.74,"2026-09-14",1053,"N20","nominal","2.0NRT",317.92,14.86,"D"
"2262",31.25079,49.17701,343.05,0.71,0.75,"2026-09-14",1053,"N20","nominal","2.0NRT",312.72,5.39,"D"
"2263",31.20897,49.21798,367,0.72,0.75,"2026-09-14",1053,"N20","high","2.0NRT",314.35,16.57,"D"
"2264",31.20701,48.95435,355.49,0.69,0.74,"2026-09-14",1053,"N20","nominal","2.0NRT",318.42,27.4,"D"
"2265",31.23455,47.97056,352.74,0.61,0.71,"2026-09-14",1053,"N20","nominal","2.0NRT",316.91,19.62,"D"
"2266",31.2966,49.12313,346.17,0.71,0.75,"2026-09-14",1053,"N20","nominal","2.0NRT",314.04,4.56,"D"
"2267",31.30358,49.12289,340.68,0.71,0.75,"2026-09-14",1053,"N20","low","2.0NRT",312.51,4.56,"D"
"2268",31.31691,49.28988,346.42,0.73,0.76,"2026-09-14",1053,"N20","nominal","2.0NRT",314.6,12.64,"D"
"2269",31.26817,48.12591,356.36,0.62,0.71,"2026-09-14",1053,"N20","low","2.0NRT",315.65,48.95,"D"
"2270",31.27479,48.12559,367,0.62,0.71,"2026-09-14",1053,"N20","high","2.0NRT",314.64,48.95,"D"
"2271",31.30348,48.7746,356.1,0.68,0.74,"2026-09-14",1053,"N20","nominal","2.0NRT",316.3,13.82,"D"
"2272",31.27448,48.11899,348,0.62,0.71,"2026-09-14",1053,"N20","nominal","2.0NRT",317.15,48.95,"D"
"2273",31.31033,48.77431,342.17,0.68,0.74,"2026-09-14",1053,"N20","low","2.0NRT",314.22,8.94,"D"
"2274",31.29836,47.80104,367,0.59,0.7,"2026-09-14",1053,"N20","high","2.0NRT",313.43,13.87,"D"
"2275",31.30236,49.1218,345.31,0.71,0.75,"2026-09-14",1053,"N20","nominal","2.0NRT",312.93,4.35,"D"
"2276",31.27258,48.12356,367,0.62,0.71,"2026-09-14",1053,"N20","high","2.0NRT",316.7,72.4,"D"
"2277",31.30424,48.77303,367,0.68,0.74,"2026-09-14",1053,"N20","high","2.0NRT",317.13,19.37,"D"
"2278",31.32177,49.28847,347.27,0.73,0.76,"2026-09-14",1053,"N20","nominal","2.0NRT",314.89,15.76,"D"
"2279",31.29807,47.79851,367,0.59,0.7,"2026-09-14",1053,"N20","high","2.0NRT",314.12,13.54,"D"
"2280",31.35317,47.8592,350.13,0.6,0.7,"2026-09-14",1053,"N20","nominal","2.0NRT",317.32,15.25,"D"
"2281",31.2428,45.25764,352.99,0.42,0.61,"2026-09-14",1053,"N20","nominal","2.0NRT",320.65,3.13,"D"
"2282",31.40392,48.65404,343.61,0.67,0.73,"2026-09-14",1053,"N20","nominal","2.0NRT",314.31,16.25,"D"
"2283",31.65686,47.52885,346.72,0.57,0.69,"2026-09-14",1053,"N20","nominal","2.0NRT",315.42,14.4,"D"
"2284",31.65656,47.52271,350.16,0.57,0.69,"2026-09-14",1053,"N20","nominal","2.0NRT",316.93,14.55,"D"
"2285",31.65786,47.52661,367,0.57,0.69,"2026-09-14",1053,"N20","high","2.0NRT",316.51,21.48,"D"
"2286",29.89743,30.64605,352.99,0.46,0.39,"2026-09-14",1053,"N20","nominal","2.0NRT",322.59,33.94,"D"
"2287",32.10782,47.55087,367,0.58,0.7,"2026-09-14",1053,"N20","high","2.0NRT",318.8,10.69,"D"
"2288",32.10812,47.55695,344.84,0.58,0.7,"2026-09-14",1053,"N20","nominal","2.0NRT",317.3,9.4,"D"
"2289",29.78741,28.55643,346.02,0.39,0.44,"2026-09-14",1053,"N20","low","2.0NRT",320.78,2.08,"D"
"2290",32.10833,47.54847,343.28,0.58,0.7,"2026-09-14",1053,"N20","low","2.0NRT",317.53,12.57,"D"
"2291",32.10859,47.55458,356.34,0.58,0.7,"2026-09-14",1053,"N20","low","2.0NRT",316.86,12.57,"D"
"2292",32.1155,47.41832,350.33,0.57,0.69,"2026-09-14",1053,"N20","nominal","2.0NRT",316.64,15.69,"D"
"2293",32.11523,47.4122,355.91,0.57,0.69,"2026-09-14",1053,"N20","nominal","2.0NRT",321.06,15.69,"D"
"2294",32.17847,47.5253,341.74,0.58,0.7,"2026-09-14",1053,"N20","low","2.0NRT",316.42,12.89,"D"
"2295",37.59876,129.01155,310.18,0.46,0.63,"2026-09-14",1630,"N20","nominal","2.0NRT",288.46,2.57,"N"
"2296",57.58869,139.29974,305.18,0.46,0.47,"2026-09-14",1624,"N20","nominal","2.0NRT",275.24,1.35,"N"
"2297",35.9376,140.68257,329.6,0.39,0.36,"2026-09-14",1630,"N20","nominal","2.0NRT",258.28,2.97,"N"
"2298",13.2613,123.64874,306.02,0.56,0.69,"2026-09-14",1637,"N20","nominal","2.0NRT",284.39,0.58,"N"
"2299",57.58788,139.30203,302.31,0.46,0.47,"2026-09-14",1624,"N20","nominal","2.0NRT",274.98,1.55,"N"
"2300",37.01205,128.33162,301.9,0.49,0.65,"2026-09-14",1630,"N20","nominal","2.0NRT",286.08,0.75,"N"
"2301",46.6317,142.91412,305.41,0.4,0.37,"2026-09-14",1628,"N20","nominal","2.0NRT",284.7,0.55,"N"
"2302",13.25879,123.64463,302.37,0.56,0.69,"2026-09-14",1637,"N20","nominal","2.0NRT",284.21,0.94,"N"
"2303",46.62907,142.90788,306.87,0.4,0.37,"2026-09-14",1628,"N20","nominal","2.0NRT",284.31,0.64,"N"
"2304",36.98466,126.68726,324.49,0.61,0.71,"2026-09-14",1630,"N20","nominal","2.0NRT",295.71,5.22,"N"
"2305",36.98405,126.70819,310.42,0.6,0.71,"2026-09-14",1630,"N20","nominal","2.0NRT",292.17,3.08,"N"
"2306",35.37232,128.48558,303.7,0.47,0.64,"2026-09-14",1630,"N20","nominal","2.0NRT",287.91,1.35,"N"
"2307",46.62835,142.91316,296.87,0.4,0.37,"2026-09-14",1628,"N20","nominal","2.0NRT",285.71,0.67,"N"
"2308",46.62571,142.90691,298.45,0.4,0.37,"2026-09-14",1628,"N20","nominal","2.0NRT",284.98,0.64,"N"
"2309",46.82463,137.94305,318.09,0.39,0.44,"2026-09-14",1628,"N20","nominal","2.0NRT",277.46,2.07,"N"
"2310",46.82417,137.94814,295.29,0.39,0.44,"2026-09-14",1628,"N20","nominal","2.0NRT",277.09,1.78,"N"
"2311",46.82372,137.95323,298.6,0.39,0.44,"2026-09-14",1628,"N20","nominal","2.0NRT",277.61,1.78,"N"
"2312",46.82014,137.94722,332.59,0.39,0.44,"2026-09-14",1628,"N20","nominal","2.0NRT",279.31,1.78,"N"
"2313",46.82059,137.94215,318.1,0.39,0.44,"2026-09-14",1628,"N20","nominal","2.0NRT",277.54,2.07,"N"
"2314",46.81745,137.93127,327.03,0.4,0.44,"2026-09-14",1628,"N20","nominal","2.0NRT",278.59,2.96,"N"
"2315",46.81341,137.93042,325.68,0.4,0.44,"2026-09-14",1628,"N20","nominal","2.0NRT",277.89,2.96,"N"
"2316",46.81295,137.93552,299.24,0.4,0.44,"2026-09-14",1628,"N20","nominal","2.0NRT",278.09,1.66,"N"
"2317",46.8177,137.92935,323.95,0.4,0.44,"2026-09-14",1628,"N20","nominal","2.0NRT",278.38,2.19,"N"
"2318",46.81318,137.93355,323.55,0.39,0.44,"2026-09-14",1628,"N20","nominal","2.0NRT",278.35,2.19,"N"
"2319",46.81366,137.9285,311.1,0.4,0.44,"2026-09-14",1628,"N20","nominal","2.0NRT",276.29,2.19,"N"
"2320",44.33125,125.33669,295.54,0.77,0.77,"2026-09-14",1628,"N20","nominal","2.0NRT",279.8,1.08,"N"
"2321",44.03482,126.52707,297.86,0.67,0.74,"2026-09-14",1628,"N20","nominal","2.0NRT",280.83,1.25,"N"
"2322",43.86313,126.62901,305.85,0.66,0.73,"2026-09-14",1628,"N20","nominal","2.0NRT",282.07,1.83,"N"
"2323",43.86314,126.63815,299.18,0.66,0.73,"2026-09-14",1628,"N20","nominal","2.0NRT",282.7,2.35,"N"
"2324",43.8621,126.63324,319.48,0.66,0.73,"2026-09-14",1628,"N20","nominal","2.0NRT",282.77,2.76,"N"
"2325",39.44475,126.01208,297.48,0.68,0.74,"2026-09-14",1630,"N20","nominal","2.0NRT",283.9,2.49,"N"
"2326",39.44466,126.02031,316.62,0.68,0.74,"2026-09-14",1630,"N20","nominal","2.0NRT",288.24,2.49,"N"
"2327",39.44454,126.01213,296.3,0.68,0.74,"2026-09-14",1630,"N20","nominal","2.0NRT",283.58,2.98,"N"
"2328",39.44441,126.02028,316.84,0.68,0.74,"2026-09-14",1630,"N20","nominal","2.0NRT",287.45,4.06,"N"
"2329",55.40913,105.93584,325.64,0.45,0.63,"2026-09-14",1806,"N20","nominal","2.0NRT",278.09,3.25,"N"
"2330",35.61361,110.58185,302.65,0.55,0.42,"2026-09-14",1811,"N20","nominal","2.0NRT",291.72,2.07,"N"
"2331",55.40906,105.94368,302.51,0.45,0.63,"2026-09-14",1806,"N20","nominal","2.0NRT",277.58,2.5,"N"
"2332",35.60329,110.5679,305.91,0.55,0.42,"2026-09-14",1811,"N20","nominal","2.0NRT",291.72,1.08,"N"
"2333",51.54273,128.15739,306.42,0.49,0.4,"2026-09-14",1806,"N20","nominal","2.0NRT",273.08,1.2,"N"
"2334",35.48202,111.34643,301.43,0.5,0.41,"2026-09-14",1811,"N20","nominal","2.0NRT",288.34,0.73,"N"
"2335",34.58176,117.34444,302.9,0.4,0.37,"2026-09-14",1811,"N20","nominal","2.0NRT",290.09,0.88,"N"
"2336",51.54089,128.15613,303.53,0.49,0.41,"2026-09-14",1806,"N20","nominal","2.0NRT",271.69,0.58,"N"
"2337",34.52542,117.64901,304.01,0.4,0.37,"2026-09-14",1811,"N20","nominal","2.0NRT",287.93,0.87,"N"
"2338",46.82233,137.94632,297.55,0.56,0.69,"2026-09-14",1809,"N20","nominal","2.0NRT",275.52,1.29,"N"
"2339",34.51573,117.49473,303.56,0.4,0.37,"2026-09-14",1811,"N20","nominal","2.0NRT",288.34,0.68,"N"
"2340",46.81348,137.93066,297,0.56,0.69,"2026-09-14",1809,"N20","nominal","2.0NRT",275.9,1.66,"N"
"2341",35.41735,111.3049,302.43,0.5,0.41,"2026-09-14",1811,"N20","nominal","2.0NRT",290.3,2.36,"N"
"2342",34.53009,117.39082,302.81,0.4,0.37,"2026-09-14",1811,"N20","nominal","2.0NRT",289.97,0.95,"N"
"2343",47.36794,130.34566,296.4,0.5,0.49,"2026-09-14",1809,"N20","nominal","2.0NRT",279.02,0.53,"N"
"2344",35.40679,111.29736,304.46,0.5,0.41,"2026-09-14",1811,"N20","nominal","2.0NRT",291.17,1.32,"N"
"2345",34.40617,117.96255,317.03,0.41,0.37,"2026-09-14",1811,"N20","nominal","2.0NRT",288.48,1.54,"N"
"2346",46.60026,131.07072,295.07,0.57,0.52,"2026-09-14",1809,"N20","nominal","2.0NRT",282.62,1.4,"N"
"2347",36.01957,104.07055,297.29,0.42,0.61,"2026-09-14",1811,"N20","nominal","2.0NRT",283.68,0.99,"N"
"2348",34.40358,117.95727,316.73,0.41,0.37,"2026-09-14",1811,"N20","nominal","2.0NRT",287.23,2.28,"N"
"2349",48.08529,123.45193,312.46,0.41,0.37,"2026-09-14",1809,"N20","nominal","2.0NRT",283.46,1.63,"N"
"2350",34.4028,117.96167,307.33,0.41,0.37,"2026-09-14",1811,"N20","nominal","2.0NRT",288.24,1.54,"N"
"2351",34.40021,117.95641,318.01,0.41,0.37,"2026-09-14",1811,"N20","nominal","2.0NRT",289.21,2.63,"N"
"2352",45.81839,130.88594,300.25,0.59,0.53,"2026-09-14",1809,"N20","nominal","2.0NRT",279.94,1.39,"N"
"2353",35.16076,112.57426,307.61,0.44,0.39,"2026-09-14",1811,"N20","nominal","2.0NRT",292.95,1.45,"N"
"2354",45.79792,130.9236,296.48,0.59,0.53,"2026-09-14",1809,"N20","nominal","2.0NRT",281.41,1.52,"N"
"2355",35.34035,111.08061,304.55,0.51,0.41,"2026-09-14",1811,"N20","nominal","2.0NRT",288.84,0.7,"N"
"2356",47.18503,123.57464,301.75,0.43,0.38,"2026-09-14",1809,"N20","nominal","2.0NRT",274.17,1.14,"N"
"2357",34.32181,117.91994,306.66,0.41,0.37,"2026-09-14",1811,"N20","nominal","2.0NRT",286.39,0.32,"N"
"2358",45.33263,131.45531,296.03,0.32,0.55,"2026-09-14",1809,"N20","nominal","2.0NRT",280.48,0.49,"N"
"2359",35.28632,111.30876,300.2,0.5,0.41,"2026-09-14",1811,"N20","nominal","2.0NRT",287.63,0.58,"N"
"2360",46.39061,114.00365,320.5,0.51,0.41,"2026-09-14",1809,"N20","nominal","2.0NRT",282.92,3.26,"N"
"2361",35.28193,111.31358,302.78,0.5,0.41,"2026-09-14",1811,"N20","nominal","2.0NRT",288.78,0.77,"N"
"2362",46.38684,114.00282,340.23,0.51,0.41,"2026-09-14",1809,"N20","nominal","2.0NRT",287.78,7.46,"N"
"2363",35.08733,112.55473,303.27,0.44,0.39,"2026-09-14",1811,"N20","nominal","2.0NRT",292.52,0.86,"N"
"2364",44.33206,125.34333,297.37,0.54,0.42,"2026-09-14",1809,"N20","nominal","2.0NRT",281.86,0.8,"N"
"2365",35.04813,112.52503,301.98,0.44,0.39,"2026-09-14",1811,"N20","nominal","2.0NRT",291.14,1.53,"N"
"2366",44.03582,126.53386,296.52,0.41,0.45,"2026-09-14",1809,"N20","nominal","2.0NRT",282.69,1.04,"N"
"2367",35.04686,112.5347,311.04,0.44,0.39,"2026-09-14",1811,"N20","nominal","2.0NRT",294.29,1.66,"N"
"2368",44.00972,126.53329,297.01,0.41,0.45,"2026-09-14",1809,"N20","nominal","2.0NRT",286.22,0.91,"N"
"2369",35.76028,104.13844,295.45,0.41,0.61,"2026-09-14",1811,"N20","nominal","2.0NRT",280.82,0.52,"N"
"2370",43.8618,126.63886,326.05,0.42,0.45,"2026-09-14",1809,"N20","nominal","2.0NRT",283.72,2.7,"N"
"2371",34.80581,111.8024,300.59,0.47,0.4,"2026-09-14",1811,"N20","nominal","2.0NRT",289.84,2.26,"N"
"2372",45.75683,115.72128,326.52,0.44,0.38,"2026-09-14",1809,"N20","nominal","2.0NRT",282.17,4.12,"N"
"2373",33.97214,117.11003,307.92,0.4,0.37,"2026-09-14",1811,"N20","nominal","2.0NRT",285.08,1.23,"N"
"2374",45.75615,115.72682,330.18,0.44,0.38,"2026-09-14",1809,"N20","nominal","2.0NRT",284.74,4.12,"N"
"2375",35.03175,109.02526,305.35,0.43,0.46,"2026-09-14",1811,"N20","nominal","2.0NRT",284.76,1.19,"N"
"2376",45.75333,115.72036,328.61,0.44,0.38,"2026-09-14",1809,"N20","nominal","2.0NRT",283.07,4.12,"N"
"2377",35.03173,109.02287,299.11,0.43,0.46,"2026-09-14",1811,"N20","nominal","2.0NRT",283.05,0.91,"N"
"2378",45.75265,115.72591,336.12,0.44,0.38,"2026-09-14",1809,"N20","nominal","2.0NRT",284.82,4.12,"N"
"2379",34.96526,109.21496,304.58,0.42,0.45,"2026-09-14",1811,"N20","nominal","2.0NRT",289.07,0.85,"N"
"2380",45.74915,115.72499,298.39,0.44,0.38,"2026-09-14",1809,"N20","nominal","2.0NRT",279.37,1.7,"N"
"2381",34.93358,109.06571,298.55,0.43,0.46,"2026-09-14",1811,"N20","nominal","2.0NRT",287.79,0.98,"N"
"2382",44.19318,124.09122,300.18,0.49,0.4,"2026-09-14",1809,"N20","nominal","2.0NRT",281.65,0.9,"N"
"2383",34.92983,109.06055,306.41,0.43,0.46,"2026-09-14",1811,"N20","nominal","2.0NRT",288.56,0.98,"N"
"2384",43.53215,126.26419,296.96,0.41,0.45,"2026-09-14",1809,"N20","nominal","2.0NRT",278.32,0.85,"N"
"2385",43.33188,125.93363,299.41,0.4,0.44,"2026-09-14",1811,"N20","nominal","2.0NRT",282.48,0.66,"N"
"2386",34.92609,109.05523,301.7,0.43,0.46,"2026-09-14",1811,"N20","nominal","2.0NRT",287.03,1.04,"N"
"2387",43.19595,126.00105,297.64,0.41,0.45,"2026-09-14",1811,"N20","nominal","2.0NRT",284.52,1.14,"N"
"2388",34.92957,109.05858,303.24,0.43,0.46,"2026-09-14",1811,"N20","nominal","2.0NRT",288.11,1.01,"N"
"2389",45.72004,107.71356,297.62,0.32,0.55,"2026-09-14",1811,"N20","nominal","2.0NRT",281.97,0.8,"N"
"2390",34.92587,109.05325,301.21,0.43,0.46,"2026-09-14",1811,"N20","nominal","2.0NRT",286.95,1.01,"N"
"2391",43.20033,124.33562,316.23,0.52,0.42,"2026-09-14",1811,"N20","nominal","2.0NRT",286.28,3.07,"N"
"2392",34.66589,111.0275,314.11,0.51,0.41,"2026-09-14",1811,"N20","nominal","2.0NRT",289.11,3.26,"N"
"2393",43.18002,124.37473,295.3,0.52,0.42,"2026-09-14",1811,"N20","nominal","2.0NRT",284.57,0.51,"N"
"2394",34.32724,113.17942,301.88,0.42,0.38,"2026-09-14",1811,"N20","nominal","2.0NRT",286.12,0.8,"N"
"2395",43.6516,119.84483,300.61,0.39,0.36,"2026-09-14",1811,"N20","nominal","2.0NRT",283.62,0.69,"N"
"2396",34.32763,113.18136,302.99,0.42,0.37,"2026-09-14",1811,"N20","nominal","2.0NRT",287.38,0.94,"N"
"2397",42.77679,124.17401,297.66,0.52,0.42,"2026-09-14",1811,"N20","nominal","2.0NRT",284.23,0.41,"N"
"2398",42.32546,125.24145,323.3,0.4,0.44,"2026-09-14",1811,"N20","nominal","2.0NRT",283.23,1.91,"N"
"2399",34.40312,112.57557,302.35,0.44,0.38,"2026-09-14",1811,"N20","nominal","2.0NRT",287.03,0.55,"N"
"2400",42.31945,125.24928,312,0.4,0.44,"2026-09-14",1811,"N20","nominal","2.0NRT",283.1,2.44,"N"
"2401",34.39962,112.57484,298.85,0.44,0.38,"2026-09-14",1811,"N20","nominal","2.0NRT",287.03,0.55,"N"
"2402",42.31841,125.25394,301.12,0.4,0.44,"2026-09-14",1811,"N20","nominal","2.0NRT",283.79,1.02,"N"
"2403",34.51958,110.36591,298.22,0.54,0.42,"2026-09-14",1811,"N20","nominal","2.0NRT",286.19,0.86,"N"
"2404",42.3145,125.25238,305.06,0.4,0.44,"2026-09-14",1811,"N20","nominal","2.0NRT",280.83,1.02,"N"
"2405",33.76717,115.83528,299.26,0.38,0.36,"2026-09-14",1811,"N20","nominal","2.0NRT",285.19,0.7,"N"
"2406",41.93862,126.43797,305.61,0.46,0.47,"2026-09-14",1811,"N20","nominal","2.0NRT",277.18,1.37,"N"
"2407",34.21806,112.74942,296.83,0.43,0.38,"2026-09-14",1811,"N20","nominal","2.0NRT",277.83,0.14,"N"
"2408",43.54525,118.05075,303.56,0.39,0.36,"2026-09-14",1811,"N20","nominal","2.0NRT",284.13,0.76,"N"
"2409",33.61487,116.57556,296.16,0.39,0.36,"2026-09-14",1811,"N20","nominal","2.0NRT",271.31,0.73,"N"
"2410",43.53471,118.05265,308.3,0.39,0.36,"2026-09-14",1811,"N20","nominal","2.0NRT",283.83,1.12,"N"
"2411",33.61417,116.57973,303.96,0.39,0.36,"2026-09-14",1811,"N20","nominal","2.0NRT",268.86,0.64,"N"
"2412",42.90973,120.80923,299.56,0.41,0.37,"2026-09-14",1811,"N20","nominal","2.0NRT",282.92,0.55,"N"
"2413",33.61157,116.57478,297.8,0.39,0.36,"2026-09-14",1811,"N20","nominal","2.0NRT",270.76,0.53,"N"
"2414",42.51453,121.18427,296.38,0.42,0.38,"2026-09-14",1811,"N20","nominal","2.0NRT",283.37,0.7,"N"
"2415",33.93925,114.20854,301.99,0.39,0.36,"2026-09-14",1811,"N20","nominal","2.0NRT",276.74,0.35,"N"
"2416",41.84362,123.75301,315.6,0.52,0.42,"2026-09-14",1811,"N20","nominal","2.0NRT",286.79,2.77,"N"
"2417",33.69965,115.53168,311.3,0.38,0.36,"2026-09-14",1811,"N20","nominal","2.0NRT",280.55,1.37,"N"
"2418",42.21516,120.81654,306.39,0.41,0.37,"2026-09-14",1811,"N20","nominal","2.0NRT",281.2,1.36,"N"
"2419",34.08659,112.81598,296.91,0.43,0.38,"2026-09-14",1811,"N20","nominal","2.0NRT",280.13,0.85,"N"
"2420",42.27686,119.01779,295.65,0.39,0.36,"2026-09-14",1811,"N20","nominal","2.0NRT",284.54,0.72,"N"
"2421",42.25101,119.13385,326.84,0.39,0.36,"2026-09-14",1811,"N20","nominal","2.0NRT",283.76,2.13,"N"
"2422",34.08598,112.82056,308.13,0.43,0.38,"2026-09-14",1811,"N20","nominal","2.0NRT",278.51,0.85,"N"
"2423",41.35123,123.7371,295.11,0.53,0.42,"2026-09-14",1811,"N20","nominal","2.0NRT",281.18,0.36,"N"
"2424",33.87811,114.20438,296.4,0.39,0.36,"2026-09-14",1811,"N20","nominal","2.0NRT",270.22,0.65,"N"
"2425",43.5638,105.46166,303.41,0.41,0.6,"2026-09-14",1811,"N20","nominal","2.0NRT",283.4,0.71,"N"
"2426",33.89021,114.09777,295.2,0.4,0.37,"2026-09-14",1811,"N20","nominal","2.0NRT",273.63,0.5,"N"
"2427",41.34782,123.46731,295.72,0.52,0.41,"2026-09-14",1811,"N20","nominal","2.0NRT",281.62,0.95,"N"
"2428",34.00471,112.96152,309.46,0.42,0.38,"2026-09-14",1811,"N20","nominal","2.0NRT",279.79,2.05,"N"
"2429",41.28219,123.73891,299.4,0.53,0.42,"2026-09-14",1811,"N20","nominal","2.0NRT",285.55,0.9,"N"
"2430",34.84664,104.42023,297.55,0.39,0.59,"2026-09-14",1811,"N20","nominal","2.0NRT",280.3,0.83,"N"
"2431",41.28373,123.71283,296.75,0.53,0.42,"2026-09-14",1811,"N20","nominal","2.0NRT",284.84,0.97,"N"
"2432",33.53234,115.33936,300.84,0.38,0.36,"2026-09-14",1811,"N20","nominal","2.0NRT",275.09,0.77,"N"
"2433",41.27847,123.73746,296.39,0.53,0.42,"2026-09-14",1811,"N20","nominal","2.0NRT",286.04,0.87,"N"
"2434",41.27491,123.71626,297.93,0.53,0.42,"2026-09-14",1811,"N20","nominal","2.0NRT",286.52,1.15,"N"
"2435",32.11933,121.50993,316.59,0.42,0.45,"2026-09-14",1811,"N20","nominal","2.0NRT",277.83,1.07,"N"
"2436",41.27117,123.71485,297.4,0.53,0.42,"2026-09-14",1811,"N20","nominal","2.0NRT",284.7,1.15,"N"
"2437",32.33494,119.73391,307.74,0.51,0.41,"2026-09-14",1811,"N20","nominal","2.0NRT",292.85,1.69,"N"
"2438",41.28551,123.71237,297.23,0.53,0.42,"2026-09-14",1811,"N20","nominal","2.0NRT",284.59,1,"N"
"2439",41.27907,123.74332,302.9,0.54,0.42,"2026-09-14",1811,"N20","nominal","2.0NRT",285.05,1.65,"N"
"2440",32.78136,117.17318,295.89,0.41,0.37,"2026-09-14",1811,"N20","nominal","2.0NRT",283.94,0.59,"N"
"2441",41.27299,123.71442,298.87,0.53,0.42,"2026-09-14",1811,"N20","nominal","2.0NRT",285.6,1.51,"N"
"2442",32.75484,117.30496,307.83,0.41,0.37,"2026-09-14",1811,"N20","nominal","2.0NRT",290.14,1.11,"N"
"2443",41.30542,123.32806,301.74,0.51,0.41,"2026-09-14",1811,"N20","nominal","2.0NRT",284.8,0.65,"N"
"2444",31.98767,120.6205,313.84,0.57,0.43,"2026-09-14",1811,"N20","nominal","2.0NRT",292.83,2.85,"N"
"2445",41.23118,123.62565,305.62,0.53,0.42,"2026-09-14",1811,"N20","nominal","2.0NRT",284.17,1.28,"N"
"2446",41.22123,123.61561,296.72,0.53,0.42,"2026-09-14",1811,"N20","nominal","2.0NRT",286.47,1.8,"N"
"2447",31.98526,120.63222,307.75,0.57,0.43,"2026-09-14",1811,"N20","nominal","2.0NRT",292.15,2.17,"N"
"2448",40.86604,125.0088,298.32,0.41,0.45,"2026-09-14",1811,"N20","nominal","2.0NRT",278.27,0.96,"N"
"2449",31.98042,120.65569,307.68,0.57,0.43,"2026-09-14",1811,"N20","nominal","2.0NRT",292.19,2.54,"N"
"2450",42.01966,118.95799,295.1,0.39,0.36,"2026-09-14",1811,"N20","nominal","2.0NRT",284.92,0.41,"N"
"2451",42.01334,118.97543,303.86,0.39,0.36,"2026-09-14",1811,"N20","nominal","2.0NRT",286.71,0.86,"N"
"2452",31.98138,120.63111,307.22,0.57,0.43,"2026-09-14",1811,"N20","nominal","2.0NRT",292.89,1.95,"N"
"2453",41.96569,119.179,299.73,0.39,0.36,"2026-09-14",1811,"N20","nominal","2.0NRT",280.62,0.76,"N"
"2454",32.58426,117.2487,303.77,0.41,0.37,"2026-09-14",1811,"N20","nominal","2.0NRT",291.18,1.19,"N"
"2455",41.56152,121.28822,296.19,0.43,0.38,"2026-09-14",1811,"N20","nominal","2.0NRT",282.97,0.73,"N"
"2456",31.85111,120.72742,305.76,0.38,0.44,"2026-09-14",1811,"N20","nominal","2.0NRT",285.51,1.38,"N"
"2457",31.81964,120.4245,301.67,0.56,0.43,"2026-09-14",1811,"N20","nominal","2.0NRT",273.05,1.49,"N"
"2458",41.19272,122.87195,297.53,0.49,0.41,"2026-09-14",1811,"N20","nominal","2.0NRT",285.11,0.96,"N"
"2459",31.72312,120.83341,307.42,0.39,0.44,"2026-09-14",1811,"N20","nominal","2.0NRT",287.52,1.1,"N"
"2460",41.19156,122.87769,299.55,0.49,0.41,"2026-09-14",1811,"N20","nominal","2.0NRT",288.67,0.96,"N"
"2461",31.71044,120.83412,315.43,0.39,0.44,"2026-09-14",1811,"N20","nominal","2.0NRT",286.67,1.93,"N"
"2462",31.43097,121.42041,304.25,0.43,0.46,"2026-09-14",1811,"N20","nominal","2.0NRT",290.91,1.13,"N"
"2463",41.16316,122.97888,296.41,0.5,0.41,"2026-09-14",1811,"N20","nominal","2.0NRT",285.65,0.78,"N"
"2464",31.52027,117.89804,306.83,0.44,0.38,"2026-09-14",1811,"N20","nominal","2.0NRT",271.98,1.74,"N"
"2465",41.1486,122.97359,309.37,0.5,0.41,"2026-09-14",1811,"N20","nominal","2.0NRT",292.24,2.27,"N"
"2466",31.22477,118.15335,299.52,0.45,0.39,"2026-09-14",1811,"N20","nominal","2.0NRT",273.78,0.91,"N"
"2467",31.13357,118.01173,299.12,0.45,0.39,"2026-09-14",1811,"N20","nominal","2.0NRT",278.89,0.7,"N"
"2468",41.14385,122.99677,299.38,0.5,0.41,"2026-09-14",1811,"N20","nominal","2.0NRT",287.13,1.08,"N"
"2469",30.7877,118.97083,300.21,0.49,0.41,"2026-09-14",1811,"N20","nominal","2.0NRT",281.1,1.22,"N"
"2470",41.83331,119.29256,330.33,0.39,0.36,"2026-09-14",1811,"N20","nominal","2.0NRT",288.04,3.44,"N"
"2471",30.67223,118.88021,300.8,0.49,0.4,"2026-09-14",1811,"N20","nominal","2.0NRT",283.77,0.94,"N"
"2472",41.14496,122.97228,306.65,0.5,0.41,"2026-09-14",1811,"N20","nominal","2.0NRT",291.1,2.08,"N"
"2473",30.82188,117.79814,295.6,0.44,0.38,"2026-09-14",1811,"N20","nominal","2.0NRT",259.86,1.46,"N"
"2474",41.14021,122.99545,315.99,0.5,0.41,"2026-09-14",1811,"N20","nominal","2.0NRT",289.88,1.32,"N"
"2475",29.97852,121.03292,304.79,0.43,0.46,"2026-09-14",1813,"N20","nominal","2.0NRT",287.47,0.56,"N"
"2476",41.13776,122.9883,298.22,0.5,0.41,"2026-09-14",1811,"N20","nominal","2.0NRT",287.45,1.32,"N"
"2477",30.59057,116.95818,303.07,0.42,0.37,"2026-09-14",1813,"N20","nominal","2.0NRT",284.6,0.68,"N"
"2478",41.13656,122.99413,312.27,0.5,0.41,"2026-09-14",1811,"N20","nominal","2.0NRT",291.14,1.32,"N"
"2479",30.03178,119.7477,313.24,0.55,0.43,"2026-09-14",1813,"N20","nominal","2.0NRT",282.76,2.43,"N"
"2480",41.13649,122.97544,299.18,0.5,0.41,"2026-09-14",1811,"N20","nominal","2.0NRT",287.6,1.5,"N"
"2481",30.45579,117.23927,319.78,0.43,0.38,"2026-09-14",1813,"N20","nominal","2.0NRT",282.51,1.78,"N"
"2482",41.13292,122.99281,301.71,0.5,0.41,"2026-09-14",1811,"N20","nominal","2.0NRT",288.56,0.82,"N"
"2483",30.44893,117.23766,323.64,0.43,0.38,"2026-09-14",1813,"N20","nominal","2.0NRT",280.72,2.7,"N"
"2484",41.7805,119.48107,318.65,0.39,0.36,"2026-09-14",1811,"N20","nominal","2.0NRT",277.72,1.56,"N"
"2485",30.44971,117.2333,300.11,0.43,0.38,"2026-09-14",1813,"N20","nominal","2.0NRT",279.16,1.08,"N"
"2486",41.52235,120.364,298.42,0.41,0.37,"2026-09-14",1811,"N20","nominal","2.0NRT",286.65,0.74,"N"
"2487",30.44052,117.24462,302.56,0.43,0.38,"2026-09-14",1813,"N20","nominal","2.0NRT",279.52,0.63,"N"
"2488",40.98021,122.94168,301.22,0.5,0.41,"2026-09-14",1811,"N20","nominal","2.0NRT",287.55,2.01,"N"
"2489",29.48525,121.30662,300.32,0.46,0.47,"2026-09-14",1813,"N20","nominal","2.0NRT",287.64,0.67,"N"
"2490",41.45549,119.83636,298.1,0.4,0.37,"2026-09-14",1811,"N20","nominal","2.0NRT",283.08,0.49,"N"
"2491",30.17617,114.91264,307.98,0.39,0.36,"2026-09-14",1813,"N20","nominal","2.0NRT",283.93,1.06,"N"
"2492",41.05917,120.98534,295.35,0.43,0.38,"2026-09-14",1811,"N20","nominal","2.0NRT",284.13,0.68,"N"
"2493",29.33554,119.05189,299.09,0.52,0.42,"2026-09-14",1813,"N20","nominal","2.0NRT",282.99,0.79,"N"
"2494",41.05823,120.99034,296.07,0.43,0.38,"2026-09-14",1811,"N20","nominal","2.0NRT",285.5,0.44,"N"
"2495",29.33174,119.05116,299.49,0.52,0.42,"2026-09-14",1813,"N20","nominal","2.0NRT",283.22,0.79,"N"
"2496",41.28396,119.4172,306,0.39,0.36,"2026-09-14",1811,"N20","nominal","2.0NRT",288.1,0.99,"N"
"2497",29.25455,117.17773,302.8,0.44,0.38,"2026-09-14",1813,"N20","nominal","2.0NRT",286.21,1.04,"N"
"2498",29.25188,117.17251,306.43,0.44,0.38,"2026-09-14",1813,"N20","nominal","2.0NRT",285.29,0.7,"N"
"2499",41.27407,119.41422,308.44,0.39,0.36,"2026-09-14",1811,"N20","nominal","2.0NRT",286.03,1.22,"N"
"2500",28.89362,118.86639,312.54,0.52,0.42,"2026-09-14",1813,"N20","nominal","2.0NRT",292.64,3.33,"N"
"2501",40.68855,122.54817,295.83,0.49,0.4,"2026-09-14",1811,"N20","nominal","2.0NRT",284.1,0.79,"N"
"2502",28.94761,118.48129,303.32,0.5,0.41,"2026-09-14",1813,"N20","nominal","2.0NRT",289.47,0.85,"N"
"2503",41.26748,119.41225,303.33,0.39,0.36,"2026-09-14",1811,"N20","nominal","2.0NRT",283.55,0.73,"N"
"2504",29.8135,112.05246,300.75,0.42,0.37,"2026-09-14",1813,"N20","nominal","2.0NRT",282.89,0.38,"N"
"2505",41.00954,120.81554,304.39,0.42,0.38,"2026-09-14",1811,"N20","nominal","2.0NRT",286,0.87,"N"
"2506",40.67003,122.39204,305.05,0.48,0.4,"2026-09-14",1811,"N20","nominal","2.0NRT",287,1.46,"N"
"2507",29.625,111.30566,303.36,0.44,0.38,"2026-09-14",1813,"N20","nominal","2.0NRT",289.42,0.81,"N"
"2508",40.6689,122.39761,298.87,0.48,0.4,"2026-09-14",1811,"N20","nominal","2.0NRT",286.69,0.99,"N"
"2509",28.62993,117.38029,320.84,0.45,0.39,"2026-09-14",1813,"N20","nominal","2.0NRT",292.73,2.5,"N"
"2510",40.66777,122.40318,313.05,0.48,0.4,"2026-09-14",1811,"N20","nominal","2.0NRT",287.81,0.99,"N"
"2511",28.64814,115.99515,310.31,0.41,0.37,"2026-09-14",1813,"N20","nominal","2.0NRT",291.91,1.28,"N"
"2512",41.17457,119.70688,297.69,0.4,0.37,"2026-09-14",1811,"N20","nominal","2.0NRT",282.03,0.66,"N"
"2513",40.60891,122.58524,295.17,0.49,0.4,"2026-09-14",1811,"N20","nominal","2.0NRT",282.98,0.41,"N"
"2514",28.64478,115.9944,304.62,0.41,0.37,"2026-09-14",1813,"N20","nominal","2.0NRT",290.85,1.28,"N"
"2515",40.93276,119.88971,319.56,0.4,0.37,"2026-09-14",1811,"N20","nominal","2.0NRT",284.71,0.99,"N"
"2516",29.28075,111.55593,302.45,0.43,0.38,"2026-09-14",1813,"N20","nominal","2.0NRT",284.85,0.79,"N"
"2517",40.84877,120.21701,296.11,0.41,0.37,"2026-09-14",1811,"N20","nominal","2.0NRT",283.85,0.44,"N"
"2518",40.97341,119.42781,301.2,0.4,0.37,"2026-09-14",1811,"N20","nominal","2.0NRT",287.52,1.06,"N"
"2519",28.33871,117.21303,306.46,0.45,0.39,"2026-09-14",1813,"N20","nominal","2.0NRT",291.11,2.02,"N"
"2520",41.02185,118.79715,295.99,0.39,0.36,"2026-09-14",1811,"N20","nominal","2.0NRT",282.87,0.61,"N"
"2521",28.33353,117.22121,312.78,0.45,0.39,"2026-09-14",1813,"N20","nominal","2.0NRT",291.74,1.51,"N"
"2522",40.81131,119.46937,299.84,0.4,0.37,"2026-09-14",1811,"N20","nominal","2.0NRT",287.89,0.41,"N"
"2523",28.3344,117.21892,314.16,0.45,0.39,"2026-09-14",1813,"N20","nominal","2.0NRT",291.57,2.24,"N"
"2524",40.31452,122.12806,299.09,0.48,0.4,"2026-09-14",1811,"N20","nominal","2.0NRT",289.08,1.44,"N"
"2525",28.28801,115.71694,305.88,0.4,0.37,"2026-09-14",1813,"N20","nominal","2.0NRT",291.85,0.91,"N"
"2526",40.31343,122.13352,316.61,0.48,0.4,"2026-09-14",1811,"N20","nominal","2.0NRT",291.25,1.44,"N"
"2527",28.18064,114.62839,308.22,0.39,0.36,"2026-09-14",1813,"N20","nominal","2.0NRT",291.59,0.94,"N"
"2528",40.31126,122.14438,301.22,0.48,0.4,"2026-09-14",1811,"N20","nominal","2.0NRT",288.64,1.98,"N"
"2529",27.99439,115.61819,307.72,0.4,0.37,"2026-09-14",1813,"N20","nominal","2.0NRT",292.96,1.06,"N"
"2530",40.30985,122.13229,305.4,0.48,0.4,"2026-09-14",1811,"N20","nominal","2.0NRT",289.57,1.13,"N"
"2531",27.97336,114.39461,305.43,0.39,0.36,"2026-09-14",1813,"N20","nominal","2.0NRT",292.31,0.77,"N"
"2532",41.71299,113.10452,296.18,0.49,0.41,"2026-09-14",1811,"N20","nominal","2.0NRT",279.89,1,"N"
"2533",27.90865,114.70712,304.69,0.39,0.36,"2026-09-14",1813,"N20","nominal","2.0NRT",291.44,0.48,"N"
"2534",39.44643,126.02385,305.5,0.5,0.49,"2026-09-14",1811,"N20","nominal","2.0NRT",286.38,1.53,"N"
"2535",27.78528,114.9174,307.42,0.39,0.36,"2026-09-14",1813,"N20","nominal","2.0NRT",293.43,1.53,"N"
"2536",39.44208,126.02221,318.58,0.5,0.49,"2026-09-14",1811,"N20","nominal","2.0NRT",286.89,1.53,"N"
"2537",27.78197,114.91672,335.26,0.39,0.36,"2026-09-14",1813,"N20","nominal","2.0NRT",293.9,1.53,"N"
"2538",41.88071,110.10623,296.66,0.45,0.47,"2026-09-14",1811,"N20","nominal","2.0NRT",282.56,0.75,"N"
"2539",27.78131,114.92064,307.58,0.39,0.36,"2026-09-14",1813,"N20","nominal","2.0NRT",294.51,1.53,"N"
"2540",40.95061,117.71955,297.86,0.38,0.36,"2026-09-14",1811,"N20","nominal","2.0NRT",283.06,0.57,"N"
"2541",40.94036,117.71913,302.76,0.38,0.36,"2026-09-14",1811,"N20","nominal","2.0NRT",285.67,0.63,"N"
"2542",27.77866,114.91602,308.43,0.39,0.36,"2026-09-14",1813,"N20","nominal","2.0NRT",293.68,1.32,"N"
"2543",41.87908,110.10506,298.75,0.45,0.47,"2026-09-14",1811,"N20","nominal","2.0NRT",284.58,0.83,"N"
"2544",27.82063,112.89163,312.17,0.39,0.36,"2026-09-14",1813,"N20","nominal","2.0NRT",292.11,1.41,"N"
"2545",40.34114,121.10263,307.52,0.44,0.38,"2026-09-14",1811,"N20","nominal","2.0NRT",293.34,0.52,"N"
"2546",27.81341,112.89429,313.32,0.39,0.36,"2026-09-14",1813,"N20","nominal","2.0NRT",292.3,2.11,"N"
"2547",40.7823,118.25809,298.6,0.39,0.36,"2026-09-14",1811,"N20","nominal","2.0NRT",282.63,0.7,"N"
"2548",27.81281,112.89821,311.02,0.39,0.36,"2026-09-14",1813,"N20","nominal","2.0NRT",292.35,1.35,"N"
"2549",40.24164,121.02525,309.72,0.44,0.38,"2026-09-14",1811,"N20","nominal","2.0NRT",292.93,0.81,"N"
"2550",27.81222,112.90214,308.98,0.39,0.36,"2026-09-14",1813,"N20","nominal","2.0NRT",293.07,1.35,"N"
"2551",40.65678,118.52155,299.28,0.39,0.36,"2026-09-14",1811,"N20","nominal","2.0NRT",281.41,1.06,"N"
"2552",27.6367,113.90275,305.51,0.38,0.36,"2026-09-14",1813,"N20","nominal","2.0NRT",291.33,0.59,"N"
"2553",38.87923,126.03545,298.95,0.52,0.5,"2026-09-14",1811,"N20","nominal","2.0NRT",287.06,1.02,"N"
"2554",27.6229,113.73292,304.57,0.38,0.36,"2026-09-14",1813,"N20","nominal","2.0NRT",291.87,0.61,"N"
"2555",40.52124,117.60482,317.12,0.38,0.36,"2026-09-14",1811,"N20","nominal","2.0NRT",285.91,2.29,"N"
"2556",26.78217,117.77618,307.03,0.5,0.41,"2026-09-14",1813,"N20","nominal","2.0NRT",291.44,1.09,"N"
"2557",40.51542,117.59856,316.78,0.38,0.36,"2026-09-14",1811,"N20","nominal","2.0NRT",284.92,1.26,"N"
"2558",27.73639,111.97016,302.49,0.41,0.37,"2026-09-14",1813,"N20","nominal","2.0NRT",288.96,0.55,"N"
"2559",39.95566,120.80623,317.39,0.44,0.38,"2026-09-14",1811,"N20","nominal","2.0NRT",293.14,1.04,"N"
"2560",27.73301,111.96955,320.68,0.41,0.37,"2026-09-14",1813,"N20","nominal","2.0NRT",286.64,1.53,"N"
"2561",40.92248,113.90189,296.18,0.45,0.39,"2026-09-14",1811,"N20","nominal","2.0NRT",279.63,1.01,"N"
"2562",27.55362,113.12711,308.13,0.39,0.36,"2026-09-14",1813,"N20","nominal","2.0NRT",291.9,0.92,"N"
"2563",39.80152,120.61322,322.74,0.43,0.38,"2026-09-14",1811,"N20","nominal","2.0NRT",294.45,1.17,"N"
"2564",27.83563,111.16999,312.1,0.43,0.38,"2026-09-14",1813,"N20","nominal","2.0NRT",288.7,0.89,"N"
"2565",39.79809,120.61215,309.94,0.43,0.38,"2026-09-14",1811,"N20","nominal","2.0NRT",293.83,1.17,"N"
"2566",27.06736,115.73982,308.95,0.41,0.37,"2026-09-14",1813,"N20","nominal","2.0NRT",291.33,0.97,"N"
"2567",40.2187,118.20995,299.56,0.39,0.36,"2026-09-14",1811,"N20","nominal","2.0NRT",283.27,0.81,"N"
"2568",27.68695,111.43468,299.86,0.42,0.38,"2026-09-14",1813,"N20","nominal","2.0NRT",276.29,0.52,"N"
"2569",40.21796,118.21443,306.25,0.39,0.36,"2026-09-14",1811,"N20","nominal","2.0NRT",285.49,0.81,"N"
"2570",27.40191,111.98434,312.54,0.4,0.37,"2026-09-14",1813,"N20","nominal","2.0NRT",290.94,1.33,"N"
"2571",40.21321,118.22246,305.51,0.39,0.36,"2026-09-14",1811,"N20","nominal","2.0NRT",291.54,1.41,"N"
"2572",26.26201,117.60876,310.45,0.5,0.41,"2026-09-14",1813,"N20","nominal","2.0NRT",293.04,2.66,"N"
"2573",40.09425,118.92952,312.18,0.39,0.36,"2026-09-14",1811,"N20","nominal","2.0NRT",285,1.14,"N"
"2574",26.25833,117.60791,307.38,0.5,0.41,"2026-09-14",1813,"N20","nominal","2.0NRT",292.74,2.18,"N"
"2575",40.21119,118.21484,304.93,0.39,0.36,"2026-09-14",1811,"N20","nominal","2.0NRT",291.2,1.38,"N"
"2576",27.44265,109.69505,301.42,0.49,0.4,"2026-09-14",1813,"N20","nominal","2.0NRT",289.46,0.46,"N"
"2577",40.20572,118.22735,301.6,0.39,0.36,"2026-09-14",1811,"N20","nominal","2.0NRT",285.72,0.74,"N"
"2578",27.36797,108.93245,298.42,0.53,0.42,"2026-09-14",1813,"N20","nominal","2.0NRT",284.16,1.25,"N"
"2579",40.11142,118.73254,337.35,0.39,0.36,"2026-09-14",1811,"N20","nominal","2.0NRT",292.75,2.15,"N"
"2580",26.58073,112.59922,302.38,0.39,0.36,"2026-09-14",1813,"N20","nominal","2.0NRT",288.73,1.4,"N"
"2581",40.11218,118.728,306.52,0.39,0.36,"2026-09-14",1811,"N20","nominal","2.0NRT",291.89,2.15,"N"
"2582",25.84574,115.86569,305.38,0.43,0.38,"2026-09-14",1813,"N20","nominal","2.0NRT",291.81,0.79,"N"
"2583",40.11066,118.73706,302.43,0.39,0.36,"2026-09-14",1811,"N20","nominal","2.0NRT",291.39,1.62,"N"
"2584",25.84394,115.86217,304.73,0.43,0.38,"2026-09-14",1813,"N20","nominal","2.0NRT",291.08,0.84,"N"
"2585",40.10813,118.7316,325.65,0.39,0.36,"2026-09-14",1811,"N20","nominal","2.0NRT",289.07,2.15,"N"
"2586",25.43006,118.01791,301.72,0.54,0.42,"2026-09-14",1813,"N20","nominal","2.0NRT",290.18,0.54,"N"
"2587",40.18655,118.07253,302.08,0.39,0.36,"2026-09-14",1811,"N20","nominal","2.0NRT",288.91,1.04,"N"
"2588",25.35666,117.3744,306.48,0.5,0.41,"2026-09-14",1813,"N20","nominal","2.0NRT",291.36,1,"N"
"2589",40.12537,118.44399,300.08,0.39,0.36,"2026-09-14",1811,"N20","nominal","2.0NRT",287.74,0.72,"N"
"2590",25.35523,117.37149,305.42,0.5,0.41,"2026-09-14",1813,"N20","nominal","2.0NRT",291.61,1.13,"N"
"2591",40.18547,118.05822,312.15,0.39,0.36,"2026-09-14",1811,"N20","nominal","2.0NRT",290.78,1.51,"N"
"2592",25.18383,116.72182,317.53,0.47,0.4,"2026-09-14",1813,"N20","nominal","2.0NRT",291.78,2.07,"N"
"2593",40.18474,118.06269,312.88,0.39,0.36,"2026-09-14",1811,"N20","nominal","2.0NRT",290.6,2,"N"
"2594",25.45739,114.89027,313.77,0.4,0.37,"2026-09-14",1813,"N20","nominal","2.0NRT",292.17,1.31,"N"
"2595",40.18183,118.08056,312.56,0.39,0.36,"2026-09-14",1811,"N20","nominal","2.0NRT",289.58,1.63,"N"
"2596",25.71676,112.89215,304.9,0.38,0.36,"2026-09-14",1813,"N20","nominal","2.0NRT",290.08,0.56,"N"
"2597",39.58228,121.43169,301.07,0.46,0.39,"2026-09-14",1811,"N20","nominal","2.0NRT",289.09,0.69,"N"
"2598",24.82438,117.01413,302.88,0.49,0.4,"2026-09-14",1813,"N20","nominal","2.0NRT",290.61,0.87,"N"
"2599",40.1822,118.05732,334.61,0.39,0.36,"2026-09-14",1811,"N20","nominal","2.0NRT",290.96,2.46,"N"
"2600",24.86349,116.19719,312.16,0.45,0.39,"2026-09-14",1813,"N20","nominal","2.0NRT",291.56,1.24,"N"
"2601",40.17892,118.0564,305,0.39,0.36,"2026-09-14",1811,"N20","nominal","2.0NRT",288.27,2.46,"N"
"2602",26.47701,103.32866,297.09,0.37,0.58,"2026-09-14",1813,"N20","nominal","2.0NRT",282.6,0.54,"N"
"2603",40.17638,118.05103,319.4,0.39,0.36,"2026-09-14",1811,"N20","nominal","2.0NRT",293.15,1.73,"N"
"2604",25.63606,110.65841,312.99,0.43,0.38,"2026-09-14",1813,"N20","nominal","2.0NRT",291.76,1.37,"N"
"2605",40.17566,118.0555,312.49,0.39,0.36,"2026-09-14",1811,"N20","nominal","2.0NRT",293.95,1.73,"N"
"2606",24.73867,116.182,323.81,0.45,0.39,"2026-09-14",1813,"N20","nominal","2.0NRT",292.29,2.75,"N"
"2607",40.17493,118.05997,310.61,0.39,0.36,"2026-09-14",1811,"N20","nominal","2.0NRT",291.66,1.39,"N"
"2608",24.70564,113.62354,311.15,0.39,0.36,"2026-09-14",1813,"N20","nominal","2.0NRT",294.32,1.61,"N"
"2609",40.09512,118.44012,296.1,0.39,0.36,"2026-09-14",1811,"N20","nominal","2.0NRT",282.45,0.23,"N"
"2610",24.69989,113.63801,311.27,0.39,0.36,"2026-09-14",1813,"N20","nominal","2.0NRT",294.11,2,"N"
"2611",40.5892,115.08894,299.39,0.41,0.37,"2026-09-14",1811,"N20","nominal","2.0NRT",286.77,0.64,"N"
"2612",24.69927,113.64178,314.61,0.39,0.36,"2026-09-14",1813,"N20","nominal","2.0NRT",293.11,1.37,"N"
"2613",40.58514,115.093,296.38,0.41,0.37,"2026-09-14",1811,"N20","nominal","2.0NRT",286.3,0.64,"N"
"2614",40.77404,113.29008,305.08,0.47,0.4,"2026-09-14",1811,"N20","nominal","2.0NRT",282.06,1.49,"N"
"2615",25.25034,108.1855,310.67,0.55,0.43,"2026-09-14",1813,"N20","nominal","2.0NRT",288.37,1.74,"N"
"2616",39.96424,118.54613,315.24,0.39,0.36,"2026-09-14",1811,"N20","nominal","2.0NRT",290.96,1.32,"N"
"2617",25.25011,108.18459,313.74,0.55,0.43,"2026-09-14",1813,"N20","nominal","2.0NRT",288.11,1.65,"N"
"2618",24.27865,113.41942,321.21,0.39,0.36,"2026-09-14",1813,"N20","nominal","2.0NRT",294.32,2.74,"N"
"2619",39.96019,118.54972,306.56,0.39,0.36,"2026-09-14",1811,"N20","nominal","2.0NRT",291.81,1.32,"N"
"2620",24.27804,113.42319,308.92,0.39,0.36,"2026-09-14",1813,"N20","nominal","2.0NRT",294.34,2.23,"N"
"2621",39.95767,118.54426,305.24,0.39,0.36,"2026-09-14",1811,"N20","nominal","2.0NRT",291.87,0.98,"N"
"2622",24.26937,113.41376,330.95,0.39,0.36,"2026-09-14",1813,"N20","nominal","2.0NRT",295.82,2.94,"N"
"2623",39.9544,118.54329,306.51,0.39,0.36,"2026-09-14",1811,"N20","nominal","2.0NRT",293.64,0.98,"N"
"2624",24.26608,113.41313,311.31,0.39,0.36,"2026-09-14",1813,"N20","nominal","2.0NRT",293.54,2.94,"N"
"2625",39.95112,118.54232,304.83,0.39,0.36,"2026-09-14",1811,"N20","nominal","2.0NRT",289.34,1.11,"N"
"2626",24.25352,113.40683,325.51,0.39,0.36,"2026-09-14",1813,"N20","nominal","2.0NRT",296.09,2.23,"N"
"2627",39.94882,118.55591,309.19,0.39,0.36,"2026-09-14",1811,"N20","nominal","2.0NRT",291.36,1.34,"N"
"2628",39.94806,118.56042,306.34,0.39,0.36,"2026-09-14",1811,"N20","nominal","2.0NRT",289.62,0.83,"N"
"2629",24.25412,113.40306,309.55,0.39,0.36,"2026-09-14",1813,"N20","nominal","2.0NRT",294.03,2.23,"N"
"2630",39.94554,118.55498,305.08,0.39,0.36,"2026-09-14",1811,"N20","nominal","2.0NRT",290.8,1.34,"N"
"2631",24.17228,112.76234,319.75,0.38,0.36,"2026-09-14",1813,"N20","nominal","2.0NRT",293.17,2.07,"N"
"2632",39.94478,118.55948,309.41,0.39,0.36,"2026-09-14",1811,"N20","nominal","2.0NRT",288.68,0.83,"N"
"2633",39.94403,118.56397,300.89,0.39,0.36,"2026-09-14",1811,"N20","nominal","2.0NRT",287.61,0.83,"N"
"2634",23.664,114.31712,306.74,0.4,0.37,"2026-09-14",1813,"N20","nominal","2.0NRT",291.62,0.84,"N"
"2635",39.94226,118.55404,304.96,0.39,0.36,"2026-09-14",1811,"N20","nominal","2.0NRT",292.26,1.3,"N"
"2636",39.93922,118.57203,318.76,0.39,0.36,"2026-09-14",1811,"N20","nominal","2.0NRT",291.79,0.78,"N"
"2637",23.60864,114.20302,315.03,0.4,0.37,"2026-09-14",1813,"N20","nominal","2.0NRT",292.77,1.52,"N"
"2638",39.9367,118.56658,298.15,0.39,0.36,"2026-09-14",1811,"N20","nominal","2.0NRT",287.73,0.78,"N"
"2639",23.56841,114.29897,305.42,0.4,0.37,"2026-09-14",1813,"N20","nominal","2.0NRT",291.97,1.06,"N"
"2640",39.93594,118.57108,303.09,0.39,0.36,"2026-09-14",1811,"N20","nominal","2.0NRT",291.83,0.78,"N"
"2641",23.3291,113.14345,305.44,0.39,0.36,"2026-09-14",1815,"N20","nominal","2.0NRT",288.22,0.69,"N"
"2642",39.91395,118.68518,323.39,0.39,0.36,"2026-09-14",1811,"N20","nominal","2.0NRT",291.16,3.06,"N"
"2643",23.90854,100.0052,297.55,0.57,0.69,"2026-09-14",1815,"N20","nominal","2.0NRT",283.54,0.52,"N"
"2644",39.93363,118.56804,302.24,0.39,0.36,"2026-09-14",1811,"N20","nominal","2.0NRT",288.12,0.58,"N"
"2645",22.77558,110.39179,304.45,0.41,0.37,"2026-09-14",1815,"N20","nominal","2.0NRT",289.45,0.48,"N"
"2646",39.91219,118.67516,302.25,0.39,0.36,"2026-09-14",1811,"N20","nominal","2.0NRT",289.22,1.27,"N"
"2647",39.91267,118.59043,300.57,0.39,0.36,"2026-09-14",1811,"N20","nominal","2.0NRT",288.37,1.01,"N"
"2648",23.9065,100.00581,295.74,0.57,0.69,"2026-09-14",1815,"N20","nominal","2.0NRT",283.83,0.53,"N"
"2649",39.90685,118.58406,306.04,0.39,0.36,"2026-09-14",1811,"N20","nominal","2.0NRT",290.35,0.95,"N"
"2650",22.37351,111.95929,314.04,0.39,0.36,"2026-09-14",1815,"N20","nominal","2.0NRT",287.62,1.63,"N"
"2651",39.90357,118.58312,306.55,0.39,0.36,"2026-09-14",1811,"N20","nominal","2.0NRT",290.01,1.3,"N"
"2652",23.02082,101.06592,298.12,0.48,0.64,"2026-09-14",1815,"N20","nominal","2.0NRT",284.42,0.89,"N"
"2653",39.90281,118.58763,305.31,0.39,0.36,"2026-09-14",1811,"N20","nominal","2.0NRT",294.36,1.6,"N"
"2654",39.88815,118.5929,296.96,0.39,0.36,"2026-09-14",1811,"N20","nominal","2.0NRT",284.93,0.32,"N"
"2655",13.62701,121.08018,311.79,0.46,0.64,"2026-09-14",1817,"N20","nominal","2.0NRT",288.57,1.17,"N"
"2656",39.90147,118.49307,304.68,0.39,0.36,"2026-09-14",1811,"N20","nominal","2.0NRT",289.28,1.05,"N"
"2657",39.91913,118.36671,303.71,0.39,0.36,"2026-09-14",1811,"N20","nominal","2.0NRT",287.98,1.42,"N"
"2658",39.9166,118.36131,302.02,0.39,0.36,"2026-09-14",1811,"N20","nominal","2.0NRT",287.53,0.88,"N"
"2659",39.88056,118.57661,300.59,0.39,0.36,"2026-09-14",1811,"N20","nominal","2.0NRT",287.15,0.88,"N"
"2660",37.59898,129.01105,301.75,0.4,0.6,"2026-09-14",1811,"N20","nominal","2.0NRT",287.65,0.86,"N"
"2661",40.97066,110.08504,297.71,0.44,0.46,"2026-09-14",1811,"N20","nominal","2.0NRT",283.72,1.38,"N"
"2662",39.88182,118.54867,307.89,0.39,0.36,"2026-09-14",1811,"N20","nominal","2.0NRT",290.64,2.2,"N"
"2663",39.88031,118.55769,304.93,0.39,0.36,"2026-09-14",1811,"N20","nominal","2.0NRT",290.55,1.2,"N"
"2664",39.9217,118.22716,313.05,0.39,0.36,"2026-09-14",1811,"N20","nominal","2.0NRT",289.62,1.74,"N"
"2665",39.8914,118.36837,297.05,0.39,0.36,"2026-09-14",1811,"N20","nominal","2.0NRT",285.75,0.94,"N"
"2666",39.87372,118.16518,327.65,0.39,0.36,"2026-09-14",1811,"N20","nominal","2.0NRT",287.69,2.41,"N"
"2667",39.87044,118.16428,308.72,0.39,0.36,"2026-09-14",1811,"N20","nominal","2.0NRT",285.25,0.86,"N"
"2668",39.4665,120.45403,329.87,0.43,0.38,"2026-09-14",1811,"N20","nominal","2.0NRT",294.75,3.82,"N"
"2669",39.85875,118.19366,304.77,0.39,0.36,"2026-09-14",1811,"N20","nominal","2.0NRT",288.6,1.07,"N"
"2670",39.75086,118.81651,303.38,0.39,0.36,"2026-09-14",1811,"N20","nominal","2.0NRT",290.4,0.66,"N"
"2671",39.74679,118.82009,304.06,0.39,0.36,"2026-09-14",1811,"N20","nominal","2.0NRT",289.34,1.13,"N"
"2672",37.48287,129.04572,305.9,0.4,0.6,"2026-09-14",1811,"N20","nominal","2.0NRT",287.15,2.29,"N"
"2673",39.75289,118.64208,298.12,0.39,0.36,"2026-09-14",1811,"N20","nominal","2.0NRT",286.06,0.46,"N"
"2674",39.81723,118.19614,326.85,0.39,0.36,"2026-09-14",1811,"N20","nominal","2.0NRT",287.27,2.18,"N"
"2675",39.7453,118.62579,305.17,0.39,0.36,"2026-09-14",1811,"N20","nominal","2.0NRT",291.8,1.84,"N"
"2676",39.74961,118.51879,301.43,0.39,0.36,"2026-09-14",1811,"N20","nominal","2.0NRT",286.98,0.67,"N"
"2677",39.75615,118.45956,299.8,0.39,0.36,"2026-09-14",1811,"N20","nominal","2.0NRT",288.78,0.51,"N"
"2678",39.6714,118.93633,298.16,0.4,0.37,"2026-09-14",1811,"N20","nominal","2.0NRT",286.93,0.5,"N"
"2679",39.66524,118.89172,300.68,0.39,0.37,"2026-09-14",1811,"N20","nominal","2.0NRT",288.52,2.43,"N"
"2680",39.66368,118.90078,304.59,0.4,0.37,"2026-09-14",1811,"N20","nominal","2.0NRT",293.39,1.97,"N"
"2681",39.66022,118.88797,307.18,0.39,0.37,"2026-09-14",1811,"N20","nominal","2.0NRT",293.75,1.2,"N"
"2682",39.65867,118.89703,304.94,0.4,0.37,"2026-09-14",1811,"N20","nominal","2.0NRT",294.05,1.41,"N"
"2683",39.65615,118.89155,300.47,0.4,0.37,"2026-09-14",1811,"N20","nominal","2.0NRT",290.01,1.41,"N"
"2684",39.65284,118.8906,303.03,0.4,0.37,"2026-09-14",1811,"N20","nominal","2.0NRT",290.4,1.53,"N"
"2685",39.75968,118.08938,298.21,0.39,0.36,"2026-09-14",1811,"N20","nominal","2.0NRT",285.5,0.59,"N"
"2686",39.7564,118.08848,308.58,0.39,0.36,"2026-09-14",1811,"N20","nominal","2.0NRT",286.26,0.59,"N"
"2687",39.65857,118.67433,318.97,0.39,0.36,"2026-09-14",1811,"N20","nominal","2.0NRT",288.89,2.5,"N"
"2688",39.65527,118.6734,299.86,0.39,0.36,"2026-09-14",1811,"N20","nominal","2.0NRT",289.21,1.41,"N"
"2689",40.97677,106.84995,304.83,0.33,0.55,"2026-09-14",1811,"N20","nominal","2.0NRT",286.19,0.93,"N"
"2690",40.96731,106.83703,309.25,0.33,0.55,"2026-09-14",1811,"N20","nominal","2.0NRT",290.19,1.12,"N"
"2691",40.14188,115.2653,302.56,0.41,0.37,"2026-09-14",1811,"N20","nominal","2.0NRT",282.64,1.13,"N"
"2692",40.96132,106.85176,301.51,0.33,0.55,"2026-09-14",1811,"N20","nominal","2.0NRT",287.1,0.73,"N"
"2693",39.63606,118.46104,304.12,0.39,0.36,"2026-09-14",1811,"N20","nominal","2.0NRT",287.34,0.79,"N"
"2694",40.40044,112.98551,298.49,0.48,0.4,"2026-09-14",1811,"N20","nominal","2.0NRT",283.51,1.43,"N"
"2695",39.61749,118.47173,303.02,0.39,0.36,"2026-09-14",1811,"N20","nominal","2.0NRT",288.62,1.29,"N"
"2696",40.39121,113.04012,298.42,0.48,0.4,"2026-09-14",1811,"N20","nominal","2.0NRT",284.74,1.14,"N"
"2697",38.99527,121.83916,299.95,0.49,0.4,"2026-09-14",1811,"N20","nominal","2.0NRT",285.93,0.39,"N"
"2698",40.69084,110.20473,298.01,0.43,0.46,"2026-09-14",1811,"N20","nominal","2.0NRT",284.65,0.92,"N"
"2699",39.60688,118.47344,303.8,0.39,0.36,"2026-09-14",1811,"N20","nominal","2.0NRT",293.52,1.59,"N"
"2700",39.60538,118.48241,298.42,0.39,0.36,"2026-09-14",1811,"N20","nominal","2.0NRT",287.94,0.92,"N"
"2701",39.60031,118.4716,315.36,0.39,0.36,"2026-09-14",1811,"N20","nominal","2.0NRT",291.83,1.89,"N"
"2702",39.59777,118.46619,300.24,0.39,0.36,"2026-09-14",1811,"N20","nominal","2.0NRT",290.14,1.08,"N"
"2703",39.59552,118.47963,300.28,0.39,0.36,"2026-09-14",1811,"N20","nominal","2.0NRT",288.06,0.65,"N"
"2704",39.59449,118.46527,328.41,0.39,0.36,"2026-09-14",1811,"N20","nominal","2.0NRT",290.82,2.59,"N"
"2705",40.93303,106.84097,297.74,0.33,0.55,"2026-09-14",1811,"N20","nominal","2.0NRT",285.33,0.61,"N"
"2706",40.9314,106.78562,301.66,0.33,0.55,"2026-09-14",1811,"N20","nominal","2.0NRT",287.43,1.02,"N"
"2707",39.60589,118.35616,300.35,0.39,0.36,"2026-09-14",1811,"N20","nominal","2.0NRT",289.96,0.65,"N"
"2708",40.65331,109.75663,301.46,0.46,0.47,"2026-09-14",1811,"N20","nominal","2.0NRT",287,2.1,"N"
"2709",40.65039,109.7396,309.2,0.46,0.47,"2026-09-14",1811,"N20","nominal","2.0NRT",290.43,3.13,"N"
"2710",40.64606,109.73889,302.16,0.46,0.47,"2026-09-14",1811,"N20","nominal","2.0NRT",290.44,1.55,"N"
"2711",40.63741,109.73751,303.06,0.46,0.47,"2026-09-14",1811,"N20","nominal","2.0NRT",288.63,1.19,"N"
"2712",40.63308,109.73682,303.3,0.46,0.47,"2026-09-14",1811,"N20","nominal","2.0NRT",289.83,1.19,"N"
"2713",39.48856,118.70348,306.17,0.39,0.36,"2026-09-14",1811,"N20","nominal","2.0NRT",289.94,0.74,"N"
"2714",39.61094,117.95284,340.34,0.39,0.36,"2026-09-14",1811,"N20","nominal","2.0NRT",290.75,5.41,"N"
"2715",40.63628,109.73634,299.8,0.46,0.47,"2026-09-14",1811,"N20","nominal","2.0NRT",286.02,0.77,"N"
"2716",40.63195,109.73567,301.79,0.46,0.47,"2026-09-14",1811,"N20","nominal","2.0NRT",288.2,0.77,"N"
"2717",40.60171,109.68092,324.85,0.46,0.47,"2026-09-14",1811,"N20","nominal","2.0NRT",286.11,3.42,"N"
"2718",40.58437,109.77735,307.02,0.45,0.47,"2026-09-14",1811,"N20","nominal","2.0NRT",285.94,1.79,"N"
"2719",39.50076,118.26848,316.83,0.39,0.36,"2026-09-14",1811,"N20","nominal","2.0NRT",290.62,2.73,"N"
"2720",39.52189,118.079,302.88,0.39,0.36,"2026-09-14",1811,"N20","nominal","2.0NRT",289.66,0.76,"N"
"2721",39.51534,118.07719,302.94,0.39,0.36,"2026-09-14",1811,"N20","nominal","2.0NRT",289.41,0.52,"N"
"2722",40.58077,109.35635,304.8,0.48,0.48,"2026-09-14",1811,"N20","nominal","2.0NRT",289.1,1.29,"N"
"2723",39.43674,118.46551,316.1,0.39,0.36,"2026-09-14",1811,"N20","nominal","2.0NRT",288.81,3.95,"N"
"2724",39.43421,118.46011,332.64,0.39,0.36,"2026-09-14",1811,"N20","nominal","2.0NRT",290.14,6.49,"N"
"2725",39.43346,118.46458,341.6,0.39,0.36,"2026-09-14",1811,"N20","nominal","2.0NRT",288.67,3.95,"N"
"2726",40.57635,109.35569,300.56,0.48,0.48,"2026-09-14",1811,"N20","nominal","2.0NRT",286.97,1.29,"N"
"2727",39.4672,118.26382,302.23,0.39,0.36,"2026-09-14",1811,"N20","nominal","2.0NRT",290.14,1.18,"N"
"2728",39.49641,118.06736,307.66,0.39,0.36,"2026-09-14",1811,"N20","nominal","2.0NRT",289.65,1.16,"N"
"2729",39.46614,118.24957,306.5,0.39,0.36,"2026-09-14",1811,"N20","nominal","2.0NRT",290.93,1.96,"N"
"2730",39.46317,118.26736,302.2,0.39,0.36,"2026-09-14",1811,"N20","nominal","2.0NRT",289.49,0.9,"N"
"2731",39.27461,119.09369,315.4,0.4,0.37,"2026-09-14",1811,"N20","nominal","2.0NRT",293.33,1.25,"N"
"2732",39.26912,119.02505,317.87,0.4,0.37,"2026-09-14",1811,"N20","nominal","2.0NRT",293.02,2.36,"N"
"2733",39.25758,119.03129,331.07,0.4,0.37,"2026-09-14",1811,"N20","nominal","2.0NRT",295.14,2.61,"N"
"2734",39.24841,119.02387,301.51,0.4,0.37,"2026-09-14",1811,"N20","nominal","2.0NRT",290.97,0.76,"N"
"2735",39.24762,119.02842,304.71,0.4,0.37,"2026-09-14",1811,"N20","nominal","2.0NRT",293.65,1.56,"N"
"2736",39.23752,119.0064,302.85,0.4,0.37,"2026-09-14",1811,"N20","nominal","2.0NRT",289.64,0.62,"N"
"2737",40.4556,108.89724,324.49,0.5,0.49,"2026-09-14",1811,"N20","nominal","2.0NRT",288.23,4.25,"N"
"2738",39.98435,113.11368,304.08,0.47,0.4,"2026-09-14",1811,"N20","nominal","2.0NRT",285.89,1.33,"N"
"2739",40.16823,111.41169,306.49,0.56,0.43,"2026-09-14",1811,"N20","nominal","2.0NRT",288.03,2.44,"N"
"2740",40.16755,111.41834,309.33,0.56,0.43,"2026-09-14",1811,"N20","nominal","2.0NRT",289.28,2.15,"N"
"2741",39.81825,114.36412,297.11,0.43,0.38,"2026-09-14",1811,"N20","nominal","2.0NRT",283.97,0.76,"N"
"2742",40.27751,110.04849,299.08,0.44,0.46,"2026-09-14",1811,"N20","nominal","2.0NRT",286.13,0.55,"N"
"2743",39.30283,117.78825,313.47,0.39,0.36,"2026-09-14",1811,"N20","nominal","2.0NRT",293.27,2.1,"N"
"2744",37.49034,126.64111,300.95,0.6,0.53,"2026-09-14",1811,"N20","nominal","2.0NRT",289.78,1.3,"N"
"2745",40.27835,110.04664,297.32,0.44,0.46,"2026-09-14",1811,"N20","nominal","2.0NRT",286.46,0.51,"N"
"2746",39.94357,113.08112,297.94,0.47,0.4,"2026-09-14",1811,"N20","nominal","2.0NRT",286.7,0.78,"N"
"2747",39.21231,118.08865,326.92,0.39,0.36,"2026-09-14",1811,"N20","nominal","2.0NRT",293.03,1.73,"N"
"2748",37.02719,128.3172,301.14,0.38,0.59,"2026-09-14",1811,"N20","nominal","2.0NRT",285.64,1.14,"N"
"2749",37.01569,128.33913,296.12,0.38,0.59,"2026-09-14",1811,"N20","nominal","2.0NRT",284.95,1.04,"N"
"2750",37.01151,128.33334,299.39,0.38,0.59,"2026-09-14",1811,"N20","nominal","2.0NRT",287.3,0.76,"N"
"2751",38.99476,118.99931,329.07,0.4,0.37,"2026-09-14",1811,"N20","nominal","2.0NRT",293.55,2.64,"N"
"2752",39.22254,117.07347,306.83,0.38,0.36,"2026-09-14",1811,"N20","nominal","2.0NRT",286.93,0.71,"N"
"2753",38.9835,118.45077,309.44,0.39,0.36,"2026-09-14",1811,"N20","nominal","2.0NRT",290.77,1.08,"N"
"2754",39.40937,115.63071,304.08,0.4,0.37,"2026-09-14",1811,"N20","nominal","2.0NRT",288.8,1.11,"N"
"2755",38.96159,118.44183,306.82,0.39,0.36,"2026-09-14",1811,"N20","nominal","2.0NRT",291.1,1.01,"N"
"2756",38.96083,118.4463,317.5,0.39,0.36,"2026-09-14",1811,"N20","nominal","2.0NRT",291.36,1.63,"N"
"2757",38.95829,118.44092,323.29,0.39,0.36,"2026-09-14",1811,"N20","nominal","2.0NRT",290.81,1.01,"N"
"2758",39.02898,117.49562,309.42,0.38,0.36,"2026-09-14",1811,"N20","nominal","2.0NRT",291.53,1.06,"N"
"2759",39.0257,117.49474,306.4,0.38,0.36,"2026-09-14",1811,"N20","nominal","2.0NRT",290.87,1.06,"N"
"2760",39.46215,114.21111,295.83,0.43,0.38,"2026-09-14",1811,"N20","nominal","2.0NRT",282.2,0.5,"N"
"2761",38.97271,117.50571,319.26,0.38,0.36,"2026-09-14",1811,"N20","nominal","2.0NRT",291.5,2.38,"N"
"2762",36.98608,126.72759,302.97,0.62,0.54,"2026-09-14",1811,"N20","nominal","2.0NRT",290.65,1.89,"N"
"2763",36.98469,126.71218,321.64,0.62,0.54,"2026-09-14",1811,"N20","nominal","2.0NRT",292.01,3.7,"N"
"2764",36.98491,126.69027,310.4,0.62,0.54,"2026-09-14",1811,"N20","nominal","2.0NRT",294.59,2.57,"N"
"2765",36.98324,126.69701,314.48,0.62,0.54,"2026-09-14",1811,"N20","nominal","2.0NRT",292.28,5.56,"N"
"2766",36.97991,126.71038,304.35,0.62,0.54,"2026-09-14",1811,"N20","nominal","2.0NRT",292.61,2.53,"N"
"2767",36.98015,126.68842,309.01,0.62,0.54,"2026-09-14",1811,"N20","nominal","2.0NRT",291.79,2.57,"N"
"2768",38.39552,120.07601,328.82,0.43,0.38,"2026-09-14",1811,"N20","nominal","2.0NRT",293.97,1.93,"N"
"2769",36.95549,126.62019,298.54,0.62,0.54,"2026-09-14",1811,"N20","nominal","2.0NRT",286.54,1.27,"N"
"2770",38.42712,119.06467,327.85,0.41,0.37,"2026-09-14",1811,"N20","nominal","2.0NRT",292.69,1.6,"N"
"2771",39.25457,113.58599,296.14,0.45,0.39,"2026-09-14",1811,"N20","nominal","2.0NRT",282.04,0.74,"N"
"2772",39.87038,106.77679,298.82,0.32,0.55,"2026-09-14",1811,"N20","nominal","2.0NRT",288.45,0.67,"N"
"2773",39.87012,106.78065,302.85,0.32,0.55,"2026-09-14",1811,"N20","nominal","2.0NRT",290.6,0.67,"N"
"2774",38.21522,119.55349,332.5,0.42,0.38,"2026-09-14",1811,"N20","nominal","2.0NRT",294.11,4.31,"N"
"2775",39.39705,110.6366,327.89,0.4,0.44,"2026-09-14",1811,"N20","nominal","2.0NRT",285.86,2.62,"N"
"2776",38.70436,116.2097,297.91,0.39,0.36,"2026-09-14",1811,"N20","nominal","2.0NRT",287.27,0.87,"N"
"2777",38.14156,119.52709,329.9,0.42,0.38,"2026-09-14",1811,"N20","nominal","2.0NRT",293.79,2.87,"N"
"2778",38.07251,119.77313,326.81,0.43,0.38,"2026-09-14",1811,"N20","nominal","2.0NRT",293.29,1.55,"N"
"2779",38.11961,119.49334,319.13,0.42,0.38,"2026-09-14",1811,"N20","nominal","2.0NRT",293.63,0.98,"N"
"2780",38.8606,114.83123,307.01,0.41,0.37,"2026-09-14",1811,"N20","nominal","2.0NRT",289.13,1.09,"N"
"2781",38.81519,114.62737,301.94,0.41,0.37,"2026-09-14",1811,"N20","nominal","2.0NRT",286.63,0.61,"N"
"2782",37.99878,119.64646,330.08,0.42,0.38,"2026-09-14",1811,"N20","nominal","2.0NRT",293.91,2.58,"N"
"2783",39.25369,110.7534,298.12,0.39,0.44,"2026-09-14",1811,"N20","nominal","2.0NRT",283.12,2.02,"N"
"2784",38.29313,117.83571,319.92,0.39,0.36,"2026-09-14",1811,"N20","nominal","2.0NRT",293.53,2.4,"N"
"2785",38.28985,117.83483,307.16,0.39,0.36,"2026-09-14",1811,"N20","nominal","2.0NRT",290.88,0.53,"N"
"2786",38.29599,117.77705,304.32,0.39,0.36,"2026-09-14",1811,"N20","nominal","2.0NRT",291.9,0.68,"N"
"2787",38.28619,117.81556,301.21,0.39,0.36,"2026-09-14",1811,"N20","nominal","2.0NRT",290.74,0.77,"N"
"2788",38.28546,117.81995,311.51,0.39,0.36,"2026-09-14",1811,"N20","nominal","2.0NRT",293.22,0.77,"N"
"2789",38.28473,117.82432,311.44,0.39,0.36,"2026-09-14",1811,"N20","nominal","2.0NRT",289.49,0.89,"N"
"2790",38.28363,117.8103,312.97,0.39,0.36,"2026-09-14",1811,"N20","nominal","2.0NRT",291.65,1.61,"N"
"2791",37.68937,121.10277,308.3,0.48,0.4,"2026-09-14",1811,"N20","nominal","2.0NRT",287.29,1.3,"N"
"2792",39.23444,110.53445,296.35,0.4,0.44,"2026-09-14",1811,"N20","nominal","2.0NRT",282.04,1,"N"
"2793",35.90563,128.63196,296.81,0.42,0.61,"2026-09-14",1811,"N20","nominal","2.0NRT",286.59,0.16,"N"
"2794",39.52951,106.51453,314.24,0.33,0.55,"2026-09-14",1811,"N20","nominal","2.0NRT",291.72,1.43,"N"
"2795",39.52927,106.51846,309.27,0.33,0.55,"2026-09-14",1811,"N20","nominal","2.0NRT",290.54,1.43,"N"
"2796",38.94957,112.6843,312.97,0.48,0.4,"2026-09-14",1811,"N20","nominal","2.0NRT",288.04,2.12,"N"
"2797",38.94592,112.68356,298.5,0.48,0.4,"2026-09-14",1811,"N20","nominal","2.0NRT",287.33,1.42,"N"
"2798",39.47734,106.69521,307.55,0.32,0.55,"2026-09-14",1811,"N20","nominal","2.0NRT",289.13,0.9,"N"
"2799",39.47839,106.69559,307.84,0.32,0.55,"2026-09-14",1811,"N20","nominal","2.0NRT",289.04,0.91,"N"
"2800",39.46777,106.70198,302.71,0.32,0.55,"2026-09-14",1811,"N20","nominal","2.0NRT",287.9,1.13,"N"
"2801",39.46753,106.70567,302.04,0.32,0.55,"2026-09-14",1811,"N20","nominal","2.0NRT",289.82,1.2,"N"
"2802",39.46273,106.70144,300.62,0.32,0.55,"2026-09-14",1811,"N20","nominal","2.0NRT",287.44,1.13,"N"
"2803",39.46247,106.70512,311.31,0.32,0.55,"2026-09-14",1811,"N20","nominal","2.0NRT",291.46,1.2,"N"
"2804",39.45742,106.70459,299.46,0.32,0.55,"2026-09-14",1811,"N20","nominal","2.0NRT",287.56,0.54,"N"
"2805",39.43436,106.66877,296.69,0.32,0.55,"2026-09-14",1811,"N20","nominal","2.0NRT",286.11,0.59,"N"
"2806",39.41634,106.71107,316.36,0.32,0.55,"2026-09-14",1811,"N20","nominal","2.0NRT",289.56,1.69,"N"
"2807",38.57486,114.94872,310.77,0.4,0.37,"2026-09-14",1811,"N20","nominal","2.0NRT",289.8,2.29,"N"
"2808",37.81179,119.62289,327.68,0.42,0.38,"2026-09-14",1811,"N20","nominal","2.0NRT",293.43,1.36,"N"
"2809",39.05848,110.88941,296.88,0.38,0.44,"2026-09-14",1811,"N20","nominal","2.0NRT",285.62,0.85,"N"
"2810",38.56541,114.9418,327.49,0.4,0.37,"2026-09-14",1811,"N20","nominal","2.0NRT",289.7,1.93,"N"
"2811",39.36941,106.96607,305.48,0.62,0.54,"2026-09-14",1811,"N20","nominal","2.0NRT",291.03,3.84,"N"
"2812",39.36937,106.95978,299.18,0.62,0.54,"2026-09-14",1811,"N20","nominal","2.0NRT",287.92,1.53,"N"
"2813",39.36884,106.96713,305.38,0.62,0.54,"2026-09-14",1811,"N20","nominal","2.0NRT",291.32,3.72,"N"
"2814",38.07705,117.73614,302.11,0.39,0.36,"2026-09-14",1811,"N20","nominal","2.0NRT",291.36,0.63,"N"
"2815",38.7883,112.76059,303.55,0.47,0.4,"2026-09-14",1811,"N20","nominal","2.0NRT",286.05,1.65,"N"
"2816",37.47062,121.05399,301.4,0.48,0.4,"2026-09-14",1811,"N20","nominal","2.0NRT",286.11,0.94,"N"
"2817",39.33302,106.97801,311.14,0.62,0.54,"2026-09-14",1811,"N20","nominal","2.0NRT",290.4,3.11,"N"
"2818",39.32805,106.97752,323.68,0.62,0.54,"2026-09-14",1811,"N20","nominal","2.0NRT",286.35,3.11,"N"
"2819",37.74717,119.53239,305.73,0.42,0.38,"2026-09-14",1811,"N20","nominal","2.0NRT",293.53,0.5,"N"
"2820",39.12094,109.44085,300.63,0.46,0.47,"2026-09-14",1811,"N20","nominal","2.0NRT",285.22,1.78,"N"
"2821",38.6969,113.23387,307.56,0.45,0.39,"2026-09-14",1811,"N20","nominal","2.0NRT",283.83,1.01,"N"
"2822",39.26468,106.71786,301.15,0.32,0.55,"2026-09-14",1811,"N20","nominal","2.0NRT",288.24,0.97,"N"
"2823",37.38036,121.16196,300.08,0.49,0.4,"2026-09-14",1811,"N20","nominal","2.0NRT",286.76,0.87,"N"
"2824",39.26534,106.71821,301.59,0.32,0.55,"2026-09-14",1811,"N20","nominal","2.0NRT",288.43,0.87,"N"
"2825",39.22156,106.6904,309.56,0.32,0.55,"2026-09-14",1811,"N20","nominal","2.0NRT",288.4,1.03,"N"
"2826",39.19628,106.98988,308.18,0.62,0.54,"2026-09-14",1811,"N20","nominal","2.0NRT",286.46,1.76,"N"
"2827",39.19083,106.99654,309.25,0.62,0.54,"2026-09-14",1811,"N20","nominal","2.0NRT",287.88,2.93,"N"
"2828",39.18587,106.99592,305.52,0.62,0.54,"2026-09-14",1811,"N20","nominal","2.0NRT",287.85,2.39,"N"
"2829",39.19712,106.67593,302.9,0.32,0.55,"2026-09-14",1811,"N20","nominal","2.0NRT",286.74,0.55,"N"
"2830",37.18488,121.60052,302.78,0.51,0.41,"2026-09-14",1811,"N20","nominal","2.0NRT",287.72,1.88,"N"
"2831",37.17633,121.60381,298.81,0.51,0.41,"2026-09-14",1811,"N20","nominal","2.0NRT",287.4,1.65,"N"
"2832",38.40625,114.13931,297.63,0.42,0.38,"2026-09-14",1811,"N20","nominal","2.0NRT",287.53,0.43,"N"
"2833",39.16411,106.65411,298.57,0.32,0.55,"2026-09-14",1811,"N20","nominal","2.0NRT",287.33,0.71,"N"
"2834",38.4015,114.14821,299.5,0.42,0.38,"2026-09-14",1811,"N20","nominal","2.0NRT",289.21,0.73,"N"
"2835",38.40086,114.15303,308.53,0.42,0.38,"2026-09-14",1811,"N20","nominal","2.0NRT",292.13,1.68,"N"
"2836",38.39872,114.14265,303.22,0.42,0.38,"2026-09-14",1811,"N20","nominal","2.0NRT",292.41,0.73,"N"
"2837",38.39807,114.14746,303.16,0.42,0.38,"2026-09-14",1811,"N20","nominal","2.0NRT",292.05,0.73,"N"
"2838",38.39528,114.1419,314.16,0.42,0.38,"2026-09-14",1811,"N20","nominal","2.0NRT",295.12,2.5,"N"
"2839",38.374,114.14214,301.46,0.42,0.38,"2026-09-14",1811,"N20","nominal","2.0NRT",289.56,1.38,"N"
"2840",39.05328,106.95043,300.9,0.62,0.54,"2026-09-14",1811,"N20","nominal","2.0NRT",287.32,1.24,"N"
"2841",39.0522,106.95198,301.35,0.62,0.54,"2026-09-14",1811,"N20","nominal","2.0NRT",286.31,1.32,"N"
"2842",39.06603,106.06648,296.42,0.35,0.56,"2026-09-14",1811,"N20","nominal","2.0NRT",285.46,1.1,"N"
"2843",39.05268,106.11268,301.37,0.34,0.56,"2026-09-14",1811,"N20","nominal","2.0NRT",288.43,0.76,"N"
"2844",38.71353,110.179,304.61,0.41,0.45,"2026-09-14",1811,"N20","nominal","2.0NRT",287.48,0.81,"N"
"2845",35.37257,128.48688,297.09,0.43,0.62,"2026-09-14",1811,"N20","nominal","2.0NRT",284.98,0.74,"N"
"2846",38.70941,110.17828,304.57,0.41,0.45,"2026-09-14",1811,"N20","nominal","2.0NRT",286.87,1.03,"N"
"2847",38.69479,110.1559,295.83,0.41,0.45,"2026-09-14",1811,"N20","nominal","2.0NRT",283.32,0.6,"N"
"2848",38.19886,114.24498,303.3,0.42,0.38,"2026-09-14",1811,"N20","nominal","2.0NRT",289.05,0.94,"N"
"2849",38.18014,114.23421,314.38,0.42,0.38,"2026-09-14",1811,"N20","nominal","2.0NRT",289.93,1.47,"N"
"2850",38.17173,114.21825,301.34,0.42,0.38,"2026-09-14",1811,"N20","nominal","2.0NRT",288.1,0.53,"N"
"2851",38.94534,106.46102,315.63,0.33,0.55,"2026-09-14",1811,"N20","nominal","2.0NRT",288.16,1.49,"N"
"2852",38.93898,106.47948,296.83,0.33,0.55,"2026-09-14",1811,"N20","nominal","2.0NRT",286.47,0.48,"N"
"2853",38.13777,114.31264,303.7,0.42,0.37,"2026-09-14",1811,"N20","nominal","2.0NRT",290.58,0.86,"N"
"2854",38.33915,112.72188,316.7,0.47,0.4,"2026-09-14",1811,"N20","nominal","2.0NRT",286.78,1.94,"N"
"2855",38.92139,106.43523,309.52,0.33,0.55,"2026-09-14",1811,"N20","nominal","2.0NRT",288.86,1.88,"N"
"2856",37.41611,118.85111,327.54,0.41,0.37,"2026-09-14",1811,"N20","nominal","2.0NRT",294.46,2.92,"N"
"2857",38.91631,106.43466,306.59,0.33,0.55,"2026-09-14",1811,"N20","nominal","2.0NRT",289.54,1.44,"N"
"2858",38.91581,106.44231,298.45,0.33,0.55,"2026-09-14",1811,"N20","nominal","2.0NRT",288.4,1.12,"N"
"2859",38.91556,106.44613,307.69,0.33,0.55,"2026-09-14",1811,"N20","nominal","2.0NRT",290.46,1.12,"N"
"2860",38.91121,106.43408,310.13,0.33,0.55,"2026-09-14",1811,"N20","nominal","2.0NRT",290.67,1.44,"N"
"2861",38.91022,106.44937,307.1,0.33,0.55,"2026-09-14",1811,"N20","nominal","2.0NRT",288.16,1.56,"N"
"2862",38.89666,106.42086,302.22,0.33,0.55,"2026-09-14",1811,"N20","nominal","2.0NRT",287.5,0.49,"N"
"2863",35.08127,128.9859,300.02,0.46,0.64,"2026-09-14",1811,"N20","nominal","2.0NRT",285.51,1.05,"N"
"2864",38.70179,108.69099,298.59,0.49,0.49,"2026-09-14",1811,"N20","nominal","2.0NRT",282.11,0.36,"N"
"2865",35.09765,128.86008,312.49,0.45,0.63,"2026-09-14",1811,"N20","nominal","2.0NRT",284.26,1.97,"N"
"2866",38.16119,113.48127,304.76,0.44,0.38,"2026-09-14",1811,"N20","nominal","2.0NRT",284.3,1.02,"N"
"2867",35.09602,128.86137,304.84,0.45,0.63,"2026-09-14",1811,"N20","nominal","2.0NRT",284.7,1.69,"N"
"2868",38.18387,113.01654,302.62,0.46,0.39,"2026-09-14",1811,"N20","nominal","2.0NRT",285.77,1.18,"N"
"2869",38.37752,110.49361,295.48,0.39,0.44,"2026-09-14",1811,"N20","nominal","2.0NRT",284.77,0.38,"N"
"2870",38.36667,110.3145,297.56,0.4,0.44,"2026-09-14",1811,"N20","nominal","2.0NRT",283.2,0.35,"N"
"2871",37.76098,115.20415,318.43,0.4,0.37,"2026-09-14",1811,"N20","nominal","2.0NRT",292.85,2.61,"N"
"2872",37.75958,115.19001,312.45,0.4,0.37,"2026-09-14",1811,"N20","nominal","2.0NRT",289.58,1.54,"N"
"2873",37.90846,113.67665,297.6,0.43,0.38,"2026-09-14",1811,"N20","nominal","2.0NRT",285.43,0.62,"N"
"2874",37.88826,113.66727,299.91,0.43,0.38,"2026-09-14",1811,"N20","nominal","2.0NRT",286.52,0.83,"N"
"2875",38.28257,110.12354,295.8,0.41,0.45,"2026-09-14",1811,"N20","nominal","2.0NRT",281.93,0.38,"N"
"2876",37.83551,113.71593,300.8,0.43,0.38,"2026-09-14",1811,"N20","nominal","2.0NRT",286.27,0.7,"N"
"2877",37.46174,116.22813,312.78,0.38,0.36,"2026-09-14",1811,"N20","nominal","2.0NRT",291.44,1.2,"N"
"2878",38.21553,110.18404,304.43,0.41,0.45,"2026-09-14",1811,"N20","nominal","2.0NRT",285.45,0.49,"N"
"2879",37.92937,112.54258,327.37,0.47,0.4,"2026-09-14",1811,"N20","nominal","2.0NRT",290.73,1.76,"N"
"2880",37.92574,112.54187,303.52,0.47,0.4,"2026-09-14",1811,"N20","nominal","2.0NRT",290.31,1.76,"N"
"2881",37.92508,112.54726,304.41,0.47,0.4,"2026-09-14",1811,"N20","nominal","2.0NRT",287.44,1.76,"N"
"2882",37.92145,112.54655,298.7,0.47,0.4,"2026-09-14",1811,"N20","nominal","2.0NRT",288.62,1.25,"N"
"2883",38.5179,105.97612,303.05,0.35,0.56,"2026-09-14",1811,"N20","nominal","2.0NRT",286.13,0.98,"N"
"2884",37.91781,112.54584,307.8,0.47,0.4,"2026-09-14",1811,"N20","nominal","2.0NRT",291.35,1.25,"N"
"2885",38.51247,105.97923,300.84,0.34,0.56,"2026-09-14",1811,"N20","nominal","2.0NRT",286.72,1.14,"N"
"2886",37.91483,112.53972,317.56,0.47,0.4,"2026-09-14",1811,"N20","nominal","2.0NRT",287.22,2.17,"N"
"2887",37.90691,112.54368,299.78,0.47,0.4,"2026-09-14",1811,"N20","nominal","2.0NRT",287.47,0.76,"N"
"2888",37.89184,112.66832,297.4,0.47,0.4,"2026-09-14",1811,"N20","nominal","2.0NRT",285.52,0.6,"N"
"2889",37.90327,112.54295,303.58,0.47,0.4,"2026-09-14",1811,"N20","nominal","2.0NRT",289.63,0.76,"N"
"2890",37.59723,114.45128,308.59,0.41,0.37,"2026-09-14",1811,"N20","nominal","2.0NRT",289.63,1.34,"N"
"2891",38.38217,105.68703,296.34,0.36,0.57,"2026-09-14",1813,"N20","nominal","2.0NRT",285.92,0.77,"N"
"2892",37.52547,114.44032,306.55,0.41,0.37,"2026-09-14",1813,"N20","nominal","2.0NRT",292.39,1.2,"N"
"2893",37.25322,116.23248,298.56,0.38,0.36,"2026-09-14",1813,"N20","nominal","2.0NRT",287.3,0.43,"N"
"2894",38.38295,105.68963,306.94,0.36,0.57,"2026-09-14",1813,"N20","nominal","2.0NRT",287.77,0.76,"N"
"2895",38.32113,106.53379,302.25,0.32,0.55,"2026-09-14",1813,"N20","nominal","2.0NRT",288.18,1.02,"N"
"2896",34.85041,127.70585,299.25,0.4,0.6,"2026-09-14",1813,"N20","nominal","2.0NRT",288.23,1.06,"N"
"2897",36.98484,117.6811,304.68,0.39,0.36,"2026-09-14",1813,"N20","nominal","2.0NRT",288.82,0.46,"N"
"2898",38.06621,109.01345,338.34,0.47,0.47,"2026-09-14",1813,"N20","nominal","2.0NRT",284.37,5.55,"N"
"2899",38.24915,106.54787,324.56,0.32,0.54,"2026-09-14",1813,"N20","nominal","2.0NRT",293.25,3.31,"N"
"2900",38.24889,106.55157,330.33,0.32,0.54,"2026-09-14",1813,"N20","nominal","2.0NRT",294,3.31,"N"
"2901",38.24865,106.55527,325.37,0.32,0.54,"2026-09-14",1813,"N20","nominal","2.0NRT",295.96,3.8,"N"
"2902",38.24362,106.55471,312.04,0.32,0.54,"2026-09-14",1813,"N20","nominal","2.0NRT",287.48,1.21,"N"
"2903",36.94931,117.62659,306.74,0.39,0.36,"2026-09-14",1813,"N20","nominal","2.0NRT",288.53,0.82,"N"
"2904",36.64571,119.24928,300.12,0.43,0.38,"2026-09-14",1813,"N20","nominal","2.0NRT",289.78,0.93,"N"
"2905",36.90167,117.74537,313.48,0.39,0.36,"2026-09-14",1813,"N20","nominal","2.0NRT",294.01,1.49,"N"
"2906",36.76105,118.40791,307.56,0.4,0.37,"2026-09-14",1813,"N20","nominal","2.0NRT",290.89,1.32,"N"
"2907",36.75771,118.40701,312.57,0.4,0.37,"2026-09-14",1813,"N20","nominal","2.0NRT",288.75,1.32,"N"
"2908",38.40807,102.05634,302.51,0.57,0.69,"2026-09-14",1813,"N20","nominal","2.0NRT",283.68,2.12,"N"
"2909",38.20726,105.96262,298.68,0.34,0.56,"2026-09-14",1813,"N20","nominal","2.0NRT",285.51,0.76,"N"
"2910",36.85365,117.62569,312.46,0.39,0.36,"2026-09-14",1813,"N20","nominal","2.0NRT",292.12,1.24,"N"
"2911",37.57917,112.26514,316.1,0.48,0.4,"2026-09-14",1813,"N20","nominal","2.0NRT",290.57,2.14,"N"
"2912",37.57614,112.25898,321.25,0.48,0.4,"2026-09-14",1813,"N20","nominal","2.0NRT",289.02,2.13,"N"
"2913",37.5755,112.26443,304.97,0.48,0.4,"2026-09-14",1813,"N20","nominal","2.0NRT",290.74,2.14,"N"
"2914",36.7041,118.23448,301.61,0.4,0.37,"2026-09-14",1813,"N20","nominal","2.0NRT",288.9,0.36,"N"
"2915",37.58039,112.26415,306.1,0.48,0.4,"2026-09-14",1813,"N20","nominal","2.0NRT",288.18,0.95,"N"
"2916",37.57672,112.26345,308.14,0.48,0.4,"2026-09-14",1813,"N20","nominal","2.0NRT",291.08,2.11,"N"
"2917",37.57605,112.26889,301.83,0.48,0.4,"2026-09-14",1813,"N20","nominal","2.0NRT",290.46,1.76,"N"
"2918",37.57372,112.25731,320.11,0.48,0.4,"2026-09-14",1813,"N20","nominal","2.0NRT",289.23,2.11,"N"
"2919",37.57997,112.17484,319.4,0.49,0.4,"2026-09-14",1813,"N20","nominal","2.0NRT",289.39,2.8,"N"
"2920",37.57269,112.23483,306.38,0.48,0.4,"2026-09-14",1813,"N20","nominal","2.0NRT",287.65,0.97,"N"
"2921",37.57203,112.24026,298.35,0.48,0.4,"2026-09-14",1813,"N20","nominal","2.0NRT",287.58,0.97,"N"
"2922",37.57071,112.25115,318.32,0.48,0.4,"2026-09-14",1813,"N20","nominal","2.0NRT",288.15,2.74,"N"
"2923",37.57004,112.2566,311.58,0.48,0.4,"2026-09-14",1813,"N20","nominal","2.0NRT",291.7,2.71,"N"
"2924",37.56836,112.23956,297.69,0.48,0.4,"2026-09-14",1813,"N20","nominal","2.0NRT",287.62,0.97,"N"
"2925",37.56439,112.27222,300.13,0.48,0.4,"2026-09-14",1813,"N20","nominal","2.0NRT",286.13,1.75,"N"
"2926",37.56205,112.26065,296.45,0.48,0.4,"2026-09-14",1813,"N20","nominal","2.0NRT",286.25,0.77,"N"
"2927",37.56138,112.26609,300.81,0.48,0.4,"2026-09-14",1813,"N20","nominal","2.0NRT",287.96,0.93,"N"
"2928",37.55433,112.23131,301.41,0.48,0.4,"2026-09-14",1813,"N20","nominal","2.0NRT",290.16,1.03,"N"
"2929",36.54705,118.58178,309.99,0.41,0.37,"2026-09-14",1813,"N20","nominal","2.0NRT",291.93,1.1,"N"
"2930",37.67539,110.38425,295.7,0.39,0.44,"2026-09-14",1813,"N20","nominal","2.0NRT",284.54,0.25,"N"
"2931",36.82138,116.74173,320.62,0.38,0.36,"2026-09-14",1813,"N20","nominal","2.0NRT",291.55,1.32,"N"
"2932",36.82206,116.73746,310.29,0.38,0.36,"2026-09-14",1813,"N20","nominal","2.0NRT",293.88,1.32,"N"
"2933",37.14096,114.53427,306.78,0.4,0.37,"2026-09-14",1813,"N20","nominal","2.0NRT",294.05,1.32,"N"
"2934",36.63781,117.74982,300.52,0.39,0.36,"2026-09-14",1813,"N20","nominal","2.0NRT",289.87,0.38,"N"
"2935",36.62717,117.7515,307.37,0.39,0.36,"2026-09-14",1813,"N20","nominal","2.0NRT",289.78,0.79,"N"
"2936",36.56267,117.9667,304.84,0.4,0.37,"2026-09-14",1813,"N20","nominal","2.0NRT",290.13,0.54,"N"
"2937",37.06765,114.33372,300.96,0.41,0.37,"2026-09-14",1813,"N20","nominal","2.0NRT",288.25,0.47,"N"
"2938",36.4275,118.39452,310.45,0.41,0.37,"2026-09-14",1813,"N20","nominal","2.0NRT",289.34,1.16,"N"
"2939",37.91599,105.89369,300.57,0.34,0.56,"2026-09-14",1813,"N20","nominal","2.0NRT",289.19,0.92,"N"
"2940",37.46289,110.95118,300.49,0.55,0.43,"2026-09-14",1813,"N20","nominal","2.0NRT",286.87,1.01,"N"
"2941",37.882,106.01537,297.53,0.34,0.56,"2026-09-14",1813,"N20","nominal","2.0NRT",285.14,0.7,"N"
"2942",37.87611,105.94501,301.86,0.34,0.56,"2026-09-14",1813,"N20","nominal","2.0NRT",287.41,0.62,"N"
"2943",37.42393,111.12673,309.05,0.54,0.42,"2026-09-14",1813,"N20","nominal","2.0NRT",285.33,1.92,"N"
"2944",37.4071,111.13651,295.34,0.54,0.42,"2026-09-14",1813,"N20","nominal","2.0NRT",285.2,1.17,"N"
"2945",37.39416,111.14697,297.33,0.54,0.42,"2026-09-14",1813,"N20","nominal","2.0NRT",286.33,2.02,"N"
"2946",37.38578,111.1516,298.41,0.54,0.42,"2026-09-14",1813,"N20","nominal","2.0NRT",286.54,1.15,"N"
"2947",37.39304,111.14572,297.18,0.54,0.42,"2026-09-14",1813,"N20","nominal","2.0NRT",285.88,0.6,"N"
"2948",37.37623,111.15502,297.22,0.54,0.42,"2026-09-14",1813,"N20","nominal","2.0NRT",286.02,0.69,"N"
"2949",37.81502,106.13293,303.87,0.33,0.55,"2026-09-14",1813,"N20","nominal","2.0NRT",286.65,0.93,"N"
"2950",36.88166,114.31407,303.55,0.41,0.37,"2026-09-14",1813,"N20","nominal","2.0NRT",288.62,0.33,"N"
"2951",36.12239,119.02757,310.68,0.42,0.38,"2026-09-14",1813,"N20","nominal","2.0NRT",292.06,1.46,"N"
"2952",36.88089,114.31637,302.06,0.41,0.37,"2026-09-14",1813,"N20","nominal","2.0NRT",290.17,0.8,"N"
"2953",36.12406,119.02574,314.14,0.42,0.38,"2026-09-14",1813,"N20","nominal","2.0NRT",290.33,1.91,"N"
"2954",37.18939,111.67539,298.29,0.51,0.41,"2026-09-14",1813,"N20","nominal","2.0NRT",286.63,1.66,"N"
"2955",37.13038,112.04546,298.92,0.49,0.4,"2026-09-14",1813,"N20","nominal","2.0NRT",287.84,0.97,"N"
"2956",36.30879,117.52992,311.18,0.39,0.36,"2026-09-14",1813,"N20","nominal","2.0NRT",289.62,1.04,"N"
"2957",36.30806,117.53423,306.3,0.39,0.36,"2026-09-14",1813,"N20","nominal","2.0NRT",290.44,1.04,"N"
"2958",36.30733,117.53854,301.87,0.39,0.36,"2026-09-14",1813,"N20","nominal","2.0NRT",290.27,1.05,"N"
"2959",37.10256,111.96165,297.35,0.49,0.4,"2026-09-14",1813,"N20","nominal","2.0NRT",286.82,2.13,"N"
"2960",36.30548,117.52908,304.46,0.39,0.36,"2026-09-14",1813,"N20","nominal","2.0NRT",288.14,1.04,"N"
"2961",37.08936,112.00979,305.17,0.49,0.4,"2026-09-14",1813,"N20","nominal","2.0NRT",289.18,1.46,"N"
"2962",37.67865,104.98763,299.85,0.38,0.59,"2026-09-14",1813,"N20","nominal","2.0NRT",286.68,1.23,"N"
"2963",36.48619,116.34194,305.53,0.38,0.36,"2026-09-14",1813,"N20","nominal","2.0NRT",291.62,1.03,"N"
"2964",36.48552,116.34619,313.56,0.38,0.36,"2026-09-14",1813,"N20","nominal","2.0NRT",292.09,1.03,"N"
"2965",36.48291,116.34116,304.77,0.38,0.36,"2026-09-14",1813,"N20","nominal","2.0NRT",293.41,1.24,"N"
"2966",36.48224,116.3454,305.99,0.38,0.36,"2026-09-14",1813,"N20","nominal","2.0NRT",293.44,1.24,"N"
"2967",37.07779,111.97955,304.85,0.49,0.4,"2026-09-14",1813,"N20","nominal","2.0NRT",290.21,1.95,"N"
"2968",37.07587,111.99609,301.4,0.49,0.4,"2026-09-14",1813,"N20","nominal","2.0NRT",290.35,1.63,"N"
"2969",37.0741,111.97887,303.21,0.49,0.4,"2026-09-14",1813,"N20","nominal","2.0NRT",289.77,1.68,"N"
"2970",37.07218,111.99541,319.35,0.49,0.4,"2026-09-14",1813,"N20","nominal","2.0NRT",287.57,1.99,"N"
"2971",37.07395,111.99401,321.15,0.49,0.4,"2026-09-14",1813,"N20","nominal","2.0NRT",288.35,3.69,"N"
"2972",37.07596,111.97749,302.46,0.49,0.4,"2026-09-14",1813,"N20","nominal","2.0NRT",287.65,1.5,"N"
"2973",37.07529,111.983,304.12,0.49,0.4,"2026-09-14",1813,"N20","nominal","2.0NRT",290.22,1.78,"N"
"2974",37.08309,111.79203,302.11,0.5,0.41,"2026-09-14",1813,"N20","nominal","2.0NRT",290.81,1.04,"N"
"2975",37.07779,111.83651,306.31,0.5,0.41,"2026-09-14",1813,"N20","nominal","2.0NRT",289.46,1.31,"N"
"2976",37.07431,111.80183,312.97,0.5,0.41,"2026-09-14",1813,"N20","nominal","2.0NRT",289.69,2.44,"N"
"2977",37.6774,104.98899,300.3,0.38,0.59,"2026-09-14",1813,"N20","nominal","2.0NRT",288,0.98,"N"
"2978",37.06488,111.81713,303.72,0.5,0.41,"2026-09-14",1813,"N20","nominal","2.0NRT",289.3,2.14,"N"
"2979",36.22346,117.63084,302.33,0.39,0.36,"2026-09-14",1813,"N20","nominal","2.0NRT",289.05,0.58,"N"
"2980",37.05678,111.8213,301.01,0.5,0.41,"2026-09-14",1813,"N20","nominal","2.0NRT",289.75,1.18,"N"
"2981",37.60771,105.68049,303.3,0.35,0.57,"2026-09-14",1813,"N20","nominal","2.0NRT",287.13,0.98,"N"
"2982",37.63242,105.19475,301.94,0.37,0.58,"2026-09-14",1813,"N20","nominal","2.0NRT",288.1,1.18,"N"
"2983",37.63216,105.19909,301.7,0.37,0.58,"2026-09-14",1813,"N20","nominal","2.0NRT",287.1,1.14,"N"
"2984",36.2117,117.6188,303.81,0.39,0.36,"2026-09-14",1813,"N20","nominal","2.0NRT",289.28,0.56,"N"
"2985",36.20693,117.62659,319.14,0.39,0.36,"2026-09-14",1813,"N20","nominal","2.0NRT",290.27,1.71,"N"
"2986",37.61495,105.02705,300.78,0.38,0.59,"2026-09-14",1813,"N20","nominal","2.0NRT",286.64,0.76,"N"
"2987",36.73805,114.0862,310.06,0.41,0.37,"2026-09-14",1813,"N20","nominal","2.0NRT",294.7,1.61,"N"
"2988",36.73743,114.09076,309.49,0.41,0.37,"2026-09-14",1813,"N20","nominal","2.0NRT",295.8,1.61,"N"
"2989",36.7334,114.09457,305.79,0.41,0.37,"2026-09-14",1813,"N20","nominal","2.0NRT",294.63,2.82,"N"
"2990",37.60407,105.026,311.28,0.38,0.59,"2026-09-14",1813,"N20","nominal","2.0NRT",287.51,1.88,"N"
"2991",36.72812,114.10754,306.12,0.41,0.37,"2026-09-14",1813,"N20","nominal","2.0NRT",294.84,2.26,"N"
"2992",36.72535,114.10223,326.14,0.41,0.37,"2026-09-14",1813,"N20","nominal","2.0NRT",293.92,2.98,"N"
"2993",36.71731,114.10987,318.34,0.41,0.37,"2026-09-14",1813,"N20","nominal","2.0NRT",295.6,2.29,"N"
"2994",37.56039,105.41125,298.12,0.36,0.58,"2026-09-14",1813,"N20","nominal","2.0NRT",286.99,0.82,"N"
"2995",37.56014,105.41544,300.14,0.36,0.58,"2026-09-14",1813,"N20","nominal","2.0NRT",287.63,0.82,"N"
"2996",37.55726,105.3727,296.28,0.37,0.58,"2026-09-14",1813,"N20","nominal","2.0NRT",286.24,0.55,"N"
"2997",36.73489,113.92973,304.27,0.42,0.37,"2026-09-14",1813,"N20","nominal","2.0NRT",290.86,1.67,"N"
"2998",35.94046,118.91875,303.34,0.42,0.38,"2026-09-14",1813,"N20","nominal","2.0NRT",289.32,0.76,"N"
"2999",36.70774,114.10316,311.45,0.41,0.37,"2026-09-14",1813,"N20","nominal","2.0NRT",292.42,1.33,"N"
"3000",36.70496,114.09792,308.8,0.41,0.37,"2026-09-14",1813,"N20","nominal","2.0NRT",291.61,1.37,"N"
"3001",36.72034,113.90751,304.52,0.42,0.37,"2026-09-14",1813,"N20","nominal","2.0NRT",291.14,0.96,"N"
"3002",36.72048,113.91091,308.46,0.42,0.37,"2026-09-14",1813,"N20","nominal","2.0NRT",293.16,1.49,"N"
"3003",36.71707,113.91019,325.46,0.42,0.37,"2026-09-14",1813,"N20","nominal","2.0NRT",291.07,1.49,"N"
"3004",36.10709,117.83408,311.77,0.4,0.37,"2026-09-14",1813,"N20","nominal","2.0NRT",291.05,0.92,"N"
"3005",37.56214,105.41164,296.84,0.36,0.58,"2026-09-14",1813,"N20","nominal","2.0NRT",286.71,1.19,"N"
"3006",37.56187,105.41579,303.57,0.36,0.58,"2026-09-14",1813,"N20","nominal","2.0NRT",288.05,1.42,"N"
"3007",36.6721,114.10808,308.52,0.41,0.37,"2026-09-14",1813,"N20","nominal","2.0NRT",292.4,0.99,"N"
"3008",36.65624,114.22156,300.68,0.41,0.37,"2026-09-14",1813,"N20","nominal","2.0NRT",288.98,0.44,"N"
"3009",36.09533,117.8218,311.9,0.4,0.37,"2026-09-14",1813,"N20","nominal","2.0NRT",290.25,1.16,"N"
"3010",36.08205,117.8184,305.57,0.4,0.37,"2026-09-14",1813,"N20","nominal","2.0NRT",291.25,1.03,"N"
"3011",36.0813,117.82275,307.26,0.4,0.37,"2026-09-14",1813,"N20","nominal","2.0NRT",292.68,1.03,"N"
"3012",36.08055,117.82712,308.44,0.4,0.37,"2026-09-14",1813,"N20","nominal","2.0NRT",292.14,0.69,"N"
"3013",36.07723,117.82626,304.98,0.4,0.37,"2026-09-14",1813,"N20","nominal","2.0NRT",290.76,0.69,"N"
"3014",36.69086,113.81919,322.27,0.42,0.38,"2026-09-14",1813,"N20","nominal","2.0NRT",291.7,2.21,"N"
"3015",36.27809,116.57656,302.01,0.38,0.36,"2026-09-14",1813,"N20","nominal","2.0NRT",290.75,0.51,"N"
"3016",36.68401,113.81778,305.81,0.42,0.38,"2026-09-14",1813,"N20","nominal","2.0NRT",290.81,0.8,"N"
"3017",36.27549,116.57155,315.56,0.38,0.36,"2026-09-14",1813,"N20","nominal","2.0NRT",291.01,1.08,"N"
"3018",36.27481,116.57577,304.36,0.38,0.36,"2026-09-14",1813,"N20","nominal","2.0NRT",292.9,1.12,"N"
"3019",36.59799,114.41298,328.53,0.4,0.37,"2026-09-14",1813,"N20","nominal","2.0NRT",292.66,3.75,"N"
"3020",36.59462,114.41225,313.24,0.4,0.37,"2026-09-14",1813,"N20","nominal","2.0NRT",290.54,0.86,"N"
"3021",36.59399,114.41672,301.03,0.4,0.37,"2026-09-14",1813,"N20","nominal","2.0NRT",288.85,0.86,"N"
"3022",37.41327,106.61333,295.5,0.62,0.54,"2026-09-14",1813,"N20","nominal","2.0NRT",284.86,1.46,"N"
"3023",37.41277,106.62045,297.12,0.62,0.54,"2026-09-14",1813,"N20","nominal","2.0NRT",284.18,1.51,"N"
"3024",37.41225,106.62759,297.96,0.62,0.54,"2026-09-14",1813,"N20","nominal","2.0NRT",285.22,1.51,"N"
"3025",36.62634,114.13573,302.07,0.41,0.37,"2026-09-14",1813,"N20","nominal","2.0NRT",290.77,0.8,"N"
"3026",37.40729,106.62703,300.77,0.62,0.54,"2026-09-14",1813,"N20","nominal","2.0NRT",286.35,1.51,"N"
"3027",36.62357,114.13048,303.77,0.41,0.37,"2026-09-14",1813,"N20","nominal","2.0NRT",292.55,0.8,"N"
"3028",36.62144,114.12069,305.91,0.41,0.37,"2026-09-14",1813,"N20","nominal","2.0NRT",292.34,2.39,"N"
"3029",36.63687,113.98304,301.69,0.41,0.37,"2026-09-14",1813,"N20","nominal","2.0NRT",290.01,0.6,"N"
"3030",36.58388,114.21574,300.87,0.41,0.37,"2026-09-14",1813,"N20","nominal","2.0NRT",290.19,0.57,"N"
"3031",36.2285,116.5249,304.54,0.38,0.36,"2026-09-14",1813,"N20","nominal","2.0NRT",291.75,1.23,"N"
"3032",36.5827,114.09578,301.5,0.41,0.37,"2026-09-14",1813,"N20","nominal","2.0NRT",289.64,0.91,"N"
"3033",36.62568,113.76006,305.36,0.42,0.38,"2026-09-14",1813,"N20","nominal","2.0NRT",288.5,1.5,"N"
"3034",36.57571,114.07077,301.31,0.41,0.37,"2026-09-14",1813,"N20","nominal","2.0NRT",290.07,1.26,"N"
"3035",37.35934,106.58642,297.22,0.62,0.54,"2026-09-14",1813,"N20","nominal","2.0NRT",285.46,1.85,"N"
"3036",36.55705,114.10432,300.52,0.41,0.37,"2026-09-14",1813,"N20","nominal","2.0NRT",290.39,0.8,"N"
"3037",36.55642,114.10886,303.85,0.41,0.37,"2026-09-14",1813,"N20","nominal","2.0NRT",292.8,1.17,"N"
"3038",36.53403,114.24387,304.33,0.41,0.37,"2026-09-14",1813,"N20","nominal","2.0NRT",294.19,1.54,"N"
"3039",36.53254,114.22968,315.35,0.41,0.37,"2026-09-14",1813,"N20","nominal","2.0NRT",291.38,1.53,"N"
"3040",36.59611,113.74427,301.08,0.42,0.38,"2026-09-14",1813,"N20","nominal","2.0NRT",290.59,0.73,"N"
"3041",36.58796,113.75236,301.38,0.42,0.38,"2026-09-14",1813,"N20","nominal","2.0NRT",289.52,1.44,"N"
"3042",36.15841,116.64093,303.16,0.38,0.36,"2026-09-14",1813,"N20","nominal","2.0NRT",290.75,0.88,"N"
"3043",36.71181,112.57946,305.68,0.46,0.39,"2026-09-14",1813,"N20","nominal","2.0NRT",285.87,0.7,"N"
"3044",36.73134,112.23845,303.74,0.47,0.4,"2026-09-14",1813,"N20","nominal","2.0NRT",284.77,1.32,"N"
"3045",36.22009,115.84124,329.14,0.38,0.36,"2026-09-14",1813,"N20","nominal","2.0NRT",295.57,2.45,"N"
"3046",36.22075,115.83701,306.04,0.38,0.36,"2026-09-14",1813,"N20","nominal","2.0NRT",290.57,2.45,"N"
"3047",36.80323,111.29289,298.8,0.52,0.42,"2026-09-14",1813,"N20","nominal","2.0NRT",285.13,0.79,"N"
"3048",36.48838,113.60995,300.72,0.42,0.38,"2026-09-14",1813,"N20","nominal","2.0NRT",290.35,0.72,"N"
"3049",36.47673,113.34991,298.89,0.43,0.38,"2026-09-14",1813,"N20","nominal","2.0NRT",288.38,0.97,"N"
"3050",35.91367,117.13335,305.67,0.39,0.36,"2026-09-14",1813,"N20","nominal","2.0NRT",290.05,0.98,"N"
"3051",36.36252,114.17226,308.34,0.41,0.37,"2026-09-14",1813,"N20","nominal","2.0NRT",296.13,1.5,"N"
"3052",36.49237,113.11457,321.68,0.44,0.38,"2026-09-14",1813,"N20","nominal","2.0NRT",287.64,2.69,"N"
"3053",36.48888,113.11384,299.79,0.44,0.38,"2026-09-14",1813,"N20","nominal","2.0NRT",289.05,1.05,"N"
"3054",35.78348,117.76418,302.22,0.4,0.37,"2026-09-14",1813,"N20","nominal","2.0NRT",289.65,0.76,"N"
"3055",35.99683,116.37215,301.33,0.38,0.36,"2026-09-14",1813,"N20","nominal","2.0NRT",288.74,0.74,"N"
"3056",35.84644,117.291,305.32,0.39,0.36,"2026-09-14",1813,"N20","nominal","2.0NRT",293.7,1.4,"N"
"3057",35.67255,118.2818,307.59,0.41,0.37,"2026-09-14",1813,"N20","nominal","2.0NRT",289.53,0.75,"N"
"3058",35.67701,118.23656,297.34,0.41,0.37,"2026-09-14",1813,"N20","nominal","2.0NRT",286.25,0.63,"N"
"3059",36.46027,113.11287,327.98,0.44,0.38,"2026-09-14",1813,"N20","nominal","2.0NRT",291.3,2.94,"N"
"3060",36.48129,112.95141,299.25,0.44,0.39,"2026-09-14",1813,"N20","nominal","2.0NRT",287.89,0.86,"N"
"3061",36.45964,113.11776,314.58,0.44,0.38,"2026-09-14",1813,"N20","nominal","2.0NRT",291,2.94,"N"
"3062",35.85936,117.15208,307.81,0.39,0.36,"2026-09-14",1813,"N20","nominal","2.0NRT",291.84,1.22,"N"
"3063",36.44875,113.03568,297.37,0.44,0.38,"2026-09-14",1813,"N20","nominal","2.0NRT",285.23,1.2,"N"
"3064",35.3725,119.50735,301.02,0.45,0.39,"2026-09-14",1813,"N20","nominal","2.0NRT",290.92,0.75,"N"
"3065",36.40043,113.01909,299.6,0.44,0.38,"2026-09-14",1813,"N20","nominal","2.0NRT",288.02,1.28,"N"
"3066",36.37238,113.01339,316.16,0.44,0.38,"2026-09-14",1813,"N20","nominal","2.0NRT",289.46,1.43,"N"
"3067",36.35489,113.06467,306.27,0.44,0.38,"2026-09-14",1813,"N20","nominal","2.0NRT",286.85,0.78,"N"
"3068",36.35139,113.06396,321.1,0.44,0.38,"2026-09-14",1813,"N20","nominal","2.0NRT",291.02,3.31,"N"
"3069",36.34852,113.05841,301.47,0.44,0.38,"2026-09-14",1813,"N20","nominal","2.0NRT",286.78,1.11,"N"
"3070",36.1936,114.0522,309.54,0.41,0.37,"2026-09-14",1813,"N20","nominal","2.0NRT",291.33,1.2,"N"
"3071",36.19022,114.05145,303.42,0.41,0.37,"2026-09-14",1813,"N20","nominal","2.0NRT",293.21,0.64,"N"
"3072",36.29872,113.1379,299.3,0.43,0.38,"2026-09-14",1813,"N20","nominal","2.0NRT",286.52,1.02,"N"
"3073",36.16741,114.06506,312.12,0.41,0.37,"2026-09-14",1813,"N20","nominal","2.0NRT",292.47,1.47,"N"
"3074",36.13011,114.283,315.2,0.4,0.37,"2026-09-14",1813,"N20","nominal","2.0NRT",293.52,1.39,"N"
"3075",36.12674,114.28228,306.2,0.4,0.37,"2026-09-14",1813,"N20","nominal","2.0NRT",294.85,1.39,"N"
"3076",36.12596,114.28004,308.43,0.4,0.37,"2026-09-14",1813,"N20","nominal","2.0NRT",294.47,1.5,"N"
"3077",36.39079,112.19372,297.58,0.47,0.4,"2026-09-14",1813,"N20","nominal","2.0NRT",286.43,1.3,"N"
"3078",35.61598,117.44171,307.22,0.39,0.36,"2026-09-14",1813,"N20","nominal","2.0NRT",290.18,0.94,"N"
"3079",35.99492,114.99125,300.1,0.39,0.36,"2026-09-14",1813,"N20","nominal","2.0NRT",288.94,0.59,"N"
"3080",35.62702,117.31509,299.64,0.39,0.36,"2026-09-14",1813,"N20","nominal","2.0NRT",289.64,0.46,"N"
"3081",36.37649,112.1592,297.9,0.47,0.4,"2026-09-14",1813,"N20","nominal","2.0NRT",287.1,1.01,"N"
"3082",36.38822,112.00283,297.89,0.48,0.4,"2026-09-14",1813,"N20","nominal","2.0NRT",287.27,0.66,"N"
"3083",36.36212,111.97086,303.93,0.48,0.4,"2026-09-14",1813,"N20","nominal","2.0NRT",289.02,1.14,"N"
"3084",35.19445,119.38274,315.99,0.45,0.39,"2026-09-14",1813,"N20","nominal","2.0NRT",294.49,2.77,"N"
"3085",35.47943,117.75347,298.97,0.4,0.37,"2026-09-14",1813,"N20","nominal","2.0NRT",285.82,0.55,"N"
"3086",36.34089,111.75375,303.28,0.49,0.4,"2026-09-14",1813,"N20","nominal","2.0NRT",289.73,1.14,"N"
"3087",36.04693,113.99835,310.22,0.41,0.37,"2026-09-14",1813,"N20","nominal","2.0NRT",290.45,0.79,"N"
"3088",36.33652,111.75855,302.37,0.49,0.4,"2026-09-14",1813,"N20","nominal","2.0NRT",289.92,1.57,"N"
"3089",36.33585,111.7641,299.1,0.49,0.4,"2026-09-14",1813,"N20","nominal","2.0NRT",288.79,1.26,"N"
"3090",36.52554,110.06564,297.43,0.39,0.44,"2026-09-14",1813,"N20","nominal","2.0NRT",284.27,0.28,"N"
"3091",35.16647,119.33746,312.98,0.45,0.39,"2026-09-14",1813,"N20","nominal","2.0NRT",292.98,1.82,"N"
"3092",35.44152,117.78194,296.08,0.4,0.37,"2026-09-14",1813,"N20","nominal","2.0NRT",285.71,0.74,"N"
"3093",35.44078,117.7863,310.9,0.4,0.37,"2026-09-14",1813,"N20","nominal","2.0NRT",285.89,0.74,"N"
"3094",35.15691,119.32977,301.09,0.45,0.39,"2026-09-14",1813,"N20","nominal","2.0NRT",289.97,0.48,"N"
"3095",35.15601,119.33456,319.95,0.45,0.39,"2026-09-14",1813,"N20","nominal","2.0NRT",294.86,3.18,"N"
"3096",35.19665,119.03636,308.09,0.43,0.38,"2026-09-14",1813,"N20","nominal","2.0NRT",290.95,1.85,"N"
"3097",35.19579,119.04105,319.34,0.43,0.38,"2026-09-14",1813,"N20","nominal","2.0NRT",293.9,1.85,"N"
"3098",35.16518,119.20657,318.32,0.44,0.38,"2026-09-14",1813,"N20","nominal","2.0NRT",289.79,1.81,"N"
"3099",35.1932,119.03543,309.8,0.43,0.38,"2026-09-14",1813,"N20","nominal","2.0NRT",294.11,1.57,"N"
"3100",35.18975,119.0345,307.52,0.43,0.38,"2026-09-14",1813,"N20","nominal","2.0NRT",293.19,1.57,"N"
"3101",35.40564,117.62767,302.31,0.4,0.37,"2026-09-14",1813,"N20","nominal","2.0NRT",291.31,1.01,"N"
"3102",35.19042,118.79571,330.01,0.43,0.38,"2026-09-14",1813,"N20","nominal","2.0NRT",291.05,3.25,"N"
"3103",35.13526,119.07397,306.28,0.44,0.38,"2026-09-14",1813,"N20","nominal","2.0NRT",293.03,2.11,"N"
"3104",35.18357,118.79385,317.65,0.43,0.38,"2026-09-14",1813,"N20","nominal","2.0NRT",294.31,2.45,"N"
"3105",35.13004,119.08247,305.07,0.44,0.38,"2026-09-14",1813,"N20","nominal","2.0NRT",293,1.66,"N"
"3106",36.42095,109.68113,302.64,0.41,0.45,"2026-09-14",1813,"N20","nominal","2.0NRT",282.53,0.82,"N"
"3107",36.83084,103.21441,295.9,0.48,0.64,"2026-09-14",1813,"N20","nominal","2.0NRT",280.25,0.76,"N"
"3108",36.82796,103.21351,297.5,0.48,0.64,"2026-09-14",1813,"N20","nominal","2.0NRT",280.91,1.09,"N"
"3109",35.33059,116.81761,305.1,0.39,0.36,"2026-09-14",1813,"N20","nominal","2.0NRT",292.37,0.88,"N"
"3110",35.3273,116.81681,305.43,0.39,0.36,"2026-09-14",1813,"N20","nominal","2.0NRT",293.93,0.99,"N"
"3111",35.32402,116.816,311.27,0.39,0.36,"2026-09-14",1813,"N20","nominal","2.0NRT",292.16,0.99,"N"
"3112",35.44904,116.00095,301.59,0.38,0.36,"2026-09-14",1813,"N20","nominal","2.0NRT",291.35,0.94,"N"
"3113",35.44576,116.00018,321.89,0.38,0.36,"2026-09-14",1813,"N20","nominal","2.0NRT",291.64,2.41,"N"
"3114",35.21355,117.02801,312.84,0.39,0.36,"2026-09-14",1813,"N20","nominal","2.0NRT",292.48,1.53,"N"
"3115",35.34938,115.98374,332.71,0.38,0.36,"2026-09-14",1813,"N20","nominal","2.0NRT",297.06,3.28,"N"
"3116",34.92534,118.3836,297.26,0.42,0.38,"2026-09-14",1813,"N20","nominal","2.0NRT",284.54,0.36,"N"
"3117",36.59378,104.11685,299.35,0.42,0.61,"2026-09-14",1813,"N20","nominal","2.0NRT",282.88,0.65,"N"
"3118",36.55463,104.2058,297.11,0.42,0.61,"2026-09-14",1813,"N20","nominal","2.0NRT",283.78,1.52,"N"
"3119",34.9703,117.89148,305.57,0.41,0.37,"2026-09-14",1813,"N20","nominal","2.0NRT",287.54,0.63,"N"
"3120",35.13204,116.73753,305.56,0.39,0.36,"2026-09-14",1813,"N20","nominal","2.0NRT",292.36,0.88,"N"
"3121",35.01969,117.34457,303.59,0.4,0.37,"2026-09-14",1813,"N20","nominal","2.0NRT",289.65,0.69,"N"
"3122",34.9796,117.47727,303.67,0.4,0.37,"2026-09-14",1813,"N20","nominal","2.0NRT",289.58,0.85,"N"
"3123",35.66706,112.86646,301.36,0.44,0.38,"2026-09-14",1813,"N20","nominal","2.0NRT",288.08,1.42,"N"
"3124",35.66983,112.86958,297.74,0.44,0.38,"2026-09-14",1813,"N20","nominal","2.0NRT",285.73,1.81,"N"
"3125",35.66219,112.87296,307.63,0.44,0.38,"2026-09-14",1813,"N20","nominal","2.0NRT",288.64,1.8,"N"
"3126",34.97413,117.37469,305.24,0.4,0.37,"2026-09-14",1813,"N20","nominal","2.0NRT",287.27,0.71,"N"
"3127",34.92709,117.52827,303.77,0.4,0.37,"2026-09-14",1813,"N20","nominal","2.0NRT",291.53,0.78,"N"
"3128",35.76233,111.76745,297.65,0.48,0.4,"2026-09-14",1813,"N20","nominal","2.0NRT",287.11,0.59,"N"
"3129",35.75996,111.75599,300.16,0.48,0.4,"2026-09-14",1813,"N20","nominal","2.0NRT",287.23,1.23,"N"
"3130",35.75931,111.76138,315.34,0.48,0.4,"2026-09-14",1813,"N20","nominal","2.0NRT",290.28,1.23,"N"
"3131",35.75866,111.76671,315.53,0.48,0.4,"2026-09-14",1813,"N20","nominal","2.0NRT",287.58,1.73,"N"
"3132",35.44501,114.02378,306.93,0.4,0.37,"2026-09-14",1813,"N20","nominal","2.0NRT",292.51,1.29,"N"
"3133",34.95823,117.02073,318.07,0.39,0.36,"2026-09-14",1813,"N20","nominal","2.0NRT",292.47,1.76,"N"
"3134",36.36901,103.89369,296.39,0.43,0.62,"2026-09-14",1813,"N20","nominal","2.0NRT",282.53,1.93,"N"
"3135",34.76178,118.09247,299.23,0.41,0.37,"2026-09-14",1813,"N20","nominal","2.0NRT",285.22,0.6,"N"
"3136",34.76099,118.09689,296.29,0.41,0.37,"2026-09-14",1813,"N20","nominal","2.0NRT",285.45,0.6,"N"
"3137",34.86361,117.4425,316.15,0.4,0.37,"2026-09-14",1813,"N20","nominal","2.0NRT",290.71,1.91,"N"
"3138",34.85955,117.44595,305.93,0.4,0.37,"2026-09-14",1813,"N20","nominal","2.0NRT",290.88,1.07,"N"
"3139",36.37342,103.89302,299.33,0.43,0.62,"2026-09-14",1813,"N20","nominal","2.0NRT",283.31,1.58,"N"
"3140",36.37316,103.89767,295.8,0.43,0.62,"2026-09-14",1813,"N20","nominal","2.0NRT",283.6,1.33,"N"
"3141",35.70184,111.43813,306.06,0.5,0.41,"2026-09-14",1813,"N20","nominal","2.0NRT",291.53,1.52,"N"
"3142",35.73695,111.07399,300.48,0.52,0.41,"2026-09-14",1813,"N20","nominal","2.0NRT",288.89,0.66,"N"
"3143",35.69359,111.21496,311.65,0.51,0.41,"2026-09-14",1813,"N20","nominal","2.0NRT",289.55,1.79,"N"
"3144",35.62902,111.73042,300.26,0.48,0.4,"2026-09-14",1813,"N20","nominal","2.0NRT",286.09,0.56,"N"
"3145",35.68098,111.22413,303.1,0.51,0.41,"2026-09-14",1813,"N20","nominal","2.0NRT",291.23,1.42,"N"
"3146",35.3777,113.44711,307.52,0.42,0.38,"2026-09-14",1813,"N20","nominal","2.0NRT",295.98,1.56,"N"
"3147",35.6709,110.98294,304.27,0.52,0.42,"2026-09-14",1813,"N20","nominal","2.0NRT",291.51,0.96,"N"
"3148",35.67402,110.64729,328.86,0.54,0.42,"2026-09-14",1813,"N20","nominal","2.0NRT",292.68,5.23,"N"
"3149",35.67067,110.6771,302.1,0.54,0.42,"2026-09-14",1813,"N20","nominal","2.0NRT",289.15,0.84,"N"
"3150",35.66824,110.62811,303.6,0.54,0.42,"2026-09-14",1813,"N20","nominal","2.0NRT",291.28,2.28,"N"
"3151",35.58861,111.25742,305.16,0.51,0.41,"2026-09-14",1813,"N20","nominal","2.0NRT",291.51,2.36,"N"
"3152",35.58159,111.28461,305.07,0.51,0.41,"2026-09-14",1813,"N20","nominal","2.0NRT",289.05,2.06,"N"
"3153",35.31644,113.33304,303.27,0.42,0.38,"2026-09-14",1813,"N20","nominal","2.0NRT",292.49,0.68,"N"
"3154",35.61393,110.58149,303.11,0.55,0.42,"2026-09-14",1813,"N20","nominal","2.0NRT",291.8,1.61,"N"
"3155",62.5012,113.9061,332.99,0.51,0.5,"2026-09-14",1804,"N20","nominal","2.0NRT",269.92,4.47,"N"
"3156",62.44371,113.65551,336.29,0.52,0.5,"2026-09-14",1804,"N20","nominal","2.0NRT",268,4.12,"N"
"3157",62.44522,113.66087,335.82,0.52,0.5,"2026-09-14",1804,"N20","nominal","2.0NRT",268.39,5.07,"N"
"3158",62.40672,113.5899,318.51,0.52,0.5,"2026-09-14",1804,"N20","nominal","2.0NRT",270.64,2.93,"N"
"3159",62.4021,113.58864,330.9,0.52,0.5,"2026-09-14",1804,"N20","nominal","2.0NRT",272.19,2.93,"N"
"3160",62.39732,113.49357,316.07,0.53,0.5,"2026-09-14",1804,"N20","nominal","2.0NRT",265.94,1.64,"N"
"3161",62.35515,113.69162,332.84,0.52,0.5,"2026-09-14",1804,"N20","nominal","2.0NRT",279.99,31.31,"N"
"3162",57.58756,139.29129,297.19,0.53,0.5,"2026-09-14",1804,"N20","nominal","2.0NRT",266.5,0.62,"N"
"3163",57.58718,139.29271,295.69,0.53,0.5,"2026-09-14",1804,"N20","nominal","2.0NRT",265.7,1.54,"N"
"3164",10.38085,108.36185,311.56,0.4,0.37,"2026-09-14",1817,"N20","nominal","2.0NRT",279.31,0.92,"N"
"3165",10.13531,108.56474,321.73,0.39,0.36,"2026-09-14",1819,"N20","nominal","2.0NRT",286.24,2.13,"N"
"3166",61.46086,113.00361,320.39,0.54,0.51,"2026-09-14",1804,"N20","nominal","2.0NRT",263.05,3.2,"N"
"3167",10.13476,108.56828,315.49,0.39,0.36,"2026-09-14",1819,"N20","nominal","2.0NRT",286.39,2.14,"N"
"3168",9.46599,107.9544,311.75,0.4,0.37,"2026-09-14",1819,"N20","nominal","2.0NRT",292.51,1.15,"N"
"3169",60.47677,109.87695,345.85,0.34,0.56,"2026-09-14",1804,"N20","nominal","2.0NRT",265.12,3.48,"N"
"3170",60.4812,109.87807,346.34,0.34,0.56,"2026-09-14",1804,"N20","nominal","2.0NRT",265.19,3.68,"N"
"3171",60.28486,111.6397,309.16,0.58,0.52,"2026-09-14",1804,"N20","nominal","2.0NRT",264.3,1.79,"N"
"3172",60.27436,109.34315,328.34,0.35,0.57,"2026-09-14",1804,"N20","nominal","2.0NRT",264.29,2.09,"N"
"3173",60.27423,109.34953,321.32,0.35,0.57,"2026-09-14",1804,"N20","nominal","2.0NRT",267.07,2.09,"N"
"3174",60.27548,109.34444,332.91,0.35,0.57,"2026-09-14",1804,"N20","nominal","2.0NRT",264.33,3.21,"N"
"3175",60.27533,109.35078,319.49,0.35,0.57,"2026-09-14",1804,"N20","nominal","2.0NRT",266.48,3.09,"N"
"3176",60.15025,109.08771,367,0.36,0.57,"2026-09-14",1804,"N20","high","2.0NRT",270.48,9.32,"N"
"3177",60.15012,109.09413,343.03,0.36,0.57,"2026-09-14",1804,"N20","nominal","2.0NRT",273.15,9.32,"N"
"3178",60.14997,109.10055,300.74,0.36,0.57,"2026-09-14",1804,"N20","nominal","2.0NRT",267.25,1.77,"N"
"3179",60.14494,109.08732,367,0.36,0.57,"2026-09-14",1804,"N20","high","2.0NRT",268.53,9.32,"N"
"3180",60.1448,109.09372,318.86,0.36,0.57,"2026-09-14",1804,"N20","nominal","2.0NRT",270.93,9.32,"N"
"3181",60.14466,109.10012,297.79,0.36,0.57,"2026-09-14",1804,"N20","nominal","2.0NRT",268.65,1.77,"N"
"3182",59.78899,110.87223,324.83,0.62,0.54,"2026-09-14",1804,"N20","nominal","2.0NRT",262.14,3.52,"N"
"3183",59.84513,108.40262,344.32,0.38,0.58,"2026-09-14",1804,"N20","nominal","2.0NRT",268.26,3.31,"N"
"3184",59.80774,109.42192,367,0.35,0.56,"2026-09-14",1804,"N20","high","2.0NRT",268.41,13.25,"N"
"3185",59.80758,109.42833,343.87,0.35,0.56,"2026-09-14",1804,"N20","nominal","2.0NRT",273.74,13.25,"N"
"3186",59.81643,108.14375,305.01,0.38,0.59,"2026-09-14",1804,"N20","nominal","2.0NRT",268.97,0.6,"N"
"3187",59.78833,108.19251,367,0.38,0.59,"2026-09-14",1804,"N20","high","2.0NRT",274.09,8.31,"N"
"3188",59.78801,108.19213,367,0.38,0.59,"2026-09-14",1804,"N20","high","2.0NRT",273.97,7.5,"N"
"3189",59.64117,108.11816,336.06,0.38,0.59,"2026-09-14",1804,"N20","nominal","2.0NRT",270.76,2.36,"N"
"3190",59.42607,107.81112,310.92,0.39,0.6,"2026-09-14",1804,"N20","nominal","2.0NRT",270.48,1.33,"N"
"3191",58.48059,107.01935,367,0.42,0.61,"2026-09-14",1806,"N20","high","2.0NRT",279.05,13.16,"N"
"3192",58.48052,107.02652,299.36,0.42,0.61,"2026-09-14",1806,"N20","nominal","2.0NRT",273.37,7.44,"N"
"3193",58.45188,107.59648,367,0.4,0.6,"2026-09-14",1806,"N20","high","2.0NRT",276.7,6.58,"N"
"3194",58.4518,107.60323,308.94,0.4,0.6,"2026-09-14",1806,"N20","nominal","2.0NRT",276.16,6.58,"N"
"3195",58.44633,107.59563,327.64,0.4,0.6,"2026-09-14",1806,"N20","nominal","2.0NRT",272.45,6.58,"N"
"3196",58.42433,107.57497,367,0.4,0.6,"2026-09-14",1806,"N20","high","2.0NRT",279.54,9.86,"N"
"3197",58.4478,107.59728,367,0.4,0.6,"2026-09-14",1806,"N20","high","2.0NRT",278.97,17.5,"N"
"3198",58.44769,107.60396,301.62,0.4,0.6,"2026-09-14",1806,"N20","nominal","2.0NRT",275.16,8.81,"N"
"3199",58.42588,107.5767,356.2,0.4,0.6,"2026-09-14",1806,"N20","nominal","2.0NRT",280.56,9.52,"N"
"3200",58.42233,107.44038,311.03,0.4,0.6,"2026-09-14",1806,"N20","nominal","2.0NRT",271.27,1.07,"N"
"3201",58.40786,107.26346,306.22,0.41,0.6,"2026-09-14",1806,"N20","nominal","2.0NRT",270.12,0.89,"N"
"3202",58.29607,106.91754,348.3,0.42,0.61,"2026-09-14",1806,"N20","nominal","2.0NRT",274.47,4.97,"N"
"3203",58.17183,106.59169,331.94,0.43,0.62,"2026-09-14",1806,"N20","nominal","2.0NRT",276.08,2.63,"N"
"3204",58.17187,106.5837,313.41,0.43,0.62,"2026-09-14",1806,"N20","nominal","2.0NRT",274.76,2.63,"N"
"3205",58.13933,107.10162,309.62,0.41,0.61,"2026-09-14",1806,"N20","nominal","2.0NRT",272.58,0.96,"N"
"3206",58.1424,107.10503,306.1,0.41,0.61,"2026-09-14",1806,"N20","nominal","2.0NRT",272.52,1.35,"N"
"3207",58.09676,106.55488,367,0.43,0.62,"2026-09-14",1806,"N20","high","2.0NRT",286.15,26.83,"N"
"3208",58.0967,106.56215,307.36,0.43,0.62,"2026-09-14",1806,"N20","nominal","2.0NRT",279.28,10.99,"N"
"3209",57.8745,105.88363,350.52,0.46,0.63,"2026-09-14",1806,"N20","nominal","2.0NRT",287.18,29.06,"N"
"3210",57.87451,105.87557,310.1,0.46,0.63,"2026-09-14",1806,"N20","nominal","2.0NRT",274.72,14.63,"N"
"3211",57.74122,105.94154,315.23,0.45,0.63,"2026-09-14",1806,"N20","nominal","2.0NRT",268.89,1.77,"N"
"3212",57.72347,106.02696,308.38,0.45,0.63,"2026-09-14",1806,"N20","nominal","2.0NRT",267.09,1.07,"N"
"3213",57.72346,106.03468,296.24,0.45,0.63,"2026-09-14",1806,"N20","nominal","2.0NRT",266.83,1.07,"N"
"3214",57.72493,106.03146,325.02,0.45,0.63,"2026-09-14",1806,"N20","nominal","2.0NRT",269.07,2.12,"N"
"3215",57.68373,106.07599,367,0.45,0.63,"2026-09-14",1806,"N20","high","2.0NRT",269.84,12.75,"N"
"3216",57.68369,106.08334,352.23,0.45,0.63,"2026-09-14",1806,"N20","nominal","2.0NRT",279.42,12.89,"N"
"3217",57.61963,105.68501,344.43,0.46,0.64,"2026-09-14",1806,"N20","nominal","2.0NRT",273.88,5.49,"N"
"3218",57.61674,105.68761,332,0.46,0.64,"2026-09-14",1806,"N20","nominal","2.0NRT",274.02,4.29,"N"
"3219",57.61676,105.6794,308.81,0.46,0.64,"2026-09-14",1806,"N20","nominal","2.0NRT",270.81,3.07,"N"
"3220",57.58647,105.91252,335.68,0.46,0.63,"2026-09-14",1806,"N20","nominal","2.0NRT",271.66,4.19,"N"
"3221",57.58651,105.90452,295.1,0.46,0.63,"2026-09-14",1806,"N20","nominal","2.0NRT",266.87,2.72,"N"
"3222",57.56895,105.87303,327.13,0.46,0.63,"2026-09-14",1806,"N20","nominal","2.0NRT",270.23,4.07,"N"
"3223",57.56892,105.88039,320.74,0.46,0.63,"2026-09-14",1806,"N20","nominal","2.0NRT",272.19,3.83,"N"
"3224",57.56881,105.91862,323.87,0.45,0.63,"2026-09-14",1806,"N20","nominal","2.0NRT",268.38,5.96,"N"
"3225",57.56878,105.92586,349.39,0.45,0.63,"2026-09-14",1806,"N20","nominal","2.0NRT",275.22,7.23,"N"
"3226",57.56293,105.91828,354.39,0.45,0.63,"2026-09-14",1806,"N20","nominal","2.0NRT",270.35,9.16,"N"
"3227",57.56291,105.92578,332.21,0.45,0.63,"2026-09-14",1806,"N20","nominal","2.0NRT",274.95,7.73,"N"
"3228",57.53951,105.86264,325.64,0.46,0.63,"2026-09-14",1806,"N20","nominal","2.0NRT",267.08,2.68,"N"
"3229",57.53362,105.86205,332.14,0.46,0.63,"2026-09-14",1806,"N20","nominal","2.0NRT",269.15,2.68,"N"
"3230",71.25987,72.04165,323.98,0.7,0.75,"2026-09-14",1945,"N20","nominal","2.0NRT",275.53,2.49,"N"
"3231",29.22365,88.34803,301.3,0.39,0.36,"2026-09-14",1955,"N20","nominal","2.0NRT",279.42,0.75,"N"
"3232",71.25585,72.04224,314.13,0.7,0.75,"2026-09-14",1945,"N20","nominal","2.0NRT",275.12,1.86,"N"
"3233",25.53835,100.57881,295.06,0.53,0.67,"2026-09-14",1955,"N20","nominal","2.0NRT",277.68,0.52,"N"
"3234",28.89683,78.85297,306.34,0.35,0.57,"2026-09-14",1955,"N20","nominal","2.0NRT",289.13,0.69,"N"
"3235",70.99861,73.82522,334.92,0.65,0.73,"2026-09-14",1945,"N20","nominal","2.0NRT",275.21,6.67,"N"
"3236",28.74599,76.92405,307.18,0.46,0.63,"2026-09-14",1955,"N20","nominal","2.0NRT",289.64,0.94,"N"
"3237",70.445,84.35535,312.99,0.37,0.58,"2026-09-14",1945,"N20","nominal","2.0NRT",273.33,0.95,"N"
"3238",28.70955,76.85361,304.59,0.46,0.64,"2026-09-14",1955,"N20","nominal","2.0NRT",289.47,0.7,"N"
"3239",68.7184,80.52502,311.04,0.46,0.64,"2026-09-14",1945,"N20","nominal","2.0NRT",271.63,1.1,"N"
"3240",25.07306,99.28247,297.06,0.46,0.63,"2026-09-14",1955,"N20","nominal","2.0NRT",282.59,0.94,"N"
"3241",68.68988,80.59815,298.71,0.46,0.64,"2026-09-14",1945,"N20","nominal","2.0NRT",272.88,0.54,"N"
"3242",68.68728,80.60009,297.57,0.46,0.64,"2026-09-14",1945,"N20","nominal","2.0NRT",272.77,0.34,"N"
"3243",25.07158,99.28395,296.2,0.46,0.63,"2026-09-14",1955,"N20","nominal","2.0NRT",282.83,0.7,"N"
"3244",68.52514,79.94498,367,0.48,0.65,"2026-09-14",1945,"N20","high","2.0NRT",276.64,6.66,"N"
"3245",28.37349,77.22219,309.57,0.43,0.62,"2026-09-14",1955,"N20","nominal","2.0NRT",290.31,1.02,"N"
"3246",68.52536,79.95705,300.49,0.48,0.65,"2026-09-14",1945,"N20","nominal","2.0NRT",275.25,6.66,"N"
"3247",28.34993,77.22858,313.44,0.43,0.62,"2026-09-14",1955,"N20","nominal","2.0NRT",290.17,1.34,"N"
"3248",68.41106,83.62106,345.03,0.39,0.59,"2026-09-14",1945,"N20","nominal","2.0NRT",278.06,3.19,"N"
"3249",28.3487,77.22671,305.14,0.43,0.62,"2026-09-14",1955,"N20","nominal","2.0NRT",289.95,1.16,"N"
"3250",68.41108,83.61124,312.69,0.39,0.59,"2026-09-14",1945,"N20","nominal","2.0NRT",273.81,3.19,"N"
"3251",28.34835,77.23116,304.86,0.43,0.62,"2026-09-14",1955,"N20","nominal","2.0NRT",289.98,1.35,"N"
"3252",68.20893,83.45171,323.8,0.39,0.59,"2026-09-14",1945,"N20","nominal","2.0NRT",275.92,1.6,"N"
"3253",24.61329,99.71886,295.89,0.5,0.65,"2026-09-14",1955,"N20","nominal","2.0NRT",279.28,0.98,"N"
"3254",67.82634,72.49644,296.08,0.75,0.77,"2026-09-14",1945,"N20","nominal","2.0NRT",273.26,0.42,"N"
"3255",25.47734,94.44224,298.62,0.45,0.47,"2026-09-14",1955,"N20","nominal","2.0NRT",282.46,0.64,"N"
"3256",67.81342,72.52076,320.59,0.75,0.77,"2026-09-14",1945,"N20","nominal","2.0NRT",276.09,3.21,"N"
"3257",25.57481,92.52072,308.61,0.53,0.42,"2026-09-14",1955,"N20","nominal","2.0NRT",280.78,2.01,"N"
"3258",67.81096,72.48421,309.56,0.75,0.77,"2026-09-14",1945,"N20","nominal","2.0NRT",277.36,3.72,"N"
"3259",25.54233,91.23698,300.63,0.46,0.39,"2026-09-14",1955,"N20","nominal","2.0NRT",281.36,0.6,"N"
"3260",67.81219,72.50246,318.17,0.75,0.77,"2026-09-14",1945,"N20","nominal","2.0NRT",276.77,3.21,"N"
"3261",25.81141,88.88337,305.47,0.39,0.36,"2026-09-14",1955,"N20","nominal","2.0NRT",291.54,0.24,"N"
"3262",67.80988,72.49531,341.96,0.75,0.77,"2026-09-14",1945,"N20","nominal","2.0NRT",279.22,9.25,"N"
"3263",26.64508,79.47594,305.63,0.6,0.53,"2026-09-14",1955,"N20","nominal","2.0NRT",288.76,1.62,"N"
"3264",67.81106,72.51366,342.83,0.75,0.77,"2026-09-14",1945,"N20","nominal","2.0NRT",279.24,9.25,"N"
"3265",25.03652,87.3879,304.7,0.38,0.36,"2026-09-14",1955,"N20","nominal","2.0NRT",289.17,0.82,"N"
"3266",67.8087,72.47714,302.7,0.75,0.77,"2026-09-14",1945,"N20","nominal","2.0NRT",278.23,5.06,"N"
"3267",24.92924,84.14492,307.38,0.47,0.4,"2026-09-14",1955,"N20","nominal","2.0NRT",292.36,1.23,"N"
"3268",67.81225,72.53197,306.38,0.75,0.77,"2026-09-14",1945,"N20","nominal","2.0NRT",276.22,6.55,"N"
"3269",67.80518,72.53488,307.85,0.75,0.77,"2026-09-14",1945,"N20","nominal","2.0NRT",276.58,16.64,"N"
"3270",24.92374,84.15817,307.1,0.47,0.39,"2026-09-14",1955,"N20","nominal","2.0NRT",292.25,1.06,"N"
"3271",67.80634,72.55297,296.27,0.75,0.77,"2026-09-14",1945,"N20","nominal","2.0NRT",273.88,16.64,"N"
"3272",23.72306,90.48756,302.06,0.45,0.39,"2026-09-14",1955,"N20","nominal","2.0NRT",282.92,1.08,"N"
"3273",67.85394,79.86386,310.33,0.48,0.65,"2026-09-14",1945,"N20","nominal","2.0NRT",272.95,2.31,"N"
"3274",24.12174,86.8633,308.29,0.39,0.36,"2026-09-14",1955,"N20","nominal","2.0NRT",292.29,0.32,"N"
"3275",67.85418,79.87599,316.98,0.48,0.65,"2026-09-14",1945,"N20","nominal","2.0NRT",274.16,2.63,"N"
"3276",24.1155,86.8586,321.82,0.39,0.36,"2026-09-14",1955,"N20","nominal","2.0NRT",293.63,2.33,"N"
"3277",67.84696,79.81778,313.34,0.48,0.65,"2026-09-14",1945,"N20","nominal","2.0NRT",273.58,1.14,"N"
"3278",24.11783,86.35113,307.69,0.39,0.36,"2026-09-14",1955,"N20","nominal","2.0NRT",292.63,0.68,"N"
"3279",67.85346,79.8719,337.48,0.48,0.65,"2026-09-14",1945,"N20","nominal","2.0NRT",273.64,4.03,"N"
"3280",23.80577,86.64161,307.39,0.39,0.36,"2026-09-14",1955,"N20","nominal","2.0NRT",292.81,0.55,"N"
"3281",67.84661,79.8256,305.95,0.48,0.65,"2026-09-14",1945,"N20","nominal","2.0NRT",273.93,1.05,"N"
"3282",23.69389,87.12325,320.48,0.38,0.36,"2026-09-14",1955,"N20","nominal","2.0NRT",293.98,1.61,"N"
"3283",67.82113,80.09828,296.5,0.48,0.64,"2026-09-14",1945,"N20","nominal","2.0NRT",274.24,0.7,"N"
"3284",23.69682,87.10455,308.1,0.38,0.36,"2026-09-14",1955,"N20","nominal","2.0NRT",293.15,0.78,"N"
"3285",67.79822,83.53416,310.34,0.39,0.59,"2026-09-14",1945,"N20","nominal","2.0NRT",276.28,1.16,"N"
"3286",23.69506,87.11576,310.97,0.38,0.36,"2026-09-14",1955,"N20","nominal","2.0NRT",293.48,1.8,"N"
"3287",23.69527,87.09272,312.61,0.38,0.36,"2026-09-14",1955,"N20","nominal","2.0NRT",292.87,1.43,"N"
"3288",67.79285,83.48623,317.56,0.39,0.59,"2026-09-14",1945,"N20","nominal","2.0NRT",274.65,1.5,"N"
"3289",23.69235,87.11142,310.79,0.38,0.36,"2026-09-14",1955,"N20","nominal","2.0NRT",293.57,1.2,"N"
"3290",67.65046,83.20386,315.85,0.39,0.6,"2026-09-14",1945,"N20","nominal","2.0NRT",274.99,1.37,"N"
"3291",23.6906,87.12263,315.67,0.38,0.36,"2026-09-14",1955,"N20","nominal","2.0NRT",293.91,1.42,"N"
"3292",23.69081,87.09959,320.4,0.38,0.36,"2026-09-14",1955,"N20","nominal","2.0NRT",293.94,2.09,"N"
"3293",67.65046,83.21331,304.46,0.39,0.6,"2026-09-14",1945,"N20","nominal","2.0NRT",274.24,1.37,"N"
"3294",23.68731,87.12202,322.2,0.38,0.36,"2026-09-14",1955,"N20","nominal","2.0NRT",293.73,1.42,"N"
"3295",67.65211,83.20939,334.68,0.39,0.6,"2026-09-14",1945,"N20","nominal","2.0NRT",276.32,2.65,"N"
"3296",23.80552,86.32944,328.77,0.39,0.36,"2026-09-14",1955,"N20","nominal","2.0NRT",295.72,2.56,"N"
"3297",67.55218,83.19726,367,0.39,0.6,"2026-09-14",1945,"N20","high","2.0NRT",282.81,15.2,"N"
"3298",23.68284,87.1289,312.53,0.38,0.36,"2026-09-14",1955,"N20","nominal","2.0NRT",293.38,1.24,"N"
"3299",67.55217,83.20686,327.53,0.39,0.6,"2026-09-14",1945,"N20","nominal","2.0NRT",293.8,15.2,"N"
"3300",23.8022,86.32884,334.46,0.39,0.36,"2026-09-14",1955,"N20","nominal","2.0NRT",294.68,2.56,"N"
"3301",67.54662,83.19721,297.99,0.39,0.6,"2026-09-14",1945,"N20","nominal","2.0NRT",276.59,15.2,"N"
"3302",23.80335,86.32118,317.25,0.39,0.36,"2026-09-14",1955,"N20","nominal","2.0NRT",293.07,1.53,"N"
"3303",67.54662,83.20692,299.3,0.39,0.6,"2026-09-14",1945,"N20","nominal","2.0NRT",277.42,15.2,"N"
"3304",23.80277,86.32502,308.2,0.39,0.36,"2026-09-14",1955,"N20","nominal","2.0NRT",293.45,1.53,"N"
"3305",67.5536,83.19904,340.89,0.39,0.6,"2026-09-14",1945,"N20","nominal","2.0NRT",280.02,4.53,"N"
"3306",23.80162,86.33266,309.54,0.39,0.36,"2026-09-14",1955,"N20","nominal","2.0NRT",293.19,2.56,"N"
"3307",67.55357,83.20856,313.22,0.39,0.6,"2026-09-14",1945,"N20","nominal","2.0NRT",280.63,4.61,"N"
"3308",23.79933,86.34792,309.7,0.39,0.36,"2026-09-14",1955,"N20","nominal","2.0NRT",293.7,1.18,"N"
"3309",67.54805,83.19897,367,0.39,0.6,"2026-09-14",1945,"N20","high","2.0NRT",285.76,52.13,"N"
"3310",23.79543,86.35114,322.88,0.39,0.36,"2026-09-14",1955,"N20","nominal","2.0NRT",293.57,1.21,"N"
"3311",23.79485,86.35497,308.51,0.39,0.36,"2026-09-14",1955,"N20","nominal","2.0NRT",293.23,1.21,"N"
"3312",67.54803,83.20857,337.92,0.39,0.6,"2026-09-14",1945,"N20","nominal","2.0NRT",282.37,28.36,"N"
"3313",67.28918,75.10697,321.22,0.65,0.73,"2026-09-14",1945,"N20","nominal","2.0NRT",275.63,3.74,"N"
"3314",23.79153,86.35437,308.16,0.39,0.36,"2026-09-14",1955,"N20","nominal","2.0NRT",293.3,1.21,"N"
"3315",67.28839,75.10403,327.51,0.65,0.73,"2026-09-14",1945,"N20","nominal","2.0NRT",275.99,3.19,"N"
"3316",23.78246,86.39192,309.95,0.39,0.36,"2026-09-14",1955,"N20","nominal","2.0NRT",293.99,1.92,"N"
"3317",67.28485,83.02872,367,0.4,0.6,"2026-09-14",1945,"N20","high","2.0NRT",280.18,4.66,"N"
"3318",23.66558,87.15264,310.53,0.38,0.36,"2026-09-14",1955,"N20","nominal","2.0NRT",293.73,0.92,"N"
"3319",67.27927,83.02857,295.81,0.4,0.6,"2026-09-14",1945,"N20","nominal","2.0NRT",276.07,4.66,"N"
"3320",23.665,87.15638,319.94,0.38,0.36,"2026-09-14",1955,"N20","nominal","2.0NRT",294.62,1.25,"N"
"3321",67.27345,83.20746,352.98,0.39,0.6,"2026-09-14",1945,"N20","nominal","2.0NRT",278.35,6.23,"N"
"3322",23.66441,87.16012,316.83,0.38,0.36,"2026-09-14",1955,"N20","nominal","2.0NRT",293.55,1.25,"N"
"3323",67.27348,83.19819,316.98,0.39,0.6,"2026-09-14",1945,"N20","nominal","2.0NRT",275.64,5.04,"N"
"3324",23.77971,86.38751,331.25,0.39,0.36,"2026-09-14",1955,"N20","nominal","2.0NRT",294.41,1.92,"N"
"3325",67.19606,81.9823,353.51,0.42,0.61,"2026-09-14",1945,"N20","nominal","2.0NRT",275.46,6.54,"N"
"3326",23.79521,86.28439,306.75,0.39,0.36,"2026-09-14",1955,"N20","nominal","2.0NRT",292.88,1.3,"N"
"3327",67.01551,76.18687,301.84,0.61,0.71,"2026-09-14",1945,"N20","nominal","2.0NRT",276.21,1.11,"N"
"3328",23.78201,86.37225,315.51,0.39,0.36,"2026-09-14",1955,"N20","nominal","2.0NRT",293.27,1.36,"N"
"3329",66.9585,75.52055,367,0.64,0.72,"2026-09-14",1945,"N20","high","2.0NRT",278.67,33.88,"N"
"3330",23.77913,86.39132,317.46,0.39,0.36,"2026-09-14",1955,"N20","nominal","2.0NRT",294.6,1.92,"N"
"3331",66.95921,75.53566,322.53,0.63,0.72,"2026-09-14",1945,"N20","nominal","2.0NRT",288.27,33.88,"N"
"3332",66.95252,75.53744,295.4,0.63,0.72,"2026-09-14",1945,"N20","nominal","2.0NRT",275.87,33.88,"N"
"3333",23.66229,87.15203,311.01,0.38,0.36,"2026-09-14",1955,"N20","nominal","2.0NRT",293,0.92,"N"
"3334",67.01826,76.17754,304.5,0.61,0.71,"2026-09-14",1945,"N20","nominal","2.0NRT",275.26,1.85,"N"
"3335",23.6617,87.15578,312.85,0.38,0.36,"2026-09-14",1955,"N20","nominal","2.0NRT",293.23,1.25,"N"
"3336",66.95707,75.52806,330.91,0.63,0.72,"2026-09-14",1945,"N20","nominal","2.0NRT",293.28,50.12,"N"
"3337",23.78328,86.34113,308.32,0.39,0.36,"2026-09-14",1955,"N20","nominal","2.0NRT",293.28,1.61,"N"
"3338",66.9564,75.51302,315.43,0.64,0.72,"2026-09-14",1945,"N20","nominal","2.0NRT",275.57,50.12,"N"
"3339",23.78213,86.34876,308.77,0.39,0.36,"2026-09-14",1955,"N20","nominal","2.0NRT",292.96,0.6,"N"
"3340",23.77639,86.38692,316.73,0.39,0.36,"2026-09-14",1955,"N20","nominal","2.0NRT",294.25,2.17,"N"
"3341",66.95775,75.54308,313.47,0.63,0.72,"2026-09-14",1945,"N20","nominal","2.0NRT",278.13,36.7,"N"
"3342",23.77294,86.40977,309,0.39,0.36,"2026-09-14",1955,"N20","nominal","2.0NRT",292.96,0.66,"N"
"3343",66.90559,75.58722,329.04,0.63,0.72,"2026-09-14",1945,"N20","nominal","2.0NRT",275.43,6.64,"N"
"3344",23.796,86.23342,311.17,0.39,0.36,"2026-09-14",1955,"N20","nominal","2.0NRT",293.03,1.25,"N"
"3345",23.7788,86.34817,309.4,0.39,0.36,"2026-09-14",1955,"N20","nominal","2.0NRT",292.81,0.6,"N"
"3346",66.90629,75.6022,342.6,0.63,0.72,"2026-09-14",1945,"N20","nominal","2.0NRT",277.57,6.64,"N"
"3347",23.77651,86.36343,317.2,0.39,0.36,"2026-09-14",1955,"N20","nominal","2.0NRT",293.75,1.63,"N"
"3348",23.77077,86.40155,312.71,0.39,0.36,"2026-09-14",1955,"N20","nominal","2.0NRT",293.23,1.38,"N"
"3349",66.81573,74.09907,295.82,0.7,0.75,"2026-09-14",1945,"N20","nominal","2.0NRT",276.14,0.14,"N"
"3350",23.77319,86.36283,334.23,0.39,0.36,"2026-09-14",1955,"N20","nominal","2.0NRT",293.97,3.83,"N"
"3351",23.76687,86.40476,332.1,0.39,0.36,"2026-09-14",1955,"N20","nominal","2.0NRT",294.83,2.35,"N"
"3352",66.90443,75.59865,367,0.63,0.72,"2026-09-14",1945,"N20","high","2.0NRT",277.3,9.05,"N"
"3353",23.76745,86.40095,316.26,0.39,0.36,"2026-09-14",1955,"N20","nominal","2.0NRT",294.47,2.35,"N"
"3354",66.87395,77.74622,320.83,0.55,0.68,"2026-09-14",1945,"N20","nominal","2.0NRT",276.63,1.98,"N"
"3355",23.76355,86.40417,338.04,0.39,0.36,"2026-09-14",1955,"N20","nominal","2.0NRT",294.84,2.35,"N"
"3356",23.76528,86.39273,314.76,0.39,0.36,"2026-09-14",1955,"N20","nominal","2.0NRT",295.37,3.31,"N"
"3357",66.86758,77.74736,316.35,0.55,0.68,"2026-09-14",1945,"N20","nominal","2.0NRT",276.74,2.04,"N"
"3358",23.76413,86.40035,310.36,0.39,0.36,"2026-09-14",1955,"N20","nominal","2.0NRT",293.19,2.35,"N"
"3359",23.76081,86.39976,325.42,0.39,0.36,"2026-09-14",1955,"N20","nominal","2.0NRT",293.71,1.87,"N"
"3360",66.93647,80.73818,298.74,0.46,0.63,"2026-09-14",1945,"N20","nominal","2.0NRT",279.3,1.25,"N"
"3361",23.76023,86.40357,319.17,0.39,0.36,"2026-09-14",1955,"N20","nominal","2.0NRT",293.83,1.87,"N"
"3362",66.93916,80.73043,307.79,0.46,0.63,"2026-09-14",1945,"N20","nominal","2.0NRT",276.46,1.42,"N"
"3363",23.75691,86.40297,321.75,0.39,0.36,"2026-09-14",1955,"N20","nominal","2.0NRT",293.87,1.87,"N"
"3364",23.75449,86.39904,307.26,0.39,0.36,"2026-09-14",1955,"N20","nominal","2.0NRT",293.2,0.91,"N"
"3365",66.87302,77.75138,335,0.55,0.68,"2026-09-14",1945,"N20","nominal","2.0NRT",277.72,4.87,"N"
"3366",23.75217,86.41427,309.18,0.39,0.36,"2026-09-14",1955,"N20","nominal","2.0NRT",292.66,1.02,"N"
"3367",66.68482,77.30779,306.85,0.57,0.69,"2026-09-14",1945,"N20","nominal","2.0NRT",277.96,1.45,"N"
"3368",23.75159,86.41808,319.4,0.39,0.36,"2026-09-14",1955,"N20","nominal","2.0NRT",294.26,1.02,"N"
"3369",66.66145,76.83827,332.52,0.59,0.7,"2026-09-14",1945,"N20","nominal","2.0NRT",278.41,3.23,"N"
"3370",23.67202,86.93475,307.15,0.39,0.36,"2026-09-14",1955,"N20","nominal","2.0NRT",293.42,0.64,"N"
"3371",66.73652,80.41476,320.4,0.47,0.64,"2026-09-14",1945,"N20","nominal","2.0NRT",276.44,1.37,"N"
"3372",23.77956,86.2113,340.95,0.39,0.36,"2026-09-14",1955,"N20","nominal","2.0NRT",294.94,3.63,"N"
"3373",66.73056,80.41519,310.28,0.47,0.64,"2026-09-14",1945,"N20","nominal","2.0NRT",276.16,1.37,"N"
"3374",23.78014,86.20746,315.05,0.39,0.36,"2026-09-14",1955,"N20","nominal","2.0NRT",293.98,3.63,"N"
"3375",66.7198,80.49255,327.42,0.47,0.64,"2026-09-14",1945,"N20","nominal","2.0NRT",277.71,2.29,"N"
"3376",23.74827,86.41747,308.12,0.39,0.36,"2026-09-14",1955,"N20","nominal","2.0NRT",293.24,1.02,"N"
"3377",66.70705,80.43884,367,0.47,0.64,"2026-09-14",1945,"N20","high","2.0NRT",280.18,10.81,"N"
"3378",23.66872,86.93414,308.05,0.39,0.36,"2026-09-14",1955,"N20","nominal","2.0NRT",292.72,0.64,"N"
"3379",66.71732,80.49046,336.8,0.47,0.64,"2026-09-14",1945,"N20","nominal","2.0NRT",278.35,3.07,"N"
"3380",23.77681,86.20685,311.48,0.39,0.36,"2026-09-14",1955,"N20","nominal","2.0NRT",294.24,1.49,"N"
"3381",66.71069,80.43633,367,0.47,0.64,"2026-09-14",1945,"N20","high","2.0NRT",277.86,10.13,"N"
"3382",66.71082,80.44727,317.69,0.47,0.64,"2026-09-14",1945,"N20","nominal","2.0NRT",277.8,7.56,"N"
"3383",23.77623,86.21069,310.68,0.39,0.36,"2026-09-14",1955,"N20","nominal","2.0NRT",294.24,1.49,"N"
"3384",66.66912,80.45011,342.46,0.47,0.64,"2026-09-14",1945,"N20","nominal","2.0NRT",280.69,3.91,"N"
"3385",23.73874,86.43528,332.35,0.39,0.36,"2026-09-14",1955,"N20","nominal","2.0NRT",295.26,2.96,"N"
"3386",66.66897,80.43924,318.07,0.47,0.64,"2026-09-14",1945,"N20","nominal","2.0NRT",276.48,4.89,"N"
"3387",23.77522,86.19475,315.16,0.39,0.36,"2026-09-14",1955,"N20","nominal","2.0NRT",293.06,1.36,"N"
"3388",66.66316,80.45045,331.74,0.47,0.64,"2026-09-14",1945,"N20","nominal","2.0NRT",277.21,3.91,"N"
"3389",23.73932,86.43148,312.82,0.39,0.36,"2026-09-14",1955,"N20","nominal","2.0NRT",293.57,1.59,"N"
"3390",66.66331,80.46137,324.26,0.47,0.64,"2026-09-14",1945,"N20","nominal","2.0NRT",278.25,3.91,"N"
"3391",23.66446,86.91793,310.27,0.39,0.36,"2026-09-14",1955,"N20","nominal","2.0NRT",293.67,1.35,"N"
"3392",66.5526,76.69528,305.98,0.59,0.7,"2026-09-14",1945,"N20","nominal","2.0NRT",277.28,1.57,"N"
"3393",23.736,86.43089,324.67,0.39,0.36,"2026-09-14",1955,"N20","nominal","2.0NRT",294.3,1.49,"N"
"3394",66.60274,80.40069,308.23,0.47,0.64,"2026-09-14",1945,"N20","nominal","2.0NRT",276.35,1.63,"N"
"3395",23.77883,86.14807,314.52,0.39,0.37,"2026-09-14",1955,"N20","nominal","2.0NRT",291.84,1.24,"N"
"3396",66.60291,80.41151,307.09,0.47,0.64,"2026-09-14",1945,"N20","nominal","2.0NRT",276.85,1.64,"N"
"3397",23.77189,86.19415,308.28,0.39,0.36,"2026-09-14",1955,"N20","nominal","2.0NRT",292.69,1.48,"N"
"3398",66.60087,80.40717,329,0.47,0.64,"2026-09-14",1945,"N20","nominal","2.0NRT",277.73,2.19,"N"
"3399",23.77131,86.19798,317.14,0.39,0.36,"2026-09-14",1955,"N20","nominal","2.0NRT",293.08,1.84,"N"
"3400",66.42368,77.23442,306.79,0.57,0.69,"2026-09-14",1945,"N20","nominal","2.0NRT",277.99,2.67,"N"
"3401",23.73658,86.42709,309.25,0.39,0.36,"2026-09-14",1955,"N20","nominal","2.0NRT",292.82,1.49,"N"
"3402",66.41723,77.23576,337.51,0.57,0.69,"2026-09-14",1945,"N20","nominal","2.0NRT",277.94,2.67,"N"
"3403",23.73542,86.43468,310.09,0.39,0.36,"2026-09-14",1955,"N20","nominal","2.0NRT",294.1,1.39,"N"
"3404",66.41793,77.24135,322.35,0.57,0.69,"2026-09-14",1945,"N20","nominal","2.0NRT",277.88,2.82,"N"
"3405",23.73484,86.43849,310.21,0.39,0.36,"2026-09-14",1955,"N20","nominal","2.0NRT",295.71,1.39,"N"
"3406",66.41749,77.22836,304.6,0.57,0.69,"2026-09-14",1945,"N20","nominal","2.0NRT",278.54,2.82,"N"
"3407",66.3233,76.78967,311.1,0.59,0.7,"2026-09-14",1945,"N20","nominal","2.0NRT",277.65,1.69,"N"
"3408",23.72431,86.4405,316.95,0.39,0.36,"2026-09-14",1955,"N20","nominal","2.0NRT",294.61,2.26,"N"
"3409",66.31144,76.99529,331.75,0.58,0.7,"2026-09-14",1945,"N20","nominal","2.0NRT",279.65,3.36,"N"
"3410",23.72388,86.42089,310.97,0.39,0.36,"2026-09-14",1955,"N20","nominal","2.0NRT",295.83,1.83,"N"
"3411",66.31094,76.98192,296.47,0.58,0.7,"2026-09-14",1945,"N20","nominal","2.0NRT",277.4,3.36,"N"
"3412",23.61179,87.14686,309.96,0.38,0.36,"2026-09-14",1955,"N20","nominal","2.0NRT",294.12,0.98,"N"
"3413",66.33369,77.81667,299.87,0.55,0.68,"2026-09-14",1945,"N20","nominal","2.0NRT",277.43,1.63,"N"
"3414",23.71767,86.43929,307.4,0.39,0.36,"2026-09-14",1955,"N20","nominal","2.0NRT",293.16,1.3,"N"
"3415",66.28255,76.75711,298.06,0.59,0.7,"2026-09-14",1945,"N20","nominal","2.0NRT",276.94,1.71,"N"
"3416",23.7171,86.4431,315.07,0.39,0.36,"2026-09-14",1955,"N20","nominal","2.0NRT",294.04,1.3,"N"
"3417",66.31865,76.78683,321.64,0.59,0.7,"2026-09-14",1945,"N20","nominal","2.0NRT",277.82,2.38,"N"
"3418",23.71262,86.4501,328.41,0.39,0.36,"2026-09-14",1955,"N20","nominal","2.0NRT",295.14,2.28,"N"
"3419",66.31276,76.99158,343.89,0.58,0.7,"2026-09-14",1945,"N20","nominal","2.0NRT",279.87,5.94,"N"
"3420",23.71725,86.4197,310.96,0.39,0.36,"2026-09-14",1955,"N20","nominal","2.0NRT",293.04,0.81,"N"
"3421",66.33311,77.82581,305.52,0.55,0.68,"2026-09-14",1945,"N20","nominal","2.0NRT",278.48,1.33,"N"
"3422",23.71609,86.42729,308.81,0.39,0.36,"2026-09-14",1955,"N20","nominal","2.0NRT",294.22,1.44,"N"
"3423",66.27802,76.75459,316.52,0.59,0.7,"2026-09-14",1945,"N20","nominal","2.0NRT",278.74,2.5,"N"
"3424",66.24741,76.81582,355.98,0.59,0.7,"2026-09-14",1945,"N20","nominal","2.0NRT",281.49,21.08,"N"
"3425",23.71335,86.42291,314.99,0.39,0.36,"2026-09-14",1955,"N20","nominal","2.0NRT",294.77,1.44,"N"
"3426",66.20371,77.22608,306.9,0.58,0.69,"2026-09-14",1945,"N20","nominal","2.0NRT",277.61,1.91,"N"
"3427",23.70931,86.4495,316.67,0.39,0.36,"2026-09-14",1955,"N20","nominal","2.0NRT",294.33,2.28,"N"
"3428",66.19805,77.23281,296.67,0.58,0.69,"2026-09-14",1945,"N20","nominal","2.0NRT",278.19,1.59,"N"
"3429",23.77405,85.99674,308.69,0.4,0.37,"2026-09-14",1955,"N20","nominal","2.0NRT",292.34,1.17,"N"
"3430",66.18666,77.67735,316.57,0.56,0.69,"2026-09-14",1945,"N20","nominal","2.0NRT",278.46,2.67,"N"
"3431",23.83796,85.46795,308,0.41,0.37,"2026-09-14",1955,"N20","nominal","2.0NRT",293.33,1.15,"N"
"3432",66.09877,76.83652,325.59,0.59,0.7,"2026-09-14",1945,"N20","nominal","2.0NRT",278.4,3.18,"N"
"3433",23.83739,85.47194,307.75,0.41,0.37,"2026-09-14",1955,"N20","nominal","2.0NRT",291.56,0.79,"N"
"3434",66.10085,76.83917,331.87,0.59,0.7,"2026-09-14",1945,"N20","nominal","2.0NRT",278.88,3.67,"N"
"3435",66.05405,76.9966,298.27,0.59,0.7,"2026-09-14",1945,"N20","nominal","2.0NRT",277.86,1.12,"N"
"3436",23.6332,86.83508,308.02,0.39,0.36,"2026-09-14",1955,"N20","nominal","2.0NRT",293.41,1.35,"N"
"3437",62.50076,113.9016,329.13,0.54,0.42,"2026-09-14",1945,"N20","nominal","2.0NRT",270.16,4.58,"N"
"3438",62.44446,113.65945,320.12,0.54,0.42,"2026-09-14",1945,"N20","nominal","2.0NRT",274.97,15.83,"N"
"3439",23.82654,85.49871,306.58,0.41,0.37,"2026-09-14",1955,"N20","nominal","2.0NRT",292.63,1.13,"N"
"3440",65.85867,76.94328,334.34,0.59,0.7,"2026-09-14",1945,"N20","nominal","2.0NRT",278.16,5.96,"N"
"3441",65.85915,76.95653,339.18,0.59,0.7,"2026-09-14",1945,"N20","nominal","2.0NRT",279.25,5.96,"N"
"3442",24.19838,82.71709,314.81,0.54,0.42,"2026-09-14",1955,"N20","nominal","2.0NRT",290.88,2.27,"N"
"3443",65.82918,76.85497,300.43,0.59,0.7,"2026-09-14",1945,"N20","nominal","2.0NRT",278.66,0.83,"N"
"3444",23.82372,85.49413,305.46,0.41,0.37,"2026-09-14",1955,"N20","nominal","2.0NRT",292.13,1.13,"N"
"3445",62.40438,113.58883,308.62,0.54,0.42,"2026-09-14",1945,"N20","nominal","2.0NRT",270.13,1.58,"N"
"3446",62.35511,113.6918,296.63,0.54,0.42,"2026-09-14",1945,"N20","nominal","2.0NRT",262.31,0.82,"N"
"3447",23.56151,87.22978,312.29,0.38,0.36,"2026-09-14",1955,"N20","nominal","2.0NRT",293.06,0.77,"N"
"3448",63.73754,107.05363,295.88,0.39,0.36,"2026-09-14",1945,"N20","nominal","2.0NRT",269.74,1.16,"N"
"3449",23.56034,87.23724,308.25,0.38,0.36,"2026-09-14",1955,"N20","nominal","2.0NRT",292.76,1.03,"N"
"3450",63.73305,107.05818,304,0.39,0.36,"2026-09-14",1945,"N20","nominal","2.0NRT",272.67,2.08,"N"
"3451",63.72991,107.05531,301.54,0.39,0.36,"2026-09-14",1945,"N20","nominal","2.0NRT",268.45,1.04,"N"
"3452",23.68751,86.39091,321.85,0.39,0.36,"2026-09-14",1955,"N20","nominal","2.0NRT",293.19,1.45,"N"
"3453",23.68693,86.39473,306.34,0.39,0.36,"2026-09-14",1955,"N20","nominal","2.0NRT",292.32,1.9,"N"
"3454",63.72855,107.06276,299.71,0.39,0.36,"2026-09-14",1945,"N20","nominal","2.0NRT",270.96,1.04,"N"
"3455",23.55646,87.24037,310.16,0.38,0.36,"2026-09-14",1955,"N20","nominal","2.0NRT",293.74,0.81,"N"
"3456",65.31268,77.40765,295.85,0.57,0.69,"2026-09-14",1945,"N20","nominal","2.0NRT",278.87,0.39,"N"
"3457",61.5416,113.16632,324.98,0.56,0.43,"2026-09-14",1947,"N20","nominal","2.0NRT",280.06,24.54,"N"
"3458",23.68361,86.39413,329.76,0.39,0.36,"2026-09-14",1955,"N20","nominal","2.0NRT",294.67,1.9,"N"
"3459",64.90594,75.49522,309.06,0.65,0.73,"2026-09-14",1947,"N20","nominal","2.0NRT",278.89,1.36,"N"
"3460",23.68419,86.39031,309.85,0.39,0.36,"2026-09-14",1955,"N20","nominal","2.0NRT",292.22,1.45,"N"
"3461",23.55258,87.24349,310.98,0.38,0.36,"2026-09-14",1955,"N20","nominal","2.0NRT",293.99,1.07,"N"
"3462",64.90562,75.50159,310.1,0.65,0.73,"2026-09-14",1947,"N20","nominal","2.0NRT",278.99,1.56,"N"
"3463",23.55199,87.24723,307.63,0.38,0.36,"2026-09-14",1955,"N20","nominal","2.0NRT",294.06,1.07,"N"
"3464",62.866,106.50051,296.82,0.39,0.37,"2026-09-14",1947,"N20","nominal","2.0NRT",271.19,1.14,"N"
"3465",23.67972,86.39734,323.79,0.39,0.36,"2026-09-14",1955,"N20","nominal","2.0NRT",295.04,1.89,"N"
"3466",62.85794,106.48486,298.8,0.39,0.37,"2026-09-14",1947,"N20","nominal","2.0NRT",272.44,1.19,"N"
"3467",64.75553,74.51188,299.62,0.7,0.75,"2026-09-14",1947,"N20","nominal","2.0NRT",278.4,2.19,"N"
"3468",23.76066,85.85484,306.9,0.4,0.37,"2026-09-14",1955,"N20","nominal","2.0NRT",292.44,1.33,"N"
"3469",64.70671,73.7365,297.29,0.74,0.76,"2026-09-14",1947,"N20","nominal","2.0NRT",279.96,1.32,"N"
"3470",23.6764,86.39674,321.09,0.39,0.36,"2026-09-14",1955,"N20","nominal","2.0NRT",294.83,1.89,"N"
"3471",64.84975,77.24767,299.58,0.58,0.7,"2026-09-14",1947,"N20","nominal","2.0NRT",279.55,0.87,"N"
"3472",23.67582,86.40054,324.47,0.39,0.36,"2026-09-14",1955,"N20","nominal","2.0NRT",295.57,3.33,"N"
"3473",61.40704,112.88445,325.56,0.55,0.43,"2026-09-14",1947,"N20","nominal","2.0NRT",268.69,9.59,"N"
"3474",61.40473,112.89366,310.54,0.55,0.43,"2026-09-14",1947,"N20","nominal","2.0NRT",275.01,9.59,"N"
"3475",23.75787,85.85034,308.18,0.4,0.37,"2026-09-14",1955,"N20","nominal","2.0NRT",291.82,0.86,"N"
"3476",64.75092,75.41876,300.3,0.66,0.73,"2026-09-14",1947,"N20","nominal","2.0NRT",279.27,0.75,"N"
"3477",64.6422,73.7394,296.86,0.74,0.76,"2026-09-14",1947,"N20","nominal","2.0NRT",279.01,1.18,"N"
"3478",23.7573,85.85424,314.51,0.4,0.37,"2026-09-14",1955,"N20","nominal","2.0NRT",293.7,1.33,"N"
"3479",64.64312,73.75519,297.71,0.74,0.76,"2026-09-14",1947,"N20","nominal","2.0NRT",278.76,1.18,"N"
"3480",61.35139,112.80325,322.36,0.55,0.43,"2026-09-14",1947,"N20","nominal","2.0NRT",269.58,4.95,"N"
"3481",23.67697,86.39292,314.46,0.39,0.36,"2026-09-14",1955,"N20","nominal","2.0NRT",292.81,1.89,"N"
"3482",61.34907,112.81257,325.18,0.55,0.43,"2026-09-14",1947,"N20","nominal","2.0NRT",278.53,3.19,"N"
"3483",64.64009,73.7477,305.98,0.74,0.76,"2026-09-14",1947,"N20","nominal","2.0NRT",279.36,2.87,"N"
"3484",23.61646,86.7896,307.76,0.39,0.36,"2026-09-14",1955,"N20","nominal","2.0NRT",293.7,1.01,"N"
"3485",61.34674,112.82188,295.87,0.55,0.43,"2026-09-14",1947,"N20","nominal","2.0NRT",267.48,3.19,"N"
"3486",23.75394,85.85365,317.72,0.4,0.37,"2026-09-14",1955,"N20","nominal","2.0NRT",293.46,2.35,"N"
"3487",61.34555,112.80875,331.76,0.55,0.43,"2026-09-14",1947,"N20","nominal","2.0NRT",287.68,27.27,"N"
"3488",61.34789,112.79942,308.79,0.55,0.43,"2026-09-14",1947,"N20","nominal","2.0NRT",265.23,3.94,"N"
"3489",23.61374,86.78528,307.35,0.39,0.36,"2026-09-14",1955,"N20","nominal","2.0NRT",293.22,1.67,"N"
"3490",64.58281,73.87747,298.75,0.73,0.76,"2026-09-14",1947,"N20","nominal","2.0NRT",278.83,1.41,"N"
"3491",24.18168,82.66037,307.43,0.54,0.42,"2026-09-14",1955,"N20","nominal","2.0NRT",290.96,1.79,"N"
"3492",64.59669,74.12768,297.33,0.72,0.76,"2026-09-14",1947,"N20","nominal","2.0NRT",278.56,1.69,"N"
"3493",64.57577,73.87945,296.5,0.73,0.76,"2026-09-14",1947,"N20","nominal","2.0NRT",278.9,1.41,"N"
"3494",23.5607,87.08363,318.35,0.38,0.36,"2026-09-14",1955,"N20","nominal","2.0NRT",294.06,1.59,"N"
"3495",64.57754,73.91091,300.31,0.73,0.76,"2026-09-14",1947,"N20","nominal","2.0NRT",278.84,1.22,"N"
"3496",23.78739,85.55305,318.04,0.41,0.37,"2026-09-14",1955,"N20","nominal","2.0NRT",292.33,1.63,"N"
"3497",64.41841,77.69511,327.54,0.57,0.69,"2026-09-14",1947,"N20","nominal","2.0NRT",280.24,3.31,"N"
"3498",23.784,85.55246,304.3,0.41,0.37,"2026-09-14",1955,"N20","nominal","2.0NRT",291.41,0.58,"N"
"3499",60.28522,111.64599,306.12,0.55,0.43,"2026-09-14",1947,"N20","nominal","2.0NRT",265.7,1.49,"N"
"3500",23.78057,85.57623,307.42,0.41,0.37,"2026-09-14",1955,"N20","nominal","2.0NRT",293.51,1.06,"N"
"3501",60.47863,109.87498,328.77,0.49,0.41,"2026-09-14",1947,"N20","nominal","2.0NRT",274.57,13.47,"N"
"3502",60.12277,110.75945,300.02,0.53,0.42,"2026-09-14",1947,"N20","nominal","2.0NRT",265.82,0.81,"N"
"3503",23.6821,86.09234,331.1,0.4,0.37,"2026-09-14",1955,"N20","nominal","2.0NRT",293.77,3.13,"N"
"3504",60.27479,109.34663,329.54,0.48,0.4,"2026-09-14",1947,"N20","nominal","2.0NRT",267.76,6.37,"N"
"3505",23.68326,86.08464,309.54,0.4,0.37,"2026-09-14",1955,"N20","nominal","2.0NRT",293.06,1.23,"N"
"3506",59.79144,110.87405,317.78,0.55,0.42,"2026-09-14",1947,"N20","nominal","2.0NRT",268.49,1.94,"N"
"3507",59.78928,110.88292,300.12,0.55,0.42,"2026-09-14",1947,"N20","nominal","2.0NRT",267.64,1.94,"N"
"3508",23.68152,86.09618,310.41,0.39,0.37,"2026-09-14",1955,"N20","nominal","2.0NRT",292.68,2.16,"N"
"3509",60.14987,109.09127,327.15,0.48,0.4,"2026-09-14",1947,"N20","nominal","2.0NRT",273.1,7.62,"N"
"3510",23.67992,86.08406,315.5,0.4,0.37,"2026-09-14",1955,"N20","nominal","2.0NRT",293.52,1.26,"N"
"3511",60.14804,109.09932,335.99,0.48,0.4,"2026-09-14",1947,"N20","nominal","2.0NRT",273.72,8.08,"N"
"3512",23.58211,86.72605,319.28,0.39,0.36,"2026-09-14",1955,"N20","nominal","2.0NRT",294.32,2.33,"N"
"3513",60.1465,109.08816,325.19,0.48,0.4,"2026-09-14",1947,"N20","nominal","2.0NRT",271.07,7.62,"N"
"3514",23.48277,87.36163,312,0.38,0.36,"2026-09-14",1955,"N20","nominal","2.0NRT",294.83,1.42,"N"
"3515",60.14468,109.09621,310.62,0.48,0.4,"2026-09-14",1947,"N20","nominal","2.0NRT",270.58,8.08,"N"
"3516",62.87641,76.76377,297.55,0.61,0.71,"2026-09-14",1947,"N20","nominal","2.0NRT",279.16,0.5,"N"
"3517",23.676,86.08732,332.52,0.4,0.37,"2026-09-14",1955,"N20","nominal","2.0NRT",293.28,3.74,"N"
"3518",59.80513,109.42712,329.84,0.5,0.41,"2026-09-14",1947,"N20","nominal","2.0NRT",276.73,32.04,"N"
"3519",59.80364,109.42781,295.53,0.5,0.41,"2026-09-14",1947,"N20","nominal","2.0NRT",276.58,18.55,"N"
"3520",23.67658,86.08347,306.11,0.4,0.37,"2026-09-14",1955,"N20","nominal","2.0NRT",292.72,1.26,"N"
"3521",59.84388,108.40269,332.6,0.47,0.4,"2026-09-14",1947,"N20","nominal","2.0NRT",267.87,4.36,"N"
"3522",59.81982,108.145,298.54,0.47,0.39,"2026-09-14",1947,"N20","nominal","2.0NRT",267.76,0.44,"N"
"3523",23.67195,86.11424,307.49,0.39,0.37,"2026-09-14",1955,"N20","nominal","2.0NRT",292.49,1,"N"
"3524",59.7863,108.18877,325.54,0.47,0.4,"2026-09-14",1947,"N20","nominal","2.0NRT",271.38,6.71,"N"
"3525",59.78463,108.19645,304.16,0.47,0.4,"2026-09-14",1947,"N20","nominal","2.0NRT",270.89,4.91,"N"
"3526",23.83949,84.94859,306.99,0.42,0.38,"2026-09-14",1955,"N20","nominal","2.0NRT",291.19,1.16,"N"
"3527",59.64092,108.12055,314.05,0.47,0.4,"2026-09-14",1947,"N20","nominal","2.0NRT",269.6,1.47,"N"
"3528",23.82684,84.93796,305.16,0.43,0.38,"2026-09-14",1955,"N20","nominal","2.0NRT",291.88,0.95,"N"
"3529",59.6392,108.1283,297.3,0.47,0.4,"2026-09-14",1947,"N20","nominal","2.0NRT",268.73,1.47,"N"
"3530",62.14119,79.44507,306.19,0.5,0.66,"2026-09-14",1947,"N20","nominal","2.0NRT",279.22,1.29,"N"
"3531",23.7449,85.5061,306.09,0.41,0.37,"2026-09-14",1955,"N20","nominal","2.0NRT",292.15,0.62,"N"
"3532",62.142,79.44737,303.99,0.5,0.66,"2026-09-14",1947,"N20","nominal","2.0NRT",279.01,0.93,"N"
"3533",23.55306,86.53885,308.1,0.39,0.36,"2026-09-14",1955,"N20","nominal","2.0NRT",292.81,0.3,"N"
"3534",59.4231,107.81244,317.24,0.47,0.39,"2026-09-14",1947,"N20","nominal","2.0NRT",270.23,2.1,"N"
"3535",23.54917,86.54203,306.69,0.39,0.36,"2026-09-14",1955,"N20","nominal","2.0NRT",292.94,0.6,"N"
"3536",60.84544,97.35236,331.31,0.43,0.38,"2026-09-14",1947,"N20","nominal","2.0NRT",280.12,11.83,"N"
"3537",23.54859,86.54581,307.19,0.39,0.36,"2026-09-14",1955,"N20","nominal","2.0NRT",293.4,0.6,"N"
"3538",60.78081,97.07372,324.79,0.43,0.38,"2026-09-14",1947,"N20","nominal","2.0NRT",280.51,42.02,"N"
"3539",23.82831,84.5709,306.56,0.44,0.38,"2026-09-14",1955,"N20","nominal","2.0NRT",288.12,0.4,"N"
"3540",60.77737,97.07204,317.91,0.43,0.38,"2026-09-14",1947,"N20","nominal","2.0NRT",269.26,2.08,"N"
"3541",23.71032,85.28665,307.2,0.41,0.37,"2026-09-14",1955,"N20","nominal","2.0NRT",290.99,1.23,"N"
"3542",61.49934,79.29575,298.26,0.51,0.66,"2026-09-14",1947,"N20","nominal","2.0NRT",281.12,0.46,"N"
"3543",23.69883,85.36712,309.97,0.41,0.37,"2026-09-14",1955,"N20","nominal","2.0NRT",290.89,0.78,"N"
"3544",61.49442,79.2935,347.98,0.51,0.66,"2026-09-14",1947,"N20","nominal","2.0NRT",280.94,5.38,"N"
"3545",23.69657,85.35851,310.03,0.41,0.37,"2026-09-14",1955,"N20","nominal","2.0NRT",291.41,0.65,"N"
"3546",61.49455,79.30335,322.8,0.51,0.66,"2026-09-14",1947,"N20","nominal","2.0NRT",282.2,5.38,"N"
"3547",23.69485,85.37053,308.89,0.41,0.37,"2026-09-14",1955,"N20","nominal","2.0NRT",291.85,1.3,"N"
"3548",60.49134,97.40906,310.19,0.42,0.38,"2026-09-14",1947,"N20","nominal","2.0NRT",264.18,1.05,"N"
"3549",23.73992,85.00963,314.35,0.42,0.38,"2026-09-14",1955,"N20","nominal","2.0NRT",292.04,2.31,"N"
"3550",60.43547,97.79369,331.05,0.41,0.37,"2026-09-14",1947,"N20","nominal","2.0NRT",268.51,7.23,"N"
"3551",23.6958,85.28976,313.18,0.41,0.37,"2026-09-14",1955,"N20","nominal","2.0NRT",291.96,1.79,"N"
"3552",60.43626,97.67519,332.62,0.42,0.37,"2026-09-14",1947,"N20","nominal","2.0NRT",269,8.36,"N"
"3553",23.65681,85.50849,308.55,0.41,0.37,"2026-09-14",1955,"N20","nominal","2.0NRT",292.17,1.03,"N"
"3554",60.43531,97.68268,308,0.42,0.37,"2026-09-14",1947,"N20","nominal","2.0NRT",266.07,8.36,"N"
"3555",23.67687,85.32369,310.58,0.41,0.37,"2026-09-14",1955,"N20","nominal","2.0NRT",291.52,1.47,"N"
"3556",60.44456,97.55271,341.68,0.42,0.38,"2026-09-14",1947,"N20","nominal","2.0NRT",264.31,5.47,"N"
"3557",23.71865,85.01022,303.81,0.42,0.38,"2026-09-14",1955,"N20","nominal","2.0NRT",290.57,1.24,"N"
"3558",60.44119,97.55096,339.51,0.42,0.38,"2026-09-14",1947,"N20","nominal","2.0NRT",264.03,7.61,"N"
"3559",23.64975,85.43797,320.04,0.41,0.37,"2026-09-14",1955,"N20","nominal","2.0NRT",292.32,1.49,"N"
"3560",60.44103,96.25598,299.52,0.44,0.39,"2026-09-14",1947,"N20","nominal","2.0NRT",273.07,1.63,"N"
"3561",23.65033,85.43398,314.88,0.41,0.37,"2026-09-14",1955,"N20","nominal","2.0NRT",291.7,1.49,"N"
"3562",60.43846,96.24649,335.97,0.44,0.39,"2026-09-14",1947,"N20","nominal","2.0NRT",277.08,5.03,"N"
"3563",23.64636,85.43737,316.1,0.41,0.37,"2026-09-14",1955,"N20","nominal","2.0NRT",291.87,1.25,"N"
"3564",60.43756,96.25426,327.03,0.44,0.39,"2026-09-14",1947,"N20","nominal","2.0NRT",277.58,5.03,"N"
"3565",23.66753,84.99735,306.29,0.42,0.38,"2026-09-14",1955,"N20","nominal","2.0NRT",291.12,1,"N"
"3566",60.4394,96.23851,299.84,0.44,0.39,"2026-09-14",1947,"N20","nominal","2.0NRT",271.62,1.24,"N"
"3567",23.66408,84.99677,306.13,0.42,0.38,"2026-09-14",1955,"N20","nominal","2.0NRT",290.69,1,"N"
"3568",60.43502,96.24458,335.42,0.44,0.39,"2026-09-14",1947,"N20","nominal","2.0NRT",281.04,5.03,"N"
"3569",21.59441,96.22866,309.06,0.35,0.56,"2026-09-14",1955,"N20","nominal","2.0NRT",290.17,1.15,"N"
"3570",60.43409,96.25241,324.95,0.44,0.39,"2026-09-14",1947,"N20","nominal","2.0NRT",274.82,5.03,"N"
"3571",22.90076,88.40873,306.99,0.39,0.36,"2026-09-14",1955,"N20","nominal","2.0NRT",293.43,0.83,"N"
"3572",60.43594,96.2366,297.14,0.44,0.39,"2026-09-14",1947,"N20","nominal","2.0NRT",274.51,1.24,"N"
"3573",22.87232,88.21236,310.16,0.39,0.36,"2026-09-14",1955,"N20","nominal","2.0NRT",294.02,0.77,"N"
"3574",60.4325,96.23466,295.21,0.44,0.39,"2026-09-14",1947,"N20","nominal","2.0NRT",271.54,1.17,"N"
"3575",22.87489,86.06116,311.58,0.39,0.36,"2026-09-14",1955,"N20","nominal","2.0NRT",293.01,1.94,"N"
"3576",60.43158,96.24261,298.01,0.44,0.39,"2026-09-14",1947,"N20","nominal","2.0NRT",275.18,1.28,"N"
"3577",22.79866,86.20781,328.95,0.39,0.36,"2026-09-14",1955,"N20","nominal","2.0NRT",293.03,3,"N"
"3578",60.43064,96.25053,299.1,0.44,0.39,"2026-09-14",1947,"N20","nominal","2.0NRT",271.89,1.28,"N"
"3579",22.81709,86.08681,305.88,0.39,0.36,"2026-09-14",1955,"N20","nominal","2.0NRT",292.49,0.92,"N"
"3580",58.4496,107.59795,329.71,0.48,0.4,"2026-09-14",1947,"N20","nominal","2.0NRT",283.32,11.26,"N"
"3581",22.79649,86.19969,309.57,0.39,0.36,"2026-09-14",1955,"N20","nominal","2.0NRT",293.02,1.3,"N"
"3582",58.44786,107.60581,300.33,0.48,0.4,"2026-09-14",1947,"N20","nominal","2.0NRT",274.62,5.72,"N"
"3583",58.42572,107.57812,325.58,0.48,0.4,"2026-09-14",1947,"N20","nominal","2.0NRT",281.18,20.54,"N"
"3584",22.81044,86.08564,314.23,0.39,0.36,"2026-09-14",1955,"N20","nominal","2.0NRT",293.12,0.99,"N"
"3585",58.42376,107.44173,310.74,0.48,0.4,"2026-09-14",1947,"N20","nominal","2.0NRT",271.31,1.88,"N"
"3586",22.80987,86.08942,306.81,0.39,0.36,"2026-09-14",1955,"N20","nominal","2.0NRT",292.91,0.86,"N"
"3587",58.48328,107.02647,327,0.47,0.4,"2026-09-14",1947,"N20","nominal","2.0NRT",275.19,3.03,"N"
"3588",22.79317,86.19911,312.8,0.39,0.36,"2026-09-14",1955,"N20","nominal","2.0NRT",291.92,2.79,"N"
"3589",58.47993,107.0237,314.23,0.47,0.4,"2026-09-14",1947,"N20","nominal","2.0NRT",273.71,2.06,"N"
"3590",22.79144,86.21043,307.89,0.39,0.36,"2026-09-14",1955,"N20","nominal","2.0NRT",292.61,1.34,"N"
"3591",58.40806,107.25945,297.66,0.48,0.4,"2026-09-14",1947,"N20","nominal","2.0NRT",267.11,1.06,"N"
"3592",22.79042,86.19474,330.12,0.39,0.36,"2026-09-14",1955,"N20","nominal","2.0NRT",293.37,2.79,"N"
"3593",58.29543,106.91757,325.65,0.47,0.4,"2026-09-14",1947,"N20","nominal","2.0NRT",272.39,3.91,"N"
"3594",22.78985,86.19852,311.64,0.39,0.36,"2026-09-14",1955,"N20","nominal","2.0NRT",293.33,2.79,"N"
"3595",58.2938,106.92504,317.03,0.47,0.4,"2026-09-14",1947,"N20","nominal","2.0NRT",272.64,3.91,"N"
"3596",22.78927,86.2023,308.22,0.39,0.36,"2026-09-14",1955,"N20","nominal","2.0NRT",293.14,2.06,"N"
"3597",60.80482,78.53004,305.08,0.54,0.68,"2026-09-14",1947,"N20","nominal","2.0NRT",274.26,0.78,"N"
"3598",22.78595,86.20171,308.41,0.39,0.36,"2026-09-14",1955,"N20","nominal","2.0NRT",293.37,1.37,"N"
"3599",58.14211,107.10628,301.2,0.48,0.4,"2026-09-14",1947,"N20","nominal","2.0NRT",272.86,1.1,"N"
"3600",23.16815,82.34149,310.4,0.55,0.43,"2026-09-14",1955,"N20","nominal","2.0NRT",291.19,1.55,"N"
"3601",58.09765,106.55862,308.47,0.46,0.39,"2026-09-14",1947,"N20","nominal","2.0NRT",278.37,6.34,"N"
"3602",23.16492,82.33553,310.88,0.55,0.43,"2026-09-14",1955,"N20","nominal","2.0NRT",290.82,1.46,"N"
"3603",58.09607,106.56607,296.78,0.46,0.39,"2026-09-14",1947,"N20","nominal","2.0NRT",276.5,4.76,"N"
"3604",23.16425,82.34084,311.08,0.55,0.43,"2026-09-14",1955,"N20","nominal","2.0NRT",290.8,1.54,"N"
"3605",58.09428,106.55597,330.77,0.46,0.39,"2026-09-14",1947,"N20","nominal","2.0NRT",281.87,6.34,"N"
"3606",22.38904,87.28626,312.56,0.38,0.36,"2026-09-14",1955,"N20","nominal","2.0NRT",293.49,0.82,"N"
"3607",58.09269,106.56345,314.08,0.46,0.39,"2026-09-14",1947,"N20","nominal","2.0NRT",279.11,4.76,"N"
"3608",22.38128,87.29245,308.43,0.38,0.36,"2026-09-14",1955,"N20","nominal","2.0NRT",293.22,0.42,"N"
"3609",57.98557,106.80212,298.77,0.47,0.4,"2026-09-14",1947,"N20","nominal","2.0NRT",272.04,0.64,"N"
"3610",22.5932,85.90439,306.7,0.39,0.36,"2026-09-14",1955,"N20","nominal","2.0NRT",291.88,1.38,"N"
"3611",60.58297,78.72301,323.45,0.53,0.67,"2026-09-14",1947,"N20","nominal","2.0NRT",275.27,2.92,"N"
"3612",60.58018,78.72344,323.93,0.53,0.67,"2026-09-14",1947,"N20","nominal","2.0NRT",278.32,2.35,"N"
"3613",22.38035,87.27704,314.35,0.38,0.36,"2026-09-14",1955,"N20","nominal","2.0NRT",293.82,2.55,"N"
"3614",60.58034,78.73349,303.26,0.53,0.67,"2026-09-14",1947,"N20","nominal","2.0NRT",279.19,2.35,"N"
"3615",22.37706,87.27643,322.39,0.38,0.36,"2026-09-14",1955,"N20","nominal","2.0NRT",294.77,2.55,"N"
"3616",60.50555,78.12464,296.12,0.56,0.69,"2026-09-14",1947,"N20","nominal","2.0NRT",276.86,0.62,"N"
"3617",22.37647,87.28014,334.06,0.38,0.36,"2026-09-14",1955,"N20","nominal","2.0NRT",296.8,2.55,"N"
"3618",57.87667,105.88145,328.09,0.45,0.39,"2026-09-14",1947,"N20","nominal","2.0NRT",276.8,5.32,"N"
"3619",22.58987,85.90381,308.17,0.39,0.36,"2026-09-14",1955,"N20","nominal","2.0NRT",292.49,1.38,"N"
"3620",57.87515,105.88872,331.43,0.45,0.39,"2026-09-14",1947,"N20","nominal","2.0NRT",289.12,25.24,"N"
"3621",57.72645,106.02988,321.48,0.46,0.39,"2026-09-14",1947,"N20","nominal","2.0NRT",269.03,1.95,"N"
"3622",22.36963,87.30173,310.8,0.38,0.36,"2026-09-14",1955,"N20","nominal","2.0NRT",294.42,1.64,"N"
"3623",57.72488,106.03723,299.35,0.46,0.39,"2026-09-14",1947,"N20","nominal","2.0NRT",269.75,1.54,"N"
"3624",57.73986,105.94823,325.44,0.46,0.39,"2026-09-14",1947,"N20","nominal","2.0NRT",271.06,2.4,"N"
"3625",22.36634,87.30112,329.04,0.38,0.36,"2026-09-14",1955,"N20","nominal","2.0NRT",295.67,1.64,"N"
"3626",57.68393,106.08262,331.29,0.46,0.39,"2026-09-14",1947,"N20","nominal","2.0NRT",281.02,6.61,"N"
"3627",57.68055,106.08011,329.34,0.46,0.39,"2026-09-14",1947,"N20","nominal","2.0NRT",278.41,6.61,"N"
"3628",22.36693,87.29742,307.24,0.38,0.36,"2026-09-14",1955,"N20","nominal","2.0NRT",293.72,1.64,"N"
"3629",57.58987,105.91182,326.15,0.46,0.39,"2026-09-14",1947,"N20","nominal","2.0NRT",276.57,4.41,"N"
"3630",57.61847,105.68575,327.15,0.45,0.39,"2026-09-14",1947,"N20","nominal","2.0NRT",274.02,9.22,"N"
"3631",22.36575,87.30482,310.97,0.38,0.36,"2026-09-14",1955,"N20","nominal","2.0NRT",294.44,0.87,"N"
"3632",57.56674,105.92866,324.77,0.46,0.39,"2026-09-14",1947,"N20","nominal","2.0NRT",280.11,4.45,"N"
"3633",57.56337,105.92612,341.83,0.46,0.39,"2026-09-14",1947,"N20","nominal","2.0NRT",283.91,8.46,"N"
"3634",22.36305,87.30051,316.79,0.38,0.36,"2026-09-14",1955,"N20","nominal","2.0NRT",294.07,1.42,"N"
"3635",57.56931,105.88013,322.93,0.46,0.39,"2026-09-14",1947,"N20","nominal","2.0NRT",273.2,2.44,"N"
"3636",22.57377,85.89711,327.19,0.39,0.36,"2026-09-14",1955,"N20","nominal","2.0NRT",294.47,2.62,"N"
"3637",22.57491,85.8895,307.62,0.39,0.36,"2026-09-14",1955,"N20","nominal","2.0NRT",292.71,2.17,"N"
"3638",57.53531,105.8659,324.93,0.46,0.39,"2026-09-14",1947,"N20","nominal","2.0NRT",277.26,11.45,"N"
"3639",22.57434,85.8933,312,0.39,0.36,"2026-09-14",1955,"N20","nominal","2.0NRT",293.01,2.62,"N"
"3640",55.40976,105.9424,339.54,0.51,0.41,"2026-09-14",1947,"N20","nominal","2.0NRT",278.25,5.53,"N"
"3641",22.35824,87.2882,317.28,0.38,0.36,"2026-09-14",1955,"N20","nominal","2.0NRT",294.41,0.98,"N"
"3642",22.35765,87.2919,308.64,0.38,0.36,"2026-09-14",1955,"N20","nominal","2.0NRT",293.55,0.98,"N"
"3643",22.3676,87.01585,313.48,0.38,0.36,"2026-09-14",1955,"N20","nominal","2.0NRT",293.71,1.37,"N"
"3644",22.36372,87.01894,315.69,0.38,0.36,"2026-09-14",1955,"N20","nominal","2.0NRT",293.29,1.37,"N"
"3645",22.36043,87.01834,310.86,0.38,0.36,"2026-09-14",1955,"N20","nominal","2.0NRT",293.56,1.58,"N"
"3646",22.24318,87.38964,323.37,0.38,0.36,"2026-09-14",1955,"N20","nominal","2.0NRT",293.61,1.41,"N"
"3647",22.05586,88.12392,314.06,0.39,0.36,"2026-09-14",1955,"N20","nominal","2.0NRT",295.95,1.36,"N"
"3648",22.05192,88.12705,322.65,0.39,0.36,"2026-09-14",1955,"N20","nominal","2.0NRT",294.01,1.14,"N"
"3649",22.05254,88.12328,309.43,0.39,0.36,"2026-09-14",1955,"N20","nominal","2.0NRT",294.85,1.14,"N"
"3650",22.21455,84.86501,307.16,0.42,0.37,"2026-09-14",1957,"N20","nominal","2.0NRT",291.8,1.62,"N"
"3651",22.21397,84.86902,312.16,0.42,0.37,"2026-09-14",1957,"N20","nominal","2.0NRT",291.6,2.11,"N"
"3652",22.21113,84.86445,323.91,0.42,0.37,"2026-09-14",1957,"N20","nominal","2.0NRT",292.17,2.01,"N"
"3653",22.20828,84.85986,310.24,0.42,0.37,"2026-09-14",1957,"N20","nominal","2.0NRT",292.15,2.01,"N"
"3654",22.20712,84.86789,307.25,0.42,0.37,"2026-09-14",1957,"N20","nominal","2.0NRT",292.01,1.35,"N"
"3655",22.20712,84.5481,305.27,0.43,0.38,"2026-09-14",1957,"N20","nominal","2.0NRT",291.09,0.82,"N"
"3656",22.20306,84.57677,307.66,0.42,0.38,"2026-09-14",1957,"N20","nominal","2.0NRT",291.53,1.19,"N"
"3657",21.96761,85.3142,304,0.4,0.37,"2026-09-14",1957,"N20","nominal","2.0NRT",291.42,0.69,"N"
"3658",22.33343,82.6058,306.22,0.52,0.42,"2026-09-14",1957,"N20","nominal","2.0NRT",291.17,0.76,"N"
"3659",22.33075,82.60315,310.23,0.52,0.42,"2026-09-14",1957,"N20","nominal","2.0NRT",291.05,1.94,"N"
"3660",22.33008,82.60823,305.54,0.52,0.42,"2026-09-14",1957,"N20","nominal","2.0NRT",291.09,1.94,"N"
"3661",22.35838,82.30328,326.57,0.54,0.42,"2026-09-14",1957,"N20","nominal","2.0NRT",292.14,3.74,"N"
"3662",22.32064,82.59141,315.68,0.52,0.42,"2026-09-14",1957,"N20","nominal","2.0NRT",291.49,3.31,"N"
"3663",21.93147,85.22112,313.03,0.4,0.37,"2026-09-14",1957,"N20","nominal","2.0NRT",291.56,1.1,"N"
"3664",21.92414,85.22384,314.86,0.4,0.37,"2026-09-14",1957,"N20","nominal","2.0NRT",292.03,2.01,"N"
"3665",22.06559,83.70383,314.8,0.46,0.39,"2026-09-14",1957,"N20","nominal","2.0NRT",291.96,1.32,"N"
"3666",22.0398,83.73129,334.31,0.46,0.39,"2026-09-14",1957,"N20","nominal","2.0NRT",294.63,2.36,"N"
"3667",22.03919,83.73569,307.05,0.46,0.39,"2026-09-14",1957,"N20","nominal","2.0NRT",293.07,2.36,"N"
"3668",22.03081,83.74337,309.52,0.46,0.39,"2026-09-14",1957,"N20","nominal","2.0NRT",292.12,0.95,"N"
"3669",21.76617,85.57978,306.27,0.4,0.37,"2026-09-14",1957,"N20","nominal","2.0NRT",291.69,0.73,"N"
"3670",22.01469,83.75424,315.25,0.46,0.39,"2026-09-14",1957,"N20","nominal","2.0NRT",292.93,1.78,"N"
"3671",22.03989,83.35033,311.91,0.47,0.4,"2026-09-14",1957,"N20","nominal","2.0NRT",292.2,1.67,"N"
"3672",21.96464,83.77308,306.16,0.45,0.39,"2026-09-14",1957,"N20","nominal","2.0NRT",293.08,1.16,"N"
"3673",21.95358,83.80848,305.9,0.45,0.39,"2026-09-14",1957,"N20","nominal","2.0NRT",292.02,0.98,"N"
"3674",21.95369,83.78178,309.99,0.45,0.39,"2026-09-14",1957,"N20","nominal","2.0NRT",292.49,1.38,"N"
"3675",21.98517,83.23044,316.14,0.48,0.4,"2026-09-14",1957,"N20","nominal","2.0NRT",292.8,2.18,"N"
"3676",21.85909,83.96539,313.58,0.44,0.39,"2026-09-14",1957,"N20","nominal","2.0NRT",293,1.54,"N"
"3677",21.92586,83.33874,321.4,0.47,0.4,"2026-09-14",1957,"N20","nominal","2.0NRT",293.92,3.59,"N"
"3678",21.92403,83.35246,313.35,0.47,0.4,"2026-09-14",1957,"N20","nominal","2.0NRT",293.26,2.56,"N"
"3679",21.92039,83.35188,325.68,0.47,0.4,"2026-09-14",1957,"N20","nominal","2.0NRT",294.63,2.56,"N"
"3680",21.92099,83.34732,316.38,0.47,0.4,"2026-09-14",1957,"N20","nominal","2.0NRT",293.21,2.56,"N"
"3681",22.00541,82.67143,310.61,0.51,0.41,"2026-09-14",1957,"N20","nominal","2.0NRT",291.91,3.11,"N"
"3682",21.92058,83.34965,335.26,0.47,0.4,"2026-09-14",1957,"N20","nominal","2.0NRT",295.1,5.93,"N"
"3683",22.00583,82.66965,314.88,0.51,0.41,"2026-09-14",1957,"N20","nominal","2.0NRT",292.03,3.93,"N"
"3684",21.82246,83.99621,306.44,0.44,0.39,"2026-09-14",1957,"N20","nominal","2.0NRT",292.41,1.04,"N"
"3685",21.81893,83.99564,306.23,0.44,0.39,"2026-09-14",1957,"N20","nominal","2.0NRT",292.12,1.04,"N"
"3686",21.8785,83.54595,305.78,0.46,0.39,"2026-09-14",1957,"N20","nominal","2.0NRT",292.69,1.09,"N"
"3687",21.87725,83.55487,309.87,0.46,0.39,"2026-09-14",1957,"N20","nominal","2.0NRT",292.59,1.36,"N"
"3688",21.87811,83.49553,309.72,0.47,0.39,"2026-09-14",1957,"N20","nominal","2.0NRT",292.47,1.65,"N"
"3689",21.79864,83.88277,306.3,0.45,0.39,"2026-09-14",1957,"N20","nominal","2.0NRT",292.48,1.7,"N"
"3690",21.79509,83.88219,309.68,0.45,0.39,"2026-09-14",1957,"N20","nominal","2.0NRT",292.44,1.47,"N"
"3691",21.76887,84.01805,312.64,0.44,0.38,"2026-09-14",1957,"N20","nominal","2.0NRT",293.55,2.19,"N"
"3692",21.76534,84.01748,314.91,0.44,0.38,"2026-09-14",1957,"N20","nominal","2.0NRT",293.34,2.19,"N"
"3693",21.76122,84.02117,306.64,0.44,0.38,"2026-09-14",1957,"N20","nominal","2.0NRT",293.38,2.16,"N"
"3694",21.76379,83.84625,317.01,0.45,0.39,"2026-09-14",1957,"N20","nominal","2.0NRT",292.85,1.42,"N"
"3695",21.7632,83.85056,318.57,0.45,0.39,"2026-09-14",1957,"N20","nominal","2.0NRT",293.51,2.77,"N"
"3696",21.76083,83.84135,312.65,0.45,0.39,"2026-09-14",1957,"N20","nominal","2.0NRT",292.77,1.42,"N"
"3697",21.76024,83.84568,309.99,0.45,0.39,"2026-09-14",1957,"N20","nominal","2.0NRT",292.59,1.42,"N"
"3698",21.75669,83.84512,320.84,0.45,0.39,"2026-09-14",1957,"N20","nominal","2.0NRT",293.58,2.04,"N"
"3699",21.75372,83.84024,306.48,0.45,0.39,"2026-09-14",1957,"N20","nominal","2.0NRT",292.41,2.04,"N"
"3700",21.74958,83.84399,331.07,0.45,0.39,"2026-09-14",1957,"N20","nominal","2.0NRT",293.84,3.06,"N"
"3701",21.75017,83.83968,306.34,0.45,0.39,"2026-09-14",1957,"N20","nominal","2.0NRT",292.81,3.06,"N"
"3702",21.74603,83.84344,328.95,0.45,0.39,"2026-09-14",1957,"N20","nominal","2.0NRT",293.42,3.06,"N"
"3703",21.74247,83.84288,317.88,0.45,0.39,"2026-09-14",1957,"N20","nominal","2.0NRT",293.74,1.77,"N"
"3704",21.71542,84.03973,308.17,0.44,0.38,"2026-09-14",1957,"N20","nominal","2.0NRT",292.39,1.18,"N"
"3705",21.73892,83.84233,309.4,0.45,0.39,"2026-09-14",1957,"N20","nominal","2.0NRT",293.58,1.77,"N"
"3706",21.74338,83.84081,315.87,0.45,0.39,"2026-09-14",1957,"N20","nominal","2.0NRT",293.64,1.87,"N"
"3707",21.71478,84.04164,307.49,0.44,0.38,"2026-09-14",1957,"N20","nominal","2.0NRT",292.62,1.39,"N"
"3708",21.73983,83.84025,310.81,0.45,0.39,"2026-09-14",1957,"N20","nominal","2.0NRT",293.84,1.87,"N"
"3709",21.6984,84.03032,305.8,0.44,0.38,"2026-09-14",1957,"N20","nominal","2.0NRT",292.25,1.07,"N"
"3710",21.68252,84.04074,312.44,0.44,0.38,"2026-09-14",1957,"N20","nominal","2.0NRT",293.15,1.89,"N"
"3711",21.679,84.04017,309.05,0.44,0.38,"2026-09-14",1957,"N20","nominal","2.0NRT",293.21,1.62,"N"
"3712",21.80175,82.03972,308.15,0.55,0.43,"2026-09-14",1957,"N20","nominal","2.0NRT",291.25,1.26,"N"
"3713",21.67317,82.07784,309.77,0.55,0.42,"2026-09-14",1957,"N20","nominal","2.0NRT",291.87,1.75,"N"
"3714",21.00206,86.02672,320.36,0.39,0.36,"2026-09-14",1957,"N20","nominal","2.0NRT",292.2,2.44,"N"
"3715",20.99771,86.01077,313.11,0.39,0.36,"2026-09-14",1957,"N20","nominal","2.0NRT",291.88,2.37,"N"
"3716",20.97445,86.00687,317.82,0.39,0.36,"2026-09-14",1957,"N20","nominal","2.0NRT",292.46,1.83,"N"
"3717",20.97171,86.0026,321.83,0.39,0.36,"2026-09-14",1957,"N20","nominal","2.0NRT",293.14,4.13,"N"
"3718",20.96885,86.02109,312.1,0.39,0.36,"2026-09-14",1957,"N20","nominal","2.0NRT",291.6,2.59,"N"
"3719",20.96428,86.05065,309.2,0.39,0.36,"2026-09-14",1957,"N20","nominal","2.0NRT",292.58,2.66,"N"
"3720",20.95163,86.04465,330.54,0.39,0.36,"2026-09-14",1957,"N20","nominal","2.0NRT",292.48,5.23,"N"
"3721",20.95106,86.04834,333.37,0.39,0.36,"2026-09-14",1957,"N20","nominal","2.0NRT",293.24,6.89,"N"
"3722",21.08037,85.03474,317.15,0.4,0.37,"2026-09-14",1957,"N20","nominal","2.0NRT",293.78,1.8,"N"
"3723",21.07979,85.0386,311.24,0.4,0.37,"2026-09-14",1957,"N20","nominal","2.0NRT",292.75,1.8,"N"
"3724",21.07922,85.04247,307.88,0.4,0.37,"2026-09-14",1957,"N20","nominal","2.0NRT",292.28,1.05,"N"
"3725",21.07642,85.03804,317.39,0.4,0.37,"2026-09-14",1957,"N20","nominal","2.0NRT",293.63,1.8,"N"
"3726",21.07584,85.04191,312.61,0.4,0.37,"2026-09-14",1957,"N20","nominal","2.0NRT",291.77,1.05,"N"
"3727",21.07527,85.04578,306.56,0.4,0.37,"2026-09-14",1957,"N20","nominal","2.0NRT",291.78,1.05,"N"
"3728",21.07413,85.05354,310.03,0.4,0.37,"2026-09-14",1957,"N20","nominal","2.0NRT",291.65,1.92,"N"
"3729",21.07247,85.04134,311.08,0.4,0.37,"2026-09-14",1957,"N20","nominal","2.0NRT",291.78,1.45,"N"
"3730",21.48854,81.76844,308.62,0.57,0.43,"2026-09-14",1957,"N20","nominal","2.0NRT",291.44,1.52,"N"
"3731",21.4859,81.76768,308.17,0.57,0.43,"2026-09-14",1957,"N20","nominal","2.0NRT",291.65,1.39,"N"
"3732",20.97619,85.16854,316.16,0.4,0.37,"2026-09-14",1957,"N20","nominal","2.0NRT",292.24,2.05,"N"
"3733",20.97562,85.17236,318.63,0.4,0.37,"2026-09-14",1957,"N20","nominal","2.0NRT",292.25,2.05,"N"
"3734",20.97168,85.17564,319.94,0.4,0.37,"2026-09-14",1957,"N20","nominal","2.0NRT",292.65,3.45,"N"
"3735",20.96832,85.17507,340.1,0.4,0.37,"2026-09-14",1957,"N20","nominal","2.0NRT",292.93,3.45,"N"
"3736",20.96889,85.17123,308.91,0.4,0.37,"2026-09-14",1957,"N20","nominal","2.0NRT",291.89,2.81,"N"
"3737",20.96603,85.19035,314,0.4,0.37,"2026-09-14",1957,"N20","nominal","2.0NRT",291.93,1.68,"N"
"3738",20.96324,85.18597,330.91,0.4,0.37,"2026-09-14",1957,"N20","nominal","2.0NRT",292.76,2.77,"N"
"3739",20.96267,85.18979,329.2,0.4,0.37,"2026-09-14",1957,"N20","nominal","2.0NRT",293.64,3.62,"N"
"3740",20.96839,85.15151,306.13,0.4,0.37,"2026-09-14",1957,"N20","nominal","2.0NRT",292.49,1.45,"N"
"3741",20.96495,85.17451,311.57,0.4,0.37,"2026-09-14",1957,"N20","nominal","2.0NRT",292.3,1.28,"N"
"3742",20.96438,85.17833,308.22,0.4,0.37,"2026-09-14",1957,"N20","nominal","2.0NRT",292.37,1.28,"N"
"3743",20.96381,85.18216,309.96,0.4,0.37,"2026-09-14",1957,"N20","nominal","2.0NRT",292.21,2.77,"N"
"3744",20.96159,85.17394,312.88,0.4,0.37,"2026-09-14",1957,"N20","nominal","2.0NRT",291.7,1.28,"N"
"3745",20.958,85.0118,309.82,0.4,0.37,"2026-09-14",1957,"N20","nominal","2.0NRT",292.17,2.15,"N"
"3746",20.95462,85.01124,305.07,0.4,0.37,"2026-09-14",1957,"N20","nominal","2.0NRT",291.62,1.75,"N"
"3747",21.37986,81.67954,305.46,0.57,0.43,"2026-09-14",1957,"N20","nominal","2.0NRT",290.89,2.03,"N"
"3748",21.37588,81.67898,311.42,0.57,0.43,"2026-09-14",1957,"N20","nominal","2.0NRT",292.28,2.07,"N"
"3749",21.37123,81.68391,306.82,0.57,0.43,"2026-09-14",1957,"N20","nominal","2.0NRT",291.46,2.07,"N"
"3750",21.37765,81.67741,305.83,0.57,0.43,"2026-09-14",1957,"N20","nominal","2.0NRT",290.71,1.91,"N"
"3751",21.37296,81.68235,306.04,0.57,0.43,"2026-09-14",1957,"N20","nominal","2.0NRT",291.5,1.84,"N"
"3752",20.8987,84.98262,313.29,0.4,0.37,"2026-09-14",1957,"N20","nominal","2.0NRT",291.32,1.12,"N"
"3753",20.88857,84.98091,332.37,0.4,0.37,"2026-09-14",1957,"N20","nominal","2.0NRT",292.17,3.79,"N"
"3754",20.88519,84.98035,311.31,0.4,0.37,"2026-09-14",1957,"N20","nominal","2.0NRT",291.78,2.19,"N"
"3755",20.86601,84.99296,325.2,0.4,0.37,"2026-09-14",1957,"N20","nominal","2.0NRT",291.98,4.01,"N"
"3756",20.86658,84.98912,308.61,0.4,0.37,"2026-09-14",1957,"N20","nominal","2.0NRT",291.57,1.57,"N"
"3757",20.86321,84.98853,314.15,0.4,0.37,"2026-09-14",1957,"N20","nominal","2.0NRT",292.33,1.92,"N"
"3758",21.31166,81.58982,303.83,0.38,0.44,"2026-09-14",1957,"N20","nominal","2.0NRT",289.17,1.17,"N"
"3759",20.80943,85.25788,306.17,0.4,0.37,"2026-09-14",1957,"N20","nominal","2.0NRT",291.78,1.41,"N"
"3760",20.80607,85.25732,325.35,0.4,0.37,"2026-09-14",1957,"N20","nominal","2.0NRT",292.97,1.41,"N"
"3761",21.29738,81.60661,315.02,0.38,0.43,"2026-09-14",1957,"N20","nominal","2.0NRT",290.59,2.23,"N"
"3762",20.7988,85.25999,318.82,0.4,0.37,"2026-09-14",1957,"N20","nominal","2.0NRT",291.66,1.86,"N"
"3763",20.79658,85.25183,306.3,0.4,0.37,"2026-09-14",1957,"N20","nominal","2.0NRT",291.47,1,"N"
"3764",20.79322,85.25127,319.02,0.4,0.37,"2026-09-14",1957,"N20","nominal","2.0NRT",291.45,1,"N"
"3765",20.79266,85.25506,315.6,0.4,0.37,"2026-09-14",1957,"N20","nominal","2.0NRT",292.19,2.89,"N"
"3766",20.78874,85.25827,307.28,0.4,0.37,"2026-09-14",1957,"N20","nominal","2.0NRT",291.75,1.05,"N"
"3767",20.78762,85.26586,316.03,0.4,0.37,"2026-09-14",1957,"N20","nominal","2.0NRT",292.35,1.44,"N"
"3768",20.78483,85.26149,307.46,0.4,0.37,"2026-09-14",1957,"N20","nominal","2.0NRT",291.98,1.44,"N"
"3769",20.76032,85.29698,323.5,0.4,0.37,"2026-09-14",1957,"N20","nominal","2.0NRT",292.77,2.56,"N"
"3770",20.76089,85.29318,317.12,0.4,0.37,"2026-09-14",1957,"N20","nominal","2.0NRT",292.47,1.32,"N"
"3771",21.19675,81.41791,311.62,0.39,0.44,"2026-09-14",1957,"N20","nominal","2.0NRT",289.96,1.38,"N"
"3772",21.19571,81.41805,310.42,0.39,0.44,"2026-09-14",1957,"N20","nominal","2.0NRT",290.04,1.33,"N"
"3773",21.18344,81.38557,315.64,0.39,0.44,"2026-09-14",1957,"N20","nominal","2.0NRT",291.27,2.33,"N"
"3774",21.17941,81.38498,337.67,0.39,0.44,"2026-09-14",1957,"N20","nominal","2.0NRT",290.85,4.27,"N"
"3775",17.60687,83.20081,305.2,0.44,0.38,"2026-09-14",1957,"N20","nominal","2.0NRT",292.07,0.81,"N"
"3776",17.60141,83.18453,330.48,0.44,0.38,"2026-09-14",1957,"N20","nominal","2.0NRT",292.66,4.94,"N"
"3777",17.0629,76.97771,306.95,0.33,0.55,"2026-09-14",1957,"N20","nominal","2.0NRT",289.9,1.04,"N"
"3778",15.2271,76.76077,307.8,0.33,0.55,"2026-09-14",2000,"N20","nominal","2.0NRT",292.52,1.2,"N"
"3779",15.22818,76.76203,306.14,0.33,0.55,"2026-09-14",2000,"N20","nominal","2.0NRT",292.96,1.18,"N"
"3780",15.023,78.01126,309.63,0.53,0.5,"2026-09-14",2000,"N20","nominal","2.0NRT",291.64,5.5,"N"
"3781",15.18311,76.66614,367,0.33,0.55,"2026-09-14",2000,"N20","high","2.0NRT",293.95,7.01,"N"
"3782",15.18201,76.67534,312.21,0.33,0.55,"2026-09-14",2000,"N20","nominal","2.0NRT",292.79,1.93,"N"
"3783",15.17948,76.65322,313.71,0.33,0.55,"2026-09-14",2000,"N20","nominal","2.0NRT",293.34,1.12,"N"
"3784",15.17911,76.6563,309.92,0.33,0.55,"2026-09-14",2000,"N20","nominal","2.0NRT",293.14,2.44,"N"
"3785",15.17437,76.65262,304.29,0.33,0.55,"2026-09-14",2000,"N20","nominal","2.0NRT",291.69,1.12,"N"
"3786",15.17071,76.68352,305.12,0.33,0.55,"2026-09-14",2000,"N20","nominal","2.0NRT",291.96,1.01,"N"
"3787",15.17524,76.37719,305.45,0.35,0.56,"2026-09-14",2000,"N20","nominal","2.0NRT",291.53,0.83,"N"
"3788",15.13698,76.70712,304.8,0.33,0.55,"2026-09-14",2000,"N20","nominal","2.0NRT",291.97,0.86,"N"
"3789",15.17004,76.37653,309.12,0.35,0.56,"2026-09-14",2000,"N20","nominal","2.0NRT",291.42,1.36,"N"
"3790",15.16967,76.37977,305.84,0.35,0.56,"2026-09-14",2000,"N20","nominal","2.0NRT",291.91,1.33,"N"
"3791",15.11007,76.80601,304.96,0.32,0.55,"2026-09-14",2000,"N20","nominal","2.0NRT",292.52,0.75,"N"
"3792",15.16838,76.37855,312.64,0.34,0.56,"2026-09-14",2000,"N20","nominal","2.0NRT",291.72,1.5,"N"
"3793",15.11075,76.8046,304.25,0.32,0.55,"2026-09-14",2000,"N20","nominal","2.0NRT",292.08,1.09,"N"
"3794",15.01271,76.89837,304.88,0.63,0.54,"2026-09-14",2000,"N20","nominal","2.0NRT",292.04,1.33,"N"
"3795",14.99337,76.84843,304.31,0.32,0.54,"2026-09-14",2000,"N20","nominal","2.0NRT",292.48,0.33,"N"
"3796",13.71147,79.61788,308.68,0.4,0.45,"2026-09-14",2000,"N20","nominal","2.0NRT",290.63,1.61,"N"
"3797",13.39378,80.10087,305.5,0.56,0.43,"2026-09-14",2000,"N20","nominal","2.0NRT",289.29,0.99,"N"
"3798",13.16077,80.28572,305.87,0.54,0.42,"2026-09-14",2000,"N20","nominal","2.0NRT",290.26,1.03,"N"
"3799",13.16004,80.2841,310.74,0.54,0.42,"2026-09-14",2000,"N20","nominal","2.0NRT",289.18,1.93,"N"
"3800",55.20716,79.2669,296.93,0.5,0.66,"2026-09-14",1947,"N20","nominal","2.0NRT",277.44,0.66,"N"
"3801",55.2072,79.27498,297.25,0.5,0.66,"2026-09-14",1947,"N20","nominal","2.0NRT",278.34,0.66,"N"
"3802",51.99212,106.5927,303.62,0.44,0.46,"2026-09-14",1947,"N20","nominal","2.0NRT",276.18,1.07,"N"
"3803",51.99218,106.59235,301.11,0.44,0.46,"2026-09-14",1947,"N20","nominal","2.0NRT",276.55,1.16,"N"
"3804",52.61038,103.90175,307.56,0.51,0.41,"2026-09-14",1947,"N20","nominal","2.0NRT",277.38,1.86,"N"
"3805",55.20769,79.26981,301.18,0.5,0.66,"2026-09-14",1947,"N20","nominal","2.0NRT",277.74,0.93,"N"
"3806",55.20769,79.27789,295.65,0.5,0.66,"2026-09-14",1947,"N20","nominal","2.0NRT",278.47,1.16,"N"
"3807",52.53568,103.94627,296.19,0.51,0.41,"2026-09-14",1947,"N20","nominal","2.0NRT",279.1,0.74,"N"
"3808",51.83227,91.17996,295.62,0.48,0.4,"2026-09-14",1947,"N20","nominal","2.0NRT",282,0.92,"N"
"3809",51.83158,91.18629,296.18,0.48,0.4,"2026-09-14",1947,"N20","nominal","2.0NRT",283.91,1.75,"N"
"3810",51.83328,91.18083,296.43,0.48,0.4,"2026-09-14",1947,"N20","nominal","2.0NRT",282.17,0.98,"N"
"3811",51.83258,91.18716,297.13,0.48,0.4,"2026-09-14",1947,"N20","nominal","2.0NRT",284.33,0.98,"N"
"3812",50.86513,97.97785,305.55,0.39,0.36,"2026-09-14",1947,"N20","nominal","2.0NRT",276.8,1.44,"N"
"3813",50.8619,97.97633,343.36,0.39,0.36,"2026-09-14",1947,"N20","nominal","2.0NRT",283.58,4.74,"N"
"3814",50.86097,97.98171,299.38,0.39,0.36,"2026-09-14",1947,"N20","nominal","2.0NRT",278.99,4.74,"N"
"3815",50.85907,97.99267,313.36,0.39,0.36,"2026-09-14",1947,"N20","nominal","2.0NRT",276.84,1.81,"N"
"3816",50.86145,97.95879,326.94,0.39,0.36,"2026-09-14",1947,"N20","nominal","2.0NRT",276.68,3.22,"N"
"3817",50.86052,97.96413,333.57,0.39,0.36,"2026-09-14",1947,"N20","nominal","2.0NRT",285.48,5.58,"N"
"3818",50.85585,97.99108,320.34,0.39,0.36,"2026-09-14",1947,"N20","nominal","2.0NRT",278.87,1.81,"N"
"3819",50.8568,97.9856,307.12,0.39,0.36,"2026-09-14",1947,"N20","nominal","2.0NRT",278.46,1.81,"N"
"3820",50.85489,97.9966,297.25,0.39,0.36,"2026-09-14",1947,"N20","nominal","2.0NRT",276.87,1.21,"N"
"3821",50.85394,98.00208,313.71,0.39,0.36,"2026-09-14",1947,"N20","nominal","2.0NRT",279.35,1.21,"N"
"3822",50.85727,97.96279,351.16,0.39,0.36,"2026-09-14",1947,"N20","nominal","2.0NRT",291.55,3.71,"N"
"3823",50.85633,97.96817,323.07,0.39,0.36,"2026-09-14",1947,"N20","nominal","2.0NRT",282.96,3.71,"N"
"3824",50.85819,97.95743,302.08,0.39,0.36,"2026-09-14",1947,"N20","nominal","2.0NRT",273.59,1.7,"N"
"3825",50.85072,98.00052,309.63,0.39,0.36,"2026-09-14",1947,"N20","nominal","2.0NRT",277.96,1.67,"N"
"3826",50.8498,98.00586,299.93,0.39,0.36,"2026-09-14",1947,"N20","nominal","2.0NRT",276.4,0.79,"N"
"3827",50.85402,97.96138,306.49,0.39,0.36,"2026-09-14",1947,"N20","nominal","2.0NRT",271.07,3.71,"N"
"3828",50.85309,97.96674,307.05,0.39,0.36,"2026-09-14",1947,"N20","nominal","2.0NRT",274.41,3.71,"N"
"3829",50.84749,97.99902,307.5,0.39,0.36,"2026-09-14",1947,"N20","nominal","2.0NRT",278.19,1.67,"N"
"3830",50.84425,97.99754,339.93,0.39,0.36,"2026-09-14",1947,"N20","nominal","2.0NRT",283.35,9.47,"N"
"3831",50.84333,98.00286,327.17,0.39,0.36,"2026-09-14",1947,"N20","nominal","2.0NRT",283.07,6.97,"N"
"3832",52.26004,77.04343,298.23,0.61,0.71,"2026-09-14",1947,"N20","nominal","2.0NRT",284.83,2.71,"N"
"3833",46.38889,113.99654,318.41,0.66,0.73,"2026-09-14",1947,"N20","nominal","2.0NRT",276.79,3.63,"N"
"3834",52.08746,76.84425,296.44,0.62,0.72,"2026-09-14",1947,"N20","nominal","2.0NRT",279.75,1.61,"N"
"3835",52.08761,76.85361,309.14,0.62,0.72,"2026-09-14",1947,"N20","nominal","2.0NRT",281.09,1.61,"N"
"3836",52.08449,76.84846,317.2,0.62,0.72,"2026-09-14",1947,"N20","nominal","2.0NRT",279.93,2.51,"N"
"3837",51.21568,89.67194,310.84,0.53,0.42,"2026-09-14",1947,"N20","nominal","2.0NRT",275.63,2.38,"N"
"3838",51.2086,89.66413,300.21,0.53,0.42,"2026-09-14",1947,"N20","nominal","2.0NRT",278.98,2.46,"N"
"3839",51.20796,89.67059,316.43,0.53,0.42,"2026-09-14",1947,"N20","nominal","2.0NRT",276.6,2.57,"N"
"3840",51.25985,75.62769,318.8,0.7,0.75,"2026-09-14",1949,"N20","nominal","2.0NRT",279.52,4.38,"N"
"3841",51.26009,75.63796,308.18,0.7,0.75,"2026-09-14",1949,"N20","nominal","2.0NRT",281.71,4.63,"N"
"3842",51.26186,75.63305,321.44,0.7,0.75,"2026-09-14",1949,"N20","nominal","2.0NRT",281.13,3.33,"N"
"3843",51.26342,75.71509,295.87,0.7,0.75,"2026-09-14",1949,"N20","nominal","2.0NRT",281.02,1.4,"N"
"3844",51.2549,75.63334,307.65,0.7,0.75,"2026-09-14",1949,"N20","nominal","2.0NRT",280.03,3.33,"N"
"3845",50.42039,74.9446,308.35,0.75,0.77,"2026-09-14",1949,"N20","nominal","2.0NRT",279.01,2.91,"N"
"3846",50.40676,74.96951,322.26,0.75,0.77,"2026-09-14",1949,"N20","nominal","2.0NRT",280.28,3.91,"N"
"3847",50.40609,74.94524,295.73,0.75,0.77,"2026-09-14",1949,"N20","nominal","2.0NRT",278.19,4.26,"N"
"3848",50.39987,74.97856,300.29,0.75,0.77,"2026-09-14",1949,"N20","nominal","2.0NRT",279.19,2.17,"N"
"3849",50.38535,74.97073,349.03,0.75,0.77,"2026-09-14",1949,"N20","nominal","2.0NRT",280.72,8.76,"N"
"3850",50.38411,74.92731,310.15,0.75,0.77,"2026-09-14",1949,"N20","nominal","2.0NRT",278.34,4.67,"N"
"3851",50.38507,74.96075,300.5,0.75,0.77,"2026-09-14",1949,"N20","nominal","2.0NRT",278.47,6.76,"N"
"3852",50.37848,74.98042,305.44,0.75,0.77,"2026-09-14",1949,"N20","nominal","2.0NRT",278.45,8.76,"N"
"3853",50.37874,74.9898,295.3,0.75,0.77,"2026-09-14",1949,"N20","nominal","2.0NRT",279,2.07,"N"
"3854",50.41788,74.93974,298.33,0.75,0.77,"2026-09-14",1949,"N20","nominal","2.0NRT",278.33,1.72,"N"
"3855",50.41816,74.95156,309.39,0.75,0.77,"2026-09-14",1949,"N20","nominal","2.0NRT",279.11,1.72,"N"
"3856",50.41075,74.94055,295.76,0.75,0.77,"2026-09-14",1949,"N20","nominal","2.0NRT",278.2,1.27,"N"
"3857",50.41102,74.95216,303,0.75,0.77,"2026-09-14",1949,"N20","nominal","2.0NRT",278.39,1.27,"N"
"3858",50.40418,74.96565,306.96,0.75,0.77,"2026-09-14",1949,"N20","nominal","2.0NRT",278.41,3.08,"N"
"3859",50.4044,74.97498,315.07,0.75,0.77,"2026-09-14",1949,"N20","nominal","2.0NRT",279.5,3.08,"N"
"3860",50.39013,74.97552,297.85,0.75,0.77,"2026-09-14",1949,"N20","nominal","2.0NRT",278.33,2.54,"N"
"3861",50.38277,74.96703,320.9,0.75,0.77,"2026-09-14",1949,"N20","nominal","2.0NRT",279.43,7.78,"N"
"3862",50.383,74.97639,338.02,0.75,0.77,"2026-09-14",1949,"N20","nominal","2.0NRT",279.58,7.78,"N"
"3863",50.38168,74.92219,308.47,0.75,0.77,"2026-09-14",1949,"N20","nominal","2.0NRT",277.47,2.47,"N"
"3864",50.38198,74.93452,309.31,0.75,0.77,"2026-09-14",1949,"N20","nominal","2.0NRT",278.22,2.47,"N"
"3865",50.3761,74.98627,298.02,0.75,0.77,"2026-09-14",1949,"N20","nominal","2.0NRT",278.52,4.89,"N"
"3866",50.02153,78.73886,302.34,0.51,0.66,"2026-09-14",1949,"N20","nominal","2.0NRT",284.88,1.84,"N"
"3867",50.00925,78.7316,298.67,0.51,0.66,"2026-09-14",1949,"N20","nominal","2.0NRT",285.48,2.96,"N"
"3868",50.02245,78.74105,297.59,0.51,0.66,"2026-09-14",1949,"N20","nominal","2.0NRT",285.12,3.09,"N"
"3869",50.01022,78.73376,300.5,0.51,0.66,"2026-09-14",1949,"N20","nominal","2.0NRT",286.47,1.73,"N"
"3870",49.6568,81.17503,297.19,0.39,0.6,"2026-09-14",1949,"N20","nominal","2.0NRT",282.41,0.82,"N"
"3871",48.10637,86.39399,295.78,0.44,0.46,"2026-09-14",1949,"N20","nominal","2.0NRT",284.56,0.7,"N"
"3872",48.01657,81.44493,305.6,0.37,0.58,"2026-09-14",1949,"N20","nominal","2.0NRT",283.01,0.75,"N"
"3873",48.01638,81.44997,295.7,0.37,0.58,"2026-09-14",1949,"N20","nominal","2.0NRT",284.81,0.75,"N"
"3874",48.01136,81.43928,349.71,0.37,0.58,"2026-09-14",1949,"N20","nominal","2.0NRT",284.72,8.58,"N"
"3875",48.01118,81.44433,367,0.37,0.58,"2026-09-14",1949,"N20","high","2.0NRT",288.48,7.23,"N"
"3876",48.01099,81.44946,311.31,0.37,0.58,"2026-09-14",1949,"N20","nominal","2.0NRT",284.52,7.23,"N"
"3877",48.00613,81.43401,367,0.37,0.58,"2026-09-14",1949,"N20","high","2.0NRT",284.32,8.58,"N"
"3878",48.00596,81.43877,340.86,0.37,0.58,"2026-09-14",1949,"N20","nominal","2.0NRT",282.76,8.58,"N"
"3879",48.00578,81.44369,347.64,0.37,0.58,"2026-09-14",1949,"N20","nominal","2.0NRT",284.27,7.23,"N"
"3880",48.00631,81.42938,296.15,0.37,0.58,"2026-09-14",1949,"N20","nominal","2.0NRT",280.21,4.8,"N"
"3881",43.56551,105.46351,313.11,0.34,0.56,"2026-09-14",1949,"N20","nominal","2.0NRT",283.2,1.15,"N"
"3882",43.56691,105.46584,307.28,0.34,0.56,"2026-09-14",1949,"N20","nominal","2.0NRT",283.33,1.16,"N"
"3883",46.82893,74.9363,295.34,0.75,0.77,"2026-09-14",1949,"N20","nominal","2.0NRT",283.33,1.89,"N"
"3884",41.03519,111.46153,297,0.78,0.78,"2026-09-14",1949,"N20","nominal","2.0NRT",278.81,1.32,"N"
"3885",46.22071,81.21474,330.42,0.37,0.58,"2026-09-14",1949,"N20","nominal","2.0NRT",283.38,2,"N"
"3886",46.2209,81.20985,300.49,0.37,0.58,"2026-09-14",1949,"N20","nominal","2.0NRT",281.49,2,"N"
"3887",46.22051,81.21961,311.88,0.37,0.58,"2026-09-14",1949,"N20","nominal","2.0NRT",284.02,1.99,"N"
"3888",46.21551,81.20933,310.12,0.37,0.58,"2026-09-14",1949,"N20","nominal","2.0NRT",282.27,1.5,"N"
"3889",40.97561,110.08624,303.02,0.67,0.74,"2026-09-14",1949,"N20","nominal","2.0NRT",282.56,1.51,"N"
"3890",41.30183,108.56595,302.04,0.55,0.68,"2026-09-14",1949,"N20","nominal","2.0NRT",284.13,1.02,"N"
"3891",41.30345,108.56668,303.65,0.55,0.68,"2026-09-14",1949,"N20","nominal","2.0NRT",284.27,1.91,"N"
"3892",40.65188,109.73813,297.46,0.66,0.73,"2026-09-14",1949,"N20","nominal","2.0NRT",286.56,2.92,"N"
"3893",40.63707,109.7384,306.3,0.66,0.73,"2026-09-14",1949,"N20","nominal","2.0NRT",286.97,2.45,"N"
"3894",40.62224,109.73871,297.14,0.66,0.73,"2026-09-14",1949,"N20","nominal","2.0NRT",283.17,1.88,"N"
"3895",44.84935,90.93489,302.56,0.42,0.37,"2026-09-14",1949,"N20","nominal","2.0NRT",276.62,0.67,"N"
"3896",44.84661,90.95577,306.69,0.42,0.37,"2026-09-14",1949,"N20","nominal","2.0NRT",285.05,1.64,"N"
"3897",44.8432,90.95488,318.39,0.42,0.37,"2026-09-14",1949,"N20","nominal","2.0NRT",284.53,1.64,"N"
"3898",44.90414,89.18774,303.74,0.47,0.4,"2026-09-14",1949,"N20","nominal","2.0NRT",283.63,1.56,"N"
"3899",44.34031,93.25647,302.1,0.38,0.36,"2026-09-14",1949,"N20","nominal","2.0NRT",285.39,0.71,"N"
"3900",44.33558,93.26501,311.05,0.38,0.36,"2026-09-14",1949,"N20","nominal","2.0NRT",286.14,1.33,"N"
"3901",44.33484,93.26977,317.24,0.38,0.36,"2026-09-14",1949,"N20","nominal","2.0NRT",287.9,1.33,"N"
"3902",44.33157,93.26878,301.14,0.38,0.36,"2026-09-14",1949,"N20","nominal","2.0NRT",285.07,0.51,"N"
"3903",44.3301,93.2783,300.52,0.38,0.36,"2026-09-14",1949,"N20","nominal","2.0NRT",284.92,0.87,"N"
"3904",40.45544,108.90136,317.59,0.61,0.71,"2026-09-14",1949,"N20","nominal","2.0NRT",284.55,3.28,"N"
"3905",44.47166,90.7225,295.45,0.42,0.38,"2026-09-14",1949,"N20","nominal","2.0NRT",285.07,0.51,"N"
"3906",44.46267,90.49132,295.17,0.42,0.38,"2026-09-14",1949,"N20","nominal","2.0NRT",284.96,0.32,"N"
"3907",44.46199,90.49664,295.13,0.42,0.38,"2026-09-14",1949,"N20","nominal","2.0NRT",284.98,0.32,"N"
"3908",40.97596,106.85102,299.17,0.47,0.64,"2026-09-14",1949,"N20","nominal","2.0NRT",286.01,1.35,"N"
"3909",43.70259,95.03228,307.75,0.39,0.37,"2026-09-14",1949,"N20","nominal","2.0NRT",294.49,1.41,"N"
"3910",43.69434,95.03973,331.47,0.4,0.37,"2026-09-14",1949,"N20","nominal","2.0NRT",298.56,3.3,"N"
"3911",43.68943,95.02792,321.92,0.39,0.37,"2026-09-14",1949,"N20","nominal","2.0NRT",298.02,2.78,"N"
"3912",43.6887,94.99209,312.47,0.39,0.37,"2026-09-14",1949,"N20","nominal","2.0NRT",295.03,0.94,"N"
"3913",43.6862,95.0065,318.91,0.39,0.37,"2026-09-14",1949,"N20","nominal","2.0NRT",294.95,1.52,"N"
"3914",43.6804,95.01984,332.94,0.39,0.37,"2026-09-14",1949,"N20","nominal","2.0NRT",307.08,7.31,"N"
"3915",43.67634,95.00324,333.49,0.39,0.37,"2026-09-14",1949,"N20","nominal","2.0NRT",301.38,4.91,"N"
"3916",43.67967,94.98402,308.21,0.39,0.37,"2026-09-14",1949,"N20","nominal","2.0NRT",291.92,1.33,"N"
"3917",43.67805,94.97332,313.09,0.39,0.36,"2026-09-14",1949,"N20","nominal","2.0NRT",293.98,1.23,"N"
"3918",44.7927,86.35664,304.12,0.41,0.45,"2026-09-14",1949,"N20","nominal","2.0NRT",285.26,0.65,"N"
"3919",44.59822,86.05753,301.88,0.42,0.45,"2026-09-14",1949,"N20","nominal","2.0NRT",290.25,0.89,"N"
"3920",44.7556,82.06814,302.03,0.33,0.55,"2026-09-14",1949,"N20","nominal","2.0NRT",289.44,0.96,"N"
"3921",44.74584,82.05888,303.73,0.33,0.55,"2026-09-14",1949,"N20","nominal","2.0NRT",289.99,0.29,"N"
"3922",44.45561,86.07854,317.3,0.42,0.45,"2026-09-14",1949,"N20","nominal","2.0NRT",294.35,1.98,"N"
"3923",44.45513,86.08379,304.57,0.42,0.45,"2026-09-14",1949,"N20","nominal","2.0NRT",293.26,1.98,"N"
"3924",44.45146,86.0778,323.14,0.42,0.45,"2026-09-14",1949,"N20","nominal","2.0NRT",294.2,1.98,"N"
"3925",44.7059,82.03691,303.97,0.33,0.55,"2026-09-14",1949,"N20","nominal","2.0NRT",289.41,0.27,"N"
"3926",44.36532,86.08289,305.6,0.41,0.45,"2026-09-14",1949,"N20","nominal","2.0NRT",293.16,1.89,"N"
"3927",44.14235,88.17403,303.27,0.5,0.41,"2026-09-14",1949,"N20","nominal","2.0NRT",287.54,1.25,"N"
"3928",44.44264,84.76067,303.41,0.48,0.48,"2026-09-14",1949,"N20","nominal","2.0NRT",292.93,1.04,"N"
"3929",44.08752,88.46185,299.91,0.49,0.4,"2026-09-14",1949,"N20","nominal","2.0NRT",288.86,1.38,"N"
"3930",43.9414,89.61372,300.33,0.45,0.39,"2026-09-14",1949,"N20","nominal","2.0NRT",283.79,0.4,"N"
"3931",44.14534,87.78714,310.51,0.52,0.42,"2026-09-14",1949,"N20","nominal","2.0NRT",293.82,1.73,"N"
"3932",44.18579,86.04812,331.38,0.41,0.45,"2026-09-14",1949,"N20","nominal","2.0NRT",291.24,2.35,"N"
"3933",44.18624,86.04298,307.52,0.42,0.45,"2026-09-14",1949,"N20","nominal","2.0NRT",290.12,2.35,"N"
"3934",44.18852,86.04727,339.81,0.41,0.45,"2026-09-14",1949,"N20","nominal","2.0NRT",291.27,4.16,"N"
"3935",39.91063,106.79218,301,0.5,0.66,"2026-09-14",1949,"N20","nominal","2.0NRT",289.49,1.05,"N"
"3936",39.85873,106.87778,302.11,0.51,0.66,"2026-09-14",1949,"N20","nominal","2.0NRT",287.32,1.95,"N"
"3937",39.86194,106.90154,300.97,0.51,0.66,"2026-09-14",1949,"N20","nominal","2.0NRT",289.69,1.29,"N"
"3938",39.86263,106.87714,301.74,0.51,0.66,"2026-09-14",1949,"N20","nominal","2.0NRT",286.7,1.67,"N"
"3939",44.16296,80.75013,301.02,0.38,0.59,"2026-09-14",1949,"N20","nominal","2.0NRT",288.57,1.08,"N"
"3940",42.70714,93.56596,311.71,0.39,0.36,"2026-09-14",1951,"N20","nominal","2.0NRT",292.36,1.63,"N"
"3941",42.7084,93.5372,302.09,0.39,0.36,"2026-09-14",1951,"N20","nominal","2.0NRT",290.72,1.24,"N"
"3942",42.70137,93.55937,300.62,0.39,0.36,"2026-09-14",1951,"N20","nominal","2.0NRT",289.32,0.96,"N"
"3943",42.70061,93.56401,301.49,0.39,0.36,"2026-09-14",1951,"N20","nominal","2.0NRT",291.26,0.96,"N"
"3944",42.69937,93.52964,305.02,0.39,0.36,"2026-09-14",1951,"N20","nominal","2.0NRT",291.72,1.61,"N"
"3945",42.70803,93.36953,312.61,0.38,0.36,"2026-09-14",1951,"N20","nominal","2.0NRT",292.93,1.78,"N"
"3946",42.70597,93.33986,299.93,0.38,0.36,"2026-09-14",1951,"N20","nominal","2.0NRT",289.34,0.74,"N"
"3947",42.70523,93.34448,305.72,0.38,0.36,"2026-09-14",1951,"N20","nominal","2.0NRT",290.76,0.74,"N"
"3948",42.53279,94.1202,301.43,0.39,0.36,"2026-09-14",1951,"N20","nominal","2.0NRT",290.3,0.94,"N"
"3949",43.70636,83.27406,304.28,0.56,0.51,"2026-09-14",1951,"N20","nominal","2.0NRT",282.67,1.55,"N"
"3950",39.46821,106.70547,299.92,0.51,0.66,"2026-09-14",1951,"N20","nominal","2.0NRT",288.56,1.14,"N"
"3951",39.46254,106.70253,311,0.51,0.66,"2026-09-14",1951,"N20","nominal","2.0NRT",288.81,2.75,"N"
"3952",39.46372,106.67685,303.8,0.51,0.66,"2026-09-14",1951,"N20","nominal","2.0NRT",287.74,1.16,"N"
"3953",39.38878,106.9026,299.21,0.52,0.67,"2026-09-14",1951,"N20","nominal","2.0NRT",287.43,1.89,"N"
"3954",39.37147,106.95947,300.55,0.53,0.67,"2026-09-14",1951,"N20","nominal","2.0NRT",287.89,1.61,"N"
"3955",39.36975,106.9651,305.97,0.53,0.67,"2026-09-14",1951,"N20","nominal","2.0NRT",290.41,2.91,"N"
"3956",39.46671,106.702,306.96,0.51,0.66,"2026-09-14",1951,"N20","nominal","2.0NRT",288.28,2.63,"N"
"3957",39.45936,106.70475,301.57,0.51,0.66,"2026-09-14",1951,"N20","nominal","2.0NRT",287.48,3.02,"N"
"3958",39.46045,106.67889,299.51,0.51,0.66,"2026-09-14",1951,"N20","nominal","2.0NRT",289.47,0.97,"N"
"3959",39.36962,106.96264,306.11,0.53,0.67,"2026-09-14",1951,"N20","nominal","2.0NRT",289.24,2.89,"N"
"3960",39.38255,106.89711,300.33,0.52,0.67,"2026-09-14",1951,"N20","nominal","2.0NRT",288.31,0.99,"N"
"3961",39.34965,106.98493,300.3,0.53,0.67,"2026-09-14",1951,"N20","nominal","2.0NRT",286.31,1.71,"N"
"3962",39.4185,106.71006,312.05,0.51,0.66,"2026-09-14",1951,"N20","nominal","2.0NRT",286.26,2.47,"N"
"3963",39.42149,106.67796,295.55,0.51,0.66,"2026-09-14",1951,"N20","nominal","2.0NRT",284.18,0.39,"N"
"3964",39.33232,106.97614,300.21,0.53,0.67,"2026-09-14",1951,"N20","nominal","2.0NRT",286.59,1.39,"N"
"3965",39.33064,106.98173,313.62,0.53,0.67,"2026-09-14",1951,"N20","nominal","2.0NRT",285.88,1.39,"N"
"3966",39.33593,106.91991,300.76,0.53,0.67,"2026-09-14",1951,"N20","nominal","2.0NRT",289.22,2.01,"N"
"3967",39.33541,106.74603,297.68,0.52,0.66,"2026-09-14",1951,"N20","nominal","2.0NRT",286.29,1.13,"N"
"3968",38.70134,108.68993,303.34,0.67,0.74,"2026-09-14",1951,"N20","nominal","2.0NRT",281.14,1.22,"N"
"3969",39.28527,106.73238,295.68,0.52,0.67,"2026-09-14",1951,"N20","nominal","2.0NRT",284.75,0.57,"N"
"3970",39.2698,106.71805,295.78,0.52,0.67,"2026-09-14",1951,"N20","nominal","2.0NRT",285,0.74,"N"
"3971",39.1859,106.99664,298.34,0.54,0.68,"2026-09-14",1951,"N20","nominal","2.0NRT",286.05,1.54,"N"
"3972",39.26405,106.71526,295.31,0.52,0.67,"2026-09-14",1951,"N20","nominal","2.0NRT",284.86,0.74,"N"
"3973",43.53077,81.95273,308.5,0.32,0.55,"2026-09-14",1951,"N20","nominal","2.0NRT",289.03,1.09,"N"
"3974",43.53055,81.95675,305.87,0.32,0.55,"2026-09-14",1951,"N20","nominal","2.0NRT",290.22,1.73,"N"
"3975",43.53033,81.96077,315.82,0.32,0.55,"2026-09-14",1951,"N20","nominal","2.0NRT",293.08,1.73,"N"
"3976",43.52568,81.95239,301.78,0.32,0.55,"2026-09-14",1951,"N20","nominal","2.0NRT",287.53,1.09,"N"
"3977",39.2198,106.68713,299.44,0.52,0.67,"2026-09-14",1951,"N20","nominal","2.0NRT",284.17,1.04,"N"
"3978",43.5323,81.95569,300.38,0.32,0.55,"2026-09-14",1951,"N20","nominal","2.0NRT",288.39,0.73,"N"
"3979",43.53206,81.95971,301.45,0.32,0.55,"2026-09-14",1951,"N20","nominal","2.0NRT",288.26,1.14,"N"
"3980",43.52745,81.95135,315.49,0.32,0.55,"2026-09-14",1951,"N20","nominal","2.0NRT",288.98,2.35,"N"
"3981",43.52697,81.95937,312.16,0.32,0.55,"2026-09-14",1951,"N20","nominal","2.0NRT",291.34,1.8,"N"
"3982",39.05333,106.9476,296.25,0.54,0.68,"2026-09-14",1951,"N20","nominal","2.0NRT",284.02,1.08,"N"
"3983",38.94629,106.46192,307.86,0.51,0.66,"2026-09-14",1951,"N20","nominal","2.0NRT",287.22,1.3,"N"
"3984",43.38044,77.18181,295.74,0.57,0.69,"2026-09-14",1951,"N20","nominal","2.0NRT",284.36,0.76,"N"
"3985",38.94499,106.4599,305.09,0.51,0.66,"2026-09-14",1951,"N20","nominal","2.0NRT",285.77,1.28,"N"
"3986",38.92538,106.43761,300.71,0.51,0.66,"2026-09-14",1951,"N20","nominal","2.0NRT",286.59,1.42,"N"
"3987",38.91967,106.43481,304.68,0.51,0.66,"2026-09-14",1951,"N20","nominal","2.0NRT",287.39,1.42,"N"
"3988",38.91638,106.44589,305.96,0.51,0.66,"2026-09-14",1951,"N20","nominal","2.0NRT",288.29,3.61,"N"
"3989",38.91394,106.43202,303.99,0.51,0.66,"2026-09-14",1951,"N20","nominal","2.0NRT",288.17,1.99,"N"
"3990",38.06488,109.01539,338.58,0.73,0.76,"2026-09-14",1951,"N20","nominal","2.0NRT",281.48,7.29,"N"
"3991",38.06469,109.01472,348.42,0.73,0.76,"2026-09-14",1951,"N20","nominal","2.0NRT",281.59,8.09,"N"
"3992",42.99297,74.68828,302.51,0.75,0.77,"2026-09-14",1951,"N20","nominal","2.0NRT",282.17,1.44,"N"
"3993",42.91522,74.86885,306.63,0.74,0.76,"2026-09-14",1951,"N20","nominal","2.0NRT",284.77,2.66,"N"
"3994",40.31829,99.08105,302.03,0.4,0.44,"2026-09-14",1951,"N20","nominal","2.0NRT",290.45,1.11,"N"
"3995",42.9114,74.8699,299.81,0.74,0.76,"2026-09-14",1951,"N20","nominal","2.0NRT",282.88,2.07,"N"
"3996",38.51353,105.97648,304.06,0.5,0.66,"2026-09-14",1951,"N20","nominal","2.0NRT",286.34,1.38,"N"
"3997",38.25127,106.54972,307.24,0.54,0.68,"2026-09-14",1951,"N20","nominal","2.0NRT",288.99,4.33,"N"
"3998",38.24953,106.55546,300.7,0.54,0.68,"2026-09-14",1951,"N20","nominal","2.0NRT",289.03,2.48,"N"
"3999",38.24369,106.55261,296.9,0.54,0.68,"2026-09-14",1951,"N20","nominal","2.0NRT",286.35,1.68,"N"
"4000",38.25208,106.54929,300.73,0.54,0.68,"2026-09-14",1951,"N20","nominal","2.0NRT",288.45,1.78,"N"
"4001",38.25037,106.55505,307.35,0.54,0.68,"2026-09-14",1951,"N20","nominal","2.0NRT",291.04,1.78,"N"
"4002",38.24453,106.55218,300.15,0.54,0.68,"2026-09-14",1951,"N20","nominal","2.0NRT",286.51,1.78,"N"
"4003",38.20629,105.96423,298.96,0.51,0.66,"2026-09-14",1951,"N20","nominal","2.0NRT",285.58,1.05,"N"
"4004",38.2046,105.96208,296.53,0.51,0.66,"2026-09-14",1951,"N20","nominal","2.0NRT",283.86,1.07,"N"
"4005",42.13708,83.11732,317.74,0.55,0.51,"2026-09-14",1951,"N20","nominal","2.0NRT",286.51,1.99,"N"
"4006",39.86165,98.25039,302.67,0.56,0.43,"2026-09-14",1951,"N20","nominal","2.0NRT",284.97,0.81,"N"
"4007",39.84466,98.27171,302.52,0.57,0.43,"2026-09-14",1951,"N20","nominal","2.0NRT",283.79,0.88,"N"
"4008",39.84327,98.27817,299.43,0.57,0.43,"2026-09-14",1951,"N20","nominal","2.0NRT",284.52,0.97,"N"
"4009",39.81226,98.28755,297.12,0.57,0.43,"2026-09-14",1951,"N20","nominal","2.0NRT",285.97,1.64,"N"
"4010",39.81085,98.29401,314.25,0.57,0.43,"2026-09-14",1951,"N20","nominal","2.0NRT",287.49,2.02,"N"
"4011",39.80944,98.30047,301.47,0.57,0.43,"2026-09-14",1951,"N20","nominal","2.0NRT",288.13,2.02,"N"
"4012",39.81294,98.28687,298.41,0.57,0.43,"2026-09-14",1951,"N20","nominal","2.0NRT",286.04,1.44,"N"
"4013",39.81157,98.29335,307.24,0.57,0.43,"2026-09-14",1951,"N20","nominal","2.0NRT",288.39,1.44,"N"
"4014",39.81019,98.29984,315.22,0.57,0.43,"2026-09-14",1951,"N20","nominal","2.0NRT",289.6,2.19,"N"
"4015",37.87724,105.94439,297.03,0.52,0.67,"2026-09-14",1951,"N20","nominal","2.0NRT",284.9,1.31,"N"
"4016",39.79195,97.88461,306,0.54,0.42,"2026-09-14",1951,"N20","nominal","2.0NRT",285.87,2.31,"N"
"4017",39.79438,97.88596,303.16,0.54,0.42,"2026-09-14",1951,"N20","nominal","2.0NRT",284.92,2.19,"N"
"4018",41.83383,81.77392,300.35,0.32,0.55,"2026-09-14",1951,"N20","nominal","2.0NRT",288.18,1.64,"N"
"4019",41.8331,81.78539,313.27,0.32,0.55,"2026-09-14",1951,"N20","nominal","2.0NRT",287.39,1.48,"N"
"4020",41.83286,81.78923,306.19,0.32,0.55,"2026-09-14",1951,"N20","nominal","2.0NRT",289.2,0.94,"N"
"4021",41.82879,81.77326,306.34,0.32,0.55,"2026-09-14",1951,"N20","nominal","2.0NRT",290.16,1.19,"N"
"4022",37.41436,106.61124,301.69,0.58,0.69,"2026-09-14",1951,"N20","nominal","2.0NRT",282.92,3.05,"N"
"4023",37.41074,106.62333,302.07,0.58,0.7,"2026-09-14",1951,"N20","nominal","2.0NRT",284.97,1.93,"N"
"4024",37.40892,106.62937,297.19,0.58,0.7,"2026-09-14",1951,"N20","nominal","2.0NRT",284.41,1.93,"N"
"4025",37.40738,106.56608,298.04,0.57,0.69,"2026-09-14",1951,"N20","nominal","2.0NRT",284.46,1.49,"N"
"4026",37.39964,106.56901,298.39,0.57,0.69,"2026-09-14",1951,"N20","nominal","2.0NRT",283.73,2.04,"N"
"4027",41.7351,81.66568,318.5,0.32,0.55,"2026-09-14",1951,"N20","nominal","2.0NRT",288.72,2.71,"N"
"4028",41.73486,81.66959,317.53,0.32,0.55,"2026-09-14",1951,"N20","nominal","2.0NRT",287.51,2.2,"N"
"4029",37.58695,105.68793,296.88,0.51,0.66,"2026-09-14",1951,"N20","nominal","2.0NRT",284.59,0.87,"N"
"4030",38.48606,102.23746,309.56,0.32,0.55,"2026-09-14",1951,"N20","nominal","2.0NRT",286.82,1.22,"N"
"4031",37.5627,105.41531,298.86,0.49,0.65,"2026-09-14",1951,"N20","nominal","2.0NRT",287.29,1.84,"N"
"4032",37.68028,104.98806,296.78,0.47,0.64,"2026-09-14",1951,"N20","nominal","2.0NRT",285.73,0.98,"N"
"4033",37.56005,105.41133,298.07,0.5,0.65,"2026-09-14",1951,"N20","nominal","2.0NRT",286.31,1.8,"N"
"4034",37.56215,105.35922,295.33,0.49,0.65,"2026-09-14",1951,"N20","nominal","2.0NRT",285.26,1,"N"
"4035",37.55764,105.37496,298.52,0.49,0.65,"2026-09-14",1951,"N20","nominal","2.0NRT",286.32,0.96,"N"
"4036",37.61307,105.02581,298.95,0.47,0.64,"2026-09-14",1951,"N20","nominal","2.0NRT",285.92,0.93,"N"
"4037",38.40898,102.05811,302.98,0.63,0.54,"2026-09-14",1951,"N20","nominal","2.0NRT",284.56,1.53,"N"
"4038",37.60607,105.02826,305.85,0.47,0.64,"2026-09-14",1951,"N20","nominal","2.0NRT",285.41,0.93,"N"
"4039",37.60049,105.02578,297.55,0.47,0.64,"2026-09-14",1951,"N20","nominal","2.0NRT",286.54,1.36,"N"
"4040",41.24059,81.20684,296.58,0.34,0.56,"2026-09-14",1951,"N20","nominal","2.0NRT",285.88,0.39,"N"
"4041",40.31752,83.59167,302.92,0.5,0.49,"2026-09-14",1951,"N20","nominal","2.0NRT",280.49,1.76,"N"
"4042",36.83083,103.21459,295.93,0.4,0.6,"2026-09-14",1951,"N20","nominal","2.0NRT",280.02,0.92,"N"
"4043",36.55552,104.20866,297.99,0.46,0.63,"2026-09-14",1951,"N20","nominal","2.0NRT",284.05,1.6,"N"
"4044",36.55456,104.20745,301.58,0.46,0.63,"2026-09-14",1951,"N20","nominal","2.0NRT",283.83,1.33,"N"
"4045",36.98948,102.08187,315.77,0.34,0.56,"2026-09-14",1951,"N20","nominal","2.0NRT",278.85,1.78,"N"
"4046",36.37315,103.89504,298.78,0.44,0.63,"2026-09-14",1951,"N20","nominal","2.0NRT",282.95,1.06,"N"
"4047",39.84382,82.87771,311.2,0.54,0.5,"2026-09-14",1951,"N20","nominal","2.0NRT",287.18,1.85,"N"
"4048",36.59146,101.48713,301.17,0.33,0.55,"2026-09-14",1951,"N20","nominal","2.0NRT",281.69,1.49,"N"
"4049",35.75871,104.13286,300.68,0.48,0.64,"2026-09-14",1951,"N20","nominal","2.0NRT",279.5,1.28,"N"
"4050",38.93303,88.34162,306.95,0.44,0.38,"2026-09-14",1951,"N20","nominal","2.0NRT",295.77,1.52,"N"
"4051",38.92443,88.32431,301.93,0.44,0.38,"2026-09-14",1951,"N20","nominal","2.0NRT",288.68,0.8,"N"
"4052",51.46363,75.67162,297.22,0.44,0.38,"2026-09-14",2129,"N20","nominal","2.0NRT",280.5,0.61,"N"
"4053",53.47225,58.97609,298.46,0.61,0.53,"2026-09-14",2129,"N20","nominal","2.0NRT",278.73,2.33,"N"
"4054",53.45977,59.03046,339.54,0.61,0.53,"2026-09-14",2129,"N20","nominal","2.0NRT",284.27,7.98,"N"
"4055",53.45936,59.03943,315.92,0.61,0.53,"2026-09-14",2129,"N20","nominal","2.0NRT",282.2,7.98,"N"
"4056",53.45485,59.02953,305.97,0.61,0.53,"2026-09-14",2129,"N20","nominal","2.0NRT",279.72,7.98,"N"
"4057",53.44992,59.02891,300.34,0.61,0.53,"2026-09-14",2129,"N20","nominal","2.0NRT",280.07,1.79,"N"
"4058",53.4347,59.03606,299.27,0.61,0.53,"2026-09-14",2129,"N20","nominal","2.0NRT",281.08,1.85,"N"
"4059",52.71863,67.27882,320.3,0.44,0.39,"2026-09-14",2129,"N20","nominal","2.0NRT",279.23,1.41,"N"
"4060",52.71786,67.28534,296.08,0.44,0.39,"2026-09-14",2129,"N20","nominal","2.0NRT",278.11,1.41,"N"
"4061",51.25997,75.71517,304.24,0.45,0.39,"2026-09-14",2129,"N20","nominal","2.0NRT",283.7,1.65,"N"
"4062",51.26052,75.71527,301.96,0.45,0.39,"2026-09-14",2129,"N20","nominal","2.0NRT",283.41,0.85,"N"
"4063",51.2593,75.72141,299.96,0.45,0.39,"2026-09-14",2129,"N20","nominal","2.0NRT",283.57,1.16,"N"
"4064",51.26032,75.64082,297.78,0.44,0.39,"2026-09-14",2129,"N20","nominal","2.0NRT",283.21,0.56,"N"
"4065",51.2591,75.64695,295.07,0.44,0.39,"2026-09-14",2129,"N20","nominal","2.0NRT",283.17,0.56,"N"
"4066",51.25813,75.63297,307.95,0.44,0.39,"2026-09-14",2129,"N20","nominal","2.0NRT",282.07,1.2,"N"
"4067",51.25691,75.63909,296.93,0.44,0.39,"2026-09-14",2129,"N20","nominal","2.0NRT",282.57,0.91,"N"
"4068",53.0779,55.82777,301.51,0.41,0.61,"2026-09-14",2129,"N20","nominal","2.0NRT",277.31,0.49,"N"
"4069",50.03125,78.741,321.84,0.4,0.44,"2026-09-14",2129,"N20","nominal","2.0NRT",285.56,1.41,"N"
"4070",50.01851,78.73981,315.78,0.4,0.44,"2026-09-14",2129,"N20","nominal","2.0NRT",287.4,1.81,"N"
"4071",50.01468,78.73759,297.99,0.4,0.44,"2026-09-14",2129,"N20","nominal","2.0NRT",287.53,1.06,"N"
"4072",50.00703,78.73314,303.68,0.4,0.44,"2026-09-14",2129,"N20","nominal","2.0NRT",286.21,0.65,"N"
"4073",50.41814,74.95266,310.11,0.44,0.38,"2026-09-14",2129,"N20","nominal","2.0NRT",280.66,1.11,"N"
"4074",50.417,74.95844,305,0.44,0.38,"2026-09-14",2129,"N20","nominal","2.0NRT",281.69,1.11,"N"
"4075",50.41475,74.95104,296.66,0.44,0.38,"2026-09-14",2129,"N20","nominal","2.0NRT",280.49,1.7,"N"
"4076",50.4102,74.95522,328.97,0.44,0.38,"2026-09-14",2129,"N20","nominal","2.0NRT",281.84,1.7,"N"
"4077",50.40666,74.97299,327.69,0.44,0.38,"2026-09-14",2129,"N20","nominal","2.0NRT",282.39,2.04,"N"
"4078",50.40545,74.9791,312,0.44,0.38,"2026-09-14",2129,"N20","nominal","2.0NRT",281.6,2.04,"N"
"4079",50.40205,74.97747,348.82,0.44,0.38,"2026-09-14",2129,"N20","nominal","2.0NRT",285.33,2.88,"N"
"4080",50.40328,74.97131,304.32,0.44,0.38,"2026-09-14",2129,"N20","nominal","2.0NRT",280.84,2.88,"N"
"4081",50.40085,74.98351,304.9,0.44,0.38,"2026-09-14",2129,"N20","nominal","2.0NRT",281.9,1.41,"N"
"4082",50.39867,74.9758,307.94,0.44,0.38,"2026-09-14",2129,"N20","nominal","2.0NRT",280.48,2.88,"N"
"4083",50.40184,74.97604,350.13,0.44,0.38,"2026-09-14",2129,"N20","nominal","2.0NRT",284.88,2.82,"N"
"4084",50.40065,74.98214,300.61,0.44,0.38,"2026-09-14",2129,"N20","nominal","2.0NRT",281.56,2.82,"N"
"4085",50.39846,74.97437,305.23,0.44,0.38,"2026-09-14",2129,"N20","nominal","2.0NRT",280.01,2.82,"N"
"4086",50.39859,74.95473,304.78,0.44,0.38,"2026-09-14",2129,"N20","nominal","2.0NRT",281.53,1.17,"N"
"4087",50.38831,74.96925,295.17,0.44,0.38,"2026-09-14",2129,"N20","nominal","2.0NRT",280.44,0.73,"N"
"4088",50.40221,74.87933,295.27,0.44,0.38,"2026-09-14",2129,"N20","nominal","2.0NRT",282.63,0.94,"N"
"4089",50.38493,74.96754,300.21,0.44,0.38,"2026-09-14",2129,"N20","nominal","2.0NRT",280.47,0.73,"N"
"4090",50.38134,74.98584,311.52,0.44,0.38,"2026-09-14",2129,"N20","nominal","2.0NRT",281.35,1.25,"N"
"4091",50.39998,74.87177,298.54,0.44,0.38,"2026-09-14",2129,"N20","nominal","2.0NRT",282.58,0.98,"N"
"4092",50.39883,74.8777,305.8,0.44,0.38,"2026-09-14",2129,"N20","nominal","2.0NRT",284.56,0.98,"N"
"4093",50.38036,74.97186,309.99,0.44,0.38,"2026-09-14",2129,"N20","nominal","2.0NRT",280.51,1.64,"N"
"4094",50.39661,74.87007,304.97,0.44,0.38,"2026-09-14",2129,"N20","nominal","2.0NRT",283.71,0.98,"N"
"4095",50.38741,74.91702,299.37,0.44,0.38,"2026-09-14",2129,"N20","nominal","2.0NRT",280.84,0.74,"N"
"4096",50.38283,74.94035,302.39,0.44,0.38,"2026-09-14",2129,"N20","nominal","2.0NRT",278.85,0.93,"N"
"4097",50.39324,74.86835,299.14,0.44,0.38,"2026-09-14",2129,"N20","nominal","2.0NRT",282.79,0.9,"N"
"4098",50.38289,74.92115,298.69,0.44,0.38,"2026-09-14",2129,"N20","nominal","2.0NRT",279.97,1.09,"N"
"4099",50.38175,74.92696,302.11,0.44,0.38,"2026-09-14",2129,"N20","nominal","2.0NRT",279.04,1.49,"N"
"4100",50.38987,74.86663,302.79,0.44,0.38,"2026-09-14",2129,"N20","nominal","2.0NRT",282.98,0.9,"N"
"4101",50.38752,74.87864,300.57,0.44,0.38,"2026-09-14",2129,"N20","nominal","2.0NRT",283.73,1.04,"N"
"4102",50.38066,74.89469,300.3,0.44,0.38,"2026-09-14",2129,"N20","nominal","2.0NRT",279.77,0.42,"N"
"4103",50.37952,74.90051,302.17,0.44,0.38,"2026-09-14",2129,"N20","nominal","2.0NRT",280.81,0.85,"N"
"4104",50.37498,74.9047,301.17,0.44,0.38,"2026-09-14",2129,"N20","nominal","2.0NRT",281.15,0.85,"N"
"4105",50.38902,74.7953,299.49,0.43,0.38,"2026-09-14",2129,"N20","nominal","2.0NRT",282.52,0.86,"N"
"4106",50.37399,74.87201,310.56,0.44,0.38,"2026-09-14",2129,"N20","nominal","2.0NRT",285.85,2.43,"N"
"4107",50.37294,74.85843,313.75,0.44,0.38,"2026-09-14",2129,"N20","nominal","2.0NRT",284.35,1.68,"N"
"4108",50.37177,74.86443,310.56,0.44,0.38,"2026-09-14",2129,"N20","nominal","2.0NRT",284.42,1.68,"N"
"4109",50.36943,74.87632,295.97,0.44,0.38,"2026-09-14",2129,"N20","nominal","2.0NRT",281.02,1.43,"N"
"4110",50.38125,74.75941,297.01,0.43,0.38,"2026-09-14",2129,"N20","nominal","2.0NRT",280,0.75,"N"
"4111",52.2303,54.11257,296.66,0.48,0.65,"2026-09-14",2129,"N20","nominal","2.0NRT",279.63,1.79,"N"
"4112",52.23024,54.11975,317.21,0.48,0.65,"2026-09-14",2129,"N20","nominal","2.0NRT",280.61,1.79,"N"
"4113",52.02068,51.14206,297.25,0.64,0.72,"2026-09-14",2129,"N20","nominal","2.0NRT",275.6,0.17,"N"
"4114",52.0188,51.14383,298.89,0.64,0.72,"2026-09-14",2129,"N20","nominal","2.0NRT",277.3,0.79,"N"
"4115",48.01075,81.44118,311.42,0.58,0.52,"2026-09-14",2129,"N20","nominal","2.0NRT",283.62,3.27,"N"
"4116",48.00837,81.43076,322.4,0.58,0.52,"2026-09-14",2129,"N20","nominal","2.0NRT",283.2,2.83,"N"
"4117",48.00628,81.43845,297.34,0.58,0.52,"2026-09-14",2129,"N20","nominal","2.0NRT",283,2.83,"N"
"4118",51.56842,52.74095,297.26,0.55,0.68,"2026-09-14",2129,"N20","nominal","2.0NRT",276.96,1.36,"N"
"4119",50.35077,57.13001,355.4,0.35,0.56,"2026-09-14",2129,"N20","nominal","2.0NRT",286.03,7.86,"N"
"4120",50.35096,57.1251,300.05,0.35,0.56,"2026-09-14",2129,"N20","nominal","2.0NRT",281.5,7.86,"N"
"4121",50.34572,57.12456,302.19,0.35,0.56,"2026-09-14",2129,"N20","nominal","2.0NRT",282.37,1.45,"N"
"4122",49.00966,68.63168,303.45,0.39,0.36,"2026-09-14",2129,"N20","nominal","2.0NRT",282.32,1.12,"N"
"4123",48.73975,70.06799,301.95,0.38,0.36,"2026-09-14",2129,"N20","nominal","2.0NRT",281.12,1.1,"N"
"4124",48.73812,70.07826,296.19,0.38,0.36,"2026-09-14",2129,"N20","nominal","2.0NRT",282.15,0.69,"N"
"4125",48.7365,70.06681,306.31,0.38,0.36,"2026-09-14",2129,"N20","nominal","2.0NRT",281.09,1.09,"N"
"4126",48.72917,70.0913,316.39,0.38,0.36,"2026-09-14",2129,"N20","nominal","2.0NRT",286.92,2.03,"N"
"4127",48.72592,70.09012,302.21,0.38,0.36,"2026-09-14",2129,"N20","nominal","2.0NRT",283.58,1.24,"N"
"4128",48.72512,70.07353,304.94,0.38,0.36,"2026-09-14",2129,"N20","nominal","2.0NRT",279.89,1.43,"N"
"4129",46.22021,81.21997,333.62,0.32,0.54,"2026-09-14",2129,"N20","nominal","2.0NRT",282.17,2.2,"N"
"4130",46.22129,81.2161,301.65,0.32,0.54,"2026-09-14",2129,"N20","nominal","2.0NRT",279.06,1.26,"N"
"4131",46.21661,81.21342,295.85,0.32,0.54,"2026-09-14",2129,"N20","nominal","2.0NRT",281.58,0.79,"N"
"4132",44.45485,86.07977,314.28,0.6,0.7,"2026-09-14",2131,"N20","nominal","2.0NRT",292.18,3.36,"N"
"4133",44.32513,85.8405,299.79,0.59,0.7,"2026-09-14",2131,"N20","nominal","2.0NRT",286.16,1.57,"N"
"4134",44.32123,85.84476,303.49,0.59,0.7,"2026-09-14",2131,"N20","nominal","2.0NRT",286.79,1.45,"N"
"4135",44.18784,86.05021,302.7,0.61,0.71,"2026-09-14",2131,"N20","nominal","2.0NRT",287.33,1.22,"N"
"4136",46.8364,74.95091,303.62,0.5,0.41,"2026-09-14",2131,"N20","nominal","2.0NRT",280.46,1.53,"N"
"4137",46.82916,74.94772,299.55,0.5,0.41,"2026-09-14",2131,"N20","nominal","2.0NRT",284.16,1.14,"N"
"4138",46.81967,74.93656,327.17,0.5,0.41,"2026-09-14",2131,"N20","nominal","2.0NRT",284.31,2.97,"N"
"4139",46.82792,74.94741,296.08,0.5,0.41,"2026-09-14",2131,"N20","nominal","2.0NRT",283.74,0.75,"N"
"4140",46.82201,74.93783,299.56,0.5,0.41,"2026-09-14",2131,"N20","nominal","2.0NRT",283.66,1.91,"N"
"4141",46.8184,74.93623,323.82,0.5,0.41,"2026-09-14",2131,"N20","nominal","2.0NRT",282.8,1.91,"N"
"4142",47.76376,67.74925,301.05,0.4,0.37,"2026-09-14",2131,"N20","nominal","2.0NRT",281.18,0.78,"N"
"4143",48.52784,57.60172,297.58,0.32,0.54,"2026-09-14",2131,"N20","nominal","2.0NRT",284.01,0.64,"N"
"4144",48.52762,57.60616,309.93,0.32,0.54,"2026-09-14",2131,"N20","nominal","2.0NRT",284.49,0.64,"N"
"4145",48.47524,57.665,341.92,0.63,0.54,"2026-09-14",2131,"N20","nominal","2.0NRT",287.19,8.63,"N"
"4146",48.39052,57.35277,303.42,0.33,0.55,"2026-09-14",2131,"N20","nominal","2.0NRT",284.77,0.52,"N"
"4147",48.33049,57.43059,321.35,0.32,0.55,"2026-09-14",2131,"N20","nominal","2.0NRT",285.6,0.84,"N"
"4148",48.3307,57.42611,298.22,0.32,0.55,"2026-09-14",2131,"N20","nominal","2.0NRT",284.76,0.84,"N"
"4149",48.32542,57.42996,349.68,0.32,0.55,"2026-09-14",2131,"N20","nominal","2.0NRT",290.3,10.33,"N"
"4150",48.32562,57.4255,311.84,0.32,0.55,"2026-09-14",2131,"N20","nominal","2.0NRT",284.85,10.33,"N"
"4151",48.32521,57.43442,299.3,0.32,0.55,"2026-09-14",2131,"N20","nominal","2.0NRT",285.25,6.41,"N"
"4152",48.16449,57.13948,346.23,0.33,0.55,"2026-09-14",2131,"N20","nominal","2.0NRT",284.35,7.89,"N"
"4153",48.16428,57.14407,351.37,0.33,0.55,"2026-09-14",2131,"N20","nominal","2.0NRT",295.69,7.89,"N"
"4154",47.91292,57.46342,297.42,0.32,0.55,"2026-09-14",2131,"N20","nominal","2.0NRT",282.75,0.31,"N"
"4155",44.16196,80.7494,299.54,0.35,0.57,"2026-09-14",2131,"N20","nominal","2.0NRT",287.35,0.76,"N"
"4156",44.15987,80.75043,305.22,0.35,0.57,"2026-09-14",2131,"N20","nominal","2.0NRT",287.9,1.13,"N"
"4157",43.53002,81.95593,316,0.41,0.61,"2026-09-14",2131,"N20","nominal","2.0NRT",289.86,1.95,"N"
"4158",43.52862,81.96072,317.99,0.41,0.61,"2026-09-14",2131,"N20","nominal","2.0NRT",291.47,1.95,"N"
"4159",45.38943,73.6525,298.14,0.48,0.4,"2026-09-14",2131,"N20","nominal","2.0NRT",286.24,0.93,"N"
"4160",46.14084,65.00137,296.58,0.44,0.39,"2026-09-14",2131,"N20","nominal","2.0NRT",282.82,0.53,"N"
"4161",46.13591,65.01189,303.53,0.44,0.39,"2026-09-14",2131,"N20","nominal","2.0NRT",283.6,0.99,"N"
"4162",45.95119,65.72403,320.66,0.42,0.38,"2026-09-14",2131,"N20","nominal","2.0NRT",286.5,1.57,"N"
"4163",42.13918,83.11888,297.04,0.52,0.67,"2026-09-14",2131,"N20","nominal","2.0NRT",284.82,0.87,"N"
"4164",45.8294,66.13815,298.4,0.41,0.37,"2026-09-14",2131,"N20","nominal","2.0NRT",284.88,0.48,"N"
"4165",44.5364,72.42803,311.59,0.45,0.39,"2026-09-14",2131,"N20","nominal","2.0NRT",282.51,1.37,"N"
"4166",44.53533,72.43354,300.29,0.45,0.39,"2026-09-14",2131,"N20","nominal","2.0NRT",281.3,1.04,"N"
"4167",44.52193,72.46399,308.49,0.45,0.39,"2026-09-14",2131,"N20","nominal","2.0NRT",282.36,4.09,"N"
"4168",44.51955,72.45713,326.87,0.45,0.39,"2026-09-14",2131,"N20","nominal","2.0NRT",283.95,5.22,"N"
"4169",44.51739,72.46819,328.85,0.45,0.39,"2026-09-14",2131,"N20","nominal","2.0NRT",283.7,4.09,"N"
"4170",44.51631,72.47372,322.32,0.45,0.39,"2026-09-14",2131,"N20","nominal","2.0NRT",282.9,2.47,"N"
"4171",44.52814,72.41303,299.9,0.45,0.39,"2026-09-14",2131,"N20","nominal","2.0NRT",282.52,0.97,"N"
"4172",44.52385,72.43506,305.41,0.45,0.39,"2026-09-14",2131,"N20","nominal","2.0NRT",282.99,1.17,"N"
"4173",44.52278,72.44057,311.61,0.45,0.39,"2026-09-14",2131,"N20","nominal","2.0NRT",282.4,1.55,"N"
"4174",44.51823,72.44476,326.32,0.45,0.39,"2026-09-14",2131,"N20","nominal","2.0NRT",282.49,3.16,"N"
"4175",44.51608,72.4558,326.83,0.45,0.39,"2026-09-14",2131,"N20","nominal","2.0NRT",283.87,2.95,"N"
"4176",44.51284,72.47238,324.17,0.45,0.39,"2026-09-14",2131,"N20","nominal","2.0NRT",283.86,1.84,"N"
"4177",44.52038,72.43373,298.34,0.45,0.39,"2026-09-14",2131,"N20","nominal","2.0NRT",282.39,0.45,"N"
"4178",44.5126,72.45448,326.66,0.45,0.39,"2026-09-14",2131,"N20","nominal","2.0NRT",283.52,2.95,"N"
"4179",44.51152,72.45999,306.4,0.45,0.39,"2026-09-14",2131,"N20","nominal","2.0NRT",285.29,4.17,"N"
"4180",44.50936,72.47105,309.29,0.45,0.39,"2026-09-14",2131,"N20","nominal","2.0NRT",284.16,1.84,"N"
"4181",44.50805,72.45866,327.62,0.45,0.39,"2026-09-14",2131,"N20","nominal","2.0NRT",286.54,2.87,"N"
"4182",44.50697,72.4642,304.38,0.45,0.39,"2026-09-14",2131,"N20","nominal","2.0NRT",284.07,2.87,"N"
"4183",44.50589,72.46971,296.46,0.45,0.39,"2026-09-14",2131,"N20","nominal","2.0NRT",284.08,2.37,"N"
"4184",44.5035,72.46286,341.5,0.45,0.39,"2026-09-14",2131,"N20","nominal","2.0NRT",287.47,2.87,"N"
"4185",44.50241,72.46838,327.86,0.45,0.39,"2026-09-14",2131,"N20","nominal","2.0NRT",285.51,2.37,"N"
"4186",44.50458,72.45734,310.92,0.45,0.39,"2026-09-14",2131,"N20","nominal","2.0NRT",285.6,2.87,"N"
"4187",44.50002,72.46153,329.17,0.45,0.39,"2026-09-14",2131,"N20","nominal","2.0NRT",286.03,3.45,"N"
"4188",43.37939,77.19178,299.26,0.5,0.49,"2026-09-14",2131,"N20","nominal","2.0NRT",284.63,0.32,"N"
"4189",43.37686,77.18901,303.91,0.5,0.49,"2026-09-14",2131,"N20","nominal","2.0NRT",285.08,1.07,"N"
"4190",43.72812,75.14044,298.63,0.39,0.44,"2026-09-14",2131,"N20","nominal","2.0NRT",279.6,0.95,"N"
"4191",43.72707,75.14514,307.45,0.39,0.44,"2026-09-14",2131,"N20","nominal","2.0NRT",280.82,1.26,"N"
"4192",41.83546,81.79244,296.62,0.46,0.63,"2026-09-14",2131,"N20","nominal","2.0NRT",285.18,0.24,"N"
"4193",41.82998,81.78965,299.38,0.46,0.63,"2026-09-14",2131,"N20","nominal","2.0NRT",286.4,1.3,"N"
"4194",46.15985,53.403,299.09,0.49,0.65,"2026-09-14",2131,"N20","nominal","2.0NRT",288.3,1.74,"N"
"4195",46.13625,53.3694,303.85,0.49,0.65,"2026-09-14",2131,"N20","nominal","2.0NRT",288.03,0.73,"N"
"4196",46.1586,53.40399,300.17,0.49,0.65,"2026-09-14",2131,"N20","nominal","2.0NRT",288.45,2.06,"N"
"4197",46.13517,53.37053,304.18,0.49,0.65,"2026-09-14",2131,"N20","nominal","2.0NRT",288.48,1.3,"N"
"4198",41.73384,81.66586,307.74,0.45,0.63,"2026-09-14",2131,"N20","nominal","2.0NRT",287.44,1.82,"N"
"4199",41.73258,81.66542,304.59,0.45,0.63,"2026-09-14",2131,"N20","nominal","2.0NRT",286.95,2.07,"N"
"4200",32.39942,53.7205,307.69,0.37,0.58,"2026-09-14",2136,"N20","nominal","2.0NRT",292.34,0.86,"N"
"4201",41.73106,81.67062,297.82,0.45,0.63,"2026-09-14",2131,"N20","nominal","2.0NRT",285.23,1.41,"N"
"4202",45.89836,53.29036,319.3,0.49,0.65,"2026-09-14",2131,"N20","nominal","2.0NRT",287.63,3.15,"N"
"4203",32.39699,53.75538,305.75,0.37,0.58,"2026-09-14",2136,"N20","nominal","2.0NRT",293.97,2.26,"N"
"4204",45.89822,53.29682,316.39,0.49,0.65,"2026-09-14",2131,"N20","nominal","2.0NRT",289.02,2.83,"N"
"4205",44.86667,65.45156,301.78,0.42,0.38,"2026-09-14",2131,"N20","nominal","2.0NRT",286.51,0.59,"N"
"4206",32.38738,53.73905,305.89,0.37,0.58,"2026-09-14",2136,"N20","nominal","2.0NRT",294.27,0.9,"N"
"4207",42.98902,74.69436,320.4,0.39,0.44,"2026-09-14",2131,"N20","nominal","2.0NRT",285.37,1.73,"N"
"4208",42.91467,74.87076,317.94,0.4,0.44,"2026-09-14",2131,"N20","nominal","2.0NRT",287.44,3.33,"N"
"4209",42.83222,74.91335,302.69,0.4,0.44,"2026-09-14",2131,"N20","nominal","2.0NRT",283.93,0.78,"N"
"4210",32.38631,53.7545,308.06,0.37,0.58,"2026-09-14",2136,"N20","nominal","2.0NRT",292.91,1.85,"N"
"4211",40.31855,83.59192,303.56,0.62,0.71,"2026-09-14",2131,"N20","nominal","2.0NRT",282.55,1.2,"N"
"4212",44.15717,66.79893,299.66,0.39,0.36,"2026-09-14",2131,"N20","nominal","2.0NRT",288.21,0.38,"N"
"4213",32.40128,53.72127,305.24,0.37,0.58,"2026-09-14",2136,"N20","nominal","2.0NRT",292.29,0.94,"N"
"4214",40.31858,83.5921,303.3,0.62,0.71,"2026-09-14",2131,"N20","nominal","2.0NRT",282.38,1.41,"N"
"4215",43.94295,67.32112,303.77,0.39,0.36,"2026-09-14",2131,"N20","nominal","2.0NRT",288.37,0.44,"N"
"4216",32.39328,53.75571,307.26,0.37,0.58,"2026-09-14",2136,"N20","nominal","2.0NRT",296.56,2,"N"
"4217",40.03994,83.05275,301.1,0.6,0.7,"2026-09-14",2131,"N20","nominal","2.0NRT",282.9,2.92,"N"
"4218",44.91608,48.9477,310.2,0.79,0.78,"2026-09-14",2131,"N20","nominal","2.0NRT",288.77,1.58,"N"
"4219",32.38289,53.75099,303.62,0.37,0.58,"2026-09-14",2136,"N20","nominal","2.0NRT",292.45,1.06,"N"
"4220",44.91621,48.95804,299.42,0.79,0.78,"2026-09-14",2131,"N20","nominal","2.0NRT",288.78,1.58,"N"
"4221",40.60564,81.17125,297.82,0.46,0.64,"2026-09-14",2131,"N20","nominal","2.0NRT",284.87,0.58,"N"
"4222",32.3826,53.75485,306.31,0.37,0.58,"2026-09-14",2136,"N20","nominal","2.0NRT",292.21,1.06,"N"
"4223",40.03845,83.05188,295.51,0.6,0.7,"2026-09-14",2131,"N20","nominal","2.0NRT",277.55,2.09,"N"
"4224",32.33627,54.08336,301.78,0.35,0.57,"2026-09-14",2136,"N20","nominal","2.0NRT",289.81,0.6,"N"
"4225",42.93326,71.28019,296.59,0.44,0.38,"2026-09-14",2131,"N20","nominal","2.0NRT",283.17,0.74,"N"
"4226",32.33598,54.08712,303.24,0.35,0.57,"2026-09-14",2136,"N20","nominal","2.0NRT",291,0.6,"N"
"4227",43.38759,68.2714,303.44,0.38,0.36,"2026-09-14",2131,"N20","nominal","2.0NRT",286.51,0.73,"N"
"4228",39.84509,82.87897,303.16,0.59,0.7,"2026-09-14",2131,"N20","nominal","2.0NRT",283.53,1.87,"N"
"4229",32.42641,51.30442,305.96,0.51,0.66,"2026-09-14",2136,"N20","nominal","2.0NRT",288.68,1.57,"N"
"4230",39.84338,82.87792,307.53,0.59,0.7,"2026-09-14",2131,"N20","nominal","2.0NRT",284.27,1.72,"N"
"4231",32.40978,51.51392,310.3,0.5,0.66,"2026-09-14",2136,"N20","nominal","2.0NRT",290.56,1.19,"N"
"4232",42.35723,69.73178,311.55,0.4,0.37,"2026-09-14",2131,"N20","nominal","2.0NRT",290.37,1.59,"N"
"4233",42.31196,69.54342,320.52,0.4,0.37,"2026-09-14",2131,"N20","nominal","2.0NRT",292.66,1.91,"N"
"4234",32.42653,51.30397,298.82,0.51,0.66,"2026-09-14",2136,"N20","nominal","2.0NRT",287.53,1.58,"N"
"4235",40.97285,71.40871,301.56,0.47,0.4,"2026-09-14",2131,"N20","nominal","2.0NRT",290.47,0.68,"N"
"4236",32.42622,51.30945,307.21,0.51,0.66,"2026-09-14",2136,"N20","nominal","2.0NRT",288.85,1.58,"N"
"4237",41.26966,69.4204,304.47,0.41,0.37,"2026-09-14",2131,"N20","nominal","2.0NRT",285.11,0.69,"N"
"4238",41.04663,70.17336,322.81,0.43,0.38,"2026-09-14",2131,"N20","nominal","2.0NRT",289.33,2.72,"N"
"4239",32.40865,51.51322,309.58,0.5,0.66,"2026-09-14",2136,"N20","nominal","2.0NRT",289.34,1.53,"N"
"4240",41.14012,69.64527,307.04,0.41,0.37,"2026-09-14",2131,"N20","nominal","2.0NRT",287.39,0.77,"N"
"4241",32.40644,51.21975,296.9,0.52,0.67,"2026-09-14",2136,"N20","nominal","2.0NRT",286.41,0.7,"N"
"4242",41.04132,70.18247,305.13,0.43,0.38,"2026-09-14",2131,"N20","nominal","2.0NRT",287.53,1.62,"N"
"4243",32.26073,51.52082,297.47,0.49,0.65,"2026-09-14",2136,"N20","nominal","2.0NRT",285.09,1.85,"N"
"4244",40.56656,72.57728,309.29,0.53,0.42,"2026-09-14",2131,"N20","nominal","2.0NRT",291.32,1.81,"N"
"4245",40.56669,72.53843,302.36,0.53,0.42,"2026-09-14",2131,"N20","nominal","2.0NRT",289.88,1.02,"N"
"4246",32.24855,51.40798,304.79,0.5,0.66,"2026-09-14",2136,"N20","nominal","2.0NRT",289.86,2.34,"N"
"4247",39.65124,75.94484,304.05,0.54,0.5,"2026-09-14",2131,"N20","nominal","2.0NRT",287.22,1.44,"N"
"4248",32.24189,51.41824,327.36,0.5,0.66,"2026-09-14",2136,"N20","nominal","2.0NRT",293.7,3.73,"N"
"4249",39.65191,75.94341,299.07,0.54,0.51,"2026-09-14",2131,"N20","nominal","2.0NRT",286.64,1.07,"N"
"4250",40.93367,69.64743,311.27,0.41,0.37,"2026-09-14",2131,"N20","nominal","2.0NRT",290.09,1.46,"N"
"4251",32.24162,51.42356,338.47,0.5,0.66,"2026-09-14",2136,"N20","nominal","2.0NRT",291.75,8.33,"N"
"4252",40.84513,69.74491,311.01,0.42,0.37,"2026-09-14",2131,"N20","nominal","2.0NRT",290.6,1.22,"N"
"4253",32.24133,51.42887,339.24,0.5,0.66,"2026-09-14",2136,"N20","nominal","2.0NRT",292.52,8.33,"N"
"4254",40.85585,69.64645,300.84,0.42,0.37,"2026-09-14",2131,"N20","nominal","2.0NRT",288.36,0.71,"N"
"4255",32.24218,51.41291,301.68,0.5,0.66,"2026-09-14",2136,"N20","nominal","2.0NRT",288.66,3.73,"N"
"4256",32.24068,51.4255,367,0.5,0.66,"2026-09-14",2136,"N20","high","2.0NRT",292.34,7.09,"N"
"4257",40.86992,69.52913,328.86,0.41,0.37,"2026-09-14",2131,"N20","nominal","2.0NRT",292.81,3.68,"N"
"4258",32.24131,51.41486,304.48,0.5,0.66,"2026-09-14",2136,"N20","nominal","2.0NRT",289.04,2.5,"N"
"4259",40.86483,69.53766,320.18,0.41,0.37,"2026-09-14",2131,"N20","nominal","2.0NRT",290.04,12.86,"N"
"4260",32.24099,51.42019,309.46,0.5,0.66,"2026-09-14",2136,"N20","nominal","2.0NRT",294.3,7.09,"N"
"4261",40.86148,69.53661,337.65,0.41,0.37,"2026-09-14",2131,"N20","nominal","2.0NRT",292.05,12.86,"N"
"4262",32.24036,51.43079,308.83,0.5,0.66,"2026-09-14",2136,"N20","nominal","2.0NRT",289.74,8.51,"N"
"4263",40.85639,69.54514,303.07,0.41,0.37,"2026-09-14",2131,"N20","nominal","2.0NRT",292.46,1.53,"N"
"4264",32.17733,51.87924,300.52,0.47,0.64,"2026-09-14",2136,"N20","nominal","2.0NRT",287.86,1.41,"N"
"4265",42.08762,59.93586,295.24,0.43,0.46,"2026-09-14",2131,"N20","nominal","2.0NRT",283.8,1.87,"N"
"4266",40.25387,72.19507,297.46,0.52,0.41,"2026-09-14",2131,"N20","nominal","2.0NRT",286.83,0.72,"N"
"4267",32.16096,51.20242,301.85,0.52,0.67,"2026-09-14",2136,"N20","nominal","2.0NRT",282.54,0.89,"N"
"4268",42.04819,59.94291,300.05,0.42,0.46,"2026-09-14",2133,"N20","nominal","2.0NRT",289.73,1.62,"N"
"4269",31.94304,54.04323,308.59,0.35,0.57,"2026-09-14",2136,"N20","nominal","2.0NRT",293.33,1.3,"N"
"4270",39.34724,76.0939,298.27,0.55,0.51,"2026-09-14",2133,"N20","nominal","2.0NRT",287.21,1.08,"N"
"4271",31.94233,54.04323,308.7,0.35,0.57,"2026-09-14",2136,"N20","nominal","2.0NRT",293.67,1.03,"N"
"4272",41.50969,64.54384,306.19,0.42,0.37,"2026-09-14",2133,"N20","nominal","2.0NRT",291.01,1.28,"N"
"4273",41.91879,60.0043,298.32,0.42,0.45,"2026-09-14",2133,"N20","nominal","2.0NRT",286.9,0.64,"N"
"4274",31.93101,54.05331,306.26,0.35,0.56,"2026-09-14",2136,"N20","nominal","2.0NRT",293.02,0.85,"N"
"4275",41.90951,60.01307,299.28,0.42,0.45,"2026-09-14",2133,"N20","nominal","2.0NRT",285.37,0.58,"N"
"4276",31.8504,54.28296,319.38,0.34,0.56,"2026-09-14",2136,"N20","nominal","2.0NRT",293.81,1.66,"N"
"4277",41.85889,59.90902,303.82,0.42,0.45,"2026-09-14",2133,"N20","nominal","2.0NRT",285.02,0.59,"N"
"4278",41.84176,59.86433,301.51,0.43,0.46,"2026-09-14",2133,"N20","nominal","2.0NRT",288.05,0.54,"N"
"4279",31.85013,54.28651,307.72,0.34,0.56,"2026-09-14",2136,"N20","nominal","2.0NRT",295.04,1.49,"N"
"4280",38.65641,76.17094,308.34,0.58,0.52,"2026-09-14",2133,"N20","nominal","2.0NRT",286.49,1.71,"N"
"4281",40.38477,67.43838,309.63,0.39,0.36,"2026-09-14",2133,"N20","nominal","2.0NRT",293.26,1.17,"N"
"4282",31.62361,54.72302,304.02,0.63,0.54,"2026-09-14",2136,"N20","nominal","2.0NRT",293.34,1.58,"N"
"4283",40.36158,67.5586,308.21,0.39,0.36,"2026-09-14",2133,"N20","nominal","2.0NRT",291.79,0.95,"N"
"4284",40.35237,67.59361,302.6,0.39,0.36,"2026-09-14",2133,"N20","nominal","2.0NRT",292.52,0.46,"N"
"4285",31.4329,56.48826,300.06,0.49,0.49,"2026-09-14",2136,"N20","nominal","2.0NRT",289.53,0.33,"N"
"4286",40.30642,67.68641,301.83,0.39,0.36,"2026-09-14",2133,"N20","nominal","2.0NRT",290.76,0.65,"N"
"4287",31.76625,49.15207,314.49,0.67,0.74,"2026-09-14",2136,"N20","nominal","2.0NRT",297.67,3.04,"N"
"4288",40.01273,68.44461,327.54,0.4,0.37,"2026-09-14",2133,"N20","nominal","2.0NRT",288.85,2.27,"N"
"4289",41.52159,52.6162,300.35,0.5,0.66,"2026-09-14",2133,"N20","nominal","2.0NRT",285.71,1.19,"N"
"4290",27.67011,76.13142,302.78,0.54,0.68,"2026-09-14",2136,"N20","nominal","2.0NRT",289.95,1.19,"N"
"4291",40.10518,65.34075,310.55,0.39,0.36,"2026-09-14",2133,"N20","nominal","2.0NRT",293.71,1.18,"N"
"4292",40.05738,65.29111,302.69,0.39,0.36,"2026-09-14",2133,"N20","nominal","2.0NRT",292.53,1.4,"N"
"4293",31.65118,49.26308,318.63,0.66,0.73,"2026-09-14",2136,"N20","nominal","2.0NRT",297.77,4.04,"N"
"4294",39.85389,66.20048,305.76,0.39,0.36,"2026-09-14",2133,"N20","nominal","2.0NRT",291.26,1.09,"N"
"4295",39.1783,68.61075,296.99,0.41,0.37,"2026-09-14",2133,"N20","nominal","2.0NRT",281.63,0.75,"N"
"4296",39.17749,68.61533,295.64,0.41,0.37,"2026-09-14",2133,"N20","nominal","2.0NRT",283.29,0.64,"N"
"4297",31.41138,48.64342,312.09,0.72,0.75,"2026-09-14",2136,"N20","nominal","2.0NRT",295.9,1.89,"N"
"4298",39.82409,63.04515,324.16,0.45,0.39,"2026-09-14",2133,"N20","nominal","2.0NRT",290.56,3.59,"N"
"4299",39.82473,63.03996,317.77,0.45,0.39,"2026-09-14",2133,"N20","nominal","2.0NRT",288.34,3.06,"N"
"4300",31.40599,48.64259,308.61,0.72,0.75,"2026-09-14",2136,"N20","nominal","2.0NRT",296.26,2.78,"N"
"4301",40.25278,58.43632,299.58,0.48,0.48,"2026-09-14",2133,"N20","nominal","2.0NRT",287.41,0.86,"N"
"4302",39.67937,63.05317,328.07,0.44,0.39,"2026-09-14",2133,"N20","nominal","2.0NRT",292.14,3.82,"N"
"4303",31.3252,49.27481,344.96,0.66,0.73,"2026-09-14",2136,"N20","nominal","2.0NRT",294.97,7.61,"N"
"4304",38.65306,68.77517,302.04,0.41,0.37,"2026-09-14",2133,"N20","nominal","2.0NRT",290.47,0.58,"N"
"4305",39.18729,65.28886,305.18,0.39,0.36,"2026-09-14",2133,"N20","nominal","2.0NRT",294.29,1.17,"N"
"4306",31.30431,49.11433,313.53,0.67,0.74,"2026-09-14",2136,"N20","nominal","2.0NRT",295.15,2.14,"N"
"4307",39.18399,65.31126,300.59,0.39,0.36,"2026-09-14",2133,"N20","nominal","2.0NRT",289.67,0.59,"N"
"4308",39.18333,65.31573,303.27,0.39,0.36,"2026-09-14",2133,"N20","nominal","2.0NRT",289.41,0.52,"N"
"4309",31.31031,48.76663,333.27,0.7,0.75,"2026-09-14",2136,"N20","nominal","2.0NRT",298.18,3.43,"N"
"4310",39.43457,62.99305,309.46,0.44,0.39,"2026-09-14",2133,"N20","nominal","2.0NRT",289.97,1.01,"N"
"4311",38.39662,69.1127,304.2,0.43,0.38,"2026-09-14",2133,"N20","nominal","2.0NRT",291.61,0.86,"N"
"4312",31.30335,48.76621,311.91,0.7,0.75,"2026-09-14",2136,"N20","nominal","2.0NRT",296.99,3.43,"N"
"4313",40.20151,49.4595,302.87,0.72,0.76,"2026-09-14",2133,"N20","nominal","2.0NRT",288.86,1.83,"N"
"4314",39.28334,63.0479,299.48,0.44,0.38,"2026-09-14",2133,"N20","nominal","2.0NRT",287.09,0.86,"N"
"4315",39.25171,63.21236,308.22,0.43,0.38,"2026-09-14",2133,"N20","nominal","2.0NRT",286.73,0.95,"N"
"4316",31.27678,48.72634,309.64,0.71,0.75,"2026-09-14",2136,"N20","nominal","2.0NRT",299.34,4.32,"N"
"4317",39.25145,63.21062,309.92,0.43,0.38,"2026-09-14",2133,"N20","nominal","2.0NRT",288.48,1.14,"N"
"4318",39.24907,63.17399,303.34,0.44,0.38,"2026-09-14",2133,"N20","nominal","2.0NRT",288.17,0.45,"N"
"4319",30.75844,56.65269,305.14,0.47,0.48,"2026-09-14",2136,"N20","nominal","2.0NRT",291.79,1.36,"N"
"4320",40.2041,49.46301,304.39,0.72,0.76,"2026-09-14",2133,"N20","nominal","2.0NRT",288.54,1.36,"N"
"4321",38.32785,68.98576,304.02,0.42,0.38,"2026-09-14",2133,"N20","nominal","2.0NRT",292.61,0.63,"N"
"4322",30.75794,56.65773,309.22,0.47,0.48,"2026-09-14",2136,"N20","nominal","2.0NRT",291.96,2.35,"N"
"4323",39.17813,63.57589,297.49,0.42,0.38,"2026-09-14",2133,"N20","nominal","2.0NRT",287.25,0.35,"N"
"4324",39.20656,63.25237,299.58,0.43,0.38,"2026-09-14",2133,"N20","nominal","2.0NRT",287.47,0.46,"N"
"4325",30.75847,56.65239,303.52,0.47,0.48,"2026-09-14",2136,"N20","nominal","2.0NRT",291.16,1.45,"N"
"4326",40.07238,52.81061,312.6,0.48,0.65,"2026-09-14",2133,"N20","nominal","2.0NRT",288.11,1.47,"N"
"4327",39.20153,63.23588,299.93,0.43,0.38,"2026-09-14",2133,"N20","nominal","2.0NRT",286.89,0.62,"N"
"4328",30.75794,56.65741,309.68,0.47,0.48,"2026-09-14",2136,"N20","nominal","2.0NRT",292.88,1.45,"N"
"4329",39.1957,63.28077,299.71,0.43,0.38,"2026-09-14",2133,"N20","nominal","2.0NRT",286.61,0.42,"N"
"4330",39.19975,63.19435,300.2,0.43,0.38,"2026-09-14",2133,"N20","nominal","2.0NRT",285.74,1.19,"N"
"4331",39.1978,63.20938,298.31,0.43,0.38,"2026-09-14",2133,"N20","nominal","2.0NRT",285.86,0.71,"N"
"4332",31.30345,49.11247,318.58,0.67,0.74,"2026-09-14",2136,"N20","nominal","2.0NRT",295.51,2.25,"N"
"4333",39.18655,63.26856,298.02,0.43,0.38,"2026-09-14",2133,"N20","nominal","2.0NRT",286.75,0.36,"N"
"4334",39.17273,63.34729,297.26,0.43,0.38,"2026-09-14",2133,"N20","nominal","2.0NRT",287.19,0.34,"N"
"4335",31.31143,48.76515,329.92,0.7,0.75,"2026-09-14",2136,"N20","nominal","2.0NRT",296.9,6.21,"N"
"4336",39.13657,63.62178,298.53,0.42,0.38,"2026-09-14",2133,"N20","nominal","2.0NRT",288.08,0.41,"N"
"4337",39.17353,63.28622,305.85,0.43,0.38,"2026-09-14",2133,"N20","nominal","2.0NRT",288.57,0.95,"N"
"4338",31.30447,48.76473,317.1,0.7,0.75,"2026-09-14",2136,"N20","nominal","2.0NRT",296.68,4.18,"N"
"4339",40.01963,52.94352,302.32,0.47,0.64,"2026-09-14",2133,"N20","nominal","2.0NRT",288.87,1.01,"N"
"4340",39.17043,63.25484,309.05,0.43,0.38,"2026-09-14",2133,"N20","nominal","2.0NRT",288.67,1.23,"N"
"4341",31.27905,48.87602,306.77,0.69,0.74,"2026-09-14",2136,"N20","nominal","2.0NRT",295.65,1.61,"N"
"4342",39.16978,63.25983,304.92,0.43,0.38,"2026-09-14",2133,"N20","nominal","2.0NRT",287.53,0.84,"N"
"4343",39.16631,63.25908,300.86,0.43,0.38,"2026-09-14",2133,"N20","nominal","2.0NRT",286.4,0.84,"N"
"4344",31.27932,48.10556,312.27,0.77,0.77,"2026-09-14",2136,"N20","nominal","2.0NRT",294.74,3.48,"N"
"4345",39.15511,63.31798,308.89,0.43,0.38,"2026-09-14",2133,"N20","nominal","2.0NRT",287.35,1.2,"N"
"4346",39.13535,63.41531,298.22,0.43,0.38,"2026-09-14",2133,"N20","nominal","2.0NRT",287.31,0.59,"N"
"4347",31.27904,48.11383,311.63,0.77,0.77,"2026-09-14",2136,"N20","nominal","2.0NRT",297.35,3.52,"N"
"4348",39.13124,63.41948,306.91,0.43,0.38,"2026-09-14",2133,"N20","nominal","2.0NRT",286.84,0.59,"N"
"4349",39.12778,63.41873,297.41,0.43,0.38,"2026-09-14",2133,"N20","nominal","2.0NRT",286.36,0.69,"N"
"4350",31.24725,48.97745,305.15,0.68,0.74,"2026-09-14",2136,"N20","nominal","2.0NRT",294.49,1.5,"N"
"4351",39.11881,63.39428,301.7,0.43,0.38,"2026-09-14",2133,"N20","nominal","2.0NRT",286.9,0.65,"N"
"4352",39.12714,63.30462,303.42,0.43,0.38,"2026-09-14",2133,"N20","nominal","2.0NRT",286.06,1.03,"N"
"4353",31.27212,48.10515,367,0.77,0.77,"2026-09-14",2136,"N20","high","2.0NRT",297.09,61.66,"N"
"4354",39.11561,63.33776,302.6,0.43,0.38,"2026-09-14",2133,"N20","nominal","2.0NRT",288.06,0.96,"N"
"4355",39.10712,63.40185,301.33,0.43,0.38,"2026-09-14",2133,"N20","nominal","2.0NRT",286.27,0.46,"N"
"4356",31.27185,48.11341,342.68,0.77,0.77,"2026-09-14",2136,"N20","nominal","2.0NRT",301.56,50.16,"N"
"4357",39.0863,63.47807,306.27,0.42,0.38,"2026-09-14",2133,"N20","nominal","2.0NRT",286.21,0.86,"N"
"4358",39.03778,63.60267,299.69,0.42,0.38,"2026-09-14",2133,"N20","nominal","2.0NRT",288.06,0.48,"N"
"4359",31.23978,48.99168,306.87,0.68,0.74,"2026-09-14",2136,"N20","nominal","2.0NRT",295.82,2.46,"N"
"4360",38.68537,65.95164,300.63,0.38,0.36,"2026-09-14",2133,"N20","nominal","2.0NRT",289.81,1.03,"N"
"4361",31.22803,48.93948,312.82,0.69,0.74,"2026-09-14",2136,"N20","nominal","2.0NRT",296.33,4.19,"N"
"4362",38.68142,65.95519,311.11,0.38,0.36,"2026-09-14",2133,"N20","nominal","2.0NRT",290.03,1.03,"N"
"4363",38.94108,64.1348,305.7,0.41,0.37,"2026-09-14",2133,"N20","nominal","2.0NRT",286.98,0.83,"N"
"4364",31.21053,49.20699,317.72,0.66,0.73,"2026-09-14",2136,"N20","nominal","2.0NRT",294.96,3.77,"N"
"4365",38.97336,63.59241,301.75,0.42,0.38,"2026-09-14",2133,"N20","nominal","2.0NRT",288.38,0.6,"N"
"4366",38.97585,63.46803,313.14,0.42,0.38,"2026-09-14",2133,"N20","nominal","2.0NRT",289.55,1.62,"N"
"4367",31.21024,49.21409,316.78,0.66,0.73,"2026-09-14",2136,"N20","nominal","2.0NRT",296.04,4.14,"N"
"4368",38.91608,63.80701,302.74,0.42,0.37,"2026-09-14",2133,"N20","nominal","2.0NRT",286.97,0.95,"N"
"4369",38.9112,63.79119,301.04,0.42,0.37,"2026-09-14",2133,"N20","nominal","2.0NRT",287.1,0.7,"N"
"4370",31.21395,48.94601,367,0.69,0.74,"2026-09-14",2136,"N20","high","2.0NRT",300.36,12.04,"N"
"4371",38.87898,63.76928,300.56,0.42,0.37,"2026-09-14",2133,"N20","nominal","2.0NRT",285.39,0.38,"N"
"4372",38.87513,63.79787,302.14,0.42,0.37,"2026-09-14",2133,"N20","nominal","2.0NRT",285,0.92,"N"
"4373",31.21367,48.9533,311.11,0.69,0.74,"2026-09-14",2136,"N20","nominal","2.0NRT",296.65,10.55,"N"
"4374",38.87172,63.79712,308.9,0.42,0.37,"2026-09-14",2133,"N20","nominal","2.0NRT",287.59,0.92,"N"
"4375",31.24074,47.95247,330.2,0.79,0.78,"2026-09-14",2136,"N20","nominal","2.0NRT",294.25,12.3,"N"
"4376",38.5596,65.94996,302.83,0.38,0.36,"2026-09-14",2133,"N20","nominal","2.0NRT",291.11,1.2,"N"
"4377",38.54977,65.94749,312.22,0.38,0.36,"2026-09-14",2133,"N20","nominal","2.0NRT",290.25,0.71,"N"
"4378",31.24049,47.96091,350.6,0.78,0.78,"2026-09-14",2136,"N20","nominal","2.0NRT",298.55,15.73,"N"
"4379",38.83976,63.87796,297.9,0.41,0.37,"2026-09-14",2133,"N20","nominal","2.0NRT",285.75,0.41,"N"
"4380",38.8379,63.81649,298.82,0.41,0.37,"2026-09-14",2133,"N20","nominal","2.0NRT",286.61,0.57,"N"
"4381",31.20705,48.94553,327.91,0.69,0.74,"2026-09-14",2136,"N20","nominal","2.0NRT",297.16,12.04,"N"
"4382",38.83725,63.82124,298.92,0.41,0.37,"2026-09-14",2133,"N20","nominal","2.0NRT",286.95,0.57,"N"
"4383",30.66828,56.61967,303.79,0.47,0.48,"2026-09-14",2136,"N20","nominal","2.0NRT",289.87,1.26,"N"
"4384",38.83449,63.81574,303.98,0.41,0.37,"2026-09-14",2133,"N20","nominal","2.0NRT",287.52,0.47,"N"
"4385",38.66757,64.77764,298.65,0.39,0.37,"2026-09-14",2133,"N20","nominal","2.0NRT",287.35,0.27,"N"
"4386",31.20848,49.21303,321.12,0.66,0.73,"2026-09-14",2136,"N20","nominal","2.0NRT",295.56,2.32,"N"
"4387",39.68672,54.29855,303.06,0.4,0.6,"2026-09-14",2133,"N20","nominal","2.0NRT",290.19,0.85,"N"
"4388",38.78555,63.91684,298.05,0.41,0.37,"2026-09-14",2133,"N20","nominal","2.0NRT",286.21,0.42,"N"
"4389",31.22027,48.95302,311.14,0.68,0.74,"2026-09-14",2136,"N20","nominal","2.0NRT",296.11,7.66,"N"
"4390",38.7746,63.81703,299.26,0.41,0.37,"2026-09-14",2133,"N20","nominal","2.0NRT",285.4,0.61,"N"
"4391",38.46605,65.78306,305.99,0.38,0.36,"2026-09-14",2133,"N20","nominal","2.0NRT",294.08,1.96,"N"
"4392",31.20881,49.20596,305.01,0.66,0.73,"2026-09-14",2136,"N20","nominal","2.0NRT",294.88,2.32,"N"
"4393",38.45613,65.80324,307.06,0.38,0.36,"2026-09-14",2133,"N20","nominal","2.0NRT",290.04,0.69,"N"
"4394",38.70945,63.93648,297.3,0.41,0.37,"2026-09-14",2133,"N20","nominal","2.0NRT",285.6,0.42,"N"
"4395",30.15523,60.73246,307.09,0.44,0.38,"2026-09-14",2136,"N20","nominal","2.0NRT",295.78,0.6,"N"
"4396",38.65082,63.98128,305.82,0.41,0.37,"2026-09-14",2133,"N20","nominal","2.0NRT",287.59,0.7,"N"
"4397",39.5144,53.76267,300.34,0.42,0.61,"2026-09-14",2133,"N20","nominal","2.0NRT",285.88,0.26,"N"
"4398",38.05235,67.26668,321.98,0.39,0.36,"2026-09-14",2133,"N20","nominal","2.0NRT",291.07,4.37,"N"
"4399",31.2137,48.94535,367,0.69,0.74,"2026-09-14",2136,"N20","high","2.0NRT",299.41,7.66,"N"
"4400",38.05309,67.26227,316.54,0.39,0.36,"2026-09-14",2133,"N20","nominal","2.0NRT",286.96,2.99,"N"
"4401",38.53251,64.07672,297.09,0.41,0.37,"2026-09-14",2133,"N20","nominal","2.0NRT",286.46,0.38,"N"
"4402",31.21338,48.95264,312.98,0.68,0.74,"2026-09-14",2136,"N20","nominal","2.0NRT",296.98,7.66,"N"
"4403",39.47628,52.68478,341.26,0.48,0.65,"2026-09-14",2133,"N20","nominal","2.0NRT",291.72,3.65,"N"
"4404",31.20681,48.9449,321.77,0.69,0.74,"2026-09-14",2136,"N20","nominal","2.0NRT",297.06,2.67,"N"
"4405",39.48035,52.68523,336.06,0.48,0.65,"2026-09-14",2133,"N20","nominal","2.0NRT",291.01,4.51,"N"
"4406",38.4319,64.19455,300.02,0.4,0.37,"2026-09-14",2133,"N20","nominal","2.0NRT",286.34,0.6,"N"
"4407",31.20649,48.95222,310.08,0.68,0.74,"2026-09-14",2136,"N20","nominal","2.0NRT",296.49,2.67,"N"
"4408",39.4007,53.18337,310.97,0.45,0.63,"2026-09-14",2133,"N20","nominal","2.0NRT",288.49,1.04,"N"
"4409",38.20732,64.73853,299.84,0.39,0.36,"2026-09-14",2133,"N20","nominal","2.0NRT",286.72,0.49,"N"
"4410",31.23893,47.95272,331.36,0.78,0.78,"2026-09-14",2136,"N20","nominal","2.0NRT",294.09,10.24,"N"
"4411",38.24729,64.4371,298.06,0.4,0.37,"2026-09-14",2133,"N20","nominal","2.0NRT",285.71,0.57,"N"
"4412",38.13167,64.6769,299.26,0.39,0.36,"2026-09-14",2133,"N20","nominal","2.0NRT",286.78,0.49,"N"
"4413",31.23863,47.96116,349.73,0.78,0.78,"2026-09-14",2136,"N20","nominal","2.0NRT",297.95,10.24,"N"
"4414",38.12835,64.67613,296.2,0.39,0.36,"2026-09-14",2133,"N20","nominal","2.0NRT",286.06,0.57,"N"
"4415",30.73492,55.3843,307.25,0.56,0.52,"2026-09-14",2136,"N20","nominal","2.0NRT",291.3,1.51,"N"
"4416",38.11926,64.73848,305.87,0.39,0.36,"2026-09-14",2133,"N20","nominal","2.0NRT",286.2,0.6,"N"
"4417",38.11983,64.711,311.36,0.39,0.36,"2026-09-14",2133,"N20","nominal","2.0NRT",287.16,1,"N"
"4418",38.08979,64.86923,298.21,0.39,0.36,"2026-09-14",2133,"N20","nominal","2.0NRT",284.22,0.37,"N"
"4419",31.14271,49.31446,330.53,0.65,0.73,"2026-09-14",2136,"N20","nominal","2.0NRT",294.54,3.58,"N"
"4420",38.0512,65.10641,302.52,0.39,0.36,"2026-09-14",2133,"N20","nominal","2.0NRT",286.81,0.44,"N"
"4421",38.05674,64.88431,321.54,0.39,0.36,"2026-09-14",2133,"N20","nominal","2.0NRT",288.05,1.79,"N"
"4422",31.13594,49.31408,344.06,0.65,0.73,"2026-09-14",2136,"N20","nominal","2.0NRT",296.98,4.69,"N"
"4423",37.96743,65.00625,303.57,0.39,0.36,"2026-09-14",2133,"N20","nominal","2.0NRT",286.34,0.86,"N"
"4424",37.95958,65.05891,302.52,0.39,0.36,"2026-09-14",2133,"N20","nominal","2.0NRT",285.47,0.63,"N"
"4425",31.13564,49.32104,324.91,0.65,0.73,"2026-09-14",2136,"N20","nominal","2.0NRT",295.36,4.69,"N"
"4426",37.90488,65.10484,307.54,0.39,0.36,"2026-09-14",2133,"N20","nominal","2.0NRT",287.22,0.97,"N"
"4427",37.88331,65.13805,299.21,0.39,0.36,"2026-09-14",2133,"N20","nominal","2.0NRT",286.33,0.57,"N"
"4428",37.88725,65.08917,301.64,0.39,0.36,"2026-09-14",2133,"N20","nominal","2.0NRT",286.4,0.66,"N"
"4429",31.12918,49.31376,342.1,0.65,0.73,"2026-09-14",2136,"N20","nominal","2.0NRT",296.36,4.69,"N"
"4430",37.82994,65.17501,315.59,0.39,0.36,"2026-09-14",2133,"N20","nominal","2.0NRT",287.18,0.96,"N"
"4431",37.82731,65.16986,310.19,0.39,0.36,"2026-09-14",2133,"N20","nominal","2.0NRT",286.48,0.96,"N"
"4432",31.12888,49.32065,314.56,0.65,0.73,"2026-09-14",2136,"N20","nominal","2.0NRT",295.86,4.69,"N"
"4433",37.78844,65.35892,305.12,0.39,0.36,"2026-09-14",2133,"N20","nominal","2.0NRT",287.28,0.3,"N"
"4434",37.80361,65.19127,314.92,0.39,0.36,"2026-09-14",2133,"N20","nominal","2.0NRT",287.3,1.31,"N"
"4435",31.1632,48.04928,367,0.77,0.78,"2026-09-14",2136,"N20","high","2.0NRT",300.47,21.84,"N"
"4436",37.76733,65.43025,302.12,0.39,0.36,"2026-09-14",2133,"N20","nominal","2.0NRT",287.59,0.53,"N"
"4437",37.75678,65.45464,301.06,0.39,0.36,"2026-09-14",2133,"N20","nominal","2.0NRT",290.74,0.59,"N"
"4438",31.16292,48.05759,315.3,0.77,0.78,"2026-09-14",2136,"N20","nominal","2.0NRT",296.95,21.84,"N"
"4439",37.73139,65.50835,298.79,0.39,0.36,"2026-09-14",2133,"N20","nominal","2.0NRT",287.32,0.77,"N"
"4440",37.74691,65.20634,299.3,0.39,0.36,"2026-09-14",2133,"N20","nominal","2.0NRT",284.71,0.64,"N"
"4441",31.13999,47.86225,305.39,0.79,0.78,"2026-09-14",2136,"N20","nominal","2.0NRT",292.95,2.92,"N"
"4442",37.65871,65.33807,302.09,0.39,0.36,"2026-09-14",2133,"N20","nominal","2.0NRT",286.1,0.57,"N"
"4443",37.66333,65.28524,306.05,0.39,0.36,"2026-09-14",2133,"N20","nominal","2.0NRT",286.51,0.69,"N"
"4444",37.96262,62.66637,304.65,0.44,0.38,"2026-09-14",2133,"N20","nominal","2.0NRT",288.19,1.2,"N"
"4445",31.04507,49.38393,312.39,0.64,0.72,"2026-09-14",2136,"N20","nominal","2.0NRT",294.55,1.54,"N"
"4446",38.68482,54.31373,298.42,0.39,0.59,"2026-09-14",2133,"N20","nominal","2.0NRT",288.39,0.84,"N"
"4447",38.67934,54.31318,325.41,0.39,0.59,"2026-09-14",2133,"N20","nominal","2.0NRT",288.87,0.84,"N"
"4448",31.14605,47.86585,313.64,0.79,0.78,"2026-09-14",2136,"N20","nominal","2.0NRT",295.57,1.81,"N"
"4449",38.68442,54.31079,301.07,0.39,0.59,"2026-09-14",2133,"N20","nominal","2.0NRT",287.79,0.98,"N"
"4450",38.68416,54.31532,315.05,0.39,0.59,"2026-09-14",2133,"N20","nominal","2.0NRT",288.83,1.24,"N"
"4451",30.96965,51.13216,295.92,0.51,0.66,"2026-09-14",2136,"N20","nominal","2.0NRT",284.46,0.73,"N"
"4452",37.98965,61.88105,303.26,0.47,0.4,"2026-09-14",2133,"N20","nominal","2.0NRT",288.13,0.83,"N"
"4453",31.04242,49.38531,313.36,0.64,0.72,"2026-09-14",2136,"N20","nominal","2.0NRT",294.81,2.12,"N"
"4454",37.98536,61.88569,299.79,0.47,0.4,"2026-09-14",2133,"N20","nominal","2.0NRT",288.3,0.83,"N"
"4455",37.49976,65.35324,327.89,0.39,0.36,"2026-09-14",2133,"N20","nominal","2.0NRT",289.01,3.1,"N"
"4456",31.00701,48.12597,367,0.76,0.77,"2026-09-14",2136,"N20","high","2.0NRT",295.19,34.2,"N"
"4457",37.4991,65.35756,306,0.39,0.36,"2026-09-14",2133,"N20","nominal","2.0NRT",287.8,1.82,"N"
"4458",31.00675,48.13417,348.46,0.76,0.77,"2026-09-14",2136,"N20","nominal","2.0NRT",302.95,42.06,"N"
"4459",38.64754,54.27999,345.9,0.39,0.59,"2026-09-14",2133,"N20","nominal","2.0NRT",290.34,4.01,"N"
"4460",30.96553,49.11205,306.95,0.67,0.73,"2026-09-14",2136,"N20","nominal","2.0NRT",294.24,1.1,"N"
"4461",37.49581,65.35677,311.63,0.39,0.36,"2026-09-14",2133,"N20","nominal","2.0NRT",284.86,0.78,"N"
"4462",37.90662,61.98449,297.59,0.47,0.39,"2026-09-14",2133,"N20","nominal","2.0NRT",285.1,0.3,"N"
"4463",28.42591,69.69917,312.33,0.43,0.46,"2026-09-14",2136,"N20","nominal","2.0NRT",288.48,1.41,"N"
"4464",37.88709,62.02384,299.29,0.46,0.39,"2026-09-14",2133,"N20","nominal","2.0NRT",287.95,0.38,"N"
"4465",37.88648,62.02229,299.47,0.46,0.39,"2026-09-14",2133,"N20","nominal","2.0NRT",288.03,0.7,"N"
"4466",30.36649,57.11225,300.01,0.44,0.46,"2026-09-14",2136,"N20","nominal","2.0NRT",289.04,0.46,"N"
"4467",37.79726,62.55149,329.5,0.44,0.39,"2026-09-14",2133,"N20","nominal","2.0NRT",288.15,3.58,"N"
"4468",38.25835,58.38758,301.07,0.46,0.47,"2026-09-14",2133,"N20","nominal","2.0NRT",286.38,1.48,"N"
"4469",31.00416,48.12599,367,0.76,0.77,"2026-09-14",2136,"N20","high","2.0NRT",295.09,28.51,"N"
"4470",37.78862,62.53429,313.01,0.44,0.39,"2026-09-14",2133,"N20","nominal","2.0NRT",286.37,1.88,"N"
"4471",37.78798,62.5393,319.23,0.44,0.39,"2026-09-14",2133,"N20","nominal","2.0NRT",287.54,1.88,"N"
"4472",31.00386,48.13417,347.38,0.76,0.77,"2026-09-14",2136,"N20","nominal","2.0NRT",302.01,28.51,"N"
"4473",37.84442,61.60276,304.18,0.48,0.4,"2026-09-14",2133,"N20","nominal","2.0NRT",287.48,1.14,"N"
"4474",37.77711,62.10246,300.68,0.46,0.39,"2026-09-14",2133,"N20","nominal","2.0NRT",287.88,0.85,"N"
"4475",30.95646,49.13221,304.9,0.67,0.73,"2026-09-14",2136,"N20","nominal","2.0NRT",294.8,0.73,"N"
"4476",37.77882,62.02789,307.1,0.46,0.39,"2026-09-14",2133,"N20","nominal","2.0NRT",287.45,1.09,"N"
"4477",37.77593,62.1002,296.85,0.46,0.39,"2026-09-14",2133,"N20","nominal","2.0NRT",286.58,0.35,"N"
"4478",30.92656,48.86123,310.57,0.69,0.74,"2026-09-14",2136,"N20","nominal","2.0NRT",297.02,2.28,"N"
"4479",37.7773,62.03097,299.67,0.46,0.39,"2026-09-14",2133,"N20","nominal","2.0NRT",286.26,0.59,"N"
"4480",38.19588,58.09855,295.57,0.48,0.48,"2026-09-14",2133,"N20","nominal","2.0NRT",280.95,1.32,"N"
"4481",30.8947,49.60443,317.01,0.62,0.72,"2026-09-14",2136,"N20","nominal","2.0NRT",296.36,2.92,"N"
"4482",37.74267,62.13085,305.75,0.46,0.39,"2026-09-14",2133,"N20","nominal","2.0NRT",286.79,0.63,"N"
"4483",37.74266,62.07227,300.43,0.46,0.39,"2026-09-14",2133,"N20","nominal","2.0NRT",286.38,0.62,"N"
"4484",30.37144,56.12656,306.09,0.5,0.49,"2026-09-14",2136,"N20","nominal","2.0NRT",290.52,1.49,"N"
"4485",37.72865,62.09615,323.11,0.46,0.39,"2026-09-14",2133,"N20","nominal","2.0NRT",288.3,1.76,"N"
"4486",37.7943,61.49612,301.1,0.49,0.4,"2026-09-14",2133,"N20","nominal","2.0NRT",286.33,0.81,"N"
"4487",30.32498,56.22635,302.45,0.49,0.49,"2026-09-14",2136,"N20","nominal","2.0NRT",291.11,0.71,"N"
"4488",37.75127,61.85302,298.44,0.47,0.4,"2026-09-14",2133,"N20","nominal","2.0NRT",286.12,0.62,"N"
"4489",37.74532,61.84097,299.24,0.47,0.4,"2026-09-14",2133,"N20","nominal","2.0NRT",287.6,1.1,"N"
"4490",30.86498,47.91316,339.26,0.78,0.78,"2026-09-14",2136,"N20","nominal","2.0NRT",296.34,8,"N"
"4491",37.6707,62.23792,315.24,0.45,0.39,"2026-09-14",2133,"N20","nominal","2.0NRT",288.53,1.88,"N"
"4492",37.66293,62.24162,299.91,0.45,0.39,"2026-09-14",2133,"N20","nominal","2.0NRT",286.52,0.68,"N"
"4493",30.76606,49.98421,307.17,0.59,0.7,"2026-09-14",2136,"N20","nominal","2.0NRT",296.2,1.5,"N"
"4494",37.65937,62.2409,308.07,0.45,0.39,"2026-09-14",2133,"N20","nominal","2.0NRT",286.49,0.68,"N"
"4495",30.23783,56.90783,305.98,0.45,0.47,"2026-09-14",2136,"N20","nominal","2.0NRT",293.52,1.58,"N"
"4496",37.64013,62.20392,312.78,0.45,0.39,"2026-09-14",2133,"N20","nominal","2.0NRT",287.72,1.39,"N"
"4497",37.62813,62.21205,306.07,0.45,0.39,"2026-09-14",2133,"N20","nominal","2.0NRT",288.06,1.39,"N"
"4498",30.23353,56.90723,316.05,0.45,0.47,"2026-09-14",2136,"N20","nominal","2.0NRT",294.18,1.58,"N"
"4499",37.62748,62.21717,297.14,0.45,0.39,"2026-09-14",2133,"N20","nominal","2.0NRT",286.79,0.53,"N"
"4500",37.62619,62.16957,323.71,0.45,0.39,"2026-09-14",2133,"N20","nominal","2.0NRT",290.02,1.96,"N"
"4501",37.65512,61.90866,310.22,0.47,0.39,"2026-09-14",2133,"N20","nominal","2.0NRT",290.45,1.91,"N"
"4502",30.32256,55.97018,301.77,0.51,0.5,"2026-09-14",2136,"N20","nominal","2.0NRT",290.27,1.11,"N"
"4503",37.62423,62.12693,303.69,0.46,0.39,"2026-09-14",2133,"N20","nominal","2.0NRT",288.46,1.01,"N"
"4504",37.61936,62.13654,306.23,0.46,0.39,"2026-09-14",2133,"N20","nominal","2.0NRT",289.01,0.98,"N"
"4505",27.28814,73.83852,309.23,0.4,0.6,"2026-09-14",2136,"N20","nominal","2.0NRT",292.46,0.78,"N"
"4506",37.63058,61.95766,300.22,0.46,0.39,"2026-09-14",2133,"N20","nominal","2.0NRT",287.34,0.65,"N"
"4507",37.62935,61.72422,297.6,0.47,0.4,"2026-09-14",2133,"N20","nominal","2.0NRT",286.68,0.47,"N"
"4508",30.71435,50.11217,323.93,0.58,0.7,"2026-09-14",2136,"N20","nominal","2.0NRT",298.42,4.85,"N"
"4509",37.94158,58.55935,299.02,0.45,0.47,"2026-09-14",2133,"N20","nominal","2.0NRT",287.52,0.7,"N"
"4510",37.60515,61.70855,299.24,0.47,0.4,"2026-09-14",2133,"N20","nominal","2.0NRT",285.87,0.34,"N"
"4511",30.72135,49.8185,340.02,0.6,0.71,"2026-09-14",2136,"N20","nominal","2.0NRT",300.12,6.32,"N"
"4512",37.60538,61.70762,296.54,0.47,0.4,"2026-09-14",2133,"N20","nominal","2.0NRT",285.85,0.57,"N"
"4513",37.94316,58.56391,307.48,0.45,0.47,"2026-09-14",2133,"N20","nominal","2.0NRT",289.52,1.57,"N"
"4514",37.61464,61.57151,298.42,0.48,0.4,"2026-09-14",2133,"N20","nominal","2.0NRT",286.1,1.01,"N"
"4515",30.71353,50.11365,317.21,0.58,0.7,"2026-09-14",2136,"N20","nominal","2.0NRT",297.78,5.42,"N"
"4516",37.61398,61.57693,307.77,0.48,0.4,"2026-09-14",2133,"N20","nominal","2.0NRT",290.65,1.01,"N"
"4517",37.612,61.5932,311.65,0.48,0.4,"2026-09-14",2133,"N20","nominal","2.0NRT",288.08,1.19,"N"
"4518",30.72261,49.81397,322.12,0.6,0.71,"2026-09-14",2136,"N20","nominal","2.0NRT",296.84,4.13,"N"
"4519",37.61067,61.60402,317.92,0.48,0.4,"2026-09-14",2133,"N20","nominal","2.0NRT",291.55,2.76,"N"
"4520",37.60564,61.55312,321.28,0.48,0.4,"2026-09-14",2133,"N20","nominal","2.0NRT",289.64,2.63,"N"
"4521",30.72227,49.82065,327,0.6,0.71,"2026-09-14",2136,"N20","nominal","2.0NRT",299.64,4.13,"N"
"4522",37.55898,61.93175,298.2,0.46,0.39,"2026-09-14",2133,"N20","nominal","2.0NRT",286.79,0.69,"N"
"4523",37.59765,61.55715,320.64,0.48,0.4,"2026-09-14",2133,"N20","nominal","2.0NRT",288.81,2.56,"N"
"4524",37.59793,61.52381,311.84,0.48,0.4,"2026-09-14",2133,"N20","nominal","2.0NRT",288.18,1.85,"N"
"4525",30.70979,49.53369,329.28,0.63,0.72,"2026-09-14",2136,"N20","nominal","2.0NRT",296.11,5.15,"N"
"4526",37.5936,61.52855,323.61,0.48,0.4,"2026-09-14",2133,"N20","nominal","2.0NRT",290.56,3.43,"N"
"4527",37.58966,61.56117,309.76,0.48,0.4,"2026-09-14",2133,"N20","nominal","2.0NRT",289.28,1.14,"N"
"4528",30.75627,48.26415,338.98,0.75,0.77,"2026-09-14",2136,"N20","nominal","2.0NRT",294.83,60.28,"N"
"4529",37.58599,61.56047,299.85,0.48,0.4,"2026-09-14",2133,"N20","nominal","2.0NRT",288,1.14,"N"
"4530",37.58233,61.55976,313.07,0.48,0.4,"2026-09-14",2133,"N20","nominal","2.0NRT",289.53,1.71,"N"
"4531",30.75598,48.27213,326.95,0.75,0.77,"2026-09-14",2136,"N20","nominal","2.0NRT",308.29,60.28,"N"
"4532",37.80122,59.10301,300.36,0.42,0.45,"2026-09-14",2133,"N20","nominal","2.0NRT",277.48,1.03,"N"
"4533",37.49944,61.84475,308.83,0.47,0.39,"2026-09-14",2133,"N20","nominal","2.0NRT",289.95,1.27,"N"
"4534",37.4988,61.85001,310.94,0.47,0.39,"2026-09-14",2133,"N20","nominal","2.0NRT",289.56,1.27,"N"
"4535",30.75568,48.28011,331.62,0.75,0.77,"2026-09-14",2136,"N20","nominal","2.0NRT",299.35,40.09,"N"
"4536",37.48348,61.97573,299.82,0.46,0.39,"2026-09-14",2133,"N20","nominal","2.0NRT",286.78,0.63,"N"
"4537",37.47966,62.00692,299.13,0.46,0.39,"2026-09-14",2133,"N20","nominal","2.0NRT",286.87,0.65,"N"
"4538",30.74886,48.27168,321.97,0.75,0.77,"2026-09-14",2136,"N20","nominal","2.0NRT",295.33,2.57,"N"
"4539",37.42378,62.31059,326.01,0.45,0.39,"2026-09-14",2133,"N20","nominal","2.0NRT",289.34,2.95,"N"
"4540",37.425,62.30921,327.37,0.45,0.39,"2026-09-14",2133,"N20","nominal","2.0NRT",287.81,3.09,"N"
"4541",30.74915,48.26369,304.84,0.75,0.77,"2026-09-14",2136,"N20","nominal","2.0NRT",294.44,2.57,"N"
"4542",37.40664,62.31069,305.37,0.45,0.39,"2026-09-14",2133,"N20","nominal","2.0NRT",286.63,0.82,"N"
"4543",30.74857,48.27965,310.13,0.75,0.77,"2026-09-14",2136,"N20","nominal","2.0NRT",295.05,2.88,"N"
"4544",37.63575,60.33664,308.57,0.54,0.42,"2026-09-14",2133,"N20","nominal","2.0NRT",286.82,0.86,"N"
"4545",37.51216,61.01648,307.52,0.5,0.41,"2026-09-14",2133,"N20","nominal","2.0NRT",288.57,1.38,"N"
"4546",30.21485,55.98007,298.46,0.51,0.49,"2026-09-14",2136,"N20","nominal","2.0NRT",288.04,0.58,"N"
"4547",37.50333,61.02651,307.73,0.5,0.41,"2026-09-14",2133,"N20","nominal","2.0NRT",289.31,1.58,"N"
"4548",37.40395,61.34409,301.04,0.49,0.4,"2026-09-14",2133,"N20","nominal","2.0NRT",286.53,0.9,"N"
"4549",37.48698,60.45887,300.46,0.53,0.42,"2026-09-14",2133,"N20","nominal","2.0NRT",286.37,0.99,"N"
"4550",30.57388,49.91609,332.97,0.59,0.7,"2026-09-14",2136,"N20","nominal","2.0NRT",297.57,3.6,"N"
"4551",37.34902,61.36181,313.23,0.49,0.4,"2026-09-14",2133,"N20","nominal","2.0NRT",287.36,1.9,"N"
"4552",36.70228,65.9595,301.95,0.38,0.36,"2026-09-14",2133,"N20","nominal","2.0NRT",289.9,0.65,"N"
"4553",30.5742,49.90971,312.56,0.59,0.7,"2026-09-14",2136,"N20","nominal","2.0NRT",296.05,3.6,"N"
"4554",37.11865,62.36191,328.03,0.44,0.39,"2026-09-14",2133,"N20","nominal","2.0NRT",290.66,4.51,"N"
"4555",35.1719,73.26257,308.13,0.49,0.49,"2026-09-14",2133,"N20","nominal","2.0NRT",285.78,1.08,"N"
"4556",30.56273,50.00845,334.81,0.59,0.7,"2026-09-14",2136,"N20","nominal","2.0NRT",297.7,8.96,"N"
"4557",37.11513,62.3612,302.03,0.44,0.39,"2026-09-14",2133,"N20","nominal","2.0NRT",289.23,1.78,"N"
"4558",37.03626,62.41426,298.05,0.44,0.38,"2026-09-14",2133,"N20","nominal","2.0NRT",287.28,1.61,"N"
"4559",30.56242,50.01476,329.06,0.59,0.7,"2026-09-14",2136,"N20","nominal","2.0NRT",299.68,8.37,"N"
"4560",37.03274,62.41355,300.77,0.44,0.38,"2026-09-14",2133,"N20","nominal","2.0NRT",287.32,1.61,"N"
"4561",37.0321,62.41848,314.71,0.44,0.38,"2026-09-14",2133,"N20","nominal","2.0NRT",290.61,1.61,"N"
"4562",30.4875,50.47734,308.86,0.55,0.68,"2026-09-14",2136,"N20","nominal","2.0NRT",295.26,1.11,"N"
"4563",37.45514,57.68769,305.29,0.49,0.49,"2026-09-14",2133,"N20","nominal","2.0NRT",288.36,1.27,"N"
"4564",37.2168,60.02201,297.25,0.56,0.43,"2026-09-14",2133,"N20","nominal","2.0NRT",286.03,1.15,"N"
"4565",30.48413,50.48116,308.87,0.55,0.68,"2026-09-14",2136,"N20","nominal","2.0NRT",295.21,1.52,"N"
"4566",36.4774,61.62142,300.83,0.46,0.39,"2026-09-14",2133,"N20","nominal","2.0NRT",287.99,1.91,"N"
"4567",36.4755,61.45536,306.93,0.47,0.4,"2026-09-14",2133,"N20","nominal","2.0NRT",287.42,0.84,"N"
"4568",29.47735,60.80827,305.96,0.43,0.38,"2026-09-14",2136,"N20","nominal","2.0NRT",291.57,1.19,"N"
"4569",36.44125,61.21935,302.49,0.48,0.4,"2026-09-14",2133,"N20","nominal","2.0NRT",287.59,0.86,"N"
"4570",30.40149,50.60282,307.1,0.54,0.68,"2026-09-14",2136,"N20","nominal","2.0NRT",295.8,2.25,"N"
"4571",36.46263,60.84976,310.06,0.5,0.41,"2026-09-14",2133,"N20","nominal","2.0NRT",288.42,2.42,"N"
"4572",30.40118,50.60863,308.28,0.54,0.68,"2026-09-14",2136,"N20","nominal","2.0NRT",296.92,1.97,"N"
"4573",36.94548,54.88693,319.13,0.35,0.57,"2026-09-14",2133,"N20","nominal","2.0NRT",290.6,1.31,"N"
"4574",35.94891,62.92056,302.68,0.42,0.37,"2026-09-14",2133,"N20","nominal","2.0NRT",290.49,0.58,"N"
"4575",30.40087,50.61445,312.35,0.54,0.68,"2026-09-14",2136,"N20","nominal","2.0NRT",297.26,1.97,"N"
"4576",35.90802,62.96599,315.68,0.41,0.37,"2026-09-14",2133,"N20","nominal","2.0NRT",288.35,1.62,"N"
"4577",30.39459,50.61404,351.32,0.54,0.68,"2026-09-14",2136,"N20","nominal","2.0NRT",297.4,4.54,"N"
"4578",36.83482,53.24883,301.23,0.43,0.62,"2026-09-14",2133,"N20","nominal","2.0NRT",290.87,0.55,"N"
"4579",35.8902,63.01878,302.13,0.41,0.37,"2026-09-14",2133,"N20","nominal","2.0NRT",287.62,0.66,"N"
"4580",30.39491,50.60809,312.81,0.54,0.68,"2026-09-14",2136,"N20","nominal","2.0NRT",296.52,4.54,"N"
"4581",36.27063,59.65135,299.7,0.57,0.43,"2026-09-14",2133,"N20","nominal","2.0NRT",288.29,0.76,"N"
"4582",30.46059,49.08862,313.7,0.66,0.73,"2026-09-14",2136,"N20","nominal","2.0NRT",299.5,5.21,"N"
"4583",36.33832,58.6631,301.41,0.42,0.46,"2026-09-14",2133,"N20","nominal","2.0NRT",285.31,0.5,"N"
"4584",30.48575,48.24183,309.51,0.75,0.77,"2026-09-14",2136,"N20","nominal","2.0NRT",298.6,3.83,"N"
"4585",36.29767,54.78392,300.37,0.35,0.57,"2026-09-14",2133,"N20","nominal","2.0NRT",285.54,0.53,"N"
"4586",36.24901,53.61981,296.99,0.4,0.6,"2026-09-14",2133,"N20","nominal","2.0NRT",284.93,0.45,"N"
"4587",29.99067,55.85214,329.51,0.52,0.5,"2026-09-14",2136,"N20","nominal","2.0NRT",287.03,4.4,"N"
"4588",33.54659,71.55164,306.8,0.43,0.46,"2026-09-14",2133,"N20","nominal","2.0NRT",292.06,1.03,"N"
"4589",29.99019,55.85714,314.98,0.52,0.5,"2026-09-14",2136,"N20","nominal","2.0NRT",288.12,4.4,"N"
"4590",33.40903,71.93821,303.6,0.46,0.47,"2026-09-14",2133,"N20","nominal","2.0NRT",290.79,0.6,"N"
"4591",35.35632,60.21447,296.82,0.52,0.42,"2026-09-14",2133,"N20","nominal","2.0NRT",285.66,0.75,"N"
"4592",29.98997,55.85612,337.52,0.52,0.5,"2026-09-14",2136,"N20","nominal","2.0NRT",289.22,6.59,"N"
"4593",36.01959,50.59021,302.19,0.6,0.7,"2026-09-14",2133,"N20","nominal","2.0NRT",289.94,1.44,"N"
"4594",30.39746,50.6081,325.44,0.54,0.68,"2026-09-14",2136,"N20","nominal","2.0NRT",296.85,6.54,"N"
"4595",36.0204,50.59151,301.15,0.6,0.7,"2026-09-14",2133,"N20","nominal","2.0NRT",290.34,1.18,"N"
"4596",30.39711,50.61396,349.87,0.54,0.68,"2026-09-14",2136,"N20","nominal","2.0NRT",297.54,5.81,"N"
"4597",35.83125,52.83479,296.26,0.45,0.63,"2026-09-14",2133,"N20","nominal","2.0NRT",280.38,0.94,"N"
"4598",35.82113,52.80384,298.5,0.45,0.63,"2026-09-14",2133,"N20","nominal","2.0NRT",282.85,1.87,"N"
"4599",30.39675,50.61988,315.97,0.54,0.68,"2026-09-14",2136,"N20","nominal","2.0NRT",297.64,5.81,"N"
"4600",35.83085,52.83702,300.75,0.45,0.63,"2026-09-14",2133,"N20","nominal","2.0NRT",282.82,1.55,"N"
"4601",30.45914,49.09002,313.14,0.66,0.73,"2026-09-14",2136,"N20","nominal","2.0NRT",299.63,2.04,"N"
"4602",35.82119,52.80128,310.29,0.45,0.63,"2026-09-14",2133,"N20","nominal","2.0NRT",282.95,1.64,"N"
"4603",30.35247,50.28276,367,0.56,0.69,"2026-09-14",2136,"N20","high","2.0NRT",298.84,20.75,"N"
"4604",35.63765,53.47444,311.61,0.41,0.6,"2026-09-14",2133,"N20","nominal","2.0NRT",292.17,1.21,"N"
"4605",30.35215,50.2886,323.62,0.56,0.69,"2026-09-14",2136,"N20","nominal","2.0NRT",299.44,14.09,"N"
"4606",35.70332,50.3014,298.47,0.62,0.71,"2026-09-14",2133,"N20","nominal","2.0NRT",288.26,1.07,"N"
"4607",30.30268,50.7273,313.01,0.53,0.67,"2026-09-14",2136,"N20","nominal","2.0NRT",294.7,1.04,"N"
"4608",35.70536,50.30063,299.43,0.62,0.71,"2026-09-14",2133,"N20","nominal","2.0NRT",288.15,1.09,"N"
"4609",35.57706,51.50708,322.69,0.53,0.67,"2026-09-14",2133,"N20","nominal","2.0NRT",295.61,3.25,"N"
"4610",30.41638,48.08737,320.53,0.76,0.77,"2026-09-14",2136,"N20","nominal","2.0NRT",297.17,3.55,"N"
"4611",35.56395,51.52335,303.72,0.53,0.67,"2026-09-14",2133,"N20","nominal","2.0NRT",289.14,0.9,"N"
"4612",30.29612,50.7329,303.95,0.53,0.67,"2026-09-14",2136,"N20","nominal","2.0NRT",292.83,0.44,"N"
"4613",35.57866,51.50735,323.04,0.53,0.67,"2026-09-14",2133,"N20","nominal","2.0NRT",294.17,4.5,"N"
"4614",35.56546,51.52357,300.8,0.52,0.67,"2026-09-14",2133,"N20","nominal","2.0NRT",288.86,1.61,"N"
"4615",30.4133,48.08736,322.38,0.76,0.77,"2026-09-14",2136,"N20","nominal","2.0NRT",297.42,3.24,"N"
"4616",35.53883,51.42021,305.08,0.53,0.67,"2026-09-14",2133,"N20","nominal","2.0NRT",294.02,1.31,"N"
"4617",30.34891,48.26782,367,0.74,0.76,"2026-09-14",2136,"N20","high","2.0NRT",301.55,9.34,"N"
"4618",35.53284,51.41376,306.37,0.53,0.67,"2026-09-14",2133,"N20","nominal","2.0NRT",289.56,1.31,"N"
"4619",35.53259,51.41971,304.67,0.53,0.67,"2026-09-14",2133,"N20","nominal","2.0NRT",291.67,1.31,"N"
"4620",30.34922,48.25991,309.18,0.74,0.76,"2026-09-14",2136,"N20","nominal","2.0NRT",298.18,9.34,"N"
"4621",35.52062,51.4068,305.41,0.53,0.67,"2026-09-14",2133,"N20","nominal","2.0NRT",290.47,1.85,"N"
"4622",30.15515,50.41595,310.07,0.55,0.68,"2026-09-14",2136,"N20","nominal","2.0NRT",298.96,3.16,"N"
"4623",32.89085,71.61639,310.79,0.45,0.47,"2026-09-14",2133,"N20","nominal","2.0NRT",292.41,3.21,"N"
"4624",35.26555,50.41816,302.29,0.6,0.71,"2026-09-14",2133,"N20","nominal","2.0NRT",287.96,1.48,"N"
"4625",29.70103,55.5313,299.78,0.54,0.5,"2026-09-14",2136,"N20","nominal","2.0NRT",288.96,1.36,"N"
"4626",31.26199,76.92695,298.68,0.49,0.65,"2026-09-14",2133,"N20","nominal","2.0NRT",286.56,0.66,"N"
"4627",30.04403,50.63341,315.59,0.53,0.67,"2026-09-14",2136,"N20","nominal","2.0NRT",300.12,1.65,"N"
"4628",32.37965,72.13676,306.47,0.49,0.49,"2026-09-14",2133,"N20","nominal","2.0NRT",292.67,2.13,"N"
"4629",30.03788,50.63128,314.47,0.53,0.67,"2026-09-14",2136,"N20","nominal","2.0NRT",299.47,1.57,"N"
"4630",34.42922,50.87809,298.23,0.56,0.69,"2026-09-14",2136,"N20","nominal","2.0NRT",287.33,0.36,"N"
"4631",30.03757,50.63667,311.23,0.53,0.67,"2026-09-14",2136,"N20","nominal","2.0NRT",300.23,1.57,"N"
"4632",33.75354,59.1464,306.03,0.56,0.43,"2026-09-14",2136,"N20","nominal","2.0NRT",287.02,1.73,"N"
"4633",33.62753,59.17054,300.87,0.56,0.43,"2026-09-14",2136,"N20","nominal","2.0NRT",288.14,1.14,"N"
"4634",29.51353,55.79599,307.48,0.51,0.5,"2026-09-14",2136,"N20","nominal","2.0NRT",289.1,1.07,"N"
"4635",33.98447,48.74566,302.34,0.74,0.76,"2026-09-14",2136,"N20","nominal","2.0NRT",286.65,1.72,"N"
"4636",33.04463,56.84832,306.75,0.49,0.49,"2026-09-14",2136,"N20","nominal","2.0NRT",295.5,1.3,"N"
"4637",29.73602,52.65058,303.22,0.4,0.6,"2026-09-14",2136,"N20","nominal","2.0NRT",291.69,1.15,"N"
"4638",30.44533,70.56808,310.53,0.44,0.46,"2026-09-14",2136,"N20","nominal","2.0NRT",294.98,0.81,"N"
"4639",32.73079,53.08731,298.55,0.4,0.6,"2026-09-14",2136,"N20","nominal","2.0NRT",287.29,0.63,"N"
"4640",29.73632,52.65158,305.12,0.4,0.6,"2026-09-14",2136,"N20","nominal","2.0NRT",293.01,1.46,"N"
"4641",32.77936,51.50411,302.98,0.5,0.66,"2026-09-14",2136,"N20","nominal","2.0NRT",292.61,2.13,"N"
"4642",29.62235,52.44645,302.34,0.41,0.61,"2026-09-14",2136,"N20","nominal","2.0NRT",292.17,1.39,"N"
"4643",29.6243,52.44484,313.63,0.41,0.61,"2026-09-14",2136,"N20","nominal","2.0NRT",293.16,1.62,"N"
"4644",29.73475,47.70973,367,0.79,0.78,"2026-09-14",2136,"N20","high","2.0NRT",298.1,15.05,"N"
"4645",29.44287,52.40158,320.37,0.41,0.61,"2026-09-14",2136,"N20","nominal","2.0NRT",283.57,1.37,"N"
"4646",29.51311,51.2556,320.92,0.48,0.65,"2026-09-14",2136,"N20","nominal","2.0NRT",299.86,3.93,"N"
"4647",29.51093,51.2541,321.84,0.48,0.65,"2026-09-14",2136,"N20","nominal","2.0NRT",299.62,3.55,"N"
"4648",29.36711,52.60919,316.47,0.4,0.6,"2026-09-14",2136,"N20","nominal","2.0NRT",292.19,2.49,"N"
"4649",29.25741,53.11629,334.14,0.37,0.58,"2026-09-14",2136,"N20","nominal","2.0NRT",287.06,3.71,"N"
"4650",29.25711,53.12017,332.55,0.37,0.58,"2026-09-14",2136,"N20","nominal","2.0NRT",291.95,3.71,"N"
"4651",29.25961,53.11681,339.69,0.37,0.58,"2026-09-14",2136,"N20","nominal","2.0NRT",286.34,4.76,"N"
"4652",29.25929,53.12067,335.66,0.37,0.58,"2026-09-14",2136,"N20","nominal","2.0NRT",290.09,4.71,"N"
"4653",29.19467,52.83379,303.08,0.39,0.59,"2026-09-14",2136,"N20","nominal","2.0NRT",291.49,1.27,"N"
"4654",29.19436,52.838,305.51,0.39,0.59,"2026-09-14",2136,"N20","nominal","2.0NRT",294.46,2.65,"N"
"4655",29.19333,52.83553,303.76,0.39,0.59,"2026-09-14",2136,"N20","nominal","2.0NRT",292.95,1.96,"N"
"4656",29.19298,52.83976,305.84,0.38,0.59,"2026-09-14",2136,"N20","nominal","2.0NRT",294.95,2.65,"N"
"4657",29.2457,50.29813,315.23,0.55,0.68,"2026-09-14",2136,"N20","nominal","2.0NRT",299.56,0.83,"N"
"4658",28.77617,53.69312,321.41,0.34,0.56,"2026-09-14",2138,"N20","nominal","2.0NRT",289.47,2.08,"N"
"4659",29.00957,47.7408,367,0.78,0.78,"2026-09-14",2138,"N20","high","2.0NRT",298.1,14.18,"N"
"4660",28.68451,52.09029,323.89,0.42,0.61,"2026-09-14",2138,"N20","nominal","2.0NRT",296.94,2.53,"N"
"4661",28.49748,49.70649,367,0.59,0.7,"2026-09-14",2138,"N20","high","2.0NRT",303.08,33.23,"N"
"4662",28.49713,49.71259,343.03,0.59,0.7,"2026-09-14",2138,"N20","nominal","2.0NRT",304.19,33.23,"N"
"4663",28.49678,49.71869,318.08,0.59,0.7,"2026-09-14",2138,"N20","nominal","2.0NRT",301.21,6.83,"N"
"4664",27.93239,52.19167,324.81,0.41,0.61,"2026-09-14",2138,"N20","nominal","2.0NRT",300.43,2.46,"N"
"4665",27.4245,56.49845,310.16,0.44,0.46,"2026-09-14",2138,"N20","nominal","2.0NRT",297.62,1.69,"N"
"4666",28.0018,48.73556,307.42,0.67,0.73,"2026-09-14",2138,"N20","nominal","2.0NRT",295.01,1.44,"N"
"4667",27.76126,52.16275,367,0.41,0.61,"2026-09-14",2138,"N20","high","2.0NRT",303.24,6.53,"N"
"4668",27.76159,52.15823,314.89,0.41,0.61,"2026-09-14",2138,"N20","nominal","2.0NRT",301.35,6.53,"N"
"4669",27.74518,52.15134,319.18,0.41,0.61,"2026-09-14",2138,"N20","nominal","2.0NRT",301.28,1.59,"N"
"4670",27.76308,52.16087,351.46,0.41,0.6,"2026-09-14",2138,"N20","nominal","2.0NRT",301.22,6.21,"N"
"4671",27.76271,52.16546,350.71,0.41,0.6,"2026-09-14",2138,"N20","nominal","2.0NRT",302.98,6.21,"N"
"4672",27.75929,52.13819,315.28,0.41,0.61,"2026-09-14",2138,"N20","nominal","2.0NRT",301.42,1.07,"N"
"4673",27.74707,52.1496,313.63,0.41,0.61,"2026-09-14",2138,"N20","nominal","2.0NRT",301.36,1.32,"N"
"4674",27.72303,52.16803,320.72,0.41,0.6,"2026-09-14",2138,"N20","nominal","2.0NRT",302.23,7.87,"N"
"4675",27.7227,52.17221,367,0.41,0.6,"2026-09-14",2138,"N20","high","2.0NRT",303.65,10.64,"N"
"4676",27.72237,52.17641,338.38,0.41,0.6,"2026-09-14",2138,"N20","nominal","2.0NRT",302.5,10.64,"N"
"4677",27.71645,52.17997,324.64,0.41,0.6,"2026-09-14",2138,"N20","nominal","2.0NRT",301.78,4.77,"N"
"4678",27.71612,52.18417,336.33,0.41,0.6,"2026-09-14",2138,"N20","nominal","2.0NRT",301.98,4.77,"N"
"4679",27.69021,52.22749,340.59,0.4,0.6,"2026-09-14",2138,"N20","nominal","2.0NRT",301.58,5.1,"N"
"4680",27.68989,52.23162,355.31,0.4,0.6,"2026-09-14",2138,"N20","nominal","2.0NRT",302.51,5.1,"N"
"4681",27.68858,52.24833,313.85,0.4,0.6,"2026-09-14",2138,"N20","nominal","2.0NRT",301.37,1.58,"N"
"4682",27.68335,52.24348,346.19,0.4,0.6,"2026-09-14",2138,"N20","nominal","2.0NRT",301.95,4.52,"N"
"4683",27.68303,52.24761,346.18,0.4,0.6,"2026-09-14",2138,"N20","nominal","2.0NRT",302.28,4.52,"N"
"4684",25.38959,68.58064,299.43,0.42,0.45,"2026-09-14",2138,"N20","nominal","2.0NRT",275,0.51,"N"
"4685",25.38876,68.58475,302.1,0.42,0.45,"2026-09-14",2138,"N20","nominal","2.0NRT",274.95,0.51,"N"
"4686",27.58153,52.54025,314.37,0.39,0.59,"2026-09-14",2138,"N20","nominal","2.0NRT",301.17,3.36,"N"
"4687",27.81476,48.85163,338.6,0.65,0.73,"2026-09-14",2138,"N20","nominal","2.0NRT",297.58,16.19,"N"
"4688",27.81439,48.85841,355.59,0.65,0.73,"2026-09-14",2138,"N20","nominal","2.0NRT",301.25,18.05,"N"
"4689",27.56357,52.55803,316.6,0.38,0.59,"2026-09-14",2138,"N20","nominal","2.0NRT",301,3.92,"N"
"4690",27.81347,48.61744,314.18,0.68,0.74,"2026-09-14",2138,"N20","nominal","2.0NRT",297.33,2.8,"N"
"4691",27.80626,48.62387,323.47,0.67,0.74,"2026-09-14",2138,"N20","nominal","2.0NRT",297.23,5.92,"N"
"4692",27.54496,52.58427,347.5,0.38,0.59,"2026-09-14",2138,"N20","nominal","2.0NRT",301.39,6.55,"N"
"4693",27.80662,48.61688,316.52,0.68,0.74,"2026-09-14",2138,"N20","nominal","2.0NRT",296.61,2.8,"N"
"4694",27.79942,48.62332,320.39,0.67,0.74,"2026-09-14",2138,"N20","nominal","2.0NRT",296.73,4.81,"N"
"4695",27.79977,48.61633,316.4,0.68,0.74,"2026-09-14",2138,"N20","nominal","2.0NRT",295.98,4.41,"N"
"4696",27.53315,52.59465,319.41,0.38,0.59,"2026-09-14",2138,"N20","nominal","2.0NRT",300.87,1.84,"N"
"4697",27.52272,52.58784,332.21,0.38,0.59,"2026-09-14",2138,"N20","nominal","2.0NRT",300.96,7.25,"N"
"4698",27.52239,52.59198,347.86,0.38,0.59,"2026-09-14",2138,"N20","nominal","2.0NRT",301.49,5.85,"N"
"4699",27.51697,52.59114,325.63,0.38,0.59,"2026-09-14",2138,"N20","nominal","2.0NRT",301.34,2.14,"N"
"4700",27.51536,52.61147,367,0.38,0.59,"2026-09-14",2138,"N20","high","2.0NRT",301.53,4.54,"N"
"4701",27.5147,52.61989,367,0.38,0.59,"2026-09-14",2138,"N20","high","2.0NRT",302.22,4.67,"N"
"4702",27.51433,52.62458,352.1,0.38,0.59,"2026-09-14",2138,"N20","nominal","2.0NRT",302.03,6.4,"N"
"4703",27.5157,52.60726,318.79,0.38,0.59,"2026-09-14",2138,"N20","nominal","2.0NRT",300.64,4.54,"N"
"4704",27.51502,52.61582,314.51,0.38,0.59,"2026-09-14",2138,"N20","nominal","2.0NRT",301.16,4.67,"N"
"4705",27.48684,52.96552,319.77,0.36,0.58,"2026-09-14",2138,"N20","nominal","2.0NRT",299.06,2.83,"N"
"4706",27.50899,52.6228,324.12,0.38,0.59,"2026-09-14",2138,"N20","nominal","2.0NRT",301.36,6.4,"N"
"4707",27.50831,52.63145,336.61,0.38,0.59,"2026-09-14",2138,"N20","nominal","2.0NRT",301.12,3.58,"N"
"4708",27.50795,52.63604,341.14,0.38,0.59,"2026-09-14",2138,"N20","nominal","2.0NRT",301.25,3.58,"N"
"4709",27.50966,52.61428,311.84,0.38,0.59,"2026-09-14",2138,"N20","nominal","2.0NRT",300.71,4.67,"N"
"4710",27.50933,52.61851,317.35,0.38,0.59,"2026-09-14",2138,"N20","nominal","2.0NRT",300.97,4.67,"N"
"4711",27.50757,52.64092,315.55,0.38,0.59,"2026-09-14",2138,"N20","nominal","2.0NRT",301.2,4.48,"N"
"4712",27.502,52.64213,335.11,0.38,0.59,"2026-09-14",2138,"N20","nominal","2.0NRT",300.59,6.22,"N"
"4713",27.50164,52.64676,327.15,0.38,0.59,"2026-09-14",2138,"N20","nominal","2.0NRT",301.09,4.34,"N"
"4714",27.50267,52.63354,314.12,0.38,0.59,"2026-09-14",2138,"N20","nominal","2.0NRT",300.8,2.25,"N"
"4715",27.49634,52.64455,346.81,0.38,0.59,"2026-09-14",2138,"N20","nominal","2.0NRT",301.02,4.34,"N"
"4716",27.80554,48.6214,345.6,0.67,0.74,"2026-09-14",2138,"N20","nominal","2.0NRT",298.94,4.93,"N"
"4717",27.52097,52.5914,367,0.38,0.59,"2026-09-14",2138,"N20","high","2.0NRT",302.12,5.14,"N"
"4718",27.48828,52.96482,321.96,0.36,0.58,"2026-09-14",2138,"N20","nominal","2.0NRT",299.18,2.55,"N"
"4719",27.80593,48.61448,311.56,0.68,0.74,"2026-09-14",2138,"N20","nominal","2.0NRT",296.77,4.37,"N"
"4720",27.80514,48.62844,310.13,0.67,0.74,"2026-09-14",2138,"N20","nominal","2.0NRT",297.75,4.93,"N"
"4721",27.51919,52.61204,318.24,0.38,0.59,"2026-09-14",2138,"N20","nominal","2.0NRT",301.02,3.19,"N"
"4722",27.51384,52.61055,352.02,0.38,0.59,"2026-09-14",2138,"N20","nominal","2.0NRT",300.89,3.19,"N"
"4723",27.5131,52.61909,367,0.38,0.59,"2026-09-14",2138,"N20","high","2.0NRT",301.47,9.26,"N"
"4724",27.51275,52.62313,354.76,0.38,0.59,"2026-09-14",2138,"N20","nominal","2.0NRT",303.02,9.26,"N"
"4725",27.51557,52.5904,316.6,0.38,0.59,"2026-09-14",2138,"N20","nominal","2.0NRT",301.1,5.14,"N"
"4726",27.51348,52.61473,317.24,0.38,0.59,"2026-09-14",2138,"N20","nominal","2.0NRT",301.19,3.19,"N"
"4727",27.5067,52.62992,323.91,0.38,0.59,"2026-09-14",2138,"N20","nominal","2.0NRT",300.62,2.77,"N"
"4728",27.50629,52.63469,339.88,0.38,0.59,"2026-09-14",2138,"N20","nominal","2.0NRT",301.27,4.39,"N"
"4729",27.5059,52.63925,340.58,0.38,0.59,"2026-09-14",2138,"N20","nominal","2.0NRT",302.07,4.39,"N"
"4730",27.50026,52.64125,321.6,0.38,0.59,"2026-09-14",2138,"N20","nominal","2.0NRT",301.04,4.2,"N"
"4731",27.49988,52.64565,348.3,0.38,0.59,"2026-09-14",2138,"N20","nominal","2.0NRT",300.81,4.2,"N"
"4732",27.49954,52.64967,334.47,0.38,0.59,"2026-09-14",2138,"N20","nominal","2.0NRT",301.58,4.85,"N"
"4733",27.16068,56.09908,319.29,0.46,0.47,"2026-09-14",2138,"N20","nominal","2.0NRT",298.34,2.63,"N"
"4734",27.16016,56.10374,319.97,0.46,0.47,"2026-09-14",2138,"N20","nominal","2.0NRT",298.57,2.63,"N"
"4735",27.14612,56.11113,313.77,0.46,0.47,"2026-09-14",2138,"N20","nominal","2.0NRT",298.44,1.4,"N"
"4736",27.53458,49.18168,317.32,0.62,0.71,"2026-09-14",2138,"N20","nominal","2.0NRT",298.37,3.17,"N"
"4737",27.53353,49.20082,313.08,0.62,0.71,"2026-09-14",2138,"N20","nominal","2.0NRT",299.26,2.95,"N"
"4738",27.53687,49.18241,318.98,0.62,0.71,"2026-09-14",2138,"N20","nominal","2.0NRT",298.54,3.51,"N"
"4739",27.52909,49.201,314.13,0.62,0.71,"2026-09-14",2138,"N20","nominal","2.0NRT",297.23,3,"N"
"4740",25.05205,67.49566,300.31,0.56,0.43,"2026-09-14",2138,"N20","nominal","2.0NRT",269.97,1.42,"N"
"4741",27.10372,49.30465,311.19,0.6,0.71,"2026-09-14",2138,"N20","nominal","2.0NRT",297.12,3.36,"N"
"4742",27.10337,49.31084,311.75,0.6,0.71,"2026-09-14",2138,"N20","nominal","2.0NRT",297.49,3.69,"N"
"4743",27.09716,49.30408,307.16,0.6,0.71,"2026-09-14",2138,"N20","nominal","2.0NRT",297.12,1.5,"N"
"4744",27.0753,49.57124,314.17,0.58,0.7,"2026-09-14",2138,"N20","nominal","2.0NRT",303,4.81,"N"
"4745",26.79608,53.34419,318.16,0.34,0.56,"2026-09-14",2138,"N20","nominal","2.0NRT",301.59,1.19,"N"
"4746",27.10446,49.31142,308.7,0.6,0.71,"2026-09-14",2138,"N20","nominal","2.0NRT",297.44,3.96,"N"
"4747",27.0983,49.30469,308.36,0.6,0.71,"2026-09-14",2138,"N20","nominal","2.0NRT",297.06,2.28,"N"
"4748",27.07479,49.57148,315.05,0.58,0.7,"2026-09-14",2138,"N20","nominal","2.0NRT",303.05,4.22,"N"
"4749",27.04857,49.57519,323.33,0.58,0.7,"2026-09-14",2138,"N20","nominal","2.0NRT",302.98,6.08,"N"
"4750",25.97595,56.07099,311.44,0.45,0.47,"2026-09-14",2138,"N20","nominal","2.0NRT",300.36,3.16,"N"
"4751",25.96789,56.06527,315.63,0.45,0.47,"2026-09-14",2138,"N20","nominal","2.0NRT",300.69,1.11,"N"
"4752",26.17004,52.2479,367,0.39,0.59,"2026-09-14",2138,"N20","high","2.0NRT",307.23,7.92,"N"
"4753",26.16457,52.24729,342.87,0.39,0.59,"2026-09-14",2138,"N20","nominal","2.0NRT",303.55,7.92,"N"
"4754",26.16906,52.24802,367,0.39,0.59,"2026-09-14",2138,"N20","high","2.0NRT",309.03,15.81,"N"
"4755",26.2479,49.96759,314.72,0.54,0.68,"2026-09-14",2138,"N20","nominal","2.0NRT",300.81,4.3,"N"
"4756",25.57393,55.98759,310.68,0.45,0.47,"2026-09-14",2138,"N20","nominal","2.0NRT",300.42,1.1,"N"
"4757",25.91949,51.55959,312.63,0.43,0.62,"2026-09-14",2138,"N20","nominal","2.0NRT",301.34,0.73,"N"
"4758",25.91916,51.56388,311.82,0.43,0.62,"2026-09-14",2138,"N20","nominal","2.0NRT",301.57,1.59,"N"
"4759",25.9138,51.55902,323.77,0.43,0.62,"2026-09-14",2138,"N20","nominal","2.0NRT",302.39,0.73,"N"
"4760",25.90676,51.50164,331.16,0.43,0.62,"2026-09-14",2138,"N20","nominal","2.0NRT",305.61,6.08,"N"
"4761",25.90375,51.54055,339.19,0.43,0.62,"2026-09-14",2138,"N20","nominal","2.0NRT",301.96,7.55,"N"
"4762",25.90342,51.54485,336.47,0.43,0.62,"2026-09-14",2138,"N20","nominal","2.0NRT",303.13,9.31,"N"
"4763",25.91146,51.56117,321.14,0.43,0.62,"2026-09-14",2138,"N20","nominal","2.0NRT",301.93,4.69,"N"
"4764",25.90723,51.54336,367,0.43,0.62,"2026-09-14",2138,"N20","high","2.0NRT",302.85,10.06,"N"
"4765",25.90479,51.50395,322.22,0.43,0.62,"2026-09-14",2138,"N20","nominal","2.0NRT",304.15,5.04,"N"
"4766",25.8962,51.53788,315.13,0.43,0.62,"2026-09-14",2138,"N20","nominal","2.0NRT",302.8,4.47,"N"
"4767",25.88516,51.53234,312.4,0.43,0.62,"2026-09-14",2138,"N20","nominal","2.0NRT",301.45,2.8,"N"
"4768",25.31009,56.37049,316.79,0.42,0.45,"2026-09-14",2138,"N20","nominal","2.0NRT",301.18,0.84,"N"
"4769",25.93354,49.69758,312.86,0.56,0.69,"2026-09-14",2138,"N20","nominal","2.0NRT",298.06,2.45,"N"
"4770",25.59679,52.53842,337.46,0.37,0.58,"2026-09-14",2138,"N20","nominal","2.0NRT",303.91,7.37,"N"
"4771",25.59645,52.5421,354.18,0.37,0.58,"2026-09-14",2138,"N20","nominal","2.0NRT",306.66,9.08,"N"
"4772",25.53469,53.14544,367,0.33,0.56,"2026-09-14",2138,"N20","high","2.0NRT",304.66,14.72,"N"
"4773",25.53437,53.14879,350.7,0.33,0.56,"2026-09-14",2138,"N20","nominal","2.0NRT",304.45,14.72,"N"
"4774",25.5087,53.14574,335.32,0.33,0.56,"2026-09-14",2138,"N20","nominal","2.0NRT",302.42,2.37,"N"
"4775",25.50838,53.1491,322.5,0.33,0.56,"2026-09-14",2138,"N20","nominal","2.0NRT",302.67,2.2,"N"
"4776",25.49385,52.3842,350.82,0.37,0.58,"2026-09-14",2138,"N20","nominal","2.0NRT",304.44,4.12,"N"
"4777",25.42491,52.73048,314.03,0.35,0.57,"2026-09-14",2138,"N20","nominal","2.0NRT",302.61,1.45,"N"
"4778",25.67985,49.40455,308.12,0.58,0.7,"2026-09-14",2138,"N20","nominal","2.0NRT",297.07,1.42,"N"
"4779",25.64231,49.38346,314,0.58,0.7,"2026-09-14",2138,"N20","nominal","2.0NRT",296.52,2.9,"N"
"4780",25.64193,49.38939,316.19,0.58,0.7,"2026-09-14",2138,"N20","nominal","2.0NRT",296.5,3.62,"N"
"4781",25.64138,49.38638,316.11,0.58,0.7,"2026-09-14",2138,"N20","nominal","2.0NRT",296.71,1.45,"N"
"4782",25.64096,49.39226,313.8,0.58,0.7,"2026-09-14",2138,"N20","nominal","2.0NRT",296.6,1.45,"N"
"4783",25.63493,49.3858,309.86,0.58,0.7,"2026-09-14",2138,"N20","nominal","2.0NRT",294.83,1.45,"N"
"4784",25.45234,50.7834,341.79,0.47,0.64,"2026-09-14",2138,"N20","nominal","2.0NRT",300.93,5.34,"N"
"4785",25.45483,50.78063,310.78,0.47,0.64,"2026-09-14",2138,"N20","nominal","2.0NRT",299.81,2.19,"N"
"4786",25.45443,50.78542,316.46,0.47,0.64,"2026-09-14",2138,"N20","nominal","2.0NRT",299.96,2.36,"N"
"4787",25.44889,50.78006,310.28,0.47,0.64,"2026-09-14",2138,"N20","nominal","2.0NRT",300.05,2.19,"N"
"4788",25.44849,50.78495,315.02,0.47,0.64,"2026-09-14",2138,"N20","nominal","2.0NRT",299.4,2.36,"N"
"4789",24.86845,56.36428,318.7,0.42,0.45,"2026-09-14",2138,"N20","nominal","2.0NRT",300,1.14,"N"
"4790",25.38177,50.79711,311.31,0.47,0.64,"2026-09-14",2138,"N20","nominal","2.0NRT",300.31,2.27,"N"
"4791",25.1789,52.87014,322.67,0.35,0.56,"2026-09-14",2138,"N20","nominal","2.0NRT",302.79,13.37,"N"
"4792",25.17858,52.8736,346.78,0.35,0.56,"2026-09-14",2138,"N20","nominal","2.0NRT",308.04,13.37,"N"
"4793",25.17827,52.87705,321.2,0.35,0.56,"2026-09-14",2138,"N20","nominal","2.0NRT",302.87,8.1,"N"
"4794",25.17369,52.86953,367,0.35,0.56,"2026-09-14",2138,"N20","high","2.0NRT",304.79,8.68,"N"
"4795",25.17338,52.87298,353.87,0.35,0.56,"2026-09-14",2138,"N20","nominal","2.0NRT",304.23,8.68,"N"
"4796",25.17307,52.87643,314.69,0.35,0.56,"2026-09-14",2138,"N20","nominal","2.0NRT",302.56,4.22,"N"
"4797",25.16817,52.87236,327.31,0.35,0.56,"2026-09-14",2138,"N20","nominal","2.0NRT",302.41,8.68,"N"
"4798",25.16786,52.87583,335.71,0.35,0.56,"2026-09-14",2138,"N20","nominal","2.0NRT",303.76,4.22,"N"
"4799",25.16359,52.86485,367,0.35,0.56,"2026-09-14",2138,"N20","high","2.0NRT",305.68,14.35,"N"
"4800",25.16328,52.86837,342.18,0.35,0.56,"2026-09-14",2138,"N20","nominal","2.0NRT",309.98,8.83,"N"
"4801",25.16296,52.87184,326.38,0.35,0.56,"2026-09-14",2138,"N20","nominal","2.0NRT",303.01,8.83,"N"
"4802",25.16265,52.87528,329.55,0.35,0.56,"2026-09-14",2138,"N20","nominal","2.0NRT",303.69,5.37,"N"
"4803",25.15839,52.86422,313.09,0.35,0.56,"2026-09-14",2138,"N20","nominal","2.0NRT",302.27,14.35,"N"
"4804",25.15807,52.86773,313.41,0.35,0.56,"2026-09-14",2138,"N20","nominal","2.0NRT",301.93,8.83,"N"
"4805",25.16273,52.86524,367,0.35,0.56,"2026-09-14",2138,"N20","high","2.0NRT",306.78,28.85,"N"
"4806",25.16239,52.86876,340.3,0.35,0.56,"2026-09-14",2138,"N20","nominal","2.0NRT",309.5,11.66,"N"
"4807",25.16206,52.87222,315.13,0.34,0.56,"2026-09-14",2138,"N20","nominal","2.0NRT",302.64,11.66,"N"
"4808",25.347,50.19738,315.91,0.51,0.66,"2026-09-14",2138,"N20","nominal","2.0NRT",298.2,2.17,"N"
"4809",25.34661,50.20253,310.62,0.51,0.66,"2026-09-14",2138,"N20","nominal","2.0NRT",298.36,2.77,"N"
"4810",24.90563,53.72497,339.08,0.61,0.53,"2026-09-14",2138,"N20","nominal","2.0NRT",301.16,7.37,"N"
"4811",24.90504,53.731,318.82,0.6,0.53,"2026-09-14",2138,"N20","nominal","2.0NRT",301.37,5.42,"N"
"4812",25.22921,49.86059,339.06,0.54,0.68,"2026-09-14",2138,"N20","nominal","2.0NRT",296.89,4.86,"N"
"4813",25.14433,50.83512,320.99,0.46,0.64,"2026-09-14",2138,"N20","nominal","2.0NRT",299.95,1.56,"N"
"4814",25.21081,49.28314,308.24,0.58,0.7,"2026-09-14",2138,"N20","nominal","2.0NRT",296.82,1.49,"N"
"4815",25.21029,49.28325,308.88,0.58,0.7,"2026-09-14",2138,"N20","nominal","2.0NRT",296.51,1.41,"N"
"4816",24.50816,56.61056,312.97,0.4,0.44,"2026-09-14",2138,"N20","nominal","2.0NRT",302.11,1.46,"N"
"4817",24.50457,56.60603,342.69,0.4,0.44,"2026-09-14",2138,"N20","nominal","2.0NRT",303.07,6.86,"N"
"4818",24.50505,56.60209,316.98,0.4,0.44,"2026-09-14",2138,"N20","nominal","2.0NRT",302.27,1.94,"N"
"4819",24.87815,53.07148,321.51,0.33,0.55,"2026-09-14",2138,"N20","nominal","2.0NRT",300.28,0.14,"N"
"4820",24.83658,53.49921,339.66,0.62,0.54,"2026-09-14",2138,"N20","nominal","2.0NRT",301.99,11.37,"N"
"4821",24.83597,53.50542,323.62,0.62,0.54,"2026-09-14",2138,"N20","nominal","2.0NRT",301.99,8.6,"N"
"4822",25.26101,48.10179,308.82,0.69,0.74,"2026-09-14",2138,"N20","nominal","2.0NRT",296.79,5.79,"N"
"4823",25.25453,48.09431,367,0.69,0.74,"2026-09-14",2138,"N20","high","2.0NRT",297.72,38.06,"N"
"4824",25.25411,48.10128,325.01,0.69,0.74,"2026-09-14",2138,"N20","nominal","2.0NRT",309.63,38.06,"N"
"4825",25.17558,49.31529,329.8,0.58,0.7,"2026-09-14",2138,"N20","nominal","2.0NRT",295.43,3.96,"N"
"4826",24.80367,53.73014,322.83,0.6,0.53,"2026-09-14",2138,"N20","nominal","2.0NRT",301.82,3.66,"N"
"4827",25.25495,48.08736,306.73,0.69,0.74,"2026-09-14",2138,"N20","nominal","2.0NRT",295.37,8.42,"N"
"4828",25.25369,48.10823,306.94,0.69,0.74,"2026-09-14",2138,"N20","nominal","2.0NRT",295.74,24.9,"N"
"4829",25.24763,48.09372,344.18,0.69,0.74,"2026-09-14",2138,"N20","nominal","2.0NRT",294.37,38.06,"N"
"4830",25.24721,48.1007,352.76,0.69,0.74,"2026-09-14",2138,"N20","nominal","2.0NRT",297.2,38.06,"N"
"4831",24.79877,53.72953,339.09,0.6,0.53,"2026-09-14",2138,"N20","nominal","2.0NRT",301.39,3.66,"N"
"4832",24.47235,56.63333,312.17,0.4,0.44,"2026-09-14",2138,"N20","nominal","2.0NRT",300.4,0.73,"N"
"4833",24.46563,56.62039,311.89,0.4,0.44,"2026-09-14",2138,"N20","nominal","2.0NRT",300.78,1.37,"N"
"4834",24.95602,51.58363,312.49,0.41,0.61,"2026-09-14",2138,"N20","nominal","2.0NRT",302.24,3.81,"N"
"4835",24.45723,56.55119,313.83,0.4,0.44,"2026-09-14",2138,"N20","nominal","2.0NRT",300.51,1.5,"N"
"4836",24.9578,51.5867,311.59,0.41,0.61,"2026-09-14",2138,"N20","nominal","2.0NRT",301.02,1.94,"N"
"4837",24.98531,50.92828,367,0.46,0.63,"2026-09-14",2138,"N20","high","2.0NRT",301.38,8.66,"N"
"4838",24.93185,51.55877,350.99,0.42,0.61,"2026-09-14",2138,"N20","nominal","2.0NRT",300.03,5.96,"N"
"4839",24.93149,51.56294,330.18,0.42,0.61,"2026-09-14",2138,"N20","nominal","2.0NRT",303.46,3.13,"N"
"4840",24.92586,51.56234,314.28,0.42,0.61,"2026-09-14",2138,"N20","nominal","2.0NRT",301.76,3.13,"N"
"4841",24.51275,54.01843,338.96,0.57,0.52,"2026-09-14",2138,"N20","nominal","2.0NRT",301.55,4.49,"N"
"4842",24.51332,54.01272,313.04,0.57,0.52,"2026-09-14",2138,"N20","nominal","2.0NRT",300.83,2.94,"N"
"4843",24.51309,54.01681,344.23,0.57,0.52,"2026-09-14",2138,"N20","nominal","2.0NRT",301.14,4.22,"N"
"4844",24.50829,54.0162,313.07,0.57,0.52,"2026-09-14",2138,"N20","nominal","2.0NRT",300.96,4.22,"N"
"4845",24.8949,49.20676,308.04,0.58,0.7,"2026-09-14",2138,"N20","nominal","2.0NRT",295.76,1.51,"N"
"4846",24.88321,49.18772,306.23,0.59,0.7,"2026-09-14",2138,"N20","nominal","2.0NRT",295.61,1.34,"N"
"4847",24.87386,49.22825,309.22,0.58,0.7,"2026-09-14",2138,"N20","nominal","2.0NRT",295.35,0.94,"N"
"4848",24.329,54.47023,317.65,0.53,0.5,"2026-09-14",2138,"N20","nominal","2.0NRT",302.09,1.41,"N"
"4849",24.32435,54.46963,313.65,0.53,0.5,"2026-09-14",2138,"N20","nominal","2.0NRT",302.35,1.41,"N"
"4850",24.53437,49.22029,311.47,0.58,0.7,"2026-09-14",2138,"N20","nominal","2.0NRT",294.08,1.03,"N"
"4851",24.13286,52.7009,318.72,0.34,0.56,"2026-09-14",2138,"N20","nominal","2.0NRT",300.79,0.95,"N"
"4852",24.12321,52.74805,318.08,0.34,0.56,"2026-09-14",2138,"N20","nominal","2.0NRT",300.45,0.76,"N"
"4853",24.12012,52.66821,314.32,0.35,0.56,"2026-09-14",2138,"N20","nominal","2.0NRT",303.14,1.38,"N"
"4854",23.48372,58.28084,318.84,0.48,0.4,"2026-09-14",2138,"N20","nominal","2.0NRT",302.94,1.5,"N"
"4855",24.11927,52.66854,314.05,0.35,0.56,"2026-09-14",2138,"N20","nominal","2.0NRT",302.98,2.01,"N"
"4856",23.36508,56.28278,314.55,0.4,0.44,"2026-09-14",2138,"N20","nominal","2.0NRT",298.23,1.56,"N"
"4857",24.00945,49.14371,319.85,0.58,0.7,"2026-09-14",2138,"N20","nominal","2.0NRT",296.21,2.13,"N"
"4858",24.00858,49.14347,314.31,0.58,0.7,"2026-09-14",2138,"N20","nominal","2.0NRT",295.84,2.42,"N"
"4859",23.55103,53.32476,308.19,0.62,0.54,"2026-09-14",2138,"N20","nominal","2.0NRT",297.86,1.13,"N"
"4860",23.54607,53.32418,342.06,0.62,0.54,"2026-09-14",2138,"N20","nominal","2.0NRT",300.34,26.29,"N"
"4861",23.91796,48.25935,305.86,0.66,0.73,"2026-09-14",2138,"N20","nominal","2.0NRT",294.62,1.89,"N"
"4862",23.91522,48.26449,307.87,0.66,0.73,"2026-09-14",2138,"N20","nominal","2.0NRT",295.99,1.74,"N"
"4863",23.19271,55.4547,335.13,0.45,0.47,"2026-09-14",2138,"N20","nominal","2.0NRT",299.3,3.13,"N"
"4864",23.31362,54.17554,310.94,0.54,0.51,"2026-09-14",2138,"N20","nominal","2.0NRT",299.56,2.62,"N"
"4865",22.92935,55.8036,319.32,0.43,0.46,"2026-09-14",2138,"N20","nominal","2.0NRT",298.55,1.57,"N"
"4866",22.92517,55.80299,321.53,0.43,0.46,"2026-09-14",2138,"N20","nominal","2.0NRT",297.97,1.57,"N"
"4867",22.87969,55.92468,326.85,0.42,0.45,"2026-09-14",2138,"N20","nominal","2.0NRT",299.49,2.18,"N"
"4868",23.48869,48.2914,319.26,0.65,0.73,"2026-09-14",2138,"N20","nominal","2.0NRT",294.62,2.72,"N"
"4869",22.67442,56.24727,308.41,0.4,0.44,"2026-09-14",2138,"N20","nominal","2.0NRT",298.23,0.7,"N"
"4870",22.40688,56.98826,325.65,0.54,0.42,"2026-09-14",2138,"N20","nominal","2.0NRT",296.53,2.67,"N"
"4871",22.33059,56.48712,329.95,0.57,0.43,"2026-09-14",2138,"N20","nominal","2.0NRT",297.17,1.91,"N"
"4872",22.32866,56.46999,317.39,0.57,0.43,"2026-09-14",2138,"N20","nominal","2.0NRT",297.88,1.69,"N"
"4873",22.32661,56.48658,313.06,0.57,0.43,"2026-09-14",2138,"N20","nominal","2.0NRT",297.06,0.87,"N"
"4874",22.54354,53.91814,342.95,0.55,0.51,"2026-09-14",2138,"N20","nominal","2.0NRT",301.11,24.09,"N"
"4875",21.93717,57.07302,332.49,0.53,0.42,"2026-09-14",2138,"N20","nominal","2.0NRT",296.21,5.53,"N"
"4876",21.89047,56.84369,322.6,0.54,0.42,"2026-09-14",2138,"N20","nominal","2.0NRT",295.88,1.73,"N"
"4877",21.90344,56.49144,312.67,0.57,0.43,"2026-09-14",2138,"N20","nominal","2.0NRT",296.08,1.1,"N"
"4878",21.83591,56.67942,323.45,0.55,0.43,"2026-09-14",2138,"N20","nominal","2.0NRT",296.07,2.79,"N"
"4879",21.83595,56.67745,307.43,0.55,0.43,"2026-09-14",2138,"N20","nominal","2.0NRT",295.76,1.35,"N"
"4880",21.83525,56.68277,316.77,0.55,0.43,"2026-09-14",2138,"N20","nominal","2.0NRT",296.44,1.67,"N"
"4881",18.69143,73.03685,301.9,0.55,0.68,"2026-09-14",2138,"N20","nominal","2.0NRT",286.77,1.6,"N"
"4882",18.69209,73.03918,300.36,0.55,0.68,"2026-09-14",2138,"N20","nominal","2.0NRT",286.58,0.73,"N"
"4883",18.68981,73.04929,300.85,0.55,0.68,"2026-09-14",2138,"N20","nominal","2.0NRT",287.61,1.18,"N"
"4884",21.33409,57.72422,317.54,0.48,0.4,"2026-09-14",2138,"N20","nominal","2.0NRT",294.85,1.35,"N"
"4885",21.31943,57.72189,318.28,0.48,0.4,"2026-09-14",2138,"N20","nominal","2.0NRT",295.16,1.92,"N"
"4886",21.31265,57.74437,330.35,0.48,0.4,"2026-09-14",2138,"N20","nominal","2.0NRT",295.14,1.92,"N"
"4887",21.31327,57.73978,305.41,0.48,0.4,"2026-09-14",2138,"N20","nominal","2.0NRT",294.3,1.92,"N"
"4888",21.30522,57.79934,312.6,0.48,0.4,"2026-09-14",2138,"N20","nominal","2.0NRT",294.54,1.12,"N"
"4889",21.30662,57.70573,311.43,0.48,0.4,"2026-09-14",2138,"N20","nominal","2.0NRT",294.61,1.16,"N"
"4890",21.2987,57.68092,309.87,0.48,0.4,"2026-09-14",2138,"N20","nominal","2.0NRT",294.46,1.01,"N"
"4891",21.29839,57.09722,307.28,0.52,0.41,"2026-09-14",2138,"N20","nominal","2.0NRT",295.11,1.01,"N"
"4892",21.33448,56.69831,341.71,0.54,0.42,"2026-09-14",2138,"N20","nominal","2.0NRT",297.87,12.36,"N"
"4893",21.00453,56.53267,330.24,0.55,0.43,"2026-09-14",2138,"N20","nominal","2.0NRT",295.06,2.67,"N"
"4894",21.00063,56.53209,330.38,0.55,0.43,"2026-09-14",2138,"N20","nominal","2.0NRT",294.89,2.67,"N"
"4895",21.00434,56.53059,332.3,0.55,0.43,"2026-09-14",2138,"N20","nominal","2.0NRT",295.36,6.32,"N"
"4896",21.00044,56.53001,304.83,0.55,0.43,"2026-09-14",2138,"N20","nominal","2.0NRT",294.09,0.91,"N"
"4897",20.55954,56.42061,305.39,0.55,0.43,"2026-09-14",2140,"N20","nominal","2.0NRT",294.02,0.79,"N"
"4898",20.37476,55.93309,304.9,0.39,0.44,"2026-09-14",2140,"N20","nominal","2.0NRT",294.05,0.61,"N"
"4899",20.38833,55.6609,327.23,0.4,0.44,"2026-09-14",2140,"N20","nominal","2.0NRT",294.19,2.85,"N"
"4900",20.38617,55.64479,317.25,0.4,0.45,"2026-09-14",2140,"N20","nominal","2.0NRT",293.66,1.82,"N"
"4901",20.21227,55.71202,323.16,0.4,0.44,"2026-09-14",2140,"N20","nominal","2.0NRT",293.91,1.8,"N"
"4902",19.27012,56.17237,314.24,0.55,0.42,"2026-09-14",2140,"N20","nominal","2.0NRT",291.65,0.83,"N"
"4903",18.56373,55.86539,309.66,0.56,0.43,"2026-09-14",2140,"N20","nominal","2.0NRT",291.34,1.06,"N"
"4904",18.32297,55.10403,333.41,0.41,0.45,"2026-09-14",2140,"N20","nominal","2.0NRT",292.77,3.72,"N"
"4905",18.01595,54.57161,336.3,0.44,0.46,"2026-09-14",2140,"N20","nominal","2.0NRT",278.59,3.4,"N"
"4906",18.01195,54.57204,314.38,0.44,0.46,"2026-09-14",2140,"N20","nominal","2.0NRT",282.54,0.94,"N"
"4907",15.59716,49.12566,309.53,0.47,0.64,"2026-09-14",2140,"N20","nominal","2.0NRT",291.35,0.77,"N"
"4908",15.61628,46.00758,301.85,0.75,0.77,"2026-09-14",2140,"N20","nominal","2.0NRT",289.68,2.3,"N"
"4909",67.80669,72.52777,331.26,0.51,0.41,"2026-09-14",2125,"N20","nominal","2.0NRT",288.5,72.02,"N"
"4910",62.5018,113.90453,327.5,0.73,0.76,"2026-09-14",2123,"N20","nominal","2.0NRT",266.78,3.58,"N"
"4911",62.45056,113.66343,348.2,0.72,0.76,"2026-09-14",2123,"N20","nominal","2.0NRT",267.44,5.77,"N"
"4912",62.44588,113.65208,298.08,0.72,0.76,"2026-09-14",2123,"N20","nominal","2.0NRT",264.62,5.77,"N"
"4913",62.35394,113.77019,346.55,0.74,0.76,"2026-09-14",2123,"N20","nominal","2.0NRT",269,7.13,"N"
"4914",62.35724,113.68709,367,0.73,0.76,"2026-09-14",2123,"N20","high","2.0NRT",267.6,15.82,"N"
"4915",62.35207,113.69588,332.37,0.73,0.76,"2026-09-14",2123,"N20","nominal","2.0NRT",269.65,15.82,"N"
"4916",62.40518,113.58622,332.07,0.73,0.76,"2026-09-14",2123,"N20","nominal","2.0NRT",268.46,4.11,"N"
"4917",62.44329,113.65599,308.12,0.72,0.76,"2026-09-14",2123,"N20","nominal","2.0NRT",265.66,1.48,"N"
"4918",62.35718,113.7659,323.45,0.74,0.76,"2026-09-14",2123,"N20","nominal","2.0NRT",266.68,4.72,"N"
"4919",62.35166,113.7754,310.26,0.74,0.76,"2026-09-14",2123,"N20","nominal","2.0NRT",267.26,4.72,"N"
"4920",62.35516,113.69149,367,0.73,0.76,"2026-09-14",2123,"N20","high","2.0NRT",272.72,23.41,"N"
"4921",62.40273,113.59007,322.35,0.73,0.76,"2026-09-14",2123,"N20","nominal","2.0NRT",268.41,4.54,"N"
"4922",62.39639,113.50395,309.3,0.72,0.76,"2026-09-14",2123,"N20","nominal","2.0NRT",266.95,2.58,"N"
"4923",62.40619,113.33164,297.96,0.72,0.75,"2026-09-14",2123,"N20","nominal","2.0NRT",264.84,1.32,"N"
"4924",70.44132,84.35823,312.36,0.39,0.36,"2026-09-14",2123,"N20","nominal","2.0NRT",273.48,1.38,"N"
"4925",69.37161,88.12204,336.93,0.39,0.36,"2026-09-14",2123,"N20","nominal","2.0NRT",280.7,19.3,"N"
"4926",69.37328,88.11316,298.86,0.39,0.36,"2026-09-14",2123,"N20","nominal","2.0NRT",271.88,19.3,"N"
"4927",71.25851,72.06269,336.29,0.39,0.44,"2026-09-14",2123,"N20","nominal","2.0NRT",276.25,2.96,"N"
"4928",70.9977,73.82932,325.6,0.54,0.42,"2026-09-14",2123,"N20","nominal","2.0NRT",275.02,3.82,"N"
"4929",71.17067,67.00458,297.88,0.5,0.49,"2026-09-14",2123,"N20","nominal","2.0NRT",273.17,1.09,"N"
"4930",70.58866,68.22956,326.25,0.46,0.47,"2026-09-14",2123,"N20","nominal","2.0NRT",274.88,2.91,"N"
"4931",70.5885,68.23693,324.4,0.46,0.47,"2026-09-14",2125,"N20","nominal","2.0NRT",275.66,2.53,"N"
"4932",70.5097,68.1329,313,0.46,0.47,"2026-09-14",2125,"N20","nominal","2.0NRT",274,1,"N"
"4933",70.42576,68.36324,320.67,0.45,0.47,"2026-09-14",2125,"N20","nominal","2.0NRT",273.91,1.73,"N"
"4934",70.40374,68.43974,352.9,0.45,0.47,"2026-09-14",2125,"N20","nominal","2.0NRT",277.34,12.31,"N"
"4935",60.47876,109.87729,352.9,0.77,0.77,"2026-09-14",2125,"N20","nominal","2.0NRT",269.07,14.14,"N"
"4936",60.47976,109.88277,346.19,0.77,0.77,"2026-09-14",2125,"N20","nominal","2.0NRT",268.33,6.85,"N"
"4937",60.48446,109.87405,306.2,0.77,0.77,"2026-09-14",2125,"N20","nominal","2.0NRT",263.14,6.85,"N"
"4938",68.41319,83.6216,327.49,0.38,0.36,"2026-09-14",2125,"N20","nominal","2.0NRT",278.15,7.82,"N"
"4939",68.71375,80.53098,320.19,0.4,0.37,"2026-09-14",2125,"N20","nominal","2.0NRT",273.21,2,"N"
"4940",68.68924,80.60139,305.16,0.4,0.37,"2026-09-14",2125,"N20","nominal","2.0NRT",272.74,0.77,"N"
"4941",60.15062,109.1029,332.14,0.77,0.77,"2026-09-14",2125,"N20","nominal","2.0NRT",267.48,24.64,"N"
"4942",60.14592,109.09196,367,0.77,0.77,"2026-09-14",2125,"N20","high","2.0NRT",275.44,24.64,"N"
"4943",68.20761,83.45484,326.93,0.38,0.36,"2026-09-14",2125,"N20","nominal","2.0NRT",276.47,3.28,"N"
"4944",60.1476,109.09495,367,0.77,0.77,"2026-09-14",2125,"N20","high","2.0NRT",275.33,23.65,"N"
"4945",60.1424,109.10478,306.79,0.77,0.77,"2026-09-14",2125,"N20","nominal","2.0NRT",268.07,23.65,"N"
"4946",68.52688,79.94918,325.97,0.4,0.37,"2026-09-14",2125,"N20","nominal","2.0NRT",273.83,3.54,"N"
"4947",68.5256,79.95857,314.57,0.4,0.37,"2026-09-14",2125,"N20","nominal","2.0NRT",283.32,3.54,"N"
"4948",68.52239,79.95528,297.79,0.4,0.37,"2026-09-14",2125,"N20","nominal","2.0NRT",274,3.54,"N"
"4949",67.80222,83.5319,298.34,0.38,0.36,"2026-09-14",2125,"N20","nominal","2.0NRT",276.25,0.86,"N"
"4950",67.79633,83.54521,308.81,0.38,0.36,"2026-09-14",2125,"N20","nominal","2.0NRT",276.63,1.02,"N"
"4951",67.78976,83.49706,326.03,0.38,0.36,"2026-09-14",2125,"N20","nominal","2.0NRT",278.01,2.03,"N"
"4952",67.78125,83.54776,306.66,0.38,0.36,"2026-09-14",2125,"N20","nominal","2.0NRT",275.97,0.91,"N"
"4953",59.84306,108.40762,295.92,0.77,0.77,"2026-09-14",2125,"N20","nominal","2.0NRT",264.75,1.65,"N"
"4954",67.71261,83.48027,297.74,0.38,0.36,"2026-09-14",2125,"N20","nominal","2.0NRT",274.17,0.37,"N"
"4955",59.84768,108.40488,299.86,0.77,0.77,"2026-09-14",2125,"N20","nominal","2.0NRT",264.34,1.27,"N"
"4956",59.7844,108.18985,329.41,0.77,0.77,"2026-09-14",2125,"N20","nominal","2.0NRT",269.59,5.92,"N"
"4957",67.6488,83.21045,333.39,0.38,0.36,"2026-09-14",2125,"N20","nominal","2.0NRT",276.41,4.03,"N"
"4958",59.78566,108.19404,332.37,0.77,0.77,"2026-09-14",2125,"N20","nominal","2.0NRT",270.35,6.95,"N"
"4959",67.55058,83.20787,342.1,0.38,0.36,"2026-09-14",2125,"N20","nominal","2.0NRT",312.7,25.34,"N"
"4960",67.54919,83.21626,298.16,0.38,0.36,"2026-09-14",2125,"N20","nominal","2.0NRT",276.45,25.34,"N"
"4961",67.54752,83.20436,313.91,0.38,0.36,"2026-09-14",2125,"N20","nominal","2.0NRT",279.43,25.34,"N"
"4962",59.64049,108.122,318.36,0.78,0.78,"2026-09-14",2125,"N20","nominal","2.0NRT",268.11,3.03,"N"
"4963",67.70921,81.27027,300.34,0.39,0.36,"2026-09-14",2125,"N20","nominal","2.0NRT",275.35,0.49,"N"
"4964",67.85539,79.88033,323.27,0.4,0.37,"2026-09-14",2125,"N20","nominal","2.0NRT",274.6,2.84,"N"
"4965",67.85666,79.87133,312.83,0.4,0.37,"2026-09-14",2125,"N20","nominal","2.0NRT",272.12,2.1,"N"
"4966",67.81914,80.10974,297.61,0.4,0.37,"2026-09-14",2125,"N20","nominal","2.0NRT",274.6,0.45,"N"
"4967",67.84454,79.82857,323.86,0.4,0.37,"2026-09-14",2125,"N20","nominal","2.0NRT",274.45,1.25,"N"
"4968",67.27442,83.20961,334.1,0.38,0.36,"2026-09-14",2125,"N20","nominal","2.0NRT",281.66,12.65,"N"
"4969",69.2699,57.27908,347.57,0.41,0.61,"2026-09-14",2125,"N20","nominal","2.0NRT",282.92,5.21,"N"
"4970",69.26993,57.28972,296.42,0.41,0.61,"2026-09-14",2125,"N20","nominal","2.0NRT",281.7,1.72,"N"
"4971",67.2826,83.03124,326.87,0.38,0.36,"2026-09-14",2125,"N20","nominal","2.0NRT",278.8,11.07,"N"
"4972",67.28121,83.03954,296.88,0.38,0.36,"2026-09-14",2125,"N20","nominal","2.0NRT",280.47,9.44,"N"
"4973",59.42868,107.81034,297.02,0.78,0.78,"2026-09-14",2125,"N20","nominal","2.0NRT",268.73,1.2,"N"
"4974",67.99644,76.34274,301.8,0.44,0.38,"2026-09-14",2125,"N20","nominal","2.0NRT",274.54,0.71,"N"
"4975",67.19671,81.99199,327.61,0.38,0.36,"2026-09-14",2125,"N20","nominal","2.0NRT",277.31,6.17,"N"
"4976",67.78762,77.00441,296.03,0.43,0.38,"2026-09-14",2125,"N20","nominal","2.0NRT",277.01,0.47,"N"
"4977",67.78642,77.01417,297.97,0.43,0.38,"2026-09-14",2125,"N20","nominal","2.0NRT",277.77,0.47,"N"
"4978",67.89511,75.77129,297.95,0.45,0.39,"2026-09-14",2125,"N20","nominal","2.0NRT",274.32,0.44,"N"
"4979",67.8939,75.76302,301.23,0.45,0.39,"2026-09-14",2125,"N20","nominal","2.0NRT",274.47,1,"N"
"4980",68.64161,57.68364,335.15,0.4,0.6,"2026-09-14",2125,"N20","nominal","2.0NRT",278.28,2.59,"N"
"4981",68.61919,57.96366,302.62,0.39,0.6,"2026-09-14",2125,"N20","nominal","2.0NRT",280.35,1.36,"N"
"4982",68.61364,57.96421,321.65,0.39,0.6,"2026-09-14",2125,"N20","nominal","2.0NRT",280.8,1.36,"N"
"4983",68.60255,57.97642,328.47,0.39,0.6,"2026-09-14",2125,"N20","nominal","2.0NRT",279.57,2.35,"N"
"4984",68.60254,57.98629,317.92,0.39,0.59,"2026-09-14",2125,"N20","nominal","2.0NRT",280.56,2.35,"N"
"4985",66.9407,80.7471,300.26,0.39,0.36,"2026-09-14",2125,"N20","nominal","2.0NRT",278.84,0.86,"N"
"4986",66.93886,80.7356,317.75,0.39,0.36,"2026-09-14",2125,"N20","nominal","2.0NRT",277.28,1.13,"N"
"4987",67.81522,72.52066,301.6,0.51,0.41,"2026-09-14",2125,"N20","nominal","2.0NRT",276.46,2.67,"N"
"4988",67.8104,72.5302,330.94,0.51,0.41,"2026-09-14",2125,"N20","nominal","2.0NRT",278.76,2.67,"N"
"4989",67.81151,72.51824,310.69,0.51,0.41,"2026-09-14",2125,"N20","nominal","2.0NRT",277.52,2.67,"N"
"4990",67.8089,72.50385,334.83,0.51,0.41,"2026-09-14",2125,"N20","nominal","2.0NRT",280.89,54.88,"N"
"4991",67.80779,72.51585,320.97,0.51,0.41,"2026-09-14",2125,"N20","nominal","2.0NRT",313.83,72.02,"N"
"4992",67.80519,72.50138,329.75,0.51,0.41,"2026-09-14",2125,"N20","nominal","2.0NRT",305.07,54.88,"N"
"4993",67.80409,72.51333,325.34,0.51,0.41,"2026-09-14",2125,"N20","nominal","2.0NRT",315.51,72.02,"N"
"4994",67.80299,72.52536,330.71,0.51,0.41,"2026-09-14",2125,"N20","nominal","2.0NRT",287.64,72.02,"N"
"4995",67.80148,72.49895,335.64,0.51,0.41,"2026-09-14",2125,"N20","nominal","2.0NRT",286.17,72.89,"N"
"4996",67.80038,72.51093,308.64,0.51,0.41,"2026-09-14",2125,"N20","nominal","2.0NRT",297.78,32.14,"N"
"4997",67.79929,72.52293,297.4,0.51,0.41,"2026-09-14",2125,"N20","nominal","2.0NRT",277.69,32.14,"N"
"4998",67.80206,72.50481,334.78,0.51,0.41,"2026-09-14",2125,"N20","nominal","2.0NRT",308.83,43.27,"N"
"4999",67.80318,72.49289,299.78,0.51,0.41,"2026-09-14",2125,"N20","nominal","2.0NRT",281.64,1.98,"N"
"5000",67.80093,72.51676,316.62,0.51,0.41,"2026-09-14",2125,"N20","nominal","2.0NRT",283.55,43.27,"N"
"5001",67.79835,72.50238,299.18,0.51,0.41,"2026-09-14",2125,"N20","nominal","2.0NRT",278.83,43.27,"N"
"5002",66.73302,80.42343,328.44,0.39,0.36,"2026-09-14",2125,"N20","nominal","2.0NRT",277.72,3.84,"N"
"5003",66.71843,80.49523,327.69,0.39,0.36,"2026-09-14",2125,"N20","nominal","2.0NRT",278.43,4.68,"N"
"5004",66.70979,80.44212,327.23,0.39,0.36,"2026-09-14",2125,"N20","nominal","2.0NRT",278.04,17.02,"N"
"5005",66.66896,80.44991,326.34,0.39,0.36,"2026-09-14",2125,"N20","nominal","2.0NRT",284.42,7.07,"N"
"5006",66.66016,80.46034,328.82,0.39,0.36,"2026-09-14",2125,"N20","nominal","2.0NRT",280.83,9.07,"N"
"5007",66.59998,80.41328,330.57,0.39,0.36,"2026-09-14",2125,"N20","nominal","2.0NRT",278.31,3.33,"N"
"5008",67.28937,75.10838,325.58,0.45,0.39,"2026-09-14",2125,"N20","nominal","2.0NRT",275.72,1.66,"N"
"5009",68.16968,55.35195,336.59,0.46,0.63,"2026-09-14",2125,"N20","nominal","2.0NRT",280.81,3.03,"N"
"5010",66.86932,77.75612,327.59,0.41,0.37,"2026-09-14",2125,"N20","nominal","2.0NRT",278.25,5.58,"N"
"5011",67.01495,76.18603,325.41,0.43,0.38,"2026-09-14",2125,"N20","nominal","2.0NRT",276.98,3.06,"N"
"5012",66.95911,75.53692,330.61,0.44,0.38,"2026-09-14",2125,"N20","nominal","2.0NRT",290.14,47.42,"N"
"5013",66.95796,75.54665,310.76,0.44,0.38,"2026-09-14",2125,"N20","nominal","2.0NRT",278.21,10.49,"N"
"5014",66.9557,75.5343,328.87,0.44,0.38,"2026-09-14",2125,"N20","nominal","2.0NRT",294.99,47.42,"N"
"5015",66.95456,75.54402,325.21,0.44,0.38,"2026-09-14",2125,"N20","nominal","2.0NRT",280.86,10.49,"N"
"5016",67.935,55.96201,306.94,0.44,0.63,"2026-09-14",2125,"N20","nominal","2.0NRT",276.17,1.08,"N"
"5017",66.90801,75.5972,325.99,0.43,0.38,"2026-09-14",2125,"N20","nominal","2.0NRT",275.13,8.16,"N"
"5018",66.90687,75.60686,328.96,0.43,0.38,"2026-09-14",2125,"N20","nominal","2.0NRT",281.98,11.63,"N"
"5019",66.90348,75.60425,317.26,0.43,0.38,"2026-09-14",2125,"N20","nominal","2.0NRT",275.27,11.63,"N"
"5020",66.68616,77.30982,298.32,0.41,0.37,"2026-09-14",2125,"N20","nominal","2.0NRT",277.45,0.91,"N"
"5021",66.68498,77.31876,307.45,0.41,0.37,"2026-09-14",2125,"N20","nominal","2.0NRT",277.86,0.91,"N"
"5022",67.93634,55.96873,310.51,0.44,0.62,"2026-09-14",2125,"N20","nominal","2.0NRT",277.8,1.09,"N"
"5023",67.8378,58.92589,330.2,0.37,0.58,"2026-09-14",2125,"N20","nominal","2.0NRT",279.37,2.05,"N"
"5024",66.66305,76.84158,326.36,0.42,0.37,"2026-09-14",2125,"N20","nominal","2.0NRT",277.18,0.92,"N"
"5025",66.65975,76.83888,326.29,0.42,0.37,"2026-09-14",2125,"N20","nominal","2.0NRT",277.66,2.14,"N"
"5026",66.58149,77.3635,324.84,0.41,0.37,"2026-09-14",2125,"N20","nominal","2.0NRT",277.04,1.42,"N"
"5027",67.84155,58.92822,324.87,0.37,0.58,"2026-09-14",2125,"N20","nominal","2.0NRT",279.92,2.4,"N"
"5028",66.54969,76.696,325.85,0.42,0.37,"2026-09-14",2125,"N20","nominal","2.0NRT",275.61,2.29,"N"
"5029",66.47684,77.17165,298.81,0.41,0.37,"2026-09-14",2125,"N20","nominal","2.0NRT",277.07,0.46,"N"
"5030",67.66201,60.50636,313.09,0.33,0.56,"2026-09-14",2125,"N20","nominal","2.0NRT",278.28,0.88,"N"
"5031",66.4203,77.24265,326.86,0.41,0.37,"2026-09-14",2125,"N20","nominal","2.0NRT",281.23,12.48,"N"
"5032",66.33089,77.82723,314.25,0.4,0.37,"2026-09-14",2125,"N20","nominal","2.0NRT",278.43,0.89,"N"
"5033",66.42368,77.07883,326.27,0.41,0.37,"2026-09-14",2125,"N20","nominal","2.0NRT",276.75,5.92,"N"
"5034",66.42252,77.0877,313.06,0.41,0.37,"2026-09-14",2125,"N20","nominal","2.0NRT",280.28,5.92,"N"
"5035",66.31133,76.99949,334.5,0.41,0.37,"2026-09-14",2125,"N20","nominal","2.0NRT",281.5,8.7,"N"
"5036",66.32059,76.79673,318.47,0.41,0.37,"2026-09-14",2125,"N20","nominal","2.0NRT",277.21,1.47,"N"
"5037",66.19046,77.68718,327.1,0.4,0.37,"2026-09-14",2125,"N20","nominal","2.0NRT",279.82,3.77,"N"
"5038",66.27896,76.75349,316.51,0.41,0.37,"2026-09-14",2125,"N20","nominal","2.0NRT",276.01,1.83,"N"
"5039",66.27781,76.76236,316.5,0.41,0.37,"2026-09-14",2125,"N20","nominal","2.0NRT",279.99,1.83,"N"
"5040",66.2011,77.2349,313.85,0.41,0.37,"2026-09-14",2125,"N20","nominal","2.0NRT",278.65,1.21,"N"
"5041",66.24886,76.81738,305.87,0.41,0.37,"2026-09-14",2125,"N20","nominal","2.0NRT",287.65,28.62,"N"
"5042",66.2477,76.82623,298.88,0.41,0.37,"2026-09-14",2125,"N20","nominal","2.0NRT",276.87,7.88,"N"
"5043",66.10509,76.84042,324.68,0.41,0.37,"2026-09-14",2125,"N20","nominal","2.0NRT",278.74,1.96,"N"
"5044",66.0974,76.84389,326.62,0.41,0.37,"2026-09-14",2125,"N20","nominal","2.0NRT",279.34,3.36,"N"
"5045",66.09625,76.85265,324.12,0.41,0.37,"2026-09-14",2125,"N20","nominal","2.0NRT",279.21,3.14,"N"
"5046",66.09769,76.84749,334.57,0.41,0.37,"2026-09-14",2125,"N20","nominal","2.0NRT",280.98,6.85,"N"
"5047",66.05163,77.00327,322.47,0.41,0.37,"2026-09-14",2125,"N20","nominal","2.0NRT",277.75,1.95,"N"
"5048",67.18533,56.61378,299.44,0.42,0.61,"2026-09-14",2125,"N20","nominal","2.0NRT",276.52,0.51,"N"
"5049",67.08964,55.6117,318.95,0.45,0.63,"2026-09-14",2125,"N20","nominal","2.0NRT",277.43,2.49,"N"
"5050",65.85922,76.95619,326.77,0.41,0.37,"2026-09-14",2125,"N20","nominal","2.0NRT",281.91,6.16,"N"
"5051",65.85909,76.95929,328.26,0.41,0.37,"2026-09-14",2125,"N20","nominal","2.0NRT",281.32,8.23,"N"
"5052",67.09199,55.61832,317.47,0.45,0.63,"2026-09-14",2125,"N20","nominal","2.0NRT",278.19,1.99,"N"
"5053",65.82583,76.8567,318.81,0.41,0.37,"2026-09-14",2125,"N20","nominal","2.0NRT",278.78,1.19,"N"
"5054",66.95497,56.65001,304.59,0.42,0.61,"2026-09-14",2125,"N20","nominal","2.0NRT",277.69,0.8,"N"
"5055",65.55563,77.87404,308.74,0.4,0.37,"2026-09-14",2125,"N20","nominal","2.0NRT",277.86,0.58,"N"
"5056",60.84559,97.35182,367,0.36,0.57,"2026-09-14",2125,"N20","high","2.0NRT",281.86,11.02,"N"
"5057",60.84356,97.35743,303.1,0.36,0.57,"2026-09-14",2125,"N20","nominal","2.0NRT",275.48,6.23,"N"
"5058",60.8454,97.35282,367,0.36,0.57,"2026-09-14",2125,"N20","high","2.0NRT",282.62,5.82,"N"
"5059",60.8434,97.35846,300.56,0.36,0.57,"2026-09-14",2125,"N20","nominal","2.0NRT",275.76,5.82,"N"
"5060",66.20111,70.98648,310.17,0.52,0.42,"2026-09-14",2125,"N20","nominal","2.0NRT",275.19,1.4,"N"
"5061",66.19908,70.99014,307.98,0.52,0.42,"2026-09-14",2125,"N20","nominal","2.0NRT",276.97,0.93,"N"
"5062",60.78069,97.07175,367,0.36,0.57,"2026-09-14",2125,"N20","high","2.0NRT",273.2,22.21,"N"
"5063",66.7679,56.18016,298.04,0.44,0.62,"2026-09-14",2125,"N20","nominal","2.0NRT",279.52,1.87,"N"
"5064",60.77878,97.07716,318.24,0.36,0.57,"2026-09-14",2125,"N20","nominal","2.0NRT",269.08,12.4,"N"
"5065",66.73136,56.97258,302.96,0.41,0.61,"2026-09-14",2125,"N20","nominal","2.0NRT",277.5,0.59,"N"
"5066",60.43889,97.79293,322.71,0.39,0.59,"2026-09-14",2125,"N20","nominal","2.0NRT",265.3,1.98,"N"
"5067",60.4367,97.79881,309.65,0.39,0.59,"2026-09-14",2125,"N20","nominal","2.0NRT",266.13,1.98,"N"
"5068",60.43681,97.79135,322.66,0.39,0.59,"2026-09-14",2125,"N20","nominal","2.0NRT",266.4,2.54,"N"
"5069",60.43464,97.79729,295.92,0.39,0.59,"2026-09-14",2125,"N20","nominal","2.0NRT",264.84,1.92,"N"
"5070",60.43696,97.67916,320.5,0.38,0.59,"2026-09-14",2125,"N20","nominal","2.0NRT",259,1.06,"N"
"5071",65.30878,77.41417,302.11,0.4,0.37,"2026-09-14",2125,"N20","nominal","2.0NRT",278.71,0.55,"N"
"5072",60.49479,97.40917,328.09,0.37,0.58,"2026-09-14",2125,"N20","nominal","2.0NRT",270.9,2.92,"N"
"5073",60.44405,97.54847,367,0.38,0.59,"2026-09-14",2125,"N20","high","2.0NRT",270.64,9.1,"N"
"5074",60.44197,97.55415,321.71,0.38,0.59,"2026-09-14",2125,"N20","nominal","2.0NRT",268.7,9.1,"N"
"5075",60.49292,97.41432,300.13,0.37,0.58,"2026-09-14",2125,"N20","nominal","2.0NRT",272.39,2.28,"N"
"5076",60.44807,97.15486,367,0.37,0.58,"2026-09-14",2125,"N20","high","2.0NRT",276.12,7.39,"N"
"5077",60.45013,97.14915,297.24,0.37,0.58,"2026-09-14",2125,"N20","nominal","2.0NRT",272.15,4.46,"N"
"5078",64.93572,78.33695,295.5,0.39,0.36,"2026-09-14",2125,"N20","nominal","2.0NRT",279.51,0.48,"N"
"5079",66.43585,56.60212,320.18,0.42,0.61,"2026-09-14",2125,"N20","nominal","2.0NRT",280.73,2.22,"N"
"5080",66.43012,56.60192,295.66,0.42,0.61,"2026-09-14",2125,"N20","nominal","2.0NRT",278.38,2.22,"N"
"5081",66.4239,58.03574,322.77,0.39,0.59,"2026-09-14",2125,"N20","nominal","2.0NRT",279.29,2.12,"N"
"5082",64.84987,77.25846,321.25,0.4,0.37,"2026-09-14",2125,"N20","nominal","2.0NRT",279.93,1.48,"N"
"5083",66.16745,57.31725,296.45,0.4,0.6,"2026-09-14",2125,"N20","nominal","2.0NRT",280.33,0.47,"N"
"5084",64.99957,75.3091,295.93,0.42,0.37,"2026-09-14",2125,"N20","nominal","2.0NRT",279.78,0.77,"N"
"5085",66.06841,57.81425,301.35,0.39,0.59,"2026-09-14",2125,"N20","nominal","2.0NRT",279.67,0.79,"N"
"5086",64.76653,76.71526,296.85,0.4,0.37,"2026-09-14",2125,"N20","nominal","2.0NRT",279.19,0.59,"N"
"5087",64.90686,75.50723,322.5,0.41,0.37,"2026-09-14",2125,"N20","nominal","2.0NRT",279.84,1.66,"N"
"5088",66.06408,57.81834,309.19,0.39,0.59,"2026-09-14",2125,"N20","nominal","2.0NRT",279.62,1.01,"N"
"5089",64.91764,75.31016,304.12,0.42,0.37,"2026-09-14",2125,"N20","nominal","2.0NRT",279.49,0.86,"N"
"5090",64.68626,76.72581,301.52,0.4,0.37,"2026-09-14",2125,"N20","nominal","2.0NRT",279.74,0.6,"N"
"5091",64.75275,75.41946,313.19,0.41,0.37,"2026-09-14",2125,"N20","nominal","2.0NRT",279.72,0.71,"N"
"5092",64.81911,74.77654,304.73,0.42,0.38,"2026-09-14",2125,"N20","nominal","2.0NRT",279.14,0.88,"N"
"5093",64.42035,77.70125,327.05,0.39,0.36,"2026-09-14",2125,"N20","nominal","2.0NRT",271.46,2.05,"N"
"5094",64.4192,77.70903,296.19,0.39,0.36,"2026-09-14",2125,"N20","nominal","2.0NRT",271.52,1.35,"N"
"5095",64.71204,75.12599,302.45,0.42,0.37,"2026-09-14",2125,"N20","nominal","2.0NRT",279.02,1.06,"N"
"5096",64.7616,74.52346,298.39,0.43,0.38,"2026-09-14",2125,"N20","nominal","2.0NRT",276.75,0.39,"N"
"5097",64.75928,74.51245,295.76,0.43,0.38,"2026-09-14",2125,"N20","nominal","2.0NRT",277.53,0.75,"N"
"5098",64.75484,74.51894,299.45,0.43,0.38,"2026-09-14",2125,"N20","nominal","2.0NRT",278.7,0.75,"N"
"5099",64.75166,74.54512,298.95,0.43,0.38,"2026-09-14",2125,"N20","nominal","2.0NRT",278.46,0.46,"N"
"5100",64.75146,74.51665,300.34,0.43,0.38,"2026-09-14",2125,"N20","nominal","2.0NRT",277.94,0.82,"N"
"5101",64.71179,73.73696,306.82,0.44,0.38,"2026-09-14",2125,"N20","nominal","2.0NRT",281.37,1.78,"N"
"5102",64.71075,73.74596,308.56,0.44,0.38,"2026-09-14",2125,"N20","nominal","2.0NRT",281.33,1.78,"N"
"5103",64.70732,73.74376,307.52,0.44,0.38,"2026-09-14",2125,"N20","nominal","2.0NRT",279.73,1.78,"N"
"5104",64.71211,73.74051,309.04,0.44,0.38,"2026-09-14",2125,"N20","nominal","2.0NRT",281.26,1.15,"N"
"5105",64.71106,73.7495,302.85,0.44,0.38,"2026-09-14",2125,"N20","nominal","2.0NRT",280.15,1.15,"N"
"5106",64.70869,73.73831,296.8,0.44,0.38,"2026-09-14",2125,"N20","nominal","2.0NRT",279.93,1.15,"N"
"5107",64.70763,73.74728,311.5,0.44,0.38,"2026-09-14",2125,"N20","nominal","2.0NRT",279.66,1.15,"N"
"5108",64.70419,73.7451,307.53,0.44,0.38,"2026-09-14",2125,"N20","nominal","2.0NRT",280.34,1.67,"N"
"5109",64.67963,73.79691,301.85,0.44,0.38,"2026-09-14",2125,"N20","nominal","2.0NRT",280.39,1.68,"N"
"5110",64.67857,73.80586,314.9,0.44,0.38,"2026-09-14",2125,"N20","nominal","2.0NRT",283,1.68,"N"
"5111",64.67515,73.80366,298.49,0.44,0.38,"2026-09-14",2125,"N20","nominal","2.0NRT",280.23,1.34,"N"
"5112",64.68229,73.71175,308.19,0.44,0.38,"2026-09-14",2125,"N20","nominal","2.0NRT",279.5,1.97,"N"
"5113",64.66013,73.77474,307.26,0.44,0.38,"2026-09-14",2125,"N20","nominal","2.0NRT",281.19,1.76,"N"
"5114",64.65907,73.78371,308.72,0.44,0.38,"2026-09-14",2125,"N20","nominal","2.0NRT",283.71,1.96,"N"
"5115",64.6567,73.77254,321.22,0.44,0.38,"2026-09-14",2125,"N20","nominal","2.0NRT",283.15,2.45,"N"
"5116",64.65881,73.75462,305.04,0.44,0.38,"2026-09-14",2125,"N20","nominal","2.0NRT",282.01,1.37,"N"
"5117",64.65775,73.76358,306.19,0.44,0.38,"2026-09-14",2125,"N20","nominal","2.0NRT",282.5,2.45,"N"
"5118",64.65564,73.78152,315.82,0.44,0.38,"2026-09-14",2125,"N20","nominal","2.0NRT",283.48,2.39,"N"
"5119",64.65327,73.77035,328,0.44,0.38,"2026-09-14",2125,"N20","nominal","2.0NRT",283.42,2.45,"N"
"5120",64.65221,73.7793,310.9,0.44,0.38,"2026-09-14",2125,"N20","nominal","2.0NRT",284.07,2.39,"N"
"5121",64.60212,74.13869,300.22,0.43,0.38,"2026-09-14",2125,"N20","nominal","2.0NRT",277.58,0.65,"N"
"5122",64.64299,73.76376,310.54,0.44,0.38,"2026-09-14",2125,"N20","nominal","2.0NRT",280.38,1.35,"N"
"5123",64.59872,74.13647,295.39,0.43,0.38,"2026-09-14",2125,"N20","nominal","2.0NRT",277.63,0.53,"N"
"5124",64.59766,74.14525,295.84,0.43,0.38,"2026-09-14",2125,"N20","nominal","2.0NRT",278.87,0.7,"N"
"5125",64.59661,74.15405,295.66,0.43,0.38,"2026-09-14",2125,"N20","nominal","2.0NRT",278.33,0.7,"N"
"5126",64.64166,73.74365,298.83,0.44,0.38,"2026-09-14",2125,"N20","nominal","2.0NRT",280.28,1.14,"N"
"5127",64.64061,73.75261,301.35,0.44,0.38,"2026-09-14",2125,"N20","nominal","2.0NRT",280.13,1.35,"N"
"5128",64.59533,74.13423,299.2,0.43,0.38,"2026-09-14",2125,"N20","nominal","2.0NRT",278.3,0.53,"N"
"5129",64.63614,73.75937,324.49,0.44,0.38,"2026-09-14",2125,"N20","nominal","2.0NRT",286.5,2.13,"N"
"5130",64.63823,73.74147,301.28,0.44,0.38,"2026-09-14",2125,"N20","nominal","2.0NRT",281.51,1.8,"N"
"5131",64.63718,73.75042,302.79,0.44,0.38,"2026-09-14",2125,"N20","nominal","2.0NRT",282.2,2.13,"N"
"5132",64.63509,73.76831,300.7,0.44,0.38,"2026-09-14",2125,"N20","nominal","2.0NRT",283.6,1.66,"N"
"5133",64.63271,73.75718,309.53,0.44,0.38,"2026-09-14",2125,"N20","nominal","2.0NRT",281.62,2.13,"N"
"5134",64.62585,73.75278,304.64,0.44,0.38,"2026-09-14",2125,"N20","nominal","2.0NRT",280.78,1.74,"N"
"5135",64.41195,75.36936,298.14,0.41,0.37,"2026-09-14",2125,"N20","nominal","2.0NRT",278.62,0.42,"N"
"5136",64.30457,76.12341,303.94,0.4,0.37,"2026-09-14",2125,"N20","nominal","2.0NRT",280.45,0.65,"N"
"5137",64.58829,73.85344,314.38,0.43,0.38,"2026-09-14",2125,"N20","nominal","2.0NRT",283.17,1.68,"N"
"5138",64.58071,73.88681,320.31,0.43,0.38,"2026-09-14",2125,"N20","nominal","2.0NRT",279,2.1,"N"
"5139",64.58384,73.86014,297.64,0.43,0.38,"2026-09-14",2125,"N20","nominal","2.0NRT",280.08,1.68,"N"
"5140",64.57654,73.92229,310.13,0.43,0.38,"2026-09-14",2125,"N20","nominal","2.0NRT",279.44,1.23,"N"
"5141",64.58816,73.85572,312.65,0.43,0.38,"2026-09-14",2125,"N20","nominal","2.0NRT",282.63,1.78,"N"
"5142",64.5805,73.88903,322.13,0.43,0.38,"2026-09-14",2125,"N20","nominal","2.0NRT",279.84,1.96,"N"
"5143",64.58581,73.84464,295.18,0.43,0.38,"2026-09-14",2125,"N20","nominal","2.0NRT",279.51,1.78,"N"
"5144",64.58368,73.8624,295.76,0.43,0.38,"2026-09-14",2125,"N20","nominal","2.0NRT",280,0.92,"N"
"5145",64.57731,73.91559,299.28,0.43,0.38,"2026-09-14",2125,"N20","nominal","2.0NRT",279.78,1.04,"N"
"5146",64.57625,73.92445,304.43,0.43,0.38,"2026-09-14",2125,"N20","nominal","2.0NRT",279.29,1.04,"N"
"5147",64.57708,73.88683,296.52,0.43,0.38,"2026-09-14",2125,"N20","nominal","2.0NRT",278.52,0.83,"N"
"5148",63.43243,80.52502,317.2,0.39,0.36,"2026-09-14",2125,"N20","nominal","2.0NRT",273.81,1.26,"N"
"5149",64.32703,74.09991,299.23,0.43,0.38,"2026-09-14",2125,"N20","nominal","2.0NRT",279.85,1.3,"N"
"5150",65.32761,56.41622,304.63,0.43,0.62,"2026-09-14",2125,"N20","nominal","2.0NRT",279.25,1.65,"N"
"5151",65.04613,56.6635,344.61,0.42,0.61,"2026-09-14",2125,"N20","nominal","2.0NRT",276.97,3.3,"N"
"5152",65.02917,56.71859,300.27,0.42,0.61,"2026-09-14",2125,"N20","nominal","2.0NRT",279.5,0.96,"N"
"5153",65.04501,56.66809,305.16,0.42,0.61,"2026-09-14",2125,"N20","nominal","2.0NRT",276.66,0.94,"N"
"5154",65.02788,56.72321,312.43,0.42,0.61,"2026-09-14",2125,"N20","nominal","2.0NRT",280.14,1.31,"N"
"5155",63.47082,76.76695,299.11,0.39,0.36,"2026-09-14",2125,"N20","nominal","2.0NRT",280.95,0.56,"N"
"5156",63.46971,76.77452,300.2,0.39,0.36,"2026-09-14",2125,"N20","nominal","2.0NRT",281.84,0.56,"N"
"5157",63.24628,72.83873,311.66,0.44,0.38,"2026-09-14",2125,"N20","nominal","2.0NRT",280.81,1.07,"N"
"5158",58.15466,95.13934,305.61,0.4,0.6,"2026-09-14",2125,"N20","nominal","2.0NRT",276.8,1.08,"N"
"5159",62.36651,77.45354,305.36,0.38,0.36,"2026-09-14",2125,"N20","nominal","2.0NRT",269.56,0.66,"N"
"5160",62.06359,77.5444,297.86,0.38,0.36,"2026-09-14",2125,"N20","nominal","2.0NRT",282.38,0.37,"N"
"5161",59.63305,87.8784,295.29,0.43,0.46,"2026-09-14",2125,"N20","nominal","2.0NRT",277.27,1.64,"N"
"5162",61.4967,79.30237,326.44,0.39,0.36,"2026-09-14",2125,"N20","nominal","2.0NRT",284.34,8.8,"N"
"5163",61.49354,79.2999,309.1,0.39,0.36,"2026-09-14",2125,"N20","nominal","2.0NRT",280.69,1.2,"N"
"5164",62.39997,68.52096,314.99,0.53,0.42,"2026-09-14",2127,"N20","nominal","2.0NRT",281.04,2.27,"N"
"5165",60.80083,78.53831,314.89,0.39,0.36,"2026-09-14",2127,"N20","nominal","2.0NRT",271.87,0.88,"N"
"5166",61.31395,75.31503,304.63,0.39,0.36,"2026-09-14",2127,"N20","nominal","2.0NRT",279.47,0.26,"N"
"5167",61.98048,68.57664,322.11,0.52,0.42,"2026-09-14",2127,"N20","nominal","2.0NRT",280.14,3.19,"N"
"5168",61.98358,68.57177,314.86,0.52,0.42,"2026-09-14",2127,"N20","nominal","2.0NRT",280.67,2.17,"N"
"5169",60.58231,78.7328,336.48,0.39,0.36,"2026-09-14",2127,"N20","nominal","2.0NRT",278.76,3.8,"N"
"5170",60.58475,78.71917,313.3,0.39,0.36,"2026-09-14",2127,"N20","nominal","2.0NRT",278.09,2.16,"N"
"5171",61.95009,68.46405,326.47,0.53,0.42,"2026-09-14",2127,"N20","nominal","2.0NRT",280.88,3.47,"N"
"5172",61.94917,68.47408,314.94,0.53,0.42,"2026-09-14",2127,"N20","nominal","2.0NRT",282.42,3.47,"N"
"5173",60.52248,78.7657,313.21,0.39,0.36,"2026-09-14",2127,"N20","nominal","2.0NRT",277.36,1.21,"N"
"5174",62.00438,65.85519,302.49,0.42,0.45,"2026-09-14",2127,"N20","nominal","2.0NRT",280.67,0.77,"N"
"5175",61.72745,68.23671,297.54,0.53,0.42,"2026-09-14",2127,"N20","nominal","2.0NRT",281.76,0.53,"N"
"5176",61.75324,66.95715,300.44,0.39,0.44,"2026-09-14",2127,"N20","nominal","2.0NRT",275.06,0.29,"N"
"5177",61.73529,66.44545,307.39,0.4,0.44,"2026-09-14",2127,"N20","nominal","2.0NRT",281.73,0.82,"N"
"5178",61.73243,66.44628,309.22,0.4,0.44,"2026-09-14",2127,"N20","nominal","2.0NRT",281.29,1.08,"N"
"5179",58.83147,84.452,295.08,0.54,0.42,"2026-09-14",2127,"N20","nominal","2.0NRT",277.91,1.52,"N"
"5180",61.42937,67.27619,297.05,0.56,0.43,"2026-09-14",2127,"N20","nominal","2.0NRT",281.22,0.83,"N"
"5181",61.42634,67.2642,304.1,0.56,0.43,"2026-09-14",2127,"N20","nominal","2.0NRT",281.16,0.83,"N"
"5182",61.10766,70.24442,295.53,0.46,0.39,"2026-09-14",2127,"N20","nominal","2.0NRT",272.53,0.67,"N"
"5183",60.72005,72.51464,303.18,0.42,0.37,"2026-09-14",2127,"N20","nominal","2.0NRT",282.07,0.65,"N"
"5184",60.7191,72.52213,295.18,0.42,0.37,"2026-09-14",2127,"N20","nominal","2.0NRT",282.18,0.65,"N"
"5185",60.71669,72.51285,311.15,0.42,0.37,"2026-09-14",2127,"N20","nominal","2.0NRT",281.92,0.65,"N"
"5186",60.71574,72.52033,298.48,0.42,0.37,"2026-09-14",2127,"N20","nominal","2.0NRT",281.95,0.65,"N"
"5187",60.86309,71.28459,299.26,0.44,0.38,"2026-09-14",2127,"N20","nominal","2.0NRT",275.45,1.14,"N"
"5188",59.87534,68.88382,296.5,0.48,0.4,"2026-09-14",2127,"N20","nominal","2.0NRT",280.5,0.88,"N"
"5189",59.87169,68.88232,306.17,0.48,0.4,"2026-09-14",2127,"N20","nominal","2.0NRT",280.6,0.88,"N"
"5190",58.26939,68.4597,300.92,0.48,0.4,"2026-09-14",2127,"N20","nominal","2.0NRT",280.91,0.67,"N"
"5191",58.35588,60.07005,295.08,0.6,0.53,"2026-09-14",2127,"N20","nominal","2.0NRT",278.46,1.32,"N"
"5192",54.65667,83.31129,295.48,0.44,0.46,"2026-09-14",2127,"N20","nominal","2.0NRT",282.79,1.3,"N"
"5193",55.97388,57.95601,296.22,0.35,0.57,"2026-09-14",2127,"N20","nominal","2.0NRT",278.9,0.38,"N"
"5194",55.60917,51.93732,306.74,0.6,0.71,"2026-09-14",2129,"N20","nominal","2.0NRT",281.44,1.95,"N"
"5195",55.58945,51.93777,296.42,0.6,0.71,"2026-09-14",2129,"N20","nominal","2.0NRT",279.75,0.98,"N"
"5196",55.46336,60.19505,306.85,0.57,0.52,"2026-09-14",2129,"N20","nominal","2.0NRT",276.51,2.2,"N"
"5197",55.56275,51.91928,307.48,0.6,0.71,"2026-09-14",2129,"N20","nominal","2.0NRT",278.87,2.65,"N"
"5198",55.56476,51.92125,307.4,0.6,0.71,"2026-09-14",2129,"N20","nominal","2.0NRT",279.81,3.9,"N"
"5199",54.88283,56.07357,295.09,0.41,0.61,"2026-09-14",2129,"N20","nominal","2.0NRT",277.71,1.52,"N"
"5200",52.26062,77.04282,306.76,0.47,0.39,"2026-09-14",2129,"N20","nominal","2.0NRT",283.92,3.22,"N"
"5201",52.25442,77.05397,296.65,0.47,0.39,"2026-09-14",2129,"N20","nominal","2.0NRT",284.72,0.69,"N"
"5202",52.08607,76.85236,298.75,0.46,0.39,"2026-09-14",2129,"N20","nominal","2.0NRT",280.92,0.76,"N"
"5203",52.08472,76.85883,299.88,0.46,0.39,"2026-09-14",2129,"N20","nominal","2.0NRT",281.87,0.74,"N"
"5204",52.06065,76.88181,299.62,0.46,0.39,"2026-09-14",2129,"N20","nominal","2.0NRT",282.19,0.67,"N"
"5205",51.72894,75.40688,297.54,0.43,0.38,"2026-09-14",2129,"N20","nominal","2.0NRT",284.04,0.66,"N"
"5206",53.67816,55.96734,299.8,0.41,0.6,"2026-09-14",2129,"N20","nominal","2.0NRT",279.18,0.73,"N"
"5207",53.44914,60.9841,296.38,0.5,0.49,"2026-09-14",2129,"N20","nominal","2.0NRT",279.55,0.54,"N"
"5208",47.91259,57.46529,299.09,0.33,0.56,"2026-09-14",2312,"N20","nominal","2.0NRT",281.34,0.33,"N"
"5209",30.87046,27.17061,311.59,0.42,0.61,"2026-09-14",2318,"N20","nominal","2.0NRT",291.06,1.09,"N"
"5210",30.85194,27.0305,301.3,0.42,0.61,"2026-09-14",2318,"N20","nominal","2.0NRT",291.28,0.35,"N"
"5211",49.99974,45.58482,296.99,0.38,0.36,"2026-09-14",2312,"N20","nominal","2.0NRT",284.97,0.54,"N"
"5212",50.09575,43.23578,307.32,0.4,0.37,"2026-09-14",2312,"N20","nominal","2.0NRT",288.35,0.91,"N"
"5213",30.85674,26.617,302.82,0.45,0.63,"2026-09-14",2318,"N20","nominal","2.0NRT",290.94,0.66,"N"
"5214",30.77344,27.26207,301.33,0.41,0.61,"2026-09-14",2318,"N20","nominal","2.0NRT",290.63,0.25,"N"
"5215",50.97393,29.67241,295.93,0.43,0.62,"2026-09-14",2312,"N20","nominal","2.0NRT",280.8,0.57,"N"
"5216",49.7907,43.66901,320.93,0.39,0.36,"2026-09-14",2312,"N20","nominal","2.0NRT",287.55,1.42,"N"
"5217",30.75932,27.46679,309.33,0.4,0.6,"2026-09-14",2318,"N20","nominal","2.0NRT",291.56,1.2,"N"
"5218",30.77276,27.10346,318.51,0.42,0.61,"2026-09-14",2318,"N20","nominal","2.0NRT",293.13,1.08,"N"
"5219",49.79148,43.66365,307.83,0.39,0.36,"2026-09-14",2312,"N20","nominal","2.0NRT",287.3,1.5,"N"
"5220",30.3868,31.62213,315.08,0.45,0.47,"2026-09-14",2318,"N20","nominal","2.0NRT",293.5,1.3,"N"
"5221",49.67367,44.24803,308.27,0.39,0.36,"2026-09-14",2312,"N20","nominal","2.0NRT",285.17,1.56,"N"
"5222",49.67287,44.2533,311.81,0.39,0.36,"2026-09-14",2312,"N20","nominal","2.0NRT",286.28,1.48,"N"
"5223",30.77015,27.10151,302.15,0.42,0.61,"2026-09-14",2318,"N20","nominal","2.0NRT",291.38,0.75,"N"
"5224",30.76983,27.10593,307.04,0.42,0.61,"2026-09-14",2318,"N20","nominal","2.0NRT",292.46,0.75,"N"
"5225",49.6712,44.24159,323.69,0.39,0.36,"2026-09-14",2312,"N20","nominal","2.0NRT",284.76,1.56,"N"
"5226",30.74346,27.07625,303.04,0.42,0.61,"2026-09-14",2318,"N20","nominal","2.0NRT",290.81,0.32,"N"
"5227",49.672,44.23632,304.04,0.39,0.36,"2026-09-14",2312,"N20","nominal","2.0NRT",283.11,0.52,"N"
"5228",48.62833,46.3375,300.66,0.39,0.36,"2026-09-14",2312,"N20","nominal","2.0NRT",284.66,0.51,"N"
"5229",27.07349,49.57777,312.63,0.47,0.64,"2026-09-14",2318,"N20","nominal","2.0NRT",301.91,3.24,"N"
"5230",48.79155,44.82266,298.34,0.38,0.36,"2026-09-14",2312,"N20","nominal","2.0NRT",284.44,0.41,"N"
"5231",27.0701,49.56682,314.64,0.47,0.64,"2026-09-14",2318,"N20","nominal","2.0NRT",300.91,4.59,"N"
"5232",27.15133,49.22067,309.64,0.45,0.63,"2026-09-14",2318,"N20","nominal","2.0NRT",298.15,1.19,"N"
"5233",47.24868,52.46682,301.88,0.43,0.46,"2026-09-14",2312,"N20","nominal","2.0NRT",287.93,1.24,"N"
"5234",48.50674,44.62811,311.54,0.38,0.36,"2026-09-14",2312,"N20","nominal","2.0NRT",284.51,1.08,"N"
"5235",27.07484,49.5745,315.8,0.47,0.64,"2026-09-14",2318,"N20","nominal","2.0NRT",302.51,3.89,"N"
"5236",46.18068,53.40071,298.96,0.5,0.49,"2026-09-14",2312,"N20","nominal","2.0NRT",287.55,0.56,"N"
"5237",30.53985,28.49306,328.81,0.34,0.56,"2026-09-14",2318,"N20","nominal","2.0NRT",294.99,1.86,"N"
"5238",27.07026,49.5681,316.14,0.47,0.64,"2026-09-14",2318,"N20","nominal","2.0NRT",300.91,4.78,"N"
"5239",46.15477,53.40793,303.24,0.5,0.49,"2026-09-14",2312,"N20","nominal","2.0NRT",288.76,1.47,"N"
"5240",27.14937,49.22082,314.74,0.45,0.63,"2026-09-14",2318,"N20","nominal","2.0NRT",298.23,1.8,"N"
"5241",46.13387,53.37638,304.8,0.5,0.49,"2026-09-14",2312,"N20","nominal","2.0NRT",287.45,2.33,"N"
"5242",46.1357,53.37701,303.26,0.5,0.49,"2026-09-14",2312,"N20","nominal","2.0NRT",287.95,1.45,"N"
"5243",27.04854,49.58119,324.16,0.47,0.64,"2026-09-14",2318,"N20","nominal","2.0NRT",302.3,4.64,"N"
"5244",45.89461,53.29864,337.57,0.5,0.49,"2026-09-14",2312,"N20","nominal","2.0NRT",289.28,4.94,"N"
"5245",30.67451,26.36758,313.5,0.46,0.64,"2026-09-14",2318,"N20","nominal","2.0NRT",292.55,2.3,"N"
"5246",46.77705,48.1244,324.14,0.45,0.39,"2026-09-14",2312,"N20","nominal","2.0NRT",286.98,2.33,"N"
"5247",27.03596,49.60704,312.08,0.48,0.64,"2026-09-14",2318,"N20","nominal","2.0NRT",300.46,2.84,"N"
"5248",46.77591,48.13012,324.64,0.45,0.39,"2026-09-14",2312,"N20","nominal","2.0NRT",287.49,2.33,"N"
"5249",27.10203,49.31528,331.23,0.45,0.63,"2026-09-14",2318,"N20","nominal","2.0NRT",297.74,3.67,"N"
"5250",46.77478,48.13585,297.36,0.45,0.39,"2026-09-14",2312,"N20","nominal","2.0NRT",285.93,0.42,"N"
"5251",27.03711,49.55281,341.73,0.47,0.64,"2026-09-14",2318,"N20","nominal","2.0NRT",299.76,6.39,"N"
"5252",27.0964,49.31353,311.66,0.45,0.63,"2026-09-14",2318,"N20","nominal","2.0NRT",297.81,1.76,"N"
"5253",46.77014,48.12149,300.73,0.45,0.39,"2026-09-14",2312,"N20","nominal","2.0NRT",290.28,1.98,"N"
"5254",27.03597,49.55739,312.05,0.47,0.64,"2026-09-14",2318,"N20","nominal","2.0NRT",301.31,6.24,"N"
"5255",47.86042,36.45283,300.11,0.4,0.45,"2026-09-14",2312,"N20","nominal","2.0NRT",283.97,1.41,"N"
"5256",27.01881,49.57679,314.37,0.47,0.64,"2026-09-14",2318,"N20","nominal","2.0NRT",300.63,3.66,"N"
"5257",47.23656,38.8583,329.23,0.48,0.4,"2026-09-14",2314,"N20","nominal","2.0NRT",290.16,4.35,"N"
"5258",47.20811,38.87739,329.07,0.48,0.4,"2026-09-14",2314,"N20","nominal","2.0NRT",289.82,7.75,"N"
"5259",26.95221,49.59585,310.18,0.48,0.64,"2026-09-14",2318,"N20","nominal","2.0NRT",296.32,1.48,"N"
"5260",30.1913,31.31059,323.91,0.46,0.47,"2026-09-14",2318,"N20","nominal","2.0NRT",294.79,2.67,"N"
"5261",47.20742,38.88372,318.78,0.48,0.4,"2026-09-14",2314,"N20","nominal","2.0NRT",291.16,7.75,"N"
"5262",30.19068,31.30876,324.22,0.46,0.47,"2026-09-14",2318,"N20","nominal","2.0NRT",295.04,2.02,"N"
"5263",47.20446,38.87647,329.02,0.48,0.4,"2026-09-14",2314,"N20","nominal","2.0NRT",289.16,11.43,"N"
"5264",47.20376,38.8828,343.48,0.48,0.4,"2026-09-14",2314,"N20","nominal","2.0NRT",292.9,11.43,"N"
"5265",26.95285,49.59856,307.59,0.48,0.64,"2026-09-14",2318,"N20","nominal","2.0NRT",296.21,1.94,"N"
"5266",30.5339,26.07813,311.63,0.48,0.65,"2026-09-14",2318,"N20","nominal","2.0NRT",292.62,1.3,"N"
"5267",47.20306,38.88908,307.18,0.48,0.4,"2026-09-14",2314,"N20","nominal","2.0NRT",290.57,5.74,"N"
"5268",47.20128,38.88304,330.38,0.48,0.4,"2026-09-14",2314,"N20","nominal","2.0NRT",289.44,3.79,"N"
"5269",30.53329,26.08829,308.86,0.48,0.65,"2026-09-14",2318,"N20","nominal","2.0NRT",293.24,1.92,"N"
"5270",47.78392,29.01526,297.4,0.45,0.63,"2026-09-14",2314,"N20","nominal","2.0NRT",282.69,1.23,"N"
"5271",30.1065,31.26764,307.08,0.46,0.47,"2026-09-14",2318,"N20","nominal","2.0NRT",295.2,1.56,"N"
"5272",47.17324,31.75462,295.33,0.33,0.55,"2026-09-14",2314,"N20","nominal","2.0NRT",281.03,0.3,"N"
"5273",30.53119,26.07781,306.86,0.48,0.65,"2026-09-14",2318,"N20","nominal","2.0NRT",292.37,1.62,"N"
"5274",28.26814,43.19891,309.53,0.56,0.43,"2026-09-14",2318,"N20","nominal","2.0NRT",297.47,1.07,"N"
"5275",44.91405,48.95859,315.08,0.52,0.41,"2026-09-14",2314,"N20","nominal","2.0NRT",291.03,1.21,"N"
"5276",45.00322,48.48338,310.59,0.49,0.41,"2026-09-14",2314,"N20","nominal","2.0NRT",291.99,0.68,"N"
"5277",26.69487,50.08974,314.68,0.52,0.67,"2026-09-14",2318,"N20","nominal","2.0NRT",300.55,4.16,"N"
"5278",26.68258,50.11306,315.78,0.52,0.67,"2026-09-14",2318,"N20","nominal","2.0NRT",300.11,4.36,"N"
"5279",44.91455,48.95844,312.56,0.52,0.41,"2026-09-14",2314,"N20","nominal","2.0NRT",291.29,1.36,"N"
"5280",45.00166,48.48206,336.71,0.49,0.41,"2026-09-14",2314,"N20","nominal","2.0NRT",293.81,14.79,"N"
"5281",30.3656,27.22582,324.38,0.41,0.6,"2026-09-14",2318,"N20","nominal","2.0NRT",290.79,1.73,"N"
"5282",45.15587,47.47147,304.3,0.45,0.39,"2026-09-14",2314,"N20","nominal","2.0NRT",292.6,2.19,"N"
"5283",29.80625,32.09051,324.18,0.41,0.45,"2026-09-14",2318,"N20","nominal","2.0NRT",298.67,2.37,"N"
"5284",29.80672,32.08625,318.38,0.41,0.45,"2026-09-14",2318,"N20","nominal","2.0NRT",296.03,2.37,"N"
"5285",45.0933,43.38806,301.65,0.38,0.36,"2026-09-14",2314,"N20","nominal","2.0NRT",287.09,0.6,"N"
"5286",29.79613,32.14514,303.15,0.41,0.45,"2026-09-14",2318,"N20","nominal","2.0NRT",292.11,0.93,"N"
"5287",44.82682,44.11422,312.58,0.39,0.36,"2026-09-14",2314,"N20","nominal","2.0NRT",286.45,0.94,"N"
"5288",29.74822,32.21197,316.2,0.41,0.45,"2026-09-14",2318,"N20","nominal","2.0NRT",296.41,1.3,"N"
"5289",29.68974,32.32543,317.94,0.4,0.44,"2026-09-14",2318,"N20","nominal","2.0NRT",297.81,2.35,"N"
"5290",45.21955,38.13223,305.35,0.49,0.4,"2026-09-14",2314,"N20","nominal","2.0NRT",287.95,1.54,"N"
"5291",29.73264,31.38215,316.18,0.45,0.47,"2026-09-14",2318,"N20","nominal","2.0NRT",293.26,1.81,"N"
"5292",45.21586,38.1314,343.08,0.49,0.4,"2026-09-14",2314,"N20","nominal","2.0NRT",288.48,8.62,"N"
"5293",26.15789,50.6671,314.98,0.58,0.69,"2026-09-14",2318,"N20","nominal","2.0NRT",302.11,1.92,"N"
"5294",45.21656,38.12522,302.13,0.49,0.4,"2026-09-14",2314,"N20","nominal","2.0NRT",285.75,1.38,"N"
"5295",25.90364,51.55006,367,0.66,0.73,"2026-09-14",2318,"N20","high","2.0NRT",302.47,16.68,"N"
"5296",45.37703,30.92697,325.53,0.35,0.56,"2026-09-14",2314,"N20","nominal","2.0NRT",289.66,1.43,"N"
"5297",25.90194,51.55639,325.02,0.66,0.73,"2026-09-14",2318,"N20","nominal","2.0NRT",303.33,12.66,"N"
"5298",45.35721,30.90229,322.65,0.35,0.57,"2026-09-14",2314,"N20","nominal","2.0NRT",289.35,1.59,"N"
"5299",45.35743,30.89779,307.1,0.35,0.57,"2026-09-14",2314,"N20","nominal","2.0NRT",288.26,1.09,"N"
"5300",25.90734,51.5101,317.14,0.66,0.73,"2026-09-14",2318,"N20","nominal","2.0NRT",302.12,5.72,"N"
"5301",45.26089,31.67044,367,0.32,0.54,"2026-09-14",2314,"N20","high","2.0NRT",292.39,3.05,"N"
"5302",25.88586,51.53749,315.28,0.66,0.73,"2026-09-14",2318,"N20","nominal","2.0NRT",300.27,5.51,"N"
"5303",45.25586,31.66985,303.57,0.32,0.54,"2026-09-14",2314,"N20","nominal","2.0NRT",289.16,3.05,"N"
"5304",29.97849,27.78543,303.87,0.37,0.58,"2026-09-14",2318,"N20","nominal","2.0NRT",293.7,0.57,"N"
"5305",25.90973,51.56366,310.79,0.66,0.73,"2026-09-14",2318,"N20","nominal","2.0NRT",300.59,4.22,"N"
"5306",44.73424,37.80587,307.01,0.49,0.41,"2026-09-14",2314,"N20","nominal","2.0NRT",289.13,1.57,"N"
"5307",25.90489,51.55521,355.33,0.66,0.73,"2026-09-14",2318,"N20","nominal","2.0NRT",304.16,9.46,"N"
"5308",44.73679,37.80741,309.7,0.49,0.41,"2026-09-14",2314,"N20","nominal","2.0NRT",289.28,1.23,"N"
"5309",43.43406,45.44855,337.12,0.42,0.38,"2026-09-14",2314,"N20","nominal","2.0NRT",290.02,3.67,"N"
"5310",25.90656,51.54885,318.96,0.66,0.73,"2026-09-14",2318,"N20","nominal","2.0NRT",300.98,9.46,"N"
"5311",43.29432,45.62586,311.3,0.42,0.38,"2026-09-14",2314,"N20","nominal","2.0NRT",288.92,1.11,"N"
"5312",25.90358,51.50656,313.33,0.66,0.73,"2026-09-14",2318,"N20","nominal","2.0NRT",301.55,4.41,"N"
"5313",43.07835,46.63422,305.79,0.46,0.39,"2026-09-14",2314,"N20","nominal","2.0NRT",286.71,0.64,"N"
"5314",25.59816,52.53982,350.92,0.77,0.77,"2026-09-14",2318,"N20","nominal","2.0NRT",301.47,6.9,"N"
"5315",43.21326,45.84409,301.24,0.43,0.38,"2026-09-14",2314,"N20","nominal","2.0NRT",287.36,0.45,"N"
"5316",25.59615,52.54718,340.12,0.77,0.77,"2026-09-14",2318,"N20","nominal","2.0NRT",302.38,12.71,"N"
"5317",43.07735,45.75863,315.27,0.43,0.38,"2026-09-14",2314,"N20","nominal","2.0NRT",292.01,1.68,"N"
"5318",25.59131,52.53753,311.45,0.77,0.77,"2026-09-14",2318,"N20","nominal","2.0NRT",300.39,6.9,"N"
"5319",41.52069,52.61773,299.34,0.61,0.53,"2026-09-14",2314,"N20","nominal","2.0NRT",288.89,0.91,"N"
"5320",26.03734,50.55283,313.01,0.57,0.69,"2026-09-14",2318,"N20","nominal","2.0NRT",299.1,0.81,"N"
"5321",42.62181,46.54758,316.58,0.46,0.39,"2026-09-14",2314,"N20","nominal","2.0NRT",285.7,1.32,"N"
"5322",26.03583,50.55858,309.69,0.57,0.69,"2026-09-14",2318,"N20","nominal","2.0NRT",298.71,0.81,"N"
"5323",42.62037,46.54526,317.58,0.46,0.39,"2026-09-14",2314,"N20","nominal","2.0NRT",285.78,2.1,"N"
"5324",26.04002,50.55516,314.82,0.57,0.69,"2026-09-14",2318,"N20","nominal","2.0NRT",299.91,3.1,"N"
"5325",39.68657,54.30171,302.11,0.41,0.61,"2026-09-14",2314,"N20","nominal","2.0NRT",289.98,0.66,"N"
"5326",29.62836,29.47225,304.29,0.59,0.53,"2026-09-14",2318,"N20","nominal","2.0NRT",291.7,0.78,"N"
"5327",40.03187,52.94271,303.49,0.34,0.56,"2026-09-14",2314,"N20","nominal","2.0NRT",288.62,1.08,"N"
"5328",28.96082,33.18359,325.2,0.53,0.42,"2026-09-14",2318,"N20","nominal","2.0NRT",296.43,2.8,"N"
"5329",40.01989,52.94615,302.17,0.34,0.56,"2026-09-14",2314,"N20","nominal","2.0NRT",286.45,0.43,"N"
"5330",28.47137,36.5175,314.39,0.4,0.37,"2026-09-14",2318,"N20","nominal","2.0NRT",296.36,1.56,"N"
"5331",40.01761,52.94511,302.41,0.35,0.56,"2026-09-14",2314,"N20","nominal","2.0NRT",286.33,0.44,"N"
"5332",28.47078,36.52151,314.14,0.4,0.37,"2026-09-14",2318,"N20","nominal","2.0NRT",296.53,1.43,"N"
"5333",39.51469,53.76374,301.91,0.39,0.59,"2026-09-14",2314,"N20","nominal","2.0NRT",285.38,0.36,"N"
"5334",28.46803,36.51686,310.59,0.4,0.37,"2026-09-14",2318,"N20","nominal","2.0NRT",295.71,1,"N"
"5335",40.12562,51.22345,312.15,0.56,0.52,"2026-09-14",2314,"N20","nominal","2.0NRT",291.84,1.47,"N"
"5336",28.8512,33.07028,308.26,0.54,0.42,"2026-09-14",2318,"N20","nominal","2.0NRT",296.77,4.14,"N"
"5337",40.40827,49.91816,307.68,0.48,0.48,"2026-09-14",2314,"N20","nominal","2.0NRT",293.34,1.32,"N"
"5338",25.453,50.78571,327.21,0.61,0.71,"2026-09-14",2318,"N20","nominal","2.0NRT",299.27,4.84,"N"
"5339",39.52933,53.40315,297.89,0.38,0.58,"2026-09-14",2314,"N20","nominal","2.0NRT",286.16,0.52,"N"
"5340",25.45194,50.78603,326.83,0.61,0.71,"2026-09-14",2318,"N20","nominal","2.0NRT",299.03,4.28,"N"
"5341",39.40035,53.18872,298.57,0.37,0.58,"2026-09-14",2314,"N20","nominal","2.0NRT",287.83,0.88,"N"
"5342",25.38127,50.79549,309.12,0.61,0.71,"2026-09-14",2318,"N20","nominal","2.0NRT",298.21,2.84,"N"
"5343",39.40198,53.18645,303.21,0.37,0.58,"2026-09-14",2314,"N20","nominal","2.0NRT",287.52,0.84,"N"
"5344",25.68353,49.40684,307.89,0.5,0.66,"2026-09-14",2318,"N20","nominal","2.0NRT",295.91,1.15,"N"
"5345",28.92162,31.07998,305.28,0.46,0.47,"2026-09-14",2318,"N20","nominal","2.0NRT",294.06,1.6,"N"
"5346",41.16904,45.25572,304.47,0.44,0.38,"2026-09-14",2314,"N20","nominal","2.0NRT",290.7,0.84,"N"
"5347",25.68003,49.40869,309.51,0.5,0.66,"2026-09-14",2318,"N20","nominal","2.0NRT",296.78,1.35,"N"
"5348",39.4778,52.68972,367,0.35,0.56,"2026-09-14",2314,"N20","high","2.0NRT",293.2,4.71,"N"
"5349",25.64153,49.38664,317.2,0.5,0.66,"2026-09-14",2318,"N20","nominal","2.0NRT",296.04,2.8,"N"
"5350",40.25307,49.44822,304.72,0.45,0.47,"2026-09-14",2314,"N20","nominal","2.0NRT",291.07,1.11,"N"
"5351",25.64035,49.3914,317.8,0.5,0.66,"2026-09-14",2318,"N20","nominal","2.0NRT",295.85,3.09,"N"
"5352",41.07222,45.35762,302.84,0.44,0.39,"2026-09-14",2314,"N20","nominal","2.0NRT",288.53,0.56,"N"
"5353",25.63451,49.38966,310.12,0.5,0.66,"2026-09-14",2318,"N20","nominal","2.0NRT",295.03,1.15,"N"
"5354",40.1996,49.47097,317.81,0.46,0.47,"2026-09-14",2314,"N20","nominal","2.0NRT",291.44,2.25,"N"
"5355",24.93143,51.5636,338.21,0.7,0.75,"2026-09-14",2318,"N20","nominal","2.0NRT",300.81,7.35,"N"
"5356",38.68319,54.31307,317.86,0.44,0.62,"2026-09-14",2314,"N20","nominal","2.0NRT",287.27,1.52,"N"
"5357",24.91816,51.5594,314.2,0.7,0.75,"2026-09-14",2318,"N20","nominal","2.0NRT",299.62,4.7,"N"
"5358",38.68184,54.31786,308.81,0.44,0.62,"2026-09-14",2314,"N20","nominal","2.0NRT",287.91,1.52,"N"
"5359",24.92988,51.56308,336.57,0.7,0.75,"2026-09-14",2318,"N20","nominal","2.0NRT",301.03,11.54,"N"
"5360",38.64924,54.28127,338.76,0.44,0.62,"2026-09-14",2314,"N20","nominal","2.0NRT",286.86,3.29,"N"
"5361",24.91663,51.55882,310.03,0.7,0.75,"2026-09-14",2318,"N20","nominal","2.0NRT",299.29,5.01,"N"
"5362",38.64766,54.27845,321.16,0.44,0.62,"2026-09-14",2314,"N20","nominal","2.0NRT",285.74,2.04,"N"
"5363",24.98229,50.93005,336.1,0.64,0.72,"2026-09-14",2318,"N20","nominal","2.0NRT",298.81,5.84,"N"
"5364",24.98384,50.92411,311.77,0.64,0.72,"2026-09-14",2318,"N20","nominal","2.0NRT",297.62,4.38,"N"
"5365",38.64633,54.28324,307.29,0.44,0.62,"2026-09-14",2314,"N20","nominal","2.0NRT",283.74,2.04,"N"
"5366",25.2309,49.86549,333.48,0.54,0.68,"2026-09-14",2318,"N20","nominal","2.0NRT",296.62,3.45,"N"
"5367",39.90783,47.27113,329,0.55,0.43,"2026-09-14",2314,"N20","nominal","2.0NRT",290.88,4.86,"N"
"5368",24.98379,50.92818,344.47,0.64,0.72,"2026-09-14",2318,"N20","nominal","2.0NRT",298.5,6.66,"N"
"5369",40.57639,43.00846,298.74,0.39,0.36,"2026-09-14",2314,"N20","nominal","2.0NRT",282.12,0.75,"N"
"5370",25.23206,49.8628,321.33,0.54,0.68,"2026-09-14",2318,"N20","nominal","2.0NRT",295.35,3.09,"N"
"5371",39.85511,44.73255,307.96,0.44,0.38,"2026-09-14",2314,"N20","nominal","2.0NRT",291.32,1.09,"N"
"5372",25.23078,49.86796,310.83,0.54,0.68,"2026-09-14",2318,"N20","nominal","2.0NRT",296.11,2.84,"N"
"5373",36.99407,56.23158,296.55,0.62,0.71,"2026-09-14",2314,"N20","nominal","2.0NRT",284.06,0.45,"N"
"5374",28.27832,33.3204,312.42,0.51,0.41,"2026-09-14",2318,"N20","nominal","2.0NRT",297.08,0.92,"N"
"5375",37.14558,55.12738,311.82,0.54,0.67,"2026-09-14",2314,"N20","nominal","2.0NRT",288.96,1.37,"N"
"5376",26.49108,43.96162,316.74,0.45,0.47,"2026-09-14",2318,"N20","nominal","2.0NRT",300.81,2.51,"N"
"5377",37.14459,55.13079,300.24,0.54,0.68,"2026-09-14",2314,"N20","nominal","2.0NRT",289.01,1.17,"N"
"5378",25.21411,49.28631,307.27,0.5,0.66,"2026-09-14",2318,"N20","nominal","2.0NRT",295.89,1.45,"N"
"5379",41.18728,32.63541,297.92,0.52,0.5,"2026-09-14",2314,"N20","nominal","2.0NRT",286.55,1.73,"N"
"5380",25.17519,49.31614,311.08,0.5,0.66,"2026-09-14",2318,"N20","nominal","2.0NRT",294.75,1.28,"N"
"5381",41.26792,31.42607,301.03,0.6,0.53,"2026-09-14",2314,"N20","nominal","2.0NRT",288.39,1.18,"N"
"5382",25.17397,49.32105,319.28,0.5,0.66,"2026-09-14",2318,"N20","nominal","2.0NRT",295.13,1.28,"N"
"5383",41.26301,31.42544,314.78,0.6,0.53,"2026-09-14",2314,"N20","nominal","2.0NRT",288.73,2.3,"N"
"5384",25.17807,49.31881,308.08,0.5,0.66,"2026-09-14",2318,"N20","nominal","2.0NRT",294.12,1.41,"N"
"5385",41.17807,32.63435,300,0.52,0.5,"2026-09-14",2314,"N20","nominal","2.0NRT",287.57,1.07,"N"
"5386",25.17687,49.32375,312.64,0.5,0.66,"2026-09-14",2318,"N20","nominal","2.0NRT",294.69,1.41,"N"
"5387",41.2576,31.43242,300.45,0.6,0.53,"2026-09-14",2314,"N20","nominal","2.0NRT",286.73,2.3,"N"
"5388",26.19212,44.38055,326.33,0.48,0.48,"2026-09-14",2318,"N20","nominal","2.0NRT",296.83,3.33,"N"
"5389",41.17347,32.63375,296.14,0.52,0.5,"2026-09-14",2314,"N20","nominal","2.0NRT",285.01,1.07,"N"
"5390",25.96856,45.41685,306.18,0.56,0.51,"2026-09-14",2318,"N20","nominal","2.0NRT",292.88,0.83,"N"
"5391",41.25411,31.40978,308.94,0.6,0.53,"2026-09-14",2314,"N20","nominal","2.0NRT",286.38,1.93,"N"
"5392",25.9656,45.4203,309.67,0.56,0.51,"2026-09-14",2318,"N20","nominal","2.0NRT",293.37,1.47,"N"
"5393",41.25732,31.41113,307.29,0.6,0.53,"2026-09-14",2314,"N20","nominal","2.0NRT",286.32,1.81,"N"
"5394",25.25816,48.10184,343.14,0.42,0.61,"2026-09-14",2318,"N20","nominal","2.0NRT",297.23,17.81,"N"
"5395",39.58532,43.90311,297.18,0.42,0.38,"2026-09-14",2314,"N20","nominal","2.0NRT",284.47,0.56,"N"
"5396",25.25718,48.10592,350.02,0.42,0.61,"2026-09-14",2318,"N20","nominal","2.0NRT",307,23.01,"N"
"5397",36.94379,54.88677,304.94,0.53,0.67,"2026-09-14",2314,"N20","nominal","2.0NRT",288.94,1.38,"N"
"5398",25.25268,48.10024,333.37,0.42,0.61,"2026-09-14",2318,"N20","nominal","2.0NRT",296.49,12.44,"N"
"5399",39.92633,40.66682,296.88,0.39,0.36,"2026-09-14",2314,"N20","nominal","2.0NRT",284.42,0.67,"N"
"5400",25.2517,48.10432,353.26,0.42,0.61,"2026-09-14",2318,"N20","nominal","2.0NRT",316.17,18.46,"N"
"5401",41.0219,28.55298,311.87,0.42,0.61,"2026-09-14",2314,"N20","nominal","2.0NRT",287.65,1.25,"N"
"5402",25.25072,48.10842,319.78,0.42,0.61,"2026-09-14",2318,"N20","nominal","2.0NRT",297.15,18.46,"N"
"5403",39.89226,40.09623,310.65,0.39,0.36,"2026-09-14",2314,"N20","nominal","2.0NRT",286.2,15.43,"N"
"5404",25.24719,48.09868,305.88,0.42,0.61,"2026-09-14",2318,"N20","nominal","2.0NRT",294.83,12.44,"N"
"5405",39.88897,40.09539,328.05,0.39,0.36,"2026-09-14",2314,"N20","nominal","2.0NRT",302.53,15.43,"N"
"5406",25.24622,48.10273,318.33,0.42,0.61,"2026-09-14",2318,"N20","nominal","2.0NRT",295.92,18.46,"N"
"5407",39.88831,40.09987,306.64,0.39,0.36,"2026-09-14",2314,"N20","nominal","2.0NRT",288.23,9.26,"N"
"5408",39.88602,40.09706,322.71,0.39,0.36,"2026-09-14",2314,"N20","nominal","2.0NRT",286.99,2.02,"N"
"5409",25.24834,48.09934,322.71,0.42,0.61,"2026-09-14",2318,"N20","nominal","2.0NRT",295.47,20.97,"N"
"5410",40.78423,29.60193,300.27,0.37,0.58,"2026-09-14",2314,"N20","nominal","2.0NRT",289.19,0.93,"N"
"5411",25.24739,48.10341,353.94,0.42,0.61,"2026-09-14",2318,"N20","nominal","2.0NRT",306.37,25.54,"N"
"5412",40.75972,29.75741,298.74,0.36,0.58,"2026-09-14",2314,"N20","nominal","2.0NRT",288.14,1.58,"N"
"5413",25.24644,48.10752,313.65,0.42,0.61,"2026-09-14",2318,"N20","nominal","2.0NRT",295.56,25.54,"N"
"5414",40.76649,29.52576,310.13,0.38,0.58,"2026-09-14",2314,"N20","nominal","2.0NRT",288.64,1.1,"N"
"5415",40.76627,29.53004,299.22,0.37,0.58,"2026-09-14",2314,"N20","nominal","2.0NRT",288.34,1.1,"N"
"5416",24.87253,49.23178,305.34,0.51,0.66,"2026-09-14",2318,"N20","nominal","2.0NRT",293.89,0.91,"N"
"5417",40.74857,29.76498,298.84,0.36,0.58,"2026-09-14",2314,"N20","nominal","2.0NRT",288.62,1.62,"N"
"5418",24.80795,49.41418,311.09,0.52,0.67,"2026-09-14",2318,"N20","nominal","2.0NRT",298.96,2.67,"N"
"5419",40.75866,29.35554,299.59,0.38,0.59,"2026-09-14",2314,"N20","nominal","2.0NRT",287.47,1.39,"N"
"5420",27.53075,35.53933,312.41,0.41,0.37,"2026-09-14",2318,"N20","nominal","2.0NRT",299.87,1.22,"N"
"5421",37.63885,49.08766,309.64,0.5,0.49,"2026-09-14",2316,"N20","nominal","2.0NRT",291.89,1.75,"N"
"5422",24.80749,49.41212,313.91,0.52,0.67,"2026-09-14",2318,"N20","nominal","2.0NRT",298.05,2.31,"N"
"5423",38.25051,46.04082,299.92,0.52,0.41,"2026-09-14",2316,"N20","nominal","2.0NRT",287.86,0.76,"N"
"5424",24.79827,49.34549,310.97,0.52,0.67,"2026-09-14",2318,"N20","nominal","2.0NRT",294.97,1.43,"N"
"5425",39.72308,36.93535,297.31,0.47,0.4,"2026-09-14",2316,"N20","nominal","2.0NRT",286.24,0.76,"N"
"5426",24.53671,49.22446,314.62,0.51,0.66,"2026-09-14",2318,"N20","nominal","2.0NRT",294.48,1.15,"N"
"5427",40.08419,32.79911,304.2,0.5,0.49,"2026-09-14",2316,"N20","nominal","2.0NRT",280.49,1,"N"
"5428",24.94797,47.0606,314.63,0.37,0.58,"2026-09-14",2318,"N20","nominal","2.0NRT",299.17,3.03,"N"
"5429",40.08259,32.79816,309.3,0.5,0.49,"2026-09-14",2316,"N20","nominal","2.0NRT",280.68,1.17,"N"
"5430",24.70556,47.53051,320.2,0.4,0.6,"2026-09-14",2318,"N20","nominal","2.0NRT",300.85,2.86,"N"
"5431",40.04926,32.65111,297.48,0.5,0.49,"2026-09-14",2316,"N20","nominal","2.0NRT",284.73,0.69,"N"
"5432",24.70446,47.53006,317.96,0.4,0.6,"2026-09-14",2318,"N20","nominal","2.0NRT",299.69,2.87,"N"
"5433",39.94572,33.19175,305.27,0.47,0.48,"2026-09-14",2316,"N20","nominal","2.0NRT",285.93,1.54,"N"
"5434",39.94603,33.19011,304.78,0.47,0.48,"2026-09-14",2316,"N20","nominal","2.0NRT",286.24,1.59,"N"
"5435",38.12541,45.68246,297.77,0.5,0.41,"2026-09-14",2316,"N20","nominal","2.0NRT",287.24,0.87,"N"
"5436",39.59203,34.93121,299.56,0.38,0.43,"2026-09-14",2316,"N20","nominal","2.0NRT",285.3,0.38,"N"
"5437",39.65148,33.92022,307.53,0.43,0.46,"2026-09-14",2316,"N20","nominal","2.0NRT",283.78,1.76,"N"
"5438",24.57129,46.88412,314.56,0.37,0.58,"2026-09-14",2318,"N20","nominal","2.0NRT",298.05,2.29,"N"
"5439",39.65049,33.93051,302.29,0.43,0.46,"2026-09-14",2316,"N20","nominal","2.0NRT",283.68,0.59,"N"
"5440",24.79914,45.82586,334.64,0.63,0.54,"2026-09-14",2318,"N20","nominal","2.0NRT",296.62,5.95,"N"
"5441",39.83879,30.2992,300.87,0.34,0.56,"2026-09-14",2316,"N20","nominal","2.0NRT",282.81,0.67,"N"
"5442",24.4923,47.15432,330.21,0.38,0.59,"2026-09-14",2318,"N20","nominal","2.0NRT",295.11,2.64,"N"
"5443",39.90292,28.86833,307.51,0.4,0.6,"2026-09-14",2316,"N20","nominal","2.0NRT",273.27,0.67,"N"
"5444",24.00869,49.14671,314.65,0.52,0.67,"2026-09-14",2318,"N20","nominal","2.0NRT",294.6,0.99,"N"
"5445",36.85691,50.0122,297.74,0.59,0.53,"2026-09-14",2316,"N20","nominal","2.0NRT",285.89,0.5,"N"
"5446",24.59945,46.57064,310.81,0.35,0.57,"2026-09-14",2318,"N20","nominal","2.0NRT",297.38,1.78,"N"
"5447",39.22201,36.9246,297.16,0.47,0.39,"2026-09-14",2316,"N20","nominal","2.0NRT",282.4,0.41,"N"
"5448",24.59869,46.57395,315.35,0.35,0.57,"2026-09-14",2318,"N20","nominal","2.0NRT",299.1,3.25,"N"
"5449",39.21841,36.92387,314.12,0.47,0.39,"2026-09-14",2316,"N20","nominal","2.0NRT",283.17,0.99,"N"
"5450",24.59442,46.56898,315.84,0.35,0.57,"2026-09-14",2318,"N20","nominal","2.0NRT",297.83,1.78,"N"
"5451",39.83687,30.30068,297.58,0.34,0.56,"2026-09-14",2316,"N20","nominal","2.0NRT",282.65,0.86,"N"
"5452",24.60236,46.57495,314.29,0.35,0.57,"2026-09-14",2318,"N20","nominal","2.0NRT",298.39,2.6,"N"
"5453",39.89862,28.86681,296.58,0.4,0.6,"2026-09-14",2316,"N20","nominal","2.0NRT",274.28,0.61,"N"
"5454",24.00842,49.14458,304.1,0.52,0.67,"2026-09-14",2318,"N20","nominal","2.0NRT",293.71,1.43,"N"
"5455",39.49772,33.7826,319.38,0.44,0.46,"2026-09-14",2316,"N20","nominal","2.0NRT",283.15,2.16,"N"
"5456",24.59807,46.56996,309.16,0.35,0.57,"2026-09-14",2318,"N20","nominal","2.0NRT",298.13,2.69,"N"
"5457",39.49301,33.78712,302.32,0.43,0.46,"2026-09-14",2316,"N20","nominal","2.0NRT",281.65,0.77,"N"
"5458",24.59732,46.5733,313.63,0.35,0.57,"2026-09-14",2318,"N20","nominal","2.0NRT",299.05,2.8,"N"
"5459",39.49253,33.79228,296.24,0.43,0.46,"2026-09-14",2316,"N20","nominal","2.0NRT",281.6,0.77,"N"
"5460",27.19596,30.986,313.88,0.44,0.46,"2026-09-14",2318,"N20","nominal","2.0NRT",294.75,0.94,"N"
"5461",39.37358,34.93172,295.28,0.57,0.43,"2026-09-14",2316,"N20","nominal","2.0NRT",283.93,1.1,"N"
"5462",24.51121,46.86029,304.61,0.37,0.58,"2026-09-14",2318,"N20","nominal","2.0NRT",294.28,0.79,"N"
"5463",39.74482,30.19406,295.79,0.34,0.56,"2026-09-14",2316,"N20","nominal","2.0NRT",280.67,0.66,"N"
"5464",27.19168,30.98546,304.39,0.44,0.46,"2026-09-14",2318,"N20","nominal","2.0NRT",294.15,0.94,"N"
"5465",39.47336,33.62293,354.24,0.44,0.46,"2026-09-14",2316,"N20","nominal","2.0NRT",286.05,13.59,"N"
"5466",24.78344,45.60698,316.9,0.61,0.53,"2026-09-14",2318,"N20","nominal","2.0NRT",297.6,3.61,"N"
"5467",39.30231,35.388,303.9,0.54,0.42,"2026-09-14",2316,"N20","nominal","2.0NRT",284.35,1.51,"N"
"5468",27.17159,31.01006,307.18,0.44,0.46,"2026-09-14",2318,"N20","nominal","2.0NRT",294.7,1.54,"N"
"5469",39.30568,35.38773,295.94,0.54,0.42,"2026-09-14",2316,"N20","nominal","2.0NRT",283.92,0.77,"N"
"5470",27.17109,31.01455,314.21,0.44,0.46,"2026-09-14",2318,"N20","nominal","2.0NRT",297.62,1.54,"N"
"5471",39.3018,35.38699,302.14,0.54,0.42,"2026-09-14",2316,"N20","nominal","2.0NRT",284.49,0.77,"N"
"5472",39.47493,33.62113,336.49,0.44,0.46,"2026-09-14",2316,"N20","nominal","2.0NRT",282.75,4,"N"
"5473",39.47444,33.62634,316.68,0.44,0.46,"2026-09-14",2316,"N20","nominal","2.0NRT",283.8,4,"N"
"5474",39.47066,33.62049,336.7,0.44,0.46,"2026-09-14",2316,"N20","nominal","2.0NRT",283.01,3.25,"N"
"5475",39.47017,33.62574,296.23,0.44,0.46,"2026-09-14",2316,"N20","nominal","2.0NRT",282.63,3.25,"N"
"5476",25.79701,39.22832,312.73,0.41,0.37,"2026-09-14",2318,"N20","nominal","2.0NRT",299.26,6.01,"N"
"5477",39.45904,33.69757,296.65,0.44,0.46,"2026-09-14",2316,"N20","nominal","2.0NRT",280.89,0.88,"N"
"5478",39.45854,33.70278,298.72,0.44,0.46,"2026-09-14",2316,"N20","nominal","2.0NRT",282.04,0.78,"N"
"5479",25.79363,39.22762,325.81,0.41,0.37,"2026-09-14",2318,"N20","nominal","2.0NRT",299.59,4.4,"N"
"5480",39.44905,33.71189,298.09,0.44,0.46,"2026-09-14",2316,"N20","nominal","2.0NRT",282.6,0.56,"N"
"5481",25.79025,39.22692,319.97,0.41,0.37,"2026-09-14",2318,"N20","nominal","2.0NRT",299.47,4.4,"N"
"5482",39.44579,33.70082,303.48,0.44,0.46,"2026-09-14",2316,"N20","nominal","2.0NRT",282.12,1.03,"N"
"5483",23.91918,48.26433,317.81,0.46,0.64,"2026-09-14",2318,"N20","nominal","2.0NRT",295.39,1.64,"N"
"5484",39.44481,33.71125,300.47,0.44,0.46,"2026-09-14",2316,"N20","nominal","2.0NRT",281.73,1.1,"N"
"5485",39.4368,33.70476,314.91,0.44,0.46,"2026-09-14",2316,"N20","nominal","2.0NRT",283.49,2.14,"N"
"5486",39.31909,34.73375,307.79,0.39,0.44,"2026-09-14",2316,"N20","nominal","2.0NRT",283.21,1.35,"N"
"5487",39.31863,34.7383,302.84,0.39,0.44,"2026-09-14",2316,"N20","nominal","2.0NRT",283.41,1.35,"N"
"5488",39.31507,34.73306,323.33,0.39,0.44,"2026-09-14",2316,"N20","nominal","2.0NRT",284.6,1.35,"N"
"5489",23.49118,48.29689,329.07,0.48,0.64,"2026-09-14",2320,"N20","nominal","2.0NRT",295.71,2.47,"N"
"5490",39.3847,33.61396,321.71,0.44,0.46,"2026-09-14",2316,"N20","nominal","2.0NRT",282.68,1.35,"N"
"5491",26.077,34.28136,322.8,0.44,0.38,"2026-09-14",2320,"N20","nominal","2.0NRT",297.94,2.94,"N"
"5492",39.67991,29.466,301.2,0.37,0.58,"2026-09-14",2316,"N20","nominal","2.0NRT",282.77,0.8,"N"
"5493",24.02944,40.47975,317.88,0.48,0.4,"2026-09-14",2320,"N20","nominal","2.0NRT",298.41,5.45,"N"
"5494",39.38518,33.60865,302.52,0.44,0.46,"2026-09-14",2316,"N20","nominal","2.0NRT",281.81,1.35,"N"
"5495",24.02582,40.47897,316.94,0.48,0.4,"2026-09-14",2320,"N20","nominal","2.0NRT",296.24,4.88,"N"
"5496",39.38091,33.608,298.27,0.44,0.46,"2026-09-14",2316,"N20","nominal","2.0NRT",281.68,1.35,"N"
"5497",24.28179,37.56792,318.62,0.39,0.36,"2026-09-14",2320,"N20","nominal","2.0NRT",300.27,0.86,"N"
"5498",39.38042,33.61337,307.21,0.44,0.46,"2026-09-14",2316,"N20","nominal","2.0NRT",281.72,1.35,"N"
"5499",24.2758,37.56285,316.96,0.39,0.36,"2026-09-14",2320,"N20","nominal","2.0NRT",300.83,1.02,"N"
"5500",39.37995,33.6187,299.65,0.44,0.46,"2026-09-14",2316,"N20","nominal","2.0NRT",282.01,1.37,"N"
"5501",23.97707,38.21255,313.4,0.4,0.37,"2026-09-14",2320,"N20","nominal","2.0NRT",300.9,4.35,"N"
"5502",23.95253,38.27595,317.23,0.4,0.37,"2026-09-14",2320,"N20","nominal","2.0NRT",301.29,6.98,"N"
"5503",39.37521,33.6233,304.67,0.44,0.46,"2026-09-14",2316,"N20","nominal","2.0NRT",281.74,1.22,"N"
"5504",23.9505,38.2675,320.17,0.4,0.37,"2026-09-14",2320,"N20","nominal","2.0NRT",301.2,7.37,"N"
"5505",39.37237,33.60669,313.27,0.44,0.46,"2026-09-14",2316,"N20","nominal","2.0NRT",282.37,1.61,"N"
"5506",23.94918,38.27528,333.59,0.4,0.37,"2026-09-14",2320,"N20","nominal","2.0NRT",301.41,11.01,"N"
"5507",39.37048,33.62789,303.94,0.44,0.46,"2026-09-14",2316,"N20","nominal","2.0NRT",281.8,1.41,"N"
"5508",22.70773,39.03488,320.01,0.43,0.38,"2026-09-14",2320,"N20","nominal","2.0NRT",299.92,5.21,"N"
"5509",39.36855,33.60097,325.35,0.44,0.46,"2026-09-14",2316,"N20","nominal","2.0NRT",283.06,2.63,"N"
"5510",22.7059,39.03553,317.73,0.43,0.38,"2026-09-14",2320,"N20","nominal","2.0NRT",300.59,5.5,"N"
"5511",39.36763,33.61133,314.54,0.44,0.46,"2026-09-14",2316,"N20","nominal","2.0NRT",281.9,1.64,"N"
"5512",22.67819,39.0299,328.4,0.43,0.38,"2026-09-14",2320,"N20","nominal","2.0NRT",301.59,7,"N"
"5513",39.36716,33.61658,299.06,0.44,0.46,"2026-09-14",2316,"N20","nominal","2.0NRT",281.65,0.81,"N"
"5514",22.66982,39.03679,321.11,0.43,0.38,"2026-09-14",2320,"N20","nominal","2.0NRT",302.77,6.17,"N"
"5515",39.36622,33.6272,310.92,0.44,0.46,"2026-09-14",2316,"N20","nominal","2.0NRT",281.7,0.99,"N"
"5516",22.66708,39.03194,314.16,0.43,0.38,"2026-09-14",2320,"N20","nominal","2.0NRT",301.81,5.81,"N"
"5517",39.36473,33.59529,317.86,0.44,0.46,"2026-09-14",2316,"N20","nominal","2.0NRT",281.93,2.63,"N"
"5518",22.55213,39.43651,312.11,0.45,0.39,"2026-09-14",2320,"N20","nominal","2.0NRT",301.88,1.25,"N"
"5519",22.5811,39.08492,316.17,0.43,0.38,"2026-09-14",2320,"N20","nominal","2.0NRT",301.62,1.22,"N"
"5520",39.36427,33.6005,318.97,0.44,0.46,"2026-09-14",2316,"N20","nominal","2.0NRT",282.86,2.63,"N"
"5521",21.91787,41.26251,308.57,0.56,0.43,"2026-09-14",2320,"N20","nominal","2.0NRT",297.07,1.21,"N"
"5522",39.36381,33.60567,302.84,0.44,0.46,"2026-09-14",2316,"N20","nominal","2.0NRT",281.43,1.64,"N"
"5523",21.43237,39.20183,325.91,0.45,0.39,"2026-09-14",2320,"N20","nominal","2.0NRT",302.9,2.37,"N"
"5524",39.36336,33.61078,301.08,0.44,0.46,"2026-09-14",2316,"N20","nominal","2.0NRT",282.37,1.64,"N"
"5525",20.71718,39.82637,312.48,0.49,0.4,"2026-09-14",2320,"N20","nominal","2.0NRT",301.25,1.77,"N"
"5526",39.3629,33.61596,301.25,0.44,0.46,"2026-09-14",2316,"N20","nominal","2.0NRT",281.39,0.81,"N"
"5527",20.71454,39.82832,316.67,0.49,0.41,"2026-09-14",2320,"N20","nominal","2.0NRT",302.05,1.96,"N"
"5528",39.36196,33.6265,295.18,0.44,0.46,"2026-09-14",2316,"N20","nominal","2.0NRT",281.58,0.99,"N"
"5529",19.52074,42.5355,314.7,0.49,0.49,"2026-09-14",2320,"N20","nominal","2.0NRT",295.81,1.23,"N"
"5530",39.374,33.60566,311.47,0.44,0.46,"2026-09-14",2316,"N20","nominal","2.0NRT",282.61,1.03,"N"
"5531",18.581,45.35653,306.68,0.39,0.59,"2026-09-14",2320,"N20","nominal","2.0NRT",295.52,1.35,"N"
"5532",39.37198,33.62683,298.59,0.44,0.46,"2026-09-14",2316,"N20","nominal","2.0NRT",281.22,0.58,"N"
"5533",18.56812,41.81575,308.3,0.46,0.47,"2026-09-14",2320,"N20","nominal","2.0NRT",297.29,3.72,"N"
"5534",39.37021,33.59993,297.95,0.44,0.46,"2026-09-14",2316,"N20","nominal","2.0NRT",282.53,1.03,"N"
"5535",18.20957,43.00018,299.06,0.56,0.52,"2026-09-14",2320,"N20","nominal","2.0NRT",287.6,1.06,"N"
"5536",17.93314,41.78803,319.08,0.47,0.48,"2026-09-14",2320,"N20","nominal","2.0NRT",299.91,1.47,"N"
"5537",39.36972,33.6051,303.05,0.44,0.46,"2026-09-14",2316,"N20","nominal","2.0NRT",282.64,1.03,"N"
"5538",17.93193,41.78979,322.95,0.47,0.48,"2026-09-14",2320,"N20","nominal","2.0NRT",299.81,1.87,"N"
"5539",39.36923,33.61028,309.49,0.44,0.46,"2026-09-14",2316,"N20","nominal","2.0NRT",281.99,0.97,"N"
"5540",16.93979,42.631,312.78,0.56,0.51,"2026-09-14",2322,"N20","nominal","2.0NRT",297.45,4.38,"N"
"5541",39.36873,33.61554,296.2,0.44,0.46,"2026-09-14",2316,"N20","nominal","2.0NRT",281.51,0.97,"N"
"5542",15.61371,46.01052,304.68,0.5,0.65,"2026-09-14",2322,"N20","nominal","2.0NRT",289.94,3.18,"N"
"5543",39.36823,33.62084,298.23,0.44,0.46,"2026-09-14",2316,"N20","nominal","2.0NRT",281.72,0.58,"N"
"5544",15.58083,45.79927,318.65,0.48,0.65,"2026-09-14",2322,"N20","nominal","2.0NRT",291.37,1.55,"N"
"5545",39.36772,33.62614,295.15,0.44,0.46,"2026-09-14",2316,"N20","nominal","2.0NRT",281.29,0.58,"N"
"5546",15.5799,45.80368,302.11,0.48,0.65,"2026-09-14",2322,"N20","nominal","2.0NRT",291.19,1.55,"N"
"5547",39.36721,33.63148,299.77,0.44,0.46,"2026-09-14",2316,"N20","nominal","2.0NRT",282.37,0.86,"N"
"5548",12.76307,30.01224,310.38,0.51,0.41,"2026-09-14",2322,"N20","nominal","2.0NRT",295.49,1.48,"N"
"5549",39.36592,33.59946,340.08,0.44,0.46,"2026-09-14",2316,"N20","nominal","2.0NRT",283.53,2.79,"N"
"5550",10.23284,42.10968,300.03,0.34,0.56,"2026-09-14",2322,"N20","nominal","2.0NRT",289.64,0.23,"N"
"5551",39.68292,29.46447,297.79,0.37,0.58,"2026-09-14",2316,"N20","nominal","2.0NRT",283.15,0.87,"N"
"5552",11.29928,27.32518,305.28,0.47,0.48,"2026-09-14",2324,"N20","nominal","2.0NRT",293.9,0.9,"N"
"5553",39.36495,33.60976,316.9,0.44,0.46,"2026-09-14",2316,"N20","nominal","2.0NRT",282.5,1.47,"N"
"5554",9.2098,33.10293,346.47,0.38,0.36,"2026-09-14",2324,"N20","nominal","2.0NRT",287.3,4.24,"N"
"5555",39.36446,33.61492,306,0.44,0.46,"2026-09-14",2316,"N20","nominal","2.0NRT",281.18,1.47,"N"
"5556",9.20705,33.09893,304.84,0.38,0.36,"2026-09-14",2324,"N20","nominal","2.0NRT",286.02,1.06,"N"
"5557",39.36346,33.62545,300.47,0.44,0.46,"2026-09-14",2316,"N20","nominal","2.0NRT",281.18,0.43,"N"
"5558",9.2065,33.1024,307.2,0.38,0.36,"2026-09-14",2324,"N20","nominal","2.0NRT",284.63,4.24,"N"
"5559",39.36164,33.59899,321.03,0.44,0.46,"2026-09-14",2316,"N20","nominal","2.0NRT",282.9,2.79,"N"
"5560",9.17312,33.0757,329.17,0.38,0.36,"2026-09-14",2324,"N20","nominal","2.0NRT",287.79,4.96,"N"
"5561",9.17257,33.07917,350.45,0.38,0.36,"2026-09-14",2324,"N20","nominal","2.0NRT",289.4,4.96,"N"
"5562",39.36115,33.60418,300.23,0.44,0.46,"2026-09-14",2316,"N20","nominal","2.0NRT",281.97,2.79,"N"
"5563",9.17202,33.08265,310.62,0.38,0.36,"2026-09-14",2324,"N20","nominal","2.0NRT",287.12,3.7,"N"
"5564",39.36067,33.60926,316.22,0.44,0.46,"2026-09-14",2316,"N20","nominal","2.0NRT",282.64,1.47,"N"
"5565",9.16927,33.07865,326.81,0.38,0.36,"2026-09-14",2324,"N20","nominal","2.0NRT",288.08,4.96,"N"
"5566",39.35785,33.5933,337.18,0.44,0.46,"2026-09-14",2316,"N20","nominal","2.0NRT",284.34,5.56,"N"
"5567",9.16872,33.08212,338.12,0.38,0.36,"2026-09-14",2324,"N20","nominal","2.0NRT",290.63,3.7,"N"
"5568",39.35735,33.59856,302.97,0.44,0.46,"2026-09-14",2316,"N20","nominal","2.0NRT",283.16,5.79,"N"
"5569",9.16597,33.07812,308.07,0.38,0.36,"2026-09-14",2324,"N20","nominal","2.0NRT",286.69,1.21,"N"
"5570",39.35357,33.59276,337.22,0.44,0.46,"2026-09-14",2316,"N20","nominal","2.0NRT",283.42,5.56,"N"
"5571",37.09869,47.90235,302.57,0.45,0.47,"2026-09-14",2316,"N20","nominal","2.0NRT",285.49,0.51,"N"
"5572",39.49479,31.84601,312.86,0.55,0.51,"2026-09-14",2316,"N20","nominal","2.0NRT",280.52,2.02,"N"
"5573",39.23694,34.69007,296.39,0.39,0.44,"2026-09-14",2316,"N20","nominal","2.0NRT",283.73,0.43,"N"
"5574",35.64009,53.47767,304.06,0.48,0.65,"2026-09-14",2316,"N20","nominal","2.0NRT",290.96,0.92,"N"
"5575",35.82166,52.80119,298.64,0.44,0.62,"2026-09-14",2316,"N20","nominal","2.0NRT",279.4,1.35,"N"
"5576",37.42691,46.00708,303.56,0.54,0.42,"2026-09-14",2316,"N20","nominal","2.0NRT",288.55,1.04,"N"
"5577",37.41831,46.04824,299.56,0.54,0.42,"2026-09-14",2316,"N20","nominal","2.0NRT",288.53,0.84,"N"
"5578",39.15779,34.74582,295.22,0.39,0.44,"2026-09-14",2316,"N20","nominal","2.0NRT",283.63,0.16,"N"
"5579",39.15015,34.78158,296.57,0.39,0.44,"2026-09-14",2316,"N20","nominal","2.0NRT",285.06,0.56,"N"
"5580",39.1488,34.77975,295.93,0.38,0.44,"2026-09-14",2316,"N20","nominal","2.0NRT",284.79,0.32,"N"
"5581",39.13749,34.53404,297.19,0.4,0.44,"2026-09-14",2316,"N20","nominal","2.0NRT",283.58,0.64,"N"
"5582",39.13206,34.5469,295.28,0.39,0.44,"2026-09-14",2316,"N20","nominal","2.0NRT",284.38,0.59,"N"
"5583",39.48451,30.03968,302.21,0.34,0.56,"2026-09-14",2316,"N20","nominal","2.0NRT",283.33,0.7,"N"
"5584",39.12981,33.51601,302.09,0.44,0.46,"2026-09-14",2316,"N20","nominal","2.0NRT",285.45,1.26,"N"
"5585",39.12077,33.51999,299.09,0.44,0.46,"2026-09-14",2316,"N20","nominal","2.0NRT",285.2,1.33,"N"
"5586",38.45417,38.72432,303.16,0.41,0.37,"2026-09-14",2316,"N20","nominal","2.0NRT",292.21,0.64,"N"
"5587",38.81046,35.957,295.66,0.51,0.41,"2026-09-14",2316,"N20","nominal","2.0NRT",282.92,0.63,"N"
"5588",38.20677,40.38947,311.56,0.38,0.36,"2026-09-14",2316,"N20","nominal","2.0NRT",290.08,1.27,"N"
"5589",37.32578,45.28088,302.92,0.5,0.41,"2026-09-14",2316,"N20","nominal","2.0NRT",289.12,1.22,"N"
"5590",36.56506,48.80556,305.11,0.51,0.5,"2026-09-14",2316,"N20","nominal","2.0NRT",281.62,1.8,"N"
"5591",38.97446,34.19194,296.41,0.41,0.45,"2026-09-14",2316,"N20","nominal","2.0NRT",285.5,0.27,"N"
"5592",37.9611,41.70405,304.98,0.39,0.36,"2026-09-14",2316,"N20","nominal","2.0NRT",293.09,0.47,"N"
"5593",38.92448,34.39965,298.74,0.4,0.44,"2026-09-14",2316,"N20","nominal","2.0NRT",285.4,0.37,"N"
"5594",36.62062,48.36065,298.72,0.49,0.48,"2026-09-14",2316,"N20","nominal","2.0NRT",284.58,1.04,"N"
"5595",36.01974,50.59376,310.43,0.33,0.55,"2026-09-14",2316,"N20","nominal","2.0NRT",290.84,0.94,"N"
"5596",35.69948,51.7838,300.85,0.39,0.59,"2026-09-14",2316,"N20","nominal","2.0NRT",287.13,1.58,"N"
"5597",38.94591,32.40737,299.54,0.51,0.49,"2026-09-14",2316,"N20","nominal","2.0NRT",281.97,1.62,"N"
"5598",38.94544,32.41332,314.1,0.51,0.49,"2026-09-14",2316,"N20","nominal","2.0NRT",283.01,1.62,"N"
"5599",38.03704,40.05341,302.8,0.39,0.36,"2026-09-14",2316,"N20","nominal","2.0NRT",288.32,0.55,"N"
"5600",38.94457,32.4118,313.28,0.51,0.49,"2026-09-14",2316,"N20","nominal","2.0NRT",282.72,2.74,"N"
"5601",38.84212,32.8622,306.29,0.48,0.48,"2026-09-14",2316,"N20","nominal","2.0NRT",284.1,1.37,"N"
"5602",35.57429,51.50719,311.92,0.38,0.59,"2026-09-14",2316,"N20","nominal","2.0NRT",292.14,2.47,"N"
"5603",37.92366,40.08263,298.66,0.39,0.36,"2026-09-14",2316,"N20","nominal","2.0NRT",286.66,0.23,"N"
"5604",35.57646,51.50713,309.64,0.38,0.59,"2026-09-14",2316,"N20","nominal","2.0NRT",291.76,1.8,"N"
"5605",35.57544,51.5111,313.28,0.38,0.59,"2026-09-14",2316,"N20","nominal","2.0NRT",294.28,1.8,"N"
"5606",35.55669,51.49566,297.43,0.38,0.59,"2026-09-14",2316,"N20","nominal","2.0NRT",284.81,0.16,"N"
"5607",35.54749,51.42168,305.07,0.38,0.58,"2026-09-14",2316,"N20","nominal","2.0NRT",293.09,1.56,"N"
"5608",35.53614,51.42171,310.07,0.38,0.58,"2026-09-14",2316,"N20","nominal","2.0NRT",294.27,1.4,"N"
"5609",35.52995,51.42373,306.12,0.38,0.58,"2026-09-14",2316,"N20","nominal","2.0NRT",290.86,1.4,"N"
"5610",35.52252,51.12845,301.05,0.36,0.58,"2026-09-14",2316,"N20","nominal","2.0NRT",288,0.22,"N"
"5611",35.70394,50.30417,305.52,0.32,0.55,"2026-09-14",2316,"N20","nominal","2.0NRT",289.41,0.7,"N"
"5612",38.62321,32.16702,296.85,0.52,0.5,"2026-09-14",2316,"N20","nominal","2.0NRT",280.25,0.88,"N"
"5613",37.13687,42.7914,316.45,0.41,0.37,"2026-09-14",2316,"N20","nominal","2.0NRT",292.94,0.92,"N"
"5614",37.63301,39.45853,328.98,0.39,0.36,"2026-09-14",2316,"N20","nominal","2.0NRT",290.73,1.58,"N"
"5615",37.63366,39.45415,307.87,0.39,0.36,"2026-09-14",2316,"N20","nominal","2.0NRT",289.46,1.58,"N"
"5616",35.48985,50.2044,304.19,0.32,0.55,"2026-09-14",2316,"N20","nominal","2.0NRT",288.22,0.92,"N"
"5617",38.39185,32.8308,303.97,0.47,0.48,"2026-09-14",2316,"N20","nominal","2.0NRT",281.87,1.08,"N"
"5618",37.07891,42.55861,311.23,0.41,0.37,"2026-09-14",2316,"N20","nominal","2.0NRT",297.32,1.8,"N"
"5619",36.89349,43.43125,322.93,0.43,0.38,"2026-09-14",2316,"N20","nominal","2.0NRT",291.96,1.8,"N"
"5620",37.33992,40.80351,305.33,0.38,0.36,"2026-09-14",2316,"N20","nominal","2.0NRT",291.19,0.94,"N"
"5621",37.73523,38.12512,300.24,0.41,0.37,"2026-09-14",2316,"N20","nominal","2.0NRT",289.81,0.69,"N"
"5622",37.33664,40.80268,309.24,0.38,0.36,"2026-09-14",2316,"N20","nominal","2.0NRT",291.46,1.08,"N"
"5623",36.86811,43.49034,328.26,0.43,0.38,"2026-09-14",2316,"N20","nominal","2.0NRT",295.13,2.75,"N"
"5624",36.86898,43.48561,314.22,0.43,0.38,"2026-09-14",2316,"N20","nominal","2.0NRT",292.89,2.75,"N"
"5625",38.41006,31.52979,304.99,0.56,0.51,"2026-09-14",2316,"N20","nominal","2.0NRT",283.27,2.28,"N"
"5626",38.40957,31.53623,314.79,0.56,0.51,"2026-09-14",2316,"N20","nominal","2.0NRT",283.41,2.32,"N"
"5627",37.57683,38.98184,306.46,0.4,0.37,"2026-09-14",2316,"N20","nominal","2.0NRT",290.09,0.61,"N"
"5628",37.69479,38.08684,302.6,0.42,0.37,"2026-09-14",2316,"N20","nominal","2.0NRT",292.05,0.93,"N"
"5629",38.47969,30.05809,296.68,0.34,0.56,"2026-09-14",2316,"N20","nominal","2.0NRT",278.01,0.26,"N"
"5630",35.26076,50.42077,306.18,0.34,0.56,"2026-09-14",2316,"N20","nominal","2.0NRT",288.68,0.81,"N"
"5631",37.41576,39.54729,302.35,0.39,0.36,"2026-09-14",2316,"N20","nominal","2.0NRT",288.72,0.47,"N"
"5632",36.77789,43.32421,332.85,0.43,0.38,"2026-09-14",2316,"N20","nominal","2.0NRT",300.37,5.65,"N"
"5633",36.7459,43.49698,306.66,0.44,0.38,"2026-09-14",2316,"N20","nominal","2.0NRT",293.84,1.45,"N"
"5634",36.77443,43.32341,323.6,0.43,0.38,"2026-09-14",2316,"N20","nominal","2.0NRT",295.11,5.65,"N"
"5635",37.38092,39.59753,309.49,0.39,0.36,"2026-09-14",2316,"N20","nominal","2.0NRT",292.2,1.03,"N"
"5636",36.99279,42.00248,307.99,0.4,0.37,"2026-09-14",2316,"N20","nominal","2.0NRT",291.83,0.79,"N"
"5637",36.96502,42.08259,311.54,0.4,0.37,"2026-09-14",2316,"N20","nominal","2.0NRT",292.19,1.09,"N"
"5638",36.94994,42.12928,303.86,0.4,0.37,"2026-09-14",2316,"N20","nominal","2.0NRT",293.3,1.36,"N"
"5639",36.94297,42.16916,303.55,0.4,0.37,"2026-09-14",2316,"N20","nominal","2.0NRT",293.08,0.55,"N"
"5640",36.96042,42.04907,301.44,0.4,0.37,"2026-09-14",2316,"N20","nominal","2.0NRT",291.25,0.55,"N"
"5641",36.95965,42.05347,301.9,0.4,0.37,"2026-09-14",2316,"N20","nominal","2.0NRT",290.87,0.55,"N"
"5642",36.94661,42.12839,316.97,0.4,0.37,"2026-09-14",2316,"N20","nominal","2.0NRT",294.93,1.36,"N"
"5643",36.94584,42.13281,318.8,0.4,0.37,"2026-09-14",2316,"N20","nominal","2.0NRT",295.99,1.36,"N"
"5644",36.686,43.52547,306.54,0.44,0.38,"2026-09-14",2316,"N20","nominal","2.0NRT",291.03,0.8,"N"
"5645",36.73037,43.27939,305.78,0.43,0.38,"2026-09-14",2316,"N20","nominal","2.0NRT",295.67,1.03,"N"
"5646",36.6848,43.52809,305.74,0.44,0.38,"2026-09-14",2316,"N20","nominal","2.0NRT",291.13,0.92,"N"
"5647",36.96278,41.9231,321.56,0.4,0.37,"2026-09-14",2316,"N20","nominal","2.0NRT",291.68,1.65,"N"
"5648",36.96203,41.92749,314.61,0.4,0.37,"2026-09-14",2316,"N20","nominal","2.0NRT",290.99,1.65,"N"
"5649",37.01308,41.58558,301.22,0.39,0.36,"2026-09-14",2316,"N20","nominal","2.0NRT",291.15,0.66,"N"
"5650",37.00724,41.6203,309.64,0.39,0.36,"2026-09-14",2316,"N20","nominal","2.0NRT",289.4,0.9,"N"
"5651",37.0065,41.62464,306.97,0.39,0.36,"2026-09-14",2316,"N20","nominal","2.0NRT",288.8,0.65,"N"
"5652",37.0032,41.62378,301.01,0.39,0.36,"2026-09-14",2316,"N20","nominal","2.0NRT",288.99,0.44,"N"
"5653",37.12096,40.89066,312.71,0.39,0.36,"2026-09-14",2316,"N20","nominal","2.0NRT",291.15,1.08,"N"
"5654",36.99478,41.6125,321.86,0.39,0.36,"2026-09-14",2316,"N20","nominal","2.0NRT",292,2.13,"N"
"5655",36.91535,41.89679,306,0.4,0.37,"2026-09-14",2316,"N20","nominal","2.0NRT",290.77,0.51,"N"
"5656",36.92809,41.39793,302.15,0.39,0.36,"2026-09-14",2316,"N20","nominal","2.0NRT",289.8,0.81,"N"
"5657",36.55382,43.50343,321.21,0.44,0.38,"2026-09-14",2316,"N20","nominal","2.0NRT",290.85,1.79,"N"
"5658",37.21682,39.51283,327.96,0.39,0.36,"2026-09-14",2316,"N20","nominal","2.0NRT",291.16,2.93,"N"
"5659",35.04441,50.30824,314.15,0.34,0.56,"2026-09-14",2316,"N20","nominal","2.0NRT",289.47,1.08,"N"
"5660",36.4511,43.87457,307.86,0.45,0.39,"2026-09-14",2316,"N20","nominal","2.0NRT",288.95,1.03,"N"
"5661",36.77012,41.7479,308.82,0.39,0.37,"2026-09-14",2316,"N20","nominal","2.0NRT",288.63,0.73,"N"
"5662",36.76681,41.74703,307.71,0.39,0.37,"2026-09-14",2316,"N20","nominal","2.0NRT",288.29,0.73,"N"
"5663",36.25784,44.38511,305.32,0.48,0.4,"2026-09-14",2316,"N20","nominal","2.0NRT",292.53,0.7,"N"
"5664",37.93293,31.8976,321.2,0.53,0.5,"2026-09-14",2316,"N20","nominal","2.0NRT",283.27,5.08,"N"
"5665",37.93344,31.89129,298.35,0.53,0.5,"2026-09-14",2316,"N20","nominal","2.0NRT",282.51,5.08,"N"
"5666",36.33667,43.76178,310.36,0.45,0.39,"2026-09-14",2316,"N20","nominal","2.0NRT",292.15,1.16,"N"
"5667",37.92833,31.89685,348.69,0.53,0.5,"2026-09-14",2316,"N20","nominal","2.0NRT",285.57,5.08,"N"
"5668",36.93724,40.16028,308.2,0.38,0.36,"2026-09-14",2316,"N20","nominal","2.0NRT",289.16,0.67,"N"
"5669",36.93658,40.16455,300.37,0.38,0.36,"2026-09-14",2316,"N20","nominal","2.0NRT",290.01,0.66,"N"
"5670",37.92926,31.89577,340.23,0.53,0.5,"2026-09-14",2316,"N20","nominal","2.0NRT",287.11,14.05,"N"
"5671",37.9298,31.88947,295.22,0.53,0.5,"2026-09-14",2316,"N20","nominal","2.0NRT",282.65,0.57,"N"
"5672",37.35106,37.16059,308.62,0.44,0.38,"2026-09-14",2316,"N20","nominal","2.0NRT",293.84,1.13,"N"
"5673",36.44225,42.93203,308.76,0.42,0.38,"2026-09-14",2316,"N20","nominal","2.0NRT",296.97,1.08,"N"
"5674",37.8955,31.62338,318.67,0.54,0.51,"2026-09-14",2316,"N20","nominal","2.0NRT",285.13,2,"N"
"5675",37.89081,31.62274,312.55,0.54,0.51,"2026-09-14",2316,"N20","nominal","2.0NRT",284.34,2,"N"
"5676",37.87357,31.6014,297.27,0.54,0.51,"2026-09-14",2316,"N20","nominal","2.0NRT",283.42,0.85,"N"
"5677",37.86839,31.60697,311.96,0.54,0.51,"2026-09-14",2316,"N20","nominal","2.0NRT",282.52,1.93,"N"
"5678",37.2943,37.15398,307.63,0.44,0.38,"2026-09-14",2316,"N20","nominal","2.0NRT",292.77,1.02,"N"
"5679",37.29363,37.15919,307.83,0.44,0.38,"2026-09-14",2316,"N20","nominal","2.0NRT",293.2,1.02,"N"
"5680",36.73912,40.92807,302.35,0.39,0.36,"2026-09-14",2316,"N20","nominal","2.0NRT",287.73,0.53,"N"
"5681",37.85416,31.6677,306.18,0.54,0.51,"2026-09-14",2316,"N20","nominal","2.0NRT",282.88,1.87,"N"
"5682",37.81132,31.70079,300.32,0.54,0.51,"2026-09-14",2316,"N20","nominal","2.0NRT",284.9,1.12,"N"
"5683",36.73208,40.50772,305.15,0.38,0.36,"2026-09-14",2316,"N20","nominal","2.0NRT",289.64,0.64,"N"
"5684",36.72948,40.50266,329.62,0.38,0.36,"2026-09-14",2316,"N20","nominal","2.0NRT",289.81,2.48,"N"
"5685",36.7288,40.50691,332.59,0.38,0.36,"2026-09-14",2316,"N20","nominal","2.0NRT",290.94,2.9,"N"
"5686",34.55591,50.96032,301.53,0.38,0.58,"2026-09-14",2316,"N20","nominal","2.0NRT",290.46,0.68,"N"
"5687",37.7904,31.61031,314.17,0.54,0.51,"2026-09-14",2316,"N20","nominal","2.0NRT",282.62,1.98,"N"
"5688",36.67801,40.73771,307.33,0.39,0.36,"2026-09-14",2316,"N20","nominal","2.0NRT",287.46,0.59,"N"
"5689",36.67732,40.74196,299.99,0.39,0.36,"2026-09-14",2316,"N20","nominal","2.0NRT",287.64,0.57,"N"
"5690",36.67543,40.73263,299.85,0.39,0.36,"2026-09-14",2316,"N20","nominal","2.0NRT",288.31,0.59,"N"
"5691",37.75486,31.8169,296.75,0.53,0.5,"2026-09-14",2316,"N20","nominal","2.0NRT",283.97,1.93,"N"
"5692",36.67145,40.73607,301.24,0.39,0.36,"2026-09-14",2316,"N20","nominal","2.0NRT",288.54,0.61,"N"
"5693",37.75023,31.81642,324.02,0.53,0.5,"2026-09-14",2316,"N20","nominal","2.0NRT",284.33,1.93,"N"
"5694",37.74559,31.81594,317.83,0.53,0.5,"2026-09-14",2316,"N20","nominal","2.0NRT",284.26,2.66,"N"
"5695",36.17615,43.46611,314.07,0.44,0.38,"2026-09-14",2316,"N20","nominal","2.0NRT",291.24,1.29,"N"
"5696",36.95093,38.75261,307.36,0.4,0.37,"2026-09-14",2316,"N20","nominal","2.0NRT",292.05,0.5,"N"
"5697",37.31171,35.71654,300.92,0.5,0.41,"2026-09-14",2316,"N20","nominal","2.0NRT",290.66,0.49,"N"
"5698",36.08439,43.64183,305.89,0.45,0.39,"2026-09-14",2316,"N20","nominal","2.0NRT",292.47,0.51,"N"
"5699",37.86485,29.36927,301.48,0.36,0.57,"2026-09-14",2316,"N20","nominal","2.0NRT",282.42,0.85,"N"
"5700",36.73362,39.78029,322.69,0.39,0.36,"2026-09-14",2316,"N20","nominal","2.0NRT",289.56,2.13,"N"
"5701",36.01823,43.67945,327.56,0.45,0.39,"2026-09-14",2316,"N20","nominal","2.0NRT",294.2,2.12,"N"
"5702",35.99874,43.76205,331.1,0.45,0.39,"2026-09-14",2316,"N20","nominal","2.0NRT",297.95,3.04,"N"
"5703",35.9828,43.76781,330.97,0.45,0.39,"2026-09-14",2316,"N20","nominal","2.0NRT",300.72,6.23,"N"
"5704",35.98344,43.77129,333.77,0.46,0.39,"2026-09-14",2316,"N20","nominal","2.0NRT",299.39,2.77,"N"
"5705",35.97993,43.77024,320.66,0.46,0.39,"2026-09-14",2316,"N20","nominal","2.0NRT",297.66,2.77,"N"
"5706",36.64534,39.71254,314.56,0.39,0.36,"2026-09-14",2316,"N20","nominal","2.0NRT",287.14,1.21,"N"
"5707",35.95482,43.72649,312.09,0.45,0.39,"2026-09-14",2316,"N20","nominal","2.0NRT",293.34,0.78,"N"
"5708",35.68044,45.01437,305.36,0.52,0.41,"2026-09-14",2316,"N20","nominal","2.0NRT",292.06,1.37,"N"
"5709",35.67046,45.00522,317.43,0.52,0.41,"2026-09-14",2316,"N20","nominal","2.0NRT",294.68,2.78,"N"
"5710",35.62534,45.20763,307.81,0.53,0.42,"2026-09-14",2316,"N20","nominal","2.0NRT",291.28,1.4,"N"
"5711",35.63606,45.09673,307.48,0.52,0.42,"2026-09-14",2316,"N20","nominal","2.0NRT",295.18,1.16,"N"
"5712",35.6323,45.09571,302.96,0.52,0.42,"2026-09-14",2316,"N20","nominal","2.0NRT",290.07,0.62,"N"
"5713",36.68004,39.11987,303.28,0.39,0.36,"2026-09-14",2316,"N20","nominal","2.0NRT",289.75,0.42,"N"
"5714",35.60382,45.09914,309.17,0.52,0.42,"2026-09-14",2316,"N20","nominal","2.0NRT",294.06,1.4,"N"
"5715",35.60552,45.07365,305.8,0.52,0.42,"2026-09-14",2316,"N20","nominal","2.0NRT",294.59,1.57,"N"
"5716",36.93687,36.79501,304.8,0.45,0.39,"2026-09-14",2316,"N20","nominal","2.0NRT",290.53,0.45,"N"
"5717",34.3283,50.56247,309.86,0.36,0.58,"2026-09-14",2316,"N20","nominal","2.0NRT",291,0.99,"N"
"5718",35.53472,45.22744,305.77,0.53,0.42,"2026-09-14",2316,"N20","nominal","2.0NRT",290.65,1,"N"
"5719",35.77504,43.99377,328.93,0.47,0.4,"2026-09-14",2316,"N20","nominal","2.0NRT",298.29,2.77,"N"
"5720",35.77147,43.99278,329.77,0.47,0.4,"2026-09-14",2316,"N20","nominal","2.0NRT",298.27,4.59,"N"
"5721",35.72956,44.03437,330.28,0.47,0.4,"2026-09-14",2316,"N20","nominal","2.0NRT",299.57,5.49,"N"
"5722",35.725,44.03846,332.57,0.47,0.4,"2026-09-14",2316,"N20","nominal","2.0NRT",303.69,13.35,"N"
"5723",35.72401,44.04354,313.4,0.47,0.4,"2026-09-14",2316,"N20","nominal","2.0NRT",298.96,13.35,"N"
"5724",35.67727,44.06714,314.28,0.47,0.4,"2026-09-14",2316,"N20","nominal","2.0NRT",294.96,2.78,"N"
"5725",36.79988,37.01936,307.43,0.44,0.38,"2026-09-14",2316,"N20","nominal","2.0NRT",293.19,1.03,"N"
"5726",35.68733,43.87754,336.48,0.46,0.39,"2026-09-14",2316,"N20","nominal","2.0NRT",305.73,18.9,"N"
"5727",35.68378,43.87654,329.14,0.46,0.39,"2026-09-14",2316,"N20","nominal","2.0NRT",305.36,53.06,"N"
"5728",35.66279,43.96621,331.52,0.47,0.4,"2026-09-14",2316,"N20","nominal","2.0NRT",298.42,6.74,"N"
"5729",35.6488,43.99974,303.69,0.47,0.4,"2026-09-14",2316,"N20","nominal","2.0NRT",292.5,0.48,"N"
"5730",35.63255,44.00583,311.37,0.47,0.4,"2026-09-14",2316,"N20","nominal","2.0NRT",293.7,0.91,"N"
"5731",35.63157,44.01089,318.08,0.47,0.4,"2026-09-14",2316,"N20","nominal","2.0NRT",294.86,0.91,"N"
"5732",35.58451,44.2518,315.83,0.48,0.4,"2026-09-14",2316,"N20","nominal","2.0NRT",296.88,1.6,"N"
"5733",35.62801,44.00983,339.15,0.47,0.4,"2026-09-14",2316,"N20","nominal","2.0NRT",305.53,11.38,"N"
"5734",35.62899,44.00478,313.43,0.47,0.4,"2026-09-14",2316,"N20","nominal","2.0NRT",294.06,11.38,"N"
"5735",35.5665,44.28511,329.14,0.48,0.4,"2026-09-14",2316,"N20","nominal","2.0NRT",297.06,4.04,"N"
"5736",35.53448,44.33443,320.05,0.49,0.4,"2026-09-14",2316,"N20","nominal","2.0NRT",294.55,2.1,"N"
"5737",35.53346,44.33968,323.32,0.49,0.4,"2026-09-14",2316,"N20","nominal","2.0NRT",295.27,2.63,"N"
"5738",35.52983,44.33865,334.2,0.49,0.4,"2026-09-14",2316,"N20","nominal","2.0NRT",295.68,3.51,"N"
"5739",35.52882,44.34386,313.79,0.49,0.4,"2026-09-14",2316,"N20","nominal","2.0NRT",294.67,3.51,"N"
"5740",35.52519,44.34283,337.34,0.49,0.4,"2026-09-14",2316,"N20","nominal","2.0NRT",295.49,3.51,"N"
"5741",36.1302,40.80848,310.28,0.39,0.36,"2026-09-14",2316,"N20","nominal","2.0NRT",293.37,1.37,"N"
"5742",35.46047,44.41854,330.3,0.49,0.4,"2026-09-14",2316,"N20","nominal","2.0NRT",299.92,10.16,"N"
"5743",35.48904,44.15657,330.88,0.48,0.4,"2026-09-14",2316,"N20","nominal","2.0NRT",294.16,22.11,"N"
"5744",35.48646,44.15038,315.59,0.48,0.4,"2026-09-14",2316,"N20","nominal","2.0NRT",293.83,22.11,"N"
"5745",36.87224,34.76089,308.32,0.54,0.42,"2026-09-14",2316,"N20","nominal","2.0NRT",292.86,2.53,"N"
"5746",35.42047,44.21708,303.39,0.48,0.4,"2026-09-14",2316,"N20","nominal","2.0NRT",293.34,1.25,"N"
"5747",35.40761,44.22435,324.66,0.48,0.4,"2026-09-14",2316,"N20","nominal","2.0NRT",291.82,1.88,"N"
"5748",35.38593,44.21807,337.37,0.48,0.4,"2026-09-14",2316,"N20","nominal","2.0NRT",297.02,11.37,"N"
"5749",35.32701,44.32262,313.17,0.49,0.4,"2026-09-14",2316,"N20","nominal","2.0NRT",296.12,1.86,"N"
"5750",35.32837,44.32088,315.78,0.49,0.4,"2026-09-14",2316,"N20","nominal","2.0NRT",295.08,2.47,"N"
"5751",35.25468,44.42227,307.73,0.5,0.41,"2026-09-14",2316,"N20","nominal","2.0NRT",296.98,2.25,"N"
"5752",35.24892,44.43186,323.85,0.5,0.41,"2026-09-14",2316,"N20","nominal","2.0NRT",297.18,3.23,"N"
"5753",35.24527,44.43082,327.57,0.5,0.41,"2026-09-14",2316,"N20","nominal","2.0NRT",305.97,45.71,"N"
"5754",35.42074,43.52353,302.04,0.45,0.39,"2026-09-14",2316,"N20","nominal","2.0NRT",291.27,0.5,"N"
"5755",35.29277,44.18898,309.61,0.48,0.4,"2026-09-14",2316,"N20","nominal","2.0NRT",292.71,1.44,"N"
"5756",35.12324,44.56945,318.59,0.5,0.41,"2026-09-14",2316,"N20","nominal","2.0NRT",296.3,2.53,"N"
"5757",34.49842,47.42064,295.8,0.48,0.48,"2026-09-14",2316,"N20","nominal","2.0NRT",284.81,0.46,"N"
"5758",34.60191,46.91685,309.26,0.45,0.47,"2026-09-14",2316,"N20","nominal","2.0NRT",282.35,0.87,"N"
"5759",33.99997,49.47365,303.86,0.32,0.55,"2026-09-14",2316,"N20","nominal","2.0NRT",289.55,1.23,"N"
"5760",33.99594,49.46866,309.53,0.32,0.55,"2026-09-14",2316,"N20","nominal","2.0NRT",283.71,1.23,"N"
"5761",36.93486,30.6484,309.19,0.6,0.53,"2026-09-14",2316,"N20","nominal","2.0NRT",292,1.63,"N"
"5762",34.77495,45.71791,309.91,0.39,0.44,"2026-09-14",2316,"N20","nominal","2.0NRT",291.69,1.23,"N"
"5763",34.35044,47.3599,305.44,0.48,0.48,"2026-09-14",2316,"N20","nominal","2.0NRT",288.02,1.37,"N"
"5764",35.02201,43.50161,341.92,0.46,0.39,"2026-09-14",2316,"N20","nominal","2.0NRT",302.54,12.65,"N"
"5765",35.00175,43.49078,330.9,0.46,0.39,"2026-09-14",2316,"N20","nominal","2.0NRT",298.68,4.22,"N"
"5766",34.866,44.0202,329.88,0.48,0.4,"2026-09-14",2316,"N20","nominal","2.0NRT",297.81,9.94,"N"
"5767",34.86499,44.02534,318.18,0.48,0.4,"2026-09-14",2316,"N20","nominal","2.0NRT",298.79,9.53,"N"
"5768",34.89696,43.80293,343.9,0.47,0.4,"2026-09-14",2316,"N20","nominal","2.0NRT",310.54,24.99,"N"
"5769",34.89598,43.80799,367,0.47,0.4,"2026-09-14",2316,"N20","high","2.0NRT",311.29,19.84,"N"
"5770",34.89338,43.80193,313.36,0.47,0.4,"2026-09-14",2316,"N20","nominal","2.0NRT",298.45,24.99,"N"
"5771",34.8924,43.80699,311.17,0.47,0.4,"2026-09-14",2316,"N20","nominal","2.0NRT",299.2,19.84,"N"
"5772",34.91039,43.4322,318.34,0.46,0.39,"2026-09-14",2316,"N20","nominal","2.0NRT",297.53,1.94,"N"
"5773",32.33775,54.08648,301.51,0.64,0.72,"2026-09-14",2316,"N20","nominal","2.0NRT",287.45,1.36,"N"
"5774",32.39178,53.7547,308.84,0.61,0.71,"2026-09-14",2316,"N20","nominal","2.0NRT",292.88,2.58,"N"
"5775",36.26526,33.72884,318.32,0.4,0.44,"2026-09-14",2316,"N20","nominal","2.0NRT",294.83,1.56,"N"
"5776",36.26118,33.72818,314.32,0.4,0.44,"2026-09-14",2316,"N20","nominal","2.0NRT",293.24,1.56,"N"
"5777",32.3914,53.75215,305.07,0.61,0.71,"2026-09-14",2316,"N20","nominal","2.0NRT",292.77,2.62,"N"
"5778",35.34641,40.31779,316.91,0.39,0.36,"2026-09-14",2316,"N20","nominal","2.0NRT",295.69,1.05,"N"
"5779",35.30165,40.44637,320.21,0.39,0.36,"2026-09-14",2316,"N20","nominal","2.0NRT",296.39,1.52,"N"
"5780",34.12738,46.57698,310.16,0.44,0.46,"2026-09-14",2316,"N20","nominal","2.0NRT",287.24,1.4,"N"
"5781",33.45529,49.23073,297.74,0.32,0.55,"2026-09-14",2316,"N20","nominal","2.0NRT",285.59,0.36,"N"
"5782",32.7819,51.50402,304.87,0.45,0.63,"2026-09-14",2316,"N20","nominal","2.0NRT",292.45,2.86,"N"
"5783",32.78064,51.50871,306.58,0.45,0.63,"2026-09-14",2316,"N20","nominal","2.0NRT",293.37,2.73,"N"
"5784",32.7795,51.50444,305.65,0.45,0.63,"2026-09-14",2316,"N20","nominal","2.0NRT",292.84,2.88,"N"
"5785",32.58098,51.5816,306.27,0.46,0.63,"2026-09-14",2316,"N20","nominal","2.0NRT",288.43,1.25,"N"
"5786",33.3752,48.39949,300.91,0.58,0.52,"2026-09-14",2316,"N20","nominal","2.0NRT",288.26,0.34,"N"
"5787",33.27752,48.76639,298.72,0.61,0.53,"2026-09-14",2316,"N20","nominal","2.0NRT",288.33,1.85,"N"
"5788",34.0073,45.49215,307.82,0.39,0.44,"2026-09-14",2316,"N20","nominal","2.0NRT",294.75,0.79,"N"
"5789",34.08591,44.87387,307.85,0.54,0.42,"2026-09-14",2316,"N20","nominal","2.0NRT",294.47,0.59,"N"
"5790",35.44193,36.67755,303.8,0.44,0.38,"2026-09-14",2316,"N20","nominal","2.0NRT",289.48,0.52,"N"
"5791",31.62217,54.72498,301.76,0.73,0.76,"2026-09-14",2316,"N20","nominal","2.0NRT",288.81,1.87,"N"
"5792",33.69827,46.22904,306.98,0.43,0.46,"2026-09-14",2316,"N20","nominal","2.0NRT",293.8,0.71,"N"
"5793",32.41212,51.51744,313.02,0.46,0.63,"2026-09-14",2316,"N20","nominal","2.0NRT",288.36,1.97,"N"
"5794",32.41412,51.32534,308.82,0.45,0.63,"2026-09-14",2316,"N20","nominal","2.0NRT",286.4,2.02,"N"
"5795",32.40614,51.33256,302.13,0.45,0.63,"2026-09-14",2316,"N20","nominal","2.0NRT",287.92,3.34,"N"
"5796",32.40517,51.22231,297.97,0.44,0.62,"2026-09-14",2316,"N20","nominal","2.0NRT",286.74,0.65,"N"
"5797",33.2507,47.73535,317.37,0.53,0.5,"2026-09-14",2316,"N20","nominal","2.0NRT",293.69,1.88,"N"
"5798",32.17339,51.87909,304.52,0.49,0.65,"2026-09-14",2316,"N20","nominal","2.0NRT",289.22,1.3,"N"
"5799",32.26149,51.52641,305.19,0.46,0.64,"2026-09-14",2316,"N20","nominal","2.0NRT",285.54,1.15,"N"
"5800",32.17111,51.84091,295.92,0.48,0.65,"2026-09-14",2316,"N20","nominal","2.0NRT",284.67,0.49,"N"
"5801",32.24495,51.42737,325.43,0.46,0.63,"2026-09-14",2316,"N20","nominal","2.0NRT",289.6,3.41,"N"
"5802",32.24994,51.40873,302.24,0.46,0.63,"2026-09-14",2316,"N20","nominal","2.0NRT",288.2,1.76,"N"
"5803",32.2437,51.43206,305.84,0.46,0.63,"2026-09-14",2316,"N20","nominal","2.0NRT",287.86,2.8,"N"
"5804",32.23941,51.42521,348.89,0.46,0.63,"2026-09-14",2316,"N20","nominal","2.0NRT",290.93,5.5,"N"
"5805",32.24191,51.41589,300.9,0.46,0.63,"2026-09-14",2316,"N20","nominal","2.0NRT",289.12,1.66,"N"
"5806",32.24066,51.42055,304,0.46,0.63,"2026-09-14",2316,"N20","nominal","2.0NRT",291.66,5.5,"N"
"5807",32.23817,51.42986,314.51,0.46,0.63,"2026-09-14",2316,"N20","nominal","2.0NRT",289.34,8.15,"N"
"5808",35.21918,36.27941,328.1,0.45,0.39,"2026-09-14",2316,"N20","nominal","2.0NRT",294.02,2.76,"N"
"5809",32.24342,51.42956,367,0.46,0.63,"2026-09-14",2316,"N20","high","2.0NRT",296.41,7.27,"N"
"5810",32.24829,51.41085,305.55,0.46,0.63,"2026-09-14",2316,"N20","nominal","2.0NRT",289.2,1.99,"N"
"5811",32.24464,51.42486,308.6,0.46,0.63,"2026-09-14",2316,"N20","nominal","2.0NRT",290.02,7.27,"N"
"5812",32.24031,51.41802,301.33,0.46,0.63,"2026-09-14",2316,"N20","nominal","2.0NRT",289.05,1.71,"N"
"5813",32.23788,51.42736,301.55,0.46,0.63,"2026-09-14",2316,"N20","nominal","2.0NRT",288.24,2.69,"N"
"5814",34.91527,37.94433,313.75,0.4,0.37,"2026-09-14",2316,"N20","nominal","2.0NRT",289.4,1,"N"
"5815",32.16103,51.20219,297.28,0.45,0.63,"2026-09-14",2316,"N20","nominal","2.0NRT",280.81,1.37,"N"
"5816",34.2564,41.21383,307.34,0.4,0.37,"2026-09-14",2316,"N20","nominal","2.0NRT",294.87,1.45,"N"
"5817",32.89456,47.84114,309.07,0.55,0.51,"2026-09-14",2316,"N20","nominal","2.0NRT",296.16,2.54,"N"
"5818",33.40686,44.52429,327.76,0.54,0.42,"2026-09-14",2316,"N20","nominal","2.0NRT",297.09,3.81,"N"
"5819",34.06765,40.98611,304.27,0.4,0.37,"2026-09-14",2316,"N20","nominal","2.0NRT",291.15,0.37,"N"
"5820",33.40512,44.52353,323.19,0.54,0.42,"2026-09-14",2316,"N20","nominal","2.0NRT",296.24,4.03,"N"
"5821",33.02826,46.13957,314.24,0.44,0.46,"2026-09-14",2316,"N20","nominal","2.0NRT",297.57,1.73,"N"
"5822",33.01876,46.12217,315.89,0.44,0.46,"2026-09-14",2316,"N20","nominal","2.0NRT",296.46,1.74,"N"
"5823",32.99553,46.18851,309.56,0.44,0.46,"2026-09-14",2316,"N20","nominal","2.0NRT",298.56,2.43,"N"
"5824",33.3231,44.5719,330.89,0.54,0.42,"2026-09-14",2316,"N20","nominal","2.0NRT",299.01,5.97,"N"
"5825",33.21797,44.76535,342.99,0.56,0.43,"2026-09-14",2316,"N20","nominal","2.0NRT",301.07,11.77,"N"
"5826",32.61922,47.52813,308.2,0.54,0.5,"2026-09-14",2316,"N20","nominal","2.0NRT",298.13,2.03,"N"
"5827",33.31706,44.23198,307.39,0.52,0.42,"2026-09-14",2316,"N20","nominal","2.0NRT",296.24,1.61,"N"
"5828",32.59616,47.54438,341.29,0.54,0.51,"2026-09-14",2316,"N20","nominal","2.0NRT",298.84,7.58,"N"
"5829",33.16075,44.78589,314.44,0.56,0.43,"2026-09-14",2316,"N20","nominal","2.0NRT",297.1,1.2,"N"
"5830",33.15689,44.78479,341.12,0.56,0.43,"2026-09-14",2316,"N20","nominal","2.0NRT",299.21,14.02,"N"
"5831",33.59284,42.50486,313.83,0.44,0.38,"2026-09-14",2316,"N20","nominal","2.0NRT",299.49,1.56,"N"
"5832",32.36365,48.07145,305.68,0.58,0.52,"2026-09-14",2316,"N20","nominal","2.0NRT",295.64,2.26,"N"
"5833",33.38541,43.1399,308,0.47,0.39,"2026-09-14",2316,"N20","nominal","2.0NRT",293.79,0.92,"N"
"5834",32.55847,47.09849,311.72,0.51,0.49,"2026-09-14",2316,"N20","nominal","2.0NRT",298.35,2.44,"N"
"5835",33.10833,44.34683,316.17,0.53,0.42,"2026-09-14",2316,"N20","nominal","2.0NRT",296.9,2.22,"N"
"5836",33.10519,44.34999,309.5,0.53,0.42,"2026-09-14",2316,"N20","nominal","2.0NRT",296.69,1.52,"N"
"5837",32.49313,47.21259,336.18,0.52,0.5,"2026-09-14",2316,"N20","nominal","2.0NRT",300.14,5.31,"N"
"5838",32.48875,47.21091,339.47,0.52,0.5,"2026-09-14",2316,"N20","nominal","2.0NRT",301.85,5.31,"N"
"5839",32.35938,47.69685,343.22,0.55,0.51,"2026-09-14",2316,"N20","nominal","2.0NRT",308.25,17.41,"N"
"5840",32.35677,47.70821,340.61,0.56,0.51,"2026-09-14",2316,"N20","nominal","2.0NRT",301.92,12.25,"N"
"5841",32.36067,47.69118,308.67,0.55,0.51,"2026-09-14",2316,"N20","nominal","2.0NRT",298.6,17.41,"N"
"5842",32.35807,47.70252,313.23,0.55,0.51,"2026-09-14",2316,"N20","nominal","2.0NRT",300.12,12.25,"N"
"5843",32.35545,47.71395,311.01,0.56,0.51,"2026-09-14",2316,"N20","nominal","2.0NRT",297.05,7.82,"N"
"5844",32.35216,47.70687,344.14,0.56,0.51,"2026-09-14",2316,"N20","nominal","2.0NRT",302.15,12.25,"N"
"5845",32.36797,47.40506,319.16,0.53,0.5,"2026-09-14",2316,"N20","nominal","2.0NRT",297.19,2.82,"N"
"5846",32.34624,47.45726,309.84,0.54,0.51,"2026-09-14",2316,"N20","nominal","2.0NRT",296.56,2.38,"N"
"5847",31.90664,49.26754,306.94,0.35,0.57,"2026-09-14",2316,"N20","nominal","2.0NRT",295.26,0.48,"N"
"5848",32.34737,47.45619,317.8,0.54,0.51,"2026-09-14",2316,"N20","nominal","2.0NRT",296.77,2.24,"N"
"5849",31.90495,49.26713,308.45,0.35,0.57,"2026-09-14",2316,"N20","nominal","2.0NRT",295.23,0.71,"N"
"5850",32.25834,47.2524,321.52,0.53,0.5,"2026-09-14",2316,"N20","nominal","2.0NRT",297.65,2.13,"N"
"5851",32.17917,47.51699,322.95,0.55,0.51,"2026-09-14",2316,"N20","nominal","2.0NRT",297.69,3.15,"N"
"5852",32.1779,47.52259,312.78,0.55,0.51,"2026-09-14",2316,"N20","nominal","2.0NRT",297.69,3,"N"
"5853",32.14864,47.58636,326.22,0.55,0.51,"2026-09-14",2316,"N20","nominal","2.0NRT",298.47,2.36,"N"
"5854",31.76103,49.1565,313.1,0.35,0.56,"2026-09-14",2316,"N20","nominal","2.0NRT",297.89,2.55,"N"
"5855",32.84083,44.29076,310.47,0.53,0.42,"2026-09-14",2316,"N20","nominal","2.0NRT",298.65,2.34,"N"
"5856",32.10818,47.54925,351.05,0.55,0.51,"2026-09-14",2316,"N20","nominal","2.0NRT",302.11,11.84,"N"
"5857",32.12114,47.40939,331.47,0.54,0.51,"2026-09-14",2316,"N20","nominal","2.0NRT",300.56,11.35,"N"
"5858",32.11661,47.40797,345.72,0.54,0.51,"2026-09-14",2316,"N20","nominal","2.0NRT",302.23,11.35,"N"
"5859",32.11532,47.41355,317.82,0.54,0.51,"2026-09-14",2316,"N20","nominal","2.0NRT",297.93,11.35,"N"
"5860",32.10584,47.54738,328.73,0.55,0.51,"2026-09-14",2316,"N20","nominal","2.0NRT",299.18,3.67,"N"
"5861",32.11798,47.40705,338.39,0.54,0.51,"2026-09-14",2316,"N20","nominal","2.0NRT",300.74,12.02,"N"
"5862",32.11673,47.41264,331.94,0.54,0.51,"2026-09-14",2316,"N20","nominal","2.0NRT",302.05,16.31,"N"
"5863",32.48882,45.66562,340.49,0.43,0.46,"2026-09-14",2316,"N20","nominal","2.0NRT",297.74,2.95,"N"
"5864",32.48975,45.6612,316.17,0.42,0.46,"2026-09-14",2316,"N20","nominal","2.0NRT",297.32,2.95,"N"
"5865",32.09481,47.42364,316.85,0.54,0.51,"2026-09-14",2316,"N20","nominal","2.0NRT",296.27,1.65,"N"
"5866",31.65092,49.26577,310.39,0.35,0.57,"2026-09-14",2316,"N20","nominal","2.0NRT",296.94,1.96,"N"
"5867",31.65007,49.26925,314.77,0.35,0.57,"2026-09-14",2316,"N20","nominal","2.0NRT",297.41,2.12,"N"
"5868",32.06121,47.44292,342.14,0.54,0.51,"2026-09-14",2316,"N20","nominal","2.0NRT",300.21,11.61,"N"
"5869",32.66145,44.02737,310.24,0.52,0.42,"2026-09-14",2316,"N20","nominal","2.0NRT",294.35,0.64,"N"
"5870",33.7172,37.00629,307.94,0.41,0.37,"2026-09-14",2316,"N20","nominal","2.0NRT",289.81,0.78,"N"
"5871",31.33028,49.28484,318.55,0.36,0.57,"2026-09-14",2316,"N20","nominal","2.0NRT",294.91,1.11,"N"
"5872",31.32517,49.28315,321.03,0.36,0.57,"2026-09-14",2316,"N20","nominal","2.0NRT",296.96,3.47,"N"
"5873",31.32004,49.28151,367,0.36,0.57,"2026-09-14",2316,"N20","high","2.0NRT",299.2,3.47,"N"
"5874",31.29941,49.11889,331.62,0.35,0.57,"2026-09-14",2316,"N20","nominal","2.0NRT",295.62,2.8,"N"
"5875",31.40881,48.64926,321.25,0.33,0.55,"2026-09-14",2316,"N20","nominal","2.0NRT",296.46,1.17,"N"
"5876",31.40307,48.65103,315.39,0.33,0.55,"2026-09-14",2316,"N20","nominal","2.0NRT",296.44,1.09,"N"
"5877",31.66101,47.5245,306.71,0.56,0.52,"2026-09-14",2316,"N20","nominal","2.0NRT",295.92,1.32,"N"
"5878",31.65908,47.51159,309.54,0.56,0.52,"2026-09-14",2316,"N20","nominal","2.0NRT",296.29,2,"N"
"5879",31.65774,47.51731,313.31,0.56,0.52,"2026-09-14",2316,"N20","nominal","2.0NRT",295.5,2,"N"
"5880",31.65923,47.52435,305.59,0.56,0.52,"2026-09-14",2316,"N20","nominal","2.0NRT",295.1,1.84,"N"
"5881",31.65723,47.51139,310.64,0.56,0.52,"2026-09-14",2316,"N20","nominal","2.0NRT",297.08,2.36,"N"
"5882",31.65593,47.51713,313.01,0.56,0.52,"2026-09-14",2316,"N20","nominal","2.0NRT",296.13,1.84,"N"
"5883",33.63036,36.57243,305.89,0.43,0.38,"2026-09-14",2316,"N20","nominal","2.0NRT",293.54,1.02,"N"
"5884",31.69512,47.25719,315.04,0.54,0.51,"2026-09-14",2316,"N20","nominal","2.0NRT",297.03,2.56,"N"
"5885",31.24928,49.16311,305.17,0.36,0.57,"2026-09-14",2316,"N20","nominal","2.0NRT",293.84,0.79,"N"
"5886",31.2484,49.16671,317.11,0.36,0.57,"2026-09-14",2316,"N20","nominal","2.0NRT",294.69,0.79,"N"
"5887",31.2088,49.2163,367,0.36,0.57,"2026-09-14",2316,"N20","high","2.0NRT",298.58,4,"N"
"5888",31.20969,49.21266,313.02,0.36,0.57,"2026-09-14",2316,"N20","nominal","2.0NRT",295.52,4,"N"
"5889",31.311,48.7729,326.7,0.34,0.56,"2026-09-14",2316,"N20","nominal","2.0NRT",298.44,1.86,"N"
"5890",31.30602,48.77127,336.92,0.34,0.56,"2026-09-14",2316,"N20","nominal","2.0NRT",297.69,3.17,"N"
"5891",32.33359,44.09484,308.74,0.53,0.42,"2026-09-14",2316,"N20","nominal","2.0NRT",297.63,2.05,"N"
"5892",31.24368,48.98372,314.24,0.35,0.57,"2026-09-14",2316,"N20","nominal","2.0NRT",295.12,1.21,"N"
"5893",31.23606,48.99266,324.31,0.35,0.57,"2026-09-14",2316,"N20","nominal","2.0NRT",297.49,1.93,"N"
"5894",31.30433,48.71179,310.43,0.33,0.56,"2026-09-14",2316,"N20","nominal","2.0NRT",299.24,2.13,"N"
"5895",31.13977,49.31657,323.65,0.37,0.58,"2026-09-14",2316,"N20","nominal","2.0NRT",295.17,3.61,"N"
"5896",31.13886,49.32026,367,0.37,0.58,"2026-09-14",2316,"N20","high","2.0NRT",297.72,3.61,"N"
"5897",31.2787,48.72919,331.56,0.34,0.56,"2026-09-14",2316,"N20","nominal","2.0NRT",300.57,3.82,"N"
"5898",31.1328,49.32222,367,0.37,0.58,"2026-09-14",2316,"N20","high","2.0NRT",299.29,4.82,"N"
"5899",31.22543,48.94724,314.66,0.35,0.56,"2026-09-14",2316,"N20","nominal","2.0NRT",298.84,2.11,"N"
"5900",31.13372,49.31852,311.37,0.37,0.58,"2026-09-14",2316,"N20","nominal","2.0NRT",296.23,3.61,"N"
"5901",31.13188,49.32595,308.2,0.37,0.58,"2026-09-14",2316,"N20","nominal","2.0NRT",294.89,4.82,"N"
"5902",31.2178,48.95616,328.72,0.35,0.57,"2026-09-14",2316,"N20","nominal","2.0NRT",296.87,4.31,"N"
"5903",31.27208,48.73438,316.81,0.34,0.56,"2026-09-14",2316,"N20","nominal","2.0NRT",305.33,4.36,"N"
"5904",31.1286,49.31674,317.17,0.37,0.58,"2026-09-14",2316,"N20","nominal","2.0NRT",295.95,1.64,"N"
"5905",31.21364,48.95094,367,0.35,0.56,"2026-09-14",2316,"N20","high","2.0NRT",300.1,4.31,"N"
"5906",31.21278,48.95447,332.25,0.35,0.57,"2026-09-14",2316,"N20","nominal","2.0NRT",297.61,4.31,"N"
"5907",31.20862,48.94928,329.37,0.35,0.56,"2026-09-14",2316,"N20","nominal","2.0NRT",299.32,3.61,"N"
"5908",31.20775,48.95282,351.03,0.35,0.57,"2026-09-14",2316,"N20","nominal","2.0NRT",300.12,3.61,"N"
"5909",31.21587,48.95483,338.33,0.35,0.57,"2026-09-14",2316,"N20","nominal","2.0NRT",297.06,5.49,"N"
"5910",31.26877,48.73242,317.04,0.34,0.56,"2026-09-14",2316,"N20","nominal","2.0NRT",302.48,3.12,"N"
"5911",31.12892,49.31652,311.73,0.37,0.58,"2026-09-14",2316,"N20","nominal","2.0NRT",295.82,1.56,"N"
"5912",31.12801,49.32027,310.08,0.37,0.58,"2026-09-14",2316,"N20","nominal","2.0NRT",296.12,1.36,"N"
"5913",31.21169,48.94961,342.78,0.35,0.57,"2026-09-14",2316,"N20","nominal","2.0NRT",299.74,5.49,"N"
"5914",31.21085,48.95314,354.42,0.35,0.57,"2026-09-14",2316,"N20","nominal","2.0NRT",303.17,5.49,"N"
"5915",31.20582,48.95147,328.83,0.35,0.57,"2026-09-14",2316,"N20","nominal","2.0NRT",296.91,2.01,"N"
"5916",32.22783,44.25317,308.18,0.55,0.42,"2026-09-14",2316,"N20","nominal","2.0NRT",297.51,1.29,"N"
"5917",31.43674,47.83799,313.2,0.59,0.53,"2026-09-14",2316,"N20","nominal","2.0NRT",296.62,1.85,"N"
"5918",31.04325,49.39328,338.18,0.37,0.58,"2026-09-14",2316,"N20","nominal","2.0NRT",296.84,2.31,"N"
"5919",31.04417,49.38953,314.77,0.37,0.58,"2026-09-14",2316,"N20","nominal","2.0NRT",295.38,2.31,"N"
"5920",31.77121,46.06288,336.33,0.46,0.47,"2026-09-14",2316,"N20","nominal","2.0NRT",301.53,5.17,"N"
"5921",31.35607,47.85794,327.13,0.6,0.53,"2026-09-14",2316,"N20","nominal","2.0NRT",295.95,2.36,"N"
"5922",31.76587,46.04614,338.09,0.46,0.47,"2026-09-14",2316,"N20","nominal","2.0NRT",307.69,9.38,"N"
"5923",31.76691,46.0414,317.53,0.46,0.47,"2026-09-14",2316,"N20","nominal","2.0NRT",295.89,9.38,"N"
"5924",31.76163,46.04488,308.01,0.46,0.47,"2026-09-14",2316,"N20","nominal","2.0NRT",296.9,9.38,"N"
"5925",33.42487,36.68819,300.94,0.42,0.38,"2026-09-14",2316,"N20","nominal","2.0NRT",290.89,0.73,"N"
"5926",31.76881,46.065,334.08,0.46,0.47,"2026-09-14",2316,"N20","nominal","2.0NRT",301.38,4.26,"N"
"5927",31.7644,46.04345,341.24,0.46,0.47,"2026-09-14",2316,"N20","nominal","2.0NRT",307.25,12.8,"N"
"5928",31.76339,46.0482,307.83,0.46,0.47,"2026-09-14",2316,"N20","nominal","2.0NRT",296.91,12.8,"N"
"5929",31.35254,47.85598,326.18,0.6,0.53,"2026-09-14",2316,"N20","nominal","2.0NRT",295.91,3.78,"N"
"5930",31.27656,48.11777,326.87,0.62,0.54,"2026-09-14",2316,"N20","nominal","2.0NRT",300.03,5.73,"N"
"5931",31.27802,48.11146,307.1,0.62,0.54,"2026-09-14",2316,"N20","nominal","2.0NRT",296.12,2.11,"N"
"5932",31.27175,48.11624,333.19,0.62,0.54,"2026-09-14",2316,"N20","nominal","2.0NRT",313.24,56.94,"N"
"5933",31.27323,48.10993,314.81,0.62,0.54,"2026-09-14",2316,"N20","nominal","2.0NRT",295.78,4.69,"N"
"5934",31.27028,48.12254,313.81,0.62,0.54,"2026-09-14",2316,"N20","nominal","2.0NRT",296.4,56.94,"N"
"5935",30.67623,50.55328,312.19,0.44,0.63,"2026-09-14",2316,"N20","nominal","2.0NRT",292.65,0.86,"N"
"5936",30.89591,49.61003,328.35,0.39,0.59,"2026-09-14",2316,"N20","nominal","2.0NRT",298.83,3.04,"N"
"5937",31.30104,47.79414,338.74,0.59,0.53,"2026-09-14",2316,"N20","nominal","2.0NRT",300.05,6.53,"N"
"5938",31.29963,47.80018,307.07,0.59,0.53,"2026-09-14",2316,"N20","nominal","2.0NRT",296.85,6.53,"N"
"5939",30.76666,49.98785,308.72,0.41,0.61,"2026-09-14",2316,"N20","nominal","2.0NRT",295.84,1.03,"N"
"5940",30.7157,50.11901,322.63,0.42,0.61,"2026-09-14",2316,"N20","nominal","2.0NRT",297.15,1.78,"N"
"5941",30.96736,49.1172,317.08,0.36,0.57,"2026-09-14",2316,"N20","nominal","2.0NRT",294.08,1.34,"N"
"5942",31.24042,47.9653,309.31,0.61,0.53,"2026-09-14",2316,"N20","nominal","2.0NRT",298.72,2.66,"N"
"5943",30.71028,50.1172,313.49,0.42,0.61,"2026-09-14",2316,"N20","nominal","2.0NRT",295.75,1.78,"N"
"5944",31.23565,47.96379,347.73,0.61,0.53,"2026-09-14",2316,"N20","nominal","2.0NRT",297.69,15.85,"N"
"5945",31.23419,47.96997,309.89,0.61,0.53,"2026-09-14",2316,"N20","nominal","2.0NRT",294.64,6.25,"N"
"5946",30.95174,49.13572,310.96,0.36,0.57,"2026-09-14",2316,"N20","nominal","2.0NRT",295.11,0.6,"N"
"5947",31.285,47.7118,309.84,0.59,0.53,"2026-09-14",2316,"N20","nominal","2.0NRT",298.06,2.4,"N"
"5948",31.2836,47.71777,310.43,0.59,0.53,"2026-09-14",2316,"N20","nominal","2.0NRT",299.33,2.4,"N"
"5949",31.23767,47.96292,339.12,0.61,0.53,"2026-09-14",2316,"N20","nominal","2.0NRT",297.82,11.25,"N"
"5950",31.23624,47.96913,337.44,0.61,0.53,"2026-09-14",2316,"N20","nominal","2.0NRT",297.86,11.25,"N"
"5951",31.28402,47.7162,323.13,0.59,0.53,"2026-09-14",2316,"N20","nominal","2.0NRT",299.68,4.43,"N"
"5952",30.95142,49.13518,310.85,0.36,0.57,"2026-09-14",2316,"N20","nominal","2.0NRT",294.55,0.55,"N"
"5953",30.71078,50.11803,313.77,0.42,0.61,"2026-09-14",2316,"N20","nominal","2.0NRT",296.48,1.48,"N"
"5954",31.16381,48.06005,349.4,0.62,0.54,"2026-09-14",2316,"N20","nominal","2.0NRT",303.72,21.47,"N"
"5955",31.16528,48.05378,313.27,0.62,0.54,"2026-09-14",2316,"N20","nominal","2.0NRT",299.95,11.37,"N"
"5956",31.15901,48.05853,330.95,0.62,0.54,"2026-09-14",2316,"N20","nominal","2.0NRT",296.6,21.47,"N"
"5957",30.72111,49.82022,367,0.4,0.6,"2026-09-14",2316,"N20","high","2.0NRT",300.57,7.29,"N"
"5958",30.92342,48.86631,321.28,0.35,0.57,"2026-09-14",2316,"N20","nominal","2.0NRT",297.83,2.3,"N"
"5959",30.926,48.85574,307.9,0.35,0.57,"2026-09-14",2316,"N20","nominal","2.0NRT",296,1.02,"N"
"5960",30.92096,48.8541,309.88,0.35,0.57,"2026-09-14",2316,"N20","nominal","2.0NRT",295.96,0.96,"N"
"5961",31.14118,47.87277,320.83,0.6,0.53,"2026-09-14",2316,"N20","nominal","2.0NRT",295.85,3.61,"N"
"5962",33.27099,36.32636,303.91,0.43,0.38,"2026-09-14",2316,"N20","nominal","2.0NRT",290.58,0.98,"N"
"5963",30.41117,50.74809,309.62,0.46,0.64,"2026-09-14",2316,"N20","nominal","2.0NRT",295.84,1.75,"N"
"5964",31.14295,47.8726,319.54,0.6,0.53,"2026-09-14",2316,"N20","nominal","2.0NRT",296.37,3.32,"N"
"5965",30.48495,50.48177,312.59,0.44,0.63,"2026-09-14",2316,"N20","nominal","2.0NRT",294.64,0.99,"N"
"5966",30.70859,49.54073,338.74,0.39,0.59,"2026-09-14",2316,"N20","nominal","2.0NRT",298.25,2.7,"N"
"5967",30.70955,49.53683,319.23,0.39,0.59,"2026-09-14",2316,"N20","nominal","2.0NRT",295.82,2.7,"N"
"5968",30.56797,50.01247,332.42,0.41,0.61,"2026-09-14",2316,"N20","nominal","2.0NRT",297.65,4.21,"N"
"5969",30.56695,50.01654,336.65,0.42,0.61,"2026-09-14",2316,"N20","nominal","2.0NRT",301.05,4.82,"N"
"5970",30.5615,50.01489,335.83,0.42,0.61,"2026-09-14",2316,"N20","nominal","2.0NRT",300.34,4.82,"N"
"5971",30.56252,50.01087,318.41,0.41,0.61,"2026-09-14",2316,"N20","nominal","2.0NRT",297.59,4.21,"N"
"5972",31.09071,47.79044,354.15,0.6,0.53,"2026-09-14",2316,"N20","nominal","2.0NRT",304.43,29.66,"N"
"5973",30.5738,49.91975,332.47,0.41,0.61,"2026-09-14",2316,"N20","nominal","2.0NRT",297.53,2.78,"N"
"5974",30.39826,50.60731,325.39,0.45,0.63,"2026-09-14",2316,"N20","nominal","2.0NRT",296.31,2.58,"N"
"5975",30.39598,50.61613,342.75,0.45,0.63,"2026-09-14",2316,"N20","nominal","2.0NRT",296.11,4.5,"N"
"5976",30.39487,50.62042,337.13,0.45,0.63,"2026-09-14",2316,"N20","nominal","2.0NRT",296.13,4.5,"N"
"5977",31.00868,48.13974,313.27,0.63,0.54,"2026-09-14",2316,"N20","nominal","2.0NRT",299.57,3.92,"N"
"5978",30.57485,49.91564,318.54,0.41,0.61,"2026-09-14",2316,"N20","nominal","2.0NRT",296.48,2.78,"N"
"5979",30.39711,50.61175,310.41,0.45,0.63,"2026-09-14",2316,"N20","nominal","2.0NRT",295.97,2.58,"N"
"5980",31.00384,48.1382,350.4,0.63,0.54,"2026-09-14",2316,"N20","nominal","2.0NRT",306.31,43.54,"N"
"5981",31.00233,48.1446,324.85,0.63,0.54,"2026-09-14",2316,"N20","nominal","2.0NRT",296.93,43.54,"N"
"5982",31.08352,47.62666,348.95,0.59,0.53,"2026-09-14",2316,"N20","nominal","2.0NRT",301.75,33.62,"N"
"5983",30.30439,50.73252,305.85,0.46,0.64,"2026-09-14",2316,"N20","nominal","2.0NRT",293.31,0.41,"N"
"5984",31.08351,47.62664,350.06,0.59,0.53,"2026-09-14",2316,"N20","nominal","2.0NRT",301.82,28.13,"N"
"5985",31.0661,47.61478,329.25,0.59,0.53,"2026-09-14",2316,"N20","nominal","2.0NRT",296.27,3.33,"N"
"5986",31.06474,47.62075,325.13,0.59,0.53,"2026-09-14",2316,"N20","nominal","2.0NRT",297.82,3.62,"N"
"5987",31.06141,47.61331,312.59,0.59,0.53,"2026-09-14",2316,"N20","nominal","2.0NRT",293.15,3.33,"N"
"5988",31.06004,47.61928,311.57,0.59,0.53,"2026-09-14",2316,"N20","nominal","2.0NRT",295.23,3.62,"N"
"5989",30.30422,50.73157,303.74,0.46,0.64,"2026-09-14",2316,"N20","nominal","2.0NRT",293.02,0.33,"N"
"5990",31.02993,47.70635,337.94,0.59,0.53,"2026-09-14",2316,"N20","nominal","2.0NRT",296.29,5.37,"N"
"5991",30.35185,50.28608,350.49,0.44,0.62,"2026-09-14",2316,"N20","nominal","2.0NRT",298.82,10.84,"N"
"5992",30.3507,50.29054,355.1,0.44,0.62,"2026-09-14",2316,"N20","nominal","2.0NRT",301.19,5.89,"N"
"5993",30.34513,50.28894,315.35,0.44,0.62,"2026-09-14",2316,"N20","nominal","2.0NRT",296.41,5.89,"N"
"5994",30.62506,49.1336,309.55,0.37,0.58,"2026-09-14",2316,"N20","nominal","2.0NRT",296.85,1.14,"N"
"5995",31.3603,45.96257,341.25,0.46,0.47,"2026-09-14",2316,"N20","nominal","2.0NRT",297.86,3.35,"N"
"5996",31.355,45.96607,329.8,0.47,0.47,"2026-09-14",2316,"N20","nominal","2.0NRT",298.26,3.35,"N"
"5997",31.35605,45.96131,312.15,0.46,0.47,"2026-09-14",2316,"N20","nominal","2.0NRT",296.43,3.35,"N"
"5998",31.03105,47.28398,344.7,0.56,0.52,"2026-09-14",2316,"N20","nominal","2.0NRT",299.56,8.42,"N"
"5999",30.86397,47.9239,342.5,0.62,0.54,"2026-09-14",2316,"N20","nominal","2.0NRT",298.74,16.55,"N"
"6000",33.09882,35.43422,305.13,0.46,0.39,"2026-09-14",2316,"N20","nominal","2.0NRT",291.7,0.55,"N"
"6001",30.75968,48.27866,310.58,0.33,0.55,"2026-09-14",2316,"N20","nominal","2.0NRT",298.57,8.11,"N"
"6002",30.7589,48.28195,316.51,0.33,0.55,"2026-09-14",2316,"N20","nominal","2.0NRT",298.61,44.79,"N"
"6003",30.75811,48.28526,309.28,0.33,0.55,"2026-09-14",2316,"N20","nominal","2.0NRT",296.34,44.79,"N"
"6004",30.75478,48.2771,367,0.33,0.55,"2026-09-14",2316,"N20","high","2.0NRT",301.94,8.11,"N"
"6005",30.754,48.28039,349.48,0.33,0.55,"2026-09-14",2316,"N20","nominal","2.0NRT",318.86,44.79,"N"
"6006",30.75242,48.28699,322.16,0.33,0.55,"2026-09-14",2316,"N20","nominal","2.0NRT",297.3,10.19,"N"
"6007",33.09524,35.43339,303.53,0.46,0.39,"2026-09-14",2316,"N20","nominal","2.0NRT",290.27,0.55,"N"
"6008",30.75556,48.27381,313.59,0.32,0.55,"2026-09-14",2316,"N20","nominal","2.0NRT",297.01,8.11,"N"
"6009",30.74988,48.27555,324.65,0.33,0.55,"2026-09-14",2316,"N20","nominal","2.0NRT",296.75,1.51,"N"
"6010",30.7491,48.27884,340.66,0.33,0.55,"2026-09-14",2316,"N20","nominal","2.0NRT",298.45,2.88,"N"
"6011",30.74831,48.28214,328.62,0.33,0.55,"2026-09-14",2316,"N20","nominal","2.0NRT",296.34,2.88,"N"
"6012",33.09164,35.43267,312.49,0.46,0.39,"2026-09-14",2316,"N20","nominal","2.0NRT",288.44,0.74,"N"
"6013",33.09101,35.43764,303.3,0.46,0.39,"2026-09-14",2316,"N20","nominal","2.0NRT",290.53,0.83,"N"
"6014",30.75066,48.27225,305.61,0.32,0.55,"2026-09-14",2316,"N20","nominal","2.0NRT",295.24,1.51,"N"
"6015",30.74752,48.28544,309.28,0.33,0.55,"2026-09-14",2316,"N20","nominal","2.0NRT",294.77,2.08,"N"
"6016",29.62469,52.4451,303.4,0.61,0.71,"2026-09-14",2316,"N20","nominal","2.0NRT",289.83,0.99,"N"
"6017",30.15655,50.41895,308.84,0.45,0.63,"2026-09-14",2316,"N20","nominal","2.0NRT",298.62,1.43,"N"
"6018",30.15546,50.4232,312.3,0.45,0.63,"2026-09-14",2316,"N20","nominal","2.0NRT",299.47,1.43,"N"
"6019",30.88539,47.32933,338.51,0.57,0.52,"2026-09-14",2316,"N20","nominal","2.0NRT",297.61,10.48,"N"
"6020",30.88407,47.33512,350.66,0.57,0.52,"2026-09-14",2316,"N20","nominal","2.0NRT",305.56,29.95,"N"
"6021",30.46273,49.09676,316.27,0.37,0.58,"2026-09-14",2316,"N20","nominal","2.0NRT",301.28,0.54,"N"
"6022",30.45757,49.09507,310.85,0.37,0.58,"2026-09-14",2316,"N20","nominal","2.0NRT",300.81,0.54,"N"
"6023",30.11811,50.35638,307.12,0.44,0.63,"2026-09-14",2316,"N20","nominal","2.0NRT",297.06,1.11,"N"
"6024",30.04037,50.63353,314.44,0.46,0.64,"2026-09-14",2316,"N20","nominal","2.0NRT",298.54,1.74,"N"
"6025",30.03907,50.63856,309.71,0.46,0.64,"2026-09-14",2316,"N20","nominal","2.0NRT",298.65,1.74,"N"
"6026",30.03448,50.63255,318.4,0.46,0.64,"2026-09-14",2316,"N20","nominal","2.0NRT",297.36,1.74,"N"
"6027",30.03322,50.63736,318.4,0.46,0.64,"2026-09-14",2316,"N20","nominal","2.0NRT",298.43,1.74,"N"
"6028",30.83036,47.33097,345.84,0.57,0.52,"2026-09-14",2316,"N20","nominal","2.0NRT",301.35,13.3,"N"
"6029",30.82901,47.33676,327.09,0.57,0.52,"2026-09-14",2316,"N20","nominal","2.0NRT",295.37,13.3,"N"
"6030",30.75292,47.66276,334.94,0.6,0.53,"2026-09-14",2316,"N20","nominal","2.0NRT",298.05,7.4,"N"
"6031",30.82571,47.32954,345.94,0.57,0.52,"2026-09-14",2316,"N20","nominal","2.0NRT",302.53,13.3,"N"
"6032",30.82965,47.32959,342.86,0.57,0.52,"2026-09-14",2316,"N20","nominal","2.0NRT",301.21,14.02,"N"
"6033",30.82834,47.33541,335.74,0.57,0.52,"2026-09-14",2316,"N20","nominal","2.0NRT",301.81,19.18,"N"
"6034",30.75298,47.66845,323.35,0.6,0.53,"2026-09-14",2316,"N20","nominal","2.0NRT",299.11,4.96,"N"
"6035",30.75437,47.66236,315.94,0.6,0.53,"2026-09-14",2316,"N20","nominal","2.0NRT",297.64,4.48,"N"
"6036",30.82501,47.32816,339.13,0.57,0.52,"2026-09-14",2316,"N20","nominal","2.0NRT",300.79,14.02,"N"
"6037",32.4343,38.80555,301.26,0.38,0.36,"2026-09-14",2316,"N20","nominal","2.0NRT",289.63,0.16,"N"
"6038",31.24317,45.25603,307.04,0.43,0.46,"2026-09-14",2316,"N20","nominal","2.0NRT",296.69,0.54,"N"
"6039",30.76862,47.33564,319.32,0.57,0.52,"2026-09-14",2316,"N20","nominal","2.0NRT",294.78,4.73,"N"
"6040",30.7653,47.32838,339.51,0.57,0.52,"2026-09-14",2316,"N20","nominal","2.0NRT",297.61,4.73,"N"
"6041",29.2549,53.12232,337.55,0.68,0.74,"2026-09-14",2316,"N20","nominal","2.0NRT",286.95,4.27,"N"
"6042",29.25675,53.11573,299.63,0.68,0.74,"2026-09-14",2316,"N20","nominal","2.0NRT",283.3,4.27,"N"
"6043",29.3698,52.61271,303.89,0.63,0.72,"2026-09-14",2316,"N20","nominal","2.0NRT",288.67,2.54,"N"
"6044",29.25856,53.12193,344.37,0.68,0.74,"2026-09-14",2316,"N20","nominal","2.0NRT",286.8,7.65,"N"
"6045",30.48248,48.24849,326.7,0.33,0.55,"2026-09-14",2316,"N20","nominal","2.0NRT",300.38,2.44,"N"
"6046",30.68959,47.32822,340.99,0.58,0.52,"2026-09-14",2316,"N20","nominal","2.0NRT",305.01,19.23,"N"
"6047",30.68826,47.33405,321.9,0.58,0.52,"2026-09-14",2316,"N20","nominal","2.0NRT",295.92,19.57,"N"
"6048",29.37058,52.61069,306.59,0.63,0.72,"2026-09-14",2316,"N20","nominal","2.0NRT",288.45,2.6,"N"
"6049",30.68493,47.32678,339.5,0.58,0.52,"2026-09-14",2316,"N20","nominal","2.0NRT",298.48,19.23,"N"
"6050",30.61567,47.32424,336.19,0.58,0.52,"2026-09-14",2316,"N20","nominal","2.0NRT",298.06,4.47,"N"
"6051",30.61101,47.32281,329.66,0.58,0.52,"2026-09-14",2316,"N20","nominal","2.0NRT",297.86,5.12,"N"
"6052",30.60966,47.32864,337.66,0.58,0.52,"2026-09-14",2316,"N20","nominal","2.0NRT",298.99,5.12,"N"
"6053",30.6083,47.33449,329.76,0.58,0.52,"2026-09-14",2316,"N20","nominal","2.0NRT",296.73,2.73,"N"
"6054",30.41397,48.09267,345.46,0.32,0.55,"2026-09-14",2316,"N20","nominal","2.0NRT",299.82,3.51,"N"
"6055",30.52393,47.60875,330.57,0.6,0.53,"2026-09-14",2316,"N20","nominal","2.0NRT",296.57,5.79,"N"
"6056",30.61042,47.32306,324.17,0.58,0.52,"2026-09-14",2316,"N20","nominal","2.0NRT",297.58,3.31,"N"
"6057",30.60911,47.32891,325.7,0.58,0.52,"2026-09-14",2316,"N20","nominal","2.0NRT",298.62,3.23,"N"
"6058",30.60778,47.33477,330.36,0.58,0.52,"2026-09-14",2316,"N20","nominal","2.0NRT",296.38,3.23,"N"
"6059",30.52523,47.60984,330.9,0.6,0.53,"2026-09-14",2316,"N20","nominal","2.0NRT",296.34,4.68,"N"
"6060",30.41431,48.0906,332.91,0.32,0.55,"2026-09-14",2316,"N20","nominal","2.0NRT",298.7,3.35,"N"
"6061",30.41355,48.09386,325.62,0.32,0.55,"2026-09-14",2316,"N20","nominal","2.0NRT",298.9,3.01,"N"
"6062",29.19706,52.84108,307.43,0.66,0.73,"2026-09-14",2316,"N20","nominal","2.0NRT",293.91,3.45,"N"
"6063",30.57513,47.32466,314.32,0.58,0.52,"2026-09-14",2316,"N20","nominal","2.0NRT",295.59,2.04,"N"
"6064",30.56041,47.38934,309.87,0.58,0.52,"2026-09-14",2316,"N20","nominal","2.0NRT",298.68,2.12,"N"
"6065",30.35861,48.26093,309.72,0.33,0.55,"2026-09-14",2316,"N20","nominal","2.0NRT",298.2,2.07,"N"
"6066",30.47505,47.73923,320.23,0.61,0.54,"2026-09-14",2316,"N20","nominal","2.0NRT",298,3.54,"N"
"6067",30.35052,48.27274,327.92,0.33,0.55,"2026-09-14",2316,"N20","nominal","2.0NRT",301.39,5.35,"N"
"6068",30.34973,48.27608,348.47,0.33,0.55,"2026-09-14",2316,"N20","nominal","2.0NRT",303.94,5.35,"N"
"6069",30.56779,47.33492,311.58,0.58,0.52,"2026-09-14",2316,"N20","nominal","2.0NRT",296.35,3.53,"N"
"6070",30.56846,47.31009,320.08,0.58,0.52,"2026-09-14",2316,"N20","nominal","2.0NRT",297.33,2.48,"N"
"6071",30.56446,47.32763,338.15,0.58,0.52,"2026-09-14",2316,"N20","nominal","2.0NRT",298.15,3.53,"N"
"6072",30.55911,47.35109,330.57,0.58,0.52,"2026-09-14",2316,"N20","nominal","2.0NRT",297.25,4.37,"N"
"6073",30.34479,48.27451,367,0.33,0.55,"2026-09-14",2316,"N20","high","2.0NRT",304.2,5.35,"N"
"6074",30.56713,47.31593,310.51,0.58,0.52,"2026-09-14",2316,"N20","nominal","2.0NRT",296.77,2.83,"N"
"6075",30.344,48.27786,314.65,0.33,0.55,"2026-09-14",2316,"N20","nominal","2.0NRT",304.02,8.08,"N"
"6076",30.58102,47.23302,311.08,0.57,0.52,"2026-09-14",2316,"N20","nominal","2.0NRT",297.31,1.26,"N"
"6077",30.47634,47.60117,316.26,0.6,0.53,"2026-09-14",2316,"N20","nominal","2.0NRT",295.64,2.32,"N"
"6078",30.5656,47.10546,341.48,0.56,0.52,"2026-09-14",2316,"N20","nominal","2.0NRT",309.49,30.07,"N"
"6079",29.9447,49.68592,355.41,0.41,0.61,"2026-09-14",2316,"N20","nominal","2.0NRT",302.76,4.95,"N"
"6080",30.5669,47.09978,312.84,0.56,0.52,"2026-09-14",2316,"N20","nominal","2.0NRT",297.41,10.53,"N"
"6081",30.56099,47.10405,326.06,0.56,0.52,"2026-09-14",2316,"N20","nominal","2.0NRT",297.85,4.77,"N"
"6082",30.49638,47.31919,340.01,0.58,0.52,"2026-09-14",2316,"N20","nominal","2.0NRT",300.61,7.1,"N"
"6083",30.49773,47.31334,314.53,0.58,0.52,"2026-09-14",2316,"N20","nominal","2.0NRT",297.72,3.21,"N"
"6084",29.51231,51.25594,310.36,0.52,0.67,"2026-09-14",2316,"N20","nominal","2.0NRT",298.57,2.61,"N"
"6085",29.51105,51.26067,314.49,0.52,0.67,"2026-09-14",2316,"N20","nominal","2.0NRT",299.65,2.61,"N"
"6086",30.54385,47.09279,323.84,0.56,0.52,"2026-09-14",2316,"N20","nominal","2.0NRT",296.8,2.82,"N"
"6087",30.54776,47.07582,307.05,0.56,0.51,"2026-09-14",2316,"N20","nominal","2.0NRT",295.8,0.53,"N"
"6088",30.49306,47.31192,311.64,0.58,0.52,"2026-09-14",2316,"N20","nominal","2.0NRT",296.63,1.3,"N"
"6089",29.12472,52.64587,298.49,0.64,0.72,"2026-09-14",2316,"N20","nominal","2.0NRT",287.15,0.88,"N"
"6090",30.41691,47.61545,319.36,0.61,0.53,"2026-09-14",2316,"N20","nominal","2.0NRT",298.72,2.35,"N"
"6091",30.49622,47.31739,348.34,0.58,0.52,"2026-09-14",2316,"N20","nominal","2.0NRT",302.04,9.36,"N"
"6092",30.54686,47.09172,317.09,0.56,0.52,"2026-09-14",2316,"N20","nominal","2.0NRT",295.62,2.34,"N"
"6093",30.41872,47.61445,329.35,0.61,0.53,"2026-09-14",2316,"N20","nominal","2.0NRT",298.22,3.35,"N"
"6094",29.5104,51.25769,321.23,0.52,0.67,"2026-09-14",2316,"N20","nominal","2.0NRT",299.57,4.34,"N"
"6095",30.56045,46.70535,327.17,0.53,0.5,"2026-09-14",2316,"N20","nominal","2.0NRT",298.37,1.97,"N"
"6096",30.40259,47.33258,338.31,0.58,0.52,"2026-09-14",2316,"N20","nominal","2.0NRT",297.43,8.57,"N"
"6097",30.27602,47.74267,333.97,0.62,0.54,"2026-09-14",2316,"N20","nominal","2.0NRT",297.46,4.62,"N"
"6098",30.27714,47.71618,316.71,0.62,0.54,"2026-09-14",2316,"N20","nominal","2.0NRT",297.75,1.64,"N"
"6099",30.36234,47.33287,339.85,0.58,0.52,"2026-09-14",2316,"N20","nominal","2.0NRT",299.3,19.73,"N"
"6100",30.36096,47.33877,353.18,0.59,0.52,"2026-09-14",2316,"N20","nominal","2.0NRT",306.11,19.73,"N"
"6101",30.36372,47.32698,315.84,0.58,0.52,"2026-09-14",2316,"N20","nominal","2.0NRT",297.29,3.52,"N"
"6102",30.35958,47.34468,313.98,0.59,0.53,"2026-09-14",2316,"N20","nominal","2.0NRT",298.59,11.11,"N"
"6103",30.27903,47.74298,307.86,0.62,0.54,"2026-09-14",2316,"N20","nominal","2.0NRT",296.66,1.2,"N"
"6104",30.27998,47.7164,321.25,0.62,0.54,"2026-09-14",2316,"N20","nominal","2.0NRT",295.46,3.59,"N"
"6105",30.27422,47.74147,330.79,0.62,0.54,"2026-09-14",2316,"N20","nominal","2.0NRT",296.26,4.05,"N"
"6106",30.36268,47.33193,341.7,0.59,0.52,"2026-09-14",2316,"N20","nominal","2.0NRT",298.73,7.78,"N"
"6107",30.36134,47.33784,340.26,0.59,0.53,"2026-09-14",2316,"N20","nominal","2.0NRT",302.64,17.55,"N"
"6108",30.35999,47.34376,332.69,0.59,0.53,"2026-09-14",2316,"N20","nominal","2.0NRT",301.29,17.55,"N"
"6109",30.35664,47.3364,335.26,0.59,0.53,"2026-09-14",2316,"N20","nominal","2.0NRT",298.49,5.49,"N"
"6110",30.31366,47.34853,325.43,0.59,0.53,"2026-09-14",2316,"N20","nominal","2.0NRT",297.15,2.95,"N"
"6111",30.28133,47.35769,335.9,0.59,0.53,"2026-09-14",2318,"N20","nominal","2.0NRT",298.7,5.78,"N"
"6112",30.27995,47.36364,333.81,0.59,0.53,"2026-09-14",2318,"N20","nominal","2.0NRT",301.31,12.13,"N"
"6113",30.2827,47.35175,318.18,0.59,0.53,"2026-09-14",2318,"N20","nominal","2.0NRT",297.79,5.78,"N"
"6114",30.18906,47.70856,337.83,0.62,0.54,"2026-09-14",2318,"N20","nominal","2.0NRT",294.81,4.59,"N"
"6115",30.18572,47.71285,337.9,0.62,0.54,"2026-09-14",2318,"N20","nominal","2.0NRT",297.38,3.97,"N"
"6116",30.18715,47.70659,304.14,0.62,0.54,"2026-09-14",2318,"N20","nominal","2.0NRT",293.43,3.97,"N"
"6117",30.2145,47.38651,338.91,0.59,0.53,"2026-09-14",2318,"N20","nominal","2.0NRT",298.98,13.89,"N"
"6118",30.21313,47.3925,341.23,0.59,0.53,"2026-09-14",2318,"N20","nominal","2.0NRT",306.88,13.89,"N"
"6119",30.20841,47.39105,340.51,0.59,0.53,"2026-09-14",2318,"N20","nominal","2.0NRT",299.33,13.89,"N"
"6120",30.20368,47.3896,313.61,0.59,0.53,"2026-09-14",2318,"N20","nominal","2.0NRT",297.52,2.17,"N"
"6121",30.19896,47.38815,322.45,0.59,0.53,"2026-09-14",2318,"N20","nominal","2.0NRT",295.67,2.17,"N"
"6122",30.17452,47.40633,339.89,0.6,0.53,"2026-09-14",2318,"N20","nominal","2.0NRT",297.31,5.35,"N"
"6123",30.16839,47.4109,338.56,0.6,0.53,"2026-09-14",2318,"N20","nominal","2.0NRT",298.53,7.54,"N"
"6124",30.16699,47.41693,331.28,0.6,0.53,"2026-09-14",2318,"N20","nominal","2.0NRT",297.57,7.54,"N"
"6125",32.21627,36.2008,304.3,0.43,0.38,"2026-09-14",2318,"N20","nominal","2.0NRT",292.21,1.14,"N"
"6126",32.05281,36.38054,307.53,0.42,0.38,"2026-09-14",2318,"N20","nominal","2.0NRT",288.02,0.72,"N"
"6127",29.24543,50.3046,314.9,0.46,0.64,"2026-09-14",2318,"N20","nominal","2.0NRT",298.75,0.38,"N"
"6128",29.21802,50.31557,314.71,0.46,0.64,"2026-09-14",2318,"N20","nominal","2.0NRT",299.36,0.72,"N"
"6129",29.21754,50.31815,313.65,0.47,0.64,"2026-09-14",2318,"N20","nominal","2.0NRT",300.46,0.26,"N"
"6130",31.96505,36.07821,301.57,0.43,0.38,"2026-09-14",2318,"N20","nominal","2.0NRT",288.13,0.34,"N"
"6131",28.68223,52.09207,326.24,0.61,0.71,"2026-09-14",2318,"N20","nominal","2.0NRT",295.62,3.43,"N"
"6132",29.73475,47.71481,341.08,0.64,0.54,"2026-09-14",2318,"N20","nominal","2.0NRT",299.83,25.62,"N"
"6133",29.73431,47.7115,350.19,0.32,0.54,"2026-09-14",2318,"N20","nominal","2.0NRT",296.65,20.61,"N"
"6134",29.73358,47.71469,346.05,0.32,0.54,"2026-09-14",2318,"N20","nominal","2.0NRT",302.42,20.61,"N"
"6135",29.28453,49.53228,338.95,0.42,0.61,"2026-09-14",2318,"N20","nominal","2.0NRT",301.88,4.18,"N"
"6136",31.41504,38.68326,308.96,0.38,0.36,"2026-09-14",2318,"N20","nominal","2.0NRT",296.21,1.52,"N"
"6137",31.91611,34.89708,310.13,0.47,0.4,"2026-09-14",2318,"N20","nominal","2.0NRT",295.69,0.92,"N"
"6138",30.92796,41.0549,307.62,0.42,0.38,"2026-09-14",2318,"N20","nominal","2.0NRT",295.16,0.84,"N"
"6139",30.53049,43.02129,320.36,0.51,0.41,"2026-09-14",2318,"N20","nominal","2.0NRT",293.17,1.45,"N"
"6140",31.25443,37.42366,307.88,0.39,0.36,"2026-09-14",2318,"N20","nominal","2.0NRT",295.58,1.09,"N"
"6141",31.33496,36.13046,305.27,0.42,0.38,"2026-09-14",2318,"N20","nominal","2.0NRT",291.16,1.42,"N"
"6142",31.33305,36.12772,304.46,0.42,0.38,"2026-09-14",2318,"N20","nominal","2.0NRT",291.79,1.2,"N"
"6143",29.03864,48.14716,314.43,0.35,0.57,"2026-09-14",2318,"N20","nominal","2.0NRT",302.28,2.93,"N"
"6144",29.12168,47.56886,367,0.32,0.55,"2026-09-14",2318,"N20","high","2.0NRT",298.09,4.17,"N"
"6145",27.93458,52.19673,311.42,0.64,0.72,"2026-09-14",2318,"N20","nominal","2.0NRT",298.08,3.83,"N"
"6146",27.93013,52.19262,315.29,0.65,0.73,"2026-09-14",2318,"N20","nominal","2.0NRT",298.36,3.73,"N"
"6147",29.00718,47.74271,367,0.33,0.55,"2026-09-14",2318,"N20","high","2.0NRT",296.71,19.03,"N"
"6148",29.00641,47.74604,328.78,0.33,0.55,"2026-09-14",2318,"N20","nominal","2.0NRT",304.57,19.03,"N"
"6149",28.91208,48.05462,324.06,0.35,0.57,"2026-09-14",2318,"N20","nominal","2.0NRT",296.37,2.17,"N"
"6150",28.49371,49.71096,367,0.45,0.63,"2026-09-14",2318,"N20","high","2.0NRT",302.55,15.02,"N"
"6151",28.4926,49.71536,337.15,0.45,0.63,"2026-09-14",2318,"N20","nominal","2.0NRT",307.54,31.63,"N"
"6152",28.49482,49.70657,314.48,0.45,0.63,"2026-09-14",2318,"N20","nominal","2.0NRT",301.79,15.02,"N"
"6153",31.23493,35.20566,305.88,0.45,0.39,"2026-09-14",2318,"N20","nominal","2.0NRT",292.69,0.76,"N"
"6154",27.76409,52.16589,320.6,0.65,0.73,"2026-09-14",2318,"N20","nominal","2.0NRT",300.85,9.92,"N"
"6155",27.76253,52.17159,349.81,0.65,0.73,"2026-09-14",2318,"N20","nominal","2.0NRT",301.9,12.19,"N"
"6156",28.7243,48.33195,311.15,0.36,0.58,"2026-09-14",2318,"N20","nominal","2.0NRT",299.96,2.57,"N"
"6157",27.72611,52.17627,345.5,0.65,0.73,"2026-09-14",2318,"N20","nominal","2.0NRT",301.29,10.9,"N"
"6158",27.71964,52.1742,367,0.65,0.73,"2026-09-14",2318,"N20","high","2.0NRT",302.46,14.67,"N"
"6159",27.71791,52.18049,332.86,0.65,0.73,"2026-09-14",2318,"N20","nominal","2.0NRT",302.58,14.67,"N"
"6160",27.71619,52.18674,336.35,0.65,0.73,"2026-09-14",2318,"N20","nominal","2.0NRT",301.95,16.76,"N"
"6161",27.72138,52.16789,315.82,0.65,0.73,"2026-09-14",2318,"N20","nominal","2.0NRT",301.95,11.17,"N"
"6162",27.68927,52.23318,348.57,0.66,0.73,"2026-09-14",2318,"N20","nominal","2.0NRT",301.58,7.93,"N"
"6163",27.68753,52.23948,321.39,0.66,0.73,"2026-09-14",2318,"N20","nominal","2.0NRT",301.12,7.93,"N"
"6164",27.68578,52.24582,322.01,0.66,0.73,"2026-09-14",2318,"N20","nominal","2.0NRT",300.83,7.37,"N"
"6165",27.68401,52.25222,345.72,0.66,0.73,"2026-09-14",2318,"N20","nominal","2.0NRT",301.16,7.37,"N"
"6166",27.72276,52.16953,320.91,0.65,0.73,"2026-09-14",2318,"N20","nominal","2.0NRT",301.94,11.36,"N"
"6167",27.72107,52.17583,367,0.65,0.73,"2026-09-14",2318,"N20","high","2.0NRT",303.28,11.36,"N"
"6168",27.71938,52.18213,325.19,0.65,0.73,"2026-09-14",2318,"N20","nominal","2.0NRT",302.17,7.15,"N"
"6169",27.71771,52.18836,317.62,0.65,0.73,"2026-09-14",2318,"N20","nominal","2.0NRT",301.61,7.15,"N"
"6170",27.71124,52.18627,326.44,0.65,0.73,"2026-09-14",2318,"N20","nominal","2.0NRT",301.52,7.15,"N"
"6171",27.69111,52.23485,352.21,0.66,0.73,"2026-09-14",2318,"N20","nominal","2.0NRT",301.35,9.66,"N"
"6172",27.68768,52.24758,328.89,0.66,0.73,"2026-09-14",2318,"N20","nominal","2.0NRT",300.71,6.28,"N"
"6173",27.68595,52.25398,350.7,0.66,0.73,"2026-09-14",2318,"N20","nominal","2.0NRT",300.87,9.76,"N"
"6174",27.6894,52.2412,315.26,0.66,0.73,"2026-09-14",2318,"N20","nominal","2.0NRT",301,6.28,"N"
"6175",27.54482,52.5881,333.64,0.69,0.75,"2026-09-14",2318,"N20","nominal","2.0NRT",300.12,4.68,"N"
"6176",27.52039,52.59819,344.29,0.7,0.75,"2026-09-14",2318,"N20","nominal","2.0NRT",300.83,9.16,"N"
"6177",27.51343,52.62328,367,0.7,0.75,"2026-09-14",2318,"N20","high","2.0NRT",301.21,12.7,"N"
"6178",27.51182,52.62908,337.4,0.7,0.75,"2026-09-14",2318,"N20","nominal","2.0NRT",300.6,12.7,"N"
"6179",27.51032,52.63449,331.78,0.7,0.75,"2026-09-14",2318,"N20","nominal","2.0NRT",300.53,4.74,"N"
"6180",27.50878,52.64005,325.52,0.7,0.75,"2026-09-14",2318,"N20","nominal","2.0NRT",300.38,4.74,"N"
"6181",27.5169,52.61076,313.8,0.7,0.75,"2026-09-14",2318,"N20","nominal","2.0NRT",300.1,4.2,"N"
"6182",27.5151,52.61728,317.91,0.7,0.75,"2026-09-14",2318,"N20","nominal","2.0NRT",300.55,4.2,"N"
"6183",27.5028,52.63551,330.14,0.7,0.75,"2026-09-14",2318,"N20","nominal","2.0NRT",300.14,4.74,"N"
"6184",27.49937,52.64784,349.02,0.7,0.75,"2026-09-14",2318,"N20","nominal","2.0NRT",300.55,12.98,"N"
"6185",27.50112,52.64154,312.55,0.7,0.75,"2026-09-14",2318,"N20","nominal","2.0NRT",300.17,4.74,"N"
"6186",27.51864,52.59782,352.07,0.7,0.75,"2026-09-14",2318,"N20","nominal","2.0NRT",300.43,10.74,"N"
"6187",27.5118,52.62305,353.07,0.7,0.75,"2026-09-14",2318,"N20","nominal","2.0NRT",300.43,8.91,"N"
"6188",27.51018,52.62904,346.14,0.7,0.75,"2026-09-14",2318,"N20","nominal","2.0NRT",300.38,11.18,"N"
"6189",27.50863,52.63472,342.86,0.7,0.75,"2026-09-14",2318,"N20","nominal","2.0NRT",300.34,11.18,"N"
"6190",27.50706,52.64053,328.73,0.7,0.75,"2026-09-14",2318,"N20","nominal","2.0NRT",300.07,7.37,"N"
"6191",27.51516,52.61067,313,0.7,0.75,"2026-09-14",2318,"N20","nominal","2.0NRT",299.64,4.92,"N"
"6192",27.51348,52.61686,318.1,0.7,0.75,"2026-09-14",2318,"N20","nominal","2.0NRT",300.07,8.91,"N"
"6193",27.49775,52.64822,350.09,0.7,0.75,"2026-09-14",2318,"N20","nominal","2.0NRT",300.36,11.3,"N"
"6194",27.49598,52.65474,314.6,0.7,0.75,"2026-09-14",2318,"N20","nominal","2.0NRT",300.22,7.07,"N"
"6195",28.57543,47.91849,315.78,0.35,0.56,"2026-09-14",2318,"N20","nominal","2.0NRT",298.38,1.83,"N"
"6196",28.58435,47.91659,308.78,0.35,0.56,"2026-09-14",2318,"N20","nominal","2.0NRT",297.81,1,"N"
"6197",28.57768,47.92204,314.48,0.35,0.57,"2026-09-14",2318,"N20","nominal","2.0NRT",299.78,1.44,"N"
"6198",28.45716,47.87411,308.64,0.35,0.57,"2026-09-14",2318,"N20","nominal","2.0NRT",296.59,0.66,"N"
"6199",30.72393,33.77489,309.42,0.52,0.41,"2026-09-14",2318,"N20","nominal","2.0NRT",296.31,1.23,"N"
"6200",31.12491,29.81163,326.2,0.58,0.52,"2026-09-14",2318,"N20","nominal","2.0NRT",296.89,4.95,"N"
"6201",30.70337,33.8488,312.38,0.51,0.41,"2026-09-14",2318,"N20","nominal","2.0NRT",295.89,1.85,"N"
"6202",30.70273,33.85413,311.04,0.51,0.41,"2026-09-14",2318,"N20","nominal","2.0NRT",296.19,1.85,"N"
"6203",31.02891,29.74886,309.08,0.58,0.52,"2026-09-14",2318,"N20","nominal","2.0NRT",296.49,2.39,"N"
"6204",27.81608,48.86195,367,0.41,0.61,"2026-09-14",2318,"N20","high","2.0NRT",306.98,15.62,"N"
"6205",27.81707,48.85793,314.82,0.41,0.61,"2026-09-14",2318,"N20","nominal","2.0NRT",296.85,12.02,"N"
"6206",27.8151,48.86596,315.63,0.41,0.61,"2026-09-14",2318,"N20","nominal","2.0NRT",298.53,15.62,"N"
"6207",27.81712,48.85934,332.84,0.41,0.61,"2026-09-14",2318,"N20","nominal","2.0NRT",297.92,19.01,"N"
"6208",27.81615,48.86337,343.48,0.41,0.61,"2026-09-14",2318,"N20","nominal","2.0NRT",308.01,32.07,"N"
"6209",27.81603,48.62359,313.46,0.4,0.6,"2026-09-14",2318,"N20","nominal","2.0NRT",297.7,0.99,"N"
"6210",27.81508,48.62752,310.4,0.4,0.6,"2026-09-14",2318,"N20","nominal","2.0NRT",297.81,0.99,"N"
"6211",27.81069,48.62195,312.54,0.4,0.6,"2026-09-14",2318,"N20","nominal","2.0NRT",297.56,0.99,"N"
"6212",27.8044,48.62424,367,0.4,0.6,"2026-09-14",2318,"N20","high","2.0NRT",300.62,22.69,"N"
"6213",27.80345,48.62816,325.73,0.4,0.6,"2026-09-14",2318,"N20","nominal","2.0NRT",298.92,14.54,"N"
"6214",27.80251,48.63205,367,0.4,0.6,"2026-09-14",2318,"N20","high","2.0NRT",301.18,14.54,"N"
"6215",31.10806,27.40503,303.65,0.4,0.6,"2026-09-14",2318,"N20","nominal","2.0NRT",291.94,0.5,"N"
"6216",27.80157,48.63594,315.84,0.4,0.6,"2026-09-14",2318,"N20","nominal","2.0NRT",297.98,9.5,"N"
"6217",30.88105,29.46326,311.38,0.61,0.53,"2026-09-14",2318,"N20","nominal","2.0NRT",297.13,2.94,"N"
"6218",27.53804,49.18932,318.68,0.44,0.62,"2026-09-14",2318,"N20","nominal","2.0NRT",299.86,3.44,"N"
"6219",27.52825,49.20471,308.22,0.44,0.62,"2026-09-14",2318,"N20","nominal","2.0NRT",296.8,1.84,"N"
"6220",30.93655,27.55146,328.54,0.4,0.6,"2026-09-14",2318,"N20","nominal","2.0NRT",293.77,2.55,"N"
"6221",30.93679,27.55155,324.02,0.4,0.6,"2026-09-14",2318,"N20","nominal","2.0NRT",293.22,1.92,"N"
"6222",30.93648,27.55573,303.24,0.39,0.6,"2026-09-14",2318,"N20","nominal","2.0NRT",292.44,1.45,"N"
"6223",30.84352,28.66659,308.66,0.34,0.56,"2026-09-14",2318,"N20","nominal","2.0NRT",293.06,0.51,"N"
"6224",30.87379,27.16975,319.24,0.42,0.61,"2026-09-14",2318,"N20","nominal","2.0NRT",291.36,1.02,"N"
"6225",66.68641,77.3107,305.67,0.52,0.5,"2026-09-14",2305,"N20","nominal","2.0NRT",276.41,1.3,"N"
"6226",66.68329,77.31965,298.45,0.52,0.5,"2026-09-14",2305,"N20","nominal","2.0NRT",276.64,1.26,"N"
"6227",67.01685,76.18626,311.27,0.48,0.48,"2026-09-14",2305,"N20","nominal","2.0NRT",274.4,2.43,"N"
"6228",66.58061,77.36403,314.45,0.53,0.5,"2026-09-14",2305,"N20","nominal","2.0NRT",276.87,1.72,"N"
"6229",67.28871,75.11737,320.18,0.44,0.46,"2026-09-14",2305,"N20","nominal","2.0NRT",275.46,2.91,"N"
"6230",66.33361,77.83019,307.58,0.56,0.51,"2026-09-14",2305,"N20","nominal","2.0NRT",276.5,0.96,"N"
"6231",66.66146,76.85065,320.45,0.51,0.5,"2026-09-14",2305,"N20","nominal","2.0NRT",276.93,1.6,"N"
"6232",66.47539,77.16985,300.88,0.53,0.5,"2026-09-14",2305,"N20","nominal","2.0NRT",276.32,1.1,"N"
"6233",66.47424,77.17648,297.73,0.53,0.5,"2026-09-14",2305,"N20","nominal","2.0NRT",275.94,1.33,"N"
"6234",66.42151,77.23798,336.19,0.54,0.51,"2026-09-14",2305,"N20","nominal","2.0NRT",278.2,5.54,"N"
"6235",66.41826,77.24718,316.69,0.54,0.51,"2026-09-14",2305,"N20","nominal","2.0NRT",276.15,5.54,"N"
"6236",66.95781,75.53834,347.05,0.47,0.48,"2026-09-14",2305,"N20","nominal","2.0NRT",296.59,26.54,"N"
"6237",66.95507,75.54669,328.37,0.47,0.48,"2026-09-14",2305,"N20","nominal","2.0NRT",278.63,27.42,"N"
"6238",66.42558,77.08501,337.18,0.53,0.5,"2026-09-14",2305,"N20","nominal","2.0NRT",279.13,11.22,"N"
"6239",66.95442,75.53114,296.99,0.47,0.48,"2026-09-14",2305,"N20","nominal","2.0NRT",275.78,26.54,"N"
"6240",66.55026,76.69337,303.33,0.51,0.5,"2026-09-14",2305,"N20","nominal","2.0NRT",275.42,1.62,"N"
"6241",66.19009,77.68943,323.06,0.56,0.52,"2026-09-14",2305,"N20","nominal","2.0NRT",278,3.01,"N"
"6242",66.90788,75.60233,349.94,0.47,0.48,"2026-09-14",2305,"N20","nominal","2.0NRT",278.28,17.08,"N"
"6243",66.90513,75.61069,333.29,0.47,0.48,"2026-09-14",2305,"N20","nominal","2.0NRT",277.5,8.28,"N"
"6244",67.81004,72.53315,319.32,0.57,0.43,"2026-09-14",2305,"N20","nominal","2.0NRT",278.36,2.83,"N"
"6245",67.80994,72.51591,334.4,0.57,0.43,"2026-09-14",2305,"N20","nominal","2.0NRT",277.76,32.81,"N"
"6246",67.80685,72.52673,349.98,0.57,0.43,"2026-09-14",2305,"N20","nominal","2.0NRT",289.33,41.54,"N"
"6247",67.80374,72.53764,295.16,0.57,0.43,"2026-09-14",2305,"N20","nominal","2.0NRT",277.7,41.54,"N"
"6248",67.80673,72.50957,342.5,0.57,0.43,"2026-09-14",2305,"N20","nominal","2.0NRT",297.86,32.81,"N"
"6249",67.80367,72.52035,335,0.57,0.43,"2026-09-14",2305,"N20","nominal","2.0NRT",310.31,41.54,"N"
"6250",67.81293,72.48781,296.51,0.56,0.43,"2026-09-14",2305,"N20","nominal","2.0NRT",277.76,0.75,"N"
"6251",67.80983,72.49867,315.88,0.56,0.43,"2026-09-14",2305,"N20","nominal","2.0NRT",277.79,32.81,"N"
"6252",67.80056,72.5312,299.01,0.57,0.43,"2026-09-14",2305,"N20","nominal","2.0NRT",278.45,41.54,"N"
"6253",67.80663,72.49232,324.64,0.56,0.43,"2026-09-14",2305,"N20","nominal","2.0NRT",278.4,21.61,"N"
"6254",67.80355,72.50317,348.73,0.57,0.43,"2026-09-14",2305,"N20","nominal","2.0NRT",295.75,21.61,"N"
"6255",67.80974,72.48143,298.05,0.56,0.43,"2026-09-14",2305,"N20","nominal","2.0NRT",277.27,1.29,"N"
"6256",67.80036,72.49677,295.52,0.57,0.43,"2026-09-14",2305,"N20","nominal","2.0NRT",279.8,21.61,"N"
"6257",67.79726,72.50763,295.34,0.57,0.43,"2026-09-14",2305,"N20","nominal","2.0NRT",278.78,53.44,"N"
"6258",66.31436,76.99731,335.99,0.54,0.51,"2026-09-14",2305,"N20","nominal","2.0NRT",277.57,7.92,"N"
"6259",66.1986,77.23423,306.02,0.55,0.51,"2026-09-14",2305,"N20","nominal","2.0NRT",277.72,1.17,"N"
"6260",66.31927,76.79269,315.76,0.53,0.5,"2026-09-14",2305,"N20","nominal","2.0NRT",276.87,2.19,"N"
"6261",66.13052,77.31071,314.73,0.55,0.51,"2026-09-14",2305,"N20","nominal","2.0NRT",276.94,2.35,"N"
"6262",66.28164,76.7589,326.39,0.53,0.5,"2026-09-14",2305,"N20","nominal","2.0NRT",275.66,3.65,"N"
"6263",66.24911,76.81625,336.8,0.54,0.5,"2026-09-14",2305,"N20","nominal","2.0NRT",279.54,17.53,"N"
"6264",66.24593,76.82535,309.89,0.54,0.5,"2026-09-14",2305,"N20","nominal","2.0NRT",277.18,17.53,"N"
"6265",66.05383,77.00307,304.55,0.55,0.51,"2026-09-14",2305,"N20","nominal","2.0NRT",276.82,2.33,"N"
"6266",66.10604,76.83813,310.99,0.54,0.51,"2026-09-14",2305,"N20","nominal","2.0NRT",277.94,1.2,"N"
"6267",66.0995,76.8566,301.2,0.54,0.51,"2026-09-14",2305,"N20","nominal","2.0NRT",277.62,3.84,"N"
"6268",66.09592,76.84902,336.84,0.54,0.51,"2026-09-14",2305,"N20","nominal","2.0NRT",278.61,3.84,"N"
"6269",65.85889,76.95701,338.62,0.56,0.52,"2026-09-14",2305,"N20","nominal","2.0NRT",278.24,8.86,"N"
"6270",65.85957,76.94981,335.64,0.56,0.52,"2026-09-14",2305,"N20","nominal","2.0NRT",276.74,5.13,"N"
"6271",65.85622,76.95923,310.39,0.56,0.52,"2026-09-14",2305,"N20","nominal","2.0NRT",277.42,3.87,"N"
"6272",65.82687,76.86365,309.2,0.56,0.52,"2026-09-14",2305,"N20","nominal","2.0NRT",278.8,1.38,"N"
"6273",64.19012,79.64045,302.6,0.39,0.59,"2026-09-14",2305,"N20","nominal","2.0NRT",276.43,0.59,"N"
"6274",64.84892,77.25127,313.81,0.32,0.54,"2026-09-14",2305,"N20","nominal","2.0NRT",278.26,1.14,"N"
"6275",63.43337,80.51937,304.88,0.44,0.62,"2026-09-14",2305,"N20","nominal","2.0NRT",268.89,1.21,"N"
"6276",63.43513,80.52868,309.67,0.44,0.62,"2026-09-14",2305,"N20","nominal","2.0NRT",269.09,1.52,"N"
"6277",64.90641,75.51476,311.93,0.58,0.52,"2026-09-14",2305,"N20","nominal","2.0NRT",278.77,1.79,"N"
"6278",69.26818,57.28444,331.69,0.39,0.36,"2026-09-14",2305,"N20","nominal","2.0NRT",284.24,3.75,"N"
"6279",66.1997,70.99344,336.69,0.41,0.45,"2026-09-14",2305,"N20","nominal","2.0NRT",278.11,3.78,"N"
"6280",66.20185,70.98605,312.91,0.41,0.45,"2026-09-14",2305,"N20","nominal","2.0NRT",274.49,1.76,"N"
"6281",64.75494,75.42655,302.05,0.59,0.53,"2026-09-14",2305,"N20","nominal","2.0NRT",278.48,1.02,"N"
"6282",68.61584,57.96576,338.57,0.39,0.36,"2026-09-14",2305,"N20","nominal","2.0NRT",282.56,4.2,"N"
"6283",68.60098,57.98998,323.14,0.39,0.36,"2026-09-14",2305,"N20","nominal","2.0NRT",282.07,2.68,"N"
"6284",68.60239,57.98118,297.43,0.39,0.36,"2026-09-14",2305,"N20","nominal","2.0NRT",279.33,2.68,"N"
"6285",68.64262,57.68253,316.2,0.39,0.36,"2026-09-14",2305,"N20","nominal","2.0NRT",278.16,1.23,"N"
"6286",68.64122,57.69137,295.15,0.39,0.36,"2026-09-14",2305,"N20","nominal","2.0NRT",278.56,0.98,"N"
"6287",64.70582,73.74474,306.96,0.54,0.51,"2026-09-14",2305,"N20","nominal","2.0NRT",277.47,1.95,"N"
"6288",64.65935,73.77621,295.89,0.54,0.51,"2026-09-14",2305,"N20","nominal","2.0NRT",273.15,1.66,"N"
"6289",64.65563,73.76945,299.21,0.54,0.51,"2026-09-14",2305,"N20","nominal","2.0NRT",271.66,1.66,"N"
"6290",64.65259,73.77845,301.09,0.54,0.51,"2026-09-14",2305,"N20","nominal","2.0NRT",271.97,2.22,"N"
"6291",64.64084,73.7422,295.65,0.54,0.51,"2026-09-14",2305,"N20","nominal","2.0NRT",273.15,0.78,"N"
"6292",64.63472,73.76028,310.51,0.54,0.51,"2026-09-14",2305,"N20","nominal","2.0NRT",277.78,3.87,"N"
"6293",64.57546,73.91675,296.41,0.55,0.51,"2026-09-14",2305,"N20","nominal","2.0NRT",273.33,1.43,"N"
"6294",63.47015,76.77622,306.44,0.36,0.57,"2026-09-14",2305,"N20","nominal","2.0NRT",280.2,1.22,"N"
"6295",67.66106,60.51225,306.02,0.39,0.36,"2026-09-14",2305,"N20","nominal","2.0NRT",278.31,0.77,"N"
"6296",67.83908,58.92644,324.27,0.38,0.36,"2026-09-14",2305,"N20","nominal","2.0NRT",279.99,2.52,"N"
"6297",68.16784,55.35689,334.36,0.39,0.36,"2026-09-14",2305,"N20","nominal","2.0NRT",283.29,2.93,"N"
"6298",61.49648,79.30939,306.27,0.52,0.67,"2026-09-14",2305,"N20","nominal","2.0NRT",265.22,0.72,"N"
"6299",67.93637,55.97655,299.9,0.39,0.36,"2026-09-14",2305,"N20","nominal","2.0NRT",279.39,0.55,"N"
"6300",67.59684,57.25022,300.67,0.38,0.36,"2026-09-14",2305,"N20","nominal","2.0NRT",276.52,0.56,"N"
"6301",62.05254,77.04542,298.24,0.43,0.62,"2026-09-14",2305,"N20","nominal","2.0NRT",280.51,0.9,"N"
"6302",67.61269,55.12869,296.16,0.39,0.36,"2026-09-14",2305,"N20","nominal","2.0NRT",276.79,0.35,"N"
"6303",67.18198,56.62204,302.72,0.38,0.36,"2026-09-14",2307,"N20","nominal","2.0NRT",275.94,0.49,"N"
"6304",62.88744,73.6056,310.92,0.32,0.55,"2026-09-14",2307,"N20","nominal","2.0NRT",280.33,0.75,"N"
"6305",66.95287,56.65717,295.65,0.38,0.36,"2026-09-14",2307,"N20","nominal","2.0NRT",276,0.23,"N"
"6306",67.0892,55.61671,310.14,0.39,0.36,"2026-09-14",2307,"N20","nominal","2.0NRT",277.99,1.06,"N"
"6307",67.08789,55.62511,305.46,0.39,0.36,"2026-09-14",2307,"N20","nominal","2.0NRT",278.01,1.06,"N"
"6308",66.72949,56.98014,303.96,0.38,0.36,"2026-09-14",2307,"N20","nominal","2.0NRT",278.27,0.85,"N"
"6309",66.76604,56.18754,297.85,0.38,0.36,"2026-09-14",2307,"N20","nominal","2.0NRT",280.68,1.52,"N"
"6310",66.42313,58.0422,332.28,0.39,0.36,"2026-09-14",2307,"N20","nominal","2.0NRT",280.72,2.56,"N"
"6311",66.42042,58.04136,327.35,0.39,0.36,"2026-09-14",2307,"N20","nominal","2.0NRT",280.91,3.04,"N"
"6312",66.43209,56.60217,300.3,0.38,0.36,"2026-09-14",2307,"N20","nominal","2.0NRT",281.21,1.99,"N"
"6313",66.43075,56.61024,311.47,0.38,0.36,"2026-09-14",2307,"N20","nominal","2.0NRT",280.66,1.96,"N"
"6314",66.06547,57.82493,314.67,0.39,0.36,"2026-09-14",2307,"N20","nominal","2.0NRT",279.13,0.89,"N"
"6315",61.28407,72.9743,310.92,0.37,0.58,"2026-09-14",2307,"N20","nominal","2.0NRT",281.23,1.2,"N"
"6316",61.28205,72.97977,310.4,0.37,0.58,"2026-09-14",2307,"N20","nominal","2.0NRT",282.01,1.2,"N"
"6317",61.16137,72.99876,297.28,0.37,0.58,"2026-09-14",2307,"N20","nominal","2.0NRT",281.06,0.25,"N"
"6318",61.0165,73.37055,303.89,0.39,0.59,"2026-09-14",2307,"N20","nominal","2.0NRT",280.21,0.75,"N"
"6319",62.39944,68.51664,315.03,0.5,0.49,"2026-09-14",2307,"N20","nominal","2.0NRT",279.82,2.29,"N"
"6320",61.02031,72.61871,296.71,0.37,0.58,"2026-09-14",2307,"N20","nominal","2.0NRT",276.63,0.55,"N"
"6321",65.16077,56.50716,296.68,0.39,0.36,"2026-09-14",2307,"N20","nominal","2.0NRT",280.51,0.41,"N"
"6322",65.04433,56.67273,327.39,0.39,0.36,"2026-09-14",2307,"N20","nominal","2.0NRT",281.6,3.91,"N"
"6323",65.04124,56.66966,325.2,0.39,0.36,"2026-09-14",2307,"N20","nominal","2.0NRT",283.62,3.91,"N"
"6324",65.0426,56.66196,299.85,0.39,0.36,"2026-09-14",2307,"N20","nominal","2.0NRT",280.72,3.91,"N"
"6325",65.02464,56.72719,306.82,0.39,0.36,"2026-09-14",2307,"N20","nominal","2.0NRT",279.82,0.85,"N"
"6326",60.7184,72.52038,312.33,0.38,0.59,"2026-09-14",2307,"N20","nominal","2.0NRT",279.48,1.33,"N"
"6327",60.95947,70.86362,331.74,0.33,0.55,"2026-09-14",2307,"N20","nominal","2.0NRT",274.41,3.18,"N"
"6328",60.96124,70.85851,316.71,0.33,0.55,"2026-09-14",2307,"N20","nominal","2.0NRT",271.48,2.41,"N"
"6329",60.85123,70.075,295.61,0.32,0.54,"2026-09-14",2307,"N20","nominal","2.0NRT",278.44,0.44,"N"
"6330",61.75286,66.96192,334.95,0.48,0.48,"2026-09-14",2307,"N20","nominal","2.0NRT",282.17,3.3,"N"
"6331",60.73125,69.89983,324.5,0.32,0.54,"2026-09-14",2307,"N20","nominal","2.0NRT",272.62,2.09,"N"
"6332",60.72707,69.89401,298.48,0.32,0.54,"2026-09-14",2307,"N20","nominal","2.0NRT",271.58,0.52,"N"
"6333",61.73555,66.44975,295.63,0.47,0.48,"2026-09-14",2307,"N20","nominal","2.0NRT",280.99,0.6,"N"
"6334",61.42784,67.26301,318.8,0.5,0.49,"2026-09-14",2307,"N20","nominal","2.0NRT",280,1.46,"N"
"6335",60.75553,69.34785,336.86,0.61,0.54,"2026-09-14",2307,"N20","nominal","2.0NRT",281.59,7.95,"N"
"6336",60.81679,65.42825,299.94,0.47,0.48,"2026-09-14",2307,"N20","nominal","2.0NRT",281.01,0.58,"N"
"6337",58.26509,68.46034,299.9,0.37,0.58,"2026-09-14",2307,"N20","nominal","2.0NRT",279.91,0.54,"N"
"6338",59.53262,34.13957,297.49,0.32,0.55,"2026-09-14",2309,"N20","nominal","2.0NRT",276.99,1.02,"N"
"6339",59.53242,34.14554,314.31,0.32,0.55,"2026-09-14",2309,"N20","nominal","2.0NRT",281.28,1.02,"N"
"6340",59.5217,34.16171,299.44,0.32,0.55,"2026-09-14",2309,"N20","nominal","2.0NRT",279.14,1.03,"N"
"6341",55.28002,61.46433,295.95,0.55,0.51,"2026-09-14",2309,"N20","nominal","2.0NRT",278.57,1.78,"N"
"6342",59.38432,28.45979,314.8,0.51,0.66,"2026-09-14",2309,"N20","nominal","2.0NRT",280.74,2.88,"N"
"6343",59.15158,37.83461,304.41,0.47,0.48,"2026-09-14",2309,"N20","nominal","2.0NRT",283.36,1.28,"N"
"6344",59.15107,37.84303,297.32,0.47,0.48,"2026-09-14",2309,"N20","nominal","2.0NRT",282.14,1.28,"N"
"6345",59.14957,37.86828,319.65,0.47,0.48,"2026-09-14",2309,"N20","nominal","2.0NRT",283.79,3.27,"N"
"6346",59.15108,37.86147,296.75,0.47,0.48,"2026-09-14",2309,"N20","nominal","2.0NRT",281.28,1.46,"N"
"6347",59.15054,37.86985,319.69,0.47,0.48,"2026-09-14",2309,"N20","nominal","2.0NRT",283.68,1.46,"N"
"6348",59.14949,37.88646,310.41,0.47,0.48,"2026-09-14",2309,"N20","nominal","2.0NRT",282.28,2.27,"N"
"6349",59.14827,37.83519,308.7,0.47,0.48,"2026-09-14",2309,"N20","nominal","2.0NRT",283.31,2.13,"N"
"6350",59.14774,37.84359,295.85,0.47,0.48,"2026-09-14",2309,"N20","nominal","2.0NRT",282.87,1.48,"N"
"6351",59.14721,37.85199,300.9,0.47,0.48,"2026-09-14",2309,"N20","nominal","2.0NRT",283.36,1.48,"N"
"6352",59.38567,28.45214,297.5,0.51,0.66,"2026-09-14",2309,"N20","nominal","2.0NRT",279.62,1.77,"N"
"6353",59.38576,28.46139,307.94,0.51,0.66,"2026-09-14",2309,"N20","nominal","2.0NRT",280.25,1.96,"N"
"6354",59.14104,37.80767,304.47,0.47,0.48,"2026-09-14",2309,"N20","nominal","2.0NRT",280.48,1.25,"N"
"6355",59.13326,37.78876,339.59,0.48,0.48,"2026-09-14",2309,"N20","nominal","2.0NRT",285.83,5.68,"N"
"6356",59.13118,37.82235,296.79,0.47,0.48,"2026-09-14",2309,"N20","nominal","2.0NRT",282.97,0.52,"N"
"6357",55.974,57.95951,297.92,0.4,0.44,"2026-09-14",2309,"N20","nominal","2.0NRT",276.61,0.29,"N"
"6358",56.40065,55.55596,299.44,0.5,0.41,"2026-09-14",2309,"N20","nominal","2.0NRT",279.9,0.58,"N"
"6359",59.06278,28.12945,300.43,0.53,0.67,"2026-09-14",2309,"N20","nominal","2.0NRT",278.16,1.31,"N"
"6360",59.06568,28.13436,301.19,0.53,0.67,"2026-09-14",2309,"N20","nominal","2.0NRT",278.34,1.56,"N"
"6361",54.88443,56.08301,295.64,0.56,0.43,"2026-09-14",2309,"N20","nominal","2.0NRT",282.14,1.06,"N"
"6362",54.88074,56.08041,300.76,0.56,0.43,"2026-09-14",2309,"N20","nominal","2.0NRT",282.03,1.92,"N"
"6363",54.85616,56.11113,296.25,0.56,0.43,"2026-09-14",2309,"N20","nominal","2.0NRT",282.31,0.86,"N"
"6364",54.85248,56.10847,295.77,0.56,0.43,"2026-09-14",2309,"N20","nominal","2.0NRT",282.66,0.86,"N"
"6365",54.85271,56.11111,299.71,0.56,0.43,"2026-09-14",2309,"N20","nominal","2.0NRT",282.97,3.54,"N"
"6366",54.84902,56.10849,332.41,0.56,0.43,"2026-09-14",2309,"N20","nominal","2.0NRT",284.2,3.54,"N"
"6367",53.44832,60.98664,295.01,0.61,0.54,"2026-09-14",2309,"N20","nominal","2.0NRT",278.85,1.27,"N"
"6368",55.60816,51.94438,300.44,0.42,0.38,"2026-09-14",2309,"N20","nominal","2.0NRT",278.61,0.69,"N"
"6369",54.66309,55.00382,304.4,0.52,0.42,"2026-09-14",2309,"N20","nominal","2.0NRT",275.63,1.23,"N"
"6370",54.66392,55.00597,302.53,0.52,0.42,"2026-09-14",2309,"N20","nominal","2.0NRT",276,1.01,"N"
"6371",53.46061,59.03324,337.79,0.52,0.5,"2026-09-14",2309,"N20","nominal","2.0NRT",280.48,6.76,"N"
"6372",53.45859,59.04057,329.79,0.52,0.5,"2026-09-14",2309,"N20","nominal","2.0NRT",282.31,6.76,"N"
"6373",53.45639,59.0301,343.71,0.52,0.5,"2026-09-14",2309,"N20","nominal","2.0NRT",282.39,6.76,"N"
"6374",53.4702,58.97985,312.77,0.52,0.5,"2026-09-14",2309,"N20","nominal","2.0NRT",279.62,2.1,"N"
"6375",53.45438,59.03738,304.51,0.52,0.5,"2026-09-14",2309,"N20","nominal","2.0NRT",282.75,6.76,"N"
"6376",53.43166,59.04597,308.76,0.52,0.5,"2026-09-14",2309,"N20","nominal","2.0NRT",282.67,1.99,"N"
"6377",53.41996,59.08829,295.21,0.52,0.5,"2026-09-14",2309,"N20","nominal","2.0NRT",280.41,0.92,"N"
"6378",53.42548,59.0499,316.96,0.52,0.5,"2026-09-14",2309,"N20","nominal","2.0NRT",284.17,3.19,"N"
"6379",53.4235,59.05704,307.47,0.52,0.5,"2026-09-14",2309,"N20","nominal","2.0NRT",283.78,1.99,"N"
"6380",56.14005,44.11786,302.33,0.43,0.38,"2026-09-14",2309,"N20","nominal","2.0NRT",277.01,0.7,"N"
"6381",53.66527,55.97484,299.92,0.4,0.44,"2026-09-14",2309,"N20","nominal","2.0NRT",279.4,0.43,"N"
"6382",53.07875,55.83297,303.55,0.41,0.45,"2026-09-14",2309,"N20","nominal","2.0NRT",277.77,0.8,"N"
"6383",55.38497,42.18386,295.59,0.47,0.39,"2026-09-14",2309,"N20","nominal","2.0NRT",280.15,0.56,"N"
"6384",52.27859,54.4526,302.78,0.57,0.43,"2026-09-14",2309,"N20","nominal","2.0NRT",281.14,0.67,"N"
"6385",52.40094,53.72309,307.45,0.54,0.42,"2026-09-14",2309,"N20","nominal","2.0NRT",279.05,1.39,"N"
"6386",51.59484,55.16771,308.7,0.42,0.45,"2026-09-14",2309,"N20","nominal","2.0NRT",280.49,1.49,"N"
"6387",51.59344,55.17344,305.87,0.42,0.45,"2026-09-14",2309,"N20","nominal","2.0NRT",281.28,1.62,"N"
"6388",51.87305,52.97679,296.14,0.52,0.42,"2026-09-14",2309,"N20","nominal","2.0NRT",279.67,0.55,"N"
"6389",51.87143,52.98404,296.45,0.52,0.42,"2026-09-14",2309,"N20","nominal","2.0NRT",279.52,0.55,"N"
"6390",52.01478,51.6859,299.45,0.47,0.4,"2026-09-14",2309,"N20","nominal","2.0NRT",282.08,0.5,"N"
"6391",52.01765,51.14751,306.54,0.46,0.39,"2026-09-14",2309,"N20","nominal","2.0NRT",274.58,1.27,"N"
"6392",51.60694,52.93033,296.68,0.53,0.42,"2026-09-14",2312,"N20","nominal","2.0NRT",282.77,9.55,"N"
"6393",51.6033,52.92825,331.36,0.53,0.42,"2026-09-14",2312,"N20","nominal","2.0NRT",285.06,9.55,"N"
"6394",51.6194,52.78367,308.5,0.52,0.41,"2026-09-14",2312,"N20","nominal","2.0NRT",280.73,1.2,"N"
"6395",51.59036,52.91273,304.19,0.53,0.42,"2026-09-14",2312,"N20","nominal","2.0NRT",280.39,0.94,"N"
"6396",51.61993,52.78411,310.76,0.52,0.41,"2026-09-14",2312,"N20","nominal","2.0NRT",280.38,1.55,"N"
"6397",51.59142,52.91352,303.25,0.53,0.42,"2026-09-14",2312,"N20","nominal","2.0NRT",280.43,1.34,"N"
"6398",51.56764,52.76225,322.64,0.52,0.42,"2026-09-14",2312,"N20","nominal","2.0NRT",282.48,2.29,"N"
"6399",51.56922,52.75511,296.58,0.52,0.41,"2026-09-14",2312,"N20","nominal","2.0NRT",281.16,1.76,"N"
"6400",51.5656,52.75304,332.13,0.52,0.41,"2026-09-14",2312,"N20","nominal","2.0NRT",287.36,12.23,"N"
"6401",50.35173,57.13249,341.9,0.55,0.51,"2026-09-14",2312,"N20","nominal","2.0NRT",283.68,5.43,"N"
"6402",50.34545,57.13674,298.95,0.55,0.51,"2026-09-14",2312,"N20","nominal","2.0NRT",283.43,5.43,"N"
"6403",50.34306,57.12669,301.64,0.55,0.51,"2026-09-14",2312,"N20","nominal","2.0NRT",282.5,1.37,"N"
"6404",50.34111,57.13385,300.01,0.55,0.51,"2026-09-14",2312,"N20","nominal","2.0NRT",282.9,1.37,"N"
"6405",51.84613,49.90204,298.47,0.43,0.38,"2026-09-14",2312,"N20","nominal","2.0NRT",282.23,0.43,"N"
"6406",52.05352,47.43872,308.16,0.39,0.36,"2026-09-14",2312,"N20","nominal","2.0NRT",287.29,1.17,"N"
"6407",51.95116,47.76865,298.08,0.39,0.36,"2026-09-14",2312,"N20","nominal","2.0NRT",285.54,0.41,"N"
"6408",53.39639,32.01146,296.38,0.35,0.57,"2026-09-14",2312,"N20","nominal","2.0NRT",276.04,0.87,"N"
"6409",53.15895,32.35747,295.49,0.34,0.56,"2026-09-14",2312,"N20","nominal","2.0NRT",273.17,0.21,"N"
"6410",52.85077,29.98964,295.24,0.43,0.62,"2026-09-14",2312,"N20","nominal","2.0NRT",280.43,1.28,"N"
"6411",52.84513,29.9828,305.42,0.43,0.62,"2026-09-14",2312,"N20","nominal","2.0NRT",279.42,1.28,"N"
"6412",52.84504,29.98928,309.67,0.43,0.62,"2026-09-14",2312,"N20","nominal","2.0NRT",279.38,1.28,"N"
"6413",52.85007,29.98421,308.41,0.43,0.62,"2026-09-14",2312,"N20","nominal","2.0NRT",279.07,2.6,"N"
"6414",52.84995,29.9907,315,0.43,0.62,"2026-09-14",2312,"N20","nominal","2.0NRT",280.99,2.57,"N"
"6415",48.52811,57.6065,319.76,0.32,0.55,"2026-09-14",2312,"N20","nominal","2.0NRT",284.03,1.08,"N"
"6416",48.47695,57.66932,295.79,0.33,0.55,"2026-09-14",2312,"N20","nominal","2.0NRT",283.88,0.44,"N"
"6417",48.47224,57.66633,367,0.33,0.55,"2026-09-14",2312,"N20","high","2.0NRT",287.17,5.27,"N"
"6418",48.38974,57.35422,296.5,0.32,0.55,"2026-09-14",2312,"N20","nominal","2.0NRT",283.94,0.28,"N"
"6419",48.16251,57.14481,367,0.32,0.54,"2026-09-14",2312,"N20","high","2.0NRT",291.78,6.92,"N"
"6420",48.16363,57.14087,299.94,0.32,0.54,"2026-09-14",2312,"N20","nominal","2.0NRT",283.18,8.34,"N"
"6421",48.1614,57.14875,316.66,0.32,0.54,"2026-09-14",2312,"N20","nominal","2.0NRT",285.38,6.92,"N"
"6422",47.91629,57.46654,299.88,0.33,0.56,"2026-09-14",2312,"N20","nominal","2.0NRT",281.04,0.33,"N"
"6423",69.37237,88.12257,348.05,0.59,0.53,"2026-09-14",2303,"N20","nominal","2.0NRT",279.2,32.66,"N"
"6424",70.44366,84.36559,308.73,0.45,0.47,"2026-09-14",2303,"N20","nominal","2.0NRT",273.21,1.08,"N"
"6425",68.41343,83.63068,327.88,0.56,0.52,"2026-09-14",2303,"N20","nominal","2.0NRT",270.18,3.21,"N"
"6426",68.41022,83.62103,312.65,0.56,0.52,"2026-09-14",2303,"N20","nominal","2.0NRT",269.88,2.88,"N"
"6427",68.21074,83.45683,321.58,0.57,0.52,"2026-09-14",2303,"N20","nominal","2.0NRT",270.41,1.72,"N"
"6428",70.9977,73.83837,332.52,0.46,0.39,"2026-09-14",2303,"N20","nominal","2.0NRT",274.94,4.01,"N"
"6429",71.25974,72.06699,328.08,0.43,0.38,"2026-09-14",2305,"N20","nominal","2.0NRT",276.44,2.61,"N"
"6430",68.71798,80.52885,295.07,0.48,0.48,"2026-09-14",2305,"N20","nominal","2.0NRT",268.96,0.83,"N"
"6431",68.71492,80.53735,295.77,0.48,0.48,"2026-09-14",2305,"N20","nominal","2.0NRT",269.94,0.87,"N"
"6432",68.69028,80.60594,297.81,0.48,0.48,"2026-09-14",2305,"N20","nominal","2.0NRT",272.6,0.71,"N"
"6433",67.64998,83.22029,320.74,0.61,0.53,"2026-09-14",2305,"N20","nominal","2.0NRT",273.99,2.12,"N"
"6434",67.5491,83.2085,333.36,0.61,0.54,"2026-09-14",2305,"N20","nominal","2.0NRT",292.83,92.33,"N"
"6435",68.52467,79.95596,340.39,0.48,0.48,"2026-09-14",2305,"N20","nominal","2.0NRT",280.63,11.4,"N"
"6436",67.275,83.20504,337.08,0.63,0.54,"2026-09-14",2305,"N20","nominal","2.0NRT",278.03,7.92,"N"
"6437",67.28535,83.03743,336.41,0.63,0.54,"2026-09-14",2305,"N20","nominal","2.0NRT",277.95,10.44,"N"
"6438",67.28191,83.02797,336.4,0.63,0.54,"2026-09-14",2305,"N20","nominal","2.0NRT",277.24,11.32,"N"
"6439",67.19953,81.98677,310.02,0.61,0.53,"2026-09-14",2305,"N20","nominal","2.0NRT",272.42,3.85,"N"
"6440",67.1955,81.98733,317.31,0.61,0.53,"2026-09-14",2305,"N20","nominal","2.0NRT",274.1,3.26,"N"
"6441",67.85385,79.87325,327.51,0.51,0.5,"2026-09-14",2305,"N20","nominal","2.0NRT",272.97,4.02,"N"
"6442",67.84716,79.82152,312.57,0.51,0.5,"2026-09-14",2305,"N20","nominal","2.0NRT",271.82,1.4,"N"
"6443",67.84473,79.82573,317.37,0.51,0.5,"2026-09-14",2305,"N20","nominal","2.0NRT",272.97,1.96,"N"
"6444",66.94076,80.74123,306.07,0.59,0.53,"2026-09-14",2305,"N20","nominal","2.0NRT",277.56,1.73,"N"
"6445",70.58923,68.23485,332.42,0.41,0.37,"2026-09-14",2305,"N20","nominal","2.0NRT",276.16,3.44,"N"
"6446",66.93593,80.74113,304.94,0.59,0.53,"2026-09-14",2305,"N20","nominal","2.0NRT",278.94,1.49,"N"
"6447",70.50674,68.14054,326.04,0.41,0.37,"2026-09-14",2305,"N20","nominal","2.0NRT",275.96,2.19,"N"
"6448",70.45415,68.30534,305.53,0.41,0.37,"2026-09-14",2305,"N20","nominal","2.0NRT",275.64,0.97,"N"
"6449",70.45578,68.30078,302.54,0.41,0.37,"2026-09-14",2305,"N20","nominal","2.0NRT",275.16,0.73,"N"
"6450",70.4257,68.36273,312.39,0.41,0.37,"2026-09-14",2305,"N20","nominal","2.0NRT",274.34,1.02,"N"
"6451",70.40421,68.44171,333.35,0.41,0.37,"2026-09-14",2305,"N20","nominal","2.0NRT",278.32,14.76,"N"
"6452",66.7169,80.49267,322.5,0.6,0.53,"2026-09-14",2305,"N20","nominal","2.0NRT",276.78,3.41,"N"
"6453",66.73288,80.41643,324.29,0.6,0.53,"2026-09-14",2305,"N20","nominal","2.0NRT",277.55,3.48,"N"
"6454",66.71976,80.49302,330.11,0.6,0.53,"2026-09-14",2305,"N20","nominal","2.0NRT",276.66,5.05,"N"
"6455",66.73181,80.42608,330.04,0.6,0.53,"2026-09-14",2305,"N20","nominal","2.0NRT",277.03,3.2,"N"
"6456",66.7356,80.41625,298.01,0.6,0.53,"2026-09-14",2305,"N20","nominal","2.0NRT",276.47,3.2,"N"
"6457",66.70952,80.44817,352.43,0.6,0.53,"2026-09-14",2305,"N20","nominal","2.0NRT",280.36,16.99,"N"
"6458",66.67271,80.45411,328.94,0.6,0.53,"2026-09-14",2305,"N20","nominal","2.0NRT",276.78,2.57,"N"
"6459",66.66885,80.46403,296.85,0.6,0.53,"2026-09-14",2305,"N20","nominal","2.0NRT",276.05,2.57,"N"
"6460",66.66145,80.46529,337.8,0.61,0.53,"2026-09-14",2305,"N20","nominal","2.0NRT",278.03,7.93,"N"
"6461",66.66917,80.4454,297.73,0.6,0.53,"2026-09-14",2305,"N20","nominal","2.0NRT",276.15,3.57,"N"
"6462",66.59975,80.40994,317.26,0.61,0.53,"2026-09-14",2305,"N20","nominal","2.0NRT",276.35,2.51,"N"
"6463",66.60229,80.41181,320.03,0.61,0.53,"2026-09-14",2305,"N20","nominal","2.0NRT",277.11,2.4,"N"
"6464",67.89358,75.76455,297.39,0.43,0.46,"2026-09-14",2305,"N20","nominal","2.0NRT",273.5,0.96,"N"
"6465",65.9343,80.27562,295.8,0.33,0.55,"2026-09-14",2305,"N20","nominal","2.0NRT",278.11,0.58,"N"
"6466",66.87287,77.75095,326.49,0.52,0.5,"2026-09-14",2305,"N20","nominal","2.0NRT",274.57,3.49,"N"
"6467",66.86968,77.75993,308.03,0.52,0.5,"2026-09-14",2305,"N20","nominal","2.0NRT",275.05,2.79,"N"
"6468",59.15119,37.83538,297.9,0.47,0.47,"2026-09-15",50,"N20","nominal","2.0NRT",282.39,1.5,"N"
"6469",59.14917,37.84259,297.9,0.47,0.47,"2026-09-15",50,"N20","nominal","2.0NRT",282.68,1.33,"N"
"6470",59.14714,37.8498,317.09,0.47,0.48,"2026-09-15",50,"N20","nominal","2.0NRT",283.74,1.33,"N"
"6471",59.14328,37.84568,298.52,0.47,0.48,"2026-09-15",50,"N20","nominal","2.0NRT",281.95,1.33,"N"
"6472",59.14993,37.83506,302.59,0.47,0.47,"2026-09-15",50,"N20","nominal","2.0NRT",282.82,2,"N"
"6473",59.14594,37.84954,313.02,0.47,0.48,"2026-09-15",50,"N20","nominal","2.0NRT",283.3,1.5,"N"
"6474",59.14207,37.8454,296.7,0.47,0.48,"2026-09-15",50,"N20","nominal","2.0NRT",282.44,1.5,"N"
"6475",59.12851,37.82211,305.28,0.47,0.48,"2026-09-15",50,"N20","nominal","2.0NRT",283.72,1.41,"N"
"6476",59.13268,37.789,315,0.47,0.47,"2026-09-15",50,"N20","nominal","2.0NRT",282.18,1.48,"N"
"6477",61.14502,28.7962,296.31,0.39,0.37,"2026-09-15",50,"N20","nominal","2.0NRT",279.74,1,"N"
"6478",61.02935,28.1747,295.49,0.39,0.36,"2026-09-15",50,"N20","nominal","2.0NRT",277.2,0.73,"N"
"6479",59.53166,34.14681,307.81,0.53,0.42,"2026-09-15",50,"N20","nominal","2.0NRT",279.15,1.41,"N"
"6480",59.52813,34.14358,296.41,0.53,0.42,"2026-09-15",50,"N20","nominal","2.0NRT",277.42,1.41,"N"
"6481",59.91352,32.35765,295.7,0.47,0.4,"2026-09-15",50,"N20","nominal","2.0NRT",281.16,0.66,"N"
"6482",56.08973,42.67913,320.59,0.43,0.62,"2026-09-15",50,"N20","nominal","2.0NRT",275.37,1.98,"N"
"6483",59.38654,28.46211,326.36,0.41,0.37,"2026-09-15",50,"N20","nominal","2.0NRT",281.12,2.66,"N"
"6484",59.06274,28.13753,300.39,0.41,0.37,"2026-09-15",50,"N20","nominal","2.0NRT",278.73,1.08,"N"
"6485",55.4563,30.03905,322.85,0.52,0.41,"2026-09-15",52,"N20","nominal","2.0NRT",281.13,3.87,"N"
"6486",55.45642,30.04015,304.3,0.52,0.41,"2026-09-15",52,"N20","nominal","2.0NRT",280.63,1.71,"N"
"6487",55.45287,30.03764,314.43,0.52,0.41,"2026-09-15",52,"N20","nominal","2.0NRT",280.33,1.71,"N"
"6488",52.84776,29.9905,315.32,0.4,0.44,"2026-09-15",52,"N20","nominal","2.0NRT",281.09,2.12,"N"
"6489",51.89924,29.32335,295.18,0.4,0.44,"2026-09-15",52,"N20","nominal","2.0NRT",283.91,1.45,"N"
"6490",51.89533,29.33972,308.9,0.4,0.44,"2026-09-15",52,"N20","nominal","2.0NRT",279.51,2.3,"N"
"6491",51.89403,29.34517,314.59,0.4,0.44,"2026-09-15",52,"N20","nominal","2.0NRT",280.84,1.96,"N"
"6492",50.96995,29.67699,296.97,0.43,0.46,"2026-09-15",52,"N20","nominal","2.0NRT",282.88,0.62,"N"
"6493",47.8342,38.47263,298.33,0.62,0.72,"2026-09-15",52,"N20","nominal","2.0NRT",283.88,0.88,"N"
"6494",47.83438,38.4726,296.88,0.62,0.72,"2026-09-15",52,"N20","nominal","2.0NRT",283.93,0.86,"N"
"6495",48.74685,26.60672,297.37,0.56,0.43,"2026-09-15",54,"N20","nominal","2.0NRT",282.74,1.2,"N"
"6496",47.7849,29.0156,299.37,0.5,0.49,"2026-09-15",54,"N20","nominal","2.0NRT",283.16,0.98,"N"
"6497",47.78672,29.01637,301.82,0.5,0.49,"2026-09-15",54,"N20","nominal","2.0NRT",283.73,1.29,"N"
"6498",44.887,38.11421,300.24,0.76,0.77,"2026-09-15",54,"N20","nominal","2.0NRT",282.78,1.49,"N"
"6499",44.88829,38.11613,299.96,0.77,0.77,"2026-09-15",54,"N20","nominal","2.0NRT",282.99,1,"N"
"6500",46.60565,32.58696,295.28,0.39,0.59,"2026-09-15",54,"N20","nominal","2.0NRT",281.87,0.47,"N"
"6501",46.07996,33.38857,329.21,0.43,0.62,"2026-09-15",54,"N20","nominal","2.0NRT",281.85,3.08,"N"
"6502",46.08313,33.38912,307.59,0.43,0.62,"2026-09-15",54,"N20","nominal","2.0NRT",281.54,1.67,"N"
"6503",46.08155,33.3943,310.79,0.43,0.62,"2026-09-15",54,"N20","nominal","2.0NRT",282.24,1.67,"N"
"6504",70.59086,68.24032,321.39,0.6,0.53,"2026-09-15",45,"N20","nominal","2.0NRT",273.73,2.98,"N"
"6505",70.5905,68.22849,324.73,0.6,0.53,"2026-09-15",45,"N20","nominal","2.0NRT",274.23,3.61,"N"
"6506",71.16747,67.00802,295.68,0.53,0.5,"2026-09-15",45,"N20","nominal","2.0NRT",272.3,1.07,"N"
"6507",70.40722,68.44174,331.6,0.61,0.54,"2026-09-15",45,"N20","nominal","2.0NRT",272.58,7.71,"N"
"6508",70.40249,68.45078,333.33,0.62,0.54,"2026-09-15",45,"N20","nominal","2.0NRT",275.75,8.14,"N"
"6509",69.26678,57.2945,336.91,0.49,0.49,"2026-09-15",45,"N20","nominal","2.0NRT",283.45,3.4,"N"
"6510",67.66212,60.50478,295.02,0.34,0.56,"2026-09-15",45,"N20","nominal","2.0NRT",276.19,0.54,"N"
"6511",67.65975,60.51009,302.7,0.34,0.56,"2026-09-15",45,"N20","nominal","2.0NRT",275.89,0.54,"N"
"6512",68.6189,57.96852,321.15,0.54,0.51,"2026-09-15",45,"N20","nominal","2.0NRT",278.6,2.38,"N"
"6513",68.60168,57.99425,323.96,0.54,0.51,"2026-09-15",45,"N20","nominal","2.0NRT",278.91,2.4,"N"
"6514",68.5986,57.98445,308.61,0.54,0.51,"2026-09-15",45,"N20","nominal","2.0NRT",277.92,2.39,"N"
"6515",68.61492,57.96724,327.26,0.54,0.51,"2026-09-15",45,"N20","nominal","2.0NRT",278.77,3.65,"N"
"6516",68.60143,57.98399,332.88,0.54,0.51,"2026-09-15",45,"N20","nominal","2.0NRT",279.95,3.71,"N"
"6517",68.64095,57.68951,309.5,0.54,0.5,"2026-09-15",45,"N20","nominal","2.0NRT",277.67,1.35,"N"
"6518",67.83858,58.9414,300.85,0.62,0.54,"2026-09-15",45,"N20","nominal","2.0NRT",276.24,0.92,"N"
"6519",68.16953,55.35569,301.27,0.51,0.5,"2026-09-15",45,"N20","nominal","2.0NRT",279.32,1.83,"N"
"6520",68.16626,55.36453,312.54,0.51,0.5,"2026-09-15",45,"N20","nominal","2.0NRT",280.18,2.18,"N"
"6521",67.93858,55.97244,298.27,0.54,0.51,"2026-09-15",45,"N20","nominal","2.0NRT",276.59,0.84,"N"
"6522",67.18379,56.62663,296.13,0.61,0.53,"2026-09-15",45,"N20","nominal","2.0NRT",275.68,0.87,"N"
"6523",66.4222,58.04184,327.15,0.35,0.57,"2026-09-15",45,"N20","nominal","2.0NRT",279.92,2.01,"N"
"6524",66.73093,56.98278,300.88,0.33,0.55,"2026-09-15",45,"N20","nominal","2.0NRT",276.81,0.32,"N"
"6525",67.09043,55.62341,314.02,0.59,0.53,"2026-09-15",45,"N20","nominal","2.0NRT",277.26,2.85,"N"
"6526",67.08562,55.62111,312.68,0.59,0.53,"2026-09-15",45,"N20","nominal","2.0NRT",276.81,3.09,"N"
"6527",66.06595,57.81682,308.21,0.37,0.58,"2026-09-15",45,"N20","nominal","2.0NRT",279.16,0.87,"N"
"6528",66.43343,56.60657,312.98,0.33,0.55,"2026-09-15",45,"N20","nominal","2.0NRT",280.25,2.45,"N"
"6529",66.43126,56.61179,311.91,0.33,0.55,"2026-09-15",45,"N20","nominal","2.0NRT",280.29,2.45,"N"
"6530",65.32741,56.42553,316.71,0.38,0.58,"2026-09-15",48,"N20","nominal","2.0NRT",280.03,1.04,"N"
"6531",65.00855,56.92272,312.2,0.4,0.6,"2026-09-15",48,"N20","nominal","2.0NRT",278.66,0.91,"N"
"6532",65.00767,56.92257,314.6,0.4,0.6,"2026-09-15",48,"N20","nominal","2.0NRT",279.01,0.84,"N"
"6533",65.16283,56.5092,302.46,0.39,0.59,"2026-09-15",48,"N20","nominal","2.0NRT",278.13,0.48,"N"
"6534",65.02883,56.72771,301.2,0.4,0.6,"2026-09-15",48,"N20","nominal","2.0NRT",279.86,0.71,"N"
"6535",65.04549,56.6712,354.53,0.39,0.6,"2026-09-15",48,"N20","nominal","2.0NRT",282.14,5.78,"N"
"6536",44.77352,33.85744,305.34,0.5,0.66,"2026-09-15",54,"N20","nominal","2.0NRT",283.49,2.17,"N"
"6537",46.89698,26.02922,295.61,0.39,0.44,"2026-09-15",54,"N20","nominal","2.0NRT",281.63,0.7,"N"
"6538",44.77717,33.85867,297.9,0.5,0.66,"2026-09-15",54,"N20","nominal","2.0NRT",281.98,1.51,"N"
"6539",45.25807,31.67068,367,0.39,0.59,"2026-09-15",54,"N20","high","2.0NRT",289.87,3.92,"N"
"6540",45.25673,31.67527,305.42,0.39,0.59,"2026-09-15",54,"N20","nominal","2.0NRT",289.25,3.92,"N"
"6541",45.37584,30.92541,300.57,0.35,0.57,"2026-09-15",54,"N20","nominal","2.0NRT",288.55,0.93,"N"
"6542",45.37465,30.92964,317.91,0.35,0.57,"2026-09-15",54,"N20","nominal","2.0NRT",289.66,1.22,"N"
"6543",45.35499,30.89877,308.04,0.35,0.57,"2026-09-15",54,"N20","nominal","2.0NRT",289.16,1.08,"N"
"6544",45.35379,30.90299,319.14,0.35,0.57,"2026-09-15",54,"N20","nominal","2.0NRT",289.96,1.08,"N"
"6545",41.17973,32.63352,297.4,0.57,0.69,"2026-09-15",56,"N20","nominal","2.0NRT",285.17,1.48,"N"
"6546",41.17398,32.62976,299.26,0.57,0.69,"2026-09-15",56,"N20","nominal","2.0NRT",284.48,1.42,"N"
"6547",40.45456,34.17674,299.05,0.71,0.75,"2026-09-15",56,"N20","nominal","2.0NRT",283.21,1.38,"N"
"6548",41.26597,31.42514,300.23,0.49,0.65,"2026-09-15",56,"N20","nominal","2.0NRT",288.33,2.54,"N"
"6549",41.25866,31.42765,301.41,0.49,0.65,"2026-09-15",56,"N20","nominal","2.0NRT",285.44,1.51,"N"
"6550",41.2635,31.42136,301.99,0.49,0.65,"2026-09-15",56,"N20","nominal","2.0NRT",286.13,1.31,"N"
"6551",41.26186,31.4268,303.98,0.49,0.65,"2026-09-15",56,"N20","nominal","2.0NRT",286.78,1.31,"N"
"6552",41.25396,31.40973,312.17,0.49,0.65,"2026-09-15",56,"N20","nominal","2.0NRT",284.94,1.38,"N"
"6553",39.65619,33.92697,297.61,0.73,0.76,"2026-09-15",56,"N20","nominal","2.0NRT",279.33,1.68,"N"
"6554",39.65591,33.92858,295.65,0.73,0.76,"2026-09-15",56,"N20","nominal","2.0NRT",279.29,1.22,"N"
"6555",40.75869,29.76113,310.74,0.42,0.61,"2026-09-15",56,"N20","nominal","2.0NRT",287.49,1.65,"N"
"6556",39.49834,33.78089,296.54,0.73,0.76,"2026-09-15",56,"N20","nominal","2.0NRT",277.08,0.93,"N"
"6557",40.78114,29.59938,299.81,0.42,0.61,"2026-09-15",56,"N20","nominal","2.0NRT",287.19,1.64,"N"
"6558",40.75426,29.76253,302.1,0.42,0.61,"2026-09-15",56,"N20","nominal","2.0NRT",286.34,2.46,"N"
"6559",41.02049,28.55198,298.97,0.36,0.58,"2026-09-15",56,"N20","nominal","2.0NRT",275.08,0.83,"N"
"6560",39.45623,33.70098,299.97,0.73,0.76,"2026-09-15",56,"N20","nominal","2.0NRT",280.25,2.01,"N"
"6561",39.47503,33.62143,321.72,0.72,0.75,"2026-09-15",56,"N20","nominal","2.0NRT",280.26,3.69,"N"
"6562",39.44487,33.7122,295.61,0.73,0.76,"2026-09-15",56,"N20","nominal","2.0NRT",279.47,1.76,"N"
"6563",39.38586,33.61259,299.28,0.72,0.76,"2026-09-15",56,"N20","nominal","2.0NRT",280.94,1.59,"N"
"6564",39.37466,33.62348,300.19,0.72,0.76,"2026-09-15",56,"N20","nominal","2.0NRT",279.47,1.72,"N"
"6565",39.37296,33.60564,298.74,0.72,0.76,"2026-09-15",56,"N20","nominal","2.0NRT",280.85,2.76,"N"
"6566",39.37051,33.61303,295.13,0.72,0.76,"2026-09-15",56,"N20","nominal","2.0NRT",280.23,1.72,"N"
"6567",39.36573,33.62745,301.06,0.73,0.76,"2026-09-15",56,"N20","nominal","2.0NRT",279.09,2.02,"N"
"6568",39.36922,33.59402,300.7,0.72,0.76,"2026-09-15",56,"N20","nominal","2.0NRT",279.82,1.97,"N"
"6569",39.36673,33.60152,312.07,0.72,0.76,"2026-09-15",56,"N20","nominal","2.0NRT",280.52,1.97,"N"
"6570",39.3642,33.60914,299.57,0.72,0.76,"2026-09-15",56,"N20","nominal","2.0NRT",280.2,2.63,"N"
"6571",39.36055,33.59726,296.15,0.72,0.76,"2026-09-15",56,"N20","nominal","2.0NRT",280.55,1.97,"N"
"6572",39.70956,30.15078,296.12,0.48,0.64,"2026-09-15",56,"N20","nominal","2.0NRT",277.19,0.81,"N"
"6573",39.48417,30.04056,298.36,0.48,0.64,"2026-09-15",56,"N20","nominal","2.0NRT",281.21,0.99,"N"
"6574",37.90024,31.62052,298.28,0.64,0.72,"2026-09-15",56,"N20","nominal","2.0NRT",280.39,1.02,"N"
"6575",37.89803,31.6275,297.05,0.64,0.72,"2026-09-15",56,"N20","nominal","2.0NRT",281.73,1.02,"N"
"6576",37.89403,31.61744,311.55,0.64,0.72,"2026-09-15",56,"N20","nominal","2.0NRT",281.13,1.68,"N"
"6577",37.89183,31.62439,302.64,0.64,0.72,"2026-09-15",56,"N20","nominal","2.0NRT",282.07,1.68,"N"
"6578",37.89507,31.61816,317.11,0.64,0.72,"2026-09-15",56,"N20","nominal","2.0NRT",281.58,3.38,"N"
"6579",37.89291,31.62513,310.27,0.64,0.72,"2026-09-15",56,"N20","nominal","2.0NRT",282.16,3.49,"N"
"6580",37.86592,31.59673,308.73,0.64,0.72,"2026-09-15",56,"N20","nominal","2.0NRT",281.42,2.22,"N"
"6581",37.75344,31.81688,299.38,0.66,0.73,"2026-09-15",56,"N20","nominal","2.0NRT",281.59,1.14,"N"
"6582",37.74757,31.82006,297.27,0.66,0.73,"2026-09-15",56,"N20","nominal","2.0NRT",281.76,1.61,"N"
"6583",37.25457,30.44158,299.29,0.58,0.7,"2026-09-15",56,"N20","nominal","2.0NRT",286.41,0.46,"N"
"6584",31.12263,29.81201,305.74,0.79,0.78,"2026-09-15",58,"N20","nominal","2.0NRT",295.07,1.12,"N"
"6585",31.1257,29.8121,305.89,0.79,0.78,"2026-09-15",58,"N20","nominal","2.0NRT",295.15,2.67,"N"
"6586",31.02811,29.75514,309.53,0.79,0.78,"2026-09-15",58,"N20","nominal","2.0NRT",295.53,2.02,"N"
"6587",30.8399,28.66646,303.55,0.69,0.74,"2026-09-15",58,"N20","nominal","2.0NRT",291.83,1.15,"N"
"6588",30.93644,27.55072,303.2,0.6,0.7,"2026-09-15",58,"N20","nominal","2.0NRT",291.9,1.18,"N"
"6589",30.93476,27.55668,308,0.6,0.7,"2026-09-15",58,"N20","nominal","2.0NRT",291.88,1.18,"N"
"6590",30.93362,27.55398,319.71,0.6,0.7,"2026-09-15",58,"N20","nominal","2.0NRT",292.39,2.21,"N"
"6591",30.87407,27.1696,305.88,0.57,0.69,"2026-09-15",58,"N20","nominal","2.0NRT",291.29,0.88,"N"
"6592",30.75796,27.46708,301.83,0.6,0.7,"2026-09-15",58,"N20","nominal","2.0NRT",290.69,0.59,"N"
"6593",30.7679,27.10214,303.02,0.57,0.69,"2026-09-15",58,"N20","nominal","2.0NRT",291.49,1.26,"N"
"6594",30.67476,26.36449,309.58,0.52,0.67,"2026-09-15",58,"N20","nominal","2.0NRT",291.41,1.31,"N"
"6595",30.67337,26.36962,303.44,0.52,0.67,"2026-09-15",58,"N20","nominal","2.0NRT",291.27,1.31,"N"
"6596",30.67272,26.36774,318.74,0.52,0.67,"2026-09-15",58,"N20","nominal","2.0NRT",291.53,1.85,"N"
"6597",30.3666,27.22703,318.72,0.59,0.7,"2026-09-15",58,"N20","nominal","2.0NRT",290.56,1.85,"N"
"6598",30.5358,26.08024,308.41,0.5,0.66,"2026-09-15",58,"N20","nominal","2.0NRT",291.75,1.03,"N"
"6599",30.53713,26.08983,304.78,0.5,0.66,"2026-09-15",58,"N20","nominal","2.0NRT",291.13,0.61,"N"
"6600",30.53263,26.08272,307.41,0.5,0.66,"2026-09-15",58,"N20","nominal","2.0NRT",291.68,1.5,"N"
"6601",29.98071,27.78628,302.76,0.65,0.73,"2026-09-15",58,"N20","nominal","2.0NRT",292.11,0.55,"N"
"6602",29.98203,27.78847,308.11,0.65,0.73,"2026-09-15",58,"N20","nominal","2.0NRT",292.78,1.21,"N"
"6603",52.51259,143.1835,325.81,0.33,0.55,"2026-09-15",213,"N20","nominal","2.0NRT",286.03,1.42,"D"
"6604",58.27254,138.2122,335.83,0.61,0.53,"2026-09-15",215,"N20","nominal","2.0NRT",275.39,14.81,"D"
"6605",58.27609,138.2128,331.22,0.61,0.53,"2026-09-15",215,"N20","nominal","2.0NRT",277.5,6.49,"D"
"6606",58.27355,138.2047,339.06,0.61,0.53,"2026-09-15",215,"N20","nominal","2.0NRT",276.64,8.02,"D"
"6607",58.28709,138.2112,339.24,0.61,0.53,"2026-09-15",215,"N20","nominal","2.0NRT",277.07,17.5,"D"
"6608",58.29121,138.16917,336.86,0.61,0.53,"2026-09-15",215,"N20","nominal","2.0NRT",281.46,15.45,"D"
"6609",58.2983,138.17348,328.32,0.61,0.53,"2026-09-15",215,"N20","nominal","2.0NRT",280.59,15.45,"D"
"6610",58.29547,138.16438,354.65,0.61,0.53,"2026-09-15",215,"N20","nominal","2.0NRT",294.39,15.45,"D"
"6611",58.29263,138.15532,328.22,0.61,0.53,"2026-09-15",215,"N20","nominal","2.0NRT",282.53,10.58,"D"
"6612",58.29977,138.15976,350.39,0.61,0.53,"2026-09-15",215,"N20","nominal","2.0NRT",287.67,31.84,"D"
"6613",58.29692,138.15063,330.85,0.61,0.53,"2026-09-15",215,"N20","nominal","2.0NRT",285.8,21.19,"D"
