"","latitude","longitude","bright_ti4","scan","track","acq_date","acq_time","satellite","confidence","version","bright_ti5","frp","daynight"
"1",58.82298,47.92778,295.74,0.59,0.7,"2026-09-09",102,"N20","nominal","2.0NRT",279.28,0.53,"N"
"2",59.15141,37.86583,305.23,0.58,0.52,"2026-09-09",102,"N20","nominal","2.0NRT",274.78,3.12,"N"
"3",46.64977,32.64282,300.72,0.53,0.67,"2026-09-09",105,"N20","nominal","2.0NRT",282.28,1.28,"N"
"4",59.14857,37.83856,312.86,0.58,0.52,"2026-09-09",102,"N20","nominal","2.0NRT",278.86,3.15,"N"
"5",46.6283,32.70671,296.91,0.53,0.67,"2026-09-09",105,"N20","nominal","2.0NRT",281.07,0.8,"N"
"6",59.13179,37.78325,300.94,0.58,0.52,"2026-09-09",102,"N20","nominal","2.0NRT",276.55,1,"N"
"7",46.65084,32.63977,301.86,0.53,0.67,"2026-09-09",105,"N20","nominal","2.0NRT",282.16,1.01,"N"
"8",59.13105,37.7857,298.98,0.58,0.52,"2026-09-09",102,"N20","nominal","2.0NRT",276.98,1.25,"N"
"9",57.53371,39.77581,297.13,0.39,0.59,"2026-09-09",102,"N20","nominal","2.0NRT",275.32,0.71,"N"
"10",55.91483,38.03008,367,0.39,0.6,"2026-09-09",105,"N20","high","2.0NRT",279.35,9.2,"N"
"11",54.21854,38.92633,296.51,0.49,0.65,"2026-09-09",105,"N20","nominal","2.0NRT",276.79,0.77,"N"
"12",54.2135,38.92062,299.73,0.49,0.65,"2026-09-09",105,"N20","nominal","2.0NRT",277.89,0.97,"N"
"13",54.08517,38.18018,326.64,0.47,0.64,"2026-09-09",105,"N20","nominal","2.0NRT",281.8,4.12,"N"
"14",54.17248,37.71529,304.98,0.45,0.63,"2026-09-09",105,"N20","nominal","2.0NRT",275.9,2.05,"N"
"15",52.56485,39.70121,297.31,0.61,0.71,"2026-09-09",105,"N20","nominal","2.0NRT",279.81,1.48,"N"
"16",52.56059,39.61111,313.07,0.6,0.71,"2026-09-09",105,"N20","nominal","2.0NRT",279.43,3.6,"N"
"17",52.55765,39.61878,299.89,0.6,0.71,"2026-09-09",105,"N20","nominal","2.0NRT",280.63,3.64,"N"
"18",52.55178,39.63409,316.12,0.61,0.71,"2026-09-09",105,"N20","nominal","2.0NRT",279.11,3.08,"N"
"19",52.54882,39.64181,318.39,0.61,0.71,"2026-09-09",105,"N20","nominal","2.0NRT",280.9,3.08,"N"
"20",52.56103,39.56961,325.19,0.6,0.71,"2026-09-09",105,"N20","nominal","2.0NRT",279.23,5.12,"N"
"21",52.5377,39.63034,325.05,0.61,0.71,"2026-09-09",105,"N20","nominal","2.0NRT",280.89,5.09,"N"
"22",52.5582,39.57698,312.78,0.6,0.71,"2026-09-09",105,"N20","nominal","2.0NRT",280.44,5.81,"N"
"23",52.54356,39.61512,298.35,0.61,0.71,"2026-09-09",105,"N20","nominal","2.0NRT",279.18,2.32,"N"
"24",53.44257,34.41519,320.17,0.36,0.58,"2026-09-09",105,"N20","nominal","2.0NRT",279.52,2.36,"N"
"25",53.61941,33.80782,298.43,0.34,0.56,"2026-09-09",105,"N20","nominal","2.0NRT",274.69,0.97,"N"
"26",53.618,33.81243,306.41,0.34,0.56,"2026-09-09",105,"N20","nominal","2.0NRT",275.49,1.2,"N"
"27",51.26,37.76023,310.14,0.58,0.7,"2026-09-09",105,"N20","nominal","2.0NRT",279.81,2.13,"N"
"28",51.1438,37.93043,312.3,0.6,0.7,"2026-09-09",105,"N20","nominal","2.0NRT",276.58,1.94,"N"
"29",51.1424,37.92897,313.68,0.6,0.7,"2026-09-09",105,"N20","nominal","2.0NRT",275.87,2.07,"N"
"30",52.6104,32.56089,318.28,0.33,0.55,"2026-09-09",105,"N20","nominal","2.0NRT",278.68,1.34,"N"
"31",51.9292,34.26435,296.15,0.41,0.6,"2026-09-09",105,"N20","nominal","2.0NRT",276.24,0.58,"N"
"32",52.33756,32.65562,317.89,0.34,0.56,"2026-09-09",105,"N20","nominal","2.0NRT",277.28,1.53,"N"
"33",52.33581,32.65248,317.75,0.34,0.56,"2026-09-09",105,"N20","nominal","2.0NRT",276.55,1.69,"N"
"34",51.6827,34.43863,295.7,0.42,0.61,"2026-09-09",105,"N20","nominal","2.0NRT",276.33,0.76,"N"
"35",50.85197,35.47301,327.25,0.49,0.65,"2026-09-09",105,"N20","nominal","2.0NRT",276.92,2.38,"N"
"36",50.33704,36.20862,297.74,0.55,0.68,"2026-09-09",105,"N20","nominal","2.0NRT",276.97,0.75,"N"
"37",50.35478,36.09841,309.83,0.54,0.68,"2026-09-09",105,"N20","nominal","2.0NRT",278.85,2.5,"N"
"38",50.33287,36.20431,297,0.55,0.68,"2026-09-09",105,"N20","nominal","2.0NRT",276.62,0.89,"N"
"39",50.35575,36.09833,300.48,0.54,0.68,"2026-09-09",105,"N20","nominal","2.0NRT",278.74,1.81,"N"
"40",50.35323,36.1055,295.13,0.54,0.68,"2026-09-09",105,"N20","nominal","2.0NRT",278.37,1.63,"N"
"41",51.89391,29.33952,329.23,0.53,0.5,"2026-09-09",105,"N20","nominal","2.0NRT",273.62,3.14,"N"
"42",51.88965,29.33655,297.05,0.53,0.5,"2026-09-09",105,"N20","nominal","2.0NRT",272.32,1.45,"N"
"43",48.40563,38.06966,296.42,0.77,0.77,"2026-09-09",105,"N20","nominal","2.0NRT",276.73,1.17,"N"
"44",48.40678,38.07217,297.35,0.77,0.77,"2026-09-09",105,"N20","nominal","2.0NRT",276.94,1.5,"N"
"45",48.53762,37.07413,316.63,0.69,0.74,"2026-09-09",105,"N20","nominal","2.0NRT",277.29,4.33,"N"
"46",48.5345,37.08234,307.18,0.69,0.74,"2026-09-09",105,"N20","nominal","2.0NRT",278.12,3.79,"N"
"47",48.53404,37.07671,335.85,0.69,0.74,"2026-09-09",105,"N20","nominal","2.0NRT",278.34,5.29,"N"
"48",45.26026,31.67027,344.85,0.54,0.67,"2026-09-09",105,"N20","nominal","2.0NRT",287.29,3.91,"N"
"49",45.25821,31.67652,307.45,0.54,0.68,"2026-09-09",105,"N20","nominal","2.0NRT",287.27,3.91,"N"
"50",47.67767,37.05705,334.02,0.74,0.76,"2026-09-09",107,"N20","nominal","2.0NRT",278.56,5.71,"N"
"51",47.68082,37.05178,296.39,0.74,0.76,"2026-09-09",107,"N20","nominal","2.0NRT",277.37,3,"N"
"52",47.67754,37.06044,299.02,0.74,0.76,"2026-09-09",107,"N20","nominal","2.0NRT",277.87,4.02,"N"
"53",47.67143,37.05513,325.89,0.74,0.76,"2026-09-09",107,"N20","nominal","2.0NRT",278.31,4.02,"N"
"54",47.67472,37.04645,296.48,0.74,0.76,"2026-09-09",107,"N20","nominal","2.0NRT",277.26,3,"N"
"55",49.81857,30.08884,355.54,0.33,0.55,"2026-09-09",107,"N20","nominal","2.0NRT",286.92,4.96,"N"
"56",47.49331,36.43792,298.91,0.71,0.75,"2026-09-09",107,"N20","nominal","2.0NRT",277.65,1.21,"N"
"57",47.49479,36.4318,297.26,0.71,0.75,"2026-09-09",107,"N20","nominal","2.0NRT",277.12,2.27,"N"
"58",41.26614,31.42155,300.95,0.7,0.75,"2026-09-09",107,"N20","nominal","2.0NRT",286.7,2.79,"N"
"59",41.26357,31.42913,300.36,0.7,0.75,"2026-09-09",107,"N20","nominal","2.0NRT",286.77,1.62,"N"
"60",41.25351,31.41403,297.83,0.7,0.75,"2026-09-09",107,"N20","nominal","2.0NRT",285.03,2.36,"N"
"61",41.26431,31.4223,300.85,0.7,0.75,"2026-09-09",107,"N20","nominal","2.0NRT",286.39,1.79,"N"
"62",41.26178,31.42991,301.49,0.7,0.75,"2026-09-09",107,"N20","nominal","2.0NRT",286.42,1.79,"N"
"63",40.75489,29.76314,299.66,0.61,0.71,"2026-09-09",107,"N20","nominal","2.0NRT",287.19,2.16,"N"
"64",41.0221,28.55262,305.19,0.52,0.67,"2026-09-09",107,"N20","nominal","2.0NRT",286.94,1,"N"
"65",41.02152,28.55146,299.49,0.52,0.67,"2026-09-09",107,"N20","nominal","2.0NRT",286.58,1.35,"N"
"66",39.60947,27.87844,297.9,0.53,0.67,"2026-09-09",107,"N20","nominal","2.0NRT",287.25,0.74,"N"
"67",39.86721,26.2459,299,0.43,0.62,"2026-09-09",107,"N20","nominal","2.0NRT",288.91,0.75,"N"
"68",39.86488,26.24277,307.29,0.43,0.62,"2026-09-09",107,"N20","nominal","2.0NRT",289.81,1.06,"N"
"69",39.09131,27.51062,301.01,0.53,0.67,"2026-09-09",107,"N20","nominal","2.0NRT",286.58,1.17,"N"
"70",38.75556,26.93856,303.91,0.5,0.66,"2026-09-09",107,"N20","nominal","2.0NRT",289.24,0.72,"N"
"71",38.74659,26.94673,299.84,0.5,0.66,"2026-09-09",107,"N20","nominal","2.0NRT",289.25,1.32,"N"
"72",38.74091,26.94391,312.61,0.5,0.66,"2026-09-09",107,"N20","nominal","2.0NRT",290.38,1.32,"N"
"73",38.75288,26.93923,304.34,0.5,0.66,"2026-09-09",107,"N20","nominal","2.0NRT",290.16,0.95,"N"
"74",38.7383,26.94457,317.92,0.5,0.66,"2026-09-09",107,"N20","nominal","2.0NRT",293.15,2.82,"N"
"75",38.36866,27.13798,348.05,0.53,0.67,"2026-09-09",107,"N20","nominal","2.0NRT",292.19,7.15,"N"
"76",38.36882,27.13536,346.73,0.53,0.67,"2026-09-09",107,"N20","nominal","2.0NRT",290.83,6.51,"N"
"77",38.36716,27.14102,301.48,0.53,0.67,"2026-09-09",107,"N20","nominal","2.0NRT",290.55,4.48,"N"
"78",31.10076,26.61814,305.11,0.79,0.78,"2026-09-09",109,"N20","nominal","2.0NRT",290.31,1.49,"N"
"79",30.66944,26.36647,307.95,0.79,0.78,"2026-09-09",109,"N20","nominal","2.0NRT",290.58,1.72,"N"
"80",30.53272,26.07668,301.63,0.76,0.77,"2026-09-09",109,"N20","nominal","2.0NRT",289.85,1.9,"N"
"81",69.26682,57.28683,302.59,0.55,0.51,"2026-09-09",58,"N20","nominal","2.0NRT",275.13,1.31,"N"
"82",68.16608,55.36373,312.17,0.59,0.53,"2026-09-09",58,"N20","nominal","2.0NRT",276.65,2.6,"N"
"83",65.06104,56.6619,295.88,0.45,0.63,"2026-09-09",100,"N20","nominal","2.0NRT",274.81,0.46,"N"
"84",65.0268,56.73256,297.59,0.46,0.63,"2026-09-09",100,"N20","nominal","2.0NRT",274.86,1.05,"N"
"85",65.04784,56.67071,310.04,0.46,0.63,"2026-09-09",100,"N20","nominal","2.0NRT",274.87,1.5,"N"
"86",65.04475,56.67712,314.48,0.46,0.63,"2026-09-09",100,"N20","nominal","2.0NRT",276.04,2.1,"N"
"87",65.04398,56.66027,316.07,0.46,0.63,"2026-09-09",100,"N20","nominal","2.0NRT",274.99,3.23,"N"
"88",65.04086,56.66671,318.48,0.46,0.63,"2026-09-09",100,"N20","nominal","2.0NRT",275.77,3.35,"N"
"89",52.51035,143.18997,337.85,0.5,0.49,"2026-09-09",226,"N20","nominal","2.0NRT",285.96,3.91,"D"
"90",52.50858,143.1832,327.38,0.5,0.49,"2026-09-09",226,"N20","nominal","2.0NRT",287.4,3.91,"D"
"91",66.40127,118.7818,339.77,0.34,0.56,"2026-09-09",232,"N20","nominal","2.0NRT",276.37,3.46,"D"
"92",66.37914,118.67397,327.86,0.34,0.56,"2026-09-09",232,"N20","nominal","2.0NRT",273.56,2.96,"D"
"93",66.38408,118.64983,325.76,0.34,0.56,"2026-09-09",232,"N20","nominal","2.0NRT",275.37,3.65,"D"
"94",66.38769,118.64051,330.74,0.34,0.56,"2026-09-09",232,"N20","nominal","2.0NRT",275.55,3.65,"D"
"95",66.38619,118.64639,325.33,0.34,0.56,"2026-09-09",232,"N20","nominal","2.0NRT",274.13,4.33,"D"
"96",66.38396,118.64107,335.75,0.34,0.56,"2026-09-09",232,"N20","nominal","2.0NRT",277.74,4.44,"D"
"97",45.37915,126.31327,331.18,0.52,0.42,"2026-09-09",406,"N20","nominal","2.0NRT",294.37,2.07,"D"
"98",45.38379,126.29732,330.31,0.52,0.42,"2026-09-09",406,"N20","nominal","2.0NRT",292.95,4.64,"D"
"99",45.9784,128.76425,332.23,0.42,0.38,"2026-09-09",406,"N20","nominal","2.0NRT",292.15,2.51,"D"
"100",45.97343,128.73755,327.3,0.43,0.38,"2026-09-09",406,"N20","nominal","2.0NRT",293.58,2.56,"D"
"101",45.97681,128.73627,338.05,0.43,0.38,"2026-09-09",406,"N20","nominal","2.0NRT",293.14,2.56,"D"
"102",45.98119,128.74033,335.75,0.43,0.38,"2026-09-09",406,"N20","nominal","2.0NRT",294.33,3.43,"D"
"103",45.99371,128.72981,332,0.43,0.38,"2026-09-09",406,"N20","nominal","2.0NRT",291.65,3.52,"D"
"104",45.58915,126.55469,332.32,0.51,0.41,"2026-09-09",406,"N20","nominal","2.0NRT",297.02,4,"D"
"105",45.61995,126.58926,327.58,0.5,0.41,"2026-09-09",406,"N20","nominal","2.0NRT",296.1,1.93,"D"
"106",45.61867,126.58304,330.96,0.5,0.41,"2026-09-09",406,"N20","nominal","2.0NRT",296.02,2.61,"D"
"107",45.99477,128.3644,325.07,0.43,0.38,"2026-09-09",406,"N20","nominal","2.0NRT",295.06,4.15,"D"
"108",33.26061,131.65323,328.19,0.51,0.41,"2026-09-09",402,"N20","nominal","2.0NRT",290.86,1.97,"D"
"109",45.68855,126.45708,327.31,0.51,0.41,"2026-09-09",406,"N20","nominal","2.0NRT",295.21,2.23,"D"
"110",45.68724,126.45079,327.85,0.51,0.41,"2026-09-09",406,"N20","nominal","2.0NRT",295.13,1.97,"D"
"111",36.98066,126.71154,328.09,0.51,0.49,"2026-09-09",404,"N20","low","2.0NRT",298.18,4.13,"D"
"112",45.80177,126.99152,335.01,0.48,0.4,"2026-09-09",406,"N20","nominal","2.0NRT",290.4,2.22,"D"
"113",36.98565,126.69186,330.55,0.51,0.49,"2026-09-09",404,"N20","nominal","2.0NRT",296.49,6.8,"D"
"114",46.60318,131.07205,332.43,0.39,0.36,"2026-09-09",406,"N20","nominal","2.0NRT",295.33,2.39,"D"
"115",36.98762,126.68977,329.17,0.51,0.49,"2026-09-09",404,"N20","nominal","2.0NRT",295.48,4.24,"D"
"116",45.70329,125.88023,325.12,0.53,0.42,"2026-09-09",406,"N20","low","2.0NRT",296.6,4.88,"D"
"117",40.53383,141.50343,333.24,0.43,0.46,"2026-09-09",404,"N20","nominal","2.0NRT",294.73,3.28,"D"
"118",46.24012,127.8062,335.13,0.45,0.39,"2026-09-09",406,"N20","nominal","2.0NRT",294.41,4.39,"D"
"119",42.34412,141.01337,327.07,0.43,0.46,"2026-09-09",404,"N20","low","2.0NRT",301.76,2.82,"D"
"120",46.14892,127.1714,327.8,0.47,0.4,"2026-09-09",406,"N20","nominal","2.0NRT",296.97,4.54,"D"
"121",41.68391,125.50197,332.4,0.45,0.47,"2026-09-09",404,"N20","nominal","2.0NRT",294,3.21,"D"
"122",46.745,129.71753,329.08,0.4,0.37,"2026-09-09",406,"N20","nominal","2.0NRT",292.27,1.15,"D"
"123",46.59207,127.00637,331.44,0.47,0.4,"2026-09-09",406,"N20","nominal","2.0NRT",294.12,2.22,"D"
"124",42.86403,130.36633,334.09,0.42,0.38,"2026-09-09",404,"N20","nominal","2.0NRT",299.74,1.92,"D"
"125",46.61197,126.95301,332.47,0.47,0.4,"2026-09-09",406,"N20","nominal","2.0NRT",296.48,2.71,"D"
"126",40.85169,120.88417,333.71,0.4,0.6,"2026-09-09",404,"N20","nominal","2.0NRT",296.82,1.8,"D"
"127",46.62369,126.99308,331.38,0.47,0.4,"2026-09-09",406,"N20","nominal","2.0NRT",293.81,2.79,"D"
"128",40.17854,118.06031,332.53,0.58,0.7,"2026-09-09",404,"N20","nominal","2.0NRT",299.6,5.7,"D"
"129",46.61265,126.95161,327.34,0.47,0.4,"2026-09-09",406,"N20","nominal","2.0NRT",296.39,3.26,"D"
"130",40.18082,118.05791,330.63,0.58,0.7,"2026-09-09",404,"N20","nominal","2.0NRT",300.86,7.22,"D"
"131",41.84472,123.75716,332.32,0.54,0.51,"2026-09-09",404,"N20","nominal","2.0NRT",303.84,3.25,"D"
"132",46.62453,126.99159,331.79,0.47,0.4,"2026-09-09",406,"N20","nominal","2.0NRT",292.72,3.13,"D"
"133",42.09043,124.28751,334.45,0.51,0.49,"2026-09-09",404,"N20","nominal","2.0NRT",296.58,4.56,"D"
"134",46.80909,127.58527,332.82,0.45,0.39,"2026-09-09",406,"N20","nominal","2.0NRT",293.21,2.17,"D"
"135",43.41765,129.65434,338.28,0.43,0.38,"2026-09-09",404,"N20","nominal","2.0NRT",297.07,2.96,"D"
"136",46.92229,128.16333,327.9,0.43,0.38,"2026-09-09",406,"N20","nominal","2.0NRT",292.15,3.84,"D"
"137",43.34335,128.25218,334.79,0.48,0.4,"2026-09-09",406,"N20","nominal","2.0NRT",296.62,4.52,"D"
"138",46.97495,128.02779,328,0.43,0.38,"2026-09-09",406,"N20","nominal","2.0NRT",293.88,1.36,"D"
"139",44.5485,135.62215,331.66,0.42,0.38,"2026-09-09",406,"N20","nominal","2.0NRT",296.06,3.16,"D"
"140",47.54601,130.78642,329.25,0.39,0.36,"2026-09-09",406,"N20","nominal","2.0NRT",291.84,2.01,"D"
"141",42.59318,124.12213,326.39,0.5,0.49,"2026-09-09",406,"N20","nominal","2.0NRT",296.93,2.92,"D"
"142",47.44955,126.95014,330.67,0.46,0.39,"2026-09-09",406,"N20","nominal","2.0NRT",294.94,3.34,"D"
"143",44.42123,130.88043,327.37,0.4,0.37,"2026-09-09",406,"N20","nominal","2.0NRT",291.76,1.65,"D"
"144",47.46338,126.98233,326.35,0.45,0.39,"2026-09-09",406,"N20","nominal","2.0NRT",294.62,3,"D"
"145",43.20178,124.33709,331.34,0.47,0.48,"2026-09-09",406,"N20","nominal","2.0NRT",303.01,4.84,"D"
"146",47.45533,126.94132,325.46,0.46,0.39,"2026-09-09",406,"N20","nominal","2.0NRT",294.29,2.79,"D"
"147",44.34148,129.46701,329.64,0.43,0.38,"2026-09-09",406,"N20","nominal","2.0NRT",295.56,3.33,"D"
"148",47.46684,126.98083,326.2,0.45,0.39,"2026-09-09",406,"N20","nominal","2.0NRT",294.15,3.75,"D"
"149",44.33955,129.4566,326.52,0.43,0.38,"2026-09-09",406,"N20","low","2.0NRT",297.32,3.35,"D"
"150",47.46111,126.95157,331.83,0.46,0.39,"2026-09-09",406,"N20","nominal","2.0NRT",293.63,2.89,"D"
"151",44.34391,129.46062,327.76,0.43,0.38,"2026-09-09",406,"N20","low","2.0NRT",299.59,2.37,"D"
"152",47.45881,126.93984,330.69,0.46,0.39,"2026-09-09",406,"N20","nominal","2.0NRT",292.88,2.63,"D"
"153",48.0575,126.73568,330.54,0.45,0.39,"2026-09-09",406,"N20","nominal","2.0NRT",290.85,3.12,"D"
"154",44.34729,129.45941,326.27,0.43,0.38,"2026-09-09",406,"N20","low","2.0NRT",298.99,2.37,"D"
"155",44.42059,129.50519,326,0.42,0.38,"2026-09-09",406,"N20","nominal","2.0NRT",295.74,3.19,"D"
"156",48.13292,126.94975,336.19,0.45,0.39,"2026-09-09",406,"N20","nominal","2.0NRT",292.35,4.39,"D"
"157",43.86255,126.64071,337.86,0.54,0.42,"2026-09-09",406,"N20","nominal","2.0NRT",294.08,5.14,"D"
"158",48.23529,126.52506,338.17,0.46,0.39,"2026-09-09",406,"N20","nominal","2.0NRT",293.26,2.84,"D"
"159",44.45314,129.56557,328.08,0.42,0.38,"2026-09-09",406,"N20","low","2.0NRT",299.09,2.27,"D"
"160",48.4947,126.61339,326.39,0.45,0.39,"2026-09-09",406,"N20","nominal","2.0NRT",292.49,2.41,"D"
"161",45.75196,115.72721,341.23,0.5,0.66,"2026-09-09",406,"N20","nominal","2.0NRT",301.27,4.79,"D"
"162",44.5564,129.56514,328.17,0.42,0.38,"2026-09-09",406,"N20","nominal","2.0NRT",294.94,2.43,"D"
"163",48.79902,126.86093,328.22,0.44,0.38,"2026-09-09",406,"N20","nominal","2.0NRT",292.54,2.96,"D"
"164",44.56164,129.57428,325.37,0.42,0.38,"2026-09-09",406,"N20","low","2.0NRT",296.83,2.53,"D"
"165",48.88525,126.08032,327.19,0.46,0.39,"2026-09-09",406,"N20","nominal","2.0NRT",289.54,1.38,"D"
"166",44.62784,129.64709,330.68,0.42,0.38,"2026-09-09",406,"N20","nominal","2.0NRT",292.93,1.77,"D"
"167",48.88167,126.06219,330.15,0.46,0.39,"2026-09-09",406,"N20","nominal","2.0NRT",292.69,2.9,"D"
"168",42.25063,119.13702,326.2,0.45,0.63,"2026-09-09",406,"N20","nominal","2.0NRT",299.74,2.29,"D"
"169",48.98169,126.02168,327.42,0.46,0.39,"2026-09-09",406,"N20","nominal","2.0NRT",293.86,2.78,"D"
"170",44.91335,130.51923,325.58,0.4,0.37,"2026-09-09",406,"N20","nominal","2.0NRT",294.38,2.35,"D"
"171",48.98636,126.02615,326.51,0.46,0.39,"2026-09-09",406,"N20","nominal","2.0NRT",292.98,3.15,"D"
"172",44.92165,130.52689,326.06,0.4,0.37,"2026-09-09",406,"N20","nominal","2.0NRT",295.69,2.96,"D"
"173",44.92665,130.53569,339.55,0.4,0.37,"2026-09-09",406,"N20","nominal","2.0NRT",294.94,4.95,"D"
"174",48.98517,126.02012,327.79,0.46,0.39,"2026-09-09",406,"N20","nominal","2.0NRT",293.01,2.78,"D"
"175",44.92994,130.53455,327.11,0.4,0.37,"2026-09-09",406,"N20","nominal","2.0NRT",294.37,2.59,"D"
"176",49.57437,128.47368,329.45,0.4,0.37,"2026-09-09",406,"N20","nominal","2.0NRT",291.16,3.23,"D"
"177",45.27473,130.26285,337.34,0.4,0.37,"2026-09-09",406,"N20","nominal","2.0NRT",297.58,1.8,"D"
"178",49.57578,128.46161,339.21,0.4,0.37,"2026-09-09",406,"N20","nominal","2.0NRT",292.39,3.47,"D"
"179",49.57905,128.46025,328.01,0.4,0.37,"2026-09-09",406,"N20","nominal","2.0NRT",293.41,2.02,"D"
"180",45.26245,128.6729,327.46,0.44,0.38,"2026-09-09",406,"N20","nominal","2.0NRT",293.86,2.2,"D"
"181",49.42117,127.30627,326.57,0.42,0.38,"2026-09-09",406,"N20","nominal","2.0NRT",293.45,2.44,"D"
"182",45.77105,130.97934,342.38,0.39,0.36,"2026-09-09",406,"N20","nominal","2.0NRT",292.73,3.26,"D"
"183",49.42013,127.30064,336.27,0.42,0.38,"2026-09-09",406,"N20","nominal","2.0NRT",292.71,2.53,"D"
"184",45.7299,130.56578,331.99,0.39,0.36,"2026-09-09",406,"N20","nominal","2.0NRT",296.17,2.3,"D"
"185",46.39124,114.00853,328,0.57,0.69,"2026-09-09",408,"N20","nominal","2.0NRT",288.71,7.15,"D"
"186",45.74265,130.56432,325.77,0.39,0.36,"2026-09-09",406,"N20","low","2.0NRT",297.01,2.63,"D"
"187",49.71513,126.75169,328.4,0.43,0.38,"2026-09-09",408,"N20","nominal","2.0NRT",291.58,2.32,"D"
"188",45.76156,130.5735,335.57,0.39,0.36,"2026-09-09",406,"N20","nominal","2.0NRT",296.57,2.15,"D"
"189",49.61001,126.18907,333.89,0.44,0.39,"2026-09-09",408,"N20","nominal","2.0NRT",291.24,2.61,"D"
"190",45.19075,126.55474,325.69,0.51,0.41,"2026-09-09",406,"N20","nominal","2.0NRT",292.77,1.61,"D"
"191",46.38755,114.00462,337.94,0.57,0.69,"2026-09-09",408,"N20","nominal","2.0NRT",293.45,6.11,"D"
"192",43.79643,120.28841,339.61,0.35,0.57,"2026-09-09",406,"N20","nominal","2.0NRT",299.88,2.01,"D"
"193",49.71048,126.34275,344.66,0.44,0.38,"2026-09-09",408,"N20","nominal","2.0NRT",292.2,5.08,"D"
"194",45.83652,128.8232,325.57,0.42,0.38,"2026-09-09",406,"N20","nominal","2.0NRT",294.72,1.5,"D"
"195",49.37617,124.63848,326.58,0.5,0.41,"2026-09-09",408,"N20","nominal","2.0NRT",295.34,5.91,"D"
"196",49.79988,126.30489,331.62,0.44,0.38,"2026-09-09",408,"N20","nominal","2.0NRT",291.49,3.75,"D"
"197",49.79876,126.29903,336.66,0.44,0.38,"2026-09-09",408,"N20","nominal","2.0NRT",293.26,3.75,"D"
"198",50.24229,127.46421,327.7,0.41,0.37,"2026-09-09",408,"N20","nominal","2.0NRT",293.63,1.21,"D"
"199",49.70319,124.64766,326.87,0.49,0.41,"2026-09-09",408,"N20","nominal","2.0NRT",294.72,3.66,"D"
"200",50.07969,125.46978,353.04,0.46,0.39,"2026-09-09",408,"N20","nominal","2.0NRT",295.51,6.39,"D"
"201",50.07845,125.46359,326.97,0.46,0.39,"2026-09-09",408,"N20","nominal","2.0NRT",294.75,6.39,"D"
"202",50.08314,125.46809,325.95,0.46,0.39,"2026-09-09",408,"N20","nominal","2.0NRT",292.95,6.39,"D"
"203",50.24397,126.19598,334.69,0.44,0.38,"2026-09-09",408,"N20","nominal","2.0NRT",291.85,4.14,"D"
"204",50.19184,125.73561,339.96,0.45,0.39,"2026-09-09",408,"N20","nominal","2.0NRT",291.83,5.04,"D"
"205",50.19527,125.73398,338.89,0.45,0.39,"2026-09-09",408,"N20","nominal","2.0NRT",291.68,5.04,"D"
"206",50.18683,125.57771,329.84,0.45,0.39,"2026-09-09",408,"N20","nominal","2.0NRT",294.22,3.97,"D"
"207",50.2239,125.72701,339.32,0.45,0.39,"2026-09-09",408,"N20","nominal","2.0NRT",290.65,3.89,"D"
"208",50.23026,125.66403,328.65,0.45,0.39,"2026-09-09",408,"N20","nominal","2.0NRT",291.11,3.1,"D"
"209",50.32069,125.76469,339.98,0.45,0.39,"2026-09-09",408,"N20","nominal","2.0NRT",297.81,15.19,"D"
"210",50.31949,125.75862,328.98,0.45,0.39,"2026-09-09",408,"N20","nominal","2.0NRT",293.03,15.19,"D"
"211",50.53572,126.04654,346.49,0.44,0.38,"2026-09-09",408,"N20","nominal","2.0NRT",294.32,5.53,"D"
"212",50.5391,126.04494,328.06,0.44,0.38,"2026-09-09",408,"N20","nominal","2.0NRT",291.78,5.53,"D"
"213",51.02905,126.33164,328.43,0.42,0.38,"2026-09-09",408,"N20","nominal","2.0NRT",292.1,2.72,"D"
"214",51.15587,126.45285,335.05,0.42,0.38,"2026-09-09",408,"N20","nominal","2.0NRT",293.57,6.01,"D"
"215",50.69518,119.77061,326.53,0.47,0.48,"2026-09-09",408,"N20","nominal","2.0NRT",294.77,4.07,"D"
"216",50.70101,119.77486,336.03,0.47,0.48,"2026-09-09",408,"N20","nominal","2.0NRT",298,4.07,"D"
"217",50.93259,119.57364,326.81,0.47,0.48,"2026-09-09",408,"N20","nominal","2.0NRT",296.32,3.66,"D"
"218",50.93285,119.57231,328.74,0.47,0.48,"2026-09-09",408,"N20","nominal","2.0NRT",297.07,2.7,"D"
"219",65.6535,118.77539,335.02,0.39,0.36,"2026-09-09",412,"N20","nominal","2.0NRT",281.37,3.07,"D"
"220",65.96806,119.65247,334.57,0.38,0.36,"2026-09-09",412,"N20","nominal","2.0NRT",273.95,3.06,"D"
"221",65.96988,119.64147,329.66,0.38,0.36,"2026-09-09",412,"N20","nominal","2.0NRT",277.86,3.06,"D"
"222",65.97404,119.60052,326.45,0.38,0.36,"2026-09-09",412,"N20","nominal","2.0NRT",275.18,2.93,"D"
"223",65.82915,118.72863,325.77,0.39,0.36,"2026-09-09",412,"N20","nominal","2.0NRT",269.84,1.94,"D"
"224",65.98619,119.54245,332.7,0.38,0.36,"2026-09-09",412,"N20","nominal","2.0NRT",287.71,5.64,"D"
"225",65.99471,119.50636,329.95,0.38,0.36,"2026-09-09",412,"N20","nominal","2.0NRT",279.81,2.83,"D"
"226",66.02217,119.60885,327.95,0.38,0.36,"2026-09-09",412,"N20","nominal","2.0NRT",283.15,3.89,"D"
"227",66.02087,119.60088,331.75,0.38,0.36,"2026-09-09",412,"N20","nominal","2.0NRT",283.31,4.08,"D"
"228",66.02269,119.58985,341.1,0.38,0.36,"2026-09-09",412,"N20","nominal","2.0NRT",284.86,4.46,"D"
"229",66.0787,119.47173,326.92,0.38,0.36,"2026-09-09",412,"N20","nominal","2.0NRT",277.25,2.1,"D"
"230",65.96217,118.72541,332.33,0.38,0.36,"2026-09-09",412,"N20","nominal","2.0NRT",277.09,3.01,"D"
"231",65.96082,118.71747,332.7,0.38,0.36,"2026-09-09",412,"N20","nominal","2.0NRT",279.69,3.01,"D"
"232",65.95949,118.70955,326.94,0.38,0.36,"2026-09-09",412,"N20","nominal","2.0NRT",277.14,1.96,"D"
"233",65.9705,118.68904,342.67,0.38,0.36,"2026-09-09",412,"N20","nominal","2.0NRT",281.36,8.23,"D"
"234",65.95032,118.57011,329.73,0.39,0.36,"2026-09-09",412,"N20","nominal","2.0NRT",282.14,2.2,"D"
"235",66.12972,119.54204,334.59,0.38,0.36,"2026-09-09",412,"N20","nominal","2.0NRT",281.94,6.31,"D"
"236",66.12582,119.51801,339.78,0.38,0.36,"2026-09-09",412,"N20","nominal","2.0NRT",285.32,6.07,"D"
"237",66.12453,119.51,332.53,0.38,0.36,"2026-09-09",412,"N20","nominal","2.0NRT",283,4.78,"D"
"238",66.13165,119.51321,332.56,0.38,0.36,"2026-09-09",412,"N20","nominal","2.0NRT",279.35,3.53,"D"
"239",66.13036,119.5052,329.98,0.38,0.36,"2026-09-09",412,"N20","nominal","2.0NRT",280.89,3.53,"D"
"240",66.13216,119.49413,327.72,0.38,0.36,"2026-09-09",412,"N20","nominal","2.0NRT",278.84,4.05,"D"
"241",66.14558,119.44367,328.48,0.38,0.36,"2026-09-09",412,"N20","nominal","2.0NRT",271.12,1.99,"D"
"242",66.16139,119.47452,336.98,0.38,0.36,"2026-09-09",412,"N20","nominal","2.0NRT",277.1,4.35,"D"
"243",66.12036,118.5102,326.74,0.38,0.36,"2026-09-09",412,"N20","nominal","2.0NRT",277.38,12.34,"D"
"244",66.11902,118.50225,340.47,0.39,0.36,"2026-09-09",412,"N20","nominal","2.0NRT",289.43,12.34,"D"
"245",66.12345,118.50702,347.18,0.38,0.36,"2026-09-09",412,"N20","nominal","2.0NRT",281.08,10.98,"D"
"246",66.1221,118.49905,343.01,0.39,0.36,"2026-09-09",412,"N20","nominal","2.0NRT",279.09,10.98,"D"
"247",66.2505,118.61926,352.07,0.38,0.36,"2026-09-09",412,"N20","nominal","2.0NRT",285.32,42.98,"D"
"248",66.24917,118.61126,353.32,0.38,0.36,"2026-09-09",412,"N20","nominal","2.0NRT",288.16,6.05,"D"
"249",66.25225,118.60806,337.45,0.38,0.36,"2026-09-09",412,"N20","nominal","2.0NRT",276.47,6.05,"D"
"250",66.25668,118.61288,349.28,0.38,0.36,"2026-09-09",412,"N20","nominal","2.0NRT",279.02,15.53,"D"
"251",66.29856,118.56016,330.71,0.38,0.36,"2026-09-09",412,"N20","nominal","2.0NRT",285,4.03,"D"
"252",66.30164,118.55695,348.62,0.38,0.36,"2026-09-09",412,"N20","nominal","2.0NRT",287.07,4.03,"D"
"253",66.30338,118.54573,340.64,0.38,0.36,"2026-09-09",412,"N20","nominal","2.0NRT",286.64,8.15,"D"
"254",66.30647,118.54253,333.96,0.38,0.36,"2026-09-09",412,"N20","nominal","2.0NRT",293.28,8.15,"D"
"255",66.31225,118.55539,344.84,0.38,0.36,"2026-09-09",412,"N20","nominal","2.0NRT",291.12,3.16,"D"
"256",66.31091,118.54736,326.66,0.38,0.36,"2026-09-09",412,"N20","nominal","2.0NRT",288.93,9.9,"D"
"257",66.30956,118.53933,343.48,0.38,0.36,"2026-09-09",412,"N20","nominal","2.0NRT",297.26,9.9,"D"
"258",66.31534,118.55218,327.46,0.38,0.36,"2026-09-09",412,"N20","nominal","2.0NRT",287.95,3.16,"D"
"259",66.31264,118.53612,342.56,0.38,0.36,"2026-09-09",412,"N20","nominal","2.0NRT",290.24,9.9,"D"
"260",60.438,97.68574,329.01,0.54,0.68,"2026-09-09",412,"N20","nominal","2.0NRT",283.88,6.37,"D"
"261",60.43489,97.67861,331.11,0.54,0.68,"2026-09-09",412,"N20","nominal","2.0NRT",282.82,5.59,"D"
"262",60.42311,96.51744,346.41,0.58,0.7,"2026-09-09",412,"N20","nominal","2.0NRT",287.41,7.07,"D"
"263",60.43153,96.51678,328.63,0.58,0.7,"2026-09-09",412,"N20","nominal","2.0NRT",285.79,36.85,"D"
"264",60.4256,96.51404,367,0.58,0.7,"2026-09-09",412,"N20","high","2.0NRT",298.21,69.33,"D"
"265",60.42176,96.50565,330.48,0.58,0.7,"2026-09-09",412,"N20","nominal","2.0NRT",287.12,37.89,"D"
"266",66.31374,76.99716,325.66,0.63,0.72,"2026-09-09",414,"N20","nominal","2.0NRT",282.62,3.91,"D"
"267",66.31131,76.99762,329.24,0.63,0.72,"2026-09-09",414,"N20","nominal","2.0NRT",283.17,3.32,"D"
"268",66.56269,77.16808,340.1,0.61,0.71,"2026-09-09",414,"N20","nominal","2.0NRT",283.37,6.87,"D"
"269",66.90458,75.60107,335.79,0.6,0.71,"2026-09-09",414,"N20","nominal","2.0NRT",283.24,8.98,"D"
"270",66.95981,75.54153,339.17,0.6,0.71,"2026-09-09",414,"N20","nominal","2.0NRT",283.78,76.82,"D"
"271",66.55752,74.87568,341.87,0.65,0.73,"2026-09-09",417,"N20","nominal","2.0NRT",283.56,6.63,"D"
"272",66.5601,74.88555,335.38,0.65,0.73,"2026-09-09",417,"N20","nominal","2.0NRT",282.66,7.87,"D"
"273",66.20126,70.9912,331.19,0.75,0.77,"2026-09-09",417,"N20","nominal","2.0NRT",281.32,4.44,"D"
"274",66.19893,70.99377,333.66,0.75,0.77,"2026-09-09",417,"N20","nominal","2.0NRT",281.05,5.07,"D"
"275",66.19536,70.97098,280.81,0.75,0.77,"2026-09-09",417,"N20","low","2.0NRT",281.34,0.26,"D"
"276",10.59166,105.14001,325.58,0.54,0.68,"2026-09-09",538,"N20","nominal","2.0NRT",277.96,7.87,"D"
"277",10.59137,105.13849,326.14,0.54,0.68,"2026-09-09",538,"N20","nominal","2.0NRT",278.95,6.95,"D"
"278",10.80838,106.03362,351.46,0.46,0.64,"2026-09-09",538,"N20","nominal","2.0NRT",272.1,8.36,"D"
"279",13.49244,109.17365,343.02,0.51,0.49,"2026-09-09",538,"N20","nominal","2.0NRT",274.03,8.51,"D"
"280",13.49446,109.17102,340.14,0.51,0.49,"2026-09-09",538,"N20","nominal","2.0NRT",270.3,6.21,"D"
"281",12.82497,103.62651,339.01,0.61,0.71,"2026-09-09",538,"N20","nominal","2.0NRT",281.98,7.46,"D"
"282",13.99648,108.85048,334.63,0.52,0.5,"2026-09-09",538,"N20","nominal","2.0NRT",277.8,4.03,"D"
"283",13.9967,108.84713,339.91,0.52,0.5,"2026-09-09",538,"N20","nominal","2.0NRT",278.86,6.96,"D"
"284",14.00127,108.84645,335.15,0.52,0.5,"2026-09-09",538,"N20","nominal","2.0NRT",278.5,6.96,"D"
"285",14.15666,108.7934,334.02,0.52,0.5,"2026-09-09",538,"N20","nominal","2.0NRT",282.53,6.29,"D"
"286",14.1408,108.68153,327.7,0.53,0.5,"2026-09-09",538,"N20","nominal","2.0NRT",280.21,2.43,"D"
"287",14.35153,108.87238,325.88,0.51,0.49,"2026-09-09",538,"N20","nominal","2.0NRT",281.97,4.87,"D"
"288",14.7134,108.91385,339.13,0.5,0.49,"2026-09-09",538,"N20","nominal","2.0NRT",276.66,12.95,"D"
"289",14.98493,108.59067,327.21,0.52,0.5,"2026-09-09",538,"N20","nominal","2.0NRT",278.35,4.6,"D"
"290",15.38503,108.78995,329.84,0.5,0.49,"2026-09-09",538,"N20","nominal","2.0NRT",285.86,5.11,"D"
"291",15.38432,108.79226,329.08,0.5,0.49,"2026-09-09",538,"N20","nominal","2.0NRT",285.74,6.95,"D"
"292",15.40092,108.56136,329.72,0.51,0.5,"2026-09-09",538,"N20","nominal","2.0NRT",286.06,3.18,"D"
"293",15.39146,108.2833,335.47,0.54,0.51,"2026-09-09",538,"N20","nominal","2.0NRT",285.52,5.35,"D"
"294",15.43092,108.44579,341.59,0.52,0.5,"2026-09-09",538,"N20","nominal","2.0NRT",288.98,5.54,"D"
"295",15.43115,108.44298,334.75,0.52,0.5,"2026-09-09",538,"N20","nominal","2.0NRT",287.79,4.45,"D"
"296",16.35117,107.59872,339.89,0.57,0.52,"2026-09-09",540,"N20","nominal","2.0NRT",283.37,6.7,"D"
"297",16.3519,107.59612,345.65,0.57,0.52,"2026-09-09",540,"N20","nominal","2.0NRT",283.4,8.79,"D"
"298",17.19851,106.61423,355.01,0.32,0.55,"2026-09-09",540,"N20","nominal","2.0NRT",288.75,5.48,"D"
"299",17.31496,106.54924,341.04,0.32,0.55,"2026-09-09",540,"N20","nominal","2.0NRT",285.29,2.7,"D"
"300",17.82251,106.28399,367,0.33,0.55,"2026-09-09",540,"N20","high","2.0NRT",290.97,7.04,"D"
"301",17.84433,106.18842,328.88,0.33,0.55,"2026-09-09",540,"N20","nominal","2.0NRT",289.85,2.17,"D"
"302",18.08329,106.23952,326.76,0.33,0.55,"2026-09-09",540,"N20","nominal","2.0NRT",289.25,4.31,"D"
"303",18.1537,106.22895,338.45,0.32,0.55,"2026-09-09",540,"N20","nominal","2.0NRT",288.19,5.19,"D"
"304",18.15312,106.22604,328.15,0.32,0.55,"2026-09-09",540,"N20","nominal","2.0NRT",287.16,4.52,"D"
"305",19.26455,110.59448,335.02,0.5,0.41,"2026-09-09",540,"N20","nominal","2.0NRT",299.73,6.13,"D"
"306",19.24634,108.73805,341.56,0.43,0.46,"2026-09-09",540,"N20","nominal","2.0NRT",296.03,4.76,"D"
"307",18.98142,105.02042,335.36,0.38,0.58,"2026-09-09",540,"N20","nominal","2.0NRT",291.05,3.73,"D"
"308",19.08817,105.3806,349.3,0.35,0.57,"2026-09-09",540,"N20","nominal","2.0NRT",289.93,5.6,"D"
"309",19.08968,105.38002,349.41,0.35,0.57,"2026-09-09",540,"N20","nominal","2.0NRT",290.72,5.28,"D"
"310",19.07923,105.30498,367,0.36,0.57,"2026-09-09",540,"N20","high","2.0NRT",290.71,17.15,"D"
"311",19.32728,105.66635,329.42,0.34,0.56,"2026-09-09",540,"N20","nominal","2.0NRT",291.33,2.54,"D"
"312",19.34903,105.66996,328.97,0.33,0.56,"2026-09-09",540,"N20","nominal","2.0NRT",291.58,3.02,"D"
"313",19.5701,105.07253,337.48,0.36,0.58,"2026-09-09",540,"N20","nominal","2.0NRT",290.29,2.3,"D"
"314",19.5701,105.07166,342.44,0.36,0.58,"2026-09-09",540,"N20","nominal","2.0NRT",290.46,2.87,"D"
"315",19.76677,105.48327,332.52,0.34,0.56,"2026-09-09",540,"N20","nominal","2.0NRT",289.18,3.14,"D"
"316",20.81382,108.89848,354.56,0.39,0.44,"2026-09-09",540,"N20","nominal","2.0NRT",295.12,9.35,"D"
"317",22.54332,120.35453,331.29,0.46,0.47,"2026-09-09",540,"N20","nominal","2.0NRT",298.84,4.82,"D"
"318",21.96227,113.20248,346.05,0.39,0.36,"2026-09-09",540,"N20","nominal","2.0NRT",303.29,7.09,"D"
"319",21.51892,109.504,331.2,0.53,0.42,"2026-09-09",540,"N20","nominal","2.0NRT",300.41,8.2,"D"
"320",21.51707,109.50178,331.49,0.53,0.42,"2026-09-09",540,"N20","nominal","2.0NRT",300.02,6.47,"D"
"321",21.24355,107.05282,331.7,0.5,0.49,"2026-09-09",540,"N20","nominal","2.0NRT",294.24,5.42,"D"
"322",22.27473,112.79025,330.72,0.39,0.36,"2026-09-09",540,"N20","nominal","2.0NRT",299.2,1.55,"D"
"323",21.55218,108.44212,330.28,0.41,0.45,"2026-09-09",540,"N20","nominal","2.0NRT",299.56,4.03,"D"
"324",21.56027,108.44042,337.86,0.41,0.45,"2026-09-09",540,"N20","nominal","2.0NRT",301.99,5.12,"D"
"325",21.26572,106.89576,351.79,0.51,0.5,"2026-09-09",540,"N20","nominal","2.0NRT",296.44,29.12,"D"
"326",22.83894,114.9509,332.9,0.39,0.36,"2026-09-09",540,"N20","nominal","2.0NRT",297.23,2.42,"D"
"327",22.78181,113.17953,334.71,0.39,0.36,"2026-09-09",540,"N20","low","2.0NRT",306.21,5.49,"D"
"328",22.70162,112.31468,330.62,0.4,0.37,"2026-09-09",540,"N20","nominal","2.0NRT",299.8,1.75,"D"
"329",22.701,112.31082,330.77,0.4,0.37,"2026-09-09",540,"N20","low","2.0NRT",301.15,1.75,"D"
"330",23.77645,120.192,331.78,0.46,0.47,"2026-09-09",540,"N20","nominal","2.0NRT",298.91,3.16,"D"
"331",22.00336,108.33736,344.71,0.41,0.45,"2026-09-09",540,"N20","nominal","2.0NRT",299.62,12.47,"D"
"332",22.9713,113.59183,331.64,0.38,0.36,"2026-09-09",540,"N20","low","2.0NRT",304.3,3.52,"D"
"333",22.90029,112.82961,337.78,0.39,0.36,"2026-09-09",540,"N20","nominal","2.0NRT",303.48,3.68,"D"
"334",23.09181,113.97887,335.14,0.38,0.36,"2026-09-09",540,"N20","low","2.0NRT",308.13,5.45,"D"
"335",23.07355,113.59269,330.22,0.38,0.36,"2026-09-09",540,"N20","low","2.0NRT",302.64,3.85,"D"
"336",22.56528,110.12144,330.26,0.48,0.4,"2026-09-09",540,"N20","low","2.0NRT",304.38,7.53,"D"
"337",22.58906,110.19247,334.29,0.48,0.4,"2026-09-09",540,"N20","low","2.0NRT",307.4,5.1,"D"
"338",21.59433,105.01522,354.54,0.33,0.55,"2026-09-09",540,"N20","nominal","2.0NRT",289.63,5.6,"D"
"339",22.5983,110.18108,335.05,0.48,0.4,"2026-09-09",540,"N20","nominal","2.0NRT",302.93,3.13,"D"
"340",22.64596,110.19218,331.05,0.47,0.4,"2026-09-09",540,"N20","low","2.0NRT",304.75,8.54,"D"
"341",22.70069,110.35387,334.42,0.47,0.39,"2026-09-09",540,"N20","low","2.0NRT",303.09,5.17,"D"
"342",22.7027,110.34422,337.73,0.47,0.39,"2026-09-09",540,"N20","low","2.0NRT",303.93,8.19,"D"
"343",23.55087,114.6231,343.53,0.39,0.36,"2026-09-09",540,"N20","nominal","2.0NRT",299.65,5.85,"D"
"344",22.15384,106.55561,327.61,0.52,0.5,"2026-09-09",540,"N20","nominal","2.0NRT",294.41,4,"D"
"345",23.42542,113.33717,336.57,0.38,0.36,"2026-09-09",540,"N20","nominal","2.0NRT",306.39,2.03,"D"
"346",23.3837,112.72399,331.68,0.39,0.36,"2026-09-09",540,"N20","low","2.0NRT",305.14,6.35,"D"
"347",23.66561,114.31929,333.41,0.39,0.36,"2026-09-09",540,"N20","low","2.0NRT",306.99,4.37,"D"
"348",23.45172,112.87415,331.37,0.39,0.36,"2026-09-09",540,"N20","nominal","2.0NRT",305.72,2.46,"D"
"349",22.8358,109.15221,330.39,0.53,0.42,"2026-09-09",540,"N20","nominal","2.0NRT",298.22,1.88,"D"
"350",23.49209,112.78532,331.97,0.39,0.36,"2026-09-09",540,"N20","nominal","2.0NRT",301.3,2.64,"D"
"351",23.03696,109.65926,337.48,0.5,0.41,"2026-09-09",540,"N20","nominal","2.0NRT",304.11,7.79,"D"
"352",23.03611,109.65449,332.71,0.5,0.41,"2026-09-09",540,"N20","nominal","2.0NRT",302.43,8.34,"D"
"353",23.62146,113.1324,333.3,0.39,0.36,"2026-09-09",540,"N20","low","2.0NRT",308.25,4.3,"D"
"354",23.04433,109.65771,331.64,0.5,0.41,"2026-09-09",540,"N20","low","2.0NRT",302.54,5.26,"D"
"355",23.36914,111.16634,331.13,0.43,0.38,"2026-09-09",540,"N20","low","2.0NRT",305.18,6.31,"D"
"356",23.3712,111.15755,336.54,0.43,0.38,"2026-09-09",540,"N20","low","2.0NRT",305.71,9.82,"D"
"357",23.376,111.16488,332.94,0.43,0.38,"2026-09-09",540,"N20","low","2.0NRT",305.05,9.74,"D"
"358",23.37943,111.16416,332.32,0.43,0.38,"2026-09-09",540,"N20","low","2.0NRT",305.77,5.2,"D"
"359",23.37875,111.16016,334.9,0.43,0.38,"2026-09-09",540,"N20","low","2.0NRT",307.54,5.2,"D"
"360",23.09303,109.53491,335.59,0.5,0.41,"2026-09-09",540,"N20","nominal","2.0NRT",303.63,7.62,"D"
"361",23.3815,111.15543,333.29,0.43,0.38,"2026-09-09",540,"N20","low","2.0NRT",306.33,6.3,"D"
"362",23.3808,111.15135,333.61,0.43,0.38,"2026-09-09",540,"N20","low","2.0NRT",306.6,6.3,"D"
"363",23.51763,111.23067,333.27,0.42,0.38,"2026-09-09",540,"N20","low","2.0NRT",306.97,7.38,"D"
"364",24.42628,116.507,335,0.45,0.39,"2026-09-09",540,"N20","nominal","2.0NRT",300.27,2.52,"D"
"365",23.8161,111.77541,332.27,0.4,0.37,"2026-09-09",540,"N20","low","2.0NRT",303.34,4.91,"D"
"366",24.18503,113.95322,337.89,0.39,0.36,"2026-09-09",540,"N20","nominal","2.0NRT",307.28,4.59,"D"
"367",23.94155,111.89693,344.55,0.4,0.37,"2026-09-09",540,"N20","nominal","2.0NRT",304.55,7.51,"D"
"368",23.9449,111.89629,344.94,0.4,0.37,"2026-09-09",540,"N20","nominal","2.0NRT",303.73,6.35,"D"
"369",24.25214,113.40535,335.88,0.38,0.36,"2026-09-09",540,"N20","low","2.0NRT",307.34,7.05,"D"
"370",24.267,113.41422,341.63,0.38,0.36,"2026-09-09",540,"N20","nominal","2.0NRT",308.3,3.2,"D"
"371",24.27858,113.42367,335.21,0.38,0.36,"2026-09-09",540,"N20","low","2.0NRT",307.26,3.36,"D"
"372",23.89523,109.54864,330.68,0.49,0.4,"2026-09-09",540,"N20","low","2.0NRT",301.52,6.48,"D"
"373",23.94967,109.24448,330.38,0.51,0.41,"2026-09-09",540,"N20","low","2.0NRT",303.38,3.94,"D"
"374",24.19799,109.98165,330.66,0.46,0.39,"2026-09-09",540,"N20","low","2.0NRT",303.49,5.05,"D"
"375",24.19197,109.41788,337.25,0.49,0.4,"2026-09-09",542,"N20","nominal","2.0NRT",305.34,7.77,"D"
"376",24.19649,109.42186,330.44,0.49,0.4,"2026-09-09",542,"N20","low","2.0NRT",304.75,5.01,"D"
"377",24.20102,109.42585,330.68,0.49,0.4,"2026-09-09",542,"N20","low","2.0NRT",304.55,5.91,"D"
"378",24.20016,109.42107,332.1,0.49,0.4,"2026-09-09",542,"N20","low","2.0NRT",305.75,5.01,"D"
"379",24.20296,109.41547,331.03,0.49,0.4,"2026-09-09",542,"N20","low","2.0NRT",305.71,6.12,"D"
"380",24.92696,113.55307,338.15,0.38,0.36,"2026-09-09",542,"N20","nominal","2.0NRT",303.67,2.87,"D"
"381",24.93081,113.55624,335.56,0.38,0.36,"2026-09-09",542,"N20","nominal","2.0NRT",299.94,2.87,"D"
"382",24.30412,109.68452,336.03,0.48,0.4,"2026-09-09",542,"N20","nominal","2.0NRT",299.76,4.82,"D"
"383",24.27316,109.47178,331.11,0.49,0.4,"2026-09-09",542,"N20","low","2.0NRT",304.82,6.36,"D"
"384",23.90933,107.54618,329.53,0.42,0.45,"2026-09-09",542,"N20","nominal","2.0NRT",297.5,2.57,"D"
"385",24.28863,109.47342,332.44,0.49,0.4,"2026-09-09",542,"N20","low","2.0NRT",304.51,6.57,"D"
"386",24.63273,111.31133,331.06,0.41,0.37,"2026-09-09",542,"N20","nominal","2.0NRT",298.25,3.52,"D"
"387",24.38566,109.38483,335.46,0.49,0.4,"2026-09-09",542,"N20","nominal","2.0NRT",302.19,7.04,"D"
"388",24.48193,109.77547,335.77,0.47,0.4,"2026-09-09",542,"N20","nominal","2.0NRT",302.35,5.22,"D"
"389",24.44921,109.59113,333.72,0.48,0.4,"2026-09-09",542,"N20","low","2.0NRT",305.46,6.62,"D"
"390",24.65861,110.77423,338.39,0.43,0.38,"2026-09-09",542,"N20","nominal","2.0NRT",302.11,7.98,"D"
"391",24.65924,110.757,330.36,0.43,0.38,"2026-09-09",542,"N20","low","2.0NRT",302.96,6.96,"D"
"392",24.43948,109.38808,330.23,0.49,0.4,"2026-09-09",542,"N20","low","2.0NRT",302.18,5.69,"D"
"393",24.48696,109.4444,331.7,0.49,0.4,"2026-09-09",542,"N20","nominal","2.0NRT",300.97,4.63,"D"
"394",24.81686,110.8333,333.04,0.42,0.38,"2026-09-09",542,"N20","nominal","2.0NRT",300.09,2.65,"D"
"395",24.81616,110.83415,330.73,0.42,0.38,"2026-09-09",542,"N20","low","2.0NRT",299.18,4.14,"D"
"396",24.60169,109.32792,330.92,0.49,0.4,"2026-09-09",542,"N20","low","2.0NRT",303.73,5.95,"D"
"397",24.04749,106.34496,341.97,0.49,0.49,"2026-09-09",542,"N20","nominal","2.0NRT",297.84,11.55,"D"
"398",24.04663,106.34072,332.36,0.49,0.49,"2026-09-09",542,"N20","nominal","2.0NRT",299.38,9.2,"D"
"399",24.72357,109.90646,333.66,0.46,0.39,"2026-09-09",542,"N20","nominal","2.0NRT",299.28,3.07,"D"
"400",24.59091,109.12033,330.6,0.5,0.41,"2026-09-09",542,"N20","low","2.0NRT",301.11,4.96,"D"
"401",24.99605,110.83276,338.61,0.42,0.38,"2026-09-09",542,"N20","nominal","2.0NRT",298.09,2.18,"D"
"402",24.06138,105.36888,340.16,0.56,0.52,"2026-09-09",542,"N20","nominal","2.0NRT",292.25,10.66,"D"
"403",25.05613,109.23268,330.26,0.49,0.4,"2026-09-09",542,"N20","low","2.0NRT",301.63,1.97,"D"
"404",25.09018,109.33859,329.53,0.48,0.4,"2026-09-09",542,"N20","low","2.0NRT",302.53,3.64,"D"
"405",25.09831,109.34188,329.28,0.48,0.4,"2026-09-09",542,"N20","low","2.0NRT",303.13,7.85,"D"
"406",25.10192,109.341,331.5,0.48,0.4,"2026-09-09",542,"N20","low","2.0NRT",304.99,3.27,"D"
"407",25.09786,109.33934,333.29,0.48,0.4,"2026-09-09",542,"N20","low","2.0NRT",304.36,8.26,"D"
"408",25.26845,110.16772,331.12,0.44,0.39,"2026-09-09",542,"N20","low","2.0NRT",304.27,5.41,"D"
"409",25.20114,109.38974,329.55,0.48,0.4,"2026-09-09",542,"N20","low","2.0NRT",303.33,6.07,"D"
"410",25.38028,110.31355,332.79,0.44,0.38,"2026-09-09",542,"N20","nominal","2.0NRT",301.63,4.23,"D"
"411",25.38164,110.31423,332.4,0.44,0.38,"2026-09-09",542,"N20","nominal","2.0NRT",301.72,4.85,"D"
"412",25.39701,110.31989,330.43,0.44,0.38,"2026-09-09",542,"N20","low","2.0NRT",301.92,2.25,"D"
"413",25.40048,110.31916,330.09,0.44,0.38,"2026-09-09",542,"N20","low","2.0NRT",301.41,2.25,"D"
"414",25.93602,111.06628,330.91,0.41,0.37,"2026-09-09",542,"N20","nominal","2.0NRT",299.43,4.99,"D"
"415",25.1372,106.66644,327.59,0.45,0.47,"2026-09-09",542,"N20","nominal","2.0NRT",293.46,5.98,"D"
"416",24.73296,103.16211,325.77,0.38,0.58,"2026-09-09",542,"N20","nominal","2.0NRT",291.98,2.14,"D"
"417",25.54754,106.46055,340.28,0.45,0.47,"2026-09-09",542,"N20","nominal","2.0NRT",298.03,6.46,"D"
"418",25.70783,106.78164,330.21,0.43,0.46,"2026-09-09",542,"N20","nominal","2.0NRT",296.98,1.8,"D"
"419",25.67811,106.62981,331.92,0.44,0.46,"2026-09-09",542,"N20","nominal","2.0NRT",295.99,3.71,"D"
"420",25.589,103.84598,367,0.33,0.55,"2026-09-09",542,"N20","high","2.0NRT",294.1,5.65,"D"
"421",25.91987,105.24872,330.93,0.53,0.5,"2026-09-09",542,"N20","nominal","2.0NRT",298.63,5.78,"D"
"422",25.92455,105.24843,343.37,0.53,0.5,"2026-09-09",542,"N20","nominal","2.0NRT",298.05,7.34,"D"
"423",27.81777,112.89668,331.56,0.39,0.36,"2026-09-09",542,"N20","low","2.0NRT",303.47,4.22,"D"
"424",28.90988,116.98236,331.48,0.53,0.42,"2026-09-09",542,"N20","nominal","2.0NRT",300.2,1.41,"D"
"425",27.11908,105.7203,338.95,0.47,0.48,"2026-09-09",542,"N20","nominal","2.0NRT",299.14,5.97,"D"
"426",27.48805,104.25275,328.97,0.56,0.52,"2026-09-09",542,"N20","nominal","2.0NRT",291.91,1.98,"D"
"427",27.72534,102.21256,354.52,0.37,0.58,"2026-09-09",542,"N20","nominal","2.0NRT",296.08,5.73,"D"
"428",29.4871,106.66908,330.93,0.56,0.43,"2026-09-09",542,"N20","nominal","2.0NRT",299.85,4.63,"D"
"429",29.68386,106.8914,332.25,0.54,0.42,"2026-09-09",542,"N20","low","2.0NRT",306.88,10.78,"D"
"430",29.73212,106.77927,332.15,0.55,0.42,"2026-09-09",542,"N20","low","2.0NRT",306.79,11.38,"D"
"431",29.67202,106.38677,330.44,0.38,0.43,"2026-09-09",542,"N20","nominal","2.0NRT",297.57,3.14,"D"
"432",29.79527,106.68484,333.03,0.55,0.43,"2026-09-09",542,"N20","nominal","2.0NRT",302.37,3.37,"D"
"433",29.79417,106.67925,331.68,0.55,0.43,"2026-09-09",542,"N20","nominal","2.0NRT",301.29,3.37,"D"
"434",29.79803,106.6783,332.97,0.55,0.43,"2026-09-09",542,"N20","nominal","2.0NRT",300.4,3.37,"D"
"435",29.79692,106.67267,331.25,0.55,0.43,"2026-09-09",542,"N20","nominal","2.0NRT",300.11,5.18,"D"
"436",30.18915,107.9819,333.04,0.47,0.4,"2026-09-09",542,"N20","low","2.0NRT",304.17,3.55,"D"
"437",30.75191,108.40993,331.92,0.45,0.39,"2026-09-09",544,"N20","low","2.0NRT",303.23,4.61,"D"
"438",30.85427,108.3492,331.63,0.45,0.39,"2026-09-09",544,"N20","low","2.0NRT",305.56,3.48,"D"
"439",30.85777,108.34837,331.39,0.45,0.39,"2026-09-09",544,"N20","low","2.0NRT",305.73,3.48,"D"
"440",35.19479,119.03893,330.43,0.54,0.51,"2026-09-09",544,"N20","nominal","2.0NRT",297.79,4.95,"D"
"441",35.17841,116.93631,331.76,0.41,0.45,"2026-09-09",544,"N20","nominal","2.0NRT",292.77,2.85,"D"
"442",37.62969,106.31187,325.12,0.44,0.38,"2026-09-09",544,"N20","nominal","2.0NRT",290.96,3.49,"D"
"443",37.91611,106.67823,334.68,0.42,0.38,"2026-09-09",546,"N20","nominal","2.0NRT",295.87,3.08,"D"
"444",40.11102,118.73364,333.37,0.58,0.52,"2026-09-09",546,"N20","nominal","2.0NRT",306.49,6.42,"D"
"445",40.18265,118.05666,336.75,0.54,0.51,"2026-09-09",546,"N20","nominal","2.0NRT",308.71,7.31,"D"
"446",40.18021,118.05521,339.9,0.54,0.51,"2026-09-09",546,"N20","nominal","2.0NRT",307.79,6.21,"D"
"447",40.68447,122.17133,367,0.45,0.63,"2026-09-09",546,"N20","high","2.0NRT",315.6,11.43,"D"
"448",40.68468,122.17676,353.18,0.45,0.63,"2026-09-09",546,"N20","nominal","2.0NRT",297.74,11.43,"D"
"449",39.19414,106.99529,331.09,0.41,0.37,"2026-09-09",546,"N20","low","2.0NRT",304.15,2.23,"D"
"450",39.34826,106.92867,332.01,0.41,0.37,"2026-09-09",546,"N20","low","2.0NRT",302.1,1.57,"D"
"451",39.35159,106.9277,333.53,0.41,0.37,"2026-09-09",546,"N20","nominal","2.0NRT",300.65,1.61,"D"
"452",39.3826,106.89682,342.52,0.41,0.37,"2026-09-09",546,"N20","nominal","2.0NRT",298.44,4.02,"D"
"453",41.00534,121.62353,337.82,0.42,0.61,"2026-09-09",546,"N20","nominal","2.0NRT",297.88,3.05,"D"
"454",39.41783,106.71552,331.26,0.41,0.37,"2026-09-09",546,"N20","nominal","2.0NRT",300.53,3.59,"D"
"455",40.16621,111.41805,336.83,0.42,0.37,"2026-09-09",546,"N20","nominal","2.0NRT",303.56,3.12,"D"
"456",40.16557,111.4132,335.8,0.42,0.37,"2026-09-09",546,"N20","nominal","2.0NRT",303.62,3.12,"D"
"457",39.46233,106.70454,335.51,0.41,0.37,"2026-09-09",546,"N20","nominal","2.0NRT",298.94,3.88,"D"
"458",39.57779,106.89739,332.15,0.4,0.37,"2026-09-09",546,"N20","nominal","2.0NRT",297.78,2.33,"D"
"459",39.52916,106.51938,338.89,0.41,0.37,"2026-09-09",546,"N20","nominal","2.0NRT",301.11,5.4,"D"
"460",39.58978,106.6639,336.72,0.41,0.37,"2026-09-09",546,"N20","nominal","2.0NRT",300.87,1.64,"D"
"461",39.59393,106.66756,335.37,0.41,0.37,"2026-09-09",546,"N20","nominal","2.0NRT",303.68,6.08,"D"
"462",39.59231,106.65827,339.38,0.41,0.37,"2026-09-09",546,"N20","nominal","2.0NRT",301.16,3.21,"D"
"463",39.59312,106.66292,356.22,0.41,0.37,"2026-09-09",546,"N20","low","2.0NRT",302.61,6.08,"D"
"464",40.29522,110.04494,330.2,0.39,0.36,"2026-09-09",546,"N20","nominal","2.0NRT",298.58,2.05,"D"
"465",41.39624,123.95422,326.42,0.57,0.69,"2026-09-09",546,"N20","nominal","2.0NRT",299.16,3.26,"D"
"466",40.30837,110.06538,336.49,0.39,0.36,"2026-09-09",546,"N20","nominal","2.0NRT",304.42,3.43,"D"
"467",41.76825,126.4664,328.8,0.77,0.77,"2026-09-09",546,"N20","nominal","2.0NRT",289.78,4.52,"D"
"468",41.71904,123.19114,329.79,0.52,0.67,"2026-09-09",546,"N20","low","2.0NRT",301.06,4.34,"D"
"469",41.71786,123.19185,334.94,0.52,0.67,"2026-09-09",546,"N20","nominal","2.0NRT",301.89,3.33,"D"
"470",40.6174,109.75319,336.84,0.39,0.36,"2026-09-09",546,"N20","nominal","2.0NRT",305.36,3.5,"D"
"471",40.63256,109.73998,335.71,0.39,0.36,"2026-09-09",546,"N20","nominal","2.0NRT",301.7,0.91,"D"
"472",40.37563,106.88705,351.24,0.4,0.37,"2026-09-09",546,"N20","nominal","2.0NRT",305.1,8.05,"D"
"473",40.37484,106.88244,349.57,0.4,0.37,"2026-09-09",546,"N20","nominal","2.0NRT",304.16,6.57,"D"
"474",40.37815,106.88147,367,0.4,0.37,"2026-09-09",546,"N20","high","2.0NRT",303.51,6.67,"D"
"475",40.37893,106.88609,337.99,0.4,0.37,"2026-09-09",546,"N20","nominal","2.0NRT",301.69,2.29,"D"
"476",40.31745,106.44836,340.1,0.41,0.37,"2026-09-09",546,"N20","nominal","2.0NRT",303.06,4.34,"D"
"477",40.31663,106.44364,354.81,0.41,0.37,"2026-09-09",546,"N20","nominal","2.0NRT",304.22,4.34,"D"
"478",40.31581,106.43892,338.51,0.41,0.37,"2026-09-09",546,"N20","nominal","2.0NRT",305.19,3.56,"D"
"479",40.3284,106.41035,347.57,0.41,0.37,"2026-09-09",546,"N20","nominal","2.0NRT",306.36,5.74,"D"
"480",40.4502,107.02016,341.56,0.4,0.37,"2026-09-09",546,"N20","nominal","2.0NRT",301.74,4.65,"D"
"481",40.35419,106.4374,347.9,0.41,0.37,"2026-09-09",546,"N20","nominal","2.0NRT",307.03,3.49,"D"
"482",40.40747,106.72683,355.31,0.4,0.37,"2026-09-09",546,"N20","nominal","2.0NRT",301.76,6.27,"D"
"483",40.37981,106.41727,338.29,0.41,0.37,"2026-09-09",546,"N20","nominal","2.0NRT",300.67,3.73,"D"
"484",40.38486,106.38596,335.49,0.41,0.37,"2026-09-09",546,"N20","low","2.0NRT",305.86,1.3,"D"
"485",40.38404,106.38122,354.94,0.41,0.37,"2026-09-09",546,"N20","nominal","2.0NRT",307.51,10.1,"D"
"486",40.3832,106.3765,339.83,0.41,0.37,"2026-09-09",546,"N20","nominal","2.0NRT",306.07,10.1,"D"
"487",40.38738,106.38022,346.46,0.41,0.37,"2026-09-09",546,"N20","nominal","2.0NRT",305.14,4.66,"D"
"488",40.41312,106.447,338.62,0.41,0.37,"2026-09-09",546,"N20","nominal","2.0NRT",307.79,2.48,"D"
"489",40.41317,106.42716,353.26,0.41,0.37,"2026-09-09",546,"N20","nominal","2.0NRT",304.2,9.89,"D"
"490",40.41651,106.42616,338.43,0.41,0.37,"2026-09-09",546,"N20","nominal","2.0NRT",300.83,2.07,"D"
"491",42.01175,121.59199,328.75,0.43,0.62,"2026-09-09",546,"N20","low","2.0NRT",301.98,1.91,"D"
"492",40.8507,109.02296,339.62,0.38,0.36,"2026-09-09",546,"N20","nominal","2.0NRT",304.1,3.83,"D"
"493",40.44983,106.43603,332.79,0.41,0.37,"2026-09-09",546,"N20","low","2.0NRT",302.81,2.41,"D"
"494",40.45317,106.43504,351.29,0.41,0.37,"2026-09-09",546,"N20","nominal","2.0NRT",307.03,5.96,"D"
"495",40.50815,106.71407,347.64,0.4,0.37,"2026-09-09",546,"N20","nominal","2.0NRT",308.22,4.65,"D"
"496",40.51558,106.71677,339.43,0.4,0.37,"2026-09-09",546,"N20","nominal","2.0NRT",306.24,3.75,"D"
"497",40.53644,106.72713,344.1,0.4,0.37,"2026-09-09",546,"N20","nominal","2.0NRT",305.36,2.79,"D"
"498",40.70987,106.81406,346.61,0.4,0.37,"2026-09-09",546,"N20","nominal","2.0NRT",310.7,6.18,"D"
"499",40.71239,106.80846,343.26,0.4,0.37,"2026-09-09",546,"N20","nominal","2.0NRT",309.26,5.77,"D"
"500",40.71901,106.80651,340.94,0.4,0.37,"2026-09-09",546,"N20","nominal","2.0NRT",309,3.91,"D"
"501",40.72231,106.80554,343.26,0.4,0.37,"2026-09-09",546,"N20","nominal","2.0NRT",308.38,3.13,"D"
"502",40.78851,106.61179,340.89,0.4,0.37,"2026-09-09",546,"N20","nominal","2.0NRT",308.57,4.84,"D"
"503",40.85263,106.94866,335.53,0.4,0.37,"2026-09-09",546,"N20","nominal","2.0NRT",303.36,2.99,"D"
"504",40.80178,106.60785,341.18,0.4,0.37,"2026-09-09",546,"N20","nominal","2.0NRT",305.04,5.08,"D"
"505",42.24949,119.13343,333.67,0.32,0.55,"2026-09-09",546,"N20","nominal","2.0NRT",301.42,2.32,"D"
"506",40.99318,107.59306,339.97,0.39,0.36,"2026-09-09",546,"N20","nominal","2.0NRT",304.57,5.2,"D"
"507",40.99645,107.59213,351.17,0.39,0.36,"2026-09-09",546,"N20","nominal","2.0NRT",306.35,5.8,"D"
"508",41.88851,114.06461,331.33,0.54,0.42,"2026-09-09",546,"N20","low","2.0NRT",305.23,2.25,"D"
"509",41.04671,107.62738,344.94,0.39,0.36,"2026-09-09",546,"N20","nominal","2.0NRT",304.45,4.15,"D"
"510",41.04598,107.62285,333.77,0.39,0.36,"2026-09-09",546,"N20","nominal","2.0NRT",303.21,4.15,"D"
"511",41.04998,107.62646,348.04,0.39,0.36,"2026-09-09",546,"N20","nominal","2.0NRT",301.86,5.74,"D"
"512",42.78725,121.99137,345.06,0.46,0.63,"2026-09-09",546,"N20","nominal","2.0NRT",301.14,4.18,"D"
"513",40.99155,105.17588,336.4,0.43,0.38,"2026-09-09",546,"N20","nominal","2.0NRT",302.41,1.52,"D"
"514",43.86201,126.64071,327.12,0.79,0.78,"2026-09-09",546,"N20","nominal","2.0NRT",290.47,4.65,"D"
"515",43.54713,104.51899,336.72,0.42,0.38,"2026-09-09",546,"N20","nominal","2.0NRT",304.76,5.12,"D"
"516",43.55015,104.52041,334.23,0.42,0.38,"2026-09-09",546,"N20","nominal","2.0NRT",305.31,4.6,"D"
"517",46.38835,114.00504,343.56,0.4,0.44,"2026-09-09",546,"N20","nominal","2.0NRT",304.14,6.52,"D"
"518",46.3879,113.99987,341.8,0.4,0.44,"2026-09-09",546,"N20","nominal","2.0NRT",302.84,6.52,"D"
"519",46.85607,120.82814,333.24,0.42,0.61,"2026-09-09",546,"N20","nominal","2.0NRT",289.82,2.13,"D"
"520",44.84843,90.93942,367,0.5,0.66,"2026-09-09",548,"N20","high","2.0NRT",299.51,12.57,"D"
"521",44.85038,90.93666,367,0.5,0.66,"2026-09-09",548,"N20","high","2.0NRT",299.31,12.37,"D"
"522",50.26812,120.89461,340.93,0.45,0.63,"2026-09-09",548,"N20","nominal","2.0NRT",292.19,4.52,"D"
"523",50.27395,120.89483,356.31,0.45,0.63,"2026-09-09",548,"N20","nominal","2.0NRT",292.88,10.34,"D"
"524",50.30922,120.30573,351.61,0.42,0.61,"2026-09-09",548,"N20","nominal","2.0NRT",289.79,5.83,"D"
"525",50.70545,119.78502,338.98,0.4,0.6,"2026-09-09",548,"N20","nominal","2.0NRT",296.43,4.93,"D"
"526",50.70416,119.78419,334.87,0.4,0.6,"2026-09-09",548,"N20","nominal","2.0NRT",296.12,4.51,"D"
"527",50.93592,119.58014,341.64,0.39,0.6,"2026-09-09",548,"N20","nominal","2.0NRT",294.02,6.82,"D"
"528",50.93579,119.57494,343.12,0.39,0.6,"2026-09-09",548,"N20","nominal","2.0NRT",298.18,7.43,"D"
"529",51.07494,126.20127,325.09,0.77,0.77,"2026-09-09",548,"N20","nominal","2.0NRT",285.39,4.47,"D"
"530",51.37391,119.94975,339.04,0.41,0.61,"2026-09-09",548,"N20","nominal","2.0NRT",293.99,4.2,"D"
"531",51.37954,119.94958,367,0.41,0.61,"2026-09-09",548,"N20","high","2.0NRT",290.95,12.26,"D"
"532",51.37941,119.94363,341.79,0.41,0.61,"2026-09-09",548,"N20","nominal","2.0NRT",290.28,9.07,"D"
"533",51.49704,120.03541,327.14,0.42,0.61,"2026-09-09",548,"N20","nominal","2.0NRT",290.62,5.13,"D"
"534",50.84843,97.99339,341.41,0.52,0.41,"2026-09-09",550,"N20","nominal","2.0NRT",289.76,6.73,"D"
"535",50.84691,97.98641,328.82,0.52,0.41,"2026-09-09",550,"N20","nominal","2.0NRT",289.75,7.94,"D"
"536",52.60899,103.89939,328.1,0.38,0.36,"2026-09-09",550,"N20","nominal","2.0NRT",298.53,3.04,"D"
"537",52.05866,91.73647,340.84,0.55,0.51,"2026-09-09",550,"N20","nominal","2.0NRT",297.48,9.05,"D"
"538",52.05698,91.73772,338.55,0.55,0.51,"2026-09-09",550,"N20","nominal","2.0NRT",297.47,12.74,"D"
"539",55.15899,106.54277,332.09,0.43,0.38,"2026-09-09",550,"N20","nominal","2.0NRT",272.09,9.48,"D"
"540",53.7091,91.10916,325.77,0.51,0.5,"2026-09-09",550,"N20","low","2.0NRT",299.83,3.57,"D"
"541",51.53775,82.00881,334.55,0.67,0.73,"2026-09-09",550,"N20","nominal","2.0NRT",299.5,4.17,"D"
"542",51.52251,82.02089,327.29,0.67,0.73,"2026-09-09",550,"N20","low","2.0NRT",300.48,6.82,"D"
"543",51.53722,82.01749,330.25,0.67,0.73,"2026-09-09",550,"N20","nominal","2.0NRT",297.6,3.88,"D"
"544",51.53399,82.00922,330.45,0.67,0.73,"2026-09-09",550,"N20","nominal","2.0NRT",301.95,3.88,"D"
"545",57.53613,105.86579,339.81,0.44,0.38,"2026-09-09",550,"N20","nominal","2.0NRT",284.61,12.62,"D"
"546",57.58452,105.6589,327.12,0.43,0.38,"2026-09-09",550,"N20","nominal","2.0NRT",284.24,1.79,"D"
"547",57.61718,105.69064,330.53,0.43,0.38,"2026-09-09",550,"N20","nominal","2.0NRT",288.11,4.39,"D"
"548",57.68114,106.08287,338.73,0.44,0.38,"2026-09-09",550,"N20","nominal","2.0NRT",290.49,19.78,"D"
"549",57.72228,106.03518,329.18,0.44,0.38,"2026-09-09",550,"N20","nominal","2.0NRT",286.39,3.15,"D"
"550",57.73743,105.94487,329.2,0.44,0.38,"2026-09-09",550,"N20","nominal","2.0NRT",286.68,2.51,"D"
"551",53.8909,87.29308,337.34,0.35,0.57,"2026-09-09",550,"N20","nominal","2.0NRT",302.53,3.56,"D"
"552",53.88943,87.28834,338.35,0.35,0.57,"2026-09-09",550,"N20","nominal","2.0NRT",298.27,3.56,"D"
"553",57.87249,105.88834,336.25,0.44,0.38,"2026-09-09",550,"N20","nominal","2.0NRT",290.62,19.96,"D"
"554",57.87596,105.88694,354.73,0.44,0.38,"2026-09-09",550,"N20","nominal","2.0NRT",297.99,19.96,"D"
"555",55.29509,90.53782,352.52,0.48,0.48,"2026-09-09",550,"N20","nominal","2.0NRT",297.48,5.65,"D"
"556",55.29327,90.53105,335.42,0.48,0.48,"2026-09-09",550,"N20","nominal","2.0NRT",296.88,5.65,"D"
"557",55.29916,90.53461,331.24,0.48,0.48,"2026-09-09",550,"N20","nominal","2.0NRT",293.95,9.58,"D"
"558",55.29734,90.52787,356.01,0.48,0.48,"2026-09-09",550,"N20","nominal","2.0NRT",298.26,9.58,"D"
"559",55.29552,90.52106,347.06,0.48,0.48,"2026-09-09",550,"N20","nominal","2.0NRT",298.44,7.43,"D"
"560",55.29958,90.51786,331.29,0.48,0.48,"2026-09-09",550,"N20","nominal","2.0NRT",294.8,7.43,"D"
"561",55.19371,90.05199,328.97,0.5,0.49,"2026-09-09",550,"N20","nominal","2.0NRT",296.19,2.4,"D"
"562",55.19178,90.04492,330.56,0.5,0.49,"2026-09-09",550,"N20","nominal","2.0NRT",296.73,2.4,"D"
"563",53.67771,84.99942,328.25,0.43,0.62,"2026-09-09",550,"N20","low","2.0NRT",300.63,4.08,"D"
"564",55.37955,90.65292,338.23,0.47,0.48,"2026-09-09",550,"N20","nominal","2.0NRT",294.63,3.41,"D"
"565",55.37776,90.64614,326.6,0.47,0.48,"2026-09-09",550,"N20","nominal","2.0NRT",294.27,3.41,"D"
"566",55.20586,89.83027,341.15,0.51,0.49,"2026-09-09",550,"N20","nominal","2.0NRT",299.78,12.13,"D"
"567",55.20999,89.8268,367,0.51,0.49,"2026-09-09",550,"N20","high","2.0NRT",300.25,12.13,"D"
"568",55.26075,89.86377,329.45,0.51,0.49,"2026-09-09",550,"N20","nominal","2.0NRT",296.15,2.95,"D"
"569",55.49375,90.37989,348,0.48,0.48,"2026-09-09",550,"N20","nominal","2.0NRT",297.99,14.17,"D"
"570",55.49958,90.38328,367,0.48,0.48,"2026-09-09",550,"N20","high","2.0NRT",301.01,14.17,"D"
"571",55.49775,90.37645,355.84,0.48,0.48,"2026-09-09",550,"N20","nominal","2.0NRT",301.1,14.17,"D"
"572",54.26477,86.18089,326.59,0.37,0.58,"2026-09-09",550,"N20","low","2.0NRT",298.69,2.09,"D"
"573",54.27371,86.17046,367,0.37,0.58,"2026-09-09",550,"N20","high","2.0NRT",300.45,13.74,"D"
"574",54.2865,86.15291,329.86,0.37,0.58,"2026-09-09",550,"N20","low","2.0NRT",301.92,2.95,"D"
"575",54.30246,86.14527,328.93,0.37,0.58,"2026-09-09",550,"N20","low","2.0NRT",301.77,5.67,"D"
"576",55.59819,90.4782,329.55,0.47,0.48,"2026-09-09",550,"N20","nominal","2.0NRT",298.68,4.67,"D"
"577",55.60219,90.47491,329.47,0.47,0.48,"2026-09-09",550,"N20","nominal","2.0NRT",294.91,4.67,"D"
"578",55.6003,90.46771,335.67,0.47,0.48,"2026-09-09",550,"N20","nominal","2.0NRT",295.81,3.73,"D"
"579",55.59923,90.47842,333.15,0.47,0.48,"2026-09-09",550,"N20","nominal","2.0NRT",298.08,5.53,"D"
"580",55.60131,90.46794,340.03,0.47,0.48,"2026-09-09",550,"N20","nominal","2.0NRT",295.53,5.53,"D"
"581",55.60723,90.47179,338.42,0.47,0.48,"2026-09-09",550,"N20","nominal","2.0NRT",294.08,7.45,"D"
"582",55.75891,90.28656,328.34,0.47,0.48,"2026-09-09",550,"N20","nominal","2.0NRT",296.93,3.61,"D"
"583",55.76288,90.28305,329.73,0.47,0.48,"2026-09-09",550,"N20","nominal","2.0NRT",296.17,4.49,"D"
"584",55.84838,90.55294,349.71,0.46,0.47,"2026-09-09",550,"N20","nominal","2.0NRT",298.64,11.63,"D"
"585",55.84642,90.55539,326.01,0.46,0.47,"2026-09-09",550,"N20","low","2.0NRT",296.17,6.07,"D"
"586",55.85041,90.55219,354.95,0.46,0.47,"2026-09-09",550,"N20","nominal","2.0NRT",298.39,6.07,"D"
"587",55.86757,90.56226,342.72,0.46,0.47,"2026-09-09",550,"N20","nominal","2.0NRT",295.89,3.11,"D"
"588",55.87145,90.55868,326.55,0.46,0.47,"2026-09-09",550,"N20","nominal","2.0NRT",294.74,3.11,"D"
"589",55.75958,90.04884,342.68,0.48,0.48,"2026-09-09",550,"N20","nominal","2.0NRT",295.4,5.42,"D"
"590",55.75742,89.91214,328.6,0.49,0.48,"2026-09-09",550,"N20","nominal","2.0NRT",297.82,5.1,"D"
"591",55.76336,89.91576,337.19,0.49,0.48,"2026-09-09",550,"N20","nominal","2.0NRT",297.43,6.99,"D"
"592",55.76735,89.91211,355.7,0.49,0.48,"2026-09-09",550,"N20","nominal","2.0NRT",297.95,6.99,"D"
"593",55.92046,89.89482,343.48,0.48,0.48,"2026-09-09",550,"N20","nominal","2.0NRT",297.86,5.4,"D"
"594",55.92012,89.89436,339.75,0.48,0.48,"2026-09-09",550,"N20","nominal","2.0NRT",297.81,6.01,"D"
"595",55.92801,89.90514,346.04,0.48,0.48,"2026-09-09",550,"N20","nominal","2.0NRT",299,9.99,"D"
"596",55.92609,89.89809,334.74,0.48,0.48,"2026-09-09",550,"N20","nominal","2.0NRT",296.94,5.67,"D"
"597",55.92418,89.89102,335.3,0.48,0.48,"2026-09-09",550,"N20","nominal","2.0NRT",296.24,5.67,"D"
"598",55.93417,89.89136,328.16,0.48,0.48,"2026-09-09",550,"N20","nominal","2.0NRT",297.22,7.09,"D"
"599",55.94391,89.90902,331.39,0.48,0.48,"2026-09-09",550,"N20","nominal","2.0NRT",297.26,4.35,"D"
"600",55.94203,89.90207,333.25,0.48,0.48,"2026-09-09",550,"N20","nominal","2.0NRT",297.17,6.14,"D"
"601",55.94013,89.89504,335.16,0.48,0.48,"2026-09-09",550,"N20","nominal","2.0NRT",296.42,6.14,"D"
"602",55.94792,89.90554,343.32,0.48,0.48,"2026-09-09",550,"N20","nominal","2.0NRT",297.7,6.18,"D"
"603",55.94603,89.89857,332.68,0.48,0.48,"2026-09-09",550,"N20","nominal","2.0NRT",296.38,6.34,"D"
"604",56.22994,90.41109,331.35,0.45,0.47,"2026-09-09",550,"N20","low","2.0NRT",303.15,6.62,"D"
"605",55.35739,85.98837,334.18,0.34,0.56,"2026-09-09",550,"N20","nominal","2.0NRT",297.83,3.43,"D"
"606",55.30116,85.59702,337.98,0.36,0.57,"2026-09-09",550,"N20","nominal","2.0NRT",301.65,3.56,"D"
"607",58.15081,95.14244,330.51,0.45,0.39,"2026-09-09",550,"N20","nominal","2.0NRT",294.32,2.69,"D"
"608",60.43701,97.7991,328.75,0.39,0.36,"2026-09-09",553,"N20","nominal","2.0NRT",290.58,5.22,"D"
"609",60.44659,97.15585,328.85,0.39,0.36,"2026-09-09",553,"N20","nominal","2.0NRT",291.87,9.5,"D"
"610",60.42449,96.51215,354.38,0.4,0.37,"2026-09-09",553,"N20","nominal","2.0NRT",307.78,16.8,"D"
"611",60.43572,96.25474,342.68,0.4,0.37,"2026-09-09",553,"N20","nominal","2.0NRT",306.07,31.13,"D"
"612",60.43892,96.25246,337.88,0.4,0.37,"2026-09-09",553,"N20","nominal","2.0NRT",298.27,28.77,"D"
"613",62.4045,113.59562,337.51,0.56,0.51,"2026-09-09",553,"N20","nominal","2.0NRT",284.5,7.62,"D"
"614",60.84462,97.35202,335.5,0.39,0.36,"2026-09-09",553,"N20","nominal","2.0NRT",295.66,25.61,"D"
"615",57.35392,80.25613,335.44,0.44,0.63,"2026-09-09",553,"N20","nominal","2.0NRT",294.72,4.44,"D"
"616",57.35167,80.24996,332.28,0.44,0.63,"2026-09-09",553,"N20","nominal","2.0NRT",296.74,5.66,"D"
"617",57.36415,80.20746,340.39,0.44,0.63,"2026-09-09",553,"N20","nominal","2.0NRT",294.79,16.05,"D"
"618",57.36188,80.20125,352.89,0.44,0.63,"2026-09-09",553,"N20","nominal","2.0NRT",301.94,26.15,"D"
"619",57.42678,78.7067,341.01,0.49,0.65,"2026-09-09",553,"N20","nominal","2.0NRT",292.17,7.04,"D"
"620",57.42421,78.69999,336.39,0.49,0.65,"2026-09-09",553,"N20","nominal","2.0NRT",293.97,7.11,"D"
"621",57.46651,78.43192,330.35,0.5,0.66,"2026-09-09",553,"N20","nominal","2.0NRT",292.58,2.13,"D"
"622",58.15538,78.91198,330.68,0.45,0.63,"2026-09-09",553,"N20","nominal","2.0NRT",292.15,4.35,"D"
"623",58.153,78.90564,330.29,0.45,0.63,"2026-09-09",553,"N20","nominal","2.0NRT",293.07,4.87,"D"
"624",65.62735,118.76936,345.46,0.42,0.61,"2026-09-09",553,"N20","nominal","2.0NRT",271.05,7.55,"D"
"625",60.58318,78.73274,342.27,0.36,0.57,"2026-09-09",553,"N20","nominal","2.0NRT",292.14,3.52,"D"
"626",59.41484,71.63815,346.85,0.63,0.72,"2026-09-09",553,"N20","nominal","2.0NRT",286.56,9.72,"D"
"627",59.41478,71.63967,331.63,0.63,0.72,"2026-09-09",553,"N20","nominal","2.0NRT",286.56,6.91,"D"
"628",59.41093,71.63132,330.6,0.63,0.72,"2026-09-09",553,"N20","nominal","2.0NRT",286.68,7.07,"D"
"629",63.43443,80.5282,325.81,0.49,0.48,"2026-09-09",555,"N20","nominal","2.0NRT",290.19,1.96,"D"
"630",63.43356,80.52998,325.1,0.49,0.48,"2026-09-09",555,"N20","nominal","2.0NRT",290.18,2.52,"D"
"631",62.38648,76.64254,334.93,0.34,0.56,"2026-09-09",555,"N20","nominal","2.0NRT",291.06,2.14,"D"
"632",61.279,72.97723,331,0.47,0.64,"2026-09-09",555,"N20","nominal","2.0NRT",271.95,2.77,"D"
"633",60.8633,71.2854,345.07,0.54,0.68,"2026-09-09",555,"N20","nominal","2.0NRT",276.3,5.73,"D"
"634",62.42235,74.35367,331.99,0.39,0.59,"2026-09-09",555,"N20","nominal","2.0NRT",291.64,1.97,"D"
"635",61.94575,68.47583,337.32,0.56,0.69,"2026-09-09",553,"N20","nominal","2.0NRT",286.54,5.13,"D"
"636",64.90498,75.51305,348.99,0.56,0.51,"2026-09-09",553,"N20","nominal","2.0NRT",295.78,24.89,"D"
"637",66.28333,78.75249,349.17,0.41,0.45,"2026-09-09",553,"N20","nominal","2.0NRT",291.74,16.04,"D"
"638",65.86061,76.9587,338.43,0.47,0.48,"2026-09-09",553,"N20","nominal","2.0NRT",268.75,3.41,"D"
"639",66.18653,77.68941,337.42,0.44,0.46,"2026-09-09",553,"N20","nominal","2.0NRT",288.55,3.94,"D"
"640",66.05219,77.01198,329.43,0.46,0.47,"2026-09-09",553,"N20","nominal","2.0NRT",281.89,3.06,"D"
"641",66.19804,77.23577,336.17,0.45,0.47,"2026-09-09",553,"N20","nominal","2.0NRT",287.39,4.29,"D"
"642",66.29578,76.99293,341.9,0.45,0.47,"2026-09-09",553,"N20","nominal","2.0NRT",288.33,5.49,"D"
"643",66.24957,76.82484,338.21,0.45,0.47,"2026-09-09",553,"N20","nominal","2.0NRT",288.47,15.56,"D"
"644",66.29471,76.99564,341.66,0.45,0.47,"2026-09-09",553,"N20","nominal","2.0NRT",289.84,5.67,"D"
"645",66.3125,77.00018,337.71,0.45,0.47,"2026-09-09",553,"N20","nominal","2.0NRT",289.46,3.75,"D"
"646",66.27649,76.76118,337.65,0.45,0.47,"2026-09-09",553,"N20","nominal","2.0NRT",288.4,4.89,"D"
"647",66.56329,77.16756,337.3,0.43,0.46,"2026-09-09",553,"N20","nominal","2.0NRT",288.58,12.34,"D"
"648",66.65938,76.84781,347.63,0.44,0.46,"2026-09-09",553,"N20","nominal","2.0NRT",290.09,6.18,"D"
"649",66.66055,76.85125,337.61,0.44,0.46,"2026-09-09",553,"N20","nominal","2.0NRT",289.16,7.49,"D"
"650",66.86716,77.30417,340.22,0.42,0.45,"2026-09-09",553,"N20","nominal","2.0NRT",283.08,7.9,"D"
"651",66.19827,70.99644,327.56,0.6,0.53,"2026-09-09",553,"N20","nominal","2.0NRT",287.38,5.08,"D"
"652",70.43577,68.46599,346.49,0.42,0.45,"2026-09-09",555,"N20","nominal","2.0NRT",284.12,6.2,"D"
"653",65.04185,56.67706,348.81,0.64,0.72,"2026-09-09",555,"N20","nominal","2.0NRT",284.79,8.74,"D"
"654",69.26403,57.29147,350.99,0.35,0.57,"2026-09-09",555,"N20","nominal","2.0NRT",280.83,4.39,"D"
"655",9.09846,80.28683,332.77,0.53,0.67,"2026-09-09",718,"N20","nominal","2.0NRT",296.03,4.57,"D"
"656",9.47193,78.64805,330.47,0.67,0.74,"2026-09-09",720,"N20","nominal","2.0NRT",293.78,3.7,"D"
"657",14.40254,100.34415,336.9,0.4,0.6,"2026-09-09",720,"N20","nominal","2.0NRT",283.61,4.55,"D"
"658",14.39431,100.08032,332.47,0.39,0.59,"2026-09-09",720,"N20","nominal","2.0NRT",289.13,1.93,"D"
"659",15.01665,100.43539,342.41,0.42,0.61,"2026-09-09",720,"N20","nominal","2.0NRT",277.11,6.25,"D"
"660",17.32554,80.95416,326.41,0.33,0.55,"2026-09-09",720,"N20","nominal","2.0NRT",283.61,1.91,"D"
"661",22.37596,87.27834,330.26,0.39,0.37,"2026-09-09",722,"N20","nominal","2.0NRT",290.61,4.77,"D"
"662",23.55772,87.24059,334.66,0.39,0.36,"2026-09-09",722,"N20","nominal","2.0NRT",294.07,3.12,"D"
"663",24.87994,97.06812,330.79,0.33,0.55,"2026-09-09",722,"N20","nominal","2.0NRT",289.2,1.74,"D"
"664",23.66389,87.15851,335.58,0.39,0.36,"2026-09-09",722,"N20","nominal","2.0NRT",296.65,3.13,"D"
"665",23.66329,87.15471,339.78,0.39,0.36,"2026-09-09",722,"N20","nominal","2.0NRT",298.1,3.13,"D"
"666",23.71214,86.45125,334.91,0.4,0.37,"2026-09-09",722,"N20","nominal","2.0NRT",293.46,4.66,"D"
"667",23.69552,86.07839,332.85,0.41,0.37,"2026-09-09",722,"N20","nominal","2.0NRT",288.71,4.86,"D"
"668",25.17406,97.27593,351.73,0.34,0.56,"2026-09-09",722,"N20","nominal","2.0NRT",291.17,5.49,"D"
"669",27.87007,96.91795,332.8,0.35,0.57,"2026-09-09",724,"N20","nominal","2.0NRT",291.81,2.58,"D"
"670",27.8131,96.25957,331.39,0.32,0.54,"2026-09-09",724,"N20","nominal","2.0NRT",292.33,1.89,"D"
"671",27.79294,95.92587,331.25,0.61,0.53,"2026-09-09",724,"N20","nominal","2.0NRT",290.81,2.87,"D"
"672",28.01411,96.66708,343.3,0.34,0.56,"2026-09-09",724,"N20","nominal","2.0NRT",289.66,16.74,"D"
"673",28.01386,96.66398,347.14,0.34,0.56,"2026-09-09",724,"N20","nominal","2.0NRT",293.99,26.78,"D"
"674",27.01406,87.4416,345.56,0.38,0.36,"2026-09-09",724,"N20","nominal","2.0NRT",302.78,15.12,"D"
"675",31.36939,72.37938,343.79,0.55,0.68,"2026-09-09",726,"N20","nominal","2.0NRT",296.35,5.28,"D"
"676",31.36776,72.37775,351.82,0.55,0.68,"2026-09-09",726,"N20","nominal","2.0NRT",296.63,8.62,"D"
"677",36.7701,81.79086,338.75,0.42,0.38,"2026-09-09",726,"N20","low","2.0NRT",310.86,6.67,"D"
"678",40.03598,83.05106,339.68,0.38,0.36,"2026-09-09",726,"N20","low","2.0NRT",313.06,5.13,"D"
"679",40.02457,79.201,345.04,0.47,0.4,"2026-09-09",729,"N20","nominal","2.0NRT",301.35,5.62,"D"
"680",40.79399,83.67846,341.07,0.38,0.36,"2026-09-09",729,"N20","nominal","2.0NRT",309.32,6.06,"D"
"681",41.03872,80.28291,330.08,0.42,0.38,"2026-09-09",729,"N20","nominal","2.0NRT",298.21,2.94,"D"
"682",42.68039,93.54427,336.05,0.63,0.54,"2026-09-09",729,"N20","nominal","2.0NRT",305.19,3.62,"D"
"683",38.04998,67.26586,367,0.68,0.74,"2026-09-09",729,"N20","high","2.0NRT",314.12,14.84,"D"
"684",38.04744,67.26855,345.77,0.68,0.74,"2026-09-09",729,"N20","nominal","2.0NRT",311.11,7.15,"D"
"685",41.83062,81.78942,332.28,0.39,0.36,"2026-09-09",729,"N20","nominal","2.0NRT",302.8,2.66,"D"
"686",41.83239,81.77927,338.02,0.39,0.36,"2026-09-09",729,"N20","nominal","2.0NRT",302.01,5.59,"D"
"687",43.67825,95.02468,367,0.38,0.59,"2026-09-09",729,"N20","high","2.0NRT",306.92,8.56,"D"
"688",43.6774,95.00512,343.02,0.38,0.59,"2026-09-09",729,"N20","nominal","2.0NRT",305.26,2.73,"D"
"689",43.68307,95.00975,333.84,0.38,0.59,"2026-09-09",729,"N20","nominal","2.0NRT",304.65,1.51,"D"
"690",43.6955,95.04347,342.83,0.38,0.59,"2026-09-09",729,"N20","nominal","2.0NRT",304.55,4.21,"D"
"691",43.85522,87.32136,330.56,0.5,0.41,"2026-09-09",729,"N20","low","2.0NRT",303.22,1.99,"D"
"692",43.14457,81.19548,335.78,0.39,0.36,"2026-09-09",729,"N20","nominal","2.0NRT",296.04,3.88,"D"
"693",44.03962,87.46192,331.74,0.5,0.41,"2026-09-09",729,"N20","low","2.0NRT",303.92,2.61,"D"
"694",41.2386,71.66236,367,0.33,0.55,"2026-09-09",729,"N20","high","2.0NRT",321.8,32.13,"D"
"695",40.8702,69.5344,342.39,0.43,0.62,"2026-09-09",729,"N20","nominal","2.0NRT",305.21,4.17,"D"
"696",40.86882,69.52953,339.11,0.43,0.62,"2026-09-09",729,"N20","nominal","2.0NRT",306.31,4.17,"D"
"697",44.18735,86.04945,335.57,0.45,0.39,"2026-09-09",729,"N20","low","2.0NRT",310.25,1.86,"D"
"698",43.75389,81.83284,331.06,0.38,0.36,"2026-09-09",729,"N20","low","2.0NRT",305.98,2.83,"D"
"699",44.84834,90.94041,330.66,0.49,0.49,"2026-09-09",729,"N20","low","2.0NRT",302.82,3.68,"D"
"700",44.84785,90.93407,343.42,0.49,0.49,"2026-09-09",729,"N20","nominal","2.0NRT",306.81,6.82,"D"
"701",44.85018,90.93833,341.74,0.49,0.49,"2026-09-09",729,"N20","nominal","2.0NRT",303.79,5.37,"D"
"702",44.84973,90.93198,339,0.49,0.49,"2026-09-09",729,"N20","nominal","2.0NRT",305.64,5.37,"D"
"703",43.55797,79.64484,340.25,0.41,0.37,"2026-09-09",729,"N20","low","2.0NRT",314.45,4.45,"D"
"704",42.87671,73.15494,341.59,0.5,0.49,"2026-09-09",729,"N20","nominal","2.0NRT",310.02,6.93,"D"
"705",42.88245,73.15884,343.8,0.5,0.49,"2026-09-09",729,"N20","nominal","2.0NRT",311.67,6.93,"D"
"706",42.86648,73.01509,355.77,0.51,0.5,"2026-09-09",729,"N20","nominal","2.0NRT",318.79,22.62,"D"
"707",42.87804,73.02295,347.05,0.51,0.5,"2026-09-09",729,"N20","nominal","2.0NRT",311.87,16.01,"D"
"708",43.47111,73.92262,342.88,0.45,0.47,"2026-09-09",729,"N20","nominal","2.0NRT",313.38,4.45,"D"
"709",43.00549,71.71043,342.47,0.59,0.53,"2026-09-09",729,"N20","nominal","2.0NRT",308.66,4.09,"D"
"710",44.86263,78.72676,331.39,0.42,0.38,"2026-09-09",729,"N20","nominal","2.0NRT",304.67,1.48,"D"
"711",48.26309,83.45252,345.97,0.42,0.37,"2026-09-09",731,"N20","nominal","2.0NRT",298.97,20.14,"D"
"712",48.26793,83.46269,352.97,0.42,0.37,"2026-09-09",731,"N20","nominal","2.0NRT",299.36,32.96,"D"
"713",48.26721,83.45712,339.84,0.42,0.37,"2026-09-09",731,"N20","nominal","2.0NRT",298.75,20.14,"D"
"714",48.71048,82.71554,342.01,0.41,0.37,"2026-09-09",731,"N20","nominal","2.0NRT",307.89,5.61,"D"
"715",50.8493,97.97874,356.45,0.58,0.7,"2026-09-09",731,"N20","nominal","2.0NRT",294.4,12.99,"D"
"716",50.84954,97.98029,351.06,0.58,0.7,"2026-09-09",731,"N20","nominal","2.0NRT",294.01,14.45,"D"
"717",49.11388,74.86052,344.91,0.47,0.4,"2026-09-09",729,"N20","low","2.0NRT",316.91,7.15,"D"
"718",49.13348,74.91922,350.21,0.47,0.4,"2026-09-09",729,"N20","nominal","2.0NRT",315.88,9.43,"D"
"719",49.13579,74.91174,353.35,0.47,0.4,"2026-09-09",729,"N20","nominal","2.0NRT",314.8,9.43,"D"
"720",49.12574,74.86224,339.7,0.47,0.4,"2026-09-09",729,"N20","low","2.0NRT",313.08,4.74,"D"
"721",49.1393,74.91018,337.88,0.47,0.4,"2026-09-09",729,"N20","low","2.0NRT",312.66,4.76,"D"
"722",49.13811,74.90432,346.45,0.47,0.4,"2026-09-09",729,"N20","nominal","2.0NRT",311.55,12.25,"D"
"723",49.14626,74.90676,342.41,0.47,0.4,"2026-09-09",729,"N20","nominal","2.0NRT",311.04,18.51,"D"
"724",49.14505,74.90074,353.89,0.47,0.4,"2026-09-09",729,"N20","nominal","2.0NRT",315.92,34.61,"D"
"725",49.14973,74.90495,348.08,0.47,0.4,"2026-09-09",729,"N20","nominal","2.0NRT",318.39,18.51,"D"
"726",49.1485,74.89889,345.4,0.47,0.4,"2026-09-09",729,"N20","nominal","2.0NRT",315.36,34.61,"D"
"727",49.51776,73.81815,341.7,0.5,0.41,"2026-09-09",729,"N20","low","2.0NRT",315.72,7.2,"D"
"728",49.51638,73.81158,348.29,0.5,0.41,"2026-09-09",729,"N20","nominal","2.0NRT",315.99,7.2,"D"
"729",49.51859,73.80319,346.44,0.5,0.41,"2026-09-09",729,"N20","nominal","2.0NRT",315.95,7.81,"D"
"730",49.52493,73.81456,345.52,0.5,0.41,"2026-09-09",729,"N20","low","2.0NRT",316.08,20.44,"D"
"731",49.52435,73.79286,341.27,0.5,0.41,"2026-09-09",729,"N20","low","2.0NRT",315.48,8.88,"D"
"732",49.5321,73.81095,348.14,0.5,0.41,"2026-09-09",729,"N20","low","2.0NRT",319.82,32.16,"D"
"733",49.53152,73.78921,367,0.5,0.41,"2026-09-09",729,"N20","high","2.0NRT",318.56,11.53,"D"
"734",49.53511,73.7874,353.12,0.5,0.41,"2026-09-09",729,"N20","nominal","2.0NRT",316.62,11.53,"D"
"735",49.54149,73.79898,350.05,0.5,0.41,"2026-09-09",729,"N20","nominal","2.0NRT",316.99,16.26,"D"
"736",49.53869,73.78559,347.8,0.5,0.41,"2026-09-09",729,"N20","nominal","2.0NRT",316.8,20.47,"D"
"737",49.54507,73.79716,348.89,0.5,0.41,"2026-09-09",729,"N20","nominal","2.0NRT",313.7,16.26,"D"
"738",49.54369,73.79053,354.16,0.5,0.41,"2026-09-09",729,"N20","nominal","2.0NRT",318.59,20.47,"D"
"739",49.54228,73.7838,367,0.5,0.41,"2026-09-09",729,"N20","low","2.0NRT",325.9,20.47,"D"
"740",49.53708,73.80831,367,0.5,0.41,"2026-09-09",729,"N20","high","2.0NRT",331.51,105.55,"D"
"741",49.53283,73.78841,367,0.5,0.41,"2026-09-09",729,"N20","high","2.0NRT",318.79,8.09,"D"
"742",49.53641,73.7866,342.89,0.5,0.41,"2026-09-09",729,"N20","nominal","2.0NRT",314.65,8.09,"D"
"743",49.54285,73.79816,350.3,0.5,0.41,"2026-09-09",729,"N20","nominal","2.0NRT",317.54,17.95,"D"
"744",49.54144,73.79153,342.17,0.5,0.41,"2026-09-09",729,"N20","low","2.0NRT",315.63,17.95,"D"
"745",49.54,73.7848,347.67,0.5,0.41,"2026-09-09",729,"N20","low","2.0NRT",318.37,53.01,"D"
"746",49.54502,73.78973,354.24,0.5,0.41,"2026-09-09",729,"N20","nominal","2.0NRT",319.89,17.95,"D"
"747",49.54861,73.78793,356.11,0.5,0.41,"2026-09-09",729,"N20","nominal","2.0NRT",315.92,18.22,"D"
"748",52.05515,91.73353,350.75,0.63,0.54,"2026-09-09",729,"N20","nominal","2.0NRT",301.12,19.51,"D"
"749",51.51816,82.0223,333.51,0.41,0.37,"2026-09-09",729,"N20","low","2.0NRT",304.96,3.52,"D"
"750",51.51741,82.01641,349.71,0.41,0.37,"2026-09-09",729,"N20","nominal","2.0NRT",308.61,3.52,"D"
"751",51.52155,82.0212,342.93,0.41,0.37,"2026-09-09",729,"N20","nominal","2.0NRT",305.14,5.37,"D"
"752",51.52493,82.0201,345.15,0.41,0.37,"2026-09-09",729,"N20","nominal","2.0NRT",307.32,5.37,"D"
"753",51.53358,82.00501,341.77,0.41,0.37,"2026-09-09",729,"N20","nominal","2.0NRT",311.12,2.92,"D"
"754",51.53696,82.00391,338.29,0.41,0.37,"2026-09-09",729,"N20","low","2.0NRT",309.07,2.92,"D"
"755",51.54034,82.0028,344.55,0.41,0.37,"2026-09-09",729,"N20","nominal","2.0NRT",305.36,6.66,"D"
"756",50.03835,73.01311,338.11,0.52,0.42,"2026-09-09",729,"N20","low","2.0NRT",309.72,5.4,"D"
"757",51.25702,75.63933,341.2,0.42,0.38,"2026-09-09",729,"N20","nominal","2.0NRT",312.82,3.99,"D"
"758",51.25593,75.63353,334.92,0.42,0.38,"2026-09-09",729,"N20","nominal","2.0NRT",308.33,1.52,"D"
"759",52.34218,78.6934,337.21,0.38,0.36,"2026-09-09",729,"N20","nominal","2.0NRT",311.86,2.43,"D"
"760",50.91551,69.52677,337.35,0.45,0.47,"2026-09-09",729,"N20","nominal","2.0NRT",310.21,3.23,"D"
"761",53.88931,87.28548,338.22,0.43,0.46,"2026-09-09",729,"N20","nominal","2.0NRT",302.09,6.12,"D"
"762",53.88735,87.25937,335.65,0.43,0.46,"2026-09-09",729,"N20","nominal","2.0NRT",302.76,3.9,"D"
"763",54.15473,87.13271,335.58,0.42,0.45,"2026-09-09",729,"N20","nominal","2.0NRT",308.66,4.45,"D"
"764",54.15475,87.131,334.29,0.42,0.46,"2026-09-09",729,"N20","low","2.0NRT",307.88,3.58,"D"
"765",51.28267,68.33557,340.55,0.48,0.48,"2026-09-09",729,"N20","nominal","2.0NRT",306.78,5.63,"D"
"766",51.28515,68.32642,353.58,0.48,0.48,"2026-09-09",729,"N20","nominal","2.0NRT",310.45,8.97,"D"
"767",51.2893,68.32375,342.1,0.48,0.48,"2026-09-09",729,"N20","nominal","2.0NRT",309.5,8.08,"D"
"768",51.28764,68.31728,342.38,0.49,0.48,"2026-09-09",729,"N20","nominal","2.0NRT",307.9,8.08,"D"
"769",51.29178,68.31463,346.75,0.49,0.48,"2026-09-09",729,"N20","nominal","2.0NRT",311.56,8.08,"D"
"770",51.29593,68.31195,341.89,0.49,0.48,"2026-09-09",729,"N20","nominal","2.0NRT",312.85,10.57,"D"
"771",51.30006,68.30924,342.04,0.49,0.48,"2026-09-09",729,"N20","nominal","2.0NRT",309.36,10.57,"D"
"772",51.30419,68.3065,342.02,0.49,0.48,"2026-09-09",729,"N20","nominal","2.0NRT",309.45,5.34,"D"
"773",51.30831,68.30373,345.21,0.49,0.48,"2026-09-09",729,"N20","nominal","2.0NRT",308.8,5.34,"D"
"774",53.23306,76.73943,335.37,0.39,0.36,"2026-09-09",729,"N20","nominal","2.0NRT",310.22,2.08,"D"
"775",55.07288,90.82353,346.98,0.6,0.53,"2026-09-09",731,"N20","nominal","2.0NRT",297.98,10.71,"D"
"776",55.07248,90.81405,344.01,0.6,0.53,"2026-09-09",731,"N20","nominal","2.0NRT",296.8,10.71,"D"
"777",55.09145,90.90911,325.25,0.61,0.53,"2026-09-09",731,"N20","low","2.0NRT",296.35,1.69,"D"
"778",55.17847,90.49523,351.01,0.59,0.53,"2026-09-09",731,"N20","nominal","2.0NRT",296.37,8.03,"D"
"779",55.17805,90.486,335.39,0.59,0.53,"2026-09-09",731,"N20","nominal","2.0NRT",295.18,8.03,"D"
"780",55.18568,90.04206,349.34,0.56,0.52,"2026-09-09",731,"N20","nominal","2.0NRT",298.22,24.7,"D"
"781",55.19045,90.04129,339.19,0.56,0.52,"2026-09-09",731,"N20","nominal","2.0NRT",296.7,24.7,"D"
"782",55.18526,90.04295,340.33,0.56,0.52,"2026-09-09",731,"N20","nominal","2.0NRT",297,24.93,"D"
"783",55.18483,90.03368,346.44,0.56,0.52,"2026-09-09",731,"N20","nominal","2.0NRT",310.62,24.93,"D"
"784",55.19004,90.04216,339.21,0.56,0.52,"2026-09-09",731,"N20","nominal","2.0NRT",295.94,24.93,"D"
"785",55.1896,90.03286,329.35,0.56,0.52,"2026-09-09",731,"N20","nominal","2.0NRT",300.12,24.93,"D"
"786",55.29151,90.55833,337.74,0.59,0.53,"2026-09-09",731,"N20","nominal","2.0NRT",297.05,4.6,"D"
"787",55.29993,90.52763,335.44,0.59,0.53,"2026-09-09",731,"N20","nominal","2.0NRT",297.07,8.76,"D"
"788",55.28943,90.3035,339.53,0.58,0.52,"2026-09-09",731,"N20","nominal","2.0NRT",302.19,36.1,"D"
"789",55.29426,90.30279,353,0.58,0.52,"2026-09-09",731,"N20","nominal","2.0NRT",300.22,28.31,"D"
"790",55.29954,90.31129,346.62,0.58,0.52,"2026-09-09",731,"N20","nominal","2.0NRT",300.2,24.53,"D"
"791",55.30437,90.3106,351.07,0.58,0.52,"2026-09-09",731,"N20","nominal","2.0NRT",299.44,13.2,"D"
"792",55.2934,90.55069,341.01,0.59,0.53,"2026-09-09",731,"N20","nominal","2.0NRT",297.74,9.71,"D"
"793",55.28799,90.30591,339.43,0.58,0.52,"2026-09-09",731,"N20","nominal","2.0NRT",295.56,7.98,"D"
"794",55.29282,90.30516,340.49,0.58,0.52,"2026-09-09",731,"N20","nominal","2.0NRT",297.67,14.24,"D"
"795",55.29242,90.29588,334.86,0.58,0.52,"2026-09-09",731,"N20","nominal","2.0NRT",296.26,15.14,"D"
"796",52.88126,71.4111,336.51,0.51,0.41,"2026-09-09",731,"N20","low","2.0NRT",309.77,10.3,"D"
"797",55.29805,90.31366,339.74,0.58,0.52,"2026-09-09",731,"N20","nominal","2.0NRT",294.98,14.24,"D"
"798",55.29765,90.30442,354.79,0.58,0.52,"2026-09-09",731,"N20","nominal","2.0NRT",296.46,14.24,"D"
"799",52.88644,71.41616,342.71,0.51,0.41,"2026-09-09",731,"N20","nominal","2.0NRT",312.07,10.3,"D"
"800",52.88485,71.40895,348.38,0.51,0.41,"2026-09-09",731,"N20","nominal","2.0NRT",313.68,10.3,"D"
"801",55.30289,90.31293,341.36,0.58,0.52,"2026-09-09",731,"N20","nominal","2.0NRT",299.2,29.29,"D"
"802",52.89002,71.414,344.73,0.51,0.41,"2026-09-09",731,"N20","nominal","2.0NRT",312.34,28.56,"D"
"803",52.88843,71.40679,343.52,0.51,0.41,"2026-09-09",731,"N20","nominal","2.0NRT",315.56,28.56,"D"
"804",52.89042,71.3974,367,0.51,0.41,"2026-09-09",731,"N20","high","2.0NRT",347.75,179.73,"D"
"805",52.89201,71.40462,346.02,0.51,0.41,"2026-09-09",731,"N20","nominal","2.0NRT",313.78,28.56,"D"
"806",52.89401,71.39525,367,0.51,0.41,"2026-09-09",731,"N20","high","2.0NRT",340.24,181,"D"
"807",52.89719,71.40967,334,0.51,0.41,"2026-09-09",731,"N20","low","2.0NRT",306.48,28.51,"D"
"808",55.39994,91.49893,367,0.32,0.55,"2026-09-09",731,"N20","high","2.0NRT",301.64,12.16,"D"
"809",55.40012,91.50415,356.38,0.32,0.55,"2026-09-09",731,"N20","nominal","2.0NRT",297.41,11.08,"D"
"810",55.40596,91.52454,367,0.32,0.55,"2026-09-09",731,"N20","high","2.0NRT",296.35,7.39,"D"
"811",55.40577,91.51932,367,0.32,0.55,"2026-09-09",731,"N20","high","2.0NRT",297.53,8.63,"D"
"812",55.40559,91.51408,367,0.32,0.55,"2026-09-09",731,"N20","high","2.0NRT",296.86,8.63,"D"
"813",55.4054,91.50886,367,0.32,0.55,"2026-09-09",731,"N20","high","2.0NRT",297.53,11.08,"D"
"814",55.40521,91.50365,367,0.32,0.55,"2026-09-09",731,"N20","high","2.0NRT",298.92,11.08,"D"
"815",55.40502,91.49844,367,0.32,0.55,"2026-09-09",731,"N20","high","2.0NRT",298.29,12.16,"D"
"816",55.40615,91.52977,355.36,0.32,0.55,"2026-09-09",731,"N20","nominal","2.0NRT",295.97,7.39,"D"
"817",55.37123,90.64568,339.33,0.6,0.53,"2026-09-09",731,"N20","nominal","2.0NRT",297.1,15.56,"D"
"818",55.37083,90.63638,333.85,0.6,0.53,"2026-09-09",731,"N20","nominal","2.0NRT",299.24,15.56,"D"
"819",55.32288,89.62369,355.42,0.54,0.51,"2026-09-09",731,"N20","nominal","2.0NRT",300.07,18.5,"D"
"820",55.41124,91.52926,367,0.32,0.55,"2026-09-09",731,"N20","high","2.0NRT",293.71,8.11,"D"
"821",55.41143,91.53452,346.2,0.32,0.55,"2026-09-09",731,"N20","nominal","2.0NRT",293.98,5.46,"D"
"822",55.41105,91.52403,354.78,0.32,0.55,"2026-09-09",731,"N20","nominal","2.0NRT",294.03,8.11,"D"
"823",55.41029,91.50314,336.69,0.32,0.55,"2026-09-09",731,"N20","nominal","2.0NRT",294.42,13.72,"D"
"824",55.4101,91.49791,346.3,0.32,0.55,"2026-09-09",731,"N20","nominal","2.0NRT",294.78,6.09,"D"
"825",55.40991,91.4927,330.56,0.32,0.55,"2026-09-09",731,"N20","nominal","2.0NRT",297.12,6.09,"D"
"826",55.37613,90.64493,333.58,0.6,0.53,"2026-09-09",731,"N20","nominal","2.0NRT",296.92,8.23,"D"
"827",55.41614,91.52358,367,0.32,0.55,"2026-09-09",731,"N20","high","2.0NRT",292.39,8.11,"D"
"828",55.41595,91.51833,367,0.32,0.55,"2026-09-09",731,"N20","high","2.0NRT",295.47,30.53,"D"
"829",55.41557,91.50787,367,0.32,0.55,"2026-09-09",731,"N20","high","2.0NRT",298.17,13.72,"D"
"830",55.41538,91.50265,367,0.32,0.55,"2026-09-09",731,"N20","high","2.0NRT",297.2,13.72,"D"
"831",55.41519,91.49743,367,0.32,0.55,"2026-09-09",731,"N20","high","2.0NRT",296.49,6.09,"D"
"832",55.41576,91.51309,351.51,0.32,0.55,"2026-09-09",731,"N20","nominal","2.0NRT",300.65,30.53,"D"
"833",55.44048,91.3588,335.28,0.32,0.55,"2026-09-09",731,"N20","nominal","2.0NRT",296.2,2.01,"D"
"834",55.44028,91.35359,330.57,0.32,0.55,"2026-09-09",731,"N20","nominal","2.0NRT",296.43,2.01,"D"
"835",55.4438,91.355,331.15,0.32,0.55,"2026-09-09",731,"N20","nominal","2.0NRT",295.72,4.46,"D"
"836",55.48351,89.76998,341.84,0.55,0.51,"2026-09-09",731,"N20","nominal","2.0NRT",298.18,5.49,"D"
"837",55.48421,89.77176,342.42,0.55,0.51,"2026-09-09",731,"N20","nominal","2.0NRT",297.77,6.67,"D"
"838",52.29386,67.88261,332.11,0.47,0.48,"2026-09-09",731,"N20","nominal","2.0NRT",303.65,2.53,"D"
"839",52.29794,67.87984,335.02,0.47,0.48,"2026-09-09",731,"N20","nominal","2.0NRT",302.56,2.53,"D"
"840",55.30291,85.59678,332.4,0.38,0.43,"2026-09-09",731,"N20","low","2.0NRT",302.93,4.31,"D"
"841",55.35604,85.99164,339.23,0.4,0.44,"2026-09-09",731,"N20","nominal","2.0NRT",303.13,4.8,"D"
"842",55.59922,89.67374,328.52,0.55,0.51,"2026-09-09",731,"N20","nominal","2.0NRT",294.29,14.98,"D"
"843",55.59879,89.66483,337.48,0.55,0.51,"2026-09-09",731,"N20","nominal","2.0NRT",295.41,24.69,"D"
"844",55.36866,86.0467,332.83,0.4,0.44,"2026-09-09",731,"N20","nominal","2.0NRT",302.28,2.43,"D"
"845",55.60307,89.6551,367,0.55,0.51,"2026-09-09",731,"N20","high","2.0NRT",300.5,24.69,"D"
"846",55.60394,89.67289,339.42,0.55,0.51,"2026-09-09",731,"N20","nominal","2.0NRT",296.66,14.98,"D"
"847",55.6035,89.66398,346.57,0.55,0.51,"2026-09-09",731,"N20","nominal","2.0NRT",305.8,24.69,"D"
"848",55.59267,89.26295,367,0.53,0.5,"2026-09-09",731,"N20","high","2.0NRT",300.8,14.69,"D"
"849",55.59222,89.25439,352.13,0.53,0.5,"2026-09-09",731,"N20","nominal","2.0NRT",301.78,14.69,"D"
"850",55.59177,89.24586,342.21,0.53,0.5,"2026-09-09",731,"N20","nominal","2.0NRT",299.55,7.03,"D"
"851",55.60196,89.26141,344.1,0.53,0.5,"2026-09-09",731,"N20","nominal","2.0NRT",299.05,7.82,"D"
"852",55.60151,89.25288,341.33,0.53,0.5,"2026-09-09",731,"N20","nominal","2.0NRT",298.44,7.82,"D"
"853",55.60106,89.24442,344.17,0.53,0.5,"2026-09-09",731,"N20","nominal","2.0NRT",298.88,8.95,"D"
"854",55.60062,89.23598,346.16,0.53,0.5,"2026-09-09",731,"N20","nominal","2.0NRT",299.1,8.95,"D"
"855",55.60017,89.2276,338.68,0.53,0.5,"2026-09-09",731,"N20","nominal","2.0NRT",299.8,6.85,"D"
"856",55.60526,89.23524,367,0.53,0.5,"2026-09-09",731,"N20","high","2.0NRT",300.54,12.58,"D"
"857",55.60571,89.24366,345.68,0.53,0.5,"2026-09-09",731,"N20","nominal","2.0NRT",298.05,12.58,"D"
"858",55.60481,89.22688,335.11,0.53,0.5,"2026-09-09",731,"N20","nominal","2.0NRT",299.77,8.66,"D"
"859",55.64804,89.6038,327.59,0.55,0.51,"2026-09-09",731,"N20","low","2.0NRT",297.97,3.38,"D"
"860",55.65926,89.63733,331.1,0.55,0.51,"2026-09-09",731,"N20","nominal","2.0NRT",296.59,4.47,"D"
"861",55.65881,89.62855,336.83,0.55,0.51,"2026-09-09",731,"N20","nominal","2.0NRT",297.77,4.47,"D"
"862",55.7914,90.078,346.99,0.57,0.52,"2026-09-09",731,"N20","nominal","2.0NRT",299.6,6.52,"D"
"863",55.79622,90.07741,341.36,0.57,0.52,"2026-09-09",731,"N20","nominal","2.0NRT",297.81,6.52,"D"
"864",55.77253,89.50836,367,0.54,0.51,"2026-09-09",731,"N20","high","2.0NRT",301.06,20.04,"D"
"865",55.84278,90.55667,336.59,0.6,0.53,"2026-09-09",731,"N20","nominal","2.0NRT",297.67,6.88,"D"
"866",55.77422,89.51736,326.42,0.54,0.51,"2026-09-09",731,"N20","low","2.0NRT",298.51,8.2,"D"
"867",55.77379,89.50851,355.05,0.54,0.51,"2026-09-09",731,"N20","nominal","2.0NRT",300.43,8.2,"D"
"868",55.77337,89.49968,333.75,0.54,0.51,"2026-09-09",731,"N20","nominal","2.0NRT",297.2,6.72,"D"
"869",55.84433,90.55756,338.77,0.6,0.53,"2026-09-09",731,"N20","nominal","2.0NRT",297.58,7.29,"D"
"870",55.85374,90.54628,339.76,0.6,0.53,"2026-09-09",731,"N20","nominal","2.0NRT",297.8,8.96,"D"
"871",53.32008,70.58202,349.56,0.53,0.42,"2026-09-09",731,"N20","nominal","2.0NRT",313.17,16.81,"D"
"872",53.3254,70.58721,333.95,0.53,0.42,"2026-09-09",731,"N20","low","2.0NRT",308.28,29.13,"D"
"873",53.32204,70.57223,332.07,0.53,0.42,"2026-09-09",731,"N20","low","2.0NRT",306.67,30.94,"D"
"874",53.32372,70.57973,367,0.53,0.42,"2026-09-09",731,"N20","low","2.0NRT",326.53,29.13,"D"
"875",53.32903,70.58491,337.59,0.53,0.42,"2026-09-09",731,"N20","nominal","2.0NRT",309.92,29.13,"D"
"876",53.32735,70.57742,346.99,0.53,0.42,"2026-09-09",731,"N20","nominal","2.0NRT",321.7,29.13,"D"
"877",53.32567,70.56991,307.78,0.53,0.42,"2026-09-09",731,"N20","low","2.0NRT",312.06,30.94,"D"
"878",53.32929,70.56758,367,0.53,0.42,"2026-09-09",731,"N20","high","2.0NRT",331.72,127.98,"D"
"879",53.33265,70.5826,339.85,0.53,0.42,"2026-09-09",731,"N20","nominal","2.0NRT",311.77,76.15,"D"
"880",53.33097,70.5751,350.84,0.53,0.42,"2026-09-09",731,"N20","nominal","2.0NRT",320.58,76.15,"D"
"881",53.33292,70.56525,367,0.53,0.42,"2026-09-09",731,"N20","high","2.0NRT",331.68,127.98,"D"
"882",53.33628,70.58028,346.18,0.53,0.42,"2026-09-09",731,"N20","nominal","2.0NRT",313.47,76.15,"D"
"883",53.3346,70.57276,352.86,0.53,0.42,"2026-09-09",731,"N20","nominal","2.0NRT",320.09,76.15,"D"
"884",53.3399,70.57797,347.62,0.53,0.42,"2026-09-09",731,"N20","nominal","2.0NRT",313.76,46.75,"D"
"885",53.33822,70.57043,356.31,0.53,0.42,"2026-09-09",731,"N20","nominal","2.0NRT",320.82,46.75,"D"
"886",53.33654,70.56292,313.65,0.53,0.42,"2026-09-09",731,"N20","low","2.0NRT",320.61,93.8,"D"
"887",53.34354,70.57567,343.7,0.53,0.42,"2026-09-09",731,"N20","nominal","2.0NRT",310.9,46.75,"D"
"888",53.34185,70.56813,367,0.53,0.42,"2026-09-09",731,"N20","low","2.0NRT",334.2,46.75,"D"
"889",53.34549,70.56583,367,0.53,0.42,"2026-09-09",731,"N20","high","2.0NRT",331.74,168.38,"D"
"890",55.9261,89.89442,346.67,0.57,0.52,"2026-09-09",731,"N20","nominal","2.0NRT",299.9,8.06,"D"
"891",55.9313,89.90275,340.81,0.57,0.52,"2026-09-09",731,"N20","nominal","2.0NRT",299.61,8.06,"D"
"892",55.94044,89.89214,344.42,0.57,0.52,"2026-09-09",731,"N20","nominal","2.0NRT",300.51,11.63,"D"
"893",55.94003,89.88322,351.28,0.56,0.52,"2026-09-09",731,"N20","nominal","2.0NRT",299.51,13.41,"D"
"894",55.94522,89.89152,342.28,0.57,0.52,"2026-09-09",731,"N20","nominal","2.0NRT",297.91,12.11,"D"
"895",55.97807,89.3103,330.45,0.54,0.51,"2026-09-09",731,"N20","nominal","2.0NRT",296.41,2.85,"D"
"896",55.97761,89.3017,340.97,0.54,0.51,"2026-09-09",731,"N20","nominal","2.0NRT",298.87,4.44,"D"
"897",55.97716,89.29319,327.28,0.54,0.51,"2026-09-09",731,"N20","nominal","2.0NRT",297.71,4.44,"D"
"898",55.98275,89.30976,335.92,0.54,0.51,"2026-09-09",731,"N20","nominal","2.0NRT",297.67,6.56,"D"
"899",55.98228,89.30105,346.12,0.54,0.51,"2026-09-09",731,"N20","nominal","2.0NRT",297.58,8.76,"D"
"900",55.98182,89.2924,351.66,0.54,0.51,"2026-09-09",731,"N20","nominal","2.0NRT",300.05,8.76,"D"
"901",55.97997,89.31048,329.95,0.54,0.51,"2026-09-09",731,"N20","nominal","2.0NRT",297.2,6.62,"D"
"902",55.97955,89.3018,347.76,0.54,0.51,"2026-09-09",731,"N20","nominal","2.0NRT",298.37,6.62,"D"
"903",55.97912,89.29324,344.36,0.54,0.51,"2026-09-09",731,"N20","nominal","2.0NRT",299.53,9.91,"D"
"904",55.98466,89.30999,327.88,0.54,0.51,"2026-09-09",731,"N20","nominal","2.0NRT",296.58,3.36,"D"
"905",55.98423,89.30124,334.09,0.54,0.51,"2026-09-09",731,"N20","nominal","2.0NRT",296.92,3.36,"D"
"906",55.9838,89.2925,331.43,0.54,0.51,"2026-09-09",731,"N20","nominal","2.0NRT",298.27,5.74,"D"
"907",56.22826,90.41752,330.08,0.6,0.53,"2026-09-09",731,"N20","low","2.0NRT",302.44,9.27,"D"
"908",54.07658,72.16673,342.27,0.46,0.39,"2026-09-09",731,"N20","nominal","2.0NRT",309.57,4.76,"D"
"909",54.08002,72.1647,337.71,0.46,0.39,"2026-09-09",731,"N20","low","2.0NRT",309.33,3.37,"D"
"910",54.42954,70.99605,333.4,0.49,0.4,"2026-09-09",731,"N20","nominal","2.0NRT",305.9,2.4,"D"
"911",54.33994,69.95721,333.49,0.53,0.42,"2026-09-09",731,"N20","nominal","2.0NRT",303.14,12.36,"D"
"912",55.35607,74.55652,346.44,0.4,0.37,"2026-09-09",731,"N20","nominal","2.0NRT",303.05,5.5,"D"
"913",55.35931,74.55475,346.28,0.4,0.37,"2026-09-09",731,"N20","nominal","2.0NRT",304.36,5.5,"D"
"914",55.0914,72.17886,335.49,0.44,0.39,"2026-09-09",731,"N20","nominal","2.0NRT",293.7,4.91,"D"
"915",55.09743,72.19004,328.01,0.44,0.39,"2026-09-09",731,"N20","nominal","2.0NRT",294.12,4.57,"D"
"916",55.0961,72.18343,338.79,0.44,0.39,"2026-09-09",731,"N20","nominal","2.0NRT",296.16,3.93,"D"
"917",55.09477,72.17681,329.66,0.44,0.39,"2026-09-09",731,"N20","nominal","2.0NRT",294.45,3.93,"D"
"918",55.1008,72.18798,344.94,0.44,0.39,"2026-09-09",731,"N20","nominal","2.0NRT",296.17,4.57,"D"
"919",55.09947,72.18138,334.22,0.44,0.39,"2026-09-09",731,"N20","nominal","2.0NRT",295.72,3.93,"D"
"920",51.8845,59.53861,339.16,0.51,0.66,"2026-09-09",731,"N20","nominal","2.0NRT",292.24,4.33,"D"
"921",57.29704,88.22043,352.96,0.5,0.49,"2026-09-09",731,"N20","nominal","2.0NRT",297.57,9.57,"D"
"922",57.29769,88.22177,340.17,0.5,0.49,"2026-09-09",731,"N20","nominal","2.0NRT",297.65,10.32,"D"
"923",51.97106,59.53771,334.1,0.5,0.66,"2026-09-09",731,"N20","nominal","2.0NRT",288,6.21,"D"
"924",55.54638,71.30683,330.56,0.46,0.39,"2026-09-09",731,"N20","nominal","2.0NRT",297.8,2.31,"D"
"925",57.34906,80.25073,346.28,0.43,0.38,"2026-09-09",731,"N20","nominal","2.0NRT",304.73,15.56,"D"
"926",57.34821,80.2437,354.15,0.43,0.38,"2026-09-09",731,"N20","nominal","2.0NRT",307.01,15.56,"D"
"927",57.3525,80.24933,352.95,0.43,0.38,"2026-09-09",731,"N20","nominal","2.0NRT",310.5,42.89,"D"
"928",57.35164,80.24229,332.36,0.43,0.38,"2026-09-09",731,"N20","low","2.0NRT",305.62,42.89,"D"
"929",57.35593,80.24792,344.19,0.43,0.38,"2026-09-09",731,"N20","nominal","2.0NRT",312.96,42.89,"D"
"930",57.35379,80.25418,332.31,0.43,0.38,"2026-09-09",731,"N20","nominal","2.0NRT",299.84,39.64,"D"
"931",57.35295,80.24713,367,0.43,0.38,"2026-09-09",731,"N20","low","2.0NRT",328.94,39.64,"D"
"932",57.35639,80.24573,353.86,0.43,0.38,"2026-09-09",731,"N20","nominal","2.0NRT",298.53,39.64,"D"
"933",57.35823,80.20065,342.41,0.43,0.38,"2026-09-09",731,"N20","nominal","2.0NRT",304.07,7.65,"D"
"934",57.3574,80.19361,326.98,0.43,0.38,"2026-09-09",731,"N20","nominal","2.0NRT",301.71,3.84,"D"
"935",57.36167,80.19923,352.29,0.43,0.38,"2026-09-09",731,"N20","nominal","2.0NRT",317.76,52.86,"D"
"936",57.36083,80.19221,301.13,0.43,0.38,"2026-09-09",731,"N20","low","2.0NRT",314.51,60.35,"D"
"937",57.3651,80.19784,337.44,0.43,0.38,"2026-09-09",731,"N20","low","2.0NRT",311.12,52.86,"D"
"938",56.49247,73.71545,326.1,0.4,0.37,"2026-09-09",731,"N20","nominal","2.0NRT",299.71,1.16,"D"
"939",57.51428,79.0123,331.36,0.41,0.37,"2026-09-09",731,"N20","nominal","2.0NRT",298.4,2.42,"D"
"940",57.46617,78.42905,331.15,0.4,0.37,"2026-09-09",731,"N20","nominal","2.0NRT",296.52,2.12,"D"
"941",59.11338,89.7582,331.93,0.59,0.53,"2026-09-09",731,"N20","nominal","2.0NRT",295.65,10.03,"D"
"942",59.11296,89.74768,334.91,0.59,0.53,"2026-09-09",731,"N20","nominal","2.0NRT",300.06,14.07,"D"
"943",58.89186,76.83842,325.28,0.39,0.36,"2026-09-09",731,"N20","nominal","2.0NRT",295.68,1.43,"D"
"944",60.42271,96.51157,349.02,0.52,0.67,"2026-09-09",731,"N20","nominal","2.0NRT",295.95,31.36,"D"
"945",60.42256,96.52113,356.5,0.52,0.67,"2026-09-09",731,"N20","low","2.0NRT",288.33,31.36,"D"
"946",60.42892,96.51165,338.74,0.52,0.67,"2026-09-09",731,"N20","nominal","2.0NRT",291.45,31.36,"D"
"947",60.43282,96.24913,342.47,0.51,0.66,"2026-09-09",731,"N20","nominal","2.0NRT",289.1,25.05,"D"
"948",60.42877,96.52152,356.24,0.52,0.67,"2026-09-09",731,"N20","low","2.0NRT",286.64,31.36,"D"
"949",60.43268,96.25935,356.24,0.51,0.66,"2026-09-09",731,"N20","low","2.0NRT",289.26,25.05,"D"
"950",60.43885,96.2582,367,0.51,0.66,"2026-09-09",731,"N20","high","2.0NRT",290.01,25.38,"D"
"951",60.44259,97.15321,349.42,0.55,0.68,"2026-09-09",731,"N20","nominal","2.0NRT",289,7.53,"D"
"952",59.19735,71.37121,331.03,0.4,0.37,"2026-09-09",731,"N20","nominal","2.0NRT",294.4,1.61,"D"
"953",59.20056,71.36895,332.65,0.4,0.37,"2026-09-09",731,"N20","nominal","2.0NRT",295.46,4.94,"D"
"954",59.4719,71.5332,325.9,0.4,0.37,"2026-09-09",731,"N20","nominal","2.0NRT",283.85,1.86,"D"
"955",60.58202,78.72041,330.47,0.43,0.38,"2026-09-09",731,"N20","nominal","2.0NRT",295.56,2.17,"D"
"956",59.88984,71.73761,337.84,0.39,0.36,"2026-09-09",731,"N20","nominal","2.0NRT",297.75,11.45,"D"
"957",60.71582,72.51546,328.94,0.39,0.36,"2026-09-09",733,"N20","nominal","2.0NRT",276.81,4.49,"D"
"958",60.95094,72.40392,328.51,0.39,0.36,"2026-09-09",733,"N20","nominal","2.0NRT",276.35,2.49,"D"
"959",61.01887,72.62298,329.07,0.38,0.36,"2026-09-09",733,"N20","nominal","2.0NRT",282.08,1.9,"D"
"960",61.27966,72.97597,337.24,0.38,0.36,"2026-09-09",733,"N20","nominal","2.0NRT",288.4,4.43,"D"
"961",60.961,70.86563,340.92,0.39,0.36,"2026-09-09",733,"N20","nominal","2.0NRT",287.46,5.06,"D"
"962",60.75217,69.34912,337.35,0.41,0.37,"2026-09-09",733,"N20","nominal","2.0NRT",281.19,9.21,"D"
"963",62.3327,78.17012,332.69,0.44,0.38,"2026-09-09",733,"N20","nominal","2.0NRT",296.34,2.44,"D"
"964",62.36612,77.45979,325.89,0.43,0.38,"2026-09-09",733,"N20","nominal","2.0NRT",294.71,1.01,"D"
"965",62.33344,76.73566,331.2,0.42,0.37,"2026-09-09",733,"N20","nominal","2.0NRT",295.26,2.24,"D"
"966",61.98032,68.57826,329.01,0.41,0.37,"2026-09-09",733,"N20","nominal","2.0NRT",281.75,2.14,"D"
"967",62.39748,68.52293,328.88,0.4,0.37,"2026-09-09",733,"N20","nominal","2.0NRT",292.72,2.75,"D"
"968",64.75098,75.42446,338.26,0.42,0.38,"2026-09-09",733,"N20","nominal","2.0NRT",289.62,8.58,"D"
"969",64.6396,74.21008,327.13,0.41,0.37,"2026-09-09",733,"N20","nominal","2.0NRT",292.71,1.09,"D"
"970",64.6975,74.21394,339.52,0.41,0.37,"2026-09-09",733,"N20","nominal","2.0NRT",296.69,3.2,"D"
"971",64.69971,74.20335,327.84,0.41,0.37,"2026-09-09",733,"N20","nominal","2.0NRT",296.86,3.2,"D"
"972",64.87538,75.25809,326.16,0.42,0.38,"2026-09-09",733,"N20","nominal","2.0NRT",289.88,3.1,"D"
"973",64.87432,75.24941,326.57,0.42,0.38,"2026-09-09",733,"N20","nominal","2.0NRT",292.59,3.1,"D"
"974",64.87873,75.25581,329.02,0.42,0.38,"2026-09-09",733,"N20","nominal","2.0NRT",290.16,3.1,"D"
"975",64.87767,75.24714,325.41,0.42,0.38,"2026-09-09",733,"N20","nominal","2.0NRT",291.31,3.1,"D"
"976",64.88245,75.197,336.3,0.42,0.38,"2026-09-09",733,"N20","nominal","2.0NRT",291.77,2.65,"D"
"977",66.27694,76.75932,334.66,0.46,0.39,"2026-09-09",733,"N20","nominal","2.0NRT",291.58,4.95,"D"
"978",66.3095,77.00084,335.62,0.47,0.4,"2026-09-09",733,"N20","nominal","2.0NRT",291.54,6.76,"D"
"979",66.31876,76.79779,329.07,0.47,0.39,"2026-09-09",733,"N20","nominal","2.0NRT",290.75,2.53,"D"
"980",66.55023,76.69872,328.77,0.47,0.4,"2026-09-09",733,"N20","nominal","2.0NRT",288.04,2.49,"D"
"981",66.76517,77.18365,330.82,0.48,0.4,"2026-09-09",733,"N20","nominal","2.0NRT",285.57,3.82,"D"
"982",66.19811,70.9884,340.79,0.39,0.36,"2026-09-09",733,"N20","nominal","2.0NRT",295.32,14.4,"D"
"983",66.90707,75.60345,344.41,0.45,0.39,"2026-09-09",733,"N20","nominal","2.0NRT",288.65,8.49,"D"
"984",66.95354,75.54879,343.65,0.45,0.39,"2026-09-09",733,"N20","nominal","2.0NRT",285.41,47.18,"D"
"985",66.95702,75.54632,348.52,0.45,0.39,"2026-09-09",733,"N20","nominal","2.0NRT",295.52,47.18,"D"
"986",67.00755,75.24223,332.48,0.45,0.39,"2026-09-09",733,"N20","nominal","2.0NRT",287.54,3.77,"D"
"987",65.00716,56.92891,331.38,0.39,0.44,"2026-09-09",733,"N20","nominal","2.0NRT",286.9,2.6,"D"
"988",65.00528,56.92196,327.13,0.39,0.44,"2026-09-09",733,"N20","nominal","2.0NRT",287.58,2.63,"D"
"989",65.04209,56.66734,333.76,0.39,0.44,"2026-09-09",733,"N20","nominal","2.0NRT",293.15,8.34,"D"
"990",66.41844,58.04198,327.11,0.49,0.41,"2026-09-09",735,"N20","nominal","2.0NRT",289.31,2.41,"D"
"991",29.25517,53.12267,351.49,0.54,0.51,"2026-09-09",905,"N20","nominal","2.0NRT",315.54,7.58,"D"
"992",11.887,79.09763,330.92,0.71,0.75,"2026-09-09",900,"N20","nominal","2.0NRT",286.32,5.58,"D"
"993",28.49606,49.71743,350.15,0.45,0.63,"2026-09-09",905,"N20","nominal","2.0NRT",299.69,25.48,"D"
"994",28.49496,49.71301,345.75,0.45,0.63,"2026-09-09",905,"N20","nominal","2.0NRT",302.58,37.68,"D"
"995",21.09483,72.71045,333.02,0.35,0.56,"2026-09-09",902,"N20","nominal","2.0NRT",294.12,4.33,"D"
"996",21.10433,72.64874,367,0.34,0.56,"2026-09-09",902,"N20","high","2.0NRT",296.65,5.53,"D"
"997",29.16353,52.30533,343.53,0.61,0.53,"2026-09-09",905,"N20","nominal","2.0NRT",312.27,4.73,"D"
"998",29.16214,52.29908,340.03,0.61,0.53,"2026-09-09",905,"N20","low","2.0NRT",312.16,4.73,"D"
"999",21.10399,72.64542,347.36,0.34,0.56,"2026-09-09",902,"N20","nominal","2.0NRT",296.82,5.53,"D"
"1000",29.16203,52.3049,347.81,0.61,0.53,"2026-09-09",905,"N20","nominal","2.0NRT",314.39,7.57,"D"
"1001",21.10332,72.63878,344.58,0.34,0.56,"2026-09-09",902,"N20","nominal","2.0NRT",295.76,6.15,"D"
"1002",28.51293,49.53631,341.18,0.46,0.63,"2026-09-09",905,"N20","nominal","2.0NRT",299.07,3.83,"D"
"1003",21.10297,72.63546,337.29,0.34,0.56,"2026-09-09",902,"N20","nominal","2.0NRT",296.31,5.69,"D"
"1004",29.32244,52.63901,337.88,0.58,0.52,"2026-09-09",905,"N20","nominal","2.0NRT",308.77,4.38,"D"
"1005",19.26793,56.17549,338.34,0.56,0.51,"2026-09-09",902,"N20","low","2.0NRT",310.51,0.82,"D"
"1006",30.08148,55.40012,349.09,0.39,0.44,"2026-09-09",905,"N20","nominal","2.0NRT",323.33,7.57,"D"
"1007",20.2117,55.71231,337.9,0.57,0.52,"2026-09-09",905,"N20","low","2.0NRT",309.78,0.93,"D"
"1008",28.4543,47.87688,336.35,0.58,0.7,"2026-09-09",905,"N20","low","2.0NRT",309.19,1.84,"D"
"1009",20.37534,55.93769,339.87,0.55,0.51,"2026-09-09",905,"N20","low","2.0NRT",309.88,0.9,"D"
"1010",29.91599,52.72305,336.52,0.55,0.51,"2026-09-09",905,"N20","low","2.0NRT",310.97,3.09,"D"
"1011",20.37322,55.93562,338.18,0.55,0.51,"2026-09-09",905,"N20","low","2.0NRT",310.21,0.9,"D"
"1012",29.91414,52.72225,337.96,0.55,0.51,"2026-09-09",905,"N20","low","2.0NRT",311.89,3.78,"D"
"1013",22.92891,70.10848,342.86,0.5,0.49,"2026-09-09",905,"N20","nominal","2.0NRT",299.5,9.89,"D"
"1014",29.29008,49.54982,348.45,0.44,0.62,"2026-09-09",905,"N20","nominal","2.0NRT",299.53,5.04,"D"
"1015",29.80277,51.30188,339.28,0.34,0.56,"2026-09-09",905,"N20","low","2.0NRT",310.48,2.01,"D"
"1016",23.25118,69.74844,337.69,0.48,0.48,"2026-09-09",905,"N20","nominal","2.0NRT",300.28,5.35,"D"
"1017",29.80796,51.30128,348.85,0.34,0.56,"2026-09-09",905,"N20","nominal","2.0NRT",313.31,6.83,"D"
"1018",21.83537,56.68143,344.76,0.46,0.47,"2026-09-09",905,"N20","nominal","2.0NRT",311.48,1.52,"D"
"1019",29.80718,51.2979,339.98,0.34,0.56,"2026-09-09",905,"N20","low","2.0NRT",313.99,6.83,"D"
"1020",21.8882,56.84777,340.38,0.45,0.47,"2026-09-09",905,"N20","low","2.0NRT",310.92,1.29,"D"
"1021",29.8088,51.30494,356.02,0.34,0.56,"2026-09-09",905,"N20","low","2.0NRT",307.98,7.08,"D"
"1022",21.93704,57.07442,348.88,0.44,0.46,"2026-09-09",905,"N20","nominal","2.0NRT",311.37,4.32,"D"
"1023",29.81397,51.30429,367,0.34,0.56,"2026-09-09",905,"N20","high","2.0NRT",312.07,7.08,"D"
"1024",22.40619,56.99094,343.43,0.43,0.46,"2026-09-09",905,"N20","nominal","2.0NRT",310.45,4.44,"D"
"1025",29.81154,51.29374,343.9,0.34,0.56,"2026-09-09",905,"N20","nominal","2.0NRT",311.46,3.92,"D"
"1026",22.32692,56.49036,348.43,0.47,0.47,"2026-09-09",905,"N20","nominal","2.0NRT",311.66,5.51,"D"
"1027",29.80667,51.30148,367,0.34,0.56,"2026-09-09",905,"N20","high","2.0NRT",314.2,6.06,"D"
"1028",24.71299,68.05643,338.92,0.39,0.44,"2026-09-09",905,"N20","nominal","2.0NRT",300.25,1.84,"D"
"1029",29.80584,51.29795,346.52,0.34,0.56,"2026-09-09",905,"N20","nominal","2.0NRT",313.95,6.06,"D"
"1030",22.87674,55.92553,351.97,0.49,0.49,"2026-09-09",905,"N20","nominal","2.0NRT",311.49,2.45,"D"
"1031",29.81271,51.30443,351.67,0.34,0.56,"2026-09-09",905,"N20","nominal","2.0NRT",310.09,8.23,"D"
"1032",22.87324,55.61689,346.46,0.51,0.5,"2026-09-09",905,"N20","nominal","2.0NRT",312.91,4.33,"D"
"1033",29.8102,51.29384,336.61,0.34,0.56,"2026-09-09",905,"N20","low","2.0NRT",311.02,4.09,"D"
"1034",23.18868,55.46096,345.39,0.52,0.5,"2026-09-09",905,"N20","nominal","2.0NRT",312.95,2.49,"D"
"1035",25.29209,68.32009,343.72,0.41,0.45,"2026-09-09",905,"N20","nominal","2.0NRT",304.47,5.3,"D"
"1036",29.81798,51.3042,367,0.34,0.56,"2026-09-09",905,"N20","high","2.0NRT",309.8,8.23,"D"
"1037",29.82041,51.31446,353.1,0.34,0.56,"2026-09-09",905,"N20","nominal","2.0NRT",309.58,4.61,"D"
"1038",25.38952,68.58382,332.47,0.43,0.46,"2026-09-09",905,"N20","low","2.0NRT",303.21,2.85,"D"
"1039",29.81967,51.31131,351.89,0.34,0.56,"2026-09-09",905,"N20","nominal","2.0NRT",314.14,4.61,"D"
"1040",23.84839,53.65722,344.51,0.33,0.55,"2026-09-09",905,"N20","low","2.0NRT",315.13,1.51,"D"
"1041",29.81719,51.30086,353.79,0.34,0.56,"2026-09-09",905,"N20","nominal","2.0NRT",311.98,13.5,"D"
"1042",23.84798,53.65596,340.86,0.33,0.55,"2026-09-09",905,"N20","low","2.0NRT",314.8,1,"D"
"1043",29.82326,51.30398,367,0.34,0.56,"2026-09-09",905,"N20","high","2.0NRT",315.73,17.66,"D"
"1044",24.50432,56.61031,339.48,0.42,0.45,"2026-09-09",905,"N20","low","2.0NRT",309.78,7.74,"D"
"1045",29.82248,51.30068,337.76,0.34,0.56,"2026-09-09",905,"N20","nominal","2.0NRT",312.36,9.55,"D"
"1046",24.50353,56.60625,341.87,0.42,0.45,"2026-09-09",905,"N20","nominal","2.0NRT",309.74,7.74,"D"
"1047",29.00599,47.74653,349.26,0.57,0.69,"2026-09-09",905,"N20","nominal","2.0NRT",309.49,13.1,"D"
"1048",24.12897,52.70421,340.13,0.37,0.58,"2026-09-09",905,"N20","low","2.0NRT",313.82,11.19,"D"
"1049",29.88687,51.23396,367,0.34,0.56,"2026-09-09",905,"N20","high","2.0NRT",312.42,7.75,"D"
"1050",25.30864,56.37209,335.49,0.42,0.45,"2026-09-09",905,"N20","low","2.0NRT",306.92,1.49,"D"
"1051",29.88557,51.22832,336.22,0.34,0.56,"2026-09-09",905,"N20","nominal","2.0NRT",310.45,5.21,"D"
"1052",24.79921,53.73263,343.68,0.62,0.54,"2026-09-09",905,"N20","nominal","2.0NRT",305.77,16.58,"D"
"1053",29.89062,51.22706,341.04,0.34,0.56,"2026-09-09",905,"N20","nominal","2.0NRT",309.66,2.32,"D"
"1054",24.84571,53.66383,340.61,0.62,0.54,"2026-09-09",905,"N20","nominal","2.0NRT",303.03,10.91,"D"
"1055",30.03476,50.64034,340.28,0.36,0.58,"2026-09-09",905,"N20","low","2.0NRT",313.5,3.3,"D"
"1056",24.8341,53.50592,350.21,0.32,0.54,"2026-09-09",905,"N20","nominal","2.0NRT",303.52,8.43,"D"
"1057",30.03387,50.63663,346.04,0.36,0.58,"2026-09-09",905,"N20","nominal","2.0NRT",314.68,3.3,"D"
"1058",24.83343,53.50285,340.4,0.32,0.54,"2026-09-09",905,"N20","nominal","2.0NRT",309.79,8.43,"D"
"1059",29.94291,49.6891,343.34,0.42,0.61,"2026-09-09",905,"N20","nominal","2.0NRT",299.92,7.26,"D"
"1060",24.90305,53.7283,343.6,0.61,0.54,"2026-09-09",905,"N20","nominal","2.0NRT",308,14.71,"D"
"1061",30.15496,50.42462,352.23,0.37,0.58,"2026-09-09",905,"N20","nominal","2.0NRT",311.72,6.19,"D"
"1062",24.15517,49.06838,338.16,0.62,0.71,"2026-09-09",905,"N20","low","2.0NRT",309.2,2.25,"D"
"1063",30.15386,50.42473,351.03,0.37,0.58,"2026-09-09",905,"N20","nominal","2.0NRT",311.09,3.78,"D"
"1064",25.15924,52.87104,367,0.34,0.56,"2026-09-09",905,"N20","high","2.0NRT",313.83,8.41,"D"
"1065",30.1529,50.42079,339.58,0.37,0.58,"2026-09-09",905,"N20","low","2.0NRT",312.75,3.78,"D"
"1066",25.16574,52.87625,342.13,0.34,0.56,"2026-09-09",905,"N20","nominal","2.0NRT",302.84,13.97,"D"
"1067",30.15611,50.41109,340.34,0.37,0.58,"2026-09-09",905,"N20","low","2.0NRT",314.01,4.26,"D"
"1068",25.16427,52.86967,331.85,0.34,0.56,"2026-09-09",905,"N20","nominal","2.0NRT",304.2,8.41,"D"
"1069",30.29666,50.7426,367,0.35,0.57,"2026-09-09",905,"N20","high","2.0NRT",319.85,12.79,"D"
"1070",25.17076,52.87486,367,0.34,0.56,"2026-09-09",905,"N20","high","2.0NRT",304.8,15.21,"D"
"1071",30.29995,50.73346,367,0.35,0.57,"2026-09-09",905,"N20","high","2.0NRT",313.02,12.98,"D"
"1072",25.17653,52.87681,367,0.34,0.56,"2026-09-09",905,"N20","high","2.0NRT",303.22,23.39,"D"
"1073",30.29911,50.72992,340.22,0.36,0.57,"2026-09-09",905,"N20","nominal","2.0NRT",313.45,6.08,"D"
"1074",25.1758,52.8735,354.42,0.34,0.56,"2026-09-09",905,"N20","nominal","2.0NRT",303.32,15.21,"D"
"1075",30.39585,50.62519,367,0.36,0.57,"2026-09-09",905,"N20","high","2.0NRT",314.21,13.62,"D"
"1076",24.92657,51.56659,344.33,0.42,0.61,"2026-09-09",905,"N20","nominal","2.0NRT",309.88,8.32,"D"
"1077",30.39498,50.6215,351.08,0.36,0.57,"2026-09-09",905,"N20","nominal","2.0NRT",317.66,18.7,"D"
"1078",24.92565,51.56256,340.97,0.42,0.61,"2026-09-09",905,"N20","nominal","2.0NRT",310.52,8.32,"D"
"1079",30.29621,50.09113,349.14,0.39,0.59,"2026-09-09",905,"N20","nominal","2.0NRT",312.5,5.03,"D"
"1080",24.92536,51.56534,351.98,0.42,0.61,"2026-09-09",905,"N20","nominal","2.0NRT",310.59,16.09,"D"
"1081",30.34926,50.28945,367,0.38,0.58,"2026-09-09",905,"N20","high","2.0NRT",320.16,15.68,"D"
"1082",24.35467,48.3638,341.33,0.68,0.74,"2026-09-09",905,"N20","nominal","2.0NRT",309.59,4.71,"D"
"1083",30.30141,50.08922,342.91,0.39,0.59,"2026-09-09",905,"N20","nominal","2.0NRT",311.6,5.03,"D"
"1084",27.89353,67.58424,342.38,0.4,0.45,"2026-09-09",905,"N20","nominal","2.0NRT",309.43,8.72,"D"
"1085",30.34785,50.28991,367,0.38,0.58,"2026-09-09",905,"N20","high","2.0NRT",320.27,17.95,"D"
"1086",30.29875,50.09045,347.13,0.39,0.59,"2026-09-09",905,"N20","nominal","2.0NRT",311.4,7.49,"D"
"1087",27.89672,67.57547,337.69,0.4,0.44,"2026-09-09",905,"N20","low","2.0NRT",309.93,6.27,"D"
"1088",29.70026,47.62001,347.9,0.56,0.69,"2026-09-09",905,"N20","nominal","2.0NRT",312.42,3.04,"D"
"1089",24.35736,48.3617,343.24,0.68,0.74,"2026-09-09",905,"N20","nominal","2.0NRT",309.63,6.97,"D"
"1090",29.70633,47.61801,338.75,0.56,0.69,"2026-09-09",905,"N20","low","2.0NRT",312.38,1.7,"D"
"1091",28.06698,67.69209,342.28,0.41,0.45,"2026-09-09",905,"N20","nominal","2.0NRT",310.84,9.49,"D"
"1092",30.55911,50.38272,339.52,0.37,0.58,"2026-09-09",905,"N20","low","2.0NRT",314.03,6.48,"D"
"1093",28.27541,67.94695,339.87,0.43,0.46,"2026-09-09",905,"N20","nominal","2.0NRT",309.66,4.79,"D"
"1094",30.56485,50.01863,367,0.38,0.59,"2026-09-09",905,"N20","high","2.0NRT",313.67,9.19,"D"
"1095",28.37875,67.83237,336.88,0.42,0.45,"2026-09-09",905,"N20","low","2.0NRT",308.22,4.97,"D"
"1096",30.56383,50.01446,346.28,0.39,0.59,"2026-09-09",905,"N20","nominal","2.0NRT",314.89,8.93,"D"
"1097",25.34374,50.20135,341.31,0.5,0.66,"2026-09-09",905,"N20","low","2.0NRT",312.88,1.28,"D"
"1098",30.56937,49.92049,339.93,0.39,0.59,"2026-09-09",905,"N20","nominal","2.0NRT",313.53,6.03,"D"
"1099",28.47629,67.86028,349.1,0.43,0.46,"2026-09-09",905,"N20","nominal","2.0NRT",309.85,10.28,"D"
"1100",30.57466,49.91882,367,0.39,0.59,"2026-09-09",905,"N20","high","2.0NRT",313.3,9.36,"D"
"1101",28.48048,67.85971,346.02,0.43,0.46,"2026-09-09",905,"N20","nominal","2.0NRT",309.74,8.67,"D"
"1102",30.57214,49.92085,367,0.39,0.59,"2026-09-09",905,"N20","high","2.0NRT",314.03,8.52,"D"
"1103",25.88362,51.53562,339.47,0.4,0.6,"2026-09-09",905,"N20","low","2.0NRT",310.73,7.69,"D"
"1104",30.71081,50.11718,339.4,0.38,0.59,"2026-09-09",905,"N20","low","2.0NRT",314.06,5.74,"D"
"1105",25.89953,51.52401,339.26,0.4,0.6,"2026-09-09",905,"N20","nominal","2.0NRT",309.22,9.71,"D"
"1106",30.72131,49.82332,367,0.39,0.59,"2026-09-09",905,"N20","high","2.0NRT",317.52,8.86,"D"
"1107",25.90124,51.50701,343.36,0.4,0.6,"2026-09-09",905,"N20","nominal","2.0NRT",309.57,11.31,"D"
"1108",30.93191,50.51,349.66,0.35,0.57,"2026-09-09",905,"N20","nominal","2.0NRT",313.95,5.54,"D"
"1109",27.15829,56.10288,340.49,0.4,0.44,"2026-09-09",905,"N20","nominal","2.0NRT",308.46,9.82,"D"
"1110",30.16223,47.41797,345.47,0.56,0.69,"2026-09-09",905,"N20","nominal","2.0NRT",314.78,4.19,"D"
"1111",27.16978,56.05436,346.47,0.4,0.44,"2026-09-09",905,"N20","nominal","2.0NRT",307.47,10.9,"D"
"1112",30.7097,49.54196,367,0.41,0.6,"2026-09-09",905,"N20","high","2.0NRT",314.77,6.21,"D"
"1113",27.22255,53.0046,340.78,0.61,0.53,"2026-09-09",907,"N20","low","2.0NRT",312.03,4.82,"D"
"1114",30.1683,47.41589,352.42,0.56,0.69,"2026-09-09",905,"N20","nominal","2.0NRT",314.13,4.19,"D"
"1115",27.22051,53.00357,340.02,0.61,0.53,"2026-09-09",907,"N20","low","2.0NRT",312.42,4.27,"D"
"1116",30.7107,49.54335,351.4,0.41,0.6,"2026-09-09",905,"N20","nominal","2.0NRT",312.56,3.31,"D"
"1117",26.69021,50.09108,367,0.47,0.64,"2026-09-09",907,"N20","high","2.0NRT",314,4.35,"D"
"1118",30.70967,49.53926,340.68,0.41,0.6,"2026-09-09",905,"N20","low","2.0NRT",313.32,3.31,"D"
"1119",26.68909,50.08652,348.71,0.47,0.64,"2026-09-09",907,"N20","nominal","2.0NRT",313.32,4.35,"D"
"1120",30.16669,47.41553,367,0.56,0.69,"2026-09-09",905,"N20","high","2.0NRT",315.8,11.79,"D"
"1121",27.49747,52.652,344.63,0.63,0.54,"2026-09-09",907,"N20","nominal","2.0NRT",312.91,7.07,"D"
"1122",30.27438,47.7429,355.91,0.53,0.67,"2026-09-09",905,"N20","nominal","2.0NRT",314.57,18.74,"D"
"1123",27.49594,52.64526,343.01,0.63,0.54,"2026-09-09",907,"N20","low","2.0NRT",313.88,11.83,"D"
"1124",30.27471,47.7198,350.98,0.53,0.67,"2026-09-09",905,"N20","nominal","2.0NRT",314.95,16.13,"D"
"1125",27.50439,52.63693,355.69,0.63,0.54,"2026-09-09",907,"N20","nominal","2.0NRT",314.39,15.17,"D"
"1126",30.20001,47.39168,339.73,0.56,0.69,"2026-09-09",905,"N20","nominal","2.0NRT",312.43,6.9,"D"
"1127",27.5129,52.62884,338.79,0.63,0.54,"2026-09-09",907,"N20","low","2.0NRT",311.75,6.5,"D"
"1128",30.20754,47.39505,367,0.56,0.69,"2026-09-09",905,"N20","high","2.0NRT",316.14,6.9,"D"
"1129",27.51125,52.62151,344.8,0.63,0.54,"2026-09-09",907,"N20","nominal","2.0NRT",314.27,6.5,"D"
"1130",30.21358,47.39289,347.24,0.56,0.69,"2026-09-09",905,"N20","nominal","2.0NRT",314.04,4.27,"D"
"1131",27.52004,52.59153,344.4,0.63,0.54,"2026-09-09",907,"N20","nominal","2.0NRT",314.02,17.39,"D"
"1132",30.27856,47.36349,367,0.56,0.69,"2026-09-09",905,"N20","high","2.0NRT",316.02,13.23,"D"
"1133",27.5398,52.58738,337.78,0.63,0.54,"2026-09-09",907,"N20","low","2.0NRT",312.6,7.91,"D"
"1134",30.27628,47.36217,367,0.56,0.69,"2026-09-09",905,"N20","high","2.0NRT",316.16,14.22,"D"
"1135",27.5603,52.56314,339.54,0.32,0.54,"2026-09-09",907,"N20","low","2.0NRT",313.88,9.22,"D"
"1136",30.27777,47.36768,345.78,0.56,0.69,"2026-09-09",905,"N20","nominal","2.0NRT",313.04,5.36,"D"
"1137",27.59031,52.53036,343.98,0.32,0.54,"2026-09-09",907,"N20","nominal","2.0NRT",313.43,3.23,"D"
"1138",30.28381,47.36554,340.31,0.56,0.69,"2026-09-09",905,"N20","nominal","2.0NRT",313.29,5.36,"D"
"1139",30.32203,69.84264,346.36,0.59,0.53,"2026-09-09",907,"N20","nominal","2.0NRT",313.96,19.69,"D"
"1140",30.90141,49.67892,354.5,0.4,0.6,"2026-09-09",905,"N20","nominal","2.0NRT",314.41,3.17,"D"
"1141",30.89061,49.61216,349.71,0.4,0.6,"2026-09-09",905,"N20","nominal","2.0NRT",315.64,3.13,"D"
"1142",27.00045,49.56562,348.65,0.5,0.66,"2026-09-09",907,"N20","nominal","2.0NRT",314,19.57,"D"
"1143",30.41615,47.6152,346.59,0.53,0.67,"2026-09-09",905,"N20","nominal","2.0NRT",314.24,7.25,"D"
"1144",26.99925,49.56079,352.34,0.5,0.66,"2026-09-09",907,"N20","nominal","2.0NRT",317.61,20,"D"
"1145",30.35778,47.34517,367,0.56,0.69,"2026-09-09",905,"N20","high","2.0NRT",314.68,16.96,"D"
"1146",27.01692,49.58134,343.7,0.49,0.65,"2026-09-09",907,"N20","nominal","2.0NRT",313.5,18.04,"D"
"1147",30.35631,47.33963,350.9,0.56,0.69,"2026-09-09",905,"N20","nominal","2.0NRT",317.58,16.96,"D"
"1148",27.68432,52.24989,367,0.33,0.55,"2026-09-09",907,"N20","high","2.0NRT",310.7,7.87,"D"
"1149",30.41691,47.61674,348.6,0.53,0.67,"2026-09-09",905,"N20","nominal","2.0NRT",314.64,3.71,"D"
"1150",27.68633,52.23541,367,0.33,0.55,"2026-09-09",907,"N20","high","2.0NRT",309.15,5.85,"D"
"1151",30.35552,47.34216,355.27,0.56,0.68,"2026-09-09",905,"N20","nominal","2.0NRT",318.25,16.41,"D"
"1152",27.68707,52.23869,338.09,0.33,0.55,"2026-09-09",907,"N20","nominal","2.0NRT",308.85,5.85,"D"
"1153",30.36155,47.34001,343.75,0.56,0.68,"2026-09-09",905,"N20","low","2.0NRT",313.99,16.41,"D"
"1154",27.68559,52.23214,334.85,0.33,0.55,"2026-09-09",907,"N20","nominal","2.0NRT",303.24,6.15,"D"
"1155",30.36005,47.33448,340.45,0.56,0.69,"2026-09-09",905,"N20","low","2.0NRT",313.73,16.14,"D"
"1156",27.71181,52.18882,336.89,0.33,0.55,"2026-09-09",907,"N20","low","2.0NRT",308.98,1.42,"D"
"1157",30.40076,47.33811,367,0.55,0.68,"2026-09-09",905,"N20","high","2.0NRT",314.61,5.84,"D"
"1158",27.71105,52.18551,334.5,0.33,0.55,"2026-09-09",907,"N20","low","2.0NRT",304.58,1.42,"D"
"1159",30.47783,47.60102,341.84,0.53,0.67,"2026-09-09",905,"N20","low","2.0NRT",314.65,1.88,"D"
"1160",27.71947,52.17613,367,0.33,0.55,"2026-09-09",907,"N20","high","2.0NRT",306.06,6.14,"D"
"1161",30.94679,49.18613,344.28,0.42,0.61,"2026-09-09",905,"N20","nominal","2.0NRT",312.41,2.35,"D"
"1162",27.72022,52.17941,344.76,0.33,0.55,"2026-09-09",907,"N20","nominal","2.0NRT",306.91,6.14,"D"
"1163",30.74938,48.28195,367,0.48,0.65,"2026-09-09",905,"N20","high","2.0NRT",318.82,71.95,"D"
"1164",27.76026,52.16955,367,0.33,0.55,"2026-09-09",907,"N20","high","2.0NRT",311.3,4.97,"D"
"1165",30.49361,47.32067,367,0.55,0.68,"2026-09-09",905,"N20","high","2.0NRT",316.13,7.65,"D"
"1166",27.75945,52.16598,354.51,0.33,0.55,"2026-09-09",907,"N20","nominal","2.0NRT",311.72,4.97,"D"
"1167",30.75064,48.28674,349.38,0.48,0.65,"2026-09-09",905,"N20","nominal","2.0NRT",312.67,18.8,"D"
"1168",27.92382,52.19619,367,0.33,0.55,"2026-09-09",907,"N20","high","2.0NRT",313.92,6.44,"D"
"1169",30.74812,48.27714,367,0.48,0.65,"2026-09-09",905,"N20","low","2.0NRT",325.44,71.95,"D"
"1170",27.92393,52.19838,341.09,0.33,0.55,"2026-09-09",907,"N20","nominal","2.0NRT",312.38,4.15,"D"
"1171",30.7551,48.27999,367,0.48,0.65,"2026-09-09",905,"N20","high","2.0NRT",318.16,30.8,"D"
"1172",27.92322,52.1953,352.37,0.33,0.55,"2026-09-09",907,"N20","nominal","2.0NRT",313.51,4.1,"D"
"1173",31.03962,49.3908,345.63,0.41,0.6,"2026-09-09",905,"N20","nominal","2.0NRT",309.68,6,"D"
"1174",27.92881,52.19675,355.46,0.33,0.55,"2026-09-09",907,"N20","nominal","2.0NRT",312.8,4.15,"D"
"1175",30.55502,47.35278,367,0.55,0.68,"2026-09-09",905,"N20","high","2.0NRT",313.83,15.92,"D"
"1176",27.9281,52.19369,342.29,0.33,0.55,"2026-09-09",907,"N20","nominal","2.0NRT",312.27,4.1,"D"
"1177",30.56265,47.332,346.14,0.55,0.68,"2026-09-09",905,"N20","nominal","2.0NRT",314.38,10.83,"D"
"1178",28.01484,51.99934,367,0.34,0.56,"2026-09-09",907,"N20","high","2.0NRT",311.53,5.96,"D"
"1179",30.56573,47.3188,352.72,0.55,0.68,"2026-09-09",905,"N20","nominal","2.0NRT",314.84,12.2,"D"
"1180",31.37105,72.43456,331.72,0.43,0.62,"2026-09-09",907,"N20","nominal","2.0NRT",298.57,1.45,"D"
"1181",30.56426,47.31329,344.03,0.55,0.68,"2026-09-09",905,"N20","nominal","2.0NRT",314.63,6.05,"D"
"1182",27.81391,48.86034,367,0.52,0.67,"2026-09-09",907,"N20","high","2.0NRT",305.39,9.99,"D"
"1183",30.56156,47.33146,352.13,0.55,0.68,"2026-09-09",905,"N20","nominal","2.0NRT",315.12,18.06,"D"
"1184",27.81523,48.86549,337.09,0.52,0.67,"2026-09-09",907,"N20","nominal","2.0NRT",303.98,9.99,"D"
"1185",30.56458,47.31831,345.98,0.55,0.68,"2026-09-09",905,"N20","nominal","2.0NRT",314.57,14.09,"D"
"1186",27.79865,48.62389,343.55,0.54,0.68,"2026-09-09",907,"N20","nominal","2.0NRT",304.75,13.38,"D"
"1187",30.57059,47.31617,339.56,0.55,0.68,"2026-09-09",905,"N20","low","2.0NRT",313.08,6.97,"D"
"1188",27.80002,48.62923,356.35,0.54,0.68,"2026-09-09",907,"N20","low","2.0NRT",306.17,34.1,"D"
"1189",30.5691,47.31068,339.31,0.55,0.68,"2026-09-09",905,"N20","low","2.0NRT",314.09,6.97,"D"
"1190",28.68223,52.09283,347.86,0.32,0.55,"2026-09-09",907,"N20","nominal","2.0NRT",316.55,5.71,"D"
"1191",31.12885,49.32716,346.54,0.41,0.61,"2026-09-09",905,"N20","nominal","2.0NRT",312.25,6.02,"D"
"1192",31.12782,49.32307,350.27,0.41,0.61,"2026-09-09",905,"N20","nominal","2.0NRT",313.56,6.02,"D"
"1193",31.1268,49.31898,344.82,0.41,0.61,"2026-09-09",905,"N20","nominal","2.0NRT",314.66,3.8,"D"
"1194",30.60809,47.33279,340.05,0.55,0.68,"2026-09-09",905,"N20","low","2.0NRT",313.6,17.51,"D"
"1195",30.60661,47.32732,344.59,0.55,0.68,"2026-09-09",905,"N20","nominal","2.0NRT",314.58,15.59,"D"
"1196",31.13319,49.32124,367,0.41,0.61,"2026-09-09",905,"N20","high","2.0NRT",315.31,3.94,"D"
"1197",31.13422,49.32535,349.75,0.41,0.61,"2026-09-09",905,"N20","nominal","2.0NRT",313.21,3.94,"D"
"1198",30.61263,47.32517,343.45,0.55,0.68,"2026-09-09",905,"N20","low","2.0NRT",314.79,14.8,"D"
"1199",30.56011,47.1068,367,0.57,0.69,"2026-09-09",905,"N20","high","2.0NRT",319.44,34.94,"D"
"1200",31.13855,49.3194,341.52,0.41,0.61,"2026-09-09",905,"N20","nominal","2.0NRT",313.36,3.94,"D"
"1201",30.68746,47.33431,367,0.55,0.68,"2026-09-09",905,"N20","high","2.0NRT",316.04,27.76,"D"
"1202",30.686,47.32885,347.67,0.55,0.68,"2026-09-09",905,"N20","nominal","2.0NRT",320.43,27.76,"D"
"1203",30.8617,47.92482,367,0.5,0.66,"2026-09-09",905,"N20","high","2.0NRT",311.31,12.2,"D"
"1204",30.8604,47.9198,342.27,0.5,0.66,"2026-09-09",905,"N20","nominal","2.0NRT",308.96,12.2,"D"
"1205",30.68602,47.33267,367,0.55,0.68,"2026-09-09",905,"N20","high","2.0NRT",320.11,53.38,"D"
"1206",30.68453,47.32722,348.54,0.55,0.68,"2026-09-09",905,"N20","nominal","2.0NRT",316.92,39.51,"D"
"1207",30.86378,47.92149,367,0.5,0.66,"2026-09-09",905,"N20","high","2.0NRT",313.19,19.06,"D"
"1208",31.20685,49.22055,340.79,0.41,0.61,"2026-09-09",905,"N20","low","2.0NRT",312.91,5.22,"D"
"1209",31.20579,49.21638,345.17,0.41,0.61,"2026-09-09",905,"N20","nominal","2.0NRT",314.5,5.22,"D"
"1210",30.76529,47.33421,353.93,0.54,0.68,"2026-09-09",905,"N20","nominal","2.0NRT",316.46,12.61,"D"
"1211",30.76384,47.32877,353.9,0.54,0.68,"2026-09-09",905,"N20","nominal","2.0NRT",317.66,12.61,"D"
"1212",31.24588,49.16632,343.73,0.42,0.61,"2026-09-09",905,"N20","low","2.0NRT",316.5,4.42,"D"
"1213",31.20541,48.95802,342.67,0.43,0.62,"2026-09-09",905,"N20","low","2.0NRT",314.97,5.5,"D"
"1214",31.20432,48.95372,340.85,0.43,0.62,"2026-09-09",905,"N20","low","2.0NRT",315.27,5.17,"D"
"1215",30.99756,48.1436,340.36,0.48,0.65,"2026-09-09",905,"N20","nominal","2.0NRT",315.19,12.71,"D"
"1216",31.00328,48.14161,367,0.48,0.65,"2026-09-09",905,"N20","high","2.0NRT",320.57,55.52,"D"
"1217",31.21087,48.95615,349.24,0.43,0.62,"2026-09-09",905,"N20","nominal","2.0NRT",314.34,10.46,"D"
"1218",31.20979,48.95184,356.11,0.43,0.62,"2026-09-09",905,"N20","nominal","2.0NRT",318.2,14.8,"D"
"1219",31.3212,49.28175,367,0.41,0.6,"2026-09-09",905,"N20","high","2.0NRT",316.95,6.63,"D"
"1220",30.8249,47.33654,367,0.54,0.68,"2026-09-09",905,"N20","high","2.0NRT",316.2,68.82,"D"
"1221",31.00168,48.14036,367,0.48,0.65,"2026-09-09",905,"N20","high","2.0NRT",322.82,110.62,"D"
"1222",31.21528,48.95684,340.27,0.43,0.62,"2026-09-09",905,"N20","low","2.0NRT",314.02,2.07,"D"
"1223",31.00296,48.1452,349.41,0.48,0.65,"2026-09-09",905,"N20","nominal","2.0NRT",314.69,29.24,"D"
"1224",31.23723,48.99608,338.1,0.42,0.61,"2026-09-09",905,"N20","low","2.0NRT",312.06,2.11,"D"
"1225",31.3222,49.28331,354.44,0.41,0.6,"2026-09-09",905,"N20","nominal","2.0NRT",315.77,3.75,"D"
"1226",31.32115,49.27914,348.42,0.41,0.6,"2026-09-09",905,"N20","nominal","2.0NRT",316.33,3.75,"D"
"1227",30.82444,47.33584,367,0.54,0.68,"2026-09-09",905,"N20","high","2.0NRT",315.92,31.17,"D"
"1228",30.82298,47.33043,347.13,0.54,0.68,"2026-09-09",905,"N20","nominal","2.0NRT",321.9,54.86,"D"
"1229",30.83043,47.33371,367,0.54,0.68,"2026-09-09",905,"N20","high","2.0NRT",316.16,31.17,"D"
"1230",31.298,49.11864,342.18,0.42,0.61,"2026-09-09",905,"N20","low","2.0NRT",316.96,4.18,"D"
"1231",31.27967,48.88309,339.6,0.43,0.62,"2026-09-09",905,"N20","low","2.0NRT",312.88,5.09,"D"
"1232",31.27858,48.87877,341.36,0.43,0.62,"2026-09-09",905,"N20","low","2.0NRT",312.98,5.09,"D"
"1233",30.88403,47.33819,367,0.54,0.68,"2026-09-09",905,"N20","high","2.0NRT",316.48,38.86,"D"
"1234",30.88259,47.3328,348.2,0.54,0.68,"2026-09-09",905,"N20","nominal","2.0NRT",319.52,39.46,"D"
"1235",31.02676,47.70742,367,0.51,0.66,"2026-09-09",905,"N20","high","2.0NRT",316.93,5.42,"D"
"1236",31.30587,48.77406,356.47,0.44,0.62,"2026-09-09",905,"N20","nominal","2.0NRT",318.55,10.97,"D"
"1237",31.30842,48.77222,354.42,0.44,0.62,"2026-09-09",905,"N20","nominal","2.0NRT",317.45,13.7,"D"
"1238",31.02872,47.70685,355.18,0.51,0.66,"2026-09-09",905,"N20","nominal","2.0NRT",316.56,5.78,"D"
"1239",31.09067,47.79595,346.29,0.5,0.66,"2026-09-09",905,"N20","nominal","2.0NRT",316.8,37.05,"D"
"1240",31.06225,47.61613,367,0.51,0.66,"2026-09-09",905,"N20","high","2.0NRT",319.27,18.9,"D"
"1241",31.06362,47.6213,355.92,0.51,0.66,"2026-09-09",905,"N20","nominal","2.0NRT",316.13,17.16,"D"
"1242",31.14206,47.87088,341.97,0.5,0.65,"2026-09-09",905,"N20","low","2.0NRT",316.88,11.72,"D"
"1243",31.07943,47.6326,352.05,0.51,0.66,"2026-09-09",905,"N20","nominal","2.0NRT",317.74,9.86,"D"
"1244",31.07807,47.62743,355.23,0.51,0.66,"2026-09-09",905,"N20","nominal","2.0NRT",321.03,9.86,"D"
"1245",31.02698,47.28724,367,0.54,0.68,"2026-09-09",905,"N20","high","2.0NRT",318.5,56.23,"D"
"1246",31.02555,47.28183,351.72,0.54,0.68,"2026-09-09",905,"N20","nominal","2.0NRT",316.51,32.09,"D"
"1247",31.03294,47.28507,367,0.54,0.68,"2026-09-09",905,"N20","high","2.0NRT",318.34,56.23,"D"
"1248",31.03151,47.27966,350.74,0.54,0.68,"2026-09-09",905,"N20","nominal","2.0NRT",316.27,32.09,"D"
"1249",31.02674,47.28645,367,0.54,0.68,"2026-09-09",905,"N20","high","2.0NRT",317.5,22.07,"D"
"1250",31.03271,47.2843,367,0.54,0.68,"2026-09-09",905,"N20","high","2.0NRT",320.36,55.92,"D"
"1251",31.03125,47.27891,350.21,0.54,0.68,"2026-09-09",905,"N20","nominal","2.0NRT",315.79,55.92,"D"
"1252",31.268,48.11857,367,0.48,0.64,"2026-09-09",905,"N20","high","2.0NRT",321.85,35.86,"D"
"1253",31.40719,48.65406,345.77,0.44,0.62,"2026-09-09",905,"N20","low","2.0NRT",320.12,13.95,"D"
"1254",10.26048,77.25365,354.28,0.51,0.66,"2026-09-09",900,"N20","nominal","2.0NRT",292.57,13.54,"D"
"1255",31.26926,48.12336,341.62,0.48,0.64,"2026-09-09",905,"N20","nominal","2.0NRT",315.07,35.86,"D"
"1256",31.26674,48.11377,348.43,0.48,0.64,"2026-09-09",905,"N20","nominal","2.0NRT",319,29.43,"D"
"1257",10.2598,77.24826,338.31,0.51,0.66,"2026-09-09",900,"N20","nominal","2.0NRT",290.79,12.19,"D"
"1258",31.27369,48.11658,367,0.48,0.64,"2026-09-09",905,"N20","high","2.0NRT",319.99,35.86,"D"
"1259",10.26125,77.2512,343.81,0.51,0.66,"2026-09-09",900,"N20","nominal","2.0NRT",291.15,8.37,"D"
"1260",31.23421,47.96633,367,0.49,0.65,"2026-09-09",905,"N20","high","2.0NRT",319.11,18.62,"D"
"1261",31.27243,48.11177,347.74,0.48,0.64,"2026-09-09",905,"N20","nominal","2.0NRT",318.89,29.43,"D"
"1262",31.65085,49.27095,344.3,0.4,0.6,"2026-09-09",905,"N20","nominal","2.0NRT",313.9,3.87,"D"
"1263",31.64672,49.27314,340.28,0.4,0.6,"2026-09-09",905,"N20","low","2.0NRT",314.03,4.47,"D"
"1264",31.30097,47.79932,351.27,0.5,0.65,"2026-09-09",905,"N20","nominal","2.0NRT",318.88,17.07,"D"
"1265",31.29965,47.79434,353.91,0.5,0.65,"2026-09-09",905,"N20","nominal","2.0NRT",318.99,15.72,"D"
"1266",31.35389,47.85649,351.05,0.49,0.65,"2026-09-09",905,"N20","nominal","2.0NRT",318.97,15.62,"D"
"1267",32.24188,51.43102,346.24,0.59,0.52,"2026-09-09",905,"N20","nominal","2.0NRT",319.4,21.78,"D"
"1268",32.24053,51.42511,345.54,0.59,0.53,"2026-09-09",905,"N20","nominal","2.0NRT",315.6,14.97,"D"
"1269",33.75406,59.14781,334.07,0.39,0.36,"2026-09-09",905,"N20","low","2.0NRT",308.44,1.64,"D"
"1270",31.76362,49.15845,343.6,0.4,0.6,"2026-09-09",905,"N20","nominal","2.0NRT",309.13,4.45,"D"
"1271",31.43477,47.83691,367,0.49,0.65,"2026-09-09",905,"N20","high","2.0NRT",320.13,22.92,"D"
"1272",31.65882,47.52168,367,0.5,0.66,"2026-09-09",905,"N20","high","2.0NRT",319.79,9.3,"D"
"1273",31.65746,47.51661,367,0.5,0.66,"2026-09-09",905,"N20","high","2.0NRT",318.08,9.3,"D"
"1274",31.65609,47.51153,351.12,0.5,0.66,"2026-09-09",905,"N20","nominal","2.0NRT",316.69,12.8,"D"
"1275",31.35664,45.96948,347.04,0.63,0.72,"2026-09-09",905,"N20","nominal","2.0NRT",315.52,9.88,"D"
"1276",32.06024,47.44234,367,0.5,0.66,"2026-09-09",907,"N20","high","2.0NRT",319.3,10.66,"D"
"1277",32.0574,47.44339,355.61,0.5,0.66,"2026-09-09",907,"N20","nominal","2.0NRT",320.82,17.94,"D"
"1278",32.10569,47.5524,367,0.49,0.65,"2026-09-09",907,"N20","high","2.0NRT",317.63,10.87,"D"
"1279",32.09205,47.43069,343.44,0.5,0.66,"2026-09-09",907,"N20","low","2.0NRT",316.94,5.47,"D"
"1280",32.11825,47.41006,367,0.5,0.66,"2026-09-09",907,"N20","high","2.0NRT",320.32,22.66,"D"
"1281",32.11959,47.41511,340.88,0.5,0.66,"2026-09-09",907,"N20","nominal","2.0NRT",314.3,15.49,"D"
"1282",32.11691,47.40502,345.27,0.5,0.66,"2026-09-09",907,"N20","nominal","2.0NRT",316.86,22.66,"D"
"1283",31.76086,46.04876,367,0.61,0.71,"2026-09-09",907,"N20","high","2.0NRT",318.67,17.4,"D"
"1284",32.13117,47.41095,349.97,0.5,0.66,"2026-09-09",907,"N20","nominal","2.0NRT",315.76,5.47,"D"
"1285",31.76594,46.06702,349.1,0.6,0.71,"2026-09-09",907,"N20","nominal","2.0NRT",315.66,11.69,"D"
"1286",31.76708,46.0464,354.62,0.61,0.71,"2026-09-09",907,"N20","nominal","2.0NRT",315.79,17.4,"D"
"1287",32.17909,47.52061,367,0.49,0.65,"2026-09-09",907,"N20","high","2.0NRT",317.02,9.4,"D"
"1288",31.7621,46.04807,367,0.61,0.71,"2026-09-09",907,"N20","high","2.0NRT",319.78,33.03,"D"
"1289",31.76728,46.06627,352.12,0.6,0.71,"2026-09-09",907,"N20","nominal","2.0NRT",315.79,6.21,"D"
"1290",32.17827,47.52477,348.14,0.49,0.65,"2026-09-09",907,"N20","nominal","2.0NRT",314.88,7.38,"D"
"1291",32.17693,47.51981,354.18,0.49,0.65,"2026-09-09",907,"N20","nominal","2.0NRT",317.13,7.38,"D"
"1292",32.35216,47.70901,367,0.47,0.64,"2026-09-09",907,"N20","high","2.0NRT",317.79,14.47,"D"
"1293",32.35344,47.71391,347.72,0.47,0.64,"2026-09-09",907,"N20","nominal","2.0NRT",314.66,11.5,"D"
"1294",32.35659,47.70219,343.02,0.47,0.64,"2026-09-09",907,"N20","nominal","2.0NRT",315.36,12.09,"D"
"1295",32.35528,47.69717,353.1,0.47,0.64,"2026-09-09",907,"N20","nominal","2.0NRT",314.22,12.78,"D"
"1296",32.35212,47.71138,367,0.47,0.64,"2026-09-09",907,"N20","high","2.0NRT",317.76,14.72,"D"
"1297",32.35519,47.69962,356.09,0.47,0.64,"2026-09-09",907,"N20","nominal","2.0NRT",315.69,12.07,"D"
"1298",32.25482,47.25564,347.18,0.5,0.66,"2026-09-09",907,"N20","nominal","2.0NRT",317.14,7.9,"D"
"1299",32.25342,47.25047,355.34,0.5,0.66,"2026-09-09",907,"N20","nominal","2.0NRT",319.58,7.9,"D"
"1300",32.348,47.46144,342.18,0.49,0.65,"2026-09-09",907,"N20","low","2.0NRT",316.95,1.8,"D"
"1301",32.36954,47.40809,343.64,0.49,0.65,"2026-09-09",907,"N20","low","2.0NRT",315.15,8.4,"D"
"1302",32.49088,47.21088,367,0.5,0.66,"2026-09-09",907,"N20","high","2.0NRT",318.27,15.62,"D"
"1303",32.59897,47.54535,350.24,0.48,0.64,"2026-09-09",907,"N20","nominal","2.0NRT",315.66,9.99,"D"
"1304",32.48825,45.6629,344.59,0.61,0.71,"2026-09-09",907,"N20","nominal","2.0NRT",313.22,8.71,"D"
"1305",33.56848,49.11162,336.56,0.37,0.58,"2026-09-09",907,"N20","low","2.0NRT",310.95,2.93,"D"
"1306",33.17304,47.47134,341.65,0.47,0.64,"2026-09-09",907,"N20","nominal","2.0NRT",312.14,5.11,"D"
"1307",33.17168,47.46614,346.8,0.47,0.64,"2026-09-09",907,"N20","low","2.0NRT",317.15,5.11,"D"
"1308",33.24902,47.73895,338.51,0.45,0.63,"2026-09-09",907,"N20","low","2.0NRT",310.92,2.94,"D"
"1309",33.17467,47.45402,345.75,0.47,0.64,"2026-09-09",907,"N20","low","2.0NRT",318.07,13.4,"D"
"1310",33.17321,47.44847,342.65,0.47,0.64,"2026-09-09",907,"N20","low","2.0NRT",316.68,8.44,"D"
"1311",33.17308,47.4709,341.08,0.46,0.64,"2026-09-09",907,"N20","low","2.0NRT",313.04,4.79,"D"
"1312",33.17169,47.46575,346.15,0.47,0.64,"2026-09-09",907,"N20","low","2.0NRT",317.18,4.79,"D"
"1313",33.25066,47.73781,343.09,0.45,0.63,"2026-09-09",907,"N20","nominal","2.0NRT",312.25,4.58,"D"
"1314",33.17461,47.45366,343.47,0.47,0.64,"2026-09-09",907,"N20","low","2.0NRT",317.95,13.41,"D"
"1315",33.17312,47.4481,343.42,0.47,0.64,"2026-09-09",907,"N20","low","2.0NRT",316.69,8.94,"D"
"1316",33.71515,48.89817,337.05,0.38,0.58,"2026-09-09",907,"N20","nominal","2.0NRT",308.87,1.36,"D"
"1317",33.15891,44.79203,342.4,0.65,0.73,"2026-09-09",907,"N20","nominal","2.0NRT",309.43,4.86,"D"
"1318",33.15697,44.7854,340.76,0.65,0.73,"2026-09-09",907,"N20","nominal","2.0NRT",311.73,4.86,"D"
"1319",33.21613,44.76851,337.77,0.65,0.73,"2026-09-09",907,"N20","low","2.0NRT",312.71,4.88,"D"
"1320",33.22098,44.76717,336.06,0.65,0.73,"2026-09-09",907,"N20","low","2.0NRT",310.8,2.26,"D"
"1321",33.32579,44.57331,343.6,0.66,0.73,"2026-09-09",907,"N20","nominal","2.0NRT",310.39,5.06,"D"
"1322",37.03031,62.4196,349.34,0.44,0.38,"2026-09-09",907,"N20","nominal","2.0NRT",313.6,7.87,"D"
"1323",37.03382,62.41893,347.6,0.44,0.38,"2026-09-09",907,"N20","nominal","2.0NRT",311.42,7.87,"D"
"1324",37.11723,62.36509,343.38,0.44,0.38,"2026-09-09",907,"N20","nominal","2.0NRT",312.18,10.31,"D"
"1325",36.94468,60.79848,337.35,0.4,0.37,"2026-09-09",907,"N20","nominal","2.0NRT",306.66,2.83,"D"
"1326",35.28303,51.5353,338.15,0.49,0.49,"2026-09-09",907,"N20","nominal","2.0NRT",305.93,1.6,"D"
"1327",35.28134,51.53197,333.89,0.49,0.49,"2026-09-09",907,"N20","low","2.0NRT",305.92,2.7,"D"
"1328",35.32352,51.51258,336.98,0.49,0.49,"2026-09-09",907,"N20","low","2.0NRT",307.6,3.12,"D"
"1329",37.42387,62.31189,334.53,0.44,0.38,"2026-09-09",907,"N20","nominal","2.0NRT",302.32,2.84,"D"
"1330",37.4985,61.8495,331.58,0.43,0.38,"2026-09-09",907,"N20","low","2.0NRT",304.94,2.97,"D"
"1331",37.61876,62.14182,335.82,0.44,0.38,"2026-09-09",907,"N20","low","2.0NRT",306.7,3.16,"D"
"1332",37.62597,62.17074,335.97,0.44,0.38,"2026-09-09",907,"N20","low","2.0NRT",307.16,2.03,"D"
"1333",37.6704,62.23825,331.66,0.44,0.38,"2026-09-09",907,"N20","low","2.0NRT",306.3,2.85,"D"
"1334",37.59314,61.52941,341.04,0.42,0.38,"2026-09-09",907,"N20","nominal","2.0NRT",310.1,3.43,"D"
"1335",37.6106,61.60832,343.08,0.42,0.38,"2026-09-09",907,"N20","nominal","2.0NRT",308.48,3.37,"D"
"1336",37.68787,61.80502,337.22,0.43,0.38,"2026-09-09",907,"N20","nominal","2.0NRT",305.94,2.92,"D"
"1337",37.7867,62.53811,339.74,0.45,0.39,"2026-09-09",907,"N20","low","2.0NRT",309.97,5.92,"D"
"1338",34.51653,45.71829,353.4,0.54,0.67,"2026-09-09",907,"N20","nominal","2.0NRT",314.71,8.64,"D"
"1339",37.98336,61.8866,334.03,0.43,0.38,"2026-09-09",907,"N20","low","2.0NRT",306.81,2.48,"D"
"1340",34.39251,44.41575,345.44,0.63,0.72,"2026-09-09",907,"N20","nominal","2.0NRT",310.27,6.56,"D"
"1341",34.39058,44.4092,341.36,0.63,0.72,"2026-09-09",907,"N20","nominal","2.0NRT",310.3,6.56,"D"
"1342",37.94197,58.56392,330.97,0.38,0.36,"2026-09-09",907,"N20","low","2.0NRT",301.22,2.11,"D"
"1343",34.86635,44.54841,338.48,0.61,0.71,"2026-09-09",907,"N20","low","2.0NRT",313.04,3.42,"D"
"1344",34.93843,44.51032,345.15,0.61,0.71,"2026-09-09",907,"N20","nominal","2.0NRT",313.98,5.26,"D"
"1345",34.9399,44.5102,339.05,0.61,0.71,"2026-09-09",907,"N20","low","2.0NRT",313.65,5.59,"D"
"1346",34.86571,44.02697,351.5,0.65,0.73,"2026-09-09",907,"N20","nominal","2.0NRT",313.66,7.35,"D"
"1347",34.89455,43.81339,353.87,0.66,0.73,"2026-09-09",907,"N20","nominal","2.0NRT",312.58,27.7,"D"
"1348",34.89249,43.80649,347.67,0.66,0.73,"2026-09-09",907,"N20","low","2.0NRT",320.14,46.25,"D"
"1349",35.09462,44.20233,367,0.62,0.72,"2026-09-09",907,"N20","high","2.0NRT",317.99,11.92,"D"
"1350",35.0927,44.19586,355.26,0.62,0.72,"2026-09-09",907,"N20","nominal","2.0NRT",318.58,11.92,"D"
"1351",34.94135,43.54594,367,0.68,0.74,"2026-09-09",907,"N20","high","2.0NRT",313.53,18.07,"D"
"1352",35.68824,46.12052,338.01,0.48,0.64,"2026-09-09",907,"N20","nominal","2.0NRT",303.67,2.03,"D"
"1353",35.24548,44.43206,354.12,0.6,0.71,"2026-09-09",907,"N20","nominal","2.0NRT",318.9,14.4,"D"
"1354",34.94391,43.54425,367,0.68,0.74,"2026-09-09",907,"N20","high","2.0NRT",314.08,23.17,"D"
"1355",35.24839,44.43671,347.36,0.6,0.7,"2026-09-09",907,"N20","nominal","2.0NRT",313.93,9.53,"D"
"1356",35.24652,44.43037,350.7,0.6,0.71,"2026-09-09",907,"N20","nominal","2.0NRT",317.54,12.12,"D"
"1357",35.01889,43.5034,347.71,0.68,0.74,"2026-09-09",907,"N20","nominal","2.0NRT",313.05,3.94,"D"
"1358",35.38738,44.21983,349.44,0.61,0.71,"2026-09-09",907,"N20","nominal","2.0NRT",316.19,9.69,"D"
"1359",35.77243,45.54512,336.61,0.51,0.66,"2026-09-09",907,"N20","low","2.0NRT",308.83,7.28,"D"
"1360",35.46041,44.42321,351.78,0.59,0.7,"2026-09-09",907,"N20","nominal","2.0NRT",316.79,7.29,"D"
"1361",35.76798,45.54323,337.22,0.51,0.66,"2026-09-09",907,"N20","low","2.0NRT",310.41,2.84,"D"
"1362",35.38153,44.22091,346.52,0.61,0.71,"2026-09-09",907,"N20","low","2.0NRT",318.45,11.79,"D"
"1363",35.45572,44.42349,354.73,0.59,0.7,"2026-09-09",907,"N20","nominal","2.0NRT",315.28,5.51,"D"
"1364",35.52845,44.34269,367,0.6,0.7,"2026-09-09",907,"N20","high","2.0NRT",315.3,12.81,"D"
"1365",35.53459,44.3401,337.98,0.6,0.7,"2026-09-09",907,"N20","nominal","2.0NRT",312.43,2,"D"
"1366",35.48887,44.15973,367,0.61,0.71,"2026-09-09",907,"N20","high","2.0NRT",311.91,25.2,"D"
"1367",35.48701,44.15338,350.67,0.61,0.71,"2026-09-09",907,"N20","nominal","2.0NRT",317.66,25.16,"D"
"1368",35.53142,44.34505,344.71,0.59,0.7,"2026-09-09",907,"N20","nominal","2.0NRT",312.78,8.1,"D"
"1369",35.48902,44.15641,367,0.61,0.71,"2026-09-09",907,"N20","high","2.0NRT",317.24,34.35,"D"
"1370",35.62887,44.01398,367,0.62,0.71,"2026-09-09",907,"N20","high","2.0NRT",318.93,27.98,"D"
"1371",35.55505,43.76595,367,0.64,0.72,"2026-09-09",907,"N20","high","2.0NRT",312.96,13.68,"D"
"1372",35.66476,43.9696,341.02,0.62,0.71,"2026-09-09",907,"N20","low","2.0NRT",314.7,5.66,"D"
"1373",35.72338,44.04653,367,0.61,0.71,"2026-09-09",907,"N20","high","2.0NRT",316.08,15.05,"D"
"1374",35.72142,44.03996,345.74,0.61,0.71,"2026-09-09",907,"N20","nominal","2.0NRT",315.59,12.5,"D"
"1375",35.68762,43.87949,367,0.62,0.72,"2026-09-09",907,"N20","high","2.0NRT",319.29,56.94,"D"
"1376",35.77165,43.99758,349.83,0.61,0.71,"2026-09-09",907,"N20","nominal","2.0NRT",315.23,5.79,"D"
"1377",35.77191,43.99604,343.31,0.61,0.71,"2026-09-09",907,"N20","low","2.0NRT",313.99,4.67,"D"
"1378",35.97988,43.77417,342.35,0.62,0.71,"2026-09-09",907,"N20","nominal","2.0NRT",314.13,3.49,"D"
"1379",35.99834,43.76543,342.38,0.62,0.71,"2026-09-09",907,"N20","nominal","2.0NRT",311.78,2.65,"D"
"1380",40.11163,64.70516,330.13,0.4,0.44,"2026-09-09",907,"N20","low","2.0NRT",302.23,1.62,"D"
"1381",38.67966,54.31524,332.9,0.47,0.4,"2026-09-09",907,"N20","nominal","2.0NRT",296.74,2.46,"D"
"1382",37.32524,46.54273,335.7,0.41,0.6,"2026-09-09",907,"N20","nominal","2.0NRT",303.59,2.59,"D"
"1383",41.10125,72.05288,343.25,0.49,0.65,"2026-09-09",907,"N20","nominal","2.0NRT",302.87,6.12,"D"
"1384",41.09645,72.05067,350.33,0.49,0.65,"2026-09-09",907,"N20","nominal","2.0NRT",304.15,6.31,"D"
"1385",41.02362,69.47452,345.31,0.36,0.57,"2026-09-09",907,"N20","nominal","2.0NRT",307.32,4.47,"D"
"1386",41.0234,69.47029,352.66,0.36,0.57,"2026-09-09",907,"N20","nominal","2.0NRT",308.75,4.47,"D"
"1387",41.02891,69.474,337.67,0.36,0.57,"2026-09-09",907,"N20","low","2.0NRT",312.11,2.64,"D"
"1388",36.19893,42.23529,367,0.73,0.76,"2026-09-09",907,"N20","high","2.0NRT",313.56,14.86,"D"
"1389",36.24848,42.27334,367,0.73,0.76,"2026-09-09",907,"N20","high","2.0NRT",315.64,14.56,"D"
"1390",36.72628,43.84598,334.32,0.59,0.7,"2026-09-09",907,"N20","low","2.0NRT",309.31,3.13,"D"
"1391",36.24969,42.27508,367,0.73,0.76,"2026-09-09",907,"N20","high","2.0NRT",313.3,16.55,"D"
"1392",37.92834,47.50769,332.55,0.35,0.57,"2026-09-09",907,"N20","nominal","2.0NRT",303.34,1.57,"D"
"1393",36.77705,43.32966,349.25,0.62,0.72,"2026-09-09",907,"N20","nominal","2.0NRT",306.15,8.29,"D"
"1394",36.71072,41.8709,367,0.74,0.76,"2026-09-09",907,"N20","high","2.0NRT",315.86,18.04,"D"
"1395",36.71032,41.8714,367,0.74,0.76,"2026-09-09",907,"N20","high","2.0NRT",316.07,20.69,"D"
"1396",36.94629,42.13794,334.34,0.71,0.75,"2026-09-09",907,"N20","low","2.0NRT",309.18,4.04,"D"
"1397",36.95388,41.92454,367,0.73,0.76,"2026-09-09",907,"N20","high","2.0NRT",309.33,15.98,"D"
"1398",36.95146,41.91682,334.16,0.73,0.76,"2026-09-09",907,"N20","nominal","2.0NRT",308.93,15.98,"D"
"1399",36.82143,41.48143,367,0.77,0.77,"2026-09-09",907,"N20","high","2.0NRT",310.02,13.86,"D"
"1400",36.95556,41.90596,338.77,0.73,0.76,"2026-09-09",907,"N20","low","2.0NRT",311.8,15.18,"D"
"1401",36.96937,41.92607,367,0.72,0.76,"2026-09-09",907,"N20","high","2.0NRT",313.14,21.87,"D"
"1402",36.97176,41.9337,345.34,0.72,0.76,"2026-09-09",907,"N20","nominal","2.0NRT",307.46,21.87,"D"
"1403",36.96452,41.91057,350.37,0.73,0.76,"2026-09-09",907,"N20","nominal","2.0NRT",308.51,29.02,"D"
"1404",36.97102,41.90738,367,0.73,0.76,"2026-09-09",907,"N20","high","2.0NRT",310.32,12.24,"D"
"1405",36.9542,41.92432,367,0.72,0.76,"2026-09-09",907,"N20","high","2.0NRT",309.44,25.82,"D"
"1406",36.95174,41.91663,337.88,0.73,0.76,"2026-09-09",907,"N20","nominal","2.0NRT",309.16,24.61,"D"
"1407",36.81958,41.48281,352.11,0.77,0.77,"2026-09-09",907,"N20","nominal","2.0NRT",309.68,11.18,"D"
"1408",36.96975,41.92588,367,0.72,0.76,"2026-09-09",907,"N20","high","2.0NRT",312.58,47.57,"D"
"1409",36.97218,41.93349,346.21,0.72,0.76,"2026-09-09",907,"N20","nominal","2.0NRT",307.52,21.69,"D"
"1410",36.96482,41.91044,349.3,0.73,0.76,"2026-09-09",907,"N20","nominal","2.0NRT",308.29,9.67,"D"
"1411",36.96235,41.9027,340.31,0.73,0.76,"2026-09-09",907,"N20","low","2.0NRT",314,9.67,"D"
"1412",36.97134,41.90728,354.33,0.73,0.76,"2026-09-09",907,"N20","nominal","2.0NRT",309.95,9.67,"D"
"1413",37.04622,42.07251,345.12,0.71,0.75,"2026-09-09",907,"N20","nominal","2.0NRT",309.53,7.35,"D"
"1414",36.90854,41.28716,353.76,0.78,0.78,"2026-09-09",907,"N20","nominal","2.0NRT",311.22,10.07,"D"
"1415",36.90591,41.27904,345.47,0.78,0.78,"2026-09-09",907,"N20","nominal","2.0NRT",310.46,10.07,"D"
"1416",36.97858,41.38443,339.93,0.77,0.77,"2026-09-09",907,"N20","low","2.0NRT",310.64,4.58,"D"
"1417",37.03693,41.49488,346.56,0.76,0.77,"2026-09-09",907,"N20","nominal","2.0NRT",309.27,11.31,"D"
"1418",37.03439,41.4869,346.07,0.76,0.77,"2026-09-09",907,"N20","nominal","2.0NRT",310.68,10.74,"D"
"1419",36.97676,41.38591,337.57,0.77,0.77,"2026-09-09",907,"N20","low","2.0NRT",310.33,9.41,"D"
"1420",37.03577,41.49612,341.68,0.76,0.77,"2026-09-09",907,"N20","nominal","2.0NRT",308.77,8.28,"D"
"1421",37.03318,41.48816,350.68,0.76,0.77,"2026-09-09",907,"N20","nominal","2.0NRT",311.1,8.28,"D"
"1422",37.0953,41.11504,341.84,0.79,0.78,"2026-09-09",907,"N20","nominal","2.0NRT",311.26,16.83,"D"
"1423",37.09258,41.10665,356.11,0.79,0.78,"2026-09-09",907,"N20","nominal","2.0NRT",312.25,22.7,"D"
"1424",42.04716,59.94392,330.16,0.41,0.37,"2026-09-09",907,"N20","low","2.0NRT",302.57,3.18,"D"
"1425",39.44489,46.34891,354.45,0.37,0.58,"2026-09-09",907,"N20","nominal","2.0NRT",302.25,6.04,"D"
"1426",40.50931,44.92658,337.36,0.4,0.6,"2026-09-09",909,"N20","nominal","2.0NRT",292.28,2.99,"D"
"1427",41.30999,46.68734,338.24,0.63,0.54,"2026-09-09",909,"N20","nominal","2.0NRT",297.65,9.39,"D"
"1428",41.30829,46.68073,353.03,0.63,0.54,"2026-09-09",909,"N20","nominal","2.0NRT",303.75,25.52,"D"
"1429",41.30661,46.67427,328.16,0.63,0.54,"2026-09-09",909,"N20","low","2.0NRT",299.98,25.52,"D"
"1430",41.31471,46.68515,334.97,0.63,0.54,"2026-09-09",909,"N20","nominal","2.0NRT",300.06,14.11,"D"
"1431",41.31301,46.67857,343.7,0.63,0.54,"2026-09-09",909,"N20","nominal","2.0NRT",306.71,25.55,"D"
"1432",40.6368,43.8849,338.89,0.45,0.63,"2026-09-09",909,"N20","nominal","2.0NRT",303.65,4.1,"D"
"1433",40.82682,44.14953,331.97,0.43,0.62,"2026-09-09",909,"N20","nominal","2.0NRT",295.68,2.75,"D"
"1434",41.5276,44.69862,340.14,0.39,0.59,"2026-09-09",909,"N20","nominal","2.0NRT",294.32,4.09,"D"
"1435",41.36306,43.40666,326.58,0.46,0.63,"2026-09-09",909,"N20","nominal","2.0NRT",295.36,2.3,"D"
"1436",40.24517,39.80651,326.1,0.74,0.76,"2026-09-09",909,"N20","low","2.0NRT",296.6,5.61,"D"
"1437",40.2436,39.80068,337.51,0.74,0.76,"2026-09-09",909,"N20","nominal","2.0NRT",299.4,5.19,"D"
"1438",43.30144,46.42488,342.69,0.57,0.52,"2026-09-09",909,"N20","nominal","2.0NRT",300.78,9.49,"D"
"1439",43.29974,46.41821,328.95,0.57,0.52,"2026-09-09",909,"N20","nominal","2.0NRT",299.89,9.49,"D"
"1440",43.30765,46.42934,335.95,0.57,0.52,"2026-09-09",909,"N20","nominal","2.0NRT",295.51,9.01,"D"
"1441",43.30597,46.4227,350.52,0.57,0.52,"2026-09-09",909,"N20","nominal","2.0NRT",302.65,9.49,"D"
"1442",43.30427,46.41601,340.02,0.57,0.52,"2026-09-09",909,"N20","nominal","2.0NRT",300.67,9.49,"D"
"1443",43.56209,46.62132,335.39,0.55,0.51,"2026-09-09",909,"N20","nominal","2.0NRT",298.16,5.1,"D"
"1444",43.27899,45.19845,367,0.33,0.55,"2026-09-09",909,"N20","high","2.0NRT",296.85,6.25,"D"
"1445",43.6293,46.5383,341.33,0.55,0.51,"2026-09-09",909,"N20","nominal","2.0NRT",294.87,8.43,"D"
"1446",43.5048,45.45948,329.14,0.63,0.54,"2026-09-09",909,"N20","nominal","2.0NRT",297.93,4.63,"D"
"1447",43.50292,45.45232,333.5,0.63,0.54,"2026-09-09",909,"N20","nominal","2.0NRT",296.93,4.63,"D"
"1448",43.54363,45.58732,330.46,0.62,0.54,"2026-09-09",909,"N20","nominal","2.0NRT",300.02,8.27,"D"
"1449",43.50949,45.4571,341.99,0.63,0.54,"2026-09-09",909,"N20","nominal","2.0NRT",299.42,4.63,"D"
"1450",43.50761,45.44996,329.56,0.63,0.54,"2026-09-09",909,"N20","nominal","2.0NRT",300.7,4.63,"D"
"1451",43.94224,47.14452,335.27,0.51,0.49,"2026-09-09",909,"N20","nominal","2.0NRT",301.46,7.88,"D"
"1452",43.94077,47.13849,330.09,0.51,0.49,"2026-09-09",909,"N20","low","2.0NRT",300.74,5.94,"D"
"1453",43.52823,45.48804,338.44,0.62,0.54,"2026-09-09",909,"N20","nominal","2.0NRT",297.46,6.53,"D"
"1454",43.5815,44.73038,341.27,0.34,0.56,"2026-09-09",909,"N20","nominal","2.0NRT",298.22,5.28,"D"
"1455",43.58044,44.73289,335.64,0.34,0.56,"2026-09-09",909,"N20","nominal","2.0NRT",296.92,1.64,"D"
"1456",43.58408,44.72605,333.73,0.34,0.56,"2026-09-09",909,"N20","nominal","2.0NRT",299.04,2.17,"D"
"1457",45.89556,53.30122,331.78,0.41,0.37,"2026-09-09",909,"N20","nominal","2.0NRT",296.25,5.12,"D"
"1458",43.89685,44.19315,367,0.35,0.57,"2026-09-09",909,"N20","high","2.0NRT",298.08,40.34,"D"
"1459",43.89573,44.18902,300.44,0.35,0.57,"2026-09-09",909,"N20","low","2.0NRT",317.34,56.15,"D"
"1460",43.89359,44.19466,367,0.35,0.57,"2026-09-09",909,"N20","high","2.0NRT",299.07,18.36,"D"
"1461",43.89244,44.19055,349.76,0.35,0.57,"2026-09-09",909,"N20","nominal","2.0NRT",306.61,64.16,"D"
"1462",43.89851,44.19215,367,0.35,0.57,"2026-09-09",909,"N20","high","2.0NRT",297.28,18.36,"D"
"1463",45.0015,48.4814,344.26,0.42,0.45,"2026-09-09",909,"N20","nominal","2.0NRT",291.41,6.28,"D"
"1464",43.94142,43.98019,345.9,0.36,0.57,"2026-09-09",909,"N20","nominal","2.0NRT",301.94,4.82,"D"
"1465",43.94635,43.97755,367,0.36,0.57,"2026-09-09",909,"N20","high","2.0NRT",302.08,6.97,"D"
"1466",43.94751,43.98174,337.47,0.36,0.57,"2026-09-09",909,"N20","nominal","2.0NRT",300.21,6.97,"D"
"1467",43.94521,43.97338,354.24,0.36,0.57,"2026-09-09",909,"N20","nominal","2.0NRT",302.98,7.93,"D"
"1468",43.95244,43.97912,345.1,0.36,0.57,"2026-09-09",909,"N20","nominal","2.0NRT",301.17,6.97,"D"
"1469",43.95129,43.97493,356.09,0.36,0.57,"2026-09-09",909,"N20","nominal","2.0NRT",304.61,6.97,"D"
"1470",43.95015,43.97075,345.41,0.36,0.57,"2026-09-09",909,"N20","nominal","2.0NRT",302.94,7.93,"D"
"1471",43.94228,43.98107,351.21,0.36,0.57,"2026-09-09",909,"N20","nominal","2.0NRT",300.93,4.6,"D"
"1472",43.94722,43.97846,367,0.36,0.57,"2026-09-09",909,"N20","high","2.0NRT",302.87,11.41,"D"
"1473",43.94606,43.97429,367,0.36,0.57,"2026-09-09",909,"N20","high","2.0NRT",303.64,7.54,"D"
"1474",43.94488,43.97012,333.26,0.36,0.57,"2026-09-09",909,"N20","nominal","2.0NRT",301.56,7.54,"D"
"1475",43.95216,43.97585,367,0.36,0.57,"2026-09-09",909,"N20","high","2.0NRT",302.11,11.41,"D"
"1476",43.95099,43.97168,354.13,0.36,0.57,"2026-09-09",909,"N20","nominal","2.0NRT",303.06,7.54,"D"
"1477",43.86757,43.19313,331.23,0.39,0.59,"2026-09-09",909,"N20","nominal","2.0NRT",294.05,2.86,"D"
"1478",43.98222,43.45137,336.34,0.38,0.59,"2026-09-09",909,"N20","nominal","2.0NRT",298.28,3.91,"D"
"1479",44.35841,44.47915,336.95,0.33,0.55,"2026-09-09",909,"N20","nominal","2.0NRT",301.53,3.05,"D"
"1480",44.59824,44.32092,367,0.33,0.55,"2026-09-09",909,"N20","high","2.0NRT",302.81,5.85,"D"
"1481",44.60305,44.3185,339.72,0.33,0.55,"2026-09-09",909,"N20","nominal","2.0NRT",299.87,5.85,"D"
"1482",44.60181,44.31633,334.54,0.33,0.55,"2026-09-09",909,"N20","nominal","2.0NRT",299.62,3.03,"D"
"1483",49.02334,74.21652,340.29,0.68,0.74,"2026-09-09",909,"N20","nominal","2.0NRT",305.74,6.01,"D"
"1484",49.02998,74.23629,367,0.68,0.74,"2026-09-09",909,"N20","high","2.0NRT",314.78,30.89,"D"
"1485",49.03019,74.2173,367,0.68,0.74,"2026-09-09",909,"N20","high","2.0NRT",311.06,22.61,"D"
"1486",49.03009,74.22684,342.06,0.68,0.74,"2026-09-09",909,"N20","nominal","2.0NRT",308.17,30.89,"D"
"1487",49.03684,74.23694,367,0.68,0.74,"2026-09-09",909,"N20","high","2.0NRT",303.64,30.89,"D"
"1488",49.03704,74.21779,367,0.68,0.74,"2026-09-09",909,"N20","high","2.0NRT",306.39,22.61,"D"
"1489",49.03715,74.20776,352.68,0.68,0.74,"2026-09-09",909,"N20","nominal","2.0NRT",308.32,22.61,"D"
"1490",49.02995,74.23689,367,0.68,0.74,"2026-09-09",909,"N20","high","2.0NRT",310.43,45.47,"D"
"1491",49.03024,74.21792,367,0.68,0.74,"2026-09-09",909,"N20","high","2.0NRT",310.39,29.17,"D"
"1492",49.03009,74.22747,351.56,0.68,0.74,"2026-09-09",909,"N20","nominal","2.0NRT",310.19,29.17,"D"
"1493",49.03709,74.21838,367,0.68,0.74,"2026-09-09",909,"N20","high","2.0NRT",304.73,21.24,"D"
"1494",49.0368,74.2375,353.36,0.68,0.74,"2026-09-09",909,"N20","nominal","2.0NRT",303.35,11.88,"D"
"1495",49.03695,74.22797,336.33,0.68,0.74,"2026-09-09",909,"N20","nominal","2.0NRT",302.28,21.24,"D"
"1496",49.03724,74.20838,351.38,0.68,0.74,"2026-09-09",909,"N20","nominal","2.0NRT",310.77,33.51,"D"
"1497",49.13019,74.92078,339.05,0.73,0.76,"2026-09-09",909,"N20","nominal","2.0NRT",306.67,8.51,"D"
"1498",49.13455,74.91295,345.73,0.73,0.76,"2026-09-09",909,"N20","nominal","2.0NRT",305.59,12.96,"D"
"1499",49.14207,74.89085,356.13,0.73,0.76,"2026-09-09",909,"N20","nominal","2.0NRT",305.69,16.3,"D"
"1500",46.77725,48.12812,341.06,0.39,0.44,"2026-09-09",909,"N20","nominal","2.0NRT",294.9,3.42,"D"
"1501",45.80143,43.88431,351.78,0.32,0.55,"2026-09-09",909,"N20","nominal","2.0NRT",299.22,4.67,"D"
"1502",45.80509,43.87789,343.86,0.32,0.55,"2026-09-09",909,"N20","nominal","2.0NRT",299.03,3.12,"D"
"1503",45.81398,43.89072,367,0.32,0.54,"2026-09-09",909,"N20","high","2.0NRT",297.81,7.99,"D"
"1504",45.81606,43.89836,335.81,0.32,0.54,"2026-09-09",909,"N20","nominal","2.0NRT",296.33,2.3,"D"
"1505",45.81295,43.88691,339.54,0.32,0.54,"2026-09-09",909,"N20","nominal","2.0NRT",298.35,7.69,"D"
"1506",45.81086,43.87921,334.31,0.32,0.55,"2026-09-09",909,"N20","nominal","2.0NRT",297.62,3.12,"D"
"1507",45.81972,43.89193,354.06,0.32,0.54,"2026-09-09",909,"N20","nominal","2.0NRT",296.65,4.83,"D"
"1508",45.82337,43.88548,342.35,0.32,0.54,"2026-09-09",909,"N20","nominal","2.0NRT",298.11,4.83,"D"
"1509",49.51593,73.8158,336.44,0.65,0.73,"2026-09-09",909,"N20","low","2.0NRT",310.99,6.5,"D"
"1510",49.5297,73.78923,341.39,0.65,0.73,"2026-09-09",909,"N20","nominal","2.0NRT",309.85,10.69,"D"
"1511",49.53653,73.78078,367,0.65,0.73,"2026-09-09",909,"N20","high","2.0NRT",312.91,48.89,"D"
"1512",49.53669,73.76328,348.19,0.65,0.73,"2026-09-09",909,"N20","nominal","2.0NRT",310.48,65.74,"D"
"1513",49.53661,73.77209,350.26,0.65,0.73,"2026-09-09",909,"N20","low","2.0NRT",326.14,65.74,"D"
"1514",49.54328,73.78091,367,0.65,0.73,"2026-09-09",909,"N20","high","2.0NRT",310.43,48.89,"D"
"1515",49.54336,73.77216,344.19,0.65,0.73,"2026-09-09",909,"N20","nominal","2.0NRT",317.22,65.74,"D"
"1516",49.5501,73.77229,367,0.65,0.73,"2026-09-09",909,"N20","high","2.0NRT",311.14,24.34,"D"
"1517",49.55653,73.80994,342.18,0.65,0.73,"2026-09-09",909,"N20","nominal","2.0NRT",309.45,10.55,"D"
"1518",49.55684,73.77261,349.77,0.65,0.73,"2026-09-09",909,"N20","nominal","2.0NRT",309.03,24.34,"D"
"1519",49.55692,73.7639,353.12,0.65,0.73,"2026-09-09",909,"N20","nominal","2.0NRT",315.33,24.34,"D"
"1520",49.51791,73.80962,339.8,0.65,0.73,"2026-09-09",909,"N20","low","2.0NRT",311.22,7.33,"D"
"1521",49.52492,73.79187,340.87,0.65,0.73,"2026-09-09",909,"N20","nominal","2.0NRT",310.77,6.99,"D"
"1522",49.53114,73.82982,336.18,0.65,0.73,"2026-09-09",909,"N20","low","2.0NRT",310.12,3.98,"D"
"1523",49.53179,73.78346,338.32,0.65,0.73,"2026-09-09",909,"N20","low","2.0NRT",310.38,39.14,"D"
"1524",49.53854,73.78368,350.4,0.65,0.73,"2026-09-09",909,"N20","nominal","2.0NRT",309.9,39.14,"D"
"1525",49.53866,73.77499,353.98,0.65,0.73,"2026-09-09",909,"N20","nominal","2.0NRT",322.23,39.14,"D"
"1526",49.54541,73.77499,367,0.65,0.73,"2026-09-09",909,"N20","high","2.0NRT",315.21,30.42,"D"
"1527",49.54529,73.78377,334.39,0.65,0.73,"2026-09-09",909,"N20","nominal","2.0NRT",308.65,30.42,"D"
"1528",49.54552,73.76637,345.64,0.65,0.73,"2026-09-09",909,"N20","nominal","2.0NRT",305.14,33.54,"D"
"1529",49.55215,73.77512,367,0.65,0.73,"2026-09-09",909,"N20","high","2.0NRT",307.51,30.42,"D"
"1530",49.55227,73.76646,367,0.65,0.73,"2026-09-09",909,"N20","high","2.0NRT",309.13,33.54,"D"
"1531",49.55901,73.76678,367,0.65,0.73,"2026-09-09",909,"N20","high","2.0NRT",312.76,52.3,"D"
"1532",49.55853,73.8041,346.54,0.65,0.73,"2026-09-09",909,"N20","nominal","2.0NRT",309.8,11.53,"D"
"1533",49.5589,73.77557,340.2,0.65,0.73,"2026-09-09",909,"N20","nominal","2.0NRT",308.98,17.76,"D"
"1534",49.56564,73.77646,367,0.65,0.73,"2026-09-09",909,"N20","high","2.0NRT",311.43,17.76,"D"
"1535",49.56575,73.76762,367,0.65,0.73,"2026-09-09",909,"N20","high","2.0NRT",317.43,52.3,"D"
"1536",49.56528,73.80443,352.53,0.65,0.73,"2026-09-09",909,"N20","nominal","2.0NRT",306.77,11.53,"D"
"1537",49.56553,73.78547,344.83,0.65,0.73,"2026-09-09",909,"N20","nominal","2.0NRT",310.42,17.76,"D"
"1538",49.56585,73.75883,342.21,0.65,0.73,"2026-09-09",909,"N20","nominal","2.0NRT",313.9,52.3,"D"
"1539",49.57204,73.80453,367,0.65,0.73,"2026-09-09",909,"N20","high","2.0NRT",308.37,20.75,"D"
"1540",49.57237,73.77753,367,0.65,0.73,"2026-09-09",909,"N20","high","2.0NRT",309.01,22.09,"D"
"1541",49.57215,73.79595,340.15,0.65,0.73,"2026-09-09",909,"N20","nominal","2.0NRT",305.57,20.75,"D"
"1542",49.57226,73.78638,347.18,0.65,0.73,"2026-09-09",909,"N20","nominal","2.0NRT",306.47,22.09,"D"
"1543",49.57248,73.76878,351.85,0.65,0.73,"2026-09-09",909,"N20","nominal","2.0NRT",313.38,48.91,"D"
"1544",49.57259,73.7598,348.06,0.65,0.73,"2026-09-09",909,"N20","nominal","2.0NRT",306.26,48.91,"D"
"1545",49.57901,73.78744,332.57,0.65,0.73,"2026-09-09",909,"N20","nominal","2.0NRT",297.24,22.09,"D"
"1546",49.69026,71.99274,367,0.54,0.68,"2026-09-09",909,"N20","high","2.0NRT",306.8,10.46,"D"
"1547",49.69654,71.99271,330.54,0.54,0.68,"2026-09-09",909,"N20","nominal","2.0NRT",304.3,4.72,"D"
"1548",49.69651,71.9851,344.09,0.54,0.68,"2026-09-09",909,"N20","nominal","2.0NRT",306.58,6.24,"D"
"1549",50.03849,73.02061,338.4,0.6,0.71,"2026-09-09",909,"N20","nominal","2.0NRT",305.27,4.63,"D"
"1550",50.03693,73.01208,333.81,0.6,0.71,"2026-09-09",909,"N20","low","2.0NRT",305.61,6.46,"D"
"1551",50.69965,72.48683,340.14,0.57,0.69,"2026-09-09",911,"N20","nominal","2.0NRT",307.89,8.98,"D"
"1552",50.69966,72.47861,344.25,0.57,0.69,"2026-09-09",911,"N20","nominal","2.0NRT",310.19,9.17,"D"
"1553",50.7002,72.48572,339.27,0.57,0.69,"2026-09-09",911,"N20","nominal","2.0NRT",307.59,5.8,"D"
"1554",50.70024,72.4775,344.73,0.57,0.69,"2026-09-09",911,"N20","nominal","2.0NRT",310.38,5.8,"D"
"1555",46.3995,40.95662,334.6,0.41,0.61,"2026-09-09",911,"N20","nominal","2.0NRT",300.33,5,"D"
"1556",51.15795,72.70772,367,0.58,0.7,"2026-09-09",911,"N20","high","2.0NRT",318.58,40.34,"D"
"1557",51.1579,72.71622,351.57,0.58,0.7,"2026-09-09",911,"N20","nominal","2.0NRT",305.84,40.34,"D"
"1558",51.158,72.69922,341.29,0.58,0.7,"2026-09-09",911,"N20","nominal","2.0NRT",307.07,41.92,"D"
"1559",47.14839,41.69514,345.18,0.36,0.58,"2026-09-09",911,"N20","nominal","2.0NRT",299.82,5.95,"D"
"1560",47.1471,41.6907,351.94,0.36,0.58,"2026-09-09",911,"N20","nominal","2.0NRT",302.14,6.75,"D"
"1561",51.28154,68.33978,367,0.38,0.58,"2026-09-09",911,"N20","high","2.0NRT",300.5,8.7,"D"
"1562",51.28139,68.3343,346.34,0.38,0.58,"2026-09-09",911,"N20","nominal","2.0NRT",301.97,6.51,"D"
"1563",51.28123,68.32879,342.66,0.38,0.58,"2026-09-09",911,"N20","nominal","2.0NRT",302,6.51,"D"
"1564",51.28649,68.32287,341.93,0.38,0.58,"2026-09-09",911,"N20","nominal","2.0NRT",304.56,5.05,"D"
"1565",51.28633,68.31734,343.59,0.38,0.58,"2026-09-09",911,"N20","nominal","2.0NRT",303.26,5.05,"D"
"1566",51.29158,68.31142,343.83,0.38,0.58,"2026-09-09",911,"N20","nominal","2.0NRT",306.04,4.01,"D"
"1567",51.29683,68.30558,341.61,0.37,0.58,"2026-09-09",911,"N20","nominal","2.0NRT",305.37,4.01,"D"
"1568",46.57326,39.41579,335.82,0.48,0.64,"2026-09-09",911,"N20","nominal","2.0NRT",303.22,4.52,"D"
"1569",46.70214,39.1895,339.8,0.48,0.65,"2026-09-09",911,"N20","nominal","2.0NRT",296.96,3.08,"D"
"1570",51.61647,69.85792,341.57,0.44,0.62,"2026-09-09",911,"N20","nominal","2.0NRT",301.95,5.7,"D"
"1571",51.61638,69.85149,351.3,0.44,0.62,"2026-09-09",911,"N20","nominal","2.0NRT",305.67,5.7,"D"
"1572",46.81836,39.06216,348.38,0.49,0.65,"2026-09-09",911,"N20","nominal","2.0NRT",299.2,5.97,"D"
"1573",46.8311,39.06061,339.77,0.49,0.65,"2026-09-09",911,"N20","nominal","2.0NRT",298.43,4.33,"D"
"1574",46.89709,38.96342,343.79,0.49,0.65,"2026-09-09",911,"N20","nominal","2.0NRT",301.98,4.92,"D"
"1575",48.21727,41.54146,343.8,0.34,0.56,"2026-09-09",911,"N20","nominal","2.0NRT",296.88,4.45,"D"
"1576",47.21913,38.12488,330.22,0.52,0.67,"2026-09-09",911,"N20","nominal","2.0NRT",297.72,2.65,"D"
"1577",46.47924,35.52569,335.12,0.7,0.75,"2026-09-09",911,"N20","nominal","2.0NRT",294.29,5.45,"D"
"1578",46.48538,35.52103,339.26,0.7,0.75,"2026-09-09",911,"N20","nominal","2.0NRT",294.51,5.45,"D"
"1579",47.32816,37.95304,340.57,0.52,0.67,"2026-09-09",911,"N20","nominal","2.0NRT",297.63,5.87,"D"
"1580",47.3295,37.95277,333.03,0.52,0.67,"2026-09-09",911,"N20","nominal","2.0NRT",297.79,2.5,"D"
"1581",46.48192,35.52751,333.05,0.7,0.75,"2026-09-09",911,"N20","nominal","2.0NRT",294,10.1,"D"
"1582",51.87482,59.54267,349.43,0.5,0.41,"2026-09-09",911,"N20","nominal","2.0NRT",300.1,7.45,"D"
"1583",51.8778,59.53442,341.84,0.5,0.41,"2026-09-09",911,"N20","nominal","2.0NRT",299.14,5.4,"D"
"1584",51.88152,59.5334,334.53,0.5,0.41,"2026-09-09",911,"N20","nominal","2.0NRT",299.98,5.4,"D"
"1585",51.88524,59.53239,335.2,0.5,0.41,"2026-09-09",911,"N20","nominal","2.0NRT",299.32,3.67,"D"
"1586",51.90734,59.71346,339.32,0.51,0.41,"2026-09-09",911,"N20","nominal","2.0NRT",279.29,8.78,"D"
"1587",51.9066,59.7061,342.67,0.51,0.41,"2026-09-09",911,"N20","nominal","2.0NRT",285.04,20.72,"D"
"1588",51.90587,59.69876,353.65,0.5,0.41,"2026-09-09",911,"N20","nominal","2.0NRT",302.03,20.72,"D"
"1589",51.90513,59.69141,347.77,0.5,0.41,"2026-09-09",911,"N20","nominal","2.0NRT",289.95,14.68,"D"
"1590",51.88896,59.5314,334.39,0.5,0.41,"2026-09-09",911,"N20","nominal","2.0NRT",298.35,3.67,"D"
"1591",51.91183,59.71986,344.84,0.51,0.41,"2026-09-09",911,"N20","nominal","2.0NRT",280.46,22.21,"D"
"1592",51.91109,59.71252,354.08,0.51,0.41,"2026-09-09",911,"N20","nominal","2.0NRT",290.15,22.21,"D"
"1593",51.91035,59.70518,346.65,0.51,0.41,"2026-09-09",911,"N20","nominal","2.0NRT",284.4,6.18,"D"
"1594",51.90962,59.69785,336.08,0.5,0.41,"2026-09-09",911,"N20","nominal","2.0NRT",276.51,6.18,"D"
"1595",51.89268,59.53044,328.63,0.5,0.41,"2026-09-09",911,"N20","nominal","2.0NRT",296.41,4.62,"D"
"1596",51.91632,59.72628,342.28,0.51,0.41,"2026-09-09",911,"N20","nominal","2.0NRT",280.39,10.33,"D"
"1597",51.91558,59.71892,347.82,0.51,0.41,"2026-09-09",911,"N20","nominal","2.0NRT",286.4,22.21,"D"
"1598",51.91411,59.70424,346.42,0.51,0.41,"2026-09-09",911,"N20","nominal","2.0NRT",285.75,6.18,"D"
"1599",51.91484,59.71157,367,0.51,0.41,"2026-09-09",911,"N20","low","2.0NRT",326.1,22.21,"D"
"1600",51.92007,59.72533,342.53,0.51,0.41,"2026-09-09",911,"N20","nominal","2.0NRT",288.7,22.61,"D"
"1601",51.91933,59.71798,348.53,0.51,0.41,"2026-09-09",911,"N20","nominal","2.0NRT",297.74,13.94,"D"
"1602",51.91859,59.71062,350.64,0.51,0.41,"2026-09-09",911,"N20","nominal","2.0NRT",283.04,13.94,"D"
"1603",51.91785,59.70328,336.26,0.51,0.41,"2026-09-09",911,"N20","nominal","2.0NRT",277.18,6.38,"D"
"1604",51.90013,59.52849,331.75,0.5,0.41,"2026-09-09",911,"N20","nominal","2.0NRT",296.24,2.71,"D"
"1605",46.19941,34.52636,331.94,0.79,0.78,"2026-09-09",911,"N20","nominal","2.0NRT",292.22,10.2,"D"
"1606",47.63216,38.63183,367,0.48,0.64,"2026-09-09",911,"N20","high","2.0NRT",301.73,10.76,"D"
"1607",46.71335,35.91152,367,0.67,0.73,"2026-09-09",911,"N20","high","2.0NRT",300.68,46.16,"D"
"1608",51.92309,59.71703,336.04,0.51,0.41,"2026-09-09",911,"N20","nominal","2.0NRT",286,13.94,"D"
"1609",51.90385,59.5275,332.11,0.5,0.41,"2026-09-09",911,"N20","nominal","2.0NRT",297.33,2.71,"D"
"1610",46.7194,35.90706,353.81,0.67,0.73,"2026-09-09",911,"N20","nominal","2.0NRT",300.8,45.97,"D"
"1611",51.9113,59.52559,343.84,0.5,0.41,"2026-09-09",911,"N20","nominal","2.0NRT",300.12,43.3,"D"
"1612",51.91502,59.52461,331.67,0.5,0.41,"2026-09-09",911,"N20","nominal","2.0NRT",298.07,2.65,"D"
"1613",51.91874,59.52362,331.52,0.5,0.41,"2026-09-09",911,"N20","nominal","2.0NRT",298.38,2.65,"D"
"1614",51.93214,59.54236,331.25,0.5,0.41,"2026-09-09",911,"N20","nominal","2.0NRT",297.68,2.18,"D"
"1615",51.93587,59.54142,327.86,0.5,0.41,"2026-09-09",911,"N20","low","2.0NRT",300.06,2.18,"D"
"1616",46.71678,35.90966,367,0.66,0.73,"2026-09-09",911,"N20","high","2.0NRT",302.64,67.8,"D"
"1617",46.20347,34.52573,352.94,0.79,0.78,"2026-09-09",911,"N20","nominal","2.0NRT",293.58,10.65,"D"
"1618",51.9705,59.53918,333.31,0.5,0.41,"2026-09-09",911,"N20","nominal","2.0NRT",294.45,3.45,"D"
"1619",51.97422,59.53814,330.57,0.5,0.41,"2026-09-09",911,"N20","nominal","2.0NRT",294.04,3.45,"D"
"1620",51.97794,59.53712,337.03,0.5,0.41,"2026-09-09",911,"N20","nominal","2.0NRT",293.55,6.37,"D"
"1621",47.23213,36.9149,334.25,0.58,0.7,"2026-09-09",911,"N20","nominal","2.0NRT",294.12,28.2,"D"
"1622",47.22978,36.90797,348.31,0.58,0.7,"2026-09-09",911,"N20","nominal","2.0NRT",305.73,28.2,"D"
"1623",47.22718,36.91172,367,0.58,0.7,"2026-09-09",911,"N20","high","2.0NRT",301.24,27.17,"D"
"1624",47.22478,36.90479,335.95,0.58,0.7,"2026-09-09",911,"N20","nominal","2.0NRT",294.49,27.17,"D"
"1625",47.23299,36.90765,350.48,0.58,0.7,"2026-09-09",911,"N20","nominal","2.0NRT",293.5,5.9,"D"
"1626",47.50491,37.66698,339.83,0.53,0.67,"2026-09-09",911,"N20","nominal","2.0NRT",297.67,4.77,"D"
"1627",47.50283,37.66074,336.71,0.53,0.67,"2026-09-09",911,"N20","nominal","2.0NRT",298.84,4.77,"D"
"1628",47.25749,36.91595,367,0.58,0.7,"2026-09-09",911,"N20","high","2.0NRT",294.82,48.7,"D"
"1629",47.26324,36.91172,367,0.58,0.7,"2026-09-09",911,"N20","high","2.0NRT",294.34,58.58,"D"
"1630",47.26081,36.90465,309.35,0.58,0.7,"2026-09-09",911,"N20","low","2.0NRT",317.73,123.89,"D"
"1631",47.61903,37.82453,347.43,0.52,0.66,"2026-09-09",911,"N20","nominal","2.0NRT",293.47,64.53,"D"
"1632",47.61504,37.81237,350.01,0.52,0.67,"2026-09-09",911,"N20","nominal","2.0NRT",302.96,180.41,"D"
"1633",46.94226,35.84342,338.34,0.66,0.73,"2026-09-09",911,"N20","nominal","2.0NRT",295.95,7.42,"D"
"1634",46.86958,35.63931,333.55,0.67,0.74,"2026-09-09",911,"N20","nominal","2.0NRT",295.99,2.78,"D"
"1635",47.62251,37.81429,367,0.52,0.66,"2026-09-09",911,"N20","high","2.0NRT",301.64,10.2,"D"
"1636",47.62051,37.80822,338.79,0.52,0.67,"2026-09-09",911,"N20","nominal","2.0NRT",301.31,10.2,"D"
"1637",47.88126,38.59396,367,0.47,0.64,"2026-09-09",911,"N20","high","2.0NRT",306.35,30.49,"D"
"1638",47.87945,38.58826,347.2,0.47,0.64,"2026-09-09",911,"N20","nominal","2.0NRT",304.27,30.49,"D"
"1639",47.29499,36.79364,367,0.58,0.7,"2026-09-09",911,"N20","high","2.0NRT",301.09,32.77,"D"
"1640",47.88667,38.59039,334.69,0.47,0.64,"2026-09-09",911,"N20","nominal","2.0NRT",297.95,5.96,"D"
"1641",47.88481,38.58452,353.93,0.47,0.64,"2026-09-09",911,"N20","nominal","2.0NRT",302.7,5.96,"D"
"1642",47.30204,36.81433,343.34,0.58,0.7,"2026-09-09",911,"N20","nominal","2.0NRT",298.88,16.63,"D"
"1643",47.29975,36.80762,354.9,0.58,0.7,"2026-09-09",911,"N20","nominal","2.0NRT",303.75,23.29,"D"
"1644",47.30082,36.78956,367,0.58,0.7,"2026-09-09",911,"N20","high","2.0NRT",303.73,32.77,"D"
"1645",47.30322,36.79662,350.77,0.58,0.7,"2026-09-09",911,"N20","nominal","2.0NRT",295.59,23.29,"D"
"1646",47.30663,36.78545,332.67,0.58,0.7,"2026-09-09",911,"N20","nominal","2.0NRT",296.12,2.99,"D"
"1647",47.61591,37.81063,352.11,0.52,0.66,"2026-09-09",911,"N20","nominal","2.0NRT",301.64,61.14,"D"
"1648",47.61793,37.81667,311.54,0.52,0.66,"2026-09-09",911,"N20","low","2.0NRT",322.68,83.64,"D"
"1649",47.88034,38.59294,367,0.47,0.64,"2026-09-09",911,"N20","high","2.0NRT",311.31,56.43,"D"
"1650",47.87849,38.58725,343.89,0.47,0.64,"2026-09-09",911,"N20","nominal","2.0NRT",300.49,30,"D"
"1651",47.62342,37.81257,355.35,0.52,0.66,"2026-09-09",911,"N20","nominal","2.0NRT",298.57,83.64,"D"
"1652",46.94009,35.84568,341.97,0.66,0.73,"2026-09-09",911,"N20","nominal","2.0NRT",296.32,6.41,"D"
"1653",47.88576,38.58938,345.34,0.47,0.64,"2026-09-09",911,"N20","nominal","2.0NRT",298.57,7.76,"D"
"1654",47.88386,38.58353,350.89,0.47,0.64,"2026-09-09",911,"N20","nominal","2.0NRT",302.15,8.96,"D"
"1655",47.29613,36.81013,344.92,0.58,0.7,"2026-09-09",911,"N20","nominal","2.0NRT",299.71,8.09,"D"
"1656",47.30193,36.80599,367,0.58,0.7,"2026-09-09",911,"N20","high","2.0NRT",302.24,18.77,"D"
"1657",47.29956,36.79915,353.5,0.58,0.7,"2026-09-09",911,"N20","nominal","2.0NRT",295.44,23.41,"D"
"1658",47.29711,36.7921,356.05,0.58,0.7,"2026-09-09",911,"N20","nominal","2.0NRT",305.54,23.41,"D"
"1659",47.29464,36.78495,337.98,0.58,0.7,"2026-09-09",911,"N20","nominal","2.0NRT",297.43,31.88,"D"
"1660",47.30296,36.78806,340.62,0.58,0.7,"2026-09-09",911,"N20","nominal","2.0NRT",298.08,23.41,"D"
"1661",47.57952,37.55783,335.24,0.53,0.67,"2026-09-09",911,"N20","nominal","2.0NRT",297.27,3.67,"D"
"1662",52.88544,71.42866,342.11,0.52,0.67,"2026-09-09",911,"N20","nominal","2.0NRT",301.36,11.22,"D"
"1663",52.88545,71.42085,340.5,0.52,0.67,"2026-09-09",911,"N20","nominal","2.0NRT",305.23,13.92,"D"
"1664",52.88548,71.40516,355.84,0.52,0.67,"2026-09-09",911,"N20","nominal","2.0NRT",306.83,7.91,"D"
"1665",52.88549,71.39731,347.02,0.52,0.67,"2026-09-09",911,"N20","nominal","2.0NRT",305.24,7.91,"D"
"1666",52.89164,71.42886,367,0.52,0.67,"2026-09-09",911,"N20","high","2.0NRT",302.87,11.22,"D"
"1667",52.89165,71.42107,352.19,0.52,0.67,"2026-09-09",911,"N20","nominal","2.0NRT",311.56,13.92,"D"
"1668",52.89784,71.42914,367,0.52,0.67,"2026-09-09",911,"N20","high","2.0NRT",303.47,84.26,"D"
"1669",52.89785,71.42138,367,0.52,0.67,"2026-09-09",911,"N20","low","2.0NRT",348.65,95.82,"D"
"1670",52.90404,71.42946,335.4,0.52,0.67,"2026-09-09",911,"N20","nominal","2.0NRT",301.56,84.26,"D"
"1671",52.90405,71.4137,354.58,0.52,0.67,"2026-09-09",911,"N20","nominal","2.0NRT",310.01,95.82,"D"
"1672",47.68766,37.44402,343.93,0.53,0.67,"2026-09-09",911,"N20","nominal","2.0NRT",293.21,15.8,"D"
"1673",47.68547,37.4375,352.99,0.53,0.67,"2026-09-09",911,"N20","nominal","2.0NRT",300.64,21.11,"D"
"1674",52.90405,71.42166,367,0.52,0.67,"2026-09-09",911,"N20","low","2.0NRT",327.63,95.82,"D"
"1675",47.69321,37.43986,367,0.53,0.67,"2026-09-09",911,"N20","high","2.0NRT",295.73,14.32,"D"
"1676",47.69103,37.43334,354.11,0.53,0.67,"2026-09-09",911,"N20","nominal","2.0NRT",304.81,18.59,"D"
"1677",47.69876,37.43569,332.47,0.53,0.67,"2026-09-09",911,"N20","nominal","2.0NRT",293.97,14.32,"D"
"1678",47.69661,37.42925,332.47,0.53,0.67,"2026-09-09",911,"N20","nominal","2.0NRT",298.02,18.59,"D"
"1679",47.82618,37.63305,336.57,0.52,0.67,"2026-09-09",911,"N20","nominal","2.0NRT",298.17,3.12,"D"
"1680",48.07545,38.32499,367,0.47,0.64,"2026-09-09",911,"N20","high","2.0NRT",303.02,22.14,"D"
"1681",48.07895,38.31541,338.67,0.47,0.64,"2026-09-09",911,"N20","nominal","2.0NRT",300.66,14.76,"D"
"1682",47.28268,35.81824,338.03,0.64,0.72,"2026-09-09",911,"N20","nominal","2.0NRT",298.5,8.96,"D"
"1683",47.2799,35.81036,354.6,0.64,0.72,"2026-09-09",911,"N20","nominal","2.0NRT",302.07,8.96,"D"
"1684",47.28875,35.81407,333.16,0.64,0.72,"2026-09-09",911,"N20","nominal","2.0NRT",296.91,8.96,"D"
"1685",47.28596,35.80617,341.11,0.64,0.72,"2026-09-09",911,"N20","nominal","2.0NRT",298.47,8.96,"D"
"1686",46.69617,34.07908,330.24,0.79,0.78,"2026-09-09",911,"N20","nominal","2.0NRT",293.01,4.18,"D"
"1687",47.2797,35.81372,367,0.64,0.72,"2026-09-09",911,"N20","high","2.0NRT",301.62,15.57,"D"
"1688",47.28577,35.80956,331.89,0.64,0.72,"2026-09-09",911,"N20","nominal","2.0NRT",297.63,15.57,"D"
"1689",46.70382,34.04336,342.02,0.8,0.78,"2026-09-09",911,"N20","nominal","2.0NRT",292.04,5.16,"D"
"1690",49.58868,42.50733,347.27,0.57,0.52,"2026-09-09",911,"N20","nominal","2.0NRT",292.87,7.49,"D"
"1691",49.58673,42.50008,326.44,0.57,0.52,"2026-09-09",911,"N20","nominal","2.0NRT",293.2,2.89,"D"
"1692",53.32947,70.56927,367,0.48,0.65,"2026-09-09",911,"N20","high","2.0NRT",298.41,13.47,"D"
"1693",53.3356,70.59187,348.56,0.48,0.65,"2026-09-09",911,"N20","nominal","2.0NRT",299.86,4.93,"D"
"1694",53.33543,70.56214,340.66,0.48,0.65,"2026-09-09",911,"N20","nominal","2.0NRT",298.09,5,"D"
"1695",53.34161,70.592,337.16,0.48,0.65,"2026-09-09",911,"N20","nominal","2.0NRT",296.5,4.93,"D"
"1696",47.54642,35.57365,330.06,0.64,0.72,"2026-09-09",911,"N20","nominal","2.0NRT",297.09,2.76,"D"
"1697",48.18097,37.37934,351.97,0.51,0.66,"2026-09-09",911,"N20","nominal","2.0NRT",297.05,5.79,"D"
"1698",48.18089,37.37434,347.75,0.51,0.66,"2026-09-09",911,"N20","nominal","2.0NRT",300.36,10.49,"D"
"1699",47.77013,35.97473,330.66,0.61,0.71,"2026-09-09",911,"N20","nominal","2.0NRT",299.38,3.66,"D"
"1700",47.17764,34.32137,367,0.74,0.76,"2026-09-09",911,"N20","high","2.0NRT",293.97,19.12,"D"
"1701",47.18089,34.33007,337.12,0.74,0.76,"2026-09-09",911,"N20","nominal","2.0NRT",293.77,12.15,"D"
"1702",48.80696,38.56702,367,0.44,0.62,"2026-09-09",911,"N20","high","2.0NRT",297.64,8.59,"D"
"1703",48.38933,37.27287,330.31,0.51,0.66,"2026-09-09",911,"N20","nominal","2.0NRT",295.54,1.61,"D"
"1704",48.12448,36.40117,332,0.57,0.69,"2026-09-09",911,"N20","nominal","2.0NRT",294.66,7.09,"D"
"1705",48.39066,37.27123,332.34,0.51,0.66,"2026-09-09",911,"N20","nominal","2.0NRT",296.59,2.39,"D"
"1706",48.73754,38.03971,342.67,0.46,0.64,"2026-09-09",911,"N20","nominal","2.0NRT",299.44,3.8,"D"
"1707",48.7271,37.88575,333.76,0.47,0.64,"2026-09-09",911,"N20","nominal","2.0NRT",295.43,3.28,"D"
"1708",53.34951,61.49697,334.64,0.41,0.45,"2026-09-09",911,"N20","nominal","2.0NRT",301.93,5.31,"D"
"1709",48.81278,37.84484,329.03,0.47,0.64,"2026-09-09",911,"N20","nominal","2.0NRT",298.58,4.09,"D"
"1710",48.53285,36.92928,329.31,0.52,0.67,"2026-09-09",911,"N20","nominal","2.0NRT",294.17,3.27,"D"
"1711",48.53072,36.9229,331.69,0.52,0.67,"2026-09-09",911,"N20","nominal","2.0NRT",294.6,3.27,"D"
"1712",48.81744,37.84066,327.57,0.47,0.64,"2026-09-09",911,"N20","low","2.0NRT",299.93,4.26,"D"
"1713",48.53342,36.9284,327.66,0.52,0.67,"2026-09-09",911,"N20","nominal","2.0NRT",294.71,3.86,"D"
"1714",48.53127,36.92205,332.35,0.52,0.67,"2026-09-09",911,"N20","nominal","2.0NRT",294.52,5.21,"D"
"1715",53.40113,61.02407,351.48,0.39,0.44,"2026-09-09",911,"N20","nominal","2.0NRT",296.44,5.87,"D"
"1716",53.40516,61.02314,340.13,0.39,0.44,"2026-09-09",911,"N20","nominal","2.0NRT",297.09,5.87,"D"
"1717",49.13443,38.11174,331.28,0.45,0.63,"2026-09-09",911,"N20","nominal","2.0NRT",296.82,2.25,"D"
"1718",49.02044,37.57484,349.05,0.47,0.64,"2026-09-09",911,"N20","nominal","2.0NRT",294.87,8.32,"D"
"1719",49.01846,37.5688,338.08,0.47,0.64,"2026-09-09",911,"N20","nominal","2.0NRT",299.31,8.6,"D"
"1720",49.75179,39.29435,342.04,0.38,0.59,"2026-09-09",911,"N20","nominal","2.0NRT",300.32,2.43,"D"
"1721",54.21917,68.04111,367,0.38,0.59,"2026-09-09",911,"N20","high","2.0NRT",298.95,8.18,"D"
"1722",49.34089,37.56785,367,0.46,0.64,"2026-09-09",911,"N20","high","2.0NRT",300.93,9.2,"D"
"1723",49.34238,37.57072,353.68,0.46,0.64,"2026-09-09",911,"N20","nominal","2.0NRT",295.8,6.45,"D"
"1724",49.3405,37.56495,331.9,0.46,0.64,"2026-09-09",911,"N20","nominal","2.0NRT",299.65,6.45,"D"
"1725",49.82556,37.72334,328.05,0.44,0.62,"2026-09-09",911,"N20","nominal","2.0NRT",297.49,3.4,"D"
"1726",55.1768,71.51305,330.81,0.53,0.67,"2026-09-09",911,"N20","nominal","2.0NRT",299.71,2.77,"D"
"1727",50.41063,37.65808,329.99,0.42,0.61,"2026-09-09",911,"N20","nominal","2.0NRT",296.09,2.55,"D"
"1728",50.37735,36.87447,342.7,0.45,0.63,"2026-09-09",911,"N20","nominal","2.0NRT",291.75,7.21,"D"
"1729",50.37548,36.86873,350.31,0.45,0.63,"2026-09-09",911,"N20","nominal","2.0NRT",297.74,8.4,"D"
"1730",51.25693,37.76659,330.71,0.39,0.59,"2026-09-09",911,"N20","nominal","2.0NRT",299.02,2.53,"D"
"1731",50.76821,35.82532,338.51,0.48,0.65,"2026-09-09",911,"N20","nominal","2.0NRT",294.57,4.04,"D"
"1732",50.74512,35.65518,367,0.49,0.65,"2026-09-09",911,"N20","high","2.0NRT",290.63,12.48,"D"
"1733",50.76639,35.8258,339.76,0.48,0.65,"2026-09-09",911,"N20","nominal","2.0NRT",294.76,4.04,"D"
"1734",50.74269,35.65649,367,0.49,0.65,"2026-09-09",911,"N20","high","2.0NRT",290.09,8.48,"D"
"1735",50.74809,35.65228,326.47,0.49,0.65,"2026-09-09",911,"N20","nominal","2.0NRT",288.37,2.35,"D"
"1736",50.85081,35.47899,331.99,0.49,0.65,"2026-09-09",911,"N20","nominal","2.0NRT",290.71,3.16,"D"
"1737",52.53368,39.63514,341.63,0.6,0.53,"2026-09-09",911,"N20","nominal","2.0NRT",298.88,9.05,"D"
"1738",52.54482,39.63633,345.68,0.6,0.53,"2026-09-09",911,"N20","nominal","2.0NRT",298.05,9.38,"D"
"1739",52.54026,39.62023,326.3,0.6,0.53,"2026-09-09",911,"N20","nominal","2.0NRT",294.02,3.84,"D"
"1740",52.55563,39.57903,343.9,0.6,0.53,"2026-09-09",911,"N20","nominal","2.0NRT",304.13,28.28,"D"
"1741",52.55968,39.5786,340.87,0.6,0.53,"2026-09-09",913,"N20","nominal","2.0NRT",295.67,18.51,"D"
"1742",52.55735,39.57051,328.45,0.6,0.53,"2026-09-09",913,"N20","nominal","2.0NRT",298.97,18.51,"D"
"1743",51.67842,34.44859,325.18,0.5,0.66,"2026-09-09",913,"N20","nominal","2.0NRT",287.16,4.1,"D"
"1744",50.59305,31.32803,325.94,0.72,0.76,"2026-09-09",913,"N20","nominal","2.0NRT",290.03,4.54,"D"
"1745",51.78666,34.35054,329.66,0.5,0.66,"2026-09-09",913,"N20","nominal","2.0NRT",291.48,3.18,"D"
"1746",51.79196,34.34571,325.59,0.5,0.66,"2026-09-09",913,"N20","nominal","2.0NRT",290.26,5.89,"D"
"1747",52.15981,34.04301,348.82,0.5,0.66,"2026-09-09",913,"N20","nominal","2.0NRT",289.09,7.54,"D"
"1748",53.66156,37.31506,334.68,0.33,0.56,"2026-09-09",913,"N20","nominal","2.0NRT",290.03,4.27,"D"
"1749",53.66023,37.31065,329.53,0.33,0.56,"2026-09-09",913,"N20","nominal","2.0NRT",291.36,3.39,"D"
"1750",53.65948,37.31419,330.54,0.33,0.56,"2026-09-09",913,"N20","nominal","2.0NRT",289.95,3.56,"D"
"1751",53.66403,37.31015,335.46,0.33,0.56,"2026-09-09",913,"N20","nominal","2.0NRT",292.12,2.21,"D"
"1752",54.67355,40.85189,326.92,0.46,0.47,"2026-09-09",913,"N20","nominal","2.0NRT",290.62,4.14,"D"
"1753",52.33393,33.01239,326.01,0.54,0.68,"2026-09-09",913,"N20","nominal","2.0NRT",289.73,3.51,"D"
"1754",52.332,33.0075,328.77,0.54,0.68,"2026-09-09",913,"N20","nominal","2.0NRT",289.96,3.52,"D"
"1755",52.33188,32.56422,336.38,0.56,0.69,"2026-09-09",913,"N20","nominal","2.0NRT",293.13,6.29,"D"
"1756",52.3357,32.56129,333.1,0.56,0.69,"2026-09-09",913,"N20","nominal","2.0NRT",291.91,3.66,"D"
"1757",52.35376,32.40863,329.87,0.56,0.69,"2026-09-09",913,"N20","nominal","2.0NRT",291.69,4.63,"D"
"1758",54.68605,39.58215,336.67,0.51,0.49,"2026-09-09",913,"N20","nominal","2.0NRT",286.58,2.51,"D"
"1759",52.6049,32.77975,334.11,0.53,0.67,"2026-09-09",913,"N20","nominal","2.0NRT",291.32,6.54,"D"
"1760",52.60247,32.77301,328.19,0.53,0.67,"2026-09-09",913,"N20","nominal","2.0NRT",291.93,4.95,"D"
"1761",60.95779,70.86494,340.69,0.51,0.66,"2026-09-09",913,"N20","nominal","2.0NRT",290.42,8.22,"D"
"1762",60.95671,70.86796,339.97,0.51,0.66,"2026-09-09",913,"N20","nominal","2.0NRT",289.25,3.45,"D"
"1763",60.96286,70.86839,330.56,0.51,0.66,"2026-09-09",913,"N20","nominal","2.0NRT",288.63,3.45,"D"
"1764",60.95026,72.40362,330.31,0.57,0.69,"2026-09-09",913,"N20","nominal","2.0NRT",289.29,4.04,"D"
"1765",61.09297,70.1952,328.77,0.48,0.65,"2026-09-09",913,"N20","nominal","2.0NRT",278.59,12.41,"D"
"1766",61.09899,70.19556,356.27,0.48,0.65,"2026-09-09",913,"N20","low","2.0NRT",281.41,12.41,"D"
"1767",60.34656,49.60351,325.21,0.39,0.36,"2026-09-09",913,"N20","nominal","2.0NRT",290.78,1.42,"D"
"1768",59.96502,45.7012,325.77,0.4,0.37,"2026-09-09",913,"N20","nominal","2.0NRT",288.54,1.96,"D"
"1769",64.75112,75.43306,339.49,0.69,0.74,"2026-09-09",915,"N20","nominal","2.0NRT",289.3,5.62,"D"
"1770",64.90504,75.53116,350.24,0.69,0.74,"2026-09-09",915,"N20","nominal","2.0NRT",287.89,53.75,"D"
"1771",65.04195,56.67321,338.07,0.39,0.44,"2026-09-09",915,"N20","nominal","2.0NRT",291.33,15.65,"D"
"1772",66.19638,70.98802,351.79,0.51,0.66,"2026-09-09",915,"N20","nominal","2.0NRT",290.66,10.62,"D"
"1773",66.19614,70.99967,356.35,0.51,0.66,"2026-09-09",915,"N20","low","2.0NRT",288.29,9.35,"D"
"1774",66.20102,70.9911,356.07,0.51,0.66,"2026-09-09",915,"N20","nominal","2.0NRT",292.21,18.39,"D"
"1775",65.9804,76.6725,332.33,0.73,0.76,"2026-09-09",915,"N20","nominal","2.0NRT",287.3,6.02,"D"
"1776",66.90245,75.61183,355.04,0.67,0.74,"2026-09-09",915,"N20","nominal","2.0NRT",287.73,12.78,"D"
"1777",66.9544,75.53779,342.45,0.67,0.74,"2026-09-09",915,"N20","nominal","2.0NRT",290.09,58.22,"D"
"1778",66.95354,75.55367,356.14,0.67,0.74,"2026-09-09",915,"N20","low","2.0NRT",295.09,58.22,"D"
"1779",54.5578,33.31453,325.01,0.5,0.41,"2026-09-09",1053,"N20","nominal","2.0NRT",289.25,2.59,"D"
"1780",55.10977,26.02731,343.28,0.38,0.36,"2026-09-09",1053,"N20","nominal","2.0NRT",294.66,4.38,"D"
"1781",55.11299,26.02576,341.56,0.38,0.36,"2026-09-09",1053,"N20","nominal","2.0NRT",294.63,4.38,"D"
"1782",55.11621,26.0242,349.97,0.38,0.36,"2026-09-09",1053,"N20","nominal","2.0NRT",295.19,5.23,"D"
"1783",57.02233,37.61276,325.93,0.51,0.49,"2026-09-09",1053,"N20","nominal","2.0NRT",284.27,3.36,"D"
"1784",57.02185,37.60428,327.65,0.51,0.49,"2026-09-09",1053,"N20","nominal","2.0NRT",284.97,3.36,"D"
"1785",33.77581,47.06324,353.78,0.45,0.63,"2026-09-09",1047,"N20","nominal","2.0NRT",319.21,28.45,"D"
"1786",32.63808,35.03795,338.1,0.38,0.36,"2026-09-09",1047,"N20","nominal","2.0NRT",311.45,2.61,"D"
"1787",33.99516,49.4705,331.64,0.63,0.72,"2026-09-09",1047,"N20","low","2.0NRT",306.24,5.1,"D"
"1788",34.14121,47.57191,336.57,0.49,0.65,"2026-09-09",1047,"N20","nominal","2.0NRT",310.86,2.27,"D"
"1789",34.14722,47.57126,340.35,0.49,0.65,"2026-09-09",1047,"N20","nominal","2.0NRT",311.25,3.17,"D"
"1790",34.00855,43.99071,345.51,0.6,0.53,"2026-09-09",1047,"N20","low","2.0NRT",319.43,12.38,"D"
"1791",33.18782,35.48263,339.76,0.39,0.36,"2026-09-09",1047,"N20","low","2.0NRT",314.62,3.48,"D"
"1792",34.54383,46.71157,342.46,0.44,0.62,"2026-09-09",1047,"N20","nominal","2.0NRT",308.93,3.96,"D"
"1793",34.38956,44.41037,353.46,0.32,0.55,"2026-09-09",1047,"N20","nominal","2.0NRT",316,5.02,"D"
"1794",34.54448,46.71046,342.54,0.44,0.62,"2026-09-09",1047,"N20","nominal","2.0NRT",309.52,4.07,"D"
"1795",34.62003,46.6128,345.54,0.44,0.62,"2026-09-09",1047,"N20","nominal","2.0NRT",307.4,4.95,"D"
"1796",34.76305,44.42149,356.36,0.33,0.55,"2026-09-09",1047,"N20","low","2.0NRT",316.29,7.59,"D"
"1797",34.76812,44.42094,353.07,0.33,0.55,"2026-09-09",1047,"N20","nominal","2.0NRT",315.9,7.59,"D"
"1798",35.00808,48.07461,335.78,0.53,0.67,"2026-09-09",1047,"N20","low","2.0NRT",310.07,2.22,"D"
"1799",34.86462,44.02245,349.98,0.62,0.54,"2026-09-09",1047,"N20","nominal","2.0NRT",317.07,23.46,"D"
"1800",34.89283,43.81104,345.38,0.6,0.53,"2026-09-09",1047,"N20","nominal","2.0NRT",316.73,29.01,"D"
"1801",34.8923,43.80444,346.13,0.6,0.53,"2026-09-09",1047,"N20","nominal","2.0NRT",320.22,29.01,"D"
"1802",34.89773,43.81048,345.71,0.6,0.53,"2026-09-09",1047,"N20","nominal","2.0NRT",313.92,29.01,"D"
"1803",34.89719,43.80387,316.26,0.6,0.53,"2026-09-09",1047,"N20","low","2.0NRT",324.06,29.01,"D"
"1804",34.91027,43.43526,344.41,0.57,0.52,"2026-09-09",1047,"N20","low","2.0NRT",315.26,11.35,"D"
"1805",35.02186,43.50431,344.84,0.58,0.52,"2026-09-09",1047,"N20","low","2.0NRT",315.52,20.36,"D"
"1806",35.12198,44.57085,349.9,0.33,0.56,"2026-09-09",1047,"N20","nominal","2.0NRT",319.64,3.55,"D"
"1807",35.24665,44.43287,367,0.33,0.55,"2026-09-09",1047,"N20","high","2.0NRT",321.18,28.97,"D"
"1808",34.4666,36.05924,334.62,0.4,0.37,"2026-09-09",1047,"N20","nominal","2.0NRT",305.64,1.72,"D"
"1809",34.47271,36.05378,334.75,0.4,0.37,"2026-09-09",1047,"N20","nominal","2.0NRT",306.51,1.78,"D"
"1810",35.38382,44.21991,367,0.32,0.55,"2026-09-09",1047,"N20","high","2.0NRT",322.68,11.78,"D"
"1811",35.45731,44.41991,367,0.33,0.55,"2026-09-09",1047,"N20","high","2.0NRT",321.81,5.66,"D"
"1812",35.4851,44.15666,367,0.32,0.55,"2026-09-09",1047,"N20","high","2.0NRT",319.98,37.51,"D"
"1813",35.52394,44.34357,356.08,0.33,0.55,"2026-09-09",1047,"N20","low","2.0NRT",321.26,6.43,"D"
"1814",35.52903,44.34301,367,0.33,0.55,"2026-09-09",1047,"N20","high","2.0NRT",318.27,12.17,"D"
"1815",35.52877,44.33945,352.21,0.33,0.55,"2026-09-09",1047,"N20","nominal","2.0NRT",321.99,7.52,"D"
"1816",35.53386,44.33885,354.45,0.33,0.55,"2026-09-09",1047,"N20","nominal","2.0NRT",318.2,7.52,"D"
"1817",35.56433,44.28491,350.57,0.33,0.55,"2026-09-09",1047,"N20","nominal","2.0NRT",321.04,4.6,"D"
"1818",35.68657,46.12492,350.11,0.42,0.61,"2026-09-09",1047,"N20","nominal","2.0NRT",313.95,9.14,"D"
"1819",35.68635,46.12075,337.19,0.42,0.61,"2026-09-09",1047,"N20","low","2.0NRT",312.03,5.32,"D"
"1820",35.5929,44.32841,353.93,0.33,0.55,"2026-09-09",1047,"N20","nominal","2.0NRT",315.82,5.33,"D"
"1821",35.6311,44.01235,345,0.63,0.54,"2026-09-09",1047,"N20","low","2.0NRT",318.29,11.58,"D"
"1822",35.63104,44.0112,344.78,0.63,0.54,"2026-09-09",1047,"N20","low","2.0NRT",317.95,48.07,"D"
"1823",35.76492,45.5431,367,0.39,0.59,"2026-09-09",1047,"N20","high","2.0NRT",319.68,10.66,"D"
"1824",35.76516,45.54713,341.19,0.39,0.59,"2026-09-09",1047,"N20","nominal","2.0NRT",313.6,6.09,"D"
"1825",35.66304,43.96521,347.69,0.63,0.54,"2026-09-09",1047,"N20","nominal","2.0NRT",319.19,10.49,"D"
"1826",35.77032,45.54161,367,0.39,0.59,"2026-09-09",1047,"N20","high","2.0NRT",317.11,10.66,"D"
"1827",35.77056,45.54575,345.68,0.39,0.59,"2026-09-09",1047,"N20","nominal","2.0NRT",314.08,6.09,"D"
"1828",35.77625,45.54898,367,0.39,0.59,"2026-09-09",1047,"N20","high","2.0NRT",313.15,16.94,"D"
"1829",35.77597,45.54432,354.39,0.39,0.59,"2026-09-09",1047,"N20","nominal","2.0NRT",325.19,16.94,"D"
"1830",35.77573,45.54017,342.68,0.39,0.59,"2026-09-09",1047,"N20","nominal","2.0NRT",317.54,10.16,"D"
"1831",35.77897,45.50227,367,0.38,0.59,"2026-09-09",1047,"N20","high","2.0NRT",317.12,11.89,"D"
"1832",35.68689,43.87893,347.62,0.62,0.54,"2026-09-09",1047,"N20","low","2.0NRT",320.74,26.96,"D"
"1833",35.7241,44.04299,348.9,0.63,0.54,"2026-09-09",1047,"N20","low","2.0NRT",322.6,36.36,"D"
"1834",35.98225,43.7742,344.2,0.62,0.54,"2026-09-09",1047,"N20","low","2.0NRT",318.37,7.1,"D"
"1835",35.99661,43.76593,341.33,0.61,0.54,"2026-09-09",1047,"N20","low","2.0NRT",313.85,6.6,"D"
"1836",35.28183,36.64219,344.18,0.41,0.37,"2026-09-09",1047,"N20","nominal","2.0NRT",318.01,6.1,"D"
"1837",35.33304,36.29707,345.09,0.41,0.37,"2026-09-09",1047,"N20","nominal","2.0NRT",313.72,3.04,"D"
"1838",36.26628,40.7349,346.79,0.42,0.45,"2026-09-09",1047,"N20","low","2.0NRT",320.51,13.15,"D"
"1839",35.98219,37.95118,346.3,0.46,0.39,"2026-09-09",1047,"N20","low","2.0NRT",319.68,9.05,"D"
"1840",36.06375,36.79753,343.71,0.42,0.38,"2026-09-09",1047,"N20","nominal","2.0NRT",316.23,5.33,"D"
"1841",36.79052,43.59546,342.07,0.61,0.54,"2026-09-09",1047,"N20","nominal","2.0NRT",313.93,4.84,"D"
"1842",36.79198,43.59499,341.83,0.61,0.54,"2026-09-09",1047,"N20","nominal","2.0NRT",314.77,6.42,"D"
"1843",36.77296,43.32662,346.11,0.59,0.53,"2026-09-09",1047,"N20","nominal","2.0NRT",314.54,12.29,"D"
"1844",36.65518,41.17992,367,0.45,0.47,"2026-09-09",1047,"N20","high","2.0NRT",329.96,33.81,"D"
"1845",36.65565,41.18497,345.97,0.45,0.47,"2026-09-09",1047,"N20","nominal","2.0NRT",318.05,33.81,"D"
"1846",36.86576,43.4908,334.74,0.61,0.53,"2026-09-09",1047,"N20","nominal","2.0NRT",303.24,2.99,"D"
"1847",36.89119,43.43041,333.81,0.6,0.53,"2026-09-09",1047,"N20","nominal","2.0NRT",304.29,3.51,"D"
"1848",36.69522,40.92816,343.65,0.44,0.46,"2026-09-09",1047,"N20","low","2.0NRT",316.3,8.04,"D"
"1849",36.69431,40.9184,349.86,0.44,0.46,"2026-09-09",1047,"N20","low","2.0NRT",320.97,11.3,"D"
"1850",36.69764,40.90804,344.8,0.44,0.46,"2026-09-09",1047,"N20","low","2.0NRT",317.62,7.68,"D"
"1851",36.69718,40.90315,350.42,0.44,0.46,"2026-09-09",1047,"N20","nominal","2.0NRT",319.51,7.68,"D"
"1852",36.54153,39.12974,367,0.53,0.42,"2026-09-09",1047,"N20","high","2.0NRT",319.24,15.94,"D"
"1853",36.33176,37.11434,349.38,0.44,0.38,"2026-09-09",1047,"N20","low","2.0NRT",320.43,11.63,"D"
"1854",36.68777,40.1252,344.54,0.4,0.44,"2026-09-09",1047,"N20","low","2.0NRT",319.51,4.39,"D"
"1855",36.68814,40.12682,352.05,0.4,0.44,"2026-09-09",1047,"N20","nominal","2.0NRT",321.76,6.19,"D"
"1856",36.58952,39.01244,349.03,0.52,0.42,"2026-09-09",1047,"N20","nominal","2.0NRT",319.43,9.35,"D"
"1857",36.6439,39.37409,341.91,0.55,0.42,"2026-09-09",1047,"N20","nominal","2.0NRT",316.88,3.65,"D"
"1858",36.68101,39.65216,345.63,0.56,0.43,"2026-09-09",1047,"N20","low","2.0NRT",319.2,12.82,"D"
"1859",36.91759,42.08821,354.94,0.51,0.49,"2026-09-09",1047,"N20","nominal","2.0NRT",318.17,14.55,"D"
"1860",36.94413,42.13086,344.01,0.51,0.49,"2026-09-09",1047,"N20","low","2.0NRT",318.18,5.38,"D"
"1861",36.76431,40.18792,346.9,0.4,0.44,"2026-09-09",1047,"N20","low","2.0NRT",321.14,6.18,"D"
"1862",36.91079,41.59144,346.26,0.48,0.48,"2026-09-09",1047,"N20","low","2.0NRT",320.82,7.02,"D"
"1863",37.00887,42.68852,343.3,0.55,0.51,"2026-09-09",1047,"N20","low","2.0NRT",315.09,5.25,"D"
"1864",36.95729,41.91208,352.3,0.5,0.49,"2026-09-09",1047,"N20","nominal","2.0NRT",320.19,9.96,"D"
"1865",36.9421,41.69087,346.87,0.48,0.48,"2026-09-09",1047,"N20","low","2.0NRT",318.83,12.16,"D"
"1866",36.90471,41.28341,350.23,0.46,0.47,"2026-09-09",1047,"N20","low","2.0NRT",321.22,10.26,"D"
"1867",36.90423,41.27824,343.46,0.46,0.47,"2026-09-09",1047,"N20","low","2.0NRT",318.25,5.17,"D"
"1868",36.98263,42.09733,347.46,0.51,0.49,"2026-09-09",1047,"N20","nominal","2.0NRT",317.51,5.28,"D"
"1869",36.94112,41.6939,344.25,0.48,0.48,"2026-09-09",1047,"N20","low","2.0NRT",318.18,6.7,"D"
"1870",36.94066,41.68847,344.87,0.48,0.48,"2026-09-09",1047,"N20","low","2.0NRT",319.75,6.7,"D"
"1871",36.90576,41.28043,348.19,0.46,0.47,"2026-09-09",1047,"N20","low","2.0NRT",321.5,10.74,"D"
"1872",36.98316,42.09491,345.04,0.51,0.49,"2026-09-09",1047,"N20","low","2.0NRT",317.52,4.07,"D"
"1873",36.86673,40.74989,353.13,0.43,0.46,"2026-09-09",1047,"N20","nominal","2.0NRT",323.4,9.34,"D"
"1874",36.85398,40.56769,353.77,0.42,0.45,"2026-09-09",1047,"N20","nominal","2.0NRT",322.63,23.36,"D"
"1875",36.70743,39.11074,336.65,0.53,0.42,"2026-09-09",1047,"N20","low","2.0NRT",309.07,4.66,"D"
"1876",36.85353,40.56295,367,0.42,0.45,"2026-09-09",1047,"N20","low","2.0NRT",325.52,23.36,"D"
"1877",36.88566,40.81601,367,0.43,0.46,"2026-09-09",1047,"N20","high","2.0NRT",317.89,8.69,"D"
"1878",36.8852,40.81112,348.44,0.43,0.46,"2026-09-09",1047,"N20","nominal","2.0NRT",322.85,8.69,"D"
"1879",36.82249,40.11194,367,0.4,0.44,"2026-09-09",1047,"N20","high","2.0NRT",338.45,110.37,"D"
"1880",36.82205,40.10752,367,0.4,0.44,"2026-09-09",1047,"N20","low","2.0NRT",325.64,77.88,"D"
"1881",36.91146,40.81731,351.15,0.43,0.46,"2026-09-09",1047,"N20","nominal","2.0NRT",322.33,20.74,"D"
"1882",36.96854,41.3931,349.45,0.47,0.47,"2026-09-09",1047,"N20","nominal","2.0NRT",320.26,10.41,"D"
"1883",36.9735,41.35,343.65,0.46,0.47,"2026-09-09",1047,"N20","nominal","2.0NRT",316.31,3.89,"D"
"1884",37.04579,42.07504,344.07,0.51,0.49,"2026-09-09",1047,"N20","nominal","2.0NRT",316.95,10.58,"D"
"1885",37.04985,42.06875,367,0.51,0.49,"2026-09-09",1047,"N20","high","2.0NRT",318.19,33.1,"D"
"1886",37.05487,42.0738,348.57,0.51,0.49,"2026-09-09",1047,"N20","nominal","2.0NRT",320.85,33.1,"D"
"1887",37.05989,42.07879,347.67,0.51,0.49,"2026-09-09",1047,"N20","nominal","2.0NRT",317.74,8.81,"D"
"1888",37.0594,42.07312,353.2,0.51,0.49,"2026-09-09",1047,"N20","nominal","2.0NRT",322.45,34.42,"D"
"1889",37.05892,42.06748,367,0.51,0.49,"2026-09-09",1047,"N20","low","2.0NRT",327.31,34.42,"D"
"1890",37.06393,42.07246,347.58,0.51,0.49,"2026-09-09",1047,"N20","nominal","2.0NRT",315.53,34.42,"D"
"1891",37.06345,42.06684,350.07,0.51,0.49,"2026-09-09",1047,"N20","nominal","2.0NRT",318.73,34.42,"D"
"1892",36.92286,40.53819,352.74,0.42,0.45,"2026-09-09",1047,"N20","nominal","2.0NRT",321.81,12.24,"D"
"1893",36.93819,40.6515,347.12,0.42,0.46,"2026-09-09",1047,"N20","low","2.0NRT",318.92,7.82,"D"
"1894",37.03051,41.48972,350.61,0.47,0.48,"2026-09-09",1049,"N20","nominal","2.0NRT",321.09,9,"D"
"1895",37.19794,43.27236,336.3,0.59,0.53,"2026-09-09",1049,"N20","low","2.0NRT",309,3.52,"D"
"1896",37.0644,41.07958,344.99,0.45,0.47,"2026-09-09",1049,"N20","nominal","2.0NRT",317.73,7.45,"D"
"1897",37.06393,41.07448,342.87,0.45,0.47,"2026-09-09",1049,"N20","nominal","2.0NRT",317.04,6.93,"D"
"1898",37.24017,42.86494,341.78,0.56,0.52,"2026-09-09",1049,"N20","nominal","2.0NRT",307.61,7.86,"D"
"1899",36.56855,36.43866,337.31,0.42,0.38,"2026-09-09",1049,"N20","low","2.0NRT",311.49,4.02,"D"
"1900",37.2409,42.86931,341.39,0.57,0.52,"2026-09-09",1049,"N20","nominal","2.0NRT",306.07,14.95,"D"
"1901",37.08992,39.94676,345.63,0.39,0.44,"2026-09-09",1049,"N20","low","2.0NRT",315.75,5.4,"D"
"1902",36.91663,38.23957,348.32,0.49,0.4,"2026-09-09",1049,"N20","nominal","2.0NRT",320.91,16.64,"D"
"1903",37.20563,40.49186,342.21,0.42,0.45,"2026-09-09",1049,"N20","low","2.0NRT",314.07,7.85,"D"
"1904",36.71869,36.20226,344.34,0.41,0.37,"2026-09-09",1049,"N20","nominal","2.0NRT",311.31,5.55,"D"
"1905",36.73075,36.21396,339.46,0.41,0.37,"2026-09-09",1049,"N20","low","2.0NRT",310.35,3.38,"D"
"1906",36.73355,36.2087,342.08,0.41,0.37,"2026-09-09",1049,"N20","nominal","2.0NRT",311.01,4.81,"D"
"1907",36.74508,35.22911,335.48,0.39,0.37,"2026-09-09",1049,"N20","nominal","2.0NRT",309.88,0.77,"D"
"1908",37.09444,37.30709,337.94,0.45,0.39,"2026-09-09",1049,"N20","low","2.0NRT",312.02,2.65,"D"
"1909",36.86314,35.256,338.19,0.4,0.37,"2026-09-09",1049,"N20","nominal","2.0NRT",311.04,2,"D"
"1910",36.86647,35.25527,345.45,0.4,0.37,"2026-09-09",1049,"N20","nominal","2.0NRT",311.13,7.97,"D"
"1911",36.97392,35.76033,346.84,0.41,0.37,"2026-09-09",1049,"N20","nominal","2.0NRT",311.73,9.02,"D"
"1912",36.92743,35.27383,347.88,0.4,0.37,"2026-09-09",1049,"N20","nominal","2.0NRT",312.86,6.81,"D"
"1913",37.05075,35.86557,350.69,0.41,0.37,"2026-09-09",1049,"N20","nominal","2.0NRT",318.21,8.47,"D"
"1914",37.06597,35.94882,341.88,0.41,0.37,"2026-09-09",1049,"N20","low","2.0NRT",315.17,6.12,"D"
"1915",37.06475,35.93967,346.35,0.41,0.37,"2026-09-09",1049,"N20","nominal","2.0NRT",316.28,9.5,"D"
"1916",37.07397,35.95658,346.4,0.41,0.37,"2026-09-09",1049,"N20","nominal","2.0NRT",313.63,10.03,"D"
"1917",37.07336,35.952,343.94,0.41,0.37,"2026-09-09",1049,"N20","nominal","2.0NRT",313.65,10.03,"D"
"1918",37.0906,35.97673,344.65,0.41,0.37,"2026-09-09",1049,"N20","low","2.0NRT",315.21,4.96,"D"
"1919",37.10846,36.00609,340.69,0.41,0.37,"2026-09-09",1049,"N20","low","2.0NRT",313.51,2.66,"D"
"1920",37.11186,36.00538,343.26,0.41,0.37,"2026-09-09",1049,"N20","nominal","2.0NRT",317.2,6.16,"D"
"1921",37.1128,35.98627,342.35,0.41,0.37,"2026-09-09",1049,"N20","low","2.0NRT",316.98,3.49,"D"
"1922",37.15293,36.07748,345.8,0.41,0.37,"2026-09-09",1049,"N20","nominal","2.0NRT",314.04,10.51,"D"
"1923",37.15633,36.07677,342.2,0.41,0.37,"2026-09-09",1049,"N20","low","2.0NRT",315.68,6.81,"D"
"1924",37.16721,35.84375,347.33,0.41,0.37,"2026-09-09",1049,"N20","nominal","2.0NRT",319.7,6.95,"D"
"1925",37.24402,36.37598,347.73,0.42,0.38,"2026-09-09",1049,"N20","low","2.0NRT",318.09,5.78,"D"
"1926",38.16057,48.41327,331.92,0.59,0.7,"2026-09-09",1049,"N20","nominal","2.0NRT",297.41,2.77,"D"
"1927",37.23025,36.02903,342.92,0.41,0.37,"2026-09-09",1049,"N20","low","2.0NRT",315.56,3.89,"D"
"1928",37.26179,35.95134,348.12,0.41,0.37,"2026-09-09",1049,"N20","nominal","2.0NRT",316.35,5.78,"D"
"1929",37.28782,36.04088,346.39,0.41,0.37,"2026-09-09",1049,"N20","low","2.0NRT",319.96,8.03,"D"
"1930",37.27783,35.86013,345.89,0.41,0.37,"2026-09-09",1049,"N20","nominal","2.0NRT",316.16,10.13,"D"
"1931",37.30564,36.04399,342.82,0.41,0.37,"2026-09-09",1049,"N20","nominal","2.0NRT",314.7,2.8,"D"
"1932",37.30268,35.96853,348.69,0.41,0.37,"2026-09-09",1049,"N20","nominal","2.0NRT",321.04,9.13,"D"
"1933",37.30853,35.98631,349.15,0.41,0.37,"2026-09-09",1049,"N20","nominal","2.0NRT",317.9,9.04,"D"
"1934",37.32896,35.92983,346.3,0.41,0.37,"2026-09-09",1049,"N20","nominal","2.0NRT",320.15,4.54,"D"
"1935",37.34747,36.01626,345.38,0.41,0.37,"2026-09-09",1049,"N20","low","2.0NRT",319.15,9.68,"D"
"1936",37.34286,35.95541,340.52,0.41,0.37,"2026-09-09",1049,"N20","low","2.0NRT",312.94,3.99,"D"
"1937",37.35921,36.05198,348.72,0.41,0.37,"2026-09-09",1049,"N20","nominal","2.0NRT",320.13,5.7,"D"
"1938",37.36263,36.05127,342.54,0.41,0.37,"2026-09-09",1049,"N20","nominal","2.0NRT",317.39,4.03,"D"
"1939",37.34595,35.92628,349.49,0.41,0.37,"2026-09-09",1049,"N20","low","2.0NRT",324.28,12.27,"D"
"1940",37.38398,35.97537,345.99,0.41,0.37,"2026-09-09",1049,"N20","nominal","2.0NRT",320,7.78,"D"
"1941",37.40665,35.96273,355.19,0.41,0.37,"2026-09-09",1049,"N20","nominal","2.0NRT",319.84,9.56,"D"
"1942",37.8815,40.08107,348.18,0.41,0.45,"2026-09-09",1049,"N20","nominal","2.0NRT",316.71,3.91,"D"
"1943",37.38227,35.49736,346.38,0.4,0.37,"2026-09-09",1049,"N20","nominal","2.0NRT",313.09,4.7,"D"
"1944",37.38747,35.51008,339.76,0.4,0.37,"2026-09-09",1049,"N20","nominal","2.0NRT",313.05,3.16,"D"
"1945",37.38562,35.49659,343.81,0.4,0.37,"2026-09-09",1049,"N20","nominal","2.0NRT",314.38,4.7,"D"
"1946",37.38897,35.49584,348.23,0.4,0.37,"2026-09-09",1049,"N20","nominal","2.0NRT",315.09,8.59,"D"
"1947",37.39973,35.54909,334,0.4,0.37,"2026-09-09",1049,"N20","nominal","2.0NRT",308.65,3.06,"D"
"1948",37.39911,35.54455,346.79,0.4,0.37,"2026-09-09",1049,"N20","nominal","2.0NRT",314.57,11.08,"D"
"1949",37.39233,35.49512,346.87,0.4,0.37,"2026-09-09",1049,"N20","nominal","2.0NRT",311.83,8.59,"D"
"1950",37.96053,40.33737,347.69,0.42,0.45,"2026-09-09",1049,"N20","nominal","2.0NRT",319.76,7.72,"D"
"1951",37.40309,35.54835,335.15,0.4,0.37,"2026-09-09",1049,"N20","low","2.0NRT",308.92,5.93,"D"
"1952",37.40247,35.54381,351.5,0.4,0.37,"2026-09-09",1049,"N20","nominal","2.0NRT",321.27,23.18,"D"
"1953",37.3963,35.49885,337.61,0.4,0.37,"2026-09-09",1049,"N20","low","2.0NRT",311.46,4.59,"D"
"1954",37.40583,35.54308,354.63,0.4,0.37,"2026-09-09",1049,"N20","nominal","2.0NRT",316,23.18,"D"
"1955",37.39965,35.49809,337.54,0.4,0.37,"2026-09-09",1049,"N20","low","2.0NRT",311.56,4.59,"D"
"1956",37.40636,35.4966,338.74,0.4,0.37,"2026-09-09",1049,"N20","low","2.0NRT",313.05,6.08,"D"
"1957",37.41095,35.50483,342.08,0.4,0.37,"2026-09-09",1049,"N20","low","2.0NRT",314.01,9.24,"D"
"1958",37.41493,35.50862,346.75,0.4,0.37,"2026-09-09",1049,"N20","nominal","2.0NRT",314.87,8.72,"D"
"1959",37.41704,35.49885,343.68,0.4,0.37,"2026-09-09",1049,"N20","low","2.0NRT",315.21,6.87,"D"
"1960",37.41642,35.49435,352.79,0.4,0.37,"2026-09-09",1049,"N20","nominal","2.0NRT",321.92,50.66,"D"
"1961",37.4204,35.49813,350.95,0.4,0.37,"2026-09-09",1049,"N20","nominal","2.0NRT",313.96,6.87,"D"
"1962",37.42439,35.50196,350.81,0.4,0.37,"2026-09-09",1049,"N20","nominal","2.0NRT",314.75,43.27,"D"
"1963",37.42776,35.50131,347.48,0.4,0.37,"2026-09-09",1049,"N20","low","2.0NRT",319.67,43.27,"D"
"1964",37.43113,35.50064,335.69,0.4,0.37,"2026-09-09",1049,"N20","low","2.0NRT",307.93,5,"D"
"1965",36.93283,32.21791,338.65,0.4,0.37,"2026-09-09",1049,"N20","low","2.0NRT",313.37,6.89,"D"
"1966",37.43512,35.50448,352.13,0.4,0.37,"2026-09-09",1049,"N20","nominal","2.0NRT",307.2,8.81,"D"
"1967",37.43668,35.50597,344.52,0.4,0.37,"2026-09-09",1049,"N20","nominal","2.0NRT",311.36,7.91,"D"
"1968",37.44126,35.51424,341.21,0.4,0.37,"2026-09-09",1049,"N20","nominal","2.0NRT",312.99,9.87,"D"
"1969",37.44065,35.50977,343.06,0.4,0.37,"2026-09-09",1049,"N20","nominal","2.0NRT",312.86,7.91,"D"
"1970",37.44005,35.5053,355.73,0.4,0.37,"2026-09-09",1049,"N20","nominal","2.0NRT",314.32,7.91,"D"
"1971",37.44462,35.51349,340.33,0.4,0.37,"2026-09-09",1049,"N20","nominal","2.0NRT",310.42,16.06,"D"
"1972",37.44401,35.50904,353.29,0.4,0.37,"2026-09-09",1049,"N20","nominal","2.0NRT",314.12,17.89,"D"
"1973",37.46327,35.52345,344.1,0.4,0.37,"2026-09-09",1049,"N20","nominal","2.0NRT",306.73,5.66,"D"
"1974",37.49294,35.56347,367,0.4,0.37,"2026-09-09",1049,"N20","high","2.0NRT",338.04,49.8,"D"
"1975",37.49631,35.56275,335.09,0.4,0.37,"2026-09-09",1049,"N20","nominal","2.0NRT",305.51,49.8,"D"
"1976",37.49569,35.55824,352.25,0.4,0.37,"2026-09-09",1049,"N20","nominal","2.0NRT",311.14,49.8,"D"
"1977",37.49905,35.55743,367,0.4,0.37,"2026-09-09",1049,"N20","high","2.0NRT",312.67,45.78,"D"
"1978",37.50176,35.55192,342.94,0.4,0.37,"2026-09-09",1049,"N20","nominal","2.0NRT",308.16,4.14,"D"
"1979",37.50111,35.54722,337.19,0.4,0.37,"2026-09-09",1049,"N20","low","2.0NRT",309.72,4.14,"D"
"1980",37.5051,35.55104,341.2,0.4,0.37,"2026-09-09",1049,"N20","nominal","2.0NRT",303.51,10.58,"D"
"1981",37.50445,35.54632,352.35,0.4,0.37,"2026-09-09",1049,"N20","nominal","2.0NRT",318.5,10.58,"D"
"1982",38.02199,39.912,347.39,0.4,0.44,"2026-09-09",1049,"N20","nominal","2.0NRT",319.42,5.03,"D"
"1983",37.5078,35.5455,346.92,0.4,0.37,"2026-09-09",1049,"N20","nominal","2.0NRT",305.02,10.58,"D"
"1984",38.0347,39.99875,344.01,0.4,0.45,"2026-09-09",1049,"N20","low","2.0NRT",318.08,13.83,"D"
"1985",37.51213,35.5265,337.89,0.4,0.37,"2026-09-09",1049,"N20","nominal","2.0NRT",308.06,2.97,"D"
"1986",38.10726,40.48573,353.33,0.43,0.46,"2026-09-09",1049,"N20","nominal","2.0NRT",320.21,17.31,"D"
"1987",38.08463,39.83871,345.87,0.4,0.44,"2026-09-09",1049,"N20","low","2.0NRT",320.38,5.43,"D"
"1988",37.2299,32.67633,338.88,0.39,0.36,"2026-09-09",1049,"N20","nominal","2.0NRT",312.24,1.85,"D"
"1989",37.11003,30.79611,339.88,0.43,0.38,"2026-09-09",1049,"N20","low","2.0NRT",314.25,14.6,"D"
"1990",37.14018,30.75086,347.13,0.43,0.38,"2026-09-09",1049,"N20","nominal","2.0NRT",308.14,21.21,"D"
"1991",37.1436,30.74995,350.75,0.43,0.38,"2026-09-09",1049,"N20","nominal","2.0NRT",324.02,49.66,"D"
"1992",37.14276,30.74525,345.09,0.43,0.38,"2026-09-09",1049,"N20","nominal","2.0NRT",307.94,12.78,"D"
"1993",38.38073,38.61382,343.49,0.53,0.42,"2026-09-09",1049,"N20","low","2.0NRT",318.23,13.9,"D"
"1994",38.59146,39.71499,342.38,0.4,0.44,"2026-09-09",1049,"N20","nominal","2.0NRT",311.24,7.34,"D"
"1995",38.59103,39.71043,339.36,0.4,0.44,"2026-09-09",1049,"N20","nominal","2.0NRT",312.31,7.34,"D"
"1996",37.82763,31.7579,345.73,0.4,0.37,"2026-09-09",1049,"N20","nominal","2.0NRT",315.61,6.94,"D"
"1997",37.62085,30.27254,335.91,0.44,0.38,"2026-09-09",1049,"N20","nominal","2.0NRT",309.58,1.77,"D"
"1998",39.44853,46.33207,367,0.46,0.63,"2026-09-09",1049,"N20","high","2.0NRT",297.53,8.34,"D"
"1999",39.4544,46.33158,343.73,0.46,0.63,"2026-09-09",1049,"N20","nominal","2.0NRT",296.99,7.65,"D"
"2000",39.45315,46.33026,367,0.46,0.64,"2026-09-09",1049,"N20","high","2.0NRT",299.63,8.37,"D"
"2001",39.45335,46.33586,330.72,0.46,0.64,"2026-09-09",1049,"N20","nominal","2.0NRT",297.7,8.37,"D"
"2002",38.91119,37.73781,348.17,0.49,0.4,"2026-09-09",1049,"N20","nominal","2.0NRT",318.02,8.51,"D"
"2003",37.93458,30.53387,339.37,0.42,0.38,"2026-09-09",1049,"N20","low","2.0NRT",312.05,2.2,"D"
"2004",38.72861,35.46987,335.78,0.41,0.37,"2026-09-09",1049,"N20","low","2.0NRT",309.95,2.33,"D"
"2005",38.56152,34.01818,347.24,0.39,0.36,"2026-09-09",1049,"N20","nominal","2.0NRT",315,6.99,"D"
"2006",38.56088,34.01379,339.88,0.39,0.36,"2026-09-09",1049,"N20","low","2.0NRT",313.68,2.66,"D"
"2007",38.56545,34.02178,339.16,0.39,0.36,"2026-09-09",1049,"N20","low","2.0NRT",311.63,2.52,"D"
"2008",38.56481,34.0174,343.24,0.39,0.36,"2026-09-09",1049,"N20","nominal","2.0NRT",312.64,2.52,"D"
"2009",38.56417,34.01301,338.39,0.39,0.36,"2026-09-09",1049,"N20","nominal","2.0NRT",309.95,0.91,"D"
"2010",38.36769,31.55522,344.11,0.4,0.37,"2026-09-09",1049,"N20","nominal","2.0NRT",311.64,16.48,"D"
"2011",38.0961,29.74669,347.38,0.45,0.39,"2026-09-09",1049,"N20","nominal","2.0NRT",313.09,13.98,"D"
"2012",38.14143,29.97266,339.64,0.44,0.38,"2026-09-09",1049,"N20","nominal","2.0NRT",314.33,4.51,"D"
"2013",38.10681,29.76487,343.3,0.45,0.39,"2026-09-09",1049,"N20","low","2.0NRT",314.02,27.1,"D"
"2014",38.10939,29.75901,345.22,0.45,0.39,"2026-09-09",1049,"N20","nominal","2.0NRT",314.23,22.89,"D"
"2015",38.79351,33.53941,340.68,0.38,0.36,"2026-09-09",1049,"N20","low","2.0NRT",315.23,4.63,"D"
"2016",37.87603,28.23737,335.77,0.52,0.41,"2026-09-09",1049,"N20","nominal","2.0NRT",309.6,3.68,"D"
"2017",39.96881,45.05892,339.46,0.4,0.6,"2026-09-09",1049,"N20","nominal","2.0NRT",302.13,4.96,"D"
"2018",38.4884,31.3351,338.99,0.4,0.37,"2026-09-09",1049,"N20","low","2.0NRT",313.47,3.69,"D"
"2019",38.88056,33.46356,344.85,0.38,0.36,"2026-09-09",1049,"N20","nominal","2.0NRT",312.98,3.76,"D"
"2020",39.09763,34.73045,335.77,0.4,0.37,"2026-09-09",1049,"N20","low","2.0NRT",310.25,2.37,"D"
"2021",38.79418,32.20831,348.05,0.39,0.36,"2026-09-09",1049,"N20","nominal","2.0NRT",314.16,3.28,"D"
"2022",38.79347,32.20391,342.8,0.39,0.36,"2026-09-09",1049,"N20","low","2.0NRT",316.17,3.28,"D"
"2023",38.79276,32.1995,341.62,0.39,0.36,"2026-09-09",1049,"N20","low","2.0NRT",314.57,3.77,"D"
"2024",38.79206,32.1951,348.61,0.39,0.36,"2026-09-09",1049,"N20","nominal","2.0NRT",312.93,3.77,"D"
"2025",38.79932,32.19826,352.84,0.39,0.36,"2026-09-09",1049,"N20","nominal","2.0NRT",314.6,10.7,"D"
"2026",38.87352,32.36213,341.34,0.39,0.36,"2026-09-09",1049,"N20","nominal","2.0NRT",310.12,12.6,"D"
"2027",38.87281,32.35774,352.18,0.39,0.36,"2026-09-09",1049,"N20","nominal","2.0NRT",326.31,12.6,"D"
"2028",38.87609,32.35688,345.43,0.39,0.36,"2026-09-09",1049,"N20","nominal","2.0NRT",313.35,2.18,"D"
"2029",40.25006,45.75344,335.3,0.43,0.62,"2026-09-09",1049,"N20","nominal","2.0NRT",300.24,5.35,"D"
"2030",38.81808,31.7683,336.75,0.39,0.36,"2026-09-09",1049,"N20","low","2.0NRT",310.56,1.24,"D"
"2031",39.37397,34.57248,335.53,0.4,0.37,"2026-09-09",1049,"N20","nominal","2.0NRT",308.11,1.84,"D"
"2032",39.45567,33.78243,338.92,0.39,0.36,"2026-09-09",1049,"N20","low","2.0NRT",313.38,3.37,"D"
"2033",39.64823,33.91442,337.68,0.39,0.36,"2026-09-09",1049,"N20","low","2.0NRT",311.16,19.97,"D"
"2034",39.65152,33.91363,339.94,0.39,0.36,"2026-09-09",1049,"N20","nominal","2.0NRT",312.48,6.53,"D"
"2035",39.65023,33.90463,338.74,0.39,0.36,"2026-09-09",1049,"N20","low","2.0NRT",311.33,2.25,"D"
"2036",40.64866,43.8653,332.13,0.35,0.56,"2026-09-09",1049,"N20","nominal","2.0NRT",306.38,2.15,"D"
"2037",40.65387,43.86488,367,0.35,0.56,"2026-09-09",1049,"N20","high","2.0NRT",304.89,6.91,"D"
"2038",39.66475,33.88714,337.36,0.39,0.36,"2026-09-09",1049,"N20","nominal","2.0NRT",309.38,2.71,"D"
"2039",39.2654,31.31009,342.27,0.4,0.37,"2026-09-09",1049,"N20","nominal","2.0NRT",306.87,2.92,"D"
"2040",40.71657,43.8517,332.86,0.35,0.56,"2026-09-09",1049,"N20","nominal","2.0NRT",305.31,2.28,"D"
"2041",40.82175,44.0398,332.56,0.35,0.57,"2026-09-09",1049,"N20","nominal","2.0NRT",298.45,3.21,"D"
"2042",39.8395,34.06137,336.61,0.39,0.36,"2026-09-09",1049,"N20","low","2.0NRT",309.87,1.23,"D"
"2043",40.82153,44.04148,342.28,0.36,0.57,"2026-09-09",1049,"N20","nominal","2.0NRT",298.39,2.38,"D"
"2044",40.02252,34.96986,345.39,0.41,0.37,"2026-09-09",1049,"N20","nominal","2.0NRT",312,14,"D"
"2045",40.02589,34.96914,340.08,0.41,0.37,"2026-09-09",1049,"N20","nominal","2.0NRT",309.65,14,"D"
"2046",40.02525,34.96436,335.35,0.41,0.37,"2026-09-09",1049,"N20","low","2.0NRT",309.92,14,"D"
"2047",40.04616,34.96466,347.22,0.41,0.37,"2026-09-09",1049,"N20","nominal","2.0NRT",315.59,17.53,"D"
"2048",40.04953,34.96391,351.44,0.41,0.37,"2026-09-09",1049,"N20","nominal","2.0NRT",309.03,3.92,"D"
"2049",40.05354,34.96785,337.7,0.41,0.37,"2026-09-09",1049,"N20","low","2.0NRT",309.28,6.87,"D"
"2050",40.06303,34.96086,335.44,0.41,0.37,"2026-09-09",1049,"N20","nominal","2.0NRT",303.05,1.67,"D"
"2051",40.06641,34.96009,339.51,0.41,0.37,"2026-09-09",1049,"N20","nominal","2.0NRT",312.04,1.67,"D"
"2052",40.15638,35.58592,341.2,0.42,0.38,"2026-09-09",1049,"N20","nominal","2.0NRT",305.17,2.57,"D"
"2053",40.15528,35.5883,334.43,0.42,0.38,"2026-09-09",1049,"N20","nominal","2.0NRT",303.96,3.04,"D"
"2054",40.17276,34.9967,335.99,0.41,0.37,"2026-09-09",1049,"N20","low","2.0NRT",307.83,1.51,"D"
"2055",39.70727,31.20736,336.87,0.4,0.37,"2026-09-09",1049,"N20","nominal","2.0NRT",310.94,3.34,"D"
"2056",39.613,30.63235,335.34,0.41,0.37,"2026-09-09",1049,"N20","low","2.0NRT",307.06,1.51,"D"
"2057",40.38301,35.74697,332.59,0.43,0.38,"2026-09-09",1049,"N20","low","2.0NRT",304.62,4.57,"D"
"2058",39.94091,32.0084,338.55,0.39,0.36,"2026-09-09",1049,"N20","nominal","2.0NRT",313.14,4.71,"D"
"2059",40.41993,34.28328,335.22,0.4,0.37,"2026-09-09",1049,"N20","low","2.0NRT",310.04,1.54,"D"
"2060",41.36108,43.41327,347.37,0.33,0.55,"2026-09-09",1049,"N20","nominal","2.0NRT",298.74,3.8,"D"
"2061",41.50205,46.25976,337.45,0.47,0.64,"2026-09-09",1049,"N20","nominal","2.0NRT",300.07,5.38,"D"
"2062",41.50819,46.26532,338.6,0.47,0.64,"2026-09-09",1049,"N20","nominal","2.0NRT",302.1,4.41,"D"
"2063",40.77999,35.38385,347.33,0.42,0.38,"2026-09-09",1049,"N20","nominal","2.0NRT",311.48,11.76,"D"
"2064",40.78171,35.3806,343.98,0.42,0.38,"2026-09-09",1049,"N20","nominal","2.0NRT",309.2,18.29,"D"
"2065",40.8003,35.44377,345.51,0.42,0.38,"2026-09-09",1049,"N20","nominal","2.0NRT",306.34,7.69,"D"
"2066",40.80438,35.448,334.1,0.42,0.38,"2026-09-09",1049,"N20","low","2.0NRT",306.58,2.71,"D"
"2067",41.04613,35.73863,338.26,0.44,0.38,"2026-09-09",1049,"N20","nominal","2.0NRT",303.05,9.75,"D"
"2068",41.04423,35.72318,349.24,0.43,0.38,"2026-09-09",1049,"N20","nominal","2.0NRT",304.04,12.19,"D"
"2069",41.04361,35.71804,332.4,0.43,0.38,"2026-09-09",1049,"N20","nominal","2.0NRT",303.05,4.17,"D"
"2070",40.2584,29.07187,341.96,0.44,0.39,"2026-09-09",1049,"N20","nominal","2.0NRT",307.36,3.43,"D"
"2071",40.94383,33.1397,336.82,0.39,0.36,"2026-09-09",1049,"N20","nominal","2.0NRT",307.64,3.19,"D"
"2072",40.76547,29.52953,339.05,0.42,0.38,"2026-09-09",1049,"N20","nominal","2.0NRT",305,3.59,"D"
"2073",41.25423,31.41417,330.77,0.39,0.36,"2026-09-09",1049,"N20","low","2.0NRT",304.7,3.3,"D"
"2074",43.07675,45.76163,333.69,0.45,0.63,"2026-09-09",1049,"N20","nominal","2.0NRT",296.81,3.21,"D"
"2075",43.19616,46.96055,367,0.52,0.67,"2026-09-09",1049,"N20","high","2.0NRT",297.78,9.04,"D"
"2076",43.20236,46.96053,336.12,0.52,0.67,"2026-09-09",1049,"N20","nominal","2.0NRT",292.88,9.04,"D"
"2077",43.30561,46.42176,328.9,0.49,0.65,"2026-09-09",1049,"N20","nominal","2.0NRT",293.22,8.03,"D"
"2078",43.46824,46.05946,339.62,0.47,0.64,"2026-09-09",1049,"N20","nominal","2.0NRT",298.82,5.33,"D"
"2079",43.60093,46.71437,331.01,0.51,0.66,"2026-09-09",1049,"N20","nominal","2.0NRT",296.06,4.04,"D"
"2080",43.62743,46.54129,347.74,0.5,0.66,"2026-09-09",1049,"N20","nominal","2.0NRT",300.38,6.21,"D"
"2081",43.54075,44.00374,329.4,0.37,0.58,"2026-09-09",1049,"N20","low","2.0NRT",302.15,3.11,"D"
"2082",43.57861,44.73046,351.82,0.4,0.6,"2026-09-09",1049,"N20","nominal","2.0NRT",303.57,9.53,"D"
"2083",43.54321,44.00125,334.18,0.37,0.58,"2026-09-09",1049,"N20","nominal","2.0NRT",298.55,3.41,"D"
"2084",43.57714,44.72876,367,0.4,0.6,"2026-09-09",1049,"N20","high","2.0NRT",302.19,7.95,"D"
"2085",43.62798,46.54103,349.36,0.5,0.66,"2026-09-09",1049,"N20","nominal","2.0NRT",299.87,7.05,"D"
"2086",43.62734,44.87297,350.45,0.41,0.61,"2026-09-09",1049,"N20","nominal","2.0NRT",301.32,6.02,"D"
"2087",43.63296,44.87273,367,0.41,0.61,"2026-09-09",1049,"N20","high","2.0NRT",306.67,54.59,"D"
"2088",43.63879,44.87767,367,0.41,0.61,"2026-09-09",1049,"N20","high","2.0NRT",303.16,54.59,"D"
"2089",43.64422,44.87223,331.12,0.41,0.61,"2026-09-09",1049,"N20","nominal","2.0NRT",300.4,4.88,"D"
"2090",43.63139,43.70306,329.9,0.36,0.57,"2026-09-09",1049,"N20","nominal","2.0NRT",297.84,5.03,"D"
"2091",43.63646,43.69809,333.98,0.36,0.57,"2026-09-09",1049,"N20","nominal","2.0NRT",300.87,5.86,"D"
"2092",43.6355,43.70818,329.44,0.36,0.57,"2026-09-09",1049,"N20","nominal","2.0NRT",301.76,5.83,"D"
"2093",43.6353,43.70361,338.34,0.36,0.57,"2026-09-09",1049,"N20","nominal","2.0NRT",301.88,4.75,"D"
"2094",43.63509,43.69904,332.41,0.36,0.57,"2026-09-09",1049,"N20","nominal","2.0NRT",301.29,4.75,"D"
"2095",43.63489,43.69447,333.87,0.36,0.57,"2026-09-09",1049,"N20","nominal","2.0NRT",299.5,4.99,"D"
"2096",43.72043,44.04607,367,0.37,0.58,"2026-09-09",1049,"N20","high","2.0NRT",295.7,11.31,"D"
"2097",43.72021,44.04132,367,0.37,0.58,"2026-09-09",1049,"N20","high","2.0NRT",297.47,10.85,"D"
"2098",43.81776,46.55175,335.33,0.5,0.66,"2026-09-09",1049,"N20","nominal","2.0NRT",296.93,2.77,"D"
"2099",43.82371,46.5452,344.72,0.5,0.66,"2026-09-09",1049,"N20","nominal","2.0NRT",298.08,8.42,"D"
"2100",43.81568,44.75628,342.89,0.41,0.6,"2026-09-09",1049,"N20","nominal","2.0NRT",298.63,7.57,"D"
"2101",43.81549,44.75113,355.48,0.41,0.6,"2026-09-09",1049,"N20","nominal","2.0NRT",303.01,7.57,"D"
"2102",43.82384,43.55575,367,0.35,0.57,"2026-09-09",1049,"N20","high","2.0NRT",297.2,8.58,"D"
"2103",43.82362,43.55127,344.29,0.35,0.57,"2026-09-09",1049,"N20","nominal","2.0NRT",299.16,7.53,"D"
"2104",43.94905,43.97684,367,0.37,0.58,"2026-09-09",1049,"N20","high","2.0NRT",306.07,15.21,"D"
"2105",44.2084,42.94572,336.44,0.33,0.55,"2026-09-09",1049,"N20","nominal","2.0NRT",299.37,2.95,"D"
"2106",44.21354,42.94538,344.9,0.33,0.55,"2026-09-09",1049,"N20","nominal","2.0NRT",298.02,2.95,"D"
"2107",44.24626,42.64017,367,0.32,0.55,"2026-09-09",1049,"N20","high","2.0NRT",306.69,7.81,"D"
"2108",44.27926,42.97826,367,0.33,0.56,"2026-09-09",1049,"N20","high","2.0NRT",303.4,7.93,"D"
"2109",44.27969,42.98674,352.63,0.33,0.56,"2026-09-09",1049,"N20","nominal","2.0NRT",299.13,7.45,"D"
"2110",44.27948,42.98249,351.44,0.33,0.56,"2026-09-09",1049,"N20","nominal","2.0NRT",302.41,7.93,"D"
"2111",44.27905,42.97403,351.62,0.33,0.56,"2026-09-09",1049,"N20","nominal","2.0NRT",303.1,7.52,"D"
"2112",44.2844,42.97767,367,0.33,0.56,"2026-09-09",1049,"N20","high","2.0NRT",303.33,10.24,"D"
"2113",44.39354,41.9776,329.33,0.6,0.53,"2026-09-09",1049,"N20","nominal","2.0NRT",297.72,4.04,"D"
"2114",44.39085,41.97755,329,0.6,0.53,"2026-09-09",1049,"N20","nominal","2.0NRT",297.78,6.33,"D"
"2115",44.58905,44.33772,342.22,0.39,0.6,"2026-09-09",1049,"N20","nominal","2.0NRT",298.59,22.37,"D"
"2116",44.59455,44.33717,353.35,0.39,0.6,"2026-09-09",1049,"N20","nominal","2.0NRT",309.39,22.37,"D"
"2117",44.59435,44.33218,350.26,0.39,0.6,"2026-09-09",1049,"N20","nominal","2.0NRT",304.01,14.31,"D"
"2118",44.59415,44.32719,347.91,0.39,0.59,"2026-09-09",1049,"N20","nominal","2.0NRT",302.95,14.31,"D"
"2119",44.59394,44.32216,337.83,0.39,0.59,"2026-09-09",1049,"N20","nominal","2.0NRT",301.83,5.53,"D"
"2120",44.59925,44.31676,344.92,0.39,0.59,"2026-09-09",1049,"N20","nominal","2.0NRT",302.78,11.21,"D"
"2121",44.60516,44.32611,333.7,0.39,0.59,"2026-09-09",1049,"N20","nominal","2.0NRT",297.37,3.5,"D"
"2122",44.60503,44.32426,332.17,0.39,0.6,"2026-09-09",1049,"N20","nominal","2.0NRT",299.82,5.02,"D"
"2123",44.5716,41.15272,342.35,0.55,0.51,"2026-09-09",1049,"N20","nominal","2.0NRT",300.57,5.37,"D"
"2124",44.99865,48.48758,338.04,0.63,0.72,"2026-09-09",1051,"N20","nominal","2.0NRT",286.54,4.8,"D"
"2125",45.00144,48.48686,335,0.63,0.72,"2026-09-09",1051,"N20","nominal","2.0NRT",286.33,5.34,"D"
"2126",44.92671,41.76636,354.27,0.59,0.53,"2026-09-09",1051,"N20","nominal","2.0NRT",298.37,29.35,"D"
"2127",44.93159,41.76617,353.31,0.59,0.53,"2026-09-09",1051,"N20","nominal","2.0NRT",299.73,29.35,"D"
"2128",43.05798,26.51834,331.71,0.49,0.41,"2026-09-09",1051,"N20","nominal","2.0NRT",302.4,3.46,"D"
"2129",44.92825,39.35561,352,0.45,0.47,"2026-09-09",1051,"N20","nominal","2.0NRT",304.79,62.27,"D"
"2130",44.7994,37.49387,329.51,0.55,0.43,"2026-09-09",1051,"N20","nominal","2.0NRT",292.83,4.95,"D"
"2131",45.31065,38.04093,367,0.4,0.44,"2026-09-09",1051,"N20","high","2.0NRT",297.19,6.85,"D"
"2132",45.3102,38.03586,341.52,0.4,0.44,"2026-09-09",1051,"N20","nominal","2.0NRT",299.58,6.85,"D"
"2133",45.26083,37.25547,330.12,0.55,0.43,"2026-09-09",1051,"N20","nominal","2.0NRT",295.64,4.97,"D"
"2134",45.26015,37.24847,331.97,0.55,0.43,"2026-09-09",1051,"N20","nominal","2.0NRT",294.93,4.46,"D"
"2135",45.79716,43.89122,354.65,0.38,0.59,"2026-09-09",1051,"N20","nominal","2.0NRT",299.89,4.41,"D"
"2136",45.80242,43.88577,333.57,0.38,0.59,"2026-09-09",1051,"N20","nominal","2.0NRT",298.11,4.41,"D"
"2137",45.80222,43.88079,336.68,0.38,0.59,"2026-09-09",1051,"N20","nominal","2.0NRT",297.99,5.22,"D"
"2138",45.80806,43.89031,330.74,0.38,0.59,"2026-09-09",1051,"N20","nominal","2.0NRT",297.03,4.96,"D"
"2139",45.80767,43.88031,350.23,0.38,0.59,"2026-09-09",1051,"N20","nominal","2.0NRT",298.83,5.41,"D"
"2140",45.81895,43.88952,343.51,0.38,0.59,"2026-09-09",1051,"N20","nominal","2.0NRT",298.3,4.91,"D"
"2141",45.65752,40.83524,341.29,0.54,0.51,"2026-09-09",1051,"N20","nominal","2.0NRT",303.72,4.81,"D"
"2142",45.85216,40.05675,354.17,0.5,0.49,"2026-09-09",1051,"N20","nominal","2.0NRT",302.72,7.41,"D"
"2143",45.84922,40.05655,347.75,0.5,0.49,"2026-09-09",1051,"N20","nominal","2.0NRT",300.31,7.75,"D"
"2144",45.93239,39.66583,336.72,0.48,0.48,"2026-09-09",1051,"N20","nominal","2.0NRT",299.87,4.53,"D"
"2145",45.34436,33.48579,334.84,0.41,0.37,"2026-09-09",1051,"N20","nominal","2.0NRT",309.76,2.22,"D"
"2146",44.46072,27.50583,332.68,0.44,0.38,"2026-09-09",1051,"N20","low","2.0NRT",307.51,2.93,"D"
"2147",45.56313,34.54308,334.2,0.44,0.38,"2026-09-09",1051,"N20","low","2.0NRT",304.59,3.42,"D"
"2148",45.48471,33.87283,346.7,0.42,0.38,"2026-09-09",1051,"N20","nominal","2.0NRT",307.82,5.95,"D"
"2149",45.25732,31.67428,336.11,0.39,0.36,"2026-09-09",1051,"N20","nominal","2.0NRT",295.65,10.06,"D"
"2150",44.36731,26.16645,344.69,0.48,0.4,"2026-09-09",1051,"N20","nominal","2.0NRT",305.49,3.87,"D"
"2151",45.35682,30.90437,334.18,0.38,0.36,"2026-09-09",1051,"N20","nominal","2.0NRT",292.27,3.09,"D"
"2152",46.49199,39.3798,341.41,0.47,0.48,"2026-09-09",1051,"N20","nominal","2.0NRT",302.38,3.29,"D"
"2153",46.50841,37.91537,342.06,0.4,0.44,"2026-09-09",1051,"N20","nominal","2.0NRT",306.83,2.55,"D"
"2154",46.20237,34.52792,332.39,0.45,0.39,"2026-09-09",1051,"N20","low","2.0NRT",307.36,5.01,"D"
"2155",45.45085,29.23062,334.69,0.39,0.36,"2026-09-09",1051,"N20","nominal","2.0NRT",299.15,3.06,"D"
"2156",46.69957,39.19456,331.26,0.46,0.47,"2026-09-09",1051,"N20","low","2.0NRT",302.06,3,"D"
"2157",46.70393,39.19391,332.07,0.46,0.47,"2026-09-09",1051,"N20","nominal","2.0NRT",300.47,3,"D"
"2158",46.70346,39.18781,339.81,0.46,0.47,"2026-09-09",1051,"N20","nominal","2.0NRT",302.82,3,"D"
"2159",45.55062,29.04743,367,0.39,0.37,"2026-09-09",1051,"N20","high","2.0NRT",307.4,9.13,"D"
"2160",45.55474,29.05125,335.94,0.39,0.37,"2026-09-09",1051,"N20","nominal","2.0NRT",305.47,8.71,"D"
"2161",45.5539,29.0463,340.15,0.39,0.37,"2026-09-09",1051,"N20","nominal","2.0NRT",305.17,7.61,"D"
"2162",45.55803,29.05012,344.35,0.39,0.37,"2026-09-09",1051,"N20","nominal","2.0NRT",306.46,8.71,"D"
"2163",45.62263,29.41423,335.8,0.39,0.36,"2026-09-09",1051,"N20","low","2.0NRT",305.83,2.48,"D"
"2164",45.62181,29.40932,336.42,0.39,0.36,"2026-09-09",1051,"N20","nominal","2.0NRT",305.61,4,"D"
"2165",46.47805,35.52351,336.39,0.48,0.4,"2026-09-09",1051,"N20","nominal","2.0NRT",302.46,4.8,"D"
"2166",46.8173,39.05763,352.23,0.46,0.47,"2026-09-09",1051,"N20","nominal","2.0NRT",305.81,7.78,"D"
"2167",46.82645,39.06226,337.29,0.46,0.47,"2026-09-09",1051,"N20","nominal","2.0NRT",302.17,3.42,"D"
"2168",46.84612,38.90081,338.49,0.45,0.47,"2026-09-09",1051,"N20","nominal","2.0NRT",305.48,2.98,"D"
"2169",46.41238,34.20161,345.27,0.44,0.38,"2026-09-09",1051,"N20","nominal","2.0NRT",312.28,11.95,"D"
"2170",46.41588,34.20074,347.61,0.44,0.38,"2026-09-09",1051,"N20","nominal","2.0NRT",312.46,14.66,"D"
"2171",46.88996,38.96013,338.19,0.45,0.47,"2026-09-09",1051,"N20","nominal","2.0NRT",305.28,3,"D"
"2172",46.48907,34.79207,335.22,0.46,0.39,"2026-09-09",1051,"N20","nominal","2.0NRT",301.68,2.3,"D"
"2173",46.41802,34.18851,336.7,0.44,0.38,"2026-09-09",1051,"N20","low","2.0NRT",308.48,5.36,"D"
"2174",46.89428,38.9595,349.69,0.45,0.47,"2026-09-09",1051,"N20","nominal","2.0NRT",306.22,5.92,"D"
"2175",45.58722,28.43755,336.48,0.4,0.37,"2026-09-09",1051,"N20","nominal","2.0NRT",302.65,1.17,"D"
"2176",46.65582,35.89086,334.16,0.5,0.41,"2026-09-09",1051,"N20","nominal","2.0NRT",302.22,2.79,"D"
"2177",45.53142,27.90189,345.41,0.41,0.37,"2026-09-09",1051,"N20","nominal","2.0NRT",308.94,6.31,"D"
"2178",45.53049,27.89669,337.11,0.41,0.37,"2026-09-09",1051,"N20","low","2.0NRT",308.76,4.49,"D"
"2179",45.53078,27.89962,340.04,0.41,0.37,"2026-09-09",1051,"N20","low","2.0NRT",310.4,5.52,"D"
"2180",45.52983,27.89443,337.2,0.41,0.37,"2026-09-09",1051,"N20","low","2.0NRT",307.94,5.52,"D"
"2181",45.89394,30.00536,335.21,0.39,0.36,"2026-09-09",1051,"N20","nominal","2.0NRT",302.65,2.06,"D"
"2182",45.54271,27.90633,334.65,0.41,0.37,"2026-09-09",1051,"N20","low","2.0NRT",306.25,3.07,"D"
"2183",45.54177,27.90115,335.66,0.41,0.37,"2026-09-09",1051,"N20","low","2.0NRT",308.69,3.07,"D"
"2184",46.2491,32.33188,335.95,0.4,0.37,"2026-09-09",1051,"N20","nominal","2.0NRT",302.65,3.1,"D"
"2185",45.54606,27.90511,334.83,0.41,0.37,"2026-09-09",1051,"N20","low","2.0NRT",306.46,8.33,"D"
"2186",46.25243,32.33093,334.68,0.4,0.37,"2026-09-09",1051,"N20","nominal","2.0NRT",301.24,3.1,"D"
"2187",45.54941,27.9039,335.06,0.41,0.37,"2026-09-09",1051,"N20","low","2.0NRT",307.62,8.33,"D"
"2188",46.68932,35.91563,337.2,0.5,0.41,"2026-09-09",1051,"N20","nominal","2.0NRT",300.92,3.54,"D"
"2189",46.69307,35.91481,332.23,0.5,0.41,"2026-09-09",1051,"N20","nominal","2.0NRT",303.35,2.07,"D"
"2190",46.70771,35.94528,340.2,0.5,0.41,"2026-09-09",1051,"N20","nominal","2.0NRT",303.53,4.07,"D"
"2191",46.70635,35.9321,331.03,0.5,0.41,"2026-09-09",1051,"N20","low","2.0NRT",302.82,2.58,"D"
"2192",46.70567,35.92551,334.65,0.5,0.41,"2026-09-09",1051,"N20","nominal","2.0NRT",302.77,2.58,"D"
"2193",46.51072,34.18067,337.7,0.44,0.38,"2026-09-09",1051,"N20","nominal","2.0NRT",302.74,2.74,"D"
"2194",46.66088,35.46667,333.25,0.48,0.4,"2026-09-09",1051,"N20","nominal","2.0NRT",301.49,7.61,"D"
"2195",46.66019,35.46035,347.25,0.48,0.4,"2026-09-09",1051,"N20","nominal","2.0NRT",304.71,7.61,"D"
"2196",45.7611,28.96988,335.68,0.39,0.37,"2026-09-09",1051,"N20","nominal","2.0NRT",305.06,2.76,"D"
"2197",46.71759,35.92966,336.06,0.5,0.41,"2026-09-09",1051,"N20","nominal","2.0NRT",303.29,5.76,"D"
"2198",47.1069,40.45986,333.22,0.53,0.5,"2026-09-09",1051,"N20","nominal","2.0NRT",301.24,2.9,"D"
"2199",45.95711,30.03611,346.2,0.39,0.36,"2026-09-09",1051,"N20","nominal","2.0NRT",301.86,7.37,"D"
"2200",46.05193,30.42154,334.08,0.38,0.36,"2026-09-09",1051,"N20","nominal","2.0NRT",298.49,4.23,"D"
"2201",46.05595,30.42538,330.14,0.38,0.36,"2026-09-09",1051,"N20","nominal","2.0NRT",294.69,4.23,"D"
"2202",46.01617,30.17113,332.51,0.38,0.36,"2026-09-09",1051,"N20","low","2.0NRT",305.54,2.91,"D"
"2203",46.35938,32.4549,347.31,0.4,0.37,"2026-09-09",1051,"N20","nominal","2.0NRT",302.01,1.58,"D"
"2204",46.36109,32.45673,347.39,0.4,0.37,"2026-09-09",1051,"N20","nominal","2.0NRT",304.66,6.28,"D"
"2205",46.36039,32.45158,356.01,0.4,0.37,"2026-09-09",1051,"N20","nominal","2.0NRT",305.56,6.28,"D"
"2206",46.36443,32.45578,338.09,0.4,0.37,"2026-09-09",1051,"N20","nominal","2.0NRT",304.04,6.28,"D"
"2207",46.36373,32.45063,333.88,0.4,0.37,"2026-09-09",1051,"N20","nominal","2.0NRT",304.34,6.28,"D"
"2208",46.37708,32.44685,333.03,0.4,0.37,"2026-09-09",1051,"N20","nominal","2.0NRT",302.77,3.7,"D"
"2209",46.03178,29.98777,332.4,0.39,0.36,"2026-09-09",1051,"N20","low","2.0NRT",305.42,3.58,"D"
"2210",45.9743,29.54689,333.48,0.39,0.36,"2026-09-09",1051,"N20","nominal","2.0NRT",303.46,2.21,"D"
"2211",45.97756,29.54577,339.35,0.39,0.36,"2026-09-09",1051,"N20","nominal","2.0NRT",306.02,2.21,"D"
"2212",45.97676,29.54084,333.39,0.39,0.36,"2026-09-09",1051,"N20","nominal","2.0NRT",305.62,2.21,"D"
"2213",46.86182,36.13531,341.58,0.52,0.41,"2026-09-09",1051,"N20","nominal","2.0NRT",311.02,14.57,"D"
"2214",46.86769,36.15471,341.65,0.52,0.41,"2026-09-09",1051,"N20","nominal","2.0NRT",304.25,2.93,"D"
"2215",46.86561,36.13448,334.85,0.52,0.41,"2026-09-09",1051,"N20","nominal","2.0NRT",305.43,14.57,"D"
"2216",46.87148,36.15388,332.26,0.52,0.41,"2026-09-09",1051,"N20","low","2.0NRT",303.95,1.41,"D"
"2217",46.5603,33.22416,333.98,0.41,0.37,"2026-09-09",1051,"N20","nominal","2.0NRT",302.55,4.26,"D"
"2218",46.55961,33.21878,331.87,0.41,0.37,"2026-09-09",1051,"N20","nominal","2.0NRT",300.93,3.7,"D"
"2219",46.44423,32.30499,335.89,0.4,0.37,"2026-09-09",1051,"N20","low","2.0NRT",308.29,2.93,"D"
"2220",46.7789,34.75315,344.94,0.46,0.39,"2026-09-09",1051,"N20","nominal","2.0NRT",306.73,6.86,"D"
"2221",45.98675,29.02272,346.12,0.39,0.36,"2026-09-09",1051,"N20","nominal","2.0NRT",303.75,4.31,"D"
"2222",46.94209,35.83657,335.09,0.5,0.41,"2026-09-09",1051,"N20","low","2.0NRT",305.21,4.13,"D"
"2223",46.78387,34.05413,342.77,0.44,0.38,"2026-09-09",1051,"N20","nominal","2.0NRT",313.93,34.61,"D"
"2224",46.78389,34.05257,343.72,0.44,0.38,"2026-09-09",1051,"N20","nominal","2.0NRT",312.92,36.6,"D"
"2225",46.79718,34.0433,339.98,0.44,0.38,"2026-09-09",1051,"N20","nominal","2.0NRT",303.95,4.08,"D"
"2226",46.7556,33.6994,343.67,0.43,0.38,"2026-09-09",1051,"N20","nominal","2.0NRT",311.38,28.1,"D"
"2227",46.75974,33.70407,333.96,0.43,0.38,"2026-09-09",1051,"N20","low","2.0NRT",305.9,5.15,"D"
"2228",46.75905,33.6985,347.16,0.43,0.38,"2026-09-09",1051,"N20","nominal","2.0NRT",308.05,5.15,"D"
"2229",46.75837,33.69293,343.4,0.43,0.38,"2026-09-09",1051,"N20","nominal","2.0NRT",305.72,3.44,"D"
"2230",46.76182,33.69202,335.14,0.43,0.38,"2026-09-09",1051,"N20","low","2.0NRT",306.46,3.44,"D"
"2231",46.66615,32.8815,333.6,0.41,0.37,"2026-09-09",1051,"N20","nominal","2.0NRT",303.37,2.08,"D"
"2232",47.188,37.60677,345.57,0.4,0.44,"2026-09-09",1051,"N20","nominal","2.0NRT",305.19,4.35,"D"
"2233",46.6042,32.31322,332.53,0.4,0.37,"2026-09-09",1051,"N20","nominal","2.0NRT",301.48,2.55,"D"
"2234",47.28526,38.2542,341.08,0.43,0.46,"2026-09-09",1051,"N20","nominal","2.0NRT",303.88,6.77,"D"
"2235",46.20306,29.41243,336,0.39,0.36,"2026-09-09",1051,"N20","nominal","2.0NRT",308.45,5.36,"D"
"2236",47.24188,37.2399,341.91,0.38,0.44,"2026-09-09",1051,"N20","nominal","2.0NRT",306.44,15.67,"D"
"2237",47.24587,37.23913,341.32,0.38,0.44,"2026-09-09",1051,"N20","nominal","2.0NRT",303.63,15.67,"D"
"2238",47.24542,37.23405,339,0.38,0.43,"2026-09-09",1051,"N20","nominal","2.0NRT",313.82,15.67,"D"
"2239",47.24451,37.22393,339.33,0.38,0.43,"2026-09-09",1051,"N20","nominal","2.0NRT",305.98,5.21,"D"
"2240",46.09037,28.34207,332.4,0.4,0.37,"2026-09-09",1051,"N20","nominal","2.0NRT",302.57,2.11,"D"
"2241",47.34071,37.94743,340.08,0.41,0.45,"2026-09-09",1051,"N20","low","2.0NRT",310.57,22.48,"D"
"2242",47.34024,37.94195,339.62,0.41,0.45,"2026-09-09",1051,"N20","low","2.0NRT",310.73,16.36,"D"
"2243",47.34484,37.94665,342.59,0.41,0.45,"2026-09-09",1051,"N20","nominal","2.0NRT",305.86,7.89,"D"
"2244",47.40834,38.24772,334.6,0.43,0.46,"2026-09-09",1051,"N20","nominal","2.0NRT",304.55,1.94,"D"
"2245",47.26679,36.69016,332.39,0.55,0.42,"2026-09-09",1051,"N20","nominal","2.0NRT",305.43,2.58,"D"
"2246",47.12157,35.25743,333.76,0.48,0.4,"2026-09-09",1051,"N20","low","2.0NRT",305.61,3.31,"D"
"2247",46.64198,31.36854,344.57,0.39,0.36,"2026-09-09",1051,"N20","nominal","2.0NRT",302.46,5.28,"D"
"2248",46.64526,31.37055,332.92,0.39,0.36,"2026-09-09",1051,"N20","nominal","2.0NRT",300.35,2.01,"D"
"2249",47.42557,37.93581,344.21,0.41,0.45,"2026-09-09",1051,"N20","nominal","2.0NRT",307.15,4.26,"D"
"2250",47.13182,34.58902,331.74,0.46,0.39,"2026-09-09",1051,"N20","low","2.0NRT",304.96,4.88,"D"
"2251",47.2808,35.91673,344.77,0.51,0.41,"2026-09-09",1051,"N20","nominal","2.0NRT",304.15,8.49,"D"
"2252",47.27716,35.80787,338,0.51,0.41,"2026-09-09",1051,"N20","nominal","2.0NRT",304.76,3,"D"
"2253",47.2802,35.80029,334.1,0.51,0.41,"2026-09-09",1051,"N20","low","2.0NRT",307.09,3.66,"D"
"2254",47.44014,37.25705,342.01,0.39,0.44,"2026-09-09",1051,"N20","nominal","2.0NRT",306.79,4.09,"D"
"2255",47.44106,37.25788,351.07,0.39,0.44,"2026-09-09",1051,"N20","nominal","2.0NRT",305.33,5.1,"D"
"2256",47.16261,34.33326,333.4,0.45,0.39,"2026-09-09",1051,"N20","nominal","2.0NRT",298.78,1.78,"D"
"2257",47.50037,37.65754,336.74,0.4,0.44,"2026-09-09",1051,"N20","nominal","2.0NRT",309.07,5.53,"D"
"2258",47.44087,36.98457,337.95,0.57,0.43,"2026-09-09",1051,"N20","nominal","2.0NRT",307,11.27,"D"
"2259",47.44019,36.97715,335.86,0.57,0.43,"2026-09-09",1051,"N20","nominal","2.0NRT",302.32,5.33,"D"
"2260",47.50492,37.66212,355.73,0.4,0.44,"2026-09-09",1051,"N20","nominal","2.0NRT",304.99,5.53,"D"
"2261",47.47836,37.08501,336.77,0.57,0.43,"2026-09-09",1051,"N20","nominal","2.0NRT",308.1,2.94,"D"
"2262",46.86966,31.7471,335.41,0.39,0.36,"2026-09-09",1051,"N20","nominal","2.0NRT",305.38,2.01,"D"
"2263",46.86894,31.74201,333.15,0.39,0.36,"2026-09-09",1051,"N20","low","2.0NRT",305.79,2.01,"D"
"2264",47.62735,38.63581,336.56,0.45,0.47,"2026-09-09",1051,"N20","nominal","2.0NRT",302.71,2.9,"D"
"2265",47.63024,38.61748,341.28,0.45,0.47,"2026-09-09",1051,"N20","nominal","2.0NRT",305.64,8.15,"D"
"2266",47.63453,38.61678,340.85,0.45,0.47,"2026-09-09",1051,"N20","nominal","2.0NRT",303.89,8.15,"D"
"2267",47.52547,37.28851,343.21,0.39,0.44,"2026-09-09",1051,"N20","nominal","2.0NRT",301.78,3.83,"D"
"2268",46.92436,32.04044,345.01,0.4,0.37,"2026-09-09",1051,"N20","nominal","2.0NRT",301.75,6.64,"D"
"2269",47.36018,35.57628,351.72,0.5,0.41,"2026-09-09",1051,"N20","nominal","2.0NRT",309.91,9.25,"D"
"2270",46.97949,32.41897,333.51,0.4,0.37,"2026-09-09",1051,"N20","low","2.0NRT",307.04,1.57,"D"
"2271",46.97808,32.40849,331.9,0.4,0.37,"2026-09-09",1051,"N20","low","2.0NRT",306.19,2.29,"D"
"2272",47.59898,37.83318,354.32,0.41,0.45,"2026-09-09",1051,"N20","nominal","2.0NRT",303.74,69.92,"D"
"2273",47.59801,37.82217,330.67,0.41,0.45,"2026-09-09",1051,"N20","low","2.0NRT",304.95,4.06,"D"
"2274",47.60261,37.82678,344.07,0.41,0.45,"2026-09-09",1051,"N20","nominal","2.0NRT",308.19,69.92,"D"
"2275",47.60212,37.82129,333.65,0.41,0.45,"2026-09-09",1051,"N20","low","2.0NRT",306.83,4.06,"D"
"2276",47.60164,37.81578,345.15,0.41,0.45,"2026-09-09",1051,"N20","nominal","2.0NRT",304.44,4.06,"D"
"2277",47.57945,37.56642,342.06,0.4,0.44,"2026-09-09",1051,"N20","nominal","2.0NRT",307.77,47.08,"D"
"2278",47.57848,37.55566,339.94,0.4,0.44,"2026-09-09",1051,"N20","nominal","2.0NRT",306.97,64.85,"D"
"2279",46.96613,32.07986,335.49,0.4,0.37,"2026-09-09",1051,"N20","nominal","2.0NRT",303.7,3.25,"D"
"2280",47.59681,37.83197,351.58,0.41,0.45,"2026-09-09",1051,"N20","nominal","2.0NRT",301.53,80.56,"D"
"2281",47.59636,37.82642,352.3,0.41,0.45,"2026-09-09",1051,"N20","nominal","2.0NRT",308.84,15.69,"D"
"2282",47.60047,37.82555,343.43,0.41,0.45,"2026-09-09",1051,"N20","nominal","2.0NRT",309.03,15.69,"D"
"2283",47.60001,37.82004,330.67,0.41,0.45,"2026-09-09",1051,"N20","low","2.0NRT",304.67,15.69,"D"
"2284",47.57817,37.55931,345.84,0.4,0.44,"2026-09-09",1051,"N20","nominal","2.0NRT",314.52,105.41,"D"
"2285",47.0908,32.97094,336.65,0.41,0.37,"2026-09-09",1051,"N20","nominal","2.0NRT",305.83,3.61,"D"
"2286",47.60504,37.83019,345.46,0.41,0.45,"2026-09-09",1051,"N20","nominal","2.0NRT",310.77,29.52,"D"
"2287",47.60413,37.81917,336.78,0.41,0.45,"2026-09-09",1051,"N20","nominal","2.0NRT",306.49,7.34,"D"
"2288",47.60367,37.81367,336.99,0.41,0.45,"2026-09-09",1051,"N20","nominal","2.0NRT",306.36,4.84,"D"
"2289",47.60321,37.80814,339.79,0.41,0.45,"2026-09-09",1051,"N20","nominal","2.0NRT",302.74,4.84,"D"
"2290",47.60917,37.8294,350.79,0.41,0.45,"2026-09-09",1051,"N20","nominal","2.0NRT",308.29,29.52,"D"
"2291",47.60871,37.82387,340.47,0.41,0.45,"2026-09-09",1051,"N20","nominal","2.0NRT",305.14,7.34,"D"
"2292",47.60733,37.80733,351.79,0.41,0.45,"2026-09-09",1051,"N20","nominal","2.0NRT",306.34,4.84,"D"
"2293",47.61375,37.83419,336.65,0.41,0.45,"2026-09-09",1051,"N20","nominal","2.0NRT",302.58,7.36,"D"
"2294",47.61329,37.82863,351.13,0.41,0.45,"2026-09-09",1051,"N20","nominal","2.0NRT",308.96,7.36,"D"
"2295",46.94298,31.78693,332.65,0.39,0.36,"2026-09-09",1051,"N20","low","2.0NRT",305.34,2.12,"D"
"2296",47.61742,37.82793,345.47,0.41,0.45,"2026-09-09",1051,"N20","nominal","2.0NRT",306.38,7.36,"D"
"2297",47.61696,37.82241,332.7,0.41,0.45,"2026-09-09",1051,"N20","low","2.0NRT",305.73,9.75,"D"
"2298",47.62109,37.82176,343.63,0.41,0.45,"2026-09-09",1051,"N20","nominal","2.0NRT",303.14,5.71,"D"
"2299",47.62062,37.81621,341.11,0.41,0.45,"2026-09-09",1051,"N20","nominal","2.0NRT",307.17,5.71,"D"
"2300",47.62429,37.80997,330.54,0.41,0.45,"2026-09-09",1051,"N20","low","2.0NRT",304.23,4.93,"D"
"2301",47.30256,34.41959,335.16,0.45,0.39,"2026-09-09",1051,"N20","nominal","2.0NRT",302.83,4.73,"D"
"2302",47.30612,34.4187,335.02,0.45,0.39,"2026-09-09",1051,"N20","nominal","2.0NRT",301.7,3.62,"D"
"2303",47.64635,37.62898,351.5,0.4,0.44,"2026-09-09",1051,"N20","nominal","2.0NRT",305.86,13.51,"D"
"2304",47.65944,37.73188,337.42,0.41,0.45,"2026-09-09",1051,"N20","nominal","2.0NRT",307.35,10.11,"D"
"2305",47.50977,36.13078,336.35,0.52,0.42,"2026-09-09",1051,"N20","low","2.0NRT",308.18,8.44,"D"
"2306",47.44971,35.5488,346.42,0.5,0.41,"2026-09-09",1051,"N20","nominal","2.0NRT",304.84,6.79,"D"
"2307",47.12341,32.78887,336.86,0.41,0.37,"2026-09-09",1051,"N20","low","2.0NRT",307.2,3.29,"D"
"2308",47.12048,32.73973,334.85,0.41,0.37,"2026-09-09",1051,"N20","low","2.0NRT",307.17,3.35,"D"
"2309",46.74402,30.11504,336.69,0.38,0.36,"2026-09-09",1051,"N20","nominal","2.0NRT",303.31,1.57,"D"
"2310",46.75456,30.11677,354.87,0.38,0.36,"2026-09-09",1051,"N20","nominal","2.0NRT",306.79,6,"D"
"2311",47.13736,32.735,338.28,0.41,0.37,"2026-09-09",1051,"N20","nominal","2.0NRT",307.9,8.02,"D"
"2312",47.50487,35.78163,331.85,0.51,0.41,"2026-09-09",1051,"N20","low","2.0NRT",304.47,4.04,"D"
"2313",47.4952,35.65368,342.61,0.5,0.41,"2026-09-09",1051,"N20","nominal","2.0NRT",305.02,19.04,"D"
"2314",47.28861,33.75532,335.61,0.43,0.38,"2026-09-09",1051,"N20","nominal","2.0NRT",304.36,3.35,"D"
"2315",47.49537,35.65246,343.96,0.5,0.41,"2026-09-09",1051,"N20","nominal","2.0NRT",304.83,16.83,"D"
"2316",47.28601,33.75982,335.08,0.43,0.38,"2026-09-09",1051,"N20","nominal","2.0NRT",303.08,2.99,"D"
"2317",47.2888,33.7532,334.25,0.43,0.38,"2026-09-09",1051,"N20","nominal","2.0NRT",303.71,2.99,"D"
"2318",47.68295,37.4399,339.56,0.4,0.44,"2026-09-09",1051,"N20","nominal","2.0NRT",301.14,10.87,"D"
"2319",47.687,37.43916,339.49,0.4,0.44,"2026-09-09",1051,"N20","nominal","2.0NRT",301.82,8.15,"D"
"2320",47.68655,37.4339,350.27,0.4,0.44,"2026-09-09",1051,"N20","nominal","2.0NRT",309.56,8.15,"D"
"2321",47.6906,37.43313,347.83,0.4,0.44,"2026-09-09",1051,"N20","nominal","2.0NRT",310.5,8.15,"D"
"2322",47.69511,37.43761,342.13,0.4,0.44,"2026-09-09",1051,"N20","nominal","2.0NRT",309.43,85.55,"D"
"2323",47.82719,38.6911,331.37,0.45,0.47,"2026-09-09",1051,"N20","nominal","2.0NRT",300.78,3.81,"D"
"2324",47.83102,38.68421,340.96,0.45,0.47,"2026-09-09",1051,"N20","nominal","2.0NRT",302.65,4.81,"D"
"2325",47.74854,37.6243,345.11,0.4,0.45,"2026-09-09",1051,"N20","nominal","2.0NRT",306.4,4.88,"D"
"2326",46.92393,30.64263,337.92,0.38,0.36,"2026-09-09",1051,"N20","nominal","2.0NRT",304.38,4.23,"D"
"2327",47.56971,35.48678,337.35,0.5,0.41,"2026-09-09",1051,"N20","nominal","2.0NRT",309.91,5.3,"D"
"2328",47.71001,36.83961,335.29,0.56,0.43,"2026-09-09",1051,"N20","nominal","2.0NRT",306.59,4.66,"D"
"2329",47.87605,38.59221,340.82,0.45,0.47,"2026-09-09",1051,"N20","nominal","2.0NRT",305.44,14.96,"D"
"2330",47.35469,33.50174,344.42,0.43,0.38,"2026-09-09",1051,"N20","nominal","2.0NRT",305.33,12.24,"D"
"2331",47.88033,38.59142,353.23,0.45,0.47,"2026-09-09",1051,"N20","nominal","2.0NRT",308.69,14.96,"D"
"2332",47.87985,38.58541,341.54,0.45,0.47,"2026-09-09",1051,"N20","nominal","2.0NRT",312.98,25.49,"D"
"2333",46.7884,29.4865,333.91,0.39,0.36,"2026-09-09",1051,"N20","nominal","2.0NRT",302.13,3.03,"D"
"2334",46.87431,30.00665,333.99,0.38,0.36,"2026-09-09",1051,"N20","low","2.0NRT",306.29,3.78,"D"
"2335",46.79166,29.48539,336.45,0.39,0.36,"2026-09-09",1051,"N20","nominal","2.0NRT",303.48,3.03,"D"
"2336",47.87391,38.59135,333.76,0.45,0.47,"2026-09-09",1051,"N20","nominal","2.0NRT",303.55,2.27,"D"
"2337",47.87865,38.59665,339.23,0.45,0.47,"2026-09-09",1051,"N20","nominal","2.0NRT",300.85,6.01,"D"
"2338",47.87819,38.59055,347.02,0.45,0.47,"2026-09-09",1051,"N20","nominal","2.0NRT",305.81,15.6,"D"
"2339",47.88248,38.58978,346.26,0.45,0.47,"2026-09-09",1051,"N20","nominal","2.0NRT",309.28,15.6,"D"
"2340",47.88203,38.5838,340.6,0.45,0.47,"2026-09-09",1051,"N20","nominal","2.0NRT",306.67,15.6,"D"
"2341",47.88722,38.59499,341.06,0.45,0.47,"2026-09-09",1051,"N20","nominal","2.0NRT",305.54,11.52,"D"
"2342",47.88676,38.58897,340.46,0.45,0.47,"2026-09-09",1051,"N20","nominal","2.0NRT",304.22,9.72,"D"
"2343",47.40894,33.70251,332.47,0.43,0.38,"2026-09-09",1051,"N20","low","2.0NRT",303.45,3.96,"D"
"2344",47.7887,37.28412,350.43,0.39,0.44,"2026-09-09",1051,"N20","nominal","2.0NRT",307.34,5.53,"D"
"2345",47.64999,35.77579,333.12,0.51,0.41,"2026-09-09",1051,"N20","nominal","2.0NRT",303.65,3.39,"D"
"2346",47.7977,37.29314,355.53,0.39,0.44,"2026-09-09",1051,"N20","nominal","2.0NRT",309.92,44.82,"D"
"2347",47.8022,37.29775,330.7,0.39,0.44,"2026-09-09",1051,"N20","low","2.0NRT",304.94,2.09,"D"
"2348",47.80173,37.29244,346.93,0.39,0.44,"2026-09-09",1051,"N20","nominal","2.0NRT",318.51,44.82,"D"
"2349",47.84959,37.65289,350.6,0.41,0.45,"2026-09-09",1051,"N20","nominal","2.0NRT",304.41,4.75,"D"
"2350",47.66782,35.61327,331.03,0.5,0.41,"2026-09-09",1051,"N20","nominal","2.0NRT",302.46,3.02,"D"
"2351",47.63268,35.07306,340.83,0.48,0.4,"2026-09-09",1051,"N20","nominal","2.0NRT",304.2,7.35,"D"
"2352",47.25938,31.99981,335.6,0.4,0.37,"2026-09-09",1051,"N20","low","2.0NRT",306.54,3.36,"D"
"2353",47.82676,36.85493,336.14,0.56,0.43,"2026-09-09",1051,"N20","low","2.0NRT",307.08,5.77,"D"
"2354",47.95733,38.22853,333.41,0.43,0.46,"2026-09-09",1051,"N20","nominal","2.0NRT",299.62,3.22,"D"
"2355",47.77333,36.18787,332.78,0.53,0.42,"2026-09-09",1051,"N20","nominal","2.0NRT",301.49,5.84,"D"
"2356",47.82497,36.85492,335.48,0.56,0.43,"2026-09-09",1051,"N20","low","2.0NRT",308.11,15.63,"D"
"2357",47.77464,36.18672,332.13,0.53,0.42,"2026-09-09",1051,"N20","nominal","2.0NRT",301.49,2.17,"D"
"2358",47.9609,38.22555,341.29,0.43,0.46,"2026-09-09",1051,"N20","nominal","2.0NRT",302.17,8.97,"D"
"2359",47.78505,36.21338,337.83,0.53,0.42,"2026-09-09",1051,"N20","nominal","2.0NRT",305.59,7.11,"D"
"2360",47.7001,35.36759,340.04,0.49,0.4,"2026-09-09",1051,"N20","nominal","2.0NRT",304.64,6.76,"D"
"2361",47.69941,35.361,343.39,0.49,0.4,"2026-09-09",1051,"N20","nominal","2.0NRT",304.87,8.72,"D"
"2362",47.80553,36.30345,332.46,0.54,0.42,"2026-09-09",1051,"N20","low","2.0NRT",303.52,10.23,"D"
"2363",47.7492,35.43694,334.06,0.5,0.41,"2026-09-09",1051,"N20","nominal","2.0NRT",301.42,4.67,"D"
"2364",47.7485,35.43035,336.29,0.5,0.41,"2026-09-09",1051,"N20","nominal","2.0NRT",300.73,2.78,"D"
"2365",47.98602,37.65861,339.96,0.41,0.45,"2026-09-09",1051,"N20","nominal","2.0NRT",299.47,6.15,"D"
"2366",47.9936,37.6019,333.27,0.41,0.45,"2026-09-09",1051,"N20","nominal","2.0NRT",300.59,2.48,"D"
"2367",48.07922,38.32094,351.85,0.44,0.46,"2026-09-09",1051,"N20","nominal","2.0NRT",307.9,9.91,"D"
"2368",47.99374,37.13782,333.91,0.39,0.44,"2026-09-09",1051,"N20","nominal","2.0NRT",301.95,3,"D"
"2369",47.56042,33.03012,344.82,0.42,0.38,"2026-09-09",1051,"N20","nominal","2.0NRT",317.2,37.52,"D"
"2370",47.55973,33.0246,330.89,0.42,0.38,"2026-09-09",1051,"N20","low","2.0NRT",303.57,4.41,"D"
"2371",48.01105,36.79339,345.49,0.56,0.43,"2026-09-09",1051,"N20","nominal","2.0NRT",305.2,10.66,"D"
"2372",48.01034,36.78578,335.05,0.56,0.43,"2026-09-09",1051,"N20","nominal","2.0NRT",305.37,10.66,"D"
"2373",47.93567,35.97781,336.27,0.52,0.42,"2026-09-09",1051,"N20","nominal","2.0NRT",305.59,4.06,"D"
"2374",47.93947,35.97693,336.93,0.52,0.42,"2026-09-09",1051,"N20","nominal","2.0NRT",306.22,4.06,"D"
"2375",48.11779,37.85104,330.78,0.42,0.45,"2026-09-09",1051,"N20","nominal","2.0NRT",302.43,3.71,"D"
"2376",47.89733,35.5311,333.96,0.5,0.41,"2026-09-09",1051,"N20","low","2.0NRT",304.12,2.57,"D"
"2377",47.86959,35.16543,334.72,0.49,0.4,"2026-09-09",1051,"N20","nominal","2.0NRT",301.21,4.23,"D"
"2378",47.55556,32.557,346.31,0.41,0.37,"2026-09-09",1051,"N20","nominal","2.0NRT",304.58,3.86,"D"
"2379",47.47502,31.90863,337.39,0.4,0.37,"2026-09-09",1051,"N20","nominal","2.0NRT",305.31,3.3,"D"
"2380",48.09803,37.34519,346.1,0.4,0.44,"2026-09-09",1051,"N20","nominal","2.0NRT",307.75,13.72,"D"
"2381",48.06949,36.8354,332.65,0.57,0.43,"2026-09-09",1051,"N20","low","2.0NRT",304.19,2.1,"D"
"2382",48.06609,36.66671,340.26,0.56,0.43,"2026-09-09",1051,"N20","nominal","2.0NRT",304.54,6.64,"D"
"2383",48.09742,36.74458,332.6,0.56,0.43,"2026-09-09",1051,"N20","nominal","2.0NRT",300.05,10.1,"D"
"2384",48.17465,37.56216,338.04,0.41,0.45,"2026-09-09",1051,"N20","nominal","2.0NRT",302.99,20.23,"D"
"2385",48.17513,37.56767,305.26,0.41,0.45,"2026-09-09",1051,"N20","low","2.0NRT",318.76,20.23,"D"
"2386",47.86526,34.39511,335.91,0.46,0.39,"2026-09-09",1051,"N20","nominal","2.0NRT",302.64,8.57,"D"
"2387",47.86456,34.389,347.85,0.46,0.39,"2026-09-09",1051,"N20","nominal","2.0NRT",305.07,8.57,"D"
"2388",47.86813,34.38809,345.32,0.46,0.39,"2026-09-09",1051,"N20","nominal","2.0NRT",304.04,8.57,"D"
"2389",47.87171,34.38718,339.62,0.46,0.39,"2026-09-09",1051,"N20","nominal","2.0NRT",303.14,7.59,"D"
"2390",47.87529,34.3863,345.95,0.46,0.39,"2026-09-09",1051,"N20","nominal","2.0NRT",302.89,7.59,"D"
"2391",48.18755,37.37718,341.21,0.4,0.44,"2026-09-09",1051,"N20","nominal","2.0NRT",305.14,18.6,"D"
"2392",48.18707,37.3718,350.67,0.4,0.44,"2026-09-09",1051,"N20","nominal","2.0NRT",306.38,18.6,"D"
"2393",48.1866,37.36641,338.46,0.4,0.44,"2026-09-09",1051,"N20","nominal","2.0NRT",303.95,6.77,"D"
"2394",48.16032,36.85619,332.26,0.57,0.43,"2026-09-09",1051,"N20","nominal","2.0NRT",302.72,5.89,"D"
"2395",48.16232,36.85634,333.65,0.57,0.43,"2026-09-09",1051,"N20","nominal","2.0NRT",301.63,4.27,"D"
"2396",48.27473,37.88307,341.04,0.42,0.45,"2026-09-09",1051,"N20","nominal","2.0NRT",302.38,5,"D"
"2397",48.2789,37.88234,339.73,0.42,0.45,"2026-09-09",1051,"N20","nominal","2.0NRT",301.26,5,"D"
"2398",48.27844,37.87675,330.7,0.42,0.45,"2026-09-09",1051,"N20","low","2.0NRT",303.12,5,"D"
"2399",48.26694,37.5373,348.36,0.41,0.45,"2026-09-09",1051,"N20","nominal","2.0NRT",302.83,10.04,"D"
"2400",48.13866,36.13538,347.96,0.53,0.42,"2026-09-09",1051,"N20","nominal","2.0NRT",305.65,7.39,"D"
"2401",48.13797,36.12823,341.15,0.53,0.42,"2026-09-09",1051,"N20","nominal","2.0NRT",305.64,7.39,"D"
"2402",47.91262,33.99685,332.49,0.45,0.39,"2026-09-09",1051,"N20","nominal","2.0NRT",301.07,1.4,"D"
"2403",48.24626,37.15802,356.23,0.39,0.44,"2026-09-09",1051,"N20","nominal","2.0NRT",302.2,7.09,"D"
"2404",47.86631,33.43111,331.76,0.43,0.38,"2026-09-09",1051,"N20","nominal","2.0NRT",302.64,2.77,"D"
"2405",48.20138,36.17304,343.02,0.53,0.42,"2026-09-09",1051,"N20","nominal","2.0NRT",305.73,18.69,"D"
"2406",48.19637,36.12293,337.78,0.53,0.42,"2026-09-09",1051,"N20","nominal","2.0NRT",304.48,11.51,"D"
"2407",48.19355,36.12266,334.63,0.53,0.42,"2026-09-09",1051,"N20","nominal","2.0NRT",303.98,8.08,"D"
"2408",48.20219,36.17206,339.07,0.54,0.42,"2026-09-09",1051,"N20","nominal","2.0NRT",305.98,24.13,"D"
"2409",48.1974,36.12186,333.34,0.53,0.42,"2026-09-09",1051,"N20","nominal","2.0NRT",302.39,8.08,"D"
"2410",48.35691,37.79082,335.1,0.42,0.45,"2026-09-09",1051,"N20","nominal","2.0NRT",306.08,4.15,"D"
"2411",48.37122,37.75958,333.53,0.42,0.45,"2026-09-09",1051,"N20","nominal","2.0NRT",304.7,1.99,"D"
"2412",47.05179,27.53136,352.96,0.41,0.37,"2026-09-09",1051,"N20","nominal","2.0NRT",307.64,13.59,"D"
"2413",47.05511,27.53013,343.34,0.41,0.37,"2026-09-09",1051,"N20","nominal","2.0NRT",303.17,5.19,"D"
"2414",48.41304,38.0133,334.08,0.43,0.46,"2026-09-09",1051,"N20","nominal","2.0NRT",302.43,5.93,"D"
"2415",47.57135,30.55999,339.09,0.39,0.36,"2026-09-09",1051,"N20","nominal","2.0NRT",305.81,3.42,"D"
"2416",48.23241,35.80308,343.28,0.52,0.41,"2026-09-09",1051,"N20","nominal","2.0NRT",303.98,17.75,"D"
"2417",48.23171,35.79613,352.32,0.52,0.41,"2026-09-09",1051,"N20","nominal","2.0NRT",306.4,17.75,"D"
"2418",47.41803,29.49669,332.24,0.38,0.36,"2026-09-09",1051,"N20","nominal","2.0NRT",302.31,1.51,"D"
"2419",48.41675,37.69994,337.61,0.41,0.45,"2026-09-09",1051,"N20","nominal","2.0NRT",301.94,4.99,"D"
"2420",48.43093,37.81817,336.35,0.42,0.45,"2026-09-09",1051,"N20","nominal","2.0NRT",304.56,2.68,"D"
"2421",48.4209,37.6993,340.72,0.41,0.45,"2026-09-09",1051,"N20","nominal","2.0NRT",305.11,4.99,"D"
"2422",48.4169,37.6034,333.57,0.41,0.45,"2026-09-09",1051,"N20","nominal","2.0NRT",300.78,1.58,"D"
"2423",48.39174,37.26837,330.56,0.4,0.44,"2026-09-09",1051,"N20","nominal","2.0NRT",303.86,1.11,"D"
"2424",48.10528,34.17387,333.51,0.45,0.39,"2026-09-09",1051,"N20","low","2.0NRT",304.21,8.35,"D"
"2425",48.40681,37.11153,332.27,0.39,0.44,"2026-09-09",1051,"N20","nominal","2.0NRT",300.86,1.89,"D"
"2426",48.53223,38.06236,335.56,0.43,0.46,"2026-09-09",1051,"N20","nominal","2.0NRT",306.23,2.87,"D"
"2427",48.55344,37.90456,345.73,0.42,0.45,"2026-09-09",1051,"N20","nominal","2.0NRT",303.34,8.33,"D"
"2428",48.48599,37.07996,332.75,0.39,0.44,"2026-09-09",1051,"N20","nominal","2.0NRT",300.99,2.03,"D"
"2429",48.48297,36.95723,356.3,0.39,0.44,"2026-09-09",1051,"N20","nominal","2.0NRT",301.63,7.55,"D"
"2430",48.48394,36.95824,343.1,0.39,0.44,"2026-09-09",1051,"N20","nominal","2.0NRT",299.73,4,"D"
"2431",48.59068,37.83499,330.04,0.42,0.45,"2026-09-09",1051,"N20","nominal","2.0NRT",301.14,1.39,"D"
"2432",48.54995,37.34317,336.5,0.4,0.44,"2026-09-09",1051,"N20","nominal","2.0NRT",301.39,2.32,"D"
"2433",48.59161,37.74243,340.1,0.42,0.45,"2026-09-09",1051,"N20","nominal","2.0NRT",303.86,2.8,"D"
"2434",48.58512,37.61261,340.04,0.41,0.45,"2026-09-09",1051,"N20","nominal","2.0NRT",301.25,3,"D"
"2435",48.63226,37.98169,330.27,0.43,0.46,"2026-09-09",1051,"N20","nominal","2.0NRT",304,2.36,"D"
"2436",48.63647,37.98095,333.37,0.43,0.46,"2026-09-09",1051,"N20","nominal","2.0NRT",302.6,1.88,"D"
"2437",48.62527,37.44547,330.81,0.41,0.45,"2026-09-09",1051,"N20","nominal","2.0NRT",299.2,2.5,"D"
"2438",48.62479,37.43989,336.68,0.41,0.45,"2026-09-09",1051,"N20","nominal","2.0NRT",301.03,2.72,"D"
"2439",48.66331,37.74139,335.35,0.42,0.45,"2026-09-09",1051,"N20","nominal","2.0NRT",303.13,1.61,"D"
"2440",48.66437,37.73976,336.69,0.42,0.45,"2026-09-09",1051,"N20","nominal","2.0NRT",304.1,3.54,"D"
"2441",48.59008,36.85526,339.89,0.38,0.43,"2026-09-09",1051,"N20","nominal","2.0NRT",303.03,5.32,"D"
"2442",47.76698,29.95204,331.48,0.38,0.36,"2026-09-09",1051,"N20","nominal","2.0NRT",302.19,1.46,"D"
"2443",48.699,38.01658,341.94,0.43,0.46,"2026-09-09",1051,"N20","nominal","2.0NRT",304.63,3.33,"D"
"2444",48.73088,38.04109,340.41,0.43,0.46,"2026-09-09",1051,"N20","nominal","2.0NRT",300.86,11.19,"D"
"2445",48.67928,37.41166,343.22,0.41,0.45,"2026-09-09",1051,"N20","nominal","2.0NRT",300.33,4.77,"D"
"2446",48.67881,37.4062,340.67,0.41,0.45,"2026-09-09",1051,"N20","nominal","2.0NRT",300.82,4.77,"D"
"2447",48.7351,38.04037,354.71,0.43,0.46,"2026-09-09",1051,"N20","nominal","2.0NRT",303.92,11.19,"D"
"2448",48.68291,37.40547,339.6,0.41,0.45,"2026-09-09",1051,"N20","nominal","2.0NRT",299.19,4.77,"D"
"2449",47.7772,29.7521,332.21,0.38,0.36,"2026-09-09",1051,"N20","low","2.0NRT",305.27,2.71,"D"
"2450",47.78045,29.75098,330.13,0.38,0.36,"2026-09-09",1051,"N20","low","2.0NRT",301.9,2.71,"D"
"2451",48.79788,38.57067,353,0.46,0.47,"2026-09-09",1051,"N20","nominal","2.0NRT",301.34,10.19,"D"
"2452",48.80224,38.57021,346.41,0.46,0.47,"2026-09-09",1051,"N20","nominal","2.0NRT",302.07,10.19,"D"
"2453",48.81044,38.56273,349.76,0.46,0.47,"2026-09-09",1051,"N20","nominal","2.0NRT",302.43,11.62,"D"
"2454",49.12067,42.08954,336.59,0.33,0.55,"2026-09-09",1051,"N20","nominal","2.0NRT",292.67,1.31,"D"
"2455",48.86713,38.03803,336.65,0.43,0.46,"2026-09-09",1051,"N20","nominal","2.0NRT",308.96,3.86,"D"
"2456",48.85037,37.77976,339.91,0.42,0.45,"2026-09-09",1051,"N20","nominal","2.0NRT",299.38,2.52,"D"
"2457",48.87632,37.36396,331.74,0.41,0.45,"2026-09-09",1051,"N20","nominal","2.0NRT",304.1,2.35,"D"
"2458",48.99119,38.09423,338.65,0.44,0.46,"2026-09-09",1051,"N20","nominal","2.0NRT",306.01,2.93,"D"
"2459",49.00657,38.01854,335.16,0.43,0.46,"2026-09-09",1051,"N20","nominal","2.0NRT",302.62,3.22,"D"
"2460",49.00563,38.01668,339.81,0.43,0.46,"2026-09-09",1051,"N20","nominal","2.0NRT",302.39,3.14,"D"
"2461",49.01319,37.57644,339.15,0.42,0.45,"2026-09-09",1051,"N20","nominal","2.0NRT",298.23,11.44,"D"
"2462",49.01274,37.5709,333.74,0.42,0.45,"2026-09-09",1051,"N20","low","2.0NRT",307.88,11.44,"D"
"2463",49.01688,37.57006,353.31,0.42,0.45,"2026-09-09",1051,"N20","nominal","2.0NRT",307.44,11.44,"D"
"2464",49.02102,37.56929,340,0.42,0.45,"2026-09-09",1051,"N20","nominal","2.0NRT",299.63,3.36,"D"
"2465",48.05453,29.33392,332.79,0.38,0.36,"2026-09-09",1051,"N20","nominal","2.0NRT",302.24,4.22,"D"
"2466",48.68513,33.88379,336.17,0.45,0.39,"2026-09-09",1051,"N20","nominal","2.0NRT",302.18,4,"D"
"2467",49.15332,38.04833,340.01,0.44,0.46,"2026-09-09",1051,"N20","nominal","2.0NRT",303.62,6.67,"D"
"2468",49.16682,37.83981,330.85,0.43,0.46,"2026-09-09",1051,"N20","nominal","2.0NRT",299.74,3.42,"D"
"2469",49.25709,38.12627,337.22,0.44,0.46,"2026-09-09",1051,"N20","nominal","2.0NRT",298.92,5.34,"D"
"2470",49.26419,37.57185,337.18,0.42,0.45,"2026-09-09",1051,"N20","nominal","2.0NRT",300.09,5.31,"D"
"2471",49.29039,37.83919,331.06,0.43,0.46,"2026-09-09",1051,"N20","nominal","2.0NRT",301.13,1.52,"D"
"2472",49.26884,37.57696,339.45,0.42,0.45,"2026-09-09",1051,"N20","nominal","2.0NRT",303.98,19.7,"D"
"2473",49.25462,37.3586,341.55,0.41,0.45,"2026-09-09",1051,"N20","nominal","2.0NRT",302.7,7.01,"D"
"2474",49.25414,37.35303,332.41,0.41,0.45,"2026-09-09",1051,"N20","nominal","2.0NRT",301.74,4.15,"D"
"2475",49.24884,37.29125,333.93,0.41,0.45,"2026-09-09",1051,"N20","nominal","2.0NRT",300.89,2.56,"D"
"2476",49.2568,37.3353,340.43,0.41,0.45,"2026-09-09",1051,"N20","nominal","2.0NRT",302.05,2.72,"D"
"2477",49.59071,42.51204,329.07,0.35,0.57,"2026-09-09",1051,"N20","nominal","2.0NRT",289.82,1.28,"D"
"2478",49.31291,37.85321,342.28,0.43,0.46,"2026-09-09",1051,"N20","nominal","2.0NRT",299.69,3.72,"D"
"2479",48.16422,28.50184,333.08,0.39,0.36,"2026-09-09",1051,"N20","nominal","2.0NRT",302.88,3.76,"D"
"2480",49.31261,37.85198,340.55,0.43,0.46,"2026-09-09",1051,"N20","nominal","2.0NRT",300.12,2.13,"D"
"2481",49.59038,42.50994,338.49,0.35,0.57,"2026-09-09",1051,"N20","nominal","2.0NRT",291.87,3.34,"D"
"2482",48.38591,29.67683,332.26,0.38,0.36,"2026-09-09",1051,"N20","nominal","2.0NRT",306.15,13.95,"D"
"2483",49.34108,37.56776,356.12,0.42,0.45,"2026-09-09",1051,"N20","nominal","2.0NRT",306.85,13.89,"D"
"2484",49.39981,37.87264,340.64,0.43,0.46,"2026-09-09",1051,"N20","nominal","2.0NRT",300.84,4.23,"D"
"2485",49.44299,37.99751,337.05,0.44,0.46,"2026-09-09",1051,"N20","nominal","2.0NRT",304.87,4.51,"D"
"2486",49.42878,37.75715,352.28,0.43,0.46,"2026-09-09",1051,"N20","nominal","2.0NRT",301.51,5.61,"D"
"2487",49.43298,37.75632,331.29,0.43,0.46,"2026-09-09",1051,"N20","nominal","2.0NRT",300.36,5.61,"D"
"2488",49.52161,38.12106,339.96,0.44,0.46,"2026-09-09",1051,"N20","nominal","2.0NRT",302.37,6.37,"D"
"2489",49.5269,37.59434,335.07,0.42,0.45,"2026-09-09",1051,"N20","nominal","2.0NRT",299.29,4.67,"D"
"2490",49.69705,37.75209,340.89,0.43,0.46,"2026-09-09",1051,"N20","nominal","2.0NRT",302.91,3.12,"D"
"2491",49.6982,37.50502,339.53,0.42,0.45,"2026-09-09",1051,"N20","nominal","2.0NRT",300.33,2.18,"D"
"2492",49.73772,37.88529,333.36,0.44,0.46,"2026-09-09",1051,"N20","nominal","2.0NRT",299.23,3.52,"D"
"2493",48.66053,28.8689,343.67,0.39,0.36,"2026-09-09",1051,"N20","nominal","2.0NRT",303.57,2.42,"D"
"2494",49.73674,37.88438,335.88,0.44,0.46,"2026-09-09",1051,"N20","nominal","2.0NRT",300.29,3.17,"D"
"2495",49.77826,37.80949,330.84,0.43,0.46,"2026-09-09",1051,"N20","nominal","2.0NRT",299.81,1.9,"D"
"2496",49.82418,37.73998,338.29,0.43,0.46,"2026-09-09",1051,"N20","nominal","2.0NRT",303.86,4.5,"D"
"2497",49.82273,37.72199,342.66,0.43,0.46,"2026-09-09",1051,"N20","nominal","2.0NRT",302.66,4.44,"D"
"2498",49.82695,37.72131,332.77,0.43,0.46,"2026-09-09",1051,"N20","nominal","2.0NRT",300.44,4.44,"D"
"2499",49.96972,37.86505,330.99,0.44,0.46,"2026-09-09",1051,"N20","nominal","2.0NRT",296.54,2.19,"D"
"2500",50.27738,42.786,367,0.36,0.58,"2026-09-09",1051,"N20","high","2.0NRT",294.94,7.61,"D"
"2501",50.2772,42.7809,325.94,0.36,0.58,"2026-09-09",1051,"N20","nominal","2.0NRT",294.47,4.41,"D"
"2502",50.13744,37.55087,328.98,0.43,0.46,"2026-09-09",1051,"N20","nominal","2.0NRT",303.03,2.73,"D"
"2503",48.88806,26.89839,336.58,0.4,0.37,"2026-09-09",1051,"N20","nominal","2.0NRT",302.15,1.74,"D"
"2504",48.89136,26.89706,335.49,0.4,0.37,"2026-09-09",1051,"N20","nominal","2.0NRT",302.53,1.74,"D"
"2505",48.89288,26.89993,330.28,0.4,0.37,"2026-09-09",1051,"N20","nominal","2.0NRT",299.28,1.21,"D"
"2506",50.21313,37.10413,332.63,0.41,0.45,"2026-09-09",1051,"N20","nominal","2.0NRT",296.3,3.06,"D"
"2507",50.23631,37.34309,332.31,0.42,0.45,"2026-09-09",1051,"N20","nominal","2.0NRT",297.21,5.68,"D"
"2508",50.23584,37.33723,342.05,0.42,0.45,"2026-09-09",1051,"N20","nominal","2.0NRT",303.8,5.68,"D"
"2509",50.24,37.33631,350.18,0.42,0.45,"2026-09-09",1051,"N20","nominal","2.0NRT",299.67,6.64,"D"
"2510",50.21795,36.71163,333.05,0.39,0.44,"2026-09-09",1051,"N20","nominal","2.0NRT",298.54,1.67,"D"
"2511",50.22842,36.73778,340.39,0.4,0.44,"2026-09-09",1051,"N20","nominal","2.0NRT",302.47,12.31,"D"
"2512",50.29628,37.14724,348.02,0.41,0.45,"2026-09-09",1051,"N20","nominal","2.0NRT",298.93,5.24,"D"
"2513",50.29919,36.50792,338.56,0.39,0.44,"2026-09-09",1051,"N20","nominal","2.0NRT",293.17,5.91,"D"
"2514",50.29871,36.50247,339.62,0.39,0.44,"2026-09-09",1051,"N20","nominal","2.0NRT",299.48,9.27,"D"
"2515",50.30272,36.50159,367,0.39,0.44,"2026-09-09",1051,"N20","high","2.0NRT",298.36,7.41,"D"
"2516",50.41045,37.66366,336.3,0.43,0.46,"2026-09-09",1051,"N20","nominal","2.0NRT",299.63,6.18,"D"
"2517",50.40998,37.65757,347.52,0.43,0.46,"2026-09-09",1051,"N20","nominal","2.0NRT",301.41,7.39,"D"
"2518",50.36839,36.93205,328.96,0.4,0.45,"2026-09-09",1051,"N20","nominal","2.0NRT",298.07,2.82,"D"
"2519",50.37585,36.87284,339.68,0.4,0.44,"2026-09-09",1051,"N20","nominal","2.0NRT",299.53,12.83,"D"
"2520",50.37536,36.86716,332.74,0.4,0.44,"2026-09-09",1051,"N20","nominal","2.0NRT",301.1,12.83,"D"
"2521",50.35451,35.71291,338.21,0.54,0.42,"2026-09-09",1051,"N20","nominal","2.0NRT",286.81,11.5,"D"
"2522",49.27793,27.43592,344.41,0.39,0.36,"2026-09-09",1051,"N20","nominal","2.0NRT",300.94,2.79,"D"
"2523",50.45971,36.26842,330.14,0.57,0.43,"2026-09-09",1051,"N20","nominal","2.0NRT",297.36,2.62,"D"
"2524",50.46971,36.15147,327.77,0.57,0.43,"2026-09-09",1051,"N20","nominal","2.0NRT",297.76,4.13,"D"
"2525",50.13661,30.65675,333.38,0.39,0.37,"2026-09-09",1051,"N20","nominal","2.0NRT",297.11,2.67,"D"
"2526",50.76569,35.82621,326.21,0.56,0.43,"2026-09-09",1051,"N20","low","2.0NRT",300.22,5.88,"D"
"2527",50.85241,35.47364,330.61,0.54,0.42,"2026-09-09",1051,"N20","nominal","2.0NRT",295.15,3.55,"D"
"2528",51.09705,38.01431,333.76,0.46,0.47,"2026-09-09",1051,"N20","nominal","2.0NRT",300.84,2.22,"D"
"2529",49.80683,26.81707,346.49,0.4,0.37,"2026-09-09",1051,"N20","nominal","2.0NRT",300.87,7.96,"D"
"2530",51.30408,39.70462,326.16,0.54,0.51,"2026-09-09",1051,"N20","low","2.0NRT",296.82,3.24,"D"
"2531",50.9896,35.45607,327.07,0.54,0.42,"2026-09-09",1051,"N20","nominal","2.0NRT",295.62,3.27,"D"
"2532",50.44356,30.68449,330.08,0.4,0.37,"2026-09-09",1051,"N20","nominal","2.0NRT",300.66,2.94,"D"
"2533",51.00833,35.24119,329.78,0.53,0.42,"2026-09-09",1051,"N20","nominal","2.0NRT",296.85,2.19,"D"
"2534",50.59306,31.32417,345.26,0.41,0.37,"2026-09-09",1051,"N20","nominal","2.0NRT",305.98,7.28,"D"
"2535",50.59716,31.32878,353.67,0.41,0.37,"2026-09-09",1051,"N20","nominal","2.0NRT",302.38,10.67,"D"
"2536",50.59642,31.32309,347.16,0.41,0.37,"2026-09-09",1051,"N20","nominal","2.0NRT",301.41,6.39,"D"
"2537",51.2566,37.76361,330.5,0.45,0.47,"2026-09-09",1051,"N20","nominal","2.0NRT",302.59,3.75,"D"
"2538",51.0647,35.28256,331.24,0.53,0.42,"2026-09-09",1051,"N20","nominal","2.0NRT",293.64,3.27,"D"
"2539",51.04724,35.10076,332.1,0.53,0.42,"2026-09-09",1051,"N20","nominal","2.0NRT",294.43,5.54,"D"
"2540",51.04651,35.09326,330.3,0.53,0.42,"2026-09-09",1051,"N20","nominal","2.0NRT",295.64,5.54,"D"
"2541",51.08965,35.50511,330.12,0.54,0.42,"2026-09-09",1051,"N20","nominal","2.0NRT",295.13,2.86,"D"
"2542",51.07363,35.33502,326.68,0.54,0.42,"2026-09-09",1051,"N20","nominal","2.0NRT",294.56,3,"D"
"2543",51.05105,35.09978,336.21,0.53,0.42,"2026-09-09",1051,"N20","nominal","2.0NRT",296.72,5.54,"D"
"2544",51.05671,34.76498,329.38,0.51,0.41,"2026-09-09",1051,"N20","nominal","2.0NRT",295.99,1.98,"D"
"2545",51.13869,35.26448,345.73,0.53,0.42,"2026-09-09",1051,"N20","nominal","2.0NRT",300.42,17.86,"D"
"2546",51.14254,35.26363,346.12,0.53,0.42,"2026-09-09",1051,"N20","nominal","2.0NRT",296.45,17.86,"D"
"2547",51.14139,34.88642,338.89,0.52,0.41,"2026-09-09",1051,"N20","nominal","2.0NRT",296.75,6.29,"D"
"2548",51.13483,34.82009,330.79,0.51,0.41,"2026-09-09",1051,"N20","nominal","2.0NRT",298.37,3.63,"D"
"2549",51.1547,34.98216,333.87,0.52,0.42,"2026-09-09",1051,"N20","nominal","2.0NRT",298.35,5.84,"D"
"2550",51.15397,34.97473,331.85,0.52,0.42,"2026-09-09",1051,"N20","nominal","2.0NRT",297.02,4.23,"D"
"2551",51.14519,34.88549,332.07,0.52,0.41,"2026-09-09",1051,"N20","nominal","2.0NRT",296.68,6.29,"D"
"2552",51.14446,34.87814,335.23,0.52,0.41,"2026-09-09",1051,"N20","nominal","2.0NRT",297.6,6.29,"D"
"2553",51.20269,35.23383,335.16,0.53,0.42,"2026-09-09",1051,"N20","nominal","2.0NRT",294.9,5.34,"D"
"2554",51.19639,35.04879,330.63,0.53,0.42,"2026-09-09",1051,"N20","nominal","2.0NRT",296.42,4.22,"D"
"2555",49.99773,26.19674,333.77,0.41,0.37,"2026-09-09",1051,"N20","nominal","2.0NRT",306.25,4.03,"D"
"2556",51.21535,34.86113,330.43,0.52,0.41,"2026-09-09",1051,"N20","nominal","2.0NRT",295.78,2.77,"D"
"2557",51.28045,35.12997,330.99,0.53,0.42,"2026-09-09",1051,"N20","nominal","2.0NRT",293.59,3.83,"D"
"2558",51.27972,35.12236,326.25,0.53,0.42,"2026-09-09",1051,"N20","nominal","2.0NRT",295.33,3.57,"D"
"2559",50.6991,30.04457,335.58,0.39,0.36,"2026-09-09",1051,"N20","nominal","2.0NRT",305.74,2.87,"D"
"2560",51.25693,34.54311,335.87,0.5,0.41,"2026-09-09",1051,"N20","nominal","2.0NRT",295.71,3.85,"D"
"2561",51.25673,34.5425,336.37,0.51,0.41,"2026-09-09",1051,"N20","nominal","2.0NRT",295.54,4.89,"D"
"2562",51.37241,34.43069,333.45,0.5,0.41,"2026-09-09",1051,"N20","nominal","2.0NRT",294.76,4.34,"D"
"2563",51.68071,34.44036,333.7,0.51,0.41,"2026-09-09",1051,"N20","nominal","2.0NRT",296.21,4.86,"D"
"2564",51.68032,34.43976,332.26,0.51,0.41,"2026-09-09",1051,"N20","nominal","2.0NRT",296.12,4.92,"D"
"2565",51.66475,34.20589,329.04,0.5,0.41,"2026-09-09",1051,"N20","nominal","2.0NRT",294.4,3.57,"D"
"2566",51.35007,31.09951,339.06,0.41,0.37,"2026-09-09",1051,"N20","nominal","2.0NRT",300.93,4.09,"D"
"2567",51.34932,31.0937,328.65,0.41,0.37,"2026-09-09",1051,"N20","nominal","2.0NRT",299.85,1.4,"D"
"2568",51.787,34.35252,327.57,0.5,0.41,"2026-09-09",1053,"N20","nominal","2.0NRT",295.53,4.81,"D"
"2569",51.78628,34.34521,328.22,0.5,0.41,"2026-09-09",1053,"N20","nominal","2.0NRT",296.27,4.81,"D"
"2570",51.78556,34.33794,330.73,0.5,0.41,"2026-09-09",1053,"N20","nominal","2.0NRT",295.58,5.01,"D"
"2571",51.78484,34.33065,334.74,0.5,0.41,"2026-09-09",1053,"N20","nominal","2.0NRT",295.83,5.01,"D"
"2572",51.79002,34.34425,335.74,0.5,0.41,"2026-09-09",1053,"N20","nominal","2.0NRT",299.16,4.81,"D"
"2573",50.77094,26.64737,340.43,0.39,0.37,"2026-09-09",1053,"N20","nominal","2.0NRT",302.74,4.91,"D"
"2574",51.87912,34.77971,344.77,0.52,0.42,"2026-09-09",1053,"N20","nominal","2.0NRT",296.17,10.51,"D"
"2575",51.88437,34.40259,328.65,0.51,0.41,"2026-09-09",1053,"N20","nominal","2.0NRT",296.14,2.6,"D"
"2576",51.88887,34.40898,328.54,0.51,0.41,"2026-09-09",1053,"N20","nominal","2.0NRT",298.21,5.06,"D"
"2577",51.88812,34.40161,332.08,0.51,0.41,"2026-09-09",1053,"N20","nominal","2.0NRT",297.52,2.6,"D"
"2578",51.88822,34.40733,339.47,0.51,0.41,"2026-09-09",1053,"N20","nominal","2.0NRT",299.33,10.58,"D"
"2579",51.66146,31.39656,332.5,0.42,0.37,"2026-09-09",1053,"N20","nominal","2.0NRT",300.86,3.22,"D"
"2580",52.18248,35.98055,330.01,0.39,0.44,"2026-09-09",1053,"N20","nominal","2.0NRT",297.4,1.5,"D"
"2581",52.23088,36.1639,339.55,0.4,0.44,"2026-09-09",1053,"N20","nominal","2.0NRT",295.55,5.43,"D"
"2582",52.2304,36.1581,326.1,0.4,0.44,"2026-09-09",1053,"N20","nominal","2.0NRT",294,5.43,"D"
"2583",52.07951,33.90123,345.87,0.49,0.4,"2026-09-09",1053,"N20","nominal","2.0NRT",297.81,8.49,"D"
"2584",52.08394,33.90738,342.14,0.49,0.4,"2026-09-09",1053,"N20","nominal","2.0NRT",298.24,8.49,"D"
"2585",52.08764,33.90639,325.58,0.49,0.4,"2026-09-09",1053,"N20","nominal","2.0NRT",294.68,3.78,"D"
"2586",52.53515,39.63371,337.08,0.55,0.51,"2026-09-09",1053,"N20","nominal","2.0NRT",298.23,6.13,"D"
"2587",52.54506,39.64068,344.1,0.55,0.51,"2026-09-09",1053,"N20","nominal","2.0NRT",299.55,9.7,"D"
"2588",52.55098,39.57352,342.85,0.55,0.51,"2026-09-09",1053,"N20","nominal","2.0NRT",299.23,7.21,"D"
"2589",52.55571,39.57298,334.23,0.55,0.51,"2026-09-09",1053,"N20","nominal","2.0NRT",304.51,3.71,"D"
"2590",52.16255,34.04203,331.04,0.5,0.41,"2026-09-09",1053,"N20","nominal","2.0NRT",295.41,4.12,"D"
"2591",52.03822,31.81461,348.58,0.43,0.38,"2026-09-09",1053,"N20","nominal","2.0NRT",302.75,10.18,"D"
"2592",52.04167,31.81351,348.8,0.43,0.38,"2026-09-09",1053,"N20","nominal","2.0NRT",305.4,57.47,"D"
"2593",52.09887,31.93151,332.3,0.43,0.38,"2026-09-09",1053,"N20","nominal","2.0NRT",298.84,3.89,"D"
"2594",52.10957,31.96068,328.61,0.43,0.38,"2026-09-09",1053,"N20","nominal","2.0NRT",297.8,2.9,"D"
"2595",52.25665,33.01317,335.11,0.46,0.39,"2026-09-09",1053,"N20","nominal","2.0NRT",299.23,3.27,"D"
"2596",52.17279,32.00394,331.05,0.43,0.38,"2026-09-09",1053,"N20","nominal","2.0NRT",297.63,3.15,"D"
"2597",52.25672,32.63912,330.87,0.45,0.39,"2026-09-09",1053,"N20","nominal","2.0NRT",300.3,2.94,"D"
"2598",52.26101,32.64464,338.3,0.45,0.39,"2026-09-09",1053,"N20","nominal","2.0NRT",302.36,11.33,"D"
"2599",52.26027,32.63805,342.7,0.45,0.39,"2026-09-09",1053,"N20","nominal","2.0NRT",302,11.33,"D"
"2600",52.26455,32.64357,353.69,0.45,0.39,"2026-09-09",1053,"N20","nominal","2.0NRT",307.25,11.33,"D"
"2601",52.26381,32.63698,329.96,0.45,0.39,"2026-09-09",1053,"N20","nominal","2.0NRT",302.86,11.33,"D"
"2602",52.33398,33.00292,331.19,0.46,0.39,"2026-09-09",1053,"N20","nominal","2.0NRT",297.49,3.15,"D"
"2603",52.29591,32.66153,326.6,0.45,0.39,"2026-09-09",1053,"N20","low","2.0NRT",296.75,2.09,"D"
"2604",52.33758,33.00188,327.8,0.46,0.39,"2026-09-09",1053,"N20","nominal","2.0NRT",296.76,2.67,"D"
"2605",52.29947,32.66048,331.25,0.45,0.39,"2026-09-09",1053,"N20","nominal","2.0NRT",297.71,2.48,"D"
"2606",52.32436,32.78344,350.7,0.46,0.39,"2026-09-09",1053,"N20","nominal","2.0NRT",297.69,5.42,"D"
"2607",52.32792,32.78238,329.11,0.46,0.39,"2026-09-09",1053,"N20","nominal","2.0NRT",296.43,3.84,"D"
"2608",52.32717,32.77571,330.6,0.46,0.39,"2026-09-09",1053,"N20","nominal","2.0NRT",296.16,2.71,"D"
"2609",51.89132,29.34233,337.43,0.39,0.36,"2026-09-09",1053,"N20","nominal","2.0NRT",305.48,8.68,"D"
"2610",52.32867,32.5631,338.37,0.45,0.39,"2026-09-09",1053,"N20","nominal","2.0NRT",297.47,2.58,"D"
"2611",52.33372,32.57518,331.89,0.45,0.39,"2026-09-09",1053,"N20","nominal","2.0NRT",298.4,5.35,"D"
"2612",52.33297,32.56861,351.27,0.45,0.39,"2026-09-09",1053,"N20","nominal","2.0NRT",303.59,8.1,"D"
"2613",52.33221,32.56204,345.96,0.45,0.39,"2026-09-09",1053,"N20","nominal","2.0NRT",304.49,8.1,"D"
"2614",52.33727,32.57412,331.15,0.45,0.39,"2026-09-09",1053,"N20","nominal","2.0NRT",296.38,5.35,"D"
"2615",52.33651,32.56754,329.98,0.45,0.39,"2026-09-09",1053,"N20","low","2.0NRT",304.3,8.1,"D"
"2616",52.33929,32.55991,344.64,0.45,0.39,"2026-09-09",1053,"N20","nominal","2.0NRT",300.17,6.99,"D"
"2617",52.33747,32.55922,347.94,0.45,0.39,"2026-09-09",1053,"N20","nominal","2.0NRT",302.06,6.64,"D"
"2618",52.3765,32.71171,337.68,0.46,0.39,"2026-09-09",1053,"N20","nominal","2.0NRT",299.28,7.17,"D"
"2619",52.35367,32.41183,331.77,0.45,0.39,"2026-09-09",1053,"N20","nominal","2.0NRT",297.3,3.94,"D"
"2620",52.35292,32.4053,347.51,0.45,0.39,"2026-09-09",1053,"N20","nominal","2.0NRT",300.45,6.85,"D"
"2621",52.35719,32.41075,335.66,0.45,0.39,"2026-09-09",1053,"N20","nominal","2.0NRT",298.66,5.25,"D"
"2622",52.35645,32.40422,351.03,0.45,0.39,"2026-09-09",1053,"N20","nominal","2.0NRT",300.79,8.66,"D"
"2623",52.53275,33.04968,346.75,0.47,0.4,"2026-09-09",1053,"N20","nominal","2.0NRT",298.66,5.83,"D"
"2624",52.53711,33.05555,327.01,0.47,0.4,"2026-09-09",1053,"N20","nominal","2.0NRT",295.75,1.5,"D"
"2625",52.87143,31.9551,332.41,0.44,0.38,"2026-09-09",1053,"N20","nominal","2.0NRT",291.75,2.92,"D"
"2626",53.60961,37.93266,350,0.48,0.48,"2026-09-09",1053,"N20","nominal","2.0NRT",292.33,7.82,"D"
"2627",53.33468,34.27935,329.33,0.52,0.42,"2026-09-09",1053,"N20","nominal","2.0NRT",297.17,12.21,"D"
"2628",53.6568,37.30906,345.51,0.46,0.47,"2026-09-09",1053,"N20","nominal","2.0NRT",294.32,6.59,"D"
"2629",53.66113,37.30834,341.72,0.46,0.47,"2026-09-09",1053,"N20","nominal","2.0NRT",293.27,5.36,"D"
"2630",53.44368,34.42099,328.48,0.53,0.42,"2026-09-09",1053,"N20","nominal","2.0NRT",295.71,2.42,"D"
"2631",54.08569,38.18263,330.48,0.5,0.49,"2026-09-09",1053,"N20","nominal","2.0NRT",295.83,5.72,"D"
"2632",54.16664,37.71913,325.43,0.48,0.48,"2026-09-09",1053,"N20","nominal","2.0NRT",293.63,1.91,"D"
"2633",10.28041,32.54173,333.37,0.62,0.54,"2026-09-09",1041,"N20","nominal","2.0NRT",292.61,4.96,"D"
"2634",10.22485,32.23622,342.69,0.33,0.55,"2026-09-09",1041,"N20","nominal","2.0NRT",285.65,5.74,"D"
"2635",15.59444,49.13032,344.22,0.39,0.59,"2026-09-09",1041,"N20","nominal","2.0NRT",299.72,4.26,"D"
"2636",14.52994,31.53667,344.43,0.61,0.54,"2026-09-09",1043,"N20","nominal","2.0NRT",306.5,29.14,"D"
"2637",14.52887,31.53111,345.33,0.61,0.54,"2026-09-09",1043,"N20","nominal","2.0NRT",309.95,32.88,"D"
"2638",16.91776,42.78764,339.8,0.48,0.4,"2026-09-09",1043,"N20","nominal","2.0NRT",305.71,9.79,"D"
"2639",15.64509,32.55429,348.18,0.5,0.49,"2026-09-09",1043,"N20","nominal","2.0NRT",310.88,16.1,"D"
"2640",17.57581,42.66314,340.14,0.49,0.4,"2026-09-09",1043,"N20","nominal","2.0NRT",304.1,7.52,"D"
"2641",18.38133,37.86378,349.55,0.39,0.36,"2026-09-09",1043,"N20","nominal","2.0NRT",317.87,3.41,"D"
"2642",24.15472,49.07024,341.25,0.49,0.65,"2026-09-09",1045,"N20","nominal","2.0NRT",310.22,12.36,"D"
"2643",23.07915,39.29696,348.35,0.4,0.37,"2026-09-09",1045,"N20","nominal","2.0NRT",315.89,5.38,"D"
"2644",24.35405,48.36198,340.72,0.44,0.62,"2026-09-09",1045,"N20","low","2.0NRT",312.05,17.01,"D"
"2645",24.35366,48.35756,356.53,0.44,0.62,"2026-09-09",1045,"N20","low","2.0NRT",314.07,20.26,"D"
"2646",24.92451,51.56761,345.09,0.71,0.75,"2026-09-09",1045,"N20","nominal","2.0NRT",303.94,5.75,"D"
"2647",24.70429,47.53334,339.39,0.39,0.6,"2026-09-09",1045,"N20","low","2.0NRT",311.24,8.78,"D"
"2648",24.87349,49.23416,338.73,0.51,0.66,"2026-09-09",1045,"N20","low","2.0NRT",309.2,0.81,"D"
"2649",25.34173,50.21001,340.76,0.59,0.7,"2026-09-09",1045,"N20","nominal","2.0NRT",310.7,3.1,"D"
"2650",25.3418,50.20721,342.12,0.59,0.7,"2026-09-09",1045,"N20","nominal","2.0NRT",310.12,4.74,"D"
"2651",23.38206,32.96289,340.38,0.53,0.42,"2026-09-09",1045,"N20","nominal","2.0NRT",309.81,6.57,"D"
"2652",23.38583,32.96208,339.18,0.53,0.42,"2026-09-09",1045,"N20","nominal","2.0NRT",305.6,6.57,"D"
"2653",23.38468,32.95965,347.32,0.53,0.42,"2026-09-09",1045,"N20","nominal","2.0NRT",307.04,10.75,"D"
"2654",26.03147,50.56666,335.59,0.63,0.72,"2026-09-09",1045,"N20","low","2.0NRT",306.86,3.05,"D"
"2655",26.68318,50.118,333.96,0.6,0.7,"2026-09-09",1045,"N20","low","2.0NRT",307.63,10.37,"D"
"2656",26.69463,50.09274,367,0.6,0.7,"2026-09-09",1045,"N20","high","2.0NRT",312.04,21.44,"D"
"2657",26.69447,50.09199,367,0.6,0.7,"2026-09-09",1045,"N20","high","2.0NRT",311.88,15.79,"D"
"2658",27.81392,48.86483,367,0.51,0.66,"2026-09-09",1045,"N20","high","2.0NRT",304.51,17.59,"D"
"2659",27.79793,48.62606,367,0.5,0.65,"2026-09-09",1045,"N20","high","2.0NRT",306.8,11.65,"D"
"2660",27.79827,48.6311,337.29,0.5,0.66,"2026-09-09",1045,"N20","nominal","2.0NRT",305.99,11.65,"D"
"2661",27.79861,48.63614,356.36,0.5,0.66,"2026-09-09",1045,"N20","low","2.0NRT",306.49,14.03,"D"
"2662",27.8161,48.62469,342.88,0.5,0.65,"2026-09-09",1045,"N20","nominal","2.0NRT",305.58,7.29,"D"
"2663",27.81646,48.62983,356.44,0.5,0.66,"2026-09-09",1045,"N20","low","2.0NRT",305.24,7.29,"D"
"2664",28.4951,49.71887,367,0.59,0.7,"2026-09-09",1045,"N20","high","2.0NRT",299.28,29.21,"D"
"2665",28.49475,49.71279,353.12,0.59,0.7,"2026-09-09",1045,"N20","nominal","2.0NRT",298.58,29.21,"D"
"2666",28.51675,49.53658,341.4,0.57,0.69,"2026-09-09",1045,"N20","nominal","2.0NRT",298.53,5,"D"
"2667",28.45312,47.87602,338.43,0.45,0.63,"2026-09-09",1045,"N20","low","2.0NRT",311.09,1.19,"D"
"2668",29.00578,47.74883,345.92,0.45,0.63,"2026-09-09",1045,"N20","nominal","2.0NRT",310.88,2.78,"D"
"2669",29.00545,47.7441,343.71,0.45,0.63,"2026-09-09",1045,"N20","nominal","2.0NRT",311.5,2.78,"D"
"2670",29.50878,51.26249,342.22,0.74,0.76,"2026-09-09",1045,"N20","nominal","2.0NRT",309.37,7.33,"D"
"2671",27.19127,30.98779,345.74,0.39,0.44,"2026-09-09",1045,"N20","nominal","2.0NRT",315.63,7.09,"D"
"2672",29.81372,51.29157,342.12,0.75,0.77,"2026-09-09",1045,"N20","nominal","2.0NRT",307.27,12.79,"D"
"2673",26.92811,28.38091,341.55,0.56,0.51,"2026-09-09",1045,"N20","low","2.0NRT",313.05,3.76,"D"
"2674",29.83498,51.2891,349.41,0.75,0.77,"2026-09-09",1045,"N20","nominal","2.0NRT",305.24,10.88,"D"
"2675",29.88259,51.23682,336.91,0.75,0.77,"2026-09-09",1045,"N20","nominal","2.0NRT",306.24,3.82,"D"
"2676",29.83898,51.28903,352.24,0.75,0.77,"2026-09-09",1045,"N20","nominal","2.0NRT",305.22,10.87,"D"
"2677",29.88682,51.23567,337.54,0.75,0.77,"2026-09-09",1045,"N20","nominal","2.0NRT",306.67,11.04,"D"
"2678",29.88665,51.23106,350.71,0.75,0.77,"2026-09-09",1045,"N20","nominal","2.0NRT",307.81,11.04,"D"
"2679",29.88647,51.22619,349.94,0.75,0.77,"2026-09-09",1045,"N20","nominal","2.0NRT",308.56,14.49,"D"
"2680",29.89371,51.22986,367,0.75,0.77,"2026-09-09",1045,"N20","high","2.0NRT",308.38,31.75,"D"
"2681",29.70466,47.61893,350.38,0.45,0.63,"2026-09-09",1045,"N20","nominal","2.0NRT",311.66,3.42,"D"
"2682",29.70435,47.61421,341.58,0.45,0.63,"2026-09-09",1045,"N20","low","2.0NRT",312.8,3.42,"D"
"2683",29.94251,49.69036,336.35,0.6,0.71,"2026-09-09",1045,"N20","nominal","2.0NRT",298.19,5.61,"D"
"2684",30.03548,50.64,337.31,0.69,0.74,"2026-09-09",1045,"N20","low","2.0NRT",307.45,3.84,"D"
"2685",30.03583,50.63718,335.43,0.69,0.74,"2026-09-09",1045,"N20","low","2.0NRT",307.42,4.37,"D"
"2686",30.15019,50.42687,345.45,0.67,0.74,"2026-09-09",1045,"N20","nominal","2.0NRT",307.25,5.53,"D"
"2687",30.15148,50.425,347.24,0.67,0.74,"2026-09-09",1045,"N20","nominal","2.0NRT",307.5,4.23,"D"
"2688",30.29478,50.08846,341.37,0.64,0.72,"2026-09-09",1045,"N20","nominal","2.0NRT",309.98,3.4,"D"
"2689",30.16437,47.41428,367,0.44,0.62,"2026-09-09",1045,"N20","high","2.0NRT",318.14,5.2,"D"
"2690",30.16468,47.41892,344.56,0.44,0.62,"2026-09-09",1045,"N20","nominal","2.0NRT",315.03,5.2,"D"
"2691",30.16982,47.40917,347.58,0.44,0.62,"2026-09-09",1045,"N20","nominal","2.0NRT",315.56,4.28,"D"
"2692",30.34498,50.29128,340.85,0.66,0.73,"2026-09-09",1045,"N20","nominal","2.0NRT",311.27,4.19,"D"
"2693",30.29785,50.08663,341.22,0.64,0.72,"2026-09-09",1045,"N20","nominal","2.0NRT",310.59,7.35,"D"
"2694",30.16509,47.41522,367,0.44,0.62,"2026-09-09",1045,"N20","high","2.0NRT",317.62,10.58,"D"
"2695",30.17057,47.41008,367,0.44,0.62,"2026-09-09",1045,"N20","high","2.0NRT",315.43,4.31,"D"
"2696",30.34688,50.28918,337.88,0.66,0.73,"2026-09-09",1045,"N20","low","2.0NRT",311.68,4.35,"D"
"2697",30.19825,47.38932,356.09,0.44,0.62,"2026-09-09",1045,"N20","low","2.0NRT",315.36,5.73,"D"
"2698",30.20432,47.39347,346.57,0.44,0.62,"2026-09-09",1045,"N20","nominal","2.0NRT",315.4,4.97,"D"
"2699",30.21009,47.39303,351.52,0.44,0.62,"2026-09-09",1045,"N20","nominal","2.0NRT",316.68,4.97,"D"
"2700",30.21585,47.39259,339.52,0.44,0.62,"2026-09-09",1045,"N20","low","2.0NRT",314.14,1.2,"D"
"2701",30.39505,50.62212,346.78,0.69,0.74,"2026-09-09",1045,"N20","nominal","2.0NRT",308.12,7.42,"D"
"2702",30.2741,47.746,346.03,0.46,0.64,"2026-09-09",1045,"N20","nominal","2.0NRT",314.8,12.89,"D"
"2703",30.2784,47.7212,339.61,0.46,0.64,"2026-09-09",1045,"N20","low","2.0NRT",313.32,11.88,"D"
"2704",30.27774,47.3647,367,0.44,0.62,"2026-09-09",1045,"N20","high","2.0NRT",314.47,8.96,"D"
"2705",30.27742,47.36007,355.18,0.44,0.62,"2026-09-09",1045,"N20","nominal","2.0NRT",316.61,8.96,"D"
"2706",30.34427,48.27907,340.6,0.5,0.66,"2026-09-09",1045,"N20","low","2.0NRT",312.57,5.65,"D"
"2707",30.2835,47.36427,345.77,0.44,0.62,"2026-09-09",1045,"N20","nominal","2.0NRT",314.64,2.51,"D"
"2708",30.35035,48.27866,348.89,0.5,0.66,"2026-09-09",1045,"N20","nominal","2.0NRT",312.24,5.65,"D"
"2709",30.27867,47.36217,355.45,0.44,0.62,"2026-09-09",1045,"N20","nominal","2.0NRT",318.2,19.38,"D"
"2710",30.28444,47.36172,345.18,0.44,0.62,"2026-09-09",1045,"N20","nominal","2.0NRT",314.99,2.78,"D"
"2711",30.34546,48.2773,343.5,0.5,0.66,"2026-09-09",1045,"N20","nominal","2.0NRT",312.73,9.29,"D"
"2712",30.35153,48.27687,343.85,0.5,0.66,"2026-09-09",1045,"N20","nominal","2.0NRT",312.38,9.36,"D"
"2713",30.31266,47.35022,349.95,0.44,0.62,"2026-09-09",1045,"N20","nominal","2.0NRT",315.58,3.12,"D"
"2714",30.35237,47.33788,350.93,0.44,0.62,"2026-09-09",1045,"N20","nominal","2.0NRT",315.87,9.91,"D"
"2715",30.35812,47.33743,342.47,0.44,0.62,"2026-09-09",1045,"N20","low","2.0NRT",316.31,9.91,"D"
"2716",30.35844,47.34203,356.51,0.44,0.62,"2026-09-09",1045,"N20","low","2.0NRT",320.02,9.91,"D"
"2717",30.36357,47.3324,349.53,0.44,0.62,"2026-09-09",1045,"N20","nominal","2.0NRT",315.83,2.44,"D"
"2718",30.41215,47.61702,347.77,0.46,0.63,"2026-09-09",1045,"N20","nominal","2.0NRT",313.9,1.78,"D"
"2719",30.41706,47.61521,354.38,0.46,0.63,"2026-09-09",1045,"N20","nominal","2.0NRT",314.94,5.9,"D"
"2720",30.56347,50.01701,367,0.64,0.72,"2026-09-09",1045,"N20","high","2.0NRT",310.95,15.71,"D"
"2721",30.57254,49.92149,352.28,0.63,0.72,"2026-09-09",1045,"N20","nominal","2.0NRT",305.61,8.19,"D"
"2722",30.4723,47.74265,340.12,0.46,0.64,"2026-09-09",1045,"N20","low","2.0NRT",313.27,3.55,"D"
"2723",30.49116,47.32098,356.69,0.44,0.62,"2026-09-09",1045,"N20","nominal","2.0NRT",317.05,5.02,"D"
"2724",30.49084,47.31638,351.3,0.44,0.62,"2026-09-09",1045,"N20","nominal","2.0NRT",317.26,5.02,"D"
"2725",30.52198,47.61006,351.34,0.46,0.63,"2026-09-09",1045,"N20","nominal","2.0NRT",315.75,11.61,"D"
"2726",30.55832,47.35529,341.38,0.44,0.62,"2026-09-09",1045,"N20","low","2.0NRT",314.99,9.89,"D"
"2727",30.56255,47.33167,351.97,0.44,0.62,"2026-09-09",1045,"N20","nominal","2.0NRT",315.71,5.37,"D"
"2728",30.56738,47.31739,344.83,0.44,0.62,"2026-09-09",1045,"N20","low","2.0NRT",315.43,5.75,"D"
"2729",30.71895,49.82496,353.65,0.62,0.72,"2026-09-09",1045,"N20","nominal","2.0NRT",311.89,8.1,"D"
"2730",30.71154,49.54364,348.4,0.6,0.7,"2026-09-09",1045,"N20","nominal","2.0NRT",311.04,5.92,"D"
"2731",30.56416,47.10218,352.88,0.43,0.62,"2026-09-09",1045,"N20","nominal","2.0NRT",317.35,16.17,"D"
"2732",30.56447,47.10665,356.4,0.43,0.62,"2026-09-09",1045,"N20","low","2.0NRT",316.31,16.17,"D"
"2733",30.71654,49.82313,351.35,0.62,0.72,"2026-09-09",1045,"N20","nominal","2.0NRT",311.58,10.31,"D"
"2734",30.71078,49.5413,350.46,0.6,0.7,"2026-09-09",1045,"N20","nominal","2.0NRT",311.33,6.26,"D"
"2735",30.55734,46.70435,344.93,0.4,0.6,"2026-09-09",1045,"N20","low","2.0NRT",316.67,1.33,"D"
"2736",30.6098,47.33361,339.73,0.44,0.62,"2026-09-09",1045,"N20","low","2.0NRT",314.41,10.28,"D"
"2737",30.60922,47.32435,346.14,0.44,0.62,"2026-09-09",1045,"N20","nominal","2.0NRT",317.14,15.14,"D"
"2738",30.60951,47.32898,356.34,0.44,0.62,"2026-09-09",1045,"N20","low","2.0NRT",316.69,10.28,"D"
"2739",30.68515,47.33238,367,0.44,0.62,"2026-09-09",1045,"N20","high","2.0NRT",318.94,45.54,"D"
"2740",30.74609,48.28677,345.14,0.5,0.66,"2026-09-09",1045,"N20","nominal","2.0NRT",313.75,12.88,"D"
"2741",30.74577,48.28143,351.3,0.5,0.66,"2026-09-09",1045,"N20","nominal","2.0NRT",314.44,14.8,"D"
"2742",30.68484,47.32774,352.8,0.44,0.62,"2026-09-09",1045,"N20","nominal","2.0NRT",319.12,33.66,"D"
"2743",30.75219,48.28634,367,0.5,0.66,"2026-09-09",1045,"N20","high","2.0NRT",318.4,161.49,"D"
"2744",30.75154,48.27567,343.34,0.5,0.66,"2026-09-09",1045,"N20","low","2.0NRT",315.41,65.27,"D"
"2745",30.75187,48.281,367,0.5,0.66,"2026-09-09",1045,"N20","low","2.0NRT",326.36,65.27,"D"
"2746",30.68615,47.33474,351.07,0.44,0.62,"2026-09-09",1045,"N20","nominal","2.0NRT",315.14,32.46,"D"
"2747",30.68587,47.33008,367,0.44,0.62,"2026-09-09",1045,"N20","low","2.0NRT",325.33,48.14,"D"
"2748",30.74655,48.27988,354.43,0.5,0.66,"2026-09-09",1045,"N20","nominal","2.0NRT",315.82,92.74,"D"
"2749",30.74684,48.28523,356.31,0.5,0.66,"2026-09-09",1045,"N20","low","2.0NRT",314.58,92.74,"D"
"2750",30.75323,48.29013,344.71,0.5,0.66,"2026-09-09",1045,"N20","nominal","2.0NRT",312.49,55.49,"D"
"2751",30.89079,49.61385,342.75,0.61,0.71,"2026-09-09",1045,"N20","nominal","2.0NRT",310,4.63,"D"
"2752",30.76125,47.32876,352.26,0.44,0.62,"2026-09-09",1045,"N20","nominal","2.0NRT",317.68,9.06,"D"
"2753",30.9004,49.67711,337.7,0.61,0.71,"2026-09-09",1045,"N20","low","2.0NRT",309.57,2.19,"D"
"2754",30.76764,47.33765,340.62,0.44,0.62,"2026-09-09",1045,"N20","low","2.0NRT",313.23,14.21,"D"
"2755",30.76734,47.33297,340.49,0.44,0.62,"2026-09-09",1045,"N20","low","2.0NRT",315.07,9.06,"D"
"2756",30.86165,47.92373,367,0.48,0.65,"2026-09-09",1045,"N20","high","2.0NRT",312.51,13.51,"D"
"2757",30.82632,47.33868,350.23,0.44,0.63,"2026-09-09",1045,"N20","nominal","2.0NRT",314.77,56.48,"D"
"2758",30.91944,48.86862,349,0.55,0.68,"2026-09-09",1045,"N20","nominal","2.0NRT",313.4,16.01,"D"
"2759",30.87839,47.33461,353.91,0.44,0.63,"2026-09-09",1045,"N20","nominal","2.0NRT",315.42,17.9,"D"
"2760",30.88417,47.33417,351.57,0.44,0.63,"2026-09-09",1045,"N20","nominal","2.0NRT",319.25,17.9,"D"
"2761",30.88448,47.33885,356.42,0.44,0.63,"2026-09-09",1045,"N20","low","2.0NRT",314.82,31.7,"D"
"2762",31.04291,49.39348,342.82,0.59,0.7,"2026-09-09",1045,"N20","low","2.0NRT",313.24,6.73,"D"
"2763",30.99747,48.14363,339.44,0.5,0.66,"2026-09-09",1045,"N20","low","2.0NRT",314,61.15,"D"
"2764",31.00384,48.14846,349.58,0.5,0.66,"2026-09-09",1045,"N20","nominal","2.0NRT",312.54,48.52,"D"
"2765",31.00323,48.13793,356.03,0.5,0.65,"2026-09-09",1045,"N20","nominal","2.0NRT",318,61.15,"D"
"2766",31.12424,49.32248,340.18,0.58,0.7,"2026-09-09",1045,"N20","low","2.0NRT",312.29,5.17,"D"
"2767",31.13104,49.3285,341.48,0.59,0.7,"2026-09-09",1045,"N20","low","2.0NRT",313.08,5.17,"D"
"2768",31.13072,49.32223,352.15,0.58,0.7,"2026-09-09",1045,"N20","nominal","2.0NRT",315.13,5.17,"D"
"2769",31.1372,49.32192,357.04,0.58,0.7,"2026-09-09",1045,"N20","low","2.0NRT",315.18,10.91,"D"
"2770",31.02328,47.70753,340.51,0.47,0.64,"2026-09-09",1045,"N20","low","2.0NRT",314.52,4.28,"D"
"2771",31.02919,47.70708,344.75,0.47,0.64,"2026-09-09",1045,"N20","nominal","2.0NRT",314.38,5.16,"D"
"2772",31.12445,49.31998,344.82,0.59,0.7,"2026-09-09",1045,"N20","nominal","2.0NRT",313.35,4.47,"D"
"2773",31.13122,49.32597,355.7,0.59,0.7,"2026-09-09",1045,"N20","nominal","2.0NRT",313.55,7.81,"D"
"2774",31.13094,49.31968,340.68,0.59,0.7,"2026-09-09",1045,"N20","low","2.0NRT",314.08,4.47,"D"
"2775",31.1377,49.32561,339.47,0.59,0.7,"2026-09-09",1045,"N20","low","2.0NRT",313.38,4.45,"D"
"2776",31.13741,49.3194,355.63,0.59,0.7,"2026-09-09",1045,"N20","nominal","2.0NRT",314.68,6.15,"D"
"2777",31.02791,47.29106,339.01,0.44,0.62,"2026-09-09",1045,"N20","low","2.0NRT",313.07,40.94,"D"
"2778",31.02733,47.2817,347.08,0.44,0.62,"2026-09-09",1045,"N20","low","2.0NRT",321.3,36.2,"D"
"2779",31.02762,47.28638,352.88,0.44,0.62,"2026-09-09",1045,"N20","low","2.0NRT",326.03,36.2,"D"
"2780",31.0334,47.28592,351.26,0.44,0.62,"2026-09-09",1045,"N20","nominal","2.0NRT",314.94,36.2,"D"
"2781",31.0331,47.28124,341.76,0.44,0.62,"2026-09-09",1045,"N20","low","2.0NRT",314.88,36.2,"D"
"2782",31.05972,47.62067,367,0.46,0.64,"2026-09-09",1045,"N20","high","2.0NRT",313.56,17.74,"D"
"2783",31.05942,47.61577,353.82,0.46,0.64,"2026-09-09",1045,"N20","nominal","2.0NRT",316.62,17.74,"D"
"2784",31.08756,47.78798,354.79,0.47,0.64,"2026-09-09",1045,"N20","nominal","2.0NRT",318.09,18.45,"D"
"2785",31.08786,47.79301,355.99,0.47,0.64,"2026-09-09",1045,"N20","low","2.0NRT",319.47,30.81,"D"
"2786",31.21045,49.22241,345.1,0.58,0.7,"2026-09-09",1045,"N20","nominal","2.0NRT",313.89,12.82,"D"
"2787",31.21014,49.21628,356.35,0.58,0.7,"2026-09-09",1045,"N20","nominal","2.0NRT",316.39,15.03,"D"
"2788",31.20936,48.95633,367,0.56,0.69,"2026-09-09",1045,"N20","high","2.0NRT",320.69,22.07,"D"
"2789",31.20904,48.95037,351.13,0.56,0.69,"2026-09-09",1045,"N20","nominal","2.0NRT",321.75,15.68,"D"
"2790",31.13767,47.87407,346.01,0.48,0.65,"2026-09-09",1045,"N20","low","2.0NRT",317.22,14,"D"
"2791",31.2115,49.22182,350.37,0.58,0.7,"2026-09-09",1045,"N20","nominal","2.0NRT",314.28,9.66,"D"
"2792",31.21123,49.21568,355.83,0.58,0.7,"2026-09-09",1045,"N20","nominal","2.0NRT",315.58,9.66,"D"
"2793",31.20561,48.95572,367,0.56,0.69,"2026-09-09",1045,"N20","high","2.0NRT",320.74,18.57,"D"
"2794",31.21196,48.95533,367,0.56,0.69,"2026-09-09",1045,"N20","high","2.0NRT",320.65,22.52,"D"
"2795",31.2785,48.88622,350,0.55,0.68,"2026-09-09",1045,"N20","nominal","2.0NRT",316.54,17.5,"D"
"2796",31.27819,48.88029,355.23,0.55,0.68,"2026-09-09",1045,"N20","nominal","2.0NRT",319.03,20.82,"D"
"2797",31.29716,49.1251,336.14,0.57,0.69,"2026-09-09",1045,"N20","low","2.0NRT",309.68,5.19,"D"
"2798",31.23355,47.97033,351.17,0.49,0.65,"2026-09-09",1045,"N20","nominal","2.0NRT",318.23,16.06,"D"
"2799",31.31804,49.28296,344.56,0.58,0.7,"2026-09-09",1045,"N20","low","2.0NRT",314.93,9.44,"D"
"2800",31.30414,48.77338,367,0.54,0.68,"2026-09-09",1045,"N20","high","2.0NRT",318.2,15.39,"D"
"2801",31.26677,48.12033,344.55,0.5,0.66,"2026-09-09",1045,"N20","low","2.0NRT",316.05,57.67,"D"
"2802",31.27316,48.12521,346,0.5,0.66,"2026-09-09",1045,"N20","nominal","2.0NRT",314,47.06,"D"
"2803",31.27252,48.11464,351.59,0.5,0.66,"2026-09-09",1045,"N20","nominal","2.0NRT",318.24,57.67,"D"
"2804",31.29837,49.12255,345.92,0.57,0.69,"2026-09-09",1045,"N20","nominal","2.0NRT",310.31,5,"D"
"2805",31.31859,49.28683,344.67,0.58,0.7,"2026-09-09",1045,"N20","nominal","2.0NRT",313,9.07,"D"
"2806",31.26801,48.12234,356.19,0.5,0.66,"2026-09-09",1045,"N20","low","2.0NRT",315.66,51.86,"D"
"2807",31.26772,48.11705,315.52,0.5,0.66,"2026-09-09",1045,"N20","low","2.0NRT",322.26,51.86,"D"
"2808",31.30767,48.77612,345.19,0.55,0.68,"2026-09-09",1045,"N20","low","2.0NRT",315.38,8.71,"D"
"2809",31.30739,48.77031,344.15,0.54,0.68,"2026-09-09",1045,"N20","low","2.0NRT",316.94,8.71,"D"
"2810",31.27379,48.11663,349.56,0.5,0.66,"2026-09-09",1045,"N20","nominal","2.0NRT",317.78,18.51,"D"
"2811",31.27408,48.12192,356.32,0.5,0.66,"2026-09-09",1045,"N20","low","2.0NRT",315.02,18.51,"D"
"2812",31.28148,47.7183,348.43,0.47,0.64,"2026-09-09",1045,"N20","nominal","2.0NRT",313.07,8.59,"D"
"2813",31.40213,48.65474,349.87,0.54,0.68,"2026-09-09",1047,"N20","nominal","2.0NRT",319.08,16.38,"D"
"2814",31.35262,47.85892,352.05,0.48,0.65,"2026-09-09",1047,"N20","nominal","2.0NRT",317.74,14.14,"D"
"2815",31.40632,48.6536,351.84,0.54,0.68,"2026-09-09",1047,"N20","nominal","2.0NRT",319.37,16.89,"D"
"2816",31.24014,45.25747,346.55,0.33,0.56,"2026-09-09",1047,"N20","low","2.0NRT",319.03,2.24,"D"
"2817",31.43584,47.84271,346.95,0.48,0.65,"2026-09-09",1047,"N20","nominal","2.0NRT",315.51,16.06,"D"
"2818",31.43553,47.83761,353.2,0.48,0.65,"2026-09-09",1047,"N20","nominal","2.0NRT",318.94,16.06,"D"
"2819",31.35628,45.96449,367,0.37,0.58,"2026-09-09",1047,"N20","high","2.0NRT",322.19,5.18,"D"
"2820",31.76163,49.15648,339.52,0.58,0.7,"2026-09-09",1047,"N20","low","2.0NRT",312.84,4.39,"D"
"2821",31.65431,47.51832,367,0.46,0.64,"2026-09-09",1047,"N20","high","2.0NRT",319.47,11.26,"D"
"2822",31.65403,47.51339,351.69,0.46,0.64,"2026-09-09",1047,"N20","nominal","2.0NRT",319.07,11.26,"D"
"2823",31.66048,47.52283,356.4,0.46,0.64,"2026-09-09",1047,"N20","low","2.0NRT",320.49,13.75,"D"
"2824",31.76259,49.15991,339.43,0.58,0.7,"2026-09-09",1047,"N20","low","2.0NRT",311.55,6.14,"D"
"2825",31.69174,47.25773,342.02,0.45,0.63,"2026-09-09",1047,"N20","low","2.0NRT",315.67,5.2,"D"
"2826",31.76053,46.04548,346.82,0.38,0.59,"2026-09-09",1047,"N20","low","2.0NRT",319.22,24.73,"D"
"2827",31.76772,46.06922,339.7,0.38,0.59,"2026-09-09",1047,"N20","low","2.0NRT",314.06,7.81,"D"
"2828",31.76742,46.06518,355.96,0.38,0.59,"2026-09-09",1047,"N20","nominal","2.0NRT",320.15,7.81,"D"
"2829",31.76623,46.04903,356.65,0.38,0.59,"2026-09-09",1047,"N20","low","2.0NRT",317.04,21.67,"D"
"2830",31.76279,46.04914,356.1,0.38,0.59,"2026-09-09",1047,"N20","nominal","2.0NRT",317.42,19.64,"D"
"2831",31.76252,46.04511,367,0.38,0.59,"2026-09-09",1047,"N20","low","2.0NRT",326.58,27.43,"D"
"2832",29.82552,30.27683,343.75,0.57,0.43,"2026-09-09",1047,"N20","nominal","2.0NRT",313.65,7.45,"D"
"2833",29.82942,30.27581,340.49,0.57,0.43,"2026-09-09",1047,"N20","low","2.0NRT",314.63,7.81,"D"
"2834",32.05973,47.4439,354.07,0.46,0.64,"2026-09-09",1047,"N20","nominal","2.0NRT",320.15,12.48,"D"
"2835",32.06003,47.44884,356.38,0.46,0.64,"2026-09-09",1047,"N20","low","2.0NRT",316.7,10.22,"D"
"2836",32.09283,47.42811,349.6,0.46,0.64,"2026-09-09",1047,"N20","nominal","2.0NRT",318.57,2.97,"D"
"2837",32.10575,47.55153,367,0.47,0.64,"2026-09-09",1047,"N20","high","2.0NRT",320.91,26.22,"D"
"2838",32.11577,47.4165,367,0.46,0.64,"2026-09-09",1047,"N20","high","2.0NRT",316.19,30.98,"D"
"2839",32.11548,47.41158,367,0.46,0.63,"2026-09-09",1047,"N20","low","2.0NRT",325.46,48.82,"D"
"2840",32.17528,47.52089,354.98,0.47,0.64,"2026-09-09",1047,"N20","nominal","2.0NRT",322.68,18.12,"D"
"2841",29.86251,29.55721,347.87,0.41,0.45,"2026-09-09",1047,"N20","low","2.0NRT",318.81,7.66,"D"
"2842",29.86743,29.56036,345.08,0.41,0.45,"2026-09-09",1047,"N20","low","2.0NRT",318.09,7.66,"D"
"2843",29.86657,29.55616,355.11,0.41,0.45,"2026-09-09",1047,"N20","nominal","2.0NRT",322.58,7.66,"D"
"2844",32.17927,47.51883,354.97,0.47,0.64,"2026-09-09",1047,"N20","nominal","2.0NRT",319.25,18.88,"D"
"2845",32.17955,47.52382,356.19,0.47,0.64,"2026-09-09",1047,"N20","low","2.0NRT",317.54,18.32,"D"
"2846",30.04335,30.34937,348.37,0.56,0.43,"2026-09-09",1047,"N20","nominal","2.0NRT",317.5,17.31,"D"
"2847",30.04223,30.3437,343.12,0.56,0.43,"2026-09-09",1047,"N20","low","2.0NRT",315.97,20.88,"D"
"2848",30.0461,30.3427,367,0.56,0.43,"2026-09-09",1047,"N20","low","2.0NRT",328.43,94.61,"D"
"2849",29.99559,29.83826,347.04,0.4,0.44,"2026-09-09",1047,"N20","nominal","2.0NRT",315.31,6.77,"D"
"2850",32.25835,47.25644,346.39,0.45,0.63,"2026-09-09",1047,"N20","low","2.0NRT",318.2,22.13,"D"
"2851",29.78531,28.55988,342.73,0.47,0.48,"2026-09-09",1047,"N20","low","2.0NRT",314.26,1.68,"D"
"2852",32.34848,47.71172,367,0.48,0.65,"2026-09-09",1047,"N20","high","2.0NRT",315.49,12.73,"D"
"2853",32.35445,47.7111,367,0.48,0.65,"2026-09-09",1047,"N20","high","2.0NRT",317.8,12.73,"D"
"2854",32.35985,47.70029,367,0.48,0.65,"2026-09-09",1047,"N20","high","2.0NRT",318.79,26.42,"D"
"2855",32.34617,47.46174,345.02,0.46,0.64,"2026-09-09",1047,"N20","low","2.0NRT",317.33,1.41,"D"
"2856",30.05048,29.6481,356.04,0.41,0.45,"2026-09-09",1047,"N20","nominal","2.0NRT",319.02,19.37,"D"
"2857",30.04964,29.64396,347.39,0.41,0.45,"2026-09-09",1047,"N20","nominal","2.0NRT",316.47,13.12,"D"
"2858",32.36681,47.41038,342.74,0.46,0.64,"2026-09-09",1047,"N20","low","2.0NRT",316.65,2.22,"D"
"2859",30.08356,29.68664,344.83,0.4,0.45,"2026-09-09",1047,"N20","nominal","2.0NRT",315.11,6.53,"D"
"2860",30.08274,29.68254,347.78,0.4,0.45,"2026-09-09",1047,"N20","nominal","2.0NRT",316.6,6.53,"D"
"2861",30.08756,29.68557,340.2,0.4,0.45,"2026-09-09",1047,"N20","low","2.0NRT",313.55,6.53,"D"
"2862",30.08675,29.68147,346.53,0.4,0.45,"2026-09-09",1047,"N20","nominal","2.0NRT",315.53,6.53,"D"
"2863",30.09727,29.71315,346.9,0.4,0.44,"2026-09-09",1047,"N20","nominal","2.0NRT",311.07,29.75,"D"
"2864",30.10046,29.708,350.17,0.4,0.44,"2026-09-09",1047,"N20","nominal","2.0NRT",318.86,17.86,"D"
"2865",30.10128,29.71209,367,0.4,0.44,"2026-09-09",1047,"N20","low","2.0NRT",326.27,29.75,"D"
"2866",32.3654,47.4085,355.85,0.46,0.64,"2026-09-09",1047,"N20","nominal","2.0NRT",317.46,5.58,"D"
"2867",32.53862,47.2614,342.19,0.45,0.63,"2026-09-09",1047,"N20","low","2.0NRT",316.28,3.73,"D"
"2868",32.59702,47.55005,340.04,0.47,0.64,"2026-09-09",1047,"N20","low","2.0NRT",314.51,7.33,"D"
"2869",32.59671,47.54478,348.67,0.47,0.64,"2026-09-09",1047,"N20","nominal","2.0NRT",315.88,7.33,"D"
"2870",32.48874,45.66933,342.62,0.36,0.58,"2026-09-09",1047,"N20","low","2.0NRT",316.26,7.14,"D"
"2871",32.48845,45.66542,344.61,0.36,0.58,"2026-09-09",1047,"N20","low","2.0NRT",317.46,6.35,"D"
"2872",32.59453,47.5484,352.06,0.47,0.64,"2026-09-09",1047,"N20","nominal","2.0NRT",314.69,9.77,"D"
"2873",32.48696,45.66626,348.38,0.36,0.58,"2026-09-09",1047,"N20","nominal","2.0NRT",317.83,6.44,"D"
"2874",30.36948,29.82173,344.12,0.39,0.44,"2026-09-09",1047,"N20","nominal","2.0NRT",313.12,4.5,"D"
"2875",29.97824,27.79158,342.17,0.52,0.5,"2026-09-09",1047,"N20","nominal","2.0NRT",312.01,8.09,"D"
"2876",32.46885,43.88148,346.53,0.57,0.52,"2026-09-09",1047,"N20","low","2.0NRT",319.91,4.43,"D"
"2877",32.48501,43.61874,353.18,0.55,0.51,"2026-09-09",1047,"N20","nominal","2.0NRT",323.13,28.55,"D"
"2878",32.48973,43.61827,346.5,0.55,0.51,"2026-09-09",1047,"N20","low","2.0NRT",317.55,7.14,"D"
"2879",32.78882,46.55864,349.6,0.41,0.61,"2026-09-09",1047,"N20","nominal","2.0NRT",316.75,6.01,"D"
"2880",31.76976,34.75263,340.32,0.39,0.36,"2026-09-09",1047,"N20","low","2.0NRT",314.88,2.34,"D"
"2881",33.02845,46.13916,344.43,0.39,0.6,"2026-09-09",1047,"N20","low","2.0NRT",317.34,5.59,"D"
"2882",33.1731,47.4479,348.35,0.47,0.64,"2026-09-09",1047,"N20","low","2.0NRT",319.55,13.34,"D"
"2883",33.25117,47.74078,340.37,0.49,0.65,"2026-09-09",1047,"N20","low","2.0NRT",312.19,2.44,"D"
"2884",33.15723,44.78777,367,0.33,0.55,"2026-09-09",1047,"N20","high","2.0NRT",317.69,10.25,"D"
"2885",33.08066,43.85492,343.38,0.58,0.52,"2026-09-09",1047,"N20","low","2.0NRT",318.32,12.22,"D"
"2886",31.12283,29.81409,339,0.57,0.43,"2026-09-09",1047,"N20","nominal","2.0NRT",307.98,6.35,"D"
"2887",9.62588,41.80834,337.46,0.39,0.36,"2026-09-09",1043,"N20","low","2.0NRT",308.74,4.25,"D"
"2888",31.12145,29.81266,345.1,0.57,0.43,"2026-09-09",1047,"N20","nominal","2.0NRT",308.04,11.8,"D"
"2889",33.0797,43.85317,346.45,0.58,0.52,"2026-09-09",1047,"N20","low","2.0NRT",320.55,14.9,"D"
"2890",33.15512,44.78685,367,0.33,0.55,"2026-09-09",1047,"N20","high","2.0NRT",318.04,10.43,"D"
"2891",33.21551,44.77003,348.66,0.33,0.55,"2026-09-09",1047,"N20","nominal","2.0NRT",316.35,5.73,"D"
"2892",33.21524,44.76648,348.57,0.33,0.55,"2026-09-09",1047,"N20","nominal","2.0NRT",317.39,5.86,"D"
"2893",9.06944,31.47018,367,0.39,0.59,"2026-09-09",1043,"N20","high","2.0NRT",291.01,11.28,"D"
"2894",9.07376,31.49446,339.58,0.39,0.59,"2026-09-09",1043,"N20","nominal","2.0NRT",289.9,4.66,"D"
"2895",33.32171,44.5717,350.97,0.32,0.55,"2026-09-09",1047,"N20","nominal","2.0NRT",316.08,4.18,"D"
"2896",9.07605,31.47613,367,0.39,0.59,"2026-09-09",1043,"N20","high","2.0NRT",290.6,13.01,"D"
"2897",32.42345,35.9686,343.6,0.39,0.36,"2026-09-09",1047,"N20","low","2.0NRT",316.6,2.98,"D"
"2898",9.07543,31.47265,367,0.39,0.59,"2026-09-09",1043,"N20","high","2.0NRT",290.96,11.28,"D"
"2899",30.66887,26.371,336.98,0.61,0.53,"2026-09-09",1047,"N20","low","2.0NRT",309.07,1.55,"D"
"2900",9.07481,31.46918,367,0.39,0.59,"2026-09-09",1043,"N20","high","2.0NRT",290.73,11.28,"D"
"2901",9.07913,31.49346,348.47,0.39,0.59,"2026-09-09",1043,"N20","nominal","2.0NRT",291.34,4.66,"D"
"2902",9.07852,31.49001,336.24,0.39,0.59,"2026-09-09",1043,"N20","nominal","2.0NRT",290.95,4.66,"D"
"2903",9.06762,31.47609,331.09,0.39,0.59,"2026-09-09",1043,"N20","nominal","2.0NRT",289.92,6.77,"D"
"2904",9.0762,31.49239,367,0.39,0.59,"2026-09-09",1043,"N20","high","2.0NRT",291.6,9.62,"D"
"2905",9.07235,31.47163,367,0.39,0.59,"2026-09-09",1043,"N20","high","2.0NRT",291.03,12.35,"D"
"2906",9.0717,31.46817,354.38,0.39,0.59,"2026-09-09",1043,"N20","nominal","2.0NRT",290.92,12.35,"D"
"2907",9.07837,31.47412,367,0.39,0.59,"2026-09-09",1043,"N20","high","2.0NRT",290.91,14.35,"D"
"2908",9.08093,31.48797,328.39,0.39,0.59,"2026-09-09",1043,"N20","nominal","2.0NRT",291.31,3.36,"D"
"2909",9.07772,31.47065,344.01,0.39,0.59,"2026-09-09",1043,"N20","nominal","2.0NRT",289.71,7.75,"D"
"2910",9.08694,31.49043,330.71,0.39,0.59,"2026-09-09",1043,"N20","nominal","2.0NRT",290.47,3.36,"D"
"2911",9.0863,31.48697,334.87,0.39,0.59,"2026-09-09",1043,"N20","nominal","2.0NRT",290.05,3.36,"D"
"2912",9.09358,31.49636,338.65,0.39,0.59,"2026-09-09",1043,"N20","nominal","2.0NRT",291.42,10,"D"
"2913",9.10022,31.50228,367,0.39,0.59,"2026-09-09",1043,"N20","high","2.0NRT",292.18,18.43,"D"
"2914",9.09958,31.49882,367,0.39,0.59,"2026-09-09",1043,"N20","high","2.0NRT",292.44,18.43,"D"
"2915",9.10149,31.50916,333.07,0.39,0.59,"2026-09-09",1043,"N20","nominal","2.0NRT",291.38,9.44,"D"
"2916",9.09894,31.49537,348.9,0.39,0.59,"2026-09-09",1043,"N20","nominal","2.0NRT",290.51,10,"D"
"2917",9.10431,31.49438,367,0.39,0.59,"2026-09-09",1043,"N20","high","2.0NRT",291.66,6.37,"D"
"2918",9.10685,31.50818,347.91,0.39,0.59,"2026-09-09",1043,"N20","nominal","2.0NRT",290.79,8.52,"D"
"2919",9.10558,31.5013,346.23,0.39,0.59,"2026-09-09",1043,"N20","nominal","2.0NRT",290.94,5.26,"D"
"2920",9.10494,31.49784,339.96,0.39,0.59,"2026-09-09",1043,"N20","nominal","2.0NRT",291.04,5.26,"D"
"2921",9.10368,31.49094,329.24,0.39,0.59,"2026-09-09",1043,"N20","nominal","2.0NRT",289.88,6.37,"D"
"2922",9.11094,31.50031,345.52,0.39,0.59,"2026-09-09",1043,"N20","nominal","2.0NRT",289.15,5.26,"D"
"2923",9.11031,31.49686,339.49,0.39,0.59,"2026-09-09",1043,"N20","nominal","2.0NRT",290.35,5.26,"D"
"2924",9.11409,31.45685,343.83,0.39,0.59,"2026-09-09",1043,"N20","nominal","2.0NRT",290.36,4.31,"D"
"2925",9.122,31.40863,343.14,0.39,0.59,"2026-09-09",1043,"N20","nominal","2.0NRT",288.55,5.3,"D"
"2926",9.12136,31.40515,340.98,0.39,0.59,"2026-09-09",1043,"N20","nominal","2.0NRT",288.73,4.87,"D"
"2927",9.12739,31.40763,343.29,0.39,0.59,"2026-09-09",1043,"N20","nominal","2.0NRT",287.85,5.3,"D"
"2928",9.12676,31.40414,336.32,0.39,0.59,"2026-09-09",1043,"N20","nominal","2.0NRT",287.86,4.87,"D"
"2929",9.16224,31.41561,327.98,0.39,0.59,"2026-09-09",1043,"N20","nominal","2.0NRT",288.89,3.26,"D"
"2930",9.15749,31.40873,328.4,0.39,0.59,"2026-09-09",1043,"N20","nominal","2.0NRT",284.89,4.21,"D"
"2931",9.17647,31.39085,346.47,0.39,0.59,"2026-09-09",1043,"N20","nominal","2.0NRT",288.37,5.54,"D"
"2932",9.10043,30.98235,329.25,0.42,0.61,"2026-09-09",1043,"N20","nominal","2.0NRT",285.5,2.7,"D"
"2933",9.192,31.38437,343.43,0.39,0.59,"2026-09-09",1043,"N20","nominal","2.0NRT",288.51,6.35,"D"
"2934",9.19917,31.33219,349.02,0.39,0.6,"2026-09-09",1043,"N20","nominal","2.0NRT",287.71,4.5,"D"
"2935",9.2199,31.35383,340.58,0.39,0.6,"2026-09-09",1043,"N20","nominal","2.0NRT",286.74,6.18,"D"
"2936",9.21926,31.35031,342.05,0.39,0.6,"2026-09-09",1043,"N20","nominal","2.0NRT",285.17,4.95,"D"
"2937",9.21861,31.34679,332,0.39,0.6,"2026-09-09",1043,"N20","nominal","2.0NRT",286.09,4.95,"D"
"2938",9.22594,31.35634,327.94,0.39,0.6,"2026-09-09",1043,"N20","nominal","2.0NRT",282.31,6.18,"D"
"2939",9.22658,31.35985,356.06,0.39,0.6,"2026-09-09",1043,"N20","low","2.0NRT",286.63,11.47,"D"
"2940",9.22815,31.33774,336,0.39,0.6,"2026-09-09",1043,"N20","nominal","2.0NRT",288.07,7.91,"D"
"2941",9.22751,31.33422,343.45,0.39,0.6,"2026-09-09",1043,"N20","nominal","2.0NRT",285.74,6.03,"D"
"2942",9.24811,31.41723,337.92,0.39,0.59,"2026-09-09",1043,"N20","nominal","2.0NRT",289.9,3.81,"D"
"2943",9.26075,31.42567,332.98,0.39,0.59,"2026-09-09",1043,"N20","nominal","2.0NRT",289.55,5.08,"D"
"2944",9.29831,31.49369,333.71,0.38,0.59,"2026-09-09",1043,"N20","nominal","2.0NRT",289.6,3.82,"D"
"2945",10.94634,41.22083,349.05,0.39,0.36,"2026-09-09",1043,"N20","nominal","2.0NRT",317.85,16.1,"D"
"2946",10.95018,41.22384,348.82,0.39,0.36,"2026-09-09",1043,"N20","nominal","2.0NRT",316.14,13.63,"D"
"2947",9.3634,31.30213,329.04,0.39,0.6,"2026-09-09",1043,"N20","nominal","2.0NRT",285.32,4.78,"D"
"2948",9.36489,31.30123,331.18,0.39,0.6,"2026-09-09",1043,"N20","nominal","2.0NRT",286.41,4.04,"D"
"2949",9.4259,31.53978,330.65,0.38,0.59,"2026-09-09",1043,"N20","nominal","2.0NRT",287.29,3.14,"D"
"2950",9.30281,30.62876,347.67,0.44,0.62,"2026-09-09",1043,"N20","nominal","2.0NRT",288.53,6.9,"D"
"2951",9.29626,30.59334,344.77,0.44,0.62,"2026-09-09",1043,"N20","nominal","2.0NRT",286.47,5.61,"D"
"2952",9.30557,30.61199,332.55,0.44,0.62,"2026-09-09",1043,"N20","nominal","2.0NRT",287.63,4.4,"D"
"2953",9.33905,30.7307,340.19,0.43,0.62,"2026-09-09",1043,"N20","nominal","2.0NRT",289.86,9.16,"D"
"2954",9.33835,30.72684,339.94,0.43,0.62,"2026-09-09",1043,"N20","nominal","2.0NRT",289.83,8.14,"D"
"2955",9.8531,32.15146,339.93,0.34,0.56,"2026-09-09",1043,"N20","nominal","2.0NRT",293.52,5.07,"D"
"2956",9.85817,32.15053,350.87,0.34,0.56,"2026-09-09",1043,"N20","nominal","2.0NRT",293.99,5.07,"D"
"2957",11.48643,41.60939,342.74,0.4,0.37,"2026-09-09",1043,"N20","nominal","2.0NRT",306.87,11.34,"D"
"2958",53.20274,143.24222,313.68,0.51,0.41,"2026-09-09",1618,"N20","nominal","2.0NRT",272.61,2.66,"N"
"2959",52.18642,143.06549,310.88,0.5,0.41,"2026-09-09",1620,"N20","nominal","2.0NRT",277.62,1.25,"N"
"2960",52.14176,143.01567,309.92,0.5,0.41,"2026-09-09",1620,"N20","nominal","2.0NRT",277.16,1.17,"N"
"2961",51.05125,136.95055,297.86,0.57,0.52,"2026-09-09",1620,"N20","nominal","2.0NRT",276.43,1.05,"N"
"2962",46.631,142.90784,304.18,0.44,0.38,"2026-09-09",1620,"N20","nominal","2.0NRT",284.28,0.82,"N"
"2963",46.63029,142.91359,306.38,0.44,0.38,"2026-09-09",1620,"N20","nominal","2.0NRT",285.81,0.93,"N"
"2964",46.62749,142.90689,296.15,0.44,0.38,"2026-09-09",1620,"N20","nominal","2.0NRT",284.1,0.67,"N"
"2965",44.53999,132.75255,305.44,0.4,0.6,"2026-09-09",1622,"N20","nominal","2.0NRT",282.69,0.96,"N"
"2966",44.54076,132.75189,295.32,0.39,0.6,"2026-09-09",1622,"N20","nominal","2.0NRT",281.23,1.37,"N"
"2967",42.3466,141.01884,299.15,0.46,0.39,"2026-09-09",1622,"N20","nominal","2.0NRT",276.21,0.89,"N"
"2968",42.34368,141.01247,310.71,0.46,0.39,"2026-09-09",1622,"N20","nominal","2.0NRT",278.2,1.87,"N"
"2969",42.34143,141.00052,307.77,0.46,0.39,"2026-09-09",1622,"N20","nominal","2.0NRT",276.78,1.61,"N"
"2970",42.34076,141.0061,297.58,0.46,0.39,"2026-09-09",1622,"N20","nominal","2.0NRT",277.61,0.85,"N"
"2971",42.33918,140.98853,304.55,0.46,0.39,"2026-09-09",1622,"N20","nominal","2.0NRT",270.65,0.92,"N"
"2972",37.5972,129.0078,296.21,0.56,0.69,"2026-09-09",1624,"N20","nominal","2.0NRT",279.19,1.61,"N"
"2973",37.48558,129.04779,303.09,0.55,0.68,"2026-09-09",1624,"N20","nominal","2.0NRT",283.88,1.69,"N"
"2974",37.4854,129.05342,316.31,0.55,0.68,"2026-09-09",1624,"N20","nominal","2.0NRT",284.52,1.69,"N"
"2975",37.48925,129.05243,313.69,0.55,0.68,"2026-09-09",1624,"N20","nominal","2.0NRT",283.33,2.2,"N"
"2976",37.48312,129.0463,306,0.55,0.68,"2026-09-09",1624,"N20","nominal","2.0NRT",283.64,1.23,"N"
"2977",37.02614,128.31895,295.35,0.6,0.71,"2026-09-09",1624,"N20","nominal","2.0NRT",281.9,0.79,"N"
"2978",37.01262,128.33186,301.52,0.6,0.71,"2026-09-09",1624,"N20","nominal","2.0NRT",283.53,1.23,"N"
"2979",36.98393,126.68188,308.41,0.74,0.76,"2026-09-09",1624,"N20","nominal","2.0NRT",285.18,3.97,"N"
"2980",36.98363,126.70769,303.46,0.74,0.76,"2026-09-09",1624,"N20","nominal","2.0NRT",284.87,2.9,"N"
"2981",36.98746,126.68552,310.23,0.74,0.76,"2026-09-09",1624,"N20","nominal","2.0NRT",287.19,4.83,"N"
"2982",36.00107,129.39291,309.14,0.52,0.67,"2026-09-09",1624,"N20","nominal","2.0NRT",286.48,2.34,"N"
"2983",36.02095,129.38063,299.1,0.52,0.67,"2026-09-09",1624,"N20","nominal","2.0NRT",284.92,1.12,"N"
"2984",36.02068,129.38663,299.61,0.52,0.67,"2026-09-09",1624,"N20","nominal","2.0NRT",286.2,1.12,"N"
"2985",36.00832,129.38574,300.19,0.52,0.67,"2026-09-09",1624,"N20","nominal","2.0NRT",286.2,2.67,"N"
"2986",36.00188,129.39122,309.07,0.52,0.67,"2026-09-09",1624,"N20","nominal","2.0NRT",286.28,2.86,"N"
"2987",35.49918,129.34782,295.07,0.52,0.66,"2026-09-09",1624,"N20","nominal","2.0NRT",281.27,1.34,"N"
"2988",35.24232,126.69386,299.77,0.73,0.76,"2026-09-09",1624,"N20","nominal","2.0NRT",283.03,0.9,"N"
"2989",35.23752,126.69388,300.76,0.73,0.76,"2026-09-09",1624,"N20","nominal","2.0NRT",283.24,0.93,"N"
"2990",34.72525,134.82242,312.77,0.49,0.49,"2026-09-09",1624,"N20","nominal","2.0NRT",288.87,2.48,"N"
"2991",34.72475,134.82782,313.35,0.49,0.49,"2026-09-09",1624,"N20","nominal","2.0NRT",289.36,1.54,"N"
"2992",34.72426,134.83325,304.46,0.49,0.49,"2026-09-09",1624,"N20","nominal","2.0NRT",289.59,1.54,"N"
"2993",34.71676,134.81572,322.24,0.49,0.49,"2026-09-09",1624,"N20","nominal","2.0NRT",288.91,4.33,"N"
"2994",34.75668,134.36278,303.67,0.52,0.5,"2026-09-09",1624,"N20","nominal","2.0NRT",288.79,1.26,"N"
"2995",34.75157,134.36792,300.95,0.52,0.5,"2026-09-09",1624,"N20","nominal","2.0NRT",288.67,1.07,"N"
"2996",35.08381,128.98718,298.39,0.54,0.68,"2026-09-09",1624,"N20","nominal","2.0NRT",284.36,0.49,"N"
"2997",34.92884,127.74817,305.18,0.63,0.72,"2026-09-09",1624,"N20","nominal","2.0NRT",286.3,3.08,"N"
"2998",34.9155,127.74747,301.7,0.63,0.72,"2026-09-09",1624,"N20","nominal","2.0NRT",285.98,2.8,"N"
"2999",34.24445,135.11784,304.45,0.47,0.48,"2026-09-09",1624,"N20","nominal","2.0NRT",289.62,1.25,"N"
"3000",34.05973,131.78247,302.54,0.36,0.58,"2026-09-09",1624,"N20","nominal","2.0NRT",289.38,1.83,"N"
"3001",33.08727,131.85258,298.54,0.35,0.57,"2026-09-09",1624,"N20","nominal","2.0NRT",285.3,1.09,"N"
"3002",32.13215,121.48673,306.86,0.52,0.41,"2026-09-09",1806,"N20","nominal","2.0NRT",290.11,1.94,"N"
"3003",32.7817,117.17225,300.94,0.38,0.36,"2026-09-09",1806,"N20","nominal","2.0NRT",286.78,0.44,"N"
"3004",32.75346,117.30493,309.41,0.39,0.36,"2026-09-09",1806,"N20","nominal","2.0NRT",287.43,1.15,"N"
"3005",32.33482,119.73492,304.51,0.44,0.38,"2026-09-09",1806,"N20","nominal","2.0NRT",290.28,1,"N"
"3006",51.5019,128.21144,329.78,0.45,0.39,"2026-09-09",1800,"N20","nominal","2.0NRT",280.38,4.29,"N"
"3007",51.49974,128.20348,297.2,0.45,0.39,"2026-09-09",1800,"N20","nominal","2.0NRT",279.01,0.44,"N"
"3008",32.19098,119.25801,311.96,0.42,0.38,"2026-09-09",1806,"N20","nominal","2.0NRT",290.39,1.67,"N"
"3009",47.49571,129.28519,296.19,0.39,0.44,"2026-09-09",1802,"N20","nominal","2.0NRT",280.85,0.61,"N"
"3010",32.25178,118.79623,304.17,0.41,0.37,"2026-09-09",1806,"N20","nominal","2.0NRT",288.82,0.71,"N"
"3011",47.49523,129.26849,322.62,0.39,0.44,"2026-09-09",1802,"N20","nominal","2.0NRT",282.29,2.17,"N"
"3012",32.15008,119.32639,300.95,0.43,0.38,"2026-09-09",1806,"N20","nominal","2.0NRT",288.51,0.55,"N"
"3013",46.78632,130.43063,296.92,0.45,0.47,"2026-09-09",1802,"N20","nominal","2.0NRT",283.93,0.91,"N"
"3014",46.60276,131.07031,299.74,0.48,0.48,"2026-09-09",1802,"N20","nominal","2.0NRT",285.29,1.01,"N"
"3015",32.14665,119.32558,301.35,0.43,0.38,"2026-09-09",1806,"N20","nominal","2.0NRT",288.69,0.67,"N"
"3016",48.08533,123.45307,306.96,0.39,0.36,"2026-09-09",1802,"N20","nominal","2.0NRT",285.39,0.99,"N"
"3017",31.85089,120.72548,302.22,0.48,0.4,"2026-09-09",1806,"N20","nominal","2.0NRT",289.64,1.13,"N"
"3018",48.08207,123.45183,296.94,0.39,0.36,"2026-09-09",1802,"N20","nominal","2.0NRT",283.22,0.99,"N"
"3019",45.82103,130.88475,306.01,0.5,0.49,"2026-09-09",1802,"N20","nominal","2.0NRT",279.85,1.05,"N"
"3020",31.84993,120.73052,303.18,0.48,0.4,"2026-09-09",1806,"N20","nominal","2.0NRT",289.67,1.15,"N"
"3021",45.79759,130.92065,300.74,0.5,0.49,"2026-09-09",1802,"N20","nominal","2.0NRT",280.96,1.34,"N"
"3022",31.84726,120.72453,304.46,0.48,0.4,"2026-09-09",1806,"N20","nominal","2.0NRT",289.98,1.13,"N"
"3023",47.18472,123.57375,309.28,0.4,0.37,"2026-09-09",1802,"N20","nominal","2.0NRT",283.49,1.37,"N"
"3024",44.53467,132.75188,297.71,0.33,0.55,"2026-09-09",1802,"N20","nominal","2.0NRT",279.99,0.63,"N"
"3025",32.19482,118.75743,303.68,0.41,0.37,"2026-09-09",1806,"N20","nominal","2.0NRT",289.02,1.41,"N"
"3026",46.10519,125.9676,323.67,0.47,0.39,"2026-09-09",1802,"N20","nominal","2.0NRT",282.86,2.97,"N"
"3027",32.18959,118.74722,306.97,0.41,0.37,"2026-09-09",1806,"N20","nominal","2.0NRT",290.18,0.81,"N"
"3028",45.83455,126.71579,295.2,0.5,0.41,"2026-09-09",1802,"N20","nominal","2.0NRT",284.93,0.9,"N"
"3029",32.18809,118.75581,302.74,0.41,0.37,"2026-09-09",1806,"N20","nominal","2.0NRT",290.08,0.95,"N"
"3030",45.89846,124.2932,296.47,0.42,0.38,"2026-09-09",1802,"N20","nominal","2.0NRT",283.25,0.48,"N"
"3031",32.18547,118.75071,303.52,0.41,0.37,"2026-09-09",1806,"N20","nominal","2.0NRT",289.74,0.81,"N"
"3032",45.8525,124.32653,295.05,0.42,0.38,"2026-09-09",1802,"N20","nominal","2.0NRT",281.87,0.36,"N"
"3033",45.84941,124.32903,299.28,0.42,0.38,"2026-09-09",1802,"N20","nominal","2.0NRT",281.85,0.34,"N"
"3034",32.18435,118.73702,301.32,0.41,0.37,"2026-09-09",1806,"N20","nominal","2.0NRT",289.6,1.02,"N"
"3035",46.38821,113.99962,342.94,0.4,0.44,"2026-09-09",1802,"N20","nominal","2.0NRT",284.24,5.22,"N"
"3036",32.18135,118.75417,306.34,0.41,0.37,"2026-09-09",1806,"N20","nominal","2.0NRT",290.86,1.44,"N"
"3037",46.38772,114.00484,335.31,0.4,0.44,"2026-09-09",1802,"N20","nominal","2.0NRT",285.19,5.22,"N"
"3038",32.17163,118.72951,300.04,0.41,0.37,"2026-09-09",1806,"N20","nominal","2.0NRT",288.06,0.37,"N"
"3039",44.3312,125.34022,298.79,0.47,0.4,"2026-09-09",1802,"N20","nominal","2.0NRT",280.61,0.96,"N"
"3040",31.82089,120.42645,305.16,0.47,0.4,"2026-09-09",1806,"N20","nominal","2.0NRT",288.93,1.27,"N"
"3041",44.03329,126.53403,298.15,0.53,0.42,"2026-09-09",1802,"N20","nominal","2.0NRT",284.17,1.14,"N"
"3042",31.72428,120.83323,303.59,0.49,0.4,"2026-09-09",1806,"N20","nominal","2.0NRT",289.63,0.52,"N"
"3043",45.75664,115.72144,330.56,0.5,0.41,"2026-09-09",1802,"N20","nominal","2.0NRT",283.2,4.21,"N"
"3044",32.1904,118.20802,307.21,0.4,0.37,"2026-09-09",1806,"N20","nominal","2.0NRT",288.11,0.96,"N"
"3045",45.75595,115.72769,320.21,0.5,0.41,"2026-09-09",1802,"N20","nominal","2.0NRT",282.72,4.21,"N"
"3046",32.18707,118.20724,305.1,0.4,0.37,"2026-09-09",1806,"N20","nominal","2.0NRT",288.06,0.93,"N"
"3047",45.75292,115.72056,330.52,0.5,0.41,"2026-09-09",1802,"N20","nominal","2.0NRT",282.73,4.21,"N"
"3048",31.71235,120.83543,312.15,0.49,0.4,"2026-09-09",1806,"N20","nominal","2.0NRT",289.59,1.25,"N"
"3049",45.75224,115.72682,322.51,0.5,0.41,"2026-09-09",1802,"N20","nominal","2.0NRT",283.02,4.21,"N"
"3050",32.04095,118.42262,308.79,0.4,0.37,"2026-09-09",1806,"N20","nominal","2.0NRT",289.53,1.15,"N"
"3051",31.45279,121.42407,304.6,0.53,0.42,"2026-09-09",1806,"N20","nominal","2.0NRT",291.24,2.37,"N"
"3052",44.19289,124.09153,302.29,0.43,0.38,"2026-09-09",1802,"N20","nominal","2.0NRT",280.74,0.98,"N"
"3053",45.93577,108.95058,296.49,0.34,0.56,"2026-09-09",1802,"N20","nominal","2.0NRT",279.98,0.52,"N"
"3054",31.44902,121.42304,306.3,0.53,0.42,"2026-09-09",1806,"N20","nominal","2.0NRT",291.85,1.54,"N"
"3055",43.53286,126.26479,302.09,0.53,0.42,"2026-09-09",1802,"N20","nominal","2.0NRT",280.57,0.62,"N"
"3056",32.46823,115.50148,296.75,0.39,0.36,"2026-09-09",1806,"N20","nominal","2.0NRT",283.19,0.26,"N"
"3057",31.69903,120.06761,301.75,0.46,0.39,"2026-09-09",1806,"N20","nominal","2.0NRT",289.24,0.33,"N"
"3058",43.33197,125.93365,299.74,0.52,0.41,"2026-09-09",1802,"N20","nominal","2.0NRT",282,0.81,"N"
"3059",43.19197,125.99149,297.38,0.52,0.42,"2026-09-09",1802,"N20","nominal","2.0NRT",277.26,1.08,"N"
"3060",31.4269,121.43433,303.41,0.53,0.42,"2026-09-09",1806,"N20","nominal","2.0NRT",290.61,1.46,"N"
"3061",31.96825,118.33984,302.91,0.4,0.37,"2026-09-09",1806,"N20","nominal","2.0NRT",288.61,0.67,"N"
"3062",43.19926,124.33672,319.02,0.46,0.39,"2026-09-09",1802,"N20","nominal","2.0NRT",283.82,2.56,"N"
"3063",43.19336,124.32873,296.24,0.46,0.39,"2026-09-09",1802,"N20","nominal","2.0NRT",281.69,0.89,"N"
"3064",31.96712,118.33646,301.21,0.4,0.37,"2026-09-09",1806,"N20","nominal","2.0NRT",287.48,1,"N"
"3065",31.9664,118.34065,311.81,0.4,0.37,"2026-09-09",1806,"N20","nominal","2.0NRT",290.16,1,"N"
"3066",43.65176,119.84205,298.29,0.38,0.36,"2026-09-09",1802,"N20","nominal","2.0NRT",282.86,0.85,"N"
"3067",42.77721,124.17059,302.26,0.46,0.39,"2026-09-09",1802,"N20","nominal","2.0NRT",283.16,1.04,"N"
"3068",31.89632,118.60547,305.9,0.41,0.37,"2026-09-09",1806,"N20","nominal","2.0NRT",291.45,1.45,"N"
"3069",42.77862,124.17027,304.93,0.46,0.39,"2026-09-09",1802,"N20","nominal","2.0NRT",282.83,0.58,"N"
"3070",31.74785,118.48847,303.09,0.41,0.37,"2026-09-09",1806,"N20","nominal","2.0NRT",290.56,1.51,"N"
"3071",31.74114,118.48685,323.24,0.41,0.37,"2026-09-09",1806,"N20","nominal","2.0NRT",290.73,3.19,"N"
"3072",42.31794,125.24981,318.16,0.51,0.41,"2026-09-09",1802,"N20","nominal","2.0NRT",286.4,2.75,"N"
"3073",31.74188,118.48264,303.71,0.41,0.37,"2026-09-09",1806,"N20","nominal","2.0NRT",289.94,0.52,"N"
"3074",43.54551,118.05331,309.58,0.4,0.37,"2026-09-09",1802,"N20","nominal","2.0NRT",283.74,1.33,"N"
"3075",43.53809,118.05657,297.68,0.4,0.37,"2026-09-09",1802,"N20","nominal","2.0NRT",280.37,0.47,"N"
"3076",31.70363,118.47479,303.45,0.41,0.37,"2026-09-09",1806,"N20","nominal","2.0NRT",289.55,1.25,"N"
"3077",44.15766,108.28687,309.22,0.35,0.57,"2026-09-09",1804,"N20","nominal","2.0NRT",282.27,1.07,"N"
"3078",31.49836,119.61034,304.76,0.44,0.39,"2026-09-09",1806,"N20","nominal","2.0NRT",288.56,0.66,"N"
"3079",42.86536,120.70018,298.28,0.39,0.36,"2026-09-09",1804,"N20","nominal","2.0NRT",283.36,0.45,"N"
"3080",31.69838,118.46473,319.36,0.41,0.37,"2026-09-09",1806,"N20","nominal","2.0NRT",289.69,1.4,"N"
"3081",41.59189,127.15598,299.31,0.42,0.46,"2026-09-09",1804,"N20","nominal","2.0NRT",277.02,0.41,"N"
"3082",31.76999,117.98607,303.83,0.4,0.37,"2026-09-09",1806,"N20","nominal","2.0NRT",288.29,0.61,"N"
"3083",41.58785,127.1544,307.31,0.42,0.46,"2026-09-09",1804,"N20","nominal","2.0NRT",277.37,1.39,"N"
"3084",31.67005,118.46682,303.14,0.41,0.37,"2026-09-09",1806,"N20","nominal","2.0NRT",289.16,0.68,"N"
"3085",41.59046,127.15479,318.4,0.42,0.46,"2026-09-09",1804,"N20","nominal","2.0NRT",277.54,1.24,"N"
"3086",31.48037,119.1429,306.16,0.43,0.38,"2026-09-09",1806,"N20","nominal","2.0NRT",289.48,0.97,"N"
"3087",31.66167,117.83818,312.82,0.39,0.37,"2026-09-09",1806,"N20","nominal","2.0NRT",289.09,1.36,"N"
"3088",44.15841,108.28778,308.52,0.35,0.57,"2026-09-09",1804,"N20","nominal","2.0NRT",282.09,1.22,"N"
"3089",31.6528,117.8702,307.94,0.4,0.37,"2026-09-09",1806,"N20","nominal","2.0NRT",289.69,0.99,"N"
"3090",44.14811,108.28219,300.44,0.35,0.57,"2026-09-09",1804,"N20","nominal","2.0NRT",282.45,0.69,"N"
"3091",31.38634,119.30582,305.36,0.43,0.38,"2026-09-09",1806,"N20","nominal","2.0NRT",288.65,0.82,"N"
"3092",41.77688,126.02053,298.47,0.56,0.43,"2026-09-09",1804,"N20","nominal","2.0NRT",281.24,0.96,"N"
"3093",42.12138,123.69287,302.83,0.45,0.39,"2026-09-09",1804,"N20","nominal","2.0NRT",284.67,0.86,"N"
"3094",31.38452,119.29603,328.49,0.43,0.38,"2026-09-09",1806,"N20","nominal","2.0NRT",292.8,3.51,"N"
"3095",42.51392,121.18392,298.83,0.39,0.36,"2026-09-09",1804,"N20","nominal","2.0NRT",281,0.64,"N"
"3096",31.52801,118.00114,307.72,0.4,0.37,"2026-09-09",1806,"N20","nominal","2.0NRT",288.43,1.2,"N"
"3097",31.52161,117.89676,313.91,0.4,0.37,"2026-09-09",1806,"N20","nominal","2.0NRT",289.68,2.04,"N"
"3098",41.84415,123.75623,328.6,0.46,0.39,"2026-09-09",1804,"N20","nominal","2.0NRT",289.72,3.08,"N"
"3099",41.84169,123.74966,295.18,0.46,0.39,"2026-09-09",1804,"N20","nominal","2.0NRT",284.82,0.43,"N"
"3100",31.52091,117.90084,310.96,0.4,0.37,"2026-09-09",1806,"N20","nominal","2.0NRT",289.21,0.81,"N"
"3101",42.15175,121.70618,302.39,0.4,0.37,"2026-09-09",1804,"N20","nominal","2.0NRT",287.23,1.21,"N"
"3102",31.51948,117.75252,305.74,0.39,0.36,"2026-09-09",1806,"N20","nominal","2.0NRT",288.9,0.94,"N"
"3103",31.48326,117.90635,299.7,0.4,0.37,"2026-09-09",1806,"N20","nominal","2.0NRT",288.5,0.59,"N"
"3104",41.7398,123.81125,299.17,0.46,0.39,"2026-09-09",1804,"N20","nominal","2.0NRT",284.12,0.77,"N"
"3105",41.73628,123.81004,298.82,0.46,0.39,"2026-09-09",1804,"N20","nominal","2.0NRT",282.19,0.77,"N"
"3106",31.47574,117.9304,317.69,0.4,0.37,"2026-09-09",1806,"N20","nominal","2.0NRT",291.26,2.17,"N"
"3107",41.73802,123.80969,296.87,0.46,0.39,"2026-09-09",1804,"N20","nominal","2.0NRT",283.25,1.09,"N"
"3108",31.11645,119.69974,302.82,0.45,0.39,"2026-09-09",1806,"N20","nominal","2.0NRT",288.86,0.7,"N"
"3109",42.08401,121.74349,298.16,0.4,0.37,"2026-09-09",1804,"N20","nominal","2.0NRT",284.14,0.63,"N"
"3110",31.09624,119.68982,306.73,0.45,0.39,"2026-09-09",1806,"N20","nominal","2.0NRT",289.3,1.08,"N"
"3111",42.21531,120.817,312.99,0.39,0.36,"2026-09-09",1804,"N20","nominal","2.0NRT",281.25,1.37,"N"
"3112",41.98436,121.6851,299.41,0.4,0.37,"2026-09-09",1804,"N20","nominal","2.0NRT",289.4,1.23,"N"
"3113",31.09007,119.68351,304,0.45,0.39,"2026-09-09",1806,"N20","nominal","2.0NRT",288.9,0.69,"N"
"3114",42.27568,119.01872,299.1,0.39,0.36,"2026-09-09",1804,"N20","nominal","2.0NRT",282.52,1.22,"N"
"3115",31.06305,119.59261,302.64,0.45,0.39,"2026-09-09",1806,"N20","nominal","2.0NRT",288.85,0.37,"N"
"3116",42.25162,119.13267,329.48,0.39,0.36,"2026-09-09",1804,"N20","nominal","2.0NRT",286.21,3.66,"N"
"3117",31.23025,118.37805,300.15,0.41,0.37,"2026-09-09",1806,"N20","nominal","2.0NRT",288.17,0.44,"N"
"3118",41.34879,123.73799,297.15,0.46,0.39,"2026-09-09",1804,"N20","nominal","2.0NRT",282.62,0.92,"N"
"3119",31.35399,117.43449,305.9,0.39,0.36,"2026-09-09",1806,"N20","nominal","2.0NRT",288.03,0.64,"N"
"3120",41.38625,123.48985,296.48,0.45,0.39,"2026-09-09",1804,"N20","nominal","2.0NRT",282.96,0.58,"N"
"3121",31.22707,118.14763,312.15,0.4,0.37,"2026-09-09",1806,"N20","nominal","2.0NRT",290.97,0.95,"N"
"3122",31.22301,118.15102,305.64,0.4,0.37,"2026-09-09",1806,"N20","nominal","2.0NRT",289.02,0.95,"N"
"3123",41.3542,123.50128,303.07,0.45,0.39,"2026-09-09",1804,"N20","nominal","2.0NRT",285.4,1.03,"N"
"3124",31.13957,118.17061,315.8,0.4,0.37,"2026-09-09",1806,"N20","nominal","2.0NRT",289.61,2.93,"N"
"3125",41.35455,123.50491,302.95,0.45,0.39,"2026-09-09",1804,"N20","nominal","2.0NRT",284.92,0.56,"N"
"3126",31.13622,118.16982,339.59,0.4,0.37,"2026-09-09",1806,"N20","nominal","2.0NRT",292.83,2.93,"N"
"3127",41.34666,123.46855,303.94,0.45,0.39,"2026-09-09",1804,"N20","nominal","2.0NRT",284.81,1.09,"N"
"3128",31.13695,118.16563,311.97,0.4,0.37,"2026-09-09",1806,"N20","nominal","2.0NRT",289.4,1.78,"N"
"3129",41.28227,123.74247,300.23,0.46,0.39,"2026-09-09",1804,"N20","nominal","2.0NRT",286.75,1.05,"N"
"3130",31.13341,118.01455,306.81,0.4,0.37,"2026-09-09",1806,"N20","nominal","2.0NRT",288.78,0.71,"N"
"3131",41.28402,123.71432,306.07,0.46,0.39,"2026-09-09",1804,"N20","nominal","2.0NRT",284.95,1.41,"N"
"3132",31.01576,118.69427,299.92,0.42,0.37,"2026-09-09",1806,"N20","nominal","2.0NRT",288.41,0.44,"N"
"3133",41.2798,123.73586,296.9,0.46,0.39,"2026-09-09",1804,"N20","nominal","2.0NRT",284.71,0.58,"N"
"3134",31.10054,118.02419,324.51,0.4,0.37,"2026-09-09",1806,"N20","nominal","2.0NRT",290.21,2.6,"N"
"3135",41.27875,123.74123,306.71,0.46,0.39,"2026-09-09",1804,"N20","nominal","2.0NRT",286.74,1.05,"N"
"3136",31.09315,118.02676,307.11,0.4,0.37,"2026-09-09",1806,"N20","nominal","2.0NRT",288.9,1.01,"N"
"3137",41.27174,123.73858,295.87,0.46,0.39,"2026-09-09",1804,"N20","nominal","2.0NRT",283.58,0.74,"N"
"3138",31.06376,117.9555,308.38,0.4,0.37,"2026-09-09",1806,"N20","nominal","2.0NRT",288.68,0.53,"N"
"3139",41.30382,123.32526,300.89,0.45,0.39,"2026-09-09",1804,"N20","nominal","2.0NRT",285.41,0.9,"N"
"3140",41.22984,123.62682,316.03,0.46,0.39,"2026-09-09",1804,"N20","nominal","2.0NRT",284.55,2.02,"N"
"3141",30.99308,117.79086,309.07,0.4,0.37,"2026-09-09",1806,"N20","nominal","2.0NRT",287.47,1.31,"N"
"3142",41.22034,123.61791,302.22,0.46,0.39,"2026-09-09",1804,"N20","nominal","2.0NRT",287.53,1.05,"N"
"3143",30.78554,118.97234,306.17,0.43,0.38,"2026-09-09",1806,"N20","nominal","2.0NRT",289.59,1.14,"N"
"3144",41.21875,123.61689,303.19,0.46,0.39,"2026-09-09",1804,"N20","nominal","2.0NRT",287.72,1.16,"N"
"3145",30.99185,117.77779,303.76,0.4,0.37,"2026-09-09",1806,"N20","nominal","2.0NRT",285.84,1.48,"N"
"3146",42.01313,118.97483,299.77,0.39,0.36,"2026-09-09",1804,"N20","nominal","2.0NRT",282.28,0.49,"N"
"3147",29.91815,121.87941,300.85,0.4,0.44,"2026-09-09",1806,"N20","nominal","2.0NRT",290.69,0.94,"N"
"3148",41.56105,121.2914,313.79,0.4,0.37,"2026-09-09",1804,"N20","nominal","2.0NRT",285.92,1.33,"N"
"3149",29.91418,121.87833,300.31,0.4,0.44,"2026-09-09",1806,"N20","nominal","2.0NRT",289,0.94,"N"
"3150",41.55775,121.29037,308.64,0.4,0.37,"2026-09-09",1804,"N20","nominal","2.0NRT",287.44,1.33,"N"
"3151",29.97941,121.02922,302.87,0.54,0.42,"2026-09-09",1806,"N20","nominal","2.0NRT",289.39,0.45,"N"
"3152",41.83161,119.2906,295.71,0.38,0.36,"2026-09-09",1804,"N20","nominal","2.0NRT",284.86,0.69,"N"
"3153",30.21313,116.52819,301.84,0.39,0.36,"2026-09-09",1806,"N20","nominal","2.0NRT",287.87,0.29,"N"
"3154",41.8309,119.29518,295.76,0.38,0.36,"2026-09-09",1804,"N20","nominal","2.0NRT",283.44,0.69,"N"
"3155",30.39484,114.94062,302.43,0.39,0.36,"2026-09-09",1806,"N20","nominal","2.0NRT",289.5,0.53,"N"
"3156",41.78143,119.48155,317.54,0.38,0.36,"2026-09-09",1804,"N20","nominal","2.0NRT",277.96,1.64,"N"
"3157",30.39752,114.85339,306.45,0.39,0.36,"2026-09-09",1806,"N20","nominal","2.0NRT",289.75,1.06,"N"
"3158",41.19479,122.87504,295.43,0.44,0.38,"2026-09-09",1804,"N20","nominal","2.0NRT",285.4,0.68,"N"
"3159",30.1115,115.24312,302.38,0.39,0.36,"2026-09-09",1806,"N20","nominal","2.0NRT",287.4,0.91,"N"
"3160",41.19136,122.87389,295.71,0.44,0.38,"2026-09-09",1804,"N20","nominal","2.0NRT",283.96,1.2,"N"
"3161",29.94254,115.36989,320.67,0.39,0.36,"2026-09-09",1806,"N20","nominal","2.0NRT",290.65,2.08,"N"
"3162",41.15239,123.00179,303.88,0.44,0.38,"2026-09-09",1804,"N20","nominal","2.0NRT",286.05,0.61,"N"
"3163",29.90909,115.38883,306.01,0.39,0.36,"2026-09-09",1806,"N20","nominal","2.0NRT",288.89,1.08,"N"
"3164",41.15382,122.9751,300.09,0.44,0.38,"2026-09-09",1804,"N20","nominal","2.0NRT",284.47,0.44,"N"
"3165",29.89396,115.44297,317.18,0.39,0.36,"2026-09-09",1806,"N20","nominal","2.0NRT",290.66,2.07,"N"
"3166",41.15037,122.97394,302.03,0.44,0.38,"2026-09-09",1804,"N20","nominal","2.0NRT",288.42,0.93,"N"
"3167",29.25614,117.1793,315.3,0.4,0.37,"2026-09-09",1809,"N20","nominal","2.0NRT",291.78,1.15,"N"
"3168",41.14842,122.98414,300.72,0.44,0.38,"2026-09-09",1804,"N20","nominal","2.0NRT",288.09,1.31,"N"
"3169",29.2535,117.17456,306,0.4,0.37,"2026-09-09",1809,"N20","nominal","2.0NRT",292.11,1.16,"N"
"3170",41.16539,122.87608,298.37,0.44,0.38,"2026-09-09",1804,"N20","nominal","2.0NRT",280.81,1.11,"N"
"3171",29.25283,117.17852,306,0.4,0.37,"2026-09-09",1809,"N20","nominal","2.0NRT",292.71,1.16,"N"
"3172",41.14693,122.97279,299.48,0.44,0.38,"2026-09-09",1804,"N20","nominal","2.0NRT",289.43,0.93,"N"
"3173",29.25018,117.17378,323.32,0.4,0.37,"2026-09-09",1809,"N20","nominal","2.0NRT",292.53,1.16,"N"
"3174",41.14204,122.99834,299.23,0.44,0.38,"2026-09-09",1804,"N20","nominal","2.0NRT",287.08,0.47,"N"
"3175",28.8893,118.87324,309.26,0.44,0.39,"2026-09-09",1809,"N20","nominal","2.0NRT",295.8,1.34,"N"
"3176",41.14251,122.97675,305.47,0.44,0.38,"2026-09-09",1804,"N20","nominal","2.0NRT",289.06,1.3,"N"
"3177",28.94872,118.48205,305.68,0.43,0.38,"2026-09-09",1809,"N20","nominal","2.0NRT",291.09,0.65,"N"
"3178",41.13859,122.99718,303.62,0.44,0.38,"2026-09-09",1804,"N20","nominal","2.0NRT",289.56,1.41,"N"
"3179",30.28155,107.16205,309.47,0.6,0.53,"2026-09-09",1809,"N20","nominal","2.0NRT",287.27,1.27,"N"
"3180",41.13613,122.99091,325.01,0.44,0.38,"2026-09-09",1804,"N20","nominal","2.0NRT",290.45,2.15,"N"
"3181",30.28394,107.16247,309.83,0.6,0.53,"2026-09-09",1809,"N20","nominal","2.0NRT",287.01,1.8,"N"
"3182",41.14101,122.96541,302.95,0.44,0.38,"2026-09-09",1804,"N20","nominal","2.0NRT",288.84,1.75,"N"
"3183",28.72157,117.1517,301.72,0.4,0.37,"2026-09-09",1809,"N20","nominal","2.0NRT",290.87,0.63,"N"
"3184",41.13515,122.99603,312.36,0.44,0.38,"2026-09-09",1804,"N20","nominal","2.0NRT",289.89,1.41,"N"
"3185",28.62897,117.37964,325.73,0.4,0.37,"2026-09-09",1809,"N20","nominal","2.0NRT",294.19,2.76,"N"
"3186",29.83155,107.60743,306.15,0.56,0.51,"2026-09-09",1809,"N20","nominal","2.0NRT",290.62,1.32,"N"
"3187",41.13561,122.97446,315.22,0.44,0.38,"2026-09-09",1804,"N20","nominal","2.0NRT",286.48,1.37,"N"
"3188",41.1312,122.97838,301.6,0.44,0.38,"2026-09-09",1804,"N20","nominal","2.0NRT",289.38,1.37,"N"
"3189",29.83044,107.60661,309.05,0.55,0.51,"2026-09-09",1809,"N20","nominal","2.0NRT",290.72,2.07,"N"
"3190",41.52903,120.36998,312.17,0.39,0.36,"2026-09-09",1804,"N20","nominal","2.0NRT",286.28,1.23,"N"
"3191",28.64669,115.99461,323.32,0.38,0.36,"2026-09-09",1809,"N20","nominal","2.0NRT",292.93,1.43,"N"
"3192",41.52324,120.3635,315.75,0.39,0.36,"2026-09-09",1804,"N20","nominal","2.0NRT",283.99,1.63,"N"
"3193",28.64732,115.99071,306.89,0.38,0.36,"2026-09-09",1809,"N20","nominal","2.0NRT",292.02,1.43,"N"
"3194",41.52248,120.36806,306.36,0.39,0.36,"2026-09-09",1804,"N20","nominal","2.0NRT",285.61,1.68,"N"
"3195",28.33818,117.21344,313.43,0.4,0.37,"2026-09-09",1809,"N20","nominal","2.0NRT",292.91,1.67,"N"
"3196",40.97983,122.94031,306.75,0.44,0.38,"2026-09-09",1804,"N20","nominal","2.0NRT",287.6,1.38,"N"
"3197",28.33346,117.22077,318.81,0.4,0.37,"2026-09-09",1809,"N20","nominal","2.0NRT",293.56,1.91,"N"
"3198",41.2827,119.41663,306.95,0.38,0.36,"2026-09-09",1804,"N20","nominal","2.0NRT",286.4,0.94,"N"
"3199",29.59126,107.42782,307.05,0.57,0.52,"2026-09-09",1809,"N20","nominal","2.0NRT",290.87,2.36,"N"
"3200",41.2729,119.41392,298.71,0.38,0.36,"2026-09-09",1804,"N20","nominal","2.0NRT",284.11,0.64,"N"
"3201",28.28924,115.71622,308.51,0.38,0.36,"2026-09-09",1809,"N20","nominal","2.0NRT",290.81,0.6,"N"
"3202",41.0212,120.8215,299.25,0.39,0.36,"2026-09-09",1804,"N20","nominal","2.0NRT",283.05,0.39,"N"
"3203",28.17897,114.62984,309.7,0.39,0.36,"2026-09-09",1809,"N20","nominal","2.0NRT",290.66,0.99,"N"
"3204",41.00803,120.81762,303.17,0.39,0.36,"2026-09-09",1804,"N20","nominal","2.0NRT",285.1,0.77,"N"
"3205",27.90931,114.70442,307.75,0.39,0.36,"2026-09-09",1809,"N20","nominal","2.0NRT",291.52,0.67,"N"
"3206",27.43775,117.40305,325.77,0.41,0.37,"2026-09-09",1809,"N20","nominal","2.0NRT",293.98,4.92,"N"
"3207",40.66648,122.59591,299.07,0.43,0.38,"2026-09-09",1804,"N20","nominal","2.0NRT",284.4,0.85,"N"
"3208",27.43848,117.39885,301.93,0.41,0.37,"2026-09-09",1809,"N20","nominal","2.0NRT",289.54,2.65,"N"
"3209",40.67173,122.38448,311.19,0.43,0.38,"2026-09-09",1804,"N20","nominal","2.0NRT",290.34,0.96,"N"
"3210",27.7867,114.90591,306.82,0.39,0.36,"2026-09-09",1809,"N20","nominal","2.0NRT",293.55,0.95,"N"
"3211",27.78161,114.91689,312.98,0.39,0.36,"2026-09-09",1809,"N20","nominal","2.0NRT",293.48,1.74,"N"
"3212",40.67081,122.38943,298.39,0.43,0.38,"2026-09-09",1804,"N20","nominal","2.0NRT",288.21,0.96,"N"
"3213",27.77831,114.91625,309.64,0.39,0.36,"2026-09-09",1809,"N20","nominal","2.0NRT",293.29,1.34,"N"
"3214",40.66807,122.40431,313.16,0.43,0.38,"2026-09-09",1804,"N20","nominal","2.0NRT",287.59,0.99,"N"
"3215",26.7674,119.76559,307.39,0.52,0.42,"2026-09-09",1809,"N20","nominal","2.0NRT",293.47,1.84,"N"
"3216",41.89211,114.0712,298.76,0.53,0.42,"2026-09-09",1804,"N20","nominal","2.0NRT",279.77,1.38,"N"
"3217",26.76364,119.76468,310.2,0.52,0.42,"2026-09-09",1809,"N20","nominal","2.0NRT",292.28,1.84,"N"
"3218",40.61073,122.57591,302.13,0.43,0.38,"2026-09-09",1804,"N20","nominal","2.0NRT",285.19,1.38,"N"
"3219",26.73355,119.6348,328.05,0.51,0.41,"2026-09-09",1809,"N20","nominal","2.0NRT",292.54,6.21,"N"
"3220",40.60886,122.58594,300.36,0.43,0.38,"2026-09-09",1804,"N20","nominal","2.0NRT",283.74,0.4,"N"
"3221",26.49966,119.64954,305.88,0.52,0.41,"2026-09-09",1809,"N20","nominal","2.0NRT",291.14,1.49,"N"
"3222",41.86129,114.10357,295.79,0.52,0.42,"2026-09-09",1804,"N20","nominal","2.0NRT",274.7,1.09,"N"
"3223",26.49492,119.65376,313.11,0.52,0.41,"2026-09-09",1809,"N20","nominal","2.0NRT",291.09,1.49,"N"
"3224",40.80381,120.72807,295.08,0.39,0.36,"2026-09-09",1804,"N20","nominal","2.0NRT",284.6,0.48,"N"
"3225",26.78358,117.77518,303.88,0.43,0.38,"2026-09-09",1809,"N20","nominal","2.0NRT",290.36,0.37,"N"
"3226",40.93355,119.88948,318.33,0.39,0.36,"2026-09-09",1804,"N20","nominal","2.0NRT",280.26,1.73,"N"
"3227",26.25939,117.60725,326.89,0.43,0.38,"2026-09-09",1809,"N20","nominal","2.0NRT",294.91,2.89,"N"
"3228",40.84826,120.22002,295.39,0.39,0.36,"2026-09-09",1804,"N20","nominal","2.0NRT",284.65,0.46,"N"
"3229",26.39689,115.76906,307.54,0.39,0.36,"2026-09-09",1809,"N20","nominal","2.0NRT",291.84,0.52,"N"
"3230",40.7262,120.93697,312.56,0.4,0.37,"2026-09-09",1804,"N20","nominal","2.0NRT",288.86,1.7,"N"
"3231",25.35458,117.37277,313.62,0.43,0.38,"2026-09-09",1809,"N20","nominal","2.0NRT",288.46,2.42,"N"
"3232",25.3557,117.37412,317.53,0.43,0.38,"2026-09-09",1809,"N20","nominal","2.0NRT",289.55,2.19,"N"
"3233",41.02072,118.79542,299.6,0.39,0.36,"2026-09-09",1804,"N20","nominal","2.0NRT",281.66,0.72,"N"
"3234",26.64678,107.5098,300.86,0.52,0.5,"2026-09-09",1809,"N20","nominal","2.0NRT",288.61,1.4,"N"
"3235",40.80972,119.46956,301.31,0.38,0.36,"2026-09-09",1804,"N20","nominal","2.0NRT",286.28,0.85,"N"
"3236",25.18292,116.72244,319.98,0.41,0.37,"2026-09-09",1809,"N20","nominal","2.0NRT",292.1,2.12,"N"
"3237",40.31679,122.14626,332.08,0.42,0.38,"2026-09-09",1804,"N20","nominal","2.0NRT",288.35,3.29,"N"
"3238",25.18024,116.71771,299.97,0.41,0.37,"2026-09-09",1809,"N20","nominal","2.0NRT",289.95,0.66,"N"
"3239",40.31271,122.12951,314.84,0.42,0.38,"2026-09-09",1804,"N20","nominal","2.0NRT",290,1.77,"N"
"3240",25.45533,114.89153,306.64,0.38,0.36,"2026-09-09",1809,"N20","nominal","2.0NRT",293.04,1.2,"N"
"3241",25.57526,113.53577,304.64,0.39,0.37,"2026-09-09",1809,"N20","nominal","2.0NRT",288.99,0.68,"N"
"3242",41.53477,113.58832,305.54,0.55,0.42,"2026-09-09",1804,"N20","nominal","2.0NRT",278.93,0.95,"N"
"3243",25.59738,112.53586,304.02,0.42,0.38,"2026-09-09",1809,"N20","nominal","2.0NRT",289.94,0.98,"N"
"3244",39.44531,126.02171,323.19,0.42,0.45,"2026-09-09",1804,"N20","nominal","2.0NRT",285.36,2.84,"N"
"3245",24.2247,120.49013,308.48,0.42,0.45,"2026-09-09",1809,"N20","nominal","2.0NRT",293.65,1.57,"N"
"3246",40.95172,117.72003,307.56,0.4,0.37,"2026-09-09",1804,"N20","nominal","2.0NRT",283.04,1.75,"N"
"3247",24.22295,120.48669,304.34,0.42,0.45,"2026-09-09",1809,"N20","nominal","2.0NRT",291.95,1.48,"N"
"3248",26.2477,106.74165,312.62,0.57,0.52,"2026-09-09",1809,"N20","nominal","2.0NRT",287.54,2.13,"N"
"3249",40.94106,117.72226,302.96,0.4,0.37,"2026-09-09",1804,"N20","nominal","2.0NRT",285.65,0.97,"N"
"3250",24.82583,117.01442,308.75,0.42,0.38,"2026-09-09",1809,"N20","nominal","2.0NRT",290.33,0.89,"N"
"3251",40.3411,121.10481,319.44,0.4,0.37,"2026-09-09",1804,"N20","nominal","2.0NRT",293.86,1.02,"N"
"3252",24.63135,117.6009,314.11,0.44,0.39,"2026-09-09",1809,"N20","nominal","2.0NRT",292.46,1.8,"N"
"3253",24.73943,116.18299,318.51,0.4,0.37,"2026-09-09",1809,"N20","nominal","2.0NRT",293.27,2.12,"N"
"3254",40.78482,118.25902,297.18,0.39,0.36,"2026-09-09",1804,"N20","nominal","2.0NRT",282.22,0.69,"N"
"3255",25.46802,110.36839,309.26,0.51,0.41,"2026-09-09",1809,"N20","nominal","2.0NRT",291.67,1.19,"N"
"3256",40.65623,118.52499,304.33,0.39,0.36,"2026-09-09",1804,"N20","nominal","2.0NRT",283.36,0.87,"N"
"3257",23.77498,120.18955,308.44,0.41,0.45,"2026-09-09",1809,"N20","nominal","2.0NRT",292.66,1.25,"N"
"3258",40.24182,121.02375,317.33,0.4,0.37,"2026-09-09",1804,"N20","nominal","2.0NRT",293.34,0.97,"N"
"3259",40.43177,119.22494,300.04,0.38,0.36,"2026-09-09",1804,"N20","nominal","2.0NRT",280.68,1.1,"N"
"3260",24.70682,113.62168,311.16,0.39,0.36,"2026-09-09",1809,"N20","nominal","2.0NRT",294.04,1.69,"N"
"3261",40.57064,117.67928,296.72,0.39,0.37,"2026-09-09",1804,"N20","nominal","2.0NRT",283.93,0.63,"N"
"3262",24.7006,113.64026,309.15,0.39,0.36,"2026-09-09",1809,"N20","nominal","2.0NRT",294.05,1.52,"N"
"3263",40.52279,117.60513,314.67,0.4,0.37,"2026-09-09",1804,"N20","nominal","2.0NRT",284.04,1.6,"N"
"3264",40.51413,117.5934,300.3,0.4,0.37,"2026-09-09",1804,"N20","nominal","2.0NRT",283.22,0.98,"N"
"3265",25.70029,103.86541,296.65,0.43,0.62,"2026-09-09",1809,"N20","nominal","2.0NRT",286.24,0.76,"N"
"3266",40.51347,117.59805,298.74,0.4,0.37,"2026-09-09",1804,"N20","nominal","2.0NRT",284.52,0.76,"N"
"3267",25.69461,103.86473,303.47,0.43,0.62,"2026-09-09",1809,"N20","nominal","2.0NRT",286.48,1.07,"N"
"3268",39.95707,120.80721,311.41,0.4,0.37,"2026-09-09",1804,"N20","nominal","2.0NRT",293.41,0.75,"N"
"3269",25.69794,103.86536,309.08,0.43,0.62,"2026-09-09",1809,"N20","nominal","2.0NRT",287.9,1.94,"N"
"3270",41.30402,108.56919,311.66,0.32,0.55,"2026-09-09",1804,"N20","nominal","2.0NRT",284.41,0.97,"N"
"3271",25.6544,104.04153,296.23,0.42,0.61,"2026-09-09",1809,"N20","nominal","2.0NRT",284.75,0.8,"N"
"3272",41.30528,108.56992,310.15,0.32,0.55,"2026-09-09",1804,"N20","nominal","2.0NRT",283.33,1.14,"N"
"3273",23.83797,117.39158,304.36,0.44,0.39,"2026-09-09",1809,"N20","nominal","2.0NRT",291.32,0.49,"N"
"3274",40.22702,118.20749,300.56,0.39,0.36,"2026-09-09",1804,"N20","nominal","2.0NRT",284.83,0.46,"N"
"3275",24.26904,113.41585,329.64,0.39,0.36,"2026-09-09",1809,"N20","nominal","2.0NRT",294.56,4.18,"N"
"3276",40.21512,118.21847,304.94,0.39,0.36,"2026-09-09",1804,"N20","nominal","2.0NRT",287.37,1.36,"N"
"3277",40.2125,118.21314,300.64,0.39,0.36,"2026-09-09",1804,"N20","nominal","2.0NRT",289.47,0.55,"N"
"3278",24.25401,113.40572,307.95,0.39,0.36,"2026-09-09",1809,"N20","nominal","2.0NRT",288.23,2.04,"N"
"3279",40.21048,118.22667,305.6,0.39,0.36,"2026-09-09",1804,"N20","nominal","2.0NRT",286.3,1.07,"N"
"3280",25.30478,103.88653,298.27,0.42,0.61,"2026-09-09",1809,"N20","nominal","2.0NRT",286.33,1.06,"N"
"3281",25.29278,103.89386,301.46,0.42,0.61,"2026-09-09",1809,"N20","nominal","2.0NRT",287.02,0.79,"N"
"3282",40.20921,118.2123,297.96,0.39,0.36,"2026-09-09",1804,"N20","nominal","2.0NRT",285.83,0.55,"N"
"3283",40.19858,118.23766,300.09,0.39,0.36,"2026-09-09",1804,"N20","nominal","2.0NRT",285.24,0.69,"N"
"3284",24.17254,112.76312,316.74,0.4,0.37,"2026-09-09",1809,"N20","nominal","2.0NRT",293.93,1.97,"N"
"3285",25.01886,103.2159,301.86,0.46,0.64,"2026-09-09",1809,"N20","nominal","2.0NRT",286.34,1.26,"N"
"3286",40.11363,118.72813,330.16,0.38,0.36,"2026-09-09",1804,"N20","nominal","2.0NRT",288.43,3.48,"N"
"3287",40.11294,118.73258,311.5,0.38,0.36,"2026-09-09",1804,"N20","nominal","2.0NRT",289.33,2,"N"
"3288",25.02007,103.21304,297.07,0.46,0.64,"2026-09-09",1809,"N20","nominal","2.0NRT",286.56,1.59,"N"
"3289",22.546,120.35291,330.29,0.44,0.46,"2026-09-09",1809,"N20","nominal","2.0NRT",294.75,4.13,"N"
"3290",40.10966,118.73172,324.74,0.38,0.36,"2026-09-09",1804,"N20","nominal","2.0NRT",290.95,2,"N"
"3291",22.54264,120.34776,311.49,0.44,0.46,"2026-09-09",1809,"N20","nominal","2.0NRT",293.83,2.25,"N"
"3292",40.10897,118.73618,327.3,0.38,0.36,"2026-09-09",1804,"N20","nominal","2.0NRT",289.84,2,"N"
"3293",22.53678,120.3552,310.84,0.44,0.46,"2026-09-09",1809,"N20","nominal","2.0NRT",294.82,3.86,"N"
"3294",39.80059,120.6148,320.33,0.4,0.37,"2026-09-09",1804,"N20","nominal","2.0NRT",294.29,1.15,"N"
"3295",24.96359,102.38293,301.05,0.52,0.67,"2026-09-09",1809,"N20","nominal","2.0NRT",287.06,1.52,"N"
"3296",39.80138,120.61024,318.34,0.4,0.37,"2026-09-09",1804,"N20","nominal","2.0NRT",293.57,1.15,"N"
"3297",24.95786,102.37628,297,0.52,0.67,"2026-09-09",1809,"N20","nominal","2.0NRT",286.72,3.66,"N"
"3298",40.18617,118.07275,307.8,0.39,0.36,"2026-09-09",1804,"N20","nominal","2.0NRT",288.39,1.36,"N"
"3299",24.95854,102.37542,302.09,0.52,0.67,"2026-09-09",1809,"N20","nominal","2.0NRT",287.29,1.95,"N"
"3300",40.58811,115.09312,315.06,0.46,0.39,"2026-09-09",1804,"N20","nominal","2.0NRT",284.08,1.24,"N"
"3301",23.14287,116.20986,302.5,0.41,0.37,"2026-09-09",1809,"N20","nominal","2.0NRT",290.51,0.47,"N"
"3302",40.1849,118.05834,309.12,0.39,0.36,"2026-09-09",1804,"N20","nominal","2.0NRT",291.36,1.3,"N"
"3303",23.58847,111.63892,315.55,0.43,0.38,"2026-09-09",1809,"N20","nominal","2.0NRT",291.73,1.39,"N"
"3304",40.18423,118.06287,304.29,0.39,0.36,"2026-09-09",1804,"N20","nominal","2.0NRT",290.77,1.94,"N"
"3305",24.29046,103.45309,300.55,0.44,0.62,"2026-09-09",1809,"N20","nominal","2.0NRT",287.45,1.25,"N"
"3306",40.18153,118.08096,313.86,0.39,0.36,"2026-09-09",1804,"N20","nominal","2.0NRT",289.58,1.83,"N"
"3307",23.42549,111.1481,308.36,0.45,0.39,"2026-09-09",1809,"N20","nominal","2.0NRT",294.36,1.8,"N"
"3308",40.12714,118.44106,296.23,0.39,0.36,"2026-09-09",1804,"N20","nominal","2.0NRT",286.16,0.63,"N"
"3309",40.12646,118.44552,302.64,0.39,0.36,"2026-09-09",1804,"N20","nominal","2.0NRT",287.45,0.63,"N"
"3310",23.38206,111.15333,306.58,0.45,0.39,"2026-09-09",1809,"N20","nominal","2.0NRT",295.01,1.05,"N"
"3311",40.1816,118.05751,328.98,0.39,0.36,"2026-09-09",1804,"N20","nominal","2.0NRT",289.42,3.04,"N"
"3312",23.3773,111.1614,320.01,0.45,0.39,"2026-09-09",1809,"N20","nominal","2.0NRT",296.85,2.81,"N"
"3313",41.08642,110.02614,297.95,0.54,0.51,"2026-09-09",1804,"N20","nominal","2.0NRT",279.27,1.01,"N"
"3314",23.37433,111.15662,326.99,0.45,0.39,"2026-09-09",1809,"N20","nominal","2.0NRT",295.66,2.81,"N"
"3315",40.17763,118.0612,302.39,0.39,0.36,"2026-09-09",1804,"N20","nominal","2.0NRT",289.38,1.32,"N"
"3316",23.37077,111.15611,306.26,0.45,0.39,"2026-09-09",1809,"N20","nominal","2.0NRT",294.21,1.53,"N"
"3317",40.17501,118.05583,345.42,0.39,0.36,"2026-09-09",1804,"N20","nominal","2.0NRT",292.6,3.35,"N"
"3318",23.24431,111.57312,318.28,0.43,0.38,"2026-09-09",1809,"N20","nominal","2.0NRT",294.86,3.02,"N"
"3319",40.17568,118.05129,315.59,0.39,0.36,"2026-09-09",1804,"N20","nominal","2.0NRT",293.34,3.35,"N"
"3320",23.24081,111.57264,304.82,0.43,0.38,"2026-09-09",1809,"N20","nominal","2.0NRT",293.01,0.49,"N"
"3321",40.17433,118.06036,298.21,0.39,0.36,"2026-09-09",1804,"N20","nominal","2.0NRT",286.9,0.66,"N"
"3322",23.96583,103.19788,298.81,0.45,0.63,"2026-09-09",1809,"N20","nominal","2.0NRT",287.06,3.09,"N"
"3323",40.78292,113.25285,312.03,0.56,0.43,"2026-09-09",1804,"N20","nominal","2.0NRT",278.22,2.17,"N"
"3324",23.76677,103.66528,303.78,0.42,0.61,"2026-09-09",1809,"N20","nominal","2.0NRT",287.48,1.57,"N"
"3325",40.00718,118.55589,296.83,0.39,0.36,"2026-09-09",1804,"N20","nominal","2.0NRT",285.15,0.46,"N"
"3326",39.86115,119.22546,302.84,0.38,0.36,"2026-09-09",1804,"N20","nominal","2.0NRT",284.29,0.75,"N"
"3327",22.92624,109.46708,310.77,0.54,0.42,"2026-09-09",1809,"N20","nominal","2.0NRT",292.03,1.98,"N"
"3328",39.96387,118.54926,328.16,0.39,0.36,"2026-09-09",1804,"N20","nominal","2.0NRT",291.72,2.15,"N"
"3329",22.7088,109.80548,308.35,0.51,0.41,"2026-09-09",1809,"N20","nominal","2.0NRT",291.9,1.51,"N"
"3330",39.96059,118.54842,328.6,0.39,0.36,"2026-09-09",1804,"N20","nominal","2.0NRT",291.35,2.15,"N"
"3331",39.95799,118.54312,314.03,0.39,0.36,"2026-09-09",1804,"N20","nominal","2.0NRT",292.51,1.76,"N"
"3332",22.70909,109.8037,306.58,0.51,0.41,"2026-09-09",1809,"N20","nominal","2.0NRT",292.03,1.65,"N"
"3333",39.95144,118.54146,301.03,0.39,0.36,"2026-09-09",1804,"N20","nominal","2.0NRT",288.01,0.65,"N"
"3334",22.52436,107.80938,319.23,0.44,0.46,"2026-09-09",1811,"N20","nominal","2.0NRT",292.18,2.15,"N"
"3335",39.94611,118.55392,313.38,0.39,0.36,"2026-09-09",1804,"N20","nominal","2.0NRT",291.02,1.24,"N"
"3336",22.52544,107.80705,319.98,0.44,0.46,"2026-09-09",1811,"N20","nominal","2.0NRT",291.5,1.99,"N"
"3337",39.94542,118.55837,299.61,0.39,0.36,"2026-09-09",1804,"N20","nominal","2.0NRT",286.84,1.24,"N"
"3338",22.18421,107.78418,307.45,0.44,0.46,"2026-09-09",1811,"N20","nominal","2.0NRT",291.62,1.19,"N"
"3339",39.94474,118.56284,311.32,0.39,0.36,"2026-09-09",1804,"N20","nominal","2.0NRT",287.98,1.63,"N"
"3340",21.68416,108.41371,307.84,0.4,0.44,"2026-09-09",1811,"N20","nominal","2.0NRT",294.03,1.76,"N"
"3341",39.94214,118.55753,297.8,0.39,0.36,"2026-09-09",1804,"N20","nominal","2.0NRT",287.26,0.84,"N"
"3342",21.67655,108.4087,306.07,0.4,0.44,"2026-09-09",1811,"N20","nominal","2.0NRT",292.03,1.77,"N"
"3343",39.9394,118.57535,301.59,0.38,0.36,"2026-09-09",1804,"N20","nominal","2.0NRT",289.64,1.29,"N"
"3344",21.67607,108.41252,311.24,0.4,0.44,"2026-09-09",1811,"N20","nominal","2.0NRT",293.82,1.81,"N"
"3345",39.93597,118.59762,296.66,0.38,0.36,"2026-09-09",1804,"N20","nominal","2.0NRT",285.61,0.36,"N"
"3346",21.56085,108.44025,326.89,0.39,0.44,"2026-09-09",1811,"N20","nominal","2.0NRT",294.96,3.87,"N"
"3347",39.92427,118.67331,302.06,0.38,0.36,"2026-09-09",1804,"N20","nominal","2.0NRT",288.88,0.68,"N"
"3348",21.55634,108.44344,314.84,0.39,0.44,"2026-09-09",1811,"N20","nominal","2.0NRT",294.13,1.25,"N"
"3349",39.93681,118.57004,315.18,0.38,0.36,"2026-09-09",1804,"N20","nominal","2.0NRT",289.77,1.29,"N"
"3350",39.91238,118.68407,313.32,0.38,0.36,"2026-09-09",1804,"N20","nominal","2.0NRT",289.59,2.18,"N"
"3351",21.55231,108.44283,310.22,0.39,0.44,"2026-09-09",1811,"N20","nominal","2.0NRT",293.13,1.25,"N"
"3352",39.91494,118.6014,300.64,0.38,0.36,"2026-09-09",1804,"N20","nominal","2.0NRT",284.7,0.63,"N"
"3353",21.54593,108.39545,308.23,0.39,0.44,"2026-09-09",1811,"N20","nominal","2.0NRT",294.55,1.98,"N"
"3354",39.90716,118.58549,303.7,0.38,0.36,"2026-09-09",1804,"N20","nominal","2.0NRT",289.93,1.21,"N"
"3355",21.0628,110.49954,313.25,0.45,0.39,"2026-09-09",1811,"N20","nominal","2.0NRT",296.36,2.82,"N"
"3356",21.05389,110.48479,311.47,0.46,0.39,"2026-09-09",1811,"N20","nominal","2.0NRT",296.47,2.63,"N"
"3357",39.90417,118.58305,306.52,0.38,0.36,"2026-09-09",1804,"N20","nominal","2.0NRT",289.47,2.46,"N"
"3358",20.24651,114.89956,307.4,0.4,0.37,"2026-09-09",1811,"N20","nominal","2.0NRT",293.81,1.96,"N"
"3359",39.8983,118.5769,305.87,0.38,0.36,"2026-09-09",1804,"N20","nominal","2.0NRT",288.84,0.87,"N"
"3360",20.81538,108.89878,334.91,0.54,0.42,"2026-09-09",1811,"N20","nominal","2.0NRT",295.48,7.35,"N"
"3361",21.03051,107.04152,306.62,0.47,0.48,"2026-09-09",1811,"N20","nominal","2.0NRT",291.08,1.56,"N"
"3362",39.90082,118.49421,322.98,0.39,0.36,"2026-09-09",1804,"N20","nominal","2.0NRT",286.93,1.38,"N"
"3363",21.03949,106.58829,308.56,0.5,0.49,"2026-09-09",1811,"N20","nominal","2.0NRT",291.68,1.98,"N"
"3364",39.9015,118.48975,295.71,0.39,0.36,"2026-09-09",1804,"N20","nominal","2.0NRT",284.23,1.38,"N"
"3365",19.80517,112.39848,311.66,0.39,0.36,"2026-09-09",1811,"N20","nominal","2.0NRT",295.02,2.32,"N"
"3366",39.91735,118.36395,308.84,0.39,0.36,"2026-09-09",1804,"N20","nominal","2.0NRT",287.96,0.91,"N"
"3367",20.45511,105.88551,305.37,0.55,0.51,"2026-09-09",1811,"N20","nominal","2.0NRT",291.38,2.57,"N"
"3368",39.91668,118.36841,303.04,0.39,0.36,"2026-09-09",1804,"N20","nominal","2.0NRT",285.73,0.91,"N"
"3369",20.40587,105.90009,312,0.55,0.51,"2026-09-09",1811,"N20","nominal","2.0NRT",291.85,4.34,"N"
"3370",39.88657,118.56458,300.12,0.38,0.36,"2026-09-09",1804,"N20","nominal","2.0NRT",285.46,0.72,"N"
"3371",20.3985,105.90305,306.17,0.54,0.51,"2026-09-09",1811,"N20","nominal","2.0NRT",291.48,6.63,"N"
"3372",39.88123,118.5771,297.3,0.38,0.36,"2026-09-09",1804,"N20","nominal","2.0NRT",285.1,0.65,"N"
"3373",19.87626,109.80219,315.4,0.48,0.4,"2026-09-09",1811,"N20","nominal","2.0NRT",292.54,2.26,"N"
"3374",39.88207,118.54955,305.63,0.38,0.36,"2026-09-09",1804,"N20","nominal","2.0NRT",290.1,1.59,"N"
"3375",19.43843,112.10977,313.16,0.39,0.36,"2026-09-09",1811,"N20","nominal","2.0NRT",295.61,3.62,"N"
"3376",39.8807,118.55843,319.24,0.38,0.36,"2026-09-09",1804,"N20","nominal","2.0NRT",289.75,0.85,"N"
"3377",20.09197,105.88152,306.27,0.54,0.51,"2026-09-09",1811,"N20","nominal","2.0NRT",290.51,1.85,"N"
"3378",39.87742,118.55758,304.97,0.38,0.36,"2026-09-09",1804,"N20","nominal","2.0NRT",285.93,0.85,"N"
"3379",19.35309,105.66656,318.06,0.55,0.51,"2026-09-09",1811,"N20","nominal","2.0NRT",291.25,3.41,"N"
"3380",39.92131,118.22549,325.81,0.39,0.36,"2026-09-09",1804,"N20","nominal","2.0NRT",289.74,3.03,"N"
"3381",19.35115,105.66518,312.79,0.55,0.51,"2026-09-09",1811,"N20","nominal","2.0NRT",290.32,2.16,"N"
"3382",19.35054,105.67024,305.56,0.55,0.51,"2026-09-09",1811,"N20","nominal","2.0NRT",290.32,2.16,"N"
"3383",40.18814,116.16821,296.38,0.42,0.38,"2026-09-09",1804,"N20","nominal","2.0NRT",286.14,0.83,"N"
"3384",19.33631,105.78879,304.43,0.54,0.51,"2026-09-09",1811,"N20","nominal","2.0NRT",289.47,1.94,"N"
"3385",40.97732,106.84887,295.08,0.4,0.6,"2026-09-09",1804,"N20","nominal","2.0NRT",281.94,0.45,"N"
"3386",19.27488,105.70702,306.3,0.54,0.51,"2026-09-09",1811,"N20","nominal","2.0NRT",291.24,2.1,"N"
"3387",40.96669,106.83819,304.54,0.4,0.6,"2026-09-09",1804,"N20","nominal","2.0NRT",285.49,1.43,"N"
"3388",39.85757,118.19527,310.37,0.39,0.36,"2026-09-09",1804,"N20","nominal","2.0NRT",288.44,1.09,"N"
"3389",39.74899,118.81229,298.87,0.38,0.36,"2026-09-09",1804,"N20","nominal","2.0NRT",285.87,1.1,"N"
"3390",39.74759,118.82115,306.69,0.38,0.36,"2026-09-09",1804,"N20","nominal","2.0NRT",287.54,0.96,"N"
"3391",39.19493,122.04876,299.14,0.43,0.38,"2026-09-09",1804,"N20","nominal","2.0NRT",283.12,1.18,"N"
"3392",39.46606,120.45181,331.23,0.4,0.37,"2026-09-09",1804,"N20","nominal","2.0NRT",294.23,4.01,"N"
"3393",40.972,106.85022,298.93,0.4,0.6,"2026-09-09",1804,"N20","nominal","2.0NRT",284.08,1.1,"N"
"3394",40.96717,106.83577,301.46,0.4,0.6,"2026-09-09",1804,"N20","nominal","2.0NRT",283.16,1.34,"N"
"3395",39.81666,118.19603,317.18,0.39,0.36,"2026-09-09",1804,"N20","nominal","2.0NRT",284.74,1.38,"N"
"3396",39.70958,118.88953,308.94,0.38,0.36,"2026-09-09",1804,"N20","nominal","2.0NRT",286.49,0.9,"N"
"3397",39.74719,118.62723,300.94,0.38,0.36,"2026-09-09",1804,"N20","nominal","2.0NRT",290.56,1.2,"N"
"3398",40.93358,106.84157,295.95,0.4,0.6,"2026-09-09",1804,"N20","nominal","2.0NRT",283.73,0.7,"N"
"3399",39.69789,118.87723,310.37,0.38,0.36,"2026-09-09",1804,"N20","nominal","2.0NRT",286.47,1.95,"N"
"3400",39.74988,118.52169,303.66,0.38,0.36,"2026-09-09",1804,"N20","nominal","2.0NRT",285.65,0.89,"N"
"3401",39.75549,118.46309,301.53,0.39,0.36,"2026-09-09",1804,"N20","nominal","2.0NRT",287.88,0.59,"N"
"3402",40.69334,110.20127,296.08,0.52,0.5,"2026-09-09",1804,"N20","nominal","2.0NRT",278.43,2.19,"N"
"3403",39.66356,118.90042,330.94,0.38,0.36,"2026-09-09",1804,"N20","nominal","2.0NRT",293.03,2.02,"N"
"3404",39.66496,118.89159,299.63,0.38,0.36,"2026-09-09",1804,"N20","nominal","2.0NRT",286.92,1.51,"N"
"3405",39.66425,118.896,311.97,0.38,0.36,"2026-09-09",1804,"N20","nominal","2.0NRT",290.99,1.51,"N"
"3406",39.66286,118.90485,302.29,0.38,0.36,"2026-09-09",1804,"N20","nominal","2.0NRT",289.41,2.02,"N"
"3407",39.65771,118.89428,317.33,0.38,0.36,"2026-09-09",1804,"N20","nominal","2.0NRT",291.97,2.19,"N"
"3408",39.65701,118.8987,305.53,0.38,0.36,"2026-09-09",1804,"N20","nominal","2.0NRT",292.34,1.6,"N"
"3409",39.6479,118.89169,297.62,0.38,0.36,"2026-09-09",1804,"N20","nominal","2.0NRT",287.14,0.93,"N"
"3410",40.14178,115.26605,304.57,0.45,0.39,"2026-09-09",1804,"N20","nominal","2.0NRT",281.84,1.01,"N"
"3411",39.65789,118.67535,307.83,0.38,0.36,"2026-09-09",1804,"N20","nominal","2.0NRT",288.57,1.85,"N"
"3412",39.65393,118.67893,299.91,0.38,0.36,"2026-09-09",1804,"N20","nominal","2.0NRT",288.08,1.15,"N"
"3413",40.38816,113.03966,301.31,0.56,0.43,"2026-09-09",1804,"N20","nominal","2.0NRT",280.57,1.2,"N"
"3414",40.65041,109.73915,302.98,0.55,0.51,"2026-09-09",1804,"N20","nominal","2.0NRT",286.86,1.42,"N"
"3415",40.64569,109.73849,300.77,0.55,0.51,"2026-09-09",1804,"N20","nominal","2.0NRT",286.58,1.42,"N"
"3416",40.63626,109.7372,309.7,0.55,0.51,"2026-09-09",1804,"N20","nominal","2.0NRT",286.51,1.74,"N"
"3417",40.63154,109.73657,296.94,0.55,0.51,"2026-09-09",1804,"N20","nominal","2.0NRT",285,0.97,"N"
"3418",40.62731,109.72923,297.93,0.55,0.51,"2026-09-09",1804,"N20","nominal","2.0NRT",284.05,0.97,"N"
"3419",40.62067,109.75497,296.16,0.55,0.51,"2026-09-09",1804,"N20","nominal","2.0NRT",283.44,0.91,"N"
"3420",39.6331,118.46146,300.78,0.39,0.36,"2026-09-09",1804,"N20","nominal","2.0NRT",285.84,0.64,"N"
"3421",39.61862,118.46696,298.86,0.38,0.36,"2026-09-09",1804,"N20","nominal","2.0NRT",283.87,0.8,"N"
"3422",40.58583,109.7765,298.53,0.55,0.51,"2026-09-09",1804,"N20","nominal","2.0NRT",282.56,1.52,"N"
"3423",39.61206,118.46526,302.92,0.38,0.36,"2026-09-09",1804,"N20","nominal","2.0NRT",286.12,0.94,"N"
"3424",39.61138,118.4697,302.72,0.38,0.36,"2026-09-09",1804,"N20","nominal","2.0NRT",292.26,0.94,"N"
"3425",39.60865,118.48744,301.39,0.38,0.36,"2026-09-09",1804,"N20","nominal","2.0NRT",287.97,0.61,"N"
"3426",39.60742,118.47329,311.25,0.38,0.36,"2026-09-09",1804,"N20","nominal","2.0NRT",293.13,2.21,"N"
"3427",39.59461,118.46713,303.97,0.38,0.36,"2026-09-09",1804,"N20","nominal","2.0NRT",289.34,1.03,"N"
"3428",39.58707,118.51588,301.68,0.38,0.36,"2026-09-09",1804,"N20","nominal","2.0NRT",286.98,1.04,"N"
"3429",39.60445,118.35896,304.71,0.39,0.36,"2026-09-09",1804,"N20","nominal","2.0NRT",291.63,0.95,"N"
"3430",40.58197,109.35535,298.42,0.58,0.52,"2026-09-09",1804,"N20","nominal","2.0NRT",284.61,1.34,"N"
"3431",40.57715,109.35473,303.48,0.58,0.52,"2026-09-09",1804,"N20","nominal","2.0NRT",284.98,1.34,"N"
"3432",39.62448,117.9565,327.69,0.39,0.36,"2026-09-09",1804,"N20","nominal","2.0NRT",286.53,3.17,"N"
"3433",39.6113,117.9532,314.77,0.39,0.36,"2026-09-09",1804,"N20","nominal","2.0NRT",286.88,1.39,"N"
"3434",39.48989,118.70232,304.82,0.38,0.36,"2026-09-09",1804,"N20","nominal","2.0NRT",286.32,1.39,"N"
"3435",39.58961,117.91522,297.41,0.39,0.36,"2026-09-09",1804,"N20","nominal","2.0NRT",285.78,0.71,"N"
"3436",39.5022,118.27044,304.56,0.39,0.36,"2026-09-09",1804,"N20","nominal","2.0NRT",289.42,1.18,"N"
"3437",39.51553,118.07057,296.49,0.39,0.36,"2026-09-09",1804,"N20","nominal","2.0NRT",286.32,0.37,"N"
"3438",39.50962,118.06446,298.74,0.39,0.36,"2026-09-09",1804,"N20","nominal","2.0NRT",286.63,0.61,"N"
"3439",39.50895,118.06892,299.08,0.39,0.36,"2026-09-09",1804,"N20","nominal","2.0NRT",284.24,0.61,"N"
"3440",39.50625,118.08675,296.81,0.39,0.36,"2026-09-09",1804,"N20","nominal","2.0NRT",285.82,0.46,"N"
"3441",39.48135,118.22825,296.7,0.39,0.36,"2026-09-09",1804,"N20","nominal","2.0NRT",284.01,0.5,"N"
"3442",39.43478,118.46499,339.38,0.38,0.36,"2026-09-09",1804,"N20","nominal","2.0NRT",286.98,5.5,"N"
"3443",39.49444,118.07452,300.3,0.39,0.36,"2026-09-09",1804,"N20","nominal","2.0NRT",286.41,0.7,"N"
"3444",39.46676,118.25681,302.48,0.39,0.36,"2026-09-09",1804,"N20","nominal","2.0NRT",290.08,1.23,"N"
"3445",39.46473,118.27012,299.02,0.39,0.36,"2026-09-09",1804,"N20","nominal","2.0NRT",287.65,0.86,"N"
"3446",39.4614,118.11243,296.27,0.39,0.36,"2026-09-09",1804,"N20","nominal","2.0NRT",285.89,0.57,"N"
"3447",39.29204,119.0472,306.86,0.38,0.36,"2026-09-09",1804,"N20","nominal","2.0NRT",286.08,1.75,"N"
"3448",39.27381,119.09534,317.3,0.38,0.36,"2026-09-09",1804,"N20","nominal","2.0NRT",291.59,1.31,"N"
"3449",39.28182,119.02405,325.26,0.38,0.36,"2026-09-09",1804,"N20","nominal","2.0NRT",290.93,1.94,"N"
"3450",39.27291,119.0584,303.01,0.38,0.36,"2026-09-09",1804,"N20","nominal","2.0NRT",291.65,1.06,"N"
"3451",39.26894,119.06193,307.67,0.38,0.36,"2026-09-09",1804,"N20","nominal","2.0NRT",291.3,0.53,"N"
"3452",39.26823,119.06633,300.08,0.38,0.36,"2026-09-09",1804,"N20","nominal","2.0NRT",289.94,0.53,"N"
"3453",39.26803,119.02499,311.46,0.38,0.36,"2026-09-09",1804,"N20","nominal","2.0NRT",290.91,1.38,"N"
"3454",39.26008,119.03206,302.07,0.38,0.36,"2026-09-09",1804,"N20","nominal","2.0NRT",290.46,1.74,"N"
"3455",39.2477,119.02419,317.02,0.38,0.36,"2026-09-09",1804,"N20","nominal","2.0NRT",290.86,1.33,"N"
"3456",39.247,119.02859,302.84,0.38,0.36,"2026-09-09",1804,"N20","nominal","2.0NRT",292.22,1.19,"N"
"3457",39.24186,119.01807,296.99,0.38,0.36,"2026-09-09",1804,"N20","nominal","2.0NRT",286.98,0.35,"N"
"3458",39.23673,119.00754,299.03,0.38,0.36,"2026-09-09",1804,"N20","nominal","2.0NRT",287.95,0.36,"N"
"3459",40.16685,111.41547,298.82,0.45,0.47,"2026-09-09",1804,"N20","nominal","2.0NRT",286.23,1.27,"N"
"3460",39.81657,114.36583,296.15,0.48,0.4,"2026-09-09",1804,"N20","nominal","2.0NRT",280.06,0.73,"N"
"3461",39.58423,116.19225,314.38,0.42,0.38,"2026-09-09",1804,"N20","nominal","2.0NRT",284.74,1.08,"N"
"3462",39.27512,118.03814,298.9,0.39,0.36,"2026-09-09",1804,"N20","nominal","2.0NRT",285.58,0.28,"N"
"3463",39.30265,117.78627,303.42,0.39,0.36,"2026-09-09",1804,"N20","nominal","2.0NRT",289.95,1.8,"N"
"3464",39.29406,117.79806,304.37,0.39,0.36,"2026-09-09",1804,"N20","nominal","2.0NRT",287.11,0.42,"N"
"3465",39.21622,118.08958,305.6,0.39,0.36,"2026-09-09",1804,"N20","nominal","2.0NRT",291.17,0.87,"N"
"3466",39.21294,118.08875,306.32,0.39,0.36,"2026-09-09",1804,"N20","nominal","2.0NRT",293.38,0.87,"N"
"3467",39.16065,118.42861,300.86,0.38,0.36,"2026-09-09",1804,"N20","nominal","2.0NRT",290.78,1.56,"N"
"3468",39.14618,118.43406,307.14,0.38,0.36,"2026-09-09",1804,"N20","nominal","2.0NRT",290.34,1.15,"N"
"3469",38.99506,119.00249,334.58,0.38,0.36,"2026-09-09",1804,"N20","nominal","2.0NRT",294.16,3.34,"N"
"3470",39.27609,117.12702,296.92,0.4,0.37,"2026-09-09",1804,"N20","nominal","2.0NRT",285.33,0.45,"N"
"3471",39.90191,111.69992,297.91,0.43,0.46,"2026-09-09",1804,"N20","nominal","2.0NRT",280.47,0.47,"N"
"3472",37.02664,128.31773,300.22,0.62,0.54,"2026-09-09",1804,"N20","nominal","2.0NRT",281.27,1.27,"N"
"3473",39.41045,115.62777,303.49,0.43,0.38,"2026-09-09",1804,"N20","nominal","2.0NRT",286.49,0.97,"N"
"3474",37.01205,128.33432,296.75,0.63,0.54,"2026-09-09",1804,"N20","nominal","2.0NRT",282.16,2.2,"N"
"3475",38.95374,118.51019,307.33,0.38,0.36,"2026-09-09",1804,"N20","nominal","2.0NRT",292.47,2.07,"N"
"3476",38.95047,118.50935,334.9,0.38,0.36,"2026-09-09",1804,"N20","nominal","2.0NRT",293.8,2.07,"N"
"3477",39.02888,117.49806,310.04,0.39,0.36,"2026-09-09",1804,"N20","nominal","2.0NRT",291.24,1.56,"N"
"3478",39.02623,117.49279,303.87,0.39,0.36,"2026-09-09",1804,"N20","nominal","2.0NRT",289.41,0.86,"N"
"3479",39.01498,117.49934,298.96,0.39,0.36,"2026-09-09",1804,"N20","nominal","2.0NRT",287.08,0.72,"N"
"3480",38.97173,117.49659,301.47,0.39,0.36,"2026-09-09",1804,"N20","nominal","2.0NRT",288.37,1.45,"N"
"3481",38.97107,117.50105,319.24,0.39,0.36,"2026-09-09",1804,"N20","nominal","2.0NRT",290.72,2.17,"N"
"3482",39.87939,106.80151,295.09,0.39,0.59,"2026-09-09",1804,"N20","nominal","2.0NRT",282.6,0.8,"N"
"3483",39.87453,106.89539,300.15,0.39,0.59,"2026-09-09",1804,"N20","nominal","2.0NRT",285.22,0.54,"N"
"3484",39.86961,106.77684,299.08,0.39,0.59,"2026-09-09",1804,"N20","nominal","2.0NRT",285.14,1.24,"N"
"3485",39.5884,110.55105,295.5,0.49,0.48,"2026-09-09",1804,"N20","nominal","2.0NRT",281.56,0.74,"N"
"3486",38.4283,119.06395,328.13,0.39,0.36,"2026-09-09",1804,"N20","nominal","2.0NRT",274.91,1.82,"N"
"3487",34.75369,134.36156,298.28,0.75,0.77,"2026-09-09",1804,"N20","nominal","2.0NRT",285.55,1.28,"N"
"3488",39.39979,110.63554,330.44,0.48,0.48,"2026-09-09",1804,"N20","nominal","2.0NRT",286.87,3.15,"N"
"3489",39.39538,110.63474,306.27,0.48,0.48,"2026-09-09",1804,"N20","nominal","2.0NRT",282.98,3.15,"N"
"3490",38.21405,119.55457,329.44,0.39,0.36,"2026-09-09",1804,"N20","nominal","2.0NRT",288.04,2.21,"N"
"3491",38.73445,116.13895,309.92,0.41,0.37,"2026-09-09",1804,"N20","nominal","2.0NRT",290.81,0.87,"N"
"3492",38.70363,116.20992,301.47,0.41,0.37,"2026-09-09",1804,"N20","nominal","2.0NRT",285.81,0.43,"N"
"3493",38.85949,114.83078,301.2,0.46,0.39,"2026-09-09",1804,"N20","nominal","2.0NRT",286.38,0.25,"N"
"3494",36.01809,129.37807,311.29,0.38,0.58,"2026-09-09",1804,"N20","nominal","2.0NRT",286.28,1.34,"N"
"3495",36.01704,129.38205,312.79,0.38,0.58,"2026-09-09",1804,"N20","nominal","2.0NRT",286.52,1.34,"N"
"3496",39.52859,106.51524,297.15,0.4,0.6,"2026-09-09",1804,"N20","nominal","2.0NRT",285.16,1.3,"N"
"3497",38.13989,119.52545,311.84,0.39,0.36,"2026-09-09",1804,"N20","nominal","2.0NRT",283.21,1,"N"
"3498",36.01085,129.38393,304.84,0.38,0.59,"2026-09-09",1804,"N20","nominal","2.0NRT",285.84,1.68,"N"
"3499",36.0078,129.37399,312.3,0.38,0.58,"2026-09-09",1804,"N20","nominal","2.0NRT",287.17,1.96,"N"
"3500",39.26787,110.4024,297.95,0.49,0.49,"2026-09-09",1804,"N20","nominal","2.0NRT",282.17,0.78,"N"
"3501",36.35434,127.94913,301.44,0.62,0.54,"2026-09-09",1804,"N20","nominal","2.0NRT",281.03,1.43,"N"
"3502",38.07153,119.77085,323.41,0.39,0.36,"2026-09-09",1804,"N20","nominal","2.0NRT",292.81,2.28,"N"
"3503",39.52964,106.51255,299.54,0.4,0.6,"2026-09-09",1804,"N20","nominal","2.0NRT",285.96,1.48,"N"
"3504",39.52938,106.51736,299.25,0.4,0.6,"2026-09-09",1804,"N20","nominal","2.0NRT",285.29,1.3,"N"
"3505",36.00916,129.37492,313.42,0.38,0.59,"2026-09-09",1804,"N20","nominal","2.0NRT",286.63,2.18,"N"
"3506",36.00299,129.37685,298.97,0.38,0.59,"2026-09-09",1804,"N20","nominal","2.0NRT",287.15,1.28,"N"
"3507",39.2358,110.53575,298.84,0.48,0.48,"2026-09-09",1804,"N20","nominal","2.0NRT",282.18,0.98,"N"
"3508",39.47848,107.13656,296.72,0.37,0.58,"2026-09-09",1804,"N20","nominal","2.0NRT",282.3,1.57,"N"
"3509",36.35222,127.94735,298.15,0.62,0.54,"2026-09-09",1804,"N20","nominal","2.0NRT",279.9,0.53,"N"
"3510",39.21757,110.53838,295.57,0.48,0.48,"2026-09-09",1804,"N20","nominal","2.0NRT",282.09,1.29,"N"
"3511",39.47564,106.69305,300.02,0.39,0.59,"2026-09-09",1804,"N20","nominal","2.0NRT",283.85,1.04,"N"
"3512",39.21402,110.42223,295.86,0.49,0.49,"2026-09-09",1804,"N20","nominal","2.0NRT",282.79,0.74,"N"
"3513",39.46416,106.70118,316.02,0.39,0.59,"2026-09-09",1804,"N20","nominal","2.0NRT",284.77,2.58,"N"
"3514",39.46392,106.70566,305.15,0.39,0.59,"2026-09-09",1804,"N20","nominal","2.0NRT",287.68,2.37,"N"
"3515",37.99968,119.64543,320.19,0.39,0.36,"2026-09-09",1804,"N20","nominal","2.0NRT",292.9,1.91,"N"
"3516",38.9467,112.68,310.23,0.56,0.43,"2026-09-09",1804,"N20","nominal","2.0NRT",284.86,2.83,"N"
"3517",37.99893,119.64983,310.46,0.39,0.36,"2026-09-09",1804,"N20","nominal","2.0NRT",292.78,1.76,"N"
"3518",38.28618,117.82082,311.11,0.39,0.36,"2026-09-09",1804,"N20","nominal","2.0NRT",288.41,1.33,"N"
"3519",38.28551,117.82519,297.11,0.39,0.36,"2026-09-09",1804,"N20","nominal","2.0NRT",278.17,1.33,"N"
"3520",38.94799,112.68021,314.58,0.56,0.43,"2026-09-09",1804,"N20","nominal","2.0NRT",286.07,2.66,"N"
"3521",39.38141,106.89861,297.95,0.38,0.59,"2026-09-09",1804,"N20","nominal","2.0NRT",287.26,1.35,"N"
"3522",39.37221,106.96542,296.72,0.38,0.59,"2026-09-09",1804,"N20","nominal","2.0NRT",285.22,1.39,"N"
"3523",39.13326,110.33449,296.59,0.5,0.49,"2026-09-09",1804,"N20","nominal","2.0NRT",282.62,0.88,"N"
"3524",39.36981,106.91074,295.73,0.38,0.59,"2026-09-09",1804,"N20","nominal","2.0NRT",281.97,0.88,"N"
"3525",39.36705,106.96037,298.71,0.38,0.59,"2026-09-09",1804,"N20","nominal","2.0NRT",284.26,2.05,"N"
"3526",39.36679,106.96489,301.46,0.38,0.59,"2026-09-09",1804,"N20","nominal","2.0NRT",286.85,1.39,"N"
"3527",37.69001,121.09982,295.23,0.42,0.38,"2026-09-09",1804,"N20","nominal","2.0NRT",278.28,0.27,"N"
"3528",39.08576,110.77506,308.78,0.47,0.48,"2026-09-09",1804,"N20","nominal","2.0NRT",282.47,1.54,"N"
"3529",39.3333,106.98013,312.35,0.38,0.59,"2026-09-09",1804,"N20","nominal","2.0NRT",290.6,1.88,"N"
"3530",39.32788,106.97972,319.16,0.38,0.59,"2026-09-09",1804,"N20","nominal","2.0NRT",283.77,1.26,"N"
"3531",39.05573,110.66087,304.64,0.48,0.48,"2026-09-09",1804,"N20","nominal","2.0NRT",282.5,2.01,"N"
"3532",39.02343,110.67381,295.19,0.47,0.48,"2026-09-09",1804,"N20","nominal","2.0NRT",282.42,0.99,"N"
"3533",38.57347,114.95358,308.9,0.45,0.39,"2026-09-09",1804,"N20","nominal","2.0NRT",287.73,1.51,"N"
"3534",38.57056,114.94772,309.2,0.45,0.39,"2026-09-09",1804,"N20","nominal","2.0NRT",290.74,1.97,"N"
"3535",38.5717,114.94592,307.8,0.45,0.39,"2026-09-09",1804,"N20","nominal","2.0NRT",289.4,1.9,"N"
"3536",38.56461,114.94447,306.66,0.45,0.39,"2026-09-09",1804,"N20","nominal","2.0NRT",289.71,1.39,"N"
"3537",39.02383,110.67214,296.01,0.47,0.48,"2026-09-09",1804,"N20","nominal","2.0NRT",282.07,1.19,"N"
"3538",39.27465,106.72538,296.21,0.39,0.59,"2026-09-09",1804,"N20","nominal","2.0NRT",284.18,0.48,"N"
"3539",38.78769,112.76127,298.61,0.56,0.43,"2026-09-09",1804,"N20","nominal","2.0NRT",283.18,1.8,"N"
"3540",39.26941,106.72033,301.2,0.39,0.59,"2026-09-09",1804,"N20","nominal","2.0NRT",282.43,1.25,"N"
"3541",38.96563,110.57222,301.79,0.48,0.48,"2026-09-09",1804,"N20","nominal","2.0NRT",281.37,1.41,"N"
"3542",38.40622,115.69133,304.38,0.42,0.38,"2026-09-09",1804,"N20","nominal","2.0NRT",285.43,0.7,"N"
"3543",38.69677,113.23498,296.5,0.53,0.42,"2026-09-09",1804,"N20","nominal","2.0NRT",280.54,0.94,"N"
"3544",39.19487,106.98908,303.12,0.38,0.58,"2026-09-09",1804,"N20","nominal","2.0NRT",286.33,1.53,"N"
"3545",39.18923,106.99295,307.69,0.38,0.58,"2026-09-09",1804,"N20","nominal","2.0NRT",285.7,1.72,"N"
"3546",39.189,106.99741,307.91,0.38,0.58,"2026-09-09",1804,"N20","nominal","2.0NRT",285.28,1.72,"N"
"3547",39.19276,106.99162,302.65,0.38,0.58,"2026-09-09",1804,"N20","nominal","2.0NRT",286.58,2.48,"N"
"3548",39.1925,106.99607,296.03,0.38,0.58,"2026-09-09",1804,"N20","nominal","2.0NRT",285.57,1.76,"N"
"3549",39.1871,106.99552,324.54,0.38,0.58,"2026-09-09",1804,"N20","nominal","2.0NRT",286.14,1.76,"N"
"3550",37.47166,121.05198,295.5,0.42,0.38,"2026-09-09",1804,"N20","nominal","2.0NRT",283.33,0.37,"N"
"3551",37.2039,122.35225,297.41,0.47,0.4,"2026-09-09",1804,"N20","nominal","2.0NRT",284.85,0.42,"N"
"3552",37.38085,121.16309,302,0.43,0.38,"2026-09-09",1804,"N20","nominal","2.0NRT",286.27,0.65,"N"
"3553",39.06437,106.91888,296.88,0.38,0.59,"2026-09-09",1804,"N20","nominal","2.0NRT",282.48,0.74,"N"
"3554",38.40276,114.15194,299.08,0.48,0.4,"2026-09-09",1804,"N20","nominal","2.0NRT",288.85,1.34,"N"
"3555",38.39911,114.1512,311.9,0.48,0.4,"2026-09-09",1804,"N20","nominal","2.0NRT",290.42,1.34,"N"
"3556",38.39246,114.14428,301.61,0.48,0.4,"2026-09-09",1804,"N20","nominal","2.0NRT",288.04,2.1,"N"
"3557",38.37419,114.14059,299.79,0.48,0.4,"2026-09-09",1804,"N20","nominal","2.0NRT",288.47,0.94,"N"
"3558",38.71154,110.17856,297.77,0.5,0.49,"2026-09-09",1804,"N20","nominal","2.0NRT",283.3,0.66,"N"
"3559",38.94555,106.46267,309.36,0.4,0.6,"2026-09-09",1804,"N20","nominal","2.0NRT",286.14,1.72,"N"
"3560",38.91367,106.43153,300.67,0.4,0.6,"2026-09-09",1804,"N20","nominal","2.0NRT",284.98,1.72,"N"
"3561",38.91344,106.43622,298.16,0.4,0.6,"2026-09-09",1804,"N20","nominal","2.0NRT",286.43,2.53,"N"
"3562",38.91297,106.44558,301.78,0.4,0.6,"2026-09-09",1804,"N20","nominal","2.0NRT",285.73,1.2,"N"
"3563",38.89746,106.42059,298.22,0.4,0.6,"2026-09-09",1804,"N20","nominal","2.0NRT",283.27,0.75,"N"
"3564",38.90884,106.43301,296.4,0.4,0.6,"2026-09-09",1804,"N20","nominal","2.0NRT",283.81,0.93,"N"
"3565",38.19849,114.2419,301.3,0.47,0.4,"2026-09-09",1804,"N20","nominal","2.0NRT",286.5,0.47,"N"
"3566",37.04278,121.6041,305.54,0.45,0.39,"2026-09-09",1804,"N20","nominal","2.0NRT",285.91,0.83,"N"
"3567",38.18095,114.23326,314.1,0.47,0.4,"2026-09-09",1804,"N20","nominal","2.0NRT",287.26,2.01,"N"
"3568",38.342,112.72676,308.32,0.55,0.43,"2026-09-09",1804,"N20","nominal","2.0NRT",282.72,1.72,"N"
"3569",38.73972,106.26954,295.45,0.41,0.6,"2026-09-09",1804,"N20","nominal","2.0NRT",281.67,0.56,"N"
"3570",35.37192,128.48628,298.21,0.35,0.57,"2026-09-09",1804,"N20","nominal","2.0NRT",284.88,0.61,"N"
"3571",38.18343,113.01738,300.74,0.53,0.42,"2026-09-09",1804,"N20","nominal","2.0NRT",281.48,1.52,"N"
"3572",38.3408,110.40498,303.67,0.48,0.48,"2026-09-09",1804,"N20","nominal","2.0NRT",281.97,0.52,"N"
"3573",35.08218,128.9848,300.43,0.38,0.59,"2026-09-09",1804,"N20","nominal","2.0NRT",286.26,0.64,"N"
"3574",35.1001,128.82715,302.3,0.37,0.58,"2026-09-09",1804,"N20","nominal","2.0NRT",285.24,0.51,"N"
"3575",37.90912,113.67587,295.34,0.49,0.41,"2026-09-09",1804,"N20","nominal","2.0NRT",283.37,0.86,"N"
"3576",38.51311,105.97887,298.8,0.42,0.61,"2026-09-09",1804,"N20","nominal","2.0NRT",283.37,0.67,"N"
"3577",38.21472,110.18435,295.02,0.49,0.49,"2026-09-09",1804,"N20","nominal","2.0NRT",281.2,0.6,"N"
"3578",37.93219,112.54443,301.59,0.56,0.43,"2026-09-09",1804,"N20","nominal","2.0NRT",284.35,1.61,"N"
"3579",37.92366,112.54942,298.61,0.56,0.43,"2026-09-09",1804,"N20","nominal","2.0NRT",282.96,1.41,"N"
"3580",37.91581,112.54805,300.53,0.56,0.43,"2026-09-09",1804,"N20","nominal","2.0NRT",287.31,1.56,"N"
"3581",37.91324,112.53461,301.31,0.56,0.43,"2026-09-09",1804,"N20","nominal","2.0NRT",283.05,1.25,"N"
"3582",37.91257,112.54097,301.49,0.56,0.43,"2026-09-09",1804,"N20","nominal","2.0NRT",283.3,1.25,"N"
"3583",38.2399,108.61938,303.29,0.6,0.53,"2026-09-09",1804,"N20","nominal","2.0NRT",280.34,1.09,"N"
"3584",38.23764,108.61977,308.58,0.6,0.53,"2026-09-09",1804,"N20","nominal","2.0NRT",281.29,1.19,"N"
"3585",38.38273,105.69078,299.92,0.44,0.62,"2026-09-09",1804,"N20","nominal","2.0NRT",283.51,1.03,"N"
"3586",36.96704,118.94996,298.96,0.39,0.36,"2026-09-09",1804,"N20","nominal","2.0NRT",287.72,0.54,"N"
"3587",38.32204,106.53464,298.65,0.39,0.59,"2026-09-09",1804,"N20","nominal","2.0NRT",285.2,1.15,"N"
"3588",38.26089,106.54243,333.37,0.39,0.59,"2026-09-09",1804,"N20","nominal","2.0NRT",285.2,3.6,"N"
"3589",38.25493,106.55103,297.8,0.39,0.59,"2026-09-09",1804,"N20","nominal","2.0NRT",284.32,2.47,"N"
"3590",36.94262,118.78704,295.05,0.39,0.36,"2026-09-09",1804,"N20","nominal","2.0NRT",278.85,0.3,"N"
"3591",38.24945,106.55054,330.3,0.39,0.59,"2026-09-09",1804,"N20","nominal","2.0NRT",290.12,2.47,"N"
"3592",38.24968,106.54602,310.86,0.39,0.59,"2026-09-09",1804,"N20","nominal","2.0NRT",286.64,3.32,"N"
"3593",38.24921,106.55508,315.61,0.39,0.59,"2026-09-09",1804,"N20","nominal","2.0NRT",291.21,2.47,"N"
"3594",38.26035,106.54402,325.2,0.39,0.59,"2026-09-09",1804,"N20","nominal","2.0NRT",286.9,3.73,"N"
"3595",38.25433,106.55263,304.24,0.39,0.59,"2026-09-09",1804,"N20","nominal","2.0NRT",285.21,1.04,"N"
"3596",38.24884,106.55215,338.31,0.39,0.59,"2026-09-09",1804,"N20","nominal","2.0NRT",295.17,3.47,"N"
"3597",38.2491,106.54762,316.46,0.39,0.59,"2026-09-09",1804,"N20","nominal","2.0NRT",289.89,2.35,"N"
"3598",38.24858,106.55669,296.77,0.39,0.59,"2026-09-09",1804,"N20","nominal","2.0NRT",284.84,3.47,"N"
"3599",38.24361,106.54718,300.18,0.39,0.59,"2026-09-09",1804,"N20","nominal","2.0NRT",281.67,2.35,"N"
"3600",38.18753,106.66479,300.48,0.38,0.59,"2026-09-09",1804,"N20","nominal","2.0NRT",285.08,0.63,"N"
"3601",36.86641,118.6888,299.03,0.39,0.36,"2026-09-09",1804,"N20","nominal","2.0NRT",285.95,1.25,"N"
"3602",34.93189,127.74686,303.84,0.33,0.55,"2026-09-09",1804,"N20","nominal","2.0NRT",287.61,1.06,"N"
"3603",34.93019,127.75375,302.07,0.33,0.55,"2026-09-09",1804,"N20","nominal","2.0NRT",288.69,1.32,"N"
"3604",34.92617,127.74848,321.97,0.33,0.55,"2026-09-09",1804,"N20","nominal","2.0NRT",289.37,1.32,"N"
"3605",34.92702,127.74504,309.31,0.33,0.55,"2026-09-09",1804,"N20","nominal","2.0NRT",287.59,1.06,"N"
"3606",34.92532,127.75193,313.11,0.33,0.55,"2026-09-09",1804,"N20","nominal","2.0NRT",289.94,1.32,"N"
"3607",34.92386,127.73634,308.71,0.33,0.55,"2026-09-09",1804,"N20","nominal","2.0NRT",287.6,0.86,"N"
"3608",34.92301,127.73977,301.3,0.33,0.55,"2026-09-09",1804,"N20","nominal","2.0NRT",288.01,0.81,"N"
"3609",34.92216,127.74321,300.17,0.33,0.55,"2026-09-09",1804,"N20","nominal","2.0NRT",287.85,0.81,"N"
"3610",34.91643,127.74489,308.03,0.33,0.55,"2026-09-09",1804,"N20","nominal","2.0NRT",288.43,1.38,"N"
"3611",34.91558,127.74834,306.24,0.33,0.55,"2026-09-09",1804,"N20","nominal","2.0NRT",289.26,1.38,"N"
"3612",34.91472,127.75179,314.93,0.33,0.55,"2026-09-09",1804,"N20","nominal","2.0NRT",289.5,2.11,"N"
"3613",36.90102,117.74581,299.98,0.38,0.36,"2026-09-09",1804,"N20","nominal","2.0NRT",280.69,1.15,"N"
"3614",37.57924,112.26757,310.72,0.57,0.43,"2026-09-09",1804,"N20","nominal","2.0NRT",284.76,2.25,"N"
"3615",36.75835,118.40784,300.7,0.38,0.36,"2026-09-09",1804,"N20","nominal","2.0NRT",279.54,0.69,"N"
"3616",37.57753,112.26114,299.84,0.57,0.43,"2026-09-09",1804,"N20","nominal","2.0NRT",284.41,1.33,"N"
"3617",37.57682,112.26756,314.77,0.57,0.43,"2026-09-09",1804,"N20","nominal","2.0NRT",287.26,2.85,"N"
"3618",37.58121,112.18951,296.52,0.57,0.43,"2026-09-09",1804,"N20","nominal","2.0NRT",284.83,0.93,"N"
"3619",37.57356,112.26046,318.09,0.57,0.43,"2026-09-09",1804,"N20","nominal","2.0NRT",284.97,1.55,"N"
"3620",37.57861,112.17595,301.37,0.57,0.43,"2026-09-09",1804,"N20","nominal","2.0NRT",285.57,2.02,"N"
"3621",37.57029,112.25335,301.37,0.57,0.43,"2026-09-09",1804,"N20","nominal","2.0NRT",285.67,1.55,"N"
"3622",37.5696,112.25978,296.18,0.57,0.43,"2026-09-09",1804,"N20","nominal","2.0NRT",284.62,1.55,"N"
"3623",34.85151,127.70693,304.69,0.33,0.55,"2026-09-09",1804,"N20","nominal","2.0NRT",290.25,1.35,"N"
"3624",37.56097,112.26487,298.69,0.57,0.43,"2026-09-09",1804,"N20","nominal","2.0NRT",284.12,2.13,"N"
"3625",36.70439,118.2351,298.25,0.38,0.36,"2026-09-09",1804,"N20","nominal","2.0NRT",283.69,0.4,"N"
"3626",37.87852,106.01474,295.91,0.41,0.61,"2026-09-09",1804,"N20","nominal","2.0NRT",283.33,0.66,"N"
"3627",37.87636,105.94328,300.23,0.42,0.61,"2026-09-09",1804,"N20","nominal","2.0NRT",283.69,0.72,"N"
"3628",36.82178,116.73679,298.54,0.39,0.36,"2026-09-09",1804,"N20","nominal","2.0NRT",283.01,1.13,"N"
"3629",36.63779,117.74967,298.62,0.38,0.36,"2026-09-09",1804,"N20","nominal","2.0NRT",283.46,0.54,"N"
"3630",36.62729,117.75156,300.97,0.38,0.36,"2026-09-09",1804,"N20","nominal","2.0NRT",282.2,0.72,"N"
"3631",37.35396,112.00285,297.11,0.39,0.44,"2026-09-09",1804,"N20","nominal","2.0NRT",283.6,0.9,"N"
"3632",37.52113,108.90052,304.2,0.57,0.52,"2026-09-09",1804,"N20","nominal","2.0NRT",279.44,0.58,"N"
"3633",37.12656,112.04833,296.26,0.38,0.43,"2026-09-09",1804,"N20","nominal","2.0NRT",283.14,1.03,"N"
"3634",37.63561,105.23215,297.43,0.46,0.63,"2026-09-09",1804,"N20","nominal","2.0NRT",283.87,0.96,"N"
"3635",37.60859,105.67999,299.92,0.43,0.62,"2026-09-09",1804,"N20","nominal","2.0NRT",284.28,0.74,"N"
"3636",36.48534,116.3437,304.39,0.4,0.37,"2026-09-09",1804,"N20","nominal","2.0NRT",285.61,1.04,"N"
"3637",37.40963,106.62187,301.06,0.38,0.59,"2026-09-09",1804,"N20","nominal","2.0NRT",282.83,1.16,"N"
"3638",37.40939,106.62626,303.18,0.38,0.59,"2026-09-09",1804,"N20","nominal","2.0NRT",284.2,1.95,"N"
"3639",36.7325,114.09415,305.09,0.46,0.39,"2026-09-09",1804,"N20","nominal","2.0NRT",286.23,2.43,"N"
"3640",36.72765,114.10371,300.49,0.46,0.39,"2026-09-09",1804,"N20","nominal","2.0NRT",283.81,2.53,"N"
"3641",36.72665,114.10146,304.47,0.46,0.39,"2026-09-09",1804,"N20","nominal","2.0NRT",284.64,2.02,"N"
"3642",37.40781,106.62312,302.22,0.38,0.59,"2026-09-09",1804,"N20","nominal","2.0NRT",284.37,1.57,"N"
"3643",37.40754,106.62749,309.97,0.38,0.59,"2026-09-09",1804,"N20","nominal","2.0NRT",283.91,1.97,"N"
"3644",37.38222,106.59479,296.25,0.38,0.59,"2026-09-09",1804,"N20","nominal","2.0NRT",282.1,0.72,"N"
"3645",37.36096,106.58483,296.59,0.38,0.59,"2026-09-09",1804,"N20","nominal","2.0NRT",282.43,1.33,"N"
"3646",36.71162,112.57899,309.51,0.54,0.42,"2026-09-09",1804,"N20","nominal","2.0NRT",277.21,1.83,"N"
"3647",35.20213,119.03344,298.96,0.4,0.37,"2026-09-09",1806,"N20","nominal","2.0NRT",281.76,1.08,"N"
"3648",35.18814,119.03436,300.89,0.4,0.37,"2026-09-09",1806,"N20","nominal","2.0NRT",284.04,0.66,"N"
"3649",34.83862,117.72147,301.37,0.38,0.36,"2026-09-09",1806,"N20","nominal","2.0NRT",286.72,0.94,"N"
"3650",34.38165,119.78423,303.65,0.42,0.38,"2026-09-09",1806,"N20","nominal","2.0NRT",289.68,0.9,"N"
"3651",33.87399,118.33414,308.91,0.39,0.36,"2026-09-09",1806,"N20","nominal","2.0NRT",288.03,0.85,"N"
"3652",33.57121,118.98669,324.12,0.4,0.37,"2026-09-09",1806,"N20","nominal","2.0NRT",289.28,1.68,"N"
"3653",33.55781,118.98337,300.48,0.4,0.37,"2026-09-09",1806,"N20","nominal","2.0NRT",287.4,0.62,"N"
"3654",32.78383,120.37605,301.4,0.46,0.39,"2026-09-09",1806,"N20","nominal","2.0NRT",287.67,0.83,"N"
"3655",66.40341,118.77409,299.96,0.45,0.47,"2026-09-09",1756,"N20","nominal","2.0NRT",277.31,1.87,"N"
"3656",66.39041,118.62249,305.09,0.46,0.47,"2026-09-09",1756,"N20","nominal","2.0NRT",277.91,3.04,"N"
"3657",66.31091,118.92534,297.04,0.45,0.47,"2026-09-09",1756,"N20","nominal","2.0NRT",273.92,1.41,"N"
"3658",66.24967,118.6044,305.08,0.46,0.47,"2026-09-09",1756,"N20","nominal","2.0NRT",275.3,2.2,"N"
"3659",66.2361,118.61015,296.12,0.46,0.47,"2026-09-09",1756,"N20","nominal","2.0NRT",279.87,1.67,"N"
"3660",65.98845,118.73841,305.53,0.45,0.47,"2026-09-09",1756,"N20","nominal","2.0NRT",276.37,1.61,"N"
"3661",65.97435,118.68239,304.51,0.45,0.47,"2026-09-09",1756,"N20","nominal","2.0NRT",276.74,1.49,"N"
"3662",65.96637,118.66913,295.34,0.45,0.47,"2026-09-09",1756,"N20","nominal","2.0NRT",272.05,1.1,"N"
"3663",65.92541,118.46945,339.53,0.46,0.47,"2026-09-09",1756,"N20","nominal","2.0NRT",274.95,6.05,"N"
"3664",65.86109,118.42832,303.63,0.46,0.47,"2026-09-09",1756,"N20","nominal","2.0NRT",272.89,0.92,"N"
"3665",65.78905,118.967,302.59,0.44,0.46,"2026-09-09",1756,"N20","nominal","2.0NRT",265.08,1.54,"N"
"3666",65.73199,119.07812,305.94,0.44,0.46,"2026-09-09",1756,"N20","nominal","2.0NRT",273.15,2.35,"N"
"3667",65.69456,119.05325,299.87,0.44,0.46,"2026-09-09",1756,"N20","nominal","2.0NRT",271.26,0.76,"N"
"3668",63.86895,122.70782,305.86,0.5,0.41,"2026-09-09",1758,"N20","nominal","2.0NRT",276.72,0.85,"N"
"3669",63.86966,122.70092,311.74,0.5,0.41,"2026-09-09",1758,"N20","nominal","2.0NRT",276.4,1.66,"N"
"3670",62.44845,113.65754,298.66,0.59,0.53,"2026-09-09",1758,"N20","nominal","2.0NRT",276.93,8.07,"N"
"3671",62.44359,113.65641,336.22,0.59,0.53,"2026-09-09",1758,"N20","nominal","2.0NRT",279.07,8.07,"N"
"3672",62.44606,113.66335,337.41,0.59,0.53,"2026-09-09",1758,"N20","nominal","2.0NRT",280.14,17.73,"N"
"3673",62.40486,113.58616,328.21,0.59,0.53,"2026-09-09",1758,"N20","nominal","2.0NRT",278.8,4.07,"N"
"3674",62.40443,113.59772,298.65,0.59,0.53,"2026-09-09",1758,"N20","nominal","2.0NRT",277.55,2.09,"N"
"3675",62.3936,113.49011,304.43,0.59,0.53,"2026-09-09",1758,"N20","nominal","2.0NRT",275.99,1.77,"N"
"3676",62.39318,113.50201,302.44,0.59,0.53,"2026-09-09",1758,"N20","nominal","2.0NRT",277.2,1.8,"N"
"3677",62.35681,113.69361,345.62,0.58,0.52,"2026-09-09",1758,"N20","nominal","2.0NRT",282.56,27.77,"N"
"3678",62.34944,113.7615,336.96,0.58,0.52,"2026-09-09",1758,"N20","nominal","2.0NRT",279.22,7.18,"N"
"3679",62.35196,113.69263,301.84,0.58,0.52,"2026-09-09",1758,"N20","nominal","2.0NRT",277.7,1.8,"N"
"3680",62.35408,113.69746,337.74,0.58,0.52,"2026-09-09",1758,"N20","nominal","2.0NRT",284.55,28.57,"N"
"3681",62.35131,113.7662,343.12,0.58,0.52,"2026-09-09",1758,"N20","nominal","2.0NRT",278.47,9.14,"N"
"3682",58.22018,138.23041,304.98,0.42,0.45,"2026-09-09",1758,"N20","nominal","2.0NRT",273.08,1.27,"N"
"3683",58.22152,138.20721,302.58,0.41,0.45,"2026-09-09",1758,"N20","nominal","2.0NRT",273.58,2.1,"N"
"3684",58.21984,138.21371,312.74,0.41,0.45,"2026-09-09",1758,"N20","nominal","2.0NRT",275.31,2.1,"N"
"3685",58.21819,138.22011,308.23,0.41,0.45,"2026-09-09",1758,"N20","nominal","2.0NRT",274.85,2.18,"N"
"3686",58.22092,138.17355,298.45,0.41,0.45,"2026-09-09",1758,"N20","nominal","2.0NRT",273.08,1.51,"N"
"3687",61.35749,112.78914,297.95,0.62,0.54,"2026-09-09",1758,"N20","nominal","2.0NRT",273.37,2.85,"N"
"3688",61.35709,112.80098,296.81,0.61,0.54,"2026-09-09",1758,"N20","nominal","2.0NRT",273.11,1.67,"N"
"3689",61.3525,112.78858,310.47,0.62,0.54,"2026-09-09",1758,"N20","nominal","2.0NRT",275.03,2.88,"N"
"3690",61.35212,112.80035,319.65,0.61,0.54,"2026-09-09",1758,"N20","nominal","2.0NRT",277.35,5.05,"N"
"3691",61.35173,112.81197,304.63,0.61,0.54,"2026-09-09",1758,"N20","nominal","2.0NRT",275.08,5.05,"N"
"3692",61.35134,112.82364,295.24,0.61,0.54,"2026-09-09",1758,"N20","nominal","2.0NRT",276.11,3.47,"N"
"3693",61.34715,112.79958,341.72,0.61,0.54,"2026-09-09",1758,"N20","nominal","2.0NRT",277.63,5.05,"N"
"3694",61.34676,112.81116,329.46,0.61,0.54,"2026-09-09",1758,"N20","nominal","2.0NRT",285.27,5.05,"N"
"3695",61.34753,112.78784,308.87,0.62,0.54,"2026-09-09",1758,"N20","nominal","2.0NRT",277.33,2.88,"N"
"3696",61.34256,112.78712,296.11,0.62,0.54,"2026-09-09",1758,"N20","nominal","2.0NRT",277.32,1.3,"N"
"3697",61.34218,112.79878,302.35,0.61,0.54,"2026-09-09",1758,"N20","nominal","2.0NRT",276.46,3.01,"N"
"3698",60.94632,112.02155,330.74,0.32,0.55,"2026-09-09",1758,"N20","nominal","2.0NRT",279.21,2.22,"N"
"3699",60.92322,112.11734,300.83,0.32,0.55,"2026-09-09",1758,"N20","nominal","2.0NRT",277.15,0.62,"N"
"3700",60.9178,112.12897,308.4,0.32,0.55,"2026-09-09",1758,"N20","nominal","2.0NRT",274.69,0.66,"N"
"3701",60.91982,112.12808,312.57,0.32,0.55,"2026-09-09",1758,"N20","nominal","2.0NRT",276.14,0.67,"N"
"3702",60.47892,109.87228,304.17,0.38,0.59,"2026-09-09",1758,"N20","nominal","2.0NRT",275.84,1.51,"N"
"3703",60.47882,109.87979,315.19,0.38,0.59,"2026-09-09",1758,"N20","nominal","2.0NRT",278.16,1.51,"N"
"3704",60.46445,109.71384,367,0.39,0.59,"2026-09-09",1758,"N20","high","2.0NRT",279.97,4.94,"N"
"3705",60.46437,109.72094,309.36,0.39,0.59,"2026-09-09",1758,"N20","nominal","2.0NRT",279.33,4.94,"N"
"3706",60.46484,109.71601,367,0.39,0.59,"2026-09-09",1758,"N20","high","2.0NRT",281.64,9.17,"N"
"3707",60.21446,109.92776,295.04,0.38,0.59,"2026-09-09",1758,"N20","nominal","2.0NRT",277.68,0.2,"N"
"3708",60.1469,109.09103,350.1,0.41,0.6,"2026-09-09",1758,"N20","nominal","2.0NRT",289.02,11.63,"N"
"3709",60.14686,109.09824,323.52,0.41,0.6,"2026-09-09",1758,"N20","nominal","2.0NRT",280.84,11.63,"N"
"3710",60.14696,109.08366,307.28,0.41,0.6,"2026-09-09",1758,"N20","nominal","2.0NRT",279.38,11.94,"N"
"3711",60.13573,109.08337,301.88,0.41,0.6,"2026-09-09",1758,"N20","nominal","2.0NRT",278.54,0.56,"N"
"3712",60.14935,109.08733,367,0.41,0.6,"2026-09-09",1758,"N20","high","2.0NRT",280.45,14,"N"
"3713",60.14927,109.09462,348.48,0.41,0.6,"2026-09-09",1758,"N20","nominal","2.0NRT",287.44,14,"N"
"3714",60.14918,109.10191,295.03,0.41,0.6,"2026-09-09",1758,"N20","nominal","2.0NRT",279.2,3.73,"N"
"3715",59.84394,108.40283,328.72,0.43,0.62,"2026-09-09",1758,"N20","nominal","2.0NRT",277.81,2.24,"N"
"3716",59.84338,108.39771,301.06,0.43,0.62,"2026-09-09",1758,"N20","nominal","2.0NRT",275.86,1.38,"N"
"3717",59.84332,108.4055,320,0.43,0.62,"2026-09-09",1758,"N20","nominal","2.0NRT",278.07,1.38,"N"
"3718",59.78768,110.87573,337,0.35,0.57,"2026-09-09",1758,"N20","nominal","2.0NRT",279.95,2.71,"N"
"3719",58.44923,107.59759,349.62,0.45,0.63,"2026-09-09",1758,"N20","nominal","2.0NRT",262.53,7.31,"N"
"3720",52.51173,143.18475,308.4,0.49,0.65,"2026-09-09",1758,"N20","nominal","2.0NRT",275.87,1.08,"N"
"3721",52.51357,143.18742,308.03,0.49,0.65,"2026-09-09",1758,"N20","nominal","2.0NRT",275.44,1.3,"N"
"3722",57.88027,105.88054,296.19,0.52,0.67,"2026-09-09",1758,"N20","nominal","2.0NRT",271.11,0.89,"N"
"3723",57.87404,105.88029,367,0.52,0.67,"2026-09-09",1758,"N20","high","2.0NRT",268.21,10.8,"N"
"3724",57.87415,105.88904,307.16,0.52,0.67,"2026-09-09",1758,"N20","nominal","2.0NRT",269.36,6.91,"N"
"3725",52.18542,143.06837,296.1,0.49,0.65,"2026-09-09",1758,"N20","nominal","2.0NRT",274.89,0.93,"N"
"3726",57.8763,105.88187,367,0.52,0.67,"2026-09-09",1758,"N20","high","2.0NRT",270.49,7.61,"N"
"3727",57.87637,105.8903,301.21,0.52,0.67,"2026-09-09",1758,"N20","nominal","2.0NRT",269.58,7.61,"N"
"3728",52.18297,143.06494,306.56,0.5,0.65,"2026-09-09",1758,"N20","nominal","2.0NRT",275.24,0.9,"N"
"3729",53.68932,85.00309,300.19,0.33,0.56,"2026-09-09",1942,"N20","nominal","2.0NRT",285.03,1.76,"N"
"3730",53.68436,84.9974,298.84,0.33,0.56,"2026-09-09",1942,"N20","nominal","2.0NRT",285.38,1.21,"N"
"3731",53.67939,84.99173,308.61,0.33,0.56,"2026-09-09",1942,"N20","nominal","2.0NRT",285.47,0.95,"N"
"3732",53.67424,84.99117,295.38,0.33,0.56,"2026-09-09",1942,"N20","nominal","2.0NRT",284.86,0.95,"N"
"3733",52.06179,91.73144,306.08,0.52,0.42,"2026-09-09",1942,"N20","nominal","2.0NRT",283.94,2.3,"N"
"3734",52.25949,77.0379,314.38,0.71,0.75,"2026-09-09",1942,"N20","nominal","2.0NRT",292.58,3.54,"N"
"3735",50.85726,97.98112,319.92,0.38,0.36,"2026-09-09",1942,"N20","nominal","2.0NRT",282.17,2.21,"N"
"3736",50.85403,97.97984,344.43,0.38,0.36,"2026-09-09",1942,"N20","nominal","2.0NRT",288.3,4.26,"N"
"3737",50.85233,97.99051,299.93,0.38,0.36,"2026-09-09",1942,"N20","nominal","2.0NRT",278.85,2.72,"N"
"3738",50.85147,97.99584,307.39,0.38,0.36,"2026-09-09",1942,"N20","nominal","2.0NRT",280.52,2.11,"N"
"3739",50.84995,97.98389,325.33,0.38,0.36,"2026-09-09",1942,"N20","nominal","2.0NRT",287.04,2.72,"N"
"3740",50.84909,97.98923,330.74,0.38,0.36,"2026-09-09",1942,"N20","nominal","2.0NRT",289.44,2.72,"N"
"3741",50.84824,97.99457,327.18,0.38,0.36,"2026-09-09",1942,"N20","nominal","2.0NRT",283.22,2.11,"N"
"3742",50.8508,97.97855,319.99,0.38,0.36,"2026-09-09",1942,"N20","nominal","2.0NRT",283.54,4.26,"N"
"3743",52.0882,76.8524,299.19,0.73,0.76,"2026-09-09",1942,"N20","nominal","2.0NRT",286.32,1.29,"N"
"3744",52.08418,76.84476,300.63,0.73,0.76,"2026-09-09",1942,"N20","nominal","2.0NRT",287.05,1.88,"N"
"3745",46.39166,113.99961,330.21,0.57,0.69,"2026-09-09",1942,"N20","nominal","2.0NRT",279.31,5.17,"N"
"3746",45.75548,115.72086,319.75,0.71,0.75,"2026-09-09",1942,"N20","nominal","2.0NRT",280.61,3.92,"N"
"3747",45.75548,115.71593,307.96,0.71,0.75,"2026-09-09",1942,"N20","nominal","2.0NRT",277.55,2.45,"N"
"3748",45.75224,115.72496,302.81,0.71,0.75,"2026-09-09",1942,"N20","nominal","2.0NRT",279.21,2.45,"N"
"3749",50.35557,83.49389,304.79,0.37,0.58,"2026-09-09",1942,"N20","nominal","2.0NRT",281.93,1.21,"N"
"3750",50.40212,80.1758,308.83,0.52,0.67,"2026-09-09",1942,"N20","nominal","2.0NRT",284.95,1.6,"N"
"3751",50.40209,80.18329,300.8,0.52,0.67,"2026-09-09",1942,"N20","nominal","2.0NRT",286.58,1.6,"N"
"3752",50.01912,78.73684,301.9,0.6,0.71,"2026-09-09",1945,"N20","nominal","2.0NRT",288.07,2.43,"N"
"3753",48.26957,83.4665,312.07,0.36,0.57,"2026-09-09",1945,"N20","nominal","2.0NRT",283.6,1.06,"N"
"3754",44.15823,108.28271,302.43,0.37,0.58,"2026-09-09",1945,"N20","nominal","2.0NRT",279.98,0.6,"N"
"3755",43.56273,105.46552,302.57,0.57,0.52,"2026-09-09",1945,"N20","nominal","2.0NRT",278.68,1.3,"N"
"3756",40.97322,110.08836,296.81,0.56,0.69,"2026-09-09",1945,"N20","nominal","2.0NRT",278.42,1.6,"N"
"3757",44.84935,90.93231,336.31,0.46,0.39,"2026-09-09",1945,"N20","nominal","2.0NRT",292.69,6.04,"N"
"3758",44.84867,90.93813,328.12,0.46,0.39,"2026-09-09",1945,"N20","nominal","2.0NRT",291.6,4.03,"N"
"3759",44.84665,90.9556,305.01,0.46,0.39,"2026-09-09",1945,"N20","nominal","2.0NRT",290.65,1.02,"N"
"3760",44.85156,90.93905,323.93,0.46,0.39,"2026-09-09",1945,"N20","nominal","2.0NRT",291.43,2.03,"N"
"3761",44.85226,90.93324,313.02,0.46,0.39,"2026-09-09",1945,"N20","nominal","2.0NRT",290.61,2.03,"N"
"3762",44.84866,90.93241,331.24,0.46,0.39,"2026-09-09",1945,"N20","nominal","2.0NRT",290.23,2.24,"N"
"3763",44.84796,90.93822,306.68,0.46,0.39,"2026-09-09",1945,"N20","nominal","2.0NRT",288.52,2.24,"N"
"3764",44.84587,90.95567,317.13,0.46,0.39,"2026-09-09",1945,"N20","nominal","2.0NRT",292.12,1.58,"N"
"3765",44.84228,90.95482,308.21,0.46,0.39,"2026-09-09",1945,"N20","nominal","2.0NRT",289.99,1.58,"N"
"3766",40.69374,110.20456,297,0.58,0.7,"2026-09-09",1945,"N20","nominal","2.0NRT",278.42,0.98,"N"
"3767",44.91162,89.19925,311.1,0.54,0.42,"2026-09-09",1945,"N20","nominal","2.0NRT",287.18,1.9,"N"
"3768",44.9109,89.20615,299.49,0.54,0.42,"2026-09-09",1945,"N20","nominal","2.0NRT",285.73,0.69,"N"
"3769",44.90459,89.19069,299.6,0.54,0.42,"2026-09-09",1945,"N20","nominal","2.0NRT",285.16,0.64,"N"
"3770",40.64912,109.74055,298.55,0.55,0.68,"2026-09-09",1945,"N20","nominal","2.0NRT",286.06,3.06,"N"
"3771",40.64722,109.74658,310.52,0.55,0.68,"2026-09-09",1945,"N20","nominal","2.0NRT",286.93,2.65,"N"
"3772",44.34003,93.25529,298.16,0.4,0.37,"2026-09-09",1945,"N20","nominal","2.0NRT",286.88,0.92,"N"
"3773",44.33462,93.26926,324.07,0.4,0.37,"2026-09-09",1945,"N20","nominal","2.0NRT",290.01,1.45,"N"
"3774",44.33531,93.26431,303.12,0.4,0.37,"2026-09-09",1945,"N20","nominal","2.0NRT",287.76,1.45,"N"
"3775",44.33351,93.26727,322.26,0.4,0.37,"2026-09-09",1945,"N20","nominal","2.0NRT",288.82,1.67,"N"
"3776",44.33281,93.27222,308.87,0.4,0.37,"2026-09-09",1945,"N20","nominal","2.0NRT",289.4,1.67,"N"
"3777",44.32877,93.27627,308.89,0.4,0.37,"2026-09-09",1945,"N20","nominal","2.0NRT",288.32,1.31,"N"
"3778",40.65077,109.74104,298.87,0.55,0.68,"2026-09-09",1945,"N20","nominal","2.0NRT",285.45,2.01,"N"
"3779",40.6489,109.7471,312.97,0.55,0.68,"2026-09-09",1945,"N20","nominal","2.0NRT",285.31,2.01,"N"
"3780",40.63715,109.74096,298.21,0.55,0.68,"2026-09-09",1945,"N20","nominal","2.0NRT",283.3,2.47,"N"
"3781",40.58469,109.77781,295.09,0.56,0.69,"2026-09-09",1945,"N20","nominal","2.0NRT",281.89,1.09,"N"
"3782",39.90152,111.702,297.76,0.73,0.76,"2026-09-09",1945,"N20","nominal","2.0NRT",278.51,1.18,"N"
"3783",44.53656,90.28709,313.08,0.49,0.4,"2026-09-09",1945,"N20","nominal","2.0NRT",291.91,2.37,"N"
"3784",40.58097,109.35458,302.48,0.53,0.67,"2026-09-09",1945,"N20","nominal","2.0NRT",282.82,1.74,"N"
"3785",44.46154,90.49299,302.94,0.48,0.4,"2026-09-09",1945,"N20","nominal","2.0NRT",287.76,0.94,"N"
"3786",43.70295,95.03434,307.24,0.38,0.36,"2026-09-09",1945,"N20","nominal","2.0NRT",293.02,1.09,"N"
"3787",43.69567,95.03707,326.66,0.38,0.36,"2026-09-09",1945,"N20","nominal","2.0NRT",290.54,3.58,"N"
"3788",43.69492,95.04177,326.13,0.38,0.36,"2026-09-09",1945,"N20","nominal","2.0NRT",295.16,3.05,"N"
"3789",43.70462,94.98067,301.16,0.38,0.36,"2026-09-09",1945,"N20","nominal","2.0NRT",290.96,0.89,"N"
"3790",43.69064,95.0257,307.13,0.38,0.36,"2026-09-09",1945,"N20","nominal","2.0NRT",289.51,1,"N"
"3791",43.68989,95.0304,304.91,0.38,0.36,"2026-09-09",1945,"N20","nominal","2.0NRT",291.38,1.1,"N"
"3792",43.68588,95.03411,309.2,0.38,0.36,"2026-09-09",1945,"N20","nominal","2.0NRT",290.78,1.48,"N"
"3793",43.68709,95.00494,314,0.38,0.36,"2026-09-09",1945,"N20","nominal","2.0NRT",289.76,0.95,"N"
"3794",43.68635,95.00964,301.16,0.38,0.36,"2026-09-09",1945,"N20","nominal","2.0NRT",289.16,0.72,"N"
"3795",43.68607,94.98986,316.17,0.38,0.36,"2026-09-09",1945,"N20","nominal","2.0NRT",289.93,1.89,"N"
"3796",43.68085,95.02274,309.33,0.38,0.36,"2026-09-09",1945,"N20","nominal","2.0NRT",291.86,6.13,"N"
"3797",43.67759,95.02176,342.41,0.38,0.36,"2026-09-09",1945,"N20","nominal","2.0NRT",299.21,6.13,"N"
"3798",43.6773,95.00199,328.31,0.38,0.36,"2026-09-09",1945,"N20","nominal","2.0NRT",294.44,3.48,"N"
"3799",43.67954,94.98789,317.24,0.38,0.36,"2026-09-09",1945,"N20","nominal","2.0NRT",291.25,1.13,"N"
"3800",43.67656,95.00669,305.45,0.38,0.36,"2026-09-09",1945,"N20","nominal","2.0NRT",292.91,2.54,"N"
"3801",43.6785,94.97281,315.31,0.38,0.36,"2026-09-09",1945,"N20","nominal","2.0NRT",290.6,1.3,"N"
"3802",40.97653,106.85181,299.81,0.39,0.59,"2026-09-09",1945,"N20","nominal","2.0NRT",283.19,1.42,"N"
"3803",40.9687,106.83804,304.23,0.39,0.59,"2026-09-09",1945,"N20","nominal","2.0NRT",285.33,1.01,"N"
"3804",40.93334,106.78793,298.88,0.39,0.59,"2026-09-09",1945,"N20","nominal","2.0NRT",286.66,0.87,"N"
"3805",44.75359,82.0707,306.72,0.39,0.6,"2026-09-09",1945,"N20","nominal","2.0NRT",289.02,0.86,"N"
"3806",44.70506,82.03582,299.55,0.39,0.6,"2026-09-09",1945,"N20","nominal","2.0NRT",287.81,0.27,"N"
"3807",44.45611,86.09954,301.37,0.49,0.49,"2026-09-09",1945,"N20","nominal","2.0NRT",290.82,1.52,"N"
"3808",44.45565,86.1058,304.91,0.49,0.49,"2026-09-09",1945,"N20","nominal","2.0NRT",290.51,1.93,"N"
"3809",44.45892,86.10001,298.49,0.49,0.49,"2026-09-09",1945,"N20","nominal","2.0NRT",288.05,0.96,"N"
"3810",44.45843,86.10626,305.85,0.49,0.49,"2026-09-09",1945,"N20","nominal","2.0NRT",290.88,0.96,"N"
"3811",44.4564,86.07429,297.48,0.49,0.49,"2026-09-09",1945,"N20","nominal","2.0NRT",287.35,1.35,"N"
"3812",44.45591,86.08055,302.76,0.49,0.49,"2026-09-09",1945,"N20","nominal","2.0NRT",290.44,1.35,"N"
"3813",44.4519,86.07361,308.52,0.49,0.49,"2026-09-09",1945,"N20","nominal","2.0NRT",287.57,1.35,"N"
"3814",44.45141,86.07989,303.88,0.49,0.49,"2026-09-09",1945,"N20","nominal","2.0NRT",291.08,1.35,"N"
"3815",39.39672,110.63464,299.4,0.67,0.74,"2026-09-09",1945,"N20","nominal","2.0NRT",282.31,3.7,"N"
"3816",39.08553,110.77335,297.57,0.69,0.75,"2026-09-09",1945,"N20","nominal","2.0NRT",280.61,1.26,"N"
"3817",39.08348,110.7715,298.29,0.7,0.75,"2026-09-09",1945,"N20","nominal","2.0NRT",280.61,1.89,"N"
"3818",39.0234,110.67336,295.64,0.69,0.74,"2026-09-09",1945,"N20","nominal","2.0NRT",280.82,1.36,"N"
"3819",43.82805,82.79446,297.69,0.36,0.57,"2026-09-09",1945,"N20","nominal","2.0NRT",285.65,0.48,"N"
"3820",39.86491,106.87744,297.2,0.42,0.61,"2026-09-09",1945,"N20","nominal","2.0NRT",280.92,1.02,"N"
"3821",39.85835,106.87933,295.74,0.42,0.61,"2026-09-09",1945,"N20","nominal","2.0NRT",284.13,0.87,"N"
"3822",42.70652,93.56506,302.91,0.39,0.36,"2026-09-09",1945,"N20","nominal","2.0NRT",289.61,1.68,"N"
"3823",42.70323,93.56416,310.78,0.39,0.36,"2026-09-09",1945,"N20","nominal","2.0NRT",291.72,0.87,"N"
"3824",42.69994,93.56326,303.38,0.39,0.36,"2026-09-09",1945,"N20","nominal","2.0NRT",291.43,0.87,"N"
"3825",39.86923,106.77705,307.33,0.42,0.61,"2026-09-09",1945,"N20","nominal","2.0NRT",283.28,1.53,"N"
"3826",42.69684,93.53797,304.96,0.39,0.36,"2026-09-09",1945,"N20","nominal","2.0NRT",288.26,1.53,"N"
"3827",42.70741,93.34987,305.01,0.39,0.36,"2026-09-09",1945,"N20","nominal","2.0NRT",291.91,1.05,"N"
"3828",43.52769,81.94941,298.58,0.39,0.59,"2026-09-09",1945,"N20","nominal","2.0NRT",284.7,1.11,"N"
"3829",43.52747,81.95423,299.31,0.39,0.59,"2026-09-09",1945,"N20","nominal","2.0NRT",287.79,1.5,"N"
"3830",43.52726,81.95905,315.67,0.39,0.59,"2026-09-09",1945,"N20","nominal","2.0NRT",289.83,1.5,"N"
"3831",39.47575,107.13715,299.67,0.45,0.63,"2026-09-09",1945,"N20","nominal","2.0NRT",282.8,1.03,"N"
"3832",39.53116,106.51756,298.22,0.41,0.61,"2026-09-09",1945,"N20","nominal","2.0NRT",285.32,1.65,"N"
"3833",39.47515,106.69643,296.46,0.42,0.61,"2026-09-09",1945,"N20","nominal","2.0NRT",284.57,0.89,"N"
"3834",39.46719,106.70329,307.98,0.42,0.61,"2026-09-09",1945,"N20","nominal","2.0NRT",286.72,1.59,"N"
"3835",39.46054,106.70546,301.28,0.42,0.61,"2026-09-09",1945,"N20","nominal","2.0NRT",286,1.59,"N"
"3836",39.46195,106.67903,303.49,0.42,0.61,"2026-09-09",1945,"N20","nominal","2.0NRT",288.33,1.19,"N"
"3837",39.36987,106.96085,297.88,0.44,0.62,"2026-09-09",1945,"N20","nominal","2.0NRT",284.78,1.63,"N"
"3838",39.36852,106.96558,306.45,0.44,0.62,"2026-09-09",1945,"N20","nominal","2.0NRT",288.47,2.35,"N"
"3839",39.38216,106.89632,298.76,0.44,0.62,"2026-09-09",1945,"N20","nominal","2.0NRT",283.52,1.66,"N"
"3840",39.35096,106.98405,300.94,0.44,0.62,"2026-09-09",1945,"N20","nominal","2.0NRT",282.44,1.02,"N"
"3841",39.41657,106.71134,305.13,0.42,0.61,"2026-09-09",1945,"N20","nominal","2.0NRT",285.81,1.41,"N"
"3842",39.3334,106.981,305.66,0.44,0.62,"2026-09-09",1945,"N20","nominal","2.0NRT",288.61,1.31,"N"
"3843",39.32667,106.98302,320.02,0.44,0.62,"2026-09-09",1945,"N20","nominal","2.0NRT",282.06,1.86,"N"
"3844",39.35635,106.8371,301.71,0.43,0.62,"2026-09-09",1945,"N20","nominal","2.0NRT",281.78,0.76,"N"
"3845",39.33338,106.91702,295.87,0.44,0.62,"2026-09-09",1945,"N20","nominal","2.0NRT",284.19,1.81,"N"
"3846",39.33171,106.97709,298.61,0.44,0.62,"2026-09-09",1945,"N20","nominal","2.0NRT",283.51,2.36,"N"
"3847",39.33038,106.9818,309.31,0.44,0.62,"2026-09-09",1945,"N20","nominal","2.0NRT",282.28,1.74,"N"
"3848",39.32907,106.98649,308.39,0.44,0.62,"2026-09-09",1945,"N20","nominal","2.0NRT",280.34,1.74,"N"
"3849",39.35804,106.83984,297.56,0.43,0.62,"2026-09-09",1945,"N20","nominal","2.0NRT",282.01,0.73,"N"
"3850",39.3355,106.92004,304.86,0.44,0.62,"2026-09-09",1945,"N20","nominal","2.0NRT",285.82,1.76,"N"
"3851",42.84431,88.03549,314.05,0.38,0.43,"2026-09-09",1945,"N20","nominal","2.0NRT",286.67,2.33,"N"
"3852",39.27206,106.72221,300.99,0.43,0.62,"2026-09-09",1945,"N20","nominal","2.0NRT",283.62,1.49,"N"
"3853",39.18874,106.99654,308.66,0.45,0.63,"2026-09-09",1945,"N20","nominal","2.0NRT",285.78,1.71,"N"
"3854",39.16036,106.65199,300.43,0.43,0.62,"2026-09-09",1945,"N20","nominal","2.0NRT",280.28,1.08,"N"
"3855",38.9458,106.46011,306.52,0.43,0.62,"2026-09-09",1945,"N20","nominal","2.0NRT",282.13,1.06,"N"
"3856",38.91634,106.43608,296.7,0.42,0.61,"2026-09-09",1945,"N20","nominal","2.0NRT",285.13,1.2,"N"
"3857",38.91503,106.4407,296.4,0.42,0.61,"2026-09-09",1945,"N20","nominal","2.0NRT",283.63,1.48,"N"
"3858",38.91372,106.44533,304.97,0.43,0.62,"2026-09-09",1945,"N20","nominal","2.0NRT",285.8,1.48,"N"
"3859",38.91099,106.43363,299.99,0.42,0.61,"2026-09-09",1945,"N20","nominal","2.0NRT",285.48,1.2,"N"
"3860",38.91592,106.44424,309.71,0.43,0.62,"2026-09-09",1945,"N20","nominal","2.0NRT",285.26,2.26,"N"
"3861",38.91315,106.43248,300.21,0.42,0.61,"2026-09-09",1945,"N20","nominal","2.0NRT",284.35,1.76,"N"
"3862",41.82402,88.89517,303.59,0.51,0.41,"2026-09-09",1947,"N20","nominal","2.0NRT",286.71,1.81,"N"
"3863",41.82333,88.90131,310.77,0.51,0.41,"2026-09-09",1947,"N20","nominal","2.0NRT",289.47,1.81,"N"
"3864",41.82266,88.90742,305.56,0.51,0.41,"2026-09-09",1947,"N20","nominal","2.0NRT",287.88,1.28,"N"
"3865",38.26154,106.54795,320.36,0.45,0.63,"2026-09-09",1947,"N20","nominal","2.0NRT",281.03,2.45,"N"
"3866",38.25336,106.55506,295.31,0.45,0.63,"2026-09-09",1947,"N20","nominal","2.0NRT",284.89,1.52,"N"
"3867",38.24927,106.54771,298.71,0.45,0.63,"2026-09-09",1947,"N20","nominal","2.0NRT",286.59,1.52,"N"
"3868",38.2479,106.55253,312.71,0.45,0.63,"2026-09-09",1947,"N20","nominal","2.0NRT",289.53,1.52,"N"
"3869",38.38221,105.68806,296.2,0.4,0.6,"2026-09-09",1947,"N20","nominal","2.0NRT",281.2,0.47,"N"
"3870",37.8787,105.94508,297.8,0.43,0.62,"2026-09-09",1947,"N20","nominal","2.0NRT",283.41,0.8,"N"
"3871",37.41246,106.62376,306.65,0.48,0.65,"2026-09-09",1947,"N20","nominal","2.0NRT",280.88,1.64,"N"
"3872",37.41101,106.6288,296.96,0.48,0.65,"2026-09-09",1947,"N20","nominal","2.0NRT",282.51,1.25,"N"
"3873",37.40688,106.62118,299.85,0.48,0.65,"2026-09-09",1947,"N20","nominal","2.0NRT",280.57,0.95,"N"
"3874",37.40771,106.62162,304.18,0.48,0.65,"2026-09-09",1947,"N20","nominal","2.0NRT",280.67,1.88,"N"
"3875",37.40239,106.57323,295.15,0.48,0.64,"2026-09-09",1947,"N20","nominal","2.0NRT",282.69,0.84,"N"
"3876",37.5625,105.41362,296.74,0.41,0.61,"2026-09-09",1947,"N20","nominal","2.0NRT",283.72,0.82,"N"
"3877",37.60334,105.02771,297.27,0.39,0.59,"2026-09-09",1947,"N20","nominal","2.0NRT",284.09,0.9,"N"
"3878",37.60072,105.02744,298.81,0.39,0.59,"2026-09-09",1947,"N20","nominal","2.0NRT",284.09,0.68,"N"
"3879",40.60275,81.16685,301.2,0.41,0.6,"2026-09-09",1947,"N20","nominal","2.0NRT",286.09,0.75,"N"
"3880",36.80481,103.67577,301.04,0.35,0.56,"2026-09-09",1947,"N20","nominal","2.0NRT",279.95,1.01,"N"
"3881",40.03572,83.04803,313.33,0.32,0.55,"2026-09-09",1947,"N20","nominal","2.0NRT",284.86,0.62,"N"
"3882",36.55529,104.20795,302.92,0.38,0.58,"2026-09-09",1947,"N20","nominal","2.0NRT",282.48,1.29,"N"
"3883",65.68975,119.04694,305.78,0.52,0.41,"2026-09-09",1938,"N20","nominal","2.0NRT",273.24,2.22,"N"
"3884",69.36964,88.11192,295.42,0.33,0.55,"2026-09-09",1938,"N20","nominal","2.0NRT",273.64,0.74,"N"
"3885",65.28284,110.84078,299.51,0.4,0.37,"2026-09-09",1938,"N20","nominal","2.0NRT",274.75,1.53,"N"
"3886",65.28243,110.83514,298.21,0.4,0.37,"2026-09-09",1938,"N20","nominal","2.0NRT",273.93,1.75,"N"
"3887",67.28995,75.10501,308.72,0.71,0.75,"2026-09-09",1938,"N20","nominal","2.0NRT",277.98,1.54,"N"
"3888",67.01235,75.22974,299.92,0.71,0.75,"2026-09-09",1938,"N20","nominal","2.0NRT",276.55,1.52,"N"
"3889",67.00895,75.23976,300.98,0.71,0.75,"2026-09-09",1938,"N20","nominal","2.0NRT",276.17,1.61,"N"
"3890",67.01833,76.18113,321.05,0.67,0.74,"2026-09-09",1938,"N20","nominal","2.0NRT",279.82,3,"N"
"3891",66.96168,75.52747,312.11,0.7,0.75,"2026-09-09",1938,"N20","nominal","2.0NRT",278.94,21.98,"N"
"3892",66.95474,75.5297,346.65,0.7,0.75,"2026-09-09",1938,"N20","nominal","2.0NRT",285.38,21.98,"N"
"3893",66.95379,75.51305,309.76,0.7,0.75,"2026-09-09",1938,"N20","nominal","2.0NRT",277.63,21.98,"N"
"3894",66.95569,75.54613,298.53,0.7,0.75,"2026-09-09",1938,"N20","nominal","2.0NRT",277.58,18.54,"N"
"3895",66.95716,75.52626,367,0.7,0.75,"2026-09-09",1938,"N20","high","2.0NRT",285.64,39.25,"N"
"3896",66.95806,75.54281,331.13,0.7,0.75,"2026-09-09",1938,"N20","nominal","2.0NRT",282.27,43.97,"N"
"3897",66.95625,75.50971,297.67,0.7,0.75,"2026-09-09",1938,"N20","nominal","2.0NRT",277.71,39.25,"N"
"3898",66.90453,75.59435,333.39,0.7,0.75,"2026-09-09",1938,"N20","nominal","2.0NRT",277.36,6.7,"N"
"3899",66.86557,77.29013,337.73,0.63,0.72,"2026-09-09",1938,"N20","nominal","2.0NRT",279.72,5.61,"N"
"3900",66.94053,80.73492,303.6,0.51,0.66,"2026-09-09",1938,"N20","nominal","2.0NRT",279.97,1.17,"N"
"3901",66.55968,74.86841,312.98,0.73,0.76,"2026-09-09",1938,"N20","nominal","2.0NRT",278.08,2.3,"N"
"3902",66.68687,77.30961,299.28,0.63,0.72,"2026-09-09",1938,"N20","nominal","2.0NRT",279.11,1.02,"N"
"3903",66.65845,76.83642,321.95,0.65,0.73,"2026-09-09",1938,"N20","nominal","2.0NRT",278.6,2.34,"N"
"3904",66.73663,80.41736,305.84,0.52,0.67,"2026-09-09",1938,"N20","nominal","2.0NRT",279.36,0.93,"N"
"3905",66.73043,80.41822,297.05,0.52,0.67,"2026-09-09",1938,"N20","nominal","2.0NRT",278.28,0.93,"N"
"3906",66.71989,80.49236,315.92,0.52,0.66,"2026-09-09",1938,"N20","nominal","2.0NRT",278.96,2.25,"N"
"3907",66.70593,80.43364,340.97,0.52,0.67,"2026-09-09",1938,"N20","nominal","2.0NRT",278.26,5.83,"N"
"3908",66.70625,80.44573,333.85,0.52,0.67,"2026-09-09",1938,"N20","nominal","2.0NRT",279.81,5.83,"N"
"3909",66.73278,80.41404,313.27,0.52,0.67,"2026-09-09",1938,"N20","nominal","2.0NRT",278.52,1.29,"N"
"3910",66.71585,80.48914,318.11,0.52,0.66,"2026-09-09",1938,"N20","nominal","2.0NRT",277.68,2.19,"N"
"3911",66.70854,80.44171,367,0.52,0.67,"2026-09-09",1938,"N20","high","2.0NRT",281.54,9.94,"N"
"3912",66.55535,76.69403,348.69,0.66,0.73,"2026-09-09",1938,"N20","nominal","2.0NRT",281.52,5.75,"N"
"3913",66.55462,76.67883,303.33,0.66,0.73,"2026-09-09",1938,"N20","nominal","2.0NRT",279.3,5.75,"N"
"3914",66.54858,76.696,350.5,0.66,0.73,"2026-09-09",1938,"N20","nominal","2.0NRT",280.22,6.12,"N"
"3915",66.54785,76.68081,301.96,0.66,0.73,"2026-09-09",1938,"N20","nominal","2.0NRT",279.13,6.12,"N"
"3916",66.56357,77.16153,339.53,0.64,0.72,"2026-09-09",1938,"N20","nominal","2.0NRT",279.53,7.73,"N"
"3917",66.67136,80.44663,340.67,0.52,0.67,"2026-09-09",1938,"N20","nominal","2.0NRT",280.88,3.8,"N"
"3918",66.65925,80.46014,342.6,0.52,0.67,"2026-09-09",1938,"N20","nominal","2.0NRT",279.43,4.79,"N"
"3919",66.60191,80.40781,326.65,0.52,0.67,"2026-09-09",1938,"N20","nominal","2.0NRT",279.23,2.37,"N"
"3920",66.60401,80.39974,296.83,0.52,0.67,"2026-09-09",1938,"N20","nominal","2.0NRT",278.49,1.33,"N"
"3921",66.60429,80.4118,307.03,0.52,0.67,"2026-09-09",1938,"N20","nominal","2.0NRT",278.69,1.48,"N"
"3922",66.3191,76.78821,322.02,0.65,0.73,"2026-09-09",1938,"N20","nominal","2.0NRT",277.95,2.85,"N"
"3923",66.31485,76.98522,306.95,0.65,0.73,"2026-09-09",1938,"N20","nominal","2.0NRT",278.88,1.72,"N"
"3924",66.31555,76.99993,296.3,0.65,0.73,"2026-09-09",1938,"N20","nominal","2.0NRT",278.88,1.72,"N"
"3925",66.28306,76.75253,312.98,0.66,0.73,"2026-09-09",1938,"N20","nominal","2.0NRT",278.87,1.88,"N"
"3926",66.33232,77.82498,304.74,0.61,0.71,"2026-09-09",1938,"N20","nominal","2.0NRT",278.42,0.98,"N"
"3927",66.31406,76.99189,322.36,0.65,0.73,"2026-09-09",1938,"N20","nominal","2.0NRT",279.74,3.17,"N"
"3928",66.28223,76.74445,297.05,0.66,0.73,"2026-09-09",1938,"N20","nominal","2.0NRT",277.43,1.6,"N"
"3929",66.28293,76.75941,300.45,0.66,0.73,"2026-09-09",1938,"N20","nominal","2.0NRT",278.77,1.6,"N"
"3930",66.25122,76.81384,367,0.65,0.73,"2026-09-09",1938,"N20","high","2.0NRT",281.49,15.93,"N"
"3931",66.24446,76.81564,298.62,0.65,0.73,"2026-09-09",1938,"N20","nominal","2.0NRT",278.04,1.02,"N"
"3932",66.20245,77.22808,319.4,0.64,0.72,"2026-09-09",1938,"N20","nominal","2.0NRT",279.81,3.18,"N"
"3933",66.16161,76.94226,367,0.65,0.73,"2026-09-09",1938,"N20","high","2.0NRT",282.13,29.59,"N"
"3934",66.16233,76.95699,299.24,0.65,0.73,"2026-09-09",1938,"N20","nominal","2.0NRT",279.58,13.45,"N"
"3935",66.20087,77.22501,322.18,0.64,0.72,"2026-09-09",1938,"N20","nominal","2.0NRT",279.14,2.86,"N"
"3936",66.16083,76.93921,367,0.65,0.73,"2026-09-09",1938,"N20","high","2.0NRT",279.72,25.91,"N"
"3937",66.16151,76.95398,338.8,0.65,0.73,"2026-09-09",1938,"N20","nominal","2.0NRT",281.57,20.45,"N"
"3938",66.18642,77.67691,303.51,0.62,0.71,"2026-09-09",1938,"N20","nominal","2.0NRT",278.02,2.73,"N"
"3939",66.10786,76.83199,342.95,0.65,0.73,"2026-09-09",1938,"N20","nominal","2.0NRT",280.4,6.53,"N"
"3940",66.10108,76.83343,306.7,0.65,0.73,"2026-09-09",1938,"N20","nominal","2.0NRT",279.46,3.13,"N"
"3941",66.10182,76.84858,312.02,0.65,0.73,"2026-09-09",1938,"N20","nominal","2.0NRT",280.06,3.4,"N"
"3942",66.1076,76.83894,321.93,0.65,0.73,"2026-09-09",1938,"N20","nominal","2.0NRT",280.94,5.08,"N"
"3943",66.10692,76.82398,312.97,0.65,0.73,"2026-09-09",1938,"N20","nominal","2.0NRT",278.92,5.82,"N"
"3944",66.10083,76.8406,332.89,0.65,0.73,"2026-09-09",1938,"N20","nominal","2.0NRT",280.02,5.08,"N"
"3945",66.05357,77.0026,346.21,0.65,0.73,"2026-09-09",1938,"N20","nominal","2.0NRT",280.12,6.84,"N"
"3946",65.97377,76.90502,302.86,0.65,0.73,"2026-09-09",1938,"N20","nominal","2.0NRT",278.84,1.02,"N"
"3947",65.85892,76.94533,325.24,0.65,0.73,"2026-09-09",1938,"N20","nominal","2.0NRT",279.86,4.01,"N"
"3948",65.85964,76.96001,296.7,0.65,0.73,"2026-09-09",1938,"N20","nominal","2.0NRT",279.34,3.39,"N"
"3949",65.85817,76.94501,324.34,0.65,0.73,"2026-09-09",1938,"N20","nominal","2.0NRT",280.09,4.38,"N"
"3950",65.85885,76.95969,305.07,0.65,0.73,"2026-09-09",1938,"N20","nominal","2.0NRT",278.96,3.87,"N"
"3951",65.82629,76.84861,325.77,0.66,0.73,"2026-09-09",1938,"N20","nominal","2.0NRT",280.58,2.74,"N"
"3952",65.82699,76.86335,297.79,0.66,0.73,"2026-09-09",1938,"N20","nominal","2.0NRT",281.31,2.74,"N"
"3953",62.49974,113.901,333.1,0.5,0.41,"2026-09-09",1938,"N20","nominal","2.0NRT",278.67,4.66,"N"
"3954",62.49811,113.90324,331.37,0.5,0.41,"2026-09-09",1938,"N20","nominal","2.0NRT",278.32,5.38,"N"
"3955",62.44574,113.65911,307.09,0.49,0.41,"2026-09-09",1938,"N20","nominal","2.0NRT",273.9,1.64,"N"
"3956",62.4042,113.59486,326.13,0.49,0.41,"2026-09-09",1938,"N20","nominal","2.0NRT",278.57,1.83,"N"
"3957",62.40624,113.58617,299.04,0.49,0.41,"2026-09-09",1938,"N20","nominal","2.0NRT",277.64,1.83,"N"
"3958",62.40287,113.58257,320.58,0.49,0.41,"2026-09-09",1938,"N20","nominal","2.0NRT",277.02,1.83,"N"
"3959",62.35119,113.766,326.22,0.5,0.41,"2026-09-09",1938,"N20","nominal","2.0NRT",281.08,12.8,"N"
"3960",62.3555,113.69409,326.25,0.5,0.41,"2026-09-09",1938,"N20","nominal","2.0NRT",284.58,35.09,"N"
"3961",62.39356,113.4967,331.82,0.49,0.4,"2026-09-09",1938,"N20","nominal","2.0NRT",278.27,4.29,"N"
"3962",62.40226,113.33434,301.61,0.49,0.4,"2026-09-09",1938,"N20","nominal","2.0NRT",276.02,0.72,"N"
"3963",62.39893,113.3307,327.12,0.49,0.4,"2026-09-09",1938,"N20","nominal","2.0NRT",275.51,3.29,"N"
"3964",65.30712,77.4118,295.49,0.64,0.72,"2026-09-09",1938,"N20","nominal","2.0NRT",277.65,2.25,"N"
"3965",63.39098,106.82172,303.06,0.39,0.36,"2026-09-09",1938,"N20","nominal","2.0NRT",282.17,1.37,"N"
"3966",65.08505,78.27798,312.27,0.6,0.71,"2026-09-09",1938,"N20","nominal","2.0NRT",282.04,1.62,"N"
"3967",65.08125,78.28434,309.02,0.6,0.71,"2026-09-09",1938,"N20","nominal","2.0NRT",281.66,1.96,"N"
"3968",64.90975,75.50005,343.32,0.73,0.76,"2026-09-09",1938,"N20","nominal","2.0NRT",283.29,8.25,"N"
"3969",64.90663,75.49723,340.74,0.73,0.76,"2026-09-09",1938,"N20","nominal","2.0NRT",282.17,6.2,"N"
"3970",64.84785,77.24485,299,0.65,0.73,"2026-09-09",1938,"N20","nominal","2.0NRT",281.9,1.5,"N"
"3971",64.68539,76.71558,296.4,0.67,0.74,"2026-09-09",1938,"N20","nominal","2.0NRT",282,0.62,"N"
"3972",61.59669,113.05621,299.89,0.5,0.41,"2026-09-09",1938,"N20","nominal","2.0NRT",276.52,0.96,"N"
"3973",61.59327,113.05272,296.02,0.5,0.41,"2026-09-09",1938,"N20","nominal","2.0NRT",276.72,1.12,"N"
"3974",61.54218,113.16117,327.79,0.51,0.41,"2026-09-09",1938,"N20","nominal","2.0NRT",282.1,15.81,"N"
"3975",64.41957,77.70077,323.32,0.63,0.72,"2026-09-09",1938,"N20","nominal","2.0NRT",281.58,2.8,"N"
"3976",61.34952,112.80729,298.95,0.5,0.41,"2026-09-09",1938,"N20","nominal","2.0NRT",267.72,1.23,"N"
"3977",61.34612,112.80379,307.76,0.5,0.41,"2026-09-09",1938,"N20","nominal","2.0NRT",268.38,1.27,"N"
"3978",61.34407,112.8124,298.34,0.51,0.41,"2026-09-09",1938,"N20","nominal","2.0NRT",267.4,1.27,"N"
"3979",63.47062,76.76754,297.91,0.68,0.74,"2026-09-09",1938,"N20","nominal","2.0NRT",270.39,1.48,"N"
"3980",63.47169,76.76357,308.07,0.68,0.74,"2026-09-09",1938,"N20","nominal","2.0NRT",270.95,1.81,"N"
"3981",63.43565,80.51505,303.75,0.52,0.67,"2026-09-09",1940,"N20","nominal","2.0NRT",283.34,0.9,"N"
"3982",63.43219,80.52231,318.32,0.52,0.67,"2026-09-09",1940,"N20","nominal","2.0NRT",283.57,1.85,"N"
"3983",63.12537,77.84515,295.62,0.63,0.72,"2026-09-09",1940,"N20","nominal","2.0NRT",275.5,0.52,"N"
"3984",60.47739,109.87885,297.02,0.45,0.39,"2026-09-09",1940,"N20","nominal","2.0NRT",272.83,0.72,"N"
"3985",60.12148,110.75861,297.77,0.48,0.4,"2026-09-09",1940,"N20","nominal","2.0NRT",270.05,0.54,"N"
"3986",59.79083,110.87329,301.32,0.5,0.41,"2026-09-09",1940,"N20","nominal","2.0NRT",275.77,1.35,"N"
"3987",59.78896,110.88143,311.05,0.5,0.41,"2026-09-09",1940,"N20","nominal","2.0NRT",279,1.52,"N"
"3988",60.15104,109.10211,296.03,0.44,0.39,"2026-09-09",1940,"N20","nominal","2.0NRT",273.57,0.78,"N"
"3989",60.14954,109.09294,333.63,0.44,0.39,"2026-09-09",1940,"N20","nominal","2.0NRT",280.8,3.44,"N"
"3990",60.14796,109.10046,316.23,0.44,0.39,"2026-09-09",1940,"N20","nominal","2.0NRT",275.78,3.44,"N"
"3991",60.14624,109.09011,333.05,0.44,0.39,"2026-09-09",1940,"N20","nominal","2.0NRT",278.24,3.44,"N"
"3992",60.14467,109.09763,308.83,0.44,0.39,"2026-09-09",1940,"N20","nominal","2.0NRT",274.99,3.44,"N"
"3993",62.38678,76.63217,304.64,0.7,0.75,"2026-09-09",1940,"N20","nominal","2.0NRT",270.6,1.43,"N"
"3994",62.33536,76.72575,299.18,0.69,0.74,"2026-09-09",1940,"N20","nominal","2.0NRT",271.61,1.25,"N"
"3995",62.36871,77.4489,304.47,0.66,0.73,"2026-09-09",1940,"N20","nominal","2.0NRT",277.42,1.03,"N"
"3996",62.38854,76.63029,308.29,0.7,0.75,"2026-09-09",1940,"N20","nominal","2.0NRT",270.63,1.9,"N"
"3997",62.3369,76.7244,295.49,0.69,0.74,"2026-09-09",1940,"N20","nominal","2.0NRT",270.96,1.07,"N"
"3998",62.36801,77.44769,308.23,0.66,0.73,"2026-09-09",1940,"N20","nominal","2.0NRT",276.72,1.24,"N"
"3999",62.33452,78.15608,296.72,0.62,0.72,"2026-09-09",1940,"N20","nominal","2.0NRT",275.84,1.14,"N"
"4000",62.38781,80.16595,300.8,0.54,0.68,"2026-09-09",1940,"N20","nominal","2.0NRT",279.4,1.35,"N"
"4001",62.33222,78.16471,299.54,0.62,0.72,"2026-09-09",1940,"N20","nominal","2.0NRT",277.02,0.84,"N"
"4002",62.38553,80.17252,303.64,0.54,0.68,"2026-09-09",1940,"N20","nominal","2.0NRT",280.28,1.15,"N"
"4003",62.14374,79.44235,296.16,0.57,0.69,"2026-09-09",1940,"N20","nominal","2.0NRT",278.32,0.79,"N"
"4004",59.42544,107.81276,307.14,0.43,0.38,"2026-09-09",1940,"N20","nominal","2.0NRT",278.35,1.09,"N"
"4005",61.49133,76.105,303.64,0.73,0.76,"2026-09-09",1940,"N20","nominal","2.0NRT",269.28,1.19,"N"
"4006",60.8444,97.35074,335.12,0.46,0.39,"2026-09-09",1940,"N20","nominal","2.0NRT",289.57,19.11,"N"
"4007",61.42998,76.16062,301.38,0.73,0.76,"2026-09-09",1940,"N20","nominal","2.0NRT",273.6,1.81,"N"
"4008",61.42679,76.15798,315.8,0.73,0.76,"2026-09-09",1940,"N20","nominal","2.0NRT",274.16,1.92,"N"
"4009",60.78158,97.06891,327.27,0.46,0.39,"2026-09-09",1940,"N20","nominal","2.0NRT",277.22,25.93,"N"
"4010",60.77709,97.07571,300.81,0.46,0.39,"2026-09-09",1940,"N20","nominal","2.0NRT",279.59,35.33,"N"
"4011",61.14197,75.5854,298.05,0.76,0.77,"2026-09-09",1940,"N20","nominal","2.0NRT",277.37,1.75,"N"
"4012",60.49265,97.41107,337.53,0.45,0.39,"2026-09-09",1940,"N20","nominal","2.0NRT",280.22,5.95,"N"
"4013",61.0983,75.98725,308.69,0.74,0.76,"2026-09-09",1940,"N20","nominal","2.0NRT",275.18,1.82,"N"
"4014",61.0956,76.07304,295.71,0.74,0.76,"2026-09-09",1940,"N20","nominal","2.0NRT",273.42,2.26,"N"
"4015",61.09634,76.08709,310.48,0.74,0.76,"2026-09-09",1940,"N20","nominal","2.0NRT",273.18,2.67,"N"
"4016",60.43824,97.79267,327.12,0.44,0.39,"2026-09-09",1940,"N20","nominal","2.0NRT",282.84,4.63,"N"
"4017",61.12176,76.74614,296.5,0.7,0.75,"2026-09-09",1940,"N20","nominal","2.0NRT",266.27,0.43,"N"
"4018",61.10338,76.6546,297.09,0.7,0.75,"2026-09-09",1940,"N20","nominal","2.0NRT",271.26,1.63,"N"
"4019",61.09641,76.65585,309.1,0.7,0.75,"2026-09-09",1940,"N20","nominal","2.0NRT",270.72,1.63,"N"
"4020",60.43714,97.67385,327.26,0.45,0.39,"2026-09-09",1940,"N20","nominal","2.0NRT",278.3,13.08,"N"
"4021",60.44375,97.55034,331.41,0.45,0.39,"2026-09-09",1940,"N20","nominal","2.0NRT",285.08,13.69,"N"
"4022",60.44517,97.55224,306.22,0.45,0.39,"2026-09-09",1940,"N20","nominal","2.0NRT",279.77,9.18,"N"
"4023",60.44167,97.55061,324.11,0.45,0.39,"2026-09-09",1940,"N20","nominal","2.0NRT",284.05,9.18,"N"
"4024",61.1067,75.77476,298.84,0.75,0.77,"2026-09-09",1940,"N20","nominal","2.0NRT",274.93,1.19,"N"
"4025",61.10012,76.07809,319.35,0.74,0.76,"2026-09-09",1940,"N20","nominal","2.0NRT",273.01,4.19,"N"
"4026",61.0984,76.64737,317.59,0.7,0.75,"2026-09-09",1940,"N20","nominal","2.0NRT",270.06,2.88,"N"
"4027",61.04636,76.73737,318.94,0.7,0.75,"2026-09-09",1940,"N20","nominal","2.0NRT",269.99,7,"N"
"4028",61.03939,76.73846,354.19,0.7,0.75,"2026-09-09",1940,"N20","nominal","2.0NRT",269.33,7,"N"
"4029",61.04002,76.75182,297.4,0.7,0.75,"2026-09-09",1940,"N20","nominal","2.0NRT",269.08,8.58,"N"
"4030",60.99952,76.34878,332.63,0.72,0.76,"2026-09-09",1940,"N20","nominal","2.0NRT",274.17,4.46,"N"
"4031",61.00026,76.36363,302.12,0.72,0.76,"2026-09-09",1940,"N20","nominal","2.0NRT",273.81,4.46,"N"
"4032",61.04156,76.73423,327,0.7,0.75,"2026-09-09",1940,"N20","nominal","2.0NRT",268.34,10.37,"N"
"4033",61.04214,76.74761,352.95,0.7,0.75,"2026-09-09",1940,"N20","nominal","2.0NRT",271.13,13.37,"N"
"4034",60.42968,96.51254,338.5,0.47,0.4,"2026-09-09",1940,"N20","nominal","2.0NRT",287.82,3.45,"N"
"4035",60.43059,96.50388,297.85,0.47,0.4,"2026-09-09",1940,"N20","nominal","2.0NRT",274.18,3.45,"N"
"4036",60.42876,96.52101,295.18,0.47,0.4,"2026-09-09",1940,"N20","nominal","2.0NRT",277.06,1.24,"N"
"4037",60.42607,96.51091,335.16,0.47,0.4,"2026-09-09",1940,"N20","nominal","2.0NRT",286.05,3.45,"N"
"4038",60.42699,96.50228,297.74,0.47,0.4,"2026-09-09",1940,"N20","nominal","2.0NRT",274.87,3.45,"N"
"4039",60.4234,96.50058,298.13,0.47,0.4,"2026-09-09",1940,"N20","nominal","2.0NRT",275.76,0.86,"N"
"4040",60.42248,96.50925,298.56,0.47,0.4,"2026-09-09",1940,"N20","nominal","2.0NRT",276.46,0.86,"N"
"4041",60.99661,76.36004,328.23,0.72,0.76,"2026-09-09",1940,"N20","nominal","2.0NRT",275.54,3.29,"N"
"4042",60.99594,76.34566,295.19,0.72,0.76,"2026-09-09",1940,"N20","nominal","2.0NRT",275.12,3.29,"N"
"4043",60.43892,96.24576,310.4,0.48,0.4,"2026-09-09",1940,"N20","nominal","2.0NRT",277.7,2.94,"N"
"4044",60.43803,96.25421,315.8,0.48,0.4,"2026-09-09",1940,"N20","nominal","2.0NRT",285.07,2.67,"N"
"4045",60.43533,96.24387,327.65,0.48,0.4,"2026-09-09",1940,"N20","nominal","2.0NRT",275.16,4.55,"N"
"4046",60.43443,96.25243,310.32,0.48,0.4,"2026-09-09",1940,"N20","nominal","2.0NRT",278.02,3.69,"N"
"4047",60.98824,78.97745,296.33,0.59,0.7,"2026-09-09",1940,"N20","nominal","2.0NRT",277.89,1.01,"N"
"4048",60.80075,78.52466,298.86,0.61,0.71,"2026-09-09",1940,"N20","nominal","2.0NRT",281.61,0.95,"N"
"4049",60.80112,78.53623,297.14,0.61,0.71,"2026-09-09",1940,"N20","nominal","2.0NRT",282.21,0.95,"N"
"4050",60.80385,78.52774,308.06,0.61,0.71,"2026-09-09",1940,"N20","nominal","2.0NRT",281.34,1.76,"N"
"4051",60.58083,78.71902,300.96,0.6,0.71,"2026-09-09",1940,"N20","nominal","2.0NRT",282.63,1.82,"N"
"4052",60.58118,78.73042,313.17,0.6,0.71,"2026-09-09",1940,"N20","nominal","2.0NRT",283.39,1.82,"N"
"4053",60.58297,78.71105,296.96,0.6,0.71,"2026-09-09",1940,"N20","nominal","2.0NRT",282.12,1.78,"N"
"4054",60.58329,78.72243,318.87,0.6,0.71,"2026-09-09",1940,"N20","nominal","2.0NRT",283.03,1.78,"N"
"4055",60.52507,78.76254,297.84,0.6,0.71,"2026-09-09",1940,"N20","nominal","2.0NRT",283.6,0.62,"N"
"4056",57.58816,105.9128,304.2,0.42,0.38,"2026-09-09",1940,"N20","nominal","2.0NRT",273.38,0.9,"N"
"4057",57.58961,105.91376,311.21,0.42,0.38,"2026-09-09",1940,"N20","nominal","2.0NRT",273.16,1.39,"N"
"4058",57.56453,105.92747,295.8,0.42,0.38,"2026-09-09",1940,"N20","nominal","2.0NRT",262.41,0.65,"N"
"4059",59.2683,77.02347,300.07,0.7,0.75,"2026-09-09",1940,"N20","nominal","2.0NRT",273.33,2.54,"N"
"4060",59.26996,77.0218,295.83,0.7,0.75,"2026-09-09",1940,"N20","nominal","2.0NRT",272.43,1.54,"N"
"4061",11.47639,77.5037,303.98,0.33,0.55,"2026-09-09",1953,"N20","nominal","2.0NRT",274.72,0.7,"N"
"4062",59.11168,89.75477,303.94,0.49,0.49,"2026-09-09",1940,"N20","nominal","2.0NRT",279.01,1.63,"N"
"4063",58.15362,95.13935,334.44,0.48,0.4,"2026-09-09",1940,"N20","nominal","2.0NRT",287.94,4.66,"N"
"4064",10.61573,77.41871,309.43,0.33,0.55,"2026-09-09",1953,"N20","nominal","2.0NRT",290.56,0.53,"N"
"4065",58.15611,78.87811,296.18,0.6,0.71,"2026-09-09",1940,"N20","nominal","2.0NRT",283.78,0.61,"N"
"4066",57.07991,93.58341,340.52,0.52,0.41,"2026-09-09",1940,"N20","nominal","2.0NRT",284.07,8.24,"N"
"4067",57.07769,93.58509,327.47,0.52,0.41,"2026-09-09",1940,"N20","nominal","2.0NRT",281.9,7.1,"N"
"4068",57.51381,79.00345,301.44,0.59,0.7,"2026-09-09",1940,"N20","nominal","2.0NRT",284.46,1.02,"N"
"4069",57.5154,79.00564,306.43,0.59,0.7,"2026-09-09",1940,"N20","nominal","2.0NRT",284.68,1.6,"N"
"4070",55.12421,105.50517,297.2,0.46,0.39,"2026-09-09",1940,"N20","nominal","2.0NRT",280.79,1.33,"N"
"4071",55.12281,105.5119,315.2,0.46,0.39,"2026-09-09",1940,"N20","nominal","2.0NRT",282.23,1.8,"N"
"4072",57.42942,78.691,346.12,0.61,0.71,"2026-09-09",1940,"N20","nominal","2.0NRT",286.74,6.75,"N"
"4073",57.37273,80.17714,301.88,0.54,0.68,"2026-09-09",1940,"N20","nominal","2.0NRT",285.9,1.21,"N"
"4074",57.36644,80.1773,296.01,0.54,0.68,"2026-09-09",1940,"N20","nominal","2.0NRT",285.55,1.21,"N"
"4075",57.36655,80.18649,303,0.54,0.68,"2026-09-09",1940,"N20","nominal","2.0NRT",286.63,2.37,"N"
"4076",57.36026,80.18662,313.58,0.54,0.68,"2026-09-09",1940,"N20","nominal","2.0NRT",285.66,2.06,"N"
"4077",57.3608,80.23226,300.07,0.53,0.67,"2026-09-09",1940,"N20","nominal","2.0NRT",284.99,1.83,"N"
"4078",57.36091,80.24133,296.82,0.53,0.67,"2026-09-09",1940,"N20","nominal","2.0NRT",284.99,1.39,"N"
"4079",57.35464,80.24156,300.62,0.53,0.67,"2026-09-09",1940,"N20","nominal","2.0NRT",286.93,1.39,"N"
"4080",57.34825,80.23257,296.02,0.53,0.67,"2026-09-09",1940,"N20","nominal","2.0NRT",283.61,1.22,"N"
"4081",57.34835,80.24165,313.76,0.53,0.67,"2026-09-09",1940,"N20","nominal","2.0NRT",286.46,2.64,"N"
"4082",57.27032,79.38153,305.31,0.57,0.69,"2026-09-09",1940,"N20","nominal","2.0NRT",283.7,0.71,"N"
"4083",56.54568,85.38966,321.7,0.34,0.56,"2026-09-09",1940,"N20","nominal","2.0NRT",286.62,1.24,"N"
"4084",56.2355,90.41123,298.71,0.43,0.46,"2026-09-09",1940,"N20","nominal","2.0NRT",287.68,1.26,"N"
"4085",56.23127,90.41027,321,0.43,0.46,"2026-09-09",1940,"N20","nominal","2.0NRT",293.87,2.69,"N"
"4086",56.22705,90.40928,309.53,0.43,0.46,"2026-09-09",1940,"N20","nominal","2.0NRT",290.01,2.69,"N"
"4087",55.97602,92.91585,296.32,0.53,0.42,"2026-09-09",1940,"N20","nominal","2.0NRT",284.83,1.3,"N"
"4088",56.1258,86.14013,296.25,0.63,0.54,"2026-09-09",1940,"N20","nominal","2.0NRT",283.27,1.13,"N"
"4089",54.0037,103.56489,302.43,0.43,0.38,"2026-09-09",1942,"N20","nominal","2.0NRT",281.08,0.68,"N"
"4090",55.61315,89.23564,298.41,0.47,0.48,"2026-09-09",1942,"N20","nominal","2.0NRT",282.76,0.5,"N"
"4091",55.21819,89.94102,301.88,0.44,0.46,"2026-09-09",1942,"N20","nominal","2.0NRT",279.77,1.28,"N"
"4092",55.21288,89.95431,305.02,0.44,0.46,"2026-09-09",1942,"N20","nominal","2.0NRT",280.09,1.3,"N"
"4093",55.36915,86.03555,296.99,0.62,0.54,"2026-09-09",1942,"N20","nominal","2.0NRT",285.81,1.09,"N"
"4094",55.36876,86.04557,297.64,0.62,0.54,"2026-09-09",1942,"N20","nominal","2.0NRT",285.81,1.62,"N"
"4095",55.35604,85.98365,318.26,0.63,0.54,"2026-09-09",1942,"N20","nominal","2.0NRT",287.68,4.18,"N"
"4096",55.36942,86.03848,299.58,0.62,0.54,"2026-09-09",1942,"N20","nominal","2.0NRT",287.04,1.13,"N"
"4097",55.36898,86.04848,298.54,0.62,0.54,"2026-09-09",1942,"N20","nominal","2.0NRT",285.26,1.13,"N"
"4098",55.35653,85.98671,325.73,0.63,0.54,"2026-09-09",1942,"N20","nominal","2.0NRT",288.76,5.17,"N"
"4099",55.30613,85.58952,316.62,0.32,0.55,"2026-09-09",1942,"N20","nominal","2.0NRT",287.37,1.97,"N"
"4100",52.60933,103.89758,309.12,0.46,0.39,"2026-09-09",1942,"N20","nominal","2.0NRT",283.22,1.76,"N"
"4101",54.65959,83.30229,295.95,0.4,0.6,"2026-09-09",1942,"N20","nominal","2.0NRT",284.22,0.67,"N"
"4102",54.41856,86.78015,297.64,0.57,0.52,"2026-09-09",1942,"N20","nominal","2.0NRT",283.84,0.64,"N"
"4103",54.30393,86.12683,304.19,0.61,0.53,"2026-09-09",1942,"N20","nominal","2.0NRT",285.25,1.34,"N"
"4104",54.30355,86.1358,311.86,0.61,0.53,"2026-09-09",1942,"N20","nominal","2.0NRT",287.59,2.22,"N"
"4105",54.30313,86.14573,299.57,0.61,0.53,"2026-09-09",1942,"N20","nominal","2.0NRT",287.73,2.22,"N"
"4106",54.29899,86.12611,303.62,0.61,0.53,"2026-09-09",1942,"N20","nominal","2.0NRT",285.74,1.99,"N"
"4107",54.28833,86.14344,299.58,0.61,0.53,"2026-09-09",1942,"N20","nominal","2.0NRT",287.56,3.57,"N"
"4108",54.28795,86.15247,311.4,0.61,0.53,"2026-09-09",1942,"N20","nominal","2.0NRT",289.29,5.93,"N"
"4109",54.30243,86.13798,321.2,0.61,0.53,"2026-09-09",1942,"N20","nominal","2.0NRT",288.66,3.21,"N"
"4110",54.30286,86.12882,315.42,0.61,0.53,"2026-09-09",1942,"N20","nominal","2.0NRT",286.55,3.21,"N"
"4111",54.29966,86.19677,299.51,0.6,0.53,"2026-09-09",1942,"N20","nominal","2.0NRT",287.92,3.69,"N"
"4112",54.29792,86.12814,298.51,0.61,0.53,"2026-09-09",1942,"N20","nominal","2.0NRT",286.04,3.21,"N"
"4113",54.28717,86.14564,313.99,0.61,0.53,"2026-09-09",1942,"N20","nominal","2.0NRT",289.5,5.46,"N"
"4114",54.2822,86.14577,303.39,0.61,0.53,"2026-09-09",1942,"N20","nominal","2.0NRT",286.19,3.87,"N"
"4115",54.26613,86.17134,308.82,0.6,0.53,"2026-09-09",1942,"N20","nominal","2.0NRT",286.64,13.14,"N"
"4116",54.26569,86.18109,308.88,0.6,0.53,"2026-09-09",1942,"N20","nominal","2.0NRT",287.6,2.87,"N"
"4117",54.16646,87.11858,296.94,0.55,0.51,"2026-09-09",1942,"N20","nominal","2.0NRT",285.57,0.99,"N"
"4118",53.74675,91.10635,306.45,0.57,0.43,"2026-09-09",1942,"N20","nominal","2.0NRT",289.97,1.94,"N"
"4119",53.73307,91.03091,297.19,0.38,0.44,"2026-09-09",1942,"N20","nominal","2.0NRT",284.99,0.73,"N"
"4120",53.71151,91.0905,300.79,0.38,0.43,"2026-09-09",1942,"N20","nominal","2.0NRT",290.78,1.73,"N"
"4121",53.71011,91.10622,301.73,0.57,0.43,"2026-09-09",1942,"N20","nominal","2.0NRT",289.64,1.89,"N"
"4122",53.70613,91.10525,303.03,0.57,0.43,"2026-09-09",1942,"N20","nominal","2.0NRT",292.88,1.89,"N"
"4123",53.70215,91.10426,301.96,0.57,0.43,"2026-09-09",1942,"N20","nominal","2.0NRT",291.32,2.85,"N"
"4124",53.997,86.67649,300.04,0.57,0.52,"2026-09-09",1942,"N20","nominal","2.0NRT",288.52,1.29,"N"
"4125",53.69117,91.13658,302.86,0.57,0.43,"2026-09-09",1942,"N20","nominal","2.0NRT",287.64,2.19,"N"
"4126",53.68321,91.13453,298.44,0.57,0.43,"2026-09-09",1942,"N20","nominal","2.0NRT",286.68,0.89,"N"
"4127",53.95491,86.64371,298.35,0.58,0.52,"2026-09-09",1942,"N20","nominal","2.0NRT",287.46,1.01,"N"
"4128",53.9227,87.28697,303.17,0.54,0.51,"2026-09-09",1942,"N20","nominal","2.0NRT",284.58,1.16,"N"
"4129",53.92153,87.28082,297.05,0.54,0.51,"2026-09-09",1942,"N20","nominal","2.0NRT",282.22,0.66,"N"
"4130",53.89293,87.28467,307.43,0.54,0.51,"2026-09-09",1942,"N20","nominal","2.0NRT",285.32,2.64,"N"
"4131",53.88964,87.25887,307.57,0.54,0.51,"2026-09-09",1942,"N20","nominal","2.0NRT",288.02,1.7,"N"
"4132",53.8887,87.27558,298.05,0.54,0.51,"2026-09-09",1942,"N20","nominal","2.0NRT",283.52,1.93,"N"
"4133",53.88541,87.24975,306.88,0.54,0.51,"2026-09-09",1942,"N20","nominal","2.0NRT",287.4,1.7,"N"
"4134",53.88494,87.25816,301.11,0.54,0.51,"2026-09-09",1942,"N20","nominal","2.0NRT",287.4,1.7,"N"
"4135",53.77893,87.08985,308.92,0.55,0.51,"2026-09-09",1942,"N20","nominal","2.0NRT",283.62,0.73,"N"
"4136",27.74391,102.20248,308.34,0.48,0.64,"2026-09-09",1947,"N20","nominal","2.0NRT",284.42,3.78,"N"
"4137",27.74176,102.21107,314.25,0.48,0.64,"2026-09-09",1947,"N20","nominal","2.0NRT",284.13,2.23,"N"
"4138",27.7292,102.21188,355.55,0.48,0.64,"2026-09-09",1947,"N20","nominal","2.0NRT",285.04,9.92,"N"
"4139",27.7304,102.20708,309.75,0.48,0.64,"2026-09-09",1947,"N20","nominal","2.0NRT",283.45,9.92,"N"
"4140",27.72359,102.20959,321.32,0.48,0.64,"2026-09-09",1947,"N20","nominal","2.0NRT",284.11,1.98,"N"
"4141",27.72479,102.20483,299.21,0.48,0.64,"2026-09-09",1947,"N20","nominal","2.0NRT",284.08,1.98,"N"
"4142",27.14873,102.66193,295.25,0.52,0.67,"2026-09-09",1947,"N20","nominal","2.0NRT",274.16,1.62,"N"
"4143",26.61908,102.83291,296.99,0.55,0.68,"2026-09-09",1947,"N20","nominal","2.0NRT",283.68,0.89,"N"
"4144",26.47994,103.32476,295.33,0.6,0.7,"2026-09-09",1947,"N20","nominal","2.0NRT",283.63,0.99,"N"
"4145",25.6981,103.86538,300.86,0.67,0.74,"2026-09-09",1947,"N20","nominal","2.0NRT",284.72,2.44,"N"
"4146",25.70127,103.8644,296.65,0.67,0.74,"2026-09-09",1947,"N20","nominal","2.0NRT",283.78,1.96,"N"
"4147",29.47817,76.84901,307.31,0.58,0.7,"2026-09-09",1947,"N20","nominal","2.0NRT",293.18,2.2,"N"
"4148",25.49092,102.51385,297.54,0.56,0.69,"2026-09-09",1947,"N20","nominal","2.0NRT",284.68,0.89,"N"
"4149",25.53918,100.57816,297.79,0.43,0.62,"2026-09-09",1949,"N20","nominal","2.0NRT",285.31,0.72,"N"
"4150",25.38144,99.30714,300.99,0.36,0.57,"2026-09-09",1949,"N20","nominal","2.0NRT",285.77,0.98,"N"
"4151",25.38068,99.31042,297.66,0.36,0.57,"2026-09-09",1949,"N20","nominal","2.0NRT",286.85,0.92,"N"
"4152",25.38073,99.30723,297.27,0.36,0.57,"2026-09-09",1949,"N20","nominal","2.0NRT",286.35,0.87,"N"
"4153",25.37999,99.31051,300.57,0.36,0.57,"2026-09-09",1949,"N20","nominal","2.0NRT",286.82,0.87,"N"
"4154",28.37615,77.22385,305.49,0.54,0.68,"2026-09-09",1949,"N20","nominal","2.0NRT",291.2,0.96,"N"
"4155",25.07337,99.28434,302.24,0.36,0.58,"2026-09-09",1949,"N20","nominal","2.0NRT",287.09,0.65,"N"
"4156",24.91837,99.0972,300.48,0.36,0.57,"2026-09-09",1949,"N20","nominal","2.0NRT",287.73,1.38,"N"
"4157",24.62439,98.75157,304.32,0.34,0.56,"2026-09-09",1949,"N20","nominal","2.0NRT",287.14,0.7,"N"
"4158",24.6265,98.75384,302.43,0.34,0.56,"2026-09-09",1949,"N20","nominal","2.0NRT",287.83,0.64,"N"
"4159",24.61345,98.74042,302.9,0.34,0.56,"2026-09-09",1949,"N20","nominal","2.0NRT",287.2,0.52,"N"
"4160",23.99023,79.39095,301.69,0.36,0.57,"2026-09-09",1949,"N20","nominal","2.0NRT",283.37,0.3,"N"
"4161",20.99685,86.01331,303.62,0.42,0.38,"2026-09-09",1949,"N20","nominal","2.0NRT",280.32,0.96,"N"
"4162",20.96932,86.00875,300.72,0.42,0.38,"2026-09-09",1949,"N20","nominal","2.0NRT",277.75,1.45,"N"
"4163",20.96874,86.01279,315.07,0.42,0.38,"2026-09-09",1949,"N20","nominal","2.0NRT",279.98,1.45,"N"
"4164",20.96356,86.04891,305.05,0.42,0.38,"2026-09-09",1949,"N20","nominal","2.0NRT",280.9,0.96,"N"
"4165",21.37871,81.67982,311.13,0.47,0.48,"2026-09-09",1949,"N20","nominal","2.0NRT",286.67,1.83,"N"
"4166",21.37868,81.6424,304.14,0.48,0.48,"2026-09-09",1949,"N20","nominal","2.0NRT",285.05,1.57,"N"
"4167",21.33862,78.9693,299.34,0.35,0.57,"2026-09-09",1951,"N20","nominal","2.0NRT",266.67,0.51,"N"
"4168",21.24455,79.22285,301.52,0.34,0.56,"2026-09-09",1951,"N20","nominal","2.0NRT",274.31,0.6,"N"
"4169",21.24932,79.21028,297.66,0.34,0.56,"2026-09-09",1951,"N20","nominal","2.0NRT",275.05,0.2,"N"
"4170",21.24792,79.22346,297.36,0.34,0.56,"2026-09-09",1951,"N20","nominal","2.0NRT",274.15,0.17,"N"
"4171",19.93735,73.71233,297.17,0.75,0.77,"2026-09-09",1951,"N20","nominal","2.0NRT",278.14,1.53,"N"
"4172",17.60981,83.20297,303.16,0.52,0.41,"2026-09-09",1951,"N20","nominal","2.0NRT",272.4,1.45,"N"
"4173",17.49954,78.72286,313.78,0.33,0.55,"2026-09-09",1951,"N20","nominal","2.0NRT",286.31,0.85,"N"
"4174",15.22659,76.76077,300.97,0.42,0.61,"2026-09-09",1951,"N20","nominal","2.0NRT",279.93,0.86,"N"
"4175",15.18477,76.67609,310.65,0.42,0.61,"2026-09-09",1951,"N20","nominal","2.0NRT",285.1,1.82,"N"
"4176",15.17955,76.67152,308.25,0.42,0.61,"2026-09-09",1951,"N20","nominal","2.0NRT",284.81,2.83,"N"
"4177",15.17564,76.65512,307.47,0.42,0.61,"2026-09-09",1951,"N20","nominal","2.0NRT",279.4,2.56,"N"
"4178",15.13567,76.70631,298.6,0.42,0.61,"2026-09-09",1951,"N20","nominal","2.0NRT",277.9,0.76,"N"
"4179",15.07439,76.86469,298.28,0.41,0.6,"2026-09-09",1951,"N20","nominal","2.0NRT",278.14,0.77,"N"
"4180",13.71126,79.61852,305.38,0.51,0.49,"2026-09-09",1953,"N20","nominal","2.0NRT",288.29,3.27,"N"
"4181",13.0127,77.39949,303.21,0.35,0.57,"2026-09-09",1953,"N20","nominal","2.0NRT",287.76,0.43,"N"
"4182",12.62486,79.78773,304.61,0.48,0.48,"2026-09-09",1953,"N20","nominal","2.0NRT",285.68,1.16,"N"
"4183",12.62527,79.79002,304.85,0.48,0.48,"2026-09-09",1953,"N20","nominal","2.0NRT",285.74,2.05,"N"
"4184",12.80645,77.43263,305.04,0.35,0.57,"2026-09-09",1953,"N20","nominal","2.0NRT",288.73,0.43,"N"
"4185",12.74513,77.61879,310.22,0.34,0.56,"2026-09-09",1953,"N20","nominal","2.0NRT",289.35,0.85,"N"
"4186",48.26967,83.46782,338.8,0.59,0.53,"2026-09-09",2123,"N20","nominal","2.0NRT",284.42,7.52,"N"
"4187",70.44383,84.36371,307.59,0.4,0.37,"2026-09-09",2118,"N20","nominal","2.0NRT",265.68,0.55,"N"
"4188",50.09984,75.39443,329.18,0.42,0.37,"2026-09-09",2123,"N20","nominal","2.0NRT",289.1,3.94,"N"
"4189",61.5438,113.1672,367,0.74,0.76,"2026-09-09",2118,"N20","high","2.0NRT",279.4,15.33,"N"
"4190",51.90296,59.69518,305.25,0.32,0.55,"2026-09-09",2123,"N20","nominal","2.0NRT",271.47,1.08,"N"
"4191",61.5388,113.17616,304.72,0.74,0.76,"2026-09-09",2118,"N20","nominal","2.0NRT",276.64,15.33,"N"
"4192",51.90274,59.69992,304.75,0.32,0.55,"2026-09-09",2123,"N20","nominal","2.0NRT",269.32,1.08,"N"
"4193",61.59523,113.05555,300.15,0.73,0.76,"2026-09-09",2118,"N20","nominal","2.0NRT",274.89,0.96,"N"
"4194",51.90253,59.70466,295.69,0.32,0.55,"2026-09-09",2123,"N20","nominal","2.0NRT",260.83,0.75,"N"
"4195",61.54181,113.1721,351.24,0.74,0.76,"2026-09-09",2118,"N20","nominal","2.0NRT",282.29,20.19,"N"
"4196",50.09879,75.40006,312.49,0.42,0.37,"2026-09-09",2123,"N20","nominal","2.0NRT",289,2.13,"N"
"4197",61.54686,113.16293,304.53,0.74,0.76,"2026-09-09",2118,"N20","nominal","2.0NRT",274.86,20.19,"N"
"4198",50.09547,75.39853,325.32,0.42,0.37,"2026-09-09",2123,"N20","nominal","2.0NRT",289.71,2.13,"N"
"4199",61.46317,113.00125,311.31,0.74,0.76,"2026-09-09",2118,"N20","nominal","2.0NRT",274.24,2.44,"N"
"4200",51.89918,59.66601,305.29,0.32,0.55,"2026-09-09",2123,"N20","nominal","2.0NRT",265.31,1.11,"N"
"4201",61.46534,112.99989,296.63,0.74,0.76,"2026-09-09",2118,"N20","nominal","2.0NRT",274.02,3.35,"N"
"4202",51.89896,59.67081,310.66,0.32,0.55,"2026-09-09",2123,"N20","nominal","2.0NRT",266.68,1.11,"N"
"4203",67.64955,83.21195,329.29,0.39,0.36,"2026-09-09",2118,"N20","nominal","2.0NRT",279.91,2.97,"N"
"4204",51.89875,59.67562,311.62,0.32,0.55,"2026-09-09",2123,"N20","nominal","2.0NRT",267.86,1.47,"N"
"4205",67.54978,83.20824,338.59,0.39,0.36,"2026-09-09",2118,"N20","nominal","2.0NRT",303.43,28.03,"N"
"4206",51.89853,59.68042,309.58,0.32,0.55,"2026-09-09",2123,"N20","nominal","2.0NRT",269.02,1.47,"N"
"4207",67.54845,83.21677,306.41,0.39,0.36,"2026-09-09",2118,"N20","nominal","2.0NRT",281.04,1.41,"N"
"4208",51.89832,59.68519,311.41,0.32,0.55,"2026-09-09",2123,"N20","nominal","2.0NRT",269.58,1.44,"N"
"4209",67.27612,83.20998,327.93,0.39,0.36,"2026-09-09",2121,"N20","nominal","2.0NRT",283.97,8.13,"N"
"4210",51.8981,59.68996,300.57,0.32,0.55,"2026-09-09",2123,"N20","nominal","2.0NRT",269.62,1.44,"N"
"4211",67.283,83.03328,314.7,0.39,0.36,"2026-09-09",2121,"N20","nominal","2.0NRT",288.33,16.57,"N"
"4212",50.09215,75.39692,314.12,0.42,0.37,"2026-09-09",2123,"N20","nominal","2.0NRT",288.11,1.78,"N"
"4213",67.19584,81.99078,331.35,0.39,0.36,"2026-09-09",2121,"N20","nominal","2.0NRT",282.47,7.02,"N"
"4214",50.24042,73.04256,318.85,0.39,0.36,"2026-09-09",2123,"N20","nominal","2.0NRT",289.46,2.11,"N"
"4215",67.95084,75.53409,305.09,0.48,0.4,"2026-09-09",2121,"N20","nominal","2.0NRT",276.68,1.25,"N"
"4216",50.06512,73.06014,327.72,0.39,0.36,"2026-09-09",2123,"N20","nominal","2.0NRT",286.49,1.97,"N"
"4217",67.30492,79.08509,296.67,0.41,0.37,"2026-09-09",2121,"N20","nominal","2.0NRT",278.04,0.54,"N"
"4218",50.06424,73.06543,308.62,0.39,0.36,"2026-09-09",2123,"N20","nominal","2.0NRT",285.97,1.97,"N"
"4219",66.97919,80.82141,302.7,0.4,0.37,"2026-09-09",2121,"N20","nominal","2.0NRT",279.51,0.3,"N"
"4220",50.06276,73.05355,311.7,0.39,0.36,"2026-09-09",2123,"N20","nominal","2.0NRT",285.15,1.79,"N"
"4221",66.93903,80.73907,314.06,0.4,0.37,"2026-09-09",2121,"N20","nominal","2.0NRT",281.28,1.34,"N"
"4222",67.80792,72.51389,317.11,0.55,0.43,"2026-09-09",2121,"N20","nominal","2.0NRT",281.49,1.97,"N"
"4223",50.05154,73.03777,298.45,0.39,0.36,"2026-09-09",2123,"N20","nominal","2.0NRT",287.27,0.65,"N"
"4224",67.80408,72.51153,312.19,0.55,0.43,"2026-09-09",2121,"N20","nominal","2.0NRT",281.32,1.97,"N"
"4225",50.04918,73.03119,305.1,0.39,0.36,"2026-09-09",2123,"N20","nominal","2.0NRT",287.3,0.65,"N"
"4226",66.73307,80.41953,323.14,0.4,0.37,"2026-09-09",2121,"N20","nominal","2.0NRT",280.15,2.32,"N"
"4227",50.04682,73.0246,308.72,0.39,0.36,"2026-09-09",2123,"N20","nominal","2.0NRT",292.29,3.5,"N"
"4228",66.71891,80.49386,332.04,0.4,0.37,"2026-09-09",2121,"N20","nominal","2.0NRT",280.29,2.63,"N"
"4229",66.70781,80.44507,318.52,0.4,0.37,"2026-09-09",2121,"N20","nominal","2.0NRT",287.57,19.8,"N"
"4230",50.04533,73.01276,296.39,0.39,0.36,"2026-09-09",2123,"N20","nominal","2.0NRT",285.86,0.55,"N"
"4231",66.671,80.45036,327.28,0.4,0.37,"2026-09-09",2121,"N20","nominal","2.0NRT",283.18,2.81,"N"
"4232",50.04209,73.01146,323.36,0.39,0.36,"2026-09-09",2123,"N20","nominal","2.0NRT",287.67,1.83,"N"
"4233",66.66219,80.46169,328.18,0.4,0.37,"2026-09-09",2121,"N20","nominal","2.0NRT",281.18,5.77,"N"
"4234",50.04121,73.01673,303.89,0.39,0.36,"2026-09-09",2123,"N20","nominal","2.0NRT",287.71,1.99,"N"
"4235",66.65899,80.45879,304.35,0.4,0.37,"2026-09-09",2121,"N20","nominal","2.0NRT",278.55,1.51,"N"
"4236",50.03885,73.01015,317.02,0.39,0.36,"2026-09-09",2123,"N20","nominal","2.0NRT",287.98,1.83,"N"
"4237",67.28848,75.10657,321.28,0.48,0.4,"2026-09-09",2121,"N20","nominal","2.0NRT",279.38,2.52,"N"
"4238",49.62577,73.71426,309.33,0.39,0.36,"2026-09-09",2123,"N20","nominal","2.0NRT",284.99,1.18,"N"
"4239",66.60326,80.41165,311.34,0.4,0.37,"2026-09-09",2121,"N20","nominal","2.0NRT",279.25,1.99,"N"
"4240",66.60007,80.40877,327.8,0.4,0.37,"2026-09-09",2121,"N20","nominal","2.0NRT",278.75,1.99,"N"
"4241",49.62159,73.7182,326.16,0.39,0.36,"2026-09-09",2123,"N20","nominal","2.0NRT",286.39,2.9,"N"
"4242",66.99401,76.3993,298.62,0.45,0.39,"2026-09-09",2121,"N20","nominal","2.0NRT",276.72,0.72,"N"
"4243",49.60768,73.798,337.71,0.39,0.37,"2026-09-09",2123,"N20","nominal","2.0NRT",287.74,6.98,"N"
"4244",67.01418,76.18427,326.91,0.45,0.39,"2026-09-09",2121,"N20","nominal","2.0NRT",280.81,3.31,"N"
"4245",49.60675,73.80331,305.2,0.39,0.37,"2026-09-09",2123,"N20","nominal","2.0NRT",284.26,0.68,"N"
"4246",66.88279,77.32973,311.45,0.43,0.38,"2026-09-09",2121,"N20","nominal","2.0NRT",280.46,1.09,"N"
"4247",49.60348,73.80196,310.74,0.39,0.37,"2026-09-09",2123,"N20","nominal","2.0NRT",286.72,1.56,"N"
"4248",66.86814,77.29745,336.6,0.43,0.38,"2026-09-09",2121,"N20","nominal","2.0NRT",283.82,10.96,"N"
"4249",49.59929,73.80595,327.53,0.39,0.37,"2026-09-09",2123,"N20","nominal","2.0NRT",288.98,1.56,"N"
"4250",67.00969,75.23804,327.6,0.47,0.4,"2026-09-09",2121,"N20","nominal","2.0NRT",277.95,2.6,"N"
"4251",49.60022,73.80062,301.57,0.39,0.37,"2026-09-09",2123,"N20","nominal","2.0NRT",286.9,1.56,"N"
"4252",66.95878,75.54156,338.86,0.46,0.39,"2026-09-09",2121,"N20","nominal","2.0NRT",293.45,11.83,"N"
"4253",49.6081,73.7354,303.43,0.39,0.36,"2026-09-09",2123,"N20","nominal","2.0NRT",284.25,0.73,"N"
"4254",66.95988,75.53112,296.43,0.46,0.39,"2026-09-09",2121,"N20","nominal","2.0NRT",279.86,11.83,"N"
"4255",49.59695,73.79928,310.58,0.39,0.37,"2026-09-09",2123,"N20","nominal","2.0NRT",287.94,1,"N"
"4256",66.95525,75.53909,341.49,0.46,0.39,"2026-09-09",2121,"N20","nominal","2.0NRT",287.54,15.11,"N"
"4257",49.59368,73.79794,297.86,0.39,0.37,"2026-09-09",2123,"N20","nominal","2.0NRT",286.35,1,"N"
"4258",66.95636,75.52863,298.67,0.46,0.39,"2026-09-09",2121,"N20","nominal","2.0NRT",279.88,15.11,"N"
"4259",49.58949,73.80189,313.71,0.39,0.37,"2026-09-09",2123,"N20","nominal","2.0NRT",288.11,1.17,"N"
"4260",66.90707,75.59872,328.51,0.46,0.39,"2026-09-09",2121,"N20","nominal","2.0NRT",282.86,8.06,"N"
"4261",49.58715,73.79523,307.62,0.39,0.37,"2026-09-09",2123,"N20","nominal","2.0NRT",286.32,1.17,"N"
"4262",66.90596,75.60908,326.57,0.46,0.39,"2026-09-09",2121,"N20","nominal","2.0NRT",279.17,8.06,"N"
"4263",49.52789,73.83337,301.58,0.4,0.37,"2026-09-09",2123,"N20","nominal","2.0NRT",284.41,0.44,"N"
"4264",66.6853,77.31134,318.46,0.43,0.38,"2026-09-09",2121,"N20","nominal","2.0NRT",280.94,1.62,"N"
"4265",49.52462,73.832,308.41,0.4,0.37,"2026-09-09",2123,"N20","nominal","2.0NRT",284.6,0.44,"N"
"4266",66.66048,76.83858,326.06,0.44,0.38,"2026-09-09",2121,"N20","nominal","2.0NRT",280,2.37,"N"
"4267",49.04536,74.18967,300.62,0.4,0.37,"2026-09-09",2123,"N20","nominal","2.0NRT",288.81,1.54,"N"
"4268",66.65936,76.84819,295.49,0.44,0.38,"2026-09-09",2121,"N20","nominal","2.0NRT",276.97,2.37,"N"
"4269",44.80118,86.46838,297.81,0.52,0.66,"2026-09-09",2123,"N20","nominal","2.0NRT",283.35,0.69,"N"
"4270",66.56199,77.16972,320.41,0.43,0.38,"2026-09-09",2121,"N20","nominal","2.0NRT",285.58,17.49,"N"
"4271",44.59579,86.05455,296.94,0.5,0.66,"2026-09-09",2123,"N20","nominal","2.0NRT",285.6,1.06,"N"
"4272",66.5514,76.69808,330.9,0.44,0.38,"2026-09-09",2121,"N20","nominal","2.0NRT",290.54,44.41,"N"
"4273",44.46021,86.10294,303.73,0.51,0.66,"2026-09-09",2123,"N20","nominal","2.0NRT",287.07,2.47,"N"
"4274",66.47681,77.16995,295.79,0.43,0.38,"2026-09-09",2121,"N20","nominal","2.0NRT",280.37,0.68,"N"
"4275",44.45468,86.07842,308.43,0.51,0.66,"2026-09-09",2123,"N20","nominal","2.0NRT",291.03,2.64,"N"
"4276",66.33382,77.8273,302.74,0.42,0.38,"2026-09-09",2121,"N20","nominal","2.0NRT",279.27,0.78,"N"
"4277",44.45689,86.1059,306.46,0.51,0.66,"2026-09-09",2123,"N20","nominal","2.0NRT",289.88,2.03,"N"
"4278",66.33173,77.83092,315.64,0.42,0.38,"2026-09-09",2121,"N20","nominal","2.0NRT",280.14,1.45,"N"
"4279",43.94492,87.65947,298.74,0.62,0.72,"2026-09-09",2123,"N20","nominal","2.0NRT",287.09,0.86,"N"
"4280",66.44126,76.91268,328.44,0.43,0.38,"2026-09-09",2121,"N20","nominal","2.0NRT",279.88,2.71,"N"
"4281",44.45315,86.07538,306.59,0.51,0.66,"2026-09-09",2123,"N20","nominal","2.0NRT",288.27,2.39,"N"
"4282",66.36672,76.98029,334.64,0.43,0.38,"2026-09-09",2121,"N20","nominal","2.0NRT",281.76,4.14,"N"
"4283",44.44249,84.76228,299.65,0.44,0.63,"2026-09-09",2123,"N20","nominal","2.0NRT",286.73,0.55,"N"
"4284",66.55949,74.87587,326.5,0.47,0.4,"2026-09-09",2121,"N20","nominal","2.0NRT",279.86,4.13,"N"
"4285",46.83369,74.95118,301.25,0.45,0.39,"2026-09-09",2123,"N20","nominal","2.0NRT",289.84,0.79,"N"
"4286",66.5563,74.87779,328.56,0.47,0.4,"2026-09-09",2121,"N20","nominal","2.0NRT",278.82,4.02,"N"
"4287",46.82214,74.93413,328.59,0.45,0.39,"2026-09-09",2123,"N20","nominal","2.0NRT",294.39,4.79,"N"
"4288",66.31311,76.99439,326.13,0.43,0.38,"2026-09-09",2121,"N20","nominal","2.0NRT",280.38,5.26,"N"
"4289",46.82103,74.93981,304.9,0.45,0.39,"2026-09-09",2123,"N20","nominal","2.0NRT",290.77,4.79,"N"
"4290",66.3187,76.79424,339.58,0.43,0.38,"2026-09-09",2121,"N20","nominal","2.0NRT",281.64,9.17,"N"
"4291",47.77361,67.72256,299.79,0.43,0.38,"2026-09-09",2123,"N20","nominal","2.0NRT",289.68,0.93,"N"
"4292",66.18795,77.68231,326.89,0.42,0.38,"2026-09-09",2121,"N20","nominal","2.0NRT",281.46,4.83,"N"
"4293",47.77072,67.74514,313.97,0.43,0.38,"2026-09-09",2123,"N20","nominal","2.0NRT",284.82,1.57,"N"
"4294",66.27905,76.75484,326.87,0.43,0.38,"2026-09-09",2121,"N20","nominal","2.0NRT",280.91,4.14,"N"
"4295",47.76728,67.74417,339.74,0.43,0.38,"2026-09-09",2123,"N20","nominal","2.0NRT",283.81,5.92,"N"
"4296",66.24978,76.81508,327.59,0.43,0.38,"2026-09-09",2121,"N20","nominal","2.0NRT",280.34,10.7,"N"
"4297",48.47377,57.66522,318.91,0.38,0.58,"2026-09-09",2123,"N20","nominal","2.0NRT",276.34,1.26,"N"
"4298",44.74517,82.06001,300.7,0.33,0.55,"2026-09-09",2123,"N20","nominal","2.0NRT",287.36,0.4,"N"
"4299",66.19964,77.23277,332.49,0.43,0.38,"2026-09-09",2121,"N20","nominal","2.0NRT",281.03,3.71,"N"
"4300",48.16664,57.14157,327.45,0.39,0.6,"2026-09-09",2125,"N20","nominal","2.0NRT",281.84,1.83,"N"
"4301",66.24639,76.81258,300.37,0.43,0.38,"2026-09-09",2121,"N20","nominal","2.0NRT",280.58,2.21,"N"
"4302",48.16111,57.14115,367,0.39,0.6,"2026-09-09",2125,"N20","high","2.0NRT",284.53,8.68,"N"
"4303",66.24528,76.82196,315.34,0.43,0.38,"2026-09-09",2121,"N20","nominal","2.0NRT",278.13,3.52,"N"
"4304",43.91303,81.02377,321.68,0.61,0.54,"2026-09-09",2125,"N20","nominal","2.0NRT",284.36,2.45,"N"
"4305",66.16376,76.9482,328.08,0.43,0.38,"2026-09-09",2121,"N20","nominal","2.0NRT",283.49,7.06,"N"
"4306",43.53189,81.96146,297.96,0.35,0.57,"2026-09-09",2125,"N20","nominal","2.0NRT",286.42,1.14,"N"
"4307",66.16265,76.95747,299.77,0.43,0.38,"2026-09-09",2121,"N20","nominal","2.0NRT",286.14,6.29,"N"
"4308",43.5282,81.95459,308.26,0.35,0.57,"2026-09-09",2125,"N20","nominal","2.0NRT",288.88,1.14,"N"
"4309",66.16039,76.9457,299.28,0.43,0.38,"2026-09-09",2121,"N20","nominal","2.0NRT",280.74,7.06,"N"
"4310",43.52707,81.95865,312.91,0.35,0.57,"2026-09-09",2125,"N20","nominal","2.0NRT",288.46,1.14,"N"
"4311",66.15927,76.95497,302.66,0.43,0.38,"2026-09-09",2121,"N20","nominal","2.0NRT",280.87,6.29,"N"
"4312",45.38868,73.65161,298.62,0.43,0.38,"2026-09-09",2125,"N20","nominal","2.0NRT",285.09,0.8,"N"
"4313",66.10666,76.83825,310.43,0.43,0.38,"2026-09-09",2121,"N20","nominal","2.0NRT",281.56,0.99,"N"
"4314",44.37527,78.07027,296.61,0.44,0.46,"2026-09-09",2125,"N20","nominal","2.0NRT",282.7,0.97,"N"
"4315",66.09766,76.85178,305.61,0.43,0.38,"2026-09-09",2121,"N20","nominal","2.0NRT",281.18,1.1,"N"
"4316",46.13847,65.01608,297.28,0.5,0.41,"2026-09-09",2125,"N20","nominal","2.0NRT",283.52,0.73,"N"
"4317",66.05279,77.00946,337.18,0.43,0.38,"2026-09-09",2121,"N20","nominal","2.0NRT",281.42,11.36,"N"
"4318",45.95124,65.72245,327.65,0.47,0.4,"2026-09-09",2125,"N20","nominal","2.0NRT",287.07,2.93,"N"
"4319",65.97205,76.91384,328.6,0.43,0.38,"2026-09-09",2121,"N20","nominal","2.0NRT",281.19,5.88,"N"
"4320",65.85976,76.95487,332.03,0.43,0.38,"2026-09-09",2121,"N20","nominal","2.0NRT",283.69,18.27,"N"
"4321",45.95053,65.72849,312.47,0.47,0.4,"2026-09-09",2125,"N20","nominal","2.0NRT",288.03,2.39,"N"
"4322",65.82714,76.86174,340.16,0.43,0.38,"2026-09-09",2121,"N20","nominal","2.0NRT",283.99,10.25,"N"
"4323",45.8324,66.13903,301.69,0.45,0.39,"2026-09-09",2125,"N20","nominal","2.0NRT",286.67,0.4,"N"
"4324",66.72869,56.97173,300.13,0.46,0.63,"2026-09-09",2121,"N20","nominal","2.0NRT",274.15,0.83,"N"
"4325",45.83081,66.13726,307.84,0.45,0.39,"2026-09-09",2125,"N20","nominal","2.0NRT",287.1,0.7,"N"
"4326",66.7314,56.97441,297.81,0.46,0.63,"2026-09-09",2121,"N20","nominal","2.0NRT",275.01,0.64,"N"
"4327",45.77105,65.64041,307.2,0.47,0.4,"2026-09-09",2125,"N20","nominal","2.0NRT",287.47,0.63,"N"
"4328",66.20123,70.98997,335.36,0.57,0.43,"2026-09-09",2121,"N20","nominal","2.0NRT",283.62,6.33,"N"
"4329",57.53908,105.86964,323.17,0.79,0.78,"2026-09-09",2121,"N20","nominal","2.0NRT",259.89,4.95,"N"
"4330",45.76743,65.63955,305.47,0.47,0.4,"2026-09-09",2125,"N20","nominal","2.0NRT",287.26,0.82,"N"
"4331",60.87035,97.48797,300.92,0.33,0.55,"2026-09-09",2121,"N20","nominal","2.0NRT",280.19,0.61,"N"
"4332",42.13674,83.11897,301.52,0.44,0.62,"2026-09-09",2125,"N20","nominal","2.0NRT",282.97,1.1,"N"
"4333",60.84662,97.35658,367,0.33,0.55,"2026-09-09",2121,"N20","high","2.0NRT",290.97,6.74,"N"
"4334",41.76338,83.27213,301.66,0.45,0.63,"2026-09-09",2125,"N20","nominal","2.0NRT",286.02,1.03,"N"
"4335",60.84838,97.3514,301.82,0.33,0.55,"2026-09-09",2121,"N20","nominal","2.0NRT",279.89,6.74,"N"
"4336",41.76287,83.27039,302.39,0.45,0.63,"2026-09-09",2125,"N20","nominal","2.0NRT",285.7,0.99,"N"
"4337",60.84255,97.35028,326.71,0.33,0.55,"2026-09-09",2121,"N20","nominal","2.0NRT",281.03,6.74,"N"
"4338",66.43012,56.59417,304.23,0.47,0.64,"2026-09-09",2121,"N20","nominal","2.0NRT",275.75,2.13,"N"
"4339",45.8988,53.29264,353.56,0.59,0.7,"2026-09-09",2125,"N20","nominal","2.0NRT",283.3,7.79,"N"
"4340",66.43417,56.59548,308.95,0.47,0.64,"2026-09-09",2121,"N20","nominal","2.0NRT",277.01,3.71,"N"
"4341",45.89948,53.29128,352.7,0.59,0.7,"2026-09-09",2125,"N20","nominal","2.0NRT",281.56,6.56,"N"
"4342",66.4343,56.60642,299.47,0.47,0.64,"2026-09-09",2121,"N20","nominal","2.0NRT",276.91,3.1,"N"
"4343",42.91509,74.87316,319.86,0.51,0.41,"2026-09-09",2125,"N20","nominal","2.0NRT",291.1,3.39,"N"
"4344",60.78323,97.07101,326.06,0.32,0.55,"2026-09-09",2121,"N20","nominal","2.0NRT",278.04,17.59,"N"
"4345",42.93251,71.28146,323.07,0.4,0.37,"2026-09-09",2125,"N20","nominal","2.0NRT",291.37,2.76,"N"
"4346",60.78149,97.0761,326.7,0.32,0.55,"2026-09-09",2121,"N20","nominal","2.0NRT",289.42,30.17,"N"
"4347",40.0351,83.04967,299.76,0.5,0.66,"2026-09-09",2125,"N20","nominal","2.0NRT",283.16,0.59,"N"
"4348",60.77743,97.06988,306.29,0.32,0.55,"2026-09-09",2121,"N20","nominal","2.0NRT",278.65,1.78,"N"
"4349",60.78175,97.07478,367,0.32,0.55,"2026-09-09",2121,"N20","high","2.0NRT",286.72,18.02,"N"
"4350",42.35534,69.73045,300.1,0.39,0.36,"2026-09-09",2125,"N20","nominal","2.0NRT",288.89,0.94,"N"
"4351",60.78008,97.07973,312.79,0.32,0.55,"2026-09-09",2121,"N20","nominal","2.0NRT",279.77,18.38,"N"
"4352",42.31454,69.5398,328.24,0.38,0.36,"2026-09-09",2125,"N20","nominal","2.0NRT",289.77,2.37,"N"
"4353",60.77769,97.06855,303.66,0.32,0.55,"2026-09-09",2121,"N20","nominal","2.0NRT",277.59,18.02,"N"
"4354",42.31379,69.5444,317.2,0.38,0.36,"2026-09-09",2125,"N20","nominal","2.0NRT",290.59,2.37,"N"
"4355",60.43579,97.79098,351.4,0.35,0.57,"2026-09-09",2121,"N20","nominal","2.0NRT",281.18,4.3,"N"
"4356",43.10991,58.68949,307.32,0.6,0.53,"2026-09-09",2125,"N20","nominal","2.0NRT",281.66,1.19,"N"
"4357",60.43703,97.67752,367,0.35,0.56,"2026-09-09",2121,"N20","high","2.0NRT",281.79,7.81,"N"
"4358",43.10824,58.6895,297.2,0.6,0.53,"2026-09-09",2125,"N20","nominal","2.0NRT",282.27,1.09,"N"
"4359",60.43533,97.6824,299.96,0.35,0.56,"2026-09-09",2121,"N20","nominal","2.0NRT",278.89,7.81,"N"
"4360",41.45372,69.59016,300.44,0.39,0.36,"2026-09-09",2125,"N20","nominal","2.0NRT",289.9,0.46,"N"
"4361",60.43557,97.67582,367,0.35,0.56,"2026-09-09",2121,"N20","high","2.0NRT",281.18,14.15,"N"
"4362",40.97367,71.40604,306.41,0.42,0.38,"2026-09-09",2125,"N20","nominal","2.0NRT",293.2,1.1,"N"
"4363",60.43389,97.68066,301.79,0.35,0.56,"2026-09-09",2121,"N20","nominal","2.0NRT",279.14,8.21,"N"
"4364",60.49458,97.41223,367,0.34,0.56,"2026-09-09",2121,"N20","high","2.0NRT",281.3,3.59,"N"
"4365",41.04008,70.17212,311.32,0.39,0.36,"2026-09-09",2125,"N20","nominal","2.0NRT",291.64,1.62,"N"
"4366",60.44678,97.55109,367,0.34,0.56,"2026-09-09",2121,"N20","high","2.0NRT",279.69,7.39,"N"
"4367",41.03849,70.18137,308.84,0.39,0.37,"2026-09-09",2125,"N20","nominal","2.0NRT",290.82,0.88,"N"
"4368",60.44495,97.55638,351.22,0.34,0.56,"2026-09-09",2121,"N20","nominal","2.0NRT",284.74,9.31,"N"
"4369",40.56515,72.57475,315.4,0.46,0.39,"2026-09-09",2125,"N20","nominal","2.0NRT",294.15,2.12,"N"
"4370",60.44252,97.54501,342.1,0.34,0.56,"2026-09-09",2121,"N20","nominal","2.0NRT",279.37,6.45,"N"
"4371",40.56883,72.53701,307.97,0.46,0.39,"2026-09-09",2125,"N20","nominal","2.0NRT",291.5,0.89,"N"
"4372",60.44073,97.55019,346.96,0.34,0.56,"2026-09-09",2121,"N20","nominal","2.0NRT",280.82,6.61,"N"
"4373",40.56717,72.53471,305.8,0.46,0.39,"2026-09-09",2125,"N20","nominal","2.0NRT",290,0.78,"N"
"4374",60.44786,97.15118,367,0.33,0.56,"2026-09-09",2121,"N20","high","2.0NRT",284.55,5.88,"N"
"4375",40.93393,69.64637,310.98,0.39,0.36,"2026-09-09",2125,"N20","nominal","2.0NRT",293.32,1.57,"N"
"4376",60.44605,97.15647,296.98,0.33,0.56,"2026-09-09",2121,"N20","nominal","2.0NRT",282.63,3.26,"N"
"4377",40.84525,69.74761,317.27,0.39,0.36,"2026-09-09",2125,"N20","nominal","2.0NRT",294.04,1.1,"N"
"4378",64.85042,77.25538,314.3,0.41,0.37,"2026-09-09",2121,"N20","nominal","2.0NRT",281.4,1.41,"N"
"4379",40.85542,69.64584,305.73,0.39,0.36,"2026-09-09",2125,"N20","nominal","2.0NRT",291.24,0.76,"N"
"4380",64.85092,77.25859,311.65,0.41,0.37,"2026-09-09",2121,"N20","nominal","2.0NRT",281.45,1.65,"N"
"4381",40.86776,69.53058,320.39,0.39,0.36,"2026-09-09",2125,"N20","nominal","2.0NRT",294.18,2.25,"N"
"4382",60.43013,96.51192,367,0.32,0.55,"2026-09-09",2121,"N20","high","2.0NRT",288.5,25.74,"N"
"4383",40.86373,69.53416,328.63,0.39,0.36,"2026-09-09",2125,"N20","nominal","2.0NRT",292.79,3.33,"N"
"4384",60.43173,96.50713,296.74,0.32,0.55,"2026-09-09",2121,"N20","nominal","2.0NRT",281.24,25.74,"N"
"4385",40.86298,69.53869,325.06,0.39,0.36,"2026-09-09",2125,"N20","nominal","2.0NRT",295.05,3.33,"N"
"4386",60.42682,96.52187,307.1,0.32,0.55,"2026-09-09",2121,"N20","nominal","2.0NRT",281.52,33.86,"N"
"4387",41.50983,64.5477,301.9,0.47,0.39,"2026-09-09",2125,"N20","nominal","2.0NRT",291.43,0.81,"N"
"4388",60.42587,96.50638,367,0.32,0.55,"2026-09-09",2121,"N20","high","2.0NRT",284.64,25.74,"N"
"4389",40.63049,68.93181,324.62,0.38,0.36,"2026-09-09",2125,"N20","nominal","2.0NRT",287.17,1.94,"N"
"4390",60.42425,96.51124,355.22,0.32,0.55,"2026-09-09",2121,"N20","nominal","2.0NRT",284.25,33.86,"N"
"4391",60.42264,96.51609,304.41,0.32,0.55,"2026-09-09",2121,"N20","nominal","2.0NRT",279.42,33.86,"N"
"4392",40.62977,68.93629,314.34,0.38,0.36,"2026-09-09",2125,"N20","nominal","2.0NRT",287.18,1.88,"N"
"4393",64.90691,75.50532,331.68,0.44,0.38,"2026-09-09",2121,"N20","nominal","2.0NRT",270.24,5.19,"N"
"4394",40.38492,67.4392,310.92,0.39,0.36,"2026-09-09",2125,"N20","nominal","2.0NRT",294.35,1.12,"N"
"4395",60.43721,96.25317,333.38,0.63,0.54,"2026-09-09",2121,"N20","nominal","2.0NRT",293.41,43.96,"N"
"4396",40.36008,67.55949,309.83,0.39,0.36,"2026-09-09",2125,"N20","nominal","2.0NRT",293.67,1,"N"
"4397",60.44064,96.24287,295.86,0.63,0.54,"2026-09-09",2121,"N20","nominal","2.0NRT",279.82,43.96,"N"
"4398",40.35137,67.59471,302.77,0.39,0.36,"2026-09-09",2125,"N20","nominal","2.0NRT",292.33,0.55,"N"
"4399",60.43282,96.24818,321.33,0.63,0.54,"2026-09-09",2121,"N20","nominal","2.0NRT",279.47,4.59,"N"
"4400",40.30684,67.6862,303.44,0.39,0.36,"2026-09-09",2125,"N20","nominal","2.0NRT",292.71,0.82,"N"
"4401",64.68709,76.72462,295.46,0.42,0.37,"2026-09-09",2121,"N20","nominal","2.0NRT",275.63,0.35,"N"
"4402",40.30497,67.65538,300.77,0.39,0.36,"2026-09-09",2125,"N20","nominal","2.0NRT",290.55,0.54,"N"
"4403",64.18738,79.63991,300.66,0.39,0.36,"2026-09-09",2121,"N20","nominal","2.0NRT",277.33,0.75,"N"
"4404",41.52309,52.6143,299.18,0.61,0.71,"2026-09-09",2125,"N20","nominal","2.0NRT",285.23,0.91,"N"
"4405",64.42104,77.70522,298.72,0.4,0.37,"2026-09-09",2121,"N20","nominal","2.0NRT",268.53,0.91,"N"
"4406",40.01167,68.44428,323.86,0.38,0.36,"2026-09-09",2125,"N20","nominal","2.0NRT",292.27,1.75,"N"
"4407",64.41778,77.70284,319.55,0.4,0.37,"2026-09-09",2121,"N20","nominal","2.0NRT",265.28,0.91,"N"
"4408",39.85486,66.19839,306.62,0.4,0.37,"2026-09-09",2125,"N20","nominal","2.0NRT",291.13,0.97,"N"
"4409",63.44643,80.98249,324.72,0.38,0.36,"2026-09-09",2121,"N20","nominal","2.0NRT",283.39,2.28,"N"
"4410",39.1784,68.61208,301.04,0.39,0.36,"2026-09-09",2127,"N20","nominal","2.0NRT",282.71,0.96,"N"
"4411",63.43361,80.52382,326.22,0.38,0.36,"2026-09-09",2121,"N20","nominal","2.0NRT",281.8,1.92,"N"
"4412",39.50409,66.15265,329.38,0.4,0.37,"2026-09-09",2127,"N20","nominal","2.0NRT",291.25,3.37,"N"
"4413",63.24257,80.99031,298.29,0.38,0.36,"2026-09-09",2121,"N20","nominal","2.0NRT",280.28,0.58,"N"
"4414",39.18187,65.31423,312.25,0.42,0.38,"2026-09-09",2127,"N20","nominal","2.0NRT",290.25,0.72,"N"
"4415",63.4707,76.77142,315.01,0.4,0.37,"2026-09-09",2121,"N20","nominal","2.0NRT",282.96,0.75,"N"
"4416",39.40894,62.84583,306.5,0.52,0.41,"2026-09-09",2127,"N20","nominal","2.0NRT",290.18,0.81,"N"
"4417",63.47038,76.7724,317.86,0.4,0.37,"2026-09-09",2121,"N20","nominal","2.0NRT",283.14,0.96,"N"
"4418",63.4671,76.7702,295.42,0.4,0.37,"2026-09-09",2121,"N20","nominal","2.0NRT",280.66,0.96,"N"
"4419",39.28613,63.76379,307.1,0.47,0.4,"2026-09-09",2127,"N20","nominal","2.0NRT",290.91,4.04,"N"
"4420",63.77077,72.618,297.54,0.48,0.4,"2026-09-09",2121,"N20","nominal","2.0NRT",279.77,1.02,"N"
"4421",63.12314,77.85068,308.48,0.39,0.36,"2026-09-09",2121,"N20","nominal","2.0NRT",281.15,0.84,"N"
"4422",39.28315,63.75759,321.05,0.47,0.4,"2026-09-09",2127,"N20","nominal","2.0NRT",290.22,5.53,"N"
"4423",62.38541,80.17783,318.97,0.38,0.36,"2026-09-09",2121,"N20","nominal","2.0NRT",277.76,1.44,"N"
"4424",39.28249,63.76305,322.85,0.47,0.4,"2026-09-09",2127,"N20","nominal","2.0NRT",295.02,4.04,"N"
"4425",62.87959,76.76923,296.76,0.4,0.37,"2026-09-09",2121,"N20","nominal","2.0NRT",278.77,0.47,"N"
"4426",62.14164,79.44716,310.1,0.38,0.36,"2026-09-09",2121,"N20","nominal","2.0NRT",278.38,0.74,"N"
"4427",39.2486,63.95041,327.48,0.46,0.39,"2026-09-09",2127,"N20","nominal","2.0NRT",294.68,3.46,"N"
"4428",62.33229,78.16572,320.84,0.39,0.36,"2026-09-09",2121,"N20","nominal","2.0NRT",278.17,1.6,"N"
"4429",39.24926,63.94504,304.49,0.46,0.39,"2026-09-09",2127,"N20","nominal","2.0NRT",289.92,3.46,"N"
"4430",62.38768,77.32426,295.89,0.39,0.36,"2026-09-09",2121,"N20","nominal","2.0NRT",269.2,0.47,"N"
"4431",62.36848,77.45618,319,0.39,0.36,"2026-09-09",2121,"N20","nominal","2.0NRT",277.88,1.78,"N"
"4432",58.15354,95.1375,313.74,0.36,0.58,"2026-09-09",2121,"N20","nominal","2.0NRT",283.33,0.99,"N"
"4433",39.30593,62.97226,303.89,0.51,0.41,"2026-09-09",2127,"N20","nominal","2.0NRT",290.33,0.85,"N"
"4434",61.81566,77.22854,329.43,0.39,0.36,"2026-09-09",2121,"N20","nominal","2.0NRT",279.65,3.13,"N"
"4435",39.3055,62.97693,303.05,0.51,0.41,"2026-09-09",2127,"N20","nominal","2.0NRT",290.21,1.15,"N"
"4436",61.81461,77.23571,298.26,0.39,0.36,"2026-09-09",2121,"N20","nominal","2.0NRT",278.84,1.63,"N"
"4437",39.28229,63.04456,298.98,0.5,0.41,"2026-09-09",2127,"N20","nominal","2.0NRT",288.8,0.33,"N"
"4438",61.81244,77.22643,329.13,0.39,0.36,"2026-09-09",2121,"N20","nominal","2.0NRT",278.45,7.11,"N"
"4439",39.25152,63.21063,304.56,0.5,0.41,"2026-09-09",2127,"N20","nominal","2.0NRT",290.36,1.79,"N"
"4440",61.81139,77.2336,296.73,0.39,0.36,"2026-09-09",2121,"N20","nominal","2.0NRT",277.16,3.04,"N"
"4441",59.11384,89.75479,305.4,0.45,0.47,"2026-09-09",2121,"N20","nominal","2.0NRT",278.91,1.31,"N"
"4442",39.25249,63.16956,302.03,0.5,0.41,"2026-09-09",2127,"N20","nominal","2.0NRT",288.95,0.44,"N"
"4443",62.39867,68.51834,306.16,0.39,0.44,"2026-09-09",2121,"N20","nominal","2.0NRT",274.4,1.59,"N"
"4444",39.20288,63.23642,301.74,0.49,0.41,"2026-09-09",2127,"N20","nominal","2.0NRT",289.98,0.64,"N"
"4445",61.48833,76.11331,321.43,0.4,0.37,"2026-09-09",2121,"N20","nominal","2.0NRT",278.9,1.67,"N"
"4446",39.20004,63.19481,305.92,0.5,0.41,"2026-09-09",2127,"N20","nominal","2.0NRT",289.78,0.86,"N"
"4447",61.42604,76.17068,322.05,0.4,0.37,"2026-09-09",2121,"N20","nominal","2.0NRT",284.06,1.92,"N"
"4448",39.195,63.20559,303.02,0.5,0.41,"2026-09-09",2127,"N20","nominal","2.0NRT",288.69,0.69,"N"
"4449",61.42706,76.16347,315.09,0.4,0.37,"2026-09-09",2121,"N20","nominal","2.0NRT",283.27,1.62,"N"
"4450",30.73589,55.3835,312.13,0.35,0.57,"2026-09-09",2129,"N20","nominal","2.0NRT",291.99,0.81,"N"
"4451",60.87649,79.04003,298.64,0.38,0.36,"2026-09-09",2121,"N20","nominal","2.0NRT",284.5,0.56,"N"
"4452",39.1747,63.28352,300.01,0.49,0.4,"2026-09-09",2127,"N20","nominal","2.0NRT",288.57,1,"N"
"4453",61.30048,75.26837,295.98,0.4,0.37,"2026-09-09",2121,"N20","nominal","2.0NRT",280.08,0.32,"N"
"4454",30.73546,55.38459,314.58,0.35,0.57,"2026-09-09",2129,"N20","nominal","2.0NRT",292.66,0.78,"N"
"4455",39.17405,63.28922,299.74,0.49,0.4,"2026-09-09",2127,"N20","nominal","2.0NRT",289.02,0.45,"N"
"4456",60.8014,78.53486,308.08,0.38,0.36,"2026-09-09",2121,"N20","nominal","2.0NRT",279.14,1.04,"N"
"4457",39.13571,63.61969,300.6,0.48,0.4,"2026-09-09",2127,"N20","nominal","2.0NRT",289.21,0.44,"N"
"4458",30.15634,60.73397,307.25,0.51,0.41,"2026-09-09",2129,"N20","nominal","2.0NRT",296.4,0.98,"N"
"4459",61.98251,68.57306,320.31,0.39,0.44,"2026-09-09",2121,"N20","nominal","2.0NRT",273.06,2.06,"N"
"4460",39.17815,63.21992,299.87,0.5,0.41,"2026-09-09",2127,"N20","nominal","2.0NRT",288.83,0.49,"N"
"4461",61.0432,76.74747,331.38,0.39,0.36,"2026-09-09",2121,"N20","nominal","2.0NRT",290.88,23.39,"N"
"4462",30.90228,49.6657,307.37,0.77,0.77,"2026-09-09",2129,"N20","nominal","2.0NRT",296.46,3.55,"N"
"4463",39.17229,63.2714,309.38,0.49,0.4,"2026-09-09",2127,"N20","nominal","2.0NRT",289.93,1.07,"N"
"4464",61.04217,76.75447,306.97,0.39,0.36,"2026-09-09",2121,"N20","nominal","2.0NRT",288.56,16.24,"N"
"4465",30.90199,49.67413,315.08,0.77,0.77,"2026-09-09",2129,"N20","nominal","2.0NRT",296.96,4.42,"N"
"4466",39.17053,63.25356,313.15,0.49,0.41,"2026-09-09",2127,"N20","nominal","2.0NRT",291.04,1.42,"N"
"4467",61.94941,68.46935,347.43,0.39,0.44,"2026-09-09",2121,"N20","nominal","2.0NRT",275.21,5.04,"N"
"4468",30.89709,49.60641,315.86,0.77,0.78,"2026-09-09",2129,"N20","nominal","2.0NRT",297.77,4.55,"N"
"4469",39.16616,63.25854,304.42,0.49,0.41,"2026-09-09",2127,"N20","nominal","2.0NRT",289.83,1.42,"N"
"4470",61.95001,68.4619,295.62,0.39,0.44,"2026-09-09",2121,"N20","nominal","2.0NRT",271.66,5.04,"N"
"4471",30.76638,49.9791,306.62,0.73,0.76,"2026-09-09",2129,"N20","nominal","2.0NRT",296.49,1.68,"N"
"4472",39.15533,63.32043,300.45,0.49,0.4,"2026-09-09",2127,"N20","nominal","2.0NRT",290.37,0.5,"N"
"4473",61.09753,76.08921,332.82,0.39,0.37,"2026-09-09",2121,"N20","nominal","2.0NRT",275.55,4.07,"N"
"4474",30.36945,56.1256,304.06,0.63,0.54,"2026-09-09",2129,"N20","nominal","2.0NRT",290.6,1.71,"N"
"4475",39.16936,63.25247,308.85,0.49,0.41,"2026-09-09",2127,"N20","nominal","2.0NRT",290.77,1.36,"N"
"4476",61.0999,75.99773,298.81,0.4,0.37,"2026-09-09",2121,"N20","nominal","2.0NRT",265.43,0.39,"N"
"4477",30.39315,55.77352,301.57,0.33,0.55,"2026-09-09",2129,"N20","nominal","2.0NRT",290.19,0.5,"N"
"4478",39.16867,63.25817,302.45,0.49,0.41,"2026-09-09",2127,"N20","nominal","2.0NRT",290.56,1.07,"N"
"4479",57.07874,93.58815,298.64,0.36,0.57,"2026-09-09",2121,"N20","nominal","2.0NRT",282.01,0.67,"N"
"4480",30.72225,49.81413,334.81,0.75,0.77,"2026-09-09",2129,"N20","nominal","2.0NRT",297.57,6.65,"N"
"4481",39.16429,63.26315,307.34,0.49,0.4,"2026-09-09",2127,"N20","nominal","2.0NRT",290.38,1.07,"N"
"4482",61.10519,75.78338,307.08,0.4,0.37,"2026-09-09",2121,"N20","nominal","2.0NRT",282.13,0.9,"N"
"4483",30.71232,50.10925,309.82,0.72,0.76,"2026-09-09",2129,"N20","nominal","2.0NRT",295.74,1.89,"N"
"4484",38.32566,68.98779,310.58,0.39,0.36,"2026-09-09",2127,"N20","nominal","2.0NRT",294.25,0.97,"N"
"4485",60.99779,76.36736,323.66,0.39,0.36,"2026-09-09",2121,"N20","nominal","2.0NRT",288.59,5.21,"N"
"4486",30.38095,55.86164,311.82,0.32,0.55,"2026-09-09",2129,"N20","nominal","2.0NRT",292.44,1.01,"N"
"4487",39.12859,63.30854,304.68,0.49,0.4,"2026-09-09",2127,"N20","nominal","2.0NRT",289.38,0.77,"N"
"4488",60.9988,76.36031,298.98,0.39,0.36,"2026-09-09",2121,"N20","nominal","2.0NRT",285.99,2.93,"N"
"4489",30.36859,56.12632,303.96,0.62,0.54,"2026-09-09",2129,"N20","nominal","2.0NRT",290.35,1.35,"N"
"4490",39.11786,63.33539,312.01,0.49,0.4,"2026-09-09",2127,"N20","nominal","2.0NRT",289.76,1.29,"N"
"4491",61.92263,67.67448,296.08,0.41,0.45,"2026-09-09",2121,"N20","nominal","2.0NRT",275.21,0.6,"N"
"4492",30.38955,55.77443,303.29,0.33,0.55,"2026-09-09",2129,"N20","nominal","2.0NRT",291.65,0.25,"N"
"4493",39.06696,63.38311,300.38,0.49,0.4,"2026-09-09",2127,"N20","nominal","2.0NRT",289.47,0.4,"N"
"4494",60.98382,76.36646,306.27,0.39,0.36,"2026-09-09",2121,"N20","nominal","2.0NRT",283.25,0.45,"N"
"4495",30.38185,55.86291,310.02,0.32,0.55,"2026-09-09",2129,"N20","nominal","2.0NRT",292.27,0.59,"N"
"4496",39.01831,63.70167,299.92,0.47,0.4,"2026-09-09",2127,"N20","nominal","2.0NRT",288.96,0.42,"N"
"4497",60.87478,77.05975,295.4,0.39,0.36,"2026-09-09",2121,"N20","nominal","2.0NRT",282,0.4,"N"
"4498",28.42579,69.70051,316.87,0.53,0.42,"2026-09-09",2129,"N20","nominal","2.0NRT",297.27,2.96,"N"
"4499",38.94224,64.13323,301,0.45,0.39,"2026-09-09",2127,"N20","nominal","2.0NRT",290.41,0.92,"N"
"4500",60.8864,76.87233,296.77,0.39,0.36,"2026-09-09",2121,"N20","nominal","2.0NRT",282.9,0.82,"N"
"4501",38.6861,65.98739,314.87,0.4,0.37,"2026-09-09",2127,"N20","nominal","2.0NRT",290.11,1.33,"N"
"4502",30.72556,49.81878,331.81,0.75,0.77,"2026-09-09",2129,"N20","nominal","2.0NRT",298.7,7.6,"N"
"4503",60.95783,76.31457,325.58,0.39,0.36,"2026-09-09",2121,"N20","nominal","2.0NRT",285.48,1.88,"N"
"4504",30.71394,50.11299,308.3,0.72,0.76,"2026-09-09",2129,"N20","nominal","2.0NRT",296.84,3.96,"N"
"4505",38.6873,65.95456,305.86,0.4,0.37,"2026-09-09",2127,"N20","nominal","2.0NRT",290.25,1.48,"N"
"4506",60.58261,78.73338,333.42,0.38,0.36,"2026-09-09",2121,"N20","nominal","2.0NRT",284.63,3.32,"N"
"4507",38.68059,65.95302,301.41,0.4,0.37,"2026-09-09",2127,"N20","nominal","2.0NRT",289.82,0.8,"N"
"4508",30.71439,49.53549,329.24,0.78,0.78,"2026-09-09",2129,"N20","nominal","2.0NRT",296.2,5.05,"N"
"4509",60.58485,78.7199,314.83,0.38,0.36,"2026-09-09",2121,"N20","nominal","2.0NRT",281.93,2.17,"N"
"4510",38.95597,63.75501,302.32,0.47,0.4,"2026-09-09",2127,"N20","nominal","2.0NRT",289.09,0.78,"N"
"4511",30.2334,56.90933,311.31,0.56,0.51,"2026-09-09",2129,"N20","nominal","2.0NRT",293.3,3.98,"N"
"4512",60.52385,78.76814,308.12,0.38,0.36,"2026-09-09",2121,"N20","nominal","2.0NRT",284.16,0.83,"N"
"4513",38.96878,63.61836,300.34,0.47,0.4,"2026-09-09",2127,"N20","nominal","2.0NRT",288.92,0.42,"N"
"4514",30.21989,55.97989,301.86,0.64,0.54,"2026-09-09",2129,"N20","nominal","2.0NRT",290.53,1.51,"N"
"4515",60.75319,77.17343,296.91,0.39,0.36,"2026-09-09",2121,"N20","nominal","2.0NRT",284.05,0.42,"N"
"4516",38.97556,63.4674,308.29,0.48,0.4,"2026-09-09",2127,"N20","nominal","2.0NRT",291.24,1.35,"N"
"4517",30.57581,49.91265,340.32,0.74,0.76,"2026-09-09",2129,"N20","nominal","2.0NRT",296.5,8.3,"N"
"4518",61.2809,72.97177,318.13,0.44,0.38,"2026-09-09",2121,"N20","nominal","2.0NRT",282.13,1.43,"N"
"4519",38.91622,63.80771,304.05,0.47,0.39,"2026-09-09",2127,"N20","nominal","2.0NRT",289.32,0.92,"N"
"4520",30.56499,50.012,334.88,0.73,0.76,"2026-09-09",2129,"N20","nominal","2.0NRT",299.08,7.08,"N"
"4521",61.7291,68.23438,301.99,0.39,0.44,"2026-09-09",2121,"N20","nominal","2.0NRT",280.39,0.69,"N"
"4522",38.91093,63.79013,305.05,0.47,0.4,"2026-09-09",2127,"N20","nominal","2.0NRT",288.63,0.75,"N"
"4523",30.48442,50.47792,304.96,0.68,0.74,"2026-09-09",2129,"N20","nominal","2.0NRT",294.78,0.72,"N"
"4524",60.50257,78.12588,309.56,0.38,0.36,"2026-09-09",2121,"N20","nominal","2.0NRT",283.68,0.79,"N"
"4525",38.55846,65.95111,303.87,0.4,0.37,"2026-09-09",2127,"N20","nominal","2.0NRT",291.21,0.64,"N"
"4526",30.48394,50.47719,307.47,0.68,0.74,"2026-09-09",2129,"N20","nominal","2.0NRT",294.73,1.51,"N"
"4527",61.75123,66.94999,298.18,0.43,0.46,"2026-09-09",2121,"N20","nominal","2.0NRT",260.44,0.99,"N"
"4528",27.28864,73.83974,307.58,0.32,0.55,"2026-09-09",2129,"N20","nominal","2.0NRT",296.63,0.95,"N"
"4529",38.66883,64.77667,302.81,0.43,0.38,"2026-09-09",2127,"N20","nominal","2.0NRT",290.45,0.54,"N"
"4530",61.75068,66.95815,305.52,0.43,0.46,"2026-09-09",2121,"N20","nominal","2.0NRT",266.87,1.2,"N"
"4531",39.53002,53.40216,310.99,0.54,0.68,"2026-09-09",2127,"N20","nominal","2.0NRT",283.52,1.46,"N"
"4532",30.41098,50.73761,306.42,0.66,0.73,"2026-09-09",2129,"N20","nominal","2.0NRT",294.23,2.11,"N"
"4533",61.752,66.95277,319.4,0.43,0.46,"2026-09-09",2121,"N20","nominal","2.0NRT",264.14,1.65,"N"
"4534",38.45694,65.80219,301.78,0.4,0.37,"2026-09-09",2127,"N20","nominal","2.0NRT",289.45,0.55,"N"
"4535",30.41065,50.74525,306.82,0.66,0.73,"2026-09-09",2129,"N20","nominal","2.0NRT",295.25,3.24,"N"
"4536",61.16112,72.99923,307.45,0.44,0.38,"2026-09-09",2121,"N20","nominal","2.0NRT",284.14,0.92,"N"
"4537",38.65374,63.97964,301.26,0.46,0.39,"2026-09-09",2127,"N20","nominal","2.0NRT",289.26,0.72,"N"
"4538",30.39614,50.60242,320.64,0.67,0.74,"2026-09-09",2129,"N20","nominal","2.0NRT",295.94,4.51,"N"
"4539",61.73454,66.44505,295.35,0.45,0.47,"2026-09-09",2121,"N20","nominal","2.0NRT",264.57,0.23,"N"
"4540",38.05098,67.26276,328.59,0.38,0.36,"2026-09-09",2127,"N20","nominal","2.0NRT",292.67,6.4,"N"
"4541",30.39584,50.60984,324.85,0.67,0.74,"2026-09-09",2129,"N20","nominal","2.0NRT",295.43,5.54,"N"
"4542",61.60888,67.81281,318.35,0.4,0.44,"2026-09-09",2121,"N20","nominal","2.0NRT",271.58,1.5,"N"
"4543",38.40181,64.41276,300.31,0.44,0.38,"2026-09-09",2127,"N20","nominal","2.0NRT",288.69,0.44,"N"
"4544",30.39553,50.61731,327.83,0.67,0.74,"2026-09-09",2129,"N20","nominal","2.0NRT",296.03,5.54,"N"
"4545",61.01778,73.37391,299.5,0.43,0.38,"2026-09-09",2121,"N20","nominal","2.0NRT",282.21,0.77,"N"
"4546",38.11861,64.70955,300.49,0.43,0.38,"2026-09-09",2127,"N20","nominal","2.0NRT",289.42,0.36,"N"
"4547",30.41581,50.73963,312.1,0.66,0.73,"2026-09-09",2129,"N20","nominal","2.0NRT",294.08,2.16,"N"
"4548",61.01838,72.62104,321.87,0.45,0.39,"2026-09-09",2121,"N20","nominal","2.0NRT",286.06,1.88,"N"
"4549",38.12032,64.71303,299.28,0.43,0.38,"2026-09-09",2127,"N20","nominal","2.0NRT",289.2,0.68,"N"
"4550",30.4154,50.74811,305.45,0.66,0.73,"2026-09-09",2129,"N20","nominal","2.0NRT",295.27,2.16,"N"
"4551",61.01931,72.61289,297.59,0.45,0.39,"2026-09-09",2121,"N20","nominal","2.0NRT",284.46,1.14,"N"
"4552",37.96497,65.00734,306.46,0.42,0.38,"2026-09-09",2127,"N20","nominal","2.0NRT",289.72,0.76,"N"
"4553",30.40181,50.60455,315.59,0.67,0.74,"2026-09-09",2129,"N20","nominal","2.0NRT",296.01,3.57,"N"
"4554",61.02054,72.61566,327.37,0.45,0.39,"2026-09-09",2121,"N20","nominal","2.0NRT",285.99,3.18,"N"
"4555",38.683,54.30886,297.59,0.47,0.64,"2026-09-09",2127,"N20","nominal","2.0NRT",285.11,1,"N"
"4556",30.40113,50.61913,308.21,0.67,0.74,"2026-09-09",2129,"N20","nominal","2.0NRT",295.21,3.4,"N"
"4557",61.42699,67.26332,301.97,0.42,0.45,"2026-09-09",2123,"N20","nominal","2.0NRT",271.1,0.82,"N"
"4558",30.39465,50.61142,331.71,0.67,0.74,"2026-09-09",2129,"N20","nominal","2.0NRT",295.64,3.57,"N"
"4559",38.6828,54.3144,310.93,0.47,0.64,"2026-09-09",2127,"N20","nominal","2.0NRT",285.55,1,"N"
"4560",60.95271,72.4016,329.13,0.45,0.39,"2026-09-09",2123,"N20","nominal","2.0NRT",282.99,3.29,"N"
"4561",30.39499,50.60395,306.89,0.67,0.74,"2026-09-09",2129,"N20","nominal","2.0NRT",295.84,3.57,"N"
"4562",38.67999,54.30939,303.75,0.47,0.64,"2026-09-09",2127,"N20","nominal","2.0NRT",284.89,1.88,"N"
"4563",60.89251,72.80033,302.33,0.44,0.38,"2026-09-09",2123,"N20","nominal","2.0NRT",285,0.78,"N"
"4564",38.67975,54.31493,304.35,0.47,0.64,"2026-09-09",2127,"N20","nominal","2.0NRT",285.58,1.82,"N"
"4565",30.39429,50.61896,311.2,0.67,0.74,"2026-09-09",2129,"N20","nominal","2.0NRT",295.56,3.4,"N"
"4566",60.86347,72.67834,300.94,0.44,0.39,"2026-09-09",2123,"N20","nominal","2.0NRT",283.82,0.77,"N"
"4567",37.67439,65.26258,303.8,0.41,0.37,"2026-09-09",2127,"N20","nominal","2.0NRT",289.18,1.06,"N"
"4568",30.08278,55.39838,304.1,0.34,0.56,"2026-09-09",2129,"N20","nominal","2.0NRT",290.06,1.02,"N"
"4569",60.86253,72.68644,306.11,0.44,0.39,"2026-09-09",2123,"N20","nominal","2.0NRT",285.21,1.04,"N"
"4570",30.0782,55.39054,303.44,0.34,0.56,"2026-09-09",2129,"N20","nominal","2.0NRT",289.1,1.07,"N"
"4571",37.66441,65.28415,306.43,0.41,0.37,"2026-09-09",2127,"N20","nominal","2.0NRT",289.72,0.68,"N"
"4572",61.10678,70.24571,303.53,0.51,0.41,"2026-09-09",2123,"N20","nominal","2.0NRT",283.47,0.82,"N"
"4573",29.94958,56.73338,300.38,0.57,0.52,"2026-09-09",2129,"N20","nominal","2.0NRT",288.26,0.99,"N"
"4574",38.25463,58.38961,298.43,0.56,0.52,"2026-09-09",2127,"N20","nominal","2.0NRT",287.26,0.66,"N"
"4575",61.10485,70.22532,297.73,0.51,0.41,"2026-09-09",2123,"N20","nominal","2.0NRT",282.13,0.63,"N"
"4576",37.79737,62.5523,320.88,0.51,0.41,"2026-09-09",2127,"N20","nominal","2.0NRT",292.97,3.27,"N"
"4577",30.34123,50.73483,306.81,0.66,0.73,"2026-09-09",2129,"N20","nominal","2.0NRT",293.28,1.05,"N"
"4578",61.10006,70.19398,328.04,0.51,0.41,"2026-09-09",2123,"N20","nominal","2.0NRT",275.47,1.67,"N"
"4579",30.35393,50.28078,367,0.7,0.75,"2026-09-09",2129,"N20","high","2.0NRT",298.16,15.03,"N"
"4580",37.78736,62.53861,315.46,0.51,0.41,"2026-09-09",2127,"N20","nominal","2.0NRT",291.33,3.15,"N"
"4581",61.09632,70.19244,309.02,0.51,0.41,"2026-09-09",2123,"N20","nominal","2.0NRT",272.2,1.67,"N"
"4582",38.18098,57.98067,297.29,0.59,0.53,"2026-09-09",2127,"N20","nominal","2.0NRT",285.87,0.59,"N"
"4583",30.35362,50.28807,322.68,0.7,0.75,"2026-09-09",2129,"N20","nominal","2.0NRT",299.08,11.7,"N"
"4584",60.78032,72.70744,303.82,0.44,0.38,"2026-09-09",2123,"N20","nominal","2.0NRT",284.52,0.64,"N"
"4585",60.96035,70.86566,327.59,0.49,0.4,"2026-09-09",2123,"N20","nominal","2.0NRT",282.72,4.42,"N"
"4586",30.34701,50.27964,317.11,0.7,0.75,"2026-09-09",2129,"N20","nominal","2.0NRT",297.67,4.55,"N"
"4587",37.77637,62.09951,301.03,0.54,0.42,"2026-09-09",2127,"N20","nominal","2.0NRT",289.29,0.83,"N"
"4588",60.77797,72.44283,328.4,0.45,0.39,"2026-09-09",2123,"N20","nominal","2.0NRT",282.37,2,"N"
"4589",30.34671,50.28705,311.6,0.7,0.75,"2026-09-09",2129,"N20","nominal","2.0NRT",297.83,4.64,"N"
"4590",37.77617,62.03098,298.43,0.54,0.42,"2026-09-09",2127,"N20","nominal","2.0NRT",288.22,0.77,"N"
"4591",61.00562,70.25608,314.22,0.51,0.41,"2026-09-09",2123,"N20","nominal","2.0NRT",283.17,1.92,"N"
"4592",37.7453,62.13112,304.3,0.53,0.42,"2026-09-09",2127,"N20","nominal","2.0NRT",289.57,0.96,"N"
"4593",29.99305,55.85315,324.3,0.32,0.55,"2026-09-09",2129,"N20","nominal","2.0NRT",287.13,2.23,"N"
"4594",60.70245,72.87096,321.14,0.44,0.38,"2026-09-09",2123,"N20","nominal","2.0NRT",284.77,2.25,"N"
"4595",29.99279,55.85624,330.97,0.32,0.55,"2026-09-09",2129,"N20","nominal","2.0NRT",288.38,2.23,"N"
"4596",37.74365,62.07508,299.16,0.54,0.42,"2026-09-09",2127,"N20","nominal","2.0NRT",287.77,0.56,"N"
"4597",60.86387,71.28445,326.15,0.48,0.4,"2026-09-09",2123,"N20","nominal","2.0NRT",280.98,5.57,"N"
"4598",37.75169,61.85643,297.99,0.55,0.43,"2026-09-09",2127,"N20","nominal","2.0NRT",285.63,0.71,"N"
"4599",29.47766,60.80727,307.55,0.5,0.41,"2026-09-09",2129,"N20","nominal","2.0NRT",292.13,1.09,"N"
"4600",60.86477,71.27576,295.08,0.48,0.4,"2026-09-09",2123,"N20","nominal","2.0NRT",279.48,5.57,"N"
"4601",37.72619,62.09059,299.28,0.54,0.42,"2026-09-09",2127,"N20","nominal","2.0NRT",287.96,0.66,"N"
"4602",29.98802,55.85244,308.77,0.32,0.55,"2026-09-09",2129,"N20","nominal","2.0NRT",287.02,1.85,"N"
"4603",60.71798,72.51633,340.68,0.44,0.39,"2026-09-09",2123,"N20","nominal","2.0NRT",281.71,6.37,"N"
"4604",29.98777,55.85551,317.13,0.32,0.55,"2026-09-09",2129,"N20","nominal","2.0NRT",288.34,1.85,"N"
"4605",37.72552,62.09668,299.46,0.53,0.42,"2026-09-09",2127,"N20","nominal","2.0NRT",288.92,0.66,"N"
"4606",60.83719,70.43822,313.83,0.5,0.41,"2026-09-09",2123,"N20","nominal","2.0NRT",285.23,1.46,"N"
"4607",30.30073,50.7278,305.44,0.66,0.73,"2026-09-09",2129,"N20","nominal","2.0NRT",293.31,1.04,"N"
"4608",37.67121,62.23442,309.49,0.53,0.42,"2026-09-09",2127,"N20","nominal","2.0NRT",289.11,1.12,"N"
"4609",60.67012,72.00577,323.56,0.45,0.39,"2026-09-09",2123,"N20","nominal","2.0NRT",270.42,2.05,"N"
"4610",37.6629,62.23902,308.03,0.53,0.42,"2026-09-09",2127,"N20","nominal","2.0NRT",289.21,1.14,"N"
"4611",30.30548,50.72688,306.75,0.66,0.73,"2026-09-09",2129,"N20","nominal","2.0NRT",293.03,1.21,"N"
"4612",60.83884,70.38171,316.11,0.5,0.41,"2026-09-09",2123,"N20","nominal","2.0NRT",282.09,1.77,"N"
"4613",37.65842,62.2443,302.33,0.53,0.42,"2026-09-09",2127,"N20","nominal","2.0NRT",288.68,1.14,"N"
"4614",30.29833,50.73391,303.77,0.66,0.73,"2026-09-09",2129,"N20","nominal","2.0NRT",292.28,0.66,"N"
"4615",60.53551,72.95726,315.45,0.43,0.38,"2026-09-09",2123,"N20","nominal","2.0NRT",278.77,1.07,"N"
"4616",37.67298,62.23449,305.11,0.53,0.42,"2026-09-09",2127,"N20","nominal","2.0NRT",288.56,1.53,"N"
"4617",29.999,55.19396,298.65,0.35,0.57,"2026-09-09",2129,"N20","nominal","2.0NRT",287.15,0.79,"N"
"4618",59.67384,78.75993,297.64,0.39,0.36,"2026-09-09",2123,"N20","nominal","2.0NRT",284.49,0.23,"N"
"4619",30.15458,50.41192,324.08,0.69,0.74,"2026-09-09",2129,"N20","nominal","2.0NRT",297.52,5.38,"N"
"4620",37.66081,62.2384,307.48,0.53,0.42,"2026-09-09",2127,"N20","nominal","2.0NRT",289.73,1.14,"N"
"4621",60.54911,72.31152,304.07,0.45,0.39,"2026-09-09",2123,"N20","nominal","2.0NRT",276.33,0.57,"N"
"4622",37.6563,62.24368,300.55,0.53,0.42,"2026-09-09",2127,"N20","nominal","2.0NRT",288.65,0.69,"N"
"4623",30.15422,50.42022,324.19,0.68,0.74,"2026-09-09",2129,"N20","nominal","2.0NRT",299.25,5.38,"N"
"4624",60.76655,70.17346,299.28,0.51,0.41,"2026-09-09",2123,"N20","nominal","2.0NRT",282.08,0.84,"N"
"4625",37.63739,62.20374,302.06,0.53,0.42,"2026-09-09",2127,"N20","nominal","2.0NRT",289.29,0.87,"N"
"4626",30.15494,50.40379,311.06,0.69,0.74,"2026-09-09",2129,"N20","nominal","2.0NRT",297.32,4.1,"N"
"4627",60.57433,71.98943,309.4,0.45,0.39,"2026-09-09",2123,"N20","nominal","2.0NRT",281.08,1.31,"N"
"4628",37.62837,62.21435,305.66,0.53,0.42,"2026-09-09",2127,"N20","nominal","2.0NRT",290.54,1.12,"N"
"4629",30.0407,50.63089,319.6,0.66,0.73,"2026-09-09",2129,"N20","nominal","2.0NRT",297.88,5.15,"N"
"4630",60.76798,70.07742,300.59,0.51,0.41,"2026-09-09",2123,"N20","nominal","2.0NRT",284.6,0.67,"N"
"4631",37.65506,61.90296,300.34,0.55,0.42,"2026-09-09",2127,"N20","nominal","2.0NRT",288.62,0.57,"N"
"4632",30.03397,50.6289,313.97,0.66,0.73,"2026-09-09",2129,"N20","nominal","2.0NRT",297.08,4.96,"N"
"4633",60.35909,73.68506,295.13,0.42,0.38,"2026-09-09",2123,"N20","nominal","2.0NRT",278.67,0.64,"N"
"4634",37.6254,62.17109,314.85,0.53,0.42,"2026-09-09",2127,"N20","nominal","2.0NRT",291.42,1.96,"N"
"4635",29.70175,55.5295,312.7,0.33,0.56,"2026-09-09",2129,"N20","nominal","2.0NRT",288.96,0.88,"N"
"4636",60.73235,69.89083,327.25,0.51,0.41,"2026-09-09",2123,"N20","nominal","2.0NRT",285.4,2.26,"N"
"4637",37.62693,62.12225,299.04,0.53,0.42,"2026-09-09",2127,"N20","nominal","2.0NRT",287.91,0.36,"N"
"4638",29.88386,52.74094,306.51,0.5,0.65,"2026-09-09",2129,"N20","nominal","2.0NRT",291.3,3.08,"N"
"4639",60.05132,75.45387,295.4,0.39,0.36,"2026-09-09",2123,"N20","nominal","2.0NRT",268.41,0.33,"N"
"4640",29.88831,52.74479,306.67,0.5,0.65,"2026-09-09",2129,"N20","nominal","2.0NRT",290.22,2.25,"N"
"4641",37.62107,62.13966,317.35,0.53,0.42,"2026-09-09",2127,"N20","nominal","2.0NRT",291.81,2.63,"N"
"4642",60.75198,69.34187,327.47,0.53,0.42,"2026-09-09",2123,"N20","nominal","2.0NRT",271.27,4.8,"N"
"4643",37.94254,58.56279,300.96,0.54,0.51,"2026-09-09",2127,"N20","nominal","2.0NRT",287.13,0.74,"N"
"4644",29.90109,51.22921,319.91,0.61,0.71,"2026-09-09",2129,"N20","nominal","2.0NRT",295.16,3.78,"N"
"4645",60.7511,69.3516,324.99,0.53,0.42,"2026-09-09",2123,"N20","nominal","2.0NRT",272.88,4.76,"N"
"4646",55.97733,92.92065,301.42,0.37,0.58,"2026-09-09",2123,"N20","nominal","2.0NRT",283.24,0.95,"N"
"4647",37.61596,61.60783,303.54,0.56,0.43,"2026-09-09",2127,"N20","nominal","2.0NRT",288.44,1.04,"N"
"4648",29.94162,49.68364,320.5,0.75,0.77,"2026-09-09",2129,"N20","nominal","2.0NRT",297.35,2.68,"N"
"4649",60.23646,73.70164,295.77,0.42,0.37,"2026-09-09",2123,"N20","nominal","2.0NRT",280.28,0.43,"N"
"4650",29.94192,49.67564,316.47,0.76,0.77,"2026-09-09",2129,"N20","nominal","2.0NRT",297.06,2.68,"N"
"4651",37.61548,61.57519,306.75,0.56,0.43,"2026-09-09",2127,"N20","nominal","2.0NRT",291.26,1.67,"N"
"4652",55.97805,92.92482,303.85,0.37,0.58,"2026-09-09",2123,"N20","nominal","2.0NRT",284.35,0.75,"N"
"4653",37.61201,61.60716,315.9,0.56,0.43,"2026-09-09",2127,"N20","nominal","2.0NRT",290.91,3.04,"N"
"4654",29.9453,49.6837,322.76,0.75,0.77,"2026-09-09",2129,"N20","nominal","2.0NRT",297.15,4.35,"N"
"4655",60.16125,73.57106,320.32,0.42,0.38,"2026-09-09",2123,"N20","nominal","2.0NRT",279.75,1.38,"N"
"4656",29.5128,55.79643,314.27,0.32,0.55,"2026-09-09",2129,"N20","nominal","2.0NRT",289.67,0.92,"N"
"4657",60.06301,72.76534,300.93,0.43,0.38,"2026-09-09",2123,"N20","nominal","2.0NRT",278.24,0.45,"N"
"4658",29.82599,51.29924,303.31,0.6,0.71,"2026-09-09",2129,"N20","nominal","2.0NRT",293.08,1.3,"N"
"4659",37.59707,61.55897,310.02,0.57,0.43,"2026-09-09",2127,"N20","nominal","2.0NRT",290.45,1.09,"N"
"4660",59.26823,77.03414,315.54,0.38,0.36,"2026-09-09",2123,"N20","nominal","2.0NRT",284.41,1.22,"N"
"4661",29.62424,52.44237,302.85,0.51,0.66,"2026-09-09",2129,"N20","nominal","2.0NRT",290.28,1.24,"N"
"4662",37.59258,61.52549,309.08,0.57,0.43,"2026-09-09",2127,"N20","nominal","2.0NRT",290.71,1.88,"N"
"4663",56.23312,90.41533,312.93,0.6,0.53,"2026-09-09",2123,"N20","nominal","2.0NRT",290.51,3.12,"N"
"4664",29.50881,51.25526,315.15,0.6,0.71,"2026-09-09",2129,"N20","nominal","2.0NRT",297.43,4.19,"N"
"4665",37.48085,62.00935,301.63,0.54,0.42,"2026-09-09",2127,"N20","nominal","2.0NRT",290.17,0.89,"N"
"4666",56.22882,90.41103,306.61,0.6,0.53,"2026-09-09",2123,"N20","nominal","2.0NRT",287.58,3.29,"N"
"4667",26.26084,74.09544,313.45,0.35,0.57,"2026-09-09",2129,"N20","nominal","2.0NRT",295.11,1.05,"N"
"4668",37.48327,61.97763,302.68,0.54,0.42,"2026-09-09",2127,"N20","nominal","2.0NRT",290.42,0.78,"N"
"4669",60.04152,71.06812,302.47,0.47,0.4,"2026-09-09",2123,"N20","nominal","2.0NRT",280.69,0.75,"N"
"4670",29.36753,52.6088,313.31,0.5,0.66,"2026-09-09",2129,"N20","nominal","2.0NRT",292.5,2.59,"N"
"4671",37.47983,62.00804,301.16,0.54,0.42,"2026-09-09",2127,"N20","nominal","2.0NRT",289.88,0.99,"N"
"4672",60.18271,69.29321,309.86,0.53,0.42,"2026-09-09",2123,"N20","nominal","2.0NRT",281.68,1.09,"N"
"4673",29.37247,52.6065,301.83,0.5,0.66,"2026-09-09",2129,"N20","nominal","2.0NRT",290.56,2.46,"N"
"4674",37.42586,62.3089,320.18,0.52,0.41,"2026-09-09",2127,"N20","nominal","2.0NRT",288.83,2.75,"N"
"4675",59.32153,76.26406,303.56,0.39,0.36,"2026-09-09",2123,"N20","nominal","2.0NRT",281.66,0.6,"N"
"4676",29.1519,55.36501,304.34,0.34,0.56,"2026-09-09",2129,"N20","nominal","2.0NRT",291.69,0.69,"N"
"4677",37.5136,61.0168,301.49,0.4,0.44,"2026-09-09",2127,"N20","nominal","2.0NRT",289.75,0.28,"N"
"4678",59.89284,71.7344,332.98,0.45,0.39,"2026-09-09",2123,"N20","nominal","2.0NRT",283.12,13.01,"N"
"4679",29.25975,53.11929,339.13,0.46,0.64,"2026-09-09",2129,"N20","nominal","2.0NRT",292.14,4.6,"N"
"4680",59.79687,72.43243,299.98,0.44,0.38,"2026-09-09",2123,"N20","nominal","2.0NRT",282.37,0.3,"N"
"4681",37.50454,61.02452,309,0.4,0.44,"2026-09-09",2127,"N20","nominal","2.0NRT",290.55,1.15,"N"
"4682",29.26008,53.11441,312.11,0.46,0.64,"2026-09-09",2129,"N20","nominal","2.0NRT",288.9,3.49,"N"
"4683",59.76167,71.73614,304.44,0.45,0.39,"2026-09-09",2123,"N20","nominal","2.0NRT",281.74,1.28,"N"
"4684",37.35073,61.36192,305.67,0.38,0.43,"2026-09-09",2127,"N20","nominal","2.0NRT",289.47,0.87,"N"
"4685",29.12524,52.64261,300.14,0.5,0.65,"2026-09-09",2129,"N20","nominal","2.0NRT",288.17,0.47,"N"
"4686",59.76077,71.74407,310.79,0.45,0.39,"2026-09-09",2123,"N20","nominal","2.0NRT",281.67,1.02,"N"
"4687",37.32831,61.096,309.93,0.39,0.44,"2026-09-09",2127,"N20","nominal","2.0NRT",288.19,1.61,"N"
"4688",28.2048,61.3045,306.33,0.46,0.39,"2026-09-09",2129,"N20","nominal","2.0NRT",295.05,1.09,"N"
"4689",59.75726,71.7425,302.65,0.45,0.39,"2026-09-09",2123,"N20","nominal","2.0NRT",281.84,1.02,"N"
"4690",36.70251,65.95914,305.44,0.39,0.36,"2026-09-09",2127,"N20","nominal","2.0NRT",292.48,1.23,"N"
"4691",25.78568,73.69735,315.84,0.34,0.56,"2026-09-09",2129,"N20","nominal","2.0NRT",293.61,1.03,"N"
"4692",58.89154,76.83743,304.25,0.38,0.36,"2026-09-09",2123,"N20","nominal","2.0NRT",280.28,0.53,"N"
"4693",37.11994,62.35844,308.07,0.51,0.41,"2026-09-09",2127,"N20","nominal","2.0NRT",289.73,3.01,"N"
"4694",59.47251,71.53692,316.67,0.45,0.39,"2026-09-09",2123,"N20","nominal","2.0NRT",284.55,1.92,"N"
"4695",28.68406,52.08523,306.06,0.53,0.67,"2026-09-09",2129,"N20","nominal","2.0NRT",293.35,1.24,"N"
"4696",37.11929,62.36423,315.49,0.51,0.41,"2026-09-09",2127,"N20","nominal","2.0NRT",291.9,3.01,"N"
"4697",59.4143,71.62685,328.8,0.45,0.39,"2026-09-09",2123,"N20","nominal","2.0NRT",282.11,5.34,"N"
"4698",28.68373,52.09057,309.17,0.53,0.67,"2026-09-09",2129,"N20","nominal","2.0NRT",294.07,1.24,"N"
"4699",37.11551,62.36355,305.22,0.51,0.41,"2026-09-09",2127,"N20","nominal","2.0NRT",290.52,3.01,"N"
"4700",59.41341,71.63469,319.13,0.45,0.39,"2026-09-09",2123,"N20","nominal","2.0NRT",284.46,5.15,"N"
"4701",28.27205,53.44732,313.51,0.43,0.62,"2026-09-09",2129,"N20","nominal","2.0NRT",297.54,2.35,"N"
"4702",37.11978,62.36441,325.7,0.51,0.41,"2026-09-09",2127,"N20","nominal","2.0NRT",292.09,3.45,"N"
"4703",58.15735,78.90608,310.81,0.4,0.37,"2026-09-09",2123,"N20","nominal","2.0NRT",284.07,0.45,"N"
"4704",24.93298,74.63309,306.17,0.4,0.6,"2026-09-09",2129,"N20","nominal","2.0NRT",293.06,0.87,"N"
"4705",37.12046,62.35865,300.57,0.51,0.41,"2026-09-09",2127,"N20","nominal","2.0NRT",289.33,4.43,"N"
"4706",59.07216,72.87516,310.7,0.42,0.38,"2026-09-09",2123,"N20","nominal","2.0NRT",283.43,0.63,"N"
"4707",24.66161,74.63222,306.03,0.41,0.61,"2026-09-09",2129,"N20","nominal","2.0NRT",293.89,1.63,"N"
"4708",58.15443,78.88261,303.67,0.4,0.37,"2026-09-09",2123,"N20","nominal","2.0NRT",283.46,0.44,"N"
"4709",37.116,62.36374,307.16,0.51,0.41,"2026-09-09",2127,"N20","nominal","2.0NRT",290.78,3.45,"N"
"4710",27.23015,60.48732,314.03,0.49,0.4,"2026-09-09",2129,"N20","nominal","2.0NRT",299.63,1.71,"N"
"4711",59.04189,72.83015,296.68,0.42,0.38,"2026-09-09",2123,"N20","nominal","2.0NRT",283.5,0.37,"N"
"4712",37.03321,62.41327,315.51,0.51,0.41,"2026-09-09",2127,"N20","nominal","2.0NRT",290.25,1.85,"N"
"4713",28.01729,51.99363,306.94,0.53,0.67,"2026-09-09",2129,"N20","nominal","2.0NRT",295.01,2.28,"N"
"4714",59.20049,71.36475,327.36,0.45,0.39,"2026-09-09",2123,"N20","nominal","2.0NRT",283.89,2.18,"N"
"4715",37.03255,62.41898,302.74,0.51,0.41,"2026-09-09",2127,"N20","nominal","2.0NRT",291.44,1.48,"N"
"4716",25.95873,68.37125,308.73,0.5,0.41,"2026-09-09",2129,"N20","nominal","2.0NRT",296.26,0.95,"N"
"4717",59.19961,71.3726,301.33,0.45,0.39,"2026-09-09",2123,"N20","nominal","2.0NRT",281.44,2.18,"N"
"4718",37.45362,57.68646,297.7,0.6,0.53,"2026-09-09",2127,"N20","nominal","2.0NRT",286.46,0.95,"N"
"4719",25.95721,68.36967,308.17,0.5,0.41,"2026-09-09",2129,"N20","nominal","2.0NRT",296.24,0.98,"N"
"4720",59.20248,71.36736,327.31,0.45,0.39,"2026-09-09",2123,"N20","nominal","2.0NRT",283.75,1.86,"N"
"4721",35.97097,68.68433,302.06,0.4,0.37,"2026-09-09",2127,"N20","nominal","2.0NRT",291.78,0.58,"N"
"4722",27.93134,52.19043,318.63,0.51,0.66,"2026-09-09",2129,"N20","nominal","2.0NRT",298.62,3.33,"N"
"4723",59.19896,71.36583,319.66,0.45,0.39,"2026-09-09",2123,"N20","nominal","2.0NRT",283.84,1.86,"N"
"4724",36.99517,56.23135,297.19,0.36,0.57,"2026-09-09",2127,"N20","nominal","2.0NRT",287.13,0.37,"N"
"4725",27.9311,52.19298,315.85,0.51,0.66,"2026-09-09",2129,"N20","nominal","2.0NRT",299.79,3.78,"N"
"4726",59.05349,71.86087,318.16,0.44,0.38,"2026-09-09",2123,"N20","nominal","2.0NRT",285.71,1.73,"N"
"4727",36.49573,61.80628,303.36,0.53,0.42,"2026-09-09",2127,"N20","nominal","2.0NRT",289.15,0.63,"N"
"4728",24.82284,73.09332,306.89,0.33,0.55,"2026-09-09",2129,"N20","nominal","2.0NRT",294.65,0.87,"N"
"4729",58.50324,75.79996,304.41,0.39,0.36,"2026-09-09",2123,"N20","nominal","2.0NRT",284.34,0.59,"N"
"4730",36.46365,60.84886,311.47,0.4,0.44,"2026-09-09",2127,"N20","nominal","2.0NRT",289.46,1.01,"N"
"4731",27.42391,56.49785,310.28,0.55,0.51,"2026-09-09",2129,"N20","nominal","2.0NRT",299.31,0.79,"N"
"4732",56.54648,85.39345,299.92,0.4,0.44,"2026-09-09",2123,"N20","nominal","2.0NRT",285.59,0.67,"N"
"4733",35.90895,62.96456,302.4,0.47,0.4,"2026-09-09",2127,"N20","nominal","2.0NRT",289.68,0.8,"N"
"4734",27.7665,52.16331,345.35,0.51,0.66,"2026-09-09",2129,"N20","nominal","2.0NRT",298.85,5.02,"N"
"4735",58.70957,73.99272,302.11,0.4,0.37,"2026-09-09",2123,"N20","nominal","2.0NRT",285.1,0.71,"N"
"4736",36.29914,54.78341,298.14,0.43,0.62,"2026-09-09",2127,"N20","nominal","2.0NRT",287.3,0.44,"N"
"4737",56.12572,86.14362,300.21,0.44,0.46,"2026-09-09",2123,"N20","nominal","2.0NRT",286.52,0.87,"N"
"4738",27.76688,52.15763,313.2,0.51,0.66,"2026-09-09",2129,"N20","nominal","2.0NRT",297.68,5.02,"N"
"4739",35.82478,52.80265,302.74,0.55,0.68,"2026-09-09",2127,"N20","nominal","2.0NRT",282.8,1.55,"N"
"4740",57.67341,78.92612,310.05,0.4,0.37,"2026-09-09",2123,"N20","nominal","2.0NRT",285.06,0.79,"N"
"4741",27.76039,52.16225,367,0.51,0.66,"2026-09-09",2129,"N20","high","2.0NRT",299.48,5.02,"N"
"4742",35.57635,51.50263,305.88,0.65,0.73,"2026-09-09",2127,"N20","nominal","2.0NRT",289.66,3.24,"N"
"4743",57.67019,78.92406,300.47,0.4,0.37,"2026-09-09",2123,"N20","nominal","2.0NRT",283.7,0.79,"N"
"4744",27.72662,52.20646,320.74,0.51,0.66,"2026-09-09",2129,"N20","nominal","2.0NRT",299.73,1.39,"N"
"4745",35.5806,51.5056,306.04,0.65,0.73,"2026-09-09",2127,"N20","nominal","2.0NRT",289.68,3.1,"N"
"4746",57.3728,80.18182,309.09,0.42,0.38,"2026-09-09",2123,"N20","nominal","2.0NRT",284.28,1.18,"N"
"4747",27.72297,52.16774,367,0.51,0.66,"2026-09-09",2129,"N20","high","2.0NRT",300.81,16.24,"N"
"4748",35.52285,51.40528,301.15,0.66,0.73,"2026-09-09",2127,"N20","nominal","2.0NRT",288.82,1.1,"N"
"4749",57.36103,80.24184,302.84,0.42,0.38,"2026-09-09",2123,"N20","nominal","2.0NRT",283.44,1.36,"N"
"4750",27.72263,52.17299,354.83,0.51,0.66,"2026-09-09",2129,"N20","nominal","2.0NRT",303.58,10.03,"N"
"4751",32.88894,71.61413,308.93,0.56,0.43,"2026-09-09",2127,"N20","nominal","2.0NRT",296.27,2.99,"N"
"4752",57.36952,80.17961,304.3,0.42,0.38,"2026-09-09",2123,"N20","nominal","2.0NRT",285.72,1.18,"N"
"4753",27.72229,52.1783,319.72,0.51,0.66,"2026-09-09",2129,"N20","nominal","2.0NRT",300.56,10.03,"N"
"4754",35.26585,50.4194,297.98,0.74,0.76,"2026-09-09",2127,"N20","nominal","2.0NRT",287,1.02,"N"
"4755",57.36822,80.18627,309.1,0.42,0.38,"2026-09-09",2123,"N20","nominal","2.0NRT",287.46,1.43,"N"
"4756",27.71582,52.18293,336.89,0.51,0.66,"2026-09-09",2129,"N20","nominal","2.0NRT",301.19,7.24,"N"
"4757",32.57493,72.5623,307.53,0.42,0.45,"2026-09-09",2127,"N20","nominal","2.0NRT",295.23,2.69,"N"
"4758",57.36692,80.19294,305.26,0.42,0.38,"2026-09-09",2123,"N20","nominal","2.0NRT",285.47,1.43,"N"
"4759",27.71616,52.17766,319.49,0.51,0.66,"2026-09-09",2129,"N20","nominal","2.0NRT",300.63,6.68,"N"
"4760",32.37976,72.13672,308.69,0.4,0.44,"2026-09-09",2127,"N20","nominal","2.0NRT",296.71,2.2,"N"
"4761",57.3656,80.19959,296.27,0.42,0.38,"2026-09-09",2123,"N20","nominal","2.0NRT",284.26,0.82,"N"
"4762",27.69408,52.23369,319.71,0.51,0.66,"2026-09-09",2129,"N20","nominal","2.0NRT",299.88,2.38,"N"
"4763",31.25961,76.92348,300.76,0.4,0.6,"2026-09-09",2127,"N20","nominal","2.0NRT",288.95,0.72,"N"
"4764",57.35906,80.23294,299.71,0.42,0.38,"2026-09-09",2123,"N20","nominal","2.0NRT",282.41,1,"N"
"4765",24.69181,73.00176,308.93,0.32,0.55,"2026-09-09",2129,"N20","nominal","2.0NRT",294.32,1.14,"N"
"4766",57.35775,80.23962,302.34,0.42,0.38,"2026-09-09",2123,"N20","nominal","2.0NRT",285.68,1.36,"N"
"4767",31.25256,76.9285,299.83,0.4,0.6,"2026-09-09",2127,"N20","nominal","2.0NRT",289,0.34,"N"
"4768",27.68831,52.22764,349.03,0.51,0.66,"2026-09-09",2129,"N20","nominal","2.0NRT",300.93,8.8,"N"
"4769",57.35644,80.24628,312.34,0.42,0.38,"2026-09-09",2123,"N20","nominal","2.0NRT",287.93,1.36,"N"
"4770",31.25094,76.9282,300.32,0.4,0.6,"2026-09-09",2127,"N20","nominal","2.0NRT",288.96,0.87,"N"
"4771",27.68731,52.24338,367,0.51,0.66,"2026-09-09",2129,"N20","high","2.0NRT",300.91,6.37,"N"
"4772",57.35513,80.25296,310.27,0.42,0.38,"2026-09-09",2123,"N20","nominal","2.0NRT",286.21,1.68,"N"
"4773",32.65487,70.47169,314.99,0.5,0.41,"2026-09-09",2127,"N20","nominal","2.0NRT",297.34,1.87,"N"
"4774",27.68697,52.24862,328.93,0.5,0.66,"2026-09-09",2129,"N20","nominal","2.0NRT",301.02,6.37,"N"
"4775",57.36494,80.18407,299.62,0.42,0.38,"2026-09-09",2123,"N20","nominal","2.0NRT",284.98,1.38,"N"
"4776",33.62763,59.16934,296.08,0.45,0.47,"2026-09-09",2127,"N20","nominal","2.0NRT",274.44,2.1,"N"
"4777",57.36364,80.19073,309.34,0.42,0.38,"2026-09-09",2123,"N20","nominal","2.0NRT",286.72,1.38,"N"
"4778",27.72264,52.17062,367,0.51,0.66,"2026-09-09",2129,"N20","high","2.0NRT",303.16,20.79,"N"
"4779",33.04488,56.84562,325.15,0.6,0.53,"2026-09-09",2129,"N20","nominal","2.0NRT",294.87,8.03,"N"
"4780",57.36233,80.19739,301.09,0.42,0.38,"2026-09-09",2123,"N20","nominal","2.0NRT",285.4,1.35,"N"
"4781",27.72227,52.17589,336.82,0.51,0.66,"2026-09-09",2129,"N20","nominal","2.0NRT",301.46,9.84,"N"
"4782",33.04285,56.84473,328.11,0.6,0.53,"2026-09-09",2129,"N20","nominal","2.0NRT",295.07,7.37,"N"
"4783",57.35316,80.24407,299.82,0.42,0.38,"2026-09-09",2123,"N20","nominal","2.0NRT",286.25,1.08,"N"
"4784",24.69116,73.00336,306.71,0.32,0.55,"2026-09-09",2129,"N20","nominal","2.0NRT",294.84,1.05,"N"
"4785",32.78041,51.5009,303.97,0.62,0.71,"2026-09-09",2129,"N20","nominal","2.0NRT",292.38,3,"N"
"4786",57.35185,80.25075,318.56,0.42,0.38,"2026-09-09",2123,"N20","nominal","2.0NRT",288.34,2.07,"N"
"4787",27.71576,52.18056,335.09,0.51,0.66,"2026-09-09",2129,"N20","nominal","2.0NRT",301.23,9.84,"N"
"4788",32.42295,51.31984,301.85,0.63,0.72,"2026-09-09",2129,"N20","nominal","2.0NRT",289.87,2.22,"N"
"4789",57.36036,80.18852,317.71,0.42,0.38,"2026-09-09",2123,"N20","nominal","2.0NRT",283.68,1.38,"N"
"4790",27.71539,52.18584,313.7,0.51,0.66,"2026-09-09",2129,"N20","nominal","2.0NRT",300.38,3.99,"N"
"4791",32.40805,51.51278,306.28,0.62,0.71,"2026-09-09",2129,"N20","nominal","2.0NRT",288.94,1.64,"N"
"4792",57.35905,80.19519,313.56,0.42,0.38,"2026-09-09",2123,"N20","nominal","2.0NRT",283.01,1.35,"N"
"4793",27.6937,52.23128,323.84,0.51,0.66,"2026-09-09",2129,"N20","nominal","2.0NRT",299.72,4.44,"N"
"4794",32.25712,51.52246,305.04,0.61,0.71,"2026-09-09",2129,"N20","nominal","2.0NRT",286.53,1.31,"N"
"4795",57.34988,80.24186,304.52,0.42,0.38,"2026-09-09",2123,"N20","nominal","2.0NRT",286.44,1.08,"N"
"4796",27.68796,52.2253,329.52,0.51,0.66,"2026-09-09",2129,"N20","nominal","2.0NRT",300.06,4.44,"N"
"4797",32.24872,51.40296,298.38,0.62,0.72,"2026-09-09",2129,"N20","nominal","2.0NRT",287.49,4.1,"N"
"4798",57.34856,80.24854,317.62,0.42,0.38,"2026-09-09",2123,"N20","nominal","2.0NRT",286.21,2.07,"N"
"4799",32.24156,51.41586,320.71,0.62,0.72,"2026-09-09",2129,"N20","nominal","2.0NRT",291.34,10.55,"N"
"4800",27.6876,52.2305,351.03,0.51,0.66,"2026-09-09",2129,"N20","nominal","2.0NRT",301.57,4.44,"N"
"4801",57.34659,80.23965,314.58,0.42,0.38,"2026-09-09",2123,"N20","nominal","2.0NRT",284.12,1.61,"N"
"4802",32.2413,51.42245,367,0.62,0.72,"2026-09-09",2129,"N20","high","2.0NRT",291.33,10.55,"N"
"4803",27.68686,52.24098,327.06,0.5,0.66,"2026-09-09",2129,"N20","nominal","2.0NRT",300.23,8.46,"N"
"4804",57.34528,80.24633,298.2,0.42,0.38,"2026-09-09",2123,"N20","nominal","2.0NRT",281.88,0.72,"N"
"4805",27.6865,52.24622,352.07,0.5,0.66,"2026-09-09",2129,"N20","nominal","2.0NRT",301.56,7.3,"N"
"4806",32.24104,51.42903,314.88,0.62,0.72,"2026-09-09",2129,"N20","nominal","2.0NRT",288.94,12.09,"N"
"4807",57.51579,79.012,320.17,0.4,0.37,"2026-09-09",2123,"N20","nominal","2.0NRT",285.04,1.26,"N"
"4808",27.59398,52.52697,323.77,0.48,0.65,"2026-09-09",2129,"N20","nominal","2.0NRT",301.45,6.32,"N"
"4809",32.25877,51.52344,305.2,0.61,0.71,"2026-09-09",2129,"N20","nominal","2.0NRT",286.64,1.68,"N"
"4810",58.07031,75.61677,303.15,0.39,0.36,"2026-09-09",2123,"N20","nominal","2.0NRT",283.44,0.59,"N"
"4811",27.56178,52.55703,324.91,0.48,0.65,"2026-09-09",2129,"N20","nominal","2.0NRT",301.03,7.36,"N"
"4812",32.24384,51.41708,320.66,0.62,0.72,"2026-09-09",2129,"N20","nominal","2.0NRT",291.23,10.69,"N"
"4813",57.42709,78.69844,328.32,0.4,0.37,"2026-09-09",2123,"N20","nominal","2.0NRT",289.85,9.48,"N"
"4814",27.59193,52.52387,324.08,0.48,0.65,"2026-09-09",2129,"N20","nominal","2.0NRT",300.77,2.51,"N"
"4815",32.24354,51.42367,367,0.62,0.72,"2026-09-09",2129,"N20","high","2.0NRT",292.21,12.43,"N"
"4816",57.46468,78.43201,299.62,0.4,0.37,"2026-09-09",2123,"N20","nominal","2.0NRT",282.84,0.33,"N"
"4817",27.56533,52.55709,336.64,0.48,0.65,"2026-09-09",2129,"N20","nominal","2.0NRT",301.27,3.49,"N"
"4818",32.24324,51.43024,309.12,0.62,0.71,"2026-09-09",2129,"N20","nominal","2.0NRT",288.59,12.43,"N"
"4819",57.27282,79.39057,295.17,0.41,0.37,"2026-09-09",2123,"N20","nominal","2.0NRT",282.19,0.32,"N"
"4820",27.5519,52.57592,318.81,0.48,0.65,"2026-09-09",2129,"N20","nominal","2.0NRT",300.36,1.45,"N"
"4821",28.375,77.22592,306.16,0.48,0.65,"2026-09-09",2129,"N20","nominal","2.0NRT",291.7,1.28,"N"
"4822",57.26958,79.38847,305.42,0.41,0.37,"2026-09-09",2123,"N20","nominal","2.0NRT",282.48,0.52,"N"
"4823",27.54556,52.58021,317.55,0.48,0.65,"2026-09-09",2129,"N20","nominal","2.0NRT",300.11,1.45,"N"
"4824",32.20068,51.17864,296.33,0.64,0.72,"2026-09-09",2129,"N20","nominal","2.0NRT",283.26,0.66,"N"
"4825",55.86462,84.6438,312.51,0.4,0.44,"2026-09-09",2123,"N20","nominal","2.0NRT",281.36,1.6,"N"
"4826",27.54513,52.5862,319.51,0.48,0.65,"2026-09-09",2129,"N20","nominal","2.0NRT",301.25,2.46,"N"
"4827",31.85289,54.28227,311.37,0.42,0.61,"2026-09-09",2129,"N20","nominal","2.0NRT",292.47,0.95,"N"
"4828",55.86316,84.64968,313.99,0.4,0.44,"2026-09-09",2123,"N20","nominal","2.0NRT",281.08,1.53,"N"
"4829",27.53257,52.59348,316.13,0.48,0.65,"2026-09-09",2129,"N20","nominal","2.0NRT",300.1,1.46,"N"
"4830",31.85259,54.28668,303.45,0.42,0.61,"2026-09-09",2129,"N20","nominal","2.0NRT",293.23,0.95,"N"
"4831",55.37206,86.05062,307.12,0.46,0.47,"2026-09-09",2123,"N20","nominal","2.0NRT",285.11,1.04,"N"
"4832",27.52107,52.5859,326.43,0.48,0.65,"2026-09-09",2129,"N20","nominal","2.0NRT",301,5.5,"N"
"4833",31.62255,54.72149,306.27,0.39,0.59,"2026-09-09",2129,"N20","nominal","2.0NRT",292.55,0.66,"N"
"4834",55.36986,86.04081,305.16,0.46,0.47,"2026-09-09",2123,"N20","nominal","2.0NRT",288.27,1.04,"N"
"4835",27.52072,52.59084,350.04,0.48,0.65,"2026-09-09",2129,"N20","nominal","2.0NRT",301.94,7.22,"N"
"4836",31.62198,54.72361,307.8,0.39,0.59,"2026-09-09",2129,"N20","nominal","2.0NRT",294.6,0.81,"N"
"4837",55.36811,86.04737,300.79,0.46,0.47,"2026-09-09",2123,"N20","nominal","2.0NRT",286.85,1.04,"N"
"4838",27.51879,52.61801,322.47,0.48,0.64,"2026-09-09",2129,"N20","nominal","2.0NRT",300.12,2.29,"N"
"4839",27.66761,76.12939,303.85,0.43,0.62,"2026-09-09",2129,"N20","nominal","2.0NRT",293.73,1.52,"N"
"4840",55.36991,86.04969,315.85,0.46,0.47,"2026-09-09",2123,"N20","nominal","2.0NRT",287.8,2.09,"N"
"4841",27.51834,52.62442,312.18,0.48,0.64,"2026-09-09",2129,"N20","nominal","2.0NRT",300.46,2.29,"N"
"4842",55.36769,86.03982,303.27,0.46,0.47,"2026-09-09",2123,"N20","nominal","2.0NRT",286.78,1.89,"N"
"4843",27.51332,52.61043,320.92,0.48,0.64,"2026-09-09",2129,"N20","nominal","2.0NRT",301.09,7.93,"N"
"4844",55.3566,85.99062,324.9,0.45,0.47,"2026-09-09",2123,"N20","nominal","2.0NRT",288.83,3.35,"N"
"4845",27.51295,52.61569,367,0.48,0.64,"2026-09-09",2129,"N20","high","2.0NRT",300.72,7.93,"N"
"4846",53.74871,91.02397,296.55,0.39,0.59,"2026-09-09",2123,"N20","nominal","2.0NRT",283.9,0.8,"N"
"4847",27.51255,52.62128,356.09,0.48,0.64,"2026-09-09",2129,"N20","nominal","2.0NRT",302.97,16.68,"N"
"4848",53.70991,91.10445,301.62,0.39,0.6,"2026-09-09",2123,"N20","nominal","2.0NRT",288.57,1.28,"N"
"4849",27.51476,52.59003,314.24,0.48,0.65,"2026-09-09",2129,"N20","nominal","2.0NRT",300.55,1.53,"N"
"4850",53.6963,91.12679,300.01,0.39,0.6,"2026-09-09",2123,"N20","nominal","2.0NRT",288.01,1.83,"N"
"4851",27.48775,52.9651,319.9,0.45,0.63,"2026-09-09",2129,"N20","nominal","2.0NRT",297.44,3.82,"N"
"4852",53.69273,91.1377,298.27,0.39,0.6,"2026-09-09",2123,"N20","nominal","2.0NRT",286.19,1.92,"N"
"4853",27.50593,52.62999,339.81,0.48,0.64,"2026-09-09",2129,"N20","nominal","2.0NRT",301.33,4.45,"N"
"4854",55.30453,85.59322,318.83,0.44,0.46,"2026-09-09",2123,"N20","nominal","2.0NRT",289.42,3.24,"N"
"4855",27.50552,52.63586,346.13,0.48,0.64,"2026-09-09",2129,"N20","nominal","2.0NRT",302.74,4.45,"N"
"4856",58.71201,59.5066,296.45,0.36,0.58,"2026-09-09",2123,"N20","nominal","2.0NRT",280.23,0.41,"N"
"4857",27.4993,52.63893,332.61,0.48,0.64,"2026-09-09",2129,"N20","nominal","2.0NRT",301.58,6.3,"N"
"4858",58.39664,58.3229,297.13,0.4,0.6,"2026-09-09",2123,"N20","nominal","2.0NRT",279.76,0.84,"N"
"4859",27.49891,52.64441,367,0.48,0.64,"2026-09-09",2129,"N20","high","2.0NRT",302.14,6.3,"N"
"4860",58.39106,58.32264,296,0.4,0.6,"2026-09-09",2123,"N20","nominal","2.0NRT",279.25,0.76,"N"
"4861",27.49853,52.64992,313.06,0.47,0.64,"2026-09-09",2129,"N20","nominal","2.0NRT",300.85,5.45,"N"
"4862",58.35442,60.07451,306.27,0.34,0.56,"2026-09-09",2123,"N20","nominal","2.0NRT",279.2,1.08,"N"
"4863",25.3894,68.5838,315.81,0.52,0.41,"2026-09-09",2129,"N20","nominal","2.0NRT",296.19,2.11,"N"
"4864",54.41787,86.81786,298.27,0.52,0.5,"2026-09-09",2123,"N20","nominal","2.0NRT",286.05,0.63,"N"
"4865",27.1721,56.05198,313.95,0.58,0.52,"2026-09-09",2129,"N20","nominal","2.0NRT",299.52,1.53,"N"
"4866",58.22863,57.81765,295.74,0.42,0.61,"2026-09-09",2123,"N20","nominal","2.0NRT",278.27,0.45,"N"
"4867",27.16295,56.09809,316.81,0.58,0.52,"2026-09-09",2129,"N20","nominal","2.0NRT",299.29,2.01,"N"
"4868",54.17707,87.1828,295.76,0.55,0.51,"2026-09-09",2123,"N20","nominal","2.0NRT",285.4,1.33,"N"
"4869",27.1624,56.10394,309.81,0.57,0.52,"2026-09-09",2129,"N20","nominal","2.0NRT",298.81,2.01,"N"
"4870",54.17496,87.19028,312.87,0.55,0.51,"2026-09-09",2123,"N20","nominal","2.0NRT",285.05,1.33,"N"
"4871",27.17274,56.05206,313.42,0.58,0.52,"2026-09-09",2129,"N20","nominal","2.0NRT",299.35,1.36,"N"
"4872",54.16031,87.13106,297.32,0.54,0.51,"2026-09-09",2123,"N20","nominal","2.0NRT",285.83,1.41,"N"
"4873",27.16792,56.05144,312.63,0.58,0.52,"2026-09-09",2129,"N20","nominal","2.0NRT",299.69,1.44,"N"
"4874",54.15606,87.12759,305.95,0.54,0.51,"2026-09-09",2123,"N20","nominal","2.0NRT",286.32,1.41,"N"
"4875",27.16327,56.09806,314.79,0.57,0.52,"2026-09-09",2129,"N20","nominal","2.0NRT",299.78,2.84,"N"
"4876",55.12349,83.01214,305.01,0.55,0.43,"2026-09-09",2123,"N20","nominal","2.0NRT",285.1,0.98,"N"
"4877",27.16268,56.1039,312.74,0.57,0.52,"2026-09-09",2129,"N20","nominal","2.0NRT",299.07,0.93,"N"
"4878",54.30599,86.19958,295.41,0.5,0.49,"2026-09-09",2123,"N20","nominal","2.0NRT",282.21,0.52,"N"
"4879",25.15882,67.70341,309.86,0.48,0.4,"2026-09-09",2131,"N20","nominal","2.0NRT",296.71,1.13,"N"
"4880",54.30191,86.19623,298.83,0.5,0.49,"2026-09-09",2123,"N20","nominal","2.0NRT",286.81,1.54,"N"
"4881",27.14951,49.21906,343.4,0.77,0.77,"2026-09-09",2131,"N20","nominal","2.0NRT",296.21,6.7,"N"
"4882",54.29786,86.19276,309.41,0.5,0.49,"2026-09-09",2123,"N20","nominal","2.0NRT",288.48,1.54,"N"
"4883",27.14987,49.21126,308.23,0.77,0.77,"2026-09-09",2131,"N20","nominal","2.0NRT",296.02,6.7,"N"
"4884",54.30668,86.14207,298.26,0.5,0.49,"2026-09-09",2123,"N20","nominal","2.0NRT",287.44,1.19,"N"
"4885",25.05377,67.49573,310.2,0.47,0.39,"2026-09-09",2131,"N20","nominal","2.0NRT",297.46,1.26,"N"
"4886",54.30251,86.13906,308.1,0.5,0.49,"2026-09-09",2123,"N20","nominal","2.0NRT",287.43,1.19,"N"
"4887",25.05103,67.49039,307.76,0.47,0.39,"2026-09-09",2131,"N20","nominal","2.0NRT",295.87,1.13,"N"
"4888",54.30065,86.1459,312.2,0.5,0.49,"2026-09-09",2123,"N20","nominal","2.0NRT",289.42,1.19,"N"
"4889",25.05019,67.49493,310.91,0.47,0.39,"2026-09-09",2131,"N20","nominal","2.0NRT",297.07,1.26,"N"
"4890",54.30035,86.12873,300.7,0.49,0.49,"2026-09-09",2123,"N20","nominal","2.0NRT",286.34,1.43,"N"
"4891",25.15779,66.78284,314.67,0.44,0.38,"2026-09-09",2131,"N20","nominal","2.0NRT",297.64,2.15,"N"
"4892",54.29433,86.13248,298.11,0.5,0.49,"2026-09-09",2123,"N20","nominal","2.0NRT",285.45,4.42,"N"
"4893",25.15982,66.78565,310.76,0.44,0.38,"2026-09-09",2131,"N20","nominal","2.0NRT",297.31,2.57,"N"
"4894",54.29049,86.14658,298.69,0.5,0.49,"2026-09-09",2123,"N20","nominal","2.0NRT",287.01,1.75,"N"
"4895",25.13802,66.90982,308.65,0.44,0.38,"2026-09-09",2131,"N20","nominal","2.0NRT",297.05,2.1,"N"
"4896",54.28653,86.14281,301.03,0.5,0.49,"2026-09-09",2123,"N20","nominal","2.0NRT",286.74,1.67,"N"
"4897",27.14689,49.21715,344,0.77,0.77,"2026-09-09",2131,"N20","nominal","2.0NRT",296.24,10.63,"N"
"4898",54.28448,86.15028,311.1,0.5,0.49,"2026-09-09",2123,"N20","nominal","2.0NRT",289.19,1.67,"N"
"4899",54.27262,86.17537,310.79,0.5,0.49,"2026-09-09",2123,"N20","nominal","2.0NRT",288.18,4.06,"N"
"4900",27.07179,49.56673,309.32,0.73,0.76,"2026-09-09",2131,"N20","nominal","2.0NRT",297.59,3.31,"N"
"4901",54.27088,86.1817,297.12,0.5,0.49,"2026-09-09",2123,"N20","nominal","2.0NRT",286.49,1.49,"N"
"4902",26.79798,53.3412,312.87,0.42,0.61,"2026-09-09",2131,"N20","nominal","2.0NRT",299.03,0.51,"N"
"4903",54.27261,86.15716,303.15,0.5,0.49,"2026-09-09",2123,"N20","nominal","2.0NRT",284.54,1.68,"N"
"4904",27.02212,49.57047,322.99,0.73,0.76,"2026-09-09",2131,"N20","nominal","2.0NRT",297.34,4.27,"N"
"4905",54.27055,86.16468,307.18,0.5,0.49,"2026-09-09",2123,"N20","nominal","2.0NRT",285.94,4.44,"N"
"4906",27.0171,49.56973,317.32,0.73,0.76,"2026-09-09",2131,"N20","nominal","2.0NRT",296.97,6.82,"N"
"4907",54.26675,86.17854,313.77,0.5,0.49,"2026-09-09",2123,"N20","nominal","2.0NRT",287.93,2.68,"N"
"4908",26.9526,49.58752,307.49,0.72,0.76,"2026-09-09",2131,"N20","nominal","2.0NRT",297.21,3.29,"N"
"4909",54.26496,86.18506,302.49,0.5,0.49,"2026-09-09",2123,"N20","nominal","2.0NRT",288.07,2.68,"N"
"4910",26.78827,49.94717,310.49,0.69,0.74,"2026-09-09",2131,"N20","nominal","2.0NRT",296.99,1.33,"N"
"4911",54.28789,86.14437,307.03,0.5,0.49,"2026-09-09",2123,"N20","nominal","2.0NRT",288.13,2.05,"N"
"4912",26.78791,49.94619,309.99,0.69,0.74,"2026-09-09",2131,"N20","nominal","2.0NRT",296.52,1.47,"N"
"4913",54.28592,86.15174,300.44,0.5,0.49,"2026-09-09",2123,"N20","nominal","2.0NRT",287.97,1.8,"N"
"4914",26.78546,49.98821,308.51,0.68,0.74,"2026-09-09",2131,"N20","nominal","2.0NRT",297.44,1.44,"N"
"4915",54.282,86.1478,303.69,0.5,0.49,"2026-09-09",2123,"N20","nominal","2.0NRT",286.48,1.8,"N"
"4916",26.69662,50.07977,310.29,0.67,0.74,"2026-09-09",2131,"N20","nominal","2.0NRT",297.7,1.8,"N"
"4917",54.27428,86.17658,310.95,0.5,0.49,"2026-09-09",2123,"N20","nominal","2.0NRT",288.91,2.44,"N"
"4918",25.97361,56.06998,318.1,0.56,0.51,"2026-09-09",2131,"N20","nominal","2.0NRT",303.22,7.82,"N"
"4919",54.27401,86.15903,317.62,0.5,0.49,"2026-09-09",2123,"N20","nominal","2.0NRT",286,5,"N"
"4920",25.90565,54.53061,312.8,0.35,0.57,"2026-09-09",2131,"N20","nominal","2.0NRT",300.1,0.31,"N"
"4921",54.26834,86.18015,313.47,0.5,0.49,"2026-09-09",2123,"N20","nominal","2.0NRT",288.32,1.95,"N"
"4922",25.57073,55.98579,311.98,0.56,0.51,"2026-09-09",2131,"N20","nominal","2.0NRT",301.91,1.72,"N"
"4923",54.26664,86.18643,303.56,0.5,0.49,"2026-09-09",2123,"N20","nominal","2.0NRT",286.73,2.77,"N"
"4924",26.03991,50.56015,308.19,0.62,0.71,"2026-09-09",2131,"N20","nominal","2.0NRT",297.29,0.77,"N"
"4925",54.26617,86.16967,317.08,0.5,0.49,"2026-09-09",2123,"N20","nominal","2.0NRT",286.02,1.95,"N"
"4926",25.56031,55.9851,314.31,0.56,0.51,"2026-09-09",2131,"N20","nominal","2.0NRT",303.07,1.43,"N"
"4927",54.26435,86.17642,300.86,0.5,0.49,"2026-09-09",2123,"N20","nominal","2.0NRT",286.17,1.95,"N"
"4928",25.91945,51.55827,310.77,0.54,0.68,"2026-09-09",2131,"N20","nominal","2.0NRT",300.38,1.19,"N"
"4929",57.94666,60.04979,342.22,0.34,0.56,"2026-09-09",2123,"N20","nominal","2.0NRT",292.76,24.14,"N"
"4930",25.91906,51.56367,310.81,0.54,0.67,"2026-09-09",2131,"N20","nominal","2.0NRT",300.44,1.19,"N"
"4931",57.94683,60.04382,309.67,0.34,0.56,"2026-09-09",2123,"N20","nominal","2.0NRT",279.66,24.14,"N"
"4932",25.91319,51.55773,321.86,0.54,0.68,"2026-09-09",2131,"N20","nominal","2.0NRT",300.84,1.19,"N"
"4933",57.94648,60.05569,319.46,0.34,0.56,"2026-09-09",2123,"N20","nominal","2.0NRT",281.95,18.5,"N"
"4934",25.90808,51.54082,318.38,0.54,0.68,"2026-09-09",2131,"N20","nominal","2.0NRT",300.27,1.65,"N"
"4935",53.92263,87.28236,303.42,0.56,0.52,"2026-09-09",2123,"N20","nominal","2.0NRT",282.28,1.9,"N"
"4936",25.90448,51.50209,322.3,0.54,0.68,"2026-09-09",2131,"N20","nominal","2.0NRT",301.25,3.61,"N"
"4937",53.92046,87.29001,306.45,0.56,0.52,"2026-09-09",2123,"N20","nominal","2.0NRT",284.19,1.9,"N"
"4938",22.26427,75.13316,304.21,0.5,0.66,"2026-09-09",2131,"N20","nominal","2.0NRT",289.93,0.98,"N"
"4939",57.92612,60.03548,300.87,0.34,0.56,"2026-09-09",2123,"N20","nominal","2.0NRT",280.41,1.32,"N"
"4940",25.8838,51.52753,313.8,0.54,0.68,"2026-09-09",2131,"N20","nominal","2.0NRT",299.67,1.56,"N"
"4941",57.9214,60.01709,315.76,0.34,0.56,"2026-09-09",2123,"N20","nominal","2.0NRT",282.62,1.57,"N"
"4942",25.31059,56.37148,318.65,0.53,0.5,"2026-09-09",2131,"N20","nominal","2.0NRT",301.39,1.87,"N"
"4943",57.92123,60.02302,316.92,0.34,0.56,"2026-09-09",2123,"N20","nominal","2.0NRT",283.13,1.57,"N"
"4944",25.53534,53.14549,354.49,0.42,0.61,"2026-09-09",2131,"N20","nominal","2.0NRT",305.29,13.77,"N"
"4945",57.9209,60.0349,307.01,0.34,0.56,"2026-09-09",2123,"N20","nominal","2.0NRT",280,1.32,"N"
"4946",25.535,53.14974,328.27,0.42,0.61,"2026-09-09",2131,"N20","nominal","2.0NRT",301.51,13.77,"N"
"4947",57.91634,60.01052,295.15,0.34,0.56,"2026-09-09",2123,"N20","nominal","2.0NRT",282.46,0.61,"N"
"4948",25.53567,53.14124,315.35,0.42,0.61,"2026-09-09",2131,"N20","nominal","2.0NRT",300.89,12.18,"N"
"4949",53.89453,87.28796,296.18,0.56,0.52,"2026-09-09",2123,"N20","nominal","2.0NRT",283.53,1.07,"N"
"4950",25.53248,53.14604,352.39,0.42,0.61,"2026-09-09",2131,"N20","nominal","2.0NRT",304.27,10.47,"N"
"4951",53.89023,87.28443,299.74,0.56,0.52,"2026-09-09",2123,"N20","nominal","2.0NRT",282.95,2.07,"N"
"4952",25.53284,53.1418,316.9,0.42,0.61,"2026-09-09",2131,"N20","nominal","2.0NRT",300.66,10.93,"N"
"4953",53.89036,87.26541,299.97,0.56,0.52,"2026-09-09",2123,"N20","nominal","2.0NRT",284.38,1.31,"N"
"4954",25.53211,53.15028,317.9,0.42,0.61,"2026-09-09",2131,"N20","nominal","2.0NRT",301.15,10.47,"N"
"4955",53.88828,87.25414,312.38,0.56,0.52,"2026-09-09",2123,"N20","nominal","2.0NRT",285.35,1.8,"N"
"4956",25.50945,53.14788,331.75,0.42,0.61,"2026-09-09",2131,"N20","nominal","2.0NRT",301.79,1.65,"N"
"4957",53.88608,87.26184,298.67,0.56,0.52,"2026-09-09",2123,"N20","nominal","2.0NRT",284.77,1.8,"N"
"4958",25.50981,53.14364,312.62,0.42,0.61,"2026-09-09",2131,"N20","nominal","2.0NRT",300.95,1.65,"N"
"4959",53.884,87.2506,301.03,0.56,0.52,"2026-09-09",2123,"N20","nominal","2.0NRT",285.12,1.8,"N"
"4960",25.64117,49.38235,310.77,0.73,0.76,"2026-09-09",2131,"N20","nominal","2.0NRT",296.21,1.96,"N"
"4961",54.07068,86.53376,296.32,0.52,0.5,"2026-09-09",2123,"N20","nominal","2.0NRT",285.68,1.41,"N"
"4962",25.64074,49.38982,309.56,0.73,0.76,"2026-09-09",2131,"N20","nominal","2.0NRT",295.91,1.96,"N"
"4963",57.87255,56.15523,307.17,0.48,0.65,"2026-09-09",2123,"N20","nominal","2.0NRT",276.29,1.22,"N"
"4964",22.92588,69.82298,306.27,0.45,0.47,"2026-09-09",2131,"N20","nominal","2.0NRT",294.35,0.97,"N"
"4965",53.95655,86.6491,296.42,0.53,0.5,"2026-09-09",2123,"N20","nominal","2.0NRT",286.04,0.91,"N"
"4966",22.93342,69.69579,315.65,0.44,0.46,"2026-09-09",2131,"N20","nominal","2.0NRT",293.92,1.34,"N"
"4967",53.95443,86.63824,296.43,0.53,0.5,"2026-09-09",2123,"N20","nominal","2.0NRT",285.02,0.77,"N"
"4968",22.93258,69.69999,306.61,0.44,0.46,"2026-09-09",2131,"N20","nominal","2.0NRT",293.92,1.34,"N"
"4969",54.65956,83.35513,302.5,0.39,0.44,"2026-09-09",2123,"N20","nominal","2.0NRT",282.34,0.89,"N"
"4970",25.38288,50.79534,311.89,0.59,0.7,"2026-09-09",2131,"N20","nominal","2.0NRT",297.18,3.36,"N"
"4971",54.65766,83.3088,310.26,0.39,0.44,"2026-09-09",2123,"N20","nominal","2.0NRT",286.55,1.65,"N"
"4972",25.38296,50.7955,314.56,0.59,0.7,"2026-09-09",2131,"N20","nominal","2.0NRT",297.38,3.25,"N"
"4973",54.65582,83.30848,310.63,0.39,0.44,"2026-09-09",2123,"N20","nominal","2.0NRT",285.14,1.48,"N"
"4974",25.17578,52.86871,367,0.44,0.62,"2026-09-09",2131,"N20","high","2.0NRT",304.75,24.22,"N"
"4975",57.42197,60.0811,319.7,0.34,0.56,"2026-09-09",2123,"N20","nominal","2.0NRT",281.8,1.83,"N"
"4976",25.17542,52.87307,337,0.44,0.62,"2026-09-09",2131,"N20","nominal","2.0NRT",307.8,24.84,"N"
"4977",57.09204,65.74632,308.36,0.42,0.45,"2026-09-09",2123,"N20","nominal","2.0NRT",283.04,0.69,"N"
"4978",25.17506,52.87743,323.23,0.43,0.62,"2026-09-09",2131,"N20","nominal","2.0NRT",301.26,24.84,"N"
"4979",53.68656,85.00874,298.51,0.47,0.48,"2026-09-09",2123,"N20","nominal","2.0NRT",284.62,1.67,"N"
"4980",25.17613,52.86434,314.37,0.44,0.62,"2026-09-09",2131,"N20","nominal","2.0NRT",301.62,24.22,"N"
"4981",53.68024,84.99606,297.84,0.47,0.48,"2026-09-09",2123,"N20","nominal","2.0NRT",283.87,2.53,"N"
"4982",25.16465,52.86312,367,0.44,0.62,"2026-09-09",2131,"N20","high","2.0NRT",302.39,23.5,"N"
"4983",56.87081,62.0499,325.48,0.57,0.52,"2026-09-09",2123,"N20","nominal","2.0NRT",282.15,3.43,"N"
"4984",25.16429,52.86755,340.75,0.44,0.62,"2026-09-09",2131,"N20","nominal","2.0NRT",310.21,23.5,"N"
"4985",56.95439,59.77021,300.27,0.35,0.56,"2026-09-09",2123,"N20","nominal","2.0NRT",279.28,0.66,"N"
"4986",25.16393,52.87196,342.78,0.44,0.62,"2026-09-09",2131,"N20","nominal","2.0NRT",302.79,9.39,"N"
"4987",56.86602,62.04909,298.27,0.57,0.52,"2026-09-09",2123,"N20","nominal","2.0NRT",278.76,0.87,"N"
"4988",25.16357,52.8763,319.91,0.43,0.62,"2026-09-09",2131,"N20","nominal","2.0NRT",302.85,9.39,"N"
"4989",55.08858,73.28041,326.84,0.39,0.36,"2026-09-09",2123,"N20","nominal","2.0NRT",283.66,1.73,"N"
"4990",24.90758,53.72628,367,0.38,0.59,"2026-09-09",2131,"N20","high","2.0NRT",302.55,9.58,"N"
"4991",55.06065,73.21053,300.7,0.39,0.36,"2026-09-09",2123,"N20","nominal","2.0NRT",287.03,0.82,"N"
"4992",24.90724,53.73009,332.83,0.38,0.59,"2026-09-09",2131,"N20","nominal","2.0NRT",301.65,9.58,"N"
"4993",54.94097,73.48625,303.26,0.39,0.36,"2026-09-09",2123,"N20","nominal","2.0NRT",288.21,1.33,"N"
"4994",25.17983,49.3133,308.89,0.73,0.76,"2026-09-09",2131,"N20","nominal","2.0NRT",295.92,3.8,"N"
"4995",53.51291,80.09951,296.6,0.49,0.4,"2026-09-09",2123,"N20","nominal","2.0NRT",282.17,0.55,"N"
"4996",24.84764,53.65763,354.94,0.38,0.59,"2026-09-09",2131,"N20","nominal","2.0NRT",303.5,8.94,"N"
"4997",53.51141,80.10648,299.7,0.49,0.4,"2026-09-09",2123,"N20","nominal","2.0NRT",283.61,0.55,"N"
"4998",24.84731,53.66148,324.57,0.38,0.59,"2026-09-09",2131,"N20","nominal","2.0NRT",301.36,8.94,"N"
"4999",55.97642,57.95626,295.5,0.4,0.6,"2026-09-09",2123,"N20","nominal","2.0NRT",275.77,0.51,"N"
"5000",24.84797,53.65379,314.57,0.39,0.59,"2026-09-09",2131,"N20","nominal","2.0NRT",300.67,9.03,"N"
"5001",54.78985,67.36552,311.93,0.52,0.41,"2026-09-09",2123,"N20","nominal","2.0NRT",278.59,1.27,"N"
"5002",24.85166,53.65839,367,0.38,0.59,"2026-09-09",2131,"N20","high","2.0NRT",302.47,3.77,"N"
"5003",54.78606,67.3644,324.32,0.52,0.41,"2026-09-09",2123,"N20","nominal","2.0NRT",281.12,3.26,"N"
"5004",24.8513,53.66223,314.45,0.38,0.59,"2026-09-09",2131,"N20","nominal","2.0NRT",301.06,3.77,"N"
"5005",52.25798,77.04126,316.2,0.43,0.38,"2026-09-09",2125,"N20","nominal","2.0NRT",293.15,1.91,"N"
"5006",24.84621,53.65778,367,0.38,0.59,"2026-09-09",2131,"N20","high","2.0NRT",301.29,4.13,"N"
"5007",52.25682,77.04725,308.01,0.43,0.38,"2026-09-09",2125,"N20","nominal","2.0NRT",295.11,1.91,"N"
"5008",24.84585,53.66162,315.81,0.38,0.59,"2026-09-09",2131,"N20","nominal","2.0NRT",301.1,4.13,"N"
"5009",52.25853,77.04708,320.44,0.43,0.38,"2026-09-09",2125,"N20","nominal","2.0NRT",297.44,2.14,"N"
"5010",25.17476,49.31247,309.34,0.73,0.76,"2026-09-09",2131,"N20","nominal","2.0NRT",295.69,3.17,"N"
"5011",52.25968,77.04108,299.64,0.43,0.38,"2026-09-09",2125,"N20","nominal","2.0NRT",289.01,1.29,"N"
"5012",24.88189,53.07153,315.45,0.42,0.61,"2026-09-09",2131,"N20","nominal","2.0NRT",300.27,0.27,"N"
"5013",52.25403,77.05138,307.44,0.43,0.38,"2026-09-09",2125,"N20","nominal","2.0NRT",292.84,2.14,"N"
"5014",24.83841,53.50002,367,0.39,0.6,"2026-09-09",2131,"N20","high","2.0NRT",302.35,9.23,"N"
"5015",52.08498,76.85287,328.19,0.42,0.38,"2026-09-09",2125,"N20","nominal","2.0NRT",289.78,2.75,"N"
"5016",24.83806,53.50394,335.5,0.39,0.6,"2026-09-09",2131,"N20","nominal","2.0NRT",302.01,9.23,"N"
"5017",52.07368,76.87331,299.48,0.42,0.38,"2026-09-09",2125,"N20","nominal","2.0NRT",288.66,1.3,"N"
"5018",24.8012,53.72982,367,0.38,0.59,"2026-09-09",2131,"N20","high","2.0NRT",302.89,9.54,"N"
"5019",52.07266,76.8597,307.33,0.42,0.38,"2026-09-09",2125,"N20","nominal","2.0NRT",287.24,0.95,"N"
"5020",24.80085,53.73361,332.72,0.38,0.59,"2026-09-09",2131,"N20","nominal","2.0NRT",302.13,9.54,"N"
"5021",52.06504,76.8689,301.8,0.42,0.38,"2026-09-09",2125,"N20","nominal","2.0NRT",288.59,2.07,"N"
"5022",24.50848,56.60721,322.58,0.5,0.49,"2026-09-09",2131,"N20","nominal","2.0NRT",301.95,2,"N"
"5023",52.05941,76.87914,297.2,0.42,0.38,"2026-09-09",2125,"N20","nominal","2.0NRT",284.29,0.65,"N"
"5024",24.50453,56.60169,312.86,0.5,0.49,"2026-09-09",2131,"N20","nominal","2.0NRT",302.78,2,"N"
"5025",50.35215,83.49726,300.78,0.52,0.5,"2026-09-09",2125,"N20","nominal","2.0NRT",283.38,0.86,"N"
"5026",24.50399,56.60661,317.95,0.5,0.49,"2026-09-09",2131,"N20","nominal","2.0NRT",301.74,2,"N"
"5027",51.7541,75.40481,300.05,0.4,0.37,"2026-09-09",2125,"N20","nominal","2.0NRT",289.67,1.01,"N"
"5028",24.95675,51.54549,314.16,0.52,0.67,"2026-09-09",2131,"N20","nominal","2.0NRT",298.98,1.67,"N"
"5029",51.74959,75.39048,301.8,0.4,0.37,"2026-09-09",2125,"N20","nominal","2.0NRT",290,0.76,"N"
"5030",24.93081,51.55879,353.54,0.52,0.67,"2026-09-09",2131,"N20","nominal","2.0NRT",300.64,6.8,"N"
"5031",49.99176,82.60281,297.3,0.49,0.48,"2026-09-09",2125,"N20","nominal","2.0NRT",283.18,0.95,"N"
"5032",24.93043,51.56407,311.91,0.52,0.67,"2026-09-09",2131,"N20","nominal","2.0NRT",300.85,4.15,"N"
"5033",51.46473,75.67182,298.23,0.41,0.37,"2026-09-09",2125,"N20","nominal","2.0NRT",284.6,0.28,"N"
"5034",24.45522,56.55041,312.41,0.5,0.49,"2026-09-09",2131,"N20","nominal","2.0NRT",301.69,1.58,"N"
"5035",49.64238,83.57432,298.9,0.55,0.51,"2026-09-09",2125,"N20","nominal","2.0NRT",285.29,1.54,"N"
"5036",24.45811,56.55045,312.32,0.5,0.49,"2026-09-09",2131,"N20","nominal","2.0NRT",301.74,1.54,"N"
"5037",50.39846,80.18201,319.23,0.38,0.43,"2026-09-09",2125,"N20","nominal","2.0NRT",289.26,3.91,"N"
"5038",24.93176,51.56083,346.28,0.52,0.67,"2026-09-09",2131,"N20","nominal","2.0NRT",301.76,6.9,"N"
"5039",51.26226,75.71616,303.15,0.41,0.37,"2026-09-09",2125,"N20","nominal","2.0NRT",286.38,0.67,"N"
"5040",22.33153,69.74809,305.56,0.45,0.47,"2026-09-09",2131,"N20","nominal","2.0NRT",294.37,1.91,"N"
"5041",51.2612,75.72186,310.23,0.41,0.37,"2026-09-09",2125,"N20","nominal","2.0NRT",289.38,1.52,"N"
"5042",22.41794,69.03831,307.91,0.41,0.45,"2026-09-09",2131,"N20","nominal","2.0NRT",293.17,2.54,"N"
"5043",51.25895,75.71461,307.22,0.41,0.37,"2026-09-09",2125,"N20","nominal","2.0NRT",288.27,1.24,"N"
"5044",21.86034,71.68641,309.26,0.61,0.54,"2026-09-09",2131,"N20","nominal","2.0NRT",291.18,1.48,"N"
"5045",51.26184,75.66021,300.03,0.41,0.37,"2026-09-09",2125,"N20","nominal","2.0NRT",288.87,1.07,"N"
"5046",24.87983,49.22715,307.45,0.73,0.76,"2026-09-09",2131,"N20","nominal","2.0NRT",293.82,1.57,"N"
"5047",51.25944,75.63436,313.48,0.41,0.37,"2026-09-09",2125,"N20","nominal","2.0NRT",287.96,1.15,"N"
"5048",24.89064,49.20736,305.33,0.73,0.76,"2026-09-09",2131,"N20","nominal","2.0NRT",294.65,1.64,"N"
"5049",51.2584,75.64005,308.95,0.41,0.37,"2026-09-09",2125,"N20","nominal","2.0NRT",291.63,1.15,"N"
"5050",24.87513,49.22825,311.85,0.73,0.76,"2026-09-09",2131,"N20","nominal","2.0NRT",294.37,1.06,"N"
"5051",51.25615,75.63281,299.58,0.41,0.37,"2026-09-09",2125,"N20","nominal","2.0NRT",287.56,1.15,"N"
"5052",24.79726,49.3453,307.38,0.72,0.76,"2026-09-09",2131,"N20","nominal","2.0NRT",294.97,1.65,"N"
"5053",50.03249,78.73684,322.5,0.52,0.41,"2026-09-09",2125,"N20","nominal","2.0NRT",285.64,2.14,"N"
"5054",24.32326,54.46815,319.96,0.34,0.56,"2026-09-09",2131,"N20","nominal","2.0NRT",306.21,1.81,"N"
"5055",50.02003,78.73811,300.93,0.52,0.41,"2026-09-09",2125,"N20","nominal","2.0NRT",288.79,1.6,"N"
"5056",23.91318,57.13814,310.38,0.45,0.47,"2026-09-09",2131,"N20","nominal","2.0NRT",298.68,0.81,"N"
"5057",50.0164,78.73615,305.36,0.52,0.41,"2026-09-09",2125,"N20","nominal","2.0NRT",290.66,2.65,"N"
"5058",24.54002,49.22306,304.76,0.73,0.76,"2026-09-09",2131,"N20","nominal","2.0NRT",294.55,1.98,"N"
"5059",50.00915,78.73222,302.77,0.52,0.41,"2026-09-09",2125,"N20","nominal","2.0NRT",289.59,1.39,"N"
"5060",24.53517,49.21841,306.29,0.73,0.76,"2026-09-09",2131,"N20","nominal","2.0NRT",294.34,1.09,"N"
"5061",48.27356,83.46986,337.38,0.59,0.53,"2026-09-09",2125,"N20","nominal","2.0NRT",284.04,10.01,"N"
"5062",21.10844,72.64442,346.9,0.37,0.58,"2026-09-09",2131,"N20","nominal","2.0NRT",292.37,4.87,"N"
"5063",48.26904,83.46707,331.91,0.59,0.53,"2026-09-09",2125,"N20","nominal","2.0NRT",284.23,6.47,"N"
"5064",21.11067,72.63412,307.26,0.36,0.58,"2026-09-09",2131,"N20","nominal","2.0NRT",292.4,3.42,"N"
"5065",51.90599,59.70269,295.7,0.32,0.55,"2026-09-09",2125,"N20","nominal","2.0NRT",263.33,0.98,"N"
"5066",21.10993,72.63754,307.33,0.36,0.58,"2026-09-09",2131,"N20","nominal","2.0NRT",292.33,4.92,"N"
"5067",51.9058,59.70744,309.19,0.32,0.55,"2026-09-09",2125,"N20","nominal","2.0NRT",267.7,0.98,"N"
"5068",21.10769,72.64785,315.59,0.37,0.58,"2026-09-09",2131,"N20","nominal","2.0NRT",293.12,4.87,"N"
"5069",51.9056,59.7122,300.97,0.32,0.55,"2026-09-09",2125,"N20","nominal","2.0NRT",270.27,0.89,"N"
"5070",21.10473,72.63625,335.79,0.36,0.58,"2026-09-09",2131,"N20","nominal","2.0NRT",292.5,5.36,"N"
"5071",51.9015,59.68794,308.53,0.32,0.55,"2026-09-09",2125,"N20","nominal","2.0NRT",271.58,1.39,"N"
"5072",24.14122,52.68392,310.78,0.44,0.62,"2026-09-09",2131,"N20","nominal","2.0NRT",300.61,1.84,"N"
"5073",51.90131,59.6927,306.83,0.32,0.55,"2026-09-09",2125,"N20","nominal","2.0NRT",271.57,1.03,"N"
"5074",24.134,52.70067,318,0.43,0.62,"2026-09-09",2131,"N20","nominal","2.0NRT",299.07,3.58,"N"
"5075",51.90111,59.69745,305.25,0.32,0.55,"2026-09-09",2125,"N20","nominal","2.0NRT",270.46,1.03,"N"
"5076",24.12423,52.7476,352.45,0.43,0.62,"2026-09-09",2131,"N20","nominal","2.0NRT",305.48,17.02,"N"
"5077",51.89719,59.66828,311.63,0.32,0.55,"2026-09-09",2125,"N20","nominal","2.0NRT",265.5,1.4,"N"
"5078",24.12387,52.75185,325.4,0.43,0.62,"2026-09-09",2131,"N20","nominal","2.0NRT",301.12,17.02,"N"
"5079",51.897,59.67309,312.65,0.32,0.55,"2026-09-09",2125,"N20","nominal","2.0NRT",267.54,1.24,"N"
"5080",24.12459,52.74333,317.09,0.43,0.62,"2026-09-09",2131,"N20","nominal","2.0NRT",300.59,16.83,"N"
"5081",51.89681,59.67788,309.68,0.32,0.55,"2026-09-09",2125,"N20","nominal","2.0NRT",267.93,1.24,"N"
"5082",23.55564,58.19856,312.84,0.39,0.44,"2026-09-09",2131,"N20","nominal","2.0NRT",300.93,0.81,"N"
"5083",51.89662,59.68267,309.26,0.32,0.55,"2026-09-09",2125,"N20","nominal","2.0NRT",269.37,1.27,"N"
"5084",23.85447,53.65139,308.29,0.38,0.58,"2026-09-09",2131,"N20","nominal","2.0NRT",297.48,0.75,"N"
"5085",20.90852,71.45917,306.78,0.62,0.54,"2026-09-09",2131,"N20","nominal","2.0NRT",291.93,1.48,"N"
"5086",23.55025,53.3223,313.25,0.39,0.59,"2026-09-09",2131,"N20","nominal","2.0NRT",297.59,1.15,"N"
"5087",23.19534,55.4539,322.3,0.57,0.52,"2026-09-09",2131,"N20","nominal","2.0NRT",298.59,3.01,"N"
"5088",23.19477,55.45945,309.95,0.57,0.52,"2026-09-09",2131,"N20","nominal","2.0NRT",299.6,3.01,"N"
"5089",23.31704,54.17125,312.44,0.34,0.56,"2026-09-09",2131,"N20","nominal","2.0NRT",300.13,1.97,"N"
"5090",23.31672,54.17464,311.07,0.34,0.56,"2026-09-09",2131,"N20","nominal","2.0NRT",300.75,2.09,"N"
"5091",23.31153,54.17403,367,0.34,0.56,"2026-09-09",2131,"N20","high","2.0NRT",300.03,6.91,"N"
"5092",23.31121,54.17743,334.08,0.34,0.56,"2026-09-09",2131,"N20","nominal","2.0NRT",300.87,6.91,"N"
"5093",23.19429,55.45756,327.44,0.56,0.52,"2026-09-09",2131,"N20","nominal","2.0NRT",299.88,2.75,"N"
"5094",23.18953,55.45695,311.76,0.56,0.52,"2026-09-09",2131,"N20","nominal","2.0NRT",299.41,2.75,"N"
"5095",23.31528,54.17373,367,0.34,0.56,"2026-09-09",2131,"N20","high","2.0NRT",301.33,8.43,"N"
"5096",23.31494,54.17712,352.49,0.34,0.56,"2026-09-09",2131,"N20","nominal","2.0NRT",301.41,8.43,"N"
"5097",23.30976,54.17652,322.18,0.34,0.56,"2026-09-09",2131,"N20","nominal","2.0NRT",299.1,0.99,"N"
"5098",23.3101,54.17314,309.76,0.34,0.56,"2026-09-09",2131,"N20","nominal","2.0NRT",298.12,0.99,"N"
"5099",23.27853,54.22696,309.8,0.34,0.56,"2026-09-09",2131,"N20","nominal","2.0NRT",298.6,0.69,"N"
"5100",22.65744,59.41523,312.21,0.49,0.4,"2026-09-09",2131,"N20","nominal","2.0NRT",301.78,1.35,"N"
"5101",23.13495,53.57907,308.54,0.37,0.58,"2026-09-09",2131,"N20","nominal","2.0NRT",298.22,0.54,"N"
"5102",22.88139,55.92257,330.74,0.52,0.5,"2026-09-09",2131,"N20","nominal","2.0NRT",297.55,4.31,"N"
"5103",22.87265,55.61308,325.32,0.55,0.51,"2026-09-09",2131,"N20","nominal","2.0NRT",297.23,3.2,"N"
"5104",22.78192,55.81365,310.69,0.53,0.5,"2026-09-09",2131,"N20","nominal","2.0NRT",297.29,1.85,"N"
"5105",22.67408,56.24694,311.52,0.5,0.49,"2026-09-09",2131,"N20","nominal","2.0NRT",297.71,0.88,"N"
"5106",22.67154,56.24903,309.29,0.5,0.49,"2026-09-09",2131,"N20","nominal","2.0NRT",297,1.15,"N"
"5107",22.40659,56.98983,331.55,0.44,0.46,"2026-09-09",2131,"N20","nominal","2.0NRT",297.41,2,"N"
"5108",22.33057,56.48737,339.08,0.47,0.48,"2026-09-09",2131,"N20","nominal","2.0NRT",296.18,7.55,"N"
"5109",22.29475,56.52747,309.29,0.47,0.48,"2026-09-09",2131,"N20","nominal","2.0NRT",297.37,0.75,"N"
"5110",22.54426,53.91614,367,0.35,0.57,"2026-09-09",2131,"N20","high","2.0NRT",304.47,19.13,"N"
"5111",22.54393,53.91941,327.08,0.35,0.57,"2026-09-09",2131,"N20","nominal","2.0NRT",306.67,16.18,"N"
"5112",22.54458,53.91284,317.39,0.35,0.57,"2026-09-09",2131,"N20","nominal","2.0NRT",299.49,19.13,"N"
"5113",22.5436,53.92271,311.56,0.35,0.57,"2026-09-09",2131,"N20","nominal","2.0NRT",298.96,16.18,"N"
"5114",22.53907,53.91518,317.74,0.35,0.57,"2026-09-09",2131,"N20","nominal","2.0NRT",299.33,2.38,"N"
"5115",22.53874,53.91846,312.34,0.35,0.57,"2026-09-09",2131,"N20","nominal","2.0NRT",299.39,2.18,"N"
"5116",22.53675,53.93862,312.1,0.35,0.57,"2026-09-09",2131,"N20","nominal","2.0NRT",301.32,2.02,"N"
"5117",22.52571,54.04995,311.61,0.34,0.56,"2026-09-09",2131,"N20","nominal","2.0NRT",298.73,1.15,"N"
"5118",21.9373,57.07299,341.53,0.43,0.46,"2026-09-09",2131,"N20","nominal","2.0NRT",297.38,5.7,"N"
"5119",21.89098,56.847,338.68,0.45,0.47,"2026-09-09",2131,"N20","nominal","2.0NRT",297.68,4.64,"N"
"5120",21.83442,56.6779,314.83,0.46,0.47,"2026-09-09",2131,"N20","nominal","2.0NRT",296.36,1.28,"N"
"5121",21.83389,56.68231,312.61,0.45,0.47,"2026-09-09",2131,"N20","nominal","2.0NRT",296.89,1.33,"N"
"5122",18.55977,74.38993,296.02,0.53,0.67,"2026-09-09",2131,"N20","nominal","2.0NRT",279.21,0.42,"N"
"5123",21.66476,56.41216,326.47,0.47,0.48,"2026-09-09",2131,"N20","nominal","2.0NRT",297.83,3.36,"N"
"5124",18.85809,72.92795,314.02,0.42,0.61,"2026-09-09",2131,"N20","nominal","2.0NRT",270.03,1.22,"N"
"5125",21.46015,56.96593,313.73,0.43,0.46,"2026-09-09",2131,"N20","nominal","2.0NRT",296.66,0.89,"N"
"5126",21.45593,56.96532,314.09,0.43,0.46,"2026-09-09",2131,"N20","nominal","2.0NRT",296.63,1.22,"N"
"5127",21.33387,57.72358,322.79,0.39,0.44,"2026-09-09",2131,"N20","nominal","2.0NRT",297.06,1.68,"N"
"5128",21.32183,57.72179,317.1,0.39,0.44,"2026-09-09",2131,"N20","nominal","2.0NRT",296.87,1.69,"N"
"5129",21.31505,57.74366,326.88,0.39,0.44,"2026-09-09",2131,"N20","nominal","2.0NRT",297.06,2.32,"N"
"5130",21.30419,57.79879,323.13,0.38,0.44,"2026-09-09",2131,"N20","nominal","2.0NRT",297.38,1.11,"N"
"5131",21.31104,57.74307,312.78,0.39,0.44,"2026-09-09",2131,"N20","nominal","2.0NRT",296.58,1.6,"N"
"5132",21.31058,57.7468,319.9,0.39,0.44,"2026-09-09",2131,"N20","nominal","2.0NRT",297.29,1.68,"N"
"5133",21.30233,57.79922,308.3,0.38,0.43,"2026-09-09",2131,"N20","nominal","2.0NRT",296.88,0.41,"N"
"5134",21.30636,57.70501,322.17,0.39,0.44,"2026-09-09",2131,"N20","nominal","2.0NRT",296.78,1.15,"N"
"5135",21.29719,57.68077,316.8,0.39,0.44,"2026-09-09",2131,"N20","nominal","2.0NRT",296.31,1.06,"N"
"5136",20.38916,55.65942,317.99,0.51,0.49,"2026-09-09",2131,"N20","nominal","2.0NRT",297.03,2.03,"N"
"5137",20.38629,55.64415,310.95,0.51,0.49,"2026-09-09",2131,"N20","nominal","2.0NRT",297.18,2.44,"N"
"5138",20.38733,55.6628,324.33,0.51,0.49,"2026-09-09",2131,"N20","nominal","2.0NRT",297.01,2.81,"N"
"5139",20.38456,55.64754,321.65,0.51,0.49,"2026-09-09",2131,"N20","nominal","2.0NRT",297,2.16,"N"
"5140",20.21483,55.71103,314.99,0.5,0.49,"2026-09-09",2131,"N20","nominal","2.0NRT",296.82,1.22,"N"
"5141",19.27031,56.173,318.8,0.45,0.47,"2026-09-09",2133,"N20","nominal","2.0NRT",296.14,1.09,"N"
"5142",18.3249,55.10578,338.74,0.52,0.5,"2026-09-09",2133,"N20","nominal","2.0NRT",297.19,6.06,"N"
"5143",18.17798,55.24695,307.27,0.5,0.49,"2026-09-09",2133,"N20","nominal","2.0NRT",296.9,0.72,"N"
"5144",18.01671,54.56941,338.19,0.55,0.51,"2026-09-09",2133,"N20","nominal","2.0NRT",297.18,10.41,"N"
"5145",18.01608,54.57465,311.76,0.55,0.51,"2026-09-09",2133,"N20","nominal","2.0NRT",297.81,10.41,"N"
"5146",12.98642,74.85329,326.26,0.74,0.76,"2026-09-09",2133,"N20","nominal","2.0NRT",287.46,4.91,"N"
"5147",12.98743,74.85194,323.57,0.74,0.76,"2026-09-09",2133,"N20","nominal","2.0NRT",287.71,5.75,"N"
"5148",31.08499,48.49326,328.02,0.53,0.5,"2026-09-09",2309,"N20","nominal","2.0NRT",294.9,4.09,"N"
"5149",49.7812,37.71847,295.27,0.44,0.46,"2026-09-09",2305,"N20","nominal","2.0NRT",279.13,0.52,"N"
"5150",49.64238,38.12376,297.07,0.42,0.45,"2026-09-09",2305,"N20","nominal","2.0NRT",278.02,0.81,"N"
"5151",49.56136,37.469,295.1,0.45,0.47,"2026-09-09",2305,"N20","nominal","2.0NRT",280.06,0.88,"N"
"5152",49.49921,38.25868,301.44,0.41,0.45,"2026-09-09",2305,"N20","nominal","2.0NRT",278.17,0.72,"N"
"5153",49.55753,37.46197,297.58,0.45,0.47,"2026-09-09",2305,"N20","nominal","2.0NRT",281.09,0.88,"N"
"5154",49.55707,37.4681,305.53,0.45,0.47,"2026-09-09",2305,"N20","nominal","2.0NRT",281.34,0.88,"N"
"5155",49.49782,38.25785,304.1,0.41,0.45,"2026-09-09",2305,"N20","nominal","2.0NRT",277.52,0.8,"N"
"5156",49.55952,37.46865,313.95,0.45,0.47,"2026-09-09",2305,"N20","nominal","2.0NRT",281.22,1.31,"N"
"5157",49.55573,37.46164,295.8,0.45,0.47,"2026-09-09",2305,"N20","nominal","2.0NRT",279.89,1.13,"N"
"5158",49.55524,37.46775,299.07,0.45,0.47,"2026-09-09",2305,"N20","nominal","2.0NRT",280.99,1.31,"N"
"5159",49.48759,36.53824,298.01,0.49,0.49,"2026-09-09",2305,"N20","nominal","2.0NRT",280.22,0.84,"N"
"5160",49.36239,38.04845,303.43,0.42,0.45,"2026-09-09",2305,"N20","nominal","2.0NRT",280.22,1.02,"N"
"5161",48.50368,44.62933,299.79,0.39,0.36,"2026-09-09",2305,"N20","nominal","2.0NRT",273.67,0.47,"N"
"5162",48.47277,44.65207,295.82,0.39,0.36,"2026-09-09",2305,"N20","nominal","2.0NRT",281.6,0.36,"N"
"5163",48.91778,37.85516,305.23,0.42,0.45,"2026-09-09",2305,"N20","nominal","2.0NRT",279.5,1.06,"N"
"5164",48.88121,37.83176,326.14,0.42,0.45,"2026-09-09",2305,"N20","nominal","2.0NRT",281.3,2.33,"N"
"5165",48.88496,37.73684,310.35,0.43,0.46,"2026-09-09",2305,"N20","nominal","2.0NRT",285.23,1.63,"N"
"5166",48.79538,37.78532,295.66,0.42,0.46,"2026-09-09",2305,"N20","nominal","2.0NRT",282.12,0.56,"N"
"5167",46.18052,53.40061,296.99,0.42,0.45,"2026-09-09",2305,"N20","nominal","2.0NRT",282.37,0.5,"N"
"5168",48.63049,37.56132,301.84,0.43,0.46,"2026-09-09",2305,"N20","nominal","2.0NRT",280.76,0.86,"N"
"5169",46.13787,53.37397,295.57,0.42,0.45,"2026-09-09",2305,"N20","nominal","2.0NRT",278.74,0.44,"N"
"5170",46.13388,53.37203,296.86,0.42,0.45,"2026-09-09",2305,"N20","nominal","2.0NRT",279.89,0.44,"N"
"5171",48.60324,37.52607,297.9,0.43,0.46,"2026-09-09",2305,"N20","nominal","2.0NRT",282.3,0.61,"N"
"5172",48.46552,38.75291,298.83,0.38,0.43,"2026-09-09",2305,"N20","nominal","2.0NRT",282.99,0.92,"N"
"5173",48.46503,38.7581,299.62,0.38,0.43,"2026-09-09",2305,"N20","nominal","2.0NRT",283.5,0.92,"N"
"5174",48.46152,38.7521,298.83,0.38,0.43,"2026-09-09",2305,"N20","nominal","2.0NRT",282.8,0.69,"N"
"5175",48.53633,37.72073,316.33,0.42,0.46,"2026-09-09",2305,"N20","nominal","2.0NRT",281.77,1.9,"N"
"5176",48.44625,38.23579,318.44,0.4,0.44,"2026-09-09",2305,"N20","nominal","2.0NRT",281.49,1.81,"N"
"5177",48.53573,37.07688,302.57,0.45,0.47,"2026-09-09",2305,"N20","nominal","2.0NRT",281.18,0.99,"N"
"5178",48.42801,38.25442,319.21,0.4,0.44,"2026-09-09",2305,"N20","nominal","2.0NRT",277.65,2.15,"N"
"5179",48.53454,37.07659,304.33,0.45,0.47,"2026-09-09",2305,"N20","nominal","2.0NRT",281.4,1.23,"N"
"5180",48.49917,37.50547,297.63,0.43,0.46,"2026-09-09",2305,"N20","nominal","2.0NRT",279.47,0.33,"N"
"5181",48.42481,38.25844,320.13,0.4,0.44,"2026-09-09",2305,"N20","nominal","2.0NRT",277.88,1.27,"N"
"5182",48.48178,37.07902,305.05,0.45,0.47,"2026-09-09",2305,"N20","nominal","2.0NRT",280.14,1.07,"N"
"5183",48.74622,26.60162,298.27,0.69,0.74,"2026-09-09",2305,"N20","nominal","2.0NRT",286.38,0.89,"N"
"5184",48.41899,37.02427,295.27,0.45,0.47,"2026-09-09",2305,"N20","nominal","2.0NRT",281.63,0.67,"N"
"5185",45.89678,53.29951,338.12,0.43,0.46,"2026-09-09",2305,"N20","nominal","2.0NRT",286.08,6.31,"N"
"5186",48.74691,26.59881,302.64,0.69,0.74,"2026-09-09",2305,"N20","nominal","2.0NRT",286.61,1.42,"N"
"5187",48.52142,34.62621,305.01,0.59,0.52,"2026-09-09",2305,"N20","nominal","2.0NRT",286.6,1.09,"N"
"5188",48.47235,34.62936,300.92,0.58,0.52,"2026-09-09",2305,"N20","nominal","2.0NRT",285.97,1.04,"N"
"5189",48.47429,34.63175,298.6,0.58,0.52,"2026-09-09",2305,"N20","nominal","2.0NRT",286.66,1.09,"N"
"5190",48.17861,38.51892,299.99,0.39,0.44,"2026-09-09",2305,"N20","nominal","2.0NRT",277.85,0.42,"N"
"5191",46.77621,48.12936,330.43,0.41,0.37,"2026-09-09",2305,"N20","nominal","2.0NRT",284.87,1.78,"N"
"5192",46.77522,48.1347,329.73,0.41,0.37,"2026-09-09",2305,"N20","nominal","2.0NRT",284.47,3.75,"N"
"5193",46.77718,48.12411,308.29,0.41,0.37,"2026-09-09",2305,"N20","nominal","2.0NRT",282.33,1.78,"N"
"5194",46.77052,48.12153,298.6,0.41,0.37,"2026-09-09",2305,"N20","nominal","2.0NRT",285.26,1.28,"N"
"5195",46.76962,48.12494,298.09,0.41,0.37,"2026-09-09",2305,"N20","nominal","2.0NRT",285.08,1.29,"N"
"5196",48.10058,37.9227,297.93,0.41,0.45,"2026-09-09",2305,"N20","nominal","2.0NRT",284.03,1.02,"N"
"5197",48.06011,37.95384,304.93,0.41,0.45,"2026-09-09",2305,"N20","nominal","2.0NRT",283.96,1.29,"N"
"5198",48.15643,35.97873,295.09,0.5,0.49,"2026-09-09",2305,"N20","nominal","2.0NRT",279.49,0.62,"N"
"5199",48.11541,36.35926,298.39,0.48,0.48,"2026-09-09",2305,"N20","nominal","2.0NRT",283.49,0.83,"N"
"5200",48.00474,37.3921,301.16,0.43,0.46,"2026-09-09",2305,"N20","nominal","2.0NRT",277.99,0.85,"N"
"5201",47.95758,37.75676,299.55,0.42,0.45,"2026-09-09",2305,"N20","nominal","2.0NRT",283.15,0.8,"N"
"5202",47.8169,39.22017,299.85,0.54,0.42,"2026-09-09",2305,"N20","nominal","2.0NRT",280.17,1.1,"N"
"5203",47.83295,38.47372,302.22,0.39,0.44,"2026-09-09",2305,"N20","nominal","2.0NRT",284.11,1.22,"N"
"5204",47.86625,37.00497,296.48,0.45,0.47,"2026-09-09",2305,"N20","nominal","2.0NRT",280.65,0.58,"N"
"5205",47.77753,37.76068,304.41,0.42,0.45,"2026-09-09",2305,"N20","nominal","2.0NRT",278.87,0.94,"N"
"5206",47.79667,37.27637,307.98,0.44,0.46,"2026-09-09",2305,"N20","nominal","2.0NRT",279.92,1.35,"N"
"5207",47.79894,35.23461,314.87,0.54,0.51,"2026-09-09",2305,"N20","nominal","2.0NRT",283.13,2.89,"N"
"5208",47.79849,35.24197,306.35,0.54,0.51,"2026-09-09",2305,"N20","nominal","2.0NRT",283.13,2.21,"N"
"5209",47.80176,35.23621,324.9,0.54,0.51,"2026-09-09",2305,"N20","nominal","2.0NRT",283.97,4.71,"N"
"5210",47.87584,33.43801,299.04,0.33,0.55,"2026-09-09",2305,"N20","nominal","2.0NRT",286.73,0.84,"N"
"5211",47.74319,34.54191,296.64,0.58,0.52,"2026-09-09",2305,"N20","nominal","2.0NRT",283.98,0.73,"N"
"5212",47.51848,37.65211,303.84,0.42,0.45,"2026-09-09",2305,"N20","nominal","2.0NRT",280.41,1.21,"N"
"5213",47.51735,37.65037,307.3,0.42,0.45,"2026-09-09",2305,"N20","nominal","2.0NRT",280.48,1.66,"N"
"5214",47.73984,34.54217,295.44,0.58,0.52,"2026-09-09",2305,"N20","nominal","2.0NRT",284.51,0.69,"N"
"5215",47.49249,37.74069,298.37,0.41,0.45,"2026-09-09",2305,"N20","nominal","2.0NRT",280.02,0.84,"N"
"5216",47.48471,37.73353,302.66,0.41,0.45,"2026-09-09",2305,"N20","nominal","2.0NRT",281.87,0.93,"N"
"5217",47.35151,37.29705,298.58,0.43,0.46,"2026-09-09",2305,"N20","nominal","2.0NRT",281.1,0.8,"N"
"5218",47.22319,37.25405,298.89,0.43,0.46,"2026-09-09",2305,"N20","nominal","2.0NRT",279.32,0.72,"N"
"5219",47.22271,37.25979,298.27,0.43,0.46,"2026-09-09",2305,"N20","nominal","2.0NRT",279.77,0.72,"N"
"5220",43.11195,58.68937,295.4,0.45,0.63,"2026-09-09",2305,"N20","nominal","2.0NRT",281.79,1.27,"N"
"5221",43.1098,58.69129,296.42,0.45,0.63,"2026-09-09",2305,"N20","nominal","2.0NRT",281.69,1.92,"N"
"5222",47.24743,35.52191,296.37,0.52,0.5,"2026-09-09",2305,"N20","nominal","2.0NRT",283.42,0.72,"N"
"5223",47.23006,35.22871,297.01,0.53,0.5,"2026-09-09",2305,"N20","nominal","2.0NRT",281.97,0.65,"N"
"5224",47.22005,31.01333,295.98,0.42,0.61,"2026-09-09",2305,"N20","nominal","2.0NRT",281.79,0.29,"N"
"5225",46.92961,35.38528,295.95,0.52,0.5,"2026-09-09",2305,"N20","nominal","2.0NRT",284.93,0.68,"N"
"5226",46.92913,35.39218,295.25,0.52,0.5,"2026-09-09",2305,"N20","nominal","2.0NRT",284.53,0.68,"N"
"5227",46.925,35.38455,301.9,0.52,0.5,"2026-09-09",2305,"N20","nominal","2.0NRT",284.73,1.24,"N"
"5228",46.88081,35.20872,296.14,0.53,0.5,"2026-09-09",2305,"N20","nominal","2.0NRT",283.24,0.56,"N"
"5229",46.78835,34.84823,295.45,0.55,0.51,"2026-09-09",2305,"N20","nominal","2.0NRT",282.77,0.77,"N"
"5230",46.78734,34.84932,297.08,0.55,0.51,"2026-09-09",2305,"N20","nominal","2.0NRT",283.29,1.29,"N"
"5231",44.91548,48.95925,334.88,0.45,0.39,"2026-09-09",2305,"N20","nominal","2.0NRT",292.9,3.48,"N"
"5232",46.80298,33.52131,306.71,0.32,0.54,"2026-09-09",2305,"N20","nominal","2.0NRT",283.62,0.41,"N"
"5233",44.91444,45.28753,307.5,0.39,0.36,"2026-09-09",2307,"N20","nominal","2.0NRT",281.66,0.96,"N"
"5234",44.67268,44.72599,295.22,0.38,0.36,"2026-09-09",2307,"N20","nominal","2.0NRT",281.51,0.42,"N"
"5235",45.46241,36.63905,310.38,0.44,0.46,"2026-09-09",2307,"N20","nominal","2.0NRT",291.41,1.18,"N"
"5236",44.68618,41.92935,296.61,0.41,0.37,"2026-09-09",2307,"N20","nominal","2.0NRT",283.04,0.47,"N"
"5237",45.37465,30.92397,305.88,0.42,0.61,"2026-09-09",2307,"N20","nominal","2.0NRT",289.94,0.69,"N"
"5238",45.37445,30.92937,301.64,0.42,0.61,"2026-09-09",2307,"N20","nominal","2.0NRT",290.05,0.69,"N"
"5239",44.88407,38.11654,300.78,0.56,0.43,"2026-09-09",2307,"N20","nominal","2.0NRT",284.1,1.71,"N"
"5240",45.25763,31.67017,367,0.38,0.59,"2026-09-09",2307,"N20","high","2.0NRT",292.09,7.09,"N"
"5241",44.84648,37.66695,298.49,0.39,0.44,"2026-09-09",2307,"N20","nominal","2.0NRT",285.74,0.35,"N"
"5242",44.84061,37.67936,299.71,0.39,0.44,"2026-09-09",2307,"N20","nominal","2.0NRT",286.05,0.97,"N"
"5243",45.2568,31.66913,347.62,0.38,0.59,"2026-09-09",2307,"N20","nominal","2.0NRT",290.19,4.61,"N"
"5244",45.25659,31.67405,317.25,0.38,0.59,"2026-09-09",2307,"N20","nominal","2.0NRT",290.58,3.63,"N"
"5245",44.73428,37.81008,305.83,0.57,0.43,"2026-09-09",2307,"N20","nominal","2.0NRT",288.59,1.59,"N"
"5246",44.73729,37.80453,303.88,0.57,0.43,"2026-09-09",2307,"N20","nominal","2.0NRT",287.52,0.79,"N"
"5247",44.12517,42.00984,326.43,0.41,0.37,"2026-09-09",2307,"N20","nominal","2.0NRT",285.92,3.86,"N"
"5248",43.43486,45.45227,323.22,0.39,0.36,"2026-09-09",2307,"N20","nominal","2.0NRT",284.66,2.31,"N"
"5249",44.77289,33.86134,296.89,0.59,0.53,"2026-09-09",2307,"N20","nominal","2.0NRT",284.25,0.59,"N"
"5250",43.43077,45.45599,310.95,0.39,0.36,"2026-09-09",2307,"N20","nominal","2.0NRT",280.81,1.14,"N"
"5251",43.29518,45.62643,312.01,0.39,0.36,"2026-09-09",2307,"N20","nominal","2.0NRT",282.4,1.21,"N"
"5252",43.07667,45.75849,327.69,0.4,0.37,"2026-09-09",2307,"N20","nominal","2.0NRT",288.89,3.3,"N"
"5253",41.5196,52.6225,299.23,0.51,0.49,"2026-09-09",2307,"N20","nominal","2.0NRT",286.12,0.51,"N"
"5254",42.15409,42.94866,309.26,0.39,0.36,"2026-09-09",2307,"N20","nominal","2.0NRT",284.69,1.19,"N"
"5255",41.91786,44.41606,297.37,0.39,0.36,"2026-09-09",2307,"N20","nominal","2.0NRT",283.55,0.7,"N"
"5256",42.12436,43.01007,302.01,0.39,0.36,"2026-09-09",2307,"N20","nominal","2.0NRT",284.47,0.61,"N"
"5257",42.12365,43.01468,295.75,0.39,0.36,"2026-09-09",2307,"N20","nominal","2.0NRT",285.32,0.8,"N"
"5258",40.07479,52.81427,305.43,0.56,0.52,"2026-09-09",2307,"N20","nominal","2.0NRT",286.83,1.31,"N"
"5259",40.07024,52.81236,299.49,0.56,0.52,"2026-09-09",2307,"N20","nominal","2.0NRT",286.73,1.31,"N"
"5260",40.03198,52.94383,302.37,0.57,0.52,"2026-09-09",2307,"N20","nominal","2.0NRT",288.32,2.11,"N"
"5261",40.07339,52.81339,310.75,0.56,0.52,"2026-09-09",2307,"N20","nominal","2.0NRT",286.94,2.33,"N"
"5262",40.0313,52.9435,303.03,0.57,0.52,"2026-09-09",2307,"N20","nominal","2.0NRT",288.11,1.91,"N"
"5263",40.02054,52.94612,304.63,0.57,0.52,"2026-09-09",2307,"N20","nominal","2.0NRT",285.62,1.12,"N"
"5264",41.5162,45.04604,300.8,0.4,0.37,"2026-09-09",2307,"N20","nominal","2.0NRT",283.54,0.51,"N"
"5265",40.12624,51.22286,334.25,0.47,0.48,"2026-09-09",2307,"N20","nominal","2.0NRT",290.27,3.39,"N"
"5266",40.40781,49.91934,299.05,0.4,0.44,"2026-09-09",2307,"N20","nominal","2.0NRT",287.74,0.69,"N"
"5267",40.03022,51.35154,314.28,0.48,0.48,"2026-09-09",2307,"N20","nominal","2.0NRT",290.29,1.85,"N"
"5268",41.16815,45.25191,301.22,0.4,0.37,"2026-09-09",2307,"N20","nominal","2.0NRT",284.59,1.2,"N"
"5269",39.39707,53.18753,302.81,0.61,0.54,"2026-09-09",2307,"N20","nominal","2.0NRT",285.12,0.89,"N"
"5270",39.39927,53.18764,298.76,0.61,0.54,"2026-09-09",2307,"N20","nominal","2.0NRT",286.34,0.72,"N"
"5271",40.25302,49.44775,300.96,0.38,0.43,"2026-09-09",2307,"N20","nominal","2.0NRT",287.02,1.57,"N"
"5272",38.68216,54.31433,326.63,0.37,0.58,"2026-09-09",2307,"N20","nominal","2.0NRT",285.87,2.18,"N"
"5273",38.65105,54.28337,319.67,0.36,0.58,"2026-09-09",2307,"N20","nominal","2.0NRT",285.12,1.16,"N"
"5274",38.64599,54.28117,305.43,0.36,0.58,"2026-09-09",2307,"N20","nominal","2.0NRT",285.04,0.67,"N"
"5275",40.57559,43.00574,295.56,0.38,0.36,"2026-09-09",2307,"N20","nominal","2.0NRT",279.5,0.6,"N"
"5276",41.63959,32.30446,298.66,0.33,0.55,"2026-09-09",2307,"N20","nominal","2.0NRT",287.08,0.4,"N"
"5277",40.20499,44.41152,301.4,0.39,0.36,"2026-09-09",2307,"N20","nominal","2.0NRT",286.24,0.86,"N"
"5278",41.24465,36.46257,335,0.4,0.44,"2026-09-09",2307,"N20","nominal","2.0NRT",290.09,4.63,"N"
"5279",41.49171,31.86803,303.33,0.35,0.56,"2026-09-09",2307,"N20","nominal","2.0NRT",290.51,0.67,"N"
"5280",40.01801,43.81286,295.83,0.39,0.36,"2026-09-09",2307,"N20","nominal","2.0NRT",284.9,0.48,"N"
"5281",41.26705,31.4244,309.99,0.36,0.58,"2026-09-09",2307,"N20","nominal","2.0NRT",291.65,2.02,"N"
"5282",41.26683,31.42884,308.56,0.36,0.58,"2026-09-09",2307,"N20","nominal","2.0NRT",289.67,1.2,"N"
"5283",41.26919,31.42762,310.92,0.36,0.58,"2026-09-09",2307,"N20","nominal","2.0NRT",289.12,1.19,"N"
"5284",41.2641,31.42259,306.37,0.36,0.58,"2026-09-09",2307,"N20","nominal","2.0NRT",290.97,1.46,"N"
"5285",41.26385,31.42703,317.36,0.36,0.58,"2026-09-09",2307,"N20","nominal","2.0NRT",291.15,1.46,"N"
"5286",41.25826,31.43102,302.26,0.36,0.58,"2026-09-09",2307,"N20","nominal","2.0NRT",289.41,1.4,"N"
"5287",41.25389,31.41271,324.4,0.36,0.58,"2026-09-09",2307,"N20","nominal","2.0NRT",288.66,1.62,"N"
"5288",41.17569,32.63663,302.28,0.63,0.54,"2026-09-09",2307,"N20","nominal","2.0NRT",287.63,1.31,"N"
"5289",41.02354,28.55548,302.43,0.51,0.66,"2026-09-09",2307,"N20","nominal","2.0NRT",290.26,1.07,"N"
"5290",40.60349,34.40208,304.18,0.5,0.49,"2026-09-09",2307,"N20","nominal","2.0NRT",284.56,0.9,"N"
"5291",40.61147,34.18717,308,0.51,0.5,"2026-09-09",2307,"N20","nominal","2.0NRT",283.5,1.68,"N"
"5292",40.59254,34.42437,306.2,0.5,0.49,"2026-09-09",2307,"N20","nominal","2.0NRT",284.76,1.44,"N"
"5293",40.59208,34.43015,311.5,0.5,0.49,"2026-09-09",2307,"N20","nominal","2.0NRT",285.96,1.62,"N"
"5294",40.60738,34.18032,335.68,0.52,0.5,"2026-09-09",2307,"N20","nominal","2.0NRT",286.42,4.19,"N"
"5295",40.60837,34.16768,299.47,0.52,0.5,"2026-09-09",2307,"N20","nominal","2.0NRT",283.98,1.26,"N"
"5296",40.60787,34.17408,302.54,0.52,0.5,"2026-09-09",2307,"N20","nominal","2.0NRT",284.97,1.26,"N"
"5297",40.60691,34.18641,312.06,0.51,0.5,"2026-09-09",2307,"N20","nominal","2.0NRT",284.82,4.19,"N"
"5298",40.59686,34.07656,303.39,0.52,0.5,"2026-09-09",2307,"N20","nominal","2.0NRT",284.18,1.21,"N"
"5299",40.7561,29.75462,305.74,0.44,0.63,"2026-09-09",2307,"N20","nominal","2.0NRT",289.32,2.24,"N"
"5300",40.14756,35.01677,300.64,0.46,0.47,"2026-09-09",2307,"N20","nominal","2.0NRT",279.29,1.35,"N"
"5301",40.14706,35.02238,318.94,0.46,0.47,"2026-09-09",2307,"N20","nominal","2.0NRT",281.2,1.84,"N"
"5302",40.1427,35.02188,301.32,0.46,0.47,"2026-09-09",2307,"N20","nominal","2.0NRT",280,1.84,"N"
"5303",40.08526,35.0244,299.17,0.46,0.47,"2026-09-09",2307,"N20","nominal","2.0NRT",278.99,0.65,"N"
"5304",40.05058,35.00592,295.43,0.46,0.47,"2026-09-09",2307,"N20","nominal","2.0NRT",278.11,0.6,"N"
"5305",40.24315,29.92113,300.44,0.43,0.62,"2026-09-09",2307,"N20","nominal","2.0NRT",285.94,1.3,"N"
"5306",40.05239,32.65002,297.45,0.61,0.54,"2026-09-09",2307,"N20","nominal","2.0NRT",284.01,1.5,"N"
"5307",40.05116,32.64977,297.76,0.61,0.54,"2026-09-09",2307,"N20","nominal","2.0NRT",284.42,0.88,"N"
"5308",39.96153,33.14392,296.38,0.58,0.52,"2026-09-09",2307,"N20","nominal","2.0NRT",284.43,0.52,"N"
"5309",39.94365,33.19022,300.76,0.57,0.52,"2026-09-09",2307,"N20","nominal","2.0NRT",285.16,1.51,"N"
"5310",38.24902,46.04138,301.79,0.45,0.39,"2026-09-09",2307,"N20","nominal","2.0NRT",287.23,0.49,"N"
"5311",39.228,39.97211,318.95,0.42,0.38,"2026-09-09",2307,"N20","nominal","2.0NRT",281.96,1.64,"N"
"5312",38.12965,45.682,300.01,0.44,0.38,"2026-09-09",2307,"N20","nominal","2.0NRT",286.38,0.69,"N"
"5313",38.11836,45.68384,297.52,0.44,0.38,"2026-09-09",2307,"N20","nominal","2.0NRT",286.72,0.59,"N"
"5314",39.90261,28.86636,296.3,0.49,0.65,"2026-09-09",2307,"N20","nominal","2.0NRT",284.94,0.77,"N"
"5315",39.84019,30.29838,297.02,0.41,0.6,"2026-09-09",2307,"N20","nominal","2.0NRT",285.99,0.88,"N"
"5316",39.61415,33.59507,297.16,0.54,0.51,"2026-09-09",2307,"N20","nominal","2.0NRT",281.39,2,"N"
"5317",39.86794,26.23812,300.11,0.67,0.74,"2026-09-09",2307,"N20","nominal","2.0NRT",289.29,1.1,"N"
"5318",39.74593,30.19414,298.6,0.41,0.61,"2026-09-09",2307,"N20","nominal","2.0NRT",285.53,0.98,"N"
"5319",39.86726,26.23856,300.19,0.67,0.74,"2026-09-09",2307,"N20","nominal","2.0NRT",289.24,1.11,"N"
"5320",39.5941,32.41602,297.24,0.62,0.54,"2026-09-09",2307,"N20","nominal","2.0NRT",284.38,1.39,"N"
"5321",39.49033,33.81606,308.3,0.52,0.5,"2026-09-09",2307,"N20","nominal","2.0NRT",280,1.85,"N"
"5322",39.70853,30.14893,295.07,0.42,0.61,"2026-09-09",2307,"N20","nominal","2.0NRT",281.93,0.62,"N"
"5323",39.39899,33.80503,309.09,0.52,0.5,"2026-09-09",2307,"N20","nominal","2.0NRT",282.16,1.26,"N"
"5324",39.13797,36.4765,302.97,0.57,0.43,"2026-09-09",2307,"N20","nominal","2.0NRT",275.46,1.18,"N"
"5325",39.35304,33.55446,337.52,0.54,0.51,"2026-09-09",2307,"N20","nominal","2.0NRT",284.2,4.8,"N"
"5326",39.35255,33.56088,313.39,0.54,0.51,"2026-09-09",2307,"N20","nominal","2.0NRT",282.23,4.8,"N"
"5327",39.3516,33.57352,303.22,0.54,0.51,"2026-09-09",2307,"N20","nominal","2.0NRT",281.78,1.16,"N"
"5328",39.35046,33.55471,335.81,0.54,0.51,"2026-09-09",2307,"N20","nominal","2.0NRT",283.69,4.54,"N"
"5329",39.34993,33.56115,296.56,0.54,0.51,"2026-09-09",2307,"N20","nominal","2.0NRT",281.97,2.22,"N"
"5330",39.3489,33.57377,304.5,0.54,0.51,"2026-09-09",2307,"N20","nominal","2.0NRT",282.36,0.96,"N"
"5331",38.88408,37.8965,296.43,0.49,0.4,"2026-09-09",2307,"N20","nominal","2.0NRT",285.91,0.75,"N"
"5332",39.48677,30.03955,299.18,0.42,0.61,"2026-09-09",2307,"N20","nominal","2.0NRT",285.05,0.77,"N"
"5333",38.66413,39.23581,298.81,0.44,0.38,"2026-09-09",2307,"N20","nominal","2.0NRT",287.29,0.83,"N"
"5334",39.05978,34.7098,299.2,0.47,0.47,"2026-09-09",2307,"N20","nominal","2.0NRT",276.07,0.64,"N"
"5335",37.09696,47.9017,299.08,0.56,0.43,"2026-09-09",2307,"N20","nominal","2.0NRT",286.38,0.85,"N"
"5336",36.6497,49.51763,300.79,0.46,0.47,"2026-09-09",2307,"N20","nominal","2.0NRT",287.48,0.79,"N"
"5337",39.13134,32.62605,330.68,0.6,0.53,"2026-09-09",2307,"N20","nominal","2.0NRT",281.84,4.21,"N"
"5338",35.8287,52.8375,295.76,0.36,0.58,"2026-09-09",2307,"N20","nominal","2.0NRT",283.95,0.63,"N"
"5339",35.82053,52.80465,300.89,0.36,0.57,"2026-09-09",2307,"N20","nominal","2.0NRT",284.57,0.76,"N"
"5340",35.63787,53.47519,311.35,0.4,0.6,"2026-09-09",2307,"N20","nominal","2.0NRT",290.92,1.17,"N"
"5341",35.63609,53.47643,309.82,0.4,0.6,"2026-09-09",2307,"N20","nominal","2.0NRT",291.24,1.24,"N"
"5342",38.21584,40.53296,320.87,0.4,0.37,"2026-09-09",2307,"N20","nominal","2.0NRT",288.6,1.79,"N"
"5343",39.0491,32.50228,301.78,0.61,0.53,"2026-09-09",2307,"N20","nominal","2.0NRT",283.67,0.95,"N"
"5344",39.01928,32.9175,317.06,0.58,0.52,"2026-09-09",2307,"N20","nominal","2.0NRT",281.74,3,"N"
"5345",38.79044,35.32681,326.64,0.43,0.46,"2026-09-09",2307,"N20","nominal","2.0NRT",283.83,2.13,"N"
"5346",38.14429,40.52584,298.86,0.4,0.37,"2026-09-09",2307,"N20","nominal","2.0NRT",286.01,0.4,"N"
"5347",37.96131,41.70063,304.69,0.39,0.36,"2026-09-09",2307,"N20","nominal","2.0NRT",291.99,0.8,"N"
"5348",38.93043,32.17283,303.91,0.63,0.54,"2026-09-09",2307,"N20","nominal","2.0NRT",280.36,1.21,"N"
"5349",36.56459,48.80556,310.61,0.42,0.46,"2026-09-09",2307,"N20","nominal","2.0NRT",284.23,1.74,"N"
"5350",38.38063,37.93647,297.09,0.48,0.4,"2026-09-09",2309,"N20","nominal","2.0NRT",283.98,0.44,"N"
"5351",38.07423,40.19518,303.89,0.41,0.37,"2026-09-09",2309,"N20","nominal","2.0NRT",285.24,0.64,"N"
"5352",37.90705,40.4365,297.6,0.4,0.37,"2026-09-09",2309,"N20","nominal","2.0NRT",285.93,0.51,"N"
"5353",35.69748,51.78481,304.37,0.32,0.55,"2026-09-09",2309,"N20","nominal","2.0NRT",288.54,0.81,"N"
"5354",35.57536,51.5116,309.64,0.62,0.54,"2026-09-09",2309,"N20","nominal","2.0NRT",293.08,1.83,"N"
"5355",35.57821,51.51141,305.85,0.62,0.54,"2026-09-09",2309,"N20","nominal","2.0NRT",292.64,2.81,"N"
"5356",38.66137,30.61728,297.37,0.38,0.59,"2026-09-09",2309,"N20","nominal","2.0NRT",285.25,0.55,"N"
"5357",38.75119,26.93779,300.91,0.61,0.71,"2026-09-09",2309,"N20","nominal","2.0NRT",290.61,1.3,"N"
"5358",35.52116,51.40531,299.93,0.62,0.54,"2026-09-09",2309,"N20","nominal","2.0NRT",289.57,1.21,"N"
"5359",35.51955,51.41186,301.52,0.62,0.54,"2026-09-09",2309,"N20","nominal","2.0NRT",289.89,1.08,"N"
"5360",38.74444,26.94465,309.84,0.61,0.71,"2026-09-09",2309,"N20","nominal","2.0NRT",291.56,1.3,"N"
"5361",38.74627,26.94632,308.77,0.61,0.71,"2026-09-09",2309,"N20","nominal","2.0NRT",291.31,2.16,"N"
"5362",35.75709,50.20323,295.31,0.52,0.5,"2026-09-09",2309,"N20","nominal","2.0NRT",284.28,1.06,"N"
"5363",35.70425,50.30599,302.07,0.53,0.5,"2026-09-09",2309,"N20","nominal","2.0NRT",286.73,0.74,"N"
"5364",37.18745,42.72911,304.03,0.39,0.36,"2026-09-09",2309,"N20","nominal","2.0NRT",289.47,0.72,"N"
"5365",37.13566,42.79416,306.98,0.39,0.36,"2026-09-09",2309,"N20","nominal","2.0NRT",292.26,0.39,"N"
"5366",37.07909,42.55602,308.06,0.39,0.36,"2026-09-09",2309,"N20","nominal","2.0NRT",294.92,1.3,"N"
"5367",37.33757,40.80416,316.67,0.39,0.36,"2026-09-09",2309,"N20","nominal","2.0NRT",292.14,1.99,"N"
"5368",38.09022,34.42001,298.5,0.47,0.48,"2026-09-09",2309,"N20","nominal","2.0NRT",280.15,1.17,"N"
"5369",37.69331,38.08745,309.9,0.47,0.4,"2026-09-09",2309,"N20","nominal","2.0NRT",290.07,1.46,"N"
"5370",36.89273,43.42716,313.36,0.4,0.37,"2026-09-09",2309,"N20","nominal","2.0NRT",286.91,1.31,"N"
"5371",36.89198,43.43156,318.15,0.4,0.37,"2026-09-09",2309,"N20","nominal","2.0NRT",289.24,1.31,"N"
"5372",36.86818,43.4898,328.42,0.4,0.37,"2026-09-09",2309,"N20","nominal","2.0NRT",293.2,2.97,"N"
"5373",38.42672,27.215,302.78,0.59,0.7,"2026-09-09",2309,"N20","nominal","2.0NRT",292.15,1.03,"N"
"5374",36.99374,42.51418,303.03,0.39,0.36,"2026-09-09",2309,"N20","nominal","2.0NRT",287.47,0.52,"N"
"5375",36.94682,42.7789,308.84,0.39,0.36,"2026-09-09",2309,"N20","nominal","2.0NRT",293.36,1,"N"
"5376",37.04238,42.06416,328.41,0.38,0.36,"2026-09-09",2309,"N20","nominal","2.0NRT",289.58,1.47,"N"
"5377",38.42673,27.214,305.18,0.58,0.7,"2026-09-09",2309,"N20","nominal","2.0NRT",292.03,1.54,"N"
"5378",36.85227,42.89508,302.94,0.39,0.36,"2026-09-09",2309,"N20","nominal","2.0NRT",292.59,0.72,"N"
"5379",36.77688,43.32198,327.01,0.39,0.37,"2026-09-09",2309,"N20","nominal","2.0NRT",294.03,2.75,"N"
"5380",36.77614,43.32631,327.07,0.39,0.37,"2026-09-09",2309,"N20","nominal","2.0NRT",297.36,2.96,"N"
"5381",36.74682,43.49736,306.03,0.4,0.37,"2026-09-09",2309,"N20","nominal","2.0NRT",292.86,0.97,"N"
"5382",35.37428,50.20742,299.03,0.53,0.5,"2026-09-09",2309,"N20","nominal","2.0NRT",288.68,1.41,"N"
"5383",36.85254,42.76976,327.4,0.39,0.36,"2026-09-09",2309,"N20","nominal","2.0NRT",293.43,6.5,"N"
"5384",36.96434,42.08176,310.87,0.38,0.36,"2026-09-09",2309,"N20","nominal","2.0NRT",289.07,0.73,"N"
"5385",36.85325,42.76547,307.94,0.39,0.36,"2026-09-09",2309,"N20","nominal","2.0NRT",287.3,3.42,"N"
"5386",36.84926,42.76892,298.57,0.39,0.36,"2026-09-09",2309,"N20","nominal","2.0NRT",286.71,0.52,"N"
"5387",36.66682,43.81728,329.86,0.4,0.37,"2026-09-09",2309,"N20","nominal","2.0NRT",290.58,2.39,"N"
"5388",36.94963,42.13129,305.49,0.38,0.36,"2026-09-09",2309,"N20","nominal","2.0NRT",291.55,0.76,"N"
"5389",36.94636,42.13048,333.08,0.38,0.36,"2026-09-09",2309,"N20","nominal","2.0NRT",295,3.36,"N"
"5390",36.92957,42.19283,308.21,0.38,0.36,"2026-09-09",2309,"N20","nominal","2.0NRT",288.92,0.75,"N"
"5391",36.9379,42.11953,300.14,0.38,0.36,"2026-09-09",2309,"N20","nominal","2.0NRT",289.95,0.36,"N"
"5392",36.9263,42.19202,307.54,0.38,0.36,"2026-09-09",2309,"N20","nominal","2.0NRT",288.95,0.75,"N"
"5393",36.92303,42.1912,314.25,0.38,0.36,"2026-09-09",2309,"N20","nominal","2.0NRT",289.38,1.45,"N"
"5394",37.01191,41.58361,301.59,0.38,0.36,"2026-09-09",2309,"N20","nominal","2.0NRT",288.76,0.37,"N"
"5395",37.07399,41.06572,303.12,0.39,0.36,"2026-09-09",2309,"N20","nominal","2.0NRT",289.22,0.67,"N"
"5396",37.07069,41.06495,309.68,0.39,0.36,"2026-09-09",2309,"N20","nominal","2.0NRT",289.82,1.52,"N"
"5397",37.06739,41.06417,323.02,0.39,0.36,"2026-09-09",2309,"N20","nominal","2.0NRT",290.14,1.52,"N"
"5398",35.26104,50.42492,299.72,0.55,0.51,"2026-09-09",2309,"N20","nominal","2.0NRT",288.85,1.51,"N"
"5399",36.9156,41.89436,305.39,0.38,0.36,"2026-09-09",2309,"N20","nominal","2.0NRT",289.04,0.47,"N"
"5400",37.12259,40.24253,302.32,0.4,0.37,"2026-09-09",2309,"N20","nominal","2.0NRT",285.28,0.44,"N"
"5401",37.11924,40.24178,297.45,0.4,0.37,"2026-09-09",2309,"N20","nominal","2.0NRT",285.6,0.44,"N"
"5402",37.26996,38.97741,301.77,0.43,0.38,"2026-09-09",2309,"N20","nominal","2.0NRT",286.32,0.46,"N"
"5403",37.27259,38.9756,301.74,0.43,0.38,"2026-09-09",2309,"N20","nominal","2.0NRT",285.79,0.48,"N"
"5404",37.26911,38.97489,296.62,0.43,0.38,"2026-09-09",2309,"N20","nominal","2.0NRT",285.74,0.48,"N"
"5405",36.98281,40.94736,298.54,0.39,0.36,"2026-09-09",2309,"N20","nominal","2.0NRT",286.94,0.46,"N"
"5406",36.97886,40.95092,309.98,0.39,0.36,"2026-09-09",2309,"N20","nominal","2.0NRT",287.06,1,"N"
"5407",36.5811,43.34756,303.36,0.4,0.37,"2026-09-09",2309,"N20","nominal","2.0NRT",290.93,0.79,"N"
"5408",36.97084,40.7289,308.57,0.39,0.36,"2026-09-09",2309,"N20","nominal","2.0NRT",287.87,1.26,"N"
"5409",36.59881,43.03994,313.75,0.39,0.36,"2026-09-09",2309,"N20","nominal","2.0NRT",290.26,1.37,"N"
"5410",36.48162,43.70218,303.3,0.4,0.37,"2026-09-09",2309,"N20","nominal","2.0NRT",292.31,0.68,"N"
"5411",35.96839,46.22665,312.44,0.49,0.41,"2026-09-09",2309,"N20","nominal","2.0NRT",286.24,1.44,"N"
"5412",35.96995,46.22625,312.8,0.49,0.41,"2026-09-09",2309,"N20","nominal","2.0NRT",286.19,2.03,"N"
"5413",36.78701,41.49556,298.8,0.38,0.36,"2026-09-09",2309,"N20","nominal","2.0NRT",285.18,0.37,"N"
"5414",36.61008,42.5624,310.34,0.39,0.36,"2026-09-09",2309,"N20","nominal","2.0NRT",288.26,0.89,"N"
"5415",36.60938,42.56667,309.69,0.39,0.36,"2026-09-09",2309,"N20","nominal","2.0NRT",288.34,0.89,"N"
"5416",36.66716,42.16887,311.96,0.38,0.36,"2026-09-09",2309,"N20","nominal","2.0NRT",286.58,1.49,"N"
"5417",36.66648,42.17312,318.48,0.38,0.36,"2026-09-09",2309,"N20","nominal","2.0NRT",286.91,1.49,"N"
"5418",37.35109,37.15959,304.53,0.51,0.41,"2026-09-09",2309,"N20","nominal","2.0NRT",292.34,1.32,"N"
"5419",36.89912,40.5709,299.49,0.39,0.36,"2026-09-09",2309,"N20","nominal","2.0NRT",286.82,0.58,"N"
"5420",37.51085,35.54483,309.12,0.4,0.45,"2026-09-09",2309,"N20","nominal","2.0NRT",291.17,0.86,"N"
"5421",37.51043,35.54896,315.65,0.4,0.45,"2026-09-09",2309,"N20","nominal","2.0NRT",292.01,0.86,"N"
"5422",37.50595,35.55204,343.63,0.4,0.45,"2026-09-09",2309,"N20","nominal","2.0NRT",297.56,3.68,"N"
"5423",37.50636,35.5481,315.16,0.4,0.45,"2026-09-09",2309,"N20","nominal","2.0NRT",293.7,2.85,"N"
"5424",37.50554,35.55614,310.44,0.4,0.45,"2026-09-09",2309,"N20","nominal","2.0NRT",294.32,3.68,"N"
"5425",37.50511,35.56038,305.79,0.4,0.44,"2026-09-09",2309,"N20","nominal","2.0NRT",293.75,1.76,"N"
"5426",37.89906,30.49059,299.57,0.38,0.59,"2026-09-09",2309,"N20","nominal","2.0NRT",287.3,0.74,"N"
"5427",37.29408,37.1549,313.9,0.51,0.41,"2026-09-09",2309,"N20","nominal","2.0NRT",293.64,1.62,"N"
"5428",37.46396,35.514,320.3,0.41,0.45,"2026-09-09",2309,"N20","nominal","2.0NRT",294.66,1.73,"N"
"5429",37.46347,35.51896,309.79,0.41,0.45,"2026-09-09",2309,"N20","nominal","2.0NRT",292.68,1.73,"N"
"5430",36.59782,42.04709,301.77,0.38,0.36,"2026-09-09",2309,"N20","nominal","2.0NRT",287.84,0.55,"N"
"5431",36.59184,42.06328,302.48,0.38,0.36,"2026-09-09",2309,"N20","nominal","2.0NRT",287.82,0.7,"N"
"5432",36.44278,42.932,314.59,0.39,0.36,"2026-09-09",2309,"N20","nominal","2.0NRT",294.15,0.66,"N"
"5433",36.73881,40.89497,299.02,0.39,0.36,"2026-09-09",2309,"N20","nominal","2.0NRT",285.13,0.5,"N"
"5434",37.86333,29.37174,301.78,0.44,0.63,"2026-09-09",2309,"N20","nominal","2.0NRT",290.5,1.59,"N"
"5435",36.71022,40.83477,302.96,0.39,0.36,"2026-09-09",2309,"N20","nominal","2.0NRT",285.94,0.73,"N"
"5436",36.70682,40.81163,296.89,0.39,0.36,"2026-09-09",2309,"N20","nominal","2.0NRT",284.95,0.5,"N"
"5437",36.70297,40.83757,296.11,0.39,0.36,"2026-09-09",2309,"N20","nominal","2.0NRT",284.57,0.41,"N"
"5438",36.77938,40.08755,328.08,0.4,0.37,"2026-09-09",2309,"N20","nominal","2.0NRT",286.55,1.63,"N"
"5439",36.77602,40.0868,306.26,0.4,0.37,"2026-09-09",2309,"N20","nominal","2.0NRT",284.29,1.63,"N"
"5440",36.63778,41.02482,297.75,0.39,0.36,"2026-09-09",2309,"N20","nominal","2.0NRT",282.83,0.31,"N"
"5441",36.24245,43.40667,316.92,0.4,0.37,"2026-09-09",2309,"N20","nominal","2.0NRT",292.49,1.19,"N"
"5442",36.2417,43.41104,308.47,0.4,0.37,"2026-09-09",2309,"N20","nominal","2.0NRT",292.1,1.19,"N"
"5443",37.36404,34.99672,314.39,0.43,0.46,"2026-09-09",2309,"N20","nominal","2.0NRT",291.64,1.2,"N"
"5444",36.79232,39.70108,297.47,0.41,0.37,"2026-09-09",2309,"N20","nominal","2.0NRT",287.01,1.08,"N"
"5445",36.78894,39.70035,320.06,0.41,0.37,"2026-09-09",2309,"N20","nominal","2.0NRT",287.49,1.08,"N"
"5446",36.78555,39.69962,299.3,0.41,0.37,"2026-09-09",2309,"N20","nominal","2.0NRT",286.78,0.89,"N"
"5447",36.78217,39.69889,317.05,0.41,0.37,"2026-09-09",2309,"N20","nominal","2.0NRT",287.32,0.89,"N"
"5448",36.77878,39.69815,338.48,0.41,0.37,"2026-09-09",2309,"N20","nominal","2.0NRT",288.12,5.36,"N"
"5449",36.77815,39.70271,327.18,0.41,0.37,"2026-09-09",2309,"N20","nominal","2.0NRT",287.82,2.18,"N"
"5450",35.10255,48.8131,296.47,0.46,0.47,"2026-09-09",2309,"N20","nominal","2.0NRT",281.47,0.59,"N"
"5451",35.77032,45.54657,300.15,0.47,0.39,"2026-09-09",2309,"N20","nominal","2.0NRT",289.15,1.27,"N"
"5452",35.76314,45.54493,302.27,0.47,0.39,"2026-09-09",2309,"N20","nominal","2.0NRT",290.71,1.35,"N"
"5453",36.69339,39.83067,299.21,0.4,0.37,"2026-09-09",2309,"N20","nominal","2.0NRT",285.15,0.47,"N"
"5454",36.35073,42.07759,309.19,0.38,0.36,"2026-09-09",2309,"N20","nominal","2.0NRT",297.73,0.61,"N"
"5455",36.0816,43.64159,303.06,0.4,0.37,"2026-09-09",2309,"N20","nominal","2.0NRT",291.37,0.48,"N"
"5456",36.30127,42.29904,324,0.39,0.36,"2026-09-09",2309,"N20","nominal","2.0NRT",291.05,1.76,"N"
"5457",36.57365,40.44818,332.38,0.39,0.36,"2026-09-09",2309,"N20","nominal","2.0NRT",288.1,2.7,"N"
"5458",36.57428,40.44382,312.23,0.39,0.36,"2026-09-09",2309,"N20","nominal","2.0NRT",285.93,1.17,"N"
"5459",36.01883,43.68033,321.95,0.41,0.37,"2026-09-09",2309,"N20","nominal","2.0NRT",295.41,1.9,"N"
"5460",36.00058,43.76366,322.54,0.41,0.37,"2026-09-09",2309,"N20","nominal","2.0NRT",291.54,1.04,"N"
"5461",35.99802,43.7583,305.31,0.41,0.37,"2026-09-09",2309,"N20","nominal","2.0NRT",294.02,1.04,"N"
"5462",35.99723,43.76275,303.45,0.41,0.37,"2026-09-09",2309,"N20","nominal","2.0NRT",292.35,1.04,"N"
"5463",36.00623,43.67237,304.6,0.41,0.37,"2026-09-09",2309,"N20","nominal","2.0NRT",291.54,0.69,"N"
"5464",35.98114,43.76992,336.01,0.41,0.37,"2026-09-09",2309,"N20","nominal","2.0NRT",299.65,4.81,"N"
"5465",36.75378,38.47909,303.06,0.44,0.39,"2026-09-09",2309,"N20","nominal","2.0NRT",291.09,0.6,"N"
"5466",35.9531,43.72982,316.88,0.41,0.37,"2026-09-09",2309,"N20","nominal","2.0NRT",295.71,1.21,"N"
"5467",35.3173,46.98593,299.34,0.55,0.43,"2026-09-09",2309,"N20","nominal","2.0NRT",275.73,0.75,"N"
"5468",35.67009,45.00653,323.28,0.45,0.39,"2026-09-09",2309,"N20","nominal","2.0NRT",293.23,2.74,"N"
"5469",35.62405,45.20952,309.14,0.45,0.39,"2026-09-09",2309,"N20","nominal","2.0NRT",291.35,1.42,"N"
"5470",35.63409,45.09909,322.85,0.45,0.39,"2026-09-09",2309,"N20","nominal","2.0NRT",297.94,2.88,"N"
"5471",35.6348,45.09764,323.46,0.45,0.39,"2026-09-09",2309,"N20","nominal","2.0NRT",298.14,3.11,"N"
"5472",35.60607,45.07401,305.04,0.45,0.39,"2026-09-09",2309,"N20","nominal","2.0NRT",293.08,1.23,"N"
"5473",35.60147,45.09851,315.54,0.45,0.39,"2026-09-09",2309,"N20","nominal","2.0NRT",293.38,1.73,"N"
"5474",35.77192,43.99311,328.48,0.41,0.37,"2026-09-09",2309,"N20","nominal","2.0NRT",294.96,2.91,"N"
"5475",35.77111,43.9976,310,0.41,0.37,"2026-09-09",2309,"N20","nominal","2.0NRT",295.56,2.91,"N"
"5476",35.53591,45.2299,307.87,0.46,0.39,"2026-09-09",2309,"N20","nominal","2.0NRT",291.07,0.94,"N"
"5477",35.72917,44.03378,330.17,0.42,0.37,"2026-09-09",2309,"N20","nominal","2.0NRT",296.4,4.64,"N"
"5478",35.72497,44.03741,311.62,0.42,0.37,"2026-09-09",2309,"N20","nominal","2.0NRT",295.86,10.81,"N"
"5479",35.72416,44.04192,317.39,0.42,0.37,"2026-09-09",2309,"N20","nominal","2.0NRT",305.9,10.81,"N"
"5480",35.71886,44.03344,302.91,0.42,0.37,"2026-09-09",2309,"N20","nominal","2.0NRT",291.81,0.34,"N"
"5481",35.71513,43.99463,304.16,0.41,0.37,"2026-09-09",2309,"N20","nominal","2.0NRT",288.71,1.32,"N"
"5482",35.67771,44.06525,323.7,0.42,0.37,"2026-09-09",2309,"N20","nominal","2.0NRT",295.59,2.49,"N"
"5483",34.32526,50.56071,303.57,0.59,0.53,"2026-09-09",2309,"N20","nominal","2.0NRT",290.94,1.17,"N"
"5484",35.71964,43.77013,307.71,0.41,0.37,"2026-09-09",2309,"N20","nominal","2.0NRT",297.62,1.22,"N"
"5485",35.68709,43.8741,329.47,0.41,0.37,"2026-09-09",2309,"N20","nominal","2.0NRT",293.39,6.91,"N"
"5486",35.68629,43.87858,367,0.41,0.37,"2026-09-09",2309,"N20","high","2.0NRT",316.05,14.02,"N"
"5487",35.68372,43.8732,301.5,0.41,0.37,"2026-09-09",2309,"N20","nominal","2.0NRT",290.48,6.91,"N"
"5488",35.68291,43.87769,314.39,0.41,0.37,"2026-09-09",2309,"N20","nominal","2.0NRT",291.47,14.02,"N"
"5489",35.66348,43.96663,328.78,0.41,0.37,"2026-09-09",2309,"N20","nominal","2.0NRT",296.09,2.72,"N"
"5490",35.78942,43.25097,305.88,0.4,0.37,"2026-09-09",2309,"N20","nominal","2.0NRT",294.64,1.29,"N"
"5491",35.63087,44.00998,345.07,0.42,0.37,"2026-09-09",2309,"N20","nominal","2.0NRT",298.76,7.11,"N"
"5492",35.62749,44.00906,339.02,0.42,0.37,"2026-09-09",2309,"N20","nominal","2.0NRT",299.51,14.73,"N"
"5493",35.58374,44.24981,318.64,0.42,0.38,"2026-09-09",2309,"N20","nominal","2.0NRT",294.74,1.51,"N"
"5494",36.73806,36.20562,310.57,0.55,0.43,"2026-09-09",2309,"N20","nominal","2.0NRT",297.39,2.25,"N"
"5495",35.56678,44.28376,337.15,0.42,0.38,"2026-09-09",2309,"N20","nominal","2.0NRT",295.2,2.8,"N"
"5496",36.73349,36.21117,309.97,0.55,0.43,"2026-09-09",2309,"N20","nominal","2.0NRT",297.71,2.25,"N"
"5497",35.56404,44.28502,334.71,0.42,0.38,"2026-09-09",2309,"N20","nominal","2.0NRT",296.43,5.23,"N"
"5498",36.13246,40.81059,315.67,0.39,0.36,"2026-09-09",2309,"N20","nominal","2.0NRT",293.06,1.29,"N"
"5499",36.73448,36.2039,307.02,0.55,0.43,"2026-09-09",2309,"N20","nominal","2.0NRT",295.49,1.52,"N"
"5500",36.73378,36.21013,308.91,0.55,0.43,"2026-09-09",2309,"N20","nominal","2.0NRT",298.04,2.62,"N"
"5501",35.71865,43.34786,307.38,0.4,0.37,"2026-09-09",2309,"N20","nominal","2.0NRT",292.88,1.01,"N"
"5502",36.72987,36.20944,320.24,0.55,0.43,"2026-09-09",2309,"N20","nominal","2.0NRT",297.93,2.62,"N"
"5503",35.53356,44.33472,328.71,0.43,0.38,"2026-09-09",2309,"N20","nominal","2.0NRT",294.43,2.86,"N"
"5504",35.53272,44.33933,334.23,0.43,0.38,"2026-09-09",2309,"N20","nominal","2.0NRT",295.47,2.86,"N"
"5505",36.71881,36.20128,331.46,0.55,0.43,"2026-09-09",2309,"N20","nominal","2.0NRT",296.8,10.22,"N"
"5506",35.5293,44.33842,328.67,0.43,0.38,"2026-09-09",2309,"N20","nominal","2.0NRT",294.78,3.05,"N"
"5507",35.52847,44.34301,335.05,0.43,0.38,"2026-09-09",2309,"N20","nominal","2.0NRT",294.69,2.22,"N"
"5508",36.8694,34.76229,311.1,0.44,0.46,"2026-09-09",2309,"N20","nominal","2.0NRT",295.32,2.05,"N"
"5509",35.52505,44.3421,306.83,0.43,0.38,"2026-09-09",2309,"N20","nominal","2.0NRT",292.89,2.22,"N"
"5510",36.69466,36.20336,315.12,0.55,0.43,"2026-09-09",2309,"N20","nominal","2.0NRT",297.11,2.87,"N"
"5511",36.34491,39.03504,300.08,0.42,0.38,"2026-09-09",2309,"N20","nominal","2.0NRT",285.12,0.31,"N"
"5512",35.46019,44.42155,331.34,0.43,0.38,"2026-09-09",2309,"N20","nominal","2.0NRT",295.32,3.23,"N"
"5513",35.45676,44.42064,306.4,0.43,0.38,"2026-09-09",2309,"N20","nominal","2.0NRT",294.86,0.93,"N"
"5514",35.48769,44.15408,338.43,0.42,0.38,"2026-09-09",2309,"N20","nominal","2.0NRT",308.26,28.46,"N"
"5515",35.41963,44.21972,301.53,0.42,0.38,"2026-09-09",2309,"N20","nominal","2.0NRT",289.59,0.37,"N"
"5516",35.41696,44.19498,308.36,0.42,0.38,"2026-09-09",2309,"N20","nominal","2.0NRT",293.94,1.33,"N"
"5517",35.40856,44.22155,323.18,0.42,0.38,"2026-09-09",2309,"N20","nominal","2.0NRT",290.51,1.16,"N"
"5518",35.38809,44.21603,316.49,0.42,0.38,"2026-09-09",2309,"N20","nominal","2.0NRT",294.05,1.99,"N"
"5519",35.38468,44.21511,328.38,0.42,0.38,"2026-09-09",2309,"N20","nominal","2.0NRT",291.67,2.83,"N"
"5520",35.38384,44.21969,303.29,0.42,0.38,"2026-09-09",2309,"N20","nominal","2.0NRT",290.92,2.04,"N"
"5521",35.32699,44.32233,319.52,0.43,0.38,"2026-09-09",2309,"N20","nominal","2.0NRT",295.89,2.01,"N"
"5522",35.24575,44.43165,341.62,0.43,0.38,"2026-09-09",2309,"N20","nominal","2.0NRT",304.39,17.29,"N"
"5523",35.24661,44.427,305.49,0.43,0.38,"2026-09-09",2309,"N20","nominal","2.0NRT",294.54,17.29,"N"
"5524",35.12498,44.56939,329.03,0.44,0.38,"2026-09-09",2309,"N20","nominal","2.0NRT",295.26,2.6,"N"
"5525",35.32076,43.36514,300.3,0.4,0.37,"2026-09-09",2309,"N20","nominal","2.0NRT",289.77,0.82,"N"
"5526",34.48658,47.62358,298,0.41,0.45,"2026-09-09",2309,"N20","nominal","2.0NRT",285.52,0.71,"N"
"5527",33.99966,49.47464,301.23,0.52,0.5,"2026-09-09",2309,"N20","nominal","2.0NRT",290.46,2.42,"N"
"5528",34.23508,48.12648,316.59,0.44,0.46,"2026-09-09",2309,"N20","nominal","2.0NRT",284.7,1.18,"N"
"5529",34.35063,47.36267,316.73,0.4,0.44,"2026-09-09",2309,"N20","nominal","2.0NRT",288.74,1.58,"N"
"5530",35.02086,43.49911,334.13,0.41,0.37,"2026-09-09",2309,"N20","nominal","2.0NRT",297.48,5.16,"N"
"5531",35.00148,43.48948,309.81,0.41,0.37,"2026-09-09",2309,"N20","nominal","2.0NRT",293.85,1.34,"N"
"5532",36.26353,33.72919,321.64,0.49,0.48,"2026-09-09",2309,"N20","nominal","2.0NRT",297.29,3.19,"N"
"5533",33.1058,52.05795,300.78,0.38,0.59,"2026-09-09",2309,"N20","nominal","2.0NRT",287.57,0.62,"N"
"5534",34.86392,44.01985,329.44,0.42,0.38,"2026-09-09",2309,"N20","nominal","2.0NRT",296.52,7.09,"N"
"5535",34.86309,44.02438,320.64,0.42,0.38,"2026-09-09",2309,"N20","nominal","2.0NRT",297.9,7.24,"N"
"5536",34.89898,43.80695,320.28,0.42,0.37,"2026-09-09",2309,"N20","nominal","2.0NRT",298.01,1.77,"N"
"5537",34.89979,43.80246,306.45,0.42,0.37,"2026-09-09",2309,"N20","nominal","2.0NRT",294.06,0.75,"N"
"5538",34.89639,43.80158,329.83,0.42,0.37,"2026-09-09",2309,"N20","nominal","2.0NRT",297.78,11.77,"N"
"5539",34.89558,43.80607,330.69,0.42,0.37,"2026-09-09",2309,"N20","nominal","2.0NRT",321.94,26.39,"N"
"5540",34.89219,43.80518,306.58,0.42,0.37,"2026-09-09",2309,"N20","nominal","2.0NRT",294.97,26.39,"N"
"5541",34.52179,45.7164,305.92,0.49,0.41,"2026-09-09",2309,"N20","nominal","2.0NRT",293.39,0.84,"N"
"5542",34.52369,45.71527,307.82,0.49,0.41,"2026-09-09",2309,"N20","nominal","2.0NRT",293.82,0.78,"N"
"5543",34.90929,43.4308,303.67,0.41,0.37,"2026-09-09",2309,"N20","nominal","2.0NRT",292.81,1,"N"
"5544",35.34611,40.31695,310.93,0.39,0.36,"2026-09-09",2309,"N20","nominal","2.0NRT",292.52,0.64,"N"
"5545",32.33457,54.08416,300.09,0.52,0.67,"2026-09-09",2309,"N20","nominal","2.0NRT",289.42,0.92,"N"
"5546",34.12646,46.57426,312.53,0.55,0.43,"2026-09-09",2309,"N20","nominal","2.0NRT",284.83,1.18,"N"
"5547",34.12849,46.57985,305.72,0.55,0.43,"2026-09-09",2309,"N20","nominal","2.0NRT",285.99,1.84,"N"
"5548",32.39648,53.75622,304.16,0.5,0.66,"2026-09-09",2309,"N20","nominal","2.0NRT",292.84,2.24,"N"
"5549",32.77919,51.50586,308.53,0.36,0.58,"2026-09-09",2309,"N20","nominal","2.0NRT",294.62,1.92,"N"
"5550",34.91176,40.82573,308.66,0.39,0.36,"2026-09-09",2309,"N20","nominal","2.0NRT",292.4,0.64,"N"
"5551",33.37415,48.4012,302.75,0.47,0.48,"2026-09-09",2309,"N20","nominal","2.0NRT",290.09,1.11,"N"
"5552",32.57714,51.57946,304.94,0.37,0.58,"2026-09-09",2309,"N20","nominal","2.0NRT",290.14,1.1,"N"
"5553",31.85198,54.28646,303.01,0.55,0.68,"2026-09-09",2309,"N20","nominal","2.0NRT",291.3,1.03,"N"
"5554",32.51387,51.56787,302.88,0.37,0.58,"2026-09-09",2309,"N20","nominal","2.0NRT",290.17,1.08,"N"
"5555",33.69839,46.22737,323.23,0.54,0.42,"2026-09-09",2309,"N20","nominal","2.0NRT",294.36,2.72,"N"
"5556",31.62429,54.72528,305.9,0.59,0.7,"2026-09-09",2309,"N20","nominal","2.0NRT",291.97,1.56,"N"
"5557",31.62252,54.72244,305.61,0.59,0.7,"2026-09-09",2309,"N20","nominal","2.0NRT",290.4,1.91,"N"
"5558",32.4103,51.51486,304.87,0.37,0.58,"2026-09-09",2309,"N20","nominal","2.0NRT",288.14,1.09,"N"
"5559",32.40935,51.51867,305.97,0.37,0.58,"2026-09-09",2309,"N20","nominal","2.0NRT",291.02,1.28,"N"
"5560",33.2533,47.73888,325.07,0.44,0.46,"2026-09-09",2309,"N20","nominal","2.0NRT",294.07,2.13,"N"
"5561",33.25435,47.73407,312.33,0.44,0.46,"2026-09-09",2309,"N20","nominal","2.0NRT",293.89,1.83,"N"
"5562",32.41278,51.32706,311.46,0.36,0.58,"2026-09-09",2309,"N20","nominal","2.0NRT",290.14,0.89,"N"
"5563",32.41091,51.33455,317.67,0.36,0.58,"2026-09-09",2309,"N20","nominal","2.0NRT",291.15,1.74,"N"
"5564",32.40767,51.32536,299.27,0.36,0.58,"2026-09-09",2309,"N20","nominal","2.0NRT",288.89,0.89,"N"
"5565",32.4058,51.33282,305.31,0.36,0.58,"2026-09-09",2309,"N20","nominal","2.0NRT",290.26,1.74,"N"
"5566",34.91623,37.9439,310.91,0.45,0.39,"2026-09-09",2309,"N20","nominal","2.0NRT",289.4,1.24,"N"
"5567",34.91631,37.94698,311.63,0.44,0.39,"2026-09-09",2309,"N20","nominal","2.0NRT",289.59,0.69,"N"
"5568",32.4047,51.22407,303.35,0.36,0.57,"2026-09-09",2309,"N20","nominal","2.0NRT",288.41,0.81,"N"
"5569",32.25782,51.52399,301.16,0.38,0.58,"2026-09-09",2309,"N20","nominal","2.0NRT",286.26,1.11,"N"
"5570",32.25686,51.52778,306.65,0.38,0.58,"2026-09-09",2309,"N20","nominal","2.0NRT",287.87,1.11,"N"
"5571",32.17098,51.84332,301.78,0.39,0.6,"2026-09-09",2309,"N20","nominal","2.0NRT",288.72,0.44,"N"
"5572",32.24364,51.42717,355.35,0.37,0.58,"2026-09-09",2309,"N20","nominal","2.0NRT",291.93,5.24,"N"
"5573",32.24269,51.431,332.01,0.37,0.58,"2026-09-09",2309,"N20","nominal","2.0NRT",292.25,5.24,"N"
"5574",32.24834,51.40811,299.94,0.37,0.58,"2026-09-09",2309,"N20","nominal","2.0NRT",288.36,1.36,"N"
"5575",32.2474,51.41192,307.19,0.37,0.58,"2026-09-09",2309,"N20","nominal","2.0NRT",290.49,2.26,"N"
"5576",32.24552,51.41953,300.13,0.37,0.58,"2026-09-09",2309,"N20","nominal","2.0NRT",289.58,1.77,"N"
"5577",32.24041,51.41765,312.17,0.37,0.58,"2026-09-09",2309,"N20","nominal","2.0NRT",289.79,1.77,"N"
"5578",32.23946,51.42147,304.18,0.37,0.58,"2026-09-09",2309,"N20","nominal","2.0NRT",292.62,1.77,"N"
"5579",32.23852,51.42528,302.74,0.37,0.58,"2026-09-09",2309,"N20","nominal","2.0NRT",289.98,5.24,"N"
"5580",34.2704,41.13789,304.92,0.38,0.36,"2026-09-09",2309,"N20","nominal","2.0NRT",293.16,0.84,"N"
"5581",34.25863,41.2122,309.74,0.38,0.36,"2026-09-09",2309,"N20","nominal","2.0NRT",294.73,1.13,"N"
"5582",32.20016,51.17857,299.43,0.36,0.57,"2026-09-09",2309,"N20","nominal","2.0NRT",282.88,0.5,"N"
"5583",32.19944,51.17895,298.7,0.36,0.57,"2026-09-09",2309,"N20","nominal","2.0NRT",282.99,0.8,"N"
"5584",32.15982,51.20553,296.02,0.36,0.58,"2026-09-09",2309,"N20","nominal","2.0NRT",282.75,0.64,"N"
"5585",34.60851,37.90034,300.63,0.44,0.39,"2026-09-09",2309,"N20","nominal","2.0NRT",290.6,0.7,"N"
"5586",31.89548,51.6829,298.73,0.39,0.59,"2026-09-09",2309,"N20","nominal","2.0NRT",287.62,0.74,"N"
"5587",33.03106,46.13656,312.49,0.55,0.42,"2026-09-09",2309,"N20","nominal","2.0NRT",296.12,1.33,"N"
"5588",33.32546,44.56999,341.54,0.46,0.39,"2026-09-09",2309,"N20","nominal","2.0NRT",298.07,5.64,"N"
"5589",33.01811,46.12089,309.88,0.55,0.42,"2026-09-09",2309,"N20","nominal","2.0NRT",295.87,0.83,"N"
"5590",32.99248,46.18633,333.36,0.55,0.43,"2026-09-09",2309,"N20","nominal","2.0NRT",301.71,9.05,"N"
"5591",33.01609,46.1246,311.71,0.55,0.42,"2026-09-09",2309,"N20","nominal","2.0NRT",295.59,1.24,"N"
"5592",32.99582,46.18559,316.06,0.55,0.43,"2026-09-09",2309,"N20","nominal","2.0NRT",300.2,3.45,"N"
"5593",32.99198,46.18453,331.8,0.55,0.43,"2026-09-09",2309,"N20","nominal","2.0NRT",300.5,8.46,"N"
"5594",30.7353,55.38451,301.73,0.68,0.74,"2026-09-09",2309,"N20","nominal","2.0NRT",289.81,0.68,"N"
"5595",33.21919,44.76575,337.4,0.47,0.4,"2026-09-09",2309,"N20","nominal","2.0NRT",299.86,6.93,"N"
"5596",32.61863,47.52584,309.09,0.44,0.46,"2026-09-09",2309,"N20","nominal","2.0NRT",296.59,1.26,"N"
"5597",33.59034,42.50651,316.57,0.4,0.37,"2026-09-09",2309,"N20","nominal","2.0NRT",298.52,1.8,"N"
"5598",33.15864,44.78394,328.3,0.47,0.4,"2026-09-09",2309,"N20","nominal","2.0NRT",296.12,2.16,"N"
"5599",33.1577,44.78891,307.76,0.47,0.4,"2026-09-09",2309,"N20","nominal","2.0NRT",295.69,2.16,"N"
"5600",32.59658,47.54566,338.31,0.44,0.46,"2026-09-09",2309,"N20","nominal","2.0NRT",299.68,4.13,"N"
"5601",32.59756,47.54109,306.44,0.44,0.46,"2026-09-09",2309,"N20","nominal","2.0NRT",296.35,4.13,"N"
"5602",30.37278,56.12803,297.11,0.77,0.77,"2026-09-09",2309,"N20","nominal","2.0NRT",286.35,0.91,"N"
"5603",33.04348,44.85259,321.7,0.48,0.4,"2026-09-09",2309,"N20","nominal","2.0NRT",293.89,2.16,"N"
"5604",33.04274,44.85525,328.42,0.48,0.4,"2026-09-09",2309,"N20","nominal","2.0NRT",294.44,2.95,"N"
"5605",32.55394,47.10144,314.65,0.42,0.45,"2026-09-09",2309,"N20","nominal","2.0NRT",299.14,2.64,"N"
"5606",32.49231,47.20875,339.3,0.42,0.45,"2026-09-09",2309,"N20","nominal","2.0NRT",302.26,9.21,"N"
"5607",32.49138,47.21309,335.24,0.42,0.45,"2026-09-09",2309,"N20","nominal","2.0NRT",303.1,9.21,"N"
"5608",32.35958,47.69901,343.34,0.45,0.47,"2026-09-09",2309,"N20","nominal","2.0NRT",302.35,8.69,"N"
"5609",32.35754,47.70831,327.15,0.45,0.47,"2026-09-09",2309,"N20","nominal","2.0NRT",296.83,8.2,"N"
"5610",32.35332,47.70714,341.8,0.45,0.47,"2026-09-09",2309,"N20","nominal","2.0NRT",303.92,8.2,"N"
"5611",32.35229,47.71182,314.29,0.45,0.47,"2026-09-09",2309,"N20","nominal","2.0NRT",298.23,8.2,"N"
"5612",32.35695,47.69729,324.01,0.45,0.47,"2026-09-09",2309,"N20","nominal","2.0NRT",299.53,4.79,"N"
"5613",32.35496,47.7066,334.78,0.45,0.47,"2026-09-09",2309,"N20","nominal","2.0NRT",298.73,6.55,"N"
"5614",32.35396,47.71128,336,0.45,0.47,"2026-09-09",2309,"N20","nominal","2.0NRT",302.82,6.62,"N"
"5615",32.35074,47.70542,338.18,0.45,0.47,"2026-09-09",2309,"N20","nominal","2.0NRT",298.5,6.55,"N"
"5616",32.34974,47.7101,315.96,0.45,0.47,"2026-09-09",2309,"N20","nominal","2.0NRT",297.86,6.62,"N"
"5617",32.37006,47.40756,337.98,0.44,0.46,"2026-09-09",2309,"N20","nominal","2.0NRT",296.84,3.72,"N"
"5618",32.35016,47.45932,305.9,0.44,0.46,"2026-09-09",2309,"N20","nominal","2.0NRT",295.49,0.84,"N"
"5619",32.25855,47.2485,339.37,0.43,0.46,"2026-09-09",2309,"N20","nominal","2.0NRT",298.95,10.08,"N"
"5620",32.2576,47.25296,329.75,0.43,0.46,"2026-09-09",2309,"N20","nominal","2.0NRT",300.36,10.08,"N"
"5621",32.17815,47.51793,339.53,0.45,0.47,"2026-09-09",2309,"N20","nominal","2.0NRT",300.08,16.39,"N"
"5622",32.17715,47.52251,320.09,0.45,0.47,"2026-09-09",2309,"N20","nominal","2.0NRT",297.33,10.45,"N"
"5623",32.15036,47.58371,322.62,0.45,0.47,"2026-09-09",2309,"N20","nominal","2.0NRT",297.41,2.01,"N"
"5624",32.15099,47.58648,321.11,0.45,0.47,"2026-09-09",2309,"N20","nominal","2.0NRT",297.65,1.94,"N"
"5625",31.76659,49.15566,316.61,0.56,0.52,"2026-09-09",2309,"N20","nominal","2.0NRT",299.55,2.99,"N"
"5626",31.76197,49.15424,330.04,0.56,0.52,"2026-09-09",2309,"N20","nominal","2.0NRT",300.02,2.99,"N"
"5627",32.1099,47.54949,345.6,0.45,0.47,"2026-09-09",2309,"N20","nominal","2.0NRT",301.91,7.71,"N"
"5628",32.10569,47.54833,345.89,0.45,0.47,"2026-09-09",2309,"N20","nominal","2.0NRT",300.01,10.22,"N"
"5629",32.13122,47.40941,348.21,0.44,0.46,"2026-09-09",2309,"N20","nominal","2.0NRT",297.5,6.72,"N"
"5630",29.993,55.85573,303.08,0.76,0.77,"2026-09-09",2309,"N20","nominal","2.0NRT",285.64,1.61,"N"
"5631",32.48883,45.66748,329.81,0.53,0.42,"2026-09-09",2309,"N20","nominal","2.0NRT",296.96,3.21,"N"
"5632",32.48993,45.66196,309.66,0.53,0.42,"2026-09-09",2309,"N20","nominal","2.0NRT",296.6,3.21,"N"
"5633",32.12192,47.41153,312.57,0.44,0.46,"2026-09-09",2309,"N20","nominal","2.0NRT",298.06,2.25,"N"
"5634",32.11875,47.40575,322.76,0.44,0.46,"2026-09-09",2309,"N20","nominal","2.0NRT",297.67,6.38,"N"
"5635",32.11776,47.41031,333.37,0.44,0.46,"2026-09-09",2309,"N20","nominal","2.0NRT",318.38,27.45,"N"
"5636",32.11678,47.41487,316.77,0.44,0.46,"2026-09-09",2309,"N20","nominal","2.0NRT",297.85,27.45,"N"
"5637",32.1136,47.40911,309.36,0.44,0.46,"2026-09-09",2309,"N20","nominal","2.0NRT",296.98,27.45,"N"
"5638",32.09618,47.42822,331.65,0.44,0.46,"2026-09-09",2309,"N20","nominal","2.0NRT",297.31,3.17,"N"
"5639",32.05779,47.44297,351.27,0.44,0.46,"2026-09-09",2309,"N20","nominal","2.0NRT",301.15,17.15,"N"
"5640",31.65044,49.26597,326.03,0.57,0.52,"2026-09-09",2309,"N20","nominal","2.0NRT",298.48,3.82,"N"
"5641",30.08055,55.39589,299.26,0.71,0.75,"2026-09-09",2309,"N20","nominal","2.0NRT",287.81,2.92,"N"
"5642",32.42891,44.27759,310.1,0.46,0.39,"2026-09-09",2309,"N20","nominal","2.0NRT",299.11,1.89,"N"
"5643",31.32485,49.28342,329.69,0.58,0.52,"2026-09-09",2309,"N20","nominal","2.0NRT",296,3.46,"N"
"5644",31.32015,49.28201,331.38,0.58,0.52,"2026-09-09",2309,"N20","nominal","2.0NRT",297.78,3.46,"N"
"5645",31.32517,49.28255,321.35,0.59,0.52,"2026-09-09",2309,"N20","nominal","2.0NRT",296.01,2.96,"N"
"5646",31.32047,49.28113,325.34,0.59,0.52,"2026-09-09",2309,"N20","nominal","2.0NRT",297.01,2.96,"N"
"5647",31.66083,47.52147,323.47,0.46,0.47,"2026-09-09",2309,"N20","nominal","2.0NRT",299.28,4.5,"N"
"5648",31.41029,48.64967,309.3,0.54,0.5,"2026-09-09",2309,"N20","nominal","2.0NRT",295.16,1.67,"N"
"5649",31.65763,47.51551,344.52,0.46,0.47,"2026-09-09",2309,"N20","nominal","2.0NRT",304.78,14.96,"N"
"5650",31.65865,47.51083,311,0.46,0.47,"2026-09-09",2309,"N20","nominal","2.0NRT",297.85,14.96,"N"
"5651",31.40577,48.64828,317.64,0.54,0.5,"2026-09-09",2309,"N20","nominal","2.0NRT",296.54,1.67,"N"
"5652",31.40452,48.65376,310.59,0.54,0.51,"2026-09-09",2309,"N20","nominal","2.0NRT",295.09,0.65,"N"
"5653",31.65342,47.51427,321.06,0.46,0.47,"2026-09-09",2309,"N20","nominal","2.0NRT",298.74,3.55,"N"
"5654",31.69173,47.25563,326.09,0.44,0.46,"2026-09-09",2309,"N20","nominal","2.0NRT",297.54,1.96,"N"
"5655",32.33232,44.08967,309.11,0.45,0.39,"2026-09-09",2309,"N20","nominal","2.0NRT",297.95,3.05,"N"
"5656",31.24739,49.16377,311.25,0.58,0.52,"2026-09-09",2309,"N20","nominal","2.0NRT",294.77,1.64,"N"
"5657",31.21024,49.21356,338.19,0.58,0.52,"2026-09-09",2309,"N20","nominal","2.0NRT",296.92,5.41,"N"
"5658",31.31106,48.77064,319.66,0.55,0.51,"2026-09-09",2309,"N20","nominal","2.0NRT",298.24,2.95,"N"
"5659",31.3065,48.76923,323.02,0.55,0.51,"2026-09-09",2309,"N20","nominal","2.0NRT",297.36,2.95,"N"
"5660",32.22916,44.25093,311.86,0.46,0.39,"2026-09-09",2309,"N20","nominal","2.0NRT",297.55,1.43,"N"
"5661",31.23655,48.99026,316.28,0.57,0.52,"2026-09-09",2309,"N20","nominal","2.0NRT",294.34,2.5,"N"
"5662",31.27639,48.73019,335.29,0.54,0.51,"2026-09-09",2309,"N20","nominal","2.0NRT",302.15,8.3,"N"
"5663",31.22731,48.94435,313.66,0.56,0.52,"2026-09-09",2309,"N20","nominal","2.0NRT",297.5,2.22,"N"
"5664",31.14029,49.31984,306.25,0.59,0.53,"2026-09-09",2309,"N20","nominal","2.0NRT",294.07,0.77,"N"
"5665",31.13557,49.31834,344.66,0.59,0.53,"2026-09-09",2309,"N20","nominal","2.0NRT",297.35,7.15,"N"
"5666",31.13417,49.32437,338.28,0.59,0.53,"2026-09-09",2309,"N20","nominal","2.0NRT",295.36,5.39,"N"
"5667",31.27057,48.73434,315.95,0.55,0.51,"2026-09-09",2309,"N20","nominal","2.0NRT",303.68,5.98,"N"
"5668",31.13698,49.31233,312.51,0.59,0.53,"2026-09-09",2309,"N20","nominal","2.0NRT",294.96,7.15,"N"
"5669",31.21545,48.95293,326,0.56,0.52,"2026-09-09",2309,"N20","nominal","2.0NRT",296.07,2.99,"N"
"5670",31.12945,49.32286,341.13,0.59,0.53,"2026-09-09",2309,"N20","nominal","2.0NRT",298.13,5.39,"N"
"5671",31.21085,48.95149,354.86,0.56,0.52,"2026-09-09",2309,"N20","nominal","2.0NRT",304.54,12.16,"N"
"5672",31.12617,49.31529,324.48,0.59,0.53,"2026-09-09",2309,"N20","nominal","2.0NRT",295.86,2.55,"N"
"5673",31.20952,48.95723,314.04,0.56,0.52,"2026-09-09",2309,"N20","nominal","2.0NRT",296.04,8.72,"N"
"5674",31.20623,48.95006,325.35,0.56,0.52,"2026-09-09",2309,"N20","nominal","2.0NRT",297.13,12.16,"N"
"5675",31.43563,47.83558,342.99,0.48,0.48,"2026-09-09",2309,"N20","nominal","2.0NRT",302.98,23.47,"N"
"5676",31.43607,47.83366,331.12,0.48,0.48,"2026-09-09",2309,"N20","nominal","2.0NRT",297.08,10.03,"N"
"5677",31.43501,47.8386,329.14,0.48,0.48,"2026-09-09",2309,"N20","nominal","2.0NRT",301.79,15.37,"N"
"5678",31.77281,46.06154,318.72,0.57,0.43,"2026-09-09",2309,"N20","nominal","2.0NRT",298.64,2.28,"N"
"5679",31.76772,46.06635,328.6,0.57,0.43,"2026-09-09",2309,"N20","nominal","2.0NRT",299.33,4.57,"N"
"5680",31.04325,49.39287,331.5,0.6,0.53,"2026-09-09",2309,"N20","nominal","2.0NRT",296.66,4.35,"N"
"5681",31.76891,46.06045,310.55,0.57,0.43,"2026-09-09",2309,"N20","nominal","2.0NRT",298.15,2.28,"N"
"5682",31.76741,46.0476,308.21,0.57,0.43,"2026-09-09",2309,"N20","nominal","2.0NRT",297.12,10.01,"N"
"5683",31.76352,46.04651,329.19,0.57,0.43,"2026-09-09",2309,"N20","nominal","2.0NRT",306.04,10.01,"N"
"5684",31.76472,46.04063,317.81,0.57,0.43,"2026-09-09",2309,"N20","nominal","2.0NRT",295.88,10.01,"N"
"5685",31.3529,47.8562,327.09,0.48,0.48,"2026-09-09",2309,"N20","nominal","2.0NRT",297.68,2.64,"N"
"5686",31.2759,48.11806,320.15,0.5,0.49,"2026-09-09",2309,"N20","nominal","2.0NRT",298.16,3.16,"N"
"5687",31.27265,48.11161,327.67,0.5,0.49,"2026-09-09",2309,"N20","nominal","2.0NRT",296.74,33.26,"N"
"5688",31.2715,48.11674,333.72,0.5,0.49,"2026-09-09",2309,"N20","nominal","2.0NRT",317.55,33.26,"N"
"5689",31.27034,48.12188,312.34,0.5,0.49,"2026-09-09",2309,"N20","nominal","2.0NRT",296.79,11.85,"N"
"5690",31.2671,48.11543,307.36,0.5,0.49,"2026-09-09",2309,"N20","nominal","2.0NRT",296.51,33.26,"N"
"5691",30.8994,49.67545,328.41,0.63,0.54,"2026-09-09",2309,"N20","nominal","2.0NRT",297.67,5.14,"N"
"5692",31.2736,48.11626,349.22,0.5,0.49,"2026-09-09",2309,"N20","nominal","2.0NRT",318.63,36.57,"N"
"5693",31.27248,48.12141,335.63,0.5,0.49,"2026-09-09",2309,"N20","nominal","2.0NRT",298.84,36.57,"N"
"5694",31.27472,48.11112,309.52,0.5,0.49,"2026-09-09",2309,"N20","nominal","2.0NRT",295.34,1.62,"N"
"5695",31.26919,48.11494,341.57,0.5,0.49,"2026-09-09",2309,"N20","nominal","2.0NRT",298.52,36.57,"N"
"5696",31.27032,48.1098,307.12,0.5,0.49,"2026-09-09",2309,"N20","nominal","2.0NRT",295.39,1.62,"N"
"5697",31.26808,48.12008,314.11,0.5,0.49,"2026-09-09",2309,"N20","nominal","2.0NRT",297.15,36.57,"N"
"5698",30.90259,49.67675,327.9,0.63,0.54,"2026-09-09",2309,"N20","nominal","2.0NRT",297.94,5.45,"N"
"5699",33.26807,36.32714,302.9,0.5,0.41,"2026-09-09",2309,"N20","nominal","2.0NRT",289.92,1.1,"N"
"5700",31.32502,47.79394,309,0.48,0.48,"2026-09-09",2309,"N20","nominal","2.0NRT",295.45,1.07,"N"
"5701",31.3013,47.79737,344.93,0.48,0.48,"2026-09-09",2309,"N20","nominal","2.0NRT",298.53,12.79,"N"
"5702",30.89166,49.6124,333.43,0.63,0.54,"2026-09-09",2309,"N20","nominal","2.0NRT",298.78,6.65,"N"
"5703",31.29698,47.79608,309.96,0.48,0.48,"2026-09-09",2309,"N20","nominal","2.0NRT",297.46,1.88,"N"
"5704",31.23695,47.9641,342.75,0.49,0.49,"2026-09-09",2309,"N20","nominal","2.0NRT",300.07,13.09,"N"
"5705",31.23583,47.96914,333.34,0.49,0.49,"2026-09-09",2309,"N20","nominal","2.0NRT",300.19,13.09,"N"
"5706",30.76556,49.99059,307.93,0.33,0.55,"2026-09-09",2309,"N20","nominal","2.0NRT",296.01,0.98,"N"
"5707",31.28291,47.71361,325.88,0.48,0.48,"2026-09-09",2309,"N20","nominal","2.0NRT",299.35,4.3,"N"
"5708",30.96606,49.1175,310.05,0.58,0.52,"2026-09-09",2309,"N20","nominal","2.0NRT",293.27,1.2,"N"
"5709",30.94619,49.18138,304.9,0.59,0.53,"2026-09-09",2309,"N20","nominal","2.0NRT",294.47,0.79,"N"
"5710",30.71333,50.11903,318.5,0.34,0.56,"2026-09-09",2309,"N20","nominal","2.0NRT",298.37,2.19,"N"
"5711",31.09073,48.4892,316.19,0.53,0.5,"2026-09-09",2309,"N20","nominal","2.0NRT",293.6,2.03,"N"
"5712",31.0895,48.49463,319.93,0.53,0.5,"2026-09-09",2309,"N20","nominal","2.0NRT",293.98,2.03,"N"
"5713",30.66234,50.30685,311.14,0.35,0.56,"2026-09-09",2309,"N20","nominal","2.0NRT",297.95,1.81,"N"
"5714",31.08375,48.49869,311.77,0.53,0.5,"2026-09-09",2309,"N20","nominal","2.0NRT",295.07,2.29,"N"
"5715",31.15945,48.06009,309.53,0.5,0.49,"2026-09-09",2309,"N20","nominal","2.0NRT",296.97,1.62,"N"
"5716",31.16185,48.05902,317.94,0.5,0.49,"2026-09-09",2309,"N20","nominal","2.0NRT",297.27,2.97,"N"
"5717",30.7217,49.82143,367,0.32,0.55,"2026-09-09",2309,"N20","high","2.0NRT",303.74,6.5,"N"
"5718",30.9235,48.86624,321.74,0.56,0.52,"2026-09-09",2309,"N20","nominal","2.0NRT",296.85,4.05,"N"
"5719",30.92612,48.85478,306.37,0.56,0.52,"2026-09-09",2309,"N20","nominal","2.0NRT",293.69,1.01,"N"
"5720",31.1428,47.86991,317.21,0.49,0.49,"2026-09-09",2309,"N20","nominal","2.0NRT",295.54,1.29,"N"
"5721",30.92151,48.85336,303.99,0.56,0.52,"2026-09-09",2309,"N20","nominal","2.0NRT",293.62,0.54,"N"
"5722",30.65615,49.91934,312.02,0.33,0.55,"2026-09-09",2309,"N20","nominal","2.0NRT",297.41,1.11,"N"
"5723",30.48672,50.48249,313.15,0.36,0.57,"2026-09-09",2309,"N20","nominal","2.0NRT",294.65,0.53,"N"
"5724",30.70984,49.54158,338.33,0.62,0.54,"2026-09-09",2309,"N20","nominal","2.0NRT",298.42,5.21,"N"
"5725",31.06211,47.9885,342.8,0.5,0.49,"2026-09-09",2309,"N20","nominal","2.0NRT",295.13,5.28,"N"
"5726",30.7082,49.53973,332.75,0.63,0.54,"2026-09-09",2309,"N20","nominal","2.0NRT",297.2,5.68,"N"
"5727",30.48605,50.48185,309.77,0.36,0.57,"2026-09-09",2309,"N20","nominal","2.0NRT",294.83,0.67,"N"
"5728",30.6146,49.91806,315.04,0.33,0.55,"2026-09-09",2309,"N20","nominal","2.0NRT",297.88,1.86,"N"
"5729",31.09177,47.78839,339.09,0.49,0.48,"2026-09-09",2309,"N20","nominal","2.0NRT",298.9,14.15,"N"
"5730",31.09069,47.79335,334.18,0.49,0.48,"2026-09-09",2309,"N20","nominal","2.0NRT",303.61,14.15,"N"
"5731",30.4103,50.74965,331.38,0.37,0.58,"2026-09-09",2309,"N20","nominal","2.0NRT",296.09,2.69,"N"
"5732",31.08744,47.7871,338.58,0.49,0.48,"2026-09-09",2309,"N20","nominal","2.0NRT",298.31,15.74,"N"
"5733",31.00612,48.13646,327.58,0.51,0.49,"2026-09-09",2309,"N20","nominal","2.0NRT",298.97,15.06,"N"
"5734",31.00497,48.14167,351.97,0.51,0.49,"2026-09-09",2309,"N20","nominal","2.0NRT",311.24,56.08,"N"
"5735",31.00169,48.13513,323.83,0.51,0.49,"2026-09-09",2309,"N20","nominal","2.0NRT",297.11,3.73,"N"
"5736",31.00054,48.14034,339.99,0.51,0.49,"2026-09-09",2309,"N20","nominal","2.0NRT",300.11,6.68,"N"
"5737",30.56563,50.01262,333,0.34,0.56,"2026-09-09",2309,"N20","nominal","2.0NRT",298.1,6.73,"N"
"5738",30.56485,50.0159,355.7,0.34,0.56,"2026-09-09",2309,"N20","nominal","2.0NRT",307.81,8.48,"N"
"5739",29.88219,52.74759,299.22,0.5,0.66,"2026-09-09",2309,"N20","nominal","2.0NRT",288.47,1.61,"N"
"5740",30.57244,49.91688,343.39,0.33,0.55,"2026-09-09",2309,"N20","nominal","2.0NRT",297.32,3.74,"N"
"5741",30.57166,49.92018,319.22,0.33,0.55,"2026-09-09",2309,"N20","nominal","2.0NRT",296.93,3.07,"N"
"5742",30.3979,50.61757,345.65,0.37,0.58,"2026-09-09",2309,"N20","nominal","2.0NRT",296.66,5.36,"N"
"5743",30.39702,50.62117,335.93,0.37,0.58,"2026-09-09",2309,"N20","nominal","2.0NRT",296.53,4.37,"N"
"5744",30.39967,50.61032,310.29,0.37,0.58,"2026-09-09",2309,"N20","nominal","2.0NRT",296.62,1.64,"N"
"5745",30.39453,50.60864,323.08,0.37,0.58,"2026-09-09",2309,"N20","nominal","2.0NRT",296.23,2.92,"N"
"5746",29.78273,53.00301,310.9,0.52,0.67,"2026-09-09",2309,"N20","nominal","2.0NRT",284.49,1.21,"N"
"5747",31.08182,47.62345,339,0.48,0.48,"2026-09-09",2309,"N20","nominal","2.0NRT",298.36,11.38,"N"
"5748",31.08076,47.62831,330.26,0.48,0.48,"2026-09-09",2309,"N20","nominal","2.0NRT",299.3,12.26,"N"
"5749",31.06464,47.6184,341.45,0.48,0.48,"2026-09-09",2309,"N20","nominal","2.0NRT",301.35,14.83,"N"
"5750",31.06034,47.61714,340.87,0.48,0.48,"2026-09-09",2309,"N20","nominal","2.0NRT",298.39,13.19,"N"
"5751",31.02688,47.7061,335.63,0.48,0.48,"2026-09-09",2309,"N20","nominal","2.0NRT",296.11,4.03,"N"
"5752",31.02798,47.70119,312.85,0.48,0.48,"2026-09-09",2309,"N20","nominal","2.0NRT",292.84,2.91,"N"
"5753",31.02744,47.70427,345.17,0.48,0.48,"2026-09-09",2309,"N20","nominal","2.0NRT",294.32,6.03,"N"
"5754",30.55549,49.69945,305.09,0.32,0.55,"2026-09-09",2309,"N20","nominal","2.0NRT",294.43,0.99,"N"
"5755",30.32821,50.65579,303.64,0.37,0.58,"2026-09-09",2309,"N20","nominal","2.0NRT",293.52,0.34,"N"
"5756",31.36091,45.96154,311.17,0.57,0.43,"2026-09-09",2309,"N20","nominal","2.0NRT",295.5,2.17,"N"
"5757",30.29747,50.73646,305.04,0.38,0.58,"2026-09-09",2309,"N20","nominal","2.0NRT",292.49,0.31,"N"
"5758",31.3558,45.96636,326.71,0.57,0.43,"2026-09-09",2309,"N20","nominal","2.0NRT",297.95,2.17,"N"
"5759",31.357,45.96046,310.06,0.57,0.43,"2026-09-09",2309,"N20","nominal","2.0NRT",295.85,2.17,"N"
"5760",30.35117,50.28793,367,0.35,0.57,"2026-09-09",2309,"N20","high","2.0NRT",309.2,10.22,"N"
"5761",30.35029,50.29153,334.21,0.35,0.57,"2026-09-09",2309,"N20","nominal","2.0NRT",299.64,9.73,"N"
"5762",30.6264,49.13015,307.31,0.59,0.53,"2026-09-09",2309,"N20","nominal","2.0NRT",296.29,2.44,"N"
"5763",30.35205,50.28432,310.49,0.35,0.57,"2026-09-09",2309,"N20","nominal","2.0NRT",297.55,10.22,"N"
"5764",30.34518,50.29011,334.75,0.35,0.57,"2026-09-09",2309,"N20","nominal","2.0NRT",297.8,9.73,"N"
"5765",31.03642,47.28416,308.29,0.46,0.47,"2026-09-09",2309,"N20","nominal","2.0NRT",294.19,1.76,"N"
"5766",30.34605,50.28652,313.58,0.35,0.57,"2026-09-09",2309,"N20","nominal","2.0NRT",298.04,10.22,"N"
"5767",31.0322,47.28294,333.38,0.46,0.47,"2026-09-09",2309,"N20","nominal","2.0NRT",332.48,42.7,"N"
"5768",31.03119,47.2876,333.45,0.46,0.47,"2026-09-09",2309,"N20","nominal","2.0NRT",299.04,42.7,"N"
"5769",31.03321,47.27828,319.57,0.46,0.47,"2026-09-09",2309,"N20","nominal","2.0NRT",295.24,2.94,"N"
"5770",31.02798,47.28172,334.15,0.46,0.47,"2026-09-09",2309,"N20","nominal","2.0NRT",297.93,42.7,"N"
"5771",31.02899,47.27706,307.72,0.46,0.47,"2026-09-09",2309,"N20","nominal","2.0NRT",294.19,2.94,"N"
"5772",31.02697,47.28637,313.43,0.46,0.47,"2026-09-09",2309,"N20","nominal","2.0NRT",297.48,42.7,"N"
"5773",30.86357,47.92224,351.91,0.5,0.49,"2026-09-09",2309,"N20","nominal","2.0NRT",300.34,15.48,"N"
"5774",30.86572,47.92024,324.04,0.5,0.49,"2026-09-09",2309,"N20","nominal","2.0NRT",297.98,5.02,"N"
"5775",30.86461,47.92534,333.81,0.5,0.49,"2026-09-09",2309,"N20","nominal","2.0NRT",298.08,5.02,"N"
"5776",30.86133,47.91893,308.18,0.5,0.49,"2026-09-09",2309,"N20","nominal","2.0NRT",296.89,5.02,"N"
"5777",30.86022,47.92403,319.68,0.5,0.49,"2026-09-09",2309,"N20","nominal","2.0NRT",297.39,5.02,"N"
"5778",29.73634,52.65219,300.81,0.5,0.66,"2026-09-09",2309,"N20","nominal","2.0NRT",290.24,1.77,"N"
"5779",30.75879,48.27771,309.74,0.53,0.5,"2026-09-09",2309,"N20","nominal","2.0NRT",298.38,38.07,"N"
"5780",30.7576,48.28307,316.24,0.53,0.5,"2026-09-09",2309,"N20","nominal","2.0NRT",296.97,38.07,"N"
"5781",30.75431,48.27637,342.17,0.53,0.5,"2026-09-09",2309,"N20","nominal","2.0NRT",299.9,38.07,"N"
"5782",30.75311,48.28172,367,0.53,0.5,"2026-09-09",2309,"N20","high","2.0NRT",320.96,38.07,"N"
"5783",30.75192,48.28709,317.63,0.53,0.5,"2026-09-09",2309,"N20","nominal","2.0NRT",297.17,14.19,"N"
"5784",30.74982,48.27502,331.85,0.53,0.5,"2026-09-09",2309,"N20","nominal","2.0NRT",296.93,6.9,"N"
"5785",30.74862,48.28038,350.06,0.53,0.5,"2026-09-09",2309,"N20","nominal","2.0NRT",301.54,6.9,"N"
"5786",30.74743,48.28575,309.61,0.53,0.5,"2026-09-09",2309,"N20","nominal","2.0NRT",295.83,2.38,"N"
"5787",30.06863,50.89428,309.19,0.39,0.59,"2026-09-09",2309,"N20","nominal","2.0NRT",296.1,1.72,"N"
"5788",30.88827,47.33284,311.6,0.46,0.47,"2026-09-09",2309,"N20","nominal","2.0NRT",294.87,1.07,"N"
"5789",30.88723,47.33756,312.62,0.46,0.47,"2026-09-09",2309,"N20","nominal","2.0NRT",294.79,1.07,"N"
"5790",30.88402,47.33162,355.56,0.46,0.47,"2026-09-09",2309,"N20","nominal","2.0NRT",303.87,54.43,"N"
"5791",30.88568,47.33608,350.31,0.46,0.47,"2026-09-09",2309,"N20","nominal","2.0NRT",307.62,40.66,"N"
"5792",30.88668,47.33135,318.62,0.46,0.47,"2026-09-09",2309,"N20","nominal","2.0NRT",297.44,9.8,"N"
"5793",30.88243,47.33011,339.51,0.46,0.47,"2026-09-09",2309,"N20","nominal","2.0NRT",302.33,10.55,"N"
"5794",30.88143,47.33484,323.78,0.46,0.47,"2026-09-09",2309,"N20","nominal","2.0NRT",297.66,5.34,"N"
"5795",30.19374,50.38732,310.84,0.36,0.57,"2026-09-09",2309,"N20","nominal","2.0NRT",299.67,2.28,"N"
"5796",30.17014,50.43996,312.46,0.36,0.58,"2026-09-09",2309,"N20","nominal","2.0NRT",298.66,1.93,"N"
"5797",30.15837,50.42005,310.7,0.36,0.58,"2026-09-09",2309,"N20","nominal","2.0NRT",299.65,2.71,"N"
"5798",30.15231,50.4223,367,0.36,0.58,"2026-09-09",2309,"N20","high","2.0NRT",303.45,6.76,"N"
"5799",30.15562,50.40853,318.11,0.36,0.57,"2026-09-09",2309,"N20","nominal","2.0NRT",299.13,2.04,"N"
"5800",30.15315,50.41878,310.15,0.36,0.58,"2026-09-09",2309,"N20","nominal","2.0NRT",299.54,4.56,"N"
"5801",30.45862,49.09673,314.8,0.6,0.53,"2026-09-09",2309,"N20","nominal","2.0NRT",300.63,2.53,"N"
"5802",30.13687,50.44051,309.96,0.36,0.58,"2026-09-09",2309,"N20","nominal","2.0NRT",298.04,0.74,"N"
"5803",29.62306,52.44395,300.16,0.49,0.65,"2026-09-09",2309,"N20","nominal","2.0NRT",289.59,0.64,"N"
"5804",30.83165,47.33544,310.37,0.46,0.47,"2026-09-09",2309,"N20","nominal","2.0NRT",294,1.81,"N"
"5805",30.82842,47.32947,347.96,0.46,0.47,"2026-09-09",2309,"N20","nominal","2.0NRT",306.04,23.52,"N"
"5806",30.8274,47.33421,331.86,0.46,0.47,"2026-09-09",2309,"N20","nominal","2.0NRT",304.74,23.52,"N"
"5807",30.82417,47.32825,346.99,0.46,0.47,"2026-09-09",2309,"N20","nominal","2.0NRT",300.15,23.52,"N"
"5808",30.75051,47.66656,338,0.49,0.48,"2026-09-09",2309,"N20","nominal","2.0NRT",298.41,5.73,"N"
"5809",30.7516,47.66162,314.74,0.49,0.48,"2026-09-09",2309,"N20","nominal","2.0NRT",296.94,4.67,"N"
"5810",29.90192,51.23343,340.94,0.41,0.61,"2026-09-09",2309,"N20","nominal","2.0NRT",295,2.79,"N"
"5811",29.90271,51.23029,313.37,0.41,0.61,"2026-09-09",2309,"N20","nominal","2.0NRT",294.58,2.79,"N"
"5812",29.89843,51.22414,322.51,0.41,0.61,"2026-09-09",2309,"N20","nominal","2.0NRT",297.94,2.89,"N"
"5813",31.24175,45.25733,309.95,0.53,0.42,"2026-09-09",2309,"N20","nominal","2.0NRT",298.17,1.27,"N"
"5814",30.04491,50.63506,312.68,0.38,0.58,"2026-09-09",2309,"N20","nominal","2.0NRT",298.99,1.14,"N"
"5815",29.89767,51.22715,317.77,0.41,0.61,"2026-09-09",2309,"N20","nominal","2.0NRT",296.73,2.89,"N"
"5816",29.89693,51.23012,315.31,0.41,0.61,"2026-09-09",2309,"N20","nominal","2.0NRT",296.22,1.99,"N"
"5817",29.89621,51.23301,309.77,0.41,0.61,"2026-09-09",2309,"N20","nominal","2.0NRT",294.55,1.99,"N"
"5818",29.89352,51.22052,340.49,0.41,0.61,"2026-09-09",2309,"N20","nominal","2.0NRT",299.14,4.68,"N"
"5819",29.89273,51.22366,321.09,0.41,0.61,"2026-09-09",2309,"N20","nominal","2.0NRT",298.11,2.89,"N"
"5820",30.03944,50.63446,319.29,0.38,0.58,"2026-09-09",2309,"N20","nominal","2.0NRT",298.98,1.14,"N"
"5821",30.03845,50.63847,310.93,0.38,0.58,"2026-09-09",2309,"N20","nominal","2.0NRT",299.61,2.17,"N"
"5822",29.89441,51.217,314.02,0.41,0.61,"2026-09-09",2309,"N20","nominal","2.0NRT",296.02,4.68,"N"
"5823",29.88718,51.22256,322.45,0.41,0.61,"2026-09-09",2309,"N20","nominal","2.0NRT",295.77,2.88,"N"
"5824",30.76901,47.33241,341.52,0.46,0.47,"2026-09-09",2309,"N20","nominal","2.0NRT",298.17,8.35,"N"
"5825",30.76681,47.33385,338.67,0.47,0.47,"2026-09-09",2309,"N20","nominal","2.0NRT",297.5,5.07,"N"
"5826",30.76357,47.32788,340.15,0.47,0.47,"2026-09-09",2309,"N20","nominal","2.0NRT",299.61,7.29,"N"
"5827",30.99497,46.21868,313.65,0.4,0.44,"2026-09-09",2309,"N20","nominal","2.0NRT",298.09,1.62,"N"
"5828",29.81333,51.28456,315.33,0.42,0.61,"2026-09-09",2309,"N20","nominal","2.0NRT",298.13,3.06,"N"
"5829",29.80746,51.28467,310.67,0.42,0.61,"2026-09-09",2309,"N20","nominal","2.0NRT",297.56,2.86,"N"
"5830",32.55384,36.41351,296.12,0.49,0.4,"2026-09-09",2309,"N20","nominal","2.0NRT",286.06,0.35,"N"
"5831",30.6903,47.33186,313.45,0.47,0.47,"2026-09-09",2309,"N20","nominal","2.0NRT",296.4,21.43,"N"
"5832",30.68707,47.32589,339.15,0.47,0.47,"2026-09-09",2309,"N20","nominal","2.0NRT",297.44,25.69,"N"
"5833",30.68604,47.33063,367,0.47,0.47,"2026-09-09",2309,"N20","high","2.0NRT",311.02,21.43,"N"
"5834",30.48184,48.2496,314.19,0.53,0.5,"2026-09-09",2309,"N20","nominal","2.0NRT",298.38,2.46,"N"
"5835",29.25529,53.12178,327,0.55,0.68,"2026-09-09",2309,"N20","nominal","2.0NRT",289.75,3.28,"N"
"5836",29.25674,53.11642,302.61,0.55,0.68,"2026-09-09",2309,"N20","nominal","2.0NRT",287.54,2.39,"N"
"5837",29.25678,53.12072,342.04,0.55,0.68,"2026-09-09",2309,"N20","nominal","2.0NRT",289.99,5.01,"N"
"5838",29.3705,52.61277,310.23,0.51,0.66,"2026-09-09",2309,"N20","nominal","2.0NRT",290.76,2.39,"N"
"5839",30.61281,47.32739,321.8,0.47,0.48,"2026-09-09",2309,"N20","nominal","2.0NRT",300.05,3.59,"N"
"5840",30.61178,47.33215,309.32,0.47,0.48,"2026-09-09",2309,"N20","nominal","2.0NRT",297.98,1.65,"N"
"5841",30.60854,47.32616,342.41,0.47,0.48,"2026-09-09",2309,"N20","nominal","2.0NRT",299.73,6.57,"N"
"5842",30.52346,47.61113,329.1,0.49,0.48,"2026-09-09",2309,"N20","nominal","2.0NRT",296.51,2.28,"N"
"5843",30.52455,47.60619,316.97,0.49,0.48,"2026-09-09",2309,"N20","nominal","2.0NRT",296.68,2.28,"N"
"5844",30.57335,47.32102,335.38,0.47,0.48,"2026-09-09",2309,"N20","nominal","2.0NRT",297.98,5.05,"N"
"5845",30.55871,47.38791,320.86,0.47,0.48,"2026-09-09",2309,"N20","nominal","2.0NRT",299.24,4.58,"N"
"5846",30.57012,47.31503,331.3,0.47,0.48,"2026-09-09",2309,"N20","nominal","2.0NRT",299.66,4.52,"N"
"5847",30.56596,47.33405,320.31,0.47,0.48,"2026-09-09",2309,"N20","nominal","2.0NRT",297.56,2.86,"N"
"5848",30.47616,47.74088,328.14,0.5,0.49,"2026-09-09",2309,"N20","nominal","2.0NRT",298.29,4.43,"N"
"5849",30.56273,47.32806,338.76,0.47,0.48,"2026-09-09",2309,"N20","nominal","2.0NRT",299.47,5.74,"N"
"5850",30.56585,47.3138,311.29,0.47,0.48,"2026-09-09",2309,"N20","nominal","2.0NRT",298.03,2.86,"N"
"5851",30.5575,47.3519,319.97,0.47,0.48,"2026-09-09",2309,"N20","nominal","2.0NRT",299.09,2.56,"N"
"5852",30.346,48.27677,320.65,0.54,0.51,"2026-09-09",2309,"N20","nominal","2.0NRT",301.86,6.63,"N"
"5853",30.56094,47.32969,336.24,0.47,0.48,"2026-09-09",2309,"N20","nominal","2.0NRT",299.69,3.48,"N"
"5854",30.55688,47.34882,319.34,0.47,0.48,"2026-09-09",2309,"N20","nominal","2.0NRT",297.84,2.38,"N"
"5855",30.34703,48.27473,325.32,0.54,0.51,"2026-09-09",2309,"N20","nominal","2.0NRT",302.64,8.1,"N"
"5856",30.47996,47.60096,314.18,0.49,0.48,"2026-09-09",2309,"N20","nominal","2.0NRT",299.41,1.88,"N"
"5857",30.47561,47.59969,308.58,0.49,0.48,"2026-09-09",2309,"N20","nominal","2.0NRT",296.66,1.1,"N"
"5858",30.56457,47.10076,339.14,0.46,0.47,"2026-09-09",2309,"N20","nominal","2.0NRT",298.98,28.41,"N"
"5859",30.56359,47.10539,367,0.46,0.47,"2026-09-09",2309,"N20","high","2.0NRT",313.33,28.41,"N"
"5860",30.54447,47.09009,330.11,0.46,0.47,"2026-09-09",2309,"N20","nominal","2.0NRT",298.08,2.41,"N"
"5861",30.49579,47.31584,349.77,0.47,0.48,"2026-09-09",2309,"N20","nominal","2.0NRT",300.62,9.39,"N"
"5862",30.49476,47.32061,329.84,0.47,0.48,"2026-09-09",2309,"N20","nominal","2.0NRT",300.62,5.23,"N"
"5863",30.4169,47.61419,346.44,0.49,0.49,"2026-09-09",2309,"N20","nominal","2.0NRT",300.44,6.87,"N"
"5864",29.94272,49.68512,367,0.33,0.55,"2026-09-09",2309,"N20","high","2.0NRT",301.4,5.88,"N"
"5865",30.56035,46.704,319.96,0.43,0.46,"2026-09-09",2309,"N20","nominal","2.0NRT",298.15,1.91,"N"
"5866",29.51186,51.258,329.66,0.42,0.61,"2026-09-09",2309,"N20","nominal","2.0NRT",298.21,4.9,"N"
"5867",29.51091,51.26184,312.07,0.42,0.61,"2026-09-09",2309,"N20","nominal","2.0NRT",298.4,3.89,"N"
"5868",30.40468,47.33303,338.41,0.47,0.48,"2026-09-09",2309,"N20","nominal","2.0NRT",299.14,3.75,"N"
"5869",30.40364,47.33782,324.92,0.47,0.48,"2026-09-09",2309,"N20","nominal","2.0NRT",299.18,5.78,"N"
"5870",30.40039,47.33178,320.77,0.47,0.48,"2026-09-09",2309,"N20","nominal","2.0NRT",297.62,3.75,"N"
"5871",30.36399,47.33145,339.79,0.47,0.48,"2026-09-09",2309,"N20","nominal","2.0NRT",298.52,4.84,"N"
"5872",30.36189,47.34106,350.47,0.47,0.48,"2026-09-09",2309,"N20","nominal","2.0NRT",300.86,10.48,"N"
"5873",30.27384,47.74167,343.44,0.5,0.49,"2026-09-09",2309,"N20","nominal","2.0NRT",300.34,15.85,"N"
"5874",30.35865,47.33502,328.75,0.47,0.48,"2026-09-09",2309,"N20","nominal","2.0NRT",299.36,12.46,"N"
"5875",30.3576,47.33982,340.61,0.47,0.48,"2026-09-09",2309,"N20","nominal","2.0NRT",304.02,12.46,"N"
"5876",32.21317,36.19917,305.86,0.49,0.4,"2026-09-09",2309,"N20","nominal","2.0NRT",291.71,1.21,"N"
"5877",30.31429,47.34628,321.5,0.48,0.48,"2026-09-09",2309,"N20","nominal","2.0NRT",297.01,2.91,"N"
"5878",30.28326,47.36299,327.84,0.48,0.48,"2026-09-09",2309,"N20","nominal","2.0NRT",298.38,4.27,"N"
"5879",30.27896,47.36174,342.97,0.48,0.48,"2026-09-09",2309,"N20","nominal","2.0NRT",303.06,15.67,"N"
"5880",30.2821,47.34723,312.67,0.48,0.48,"2026-09-09",2309,"N20","nominal","2.0NRT",297.62,1.44,"N"
"5881",30.28105,47.35206,311.53,0.48,0.48,"2026-09-09",2309,"N20","nominal","2.0NRT",298.69,1.44,"N"
"5882",30.21337,47.38918,342.25,0.48,0.48,"2026-09-09",2309,"N20","nominal","2.0NRT",301.46,9.55,"N"
"5883",30.21229,47.39405,346.04,0.48,0.48,"2026-09-09",2309,"N20","nominal","2.0NRT",301.66,9.55,"N"
"5884",30.20797,47.3928,345.65,0.48,0.48,"2026-09-09",2309,"N20","nominal","2.0NRT",300.86,6.69,"N"
"5885",30.20473,47.3867,317.02,0.48,0.48,"2026-09-09",2309,"N20","nominal","2.0NRT",298.8,6.69,"N"
"5886",30.2138,47.38724,338.89,0.48,0.48,"2026-09-09",2309,"N20","nominal","2.0NRT",300.73,6.25,"N"
"5887",30.21276,47.39212,341.21,0.48,0.48,"2026-09-09",2309,"N20","nominal","2.0NRT",303.74,10.99,"N"
"5888",30.21172,47.397,316.23,0.48,0.48,"2026-09-09",2309,"N20","nominal","2.0NRT",298.57,10.99,"N"
"5889",30.20844,47.39087,339.35,0.48,0.48,"2026-09-09",2309,"N20","nominal","2.0NRT",300.07,3.31,"N"
"5890",30.2074,47.39574,313.55,0.48,0.48,"2026-09-09",2309,"N20","nominal","2.0NRT",297.82,3.31,"N"
"5891",30.20412,47.38961,319.62,0.48,0.48,"2026-09-09",2309,"N20","nominal","2.0NRT",298.55,3.31,"N"
"5892",30.1998,47.38836,326.33,0.48,0.48,"2026-09-09",2309,"N20","nominal","2.0NRT",298.61,3.4,"N"
"5893",30.17293,47.4065,340.11,0.48,0.48,"2026-09-09",2309,"N20","nominal","2.0NRT",298.18,4.69,"N"
"5894",30.17188,47.41139,310.26,0.48,0.48,"2026-09-09",2309,"N20","nominal","2.0NRT",298.05,3.58,"N"
"5895",30.16648,47.41507,338.88,0.48,0.48,"2026-09-09",2309,"N20","nominal","2.0NRT",302.22,8.13,"N"
"5896",30.16754,47.41016,313.56,0.48,0.48,"2026-09-09",2309,"N20","nominal","2.0NRT",298.69,8.13,"N"
"5897",31.98463,36.11987,320.32,0.49,0.4,"2026-09-09",2309,"N20","nominal","2.0NRT",289.74,2.73,"N"
"5898",29.99279,47.47215,310.07,0.49,0.49,"2026-09-09",2309,"N20","nominal","2.0NRT",296.78,0.92,"N"
"5899",29.2162,50.31357,311.3,0.37,0.58,"2026-09-09",2309,"N20","nominal","2.0NRT",297.65,0.58,"N"
"5900",29.21662,50.31752,313.42,0.38,0.58,"2026-09-09",2309,"N20","nominal","2.0NRT",298.56,0.69,"N"
"5901",29.78684,47.70424,327.89,0.51,0.49,"2026-09-09",2309,"N20","nominal","2.0NRT",297.08,5.82,"N"
"5902",29.78571,47.70942,337.44,0.51,0.5,"2026-09-09",2309,"N20","nominal","2.0NRT",299.44,5.82,"N"
"5903",28.68053,52.09248,322.63,0.49,0.65,"2026-09-09",2309,"N20","nominal","2.0NRT",293,2.87,"N"
"5904",29.29108,49.54623,326.15,0.34,0.56,"2026-09-09",2309,"N20","nominal","2.0NRT",300.27,2.09,"N"
"5905",28.58211,51.59125,309.46,0.46,0.64,"2026-09-09",2309,"N20","nominal","2.0NRT",297.53,2.5,"N"
"5906",31.47316,34.4272,304.62,0.39,0.44,"2026-09-09",2309,"N20","nominal","2.0NRT",293.99,0.6,"N"
"5907",29.2148,47.73573,306.42,0.53,0.5,"2026-09-09",2309,"N20","nominal","2.0NRT",295.81,1.16,"N"
"5908",29.00265,48.01949,325.72,0.55,0.51,"2026-09-09",2309,"N20","nominal","2.0NRT",296.78,3.99,"N"
"5909",28.98009,47.98937,308.22,0.55,0.51,"2026-09-09",2309,"N20","nominal","2.0NRT",296.57,3.12,"N"
"5910",28.97795,47.98728,311.32,0.55,0.51,"2026-09-09",2309,"N20","nominal","2.0NRT",296.2,4.85,"N"
"5911",28.02001,51.99907,305,0.5,0.66,"2026-09-09",2309,"N20","nominal","2.0NRT",294.01,1.01,"N"
"5912",29.00654,47.74629,338.02,0.53,0.5,"2026-09-09",2309,"N20","nominal","2.0NRT",294.81,10.05,"N"
"5913",27.93168,52.19563,325.4,0.52,0.67,"2026-09-09",2309,"N20","nominal","2.0NRT",297.35,5.91,"N"
"5914",28.49471,49.71112,353.68,0.36,0.57,"2026-09-09",2309,"N20","nominal","2.0NRT",297.23,24.82,"N"
"5915",28.49386,49.71467,333.01,0.36,0.57,"2026-09-09",2309,"N20","nominal","2.0NRT",307.03,24.82,"N"
"5916",28.49301,49.71822,313.97,0.36,0.57,"2026-09-09",2309,"N20","nominal","2.0NRT",299.43,14.78,"N"
"5917",28.88531,47.94274,341.2,0.55,0.51,"2026-09-09",2309,"N20","nominal","2.0NRT",298.5,30.37,"N"
"5918",28.88297,47.93991,337.09,0.55,0.51,"2026-09-09",2309,"N20","nominal","2.0NRT",295.34,26.55,"N"
"5919",27.76398,52.168,333.48,0.52,0.67,"2026-09-09",2312,"N20","nominal","2.0NRT",299.17,6.39,"N"
"5920",27.7628,52.17256,367,0.52,0.67,"2026-09-09",2312,"N20","high","2.0NRT",300.54,14.19,"N"
"5921",27.75789,52.16668,315.59,0.52,0.67,"2026-09-09",2312,"N20","nominal","2.0NRT",298.33,6.39,"N"
"5922",27.74833,52.15399,317.55,0.52,0.67,"2026-09-09",2312,"N20","nominal","2.0NRT",299.2,4.61,"N"
"5923",27.76238,52.17117,367,0.52,0.67,"2026-09-09",2312,"N20","high","2.0NRT",301.03,5.92,"N"
"5924",27.76362,52.16631,314.69,0.52,0.67,"2026-09-09",2312,"N20","nominal","2.0NRT",298.46,5.92,"N"
"5925",27.72665,52.21033,311.43,0.53,0.67,"2026-09-09",2312,"N20","nominal","2.0NRT",298.76,0.67,"N"
"5926",27.72353,52.17219,336.13,0.52,0.67,"2026-09-09",2312,"N20","nominal","2.0NRT",299.95,13.43,"N"
"5927",27.72222,52.17728,355.54,0.52,0.67,"2026-09-09",2312,"N20","nominal","2.0NRT",303.43,12.74,"N"
"5928",27.72092,52.18238,320.96,0.52,0.67,"2026-09-09",2312,"N20","nominal","2.0NRT",300.58,12.74,"N"
"5929",27.71365,52.18561,332.07,0.53,0.67,"2026-09-09",2312,"N20","nominal","2.0NRT",301.12,5.08,"N"
"5930",27.71236,52.19061,315.87,0.53,0.67,"2026-09-09",2312,"N20","nominal","2.0NRT",300.64,5.08,"N"
"5931",27.69451,52.23492,316.34,0.53,0.67,"2026-09-09",2312,"N20","nominal","2.0NRT",299.02,1.35,"N"
"5932",27.68847,52.23325,347.97,0.53,0.67,"2026-09-09",2312,"N20","nominal","2.0NRT",300.57,5.59,"N"
"5933",27.68715,52.23838,328.29,0.53,0.67,"2026-09-09",2312,"N20","nominal","2.0NRT",300.65,5.59,"N"
"5934",27.68449,52.24869,350.28,0.53,0.67,"2026-09-09",2312,"N20","nominal","2.0NRT",300.6,10.24,"N"
"5935",27.68314,52.25391,338.6,0.53,0.67,"2026-09-09",2312,"N20","nominal","2.0NRT",300.36,7.43,"N"
"5936",27.48938,52.97004,307.92,0.59,0.7,"2026-09-09",2312,"N20","nominal","2.0NRT",295.68,2.05,"N"
"5937",27.59286,52.52592,313.67,0.55,0.68,"2026-09-09",2312,"N20","nominal","2.0NRT",299.16,2.1,"N"
"5938",27.58138,52.54458,310.24,0.56,0.68,"2026-09-09",2312,"N20","nominal","2.0NRT",298.93,1.82,"N"
"5939",27.56342,52.56269,331.02,0.56,0.69,"2026-09-09",2312,"N20","nominal","2.0NRT",299.4,5.03,"N"
"5940",27.54416,52.58559,320.35,0.56,0.69,"2026-09-09",2312,"N20","nominal","2.0NRT",299.15,3.83,"N"
"5941",27.54296,52.59012,314.98,0.56,0.69,"2026-09-09",2312,"N20","nominal","2.0NRT",299.58,3.83,"N"
"5942",27.53394,52.59919,316.05,0.56,0.69,"2026-09-09",2312,"N20","nominal","2.0NRT",298.95,5.94,"N"
"5943",27.52099,52.59801,342.27,0.56,0.69,"2026-09-09",2312,"N20","nominal","2.0NRT",299.68,6.4,"N"
"5944",27.51689,52.61345,323.36,0.56,0.69,"2026-09-09",2312,"N20","nominal","2.0NRT",299.2,7.7,"N"
"5945",27.51423,52.62346,367,0.56,0.69,"2026-09-09",2312,"N20","high","2.0NRT",300.83,13.71,"N"
"5946",27.51299,52.62816,328.55,0.56,0.69,"2026-09-09",2312,"N20","nominal","2.0NRT",299.44,13.71,"N"
"5947",27.52237,52.59281,318.02,0.56,0.69,"2026-09-09",2312,"N20","nominal","2.0NRT",299,6.4,"N"
"5948",27.51559,52.61835,314.74,0.56,0.69,"2026-09-09",2312,"N20","nominal","2.0NRT",299.07,7.7,"N"
"5949",27.505,52.63322,320.92,0.56,0.69,"2026-09-09",2312,"N20","nominal","2.0NRT",299.41,7.12,"N"
"5950",27.50366,52.63824,339.58,0.56,0.69,"2026-09-09",2312,"N20","nominal","2.0NRT",300.47,7.12,"N"
"5951",27.50101,52.6482,367,0.57,0.69,"2026-09-09",2312,"N20","high","2.0NRT",300.13,10.34,"N"
"5952",27.50231,52.64333,319.84,0.57,0.69,"2026-09-09",2312,"N20","nominal","2.0NRT",299.5,10.34,"N"
"5953",27.5479,52.57872,313.56,0.56,0.69,"2026-09-09",2312,"N20","nominal","2.0NRT",299.06,1.63,"N"
"5954",27.54549,52.58806,317.61,0.56,0.69,"2026-09-09",2312,"N20","nominal","2.0NRT",299.06,1.75,"N"
"5955",27.5389,52.58804,319.97,0.56,0.69,"2026-09-09",2312,"N20","nominal","2.0NRT",298.9,1.09,"N"
"5956",27.52999,52.59692,311.73,0.56,0.69,"2026-09-09",2312,"N20","nominal","2.0NRT",298.69,1.45,"N"
"5957",27.51713,52.62104,347.64,0.56,0.69,"2026-09-09",2312,"N20","nominal","2.0NRT",299.31,4.13,"N"
"5958",27.51592,52.62569,338.75,0.56,0.69,"2026-09-09",2312,"N20","nominal","2.0NRT",299.69,9.69,"N"
"5959",27.52361,52.59599,316.69,0.56,0.69,"2026-09-09",2312,"N20","nominal","2.0NRT",298.85,3.9,"N"
"5960",27.51961,52.61148,310.97,0.56,0.69,"2026-09-09",2312,"N20","nominal","2.0NRT",298.76,1.28,"N"
"5961",27.51838,52.61623,310.57,0.56,0.69,"2026-09-09",2312,"N20","nominal","2.0NRT",298.9,4.13,"N"
"5962",27.51735,52.5946,343.12,0.56,0.69,"2026-09-09",2312,"N20","nominal","2.0NRT",299.18,3.9,"N"
"5963",27.50928,52.62574,350.18,0.56,0.69,"2026-09-09",2312,"N20","nominal","2.0NRT",299.69,9.69,"N"
"5964",27.50672,52.63564,342.94,0.57,0.69,"2026-09-09",2312,"N20","nominal","2.0NRT",300.34,6.52,"N"
"5965",27.50543,52.64061,329.84,0.57,0.69,"2026-09-09",2312,"N20","nominal","2.0NRT",300.34,6.52,"N"
"5966",27.5133,52.61027,315.69,0.56,0.69,"2026-09-09",2312,"N20","nominal","2.0NRT",298.78,1.28,"N"
"5967",27.51189,52.61572,313.12,0.56,0.69,"2026-09-09",2312,"N20","nominal","2.0NRT",298.87,4.13,"N"
"5968",27.51058,52.62075,317.19,0.56,0.69,"2026-09-09",2312,"N20","nominal","2.0NRT",299.34,4.13,"N"
"5969",27.49736,52.64614,338.94,0.57,0.69,"2026-09-09",2312,"N20","nominal","2.0NRT",299.83,8.84,"N"
"5970",27.49586,52.65191,349.84,0.57,0.69,"2026-09-09",2312,"N20","nominal","2.0NRT",299.89,8.84,"N"
"5971",27.49876,52.64075,310.96,0.57,0.69,"2026-09-09",2312,"N20","nominal","2.0NRT",299.24,6.5,"N"
"5972",31.12466,29.80992,318.41,0.36,0.57,"2026-09-09",2312,"N20","nominal","2.0NRT",294.8,1.74,"N"
"5973",31.12436,29.81374,310.69,0.36,0.57,"2026-09-09",2312,"N20","nominal","2.0NRT",294.94,1.74,"N"
"5974",31.11995,29.80167,309.7,0.36,0.58,"2026-09-09",2312,"N20","nominal","2.0NRT",294.92,2.64,"N"
"5975",31.09372,29.86413,305,0.36,0.57,"2026-09-09",2312,"N20","nominal","2.0NRT",294.1,1,"N"
"5976",30.72377,33.77123,310.31,0.42,0.45,"2026-09-09",2312,"N20","nominal","2.0NRT",296.11,1.52,"N"
"5977",30.70281,33.84843,314.41,0.41,0.45,"2026-09-09",2312,"N20","nominal","2.0NRT",297.4,2.68,"N"
"5978",30.70234,33.85274,317.18,0.41,0.45,"2026-09-09",2312,"N20","nominal","2.0NRT",297.72,1.95,"N"
"5979",31.09876,26.61557,308.28,0.56,0.69,"2026-09-09",2312,"N20","nominal","2.0NRT",291.1,0.83,"N"
"5980",30.88023,29.45862,311.8,0.38,0.59,"2026-09-09",2312,"N20","nominal","2.0NRT",293.81,1.46,"N"
"5981",30.87994,29.46259,305.15,0.38,0.59,"2026-09-09",2312,"N20","nominal","2.0NRT",294.39,1.21,"N"
"5982",26.79642,53.34422,309.1,0.65,0.73,"2026-09-09",2312,"N20","nominal","2.0NRT",298.41,0.81,"N"
"5983",26.79848,53.34434,313.43,0.65,0.73,"2026-09-09",2312,"N20","nominal","2.0NRT",298.49,0.71,"N"
"5984",30.93571,27.54961,328.13,0.49,0.65,"2026-09-09",2312,"N20","nominal","2.0NRT",291.16,2.48,"N"
"5985",30.9354,27.55484,314.01,0.49,0.65,"2026-09-09",2312,"N20","nominal","2.0NRT",291.34,2.48,"N"
"5986",27.81739,48.863,314.53,0.33,0.55,"2026-09-09",2312,"N20","nominal","2.0NRT",300.38,5.18,"N"
"5987",27.81244,48.86156,367,0.33,0.55,"2026-09-09",2312,"N20","high","2.0NRT",301.65,5.18,"N"
"5988",27.81319,48.85833,317.45,0.33,0.55,"2026-09-09",2312,"N20","nominal","2.0NRT",298.19,5.18,"N"
"5989",27.81465,48.62294,324.35,0.32,0.55,"2026-09-09",2312,"N20","nominal","2.0NRT",294.39,5.59,"N"
"5990",27.81394,48.6261,349.92,0.32,0.55,"2026-09-09",2312,"N20","nominal","2.0NRT",288.46,4.78,"N"
"5991",30.7625,27.46639,299.92,0.5,0.66,"2026-09-09",2312,"N20","nominal","2.0NRT",289.83,0.45,"N"
"5992",30.82538,26.46895,302.75,0.57,0.69,"2026-09-09",2312,"N20","nominal","2.0NRT",291.15,1.01,"N"
"5993",30.76149,27.46568,309.29,0.5,0.65,"2026-09-09",2312,"N20","nominal","2.0NRT",289.98,0.96,"N"
"5994",30.67473,26.3637,311.96,0.58,0.69,"2026-09-09",2312,"N20","nominal","2.0NRT",290.94,1.33,"N"
"5995",30.53717,28.49006,304.65,0.43,0.62,"2026-09-09",2312,"N20","nominal","2.0NRT",290.83,1.14,"N"
"5996",30.5323,26.07849,311.76,0.6,0.7,"2026-09-09",2312,"N20","nominal","2.0NRT",290.82,1.66,"N"
"5997",30.53201,26.08484,304.54,0.6,0.7,"2026-09-09",2312,"N20","nominal","2.0NRT",291.33,1.64,"N"
"5998",30.18826,31.17372,314.81,0.59,0.52,"2026-09-09",2312,"N20","nominal","2.0NRT",293.85,1.34,"N"
"5999",30.1896,31.17264,309.09,0.58,0.52,"2026-09-09",2312,"N20","nominal","2.0NRT",293.54,1.67,"N"
"6000",30.53295,26.07701,311.58,0.6,0.7,"2026-09-09",2312,"N20","nominal","2.0NRT",291.13,1.36,"N"
"6001",30.53262,26.08334,301.62,0.6,0.7,"2026-09-09",2312,"N20","nominal","2.0NRT",291.38,1.36,"N"
"6002",30.10776,31.26686,311,0.58,0.52,"2026-09-09",2312,"N20","nominal","2.0NRT",295.95,2.2,"N"
"6003",27.07594,49.57557,316.28,0.38,0.59,"2026-09-09",2312,"N20","nominal","2.0NRT",299.86,0.95,"N"
"6004",30.36922,27.22349,310.12,0.51,0.66,"2026-09-09",2312,"N20","nominal","2.0NRT",289.9,1.88,"N"
"6005",27.0707,49.57401,314.68,0.38,0.59,"2026-09-09",2312,"N20","nominal","2.0NRT",299.93,0.95,"N"
"6006",27.14908,49.22266,367,0.36,0.57,"2026-09-09",2312,"N20","high","2.0NRT",300.19,4.76,"N"
"6007",27.14992,49.21914,312.77,0.36,0.57,"2026-09-09",2312,"N20","nominal","2.0NRT",298.59,4.76,"N"
"6008",27.07215,49.57698,320.11,0.38,0.59,"2026-09-09",2312,"N20","nominal","2.0NRT",300.93,4.81,"N"
"6009",27.14907,49.22092,345.16,0.36,0.57,"2026-09-09",2312,"N20","nominal","2.0NRT",298.65,4.41,"N"
"6010",27.14826,49.22445,333.07,0.36,0.57,"2026-09-09",2312,"N20","nominal","2.0NRT",299.23,4.41,"N"
"6011",27.06864,49.56802,311.4,0.38,0.59,"2026-09-09",2312,"N20","nominal","2.0NRT",300.31,4.83,"N"
"6012",30.36913,27.22546,319.06,0.51,0.66,"2026-09-09",2312,"N20","nominal","2.0NRT",289.76,1.66,"N"
"6013",27.04332,49.5804,312.71,0.38,0.59,"2026-09-09",2312,"N20","nominal","2.0NRT",300.24,4.13,"N"
"6014",27.04157,49.56396,311.9,0.38,0.59,"2026-09-09",2312,"N20","nominal","2.0NRT",301.02,4.1,"N"
"6015",27.02148,49.57781,318.4,0.38,0.59,"2026-09-09",2312,"N20","nominal","2.0NRT",299.92,6.94,"N"
"6016",27.01623,49.57626,367,0.38,0.59,"2026-09-09",2312,"N20","high","2.0NRT",300.8,6.94,"N"
"6017",26.94956,49.59639,304.98,0.38,0.59,"2026-09-09",2312,"N20","nominal","2.0NRT",290.95,1.68,"N"
"6018",28.2687,43.19743,310.29,0.47,0.4,"2026-09-09",2312,"N20","nominal","2.0NRT",299.34,2.07,"N"
"6019",26.7836,49.99269,315.67,0.41,0.6,"2026-09-09",2312,"N20","nominal","2.0NRT",298.46,1.35,"N"
"6020",29.80423,32.08621,309.77,0.51,0.49,"2026-09-09",2312,"N20","nominal","2.0NRT",296.02,1.47,"N"
"6021",29.80372,32.09146,308.29,0.51,0.49,"2026-09-09",2312,"N20","nominal","2.0NRT",297.1,1.47,"N"
"6022",29.74966,32.2099,308.05,0.5,0.49,"2026-09-09",2312,"N20","nominal","2.0NRT",296.42,2.38,"N"
"6023",29.8235,31.30874,311.49,0.57,0.52,"2026-09-09",2312,"N20","nominal","2.0NRT",296.56,1.83,"N"
"6024",26.69171,50.08673,318.5,0.42,0.61,"2026-09-09",2312,"N20","nominal","2.0NRT",299.58,1.58,"N"
"6025",29.98182,27.78775,306.35,0.47,0.64,"2026-09-09",2312,"N20","nominal","2.0NRT",293.8,0.82,"N"
"6026",29.85452,27.94553,321.24,0.46,0.63,"2026-09-09",2312,"N20","nominal","2.0NRT",293.87,1.73,"N"
"6027",29.70237,29.20603,302.79,0.38,0.59,"2026-09-09",2312,"N20","nominal","2.0NRT",292.49,0.47,"N"
"6028",29.62732,29.46945,314.96,0.37,0.58,"2026-09-09",2312,"N20","nominal","2.0NRT",292.04,0.76,"N"
"6029",25.53527,53.14655,367,0.68,0.74,"2026-09-09",2312,"N20","high","2.0NRT",299.8,16.16,"N"
"6030",25.53699,53.14009,314.95,0.67,0.74,"2026-09-09",2312,"N20","nominal","2.0NRT",298.12,10.04,"N"
"6031",25.53354,53.15301,318.53,0.68,0.74,"2026-09-09",2312,"N20","nominal","2.0NRT",298.99,16.16,"N"
"6032",25.91842,51.5773,310.65,0.53,0.67,"2026-09-09",2312,"N20","nominal","2.0NRT",299.93,0.95,"N"
"6033",25.90906,51.56334,314.1,0.53,0.67,"2026-09-09",2312,"N20","nominal","2.0NRT",299.82,0.68,"N"
"6034",25.90569,51.55129,330.31,0.53,0.67,"2026-09-09",2312,"N20","nominal","2.0NRT",300.74,4.18,"N"
"6035",25.53248,53.14536,367,0.68,0.74,"2026-09-09",2312,"N20","high","2.0NRT",299.01,15.82,"N"
"6036",25.53079,53.15184,335.45,0.68,0.74,"2026-09-09",2312,"N20","nominal","2.0NRT",299,22.2,"N"
"6037",25.53416,53.13889,314.56,0.68,0.74,"2026-09-09",2312,"N20","nominal","2.0NRT",298.2,15.82,"N"
"6038",25.91888,51.5756,310.98,0.53,0.67,"2026-09-09",2312,"N20","nominal","2.0NRT",299.3,1.83,"N"
"6039",25.51116,53.14545,318.94,0.68,0.74,"2026-09-09",2312,"N20","nominal","2.0NRT",298.3,2.33,"N"
"6040",25.50946,53.15193,315.64,0.68,0.74,"2026-09-09",2312,"N20","nominal","2.0NRT",298.48,2.33,"N"
"6041",25.90948,51.56154,325.19,0.53,0.67,"2026-09-09",2312,"N20","nominal","2.0NRT",300.13,2.85,"N"
"6042",25.90604,51.54946,314.59,0.53,0.67,"2026-09-09",2312,"N20","nominal","2.0NRT",299.69,2.44,"N"
"6043",25.90476,51.55458,317.41,0.53,0.67,"2026-09-09",2312,"N20","nominal","2.0NRT",301.98,2.85,"N"
"6044",25.90303,51.51001,317,0.53,0.67,"2026-09-09",2312,"N20","nominal","2.0NRT",301.1,2.27,"N"
"6045",25.89536,51.54062,311.11,0.53,0.67,"2026-09-09",2312,"N20","nominal","2.0NRT",300.88,2.56,"N"
"6046",25.88338,51.53695,322.91,0.53,0.67,"2026-09-09",2312,"N20","nominal","2.0NRT",299.25,1.96,"N"
"6047",26.03812,50.56565,319.45,0.46,0.63,"2026-09-09",2312,"N20","nominal","2.0NRT",298.47,1.76,"N"
"6048",26.0347,50.55472,322.34,0.46,0.63,"2026-09-09",2312,"N20","nominal","2.0NRT",298.51,1.57,"N"
"6049",29.04984,33.11492,308.92,0.44,0.46,"2026-09-09",2312,"N20","nominal","2.0NRT",298.13,1.46,"N"
"6050",28.47176,36.5192,317.29,0.44,0.38,"2026-09-09",2312,"N20","nominal","2.0NRT",297.23,1.94,"N"
"6051",28.46885,36.51413,305.94,0.44,0.38,"2026-09-09",2312,"N20","nominal","2.0NRT",295.65,0.64,"N"
"6052",28.8673,33.17851,308.32,0.43,0.46,"2026-09-09",2312,"N20","nominal","2.0NRT",297.2,1.46,"N"
"6053",25.18156,52.87574,312.09,0.66,0.73,"2026-09-09",2312,"N20","nominal","2.0NRT",298.61,38.22,"N"
"6054",25.17672,52.86735,354.5,0.66,0.73,"2026-09-09",2312,"N20","nominal","2.0NRT",299.19,26.67,"N"
"6055",25.17505,52.87368,347.29,0.66,0.73,"2026-09-09",2312,"N20","nominal","2.0NRT",305.94,38.22,"N"
"6056",25.17338,52.88002,332.26,0.66,0.73,"2026-09-09",2312,"N20","nominal","2.0NRT",299.87,38.22,"N"
"6057",25.17839,52.86102,317.45,0.66,0.73,"2026-09-09",2312,"N20","nominal","2.0NRT",298.72,26.67,"N"
"6058",25.16688,52.87793,337.53,0.66,0.73,"2026-09-09",2312,"N20","nominal","2.0NRT",300.34,15.38,"N"
"6059",25.16854,52.87161,315.63,0.66,0.73,"2026-09-09",2312,"N20","nominal","2.0NRT",299.04,15.38,"N"
"6060",25.16371,52.86322,338.95,0.66,0.73,"2026-09-09",2312,"N20","nominal","2.0NRT",299.15,14.36,"N"
"6061",25.16208,52.86941,354.57,0.66,0.73,"2026-09-09",2312,"N20","nominal","2.0NRT",304.83,15.38,"N"
"6062",25.16538,52.85691,314.66,0.66,0.73,"2026-09-09",2312,"N20","nominal","2.0NRT",298.88,14.36,"N"
"6063",25.1604,52.87575,318.04,0.66,0.73,"2026-09-09",2312,"N20","nominal","2.0NRT",300.72,15.38,"N"
"6064",24.90993,53.72668,340.11,0.76,0.77,"2026-09-09",2312,"N20","nominal","2.0NRT",299.1,6,"N"
"6065",24.90796,53.73388,344.35,0.76,0.77,"2026-09-09",2312,"N20","nominal","2.0NRT",299.54,6,"N"
"6066",24.9031,53.72448,314.69,0.76,0.77,"2026-09-09",2312,"N20","nominal","2.0NRT",298.84,6,"N"
"6067",24.90114,53.73169,317.22,0.76,0.77,"2026-09-09",2312,"N20","nominal","2.0NRT",298.51,6,"N"
"6068",25.93238,49.70078,308.96,0.41,0.61,"2026-09-09",2312,"N20","nominal","2.0NRT",298.65,1.32,"N"
"6069",25.17233,52.86924,367,0.66,0.73,"2026-09-09",2312,"N20","high","2.0NRT",299.14,27.76,"N"
"6070",25.17069,52.8756,349.04,0.66,0.73,"2026-09-09",2312,"N20","nominal","2.0NRT",299.82,27.76,"N"
"6071",25.17397,52.86288,317.42,0.66,0.73,"2026-09-09",2312,"N20","nominal","2.0NRT",299.12,7.14,"N"
"6072",25.16905,52.88196,311.75,0.66,0.73,"2026-09-09",2312,"N20","nominal","2.0NRT",299.24,11.15,"N"
"6073",25.16747,52.86079,322.81,0.66,0.73,"2026-09-09",2312,"N20","nominal","2.0NRT",299.16,7.14,"N"
"6074",25.16584,52.8671,367,0.66,0.73,"2026-09-09",2312,"N20","high","2.0NRT",300.28,27.76,"N"
"6075",25.16422,52.87338,344.82,0.66,0.73,"2026-09-09",2312,"N20","nominal","2.0NRT",303.46,27.76,"N"
"6076",25.16257,52.87979,327.08,0.66,0.73,"2026-09-09",2312,"N20","nominal","2.0NRT",300.81,11.15,"N"
"6077",25.15772,52.87126,314.66,0.66,0.73,"2026-09-09",2312,"N20","nominal","2.0NRT",299.44,3.83,"N"
"6078",25.93266,49.69993,311.62,0.41,0.61,"2026-09-09",2312,"N20","nominal","2.0NRT",298.45,1.57,"N"
"6079",24.90357,53.72915,367,0.76,0.77,"2026-09-09",2312,"N20","high","2.0NRT",300,15.33,"N"
"6080",24.90549,53.72193,319.49,0.76,0.77,"2026-09-09",2312,"N20","nominal","2.0NRT",299.03,15.33,"N"
"6081",24.84894,53.65675,345.62,0.75,0.77,"2026-09-09",2312,"N20","nominal","2.0NRT",299.35,11.03,"N"
"6082",24.84701,53.66391,347.39,0.75,0.77,"2026-09-09",2312,"N20","nominal","2.0NRT",300.03,11.03,"N"
"6083",25.96382,49.22812,311.23,0.38,0.59,"2026-09-09",2312,"N20","nominal","2.0NRT",296.9,0.88,"N"
"6084",24.79817,53.73438,367,0.76,0.77,"2026-09-09",2312,"N20","high","2.0NRT",299.86,13.99,"N"
"6085",24.80015,53.72714,318.2,0.76,0.77,"2026-09-09",2312,"N20","nominal","2.0NRT",298.59,8.85,"N"
"6086",28.92541,31.07759,309.53,0.57,0.52,"2026-09-09",2312,"N20","nominal","2.0NRT",296.77,1.67,"N"
"6087",24.83985,53.50003,338.72,0.74,0.76,"2026-09-09",2312,"N20","nominal","2.0NRT",299.75,11.24,"N"
"6088",24.83794,53.50703,356.16,0.74,0.76,"2026-09-09",2312,"N20","nominal","2.0NRT",300.55,11.24,"N"
"6089",24.85022,53.65599,326.52,0.75,0.77,"2026-09-09",2312,"N20","nominal","2.0NRT",298.84,11.51,"N"
"6090",24.84832,53.66316,367,0.75,0.77,"2026-09-09",2312,"N20","high","2.0NRT",300.19,16.73,"N"
"6091",24.79998,53.73373,367,0.76,0.77,"2026-09-09",2312,"N20","high","2.0NRT",299.62,8.44,"N"
"6092",24.80191,53.72647,312.17,0.76,0.77,"2026-09-09",2312,"N20","nominal","2.0NRT",298.57,8.44,"N"
"6093",24.84035,53.49864,320.35,0.74,0.76,"2026-09-09",2312,"N20","nominal","2.0NRT",299.69,10.32,"N"
"6094",24.83849,53.50566,367,0.74,0.76,"2026-09-09",2312,"N20","high","2.0NRT",300.99,19.04,"N"
"6095",24.88071,53.07449,312.78,0.69,0.74,"2026-09-09",2312,"N20","nominal","2.0NRT",298.34,0.15,"N"
"6096",24.87878,53.07412,313.44,0.69,0.75,"2026-09-09",2312,"N20","nominal","2.0NRT",298.39,0.16,"N"
"6097",25.38302,50.79552,308.89,0.49,0.65,"2026-09-09",2312,"N20","nominal","2.0NRT",297.2,2.39,"N"
"6098",25.68382,49.40888,311.23,0.4,0.6,"2026-09-09",2312,"N20","nominal","2.0NRT",297.6,2.18,"N"
"6099",25.6824,49.40829,310.72,0.4,0.6,"2026-09-09",2312,"N20","nominal","2.0NRT",297.44,1.92,"N"
"6100",25.64141,49.38817,315.12,0.4,0.6,"2026-09-09",2312,"N20","nominal","2.0NRT",297.58,2.08,"N"
"6101",25.64051,49.39201,314.07,0.4,0.6,"2026-09-09",2312,"N20","nominal","2.0NRT",296.89,2.08,"N"
"6102",25.63961,49.39585,309.78,0.4,0.6,"2026-09-09",2312,"N20","nominal","2.0NRT",296.93,1.98,"N"
"6103",25.63516,49.39048,312.17,0.4,0.6,"2026-09-09",2312,"N20","nominal","2.0NRT",297.43,1.61,"N"
"6104",25.34442,50.20279,309.8,0.45,0.63,"2026-09-09",2312,"N20","nominal","2.0NRT",296.97,1.18,"N"
"6105",28.27776,33.31809,326.08,0.42,0.45,"2026-09-09",2312,"N20","nominal","2.0NRT",299.33,1.72,"N"
"6106",24.93216,51.56195,334.55,0.56,0.69,"2026-09-09",2312,"N20","nominal","2.0NRT",299.14,6.87,"N"
"6107",24.9308,51.56727,334.01,0.56,0.69,"2026-09-09",2312,"N20","nominal","2.0NRT",300.39,7.88,"N"
"6108",24.92789,51.56049,322.91,0.56,0.69,"2026-09-09",2312,"N20","nominal","2.0NRT",298.85,3.37,"N"
"6109",24.92656,51.56585,338.39,0.56,0.69,"2026-09-09",2312,"N20","nominal","2.0NRT",301.05,3.37,"N"
"6110",24.92044,51.56398,311.02,0.56,0.69,"2026-09-09",2312,"N20","nominal","2.0NRT",300.06,3.37,"N"
"6111",26.49161,43.96327,314.51,0.55,0.42,"2026-09-09",2312,"N20","nominal","2.0NRT",302.23,3.2,"N"
"6112",25.28313,49.36404,308.77,0.4,0.6,"2026-09-09",2312,"N20","nominal","2.0NRT",296.45,0.85,"N"
"6113",25.17724,49.32193,311.96,0.4,0.6,"2026-09-09",2312,"N20","nominal","2.0NRT",296.42,1.22,"N"
"6114",25.17279,49.31644,308.09,0.4,0.6,"2026-09-09",2312,"N20","nominal","2.0NRT",296.12,1.22,"N"
"6115",26.1952,44.38239,332.57,0.39,0.44,"2026-09-09",2312,"N20","nominal","2.0NRT",298.85,7.43,"N"
"6116",26.19126,44.38141,321.59,0.39,0.44,"2026-09-09",2312,"N20","nominal","2.0NRT",297.93,6.21,"N"
"6117",25.04018,49.26728,305.95,0.4,0.6,"2026-09-09",2312,"N20","nominal","2.0NRT",294.99,0.39,"N"
"6118",25.03924,49.26698,305.72,0.4,0.6,"2026-09-09",2312,"N20","nominal","2.0NRT",295.1,0.54,"N"
"6119",24.12496,52.74747,330.05,0.69,0.74,"2026-09-09",2312,"N20","nominal","2.0NRT",299.4,12.56,"N"
"6120",24.12323,52.75411,367,0.69,0.74,"2026-09-09",2312,"N20","high","2.0NRT",299.77,12.56,"N"
"6121",24.1236,52.69805,311.24,0.69,0.74,"2026-09-09",2312,"N20","nominal","2.0NRT",297.43,4.33,"N"
"6122",24.12053,52.70045,316.41,0.69,0.74,"2026-09-09",2312,"N20","nominal","2.0NRT",297.11,3.39,"N"
"6123",24.87474,49.2314,327.67,0.4,0.6,"2026-09-09",2312,"N20","nominal","2.0NRT",296.54,1.86,"N"
"6124",24.80148,49.3456,339.91,0.41,0.61,"2026-09-09",2312,"N20","nominal","2.0NRT",296.06,4.75,"N"
"6125",24.80053,49.34957,312.16,0.41,0.61,"2026-09-09",2312,"N20","nominal","2.0NRT",297.56,5.01,"N"
"6126",24.80159,49.34565,333.93,0.41,0.61,"2026-09-09",2312,"N20","nominal","2.0NRT",296.34,4.71,"N"
"6127",24.80067,49.34962,317.53,0.41,0.61,"2026-09-09",2312,"N20","nominal","2.0NRT",297.78,2.64,"N"
"6128",24.79432,49.35204,312.3,0.41,0.61,"2026-09-09",2312,"N20","nominal","2.0NRT",295.84,2.64,"N"
"6129",27.47175,33.6215,307.23,0.39,0.44,"2026-09-09",2312,"N20","nominal","2.0NRT",296.77,0.7,"N"
"6130",24.53501,49.22491,312.99,0.41,0.61,"2026-09-09",2312,"N20","nominal","2.0NRT",296.12,0.74,"N"
"6131",24.50175,49.14512,313.9,0.41,0.6,"2026-09-09",2312,"N20","nominal","2.0NRT",296.12,1,"N"
"6132",24.94803,47.06033,309.77,0.59,0.53,"2026-09-09",2312,"N20","nominal","2.0NRT",298.58,5.88,"N"
"6133",24.7039,47.5308,327.82,0.32,0.55,"2026-09-09",2312,"N20","nominal","2.0NRT",302.2,3.34,"N"
"6134",24.35762,48.35861,367,0.37,0.58,"2026-09-09",2312,"N20","high","2.0NRT",298.17,7.37,"N"
"6135",27.16853,31.0136,317.36,0.55,0.51,"2026-09-09",2312,"N20","nominal","2.0NRT",298.84,3.74,"N"
"6136",24.15556,49.0688,348.13,0.41,0.61,"2026-09-09",2312,"N20","nominal","2.0NRT",296.2,5.02,"N"
"6137",24.57164,46.88644,309.97,0.59,0.53,"2026-09-09",2312,"N20","nominal","2.0NRT",296.7,4.16,"N"
"6138",24.04457,49.19978,311.45,0.42,0.61,"2026-09-09",2312,"N20","nominal","2.0NRT",295.98,1.34,"N"
"6139",24.59983,46.57115,317.6,0.56,0.52,"2026-09-09",2312,"N20","nominal","2.0NRT",298.18,2.01,"N"
"6140",24.59525,46.56973,314.66,0.56,0.52,"2026-09-09",2312,"N20","nominal","2.0NRT",298.09,2.01,"N"
"6141",23.97704,49.06713,307.67,0.41,0.61,"2026-09-09",2312,"N20","nominal","2.0NRT",297.15,0.8,"N"
"6142",24.6974,44.97078,306.65,0.45,0.47,"2026-09-09",2312,"N20","nominal","2.0NRT",295.89,1.25,"N"
"6143",24.29312,46.30688,314.5,0.55,0.51,"2026-09-09",2312,"N20","nominal","2.0NRT",299.27,4.96,"N"
"6144",26.25698,32.97178,308.6,0.41,0.45,"2026-09-09",2312,"N20","nominal","2.0NRT",297.8,0.56,"N"
"6145",26.25466,32.96995,309.5,0.41,0.45,"2026-09-09",2312,"N20","nominal","2.0NRT",299.1,0.89,"N"
"6146",25.48631,29.36902,312.3,0.33,0.56,"2026-09-09",2312,"N20","nominal","2.0NRT",296.25,2.25,"N"
"6147",24.27592,37.56268,315.72,0.39,0.36,"2026-09-09",2314,"N20","nominal","2.0NRT",300.4,1.76,"N"
"6148",23.97853,38.25206,323.88,0.38,0.36,"2026-09-09",2314,"N20","nominal","2.0NRT",301.06,1.26,"N"
"6149",23.94926,38.26585,314.93,0.38,0.36,"2026-09-09",2314,"N20","nominal","2.0NRT",300.79,1,"N"
"6150",21.91801,41.2595,310.38,0.47,0.4,"2026-09-09",2314,"N20","nominal","2.0NRT",298.09,1.56,"N"
"6151",20.50405,44.78595,303.87,0.52,0.5,"2026-09-09",2314,"N20","nominal","2.0NRT",293.76,0.6,"N"
"6152",21.24395,39.33093,311.44,0.4,0.37,"2026-09-09",2314,"N20","nominal","2.0NRT",297.16,4.17,"N"
"6153",19.52056,42.53619,314.11,0.39,0.44,"2026-09-09",2314,"N20","nominal","2.0NRT",295.77,1.72,"N"
"6154",19.09992,41.15525,310.46,0.5,0.41,"2026-09-09",2314,"N20","nominal","2.0NRT",297.95,3.2,"N"
"6155",16.93896,42.63316,310.3,0.44,0.46,"2026-09-09",2314,"N20","nominal","2.0NRT",292.56,4.34,"N"
"6156",15.61425,46.01068,302.01,0.39,0.59,"2026-09-09",2314,"N20","nominal","2.0NRT",286.92,0.79,"N"
"6157",15.61602,46.01876,300.4,0.39,0.59,"2026-09-09",2314,"N20","nominal","2.0NRT",287.49,0.6,"N"
"6158",15.61208,46.01046,306.89,0.39,0.59,"2026-09-09",2314,"N20","nominal","2.0NRT",286.61,1.58,"N"
"6159",15.58202,45.80224,312.64,0.38,0.59,"2026-09-09",2314,"N20","nominal","2.0NRT",284.27,2.61,"N"
"6160",15.48259,44.15056,307.4,0.59,0.53,"2026-09-09",2314,"N20","nominal","2.0NRT",284.7,2.69,"N"
"6161",13.57065,39.4748,299.78,0.49,0.4,"2026-09-09",2316,"N20","nominal","2.0NRT",283.18,1.21,"N"
"6162",13.57195,39.47248,297.6,0.49,0.4,"2026-09-09",2316,"N20","nominal","2.0NRT",282.42,0.76,"N"
"6163",63.44742,80.98273,303.68,0.42,0.61,"2026-09-09",2259,"N20","nominal","2.0NRT",272.39,1.2,"N"
"6164",63.43381,80.52068,306.97,0.41,0.6,"2026-09-09",2259,"N20","nominal","2.0NRT",271.96,1.01,"N"
"6165",63.43318,80.52354,315,0.41,0.6,"2026-09-09",2259,"N20","nominal","2.0NRT",272.39,1.18,"N"
"6166",64.42039,77.701,300.56,0.63,0.54,"2026-09-09",2259,"N20","nominal","2.0NRT",267.49,0.76,"N"
"6167",64.90627,75.50546,336.38,0.53,0.5,"2026-09-09",2259,"N20","nominal","2.0NRT",269.73,3.18,"N"
"6168",66.19916,70.9902,298.68,0.56,0.43,"2026-09-09",2259,"N20","nominal","2.0NRT",255.52,1.23,"N"
"6169",62.38674,80.17761,315.47,0.45,0.63,"2026-09-09",2259,"N20","nominal","2.0NRT",274.12,1.19,"N"
"6170",67.66037,60.50691,308.22,0.39,0.36,"2026-09-09",2259,"N20","nominal","2.0NRT",278.82,0.95,"N"
"6171",62.33289,78.16224,315.31,0.41,0.6,"2026-09-09",2259,"N20","nominal","2.0NRT",280.23,2.02,"N"
"6172",62.36905,77.4537,306.83,0.39,0.59,"2026-09-09",2259,"N20","nominal","2.0NRT",272.82,0.78,"N"
"6173",62.36679,77.45953,296.27,0.39,0.59,"2026-09-09",2259,"N20","nominal","2.0NRT",277.01,1.11,"N"
"6174",62.39095,76.63892,318.11,0.37,0.58,"2026-09-09",2259,"N20","nominal","2.0NRT",274.61,1.27,"N"
"6175",62.3336,76.73519,311.47,0.37,0.58,"2026-09-09",2259,"N20","nominal","2.0NRT",278.37,1.46,"N"
"6176",61.81511,77.23257,367,0.41,0.6,"2026-09-09",2259,"N20","high","2.0NRT",264.51,4.02,"N"
"6177",61.8175,77.22652,297.05,0.41,0.6,"2026-09-09",2259,"N20","nominal","2.0NRT",265.05,3.02,"N"
"6178",61.81274,77.23856,302.93,0.41,0.6,"2026-09-09",2259,"N20","nominal","2.0NRT",261.95,4.02,"N"
"6179",60.9875,78.98292,299.93,0.49,0.65,"2026-09-09",2259,"N20","nominal","2.0NRT",280.03,0.66,"N"
"6180",63.2438,72.83406,296.29,0.54,0.51,"2026-09-09",2259,"N20","nominal","2.0NRT",273.06,1.21,"N"
"6181",66.73049,56.97644,295.96,0.39,0.36,"2026-09-09",2259,"N20","nominal","2.0NRT",275.75,0.4,"N"
"6182",60.80198,78.5396,313.09,0.49,0.65,"2026-09-09",2259,"N20","nominal","2.0NRT",283.59,1.65,"N"
"6183",60.58622,78.71807,298.83,0.51,0.66,"2026-09-09",2259,"N20","nominal","2.0NRT",282.88,1,"N"
"6184",60.5832,78.72515,309.75,0.51,0.66,"2026-09-09",2259,"N20","nominal","2.0NRT",283.04,2.04,"N"
"6185",60.5802,78.73222,312.33,0.51,0.66,"2026-09-09",2259,"N20","nominal","2.0NRT",283.66,2.04,"N"
"6186",60.52363,78.76952,301.46,0.51,0.66,"2026-09-09",2259,"N20","nominal","2.0NRT",282.64,1.19,"N"
"6187",61.49006,76.11538,317.36,0.39,0.6,"2026-09-09",2259,"N20","nominal","2.0NRT",275.16,1.45,"N"
"6188",61.42828,76.16552,298.71,0.4,0.6,"2026-09-09",2259,"N20","nominal","2.0NRT",277.86,0.47,"N"
"6189",61.42603,76.17138,298.84,0.4,0.6,"2026-09-09",2259,"N20","nominal","2.0NRT",277.25,0.47,"N"
"6190",60.5011,78.12564,301.69,0.49,0.65,"2026-09-09",2259,"N20","nominal","2.0NRT",280.35,0.77,"N"
"6191",61.04066,76.75041,352.79,0.43,0.62,"2026-09-09",2259,"N20","nominal","2.0NRT",287.24,16.66,"N"
"6192",61.04315,76.74417,308.13,0.43,0.62,"2026-09-09",2259,"N20","nominal","2.0NRT",281.3,9.48,"N"
"6193",61.1911,76.01825,299.77,0.4,0.6,"2026-09-09",2259,"N20","nominal","2.0NRT",278.25,0.51,"N"
"6194",60.99912,76.36616,351.84,0.42,0.61,"2026-09-09",2259,"N20","nominal","2.0NRT",280.79,6.11,"N"
"6195",60.99676,76.37221,302.42,0.42,0.61,"2026-09-09",2259,"N20","nominal","2.0NRT",280.66,4.41,"N"
"6196",61.09846,76.09112,321.85,0.41,0.61,"2026-09-09",2259,"N20","nominal","2.0NRT",281.23,1.52,"N"
"6197",60.98295,76.37024,298,0.42,0.61,"2026-09-09",2259,"N20","nominal","2.0NRT",276.63,0.89,"N"
"6198",61.09974,75.99477,313.84,0.41,0.6,"2026-09-09",2259,"N20","nominal","2.0NRT",283.94,1.11,"N"
"6199",61.10242,75.78339,310.99,0.4,0.6,"2026-09-09",2259,"N20","nominal","2.0NRT",279.24,0.86,"N"
"6200",59.67672,78.76173,295.19,0.56,0.69,"2026-09-09",2259,"N20","nominal","2.0NRT",283.49,0.57,"N"
"6201",61.2836,72.9761,295.28,0.33,0.55,"2026-09-09",2301,"N20","nominal","2.0NRT",258.69,0.19,"N"
"6202",62.40241,68.52062,314.45,0.45,0.47,"2026-09-09",2301,"N20","nominal","2.0NRT",280.72,2.44,"N"
"6203",61.01967,72.62116,299.09,0.33,0.56,"2026-09-09",2301,"N20","nominal","2.0NRT",257.24,0.55,"N"
"6204",59.26992,77.03181,309.55,0.53,0.67,"2026-09-09",2301,"N20","nominal","2.0NRT",283.68,1.26,"N"
"6205",60.89362,72.80015,301.15,0.34,0.56,"2026-09-09",2301,"N20","nominal","2.0NRT",275.36,0.57,"N"
"6206",59.2702,77.03101,301.81,0.53,0.67,"2026-09-09",2301,"N20","nominal","2.0NRT",283.92,0.77,"N"
"6207",59.26722,77.03815,298.52,0.53,0.67,"2026-09-09",2301,"N20","nominal","2.0NRT",283.52,1.39,"N"
"6208",60.86232,72.68011,306.01,0.34,0.56,"2026-09-09",2301,"N20","nominal","2.0NRT",277.1,0.88,"N"
"6209",60.95346,72.39841,325.15,0.33,0.55,"2026-09-09",2301,"N20","nominal","2.0NRT",274.32,1.16,"N"
"6210",60.95173,72.40345,299.32,0.33,0.55,"2026-09-09",2301,"N20","nominal","2.0NRT",273.89,1.16,"N"
"6211",60.7797,72.70678,297.78,0.34,0.56,"2026-09-09",2301,"N20","nominal","2.0NRT",275.85,0.63,"N"
"6212",60.70318,72.8711,301.88,0.35,0.57,"2026-09-09",2301,"N20","nominal","2.0NRT",279.43,1.26,"N"
"6213",60.70132,72.87642,312.62,0.35,0.57,"2026-09-09",2301,"N20","nominal","2.0NRT",280.29,1.38,"N"
"6214",60.77536,72.44395,306.64,0.34,0.56,"2026-09-09",2301,"N20","nominal","2.0NRT",255.66,0.33,"N"
"6215",58.15907,78.90432,309.14,0.67,0.73,"2026-09-09",2301,"N20","nominal","2.0NRT",277.56,1.19,"N"
"6216",60.71852,72.51546,331.06,0.34,0.56,"2026-09-09",2301,"N20","nominal","2.0NRT",263.48,2.12,"N"
"6217",60.71673,72.52059,296.89,0.34,0.56,"2026-09-09",2301,"N20","nominal","2.0NRT",264.68,1.56,"N"
"6218",61.98208,68.57687,321.71,0.47,0.48,"2026-09-09",2301,"N20","nominal","2.0NRT",280.06,1.7,"N"
"6219",61.98336,68.57153,302.09,0.47,0.48,"2026-09-09",2301,"N20","nominal","2.0NRT",279.77,1.28,"N"
"6220",61.98111,68.57927,305.6,0.47,0.48,"2026-09-09",2301,"N20","nominal","2.0NRT",279.5,1.28,"N"
"6221",60.72076,72.51924,297.63,0.34,0.56,"2026-09-09",2301,"N20","nominal","2.0NRT",263.7,0.6,"N"
"6222",60.71654,72.51304,322.67,0.34,0.56,"2026-09-09",2301,"N20","nominal","2.0NRT",264.58,1.03,"N"
"6223",60.71477,72.51817,295.67,0.34,0.56,"2026-09-09",2301,"N20","nominal","2.0NRT",265.65,1.03,"N"
"6224",58.15461,78.90482,305.43,0.67,0.73,"2026-09-09",2301,"N20","nominal","2.0NRT",275.51,0.84,"N"
"6225",60.53768,72.95172,300.69,0.36,0.57,"2026-09-09",2301,"N20","nominal","2.0NRT",280.99,0.83,"N"
"6226",60.53577,72.95712,311.79,0.36,0.57,"2026-09-09",2301,"N20","nominal","2.0NRT",282.05,0.83,"N"
"6227",61.94946,68.47338,337.89,0.47,0.48,"2026-09-09",2301,"N20","nominal","2.0NRT",278.24,4.02,"N"
"6228",61.95172,68.46565,296.24,0.47,0.48,"2026-09-09",2301,"N20","nominal","2.0NRT",273.88,4.02,"N"
"6229",58.89466,76.8343,303.23,0.54,0.68,"2026-09-09",2301,"N20","nominal","2.0NRT",283.06,1.46,"N"
"6230",60.16323,73.57297,297.93,0.39,0.59,"2026-09-09",2301,"N20","nominal","2.0NRT",276.75,0.8,"N"
"6231",57.36315,80.19218,300.82,0.79,0.78,"2026-09-09",2301,"N20","nominal","2.0NRT",284.59,1.21,"N"
"6232",60.67245,72.00578,334.62,0.33,0.55,"2026-09-09",2301,"N20","nominal","2.0NRT",276.35,2.4,"N"
"6233",60.86202,71.28416,336.44,0.62,0.54,"2026-09-09",2301,"N20","nominal","2.0NRT",284.93,6.37,"N"
"6234",60.86522,71.27462,297.78,0.62,0.54,"2026-09-09",2301,"N20","nominal","2.0NRT",282.66,6.37,"N"
"6235",60.86246,71.27753,337.33,0.62,0.54,"2026-09-09",2301,"N20","nominal","2.0NRT",284.82,8.09,"N"
"6236",60.96196,70.86521,306.12,0.6,0.53,"2026-09-09",2301,"N20","nominal","2.0NRT",283.29,1.64,"N"
"6237",60.57437,71.98681,305.65,0.33,0.56,"2026-09-09",2301,"N20","nominal","2.0NRT",276.66,0.88,"N"
"6238",61.10576,70.22205,303.13,0.57,0.52,"2026-09-09",2301,"N20","nominal","2.0NRT",282.23,0.51,"N"
"6239",61.09943,70.18793,337.36,0.57,0.52,"2026-09-09",2301,"N20","nominal","2.0NRT",286.02,4.52,"N"
"6240",61.09658,70.19682,304.44,0.57,0.52,"2026-09-09",2301,"N20","nominal","2.0NRT",284.91,3.39,"N"
"6241",61.10328,70.22585,304.02,0.57,0.52,"2026-09-09",2301,"N20","nominal","2.0NRT",282.81,0.47,"N"
"6242",61.0969,70.19157,333.67,0.57,0.52,"2026-09-09",2301,"N20","nominal","2.0NRT",286.58,4.12,"N"
"6243",57.67352,78.92333,299.11,0.7,0.75,"2026-09-09",2301,"N20","nominal","2.0NRT",283.02,0.9,"N"
"6244",61.00599,70.26015,302.37,0.57,0.52,"2026-09-09",2301,"N20","nominal","2.0NRT",282.78,1.71,"N"
"6245",57.51338,79.00856,302.56,0.72,0.76,"2026-09-09",2301,"N20","nominal","2.0NRT",282.74,1.12,"N"
"6246",60.83751,70.44142,301.93,0.59,0.53,"2026-09-09",2301,"N20","nominal","2.0NRT",281.51,1.11,"N"
"6247",60.84007,70.37913,309.84,0.59,0.53,"2026-09-09",2301,"N20","nominal","2.0NRT",282.44,1.9,"N"
"6248",57.26803,79.39078,295.87,0.76,0.77,"2026-09-09",2301,"N20","nominal","2.0NRT",281.96,0.73,"N"
"6249",61.60902,67.81473,325.84,0.47,0.47,"2026-09-09",2301,"N20","nominal","2.0NRT",283.22,2.11,"N"
"6250",61.75247,66.96132,324.05,0.44,0.46,"2026-09-09",2301,"N20","nominal","2.0NRT",269.78,3.32,"N"
"6251",57.42605,78.69739,322.9,0.71,0.75,"2026-09-09",2301,"N20","nominal","2.0NRT",284.76,3.04,"N"
"6252",57.43029,78.68826,309.62,0.71,0.75,"2026-09-09",2301,"N20","nominal","2.0NRT",282.92,3.04,"N"
"6253",57.42749,78.69267,343.97,0.71,0.75,"2026-09-09",2301,"N20","nominal","2.0NRT",283.64,5.97,"N"
"6254",60.72997,69.89155,316.71,0.58,0.52,"2026-09-09",2301,"N20","nominal","2.0NRT",276.28,1.57,"N"
"6255",60.75133,69.35072,327.1,0.55,0.51,"2026-09-09",2301,"N20","nominal","2.0NRT",271.55,3.76,"N"
"6256",60.75407,69.342,305,0.55,0.51,"2026-09-09",2301,"N20","nominal","2.0NRT",270.39,2.83,"N"
"6257",60.75063,69.34561,300.55,0.55,0.51,"2026-09-09",2301,"N20","nominal","2.0NRT",270.59,1.37,"N"
"6258",59.89104,71.73238,367,0.35,0.57,"2026-09-09",2301,"N20","high","2.0NRT",277.76,5.42,"N"
"6259",60.04318,71.0695,306.07,0.33,0.55,"2026-09-09",2301,"N20","nominal","2.0NRT",280.56,0.52,"N"
"6260",60.03869,71.06883,299.6,0.33,0.55,"2026-09-09",2301,"N20","nominal","2.0NRT",282.46,0.74,"N"
"6261",59.7581,71.74236,315.32,0.36,0.57,"2026-09-09",2301,"N20","nominal","2.0NRT",283.29,1.16,"N"
"6262",58.7089,73.99293,299.01,0.46,0.63,"2026-09-09",2301,"N20","nominal","2.0NRT",284.12,0.74,"N"
"6263",59.07313,72.87292,304.04,0.41,0.61,"2026-09-09",2301,"N20","nominal","2.0NRT",281.22,0.64,"N"
"6264",59.47489,71.53659,319.14,0.36,0.57,"2026-09-09",2301,"N20","nominal","2.0NRT",283.97,1.13,"N"
"6265",59.41631,71.63053,330.66,0.37,0.58,"2026-09-09",2301,"N20","nominal","2.0NRT",280.07,4.38,"N"
"6266",59.41443,71.63589,337.32,0.37,0.58,"2026-09-09",2301,"N20","nominal","2.0NRT",280.41,4.59,"N"
"6267",60.18129,69.29704,311.28,0.58,0.52,"2026-09-09",2301,"N20","nominal","2.0NRT",280.95,1.35,"N"
"6268",59.05026,71.8609,316.66,0.38,0.59,"2026-09-09",2301,"N20","nominal","2.0NRT",282.25,0.86,"N"
"6269",59.19883,71.36661,336.48,0.37,0.58,"2026-09-09",2301,"N20","nominal","2.0NRT",267.11,2.13,"N"
"6270",60.08306,64.68345,303.02,0.43,0.46,"2026-09-09",2301,"N20","nominal","2.0NRT",283.08,0.93,"N"
"6271",59.9902,63.89206,324.02,0.41,0.45,"2026-09-09",2301,"N20","nominal","2.0NRT",283.3,2.25,"N"
"6272",59.99195,63.88546,312.97,0.41,0.45,"2026-09-09",2301,"N20","nominal","2.0NRT",281.81,2.25,"N"
"6273",59.5906,60.5838,299.1,0.52,0.41,"2026-09-09",2301,"N20","nominal","2.0NRT",280.11,0.64,"N"
"6274",59.59015,60.58732,304.85,0.52,0.41,"2026-09-09",2301,"N20","nominal","2.0NRT",280.25,1.27,"N"
"6275",57.09183,65.74702,313.35,0.59,0.53,"2026-09-09",2301,"N20","nominal","2.0NRT",282.13,2.1,"N"
"6276",58.71087,59.50493,295.05,0.51,0.41,"2026-09-09",2301,"N20","nominal","2.0NRT",279.32,0.7,"N"
"6277",56.93539,65.38422,318.69,0.58,0.52,"2026-09-09",2301,"N20","nominal","2.0NRT",279.86,1.75,"N"
"6278",58.86792,57.5564,296.17,0.45,0.39,"2026-09-09",2301,"N20","nominal","2.0NRT",281.21,0.83,"N"
"6279",58.87047,57.55067,295.87,0.45,0.39,"2026-09-09",2301,"N20","nominal","2.0NRT",280.05,0.38,"N"
"6280",58.86893,57.55797,296.12,0.45,0.39,"2026-09-09",2301,"N20","nominal","2.0NRT",281.16,0.62,"N"
"6281",58.39234,58.32394,298.37,0.48,0.4,"2026-09-09",2301,"N20","nominal","2.0NRT",279.89,1.97,"N"
"6282",57.94643,60.0576,297.48,0.55,0.43,"2026-09-09",2301,"N20","nominal","2.0NRT",278.37,0.91,"N"
"6283",57.94739,60.05296,324.3,0.55,0.43,"2026-09-09",2301,"N20","nominal","2.0NRT",279.85,2.77,"N"
"6284",60.72303,41.98396,300.07,0.41,0.45,"2026-09-09",2301,"N20","nominal","2.0NRT",278.68,0.55,"N"
"6285",57.94379,60.04992,308.88,0.55,0.43,"2026-09-09",2301,"N20","nominal","2.0NRT",278.84,2.77,"N"
"6286",57.92784,60.02614,298,0.55,0.43,"2026-09-09",2301,"N20","nominal","2.0NRT",281.03,1.8,"N"
"6287",57.91859,60.02859,303.93,0.55,0.43,"2026-09-09",2301,"N20","nominal","2.0NRT",281.32,1.33,"N"
"6288",57.91911,60.00841,311.26,0.55,0.43,"2026-09-09",2301,"N20","nominal","2.0NRT",283.57,2.12,"N"
"6289",57.91705,60.01699,301.14,0.55,0.43,"2026-09-09",2301,"N20","nominal","2.0NRT",282.71,2.12,"N"
"6290",57.91499,60.02558,302.45,0.55,0.43,"2026-09-09",2301,"N20","nominal","2.0NRT",281.39,1.33,"N"
"6291",57.86885,59.89396,296.94,0.55,0.42,"2026-09-09",2301,"N20","nominal","2.0NRT",277.45,0.48,"N"
"6292",56.87107,62.05206,309.25,0.45,0.47,"2026-09-09",2301,"N20","nominal","2.0NRT",280.3,1.4,"N"
"6293",56.86925,62.05883,298,0.46,0.47,"2026-09-09",2301,"N20","nominal","2.0NRT",282.12,2.23,"N"
"6294",56.86533,62.05536,298.59,0.46,0.47,"2026-09-09",2301,"N20","nominal","2.0NRT",280.99,1.15,"N"
"6295",57.87213,56.16179,296.7,0.44,0.38,"2026-09-09",2301,"N20","nominal","2.0NRT",278.89,0.72,"N"
"6296",56.89625,60.00365,297.32,0.39,0.44,"2026-09-09",2301,"N20","nominal","2.0NRT",276.32,0.84,"N"
"6297",56.86049,59.89605,334.28,0.39,0.44,"2026-09-09",2301,"N20","nominal","2.0NRT",273,2.72,"N"
"6298",56.86195,59.89013,305.07,0.39,0.44,"2026-09-09",2301,"N20","nominal","2.0NRT",270.02,2.72,"N"
"6299",56.47746,60.90678,299.58,0.43,0.46,"2026-09-09",2303,"N20","nominal","2.0NRT",281.43,0.57,"N"
"6300",56.48262,60.27241,296.15,0.41,0.45,"2026-09-09",2303,"N20","nominal","2.0NRT",279.28,1.01,"N"
"6301",58.57527,49.36077,327.36,0.39,0.36,"2026-09-09",2303,"N20","nominal","2.0NRT",279.67,5.41,"N"
"6302",58.57433,49.36737,321.58,0.39,0.36,"2026-09-09",2303,"N20","nominal","2.0NRT",278.54,3.74,"N"
"6303",59.14843,37.86549,327.87,0.54,0.51,"2026-09-09",2303,"N20","nominal","2.0NRT",285.89,2.62,"N"
"6304",59.15034,37.8271,298.2,0.54,0.51,"2026-09-09",2303,"N20","nominal","2.0NRT",284.17,1.34,"N"
"6305",59.14986,37.83674,313.83,0.54,0.51,"2026-09-09",2303,"N20","nominal","2.0NRT",286.87,2.06,"N"
"6306",59.1489,37.85591,299.11,0.54,0.51,"2026-09-09",2303,"N20","nominal","2.0NRT",284.96,2.62,"N"
"6307",59.14794,37.87502,295.59,0.54,0.51,"2026-09-09",2303,"N20","nominal","2.0NRT",285.37,1.9,"N"
"6308",59.1447,37.84545,296.61,0.54,0.51,"2026-09-09",2303,"N20","nominal","2.0NRT",285.11,2.06,"N"
"6309",59.1424,37.79631,305.03,0.54,0.51,"2026-09-09",2303,"N20","nominal","2.0NRT",282.82,1.64,"N"
"6310",59.14194,37.80592,311.59,0.54,0.51,"2026-09-09",2303,"N20","nominal","2.0NRT",283.55,1.64,"N"
"6311",59.14146,37.81556,295.43,0.54,0.51,"2026-09-09",2303,"N20","nominal","2.0NRT",283.39,1.63,"N"
"6312",59.14002,37.84464,300.66,0.54,0.51,"2026-09-09",2303,"N20","nominal","2.0NRT",287.22,1.98,"N"
"6313",59.13303,37.79455,338.52,0.54,0.51,"2026-09-09",2303,"N20","nominal","2.0NRT",288.49,17.11,"N"
"6314",59.1335,37.78493,298.83,0.54,0.51,"2026-09-09",2303,"N20","nominal","2.0NRT",285.03,6.44,"N"
"6315",59.13163,37.82328,295.81,0.54,0.51,"2026-09-09",2303,"N20","nominal","2.0NRT",284.92,1.29,"N"
"6316",55.28677,61.456,311.99,0.49,0.48,"2026-09-09",2303,"N20","nominal","2.0NRT",281.85,2.24,"N"
"6317",55.28483,61.46311,304.66,0.49,0.48,"2026-09-09",2303,"N20","nominal","2.0NRT",281.38,1.46,"N"
"6318",55.28078,61.4597,299.36,0.49,0.48,"2026-09-09",2303,"N20","nominal","2.0NRT",280.58,1.46,"N"
"6319",55.21231,61.42356,296.61,0.49,0.49,"2026-09-09",2303,"N20","nominal","2.0NRT",277.94,0.84,"N"
"6320",58.42615,40.32212,324.88,0.43,0.46,"2026-09-09",2303,"N20","nominal","2.0NRT",282.1,1.76,"N"
"6321",56.95432,50.92374,298.14,0.38,0.36,"2026-09-09",2303,"N20","nominal","2.0NRT",278.07,0.51,"N"
"6322",57.65268,39.16781,312.36,0.47,0.47,"2026-09-09",2303,"N20","nominal","2.0NRT",282.69,1.76,"N"
"6323",54.94825,56.05502,305.15,0.5,0.41,"2026-09-09",2303,"N20","nominal","2.0NRT",281.99,1.38,"N"
"6324",54.94835,56.04821,306.98,0.5,0.41,"2026-09-09",2303,"N20","nominal","2.0NRT",280.64,0.87,"N"
"6325",54.92913,56.0439,315.77,0.5,0.41,"2026-09-09",2303,"N20","nominal","2.0NRT",280.25,1.05,"N"
"6326",54.88103,56.07881,297.91,0.5,0.41,"2026-09-09",2303,"N20","nominal","2.0NRT",280.32,2.06,"N"
"6327",54.8535,56.11158,302.01,0.5,0.41,"2026-09-09",2303,"N20","nominal","2.0NRT",282.83,1.15,"N"
"6328",54.84997,56.10921,305.66,0.5,0.41,"2026-09-09",2303,"N20","nominal","2.0NRT",281.23,1.15,"N"
"6329",55.61046,51.93209,302.62,0.4,0.37,"2026-09-09",2303,"N20","nominal","2.0NRT",280.27,1.12,"N"
"6330",55.60827,51.94424,315.85,0.4,0.37,"2026-09-09",2303,"N20","nominal","2.0NRT",280.53,1.6,"N"
"6331",55.60399,51.92846,303.26,0.4,0.37,"2026-09-09",2303,"N20","nominal","2.0NRT",279.5,0.82,"N"
"6332",55.60075,51.92665,308.12,0.4,0.37,"2026-09-09",2303,"N20","nominal","2.0NRT",278.56,0.82,"N"
"6333",55.60189,51.90061,306,0.4,0.37,"2026-09-09",2303,"N20","nominal","2.0NRT",280.67,0.91,"N"
"6334",55.59865,51.8988,306.31,0.4,0.37,"2026-09-09",2303,"N20","nominal","2.0NRT",280.34,0.91,"N"
"6335",55.58771,51.95947,295.31,0.4,0.37,"2026-09-09",2303,"N20","nominal","2.0NRT",278.65,0.55,"N"
"6336",55.58667,51.94551,296.46,0.4,0.37,"2026-09-09",2303,"N20","nominal","2.0NRT",279.81,0.61,"N"
"6337",55.58891,51.91333,295.28,0.4,0.37,"2026-09-09",2303,"N20","nominal","2.0NRT",279.53,0.44,"N"
"6338",56.20167,32.78282,297.76,0.4,0.6,"2026-09-09",2303,"N20","nominal","2.0NRT",282.52,0.72,"N"
"6339",56.20292,32.78226,297.98,0.4,0.6,"2026-09-09",2303,"N20","nominal","2.0NRT",282.55,0.39,"N"
"6340",51.90257,59.70727,295.79,0.54,0.51,"2026-09-09",2303,"N20","nominal","2.0NRT",257.21,1.59,"N"
"6341",54.44537,45.86978,304.97,0.41,0.37,"2026-09-09",2303,"N20","nominal","2.0NRT",282.69,1.17,"N"
"6342",54.44454,45.87604,301.44,0.41,0.37,"2026-09-09",2303,"N20","nominal","2.0NRT",282.36,1.04,"N"
"6343",55.17819,37.65652,296.75,0.5,0.49,"2026-09-09",2303,"N20","nominal","2.0NRT",281.01,0.41,"N"
"6344",55.17751,37.6572,297.07,0.5,0.49,"2026-09-09",2303,"N20","nominal","2.0NRT",280.8,0.69,"N"
"6345",51.44547,57.57058,319.18,0.46,0.47,"2026-09-09",2303,"N20","nominal","2.0NRT",281.47,1.82,"N"
"6346",51.4399,57.574,302.97,0.46,0.47,"2026-09-09",2303,"N20","nominal","2.0NRT",281.32,1.82,"N"
"6347",54.48075,36.80204,295.89,0.53,0.5,"2026-09-09",2303,"N20","nominal","2.0NRT",282.04,0.4,"N"
"6348",54.4832,36.805,296.67,0.53,0.5,"2026-09-09",2303,"N20","nominal","2.0NRT",283.47,1.2,"N"
"6349",54.24633,38.86843,303.06,0.44,0.46,"2026-09-09",2303,"N20","nominal","2.0NRT",282.36,0.82,"N"
"6350",54.24805,38.86848,300.52,0.44,0.46,"2026-09-09",2303,"N20","nominal","2.0NRT",281.35,0.98,"N"
"6351",54.21362,38.92333,309.42,0.44,0.46,"2026-09-09",2303,"N20","nominal","2.0NRT",284.97,1.95,"N"
"6352",54.16974,37.71412,313.66,0.49,0.48,"2026-09-09",2303,"N20","nominal","2.0NRT",283.33,2.37,"N"
"6353",54.15536,37.72681,299.63,0.49,0.48,"2026-09-09",2303,"N20","nominal","2.0NRT",283.67,1.14,"N"
"6354",47.77251,67.74471,330.1,0.78,0.78,"2026-09-09",2303,"N20","nominal","2.0NRT",281.92,4.91,"N"
"6355",54.08577,38.17665,327.52,0.47,0.48,"2026-09-09",2303,"N20","nominal","2.0NRT",286.09,4.72,"N"
"6356",54.08601,38.17686,324.26,0.47,0.47,"2026-09-09",2303,"N20","nominal","2.0NRT",285.82,2.97,"N"
"6357",47.76783,67.74245,329.76,0.78,0.78,"2026-09-09",2303,"N20","nominal","2.0NRT",281.52,5.94,"N"
"6358",52.15684,50.95918,301.87,0.41,0.37,"2026-09-09",2303,"N20","nominal","2.0NRT",279.78,0.46,"N"
"6359",50.36032,57.12295,298.42,0.47,0.48,"2026-09-09",2303,"N20","nominal","2.0NRT",281.8,0.58,"N"
"6360",50.35302,57.13285,314.68,0.47,0.48,"2026-09-09",2303,"N20","nominal","2.0NRT",282.17,1.36,"N"
"6361",50.34893,57.13026,340.71,0.47,0.48,"2026-09-09",2303,"N20","nominal","2.0NRT",282.97,3.1,"N"
"6362",50.34732,57.13651,297.65,0.47,0.48,"2026-09-09",2303,"N20","nominal","2.0NRT",282.86,3.1,"N"
"6363",50.34483,57.12769,304.14,0.47,0.48,"2026-09-09",2303,"N20","nominal","2.0NRT",282.2,3.1,"N"
"6364",53.44436,34.41642,330.77,0.33,0.55,"2026-09-09",2303,"N20","nominal","2.0NRT",289.24,3.39,"N"
"6365",53.44201,34.4138,317.66,0.33,0.55,"2026-09-09",2303,"N20","nominal","2.0NRT",282.59,1.76,"N"
"6366",53.4418,34.41885,297.24,0.33,0.55,"2026-09-09",2303,"N20","nominal","2.0NRT",283.75,1.76,"N"
"6367",53.33926,34.27498,308.44,0.33,0.55,"2026-09-09",2303,"N20","nominal","2.0NRT",283.3,1,"N"
"6368",53.33769,34.27164,296.3,0.33,0.55,"2026-09-09",2303,"N20","nominal","2.0NRT",282.98,0.49,"N"
"6369",53.33749,34.27668,299.46,0.33,0.55,"2026-09-09",2303,"N20","nominal","2.0NRT",282.42,0.57,"N"
"6370",52.5661,39.69852,315.3,0.39,0.44,"2026-09-09",2303,"N20","nominal","2.0NRT",283.65,1.97,"N"
"6371",52.56559,39.70435,308.53,0.39,0.44,"2026-09-09",2303,"N20","nominal","2.0NRT",283.06,1.72,"N"
"6372",52.56266,39.59647,299.78,0.4,0.44,"2026-09-09",2303,"N20","nominal","2.0NRT",284.02,1.24,"N"
"6373",52.56114,39.61406,297.34,0.39,0.44,"2026-09-09",2303,"N20","nominal","2.0NRT",283.06,0.79,"N"
"6374",52.56063,39.61991,300,0.39,0.44,"2026-09-09",2303,"N20","nominal","2.0NRT",283.31,1.09,"N"
"6375",52.55709,39.61311,337.25,0.39,0.44,"2026-09-09",2303,"N20","nominal","2.0NRT",284.93,2.37,"N"
"6376",52.56066,39.57191,313.41,0.4,0.44,"2026-09-09",2303,"N20","nominal","2.0NRT",284.24,1.88,"N"
"6377",52.55912,39.58966,300.86,0.4,0.44,"2026-09-09",2303,"N20","nominal","2.0NRT",283.21,0.87,"N"
"6378",52.55861,39.59555,306.36,0.4,0.44,"2026-09-09",2303,"N20","nominal","2.0NRT",285.89,2.3,"N"
"6379",52.55759,39.60726,307.74,0.4,0.44,"2026-09-09",2303,"N20","nominal","2.0NRT",282.72,2.37,"N"
"6380",52.55658,39.61895,297.39,0.39,0.44,"2026-09-09",2303,"N20","nominal","2.0NRT",284.24,2.19,"N"
"6381",52.55051,39.64135,339.95,0.39,0.44,"2026-09-09",2303,"N20","nominal","2.0NRT",283.11,3.88,"N"
"6382",52.5566,39.57101,309.05,0.4,0.44,"2026-09-09",2303,"N20","nominal","2.0NRT",283.5,1.88,"N"
"6383",52.55507,39.58875,300.76,0.4,0.44,"2026-09-09",2303,"N20","nominal","2.0NRT",282.36,0.87,"N"
"6384",52.54697,39.63456,321.23,0.39,0.44,"2026-09-09",2303,"N20","nominal","2.0NRT",284.32,2.89,"N"
"6385",52.54647,39.64038,352.63,0.39,0.44,"2026-09-09",2303,"N20","nominal","2.0NRT",282.97,10.08,"N"
"6386",52.54445,39.61603,307.18,0.39,0.44,"2026-09-09",2303,"N20","nominal","2.0NRT",281.48,1.44,"N"
"6387",52.54394,39.62191,316.73,0.39,0.44,"2026-09-09",2303,"N20","nominal","2.0NRT",282.69,1.44,"N"
"6388",52.54041,39.61508,321.69,0.39,0.44,"2026-09-09",2303,"N20","nominal","2.0NRT",283.54,1.36,"N"
"6389",52.53989,39.62094,295.45,0.39,0.44,"2026-09-09",2303,"N20","nominal","2.0NRT",281.56,1.36,"N"
"6390",52.53484,39.63169,323.06,0.39,0.44,"2026-09-09",2303,"N20","nominal","2.0NRT",291.66,14.59,"N"
"6391",52.53535,39.62585,311.47,0.39,0.44,"2026-09-09",2303,"N20","nominal","2.0NRT",281.24,14.59,"N"
"6392",52.5313,39.62495,296.54,0.39,0.44,"2026-09-09",2303,"N20","nominal","2.0NRT",280.29,0.73,"N"
"6393",52.8466,29.98567,298.17,0.5,0.66,"2026-09-09",2303,"N20","nominal","2.0NRT",284.52,0.99,"N"
"6394",52.39172,32.37875,309.12,0.39,0.6,"2026-09-09",2305,"N20","nominal","2.0NRT",283.14,1.24,"N"
"6395",52.39158,32.38468,305.94,0.39,0.6,"2026-09-09",2305,"N20","nominal","2.0NRT",283.13,1.24,"N"
"6396",52.39115,32.40233,312.87,0.39,0.6,"2026-09-09",2305,"N20","nominal","2.0NRT",282.81,1.89,"N"
"6397",52.38562,32.40184,328.26,0.39,0.6,"2026-09-09",2305,"N20","nominal","2.0NRT",283.54,1.89,"N"
"6398",52.38619,32.37829,315.87,0.39,0.6,"2026-09-09",2305,"N20","nominal","2.0NRT",284.3,1.24,"N"
"6399",52.38591,32.39009,312.26,0.39,0.6,"2026-09-09",2305,"N20","nominal","2.0NRT",282.83,3.49,"N"
"6400",52.38066,32.37781,367,0.39,0.6,"2026-09-09",2305,"N20","high","2.0NRT",286.99,6.38,"N"
"6401",52.38052,32.38369,350.63,0.39,0.6,"2026-09-09",2305,"N20","nominal","2.0NRT",286.93,6.38,"N"
"6402",52.37499,32.38317,338.09,0.39,0.6,"2026-09-09",2305,"N20","nominal","2.0NRT",284.53,6.38,"N"
"6403",52.37513,32.3773,309.89,0.39,0.6,"2026-09-09",2305,"N20","nominal","2.0NRT",282.61,6.38,"N"
"6404",52.36946,32.38267,323.19,0.39,0.6,"2026-09-09",2305,"N20","nominal","2.0NRT",281.92,1.68,"N"
"6405",52.14193,37.35004,295.7,0.48,0.48,"2026-09-09",2305,"N20","nominal","2.0NRT",279.31,0.67,"N"
"6406",52.33805,32.54372,298.71,0.39,0.59,"2026-09-09",2305,"N20","nominal","2.0NRT",281.63,0.6,"N"
"6407",51.93241,39.32363,320.93,0.4,0.44,"2026-09-09",2305,"N20","nominal","2.0NRT",279.62,1.96,"N"
"6408",52.29809,32.39213,305.51,0.39,0.6,"2026-09-09",2305,"N20","nominal","2.0NRT",282.32,1.37,"N"
"6409",52.22718,32.37327,319.72,0.39,0.6,"2026-09-09",2305,"N20","nominal","2.0NRT",282.6,1.45,"N"
"6410",52.22165,32.37278,297.13,0.39,0.6,"2026-09-09",2305,"N20","nominal","2.0NRT",280.91,1.45,"N"
"6411",45.83123,66.13505,295.44,0.79,0.78,"2026-09-09",2305,"N20","nominal","2.0NRT",283.93,0.59,"N"
"6412",45.9555,65.72327,315.86,0.75,0.77,"2026-09-09",2305,"N20","nominal","2.0NRT",283.82,2.22,"N"
"6413",45.95231,65.7319,305.93,0.75,0.77,"2026-09-09",2305,"N20","nominal","2.0NRT",283.66,2.22,"N"
"6414",46.13749,65.01204,297.61,0.69,0.74,"2026-09-09",2305,"N20","nominal","2.0NRT",283.02,0.79,"N"
"6415",51.98216,33.49345,312.98,0.35,0.57,"2026-09-09",2305,"N20","nominal","2.0NRT",282.3,1.13,"N"
"6416",46.13507,65.01069,297.95,0.69,0.74,"2026-09-09",2305,"N20","nominal","2.0NRT",283.42,0.69,"N"
"6417",51.93579,34.26525,302.84,0.32,0.55,"2026-09-09",2305,"N20","nominal","2.0NRT",281.32,0.79,"N"
"6418",51.89573,29.33798,324.31,0.53,0.67,"2026-09-09",2305,"N20","nominal","2.0NRT",286.97,3.77,"N"
"6419",51.88948,29.3299,308.65,0.53,0.67,"2026-09-09",2305,"N20","nominal","2.0NRT",285.55,3.79,"N"
"6420",51.89202,29.33428,328.27,0.53,0.67,"2026-09-09",2305,"N20","nominal","2.0NRT",286.17,4.53,"N"
"6421",51.65909,34.08488,315.97,0.33,0.55,"2026-09-09",2305,"N20","nominal","2.0NRT",280.04,1.02,"N"
"6422",51.65887,34.08973,305.73,0.33,0.55,"2026-09-09",2305,"N20","nominal","2.0NRT",280.11,1.02,"N"
"6423",51.49255,36.40865,297.94,0.52,0.5,"2026-09-09",2305,"N20","nominal","2.0NRT",280.6,0.84,"N"
"6424",51.25919,37.76223,322.24,0.45,0.47,"2026-09-09",2305,"N20","nominal","2.0NRT",287.89,3.33,"N"
"6425",51.14064,37.92912,326.04,0.44,0.46,"2026-09-09",2305,"N20","nominal","2.0NRT",281.65,3.53,"N"
"6426",51.33807,34.63487,309.89,0.62,0.54,"2026-09-09",2305,"N20","nominal","2.0NRT",281.82,1.87,"N"
"6427",51.12255,37.99705,295.44,0.44,0.46,"2026-09-09",2305,"N20","nominal","2.0NRT",280.72,0.68,"N"
"6428",51.33819,34.62774,303.13,0.62,0.54,"2026-09-09",2305,"N20","nominal","2.0NRT",281.16,2.97,"N"
"6429",50.8554,35.47339,295.04,0.56,0.52,"2026-09-09",2305,"N20","nominal","2.0NRT",279.38,1.73,"N"
"6430",50.85062,35.47285,315.95,0.56,0.52,"2026-09-09",2305,"N20","nominal","2.0NRT",280.77,1.73,"N"
"6431",50.85064,35.47365,314.1,0.56,0.52,"2026-09-09",2305,"N20","nominal","2.0NRT",280.35,2.15,"N"
"6432",50.37776,39.6354,300.5,0.56,0.43,"2026-09-09",2305,"N20","nominal","2.0NRT",279.15,1.13,"N"
"6433",50.61412,36.60235,302.29,0.5,0.49,"2026-09-09",2305,"N20","nominal","2.0NRT",282.41,0.71,"N"
"6434",50.43189,37.84687,335.27,0.44,0.46,"2026-09-09",2305,"N20","nominal","2.0NRT",278.59,3.12,"N"
"6435",50.43139,37.85338,308.58,0.44,0.46,"2026-09-09",2305,"N20","nominal","2.0NRT",280.01,3.12,"N"
"6436",50.15103,39.68179,306.01,0.55,0.43,"2026-09-09",2305,"N20","nominal","2.0NRT",280.41,1.25,"N"
"6437",50.59477,31.3225,297.4,0.43,0.62,"2026-09-09",2305,"N20","nominal","2.0NRT",283.77,0.3,"N"
"6438",49.7261,43.02677,311.35,0.43,0.38,"2026-09-09",2305,"N20","nominal","2.0NRT",278.24,1,"N"
"6439",49.72535,43.03265,296.1,0.43,0.38,"2026-09-09",2305,"N20","nominal","2.0NRT",277.06,1,"N"
"6440",50.45725,34.16646,322.99,0.32,0.54,"2026-09-09",2305,"N20","nominal","2.0NRT",282.49,2.08,"N"
"6441",50.27777,36.93285,299,0.48,0.48,"2026-09-09",2305,"N20","nominal","2.0NRT",278.81,0.91,"N"
"6442",69.37263,88.11565,332,0.56,0.51,"2026-09-09",2259,"N20","nominal","2.0NRT",275.23,4.06,"N"
"6443",69.36876,88.12469,295.92,0.56,0.51,"2026-09-09",2259,"N20","nominal","2.0NRT",274.45,3.16,"N"
"6444",69.36826,88.11935,327.08,0.56,0.51,"2026-09-09",2259,"N20","nominal","2.0NRT",276.09,4.29,"N"
"6445",69.37213,88.11016,302.26,0.56,0.51,"2026-09-09",2259,"N20","nominal","2.0NRT",273.62,2.67,"N"
"6446",71.25676,72.06767,306.42,0.42,0.37,"2026-09-09",2259,"N20","nominal","2.0NRT",262.31,0.72,"N"
"6447",67.55473,83.21525,297.95,0.57,0.52,"2026-09-09",2259,"N20","nominal","2.0NRT",276.57,1.64,"N"
"6448",67.551,83.22474,300.66,0.57,0.52,"2026-09-09",2259,"N20","nominal","2.0NRT",276.42,1.28,"N"
"6449",67.54725,83.23427,296.95,0.58,0.52,"2026-09-09",2259,"N20","nominal","2.0NRT",276.81,1.28,"N"
"6450",67.55136,83.20619,333.25,0.57,0.52,"2026-09-09",2259,"N20","nominal","2.0NRT",280.09,2.7,"N"
"6451",67.54763,83.21568,315.94,0.57,0.52,"2026-09-09",2259,"N20","nominal","2.0NRT",278.29,1.53,"N"
"6452",67.54388,83.2252,300.06,0.58,0.52,"2026-09-09",2259,"N20","nominal","2.0NRT",276.72,1.53,"N"
"6453",67.54796,83.19722,295.93,0.57,0.52,"2026-09-09",2259,"N20","nominal","2.0NRT",276.34,2.7,"N"
"6454",67.54427,83.20662,299.79,0.57,0.52,"2026-09-09",2259,"N20","nominal","2.0NRT",276.44,1.53,"N"
"6455",67.5405,83.21617,297.58,0.58,0.52,"2026-09-09",2259,"N20","nominal","2.0NRT",276.24,1.53,"N"
"6456",67.55254,83.21935,299.79,0.57,0.52,"2026-09-09",2259,"N20","nominal","2.0NRT",276.61,1.29,"N"
"6457",67.54883,83.22896,302.5,0.58,0.52,"2026-09-09",2259,"N20","nominal","2.0NRT",276.66,1.29,"N"
"6458",67.54919,83.21027,348.25,0.57,0.52,"2026-09-09",2259,"N20","nominal","2.0NRT",282,2.7,"N"
"6459",67.55286,83.20078,304.84,0.57,0.52,"2026-09-09",2259,"N20","nominal","2.0NRT",277.88,2.76,"N"
"6460",67.54547,83.21986,307.07,0.58,0.52,"2026-09-09",2259,"N20","nominal","2.0NRT",276.75,2.7,"N"
"6461",67.54581,83.20126,296.73,0.57,0.52,"2026-09-09",2259,"N20","nominal","2.0NRT",276.08,2.7,"N"
"6462",67.54209,83.21082,298.25,0.58,0.52,"2026-09-09",2259,"N20","nominal","2.0NRT",276.4,2.7,"N"
"6463",67.19653,81.99247,337.28,0.57,0.52,"2026-09-09",2259,"N20","nominal","2.0NRT",280.08,5.37,"N"
"6464",67.85561,80.16537,298.3,0.49,0.48,"2026-09-09",2259,"N20","nominal","2.0NRT",278.4,0.37,"N"
"6465",67.30473,79.08521,297.47,0.49,0.49,"2026-09-09",2301,"N20","nominal","2.0NRT",277.14,0.42,"N"
"6466",66.71661,80.50036,297.34,0.56,0.52,"2026-09-09",2301,"N20","nominal","2.0NRT",278.8,1.62,"N"
"6467",66.7339,80.41809,321.94,0.56,0.51,"2026-09-09",2301,"N20","nominal","2.0NRT",279.3,2.95,"N"
"6468",66.70959,80.4486,352.4,0.56,0.51,"2026-09-09",2301,"N20","nominal","2.0NRT",281.01,15.85,"N"
"6469",66.66761,80.45578,336.83,0.56,0.52,"2026-09-09",2301,"N20","nominal","2.0NRT",281.53,7.08,"N"
"6470",66.66058,80.45702,337.54,0.56,0.52,"2026-09-09",2301,"N20","nominal","2.0NRT",280.06,7.48,"N"
"6471",66.67168,80.45843,301.73,0.56,0.52,"2026-09-09",2301,"N20","nominal","2.0NRT",279.89,2.75,"N"
"6472",66.66818,80.45019,336.28,0.56,0.52,"2026-09-09",2301,"N20","nominal","2.0NRT",279.59,2.75,"N"
"6473",66.66122,80.46918,336.11,0.56,0.52,"2026-09-09",2301,"N20","nominal","2.0NRT",279.65,8.78,"N"
"6474",66.60168,80.41772,325.97,0.57,0.52,"2026-09-09",2301,"N20","nominal","2.0NRT",278.59,2.18,"N"
"6475",66.87207,77.75984,338.7,0.49,0.48,"2026-09-09",2301,"N20","nominal","2.0NRT",282.2,17.26,"N"
"6476",66.86662,77.30324,335.33,0.48,0.48,"2026-09-09",2301,"N20","nominal","2.0NRT",281.78,5.42,"N"
"6477",66.68382,77.31081,306.64,0.49,0.48,"2026-09-09",2301,"N20","nominal","2.0NRT",279.05,1.43,"N"
"6478",67.01428,76.19172,328.68,0.45,0.47,"2026-09-09",2301,"N20","nominal","2.0NRT",281.27,2.35,"N"
"6479",66.57965,77.36446,318.43,0.49,0.49,"2026-09-09",2301,"N20","nominal","2.0NRT",279.71,2.12,"N"
"6480",67.28917,75.10938,322.06,0.41,0.45,"2026-09-09",2301,"N20","nominal","2.0NRT",278.2,2.59,"N"
"6481",66.56293,77.1681,337.21,0.49,0.48,"2026-09-09",2301,"N20","nominal","2.0NRT",282.98,13.4,"N"
"6482",66.33173,77.83063,299.32,0.52,0.5,"2026-09-09",2301,"N20","nominal","2.0NRT",280.09,0.71,"N"
"6483",66.66009,76.84075,335.56,0.48,0.48,"2026-09-09",2301,"N20","nominal","2.0NRT",280.47,4.53,"N"
"6484",66.96072,75.54455,298.67,0.43,0.46,"2026-09-09",2301,"N20","nominal","2.0NRT",279.09,43.5,"N"
"6485",66.95737,75.53779,345.96,0.43,0.46,"2026-09-09",2301,"N20","nominal","2.0NRT",294.14,43.5,"N"
"6486",66.95403,75.53103,297.12,0.43,0.46,"2026-09-09",2301,"N20","nominal","2.0NRT",279.53,1.05,"N"
"6487",66.90842,75.6068,311.61,0.44,0.46,"2026-09-09",2301,"N20","nominal","2.0NRT",277.86,5.83,"N"
"6488",66.90506,75.6,367,0.44,0.46,"2026-09-09",2301,"N20","high","2.0NRT",280.89,5.83,"N"
"6489",66.55257,76.69321,337.34,0.48,0.48,"2026-09-09",2301,"N20","nominal","2.0NRT",281.22,16.35,"N"
"6490",66.54981,76.70158,324.24,0.48,0.48,"2026-09-09",2301,"N20","nominal","2.0NRT",282.9,14.19,"N"
"6491",67.80528,72.52968,302.97,0.53,0.42,"2026-09-09",2301,"N20","nominal","2.0NRT",281.51,1.26,"N"
"6492",67.80492,72.51341,323.16,0.53,0.42,"2026-09-09",2301,"N20","nominal","2.0NRT",282.72,3.61,"N"
"6493",67.01192,75.24003,320.98,0.43,0.46,"2026-09-09",2301,"N20","nominal","2.0NRT",277.07,2.88,"N"
"6494",67.80501,72.52245,332.64,0.53,0.42,"2026-09-09",2301,"N20","nominal","2.0NRT",283.08,3.82,"N"
"6495",66.90671,75.59672,336.39,0.44,0.46,"2026-09-09",2301,"N20","nominal","2.0NRT",278.96,5.04,"N"
"6496",66.90425,75.60468,345.24,0.44,0.46,"2026-09-09",2301,"N20","nominal","2.0NRT",280.29,9.33,"N"
"6497",67.01013,75.24247,321.21,0.43,0.46,"2026-09-09",2301,"N20","nominal","2.0NRT",277.72,2.43,"N"
"6498",66.55139,76.69814,346.18,0.48,0.48,"2026-09-09",2301,"N20","nominal","2.0NRT",285.17,25.79,"N"
"6499",66.1917,77.68734,319.2,0.52,0.5,"2026-09-09",2301,"N20","nominal","2.0NRT",281.25,3.11,"N"
"6500",66.44081,76.9115,302.12,0.49,0.48,"2026-09-09",2301,"N20","nominal","2.0NRT",278.89,1.05,"N"
"6501",66.36681,76.97545,302.13,0.49,0.49,"2026-09-09",2301,"N20","nominal","2.0NRT",278.99,1.53,"N"
"6502",66.31301,76.9952,330.42,0.5,0.49,"2026-09-09",2301,"N20","nominal","2.0NRT",279.83,2.7,"N"
"6503",66.31339,77.0018,311.85,0.5,0.49,"2026-09-09",2301,"N20","nominal","2.0NRT",279.03,1.68,"N"
"6504",66.30991,76.99458,310.58,0.5,0.49,"2026-09-09",2301,"N20","nominal","2.0NRT",278.72,1.92,"N"
"6505",66.19885,77.23795,332,0.51,0.49,"2026-09-09",2301,"N20","nominal","2.0NRT",280.9,4.06,"N"
"6506",66.31812,76.79324,337.42,0.49,0.49,"2026-09-09",2301,"N20","nominal","2.0NRT",281.88,9.07,"N"
"6507",66.27824,76.75467,327.73,0.49,0.49,"2026-09-09",2301,"N20","nominal","2.0NRT",279.84,4.05,"N"
"6508",66.2489,76.82477,339.42,0.5,0.49,"2026-09-09",2301,"N20","nominal","2.0NRT",282.89,16.48,"N"
"6509",66.24542,76.8176,338.55,0.5,0.49,"2026-09-09",2301,"N20","nominal","2.0NRT",280.3,16.48,"N"
"6510",66.16324,76.94942,337.14,0.5,0.49,"2026-09-09",2301,"N20","nominal","2.0NRT",283.39,16.08,"N"
"6511",66.16031,76.95818,320.35,0.5,0.49,"2026-09-09",2301,"N20","nominal","2.0NRT",286.41,16.08,"N"
"6512",66.05431,77.00797,336.59,0.51,0.49,"2026-09-09",2301,"N20","nominal","2.0NRT",281.22,4.68,"N"
"6513",65.9726,76.90961,336.34,0.51,0.5,"2026-09-09",2301,"N20","nominal","2.0NRT",281.48,5.36,"N"
"6514",65.9696,76.91842,309.63,0.51,0.5,"2026-09-09",2301,"N20","nominal","2.0NRT",280.07,5.36,"N"
"6515",66.55956,74.87936,323.78,0.44,0.46,"2026-09-09",2301,"N20","nominal","2.0NRT",279.77,1.74,"N"
"6516",65.85981,76.95779,346.18,0.52,0.5,"2026-09-09",2301,"N20","nominal","2.0NRT",282.01,8.15,"N"
"6517",65.82666,76.86095,351.48,0.52,0.5,"2026-09-09",2301,"N20","nominal","2.0NRT",282.76,9.04,"N"
"6518",65.08311,78.28101,295.1,0.6,0.53,"2026-09-09",2301,"N20","nominal","2.0NRT",281.98,1.19,"N"
"6519",65.07951,78.29086,297.8,0.6,0.53,"2026-09-09",2301,"N20","nominal","2.0NRT",281.09,0.94,"N"
"6520",65.30905,77.41871,296.52,0.56,0.52,"2026-09-09",2301,"N20","nominal","2.0NRT",281.44,1.13,"N"
"6521",54.61162,160.30457,367,0.62,0.71,"2026-09-10",28,"N20","high","2.0NRT",310.31,29.82,"D"
"6522",54.60981,160.30002,367,0.62,0.71,"2026-09-10",28,"N20","high","2.0NRT",300.31,29.82,"D"
"6523",45.47421,27.04072,298.05,0.4,0.44,"2026-09-10",48,"N20","nominal","2.0NRT",283.51,0.46,"N"
"6524",41.24429,36.46522,300.45,0.72,0.76,"2026-09-10",48,"N20","nominal","2.0NRT",286.48,1.81,"N"
"6525",41.2439,36.46465,303.42,0.72,0.76,"2026-09-10",48,"N20","nominal","2.0NRT",286.32,2.73,"N"
"6526",43.66054,27.57913,298.43,0.47,0.47,"2026-09-10",48,"N20","nominal","2.0NRT",283.61,0.52,"N"
"6527",41.19315,32.62091,295.76,0.48,0.64,"2026-09-10",48,"N20","nominal","2.0NRT",285.06,0.81,"N"
"6528",41.17752,32.63033,301.72,0.48,0.64,"2026-09-10",48,"N20","nominal","2.0NRT",285.51,1.28,"N"
"6529",40.59047,34.42234,300.52,0.61,0.71,"2026-09-10",48,"N20","nominal","2.0NRT",282.57,2.6,"N"
"6530",40.6102,34.1841,300.61,0.59,0.7,"2026-09-10",48,"N20","nominal","2.0NRT",280.68,1.01,"N"
"6531",40.60804,34.1689,308.47,0.59,0.7,"2026-09-10",48,"N20","nominal","2.0NRT",281.91,1.57,"N"
"6532",40.60385,34.18195,301.19,0.59,0.7,"2026-09-10",48,"N20","nominal","2.0NRT",282.49,2.34,"N"
"6533",40.60746,34.18495,311.04,0.59,0.7,"2026-09-10",48,"N20","nominal","2.0NRT",281.68,2.25,"N"
"6534",40.60518,34.16992,313.01,0.59,0.7,"2026-09-10",48,"N20","nominal","2.0NRT",282.72,2.01,"N"
"6535",41.26551,31.42136,305.69,0.41,0.61,"2026-09-10",48,"N20","nominal","2.0NRT",289.1,1.41,"N"
"6536",41.26418,31.42599,302.43,0.41,0.61,"2026-09-10",48,"N20","nominal","2.0NRT",291.58,1.18,"N"
"6537",41.26286,31.43058,301.88,0.41,0.61,"2026-09-10",48,"N20","nominal","2.0NRT",289.05,1.18,"N"
"6538",40.15144,35.02333,303.54,0.67,0.74,"2026-09-10",48,"N20","nominal","2.0NRT",277.69,2.48,"N"
"6539",41.25631,31.41143,314.32,0.41,0.61,"2026-09-10",48,"N20","nominal","2.0NRT",287.74,1.01,"N"
"6540",41.25499,31.41605,298.18,0.41,0.61,"2026-09-10",48,"N20","nominal","2.0NRT",287.72,1.01,"N"
"6541",40.14526,35.0196,307.47,0.67,0.74,"2026-09-10",48,"N20","nominal","2.0NRT",278.03,2.72,"N"
"6542",40.14826,35.02057,305.23,0.67,0.74,"2026-09-10",48,"N20","nominal","2.0NRT",277.86,3.96,"N"
"6543",40.14616,35.02708,310.8,0.67,0.74,"2026-09-10",48,"N20","nominal","2.0NRT",278.42,3.76,"N"
"6544",40.08213,32.79398,318.83,0.53,0.67,"2026-09-10",50,"N20","nominal","2.0NRT",283.03,2.94,"N"
"6545",40.08046,32.79951,314.78,0.53,0.67,"2026-09-10",50,"N20","nominal","2.0NRT",284.51,2.94,"N"
"6546",39.61583,33.59025,317.18,0.59,0.7,"2026-09-10",50,"N20","nominal","2.0NRT",280.47,2.6,"N"
"6547",41.02143,28.55481,306.52,0.61,0.53,"2026-09-10",50,"N20","nominal","2.0NRT",290.46,1.73,"N"
"6548",39.46307,33.78363,298.77,0.61,0.71,"2026-09-10",50,"N20","nominal","2.0NRT",279.5,1.16,"N"
"6549",39.46259,33.78347,300.25,0.61,0.71,"2026-09-10",50,"N20","nominal","2.0NRT",279.3,1.54,"N"
"6550",39.35658,33.55463,295.09,0.6,0.71,"2026-09-10",50,"N20","nominal","2.0NRT",282.16,1.71,"N"
"6551",39.35458,33.56099,302.59,0.6,0.71,"2026-09-10",50,"N20","nominal","2.0NRT",280.42,1.71,"N"
"6552",39.35537,33.55429,297.57,0.6,0.71,"2026-09-10",50,"N20","nominal","2.0NRT",281.9,2.16,"N"
"6553",39.3534,33.56063,306.47,0.6,0.71,"2026-09-10",50,"N20","nominal","2.0NRT",280.51,2.25,"N"
"6554",40.24434,29.92531,297.83,0.37,0.58,"2026-09-10",50,"N20","nominal","2.0NRT",285.75,0.73,"N"
"6555",39.06934,32.48955,314.86,0.54,0.68,"2026-09-10",50,"N20","nominal","2.0NRT",282.8,2.19,"N"
"6556",39.07032,32.48755,299.67,0.54,0.68,"2026-09-10",50,"N20","nominal","2.0NRT",281.06,1.16,"N"
"6557",39.06865,32.49314,299.57,0.54,0.68,"2026-09-10",50,"N20","nominal","2.0NRT",283.81,1.72,"N"
"6558",39.0519,32.50414,295.16,0.54,0.68,"2026-09-10",50,"N20","nominal","2.0NRT",282.4,0.66,"N"
"6559",39.902,28.87145,299.88,0.34,0.56,"2026-09-10",50,"N20","nominal","2.0NRT",285.46,0.29,"N"
"6560",38.93065,32.17308,300.84,0.53,0.67,"2026-09-10",50,"N20","nominal","2.0NRT",279.56,0.9,"N"
"6561",38.09074,34.4169,302.72,0.73,0.76,"2026-09-10",50,"N20","nominal","2.0NRT",280.86,1.4,"N"
"6562",39.60912,27.87624,298.83,0.61,0.53,"2026-09-10",50,"N20","nominal","2.0NRT",288.61,0.62,"N"
"6563",39.86362,26.24407,304.38,0.5,0.49,"2026-09-10",50,"N20","nominal","2.0NRT",290.91,2.09,"N"
"6564",39.86538,26.24286,309.14,0.5,0.49,"2026-09-10",50,"N20","nominal","2.0NRT",292.05,1.82,"N"
"6565",38.65941,30.61711,311.64,0.45,0.63,"2026-09-10",50,"N20","nominal","2.0NRT",285.27,1.87,"N"
"6566",38.21879,31.20462,307.49,0.49,0.65,"2026-09-10",50,"N20","nominal","2.0NRT",284.34,1.19,"N"
"6567",38.21518,31.20471,304.2,0.49,0.65,"2026-09-10",50,"N20","nominal","2.0NRT",283.35,1.09,"N"
"6568",39.09435,27.51497,299.72,0.6,0.53,"2026-09-10",50,"N20","nominal","2.0NRT",289.19,1.39,"N"
"6569",38.74062,26.93043,303.34,0.57,0.52,"2026-09-10",50,"N20","nominal","2.0NRT",292.03,1.61,"N"
"6570",38.73748,26.94306,306.76,0.57,0.52,"2026-09-10",50,"N20","nominal","2.0NRT",294.02,2.28,"N"
"6571",37.25375,30.44391,298.21,0.48,0.65,"2026-09-10",50,"N20","nominal","2.0NRT",286.94,1.29,"N"
"6572",31.03011,29.75711,304.14,0.64,0.72,"2026-09-10",52,"N20","nominal","2.0NRT",292.8,2.3,"N"
"6573",30.39575,30.58801,306.32,0.74,0.76,"2026-09-10",52,"N20","nominal","2.0NRT",292.9,1.54,"N"
"6574",30.84175,28.66465,303.1,0.56,0.69,"2026-09-10",52,"N20","nominal","2.0NRT",290.26,0.72,"N"
"6575",30.93391,27.55435,367,0.48,0.65,"2026-09-10",52,"N20","high","2.0NRT",292.81,7.63,"N"
"6576",30.93568,27.55552,367,0.49,0.65,"2026-09-10",52,"N20","high","2.0NRT",292.81,9.16,"N"
"6577",31.1004,26.61661,301.62,0.42,0.61,"2026-09-10",52,"N20","nominal","2.0NRT",291.34,1.19,"N"
"6578",31.0993,26.62089,309.84,0.42,0.61,"2026-09-10",52,"N20","nominal","2.0NRT",290.83,1.2,"N"
"6579",30.89833,27.34214,300.01,0.47,0.64,"2026-09-10",52,"N20","nominal","2.0NRT",289.98,0.47,"N"
"6580",31.09613,26.61605,302.47,0.42,0.61,"2026-09-10",52,"N20","nominal","2.0NRT",289.59,1.01,"N"
"6581",31.09505,26.62035,306.62,0.42,0.61,"2026-09-10",52,"N20","nominal","2.0NRT",289.74,1.23,"N"
"6582",30.89838,27.34392,299.86,0.47,0.64,"2026-09-10",52,"N20","nominal","2.0NRT",289.75,0.47,"N"
"6583",30.75978,27.46809,307.44,0.48,0.65,"2026-09-10",52,"N20","nominal","2.0NRT",289.85,0.74,"N"
"6584",30.76211,27.46688,309.61,0.48,0.65,"2026-09-10",52,"N20","nominal","2.0NRT",289.51,0.85,"N"
"6585",30.84927,27.03366,301.1,0.46,0.63,"2026-09-10",52,"N20","nominal","2.0NRT",289.41,0.46,"N"
"6586",30.76929,27.10605,303.06,0.46,0.64,"2026-09-10",52,"N20","nominal","2.0NRT",291.02,0.89,"N"
"6587",30.74593,27.07806,299.98,0.46,0.64,"2026-09-10",52,"N20","nominal","2.0NRT",289.82,0.65,"N"
"6588",30.85392,26.61876,318.44,0.43,0.62,"2026-09-10",52,"N20","nominal","2.0NRT",290.42,1.27,"N"
"6589",30.85568,26.62038,325.08,0.43,0.62,"2026-09-10",52,"N20","nominal","2.0NRT",290.68,1.78,"N"
"6590",30.82294,26.469,313.68,0.42,0.61,"2026-09-10",52,"N20","nominal","2.0NRT",291.49,1.21,"N"
"6591",30.67414,26.36789,318.73,0.42,0.61,"2026-09-10",52,"N20","nominal","2.0NRT",291.06,1.16,"N"
"6592",30.66871,26.36604,306.87,0.42,0.61,"2026-09-10",52,"N20","nominal","2.0NRT",290.74,0.87,"N"
"6593",30.36712,27.22673,310.88,0.48,0.65,"2026-09-10",52,"N20","nominal","2.0NRT",289.29,1.19,"N"
"6594",30.36789,27.22982,304.64,0.48,0.65,"2026-09-10",52,"N20","nominal","2.0NRT",289.48,0.85,"N"
"6595",30.53465,26.08748,304.01,0.41,0.6,"2026-09-10",52,"N20","nominal","2.0NRT",290.71,0.97,"N"
"6596",58.57677,49.36566,306.97,0.49,0.65,"2026-09-10",43,"N20","nominal","2.0NRT",276.31,0.92,"N"
"6597",55.86764,48.96416,306.85,0.62,0.72,"2026-09-10",43,"N20","nominal","2.0NRT",277.96,1.22,"N"
"6598",59.14904,37.86715,338.77,0.42,0.45,"2026-09-10",43,"N20","nominal","2.0NRT",286.03,4.73,"N"
"6599",59.15224,37.83723,296.1,0.42,0.45,"2026-09-10",43,"N20","nominal","2.0NRT",284.41,1.51,"N"
"6600",59.15051,37.84378,313.21,0.42,0.45,"2026-09-10",43,"N20","nominal","2.0NRT",285.03,1.72,"N"
"6601",59.14877,37.85033,297.91,0.42,0.45,"2026-09-10",43,"N20","nominal","2.0NRT",283.93,1.72,"N"
"6602",59.14852,37.83352,324.31,0.42,0.45,"2026-09-10",43,"N20","nominal","2.0NRT",286.92,1.51,"N"
"6603",59.1465,37.82331,297.48,0.42,0.45,"2026-09-10",43,"N20","nominal","2.0NRT",282.64,0.85,"N"
"6604",59.13958,37.84941,299.28,0.42,0.45,"2026-09-10",43,"N20","nominal","2.0NRT",285.79,1.23,"N"
"6605",59.14662,37.83278,303.55,0.42,0.45,"2026-09-10",43,"N20","nominal","2.0NRT",284.51,1.28,"N"
"6606",59.14148,37.85251,297.11,0.42,0.45,"2026-09-10",43,"N20","nominal","2.0NRT",284.29,1.35,"N"
"6607",59.14458,37.82255,300.58,0.42,0.45,"2026-09-10",43,"N20","nominal","2.0NRT",282.29,0.72,"N"
"6608",59.13947,37.84214,306.28,0.42,0.45,"2026-09-10",43,"N20","nominal","2.0NRT",285.72,1.35,"N"
"6609",59.13881,37.80862,300.48,0.42,0.45,"2026-09-10",43,"N20","nominal","2.0NRT",282.43,1.03,"N"
"6610",59.13307,37.7946,307.97,0.42,0.45,"2026-09-10",43,"N20","nominal","2.0NRT",282.07,1.29,"N"
"6611",59.52987,34.14028,295.14,0.49,0.4,"2026-09-10",43,"N20","nominal","2.0NRT",282.12,1.28,"N"
"6612",59.5281,34.14816,310.57,0.49,0.4,"2026-09-10",43,"N20","nominal","2.0NRT",283.47,1.28,"N"
"6613",59.52452,34.16404,299.08,0.49,0.4,"2026-09-10",43,"N20","nominal","2.0NRT",280.57,0.57,"N"
"6614",58.39044,33.87038,296.68,0.51,0.41,"2026-09-10",43,"N20","nominal","2.0NRT",285.17,0.46,"N"
"6615",55.42239,38.60566,295.68,0.59,0.53,"2026-09-10",43,"N20","nominal","2.0NRT",278.99,0.76,"N"
"6616",55.5555,37.76387,297.05,0.55,0.51,"2026-09-10",43,"N20","nominal","2.0NRT",283.49,1.13,"N"
"6617",55.55254,37.76371,296.46,0.55,0.51,"2026-09-10",43,"N20","nominal","2.0NRT",283.18,1.02,"N"
"6618",55.06293,38.83551,302.07,0.62,0.54,"2026-09-10",43,"N20","nominal","2.0NRT",282.83,1.57,"N"
"6619",54.24864,38.87489,304.69,0.33,0.55,"2026-09-10",43,"N20","nominal","2.0NRT",277.09,1.1,"N"
"6620",54.21541,38.92634,309.41,0.33,0.56,"2026-09-10",43,"N20","nominal","2.0NRT",281.47,1.58,"N"
"6621",54.0868,38.18371,314,0.64,0.54,"2026-09-10",43,"N20","nominal","2.0NRT",284.52,4.4,"N"
"6622",54.16992,37.71838,339.7,0.61,0.53,"2026-09-10",43,"N20","nominal","2.0NRT",283.14,15.55,"N"
"6623",54.16552,37.71455,303.15,0.61,0.53,"2026-09-10",43,"N20","nominal","2.0NRT",280.29,15.55,"N"
"6624",52.56812,39.69968,302.86,0.41,0.61,"2026-09-10",45,"N20","nominal","2.0NRT",281.63,0.6,"N"
"6625",52.56636,39.705,299.33,0.41,0.61,"2026-09-10",45,"N20","nominal","2.0NRT",281.48,0.6,"N"
"6626",52.56853,39.69968,303.94,0.41,0.61,"2026-09-10",45,"N20","nominal","2.0NRT",281.63,1.22,"N"
"6627",52.5668,39.70501,297.65,0.41,0.61,"2026-09-10",45,"N20","nominal","2.0NRT",281.13,1.28,"N"
"6628",52.54942,39.64125,320.54,0.41,0.6,"2026-09-10",45,"N20","nominal","2.0NRT",282.04,1.46,"N"
"6629",52.56335,39.59846,298.22,0.41,0.6,"2026-09-10",45,"N20","nominal","2.0NRT",283.07,2.41,"N"
"6630",52.55815,39.61444,317.65,0.41,0.6,"2026-09-10",45,"N20","nominal","2.0NRT",282.97,1.38,"N"
"6631",52.55118,39.63585,298.01,0.41,0.6,"2026-09-10",45,"N20","nominal","2.0NRT",280.78,1.46,"N"
"6632",52.55146,39.6155,302.3,0.41,0.6,"2026-09-10",45,"N20","nominal","2.0NRT",280.62,1.38,"N"
"6633",52.54624,39.63152,317.85,0.41,0.6,"2026-09-10",45,"N20","nominal","2.0NRT",282.99,1.46,"N"
"6634",52.54448,39.63692,298.13,0.41,0.6,"2026-09-10",45,"N20","nominal","2.0NRT",281.37,1.46,"N"
"6635",52.55866,39.57396,347.6,0.4,0.6,"2026-09-10",45,"N20","nominal","2.0NRT",286.97,5.79,"N"
"6636",52.54478,39.61656,297.51,0.41,0.6,"2026-09-10",45,"N20","nominal","2.0NRT",280.97,0.63,"N"
"6637",52.53463,39.6282,327.91,0.41,0.6,"2026-09-10",45,"N20","nominal","2.0NRT",282.07,3.11,"N"
"6638",52.53984,39.61223,302.59,0.41,0.6,"2026-09-10",45,"N20","nominal","2.0NRT",280.61,0.63,"N"
"6639",52.53811,39.61754,297.47,0.41,0.6,"2026-09-10",45,"N20","nominal","2.0NRT",279.76,0.63,"N"
"6640",52.53116,39.63882,305.53,0.41,0.6,"2026-09-10",45,"N20","nominal","2.0NRT",281.12,2.06,"N"
"6641",53.44685,34.4156,297.03,0.48,0.48,"2026-09-10",45,"N20","nominal","2.0NRT",283.04,1.87,"N"
"6642",53.44094,34.41936,297.83,0.49,0.48,"2026-09-10",45,"N20","nominal","2.0NRT",283.71,1.87,"N"
"6643",53.33749,34.27887,297.76,0.48,0.48,"2026-09-10",45,"N20","nominal","2.0NRT",282.05,0.83,"N"
"6644",52.39536,35.53823,295.82,0.58,0.52,"2026-09-10",45,"N20","nominal","2.0NRT",283.34,1.49,"N"
"6645",51.48657,37.44457,301.18,0.37,0.58,"2026-09-10",45,"N20","nominal","2.0NRT",277.72,0.73,"N"
"6646",51.48625,37.44726,300.11,0.37,0.58,"2026-09-10",45,"N20","nominal","2.0NRT",277.8,0.62,"N"
"6647",51.26061,37.76451,322.77,0.38,0.59,"2026-09-10",45,"N20","nominal","2.0NRT",286.72,2.86,"N"
"6648",52.80701,32.22309,302.6,0.42,0.45,"2026-09-10",45,"N20","nominal","2.0NRT",283.23,1.4,"N"
"6649",51.25868,37.76155,319.28,0.38,0.59,"2026-09-10",45,"N20","nominal","2.0NRT",284.51,2.61,"N"
"6650",51.13808,37.93059,332.23,0.39,0.6,"2026-09-10",45,"N20","nominal","2.0NRT",281.46,3.09,"N"
"6651",52.5326,33.03664,303.38,0.46,0.47,"2026-09-10",45,"N20","nominal","2.0NRT",280.51,1.16,"N"
"6652",52.39693,32.38819,303.89,0.44,0.46,"2026-09-10",45,"N20","nominal","2.0NRT",283.06,0.88,"N"
"6653",52.39447,32.37956,308.69,0.44,0.46,"2026-09-10",45,"N20","nominal","2.0NRT",282.86,1.11,"N"
"6654",52.39297,32.38555,303.26,0.44,0.46,"2026-09-10",45,"N20","nominal","2.0NRT",282.45,1.11,"N"
"6655",52.39146,32.39157,318.5,0.44,0.46,"2026-09-10",45,"N20","nominal","2.0NRT",283.43,2.14,"N"
"6656",52.38844,32.40364,317.68,0.44,0.46,"2026-09-10",45,"N20","nominal","2.0NRT",283.58,1.11,"N"
"6657",52.3875,32.38894,315.37,0.44,0.46,"2026-09-10",45,"N20","nominal","2.0NRT",282.33,2.14,"N"
"6658",52.38599,32.39497,313.92,0.44,0.46,"2026-09-10",45,"N20","nominal","2.0NRT",283.02,2.14,"N"
"6659",52.38448,32.40099,303.97,0.44,0.46,"2026-09-10",45,"N20","nominal","2.0NRT",283.27,1.11,"N"
"6660",52.38297,32.40702,295.77,0.44,0.46,"2026-09-10",45,"N20","nominal","2.0NRT",283.51,1.11,"N"
"6661",52.37597,32.41646,304.03,0.44,0.46,"2026-09-10",45,"N20","nominal","2.0NRT",280.74,0.6,"N"
"6662",52.37958,32.38368,323.55,0.44,0.46,"2026-09-10",45,"N20","nominal","2.0NRT",284.35,1.99,"N"
"6663",52.38109,32.37766,317.06,0.44,0.46,"2026-09-10",45,"N20","nominal","2.0NRT",284.11,2.09,"N"
"6664",52.37806,32.38972,298.99,0.44,0.46,"2026-09-10",45,"N20","nominal","2.0NRT",282.94,1.99,"N"
"6665",52.33211,32.57184,296.37,0.45,0.47,"2026-09-10",45,"N20","nominal","2.0NRT",281.85,0.49,"N"
"6666",52.37561,32.38105,354.93,0.44,0.46,"2026-09-10",45,"N20","nominal","2.0NRT",286.98,5.96,"N"
"6667",52.3741,32.38709,296.48,0.44,0.46,"2026-09-10",45,"N20","nominal","2.0NRT",282.34,5.96,"N"
"6668",52.37013,32.38446,328.7,0.44,0.46,"2026-09-10",45,"N20","nominal","2.0NRT",282.51,5.96,"N"
"6669",52.35707,32.41791,295.53,0.44,0.46,"2026-09-10",45,"N20","nominal","2.0NRT",280.77,0.32,"N"
"6670",50.15198,39.68555,295.62,0.5,0.66,"2026-09-10",45,"N20","nominal","2.0NRT",278.78,1.46,"N"
"6671",52.29893,32.39297,306.71,0.44,0.46,"2026-09-10",45,"N20","nominal","2.0NRT",282.82,1.85,"N"
"6672",52.29345,32.39641,295.34,0.44,0.46,"2026-09-10",45,"N20","nominal","2.0NRT",281.38,0.61,"N"
"6673",50.1496,39.68384,299.23,0.5,0.66,"2026-09-10",45,"N20","nominal","2.0NRT",279.98,0.72,"N"
"6674",52.85497,29.99436,299.03,0.53,0.42,"2026-09-10",45,"N20","nominal","2.0NRT",286.64,1.42,"N"
"6675",52.84772,29.98991,301.81,0.53,0.42,"2026-09-10",45,"N20","nominal","2.0NRT",285.31,1.04,"N"
"6676",52.22382,32.37811,300.02,0.44,0.46,"2026-09-10",45,"N20","nominal","2.0NRT",280.93,1.3,"N"
"6677",51.6568,34.08474,301.32,0.53,0.5,"2026-09-10",45,"N20","nominal","2.0NRT",279.52,0.79,"N"
"6678",50.43097,37.84864,367,0.41,0.61,"2026-09-10",45,"N20","high","2.0NRT",279.54,5.34,"N"
"6679",51.33359,34.63444,298.34,0.57,0.52,"2026-09-10",45,"N20","nominal","2.0NRT",280.9,1.37,"N"
"6680",50.86988,35.46188,297.71,0.32,0.55,"2026-09-10",45,"N20","nominal","2.0NRT",280.43,0.78,"N"
"6681",50.85458,35.47626,337.15,0.32,0.55,"2026-09-10",45,"N20","nominal","2.0NRT",279.91,1.88,"N"
"6682",51.80619,30.86072,299.5,0.4,0.44,"2026-09-10",45,"N20","nominal","2.0NRT",284.99,0.49,"N"
"6683",51.8049,30.86607,306.12,0.4,0.44,"2026-09-10",45,"N20","nominal","2.0NRT",287.29,1.32,"N"
"6684",49.65447,37.6357,301.79,0.43,0.62,"2026-09-10",45,"N20","nominal","2.0NRT",278.3,0.79,"N"
"6685",51.89354,29.34341,329.88,0.53,0.42,"2026-09-10",45,"N20","nominal","2.0NRT",287.45,2.89,"N"
"6686",51.8899,29.3413,311.98,0.53,0.42,"2026-09-10",45,"N20","nominal","2.0NRT",286.33,2.89,"N"
"6687",51.89467,29.3451,315.5,0.53,0.42,"2026-09-10",45,"N20","nominal","2.0NRT",286.38,1.77,"N"
"6688",51.89103,29.34298,323.83,0.53,0.42,"2026-09-10",45,"N20","nominal","2.0NRT",286.58,1.77,"N"
"6689",51.889,29.33362,296.75,0.53,0.42,"2026-09-10",45,"N20","nominal","2.0NRT",286.45,1.12,"N"
"6690",51.88739,29.34087,300.17,0.53,0.42,"2026-09-10",45,"N20","nominal","2.0NRT",285.8,0.89,"N"
"6691",49.65699,37.63686,303.75,0.43,0.62,"2026-09-10",45,"N20","nominal","2.0NRT",277.94,1.05,"N"
"6692",50.45627,34.16888,316.09,0.59,0.53,"2026-09-10",45,"N20","nominal","2.0NRT",283.32,2.24,"N"
"6693",50.45626,34.17073,321.84,0.59,0.53,"2026-09-10",45,"N20","nominal","2.0NRT",283.68,2.87,"N"
"6694",50.05069,34.01046,296.16,0.59,0.53,"2026-09-10",45,"N20","nominal","2.0NRT",281.36,0.37,"N"
"6695",48.46838,38.75886,300.31,0.52,0.67,"2026-09-10",45,"N20","nominal","2.0NRT",283.02,1.08,"N"
"6696",48.46802,38.75735,295.92,0.52,0.67,"2026-09-10",45,"N20","nominal","2.0NRT",282.61,0.93,"N"
"6697",48.46255,38.75294,298.97,0.52,0.67,"2026-09-10",45,"N20","nominal","2.0NRT",282.54,0.93,"N"
"6698",50.59528,31.32535,304.14,0.45,0.47,"2026-09-10",45,"N20","nominal","2.0NRT",285.25,1.07,"N"
"6699",50.96932,29.67429,296.54,0.57,0.43,"2026-09-10",45,"N20","nominal","2.0NRT",285.2,1.01,"N"
"6700",48.69873,37.12572,323.59,0.44,0.62,"2026-09-10",45,"N20","nominal","2.0NRT",280.32,1.9,"N"
"6701",48.53718,37.08131,312.69,0.44,0.63,"2026-09-10",45,"N20","nominal","2.0NRT",280.68,1.71,"N"
"6702",48.54432,37.01923,306.33,0.44,0.62,"2026-09-10",45,"N20","nominal","2.0NRT",281.11,1.19,"N"
"6703",48.53604,37.07813,321.14,0.45,0.63,"2026-09-10",45,"N20","nominal","2.0NRT",280.79,2.36,"N"
"6704",48.5429,37.01589,300.86,0.44,0.63,"2026-09-10",45,"N20","nominal","2.0NRT",280.29,1.08,"N"
"6705",48.30143,37.18048,310.58,0.46,0.63,"2026-09-10",45,"N20","nominal","2.0NRT",280.33,0.89,"N"
"6706",48.1125,36.35603,296.05,0.43,0.62,"2026-09-10",45,"N20","nominal","2.0NRT",281.99,0.63,"N"
"6707",48.47299,34.63103,306.97,0.35,0.57,"2026-09-10",45,"N20","nominal","2.0NRT",285.84,0.97,"N"
"6708",47.51578,37.65092,343.92,0.51,0.66,"2026-09-10",45,"N20","nominal","2.0NRT",282.62,5.43,"N"
"6709",50.54292,26.26109,309.23,0.45,0.39,"2026-09-10",45,"N20","nominal","2.0NRT",288.79,1.13,"N"
"6710",47.4886,37.7321,301.88,0.51,0.66,"2026-09-10",45,"N20","nominal","2.0NRT",280.85,1.69,"N"
"6711",47.48302,37.72828,313.91,0.51,0.66,"2026-09-10",45,"N20","nominal","2.0NRT",280.47,1.69,"N"
"6712",47.48092,37.73454,298.41,0.51,0.66,"2026-09-10",45,"N20","nominal","2.0NRT",281.19,2.31,"N"
"6713",47.52068,37.65073,307.72,0.51,0.66,"2026-09-10",45,"N20","nominal","2.0NRT",279.77,2.1,"N"
"6714",47.48632,37.7345,329.58,0.51,0.66,"2026-09-10",45,"N20","nominal","2.0NRT",282.66,3.2,"N"
"6715",47.51521,37.64665,317.92,0.51,0.66,"2026-09-10",45,"N20","nominal","2.0NRT",279.46,2.1,"N"
"6716",47.51317,37.65286,310.48,0.51,0.66,"2026-09-10",45,"N20","nominal","2.0NRT",280.53,2.1,"N"
"6717",47.7992,35.23824,298.85,0.39,0.6,"2026-09-10",45,"N20","nominal","2.0NRT",282.22,0.43,"N"
"6718",47.7679,35.21643,314.95,0.39,0.6,"2026-09-10",45,"N20","nominal","2.0NRT",281.56,1.21,"N"
"6719",47.70727,35.2166,295.03,0.4,0.6,"2026-09-10",45,"N20","nominal","2.0NRT",282.64,0.8,"N"
"6720",47.70579,35.21585,298.56,0.4,0.6,"2026-09-10",45,"N20","nominal","2.0NRT",282.32,1.01,"N"
"6721",47.74177,34.54478,303.31,0.37,0.58,"2026-09-10",45,"N20","nominal","2.0NRT",283.22,0.83,"N"
"6722",47.38183,35.25417,310.24,0.41,0.6,"2026-09-10",45,"N20","nominal","2.0NRT",283.31,2.51,"N"
"6723",47.38032,35.25912,310.43,0.41,0.6,"2026-09-10",45,"N20","nominal","2.0NRT",284.06,1.45,"N"
"6724",47.37523,35.25573,306.6,0.41,0.6,"2026-09-10",45,"N20","nominal","2.0NRT",283.57,1.45,"N"
"6725",47.88297,33.4436,295.81,0.33,0.55,"2026-09-10",45,"N20","nominal","2.0NRT",285.14,0.54,"N"
"6726",47.87125,33.44579,367,0.33,0.55,"2026-09-10",45,"N20","high","2.0NRT",287.66,7.38,"N"
"6727",47.87356,33.43773,301.81,0.33,0.55,"2026-09-10",45,"N20","nominal","2.0NRT",286.78,0.59,"N"
"6728",47.87001,33.43075,296.64,0.33,0.55,"2026-09-10",45,"N20","nominal","2.0NRT",284.54,0.59,"N"
"6729",47.87137,33.44818,367,0.33,0.55,"2026-09-10",45,"N20","high","2.0NRT",288.33,3.72,"N"
"6730",47.87365,33.44006,296.43,0.33,0.55,"2026-09-10",45,"N20","nominal","2.0NRT",286.39,0.9,"N"
"6731",47.87251,33.44411,303.2,0.33,0.55,"2026-09-10",45,"N20","nominal","2.0NRT",285.05,3.72,"N"
"6732",47.87009,33.43304,300.56,0.33,0.55,"2026-09-10",45,"N20","nominal","2.0NRT",285.32,0.72,"N"
"6733",47.86782,33.44114,308.24,0.33,0.55,"2026-09-10",45,"N20","nominal","2.0NRT",284.8,1.1,"N"
"6734",47.87214,33.38641,297.22,0.33,0.55,"2026-09-10",45,"N20","nominal","2.0NRT",285.72,0.66,"N"
"6735",47.87099,33.39048,311.84,0.33,0.55,"2026-09-10",45,"N20","nominal","2.0NRT",285.92,0.66,"N"
"6736",47.61168,33.89516,297,0.35,0.57,"2026-09-10",45,"N20","nominal","2.0NRT",283.78,0.4,"N"
"6737",46.92817,35.39421,296.6,0.43,0.62,"2026-09-10",45,"N20","nominal","2.0NRT",283.47,0.68,"N"
"6738",47.20848,34.34319,308.45,0.38,0.58,"2026-09-10",45,"N20","nominal","2.0NRT",282.25,0.67,"N"
"6739",46.95759,35.15628,305.71,0.42,0.61,"2026-09-10",45,"N20","nominal","2.0NRT",282.07,0.83,"N"
"6740",48.74881,26.6055,302.11,0.49,0.41,"2026-09-10",45,"N20","nominal","2.0NRT",288.48,1.03,"N"
"6741",47.78735,29.0163,298.78,0.43,0.46,"2026-09-10",48,"N20","nominal","2.0NRT",287.31,0.66,"N"
"6742",46.97947,31.97363,331.75,0.6,0.53,"2026-09-10",48,"N20","nominal","2.0NRT",286.87,5.04,"N"
"6743",47.21888,31.01545,331.63,0.54,0.51,"2026-09-10",48,"N20","nominal","2.0NRT",284.37,5.16,"N"
"6744",46.63074,32.7226,307.59,0.33,0.55,"2026-09-10",48,"N20","nominal","2.0NRT",283.91,0.8,"N"
"6745",46.6296,32.72665,296.64,0.33,0.55,"2026-09-10",48,"N20","nominal","2.0NRT",284.06,0.8,"N"
"6746",46.38869,32.90329,295.07,0.34,0.56,"2026-09-10",48,"N20","nominal","2.0NRT",284.44,0.35,"N"
"6747",44.83937,37.67587,307.96,0.63,0.72,"2026-09-10",48,"N20","nominal","2.0NRT",283.7,1.2,"N"
"6748",44.73434,37.80791,298.6,0.64,0.72,"2026-09-10",48,"N20","nominal","2.0NRT",286.89,2.29,"N"
"6749",44.73576,37.80791,302.4,0.64,0.72,"2026-09-10",48,"N20","nominal","2.0NRT",287.44,1.95,"N"
"6750",46.89665,26.02876,301.93,0.51,0.41,"2026-09-10",48,"N20","nominal","2.0NRT",283.8,0.92,"N"
"6751",44.77646,33.85783,298.71,0.43,0.62,"2026-09-10",48,"N20","nominal","2.0NRT",281.56,0.79,"N"
"6752",45.26134,31.67195,354.02,0.33,0.55,"2026-09-10",48,"N20","nominal","2.0NRT",291.12,2.98,"N"
"6753",45.26025,31.67586,324.26,0.33,0.55,"2026-09-10",48,"N20","nominal","2.0NRT",291.53,2.43,"N"
"6754",45.25659,31.66933,311.23,0.33,0.55,"2026-09-10",48,"N20","nominal","2.0NRT",290.56,2.98,"N"
"6755",45.2555,31.67324,303.35,0.33,0.55,"2026-09-10",48,"N20","nominal","2.0NRT",290.91,2.43,"N"
"6756",45.26148,31.67245,312.84,0.33,0.55,"2026-09-10",48,"N20","nominal","2.0NRT",290.73,1.02,"N"
"6757",45.26041,31.67636,302.26,0.33,0.55,"2026-09-10",48,"N20","nominal","2.0NRT",290.95,1.17,"N"
"6758",45.25673,31.66981,352.75,0.33,0.55,"2026-09-10",48,"N20","nominal","2.0NRT",290.85,4.78,"N"
"6759",45.25566,31.67373,322.42,0.33,0.55,"2026-09-10",48,"N20","nominal","2.0NRT",290.98,3.64,"N"
"6760",45.37663,30.93092,312.18,0.6,0.53,"2026-09-10",48,"N20","nominal","2.0NRT",291.21,1.35,"N"
"6761",45.35756,30.90417,321.71,0.6,0.53,"2026-09-10",48,"N20","nominal","2.0NRT",291.13,2.49,"N"
"6762",45.35405,30.90333,323.89,0.6,0.53,"2026-09-10",48,"N20","nominal","2.0NRT",291.37,2.23,"N"
"6763",45.55579,29.05252,306.96,0.49,0.48,"2026-09-10",48,"N20","nominal","2.0NRT",283.17,1.04,"N"
"6764",45.55156,29.05037,295.46,0.49,0.48,"2026-09-10",48,"N20","nominal","2.0NRT",283.27,1.04,"N"
"6765",67.13816,56.78099,307.3,0.58,0.52,"2026-09-10",39,"N20","nominal","2.0NRT",271.61,1.73,"N"
"6766",67.13616,56.78518,303.47,0.58,0.52,"2026-09-10",39,"N20","nominal","2.0NRT",270.23,2.23,"N"
"6767",67.18028,56.63367,301.53,0.57,0.52,"2026-09-10",39,"N20","nominal","2.0NRT",272.49,1.9,"N"
"6768",53.20165,143.24281,333.85,0.36,0.57,"2026-09-10",209,"N20","nominal","2.0NRT",282.34,1.79,"D"
"6769",57.5954,139.30707,367,0.34,0.56,"2026-09-10",211,"N20","high","2.0NRT",293.36,25.19,"D"
"6770",57.59097,139.29335,328.6,0.34,0.56,"2026-09-10",211,"N20","nominal","2.0NRT",286.39,6.05,"D"
"6771",57.59243,139.29784,356.5,0.34,0.56,"2026-09-10",211,"N20","low","2.0NRT",287.83,6.05,"D"
"6772",57.59763,139.29533,334.7,0.34,0.56,"2026-09-10",211,"N20","nominal","2.0NRT",286.09,6.05,"D"
