"","latitude","longitude","bright_ti4","scan","track","acq_date","acq_time","satellite","confidence","version","bright_ti5","frp","daynight"
"1",59.15119,37.83538,297.9,0.47,0.47,"2026-09-15",50,"N20","nominal","2.0NRT",282.39,1.5,"N"
"2",59.14917,37.84259,297.9,0.47,0.47,"2026-09-15",50,"N20","nominal","2.0NRT",282.68,1.33,"N"
"3",59.14714,37.8498,317.09,0.47,0.48,"2026-09-15",50,"N20","nominal","2.0NRT",283.74,1.33,"N"
"4",59.14328,37.84568,298.52,0.47,0.48,"2026-09-15",50,"N20","nominal","2.0NRT",281.95,1.33,"N"
"5",59.14993,37.83506,302.59,0.47,0.47,"2026-09-15",50,"N20","nominal","2.0NRT",282.82,2,"N"
"6",59.14594,37.84954,313.02,0.47,0.48,"2026-09-15",50,"N20","nominal","2.0NRT",283.3,1.5,"N"
"7",59.14207,37.8454,296.7,0.47,0.48,"2026-09-15",50,"N20","nominal","2.0NRT",282.44,1.5,"N"
"8",59.12851,37.82211,305.28,0.47,0.48,"2026-09-15",50,"N20","nominal","2.0NRT",283.72,1.41,"N"
"9",59.13268,37.789,315,0.47,0.47,"2026-09-15",50,"N20","nominal","2.0NRT",282.18,1.48,"N"
"10",61.14502,28.7962,296.31,0.39,0.37,"2026-09-15",50,"N20","nominal","2.0NRT",279.74,1,"N"
"11",61.02935,28.1747,295.49,0.39,0.36,"2026-09-15",50,"N20","nominal","2.0NRT",277.2,0.73,"N"
"12",59.53166,34.14681,307.81,0.53,0.42,"2026-09-15",50,"N20","nominal","2.0NRT",279.15,1.41,"N"
"13",59.52813,34.14358,296.41,0.53,0.42,"2026-09-15",50,"N20","nominal","2.0NRT",277.42,1.41,"N"
"14",59.91352,32.35765,295.7,0.47,0.4,"2026-09-15",50,"N20","nominal","2.0NRT",281.16,0.66,"N"
"15",56.08973,42.67913,320.59,0.43,0.62,"2026-09-15",50,"N20","nominal","2.0NRT",275.37,1.98,"N"
"16",59.38654,28.46211,326.36,0.41,0.37,"2026-09-15",50,"N20","nominal","2.0NRT",281.12,2.66,"N"
"17",59.06274,28.13753,300.39,0.41,0.37,"2026-09-15",50,"N20","nominal","2.0NRT",278.73,1.08,"N"
"18",55.4563,30.03905,322.85,0.52,0.41,"2026-09-15",52,"N20","nominal","2.0NRT",281.13,3.87,"N"
"19",55.45642,30.04015,304.3,0.52,0.41,"2026-09-15",52,"N20","nominal","2.0NRT",280.63,1.71,"N"
"20",55.45287,30.03764,314.43,0.52,0.41,"2026-09-15",52,"N20","nominal","2.0NRT",280.33,1.71,"N"
"21",52.84776,29.9905,315.32,0.4,0.44,"2026-09-15",52,"N20","nominal","2.0NRT",281.09,2.12,"N"
"22",51.89924,29.32335,295.18,0.4,0.44,"2026-09-15",52,"N20","nominal","2.0NRT",283.91,1.45,"N"
"23",51.89533,29.33972,308.9,0.4,0.44,"2026-09-15",52,"N20","nominal","2.0NRT",279.51,2.3,"N"
"24",51.89403,29.34517,314.59,0.4,0.44,"2026-09-15",52,"N20","nominal","2.0NRT",280.84,1.96,"N"
"25",50.96995,29.67699,296.97,0.43,0.46,"2026-09-15",52,"N20","nominal","2.0NRT",282.88,0.62,"N"
"26",47.8342,38.47263,298.33,0.62,0.72,"2026-09-15",52,"N20","nominal","2.0NRT",283.88,0.88,"N"
"27",47.83438,38.4726,296.88,0.62,0.72,"2026-09-15",52,"N20","nominal","2.0NRT",283.93,0.86,"N"
"28",48.74685,26.60672,297.37,0.56,0.43,"2026-09-15",54,"N20","nominal","2.0NRT",282.74,1.2,"N"
"29",47.7849,29.0156,299.37,0.5,0.49,"2026-09-15",54,"N20","nominal","2.0NRT",283.16,0.98,"N"
"30",47.78672,29.01637,301.82,0.5,0.49,"2026-09-15",54,"N20","nominal","2.0NRT",283.73,1.29,"N"
"31",44.887,38.11421,300.24,0.76,0.77,"2026-09-15",54,"N20","nominal","2.0NRT",282.78,1.49,"N"
"32",44.88829,38.11613,299.96,0.77,0.77,"2026-09-15",54,"N20","nominal","2.0NRT",282.99,1,"N"
"33",46.60565,32.58696,295.28,0.39,0.59,"2026-09-15",54,"N20","nominal","2.0NRT",281.87,0.47,"N"
"34",46.07996,33.38857,329.21,0.43,0.62,"2026-09-15",54,"N20","nominal","2.0NRT",281.85,3.08,"N"
"35",46.08313,33.38912,307.59,0.43,0.62,"2026-09-15",54,"N20","nominal","2.0NRT",281.54,1.67,"N"
"36",46.08155,33.3943,310.79,0.43,0.62,"2026-09-15",54,"N20","nominal","2.0NRT",282.24,1.67,"N"
"37",70.59086,68.24032,321.39,0.6,0.53,"2026-09-15",45,"N20","nominal","2.0NRT",273.73,2.98,"N"
"38",70.5905,68.22849,324.73,0.6,0.53,"2026-09-15",45,"N20","nominal","2.0NRT",274.23,3.61,"N"
"39",71.16747,67.00802,295.68,0.53,0.5,"2026-09-15",45,"N20","nominal","2.0NRT",272.3,1.07,"N"
"40",70.40722,68.44174,331.6,0.61,0.54,"2026-09-15",45,"N20","nominal","2.0NRT",272.58,7.71,"N"
"41",70.40249,68.45078,333.33,0.62,0.54,"2026-09-15",45,"N20","nominal","2.0NRT",275.75,8.14,"N"
"42",69.26678,57.2945,336.91,0.49,0.49,"2026-09-15",45,"N20","nominal","2.0NRT",283.45,3.4,"N"
"43",67.66212,60.50478,295.02,0.34,0.56,"2026-09-15",45,"N20","nominal","2.0NRT",276.19,0.54,"N"
"44",67.65975,60.51009,302.7,0.34,0.56,"2026-09-15",45,"N20","nominal","2.0NRT",275.89,0.54,"N"
"45",68.6189,57.96852,321.15,0.54,0.51,"2026-09-15",45,"N20","nominal","2.0NRT",278.6,2.38,"N"
"46",68.60168,57.99425,323.96,0.54,0.51,"2026-09-15",45,"N20","nominal","2.0NRT",278.91,2.4,"N"
"47",68.5986,57.98445,308.61,0.54,0.51,"2026-09-15",45,"N20","nominal","2.0NRT",277.92,2.39,"N"
"48",68.61492,57.96724,327.26,0.54,0.51,"2026-09-15",45,"N20","nominal","2.0NRT",278.77,3.65,"N"
"49",68.60143,57.98399,332.88,0.54,0.51,"2026-09-15",45,"N20","nominal","2.0NRT",279.95,3.71,"N"
"50",68.64095,57.68951,309.5,0.54,0.5,"2026-09-15",45,"N20","nominal","2.0NRT",277.67,1.35,"N"
"51",67.83858,58.9414,300.85,0.62,0.54,"2026-09-15",45,"N20","nominal","2.0NRT",276.24,0.92,"N"
"52",68.16953,55.35569,301.27,0.51,0.5,"2026-09-15",45,"N20","nominal","2.0NRT",279.32,1.83,"N"
"53",68.16626,55.36453,312.54,0.51,0.5,"2026-09-15",45,"N20","nominal","2.0NRT",280.18,2.18,"N"
"54",67.93858,55.97244,298.27,0.54,0.51,"2026-09-15",45,"N20","nominal","2.0NRT",276.59,0.84,"N"
"55",67.18379,56.62663,296.13,0.61,0.53,"2026-09-15",45,"N20","nominal","2.0NRT",275.68,0.87,"N"
"56",66.4222,58.04184,327.15,0.35,0.57,"2026-09-15",45,"N20","nominal","2.0NRT",279.92,2.01,"N"
"57",66.73093,56.98278,300.88,0.33,0.55,"2026-09-15",45,"N20","nominal","2.0NRT",276.81,0.32,"N"
"58",67.09043,55.62341,314.02,0.59,0.53,"2026-09-15",45,"N20","nominal","2.0NRT",277.26,2.85,"N"
"59",67.08562,55.62111,312.68,0.59,0.53,"2026-09-15",45,"N20","nominal","2.0NRT",276.81,3.09,"N"
"60",66.06595,57.81682,308.21,0.37,0.58,"2026-09-15",45,"N20","nominal","2.0NRT",279.16,0.87,"N"
"61",66.43343,56.60657,312.98,0.33,0.55,"2026-09-15",45,"N20","nominal","2.0NRT",280.25,2.45,"N"
"62",66.43126,56.61179,311.91,0.33,0.55,"2026-09-15",45,"N20","nominal","2.0NRT",280.29,2.45,"N"
"63",65.32741,56.42553,316.71,0.38,0.58,"2026-09-15",48,"N20","nominal","2.0NRT",280.03,1.04,"N"
"64",65.00855,56.92272,312.2,0.4,0.6,"2026-09-15",48,"N20","nominal","2.0NRT",278.66,0.91,"N"
"65",65.00767,56.92257,314.6,0.4,0.6,"2026-09-15",48,"N20","nominal","2.0NRT",279.01,0.84,"N"
"66",65.16283,56.5092,302.46,0.39,0.59,"2026-09-15",48,"N20","nominal","2.0NRT",278.13,0.48,"N"
"67",65.02883,56.72771,301.2,0.4,0.6,"2026-09-15",48,"N20","nominal","2.0NRT",279.86,0.71,"N"
"68",65.04549,56.6712,354.53,0.39,0.6,"2026-09-15",48,"N20","nominal","2.0NRT",282.14,5.78,"N"
"69",44.77352,33.85744,305.34,0.5,0.66,"2026-09-15",54,"N20","nominal","2.0NRT",283.49,2.17,"N"
"70",46.89698,26.02922,295.61,0.39,0.44,"2026-09-15",54,"N20","nominal","2.0NRT",281.63,0.7,"N"
"71",44.77717,33.85867,297.9,0.5,0.66,"2026-09-15",54,"N20","nominal","2.0NRT",281.98,1.51,"N"
"72",45.25807,31.67068,367,0.39,0.59,"2026-09-15",54,"N20","high","2.0NRT",289.87,3.92,"N"
"73",45.25673,31.67527,305.42,0.39,0.59,"2026-09-15",54,"N20","nominal","2.0NRT",289.25,3.92,"N"
"74",45.37584,30.92541,300.57,0.35,0.57,"2026-09-15",54,"N20","nominal","2.0NRT",288.55,0.93,"N"
"75",45.37465,30.92964,317.91,0.35,0.57,"2026-09-15",54,"N20","nominal","2.0NRT",289.66,1.22,"N"
"76",45.35499,30.89877,308.04,0.35,0.57,"2026-09-15",54,"N20","nominal","2.0NRT",289.16,1.08,"N"
"77",45.35379,30.90299,319.14,0.35,0.57,"2026-09-15",54,"N20","nominal","2.0NRT",289.96,1.08,"N"
"78",41.17973,32.63352,297.4,0.57,0.69,"2026-09-15",56,"N20","nominal","2.0NRT",285.17,1.48,"N"
"79",41.17398,32.62976,299.26,0.57,0.69,"2026-09-15",56,"N20","nominal","2.0NRT",284.48,1.42,"N"
"80",40.45456,34.17674,299.05,0.71,0.75,"2026-09-15",56,"N20","nominal","2.0NRT",283.21,1.38,"N"
"81",41.26597,31.42514,300.23,0.49,0.65,"2026-09-15",56,"N20","nominal","2.0NRT",288.33,2.54,"N"
"82",41.25866,31.42765,301.41,0.49,0.65,"2026-09-15",56,"N20","nominal","2.0NRT",285.44,1.51,"N"
"83",41.2635,31.42136,301.99,0.49,0.65,"2026-09-15",56,"N20","nominal","2.0NRT",286.13,1.31,"N"
"84",41.26186,31.4268,303.98,0.49,0.65,"2026-09-15",56,"N20","nominal","2.0NRT",286.78,1.31,"N"
"85",41.25396,31.40973,312.17,0.49,0.65,"2026-09-15",56,"N20","nominal","2.0NRT",284.94,1.38,"N"
"86",39.65619,33.92697,297.61,0.73,0.76,"2026-09-15",56,"N20","nominal","2.0NRT",279.33,1.68,"N"
"87",39.65591,33.92858,295.65,0.73,0.76,"2026-09-15",56,"N20","nominal","2.0NRT",279.29,1.22,"N"
"88",40.75869,29.76113,310.74,0.42,0.61,"2026-09-15",56,"N20","nominal","2.0NRT",287.49,1.65,"N"
"89",39.49834,33.78089,296.54,0.73,0.76,"2026-09-15",56,"N20","nominal","2.0NRT",277.08,0.93,"N"
"90",40.78114,29.59938,299.81,0.42,0.61,"2026-09-15",56,"N20","nominal","2.0NRT",287.19,1.64,"N"
"91",40.75426,29.76253,302.1,0.42,0.61,"2026-09-15",56,"N20","nominal","2.0NRT",286.34,2.46,"N"
"92",41.02049,28.55198,298.97,0.36,0.58,"2026-09-15",56,"N20","nominal","2.0NRT",275.08,0.83,"N"
"93",39.45623,33.70098,299.97,0.73,0.76,"2026-09-15",56,"N20","nominal","2.0NRT",280.25,2.01,"N"
"94",39.47503,33.62143,321.72,0.72,0.75,"2026-09-15",56,"N20","nominal","2.0NRT",280.26,3.69,"N"
"95",39.44487,33.7122,295.61,0.73,0.76,"2026-09-15",56,"N20","nominal","2.0NRT",279.47,1.76,"N"
"96",39.38586,33.61259,299.28,0.72,0.76,"2026-09-15",56,"N20","nominal","2.0NRT",280.94,1.59,"N"
"97",39.37466,33.62348,300.19,0.72,0.76,"2026-09-15",56,"N20","nominal","2.0NRT",279.47,1.72,"N"
"98",39.37296,33.60564,298.74,0.72,0.76,"2026-09-15",56,"N20","nominal","2.0NRT",280.85,2.76,"N"
"99",39.37051,33.61303,295.13,0.72,0.76,"2026-09-15",56,"N20","nominal","2.0NRT",280.23,1.72,"N"
"100",39.36573,33.62745,301.06,0.73,0.76,"2026-09-15",56,"N20","nominal","2.0NRT",279.09,2.02,"N"
"101",39.36922,33.59402,300.7,0.72,0.76,"2026-09-15",56,"N20","nominal","2.0NRT",279.82,1.97,"N"
"102",39.36673,33.60152,312.07,0.72,0.76,"2026-09-15",56,"N20","nominal","2.0NRT",280.52,1.97,"N"
"103",39.3642,33.60914,299.57,0.72,0.76,"2026-09-15",56,"N20","nominal","2.0NRT",280.2,2.63,"N"
"104",39.36055,33.59726,296.15,0.72,0.76,"2026-09-15",56,"N20","nominal","2.0NRT",280.55,1.97,"N"
"105",39.70956,30.15078,296.12,0.48,0.64,"2026-09-15",56,"N20","nominal","2.0NRT",277.19,0.81,"N"
"106",39.48417,30.04056,298.36,0.48,0.64,"2026-09-15",56,"N20","nominal","2.0NRT",281.21,0.99,"N"
"107",37.90024,31.62052,298.28,0.64,0.72,"2026-09-15",56,"N20","nominal","2.0NRT",280.39,1.02,"N"
"108",37.89803,31.6275,297.05,0.64,0.72,"2026-09-15",56,"N20","nominal","2.0NRT",281.73,1.02,"N"
"109",37.89403,31.61744,311.55,0.64,0.72,"2026-09-15",56,"N20","nominal","2.0NRT",281.13,1.68,"N"
"110",37.89183,31.62439,302.64,0.64,0.72,"2026-09-15",56,"N20","nominal","2.0NRT",282.07,1.68,"N"
"111",37.89507,31.61816,317.11,0.64,0.72,"2026-09-15",56,"N20","nominal","2.0NRT",281.58,3.38,"N"
"112",37.89291,31.62513,310.27,0.64,0.72,"2026-09-15",56,"N20","nominal","2.0NRT",282.16,3.49,"N"
"113",37.86592,31.59673,308.73,0.64,0.72,"2026-09-15",56,"N20","nominal","2.0NRT",281.42,2.22,"N"
"114",37.75344,31.81688,299.38,0.66,0.73,"2026-09-15",56,"N20","nominal","2.0NRT",281.59,1.14,"N"
"115",37.74757,31.82006,297.27,0.66,0.73,"2026-09-15",56,"N20","nominal","2.0NRT",281.76,1.61,"N"
"116",37.25457,30.44158,299.29,0.58,0.7,"2026-09-15",56,"N20","nominal","2.0NRT",286.41,0.46,"N"
"117",31.12263,29.81201,305.74,0.79,0.78,"2026-09-15",58,"N20","nominal","2.0NRT",295.07,1.12,"N"
"118",31.1257,29.8121,305.89,0.79,0.78,"2026-09-15",58,"N20","nominal","2.0NRT",295.15,2.67,"N"
"119",31.02811,29.75514,309.53,0.79,0.78,"2026-09-15",58,"N20","nominal","2.0NRT",295.53,2.02,"N"
"120",30.8399,28.66646,303.55,0.69,0.74,"2026-09-15",58,"N20","nominal","2.0NRT",291.83,1.15,"N"
"121",30.93644,27.55072,303.2,0.6,0.7,"2026-09-15",58,"N20","nominal","2.0NRT",291.9,1.18,"N"
"122",30.93476,27.55668,308,0.6,0.7,"2026-09-15",58,"N20","nominal","2.0NRT",291.88,1.18,"N"
"123",30.93362,27.55398,319.71,0.6,0.7,"2026-09-15",58,"N20","nominal","2.0NRT",292.39,2.21,"N"
"124",30.87407,27.1696,305.88,0.57,0.69,"2026-09-15",58,"N20","nominal","2.0NRT",291.29,0.88,"N"
"125",30.75796,27.46708,301.83,0.6,0.7,"2026-09-15",58,"N20","nominal","2.0NRT",290.69,0.59,"N"
"126",30.7679,27.10214,303.02,0.57,0.69,"2026-09-15",58,"N20","nominal","2.0NRT",291.49,1.26,"N"
"127",30.67476,26.36449,309.58,0.52,0.67,"2026-09-15",58,"N20","nominal","2.0NRT",291.41,1.31,"N"
"128",30.67337,26.36962,303.44,0.52,0.67,"2026-09-15",58,"N20","nominal","2.0NRT",291.27,1.31,"N"
"129",30.67272,26.36774,318.74,0.52,0.67,"2026-09-15",58,"N20","nominal","2.0NRT",291.53,1.85,"N"
"130",30.3666,27.22703,318.72,0.59,0.7,"2026-09-15",58,"N20","nominal","2.0NRT",290.56,1.85,"N"
"131",30.5358,26.08024,308.41,0.5,0.66,"2026-09-15",58,"N20","nominal","2.0NRT",291.75,1.03,"N"
"132",30.53713,26.08983,304.78,0.5,0.66,"2026-09-15",58,"N20","nominal","2.0NRT",291.13,0.61,"N"
"133",30.53263,26.08272,307.41,0.5,0.66,"2026-09-15",58,"N20","nominal","2.0NRT",291.68,1.5,"N"
"134",29.98071,27.78628,302.76,0.65,0.73,"2026-09-15",58,"N20","nominal","2.0NRT",292.11,0.55,"N"
"135",29.98203,27.78847,308.11,0.65,0.73,"2026-09-15",58,"N20","nominal","2.0NRT",292.78,1.21,"N"
"136",52.51259,143.1835,325.81,0.33,0.55,"2026-09-15",213,"N20","nominal","2.0NRT",286.03,1.42,"D"
"137",58.27254,138.2122,335.83,0.61,0.53,"2026-09-15",215,"N20","nominal","2.0NRT",275.39,14.81,"D"
"138",58.27609,138.2128,331.22,0.61,0.53,"2026-09-15",215,"N20","nominal","2.0NRT",277.5,6.49,"D"
"139",58.27355,138.2047,339.06,0.61,0.53,"2026-09-15",215,"N20","nominal","2.0NRT",276.64,8.02,"D"
"140",58.28709,138.2112,339.24,0.61,0.53,"2026-09-15",215,"N20","nominal","2.0NRT",277.07,17.5,"D"
"141",58.29121,138.16917,336.86,0.61,0.53,"2026-09-15",215,"N20","nominal","2.0NRT",281.46,15.45,"D"
"142",58.2983,138.17348,328.32,0.61,0.53,"2026-09-15",215,"N20","nominal","2.0NRT",280.59,15.45,"D"
"143",58.29547,138.16438,354.65,0.61,0.53,"2026-09-15",215,"N20","nominal","2.0NRT",294.39,15.45,"D"
"144",58.29263,138.15532,328.22,0.61,0.53,"2026-09-15",215,"N20","nominal","2.0NRT",282.53,10.58,"D"
"145",58.29977,138.15976,350.39,0.61,0.53,"2026-09-15",215,"N20","nominal","2.0NRT",287.67,31.84,"D"
"146",58.29692,138.15063,330.85,0.61,0.53,"2026-09-15",215,"N20","nominal","2.0NRT",285.8,21.19,"D"
"147",36.98083,126.69321,333.47,0.37,0.58,"2026-09-15",351,"N20","low","2.0NRT",306.35,4.66,"D"
"148",37.41676,126.88499,337.05,0.36,0.57,"2026-09-15",351,"N20","nominal","2.0NRT",298.34,3.07,"D"
"149",37.41273,126.88698,329.76,0.36,0.57,"2026-09-15",351,"N20","nominal","2.0NRT",298.09,1.71,"D"
"150",37.41778,126.88503,331.22,0.36,0.57,"2026-09-15",351,"N20","nominal","2.0NRT",300.38,1.71,"D"
"151",38.0406,127.22477,326.72,0.33,0.55,"2026-09-15",351,"N20","nominal","2.0NRT",294.7,2.29,"D"
"152",39.4437,126.02508,341.23,0.35,0.57,"2026-09-15",351,"N20","nominal","2.0NRT",302.39,3.92,"D"
"153",39.44546,126.02458,333.11,0.35,0.57,"2026-09-15",351,"N20","nominal","2.0NRT",301.1,3.14,"D"
"154",39.46824,120.45406,335.47,0.66,0.73,"2026-09-15",351,"N20","nominal","2.0NRT",288.62,5.41,"D"
"155",42.72831,129.23506,327.38,0.4,0.44,"2026-09-15",351,"N20","nominal","2.0NRT",295.36,2.71,"D"
"156",41.08051,120.6238,330.84,0.58,0.7,"2026-09-15",351,"N20","nominal","2.0NRT",301.14,2.72,"D"
"157",41.07661,120.62476,328.5,0.58,0.7,"2026-09-15",351,"N20","nominal","2.0NRT",300.14,2.79,"D"
"158",41.44667,120.83069,333.86,0.56,0.68,"2026-09-15",351,"N20","nominal","2.0NRT",301.15,4.46,"D"
"159",43.40263,125.22064,326.1,0.6,0.53,"2026-09-15",351,"N20","nominal","2.0NRT",294.15,1.89,"D"
"160",43.19816,124.33913,334.25,0.33,0.56,"2026-09-15",351,"N20","nominal","2.0NRT",299.87,2.59,"D"
"161",45.18071,133.04257,329.11,0.41,0.37,"2026-09-15",351,"N20","nominal","2.0NRT",294.9,1.85,"D"
"162",45.0857,130.57359,329.24,0.48,0.4,"2026-09-15",351,"N20","nominal","2.0NRT",291.04,2.72,"D"
"163",45.08514,130.57172,329.41,0.48,0.4,"2026-09-15",351,"N20","nominal","2.0NRT",290.54,3.12,"D"
"164",45.72179,133.30481,326.97,0.4,0.37,"2026-09-15",353,"N20","nominal","2.0NRT",294.25,1.45,"D"
"165",45.76887,132.96365,331.51,0.4,0.37,"2026-09-15",353,"N20","nominal","2.0NRT",292.96,1.85,"D"
"166",45.75229,132.49312,343.31,0.41,0.37,"2026-09-15",353,"N20","nominal","2.0NRT",293.36,3.71,"D"
"167",46.80952,137.95518,345.26,0.42,0.38,"2026-09-15",353,"N20","nominal","2.0NRT",284.79,6.71,"D"
"168",46.81294,137.95432,337.79,0.42,0.38,"2026-09-15",353,"N20","nominal","2.0NRT",300.09,14.43,"D"
"169",46.81224,137.94884,352.31,0.42,0.38,"2026-09-15",353,"N20","nominal","2.0NRT",294.71,14.43,"D"
"170",46.81154,137.94339,341.93,0.42,0.38,"2026-09-15",353,"N20","nominal","2.0NRT",289.02,5.61,"D"
"171",46.81566,137.94798,330.36,0.42,0.38,"2026-09-15",353,"N20","nominal","2.0NRT",282.79,14.43,"D"
"172",46.82048,137.95805,355.87,0.42,0.38,"2026-09-15",353,"N20","nominal","2.0NRT",300.62,21.61,"D"
"173",46.81978,137.95259,339.88,0.42,0.38,"2026-09-15",353,"N20","nominal","2.0NRT",288.86,6.06,"D"
"174",46.82319,137.95163,338.98,0.42,0.38,"2026-09-15",353,"N20","nominal","2.0NRT",286.12,6.06,"D"
"175",46.76551,131.08,328.83,0.44,0.38,"2026-09-15",353,"N20","nominal","2.0NRT",295.47,2.62,"D"
"176",46.77621,131.03967,326.51,0.44,0.38,"2026-09-15",353,"N20","nominal","2.0NRT",295.63,2.85,"D"
"177",45.83955,126.46998,327.82,0.45,0.47,"2026-09-15",353,"N20","nominal","2.0NRT",292.73,2.77,"D"
"178",59.38535,28.45586,302.54,0.65,0.73,"2026-09-15",230,"N20","nominal","2.0NRT",278.15,1.2,"N"
"179",69.36987,88.12888,336.54,0.32,0.55,"2026-09-15",402,"N20","nominal","2.0NRT",280.8,3.57,"D"
"180",69.37279,88.11713,356.39,0.32,0.55,"2026-09-15",402,"N20","low","2.0NRT",282.55,20.1,"D"
"181",59.38611,28.46103,304.1,0.65,0.73,"2026-09-15",230,"N20","nominal","2.0NRT",278.1,1.47,"N"
"182",67.27206,83.21801,352.4,0.5,0.66,"2026-09-15",402,"N20","nominal","2.0NRT",284.55,5.98,"D"
"183",67.27462,83.21465,350.44,0.5,0.66,"2026-09-15",402,"N20","nominal","2.0NRT",283.44,6.39,"D"
"184",67.28291,83.04296,345.29,0.5,0.66,"2026-09-15",402,"N20","nominal","2.0NRT",282.61,8.08,"D"
"185",67.27898,83.03678,340.79,0.5,0.66,"2026-09-15",402,"N20","nominal","2.0NRT",285.1,8.31,"D"
"186",67.19632,81.99274,336.82,0.53,0.67,"2026-09-15",402,"N20","nominal","2.0NRT",283.65,4.39,"D"
"187",66.66146,80.46835,338.81,0.59,0.7,"2026-09-15",402,"N20","nominal","2.0NRT",281.62,6.96,"D"
"188",66.70718,80.45702,356.27,0.59,0.7,"2026-09-15",402,"N20","nominal","2.0NRT",282.63,6.48,"D"
"189",66.66152,80.46409,339.85,0.59,0.7,"2026-09-15",402,"N20","nominal","2.0NRT",281.75,6.62,"D"
"190",67.85639,79.87615,329.95,0.51,0.66,"2026-09-15",402,"N20","nominal","2.0NRT",280.46,2.98,"D"
"191",65.85814,76.9668,338.97,0.74,0.76,"2026-09-15",402,"N20","nominal","2.0NRT",282.51,5.51,"D"
"192",66.41954,77.24593,346.39,0.67,0.74,"2026-09-15",402,"N20","nominal","2.0NRT",282.16,6.92,"D"
"193",68.52307,79.95028,350.59,0.46,0.64,"2026-09-15",402,"N20","nominal","2.0NRT",283.05,10.2,"D"
"194",68.52672,79.95564,356.55,0.46,0.64,"2026-09-15",402,"N20","low","2.0NRT",282.2,10.2,"D"
"195",66.42122,77.09599,337.23,0.68,0.74,"2026-09-15",402,"N20","nominal","2.0NRT",283.19,4.72,"D"
"196",66.42221,77.08917,341.23,0.68,0.74,"2026-09-15",402,"N20","nominal","2.0NRT",283.52,6.13,"D"
"197",66.24397,76.82242,350.96,0.7,0.75,"2026-09-15",402,"N20","nominal","2.0NRT",283.94,13.38,"D"
"198",66.24968,76.82908,356.21,0.7,0.75,"2026-09-15",402,"N20","low","2.0NRT",281.82,13.38,"D"
"199",66.95961,75.54655,332.11,0.65,0.73,"2026-09-15",402,"N20","nominal","2.0NRT",280.3,74.41,"D"
"200",67.80762,72.52182,367,0.61,0.71,"2026-09-15",404,"N20","high","2.0NRT",291.03,224.78,"D"
"201",67.80232,72.51641,367,0.61,0.71,"2026-09-15",404,"N20","low","2.0NRT",336.94,224.78,"D"
"202",67.806,72.521,367,0.61,0.71,"2026-09-15",404,"N20","high","2.0NRT",298.71,217.88,"D"
"203",67.7954,72.5104,345.38,0.62,0.71,"2026-09-15",404,"N20","nominal","2.0NRT",286.69,111.69,"D"
"204",67.80068,72.51568,367,0.61,0.71,"2026-09-15",404,"N20","low","2.0NRT",330.78,217.88,"D"
"205",70.99545,73.83686,332.81,0.37,0.58,"2026-09-15",404,"N20","nominal","2.0NRT",278.85,4.63,"D"
"206",70.40555,68.44241,347.93,0.44,0.63,"2026-09-15",404,"N20","nominal","2.0NRT",278.31,5.78,"D"
"207",70.59005,68.23416,328.2,0.43,0.62,"2026-09-15",404,"N20","nominal","2.0NRT",279.45,2.28,"D"
"208",69.2655,57.28991,339.69,0.6,0.7,"2026-09-15",404,"N20","nominal","2.0NRT",281.28,5.37,"D"
"209",48.72073,125.51453,325.31,0.42,0.45,"2026-09-15",353,"N20","nominal","2.0NRT",287.81,1.8,"D"
"210",46.38936,114.00269,332.09,0.77,0.77,"2026-09-15",353,"N20","nominal","2.0NRT",297.75,6.52,"D"
"211",51.53962,128.15829,338.03,0.45,0.39,"2026-09-15",355,"N20","nominal","2.0NRT",271.59,14.27,"D"
"212",50.71645,119.8624,332.59,0.63,0.54,"2026-09-15",355,"N20","nominal","2.0NRT",291.16,10.97,"D"
"213",57.58273,139.29536,329.31,0.4,0.44,"2026-09-15",355,"N20","nominal","2.0NRT",281.95,1.92,"D"
"214",57.58676,139.29378,342.13,0.4,0.44,"2026-09-15",355,"N20","nominal","2.0NRT",291.11,8.58,"D"
"215",58.19441,138.22163,348.78,0.56,0.43,"2026-09-15",355,"N20","nominal","2.0NRT",291.78,12.23,"D"
"216",58.19362,138.21248,343.38,0.56,0.43,"2026-09-15",355,"N20","nominal","2.0NRT",287.74,12.23,"D"
"217",58.19756,138.21123,338.05,0.56,0.43,"2026-09-15",355,"N20","nominal","2.0NRT",287.04,7.73,"D"
"218",58.20147,138.20972,348.45,0.56,0.43,"2026-09-15",355,"N20","nominal","2.0NRT",286.04,7.73,"D"
"219",58.19275,138.22473,344.71,0.56,0.43,"2026-09-15",355,"N20","nominal","2.0NRT",291.7,13.87,"D"
"220",58.19197,138.2153,343.02,0.56,0.43,"2026-09-15",355,"N20","nominal","2.0NRT",287.65,8.63,"D"
"221",58.19591,138.21411,333.7,0.56,0.43,"2026-09-15",355,"N20","nominal","2.0NRT",288.57,8.63,"D"
"222",58.19983,138.21257,333.76,0.56,0.43,"2026-09-15",355,"N20","nominal","2.0NRT",285.37,7.22,"D"
"223",58.20302,138.20232,331.33,0.56,0.43,"2026-09-15",355,"N20","nominal","2.0NRT",284.53,7.22,"D"
"224",58.2062,138.19185,350.91,0.56,0.43,"2026-09-15",355,"N20","nominal","2.0NRT",289.97,12.34,"D"
"225",58.21497,138.24902,343.31,0.57,0.43,"2026-09-15",355,"N20","nominal","2.0NRT",285.38,6.45,"D"
"226",58.20934,138.18102,344.31,0.56,0.43,"2026-09-15",355,"N20","nominal","2.0NRT",286.93,12.34,"D"
"227",58.20855,138.17159,327.38,0.56,0.43,"2026-09-15",355,"N20","nominal","2.0NRT",283.68,3.77,"D"
"228",58.2125,138.17047,350.99,0.56,0.43,"2026-09-15",355,"N20","nominal","2.0NRT",290.11,10.51,"D"
"229",58.21172,138.16119,329.04,0.56,0.43,"2026-09-15",355,"N20","nominal","2.0NRT",285.11,10.51,"D"
"230",58.21949,138.15753,328.46,0.56,0.43,"2026-09-15",355,"N20","nominal","2.0NRT",285.12,4.39,"D"
"231",58.27176,138.20227,328.55,0.56,0.43,"2026-09-15",355,"N20","nominal","2.0NRT",282.36,6.47,"D"
"232",58.2766,138.21167,338.01,0.57,0.43,"2026-09-15",355,"N20","nominal","2.0NRT",285.25,6.47,"D"
"233",58.27573,138.20151,334.55,0.56,0.43,"2026-09-15",355,"N20","nominal","2.0NRT",284.01,6.47,"D"
"234",58.27407,138.18188,327.82,0.56,0.43,"2026-09-15",355,"N20","nominal","2.0NRT",283.31,3.98,"D"
"235",58.2733,138.17278,326.35,0.56,0.43,"2026-09-15",355,"N20","nominal","2.0NRT",281.1,1.37,"D"
"236",58.27728,138.17216,327.15,0.56,0.43,"2026-09-15",355,"N20","nominal","2.0NRT",283.03,2.89,"D"
"237",58.28455,138.20985,326.51,0.57,0.43,"2026-09-15",355,"N20","nominal","2.0NRT",283.09,11.95,"D"
"238",58.28852,138.20894,343.81,0.57,0.43,"2026-09-15",355,"N20","nominal","2.0NRT",283.6,6,"D"
"239",58.2877,138.1993,329.27,0.56,0.43,"2026-09-15",355,"N20","nominal","2.0NRT",285.53,6,"D"
"240",58.29397,138.17801,331.99,0.56,0.43,"2026-09-15",355,"N20","nominal","2.0NRT",285.44,5.3,"D"
"241",58.29314,138.1684,355.62,0.56,0.43,"2026-09-15",355,"N20","nominal","2.0NRT",297.48,50.12,"D"
"242",58.29232,138.15878,337.3,0.56,0.43,"2026-09-15",355,"N20","nominal","2.0NRT",293.31,50.12,"D"
"243",58.29626,138.15758,367,0.56,0.43,"2026-09-15",355,"N20","high","2.0NRT",333.05,50.12,"D"
"244",58.29791,138.17683,327.23,0.56,0.43,"2026-09-15",355,"N20","nominal","2.0NRT",288.31,5.3,"D"
"245",58.29708,138.16722,354.67,0.56,0.43,"2026-09-15",355,"N20","nominal","2.0NRT",299.56,50.12,"D"
"246",58.30103,138.16597,330.44,0.56,0.43,"2026-09-15",355,"N20","nominal","2.0NRT",294.74,11.12,"D"
"247",58.30019,138.15627,353.09,0.56,0.43,"2026-09-15",355,"N20","nominal","2.0NRT",295.84,11.12,"D"
"248",58.30663,138.18401,329.2,0.56,0.43,"2026-09-15",355,"N20","nominal","2.0NRT",290.08,8.84,"D"
"249",58.28964,138.20033,325.93,0.57,0.43,"2026-09-15",355,"N20","nominal","2.0NRT",282.02,2.84,"D"
"250",58.29124,138.17044,343.54,0.56,0.43,"2026-09-15",355,"N20","nominal","2.0NRT",288.74,12.12,"D"
"251",58.29597,138.17891,325.2,0.56,0.43,"2026-09-15",355,"N20","nominal","2.0NRT",283.84,11.59,"D"
"252",58.29519,138.16928,355.16,0.56,0.43,"2026-09-15",355,"N20","nominal","2.0NRT",295.35,11.59,"D"
"253",58.29913,138.16806,345.02,0.56,0.43,"2026-09-15",355,"N20","nominal","2.0NRT",296.43,11.59,"D"
"254",58.29833,138.15839,353.03,0.56,0.43,"2026-09-15",355,"N20","nominal","2.0NRT",310.66,103.54,"D"
"255",58.29753,138.14877,327.95,0.56,0.43,"2026-09-15",355,"N20","nominal","2.0NRT",296.57,103.54,"D"
"256",58.30859,138.18484,327.36,0.56,0.43,"2026-09-15",355,"N20","nominal","2.0NRT",291.62,5.88,"D"
"257",58.31253,138.18355,331.12,0.56,0.43,"2026-09-15",355,"N20","nominal","2.0NRT",284,6.13,"D"
"258",58.33076,138.30676,330.5,0.57,0.43,"2026-09-15",355,"N20","nominal","2.0NRT",287,3.81,"D"
"259",58.43272,137.63019,339.86,0.54,0.42,"2026-09-15",355,"N20","nominal","2.0NRT",285.96,9.51,"D"
"260",58.43038,137.60373,329.48,0.54,0.42,"2026-09-15",355,"N20","nominal","2.0NRT",282.57,4.42,"D"
"261",58.43658,137.62877,326.71,0.54,0.42,"2026-09-15",355,"N20","nominal","2.0NRT",284.23,4.23,"D"
"262",58.43265,137.5845,344.65,0.54,0.42,"2026-09-15",355,"N20","nominal","2.0NRT",284.98,10.78,"D"
"263",57.53439,105.86885,352.36,0.53,0.67,"2026-09-15",357,"N20","nominal","2.0NRT",284.59,6.59,"D"
"264",57.56288,105.92056,332.18,0.53,0.67,"2026-09-15",357,"N20","nominal","2.0NRT",284.55,13.05,"D"
"265",57.56565,105.92747,356.14,0.53,0.67,"2026-09-15",357,"N20","low","2.0NRT",288.23,23.94,"D"
"266",57.58687,105.92234,325.92,0.53,0.67,"2026-09-15",357,"N20","nominal","2.0NRT",283.26,4.89,"D"
"267",57.58421,105.91566,329.39,0.53,0.67,"2026-09-15",357,"N20","nominal","2.0NRT",284.39,5.01,"D"
"268",57.5697,105.87933,337.86,0.53,0.67,"2026-09-15",357,"N20","nominal","2.0NRT",285.22,6.77,"D"
"269",57.68371,106.08879,349.58,0.52,0.67,"2026-09-15",357,"N20","nominal","2.0NRT",278.38,11.78,"D"
"270",57.68097,106.08182,355.51,0.52,0.67,"2026-09-15",357,"N20","nominal","2.0NRT",283.36,13.22,"D"
"271",57.61798,105.68984,338.09,0.54,0.68,"2026-09-15",357,"N20","nominal","2.0NRT",283.77,4.13,"D"
"272",58.44589,107.60597,367,0.43,0.62,"2026-09-15",357,"N20","high","2.0NRT",290.7,14.9,"D"
"273",58.45081,107.6003,329.97,0.43,0.62,"2026-09-15",357,"N20","nominal","2.0NRT",285.88,3.24,"D"
"274",58.09226,106.5584,341.85,0.48,0.65,"2026-09-15",357,"N20","nominal","2.0NRT",287.61,30.63,"D"
"275",58.09474,106.56483,356.24,0.48,0.65,"2026-09-15",357,"N20","low","2.0NRT",284.01,27.76,"D"
"276",57.87772,105.89305,330.48,0.52,0.66,"2026-09-15",357,"N20","nominal","2.0NRT",280.9,15.86,"D"
"277",57.87516,105.88654,350.9,0.52,0.66,"2026-09-15",357,"N20","nominal","2.0NRT",291.44,25.81,"D"
"278",58.29049,106.92414,331.2,0.46,0.64,"2026-09-15",357,"N20","nominal","2.0NRT",283.82,3.59,"D"
"279",58.29077,106.92471,347.12,0.46,0.64,"2026-09-15",357,"N20","nominal","2.0NRT",284.8,7.01,"D"
"280",58.48237,107.03076,349.09,0.45,0.63,"2026-09-15",357,"N20","nominal","2.0NRT",280.35,8.46,"D"
"281",58.48009,107.02467,349.07,0.45,0.63,"2026-09-15",357,"N20","nominal","2.0NRT",283.89,8.79,"D"
"282",59.80503,109.42387,345.7,0.34,0.56,"2026-09-15",357,"N20","nominal","2.0NRT",286.62,17.05,"D"
"283",59.80674,109.42899,356.38,0.34,0.56,"2026-09-15",357,"N20","low","2.0NRT",288.8,17.05,"D"
"284",59.63742,108.12695,350.74,0.37,0.58,"2026-09-15",357,"N20","nominal","2.0NRT",285.91,3.51,"D"
"285",59.84324,108.40247,325.01,0.36,0.57,"2026-09-15",357,"N20","nominal","2.0NRT",283.43,2.29,"D"
"286",60.14844,109.10385,329.7,0.33,0.55,"2026-09-15",357,"N20","nominal","2.0NRT",283.86,3.49,"D"
"287",60.14677,109.09892,356.18,0.33,0.55,"2026-09-15",357,"N20","low","2.0NRT",288.2,36.9,"D"
"288",61.34602,112.81354,339.95,0.47,0.48,"2026-09-15",357,"N20","nominal","2.0NRT",291.5,33.47,"D"
"289",61.34982,112.80889,343.21,0.47,0.48,"2026-09-15",357,"N20","nominal","2.0NRT",298.69,33.47,"D"
"290",61.34766,112.80132,328.49,0.47,0.48,"2026-09-15",357,"N20","nominal","2.0NRT",288.82,33.47,"D"
"291",61.40459,112.894,349.37,0.46,0.47,"2026-09-15",357,"N20","nominal","2.0NRT",292.64,17.48,"D"
"292",60.46361,109.727,337.28,0.62,0.54,"2026-09-15",357,"N20","nominal","2.0NRT",282.63,12.8,"D"
"293",61.46029,113.01096,332.92,0.46,0.47,"2026-09-15",357,"N20","nominal","2.0NRT",283.58,3.88,"D"
"294",60.46381,109.71989,345.65,0.62,0.54,"2026-09-15",357,"N20","nominal","2.0NRT",284.3,10.5,"D"
"295",61.54108,113.17172,337.34,0.45,0.47,"2026-09-15",357,"N20","nominal","2.0NRT",283.55,11.28,"D"
"296",61.53903,113.16437,326.78,0.45,0.47,"2026-09-15",357,"N20","nominal","2.0NRT",290.39,11.28,"D"
"297",61.5942,113.05638,327.82,0.45,0.47,"2026-09-15",357,"N20","nominal","2.0NRT",282.91,3.56,"D"
"298",61.59301,113.05931,330.46,0.45,0.47,"2026-09-15",357,"N20","nominal","2.0NRT",282.38,2.89,"D"
"299",62.35159,113.76993,337.3,0.41,0.45,"2026-09-15",357,"N20","nominal","2.0NRT",279.7,10.15,"D"
"300",62.34977,113.76305,328.8,0.41,0.45,"2026-09-15",357,"N20","nominal","2.0NRT",280.02,10.15,"D"
"301",62.35119,113.69685,326.9,0.41,0.45,"2026-09-15",357,"N20","nominal","2.0NRT",279.95,15.54,"D"
"302",62.35664,113.69936,337.79,0.41,0.45,"2026-09-15",357,"N20","nominal","2.0NRT",280.47,21.83,"D"
"303",62.35478,113.69238,273.84,0.41,0.45,"2026-09-15",357,"N20","low","2.0NRT",285.12,15.54,"D"
"304",62.40438,113.59552,327.73,0.41,0.45,"2026-09-15",357,"N20","nominal","2.0NRT",280.75,2.48,"D"
"305",62.40252,113.58857,336.48,0.41,0.45,"2026-09-15",357,"N20","nominal","2.0NRT",282.84,3.38,"D"
"306",62.49748,113.90875,336.78,0.4,0.44,"2026-09-15",357,"N20","nominal","2.0NRT",279.59,5.02,"D"
"307",62.39272,113.49867,337.85,0.41,0.45,"2026-09-15",357,"N20","nominal","2.0NRT",282.21,7.02,"D"
"308",62.44638,113.66299,337.43,0.41,0.45,"2026-09-15",357,"N20","nominal","2.0NRT",285.46,18.67,"D"
"309",62.40024,113.32974,334.13,0.42,0.45,"2026-09-15",357,"N20","nominal","2.0NRT",280.07,1.93,"D"
"310",63.72815,107.06596,325.47,0.53,0.5,"2026-09-15",400,"N20","nominal","2.0NRT",283.98,3.54,"D"
"311",63.73199,107.06001,325.39,0.53,0.5,"2026-09-15",400,"N20","nominal","2.0NRT",283.48,3.54,"D"
"312",60.43907,97.79964,327.38,0.64,0.72,"2026-09-15",400,"N20","nominal","2.0NRT",272.53,4.7,"D"
"313",60.43498,97.68035,338.17,0.65,0.73,"2026-09-15",400,"N20","nominal","2.0NRT",279.16,12.31,"D"
"314",60.44407,97.5631,352.36,0.65,0.73,"2026-09-15",400,"N20","nominal","2.0NRT",276.81,14.14,"D"
"315",60.44011,97.55492,344.95,0.65,0.73,"2026-09-15",400,"N20","nominal","2.0NRT",278.66,14.38,"D"
"316",60.84303,97.35379,353.92,0.63,0.72,"2026-09-15",400,"N20","nominal","2.0NRT",278.94,25.54,"D"
"317",29.92267,120.24981,328.59,0.55,0.43,"2026-09-15",529,"N20","nominal","2.0NRT",298.33,3.07,"D"
"318",30.32106,120.60435,325.62,0.39,0.44,"2026-09-15",529,"N20","low","2.0NRT",298.35,2.89,"D"
"319",30.32506,120.60378,326.14,0.39,0.44,"2026-09-15",529,"N20","low","2.0NRT",297.18,2.39,"D"
"320",29.51106,114.22231,332.2,0.39,0.36,"2026-09-15",529,"N20","nominal","2.0NRT",277.71,1.94,"D"
"321",30.11323,115.24561,332.07,0.38,0.36,"2026-09-15",529,"N20","nominal","2.0NRT",300.57,1.84,"D"
"322",32.5718,114.79869,331.06,0.39,0.36,"2026-09-15",529,"N20","nominal","2.0NRT",285.48,2.75,"D"
"323",33.05929,116.76915,330.84,0.42,0.38,"2026-09-15",529,"N20","nominal","2.0NRT",276.6,3.21,"D"
"324",33.1116,114.18387,343.56,0.38,0.36,"2026-09-15",531,"N20","nominal","2.0NRT",301.78,9.64,"D"
"325",33.12143,113.41826,331.66,0.39,0.36,"2026-09-15",531,"N20","nominal","2.0NRT",301.49,1.68,"D"
"326",33.82549,116.56592,331.24,0.42,0.38,"2026-09-15",531,"N20","nominal","2.0NRT",291.01,2.62,"D"
"327",34.40096,117.96122,337.11,0.48,0.4,"2026-09-15",531,"N20","nominal","2.0NRT",306.66,5.96,"D"
"328",33.753,113.08138,333.3,0.39,0.36,"2026-09-15",531,"N20","nominal","2.0NRT",295.87,3.57,"D"
"329",34.33862,117.07207,333.17,0.44,0.38,"2026-09-15",531,"N20","nominal","2.0NRT",302.24,2.22,"D"
"330",33.75418,113.00366,335.62,0.39,0.36,"2026-09-15",531,"N20","nominal","2.0NRT",294.39,7.49,"D"
"331",34.45539,117.6405,335.98,0.47,0.39,"2026-09-15",531,"N20","low","2.0NRT",307.34,4.93,"D"
"332",34.48005,117.63098,335.51,0.46,0.39,"2026-09-15",531,"N20","low","2.0NRT",309.69,2.28,"D"
"333",34.52444,117.38062,330.64,0.46,0.39,"2026-09-15",531,"N20","nominal","2.0NRT",297.55,4.8,"D"
"334",34.59772,117.50008,334.66,0.46,0.39,"2026-09-15",531,"N20","nominal","2.0NRT",302.54,3.98,"D"
"335",34.26542,114.6916,337.8,0.39,0.36,"2026-09-15",531,"N20","nominal","2.0NRT",311.07,3.83,"D"
"336",34.75587,117.72852,336.97,0.47,0.4,"2026-09-15",531,"N20","low","2.0NRT",307.89,5.93,"D"
"337",34.75588,117.72632,341.21,0.47,0.4,"2026-09-15",531,"N20","nominal","2.0NRT",308.44,6.6,"D"
"338",34.86311,117.44389,331.07,0.46,0.39,"2026-09-15",531,"N20","low","2.0NRT",305.71,4.24,"D"
"339",34.92125,117.3209,337.09,0.46,0.39,"2026-09-15",531,"N20","nominal","2.0NRT",306.4,3.59,"D"
"340",34.83514,116.62063,333.34,0.43,0.38,"2026-09-15",531,"N20","nominal","2.0NRT",301.96,3.84,"D"
"341",34.83613,116.61777,332.08,0.43,0.38,"2026-09-15",531,"N20","nominal","2.0NRT",301.81,3.98,"D"
"342",35.13017,119.08487,331.23,0.55,0.43,"2026-09-15",531,"N20","low","2.0NRT",304.49,2.45,"D"
"343",35.24693,119.35409,338.68,0.57,0.43,"2026-09-15",531,"N20","nominal","2.0NRT",303.33,6.09,"D"
"344",34.98108,116.99609,335.02,0.44,0.39,"2026-09-15",531,"N20","low","2.0NRT",305.81,36.1,"D"
"345",35.07747,116.9903,330.85,0.45,0.39,"2026-09-15",531,"N20","low","2.0NRT",303.95,2.8,"D"
"346",35.12273,116.97952,331.11,0.45,0.39,"2026-09-15",531,"N20","low","2.0NRT",305.51,1.13,"D"
"347",34.73061,113.84282,336.13,0.38,0.36,"2026-09-15",531,"N20","low","2.0NRT",310.85,2.04,"D"
"348",34.73389,113.84209,336.89,0.38,0.36,"2026-09-15",531,"N20","low","2.0NRT",309.36,2.04,"D"
"349",34.96529,115.33469,335.38,0.4,0.37,"2026-09-15",531,"N20","low","2.0NRT",306.72,8.47,"D"
"350",34.95889,115.21568,347.71,0.4,0.37,"2026-09-15",531,"N20","nominal","2.0NRT",309.42,5.63,"D"
"351",34.83955,114.3657,334.6,0.39,0.36,"2026-09-15",531,"N20","nominal","2.0NRT",308.67,2.82,"D"
"352",34.90214,114.60888,335.86,0.39,0.36,"2026-09-15",531,"N20","nominal","2.0NRT",307.52,3.09,"D"
"353",34.87191,114.35508,347.09,0.39,0.36,"2026-09-15",531,"N20","nominal","2.0NRT",311.55,6.83,"D"
"354",34.9925,115.00151,334.62,0.39,0.36,"2026-09-15",531,"N20","low","2.0NRT",305.6,2.77,"D"
"355",35.32977,116.8206,332.16,0.44,0.38,"2026-09-15",531,"N20","low","2.0NRT",305.27,3.82,"D"
"356",34.03115,108.70686,327.55,0.53,0.42,"2026-09-15",531,"N20","low","2.0NRT",299.14,5.07,"D"
"357",34.04399,108.69121,335.07,0.53,0.42,"2026-09-15",531,"N20","nominal","2.0NRT",293.64,8.7,"D"
"358",35.36127,116.24855,331.69,0.42,0.38,"2026-09-15",531,"N20","low","2.0NRT",303.59,1.04,"D"
"359",35.34807,115.98706,338.51,0.42,0.37,"2026-09-15",531,"N20","nominal","2.0NRT",309.51,3.97,"D"
"360",35.30656,115.57526,334.42,0.41,0.37,"2026-09-15",531,"N20","nominal","2.0NRT",306.28,1.53,"D"
"361",35.60254,117.56358,332.48,0.47,0.4,"2026-09-15",531,"N20","low","2.0NRT",305.65,2.26,"D"
"362",34.5161,110.36919,333.91,0.45,0.39,"2026-09-15",531,"N20","low","2.0NRT",304.61,4.06,"D"
"363",35.6023,117.5615,332.16,0.47,0.4,"2026-09-15",531,"N20","low","2.0NRT",305.47,3.59,"D"
"364",34.66446,111.0303,335.68,0.42,0.38,"2026-09-15",531,"N20","nominal","2.0NRT",307.49,5.32,"D"
"365",35.45272,116.03875,334.44,0.42,0.38,"2026-09-15",531,"N20","nominal","2.0NRT",306.46,5.94,"D"
"366",35.04867,112.52716,339.3,0.39,0.36,"2026-09-15",531,"N20","nominal","2.0NRT",308.07,3.3,"D"
"367",35.44419,114.08659,335.07,0.39,0.36,"2026-09-15",531,"N20","nominal","2.0NRT",307.97,3.78,"D"
"368",35.91184,117.13474,335.65,0.46,0.39,"2026-09-15",531,"N20","nominal","2.0NRT",306.34,2.06,"D"
"369",35.98822,117.58728,334.08,0.48,0.4,"2026-09-15",531,"N20","nominal","2.0NRT",304.43,2.84,"D"
"370",35.99187,117.58662,331.11,0.48,0.4,"2026-09-15",531,"N20","low","2.0NRT",305.19,2.84,"D"
"371",35.05947,110.94147,338.6,0.42,0.38,"2026-09-15",531,"N20","nominal","2.0NRT",302.66,2.67,"D"
"372",35.05925,110.94357,330.94,0.42,0.38,"2026-09-15",531,"N20","low","2.0NRT",301.11,4.25,"D"
"373",35.13465,111.08939,333.28,0.42,0.37,"2026-09-15",531,"N20","nominal","2.0NRT",305.81,4.62,"D"
"374",34.87807,108.99648,327.78,0.5,0.41,"2026-09-15",531,"N20","low","2.0NRT",299.98,3.06,"D"
"375",35.98978,115.79414,338.83,0.42,0.37,"2026-09-15",531,"N20","nominal","2.0NRT",308.39,4.46,"D"
"376",35.20759,110.73957,337.44,0.43,0.38,"2026-09-15",531,"N20","nominal","2.0NRT",302.54,2.75,"D"
"377",35.52896,112.5209,336.74,0.39,0.36,"2026-09-15",531,"N20","nominal","2.0NRT",307.11,2.17,"D"
"378",36.24864,117.49668,331.39,0.48,0.4,"2026-09-15",531,"N20","low","2.0NRT",304.78,2.66,"D"
"379",36.21974,115.84169,345.53,0.42,0.38,"2026-09-15",531,"N20","nominal","2.0NRT",309.51,6.81,"D"
"380",35.50021,110.91573,331.29,0.42,0.38,"2026-09-15",531,"N20","low","2.0NRT",303.53,3.34,"D"
"381",35.53785,110.94841,330.9,0.42,0.37,"2026-09-15",531,"N20","nominal","2.0NRT",299.82,1.65,"D"
"382",35.623,111.17486,332.03,0.41,0.37,"2026-09-15",531,"N20","low","2.0NRT",304.81,3.19,"D"
"383",35.63416,111.158,331.23,0.41,0.37,"2026-09-15",531,"N20","low","2.0NRT",305.41,4.8,"D"
"384",35.69213,111.4575,335.17,0.4,0.37,"2026-09-15",531,"N20","nominal","2.0NRT",304.94,1.3,"D"
"385",35.70067,111.43826,341.15,0.4,0.37,"2026-09-15",531,"N20","nominal","2.0NRT",305.93,3.72,"D"
"386",35.7589,111.76077,340.49,0.4,0.37,"2026-09-15",531,"N20","nominal","2.0NRT",306.94,6.57,"D"
"387",36.51904,116.89321,333.58,0.46,0.39,"2026-09-15",531,"N20","low","2.0NRT",308.53,3.94,"D"
"388",35.63135,110.71577,339.16,0.42,0.38,"2026-09-15",531,"N20","nominal","2.0NRT",307.22,3.85,"D"
"389",36.19125,114.05772,337.22,0.39,0.36,"2026-09-15",531,"N20","nominal","2.0NRT",308.19,3.06,"D"
"390",36.19062,114.05344,336.54,0.39,0.36,"2026-09-15",531,"N20","low","2.0NRT",308.92,3.06,"D"
"391",35.62739,110.57201,336.34,0.43,0.38,"2026-09-15",531,"N20","low","2.0NRT",307.57,3.78,"D"
"392",35.67144,110.6446,336.95,0.42,0.38,"2026-09-15",531,"N20","low","2.0NRT",308,4.58,"D"
"393",36.30936,114.28512,337.65,0.39,0.36,"2026-09-15",531,"N20","low","2.0NRT",312.3,4.83,"D"
"394",36.29948,113.14514,333.61,0.38,0.36,"2026-09-15",531,"N20","nominal","2.0NRT",304.5,2.42,"D"
"395",36.35186,113.06709,335.33,0.38,0.36,"2026-09-15",531,"N20","low","2.0NRT",306.92,4.76,"D"
"396",36.55539,114.10875,339.38,0.39,0.36,"2026-09-15",531,"N20","nominal","2.0NRT",310.55,4.42,"D"
"397",36.39885,113.01736,333.48,0.38,0.36,"2026-09-15",531,"N20","low","2.0NRT",306.57,4.88,"D"
"398",36.45837,113.11737,336.79,0.38,0.36,"2026-09-15",531,"N20","low","2.0NRT",308.54,4.58,"D"
"399",36.61918,114.1257,337.5,0.39,0.36,"2026-09-15",531,"N20","low","2.0NRT",311.87,4.56,"D"
"400",36.48846,113.11467,339.86,0.38,0.36,"2026-09-15",531,"N20","nominal","2.0NRT",309.37,3.58,"D"
"401",36.47801,112.95905,339.16,0.38,0.36,"2026-09-15",531,"N20","nominal","2.0NRT",299.37,3.71,"D"
"402",36.72871,114.10715,336.98,0.39,0.36,"2026-09-15",531,"N20","low","2.0NRT",311.27,3.36,"D"
"403",36.7202,113.90869,335.89,0.39,0.36,"2026-09-15",531,"N20","low","2.0NRT",310.13,3.71,"D"
"404",36.72993,113.92867,339.21,0.39,0.36,"2026-09-15",531,"N20","nominal","2.0NRT",310.61,6.02,"D"
"405",36.70894,112.58099,332.16,0.39,0.36,"2026-09-15",531,"N20","low","2.0NRT",307.11,2.71,"D"
"406",37.14287,114.53326,334.37,0.4,0.37,"2026-09-15",531,"N20","low","2.0NRT",306.6,3.1,"D"
"407",37.81332,119.62628,333.64,0.42,0.45,"2026-09-15",531,"N20","nominal","2.0NRT",293.7,2.92,"D"
"408",37.31072,115.08723,333.62,0.41,0.37,"2026-09-15",531,"N20","nominal","2.0NRT",304.46,2.07,"D"
"409",37.06511,111.94826,334.94,0.39,0.36,"2026-09-15",531,"N20","nominal","2.0NRT",307.09,3.95,"D"
"410",37.06446,111.81779,336.92,0.39,0.36,"2026-09-15",531,"N20","nominal","2.0NRT",307.39,3.05,"D"
"411",37.07764,111.83807,339.29,0.39,0.36,"2026-09-15",531,"N20","nominal","2.0NRT",309.11,2.59,"D"
"412",37.09507,111.92372,334.92,0.39,0.36,"2026-09-15",531,"N20","nominal","2.0NRT",304.63,3.4,"D"
"413",37.10658,111.95229,349.46,0.39,0.36,"2026-09-15",531,"N20","nominal","2.0NRT",309.58,7.48,"D"
"414",38.14173,119.52988,335.47,0.42,0.45,"2026-09-15",531,"N20","nominal","2.0NRT",293.31,2.94,"D"
"415",38.21315,119.55443,338.8,0.42,0.45,"2026-09-15",531,"N20","nominal","2.0NRT",294.52,4.47,"D"
"416",38.1876,117.17333,336.36,0.49,0.4,"2026-09-15",531,"N20","nominal","2.0NRT",305.76,3.42,"D"
"417",37.57571,112.25925,334.89,0.39,0.36,"2026-09-15",531,"N20","low","2.0NRT",306.55,3.21,"D"
"418",37.25301,109.29604,329.04,0.45,0.39,"2026-09-15",531,"N20","nominal","2.0NRT",298.02,2.26,"D"
"419",37.60048,110.93407,336.59,0.4,0.37,"2026-09-15",531,"N20","nominal","2.0NRT",300.95,2.88,"D"
"420",39.44444,126.02464,341.46,0.48,0.65,"2026-09-15",531,"N20","nominal","2.0NRT",304.04,5.53,"D"
"421",39.44088,126.02382,338.87,0.48,0.65,"2026-09-15",531,"N20","nominal","2.0NRT",303.78,5.18,"D"
"422",38.99582,119.00371,346.42,0.4,0.44,"2026-09-15",531,"N20","nominal","2.0NRT",294.63,5.24,"D"
"423",38.34081,112.72827,328.32,0.38,0.36,"2026-09-15",531,"N20","low","2.0NRT",302.84,1.74,"D"
"424",38.33949,112.71958,337.65,0.38,0.36,"2026-09-15",531,"N20","nominal","2.0NRT",306.56,5.36,"D"
"425",38.80846,114.88722,336.07,0.41,0.37,"2026-09-15",531,"N20","nominal","2.0NRT",303.99,4.21,"D"
"426",39.302,119.06987,331.6,0.41,0.45,"2026-09-15",531,"N20","low","2.0NRT",302.83,3.5,"D"
"427",39.46589,120.45194,338.75,0.48,0.48,"2026-09-15",531,"N20","nominal","2.0NRT",293.96,4.54,"D"
"428",39.7533,122.67126,332.27,0.32,0.54,"2026-09-15",531,"N20","nominal","2.0NRT",294.31,1.21,"D"
"429",39.4329,118.46663,338.21,0.57,0.43,"2026-09-15",531,"N20","nominal","2.0NRT",302.49,4.61,"D"
"430",37.51583,105.85308,337.85,0.42,0.45,"2026-09-15",531,"N20","nominal","2.0NRT",297.77,4.21,"D"
"431",39.30402,116.54652,333.62,0.47,0.4,"2026-09-15",531,"N20","nominal","2.0NRT",304.45,2.77,"D"
"432",39.30338,116.54106,330.59,0.47,0.4,"2026-09-15",531,"N20","nominal","2.0NRT",300.74,2.77,"D"
"433",37.55221,105.80072,335.59,0.42,0.45,"2026-09-15",531,"N20","nominal","2.0NRT",299.29,3.8,"D"
"434",38.52052,110.13881,340.82,0.41,0.37,"2026-09-15",531,"N20","nominal","2.0NRT",308.04,4.66,"D"
"435",38.52388,110.13792,349.77,0.41,0.37,"2026-09-15",531,"N20","nominal","2.0NRT",310.46,4.66,"D"
"436",38.52227,110.12865,335.25,0.41,0.37,"2026-09-15",531,"N20","nominal","2.0NRT",308.55,7.08,"D"
"437",38.52725,110.13702,342.88,0.41,0.37,"2026-09-15",531,"N20","nominal","2.0NRT",307.95,4.5,"D"
"438",38.52564,110.12775,355.94,0.41,0.37,"2026-09-15",531,"N20","nominal","2.0NRT",309.55,5.19,"D"
"439",38.52483,110.12312,355.09,0.41,0.37,"2026-09-15",531,"N20","nominal","2.0NRT",309.39,5.39,"D"
"440",38.52402,110.11846,356.62,0.41,0.37,"2026-09-15",531,"N20","nominal","2.0NRT",309.19,5.39,"D"
"441",38.52644,110.13239,356.74,0.41,0.37,"2026-09-15",531,"N20","low","2.0NRT",310.34,5.19,"D"
"442",38.5298,110.13148,345.82,0.41,0.37,"2026-09-15",531,"N20","nominal","2.0NRT",307.58,5.19,"D"
"443",38.529,110.12684,351.37,0.41,0.37,"2026-09-15",531,"N20","nominal","2.0NRT",308.77,5.19,"D"
"444",38.5282,110.12221,347.61,0.41,0.37,"2026-09-15",531,"N20","nominal","2.0NRT",308.91,5.39,"D"
"445",38.52658,110.11289,349.15,0.41,0.37,"2026-09-15",531,"N20","nominal","2.0NRT",308.17,7.48,"D"
"446",38.52739,110.11755,356.46,0.41,0.37,"2026-09-15",531,"N20","low","2.0NRT",309.04,5.39,"D"
"447",38.53156,110.12125,343,0.41,0.37,"2026-09-15",531,"N20","nominal","2.0NRT",307.23,3.44,"D"
"448",38.53075,110.11661,343.06,0.41,0.37,"2026-09-15",531,"N20","nominal","2.0NRT",307.39,3.44,"D"
"449",38.52994,110.11197,340.47,0.41,0.37,"2026-09-15",531,"N20","nominal","2.0NRT",306.19,4.49,"D"
"450",38.53986,110.08572,347.66,0.41,0.37,"2026-09-15",531,"N20","nominal","2.0NRT",307.3,4.57,"D"
"451",38.53904,110.08109,354.17,0.41,0.37,"2026-09-15",531,"N20","nominal","2.0NRT",310.11,12.02,"D"
"452",38.53822,110.07646,347.08,0.41,0.37,"2026-09-15",531,"N20","nominal","2.0NRT",309.46,12.02,"D"
"453",10.87825,107.79469,325.49,0.57,0.69,"2026-09-15",525,"N20","nominal","2.0NRT",283.29,7.56,"D"
"454",38.53741,110.07184,346.73,0.41,0.37,"2026-09-15",531,"N20","nominal","2.0NRT",308.56,3.85,"D"
"455",12.87591,108.97034,348.16,0.44,0.62,"2026-09-15",525,"N20","nominal","2.0NRT",289.48,12.02,"D"
"456",38.54322,110.08478,348.1,0.41,0.37,"2026-09-15",531,"N20","nominal","2.0NRT",308.32,4.87,"D"
"457",12.87513,108.96635,353.75,0.44,0.62,"2026-09-15",525,"N20","nominal","2.0NRT",290.12,13.3,"D"
"458",12.88692,108.99667,332.46,0.44,0.62,"2026-09-15",525,"N20","nominal","2.0NRT",288.52,4.65,"D"
"459",38.5424,110.08015,352.26,0.41,0.37,"2026-09-15",531,"N20","nominal","2.0NRT",310.77,12.26,"D"
"460",12.88616,108.99279,328.94,0.44,0.62,"2026-09-15",525,"N20","nominal","2.0NRT",289.01,4.65,"D"
"461",38.54159,110.07552,354.01,0.41,0.37,"2026-09-15",531,"N20","nominal","2.0NRT",309.54,12.26,"D"
"462",38.54658,110.08384,338.84,0.41,0.37,"2026-09-15",531,"N20","nominal","2.0NRT",306.7,4.87,"D"
"463",12.88795,108.97202,342.77,0.44,0.62,"2026-09-15",525,"N20","nominal","2.0NRT",291.38,37.76,"D"
"464",38.54413,110.06996,355.02,0.41,0.37,"2026-09-15",531,"N20","nominal","2.0NRT",309.73,9.27,"D"
"465",12.88872,108.97591,356.35,0.44,0.62,"2026-09-15",525,"N20","low","2.0NRT",289.27,35.19,"D"
"466",38.54332,110.06533,345.93,0.41,0.37,"2026-09-15",531,"N20","nominal","2.0NRT",306.7,9.27,"D"
"467",12.93999,109.07204,335.17,0.43,0.62,"2026-09-15",525,"N20","nominal","2.0NRT",286.58,2.99,"D"
"468",38.5425,110.0607,342.5,0.41,0.37,"2026-09-15",531,"N20","nominal","2.0NRT",306.55,1.71,"D"
"469",14.94475,120.4634,334.49,0.4,0.37,"2026-09-15",525,"N20","nominal","2.0NRT",295.1,3.02,"D"
"470",38.54168,110.05605,330.83,0.41,0.37,"2026-09-15",531,"N20","nominal","2.0NRT",304.55,1.71,"D"
"471",13.16221,109.05996,328.53,0.43,0.62,"2026-09-15",525,"N20","nominal","2.0NRT",286.77,3.81,"D"
"472",38.54576,110.07922,356.09,0.41,0.37,"2026-09-15",531,"N20","low","2.0NRT",308.87,12.26,"D"
"473",38.54495,110.07459,356.08,0.41,0.37,"2026-09-15",531,"N20","low","2.0NRT",308.9,12.26,"D"
"474",13.21585,109.22356,329.28,0.42,0.61,"2026-09-15",525,"N20","nominal","2.0NRT",289.06,2.82,"D"
"475",38.54504,110.05511,347.21,0.41,0.37,"2026-09-15",531,"N20","nominal","2.0NRT",308.05,8.91,"D"
"476",13.25018,109.19396,331.44,0.42,0.61,"2026-09-15",525,"N20","nominal","2.0NRT",290.37,3.61,"D"
"477",40.10481,123.8314,343.21,0.37,0.58,"2026-09-15",531,"N20","nominal","2.0NRT",295.32,2.11,"D"
"478",13.25591,109.13491,330,0.42,0.61,"2026-09-15",525,"N20","nominal","2.0NRT",289.52,2.01,"D"
"479",38.09495,106.64224,330.52,0.56,0.43,"2026-09-15",531,"N20","nominal","2.0NRT",302.11,3.75,"D"
"480",13.26073,109.13476,330.72,0.42,0.61,"2026-09-15",525,"N20","nominal","2.0NRT",289.39,2.06,"D"
"481",14.20953,108.87783,354.92,0.42,0.61,"2026-09-15",525,"N20","nominal","2.0NRT",286.55,7.86,"D"
"482",15.122,108.59406,328.11,0.42,0.61,"2026-09-15",525,"N20","nominal","2.0NRT",283.37,2.07,"D"
"483",39.87392,118.16494,334.71,0.56,0.43,"2026-09-15",531,"N20","nominal","2.0NRT",304.1,6.08,"D"
"484",22.14215,113.38672,339.59,0.48,0.4,"2026-09-15",527,"N20","nominal","2.0NRT",294.53,4.9,"D"
"485",40.08966,118.77599,342.07,0.4,0.44,"2026-09-15",531,"N20","nominal","2.0NRT",307.06,8.26,"D"
"486",40.11048,118.73423,342.39,0.4,0.44,"2026-09-15",531,"N20","nominal","2.0NRT",305.04,5.47,"D"
"487",22.14578,113.38598,331.16,0.48,0.4,"2026-09-15",527,"N20","nominal","2.0NRT",294.18,4.9,"D"
"488",22.98481,114.53407,337.41,0.42,0.38,"2026-09-15",527,"N20","nominal","2.0NRT",297.62,4.61,"D"
"489",39.09696,109.97044,336.88,0.41,0.37,"2026-09-15",531,"N20","nominal","2.0NRT",306.33,2.52,"D"
"490",22.78115,113.18722,332.93,0.48,0.4,"2026-09-15",527,"N20","nominal","2.0NRT",295.45,2.74,"D"
"491",38.81623,106.52199,332.8,0.55,0.43,"2026-09-15",531,"N20","nominal","2.0NRT",299.24,4.72,"D"
"492",38.82003,106.52069,333.82,0.55,0.43,"2026-09-15",531,"N20","nominal","2.0NRT",301.51,6.53,"D"
"493",22.79041,113.17573,330.16,0.48,0.4,"2026-09-15",527,"N20","nominal","2.0NRT",297.08,7.47,"D"
"494",38.98725,106.91574,339.63,0.53,0.42,"2026-09-15",531,"N20","nominal","2.0NRT",305,5.66,"D"
"495",22.95277,113.49595,331.35,0.46,0.39,"2026-09-15",527,"N20","nominal","2.0NRT",298.31,2.33,"D"
"496",38.98604,106.90977,346.51,0.53,0.42,"2026-09-15",531,"N20","nominal","2.0NRT",306.84,7.71,"D"
"497",38.99218,106.92044,336.45,0.53,0.42,"2026-09-15",531,"N20","nominal","2.0NRT",305.55,5.66,"D"
"498",23.01873,113.55609,330.92,0.46,0.39,"2026-09-15",527,"N20","nominal","2.0NRT",299.5,5.29,"D"
"499",38.99098,106.91451,350.45,0.53,0.42,"2026-09-15",531,"N20","nominal","2.0NRT",308.25,5.66,"D"
"500",38.98977,106.90852,352.76,0.53,0.42,"2026-09-15",531,"N20","nominal","2.0NRT",309.26,7.71,"D"
"501",23.01991,113.47758,333.87,0.46,0.39,"2026-09-15",527,"N20","nominal","2.0NRT",300.96,8.64,"D"
"502",39.10972,106.5496,340.66,0.54,0.42,"2026-09-15",531,"N20","nominal","2.0NRT",306.99,3.84,"D"
"503",39.11352,106.54841,343.03,0.54,0.42,"2026-09-15",531,"N20","nominal","2.0NRT",306.02,3.84,"D"
"504",23.07601,113.63737,330.52,0.46,0.39,"2026-09-15",527,"N20","nominal","2.0NRT",297.29,3.6,"D"
"505",39.32898,106.98422,338.54,0.52,0.41,"2026-09-15",531,"N20","nominal","2.0NRT",306.05,2.92,"D"
"506",23.68566,117.24168,330.47,0.39,0.36,"2026-09-15",527,"N20","nominal","2.0NRT",296.7,3.32,"D"
"507",40.16671,111.41737,334.14,0.39,0.36,"2026-09-15",531,"N20","low","2.0NRT",305.59,3.09,"D"
"508",39.37877,106.89735,334,0.52,0.41,"2026-09-15",533,"N20","nominal","2.0NRT",303.71,1.67,"D"
"509",23.08426,112.75286,329.18,0.5,0.41,"2026-09-15",527,"N20","nominal","2.0NRT",296.59,8.76,"D"
"510",41.40326,122.60339,338.15,0.33,0.55,"2026-09-15",533,"N20","nominal","2.0NRT",296.31,6.23,"D"
"511",41.40303,122.59943,355.25,0.33,0.55,"2026-09-15",533,"N20","nominal","2.0NRT",300.11,8.74,"D"
"512",23.41411,114.43173,334.62,0.42,0.38,"2026-09-15",527,"N20","nominal","2.0NRT",296.83,11.2,"D"
"513",41.40836,122.60288,367,0.33,0.55,"2026-09-15",533,"N20","high","2.0NRT",296.11,11.36,"D"
"514",41.40813,122.59893,352.54,0.33,0.55,"2026-09-15",533,"N20","nominal","2.0NRT",299,10.96,"D"
"515",23.26454,113.4882,335.49,0.46,0.39,"2026-09-15",527,"N20","low","2.0NRT",305.92,9.08,"D"
"516",40.09669,110.52265,335.21,0.39,0.36,"2026-09-15",533,"N20","nominal","2.0NRT",305.16,1.89,"D"
"517",23.21595,112.92034,330.96,0.49,0.4,"2026-09-15",527,"N20","nominal","2.0NRT",298.65,4.77,"D"
"518",39.41692,106.71362,335.6,0.53,0.42,"2026-09-15",533,"N20","low","2.0NRT",306.1,3.97,"D"
"519",40.16547,110.60916,340.46,0.39,0.36,"2026-09-15",533,"N20","nominal","2.0NRT",309.64,6.68,"D"
"520",23.60695,114.65707,329.86,0.41,0.37,"2026-09-15",527,"N20","low","2.0NRT",300.01,4.19,"D"
"521",40.16471,110.60463,340.54,0.39,0.36,"2026-09-15",533,"N20","nominal","2.0NRT",310.53,4.38,"D"
"522",23.66303,114.31995,329.31,0.42,0.38,"2026-09-15",527,"N20","low","2.0NRT",300.69,5.12,"D"
"523",41.59056,124.6981,328.45,0.42,0.61,"2026-09-15",533,"N20","nominal","2.0NRT",294.3,2.19,"D"
"524",41.49515,122.45559,367,0.32,0.55,"2026-09-15",533,"N20","high","2.0NRT",298.84,6.3,"D"
"525",23.66725,110.95016,347.51,0.41,0.45,"2026-09-15",527,"N20","nominal","2.0NRT",289.78,21.58,"D"
"526",40.21994,110.52242,331.99,0.39,0.36,"2026-09-15",533,"N20","low","2.0NRT",305.25,1.87,"D"
"527",23.672,110.95286,328.04,0.41,0.45,"2026-09-15",527,"N20","nominal","2.0NRT",281.75,8.57,"D"
"528",40.26517,110.1994,335.27,0.4,0.37,"2026-09-15",533,"N20","low","2.0NRT",308.9,4.82,"D"
"529",40.77102,113.29199,334.34,0.39,0.37,"2026-09-15",533,"N20","low","2.0NRT",306.6,6.02,"D"
"530",23.67125,110.94898,344.53,0.41,0.45,"2026-09-15",527,"N20","nominal","2.0NRT",284.97,21.58,"D"
"531",40.29343,110.04781,334.42,0.4,0.37,"2026-09-15",533,"N20","low","2.0NRT",306.15,6.57,"D"
"532",24.25173,113.4052,330.22,0.45,0.39,"2026-09-15",527,"N20","nominal","2.0NRT",298.48,4.19,"D"
"533",40.29263,110.0432,343.4,0.4,0.37,"2026-09-15",533,"N20","nominal","2.0NRT",307.3,3.83,"D"
"534",40.29184,110.03857,347.15,0.4,0.37,"2026-09-15",533,"N20","nominal","2.0NRT",306.15,3.83,"D"
"535",24.26814,113.41537,342.21,0.45,0.39,"2026-09-15",527,"N20","nominal","2.0NRT",299.2,5.03,"D"
"536",40.30731,110.06799,335.95,0.4,0.37,"2026-09-15",533,"N20","nominal","2.0NRT",309.42,6.34,"D"
"537",41.79791,123.95399,327.82,0.39,0.59,"2026-09-15",533,"N20","nominal","2.0NRT",293.91,1.83,"D"
"538",24.314,113.40586,329.43,0.45,0.39,"2026-09-15",527,"N20","nominal","2.0NRT",299.03,2.85,"D"
"539",40.30801,109.68623,346.83,0.41,0.37,"2026-09-15",533,"N20","nominal","2.0NRT",309.52,3.42,"D"
"540",24.16047,111.23308,354.18,0.39,0.44,"2026-09-15",527,"N20","nominal","2.0NRT",292.83,13.2,"D"
"541",40.3072,109.68154,351.45,0.41,0.37,"2026-09-15",533,"N20","nominal","2.0NRT",309.99,3.42,"D"
"542",40.30638,109.67685,349.68,0.41,0.37,"2026-09-15",533,"N20","nominal","2.0NRT",309.71,6.06,"D"
"543",24.70998,113.58844,326.92,0.44,0.38,"2026-09-15",527,"N20","low","2.0NRT",297.25,1.83,"D"
"544",40.94136,112.56185,344.18,0.39,0.36,"2026-09-15",533,"N20","nominal","2.0NRT",300.06,4.28,"D"
"545",40.95518,112.5866,332.21,0.39,0.36,"2026-09-15",533,"N20","nominal","2.0NRT",304.04,2.98,"D"
"546",24.74827,113.58031,330.34,0.44,0.38,"2026-09-15",527,"N20","nominal","2.0NRT",299.86,4.79,"D"
"547",40.40913,108.81774,349.51,0.43,0.38,"2026-09-15",533,"N20","nominal","2.0NRT",313.59,4.5,"D"
"548",24.53274,111.2048,335.81,0.38,0.43,"2026-09-15",527,"N20","nominal","2.0NRT",293.23,6.08,"D"
"549",40.40823,108.81281,345.37,0.43,0.38,"2026-09-15",533,"N20","nominal","2.0NRT",313.35,4.87,"D"
"550",40.41343,108.82161,344.5,0.43,0.38,"2026-09-15",533,"N20","nominal","2.0NRT",313.25,2.81,"D"
"551",24.53606,111.2007,341.31,0.38,0.43,"2026-09-15",527,"N20","nominal","2.0NRT",292.24,7.4,"D"
"552",40.41253,108.8167,343.06,0.43,0.38,"2026-09-15",533,"N20","low","2.0NRT",313.12,2.81,"D"
"553",24.34583,109.90978,341.88,0.46,0.47,"2026-09-15",527,"N20","nominal","2.0NRT",292.96,35.66,"D"
"554",40.41163,108.81177,340.03,0.43,0.38,"2026-09-15",533,"N20","low","2.0NRT",312.91,4.47,"D"
"555",40.40983,108.8019,339.77,0.43,0.38,"2026-09-15",533,"N20","low","2.0NRT",313.42,4.1,"D"
"556",24.34494,109.90536,342.69,0.46,0.47,"2026-09-15",527,"N20","nominal","2.0NRT",296.26,35.66,"D"
"557",40.41684,108.82055,350.24,0.43,0.38,"2026-09-15",533,"N20","nominal","2.0NRT",312.25,2.81,"D"
"558",24.34917,109.90429,333.39,0.46,0.47,"2026-09-15",527,"N20","nominal","2.0NRT",290.33,35.66,"D"
"559",40.41594,108.81563,347.59,0.43,0.38,"2026-09-15",533,"N20","nominal","2.0NRT",312.88,2.81,"D"
"560",40.41754,108.80472,350.85,0.43,0.38,"2026-09-15",533,"N20","nominal","2.0NRT",313.76,4.75,"D"
"561",24.81353,109.17795,367,0.5,0.49,"2026-09-15",527,"N20","high","2.0NRT",291.61,14.79,"D"
"562",40.42094,108.80365,347.35,0.43,0.38,"2026-09-15",533,"N20","nominal","2.0NRT",314.37,4.75,"D"
"563",25.21597,110.16233,327.09,0.43,0.46,"2026-09-15",527,"N20","low","2.0NRT",299.78,3.21,"D"
"564",40.42614,108.81242,343.71,0.43,0.38,"2026-09-15",533,"N20","low","2.0NRT",314.46,3.47,"D"
"565",40.43044,108.81627,340.09,0.43,0.38,"2026-09-15",533,"N20","low","2.0NRT",313.2,3.47,"D"
"566",27.77909,114.91734,332.33,0.39,0.36,"2026-09-15",529,"N20","nominal","2.0NRT",297.54,2.85,"D"
"567",40.60711,109.69263,341.01,0.4,0.37,"2026-09-15",533,"N20","nominal","2.0NRT",304.52,2.74,"D"
"568",28.37891,117.85653,327.6,0.42,0.38,"2026-09-15",529,"N20","low","2.0NRT",299.37,3.77,"D"
"569",40.63264,109.73934,342.07,0.4,0.37,"2026-09-15",533,"N20","nominal","2.0NRT",310.43,4.48,"D"
"570",26.98499,108.77577,339.21,0.48,0.48,"2026-09-15",529,"N20","nominal","2.0NRT",291.89,6.5,"D"
"571",40.83504,109.01173,340.65,0.42,0.37,"2026-09-15",533,"N20","nominal","2.0NRT",305.15,3.05,"D"
"572",40.50643,107.22761,334.22,0.48,0.4,"2026-09-15",533,"N20","nominal","2.0NRT",302.35,2.6,"D"
"573",28.57482,116.43929,332,0.39,0.36,"2026-09-15",529,"N20","nominal","2.0NRT",295.02,2.52,"D"
"574",40.5136,107.22519,342.6,0.48,0.4,"2026-09-15",533,"N20","nominal","2.0NRT",307.06,13.43,"D"
"575",40.85195,109.02689,337.81,0.42,0.37,"2026-09-15",533,"N20","nominal","2.0NRT",305.19,1.3,"D"
"576",41.93649,116.38554,336.49,0.5,0.41,"2026-09-15",533,"N20","nominal","2.0NRT",305.82,3.43,"D"
"577",42.25035,119.13426,333.24,0.44,0.46,"2026-09-15",533,"N20","nominal","2.0NRT",304.97,3.38,"D"
"578",40.50798,106.81079,336.85,0.5,0.41,"2026-09-15",533,"N20","low","2.0NRT",310.54,3.34,"D"
"579",40.96441,109.02018,348.22,0.42,0.37,"2026-09-15",533,"N20","nominal","2.0NRT",307.51,5.39,"D"
"580",41.86132,114.09902,335.73,0.42,0.37,"2026-09-15",533,"N20","low","2.0NRT",309.03,3.74,"D"
"581",40.76023,106.58786,344.88,0.51,0.41,"2026-09-15",533,"N20","nominal","2.0NRT",309.5,4.6,"D"
"582",40.75787,106.57623,344.25,0.51,0.41,"2026-09-15",533,"N20","nominal","2.0NRT",312.4,6.19,"D"
"583",45.75182,115.72771,339.5,0.51,0.41,"2026-09-15",533,"N20","nominal","2.0NRT",308.11,6.09,"D"
"584",45.75114,115.721,333.23,0.51,0.41,"2026-09-15",533,"N20","low","2.0NRT",307.98,6.09,"D"
"585",45.7556,115.72684,340.18,0.51,0.41,"2026-09-15",533,"N20","low","2.0NRT",310.34,6.09,"D"
"586",46.38742,114.00239,352.71,0.45,0.39,"2026-09-15",533,"N20","nominal","2.0NRT",313.13,9.67,"D"
"587",43.67815,95.02242,367,0.5,0.66,"2026-09-15",533,"N20","high","2.0NRT",312.47,5.79,"D"
"588",43.67301,95.00565,335.53,0.5,0.66,"2026-09-15",533,"N20","low","2.0NRT",308.49,1.47,"D"
"589",43.6871,95.03022,334.59,0.5,0.66,"2026-09-15",533,"N20","low","2.0NRT",308.02,1.52,"D"
"590",43.67494,95.0227,350.8,0.5,0.66,"2026-09-15",533,"N20","nominal","2.0NRT",311.9,5.14,"D"
"591",48.46717,103.38263,330.29,0.48,0.4,"2026-09-15",536,"N20","nominal","2.0NRT",301.77,4.63,"D"
"592",51.53719,128.16974,356.48,0.68,0.74,"2026-09-15",536,"N20","low","2.0NRT",285.67,42.87,"D"
"593",51.54427,128.1606,325.17,0.68,0.74,"2026-09-15",536,"N20","nominal","2.0NRT",283.82,42.87,"D"
"594",50.25705,106.15841,332.42,0.4,0.37,"2026-09-15",536,"N20","nominal","2.0NRT",287.74,3.57,"D"
"595",55.30437,107.1713,330.5,0.39,0.36,"2026-09-15",538,"N20","nominal","2.0NRT",273.95,3.7,"D"
"596",57.56157,105.92878,332.37,0.39,0.36,"2026-09-15",538,"N20","nominal","2.0NRT",294.05,7.09,"D"
"597",57.56483,105.92718,336.14,0.39,0.36,"2026-09-15",538,"N20","nominal","2.0NRT",294.87,7.09,"D"
"598",57.58758,105.91582,343.96,0.39,0.36,"2026-09-15",538,"N20","nominal","2.0NRT",289.33,4.17,"D"
"599",57.61777,105.68938,333.2,0.39,0.36,"2026-09-15",538,"N20","nominal","2.0NRT",284.64,3.35,"D"
"600",57.68102,106.0833,342.74,0.39,0.36,"2026-09-15",538,"N20","nominal","2.0NRT",302.61,12.83,"D"
"601",58.09266,106.56297,343.04,0.4,0.37,"2026-09-15",538,"N20","nominal","2.0NRT",296.46,7.98,"D"
"602",58.09595,106.56137,336.78,0.4,0.37,"2026-09-15",538,"N20","nominal","2.0NRT",294.6,16.47,"D"
"603",58.29245,106.92471,329.04,0.41,0.37,"2026-09-15",538,"N20","nominal","2.0NRT",279.55,3.87,"D"
"604",58.42276,107.58085,329.19,0.42,0.37,"2026-09-15",538,"N20","nominal","2.0NRT",288.92,7.62,"D"
"605",58.42614,107.57931,337.9,0.42,0.37,"2026-09-15",538,"N20","nominal","2.0NRT",287,7.62,"D"
"606",58.42292,107.44789,326.27,0.41,0.37,"2026-09-15",538,"N20","nominal","2.0NRT",287.88,2.4,"D"
"607",59.424,107.81149,329.74,0.43,0.38,"2026-09-15",538,"N20","nominal","2.0NRT",288.24,2.81,"D"
"608",59.63865,108.12238,336.07,0.44,0.38,"2026-09-15",538,"N20","nominal","2.0NRT",289.05,3.49,"D"
"609",59.80413,109.42528,340.25,0.47,0.4,"2026-09-15",538,"N20","nominal","2.0NRT",294.84,37.19,"D"
"610",59.7851,108.1953,341.12,0.44,0.38,"2026-09-15",538,"N20","nominal","2.0NRT",288.85,9.99,"D"
"611",59.84252,108.40902,327.75,0.45,0.39,"2026-09-15",538,"N20","nominal","2.0NRT",284.96,4.94,"D"
"612",59.84113,108.40912,327.52,0.45,0.39,"2026-09-15",538,"N20","nominal","2.0NRT",285.27,2.88,"D"
"613",60.35633,111.70361,332.07,0.55,0.43,"2026-09-15",538,"N20","nominal","2.0NRT",277.58,5.46,"D"
"614",60.14766,109.10239,341.15,0.47,0.4,"2026-09-15",538,"N20","nominal","2.0NRT",290.24,51.73,"D"
"615",60.47668,109.87828,340.95,0.49,0.41,"2026-09-15",538,"N20","nominal","2.0NRT",290.58,12.38,"D"
"616",60.46459,109.71705,339.3,0.49,0.4,"2026-09-15",538,"N20","nominal","2.0NRT",290.77,13.73,"D"
"617",60.91603,112.13173,331.72,0.39,0.44,"2026-09-15",538,"N20","nominal","2.0NRT",279.61,4.33,"D"
"618",60.91945,112.12331,348.46,0.39,0.44,"2026-09-15",538,"N20","nominal","2.0NRT",299.8,4.33,"D"
"619",60.9439,112.02142,338.43,0.38,0.43,"2026-09-15",538,"N20","nominal","2.0NRT",279.25,4.75,"D"
"620",60.94469,112.02009,334.26,0.38,0.43,"2026-09-15",538,"N20","nominal","2.0NRT",285.57,12.35,"D"
"621",61.34562,112.81192,342.5,0.41,0.45,"2026-09-15",538,"N20","nominal","2.0NRT",298.5,71.12,"D"
"622",61.34917,112.80289,337.87,0.41,0.45,"2026-09-15",538,"N20","nominal","2.0NRT",295.86,71.12,"D"
"623",61.40586,112.88873,333.58,0.41,0.45,"2026-09-15",538,"N20","nominal","2.0NRT",295.86,16.87,"D"
"624",61.46178,113.00646,338.06,0.42,0.45,"2026-09-15",538,"N20","nominal","2.0NRT",283.65,4.04,"D"
"625",61.54103,113.16843,344.51,0.42,0.45,"2026-09-15",538,"N20","nominal","2.0NRT",297.43,20.75,"D"
"626",61.59316,113.05619,330.54,0.42,0.45,"2026-09-15",538,"N20","nominal","2.0NRT",284.65,2.45,"D"
"627",62.34901,113.77061,338.26,0.45,0.47,"2026-09-15",540,"N20","nominal","2.0NRT",283.21,19.86,"D"
"628",62.35029,113.77061,337.23,0.45,0.47,"2026-09-15",540,"N20","nominal","2.0NRT",280.5,9.59,"D"
"629",62.35462,113.69833,339.28,0.45,0.47,"2026-09-15",540,"N20","nominal","2.0NRT",287.84,26.49,"D"
"630",62.40483,113.59566,329.34,0.44,0.46,"2026-09-15",540,"N20","nominal","2.0NRT",281.44,2.59,"D"
"631",62.40428,113.58698,336.34,0.44,0.46,"2026-09-15",540,"N20","nominal","2.0NRT",284.27,3.39,"D"
"632",62.40087,113.33465,331.15,0.44,0.46,"2026-09-15",540,"N20","nominal","2.0NRT",283.04,2.32,"D"
"633",62.44411,113.66431,338.58,0.45,0.47,"2026-09-15",540,"N20","nominal","2.0NRT",285.66,14.57,"D"
"634",60.43536,97.80051,328.1,0.42,0.38,"2026-09-15",540,"N20","nominal","2.0NRT",272.57,2.61,"D"
"635",62.44576,113.66319,336.98,0.45,0.47,"2026-09-15",540,"N20","nominal","2.0NRT",286.12,11.52,"D"
"636",62.50004,113.90865,325.31,0.46,0.47,"2026-09-15",540,"N20","nominal","2.0NRT",278.38,5.4,"D"
"637",60.77752,97.07629,332.57,0.43,0.38,"2026-09-15",540,"N20","nominal","2.0NRT",274.95,2.18,"D"
"638",60.84374,97.35183,340.51,0.42,0.38,"2026-09-15",540,"N20","nominal","2.0NRT",292.51,14.99,"D"
"639",62.82215,106.49834,330.53,0.44,0.39,"2026-09-15",540,"N20","nominal","2.0NRT",288.18,3.21,"D"
"640",62.83466,106.44634,327.33,0.44,0.38,"2026-09-15",540,"N20","nominal","2.0NRT",289.4,2.22,"D"
"641",62.84585,106.51273,339.68,0.44,0.39,"2026-09-15",540,"N20","nominal","2.0NRT",292.32,15.74,"D"
"642",62.86666,106.50145,326.14,0.44,0.39,"2026-09-15",540,"N20","nominal","2.0NRT",285.19,2.59,"D"
"643",61.49646,79.30589,353.57,0.38,0.59,"2026-09-15",540,"N20","nominal","2.0NRT",275.81,5.8,"D"
"644",61.4943,79.30013,344.19,0.38,0.59,"2026-09-15",540,"N20","nominal","2.0NRT",277.39,5.8,"D"
"645",69.27717,109.55891,337.54,0.42,0.45,"2026-09-15",540,"N20","nominal","2.0NRT",275.84,7.97,"D"
"646",69.28131,109.55676,333.91,0.42,0.45,"2026-09-15",540,"N20","nominal","2.0NRT",278.26,5.15,"D"
"647",64.41773,77.71219,335.02,0.62,0.54,"2026-09-15",542,"N20","nominal","2.0NRT",286.4,5.11,"D"
"648",64.75131,75.4311,334.68,0.33,0.56,"2026-09-15",542,"N20","nominal","2.0NRT",287.01,2.13,"D"
"649",67.27383,83.21008,327.56,0.54,0.42,"2026-09-15",542,"N20","nominal","2.0NRT",291.07,13.88,"D"
"650",64.71179,75.12944,327.14,0.34,0.56,"2026-09-15",542,"N20","nominal","2.0NRT",287.12,1.83,"D"
"651",67.28128,83.04295,328.97,0.54,0.42,"2026-09-15",542,"N20","nominal","2.0NRT",290.38,10.35,"D"
"652",66.60209,80.41449,337.26,0.43,0.46,"2026-09-15",542,"N20","nominal","2.0NRT",287.63,4.18,"D"
"653",66.65968,80.46406,354.59,0.43,0.46,"2026-09-15",542,"N20","nominal","2.0NRT",288.69,8.41,"D"
"654",66.66877,80.45899,337.92,0.43,0.46,"2026-09-15",542,"N20","nominal","2.0NRT",286.75,7.71,"D"
"655",64.89454,75.1968,335.27,0.33,0.55,"2026-09-15",542,"N20","nominal","2.0NRT",288.47,4.52,"D"
"656",64.89046,75.18616,330.49,0.33,0.55,"2026-09-15",542,"N20","nominal","2.0NRT",287.18,2.07,"D"
"657",66.71796,80.49953,338.2,0.42,0.45,"2026-09-15",542,"N20","nominal","2.0NRT",287.7,4.37,"D"
"658",66.70737,80.44637,352.57,0.42,0.46,"2026-09-15",542,"N20","nominal","2.0NRT",290.59,15.77,"D"
"659",66.70938,80.44769,337.69,0.42,0.46,"2026-09-15",542,"N20","nominal","2.0NRT",288.18,21.76,"D"
"660",66.73424,80.42448,335.15,0.42,0.45,"2026-09-15",542,"N20","nominal","2.0NRT",286.55,5.11,"D"
"661",67.19551,81.98962,330.07,0.57,0.43,"2026-09-15",542,"N20","nominal","2.0NRT",288.99,7.42,"D"
"662",61.98199,68.57791,332.79,0.65,0.73,"2026-09-15",542,"N20","nominal","2.0NRT",283.35,3.95,"D"
"663",64.8138,74.77789,340.24,0.34,0.56,"2026-09-15",542,"N20","nominal","2.0NRT",286.01,2.76,"D"
"664",67.54926,83.21574,333.45,0.52,0.42,"2026-09-15",542,"N20","nominal","2.0NRT",292.25,42.91,"D"
"665",67.54655,83.20553,296.04,0.52,0.42,"2026-09-15",542,"N20","low","2.0NRT",301.46,47.25,"D"
"666",64.75529,74.57426,328.63,0.35,0.57,"2026-09-15",542,"N20","nominal","2.0NRT",287.18,2.51,"D"
"667",64.59443,74.15071,332.43,0.36,0.58,"2026-09-15",542,"N20","nominal","2.0NRT",285.99,4.22,"D"
"668",64.76042,74.53284,350.73,0.35,0.57,"2026-09-15",542,"N20","nominal","2.0NRT",288.4,6.06,"D"
"669",64.57681,73.92411,332.12,0.37,0.58,"2026-09-15",542,"N20","nominal","2.0NRT",287.77,4.47,"D"
"670",64.57159,73.89274,326.73,0.37,0.58,"2026-09-15",542,"N20","nominal","2.0NRT",282.78,2,"D"
"671",64.57641,73.92689,337.55,0.37,0.58,"2026-09-15",542,"N20","nominal","2.0NRT",287.32,3.91,"D"
"672",64.64206,73.76103,343.47,0.37,0.58,"2026-09-15",542,"N20","nominal","2.0NRT",286.42,3.12,"D"
"673",64.63978,73.75537,327.17,0.37,0.58,"2026-09-15",542,"N20","nominal","2.0NRT",285.19,3.12,"D"
"674",64.65509,73.77513,333.69,0.37,0.58,"2026-09-15",542,"N20","nominal","2.0NRT",286.91,3.6,"D"
"675",65.85789,76.96008,347.82,0.55,0.51,"2026-09-15",542,"N20","nominal","2.0NRT",284.92,8.39,"D"
"676",64.64227,73.76438,335.09,0.37,0.58,"2026-09-15",542,"N20","nominal","2.0NRT",285.98,4.23,"D"
"677",64.63997,73.75877,337.39,0.37,0.58,"2026-09-15",542,"N20","nominal","2.0NRT",285.47,6.5,"D"
"678",65.85851,76.95175,336.13,0.55,0.51,"2026-09-15",542,"N20","nominal","2.0NRT",281.51,5.49,"D"
"679",64.65307,73.77271,328.05,0.37,0.58,"2026-09-15",542,"N20","nominal","2.0NRT",286.63,3.2,"D"
"680",64.68337,73.73811,326.82,0.37,0.58,"2026-09-15",542,"N20","nominal","2.0NRT",286.3,1.51,"D"
"681",65.91676,76.95826,337.8,0.54,0.51,"2026-09-15",542,"N20","nominal","2.0NRT",288.41,10.98,"D"
"682",64.73181,73.74852,325.92,0.36,0.58,"2026-09-15",542,"N20","nominal","2.0NRT",286.82,1.78,"D"
"683",66.13035,77.31302,325.71,0.52,0.5,"2026-09-15",542,"N20","nominal","2.0NRT",286.72,2.87,"D"
"684",61.75126,66.96531,337.22,0.72,0.76,"2026-09-15",542,"N20","nominal","2.0NRT",282.21,5.52,"D"
"685",61.75027,66.96294,335.96,0.72,0.76,"2026-09-15",542,"N20","nominal","2.0NRT",282.69,5.4,"D"
"686",68.20715,83.45265,328.74,0.49,0.41,"2026-09-15",542,"N20","nominal","2.0NRT",286.71,2.43,"D"
"687",68.20629,83.46034,332.15,0.49,0.41,"2026-09-15",542,"N20","nominal","2.0NRT",287.14,3.18,"D"
"688",66.30899,77.0001,337.68,0.52,0.5,"2026-09-15",542,"N20","nominal","2.0NRT",290.53,10.34,"D"
"689",66.24686,76.82065,347.67,0.53,0.5,"2026-09-15",542,"N20","nominal","2.0NRT",291.29,35.14,"D"
"690",66.41705,77.2452,338.84,0.51,0.49,"2026-09-15",542,"N20","nominal","2.0NRT",287.67,9.19,"D"
"691",66.42207,77.08291,335.54,0.51,0.5,"2026-09-15",542,"N20","nominal","2.0NRT",289.54,6.38,"D"
"692",69.37061,88.11827,344.14,0.4,0.37,"2026-09-15",542,"N20","nominal","2.0NRT",287.63,6.76,"D"
"693",68.41039,83.62826,341.62,0.48,0.4,"2026-09-15",542,"N20","nominal","2.0NRT",287.2,8.6,"D"
"694",66.66342,77.3149,337.58,0.49,0.49,"2026-09-15",542,"N20","nominal","2.0NRT",288.5,3.18,"D"
"695",66.87096,77.75273,329.78,0.47,0.48,"2026-09-15",542,"N20","nominal","2.0NRT",285.98,3.57,"D"
"696",66.65887,76.84956,334.4,0.51,0.49,"2026-09-15",542,"N20","nominal","2.0NRT",288.93,4.03,"D"
"697",66.66112,76.84923,337.38,0.51,0.49,"2026-09-15",542,"N20","nominal","2.0NRT",288.44,4.8,"D"
"698",66.33208,75.46449,327.5,0.56,0.51,"2026-09-15",542,"N20","nominal","2.0NRT",288.62,9.12,"D"
"699",66.33127,75.47449,335.3,0.56,0.51,"2026-09-15",542,"N20","nominal","2.0NRT",290.07,6.22,"D"
"700",67.85677,79.87988,326.41,0.39,0.44,"2026-09-15",542,"N20","nominal","2.0NRT",285.26,4.04,"D"
"701",66.90292,75.60792,338.34,0.52,0.5,"2026-09-15",542,"N20","nominal","2.0NRT",287.53,10.03,"D"
"702",66.90639,75.60011,338.46,0.52,0.5,"2026-09-15",542,"N20","nominal","2.0NRT",287.68,13.27,"D"
"703",68.52444,79.96161,328.95,0.55,0.43,"2026-09-15",542,"N20","nominal","2.0NRT",291.27,18.46,"D"
"704",67.75664,77.09611,332.04,0.45,0.47,"2026-09-15",542,"N20","nominal","2.0NRT",283.81,3.91,"D"
"705",67.99534,76.35423,336.92,0.45,0.47,"2026-09-15",542,"N20","nominal","2.0NRT",284.71,8.9,"D"
"706",66.19667,70.9977,326.58,0.35,0.57,"2026-09-15",542,"N20","nominal","2.0NRT",285.27,4.55,"D"
"707",66.19866,70.99715,340.93,0.35,0.57,"2026-09-15",542,"N20","nominal","2.0NRT",285.56,5.42,"D"
"708",67.80515,72.53076,343.93,0.54,0.51,"2026-09-15",542,"N20","nominal","2.0NRT",291.71,44.19,"D"
"709",67.79823,72.51225,342.4,0.54,0.51,"2026-09-15",542,"N20","nominal","2.0NRT",291.48,476.76,"D"
"710",67.80851,72.52206,339.97,0.54,0.51,"2026-09-15",542,"N20","nominal","2.0NRT",288.44,44.19,"D"
"711",70.99501,73.83754,327.82,0.55,0.42,"2026-09-15",544,"N20","nominal","2.0NRT",282.94,3.37,"D"
"712",70.99721,73.84334,332.96,0.55,0.42,"2026-09-15",544,"N20","nominal","2.0NRT",284.26,4.32,"D"
"713",71.25652,72.06046,328.57,0.56,0.43,"2026-09-15",544,"N20","nominal","2.0NRT",284.58,9.56,"D"
"714",70.40383,68.445,337.43,0.46,0.47,"2026-09-15",544,"N20","nominal","2.0NRT",285.09,10.91,"D"
"715",70.53017,68.35149,335.73,0.46,0.47,"2026-09-15",544,"N20","nominal","2.0NRT",282.98,4.46,"D"
"716",70.6604,68.19843,338.56,0.45,0.47,"2026-09-15",544,"N20","nominal","2.0NRT",282.24,5.92,"D"
"717",69.26524,57.29142,349.65,0.39,0.59,"2026-09-15",544,"N20","nominal","2.0NRT",282.63,4.04,"D"
"718",16.6255,99.85509,328.03,0.49,0.49,"2026-09-15",707,"N20","nominal","2.0NRT",287.59,2.74,"D"
"719",18.17067,96.48276,341.72,0.49,0.4,"2026-09-15",707,"N20","nominal","2.0NRT",286.18,5.7,"D"
"720",18.26642,83.81508,340.96,0.33,0.56,"2026-09-15",707,"N20","nominal","2.0NRT",292.54,2.77,"D"
"721",18.33665,83.59914,343.55,0.34,0.56,"2026-09-15",707,"N20","nominal","2.0NRT",292.3,3.31,"D"
"722",21.40492,97.93016,334.01,0.43,0.46,"2026-09-15",707,"N20","nominal","2.0NRT",289.95,2.71,"D"
"723",21.42619,98.03748,333.02,0.44,0.46,"2026-09-15",707,"N20","nominal","2.0NRT",295.07,2.39,"D"
"724",22.53463,98.22525,331.02,0.46,0.47,"2026-09-15",709,"N20","nominal","2.0NRT",295.67,2.72,"D"
"725",22.69265,98.47433,339.7,0.48,0.48,"2026-09-15",709,"N20","nominal","2.0NRT",295.95,5.6,"D"
"726",22.69197,98.47176,339.43,0.48,0.48,"2026-09-15",709,"N20","nominal","2.0NRT",295.39,5.54,"D"
"727",22.50912,96.6494,332.47,0.56,0.43,"2026-09-15",709,"N20","nominal","2.0NRT",296.04,5.4,"D"
"728",20.79487,85.25347,339.81,0.48,0.48,"2026-09-15",709,"N20","nominal","2.0NRT",292.89,4.44,"D"
"729",22.75937,97.83389,338.93,0.44,0.46,"2026-09-15",709,"N20","nominal","2.0NRT",297.44,3.79,"D"
"730",23.01793,99.18179,334.83,0.54,0.51,"2026-09-15",709,"N20","nominal","2.0NRT",293.15,6.15,"D"
"731",22.89362,98.03425,339.32,0.45,0.47,"2026-09-15",709,"N20","nominal","2.0NRT",295.12,3.15,"D"
"732",20.96461,85.18983,328.34,0.48,0.48,"2026-09-15",709,"N20","nominal","2.0NRT",295.73,6.03,"D"
"733",20.96721,85.1798,329.22,0.48,0.48,"2026-09-15",709,"N20","nominal","2.0NRT",295.55,5.32,"D"
"734",20.96633,85.17522,333.26,0.48,0.48,"2026-09-15",709,"N20","nominal","2.0NRT",296.79,5.32,"D"
"735",20.96544,85.17064,329.06,0.48,0.48,"2026-09-15",709,"N20","nominal","2.0NRT",296.29,7.83,"D"
"736",21.07682,85.04054,328.42,0.49,0.49,"2026-09-15",709,"N20","nominal","2.0NRT",296.46,10.74,"D"
"737",21.07578,85.03834,332.53,0.49,0.49,"2026-09-15",709,"N20","nominal","2.0NRT",297.75,9.68,"D"
"738",23.05425,97.74706,332.91,0.44,0.46,"2026-09-15",709,"N20","nominal","2.0NRT",296.58,2.02,"D"
"739",22.05166,88.12596,334.83,0.48,0.4,"2026-09-15",709,"N20","nominal","2.0NRT",303.46,5.39,"D"
"740",23.79017,97.98901,330.2,0.46,0.47,"2026-09-15",709,"N20","nominal","2.0NRT",297.34,6.11,"D"
"741",23.64991,96.19326,330.81,0.54,0.42,"2026-09-15",709,"N20","low","2.0NRT",303.56,6.25,"D"
"742",22.36595,87.3029,331.71,0.52,0.41,"2026-09-15",709,"N20","nominal","2.0NRT",298.97,6.88,"D"
"743",23.65745,94.19962,333.22,0.44,0.38,"2026-09-15",709,"N20","nominal","2.0NRT",298.54,4.14,"D"
"744",24.40702,96.22237,332,0.56,0.43,"2026-09-15",709,"N20","nominal","2.0NRT",294.09,5.35,"D"
"745",24.31642,94.83137,332.8,0.47,0.4,"2026-09-15",709,"N20","nominal","2.0NRT",302.73,11.47,"D"
"746",24.87845,97.06985,340.41,0.42,0.45,"2026-09-15",709,"N20","nominal","2.0NRT",297.02,19.12,"D"
"747",24.14082,91.33749,333.21,0.38,0.36,"2026-09-15",709,"N20","low","2.0NRT",306.95,6.43,"D"
"748",24.97618,97.20751,340.56,0.43,0.46,"2026-09-15",709,"N20","nominal","2.0NRT",298.93,4.1,"D"
"749",23.88021,89.10262,330.25,0.42,0.37,"2026-09-15",709,"N20","low","2.0NRT",303.26,5.2,"D"
"750",24.24245,90.39415,330.83,0.39,0.36,"2026-09-15",709,"N20","low","2.0NRT",303.26,4.28,"D"
"751",23.68293,86.39462,331.61,0.55,0.43,"2026-09-15",709,"N20","nominal","2.0NRT",299.09,9.82,"D"
"752",23.68025,86.09666,340.72,0.57,0.43,"2026-09-15",709,"N20","nominal","2.0NRT",295.57,9.88,"D"
"753",23.77818,86.21,330.69,0.56,0.43,"2026-09-15",709,"N20","nominal","2.0NRT",299.83,9.39,"D"
"754",25.4647,97.31319,340.09,0.44,0.46,"2026-09-15",709,"N20","nominal","2.0NRT",294.57,7.49,"D"
"755",25.4642,97.3088,333.9,0.44,0.46,"2026-09-15",709,"N20","nominal","2.0NRT",296.38,9.69,"D"
"756",25.46339,97.30975,340.29,0.44,0.46,"2026-09-15",709,"N20","nominal","2.0NRT",295.16,7.52,"D"
"757",25.46765,97.30919,342.77,0.44,0.46,"2026-09-15",709,"N20","nominal","2.0NRT",295.4,7.52,"D"
"758",23.75433,85.85395,331.1,0.39,0.44,"2026-09-15",709,"N20","nominal","2.0NRT",298.99,4.64,"D"
"759",26.0062,101.64146,330.66,0.42,0.61,"2026-09-15",709,"N20","nominal","2.0NRT",293.59,2.62,"D"
"760",26.18697,91.81071,336.48,0.39,0.36,"2026-09-15",709,"N20","nominal","2.0NRT",302.57,3.37,"D"
"761",26.18641,91.80682,334.02,0.39,0.36,"2026-09-15",709,"N20","nominal","2.0NRT",302.34,3.99,"D"
"762",37.01737,82.77623,338.75,0.5,0.41,"2026-09-15",714,"N20","low","2.0NRT",310.67,11.62,"D"
"763",41.17092,82.44554,338.2,0.45,0.39,"2026-09-15",714,"N20","low","2.0NRT",311.31,3.07,"D"
"764",41.88586,86.56616,339.5,0.39,0.36,"2026-09-15",714,"N20","nominal","2.0NRT",303.72,3.12,"D"
"765",41.74813,83.32296,343.37,0.42,0.37,"2026-09-15",716,"N20","nominal","2.0NRT",312.86,4.49,"D"
"766",41.83095,81.79089,336.56,0.46,0.39,"2026-09-15",716,"N20","nominal","2.0NRT",309.93,3.16,"D"
"767",42.13506,83.12314,339.12,0.42,0.37,"2026-09-15",716,"N20","nominal","2.0NRT",308.79,3.35,"D"
"768",43.67415,95.00457,342.89,0.53,0.5,"2026-09-15",716,"N20","nominal","2.0NRT",315.61,3.91,"D"
"769",43.68023,95.02415,347.38,0.53,0.5,"2026-09-15",716,"N20","nominal","2.0NRT",311.55,6.63,"D"
"770",43.69562,95.04272,343.08,0.53,0.5,"2026-09-15",716,"N20","nominal","2.0NRT",316.61,4.67,"D"
"771",43.69386,95.04071,344.7,0.53,0.5,"2026-09-15",716,"N20","nominal","2.0NRT",317.06,3.79,"D"
"772",43.85223,87.32872,335.84,0.4,0.37,"2026-09-15",716,"N20","low","2.0NRT",309.09,1.67,"D"
"773",44.03408,87.45174,335.81,0.4,0.37,"2026-09-15",716,"N20","nominal","2.0NRT",307.95,2.65,"D"
"774",44.17721,88.452,338.76,0.43,0.38,"2026-09-15",716,"N20","nominal","2.0NRT",309.14,3.54,"D"
"775",44.85056,90.93576,346.94,0.53,0.42,"2026-09-15",716,"N20","nominal","2.0NRT",311.39,5.3,"D"
"776",44.84837,90.93565,349.49,0.53,0.42,"2026-09-15",716,"N20","nominal","2.0NRT",311.79,5.62,"D"
"777",44.34748,85.76431,339.04,0.39,0.36,"2026-09-15",716,"N20","nominal","2.0NRT",307.73,2.89,"D"
"778",44.45184,86.07967,342.87,0.39,0.36,"2026-09-15",716,"N20","nominal","2.0NRT",316.6,4.64,"D"
"779",43.17796,76.58445,348.05,0.48,0.48,"2026-09-15",716,"N20","nominal","2.0NRT",303.58,11.95,"D"
"780",44.93852,85.3341,333.63,0.38,0.36,"2026-09-15",716,"N20","nominal","2.0NRT",307.64,2.35,"D"
"781",44.16079,80.74639,336.17,0.46,0.39,"2026-09-15",716,"N20","nominal","2.0NRT",305.93,3.91,"D"
"782",45.67973,85.19891,341.58,0.39,0.36,"2026-09-15",716,"N20","low","2.0NRT",314.48,7.3,"D"
"783",43.17581,73.01141,367,0.36,0.57,"2026-09-15",716,"N20","high","2.0NRT",308.75,7.29,"D"
"784",42.30911,69.54424,332.86,0.55,0.68,"2026-09-15",716,"N20","low","2.0NRT",303.75,3.36,"D"
"785",42.89746,71.45374,342.02,0.43,0.62,"2026-09-15",716,"N20","nominal","2.0NRT",298.45,2.65,"D"
"786",42.31478,69.54507,340.49,0.55,0.68,"2026-09-15",716,"N20","nominal","2.0NRT",301.69,6.56,"D"
"787",42.44817,69.73133,340.92,0.54,0.68,"2026-09-15",716,"N20","nominal","2.0NRT",300.95,5.65,"D"
"788",42.44621,69.72503,341.72,0.54,0.68,"2026-09-15",716,"N20","nominal","2.0NRT",302.59,5.65,"D"
"789",42.51401,69.83536,333.64,0.53,0.67,"2026-09-15",716,"N20","nominal","2.0NRT",303.31,4.6,"D"
"790",42.44735,69.73,349.13,0.54,0.68,"2026-09-15",716,"N20","nominal","2.0NRT",301.59,10.42,"D"
"791",42.44536,69.72372,330.94,0.54,0.68,"2026-09-15",716,"N20","low","2.0NRT",301.95,7.58,"D"
"792",42.51381,69.83371,341.81,0.53,0.67,"2026-09-15",716,"N20","nominal","2.0NRT",303.89,6.46,"D"
"793",46.2177,81.22521,338.36,0.42,0.38,"2026-09-15",716,"N20","nominal","2.0NRT",302.6,3.76,"D"
"794",46.22303,81.23457,333.48,0.42,0.38,"2026-09-15",716,"N20","nominal","2.0NRT",302.41,5.6,"D"
"795",46.22205,81.22925,335.82,0.42,0.38,"2026-09-15",716,"N20","nominal","2.0NRT",303.13,3.76,"D"
"796",46.22639,81.23328,344.36,0.42,0.38,"2026-09-15",716,"N20","nominal","2.0NRT",308.62,57.37,"D"
"797",46.22738,81.2386,367,0.42,0.38,"2026-09-15",716,"N20","low","2.0NRT",326.13,57.37,"D"
"798",46.23172,81.24264,336.51,0.42,0.38,"2026-09-15",716,"N20","nominal","2.0NRT",296.88,12.21,"D"
"799",46.22976,81.232,355.71,0.42,0.38,"2026-09-15",716,"N20","nominal","2.0NRT",324.25,57.37,"D"
"800",46.22878,81.22668,352.6,0.42,0.38,"2026-09-15",716,"N20","nominal","2.0NRT",316.04,14.35,"D"
"801",46.23074,81.23732,367,0.42,0.38,"2026-09-15",716,"N20","low","2.0NRT",331.14,57.37,"D"
"802",46.23313,81.23071,367,0.42,0.38,"2026-09-15",716,"N20","high","2.0NRT",339.84,62.28,"D"
"803",46.23411,81.23604,348.96,0.42,0.38,"2026-09-15",716,"N20","nominal","2.0NRT",305.62,62.28,"D"
"804",46.23117,81.22008,343.33,0.42,0.38,"2026-09-15",716,"N20","low","2.0NRT",315.87,68.5,"D"
"805",46.23215,81.2254,367,0.42,0.38,"2026-09-15",716,"N20","low","2.0NRT",375.04,68.5,"D"
"806",46.2365,81.22943,345.69,0.42,0.38,"2026-09-15",716,"N20","nominal","2.0NRT",294.49,62.28,"D"
"807",46.23552,81.22412,341.39,0.42,0.38,"2026-09-15",716,"N20","nominal","2.0NRT",314.36,68.5,"D"
"808",46.23454,81.21879,345.29,0.42,0.38,"2026-09-15",716,"N20","nominal","2.0NRT",310.34,68.5,"D"
"809",44.48962,72.50365,367,0.35,0.56,"2026-09-15",716,"N20","high","2.0NRT",300.96,14.4,"D"
"810",44.48624,72.49137,367,0.35,0.56,"2026-09-15",716,"N20","high","2.0NRT",305.51,8.28,"D"
"811",44.48849,72.49956,348.57,0.35,0.56,"2026-09-15",716,"N20","nominal","2.0NRT",306.2,18.4,"D"
"812",44.48512,72.48727,347.74,0.35,0.56,"2026-09-15",716,"N20","nominal","2.0NRT",306.04,8.28,"D"
"813",44.49449,72.50102,367,0.35,0.56,"2026-09-15",716,"N20","high","2.0NRT",309.75,45.13,"D"
"814",44.48998,72.48464,367,0.35,0.56,"2026-09-15",716,"N20","high","2.0NRT",302.27,6.25,"D"
"815",44.49337,72.49693,347.55,0.35,0.56,"2026-09-15",716,"N20","nominal","2.0NRT",310.71,31.82,"D"
"816",44.49111,72.48875,332.15,0.35,0.56,"2026-09-15",716,"N20","nominal","2.0NRT",304.83,6.25,"D"
"817",44.48885,72.48054,335.14,0.35,0.56,"2026-09-15",716,"N20","nominal","2.0NRT",305.52,8.55,"D"
"818",44.48659,72.47235,346.47,0.35,0.56,"2026-09-15",716,"N20","nominal","2.0NRT",306.25,4.34,"D"
"819",44.49936,72.4984,367,0.35,0.56,"2026-09-15",716,"N20","high","2.0NRT",307.21,45.13,"D"
"820",44.49823,72.49431,348.94,0.35,0.56,"2026-09-15",716,"N20","nominal","2.0NRT",310.81,31.82,"D"
"821",44.4952,72.46297,367,0.35,0.57,"2026-09-15",716,"N20","high","2.0NRT",307.26,12.15,"D"
"822",44.49972,72.47939,331.04,0.35,0.56,"2026-09-15",716,"N20","low","2.0NRT",305.63,3.29,"D"
"823",44.49407,72.45886,352.95,0.35,0.57,"2026-09-15",716,"N20","nominal","2.0NRT",307.31,10.17,"D"
"824",44.50797,72.48907,367,0.35,0.56,"2026-09-15",716,"N20","high","2.0NRT",305.34,15.9,"D"
"825",44.51283,72.48642,367,0.35,0.56,"2026-09-15",716,"N20","high","2.0NRT",304.55,5.97,"D"
"826",44.51171,72.48233,348.14,0.35,0.56,"2026-09-15",716,"N20","nominal","2.0NRT",309.8,5.97,"D"
"827",44.51658,72.4797,332.69,0.35,0.56,"2026-09-15",716,"N20","nominal","2.0NRT",302.53,5.97,"D"
"828",44.51545,72.4756,334.92,0.35,0.56,"2026-09-15",716,"N20","low","2.0NRT",307.36,6.17,"D"
"829",44.50757,72.44687,355.68,0.35,0.57,"2026-09-15",716,"N20","nominal","2.0NRT",309.72,14.85,"D"
"830",44.51695,72.46067,367,0.35,0.56,"2026-09-15",716,"N20","high","2.0NRT",309.89,48.43,"D"
"831",44.51245,72.44423,341.04,0.35,0.57,"2026-09-15",716,"N20","nominal","2.0NRT",306.78,4.1,"D"
"832",44.51582,72.45656,367,0.35,0.56,"2026-09-15",716,"N20","low","2.0NRT",332.6,48.27,"D"
"833",44.52183,72.45804,333.17,0.35,0.56,"2026-09-15",716,"N20","nominal","2.0NRT",304.25,48.43,"D"
"834",44.5207,72.45393,355.31,0.35,0.56,"2026-09-15",716,"N20","nominal","2.0NRT",310.23,48.27,"D"
"835",44.51732,72.4416,343.89,0.35,0.57,"2026-09-15",716,"N20","nominal","2.0NRT",306.44,4.1,"D"
"836",44.53044,72.44865,367,0.35,0.56,"2026-09-15",716,"N20","high","2.0NRT",307.69,17.79,"D"
"837",44.5184,72.45704,367,0.35,0.56,"2026-09-15",716,"N20","high","2.0NRT",341.2,44.88,"D"
"838",44.51496,72.44474,367,0.35,0.57,"2026-09-15",716,"N20","high","2.0NRT",308.64,9.67,"D"
"839",44.51955,72.46113,346.12,0.35,0.56,"2026-09-15",716,"N20","nominal","2.0NRT",302.52,47.48,"D"
"840",44.51725,72.45294,350.96,0.35,0.56,"2026-09-15",716,"N20","nominal","2.0NRT",315.63,44.88,"D"
"841",44.52213,72.45032,332.92,0.35,0.56,"2026-09-15",716,"N20","nominal","2.0NRT",306.27,44.88,"D"
"842",44.53302,72.44917,367,0.35,0.56,"2026-09-15",716,"N20","high","2.0NRT",303.03,33.76,"D"
"843",44.53561,72.43835,341.21,0.35,0.56,"2026-09-15",716,"N20","nominal","2.0NRT",306.56,2.98,"D"
"844",44.53446,72.43424,343.69,0.35,0.57,"2026-09-15",716,"N20","nominal","2.0NRT",307.69,2.98,"D"
"845",47.60484,81.0956,351.9,0.41,0.37,"2026-09-15",716,"N20","nominal","2.0NRT",305.93,5.99,"D"
"846",48.03221,83.11546,330.7,0.39,0.36,"2026-09-15",716,"N20","nominal","2.0NRT",296.47,50.17,"D"
"847",48.03626,83.11937,336.92,0.39,0.36,"2026-09-15",716,"N20","nominal","2.0NRT",294.65,4.17,"D"
"848",48.03465,83.10922,340.88,0.39,0.36,"2026-09-15",716,"N20","nominal","2.0NRT",296.92,50.17,"D"
"849",48.03952,83.11822,348.41,0.39,0.36,"2026-09-15",716,"N20","nominal","2.0NRT",296.87,77.04,"D"
"850",48.0379,83.10807,338.93,0.39,0.36,"2026-09-15",716,"N20","nominal","2.0NRT",299.83,115.28,"D"
"851",47.70093,81.11308,346.02,0.41,0.37,"2026-09-15",716,"N20","nominal","2.0NRT",304.45,4.38,"D"
"852",48.03871,83.11314,367,0.39,0.36,"2026-09-15",716,"N20","low","2.0NRT",363.87,115.28,"D"
"853",48.04115,83.10691,340.61,0.39,0.36,"2026-09-15",716,"N20","nominal","2.0NRT",303.82,115.28,"D"
"854",48.04277,83.11707,367,0.39,0.36,"2026-09-15",716,"N20","low","2.0NRT",330.05,77.04,"D"
"855",48.04195,83.11199,367,0.39,0.36,"2026-09-15",716,"N20","low","2.0NRT",368.81,115.28,"D"
"856",48.04521,83.11083,367,0.39,0.36,"2026-09-15",716,"N20","high","2.0NRT",346.36,36.76,"D"
"857",48.0444,83.10576,335.88,0.39,0.36,"2026-09-15",716,"N20","nominal","2.0NRT",299.86,36.76,"D"
"858",48.04602,83.11591,367,0.39,0.36,"2026-09-15",716,"N20","low","2.0NRT",332.15,32.39,"D"
"859",48.05007,83.11983,336.37,0.38,0.36,"2026-09-15",716,"N20","nominal","2.0NRT",298.36,32.39,"D"
"860",48.04845,83.10968,350.75,0.39,0.36,"2026-09-15",716,"N20","nominal","2.0NRT",310.71,36.76,"D"
"861",48.04926,83.11475,367,0.39,0.36,"2026-09-15",716,"N20","low","2.0NRT",326.58,32.39,"D"
"862",48.05333,83.11868,343.83,0.38,0.36,"2026-09-15",716,"N20","nominal","2.0NRT",305.12,9.2,"D"
"863",48.05252,83.1136,355.87,0.39,0.36,"2026-09-15",716,"N20","nominal","2.0NRT",311.06,9.2,"D"
"864",48.05576,83.11245,339.75,0.39,0.36,"2026-09-15",716,"N20","nominal","2.0NRT",302.24,9.2,"D"
"865",49.2005,83.77745,349.13,0.39,0.36,"2026-09-15",716,"N20","nominal","2.0NRT",296.54,9.48,"D"
"866",49.20375,83.77631,354.55,0.39,0.36,"2026-09-15",716,"N20","nominal","2.0NRT",303.76,11.45,"D"
"867",49.20298,83.77111,344.7,0.39,0.36,"2026-09-15",716,"N20","nominal","2.0NRT",296.94,8.65,"D"
"868",49.20779,83.78039,351.39,0.39,0.36,"2026-09-15",716,"N20","nominal","2.0NRT",294.64,11.45,"D"
"869",49.20701,83.77518,344.77,0.39,0.36,"2026-09-15",716,"N20","nominal","2.0NRT",291.56,11.45,"D"
"870",50.8423,98.01041,346.55,0.42,0.61,"2026-09-15",718,"N20","nominal","2.0NRT",277.96,15.28,"D"
"871",50.84219,98.00508,355.82,0.42,0.61,"2026-09-15",718,"N20","nominal","2.0NRT",286.16,14.18,"D"
"872",50.84206,97.99938,343.92,0.42,0.61,"2026-09-15",718,"N20","nominal","2.0NRT",284.85,14.18,"D"
"873",50.84194,97.99374,343.51,0.42,0.61,"2026-09-15",718,"N20","nominal","2.0NRT",280.75,7.9,"D"
"874",50.84789,98.00612,329.74,0.42,0.61,"2026-09-15",718,"N20","nominal","2.0NRT",277.52,5.87,"D"
"875",50.84765,97.99516,328.47,0.42,0.61,"2026-09-15",718,"N20","nominal","2.0NRT",277.91,4.58,"D"
"876",50.85257,97.96174,333.66,0.42,0.61,"2026-09-15",718,"N20","nominal","2.0NRT",282.13,4.42,"D"
"877",50.85873,97.9837,332.33,0.42,0.61,"2026-09-15",718,"N20","nominal","2.0NRT",275.92,4,"D"
"878",50.8586,97.97797,329.82,0.42,0.61,"2026-09-15",718,"N20","nominal","2.0NRT",278.26,4,"D"
"879",50.85836,97.96721,329.02,0.42,0.61,"2026-09-15",718,"N20","nominal","2.0NRT",279.53,9,"D"
"880",50.85824,97.96181,356.45,0.42,0.61,"2026-09-15",718,"N20","low","2.0NRT",285.52,11.28,"D"
"881",45.16857,65.20298,334.51,0.7,0.75,"2026-09-15",718,"N20","nominal","2.0NRT",293.05,3.01,"D"
"882",49.92768,79.52235,335.2,0.42,0.38,"2026-09-15",718,"N20","nominal","2.0NRT",300.63,3.09,"D"
"883",49.92663,79.51672,340.98,0.42,0.38,"2026-09-15",718,"N20","nominal","2.0NRT",303.5,3.09,"D"
"884",49.92997,79.51521,333.79,0.42,0.38,"2026-09-15",718,"N20","nominal","2.0NRT",302.62,3.09,"D"
"885",49.92892,79.50956,332.58,0.42,0.38,"2026-09-15",718,"N20","low","2.0NRT",304.2,7.17,"D"
"886",49.93578,79.48805,338.99,0.42,0.38,"2026-09-15",718,"N20","nominal","2.0NRT",306.21,5.26,"D"
"887",49.9456,79.50203,347.26,0.42,0.38,"2026-09-15",718,"N20","nominal","2.0NRT",305.86,10.32,"D"
"888",49.94455,79.49636,341.8,0.42,0.38,"2026-09-15",718,"N20","nominal","2.0NRT",305.73,10.32,"D"
"889",49.94141,79.47938,341.26,0.42,0.38,"2026-09-15",718,"N20","nominal","2.0NRT",294.43,5.07,"D"
"890",49.94894,79.50054,347.71,0.42,0.38,"2026-09-15",718,"N20","nominal","2.0NRT",306.81,10.32,"D"
"891",49.94789,79.49487,337.38,0.42,0.38,"2026-09-15",718,"N20","nominal","2.0NRT",304.84,10.32,"D"
"892",49.93422,79.4211,331.74,0.42,0.38,"2026-09-15",718,"N20","nominal","2.0NRT",300.99,3.87,"D"
"893",49.95228,79.49905,354.34,0.42,0.38,"2026-09-15",718,"N20","nominal","2.0NRT",305.18,6.9,"D"
"894",49.95123,79.49338,345.87,0.42,0.38,"2026-09-15",718,"N20","nominal","2.0NRT",307.74,6.9,"D"
"895",49.946,79.46508,335.94,0.42,0.38,"2026-09-15",718,"N20","nominal","2.0NRT",302.55,4.4,"D"
"896",49.93651,79.4139,342.61,0.42,0.38,"2026-09-15",718,"N20","nominal","2.0NRT",294.38,3.46,"D"
"897",49.95248,79.48055,336.03,0.42,0.38,"2026-09-15",718,"N20","nominal","2.0NRT",304.15,9.7,"D"
"898",49.95143,79.47488,344.58,0.42,0.38,"2026-09-15",718,"N20","nominal","2.0NRT",304.23,5.68,"D"
"899",49.95038,79.46922,351.29,0.42,0.38,"2026-09-15",718,"N20","nominal","2.0NRT",303.76,5.68,"D"
"900",49.94933,79.46356,346.81,0.42,0.38,"2026-09-15",718,"N20","nominal","2.0NRT",306.59,4.4,"D"
"901",49.93774,79.40102,332.71,0.42,0.38,"2026-09-15",718,"N20","nominal","2.0NRT",293.13,3.91,"D"
"902",49.95162,79.45638,345.98,0.42,0.38,"2026-09-15",718,"N20","nominal","2.0NRT",307.51,90.94,"D"
"903",49.94003,79.39382,346.24,0.42,0.38,"2026-09-15",718,"N20","nominal","2.0NRT",302.6,7.3,"D"
"904",49.95372,79.4677,367,0.42,0.38,"2026-09-15",718,"N20","low","2.0NRT",330.49,78.88,"D"
"905",49.95496,79.45486,367,0.42,0.38,"2026-09-15",718,"N20","high","2.0NRT",338.78,90.94,"D"
"906",49.95287,79.44353,346.48,0.42,0.38,"2026-09-15",718,"N20","nominal","2.0NRT",308.63,31.22,"D"
"907",49.9541,79.43064,352.13,0.42,0.38,"2026-09-15",718,"N20","nominal","2.0NRT",308.1,16.4,"D"
"908",49.94778,79.3965,344.58,0.42,0.38,"2026-09-15",718,"N20","nominal","2.0NRT",297.71,3.33,"D"
"909",49.95726,79.44769,367,0.42,0.38,"2026-09-15",718,"N20","low","2.0NRT",327.76,69.41,"D"
"910",49.9562,79.44202,367,0.42,0.38,"2026-09-15",718,"N20","low","2.0NRT",331.31,69.41,"D"
"911",49.95515,79.43633,367,0.42,0.38,"2026-09-15",718,"N20","low","2.0NRT",331.4,16.4,"D"
"912",49.9585,79.43484,338.31,0.42,0.38,"2026-09-15",718,"N20","nominal","2.0NRT",297.24,16.4,"D"
"913",49.95745,79.42915,335.82,0.42,0.38,"2026-09-15",718,"N20","nominal","2.0NRT",289.23,16.4,"D"
"914",49.0971,74.92927,338.23,0.41,0.45,"2026-09-15",718,"N20","nominal","2.0NRT",297.98,4.98,"D"
"915",49.09975,74.92186,354.35,0.41,0.45,"2026-09-15",718,"N20","nominal","2.0NRT",301.99,8.22,"D"
"916",49.10242,74.91451,343.4,0.41,0.45,"2026-09-15",718,"N20","nominal","2.0NRT",300.72,7.01,"D"
"917",49.11,74.92828,332.82,0.41,0.45,"2026-09-15",718,"N20","nominal","2.0NRT",298.34,5.99,"D"
"918",49.11024,74.91046,340.86,0.41,0.45,"2026-09-15",718,"N20","nominal","2.0NRT",299.83,4.09,"D"
"919",49.09518,74.75101,367,0.41,0.45,"2026-09-15",718,"N20","high","2.0NRT",328.81,71.06,"D"
"920",49.09645,74.75648,342.29,0.41,0.45,"2026-09-15",718,"N20","nominal","2.0NRT",301.22,71.06,"D"
"921",49.09911,74.74892,355.31,0.41,0.45,"2026-09-15",718,"N20","nominal","2.0NRT",300.57,20.95,"D"
"922",49.09786,74.74354,350.36,0.41,0.45,"2026-09-15",718,"N20","nominal","2.0NRT",302.46,5.7,"D"
"923",49.10179,74.74148,331.14,0.41,0.45,"2026-09-15",718,"N20","nominal","2.0NRT",297.7,5.7,"D"
"924",49.10055,74.73613,353.16,0.41,0.45,"2026-09-15",718,"N20","nominal","2.0NRT",302.9,5.7,"D"
"925",49.09877,74.75308,344.61,0.41,0.45,"2026-09-15",718,"N20","nominal","2.0NRT",297.19,53.19,"D"
"926",49.10014,74.74026,347.16,0.41,0.45,"2026-09-15",718,"N20","nominal","2.0NRT",301.06,62.56,"D"
"927",49.09888,74.73492,339.36,0.41,0.45,"2026-09-15",718,"N20","nominal","2.0NRT",301.01,4.99,"D"
"928",49.10408,74.73822,335.22,0.41,0.45,"2026-09-15",718,"N20","nominal","2.0NRT",289.7,10.76,"D"
"929",49.10281,74.73289,340.5,0.41,0.45,"2026-09-15",718,"N20","nominal","2.0NRT",301.42,23.8,"D"
"930",49.10674,74.73083,347.61,0.41,0.45,"2026-09-15",718,"N20","nominal","2.0NRT",304.13,23.8,"D"
"931",50.01756,78.74008,332.9,0.44,0.38,"2026-09-15",718,"N20","nominal","2.0NRT",301.08,2.42,"D"
"932",50.36089,74.96185,355.98,0.57,0.43,"2026-09-15",718,"N20","nominal","2.0NRT",303.92,23.16,"D"
"933",50.36296,74.9523,356.01,0.57,0.43,"2026-09-15",718,"N20","nominal","2.0NRT",302.51,11.07,"D"
"934",50.36124,74.94472,344.45,0.57,0.43,"2026-09-15",718,"N20","nominal","2.0NRT",297.17,11.07,"D"
"935",50.365,74.94257,334.57,0.57,0.43,"2026-09-15",718,"N20","nominal","2.0NRT",297.12,6.69,"D"
"936",50.36325,74.93484,335.33,0.57,0.43,"2026-09-15",718,"N20","nominal","2.0NRT",298.39,8.47,"D"
"937",50.38053,74.99264,342.27,0.56,0.43,"2026-09-15",718,"N20","nominal","2.0NRT",296.35,15.45,"D"
"938",50.36176,74.90951,336.06,0.57,0.43,"2026-09-15",718,"N20","nominal","2.0NRT",293.34,6.88,"D"
"939",50.42006,74.83434,331.9,0.57,0.43,"2026-09-15",718,"N20","nominal","2.0NRT",298.01,2.64,"D"
"940",50.03713,73.0131,340.09,0.46,0.47,"2026-09-15",718,"N20","nominal","2.0NRT",298.25,6.68,"D"
"941",50.06108,73.05379,328.78,0.46,0.47,"2026-09-15",718,"N20","nominal","2.0NRT",297.38,3.77,"D"
"942",50.06012,73.05803,329.18,0.45,0.47,"2026-09-15",718,"N20","nominal","2.0NRT",296.09,4.38,"D"
"943",51.94423,81.69984,343.48,0.38,0.36,"2026-09-15",718,"N20","nominal","2.0NRT",303.6,8.5,"D"
"944",50.10658,71.55179,339.42,0.52,0.5,"2026-09-15",718,"N20","nominal","2.0NRT",304.64,18.32,"D"
"945",54.15476,87.12996,325.16,0.49,0.4,"2026-09-15",718,"N20","nominal","2.0NRT",296.38,2.38,"D"
"946",51.70303,68.03221,351.97,0.32,0.55,"2026-09-15",718,"N20","nominal","2.0NRT",286.26,5.22,"D"
"947",51.7018,68.02795,334.2,0.32,0.55,"2026-09-15",718,"N20","nominal","2.0NRT",289.43,4.75,"D"
"948",54.24736,77.77888,340.66,0.41,0.37,"2026-09-15",718,"N20","nominal","2.0NRT",278.73,4.72,"D"
"949",54.24626,77.77287,325.78,0.41,0.37,"2026-09-15",718,"N20","nominal","2.0NRT",279.28,2.27,"D"
"950",53.37298,62.5934,327.63,0.45,0.63,"2026-09-15",720,"N20","nominal","2.0NRT",290.16,1.88,"D"
"951",53.45758,59.04155,329.68,0.59,0.7,"2026-09-15",720,"N20","nominal","2.0NRT",290.26,5.55,"D"
"952",53.45742,59.03552,335.88,0.59,0.7,"2026-09-15",720,"N20","nominal","2.0NRT",293.86,7.21,"D"
"953",55.28407,61.46395,325.26,0.42,0.61,"2026-09-15",720,"N20","nominal","2.0NRT",286.06,2.71,"D"
"954",54.84774,56.11167,332.8,0.65,0.73,"2026-09-15",720,"N20","nominal","2.0NRT",288.21,5.44,"D"
"955",61.49598,79.30717,328.61,0.4,0.37,"2026-09-15",720,"N20","nominal","2.0NRT",283.8,11.57,"D"
"956",62.05509,77.05296,328.03,0.39,0.36,"2026-09-15",720,"N20","nominal","2.0NRT",287.49,6.77,"D"
"957",62.05297,77.03864,340.44,0.39,0.36,"2026-09-15",720,"N20","nominal","2.0NRT",287.77,4.22,"D"
"958",60.75111,69.35146,341.71,0.47,0.4,"2026-09-15",720,"N20","nominal","2.0NRT",284.71,13.49,"D"
"959",59.98807,63.89122,336.3,0.46,0.47,"2026-09-15",720,"N20","nominal","2.0NRT",286.48,4.54,"D"
"960",61.9471,68.47149,344.14,0.47,0.39,"2026-09-15",722,"N20","nominal","2.0NRT",289.62,7.66,"D"
"961",61.98193,68.5755,334.93,0.46,0.39,"2026-09-15",722,"N20","nominal","2.0NRT",289.03,3.82,"D"
"962",63.46727,76.77561,326.36,0.39,0.36,"2026-09-15",722,"N20","nominal","2.0NRT",287.65,0.9,"D"
"963",61.75214,66.96039,331.97,0.51,0.41,"2026-09-15",722,"N20","nominal","2.0NRT",284.04,3.77,"D"
"964",62.39724,68.52139,329.94,0.45,0.39,"2026-09-15",722,"N20","nominal","2.0NRT",288.52,2.64,"D"
"965",64.41782,77.70977,328.8,0.41,0.37,"2026-09-15",722,"N20","nominal","2.0NRT",288.88,3.66,"D"
"966",65.21265,82.36408,331.72,0.5,0.41,"2026-09-15",722,"N20","nominal","2.0NRT",293.37,4.73,"D"
"967",64.75359,75.42867,328.04,0.39,0.36,"2026-09-15",722,"N20","nominal","2.0NRT",288.03,3.15,"D"
"968",64.71009,75.13052,342.49,0.39,0.36,"2026-09-15",722,"N20","nominal","2.0NRT",288.34,5.1,"D"
"969",64.59577,74.163,337.64,0.38,0.36,"2026-09-15",722,"N20","nominal","2.0NRT",288.81,4.41,"D"
"970",64.59338,74.14767,332.57,0.38,0.36,"2026-09-15",722,"N20","nominal","2.0NRT",288.81,2.14,"D"
"971",64.60283,74.13972,332.34,0.38,0.36,"2026-09-15",722,"N20","nominal","2.0NRT",289.63,2.25,"D"
"972",64.57679,73.9277,328.42,0.38,0.36,"2026-09-15",722,"N20","nominal","2.0NRT",288.86,3.74,"D"
"973",64.57077,73.88949,342.44,0.38,0.36,"2026-09-15",722,"N20","nominal","2.0NRT",286.83,4.83,"D"
"974",64.56956,73.88186,327.75,0.38,0.36,"2026-09-15",722,"N20","nominal","2.0NRT",287.38,4.83,"D"
"975",64.57873,73.91738,325.13,0.38,0.36,"2026-09-15",722,"N20","nominal","2.0NRT",288.98,4.37,"D"
"976",64.59268,73.98354,338.19,0.38,0.36,"2026-09-15",722,"N20","nominal","2.0NRT",292.04,3.55,"D"
"977",64.59029,73.96825,331.99,0.38,0.36,"2026-09-15",722,"N20","nominal","2.0NRT",291.86,5.59,"D"
"978",64.57825,73.89177,340.74,0.38,0.36,"2026-09-15",722,"N20","nominal","2.0NRT",290.14,4.24,"D"
"979",64.57706,73.88414,337.3,0.38,0.36,"2026-09-15",722,"N20","nominal","2.0NRT",290.03,4.41,"D"
"980",64.62411,73.75732,334.49,0.38,0.36,"2026-09-15",722,"N20","nominal","2.0NRT",290.87,2.22,"D"
"981",64.75671,74.56837,342.01,0.39,0.36,"2026-09-15",722,"N20","nominal","2.0NRT",291.91,7.34,"D"
"982",64.74966,74.52181,329.18,0.39,0.36,"2026-09-15",722,"N20","nominal","2.0NRT",290.32,1.57,"D"
"983",64.63161,73.75958,326.16,0.38,0.36,"2026-09-15",722,"N20","nominal","2.0NRT",295.54,2.32,"D"
"984",64.75282,74.51918,340.67,0.39,0.36,"2026-09-15",722,"N20","nominal","2.0NRT",292.35,6.05,"D"
"985",64.63474,73.75688,330.44,0.38,0.36,"2026-09-15",722,"N20","nominal","2.0NRT",296.35,4.44,"D"
"986",64.75363,74.50104,337.51,0.39,0.36,"2026-09-15",722,"N20","nominal","2.0NRT",292.14,4.75,"D"
"987",64.76385,74.54497,334.33,0.39,0.36,"2026-09-15",722,"N20","nominal","2.0NRT",291.85,2.35,"D"
"988",64.76149,74.52945,342.84,0.39,0.36,"2026-09-15",722,"N20","nominal","2.0NRT",291.9,5,"D"
"989",64.76031,74.52168,334.27,0.39,0.36,"2026-09-15",722,"N20","nominal","2.0NRT",291.12,3.74,"D"
"990",64.75914,74.51393,332.09,0.39,0.36,"2026-09-15",722,"N20","nominal","2.0NRT",291.13,3.74,"D"
"991",64.75797,74.50617,346.59,0.39,0.36,"2026-09-15",722,"N20","nominal","2.0NRT",291.46,5.16,"D"
"992",64.64102,73.75149,329.81,0.38,0.36,"2026-09-15",722,"N20","nominal","2.0NRT",288.35,2.48,"D"
"993",64.63981,73.74383,337.33,0.38,0.36,"2026-09-15",722,"N20","nominal","2.0NRT",291.5,2.48,"D"
"994",64.65214,73.77672,334.98,0.38,0.36,"2026-09-15",722,"N20","nominal","2.0NRT",297.73,6.07,"D"
"995",64.65093,73.76906,333.83,0.38,0.36,"2026-09-15",722,"N20","nominal","2.0NRT",291,6.07,"D"
"996",64.65528,73.77402,346.73,0.38,0.36,"2026-09-15",722,"N20","nominal","2.0NRT",295.02,6.07,"D"
"997",64.65408,73.76636,333.9,0.38,0.36,"2026-09-15",722,"N20","nominal","2.0NRT",290.14,6.07,"D"
"998",64.82562,74.8618,328.74,0.39,0.36,"2026-09-15",722,"N20","nominal","2.0NRT",289.35,2.11,"D"
"999",64.8203,74.7784,345.58,0.39,0.36,"2026-09-15",722,"N20","nominal","2.0NRT",293.29,4.3,"D"
"1000",64.89017,75.17889,337.39,0.39,0.36,"2026-09-15",722,"N20","nominal","2.0NRT",294.45,4.6,"D"
"1001",64.91406,75.3186,331.31,0.39,0.36,"2026-09-15",722,"N20","nominal","2.0NRT",292.54,2.56,"D"
"1002",64.89565,75.19202,348.65,0.39,0.36,"2026-09-15",722,"N20","nominal","2.0NRT",293.08,6.14,"D"
"1003",64.89336,75.17632,334.58,0.39,0.36,"2026-09-15",722,"N20","nominal","2.0NRT",291.47,5.66,"D"
"1004",64.91725,75.31602,333.31,0.39,0.36,"2026-09-15",722,"N20","nominal","2.0NRT",292.46,2.56,"D"
"1005",64.67747,73.71137,341.07,0.38,0.36,"2026-09-15",722,"N20","nominal","2.0NRT",291.45,5.08,"D"
"1006",64.68374,73.70596,329.38,0.38,0.36,"2026-09-15",722,"N20","nominal","2.0NRT",290.56,2.05,"D"
"1007",64.70479,73.74879,346.47,0.38,0.36,"2026-09-15",722,"N20","nominal","2.0NRT",294.54,5.87,"D"
"1008",64.70357,73.74113,329.23,0.38,0.36,"2026-09-15",722,"N20","nominal","2.0NRT",293.64,5.87,"D"
"1009",64.71445,73.76782,330.02,0.38,0.36,"2026-09-15",722,"N20","nominal","2.0NRT",290.85,2.11,"D"
"1010",65.24597,73.62352,330.24,0.38,0.36,"2026-09-15",722,"N20","nominal","2.0NRT",293.63,6.62,"D"
"1011",65.06706,72.22858,332.69,0.38,0.36,"2026-09-15",722,"N20","nominal","2.0NRT",291.07,2.08,"D"
"1012",65.07146,72.23337,325.3,0.38,0.36,"2026-09-15",722,"N20","nominal","2.0NRT",289.46,0.82,"D"
"1013",65.84761,76.81194,325.61,0.41,0.37,"2026-09-15",722,"N20","nominal","2.0NRT",290.61,1.64,"D"
"1014",66.12891,77.3107,334.15,0.42,0.38,"2026-09-15",722,"N20","nominal","2.0NRT",288.37,3.18,"D"
"1015",66.18877,77.68301,328.44,0.42,0.38,"2026-09-15",722,"N20","nominal","2.0NRT",290.88,4.4,"D"
"1016",66.24435,76.82104,328.38,0.41,0.37,"2026-09-15",722,"N20","nominal","2.0NRT",290.37,45.28,"D"
"1017",66.66743,80.45348,344.11,0.48,0.4,"2026-09-15",722,"N20","nominal","2.0NRT",290.68,7.51,"D"
"1018",66.30906,77.00002,328.52,0.42,0.37,"2026-09-15",722,"N20","nominal","2.0NRT",295,10.41,"D"
"1019",66.27876,76.75748,335.27,0.41,0.37,"2026-09-15",722,"N20","nominal","2.0NRT",290.84,3.11,"D"
"1020",66.70678,80.44414,340.62,0.48,0.4,"2026-09-15",722,"N20","nominal","2.0NRT",292.63,25.34,"D"
"1021",66.71571,80.49579,341.76,0.48,0.4,"2026-09-15",722,"N20","nominal","2.0NRT",288.13,4.56,"D"
"1022",66.73206,80.42822,328.5,0.48,0.4,"2026-09-15",722,"N20","nominal","2.0NRT",288.18,2.21,"D"
"1023",66.41947,77.2443,336.73,0.42,0.38,"2026-09-15",722,"N20","nominal","2.0NRT",290.41,14.08,"D"
"1024",66.32848,75.47902,330.91,0.4,0.37,"2026-09-15",722,"N20","nominal","2.0NRT",292.66,2.55,"D"
"1025",66.32732,75.47041,327.76,0.4,0.37,"2026-09-15",722,"N20","nominal","2.0NRT",292.5,2.55,"D"
"1026",66.33495,75.47363,335.08,0.4,0.37,"2026-09-15",722,"N20","nominal","2.0NRT",291.88,3.61,"D"
"1027",66.33379,75.46501,329.46,0.4,0.37,"2026-09-15",722,"N20","nominal","2.0NRT",292.01,3.61,"D"
"1028",66.57959,77.36756,328.57,0.42,0.38,"2026-09-15",722,"N20","nominal","2.0NRT",288.68,2.58,"D"
"1029",66.5484,76.69719,328.92,0.42,0.37,"2026-09-15",722,"N20","nominal","2.0NRT",290.03,2.31,"D"
"1030",66.66133,77.31562,327.06,0.43,0.38,"2026-09-15",722,"N20","nominal","2.0NRT",289.76,4.85,"D"
"1031",66.6623,77.31662,336.07,0.43,0.38,"2026-09-15",722,"N20","nominal","2.0NRT",291.04,4.52,"D"
"1032",67.27176,83.20857,337.96,0.56,0.43,"2026-09-15",722,"N20","nominal","2.0NRT",290.48,10.65,"D"
"1033",67.27907,83.04266,328.79,0.56,0.43,"2026-09-15",722,"N20","nominal","2.0NRT",290.03,2.48,"D"
"1034",66.86873,77.7532,341.11,0.43,0.38,"2026-09-15",722,"N20","nominal","2.0NRT",289.88,6.37,"D"
"1035",67.64923,83.22075,328.47,0.57,0.43,"2026-09-15",722,"N20","nominal","2.0NRT",289.62,3.27,"D"
"1036",66.19805,70.99665,329.33,0.38,0.36,"2026-09-15",722,"N20","nominal","2.0NRT",288.23,2.95,"D"
"1037",66.95409,75.53526,335.09,0.41,0.37,"2026-09-15",722,"N20","nominal","2.0NRT",294.91,19.75,"D"
"1038",66.95853,75.54146,325.13,0.41,0.37,"2026-09-15",722,"N20","nominal","2.0NRT",294.08,2.96,"D"
"1039",67.82052,80.11253,326.85,0.49,0.4,"2026-09-15",722,"N20","nominal","2.0NRT",288.01,1.9,"D"
"1040",67.85236,79.8728,327.51,0.49,0.4,"2026-09-15",722,"N20","nominal","2.0NRT",288.48,2.54,"D"
"1041",68.20538,83.45668,338.64,0.39,0.44,"2026-09-15",722,"N20","nominal","2.0NRT",288.25,3.21,"D"
"1042",68.4122,83.63096,338.18,0.4,0.44,"2026-09-15",722,"N20","nominal","2.0NRT",287.62,4.42,"D"
"1043",68.41151,83.62122,330.38,0.4,0.44,"2026-09-15",722,"N20","nominal","2.0NRT",290.13,3.89,"D"
"1044",67.99427,76.34807,349.21,0.43,0.38,"2026-09-15",722,"N20","nominal","2.0NRT",290.32,5.23,"D"
"1045",67.995,76.34906,339.22,0.43,0.38,"2026-09-15",722,"N20","nominal","2.0NRT",288.89,5.79,"D"
"1046",68.04474,76.39452,328.66,0.43,0.38,"2026-09-15",722,"N20","nominal","2.0NRT",288.1,4.82,"D"
"1047",68.52415,79.96424,328.58,0.5,0.41,"2026-09-15",722,"N20","nominal","2.0NRT",286.95,14.85,"D"
"1048",68.71298,80.53748,327.41,0.52,0.41,"2026-09-15",722,"N20","nominal","2.0NRT",284.96,2.65,"D"
"1049",67.79966,72.51344,346.55,0.39,0.36,"2026-09-15",722,"N20","nominal","2.0NRT",294.09,8.64,"D"
"1050",67.80408,72.519,367,0.39,0.36,"2026-09-15",722,"N20","high","2.0NRT",331.2,45.08,"D"
"1051",67.8028,72.51022,367,0.39,0.36,"2026-09-15",722,"N20","high","2.0NRT",334.6,46.18,"D"
"1052",67.80537,72.52778,348.56,0.39,0.36,"2026-09-15",722,"N20","nominal","2.0NRT",298.35,45.08,"D"
"1053",67.80152,72.50146,325.17,0.39,0.36,"2026-09-15",722,"N20","nominal","2.0NRT",291.39,46.18,"D"
"1054",67.80981,72.53334,341.49,0.39,0.36,"2026-09-15",722,"N20","nominal","2.0NRT",287.67,5.26,"D"
"1055",67.80724,72.51579,340.96,0.39,0.36,"2026-09-15",722,"N20","nominal","2.0NRT",291.85,45.08,"D"
"1056",67.80595,72.507,340.04,0.39,0.36,"2026-09-15",722,"N20","nominal","2.0NRT",290.9,46.18,"D"
"1057",69.37185,88.12196,333.5,0.52,0.5,"2026-09-15",722,"N20","nominal","2.0NRT",285.07,4.85,"D"
"1058",67.83714,58.93781,329.36,0.49,0.4,"2026-09-15",724,"N20","nominal","2.0NRT",288.58,2.25,"D"
"1059",70.99784,73.83938,336.72,0.44,0.38,"2026-09-15",724,"N20","nominal","2.0NRT",286.74,3.87,"D"
"1060",70.40214,68.44155,335.14,0.39,0.36,"2026-09-15",724,"N20","nominal","2.0NRT",288.68,12.96,"D"
"1061",71.13999,72.29408,326.88,0.42,0.38,"2026-09-15",724,"N20","nominal","2.0NRT",285.06,3.31,"D"
"1062",68.60051,57.99131,329.39,0.48,0.4,"2026-09-15",724,"N20","nominal","2.0NRT",290.51,6.34,"D"
"1063",68.59814,57.98728,335.76,0.48,0.4,"2026-09-15",724,"N20","nominal","2.0NRT",289.51,5.15,"D"
"1064",68.61572,57.96745,337.28,0.48,0.4,"2026-09-15",724,"N20","nominal","2.0NRT",289.27,4.42,"D"
"1065",71.25896,72.06637,331.48,0.42,0.38,"2026-09-15",724,"N20","nominal","2.0NRT",285.71,9.28,"D"
"1066",68.6424,57.69659,327.11,0.48,0.4,"2026-09-15",724,"N20","nominal","2.0NRT",287.83,4.01,"D"
"1067",68.16631,55.36852,329.16,0.55,0.43,"2026-09-15",724,"N20","nominal","2.0NRT",288.59,2.47,"D"
"1068",69.26589,57.28473,336.07,0.47,0.4,"2026-09-15",724,"N20","nominal","2.0NRT",284.2,3.91,"D"
"1069",10.94027,79.13068,337.5,0.42,0.61,"2026-09-15",848,"N20","nominal","2.0NRT",296.73,3.47,"D"
"1070",13.64157,78.19299,333.21,0.4,0.6,"2026-09-15",848,"N20","nominal","2.0NRT",296.96,2.35,"D"
"1071",11.01853,79.29785,348.19,0.44,0.62,"2026-09-15",848,"N20","nominal","2.0NRT",294.42,3.96,"D"
"1072",13.88449,77.36561,338.62,0.35,0.57,"2026-09-15",848,"N20","nominal","2.0NRT",301.83,4.75,"D"
"1073",14.2123,78.99494,339.41,0.46,0.63,"2026-09-15",848,"N20","nominal","2.0NRT",294.03,3.21,"D"
"1074",30.03368,50.63956,343.12,0.56,0.69,"2026-09-15",854,"N20","low","2.0NRT",316.55,3.78,"D"
"1075",14.21171,78.99509,341.25,0.46,0.63,"2026-09-15",848,"N20","nominal","2.0NRT",294.03,2.8,"D"
"1076",29.94006,49.6874,339.03,0.64,0.72,"2026-09-15",854,"N20","nominal","2.0NRT",301.54,6.22,"D"
"1077",13.97427,76.72482,331.44,0.32,0.55,"2026-09-15",848,"N20","low","2.0NRT",302.77,2.36,"D"
"1078",14.1806,77.80692,343.1,0.38,0.59,"2026-09-15",848,"N20","nominal","2.0NRT",293.81,3.62,"D"
"1079",30.39429,50.62023,349.64,0.55,0.68,"2026-09-15",854,"N20","nominal","2.0NRT",318.24,9.7,"D"
"1080",14.27295,77.98591,339.45,0.39,0.6,"2026-09-15",848,"N20","nominal","2.0NRT",297.24,2.64,"D"
"1081",30.34668,50.29365,367,0.57,0.69,"2026-09-15",854,"N20","high","2.0NRT",318.28,18.44,"D"
"1082",30.34514,50.28792,344.86,0.57,0.69,"2026-09-15",854,"N20","nominal","2.0NRT",318.46,16.48,"D"
"1083",14.81022,79.02113,338.61,0.47,0.64,"2026-09-15",848,"N20","nominal","2.0NRT",299.73,3.33,"D"
"1084",15.16145,77.52394,336.22,0.38,0.58,"2026-09-15",848,"N20","nominal","2.0NRT",300.81,8.48,"D"
"1085",30.35019,50.29357,348.9,0.57,0.69,"2026-09-15",854,"N20","nominal","2.0NRT",316.17,14.95,"D"
"1086",30.34861,50.28782,356.11,0.57,0.69,"2026-09-15",854,"N20","nominal","2.0NRT",320.22,18.16,"D"
"1087",15.16314,76.842,334.22,0.34,0.56,"2026-09-15",848,"N20","nominal","2.0NRT",300.97,2.35,"D"
"1088",30.56464,50.0196,367,0.59,0.7,"2026-09-15",854,"N20","high","2.0NRT",317.99,17.75,"D"
"1089",15.6878,77.96606,339.03,0.41,0.6,"2026-09-15",848,"N20","nominal","2.0NRT",299.1,3.58,"D"
"1090",30.57162,49.92067,350.66,0.59,0.7,"2026-09-15",854,"N20","nominal","2.0NRT",318.32,9.66,"D"
"1091",15.68701,77.96647,336.26,0.41,0.61,"2026-09-15",848,"N20","nominal","2.0NRT",298.64,3.79,"D"
"1092",30.57368,49.91964,350.61,0.59,0.7,"2026-09-15",854,"N20","nominal","2.0NRT",317.79,10.42,"D"
"1093",15.75832,76.96716,335.34,0.35,0.57,"2026-09-15",848,"N20","low","2.0NRT",305.39,1.91,"D"
"1094",30.72056,49.828,350.7,0.6,0.7,"2026-09-15",854,"N20","nominal","2.0NRT",318.07,13.48,"D"
"1095",30.34204,48.27815,347.51,0.75,0.77,"2026-09-15",854,"N20","nominal","2.0NRT",311.86,9.07,"D"
"1096",15.97017,77.58376,333.92,0.39,0.59,"2026-09-15",848,"N20","nominal","2.0NRT",299.24,2.8,"D"
"1097",30.34874,48.27557,349.95,0.75,0.77,"2026-09-15",854,"N20","nominal","2.0NRT",312.07,9.07,"D"
"1098",17.75296,75.41536,331.59,0.59,0.53,"2026-09-15",850,"N20","nominal","2.0NRT",299.21,4.84,"D"
"1099",30.71037,49.54097,347.79,0.62,0.71,"2026-09-15",854,"N20","low","2.0NRT",319.38,7.06,"D"
"1100",19.61807,74.08401,333.84,0.51,0.49,"2026-09-15",850,"N20","nominal","2.0NRT",299.35,1.85,"D"
"1101",30.34096,48.27596,340.66,0.75,0.77,"2026-09-15",854,"N20","nominal","2.0NRT",311.47,2.93,"D"
"1102",18.31923,55.1073,348.03,0.55,0.68,"2026-09-15",850,"N20","nominal","2.0NRT",296.9,3.83,"D"
"1103",30.71167,49.54385,351.89,0.62,0.71,"2026-09-15",854,"N20","nominal","2.0NRT",318.09,14.75,"D"
"1104",19.26929,56.17699,338.1,0.45,0.63,"2026-09-15",850,"N20","nominal","2.0NRT",293.41,1.81,"D"
"1105",30.34982,48.28077,336.99,0.75,0.77,"2026-09-15",854,"N20","low","2.0NRT",311.68,11.39,"D"
"1106",20.38702,55.66458,339.42,0.46,0.63,"2026-09-15",850,"N20","nominal","2.0NRT",301,2.86,"D"
"1107",30.34767,48.27342,353.41,0.75,0.77,"2026-09-15",854,"N20","nominal","2.0NRT",312.45,12.82,"D"
"1108",21.00365,56.53424,342.8,0.39,0.59,"2026-09-15",852,"N20","nominal","2.0NRT",299.79,2.58,"D"
"1109",31.49517,51.14777,355.92,0.48,0.65,"2026-09-15",854,"N20","nominal","2.0NRT",312.26,6.22,"D"
"1110",21.00286,56.53057,341.25,0.39,0.59,"2026-09-15",852,"N20","nominal","2.0NRT",300.01,2.58,"D"
"1111",31.03748,49.39314,346.44,0.62,0.71,"2026-09-15",854,"N20","nominal","2.0NRT",317.79,7.75,"D"
"1112",21.31033,57.7489,338.91,0.32,0.55,"2026-09-15",852,"N20","nominal","2.0NRT",302.64,1.62,"D"
"1113",30.75023,48.2819,367,0.73,0.76,"2026-09-15",854,"N20","high","2.0NRT",320.42,72.66,"D"
"1114",21.31463,57.74472,337.31,0.32,0.55,"2026-09-15",852,"N20","nominal","2.0NRT",301.44,2.56,"D"
"1115",30.91845,48.8703,345.34,0.67,0.73,"2026-09-15",854,"N20","nominal","2.0NRT",314.72,16.21,"D"
"1116",30.75231,48.28909,345.92,0.73,0.76,"2026-09-15",854,"N20","nominal","2.0NRT",315.47,72.66,"D"
"1117",21.30697,57.70809,337.52,0.32,0.55,"2026-09-15",852,"N20","nominal","2.0NRT",301.2,0.35,"D"
"1118",30.74815,48.27468,301.94,0.73,0.76,"2026-09-15",854,"N20","low","2.0NRT",320.27,115.74,"D"
"1119",21.33119,57.72485,338.56,0.32,0.55,"2026-09-15",852,"N20","nominal","2.0NRT",301.91,1.11,"D"
"1120",31.12973,49.32481,351.76,0.62,0.71,"2026-09-15",854,"N20","nominal","2.0NRT",318.21,5.68,"D"
"1121",21.83181,56.6824,341.34,0.37,0.58,"2026-09-15",852,"N20","nominal","2.0NRT",299.48,0.84,"D"
"1122",31.13601,49.32244,367,0.62,0.71,"2026-09-15",854,"N20","high","2.0NRT",319.25,12.48,"D"
"1123",31.21133,49.22008,348.15,0.63,0.72,"2026-09-15",854,"N20","nominal","2.0NRT",317.3,9.42,"D"
"1124",21.93815,57.07466,353.75,0.35,0.56,"2026-09-15",852,"N20","nominal","2.0NRT",297.93,3.7,"D"
"1125",30.8614,47.92492,367,0.76,0.77,"2026-09-15",854,"N20","high","2.0NRT",310.11,28.22,"D"
"1126",22.40538,56.98958,339.06,0.34,0.56,"2026-09-15",852,"N20","nominal","2.0NRT",301.31,2.89,"D"
"1127",31.2529,49.16945,347.59,0.63,0.72,"2026-09-15",854,"N20","nominal","2.0NRT",317.35,13.2,"D"
"1128",22.40333,56.98967,342.62,0.34,0.56,"2026-09-15",852,"N20","nominal","2.0NRT",301.52,3.61,"D"
"1129",31.20661,48.95341,355.86,0.65,0.73,"2026-09-15",854,"N20","nominal","2.0NRT",320.71,22.54,"D"
"1130",31.31929,49.28379,367,0.62,0.71,"2026-09-15",854,"N20","high","2.0NRT",317.88,6.31,"D"
"1131",22.32626,56.49111,354.12,0.37,0.58,"2026-09-15",852,"N20","nominal","2.0NRT",302.96,4.02,"D"
"1132",30.99876,48.14244,348.34,0.73,0.76,"2026-09-15",854,"N20","nominal","2.0NRT",315.2,11.46,"D"
"1133",22.34682,56.43422,346.78,0.37,0.58,"2026-09-15",852,"N20","nominal","2.0NRT",302.64,3.73,"D"
"1134",31.0054,48.13985,340.4,0.73,0.76,"2026-09-15",854,"N20","low","2.0NRT",313.91,11.46,"D"
"1135",22.44275,56.70099,350.18,0.36,0.57,"2026-09-15",852,"N20","nominal","2.0NRT",304.63,10.04,"D"
"1136",31.25274,49.16955,351.11,0.63,0.72,"2026-09-15",854,"N20","nominal","2.0NRT",317.8,13.24,"D"
"1137",22.87506,55.92852,340.53,0.39,0.59,"2026-09-15",852,"N20","nominal","2.0NRT",304.55,2.9,"D"
"1138",31.20526,48.9542,352.15,0.65,0.73,"2026-09-15",854,"N20","nominal","2.0NRT",319.1,8.49,"D"
"1139",22.88122,55.93084,337.76,0.39,0.59,"2026-09-15",852,"N20","nominal","2.0NRT",303.78,2.65,"D"
"1140",31.21164,48.95179,367,0.65,0.73,"2026-09-15",854,"N20","high","2.0NRT",319.51,13.54,"D"
"1141",22.88039,55.92713,352.62,0.39,0.59,"2026-09-15",852,"N20","nominal","2.0NRT",305.26,2.9,"D"
"1142",31.31987,49.28364,367,0.62,0.71,"2026-09-15",854,"N20","high","2.0NRT",317.8,6.84,"D"
"1143",22.87382,55.616,343.2,0.41,0.61,"2026-09-15",852,"N20","nominal","2.0NRT",307.03,0.87,"D"
"1144",30.99963,48.14368,350.13,0.73,0.76,"2026-09-15",854,"N20","nominal","2.0NRT",315.29,17.9,"D"
"1145",22.87398,55.61602,349.57,0.41,0.6,"2026-09-15",852,"N20","nominal","2.0NRT",306.7,1.62,"D"
"1146",31.30807,48.77623,347.97,0.66,0.73,"2026-09-15",854,"N20","nominal","2.0NRT",316.9,19.86,"D"
"1147",22.92279,55.80537,356.11,0.4,0.6,"2026-09-15",852,"N20","nominal","2.0NRT",306.84,11.52,"D"
"1148",31.02816,47.70927,341.65,0.77,0.77,"2026-09-15",854,"N20","low","2.0NRT",316.42,15.83,"D"
"1149",23.19022,55.45966,349.48,0.41,0.61,"2026-09-15",852,"N20","nominal","2.0NRT",307.75,2.25,"D"
"1150",31.0908,47.7947,367,0.76,0.77,"2026-09-15",854,"N20","high","2.0NRT",317.06,22.76,"D"
"1151",23.54481,53.32968,345.74,0.55,0.68,"2026-09-15",852,"N20","nominal","2.0NRT",307.54,3.68,"D"
"1152",31.0886,47.78715,347.25,0.76,0.77,"2026-09-15",854,"N20","nominal","2.0NRT",314.58,22.76,"D"
"1153",31.06206,47.61846,367,0.78,0.78,"2026-09-15",854,"N20","high","2.0NRT",314.12,16.6,"D"
"1154",23.54439,53.33131,340.8,0.55,0.68,"2026-09-15",852,"N20","nominal","2.0NRT",307.55,4.08,"D"
"1155",31.08012,47.62849,367,0.78,0.78,"2026-09-15",854,"N20","high","2.0NRT",316.32,31.42,"D"
"1156",23.54311,53.32612,352.57,0.55,0.68,"2026-09-15",852,"N20","nominal","2.0NRT",308.79,4.08,"D"
"1157",31.09031,47.79691,367,0.76,0.77,"2026-09-15",854,"N20","high","2.0NRT",315.23,39.09,"D"
"1158",23.58213,53.32618,343.26,0.55,0.68,"2026-09-15",852,"N20","nominal","2.0NRT",308.25,2.33,"D"
"1159",31.08807,47.78939,349.89,0.76,0.77,"2026-09-15",854,"N20","nominal","2.0NRT",316.9,45.33,"D"
"1160",24.50258,56.6086,367,0.33,0.55,"2026-09-15",852,"N20","high","2.0NRT",310.21,8.5,"D"
"1161",31.06067,47.62127,367,0.78,0.78,"2026-09-15",854,"N20","high","2.0NRT",313.95,17.4,"D"
"1162",24.50326,56.61175,334.56,0.33,0.55,"2026-09-15",852,"N20","nominal","2.0NRT",308.83,4.96,"D"
"1163",31.07883,47.63133,367,0.78,0.78,"2026-09-15",854,"N20","high","2.0NRT",316.73,30.06,"D"
"1164",26.22132,65.19433,339.96,0.38,0.36,"2026-09-15",852,"N20","nominal","2.0NRT",307.44,4.48,"D"
"1165",31.07654,47.62362,340.36,0.78,0.78,"2026-09-15",854,"N20","nominal","2.0NRT",313.4,20.96,"D"
"1166",24.13524,52.70127,334.35,0.58,0.7,"2026-09-15",852,"N20","low","2.0NRT",309.34,15.77,"D"
"1167",31.40531,48.65139,349.11,0.67,0.73,"2026-09-15",854,"N20","nominal","2.0NRT",318.79,19.88,"D"
"1168",24.50977,54.01731,330.99,0.47,0.64,"2026-09-15",852,"N20","nominal","2.0NRT",299.8,4.65,"D"
"1169",31.26722,48.1208,344.28,0.72,0.76,"2026-09-15",854,"N20","nominal","2.0NRT",316.15,38.76,"D"
"1170",24.79617,53.73518,367,0.49,0.65,"2026-09-15",852,"N20","high","2.0NRT",302.9,9.41,"D"
"1171",31.27383,48.11821,367,0.72,0.76,"2026-09-15",854,"N20","high","2.0NRT",316.03,38.76,"D"
"1172",27.39395,67.5844,341.15,0.43,0.38,"2026-09-15",852,"N20","low","2.0NRT",311.39,11.99,"D"
"1173",31.23631,47.96328,347.74,0.74,0.76,"2026-09-15",854,"N20","nominal","2.0NRT",315.74,19.71,"D"
"1174",24.83153,53.5052,367,0.5,0.66,"2026-09-15",852,"N20","high","2.0NRT",303.43,11.86,"D"
"1175",31.27428,48.11736,367,0.72,0.76,"2026-09-15",854,"N20","high","2.0NRT",313.72,15.88,"D"
"1176",24.83739,53.5035,333.78,0.5,0.66,"2026-09-15",852,"N20","nominal","2.0NRT",300.98,11.86,"D"
"1177",31.27216,48.11019,354.6,0.72,0.76,"2026-09-15",854,"N20","nominal","2.0NRT",313,15.88,"D"
"1178",24.90461,53.7306,367,0.48,0.65,"2026-09-15",852,"N20","high","2.0NRT",300.72,15.89,"D"
"1179",31.23592,47.96283,345.03,0.74,0.76,"2026-09-15",854,"N20","low","2.0NRT",315.18,22.11,"D"
"1180",25.16027,52.87107,367,0.54,0.68,"2026-09-15",852,"N20","high","2.0NRT",308.76,43.09,"D"
"1181",32.2366,51.43064,344.2,0.44,0.63,"2026-09-15",854,"N20","nominal","2.0NRT",314.09,8.88,"D"
"1182",25.16277,52.88128,333.46,0.54,0.68,"2026-09-15",852,"N20","nominal","2.0NRT",302.09,31.09,"D"
"1183",25.1748,52.87764,367,0.54,0.68,"2026-09-15",852,"N20","high","2.0NRT",303.61,27.53,"D"
"1184",32.2421,51.42858,343.94,0.44,0.63,"2026-09-15",854,"N20","nominal","2.0NRT",312.98,8.88,"D"
"1185",25.17354,52.87248,349.78,0.54,0.68,"2026-09-15",852,"N20","nominal","2.0NRT",304.13,27.53,"D"
"1186",32.24095,51.42416,340.63,0.44,0.63,"2026-09-15",854,"N20","low","2.0NRT",312.74,7.01,"D"
"1187",24.9292,51.56484,367,0.65,0.73,"2026-09-15",852,"N20","high","2.0NRT",311.45,37.87,"D"
"1188",31.29915,47.79781,355.36,0.75,0.77,"2026-09-15",854,"N20","nominal","2.0NRT",314.86,20.22,"D"
"1189",28.42538,69.70016,330.65,0.54,0.42,"2026-09-15",852,"N20","low","2.0NRT",303.06,5.05,"D"
"1190",31.35415,47.8588,350.58,0.74,0.76,"2026-09-15",854,"N20","nominal","2.0NRT",316.54,18.25,"D"
"1191",25.42429,52.73693,345.25,0.54,0.68,"2026-09-15",852,"N20","nominal","2.0NRT",302.59,8.21,"D"
"1192",31.29803,47.79595,367,0.75,0.77,"2026-09-15",854,"N20","high","2.0NRT",314.09,16.15,"D"
"1193",25.53305,53.15203,367,0.51,0.66,"2026-09-15",852,"N20","high","2.0NRT",302.66,23.9,"D"
"1194",31.28242,47.71851,340.7,0.76,0.77,"2026-09-15",854,"N20","nominal","2.0NRT",311.49,4.75,"D"
"1195",31.35348,47.8569,352.71,0.74,0.76,"2026-09-15",854,"N20","nominal","2.0NRT",316.04,22.29,"D"
"1196",25.53186,53.14716,350.48,0.51,0.66,"2026-09-15",852,"N20","nominal","2.0NRT",303.79,21.27,"D"
"1197",28.29722,67.73219,340.61,0.44,0.38,"2026-09-15",852,"N20","low","2.0NRT",310.66,3.4,"D"
"1198",32.41737,51.32596,341.25,0.45,0.63,"2026-09-15",854,"N20","low","2.0NRT",313.51,3.65,"D"
"1199",35.78684,69.03587,342.91,0.4,0.45,"2026-09-15",854,"N20","nominal","2.0NRT",308.69,3.52,"D"
"1200",25.59577,52.54362,367,0.55,0.68,"2026-09-15",852,"N20","high","2.0NRT",304.29,14.53,"D"
"1201",35.78586,69.03277,340.54,0.4,0.45,"2026-09-15",854,"N20","low","2.0NRT",311.73,4.21,"D"
"1202",25.88196,51.53641,351.47,0.62,0.72,"2026-09-15",852,"N20","nominal","2.0NRT",309.13,5.78,"D"
"1203",32.05598,47.44279,349.04,0.75,0.77,"2026-09-15",854,"N20","nominal","2.0NRT",315.83,13.43,"D"
"1204",25.89929,51.55037,350.06,0.62,0.71,"2026-09-15",852,"N20","nominal","2.0NRT",309.12,9.23,"D"
"1205",32.10248,47.54947,367,0.74,0.76,"2026-09-15",854,"N20","high","2.0NRT",319.83,22.51,"D"
"1206",27.16845,56.05268,341.27,0.62,0.54,"2026-09-15",852,"N20","nominal","2.0NRT",305.36,5.23,"D"
"1207",32.11385,47.41061,367,0.75,0.77,"2026-09-15",854,"N20","high","2.0NRT",319.46,33.24,"D"
"1208",30.05656,75.32955,331.29,0.4,0.6,"2026-09-15",852,"N20","nominal","2.0NRT",292.88,4.32,"D"
"1209",32.11378,47.41231,367,0.75,0.77,"2026-09-15",854,"N20","high","2.0NRT",318.69,37.06,"D"
"1210",30.06161,75.3306,331.67,0.4,0.6,"2026-09-15",852,"N20","nominal","2.0NRT",292.69,3.17,"D"
"1211",32.17632,47.52181,346.67,0.73,0.76,"2026-09-15",854,"N20","nominal","2.0NRT",318.5,14.78,"D"
"1212",26.89586,52.31171,339.9,0.53,0.67,"2026-09-15",852,"N20","nominal","2.0NRT",302.69,4.04,"D"
"1213",32.35146,47.71237,367,0.71,0.75,"2026-09-15",854,"N20","high","2.0NRT",318.54,16.5,"D"
"1214",30.94169,74.53141,341.96,0.37,0.58,"2026-09-15",852,"N20","nominal","2.0NRT",291.84,4.06,"D"
"1215",32.48785,47.21759,367,0.75,0.77,"2026-09-15",854,"N20","high","2.0NRT",315.21,13.61,"D"
"1216",30.9396,74.53114,342.11,0.37,0.58,"2026-09-15",852,"N20","nominal","2.0NRT",292.01,4.12,"D"
"1217",32.50092,47.21108,349.92,0.75,0.77,"2026-09-15",854,"N20","nominal","2.0NRT",313.01,10.84,"D"
"1218",27.49941,52.65158,333.99,0.49,0.65,"2026-09-15",852,"N20","nominal","2.0NRT",299.22,3.67,"D"
"1219",32.5929,47.54439,354.2,0.71,0.75,"2026-09-15",854,"N20","nominal","2.0NRT",317.32,12.5,"D"
"1220",32.4921,47.20876,349.38,0.75,0.77,"2026-09-15",854,"N20","nominal","2.0NRT",315.06,11.27,"D"
"1221",27.5026,52.6393,353.39,0.49,0.65,"2026-09-15",852,"N20","nominal","2.0NRT",301.86,8.08,"D"
"1222",27.51187,52.62638,367,0.49,0.65,"2026-09-15",852,"N20","high","2.0NRT",300.99,6.89,"D"
"1223",32.49863,47.20552,347.41,0.75,0.77,"2026-09-15",854,"N20","nominal","2.0NRT",314.63,7.74,"D"
"1224",27.51041,52.62049,335.06,0.49,0.65,"2026-09-15",852,"N20","nominal","2.0NRT",301.47,5.42,"D"
"1225",33.25236,47.73588,341.78,0.67,0.74,"2026-09-15",856,"N20","nominal","2.0NRT",312.65,6.93,"D"
"1226",27.50908,52.61515,348.49,0.49,0.65,"2026-09-15",852,"N20","nominal","2.0NRT",301.24,5.42,"D"
"1227",33.52586,48.07216,356.23,0.63,0.72,"2026-09-15",856,"N20","nominal","2.0NRT",312.71,9.48,"D"
"1228",27.51502,52.61392,344.1,0.49,0.65,"2026-09-15",852,"N20","nominal","2.0NRT",301.23,5.42,"D"
"1229",33.52498,48.07133,367,0.63,0.72,"2026-09-15",856,"N20","high","2.0NRT",313.68,12.39,"D"
"1230",27.51706,52.59691,349.48,0.49,0.65,"2026-09-15",852,"N20","nominal","2.0NRT",301.51,8.36,"D"
"1231",33.99574,49.46826,334.27,0.52,0.67,"2026-09-15",856,"N20","low","2.0NRT",308.56,4.55,"D"
"1232",27.53934,52.58585,339.07,0.49,0.65,"2026-09-15",852,"N20","nominal","2.0NRT",301.47,5.15,"D"
"1233",37.0315,62.41916,349.37,0.38,0.36,"2026-09-15",856,"N20","nominal","2.0NRT",317.25,10.15,"D"
"1234",27.52034,52.59402,367,0.49,0.65,"2026-09-15",852,"N20","high","2.0NRT",301.79,9.71,"D"
"1235",37.11843,62.36408,346.08,0.38,0.36,"2026-09-15",856,"N20","nominal","2.0NRT",317.05,15.74,"D"
"1236",27.53822,52.59044,337.55,0.49,0.65,"2026-09-15",852,"N20","nominal","2.0NRT",300.41,3.49,"D"
"1237",27.68454,52.24869,337.85,0.51,0.66,"2026-09-15",852,"N20","nominal","2.0NRT",303.36,3.42,"D"
"1238",36.99451,60.81398,343.65,0.39,0.37,"2026-09-15",856,"N20","nominal","2.0NRT",310.67,12.09,"D"
"1239",27.68787,52.2368,350.43,0.51,0.66,"2026-09-15",852,"N20","nominal","2.0NRT",303.98,4.14,"D"
"1240",36.99854,60.81749,340.99,0.39,0.37,"2026-09-15",856,"N20","low","2.0NRT",314.17,12.09,"D"
"1241",27.71304,52.18539,332.75,0.52,0.66,"2026-09-15",852,"N20","nominal","2.0NRT",302.62,1.96,"D"
"1242",36.99782,60.81312,343.87,0.39,0.37,"2026-09-15",856,"N20","low","2.0NRT",318,12.09,"D"
"1243",27.71766,52.17846,367,0.52,0.66,"2026-09-15",852,"N20","high","2.0NRT",302.69,7.91,"D"
"1244",37.00113,60.81227,346.5,0.39,0.37,"2026-09-15",856,"N20","nominal","2.0NRT",315.07,6.63,"D"
"1245",27.72357,52.17661,355.07,0.52,0.66,"2026-09-15",852,"N20","nominal","2.0NRT",303.57,7.91,"D"
"1246",37.1716,60.93248,335.32,0.39,0.36,"2026-09-15",856,"N20","low","2.0NRT",308.51,2.86,"D"
"1247",27.75942,52.16702,367,0.52,0.66,"2026-09-15",852,"N20","high","2.0NRT",304.69,9.96,"D"
"1248",34.22811,47.84182,367,0.62,0.72,"2026-09-15",856,"N20","high","2.0NRT",309.11,8.01,"D"
"1249",27.76168,52.16948,353.46,0.51,0.66,"2026-09-15",852,"N20","nominal","2.0NRT",303.75,4.94,"D"
"1250",37.37489,62.1268,341.83,0.38,0.36,"2026-09-15",856,"N20","nominal","2.0NRT",303.28,6.73,"D"
"1251",27.76021,52.16378,335.71,0.52,0.66,"2026-09-15",852,"N20","nominal","2.0NRT",304.11,4.94,"D"
"1252",37.37423,62.12251,333.84,0.38,0.36,"2026-09-15",856,"N20","nominal","2.0NRT",295.86,3.47,"D"
"1253",27.09842,49.31524,342.04,0.79,0.78,"2026-09-15",854,"N20","low","2.0NRT",316.15,22.66,"D"
"1254",27.93041,52.19803,345.51,0.51,0.66,"2026-09-15",854,"N20","nominal","2.0NRT",314.99,4.76,"D"
"1255",34.22865,47.842,353.42,0.62,0.72,"2026-09-15",856,"N20","nominal","2.0NRT",308.35,5.83,"D"
"1256",28.58107,53.75321,367,0.4,0.6,"2026-09-15",854,"N20","high","2.0NRT",322.98,13.28,"D"
"1257",37.58048,61.56268,338.95,0.39,0.36,"2026-09-15",856,"N20","low","2.0NRT",312.91,3.44,"D"
"1258",28.58263,53.75308,367,0.4,0.6,"2026-09-15",854,"N20","high","2.0NRT",321.58,12.17,"D"
"1259",29.25348,53.12231,367,0.42,0.61,"2026-09-15",854,"N20","high","2.0NRT",320.88,13.63,"D"
"1260",37.59031,61.56022,339.3,0.39,0.36,"2026-09-15",856,"N20","low","2.0NRT",311.73,4.27,"D"
"1261",29.98978,55.85613,346.2,0.56,0.51,"2026-09-15",854,"N20","nominal","2.0NRT",315.55,7.67,"D"
"1262",37.59686,61.5586,341.38,0.39,0.36,"2026-09-15",856,"N20","nominal","2.0NRT",311.11,4.28,"D"
"1263",28.4957,49.71765,367,0.69,0.74,"2026-09-15",854,"N20","high","2.0NRT",302.49,24.42,"D"
"1264",37.59209,61.5284,348.16,0.39,0.36,"2026-09-15",856,"N20","nominal","2.0NRT",314.94,8.25,"D"
"1265",28.49385,49.71093,350.83,0.69,0.74,"2026-09-15",854,"N20","nominal","2.0NRT",303.99,24.42,"D"
"1266",37.51019,61.01754,340.33,0.39,0.36,"2026-09-15",856,"N20","low","2.0NRT",314.33,4.18,"D"
"1267",28.51312,49.53721,346.72,0.7,0.75,"2026-09-15",854,"N20","nominal","2.0NRT",301.69,6.82,"D"
"1268",37.60828,61.6095,335.44,0.39,0.36,"2026-09-15",856,"N20","nominal","2.0NRT",304.55,1.74,"D"
"1269",29.47692,52.56731,367,0.45,0.63,"2026-09-15",854,"N20","high","2.0NRT",316.43,10.05,"D"
"1270",37.6076,61.60519,331.55,0.39,0.36,"2026-09-15",856,"N20","low","2.0NRT",306.5,1.2,"D"
"1271",37.59537,61.52758,339.11,0.39,0.36,"2026-09-15",856,"N20","low","2.0NRT",313.35,4.78,"D"
"1272",37.60273,61.55265,341.86,0.39,0.36,"2026-09-15",856,"N20","nominal","2.0NRT",311.43,4.65,"D"
"1273",37.61213,61.59064,332.38,0.39,0.36,"2026-09-15",856,"N20","low","2.0NRT",307.03,2.48,"D"
"1274",37.61337,61.57689,339.75,0.39,0.36,"2026-09-15",856,"N20","nominal","2.0NRT",309.18,3.16,"D"
"1275",35.6618,51.90935,337.14,0.34,0.56,"2026-09-15",856,"N20","low","2.0NRT",309.87,1.82,"D"
"1276",35.57376,51.51241,339.72,0.36,0.58,"2026-09-15",856,"N20","low","2.0NRT",314.5,5.84,"D"
"1277",37.52147,60.79675,338.13,0.39,0.36,"2026-09-15",856,"N20","low","2.0NRT",310.53,1.97,"D"
"1278",37.63237,60.49395,338.27,0.4,0.37,"2026-09-15",856,"N20","low","2.0NRT",311.4,2.22,"D"
"1279",37.63437,60.34052,334.47,0.4,0.37,"2026-09-15",856,"N20","low","2.0NRT",307.8,1.51,"D"
"1280",39.10082,70.54889,346.24,0.53,0.5,"2026-09-15",856,"N20","nominal","2.0NRT",312.42,10.75,"D"
"1281",39.10014,70.54047,343.18,0.53,0.5,"2026-09-15",856,"N20","low","2.0NRT",315.04,10.75,"D"
"1282",36.62931,54.11674,333.98,0.49,0.49,"2026-09-15",856,"N20","nominal","2.0NRT",305.87,3.62,"D"
"1283",37.74789,59.35691,336.9,0.42,0.38,"2026-09-15",856,"N20","low","2.0NRT",311.81,2.9,"D"
"1284",37.01438,54.85205,336.71,0.44,0.46,"2026-09-15",856,"N20","nominal","2.0NRT",303.42,2.97,"D"
"1285",37.18555,55.1716,333.02,0.42,0.45,"2026-09-15",856,"N20","low","2.0NRT",304.97,1.93,"D"
"1286",37.18456,55.16698,333.26,0.42,0.45,"2026-09-15",856,"N20","low","2.0NRT",307.05,2.05,"D"
"1287",37.94153,58.56331,336.04,0.44,0.38,"2026-09-15",856,"N20","low","2.0NRT",308.68,3.33,"D"
"1288",37.60668,55.56798,352.4,0.4,0.44,"2026-09-15",856,"N20","nominal","2.0NRT",308.87,5.95,"D"
"1289",38.2799,58.15281,344.5,0.45,0.39,"2026-09-15",856,"N20","nominal","2.0NRT",311.97,6.38,"D"
"1290",39.45476,65.04711,336.79,0.44,0.39,"2026-09-15",856,"N20","low","2.0NRT",310.71,2.93,"D"
"1291",39.99473,67.73302,343.31,0.39,0.44,"2026-09-15",856,"N20","nominal","2.0NRT",311.23,4.54,"D"
"1292",40.56843,72.59528,337.44,0.35,0.57,"2026-09-15",856,"N20","nominal","2.0NRT",306.29,2.87,"D"
"1293",40.56816,72.59047,337.31,0.35,0.57,"2026-09-15",856,"N20","nominal","2.0NRT",306.18,3.03,"D"
"1294",39.67717,63.054,339.75,0.4,0.37,"2026-09-15",856,"N20","low","2.0NRT",311.73,4.47,"D"
"1295",40.85402,72.79789,333.72,0.36,0.58,"2026-09-15",856,"N20","nominal","2.0NRT",301.42,4.68,"D"
"1296",40.85378,72.79361,336.2,0.36,0.58,"2026-09-15",856,"N20","nominal","2.0NRT",302.87,4.1,"D"
"1297",40.85755,72.79449,351.49,0.36,0.58,"2026-09-15",856,"N20","nominal","2.0NRT",308.66,5.35,"D"
"1298",54.84927,56.11119,332.29,0.39,0.36,"2026-09-15",900,"N20","nominal","2.0NRT",292.72,5.95,"D"
"1299",40.86185,69.53776,340.09,0.49,0.49,"2026-09-15",856,"N20","nominal","2.0NRT",309.95,4.42,"D"
"1300",38.64884,54.28623,338.3,0.44,0.46,"2026-09-15",856,"N20","nominal","2.0NRT",307.52,3.4,"D"
"1301",57.93975,56.9414,330.16,0.41,0.37,"2026-09-15",902,"N20","nominal","2.0NRT",287.73,5.47,"D"
"1302",38.64777,54.28138,343.77,0.44,0.46,"2026-09-15",856,"N20","nominal","2.0NRT",309.55,4.03,"D"
"1303",53.16232,31.62285,328.69,0.72,0.75,"2026-09-15",902,"N20","nominal","2.0NRT",275.93,11.23,"D"
"1304",38.68192,54.31613,337.83,0.43,0.46,"2026-09-15",856,"N20","low","2.0NRT",308.43,4.5,"D"
"1305",53.15444,31.62291,355.12,0.72,0.75,"2026-09-15",902,"N20","nominal","2.0NRT",275.81,14.8,"D"
"1306",61.10537,70.2292,342.21,0.38,0.59,"2026-09-15",902,"N20","nominal","2.0NRT",284.55,3.98,"D"
"1307",40.93199,68.71703,343.26,0.45,0.47,"2026-09-15",856,"N20","nominal","2.0NRT",308.38,4.71,"D"
"1308",61.49072,79.30784,353.68,0.76,0.77,"2026-09-15",902,"N20","nominal","2.0NRT",280.48,12.62,"D"
"1309",36.76632,46.51548,332.17,0.62,0.72,"2026-09-15",856,"N20","low","2.0NRT",307.07,2.91,"D"
"1310",58.44387,42.95982,336.83,0.39,0.44,"2026-09-15",902,"N20","nominal","2.0NRT",286.06,4.2,"D"
"1311",36.7669,46.51571,338.84,0.62,0.72,"2026-09-15",856,"N20","nominal","2.0NRT",307.04,3.59,"D"
"1312",58.44753,42.95656,327.64,0.39,0.44,"2026-09-15",902,"N20","nominal","2.0NRT",285.72,3.29,"D"
"1313",36.78874,44.68274,336.45,0.77,0.77,"2026-09-15",856,"N20","nominal","2.0NRT",306.23,9.26,"D"
"1314",61.75095,66.96312,336.49,0.59,0.53,"2026-09-15",902,"N20","nominal","2.0NRT",287.69,5.12,"D"
"1315",36.78732,44.68492,339.55,0.77,0.77,"2026-09-15",856,"N20","nominal","2.0NRT",306.01,7.69,"D"
"1316",61.98065,68.57499,340.18,0.34,0.56,"2026-09-15",902,"N20","nominal","2.0NRT",288.17,3.06,"D"
"1317",42.51838,69.8282,338.2,0.53,0.5,"2026-09-15",856,"N20","low","2.0NRT",308.69,8.2,"D"
"1318",64.56627,73.88358,330.7,0.5,0.66,"2026-09-15",902,"N20","nominal","2.0NRT",285.65,3.65,"D"
"1319",64.57772,73.928,333.54,0.5,0.66,"2026-09-15",902,"N20","nominal","2.0NRT",286.3,4.5,"D"
"1320",42.74309,71.51349,331.05,0.32,0.55,"2026-09-15",856,"N20","nominal","2.0NRT",300.07,2.52,"D"
"1321",64.57851,73.885,330.19,0.5,0.66,"2026-09-15",902,"N20","nominal","2.0NRT",287.28,4.08,"D"
"1322",38.41455,46.35671,346.65,0.57,0.69,"2026-09-15",856,"N20","nominal","2.0NRT",304.98,9.67,"D"
"1323",64.5892,73.97252,346.4,0.5,0.66,"2026-09-15",902,"N20","nominal","2.0NRT",287.46,7.32,"D"
"1324",38.42122,46.35627,355.14,0.57,0.69,"2026-09-15",856,"N20","nominal","2.0NRT",305.41,23.44,"D"
"1325",64.60541,74.0941,328.05,0.51,0.66,"2026-09-15",902,"N20","nominal","2.0NRT",286.02,3.47,"D"
"1326",64.59045,74.15754,349.39,0.51,0.66,"2026-09-15",902,"N20","nominal","2.0NRT",284.1,5.7,"D"
"1327",38.41963,46.35093,355.61,0.57,0.69,"2026-09-15",856,"N20","nominal","2.0NRT",310.4,30.42,"D"
"1328",64.59663,74.15829,325.12,0.51,0.66,"2026-09-15",902,"N20","nominal","2.0NRT",283.5,5.7,"D"
"1329",42.91283,74.87476,330.92,0.48,0.65,"2026-09-15",856,"N20","nominal","2.0NRT",300.53,3.57,"D"
"1330",64.60421,74.09366,326.86,0.51,0.66,"2026-09-15",902,"N20","nominal","2.0NRT",285.94,2.51,"D"
"1331",38.41821,46.35504,367,0.57,0.69,"2026-09-15",856,"N20","high","2.0NRT",308.99,22.47,"D"
"1332",64.67904,73.7144,332.43,0.49,0.65,"2026-09-15",902,"N20","nominal","2.0NRT",285.1,9.37,"D"
"1333",38.41648,46.34935,353.12,0.57,0.69,"2026-09-15",856,"N20","nominal","2.0NRT",309.67,22.47,"D"
"1334",38.69724,47.13319,338.76,0.51,0.66,"2026-09-15",856,"N20","nominal","2.0NRT",301.14,3.12,"D"
"1335",64.70284,73.74944,334.17,0.5,0.65,"2026-09-15",902,"N20","nominal","2.0NRT",283.66,4.8,"D"
"1336",42.93217,69.3665,344.63,0.5,0.49,"2026-09-15",856,"N20","nominal","2.0NRT",310.75,4.69,"D"
"1337",64.70243,73.75072,340.31,0.5,0.66,"2026-09-15",902,"N20","nominal","2.0NRT",283.12,6.86,"D"
"1338",42.93671,69.36588,337.66,0.5,0.49,"2026-09-15",856,"N20","low","2.0NRT",309.72,4.69,"D"
"1339",64.75391,74.51588,355.74,0.52,0.67,"2026-09-15",902,"N20","nominal","2.0NRT",288.58,8.39,"D"
"1340",43.16153,73.0079,340.67,0.39,0.59,"2026-09-15",856,"N20","nominal","2.0NRT",306.22,2.61,"D"
"1341",64.75961,74.5395,335.16,0.52,0.67,"2026-09-15",902,"N20","nominal","2.0NRT",288.87,8.31,"D"
"1342",43.17273,73.01207,344.15,0.39,0.59,"2026-09-15",856,"N20","nominal","2.0NRT",308.52,5.24,"D"
"1343",64.76013,74.51688,335.76,0.52,0.67,"2026-09-15",902,"N20","nominal","2.0NRT",287.82,9.04,"D"
"1344",43.17304,73.00997,342.12,0.39,0.59,"2026-09-15",856,"N20","nominal","2.0NRT",308.99,4.16,"D"
"1345",59.52993,34.14748,343.96,0.33,0.55,"2026-09-15",902,"N20","nominal","2.0NRT",289.97,4.06,"D"
"1346",43.56887,75.16779,367,0.5,0.66,"2026-09-15",856,"N20","high","2.0NRT",306.54,7.58,"D"
"1347",64.81077,74.76488,325.69,0.53,0.67,"2026-09-15",902,"N20","nominal","2.0NRT",288.03,4.13,"D"
"1348",64.81676,74.77747,338.49,0.53,0.67,"2026-09-15",902,"N20","nominal","2.0NRT",290.5,9.25,"D"
"1349",43.56898,75.17146,337.53,0.51,0.66,"2026-09-15",856,"N20","nominal","2.0NRT",304.53,5.15,"D"
"1350",64.81702,74.76588,325.3,0.53,0.67,"2026-09-15",902,"N20","nominal","2.0NRT",289.24,5.13,"D"
"1351",43.56886,75.16515,346.39,0.5,0.66,"2026-09-15",856,"N20","nominal","2.0NRT",306.25,5.15,"D"
"1352",43.72203,75.15964,344.32,0.51,0.66,"2026-09-15",856,"N20","nominal","2.0NRT",303.55,4.62,"D"
"1353",64.8133,74.78258,325.08,0.53,0.67,"2026-09-15",902,"N20","nominal","2.0NRT",287.55,4.35,"D"
"1354",39.72363,47.50387,337.15,0.45,0.63,"2026-09-15",856,"N20","nominal","2.0NRT",297.63,2.7,"D"
"1355",64.81361,74.7709,346.87,0.53,0.67,"2026-09-15",902,"N20","nominal","2.0NRT",289.46,4.35,"D"
"1356",64.81987,74.77187,342.81,0.53,0.67,"2026-09-15",902,"N20","nominal","2.0NRT",290.01,6.9,"D"
"1357",39.75767,47.44841,336.15,0.46,0.63,"2026-09-15",856,"N20","nominal","2.0NRT",299.99,3.45,"D"
"1358",64.891,75.19454,342.46,0.55,0.68,"2026-09-15",902,"N20","nominal","2.0NRT",289.54,5.01,"D"
"1359",39.75835,47.4466,341,0.46,0.63,"2026-09-15",856,"N20","nominal","2.0NRT",299.92,3.51,"D"
"1360",64.8913,75.18261,328.2,0.55,0.68,"2026-09-15",902,"N20","nominal","2.0NRT",288.73,5.01,"D"
"1361",39.72417,47.19895,367,0.47,0.64,"2026-09-15",856,"N20","high","2.0NRT",299.08,8.8,"D"
"1362",42.99179,59.0955,334.52,0.39,0.36,"2026-09-15",856,"N20","low","2.0NRT",307.07,1.22,"D"
"1363",64.89732,75.19561,327.2,0.55,0.68,"2026-09-15",902,"N20","nominal","2.0NRT",288.72,3.12,"D"
"1364",64.91319,75.31851,325.26,0.55,0.68,"2026-09-15",902,"N20","nominal","2.0NRT",289.44,2.84,"D"
"1365",44.48299,72.51338,349.42,0.38,0.58,"2026-09-15",856,"N20","nominal","2.0NRT",305.23,8.88,"D"
"1366",64.89244,75.19744,332.94,0.55,0.68,"2026-09-15",902,"N20","nominal","2.0NRT",290.16,8.37,"D"
"1367",44.48841,72.51298,367,0.38,0.58,"2026-09-15",856,"N20","high","2.0NRT",304.96,8.88,"D"
"1368",64.89278,75.18552,351.66,0.55,0.68,"2026-09-15",902,"N20","nominal","2.0NRT",289.76,10.07,"D"
"1369",44.49382,72.51258,367,0.38,0.58,"2026-09-15",856,"N20","high","2.0NRT",300.23,51.68,"D"
"1370",64.91428,75.32127,331.99,0.55,0.68,"2026-09-15",902,"N20","nominal","2.0NRT",289.34,3.07,"D"
"1371",65.06661,72.23515,342.41,0.45,0.63,"2026-09-15",902,"N20","nominal","2.0NRT",288.37,4.11,"D"
"1372",44.4934,72.50302,332.8,0.38,0.58,"2026-09-15",856,"N20","nominal","2.0NRT",307.7,36.49,"D"
"1373",65.24664,73.62766,334.36,0.49,0.65,"2026-09-15",902,"N20","nominal","2.0NRT",288.81,6.05,"D"
"1374",44.49151,72.46012,337.3,0.37,0.58,"2026-09-15",856,"N20","nominal","2.0NRT",305.4,3.35,"D"
"1375",65.247,73.62138,340.52,0.49,0.65,"2026-09-15",902,"N20","nominal","2.0NRT",290.73,5.51,"D"
"1376",65.85945,76.95959,346.01,0.61,0.71,"2026-09-15",902,"N20","nominal","2.0NRT",287.54,5.61,"D"
"1377",44.49361,72.50779,367,0.38,0.58,"2026-09-15",856,"N20","low","2.0NRT",327.49,51.68,"D"
"1378",65.85603,76.96243,352.17,0.61,0.71,"2026-09-15",905,"N20","nominal","2.0NRT",287.45,7.1,"D"
"1379",44.49902,72.5074,367,0.38,0.58,"2026-09-15",856,"N20","high","2.0NRT",301.15,51.68,"D"
"1380",66.19537,70.99358,350.26,0.41,0.61,"2026-09-15",905,"N20","nominal","2.0NRT",287.22,4.44,"D"
"1381",66.20102,70.99378,346.66,0.41,0.61,"2026-09-15",905,"N20","nominal","2.0NRT",287.26,4.44,"D"
"1382",44.49691,72.45972,367,0.37,0.58,"2026-09-15",856,"N20","high","2.0NRT",307.43,3.35,"D"
"1383",66.33125,75.47008,334.13,0.55,0.68,"2026-09-15",905,"N20","nominal","2.0NRT",290.96,6.65,"D"
"1384",66.30746,77.00316,339.97,0.61,0.71,"2026-09-15",905,"N20","nominal","2.0NRT",289.02,5.64,"D"
"1385",44.49881,72.50262,339.88,0.38,0.58,"2026-09-15",856,"N20","nominal","2.0NRT",312.27,36.49,"D"
"1386",66.42078,77.08621,342.18,0.61,0.71,"2026-09-15",905,"N20","nominal","2.0NRT",289.52,5.69,"D"
"1387",66.90113,75.61585,336.05,0.55,0.68,"2026-09-15",905,"N20","nominal","2.0NRT",289.51,10.27,"D"
"1388",44.49775,72.47875,333.78,0.37,0.58,"2026-09-15",856,"N20","low","2.0NRT",307.08,2.74,"D"
"1389",66.90791,75.60416,355.4,0.55,0.68,"2026-09-15",905,"N20","nominal","2.0NRT",290.82,10.27,"D"
"1390",66.70698,80.46107,344.83,0.75,0.77,"2026-09-15",905,"N20","nominal","2.0NRT",284.01,15.78,"D"
"1391",44.50401,72.49744,367,0.37,0.58,"2026-09-15",856,"N20","high","2.0NRT",306.11,6,"D"
"1392",66.70924,80.45232,353.16,0.75,0.77,"2026-09-15",905,"N20","nominal","2.0NRT",284.96,12.14,"D"
"1393",66.95532,75.55305,367,0.55,0.68,"2026-09-15",905,"N20","high","2.0NRT",292.93,55.32,"D"
"1394",44.50422,72.50224,345.01,0.38,0.58,"2026-09-15",856,"N20","nominal","2.0NRT",300.41,6,"D"
"1395",67.79869,72.52953,337.09,0.46,0.63,"2026-09-15",905,"N20","nominal","2.0NRT",279.04,85.63,"D"
"1396",44.5023,72.45931,347.03,0.37,0.58,"2026-09-15",856,"N20","nominal","2.0NRT",303.39,5.13,"D"
"1397",67.79899,72.50761,353.4,0.46,0.63,"2026-09-15",905,"N20","nominal","2.0NRT",289.17,73.57,"D"
"1398",67.79884,72.51848,356.48,0.46,0.63,"2026-09-15",905,"N20","low","2.0NRT",288.18,73.57,"D"
"1399",44.50209,72.45456,354.66,0.37,0.58,"2026-09-15",856,"N20","nominal","2.0NRT",305.29,5.72,"D"
"1400",67.80444,72.54143,355.87,0.46,0.63,"2026-09-15",905,"N20","nominal","2.0NRT",278.66,85.63,"D"
"1401",67.80487,72.50831,345.67,0.46,0.63,"2026-09-15",905,"N20","nominal","2.0NRT",291.09,73.57,"D"
"1402",44.5092,72.49226,367,0.37,0.58,"2026-09-15",856,"N20","high","2.0NRT",305.12,7.25,"D"
"1403",67.83765,58.93872,336.99,0.41,0.45,"2026-09-15",905,"N20","nominal","2.0NRT",289.7,4.4,"D"
"1404",44.50749,72.45415,367,0.37,0.58,"2026-09-15",856,"N20","high","2.0NRT",307.25,5.72,"D"
"1405",68.52039,79.97211,336.53,0.7,0.75,"2026-09-15",905,"N20","nominal","2.0NRT",284.63,10.22,"D"
"1406",68.52146,79.95446,346.53,0.7,0.75,"2026-09-15",905,"N20","nominal","2.0NRT",287.1,11.99,"D"
"1407",44.50706,72.44463,367,0.37,0.58,"2026-09-15",856,"N20","high","2.0NRT",307.57,7.91,"D"
"1408",68.60001,57.98568,339.9,0.4,0.44,"2026-09-15",905,"N20","nominal","2.0NRT",290.78,3.77,"D"
"1409",44.50941,72.49705,342.04,0.37,0.58,"2026-09-15",856,"N20","nominal","2.0NRT",301.65,6,"D"
"1410",69.26621,57.29348,337.81,0.39,0.44,"2026-09-15",905,"N20","nominal","2.0NRT",284.09,3.52,"D"
"1411",71.14268,72.29594,337.45,0.45,0.63,"2026-09-15",905,"N20","nominal","2.0NRT",283.49,6.32,"D"
"1412",44.50899,72.4875,334.82,0.37,0.58,"2026-09-15",856,"N20","nominal","2.0NRT",307.79,7.25,"D"
"1413",71.2551,72.07578,345.72,0.44,0.62,"2026-09-15",905,"N20","nominal","2.0NRT",284.8,4.12,"D"
"1414",44.50771,72.45891,331.35,0.37,0.58,"2026-09-15",856,"N20","nominal","2.0NRT",305.93,5.13,"D"
"1415",44.50727,72.44939,330.17,0.37,0.58,"2026-09-15",856,"N20","nominal","2.0NRT",304.49,5.72,"D"
"1416",44.51418,72.48233,367,0.37,0.58,"2026-09-15",856,"N20","high","2.0NRT",310.69,18.02,"D"
"1417",44.51397,72.47755,348.95,0.37,0.58,"2026-09-15",856,"N20","nominal","2.0NRT",309.21,18.02,"D"
"1418",44.5185,72.45809,367,0.37,0.58,"2026-09-15",856,"N20","high","2.0NRT",308.6,5.2,"D"
"1419",44.51785,72.44383,349.87,0.37,0.58,"2026-09-15",856,"N20","nominal","2.0NRT",308.49,4.36,"D"
"1420",44.5239,72.4577,334.19,0.37,0.58,"2026-09-15",856,"N20","nominal","2.0NRT",306.29,1.99,"D"
"1421",44.51089,72.48891,347.51,0.37,0.58,"2026-09-15",856,"N20","nominal","2.0NRT",304.62,7.3,"D"
"1422",44.50919,72.44598,350.14,0.37,0.58,"2026-09-15",856,"N20","nominal","2.0NRT",307.05,7.23,"D"
"1423",44.51611,72.48373,367,0.37,0.58,"2026-09-15",856,"N20","high","2.0NRT",301.85,20.59,"D"
"1424",44.51591,72.47894,344.6,0.37,0.58,"2026-09-15",856,"N20","nominal","2.0NRT",312.58,20.59,"D"
"1425",44.52036,72.45465,367,0.37,0.58,"2026-09-15",856,"N20","high","2.0NRT",309.46,8.84,"D"
"1426",44.52056,72.45942,335.54,0.37,0.58,"2026-09-15",856,"N20","nominal","2.0NRT",306.75,5.33,"D"
"1427",44.53096,72.44907,355.15,0.37,0.58,"2026-09-15",856,"N20","nominal","2.0NRT",310.58,9.54,"D"
"1428",44.53637,72.44866,342.48,0.37,0.58,"2026-09-15",856,"N20","nominal","2.0NRT",304.24,9.54,"D"
"1429",44.53617,72.4439,330.75,0.37,0.58,"2026-09-15",856,"N20","low","2.0NRT",305.4,5.47,"D"
"1430",44.53597,72.43915,332.77,0.37,0.58,"2026-09-15",856,"N20","low","2.0NRT",305.91,5.47,"D"
"1431",44.53578,72.43439,333.37,0.37,0.58,"2026-09-15",856,"N20","low","2.0NRT",306.71,2.8,"D"
"1432",44.53558,72.42963,333.4,0.37,0.58,"2026-09-15",856,"N20","low","2.0NRT",306.29,2.8,"D"
"1433",40.23815,45.68846,344.99,0.54,0.68,"2026-09-15",856,"N20","nominal","2.0NRT",302.34,11.46,"D"
"1434",40.23635,45.6825,354.64,0.54,0.68,"2026-09-15",856,"N20","nominal","2.0NRT",302.62,16.08,"D"
"1435",40.24977,45.68243,331.91,0.54,0.68,"2026-09-15",856,"N20","nominal","2.0NRT",301.1,4.92,"D"
"1436",43.61404,59.97334,337.97,0.38,0.36,"2026-09-15",856,"N20","nominal","2.0NRT",310.03,2.14,"D"
"1437",40.71315,44.00111,350.25,0.63,0.72,"2026-09-15",858,"N20","nominal","2.0NRT",300.17,12.59,"D"
"1438",45.16733,65.19783,330.84,0.52,0.41,"2026-09-15",858,"N20","low","2.0NRT",303.5,6.35,"D"
"1439",45.17112,65.19706,344.93,0.52,0.41,"2026-09-15",858,"N20","nominal","2.0NRT",310.34,6.35,"D"
"1440",45.45036,61.94851,338.26,0.41,0.37,"2026-09-15",858,"N20","nominal","2.0NRT",306.28,3.46,"D"
"1441",41.49915,43.43023,350.23,0.64,0.72,"2026-09-15",858,"N20","nominal","2.0NRT",290.26,11.73,"D"
"1442",41.49685,43.42312,327.61,0.64,0.72,"2026-09-15",858,"N20","nominal","2.0NRT",292.35,10.48,"D"
"1443",41.49894,43.43189,326.63,0.64,0.72,"2026-09-15",858,"N20","nominal","2.0NRT",289.34,7.87,"D"
"1444",41.4966,43.4248,349.55,0.64,0.72,"2026-09-15",858,"N20","nominal","2.0NRT",293.3,7.87,"D"
"1445",43.17099,46.44911,332.63,0.41,0.6,"2026-09-15",858,"N20","nominal","2.0NRT",290.01,3.19,"D"
"1446",43.50966,47.13937,337.28,0.37,0.58,"2026-09-15",858,"N20","nominal","2.0NRT",293.61,2.85,"D"
"1447",47.7625,67.75386,341.12,0.47,0.48,"2026-09-15",858,"N20","nominal","2.0NRT",304.29,3.99,"D"
"1448",45.89531,53.30029,341.4,0.51,0.41,"2026-09-15",858,"N20","nominal","2.0NRT",306.38,4.12,"D"
"1449",49.07568,74.83035,367,0.52,0.67,"2026-09-15",858,"N20","high","2.0NRT",294.38,12.86,"D"
"1450",49.0756,74.8231,338.36,0.52,0.67,"2026-09-15",858,"N20","nominal","2.0NRT",294.56,12.86,"D"
"1451",49.07544,74.80846,336.89,0.52,0.66,"2026-09-15",858,"N20","nominal","2.0NRT",295.89,9.1,"D"
"1452",49.08867,74.88883,335.6,0.52,0.67,"2026-09-15",858,"N20","nominal","2.0NRT",292.11,6.15,"D"
"1453",49.07454,74.83102,367,0.52,0.67,"2026-09-15",858,"N20","high","2.0NRT",296.29,20.56,"D"
"1454",49.07449,74.82378,341.02,0.52,0.67,"2026-09-15",858,"N20","nominal","2.0NRT",295.02,16.43,"D"
"1455",49.08048,74.7942,338.68,0.52,0.66,"2026-09-15",858,"N20","nominal","2.0NRT",296.76,8.53,"D"
"1456",49.09332,74.86738,330.84,0.52,0.67,"2026-09-15",858,"N20","nominal","2.0NRT",290.6,7.96,"D"
"1457",49.09941,74.85245,367,0.52,0.67,"2026-09-15",858,"N20","high","2.0NRT",292.24,25.21,"D"
"1458",49.09878,74.76426,367,0.51,0.66,"2026-09-15",858,"N20","high","2.0NRT",296.34,39.18,"D"
"1459",49.09936,74.84512,347.14,0.52,0.67,"2026-09-15",858,"N20","nominal","2.0NRT",297.82,25.21,"D"
"1460",49.09926,74.8305,355.73,0.52,0.67,"2026-09-15",858,"N20","nominal","2.0NRT",278.22,16.28,"D"
"1461",49.09921,74.8231,342.16,0.52,0.67,"2026-09-15",858,"N20","nominal","2.0NRT",289.73,8.74,"D"
"1462",49.09873,74.75735,336.9,0.51,0.66,"2026-09-15",858,"N20","nominal","2.0NRT",309.98,39.18,"D"
"1463",49.09867,74.7504,330.71,0.51,0.66,"2026-09-15",858,"N20","nominal","2.0NRT",296.34,21.35,"D"
"1464",49.41908,75.52967,350.15,0.56,0.69,"2026-09-15",858,"N20","nominal","2.0NRT",296.16,8.07,"D"
"1465",48.16143,57.14655,342.45,0.39,0.36,"2026-09-15",858,"N20","nominal","2.0NRT",316.64,8.9,"D"
"1466",48.23311,57.35335,336.74,0.39,0.36,"2026-09-15",858,"N20","nominal","2.0NRT",309.79,1.35,"D"
"1467",48.52806,57.6067,336.2,0.38,0.36,"2026-09-15",858,"N20","nominal","2.0NRT",310.8,1.93,"D"
"1468",50.10542,71.55372,348.95,0.37,0.58,"2026-09-15",858,"N20","nominal","2.0NRT",294.2,5.33,"D"
"1469",50.40025,74.77114,329.89,0.52,0.67,"2026-09-15",858,"N20","nominal","2.0NRT",295.48,4.49,"D"
"1470",50.39858,74.77016,330.08,0.52,0.67,"2026-09-15",858,"N20","nominal","2.0NRT",295.65,6.23,"D"
"1471",50.01204,56.93273,349.13,0.38,0.36,"2026-09-15",858,"N20","nominal","2.0NRT",304.62,16.12,"D"
"1472",50.0112,56.92746,352.76,0.38,0.36,"2026-09-15",858,"N20","nominal","2.0NRT",299.22,16.12,"D"
"1473",50.01612,56.93675,333.31,0.38,0.36,"2026-09-15",858,"N20","nominal","2.0NRT",293.46,5.36,"D"
"1474",50.01528,56.93148,347.4,0.38,0.36,"2026-09-15",858,"N20","nominal","2.0NRT",297.62,16.12,"D"
"1475",50.01936,56.93551,331.48,0.38,0.36,"2026-09-15",858,"N20","nominal","2.0NRT",292.18,1.29,"D"
"1476",50.34947,57.13281,343.48,0.38,0.36,"2026-09-15",858,"N20","nominal","2.0NRT",298.18,9.43,"D"
"1477",50.36162,57.12255,335.1,0.38,0.36,"2026-09-15",858,"N20","nominal","2.0NRT",299.22,3,"D"
"1478",52.56686,65.49406,329.78,0.43,0.46,"2026-09-15",900,"N20","nominal","2.0NRT",294.57,3.6,"D"
"1479",52.57156,65.4996,332.15,0.43,0.46,"2026-09-15",900,"N20","nominal","2.0NRT",293.01,5.52,"D"
"1480",52.56627,65.49084,327.68,0.43,0.46,"2026-09-15",900,"N20","nominal","2.0NRT",293.83,4.52,"D"
"1481",52.57141,65.50275,333.88,0.43,0.46,"2026-09-15",900,"N20","nominal","2.0NRT",293.5,3.46,"D"
"1482",52.73304,65.72614,337.97,0.44,0.46,"2026-09-15",900,"N20","nominal","2.0NRT",291.1,7.9,"D"
"1483",51.64154,55.58937,333.34,0.39,0.36,"2026-09-15",900,"N20","nominal","2.0NRT",297.99,2.44,"D"
"1484",51.59787,55.28522,331.85,0.39,0.36,"2026-09-15",900,"N20","nominal","2.0NRT",296.22,1.54,"D"
"1485",51.59236,55.16973,339.76,0.39,0.36,"2026-09-15",900,"N20","nominal","2.0NRT",296.74,4.44,"D"
"1486",51.60627,55.21088,333.63,0.39,0.36,"2026-09-15",900,"N20","nominal","2.0NRT",298.13,2.24,"D"
"1487",51.59745,55.13795,332.08,0.39,0.36,"2026-09-15",900,"N20","nominal","2.0NRT",296.59,1.63,"D"
"1488",51.60998,55.19154,332.93,0.39,0.36,"2026-09-15",900,"N20","nominal","2.0NRT",299.97,4.81,"D"
"1489",51.60534,55.16402,332.07,0.39,0.36,"2026-09-15",900,"N20","nominal","2.0NRT",296.09,3.1,"D"
"1490",52.4361,58.96759,329.27,0.4,0.37,"2026-09-15",900,"N20","low","2.0NRT",300.06,69.08,"D"
"1491",51.87405,54.74758,337.41,0.39,0.36,"2026-09-15",900,"N20","nominal","2.0NRT",295.03,4.88,"D"
"1492",51.56614,52.75299,342.31,0.43,0.38,"2026-09-15",900,"N20","nominal","2.0NRT",279.25,7.94,"D"
"1493",53.51603,60.02189,327.07,0.43,0.38,"2026-09-15",900,"N20","nominal","2.0NRT",293.73,3.12,"D"
"1494",53.5195,60.02076,340.47,0.43,0.38,"2026-09-15",900,"N20","nominal","2.0NRT",294.78,3.12,"D"
"1495",53.81347,62.24243,333.41,0.51,0.41,"2026-09-15",900,"N20","nominal","2.0NRT",292.78,19.38,"D"
"1496",53.45702,59.03766,326.78,0.41,0.37,"2026-09-15",900,"N20","nominal","2.0NRT",292.8,2.68,"D"
"1497",53.47103,58.98118,326.91,0.41,0.37,"2026-09-15",900,"N20","nominal","2.0NRT",296.8,3.66,"D"
"1498",58.446,42.96356,337.77,0.63,0.54,"2026-09-15",1041,"N20","nominal","2.0NRT",287.37,9.58,"D"
"1499",58.44526,42.95675,338.67,0.63,0.54,"2026-09-15",1041,"N20","nominal","2.0NRT",289.46,16.44,"D"
"1500",58.51553,39.26349,356.1,0.46,0.47,"2026-09-15",1041,"N20","nominal","2.0NRT",287.52,10.8,"D"
"1501",35.37346,44.38726,352.98,0.44,0.46,"2026-09-15",1036,"N20","nominal","2.0NRT",324.5,15.75,"D"
"1502",58.5199,39.2626,331.47,0.46,0.47,"2026-09-15",1041,"N20","nominal","2.0NRT",283.18,3.97,"D"
"1503",59.13137,37.78766,347.2,0.42,0.45,"2026-09-15",1041,"N20","nominal","2.0NRT",296.82,21.23,"D"
"1504",35.45871,44.42379,343.49,0.44,0.46,"2026-09-15",1036,"N20","low","2.0NRT",318.04,11.01,"D"
"1505",59.13199,37.78661,343.18,0.42,0.45,"2026-09-15",1041,"N20","nominal","2.0NRT",297.65,27.05,"D"
"1506",35.45777,44.42152,348.44,0.44,0.46,"2026-09-15",1036,"N20","nominal","2.0NRT",321.87,9.52,"D"
"1507",35.4883,44.15668,344.6,0.43,0.46,"2026-09-15",1036,"N20","low","2.0NRT",317.5,33.67,"D"
"1508",35.52777,44.3433,367,0.44,0.46,"2026-09-15",1036,"N20","high","2.0NRT",318.43,9.93,"D"
"1509",35.53154,44.33792,353.16,0.44,0.46,"2026-09-15",1036,"N20","nominal","2.0NRT",318.26,9.01,"D"
"1510",35.56484,44.28627,344.45,0.43,0.46,"2026-09-15",1036,"N20","low","2.0NRT",318.54,9.78,"D"
"1511",35.59594,42.99199,346.9,0.56,0.43,"2026-09-15",1036,"N20","low","2.0NRT",319.85,6.4,"D"
"1512",35.72512,44.04399,344.99,0.42,0.45,"2026-09-15",1036,"N20","nominal","2.0NRT",317.84,34.94,"D"
"1513",35.72836,44.03402,348.09,0.42,0.45,"2026-09-15",1036,"N20","nominal","2.0NRT",319.12,7.37,"D"
"1514",35.7075,43.54653,350.55,0.4,0.44,"2026-09-15",1036,"N20","low","2.0NRT",322.07,11.48,"D"
"1515",35.7723,43.99555,347.3,0.42,0.45,"2026-09-15",1036,"N20","nominal","2.0NRT",320.66,8.07,"D"
"1516",35.99738,43.7653,342.88,0.41,0.45,"2026-09-15",1036,"N20","low","2.0NRT",315.5,7.08,"D"
"1517",36.0184,43.68383,345,0.41,0.45,"2026-09-15",1036,"N20","nominal","2.0NRT",318.68,4.92,"D"
"1518",36.08488,44.13267,345.82,0.43,0.46,"2026-09-15",1036,"N20","low","2.0NRT",317.58,8.56,"D"
"1519",36.16908,43.76041,344.14,0.41,0.45,"2026-09-15",1036,"N20","low","2.0NRT",316.97,6.07,"D"
"1520",36.16864,43.75589,347.34,0.41,0.45,"2026-09-15",1036,"N20","low","2.0NRT",317.89,6.07,"D"
"1521",36.16821,43.75136,348.58,0.41,0.45,"2026-09-15",1036,"N20","low","2.0NRT",318.63,6.01,"D"
"1522",36.17233,43.75068,345.86,0.41,0.45,"2026-09-15",1036,"N20","low","2.0NRT",320.75,6.01,"D"
"1523",36.23977,44.32673,341.25,0.44,0.46,"2026-09-15",1036,"N20","low","2.0NRT",315.93,5.58,"D"
"1524",36.05091,41.43391,342.83,0.48,0.4,"2026-09-15",1036,"N20","low","2.0NRT",317.59,6.88,"D"
"1525",36.32729,43.68386,344.6,0.41,0.45,"2026-09-15",1036,"N20","low","2.0NRT",317.67,23.13,"D"
"1526",36.21112,41.75631,350.19,0.5,0.41,"2026-09-15",1036,"N20","low","2.0NRT",320.87,6.77,"D"
"1527",36.44106,43.88063,344.62,0.42,0.45,"2026-09-15",1036,"N20","low","2.0NRT",316.18,4.33,"D"
"1528",36.21485,41.75566,342.71,0.5,0.41,"2026-09-15",1036,"N20","low","2.0NRT",316.25,6.77,"D"
"1529",35.45599,36.26081,344.08,0.39,0.36,"2026-09-15",1036,"N20","low","2.0NRT",314.85,6.5,"D"
"1530",35.57818,36.68068,347.91,0.39,0.36,"2026-09-15",1036,"N20","nominal","2.0NRT",315.88,4.54,"D"
"1531",35.66194,36.31006,339.08,0.39,0.36,"2026-09-15",1036,"N20","low","2.0NRT",313.88,2.49,"D"
"1532",36.6611,43.68495,344.27,0.41,0.45,"2026-09-15",1036,"N20","nominal","2.0NRT",318.65,4.74,"D"
"1533",36.05606,38.61918,343.34,0.39,0.37,"2026-09-15",1036,"N20","nominal","2.0NRT",312.96,3.11,"D"
"1534",35.73776,36.31424,348.28,0.39,0.36,"2026-09-15",1036,"N20","nominal","2.0NRT",314.03,4.88,"D"
"1535",35.74105,36.31344,348.64,0.39,0.36,"2026-09-15",1036,"N20","nominal","2.0NRT",315.22,4.88,"D"
"1536",36.71978,43.70522,344.52,0.42,0.45,"2026-09-15",1036,"N20","nominal","2.0NRT",318.11,4.98,"D"
"1537",36.77694,43.3239,349.83,0.4,0.44,"2026-09-15",1036,"N20","nominal","2.0NRT",316.69,9.2,"D"
"1538",36.86824,43.49074,341.39,0.41,0.45,"2026-09-15",1036,"N20","nominal","2.0NRT",307.77,5.98,"D"
"1539",36.52499,40.47523,346.09,0.45,0.39,"2026-09-15",1036,"N20","low","2.0NRT",317.31,5.94,"D"
"1540",36.86683,43.48764,341.57,0.41,0.45,"2026-09-15",1036,"N20","nominal","2.0NRT",308.32,4.32,"D"
"1541",36.89049,43.43122,335.5,0.41,0.45,"2026-09-15",1036,"N20","nominal","2.0NRT",307.7,2.73,"D"
"1542",36.6765,40.75018,351.76,0.46,0.39,"2026-09-15",1036,"N20","nominal","2.0NRT",318.28,7.97,"D"
"1543",36.71412,40.75878,345.91,0.46,0.39,"2026-09-15",1036,"N20","low","2.0NRT",317.39,5.46,"D"
"1544",36.74562,40.22364,342.13,0.44,0.38,"2026-09-15",1036,"N20","low","2.0NRT",314.67,12.53,"D"
"1545",36.745,40.21877,343.44,0.44,0.38,"2026-09-15",1036,"N20","nominal","2.0NRT",317.38,11.34,"D"
"1546",36.69441,39.81919,344.24,0.43,0.38,"2026-09-15",1036,"N20","low","2.0NRT",316.34,5.06,"D"
"1547",36.58192,38.91778,335.72,0.4,0.37,"2026-09-15",1036,"N20","nominal","2.0NRT",309.28,1.61,"D"
"1548",36.75273,39.96912,347.96,0.43,0.38,"2026-09-15",1036,"N20","nominal","2.0NRT",314.37,4.4,"D"
"1549",36.64775,39.17247,338.7,0.41,0.37,"2026-09-15",1036,"N20","nominal","2.0NRT",311.45,2.06,"D"
"1550",36.34167,37.03021,337.01,0.38,0.36,"2026-09-15",1036,"N20","nominal","2.0NRT",294.16,7.88,"D"
"1551",36.34102,37.02597,353.87,0.38,0.36,"2026-09-15",1036,"N20","nominal","2.0NRT",299.23,25.58,"D"
"1552",36.83087,40.24361,340.79,0.44,0.38,"2026-09-15",1036,"N20","low","2.0NRT",313.91,4.42,"D"
"1553",36.83438,40.24295,345.76,0.44,0.38,"2026-09-15",1036,"N20","nominal","2.0NRT",315.89,4.84,"D"
"1554",36.62531,38.62086,343.8,0.4,0.37,"2026-09-15",1036,"N20","nominal","2.0NRT",312.98,4.03,"D"
"1555",36.62865,38.62014,338.95,0.4,0.37,"2026-09-15",1036,"N20","low","2.0NRT",311.69,2.35,"D"
"1556",36.32336,36.47651,350.06,0.39,0.36,"2026-09-15",1036,"N20","nominal","2.0NRT",310.86,9.8,"D"
"1557",36.32269,36.47226,348.3,0.39,0.36,"2026-09-15",1036,"N20","nominal","2.0NRT",312.47,9.8,"D"
"1558",36.63477,38.37014,338.31,0.39,0.36,"2026-09-15",1036,"N20","low","2.0NRT",311.46,4.95,"D"
"1559",36.63415,38.36578,338.5,0.39,0.36,"2026-09-15",1036,"N20","low","2.0NRT",312.86,6.2,"D"
"1560",36.45001,37.07073,330.29,0.38,0.36,"2026-09-15",1036,"N20","low","2.0NRT",302.56,1.33,"D"
"1561",36.38693,36.44784,333.46,0.39,0.36,"2026-09-15",1036,"N20","low","2.0NRT",305.51,2.52,"D"
"1562",36.73489,38.55349,336.74,0.4,0.37,"2026-09-15",1036,"N20","low","2.0NRT",311.43,0.83,"D"
"1563",36.7915,38.8896,336.48,0.4,0.37,"2026-09-15",1036,"N20","nominal","2.0NRT",308.94,4.45,"D"
"1564",36.77798,38.56685,338.52,0.4,0.37,"2026-09-15",1036,"N20","low","2.0NRT",313.11,2.13,"D"
"1565",36.54502,36.41172,342.02,0.39,0.36,"2026-09-15",1036,"N20","nominal","2.0NRT",305.45,4.19,"D"
"1566",36.72429,36.99205,350.88,0.38,0.36,"2026-09-15",1036,"N20","nominal","2.0NRT",313.7,10.33,"D"
"1567",36.26175,33.73017,334.29,0.44,0.39,"2026-09-15",1036,"N20","nominal","2.0NRT",304.93,2.41,"D"
"1568",36.26242,33.73214,330.3,0.44,0.39,"2026-09-15",1036,"N20","low","2.0NRT",305.15,2.7,"D"
"1569",37.24521,39.87119,336.38,0.43,0.38,"2026-09-15",1036,"N20","low","2.0NRT",309.66,3.76,"D"
"1570",36.72845,36.21368,333.2,0.39,0.36,"2026-09-15",1036,"N20","low","2.0NRT",307.65,3.72,"D"
"1571",36.73174,36.21288,337.47,0.39,0.36,"2026-09-15",1036,"N20","low","2.0NRT",307.73,3.59,"D"
"1572",36.73434,36.20778,334.64,0.39,0.36,"2026-09-15",1036,"N20","low","2.0NRT",308.26,3.59,"D"
"1573",36.7383,36.21125,337.53,0.39,0.36,"2026-09-15",1036,"N20","low","2.0NRT",309.82,3.11,"D"
"1574",37.36757,39.75848,348.15,0.43,0.38,"2026-09-15",1036,"N20","nominal","2.0NRT",315.59,5.56,"D"
"1575",38.23281,48.21275,348.3,0.38,0.59,"2026-09-15",1036,"N20","nominal","2.0NRT",311.51,2.62,"D"
"1576",38.20968,47.3678,367,0.34,0.56,"2026-09-15",1036,"N20","high","2.0NRT",309.06,10.24,"D"
"1577",38.2099,47.37121,338.01,0.34,0.56,"2026-09-15",1036,"N20","nominal","2.0NRT",304.02,6.08,"D"
"1578",36.87658,35.52709,332.59,0.39,0.36,"2026-09-15",1036,"N20","low","2.0NRT",303.57,2.77,"D"
"1579",36.93193,35.80231,348.51,0.39,0.36,"2026-09-15",1036,"N20","nominal","2.0NRT",308.25,8.21,"D"
"1580",36.9479,35.75478,332.95,0.39,0.36,"2026-09-15",1036,"N20","low","2.0NRT",305.83,3.33,"D"
"1581",36.82164,34.94083,338.4,0.4,0.37,"2026-09-15",1036,"N20","nominal","2.0NRT",305.24,6.88,"D"
"1582",36.83681,34.9275,337.31,0.4,0.37,"2026-09-15",1036,"N20","nominal","2.0NRT",304.97,3.54,"D"
"1583",38.35289,48.28246,331.23,0.39,0.59,"2026-09-15",1036,"N20","low","2.0NRT",306.04,2.01,"D"
"1584",36.90081,35.11954,332.8,0.4,0.37,"2026-09-15",1036,"N20","nominal","2.0NRT",301.25,6.66,"D"
"1585",37.04427,35.96866,344.1,0.39,0.36,"2026-09-15",1036,"N20","nominal","2.0NRT",307.41,10.94,"D"
"1586",37.04079,35.9471,344.53,0.39,0.36,"2026-09-15",1036,"N20","nominal","2.0NRT",308.55,17.61,"D"
"1587",36.9004,35.09654,344.51,0.4,0.37,"2026-09-15",1036,"N20","nominal","2.0NRT",308.8,11,"D"
"1588",36.89965,35.09211,336.47,0.4,0.37,"2026-09-15",1036,"N20","nominal","2.0NRT",307.03,11,"D"
"1589",37.51151,39.12228,341.39,0.41,0.37,"2026-09-15",1036,"N20","low","2.0NRT",316.36,14.75,"D"
"1590",37.04755,35.96782,338.78,0.39,0.36,"2026-09-15",1036,"N20","nominal","2.0NRT",306.49,27.4,"D"
"1591",37.04477,35.95058,335.61,0.39,0.36,"2026-09-15",1036,"N20","nominal","2.0NRT",303.12,28.16,"D"
"1592",37.51491,39.12158,346.37,0.41,0.37,"2026-09-15",1036,"N20","nominal","2.0NRT",315.98,14.75,"D"
"1593",37.51429,39.11695,336.79,0.41,0.37,"2026-09-15",1036,"N20","low","2.0NRT",311.58,14.75,"D"
"1594",37.0593,35.95589,340.25,0.39,0.36,"2026-09-15",1036,"N20","nominal","2.0NRT",305.12,3.24,"D"
"1595",37.07434,36.02829,339.26,0.39,0.36,"2026-09-15",1036,"N20","nominal","2.0NRT",307.96,2.74,"D"
"1596",37.09114,35.9848,345.61,0.39,0.36,"2026-09-15",1036,"N20","nominal","2.0NRT",305.18,7.48,"D"
"1597",37.1539,36.20615,336.86,0.39,0.36,"2026-09-15",1036,"N20","low","2.0NRT",309.46,3.64,"D"
"1598",37.15581,36.19675,336.43,0.39,0.36,"2026-09-15",1036,"N20","low","2.0NRT",309.7,5.42,"D"
"1599",37.10955,35.90841,337.39,0.39,0.36,"2026-09-15",1036,"N20","nominal","2.0NRT",305.11,6.69,"D"
"1600",37.122,35.90078,346.09,0.39,0.36,"2026-09-15",1036,"N20","nominal","2.0NRT",305.54,7.72,"D"
"1601",37.12807,35.9172,342.25,0.39,0.36,"2026-09-15",1036,"N20","nominal","2.0NRT",306.39,7.49,"D"
"1602",37.13136,35.91637,335.37,0.39,0.36,"2026-09-15",1036,"N20","nominal","2.0NRT",303.12,7.49,"D"
"1603",37.13066,35.91206,340.04,0.39,0.36,"2026-09-15",1036,"N20","nominal","2.0NRT",303.52,4.71,"D"
"1604",37.16262,35.87703,339.22,0.39,0.36,"2026-09-15",1036,"N20","nominal","2.0NRT",308.72,4.72,"D"
"1605",37.15984,35.85975,347.67,0.39,0.36,"2026-09-15",1036,"N20","nominal","2.0NRT",304.76,4.19,"D"
"1606",37.16312,35.85892,345.51,0.39,0.36,"2026-09-15",1036,"N20","nominal","2.0NRT",307.87,4.19,"D"
"1607",37.18515,35.97464,334.01,0.39,0.36,"2026-09-15",1036,"N20","low","2.0NRT",308.95,3.74,"D"
"1608",37.18446,35.97033,336,0.39,0.36,"2026-09-15",1036,"N20","low","2.0NRT",308.82,3.17,"D"
"1609",37.1881,35.908,337.44,0.39,0.36,"2026-09-15",1036,"N20","nominal","2.0NRT",307.18,27.22,"D"
"1610",37.1867,35.89937,350.19,0.39,0.36,"2026-09-15",1036,"N20","nominal","2.0NRT",314.53,28.59,"D"
"1611",37.186,35.89506,343.42,0.39,0.36,"2026-09-15",1036,"N20","nominal","2.0NRT",310.68,28.59,"D"
"1612",37.18929,35.89423,339.14,0.39,0.36,"2026-09-15",1036,"N20","low","2.0NRT",311.26,28.59,"D"
"1613",37.21447,35.98666,334.65,0.39,0.36,"2026-09-15",1036,"N20","low","2.0NRT",306.47,2.61,"D"
"1614",38.5409,48.48964,367,0.4,0.6,"2026-09-15",1036,"N20","high","2.0NRT",310.25,10.79,"D"
"1615",38.5411,48.49351,344.6,0.4,0.6,"2026-09-15",1036,"N20","nominal","2.0NRT",306.97,10.75,"D"
"1616",38.41453,46.351,337.71,0.61,0.53,"2026-09-15",1036,"N20","low","2.0NRT",309.01,8.57,"D"
"1617",37.21606,35.86949,338.26,0.39,0.36,"2026-09-15",1036,"N20","nominal","2.0NRT",308.18,3.58,"D"
"1618",37.26989,36.09828,333.91,0.39,0.36,"2026-09-15",1036,"N20","nominal","2.0NRT",301.67,1.43,"D"
"1619",37.28131,36.04164,338.97,0.39,0.36,"2026-09-15",1036,"N20","nominal","2.0NRT",307.2,2.95,"D"
"1620",37.26037,35.88977,336.63,0.39,0.36,"2026-09-15",1036,"N20","low","2.0NRT",307.62,23.64,"D"
"1621",37.28305,36.00981,335.58,0.39,0.36,"2026-09-15",1036,"N20","low","2.0NRT",305.94,4.17,"D"
"1622",37.28236,36.0055,342.47,0.39,0.36,"2026-09-15",1036,"N20","nominal","2.0NRT",310.06,4.17,"D"
"1623",37.26435,35.89326,337.11,0.39,0.36,"2026-09-15",1036,"N20","nominal","2.0NRT",306.39,8.74,"D"
"1624",37.30015,36.01,347.92,0.39,0.36,"2026-09-15",1036,"N20","nominal","2.0NRT",314.97,23.9,"D"
"1625",37.29946,36.00569,340.16,0.39,0.36,"2026-09-15",1036,"N20","low","2.0NRT",311.45,49.12,"D"
"1626",37.30205,36.00055,336.06,0.39,0.36,"2026-09-15",1036,"N20","nominal","2.0NRT",305.81,49.12,"D"
"1627",37.30119,35.97383,338.74,0.39,0.36,"2026-09-15",1036,"N20","low","2.0NRT",308.99,3.81,"D"
"1628",37.29981,35.96521,335.94,0.39,0.36,"2026-09-15",1036,"N20","low","2.0NRT",309.88,4.83,"D"
"1629",37.35556,35.95152,339.14,0.39,0.36,"2026-09-15",1036,"N20","nominal","2.0NRT",307.31,2.58,"D"
"1630",37.7794,38.79977,336.3,0.41,0.37,"2026-09-15",1036,"N20","low","2.0NRT",310.83,1.17,"D"
"1631",37.35884,35.95069,341.34,0.39,0.36,"2026-09-15",1036,"N20","nominal","2.0NRT",306.01,3.81,"D"
"1632",37.35808,35.86095,345.99,0.39,0.36,"2026-09-15",1036,"N20","nominal","2.0NRT",307.1,6.44,"D"
"1633",37.38993,35.9743,335.54,0.39,0.36,"2026-09-15",1036,"N20","low","2.0NRT",307.6,4.37,"D"
"1634",37.39184,35.96484,346.72,0.39,0.36,"2026-09-15",1036,"N20","nominal","2.0NRT",308.8,8.95,"D"
"1635",37.73517,38.1307,348.48,0.39,0.37,"2026-09-15",1036,"N20","nominal","2.0NRT",316.87,6.34,"D"
"1636",38.35222,42.56023,335.37,0.57,0.43,"2026-09-15",1036,"N20","low","2.0NRT",310.08,4.96,"D"
"1637",38.35561,42.55389,335.19,0.57,0.43,"2026-09-15",1036,"N20","low","2.0NRT",307.64,3.98,"D"
"1638",38.08944,37.95031,346.75,0.39,0.36,"2026-09-15",1036,"N20","nominal","2.0NRT",309.09,3.28,"D"
"1639",36.71355,29.94619,332.46,0.43,0.46,"2026-09-15",1036,"N20","nominal","2.0NRT",305.86,1.8,"D"
"1640",38.26427,37.1361,334.06,0.39,0.36,"2026-09-15",1038,"N20","nominal","2.0NRT",307.2,2.76,"D"
"1641",39.02939,42.7762,341.98,0.4,0.44,"2026-09-15",1038,"N20","nominal","2.0NRT",308.52,6.25,"D"
"1642",39.03347,42.77584,342.33,0.4,0.44,"2026-09-15",1038,"N20","nominal","2.0NRT",309.12,6.25,"D"
"1643",39.03304,42.77142,344.42,0.4,0.44,"2026-09-15",1038,"N20","nominal","2.0NRT",314.07,12.72,"D"
"1644",39.15142,43.37079,343.19,0.43,0.46,"2026-09-15",1038,"N20","nominal","2.0NRT",309.13,6.36,"D"
"1645",39.56376,47.33207,343.56,0.35,0.57,"2026-09-15",1038,"N20","nominal","2.0NRT",304.26,5.27,"D"
"1646",38.91984,40.10533,349.53,0.46,0.39,"2026-09-15",1038,"N20","nominal","2.0NRT",317.2,15.41,"D"
"1647",37.63116,31.86815,338.72,0.5,0.41,"2026-09-15",1038,"N20","nominal","2.0NRT",304.66,3.85,"D"
"1648",37.62896,31.8569,348.63,0.5,0.41,"2026-09-15",1038,"N20","nominal","2.0NRT",308.47,6.48,"D"
"1649",37.62786,31.8513,335.72,0.5,0.41,"2026-09-15",1038,"N20","low","2.0NRT",307.04,6.48,"D"
"1650",37.633,31.83792,350.52,0.5,0.41,"2026-09-15",1038,"N20","nominal","2.0NRT",307.46,7.15,"D"
"1651",38.04672,33.99118,344.65,0.42,0.37,"2026-09-15",1038,"N20","nominal","2.0NRT",310.51,5.74,"D"
"1652",39.64778,47.42335,335.03,0.35,0.57,"2026-09-15",1038,"N20","nominal","2.0NRT",304.57,1.6,"D"
"1653",37.75024,31.83432,335.09,0.5,0.41,"2026-09-15",1038,"N20","nominal","2.0NRT",305.56,4.47,"D"
"1654",37.74918,31.82884,336.41,0.5,0.41,"2026-09-15",1038,"N20","low","2.0NRT",309.87,4.47,"D"
"1655",39.72508,47.20123,367,0.35,0.56,"2026-09-15",1038,"N20","high","2.0NRT",304.2,5.77,"D"
"1656",39.72486,47.19733,340.97,0.35,0.56,"2026-09-15",1038,"N20","nominal","2.0NRT",303.62,5.77,"D"
"1657",39.72464,47.19335,345.38,0.35,0.56,"2026-09-15",1038,"N20","nominal","2.0NRT",301.02,3.26,"D"
"1658",39.73006,47.19666,338.45,0.35,0.56,"2026-09-15",1038,"N20","nominal","2.0NRT",302.29,5.77,"D"
"1659",39.72984,47.19276,337.58,0.35,0.56,"2026-09-15",1038,"N20","nominal","2.0NRT",301.37,3.26,"D"
"1660",39.09909,39.80379,347.22,0.45,0.39,"2026-09-15",1038,"N20","nominal","2.0NRT",319.46,18.78,"D"
"1661",39.10259,39.80291,339.47,0.45,0.39,"2026-09-15",1038,"N20","low","2.0NRT",312.13,18.78,"D"
"1662",38.78947,37.19262,334.67,0.39,0.36,"2026-09-15",1038,"N20","nominal","2.0NRT",302.3,4.14,"D"
"1663",39.84389,47.44864,335.18,0.36,0.57,"2026-09-15",1038,"N20","nominal","2.0NRT",301.91,4.4,"D"
"1664",37.87105,31.60324,335.02,0.51,0.41,"2026-09-15",1038,"N20","low","2.0NRT",309.62,6.18,"D"
"1665",38.65906,34.38224,339.06,0.4,0.37,"2026-09-15",1038,"N20","low","2.0NRT",310.4,4.36,"D"
"1666",40.21405,47.36815,332.46,0.36,0.57,"2026-09-15",1038,"N20","nominal","2.0NRT",301.29,2.31,"D"
"1667",40.18691,45.79982,333.39,0.59,0.53,"2026-09-15",1038,"N20","low","2.0NRT",303.43,5.54,"D"
"1668",40.29123,47.3402,333.16,0.36,0.57,"2026-09-15",1038,"N20","nominal","2.0NRT",299.34,2.22,"D"
"1669",40.20354,45.68744,337.22,0.58,0.52,"2026-09-15",1038,"N20","nominal","2.0NRT",302.96,4.03,"D"
"1670",40.23148,45.67055,341.77,0.58,0.52,"2026-09-15",1038,"N20","nominal","2.0NRT",308.03,14.49,"D"
"1671",40.23727,45.68372,334.98,0.58,0.52,"2026-09-15",1038,"N20","low","2.0NRT",306.97,5.07,"D"
"1672",38.36032,31.52818,334.75,0.5,0.41,"2026-09-15",1038,"N20","nominal","2.0NRT",300.51,9.44,"D"
"1673",40.24691,45.68266,331.18,0.58,0.52,"2026-09-15",1038,"N20","nominal","2.0NRT",305.14,3.47,"D"
"1674",40.25123,45.67527,338.68,0.58,0.52,"2026-09-15",1038,"N20","nominal","2.0NRT",305.67,10,"D"
"1675",40.24611,45.68249,330.04,0.58,0.52,"2026-09-15",1038,"N20","low","2.0NRT",304.7,3.82,"D"
"1676",40.25047,45.67507,337.96,0.58,0.52,"2026-09-15",1038,"N20","nominal","2.0NRT",305.84,3.82,"D"
"1677",38.93634,34.40511,352.66,0.4,0.37,"2026-09-15",1038,"N20","nominal","2.0NRT",309.61,3.51,"D"
"1678",38.94043,34.40873,337.32,0.4,0.37,"2026-09-15",1038,"N20","low","2.0NRT",307.53,3.51,"D"
"1679",38.93965,34.40417,333.87,0.4,0.37,"2026-09-15",1038,"N20","low","2.0NRT",308.67,3.51,"D"
"1680",39.05481,34.80133,339.99,0.39,0.36,"2026-09-15",1038,"N20","nominal","2.0NRT",306.53,2.71,"D"
"1681",39.05067,34.7556,339.27,0.39,0.36,"2026-09-15",1038,"N20","nominal","2.0NRT",306.35,3.87,"D"
"1682",38.59024,32.16732,342.92,0.47,0.4,"2026-09-15",1038,"N20","nominal","2.0NRT",308.08,5.21,"D"
"1683",40.22683,44.13056,341.1,0.48,0.48,"2026-09-15",1038,"N20","nominal","2.0NRT",310.43,16.34,"D"
"1684",38.44105,31.35674,334.99,0.51,0.41,"2026-09-15",1038,"N20","nominal","2.0NRT",298.99,3.94,"D"
"1685",39.11556,34.71583,335.57,0.39,0.37,"2026-09-15",1038,"N20","low","2.0NRT",307.4,5.35,"D"
"1686",39.89212,40.0862,344.57,0.46,0.39,"2026-09-15",1038,"N20","nominal","2.0NRT",311.95,7.75,"D"
"1687",39.8957,40.08536,337.68,0.46,0.39,"2026-09-15",1038,"N20","low","2.0NRT",310.88,5.24,"D"
"1688",39.15342,34.75696,340.51,0.39,0.36,"2026-09-15",1038,"N20","nominal","2.0NRT",307.11,2.48,"D"
"1689",39.15746,34.76053,332.38,0.39,0.36,"2026-09-15",1038,"N20","low","2.0NRT",306.52,0.97,"D"
"1690",39.15671,34.75603,336.16,0.39,0.36,"2026-09-15",1038,"N20","nominal","2.0NRT",306.88,2.48,"D"
"1691",39.16075,34.75959,338.29,0.39,0.36,"2026-09-15",1038,"N20","nominal","2.0NRT",306.87,2.37,"D"
"1692",39.16404,34.75865,337.56,0.39,0.36,"2026-09-15",1038,"N20","nominal","2.0NRT",307.99,2.37,"D"
"1693",39.12883,34.54735,347.7,0.4,0.37,"2026-09-15",1038,"N20","nominal","2.0NRT",310.88,3.76,"D"
"1694",39.28154,35.26791,334.92,0.39,0.36,"2026-09-15",1038,"N20","nominal","2.0NRT",305.43,1.97,"D"
"1695",39.23855,34.79622,338.66,0.39,0.36,"2026-09-15",1038,"N20","low","2.0NRT",311.16,8.36,"D"
"1696",39.23781,34.79176,337.46,0.39,0.36,"2026-09-15",1038,"N20","low","2.0NRT",312.21,6.24,"D"
"1697",38.77164,32.17876,335.86,0.47,0.39,"2026-09-15",1038,"N20","nominal","2.0NRT",305.65,3.69,"D"
"1698",38.77064,32.1735,334.38,0.47,0.39,"2026-09-15",1038,"N20","nominal","2.0NRT",306.26,3.39,"D"
"1699",39.24111,34.79087,342.25,0.39,0.36,"2026-09-15",1038,"N20","nominal","2.0NRT",308.71,4.38,"D"
"1700",39.34905,34.90674,337.19,0.39,0.36,"2026-09-15",1038,"N20","nominal","2.0NRT",309.43,2.93,"D"
"1701",39.32163,34.74113,347.2,0.39,0.36,"2026-09-15",1038,"N20","nominal","2.0NRT",309.07,6.41,"D"
"1702",39.32418,34.73573,345.35,0.39,0.36,"2026-09-15",1038,"N20","nominal","2.0NRT",306.42,6.41,"D"
"1703",39.82947,37.45718,346.32,0.39,0.37,"2026-09-15",1038,"N20","nominal","2.0NRT",309.41,12.81,"D"
"1704",38.90945,31.86622,339.43,0.48,0.4,"2026-09-15",1038,"N20","nominal","2.0NRT",303.82,4.32,"D"
"1705",40.61052,43.83939,339.07,0.47,0.48,"2026-09-15",1038,"N20","nominal","2.0NRT",306.4,4.24,"D"
"1706",40.61489,43.83873,342.56,0.47,0.48,"2026-09-15",1038,"N20","nominal","2.0NRT",310.99,5.67,"D"
"1707",40.61926,43.83813,343.25,0.47,0.48,"2026-09-15",1038,"N20","nominal","2.0NRT",309.54,5.67,"D"
"1708",39.33665,33.55173,335.9,0.42,0.37,"2026-09-15",1038,"N20","low","2.0NRT",309.26,2.46,"D"
"1709",39.36519,33.59306,337.11,0.41,0.37,"2026-09-15",1038,"N20","low","2.0NRT",310.58,2.62,"D"
"1710",39.36937,33.59673,337.28,0.41,0.37,"2026-09-15",1038,"N20","low","2.0NRT",309.51,2.62,"D"
"1711",39.37856,33.62886,340.47,0.41,0.37,"2026-09-15",1038,"N20","nominal","2.0NRT",310.3,3.1,"D"
"1712",39.37439,33.60512,339.22,0.41,0.37,"2026-09-15",1038,"N20","nominal","2.0NRT",308.5,2.79,"D"
"1713",39.38192,33.62786,333.68,0.41,0.37,"2026-09-15",1038,"N20","low","2.0NRT",306.72,3.1,"D"
"1714",40.71307,43.89833,351.58,0.47,0.48,"2026-09-15",1038,"N20","nominal","2.0NRT",308.19,7.51,"D"
"1715",39.4811,33.78762,338.6,0.41,0.37,"2026-09-15",1038,"N20","low","2.0NRT",308.79,56.8,"D"
"1716",39.48029,33.78297,336.59,0.41,0.37,"2026-09-15",1038,"N20","nominal","2.0NRT",305.44,19.94,"D"
"1717",39.48778,33.78563,337.07,0.41,0.37,"2026-09-15",1038,"N20","low","2.0NRT",307.46,2.23,"D"
"1718",39.45497,33.4187,349.14,0.42,0.37,"2026-09-15",1038,"N20","nominal","2.0NRT",308.84,6.19,"D"
"1719",39.70219,34.80615,338.88,0.39,0.36,"2026-09-15",1038,"N20","nominal","2.0NRT",307.6,4.41,"D"
"1720",39.66332,34.46706,333.3,0.4,0.37,"2026-09-15",1038,"N20","low","2.0NRT",306.69,2.18,"D"
"1721",39.70436,34.34764,337.98,0.4,0.37,"2026-09-15",1038,"N20","nominal","2.0NRT",305.09,4.34,"D"
"1722",39.60068,33.58245,336.63,0.41,0.37,"2026-09-15",1038,"N20","low","2.0NRT",306.8,4.96,"D"
"1723",39.59986,33.57774,334.07,0.41,0.37,"2026-09-15",1038,"N20","low","2.0NRT",304.46,4.96,"D"
"1724",39.71854,33.8295,341.13,0.41,0.37,"2026-09-15",1038,"N20","nominal","2.0NRT",309.98,10.21,"D"
"1725",41.24323,46.92741,367,0.34,0.56,"2026-09-15",1038,"N20","high","2.0NRT",300.18,4.2,"D"
"1726",41.243,46.92331,332.53,0.34,0.56,"2026-09-15",1038,"N20","nominal","2.0NRT",299.91,4.2,"D"
"1727",41.22984,46.43699,354.06,0.32,0.55,"2026-09-15",1038,"N20","nominal","2.0NRT",307.33,16.57,"D"
"1728",39.98868,34.9277,337.56,0.39,0.36,"2026-09-15",1038,"N20","nominal","2.0NRT",305.07,2.6,"D"
"1729",41.37735,46.30894,333.53,0.32,0.55,"2026-09-15",1038,"N20","nominal","2.0NRT",302.86,1.07,"D"
"1730",41.40945,46.42131,338.62,0.33,0.55,"2026-09-15",1038,"N20","nominal","2.0NRT",301.61,3.72,"D"
"1731",41.40922,46.4175,330.04,0.33,0.55,"2026-09-15",1038,"N20","low","2.0NRT",302.34,3.42,"D"
"1732",41.49377,46.32217,337.31,0.32,0.55,"2026-09-15",1038,"N20","nominal","2.0NRT",302,3.51,"D"
"1733",41.49883,46.32171,337.26,0.32,0.55,"2026-09-15",1038,"N20","nominal","2.0NRT",301.68,2.69,"D"
"1734",41.4986,46.31779,351.96,0.32,0.55,"2026-09-15",1038,"N20","nominal","2.0NRT",301.63,2.69,"D"
"1735",41.48647,45.03088,331.36,0.55,0.51,"2026-09-15",1038,"N20","nominal","2.0NRT",299.51,3.99,"D"
"1736",41.4832,45.03077,332.88,0.55,0.51,"2026-09-15",1038,"N20","nominal","2.0NRT",298.92,2.28,"D"
"1737",40.45475,34.91246,333.4,0.39,0.36,"2026-09-15",1038,"N20","nominal","2.0NRT",301.01,3.59,"D"
"1738",40.73396,35.53273,342.04,0.38,0.36,"2026-09-15",1038,"N20","nominal","2.0NRT",304.59,4.95,"D"
"1739",40.72794,35.31938,347.45,0.38,0.36,"2026-09-15",1038,"N20","nominal","2.0NRT",301.57,10,"D"
"1740",40.72724,35.31489,339.37,0.38,0.36,"2026-09-15",1038,"N20","nominal","2.0NRT",299.55,10,"D"
"1741",40.72653,35.3104,334.26,0.38,0.36,"2026-09-15",1038,"N20","nominal","2.0NRT",299.17,16.23,"D"
"1742",40.72583,35.3059,349.43,0.38,0.36,"2026-09-15",1038,"N20","nominal","2.0NRT",293.56,16.23,"D"
"1743",40.7298,35.30952,349.57,0.38,0.36,"2026-09-15",1038,"N20","nominal","2.0NRT",302.08,16.23,"D"
"1744",40.7291,35.30503,338.48,0.38,0.36,"2026-09-15",1038,"N20","nominal","2.0NRT",301.73,16.23,"D"
"1745",40.54373,34.16423,347.93,0.39,0.37,"2026-09-15",1038,"N20","nominal","2.0NRT",304.35,17.01,"D"
"1746",40.54703,34.16329,338.99,0.39,0.37,"2026-09-15",1038,"N20","nominal","2.0NRT",296.72,4.76,"D"
"1747",40.75686,35.33021,338.08,0.38,0.36,"2026-09-15",1038,"N20","nominal","2.0NRT",301.12,8.29,"D"
"1748",40.7566,35.30684,339.04,0.38,0.36,"2026-09-15",1038,"N20","nominal","2.0NRT",301.49,2.92,"D"
"1749",40.75987,35.30594,336.28,0.38,0.36,"2026-09-15",1038,"N20","nominal","2.0NRT",303.03,4.31,"D"
"1750",40.58157,34.16313,330.6,0.39,0.37,"2026-09-15",1038,"N20","low","2.0NRT",302.46,1.62,"D"
"1751",40.76773,35.24753,339.35,0.38,0.36,"2026-09-15",1038,"N20","nominal","2.0NRT",299.54,3.58,"D"
"1752",40.85811,35.3655,334.5,0.38,0.36,"2026-09-15",1038,"N20","low","2.0NRT",306.29,3.03,"D"
"1753",40.86138,35.36462,334.19,0.38,0.36,"2026-09-15",1038,"N20","nominal","2.0NRT",304.09,3.03,"D"
"1754",40.85717,35.33764,346.82,0.38,0.36,"2026-09-15",1038,"N20","nominal","2.0NRT",302.49,6.75,"D"
"1755",40.86044,35.33675,345.63,0.38,0.36,"2026-09-15",1038,"N20","nominal","2.0NRT",302.37,5.3,"D"
"1756",42.24652,47.94265,335.94,0.4,0.6,"2026-09-15",1038,"N20","nominal","2.0NRT",292.85,3.61,"D"
"1757",41.0394,35.59016,344.33,0.38,0.36,"2026-09-15",1038,"N20","nominal","2.0NRT",298.9,5.99,"D"
"1758",43.32912,46.52692,329.18,0.34,0.56,"2026-09-15",1038,"N20","nominal","2.0NRT",296.05,2,"D"
"1759",43.51075,47.14074,330.03,0.37,0.58,"2026-09-15",1038,"N20","nominal","2.0NRT",289.79,1.91,"D"
"1760",45.25776,36.07904,333.92,0.4,0.37,"2026-09-15",1038,"N20","nominal","2.0NRT",300.66,3.57,"D"
"1761",45.25707,36.074,340.38,0.4,0.37,"2026-09-15",1038,"N20","nominal","2.0NRT",298.26,3.57,"D"
"1762",45.58862,37.93048,347.28,0.45,0.39,"2026-09-15",1038,"N20","nominal","2.0NRT",295.17,4.73,"D"
"1763",45.59216,37.92964,348.79,0.45,0.39,"2026-09-15",1038,"N20","nominal","2.0NRT",296.37,12.4,"D"
"1764",46.77366,48.14457,344.06,0.44,0.62,"2026-09-15",1041,"N20","nominal","2.0NRT",288.12,10.51,"D"
"1765",46.7735,48.13874,354.04,0.44,0.62,"2026-09-15",1041,"N20","nominal","2.0NRT",290.86,15.83,"D"
"1766",46.77316,48.12707,335.55,0.44,0.62,"2026-09-15",1041,"N20","nominal","2.0NRT",289.1,3.72,"D"
"1767",46.77393,48.14191,367,0.44,0.62,"2026-09-15",1041,"N20","high","2.0NRT",290.03,8.88,"D"
"1768",46.7738,48.13607,343.79,0.44,0.62,"2026-09-15",1041,"N20","nominal","2.0NRT",289.98,8.88,"D"
"1769",45.25894,31.67496,331.06,0.4,0.37,"2026-09-15",1041,"N20","nominal","2.0NRT",290.9,7.47,"D"
"1770",45.81803,29.61633,338.17,0.45,0.39,"2026-09-15",1041,"N20","nominal","2.0NRT",296.79,4.79,"D"
"1771",46.88551,31.473,328.57,0.4,0.37,"2026-09-15",1041,"N20","low","2.0NRT",300.44,2.43,"D"
"1772",46.79671,29.84435,327.64,0.43,0.38,"2026-09-15",1041,"N20","nominal","2.0NRT",295.16,3.32,"D"
"1773",48.4107,42.20872,339.96,0.47,0.48,"2026-09-15",1041,"N20","nominal","2.0NRT",296.06,7.18,"D"
"1774",49.6473,28.95756,342.49,0.42,0.37,"2026-09-15",1041,"N20","nominal","2.0NRT",295.87,11.63,"D"
"1775",51.5652,52.7569,343.23,0.73,0.76,"2026-09-15",1041,"N20","nominal","2.0NRT",276.15,6.82,"D"
"1776",51.25181,31.45403,326.79,0.38,0.36,"2026-09-15",1041,"N20","nominal","2.0NRT",296.44,3,"D"
"1777",51.25589,31.45814,330.18,0.38,0.36,"2026-09-15",1041,"N20","nominal","2.0NRT",297.41,2.24,"D"
"1778",51.25505,31.45275,326.94,0.38,0.36,"2026-09-15",1041,"N20","nominal","2.0NRT",295.69,2.24,"D"
"1779",51.4891,30.94987,335.69,0.38,0.36,"2026-09-15",1041,"N20","nominal","2.0NRT",293.5,3.76,"D"
"1780",51.26869,29.55496,332.48,0.39,0.37,"2026-09-15",1041,"N20","nominal","2.0NRT",292.28,3.15,"D"
"1781",52.26488,33.03403,342.48,0.4,0.37,"2026-09-15",1041,"N20","nominal","2.0NRT",294.6,7.59,"D"
"1782",52.40589,33.05144,325.44,0.4,0.37,"2026-09-15",1041,"N20","nominal","2.0NRT",291.86,2.02,"D"
"1783",52.4092,33.05022,333.53,0.4,0.37,"2026-09-15",1041,"N20","nominal","2.0NRT",293.15,2.02,"D"
"1784",52.41251,33.04901,336.88,0.4,0.37,"2026-09-15",1041,"N20","nominal","2.0NRT",293.87,4.15,"D"
"1785",52.87356,34.63706,327.95,0.43,0.38,"2026-09-15",1041,"N20","nominal","2.0NRT",280.73,2.48,"D"
"1786",52.73431,32.85191,327.55,0.4,0.37,"2026-09-15",1041,"N20","nominal","2.0NRT",294.43,2.57,"D"
"1787",52.73841,32.85647,326.29,0.4,0.37,"2026-09-15",1041,"N20","nominal","2.0NRT",293.24,4.51,"D"
"1788",52.73762,32.85067,329.71,0.4,0.37,"2026-09-15",1041,"N20","nominal","2.0NRT",293.36,2.57,"D"
"1789",53.1566,31.62575,333,0.39,0.36,"2026-09-15",1043,"N20","nominal","2.0NRT",277.76,3,"D"
"1790",53.69524,32.21457,330.4,0.39,0.36,"2026-09-15",1043,"N20","nominal","2.0NRT",290.35,2.44,"D"
"1791",53.92941,30.22547,342.45,0.38,0.36,"2026-09-15",1043,"N20","nominal","2.0NRT",295.56,7.7,"D"
"1792",9.25994,39.99236,347.86,0.52,0.41,"2026-09-15",1028,"N20","nominal","2.0NRT",314.36,20.6,"D"
"1793",9.59966,40.28446,337.3,0.49,0.4,"2026-09-15",1028,"N20","low","2.0NRT",310.01,14.42,"D"
"1794",11.19291,49.17203,341.21,0.42,0.45,"2026-09-15",1028,"N20","nominal","2.0NRT",304.11,3.29,"D"
"1795",9.17113,33.08471,340.59,0.49,0.65,"2026-09-15",1030,"N20","nominal","2.0NRT",288.65,9.85,"D"
"1796",9.1682,33.08302,330.93,0.49,0.65,"2026-09-15",1030,"N20","nominal","2.0NRT",289.22,7.47,"D"
"1797",9.17496,33.08631,353.06,0.49,0.65,"2026-09-15",1030,"N20","nominal","2.0NRT",286.87,18.68,"D"
"1798",9.17413,33.08189,355.87,0.49,0.65,"2026-09-15",1030,"N20","nominal","2.0NRT",291.05,13.71,"D"
"1799",9.17329,33.07748,329.06,0.49,0.65,"2026-09-15",1030,"N20","nominal","2.0NRT",288.85,13.71,"D"
"1800",9.21991,33.06415,336.16,0.5,0.65,"2026-09-15",1030,"N20","nominal","2.0NRT",289.17,8.86,"D"
"1801",9.24014,33.05696,328.53,0.49,0.65,"2026-09-15",1030,"N20","nominal","2.0NRT",286.65,3.93,"D"
"1802",18.01517,54.57892,337.46,0.59,0.7,"2026-09-15",1030,"N20","nominal","2.0NRT",293.12,12.45,"D"
"1803",18.01467,54.57327,356.16,0.59,0.7,"2026-09-15",1030,"N20","low","2.0NRT",294.55,12.45,"D"
"1804",16.93875,42.63374,345.79,0.38,0.36,"2026-09-15",1030,"N20","nominal","2.0NRT",309.39,10.11,"D"
"1805",21.16379,39.51586,349.43,0.4,0.37,"2026-09-15",1032,"N20","nominal","2.0NRT",323.48,4.69,"D"
"1806",21.16778,39.51909,367,0.4,0.37,"2026-09-15",1032,"N20","low","2.0NRT",326,4.69,"D"
"1807",23.1912,55.4638,338.84,0.76,0.77,"2026-09-15",1032,"N20","nominal","2.0NRT",299.82,4.83,"D"
"1808",23.54379,53.33099,356.02,0.56,0.69,"2026-09-15",1032,"N20","low","2.0NRT",305.7,108.38,"D"
"1809",23.54338,53.32544,207.93,0.56,0.69,"2026-09-15",1032,"N20","low","2.0NRT",314.07,108.38,"D"
"1810",23.55017,53.33055,342.29,0.56,0.69,"2026-09-15",1032,"N20","nominal","2.0NRT",305.86,7.49,"D"
"1811",23.54975,53.32501,345.92,0.56,0.69,"2026-09-15",1032,"N20","nominal","2.0NRT",306.62,7.49,"D"
"1812",24.21007,54.14803,350.96,0.64,0.72,"2026-09-15",1032,"N20","nominal","2.0NRT",305.06,7.33,"D"
"1813",24.50842,54.02285,338.43,0.64,0.72,"2026-09-15",1032,"N20","nominal","2.0NRT",299.47,5.28,"D"
"1814",24.76002,55.509,331.02,0.79,0.78,"2026-09-15",1032,"N20","nominal","2.0NRT",300.38,3.03,"D"
"1815",24.79718,53.74202,330.82,0.61,0.71,"2026-09-15",1032,"N20","nominal","2.0NRT",299.88,5.72,"D"
"1816",24.79677,53.73586,338.35,0.61,0.71,"2026-09-15",1032,"N20","nominal","2.0NRT",301.08,5.72,"D"
"1817",24.83405,53.50833,367,0.59,0.7,"2026-09-15",1032,"N20","high","2.0NRT",301.25,21.91,"D"
"1818",24.83417,53.5118,345.41,0.59,0.7,"2026-09-15",1032,"N20","nominal","2.0NRT",299.6,11.34,"D"
"1819",24.83379,53.50583,354.9,0.59,0.7,"2026-09-15",1032,"N20","nominal","2.0NRT",301.21,11.34,"D"
"1820",24.90097,53.73228,367,0.61,0.71,"2026-09-15",1032,"N20","high","2.0NRT",299.88,11.18,"D"
"1821",24.90137,53.73846,340.46,0.61,0.71,"2026-09-15",1032,"N20","nominal","2.0NRT",299.16,11.18,"D"
"1822",24.91448,51.56366,347.85,0.45,0.63,"2026-09-15",1032,"N20","nominal","2.0NRT",312.67,10.93,"D"
"1823",24.92647,51.56715,353.43,0.45,0.63,"2026-09-15",1032,"N20","nominal","2.0NRT",313.77,17.48,"D"
"1824",24.9146,51.56422,344.06,0.45,0.63,"2026-09-15",1032,"N20","nominal","2.0NRT",312.87,10.09,"D"
"1825",24.92657,51.56766,367,0.45,0.63,"2026-09-15",1032,"N20","high","2.0NRT",313.9,17.19,"D"
"1826",25.1579,52.87658,367,0.55,0.68,"2026-09-15",1032,"N20","high","2.0NRT",304.92,22.12,"D"
"1827",25.16459,52.88167,344.21,0.55,0.68,"2026-09-15",1032,"N20","nominal","2.0NRT",302.73,20.13,"D"
"1828",25.1642,52.87613,355.2,0.55,0.68,"2026-09-15",1032,"N20","nominal","2.0NRT",302.38,22.12,"D"
"1829",25.16382,52.87061,354.65,0.55,0.68,"2026-09-15",1032,"N20","nominal","2.0NRT",303.21,22.12,"D"
"1830",25.1705,52.87574,367,0.55,0.68,"2026-09-15",1032,"N20","high","2.0NRT",302.3,16.14,"D"
"1831",25.17719,52.88074,367,0.55,0.68,"2026-09-15",1032,"N20","high","2.0NRT",301.57,28.06,"D"
"1832",25.1768,52.87526,353.57,0.55,0.68,"2026-09-15",1032,"N20","nominal","2.0NRT",301.92,16.14,"D"
"1833",24.87595,49.23457,341.13,0.32,0.54,"2026-09-15",1032,"N20","low","2.0NRT",315.84,1.01,"D"
"1834",25.52984,53.15585,345.64,0.57,0.69,"2026-09-15",1032,"N20","nominal","2.0NRT",302.48,15.99,"D"
"1835",25.52944,53.15008,352.92,0.57,0.69,"2026-09-15",1032,"N20","nominal","2.0NRT",304.95,21.5,"D"
"1836",25.37844,50.80085,342.42,0.41,0.6,"2026-09-15",1032,"N20","low","2.0NRT",316.9,12.15,"D"
"1837",25.59201,52.54435,367,0.53,0.67,"2026-09-15",1032,"N20","high","2.0NRT",304.95,8.69,"D"
"1838",25.59239,52.54963,337.76,0.53,0.67,"2026-09-15",1032,"N20","nominal","2.0NRT",303.19,8.69,"D"
"1839",25.24853,48.10478,367,0.55,0.51,"2026-09-15",1032,"N20","low","2.0NRT",335.15,106.51,"D"
"1840",25.25322,48.10424,367,0.55,0.51,"2026-09-15",1032,"N20","high","2.0NRT",331.14,46.42,"D"
"1841",25.25379,48.1097,347.37,0.55,0.51,"2026-09-15",1032,"N20","nominal","2.0NRT",319.45,46.42,"D"
"1842",25.24583,48.10243,367,0.55,0.51,"2026-09-15",1032,"N20","low","2.0NRT",327.7,64.93,"D"
"1843",25.25105,48.10733,353.82,0.55,0.51,"2026-09-15",1032,"N20","nominal","2.0NRT",322.37,97.83,"D"
"1844",25.25575,48.10678,367,0.55,0.51,"2026-09-15",1032,"N20","low","2.0NRT",325.48,72.91,"D"
"1845",23.95084,38.26781,344.16,0.42,0.38,"2026-09-15",1032,"N20","low","2.0NRT",315.99,11.02,"D"
"1846",25.9038,51.55553,347.9,0.46,0.63,"2026-09-15",1034,"N20","nominal","2.0NRT",308.43,5.52,"D"
"1847",26.36533,47.22137,346.66,0.5,0.49,"2026-09-15",1034,"N20","low","2.0NRT",321.14,3.68,"D"
"1848",27.01514,49.57815,354.19,0.35,0.57,"2026-09-15",1034,"N20","nominal","2.0NRT",318.69,13.38,"D"
"1849",27.04733,49.58227,343.36,0.35,0.57,"2026-09-15",1034,"N20","low","2.0NRT",316.39,9.21,"D"
"1850",27.09885,49.31573,350.19,0.34,0.56,"2026-09-15",1034,"N20","nominal","2.0NRT",319.38,8.81,"D"
"1851",27.49396,52.65714,347.84,0.56,0.69,"2026-09-15",1034,"N20","nominal","2.0NRT",303.41,9.82,"D"
"1852",27.49986,52.64973,345.83,0.56,0.69,"2026-09-15",1034,"N20","nominal","2.0NRT",304.06,7.44,"D"
"1853",27.50576,52.64239,344.16,0.56,0.68,"2026-09-15",1034,"N20","nominal","2.0NRT",304.47,5.49,"D"
"1854",27.50548,52.63806,338.97,0.56,0.68,"2026-09-15",1034,"N20","nominal","2.0NRT",305.09,5.49,"D"
"1855",27.5114,52.63117,350.82,0.55,0.68,"2026-09-15",1034,"N20","nominal","2.0NRT",303.36,8.45,"D"
"1856",27.51111,52.62665,356.5,0.55,0.68,"2026-09-15",1034,"N20","low","2.0NRT",304.21,8.45,"D"
"1857",27.52203,52.59898,354.9,0.55,0.68,"2026-09-15",1034,"N20","nominal","2.0NRT",303.47,8.84,"D"
"1858",27.54049,52.59004,335.38,0.55,0.68,"2026-09-15",1034,"N20","nominal","2.0NRT",303.3,5.77,"D"
"1859",27.5022,52.64415,341.85,0.56,0.69,"2026-09-15",1034,"N20","nominal","2.0NRT",304.3,4.62,"D"
"1860",27.50192,52.6394,341.76,0.56,0.69,"2026-09-15",1034,"N20","nominal","2.0NRT",305.14,4.62,"D"
"1861",27.50789,52.63248,342.95,0.56,0.68,"2026-09-15",1034,"N20","nominal","2.0NRT",304.03,6.28,"D"
"1862",27.50761,52.62778,345.48,0.56,0.68,"2026-09-15",1034,"N20","nominal","2.0NRT",304.55,6.28,"D"
"1863",27.51387,52.62589,356.4,0.56,0.68,"2026-09-15",1034,"N20","low","2.0NRT",304.61,8.75,"D"
"1864",27.51868,52.59967,367,0.55,0.68,"2026-09-15",1034,"N20","high","2.0NRT",303.74,11.62,"D"
"1865",27.68898,52.23734,351.3,0.53,0.67,"2026-09-15",1034,"N20","nominal","2.0NRT",304.78,8.52,"D"
"1866",27.71088,52.19239,338.12,0.52,0.67,"2026-09-15",1034,"N20","nominal","2.0NRT",304.77,8.07,"D"
"1867",27.71635,52.18142,367,0.52,0.67,"2026-09-15",1034,"N20","high","2.0NRT",303.8,13.84,"D"
"1868",27.72253,52.18091,367,0.52,0.67,"2026-09-15",1034,"N20","high","2.0NRT",306.11,13.84,"D"
"1869",27.68784,52.23981,354.76,0.53,0.67,"2026-09-15",1034,"N20","nominal","2.0NRT",304.19,7.47,"D"
"1870",27.72141,52.17781,367,0.52,0.67,"2026-09-15",1034,"N20","high","2.0NRT",306.66,7.31,"D"
"1871",27.72174,52.18311,338.26,0.52,0.67,"2026-09-15",1034,"N20","nominal","2.0NRT",305.26,7.31,"D"
"1872",27.75869,52.17735,346.93,0.52,0.67,"2026-09-15",1034,"N20","nominal","2.0NRT",305.66,9.17,"D"
"1873",27.75838,52.17256,356.27,0.52,0.67,"2026-09-15",1034,"N20","nominal","2.0NRT",307.15,9.17,"D"
"1874",27.92746,52.1996,349.98,0.53,0.67,"2026-09-15",1034,"N20","nominal","2.0NRT",310.64,5.33,"D"
"1875",27.93224,52.19629,344.49,0.53,0.67,"2026-09-15",1034,"N20","nominal","2.0NRT",310.61,2.8,"D"
"1876",27.81354,48.86581,367,0.33,0.55,"2026-09-15",1034,"N20","high","2.0NRT",316.81,12.26,"D"
"1877",27.81325,48.8625,350.79,0.33,0.55,"2026-09-15",1034,"N20","nominal","2.0NRT",322.84,12.26,"D"
"1878",27.80329,48.63343,347.72,0.63,0.54,"2026-09-15",1034,"N20","low","2.0NRT",320.52,5.67,"D"
"1879",27.81272,48.62596,347.75,0.63,0.54,"2026-09-15",1034,"N20","low","2.0NRT",320.34,5.31,"D"
"1880",27.81214,48.61953,345.42,0.63,0.54,"2026-09-15",1034,"N20","low","2.0NRT",320.14,5.31,"D"
"1881",28.49263,49.71907,367,0.38,0.58,"2026-09-15",1034,"N20","high","2.0NRT",304.43,21.01,"D"
"1882",28.49234,49.71521,335.81,0.37,0.58,"2026-09-15",1034,"N20","nominal","2.0NRT",309.76,21.01,"D"
"1883",28.51613,49.53629,355.58,0.37,0.58,"2026-09-15",1034,"N20","nominal","2.0NRT",304.05,4.99,"D"
"1884",29.19175,52.84601,345.06,0.59,0.7,"2026-09-15",1034,"N20","nominal","2.0NRT",317.04,8.2,"D"
"1885",29.19161,52.84391,344.67,0.6,0.7,"2026-09-15",1034,"N20","nominal","2.0NRT",317.66,9.17,"D"
"1886",28.88737,48.0079,346.84,0.59,0.53,"2026-09-15",1034,"N20","nominal","2.0NRT",318.29,3.79,"D"
"1887",29.55031,52.71292,345.52,0.59,0.7,"2026-09-15",1034,"N20","nominal","2.0NRT",318.99,7.93,"D"
"1888",29.50863,51.2632,345.24,0.48,0.64,"2026-09-15",1034,"N20","low","2.0NRT",319,12.07,"D"
"1889",29.73203,47.71447,349.41,0.58,0.52,"2026-09-15",1034,"N20","low","2.0NRT",323.18,30.42,"D"
"1890",27.19024,30.98822,344.22,0.59,0.53,"2026-09-15",1034,"N20","nominal","2.0NRT",310.17,8.59,"D"
"1891",29.94119,49.68956,354.92,0.39,0.59,"2026-09-15",1034,"N20","nominal","2.0NRT",303.41,4.44,"D"
"1892",30.03358,50.64069,344.47,0.44,0.63,"2026-09-15",1034,"N20","low","2.0NRT",317.48,7.35,"D"
"1893",29.94247,49.69047,332.88,0.39,0.59,"2026-09-15",1034,"N20","nominal","2.0NRT",302.6,3.04,"D"
"1894",29.94219,49.68642,333.95,0.39,0.59,"2026-09-15",1034,"N20","nominal","2.0NRT",303.71,3.29,"D"
"1895",30.03414,50.63819,347.4,0.44,0.63,"2026-09-15",1034,"N20","nominal","2.0NRT",317.65,7.93,"D"
"1896",30.35044,50.29429,345.83,0.42,0.61,"2026-09-15",1034,"N20","low","2.0NRT",317.26,23.74,"D"
"1897",30.35014,50.28981,367,0.42,0.61,"2026-09-15",1034,"N20","low","2.0NRT",326.38,40,"D"
"1898",30.39542,50.62492,348.62,0.45,0.63,"2026-09-15",1034,"N20","nominal","2.0NRT",316.81,10.3,"D"
"1899",30.39453,50.61143,345.43,0.44,0.63,"2026-09-15",1034,"N20","low","2.0NRT",317.32,7.48,"D"
"1900",30.39513,50.62048,356.1,0.45,0.63,"2026-09-15",1034,"N20","low","2.0NRT",317.47,13.77,"D"
"1901",30.17404,47.41032,352.6,0.57,0.52,"2026-09-15",1034,"N20","nominal","2.0NRT",323.06,5.47,"D"
"1902",30.27643,47.74538,346.78,0.59,0.53,"2026-09-15",1034,"N20","low","2.0NRT",320.27,16.88,"D"
"1903",30.34695,48.27698,367,0.32,0.55,"2026-09-15",1034,"N20","high","2.0NRT",320.14,16.19,"D"
"1904",30.35227,48.27982,343.62,0.32,0.55,"2026-09-15",1034,"N20","nominal","2.0NRT",316.34,4.61,"D"
"1905",30.35198,48.27647,343.57,0.32,0.55,"2026-09-15",1034,"N20","nominal","2.0NRT",317.36,4.61,"D"
"1906",28.27796,33.32019,331.71,0.41,0.45,"2026-09-15",1034,"N20","nominal","2.0NRT",297.27,2.44,"D"
"1907",30.56491,50.01471,367,0.41,0.61,"2026-09-15",1034,"N20","high","2.0NRT",322.37,16.1,"D"
"1908",30.56519,50.01875,349.06,0.41,0.61,"2026-09-15",1034,"N20","nominal","2.0NRT",318.8,14.45,"D"
"1909",30.35632,47.33731,351.69,0.56,0.52,"2026-09-15",1034,"N20","low","2.0NRT",324.17,20.17,"D"
"1910",30.57531,49.92266,347.15,0.41,0.6,"2026-09-15",1034,"N20","low","2.0NRT",319.97,10,"D"
"1911",30.4154,47.61609,349.43,0.59,0.53,"2026-09-15",1034,"N20","nominal","2.0NRT",321.1,4.13,"D"
"1912",30.41417,47.61518,345.86,0.59,0.53,"2026-09-15",1034,"N20","low","2.0NRT",320.47,2.06,"D"
"1913",30.40031,47.337,352.21,0.56,0.52,"2026-09-15",1034,"N20","nominal","2.0NRT",322.74,6.29,"D"
"1914",30.47661,47.60213,347.24,0.59,0.53,"2026-09-15",1034,"N20","nominal","2.0NRT",320.93,6.05,"D"
"1915",30.4906,47.31873,367,0.56,0.52,"2026-09-15",1034,"N20","low","2.0NRT",325.09,8.99,"D"
"1916",30.49536,47.31819,354.74,0.56,0.52,"2026-09-15",1034,"N20","nominal","2.0NRT",324.36,8.99,"D"
"1917",30.70964,49.54443,348.52,0.39,0.59,"2026-09-15",1034,"N20","nominal","2.0NRT",318.94,4.01,"D"
"1918",30.70935,49.54037,355.19,0.39,0.59,"2026-09-15",1034,"N20","nominal","2.0NRT",322.65,4.01,"D"
"1919",30.60749,47.32835,347.93,0.57,0.52,"2026-09-15",1034,"N20","low","2.0NRT",322.77,13.76,"D"
"1920",30.61226,47.32781,350.4,0.57,0.52,"2026-09-15",1034,"N20","low","2.0NRT",324.03,13.76,"D"
"1921",30.74644,48.28333,349.18,0.32,0.55,"2026-09-15",1034,"N20","nominal","2.0NRT",318.99,25.04,"D"
"1922",30.74616,48.27991,346.52,0.32,0.55,"2026-09-15",1034,"N20","nominal","2.0NRT",319.51,25.04,"D"
"1923",30.75178,48.28621,367,0.32,0.55,"2026-09-15",1034,"N20","high","2.0NRT",320.05,77.74,"D"
"1924",30.75122,48.27938,367,0.32,0.55,"2026-09-15",1034,"N20","high","2.0NRT",326.8,25.04,"D"
"1925",30.7515,48.28279,367,0.32,0.55,"2026-09-15",1034,"N20","low","2.0NRT",333.3,25.04,"D"
"1926",30.75656,48.28226,367,0.32,0.55,"2026-09-15",1034,"N20","high","2.0NRT",316.34,18.85,"D"
"1927",30.89237,49.61325,353.04,0.39,0.59,"2026-09-15",1034,"N20","nominal","2.0NRT",322.99,4.16,"D"
"1928",30.83369,48.56994,367,0.34,0.56,"2026-09-15",1034,"N20","high","2.0NRT",309.85,8.51,"D"
"1929",30.99304,49.94446,348.67,0.41,0.61,"2026-09-15",1034,"N20","nominal","2.0NRT",317.85,5.18,"D"
"1930",30.91968,48.86956,348.27,0.35,0.57,"2026-09-15",1034,"N20","nominal","2.0NRT",319.55,8.81,"D"
"1931",30.91939,48.86583,346.87,0.35,0.57,"2026-09-15",1034,"N20","low","2.0NRT",321.13,10.64,"D"
"1932",30.86285,47.92385,349.59,0.62,0.54,"2026-09-15",1034,"N20","nominal","2.0NRT",317.54,22.82,"D"
"1933",30.82489,47.33023,354.82,0.57,0.52,"2026-09-15",1034,"N20","low","2.0NRT",330.09,59.95,"D"
"1934",30.83022,47.33568,350.97,0.57,0.52,"2026-09-15",1034,"N20","low","2.0NRT",325.88,31.09,"D"
"1935",30.86396,47.92302,347.92,0.62,0.54,"2026-09-15",1034,"N20","nominal","2.0NRT",318.03,24.84,"D"
"1936",30.82554,47.33486,356.13,0.57,0.52,"2026-09-15",1034,"N20","low","2.0NRT",324.46,35.42,"D"
"1937",30.82504,47.32887,367,0.57,0.52,"2026-09-15",1034,"N20","low","2.0NRT",331.92,39.69,"D"
"1938",30.83033,47.33432,355.62,0.57,0.52,"2026-09-15",1034,"N20","nominal","2.0NRT",324.1,24.4,"D"
"1939",30.88348,47.33437,367,0.57,0.52,"2026-09-15",1034,"N20","high","2.0NRT",328.54,30.83,"D"
"1940",31.1273,49.32314,353.9,0.38,0.59,"2026-09-15",1034,"N20","nominal","2.0NRT",319.91,3.64,"D"
"1941",31.13272,49.32268,356.41,0.38,0.59,"2026-09-15",1034,"N20","low","2.0NRT",322.24,7.25,"D"
"1942",31.13785,49.31822,346.71,0.38,0.59,"2026-09-15",1034,"N20","low","2.0NRT",320.86,8.6,"D"
"1943",31.13813,49.32222,356.37,0.38,0.59,"2026-09-15",1034,"N20","low","2.0NRT",319.78,7.25,"D"
"1944",31.06137,47.61524,344.77,0.6,0.53,"2026-09-15",1034,"N20","low","2.0NRT",319.73,23.5,"D"
"1945",31.08567,47.79238,347.07,0.61,0.53,"2026-09-15",1034,"N20","low","2.0NRT",319.82,14.03,"D"
"1946",31.09061,47.79185,353.78,0.61,0.53,"2026-09-15",1034,"N20","nominal","2.0NRT",323.9,39.66,"D"
"1947",31.08246,47.63199,345.81,0.6,0.53,"2026-09-15",1034,"N20","low","2.0NRT",318.35,33.29,"D"
"1948",31.20918,49.21688,367,0.37,0.58,"2026-09-15",1034,"N20","high","2.0NRT",323.08,4.59,"D"
"1949",31.20649,48.95591,355.53,0.36,0.57,"2026-09-15",1034,"N20","nominal","2.0NRT",321.77,6.79,"D"
"1950",31.20621,48.9521,354.23,0.36,0.57,"2026-09-15",1034,"N20","nominal","2.0NRT",322.74,6.78,"D"
"1951",31.21179,48.95541,367,0.36,0.57,"2026-09-15",1034,"N20","high","2.0NRT",322.15,11.34,"D"
"1952",31.21151,48.9516,354.37,0.36,0.57,"2026-09-15",1034,"N20","nominal","2.0NRT",323.78,9.75,"D"
"1953",31.30477,49.47082,367,0.39,0.59,"2026-09-15",1034,"N20","high","2.0NRT",321.37,14.58,"D"
"1954",31.30254,49.12113,354.19,0.37,0.58,"2026-09-15",1034,"N20","nominal","2.0NRT",319.03,3.68,"D"
"1955",31.27454,48.73342,354.22,0.35,0.57,"2026-09-15",1034,"N20","nominal","2.0NRT",320.55,14.25,"D"
"1956",31.31952,49.28577,347.52,0.38,0.59,"2026-09-15",1034,"N20","low","2.0NRT",318.91,4.98,"D"
"1957",31.2358,47.96618,349.72,0.63,0.54,"2026-09-15",1034,"N20","nominal","2.0NRT",321.8,24.61,"D"
"1958",31.30405,48.7754,346.59,0.35,0.57,"2026-09-15",1034,"N20","nominal","2.0NRT",317.82,4.17,"D"
"1959",31.30378,48.77168,353.39,0.35,0.57,"2026-09-15",1034,"N20","nominal","2.0NRT",321.37,4.17,"D"
"1960",31.3093,48.7749,352.72,0.35,0.57,"2026-09-15",1034,"N20","nominal","2.0NRT",318.22,4.17,"D"
"1961",31.30902,48.77118,344.21,0.35,0.57,"2026-09-15",1034,"N20","low","2.0NRT",318.34,4.17,"D"
"1962",31.26851,48.12009,356,0.32,0.55,"2026-09-15",1034,"N20","low","2.0NRT",322.61,10.88,"D"
"1963",31.27383,48.12296,345.71,0.32,0.55,"2026-09-15",1034,"N20","low","2.0NRT",318.72,23.04,"D"
"1964",31.27355,48.11957,350.21,0.32,0.55,"2026-09-15",1034,"N20","low","2.0NRT",326.92,84.21,"D"
"1965",31.28493,47.71748,348.09,0.61,0.53,"2026-09-15",1034,"N20","nominal","2.0NRT",320.08,16.39,"D"
"1966",31.28182,47.71539,345.08,0.61,0.53,"2026-09-15",1034,"N20","nominal","2.0NRT",317.88,16.3,"D"
"1967",31.29841,47.79831,354.03,0.61,0.54,"2026-09-15",1034,"N20","nominal","2.0NRT",319.86,23.42,"D"
"1968",31.40597,48.65219,352.3,0.35,0.56,"2026-09-15",1034,"N20","low","2.0NRT",324.19,12.77,"D"
"1969",31.35331,47.85834,352.68,0.62,0.54,"2026-09-15",1034,"N20","nominal","2.0NRT",321.9,21.44,"D"
"1970",31.24054,45.25806,345.66,0.44,0.46,"2026-09-15",1034,"N20","low","2.0NRT",320.57,2.53,"D"
"1971",31.76735,46.06751,344.67,0.49,0.49,"2026-09-15",1034,"N20","low","2.0NRT",317.39,7.77,"D"
"1972",31.76978,46.06513,354.86,0.49,0.49,"2026-09-15",1034,"N20","nominal","2.0NRT",321.72,11.64,"D"
"1973",32.23964,51.4318,367,0.52,0.67,"2026-09-15",1034,"N20","high","2.0NRT",317.56,24.18,"D"
"1974",31.75174,44.90142,351.44,0.42,0.45,"2026-09-15",1034,"N20","nominal","2.0NRT",320.16,14.02,"D"
"1975",29.806,32.09075,336.05,0.45,0.47,"2026-09-15",1034,"N20","low","2.0NRT",309.94,5.3,"D"
"1976",32.05749,47.44619,350.35,0.6,0.53,"2026-09-15",1034,"N20","nominal","2.0NRT",323.89,28.94,"D"
"1977",32.1058,47.55059,354.9,0.61,0.53,"2026-09-15",1034,"N20","nominal","2.0NRT",325.05,18.64,"D"
"1978",32.10782,47.54974,350.97,0.61,0.53,"2026-09-15",1034,"N20","nominal","2.0NRT",323.84,29.82,"D"
"1979",32.35572,47.69919,348.95,0.62,0.54,"2026-09-15",1034,"N20","low","2.0NRT",322.64,29.82,"D"
"1980",31.9747,43.74405,350.64,0.55,0.43,"2026-09-15",1034,"N20","low","2.0NRT",324.77,10.85,"D"
"1981",32.35243,47.71066,355.47,0.62,0.54,"2026-09-15",1034,"N20","nominal","2.0NRT",325.45,29.77,"D"
"1982",32.48743,47.21239,356.13,0.58,0.52,"2026-09-15",1034,"N20","nominal","2.0NRT",326.71,11.64,"D"
"1983",32.4923,47.2121,354.39,0.58,0.52,"2026-09-15",1034,"N20","nominal","2.0NRT",322.39,16.56,"D"
"1984",32.502,47.21128,345.92,0.58,0.52,"2026-09-15",1034,"N20","low","2.0NRT",320,8.98,"D"
"1985",29.92321,30.26529,337.2,0.57,0.52,"2026-09-15",1034,"N20","low","2.0NRT",311.32,6.29,"D"
"1986",29.93252,30.2626,341.71,0.57,0.52,"2026-09-15",1034,"N20","low","2.0NRT",312.21,4.88,"D"
"1987",29.92435,30.26376,339.12,0.57,0.52,"2026-09-15",1034,"N20","low","2.0NRT",312.35,5.83,"D"
"1988",29.929,30.26241,343.5,0.57,0.52,"2026-09-15",1034,"N20","nominal","2.0NRT",310.46,5.83,"D"
"1989",32.59674,47.54719,349.41,0.61,0.54,"2026-09-15",1034,"N20","nominal","2.0NRT",323.69,29.7,"D"
"1990",30.09211,30.62,345.09,0.54,0.51,"2026-09-15",1034,"N20","nominal","2.0NRT",315.08,8,"D"
"1991",30.09092,30.6146,349.37,0.54,0.51,"2026-09-15",1034,"N20","nominal","2.0NRT",314.42,8,"D"
"1992",30.08972,30.60914,347.65,0.54,0.51,"2026-09-15",1034,"N20","nominal","2.0NRT",314.35,8.76,"D"
"1993",32.48947,45.66644,350.23,0.48,0.48,"2026-09-15",1034,"N20","nominal","2.0NRT",318.37,10.56,"D"
"1994",32.48925,45.66859,344.8,0.48,0.48,"2026-09-15",1034,"N20","low","2.0NRT",317.66,5.97,"D"
"1995",32.48878,45.66351,344.64,0.48,0.48,"2026-09-15",1034,"N20","low","2.0NRT",318.6,5.97,"D"
"1996",30.36328,31.62222,335.65,0.47,0.48,"2026-09-15",1034,"N20","low","2.0NRT",308.1,2.5,"D"
"1997",30.38659,31.62558,343.61,0.47,0.47,"2026-09-15",1034,"N20","nominal","2.0NRT",311.31,5.45,"D"
"1998",30.22068,30.66042,343.25,0.53,0.5,"2026-09-15",1034,"N20","nominal","2.0NRT",312.44,7.5,"D"
"1999",32.765,47.88525,350.38,0.32,0.55,"2026-09-15",1034,"N20","low","2.0NRT",320.5,8.54,"D"
"2000",30.03043,29.68952,345.05,0.62,0.54,"2026-09-15",1034,"N20","low","2.0NRT",315.06,12.59,"D"
"2001",30.02832,29.68945,344.34,0.61,0.54,"2026-09-15",1034,"N20","low","2.0NRT",315.6,8.88,"D"
"2002",30.15701,29.98608,348.79,0.59,0.53,"2026-09-15",1034,"N20","nominal","2.0NRT",311.61,9.18,"D"
"2003",30.65501,31.85284,337.67,0.45,0.47,"2026-09-15",1034,"N20","nominal","2.0NRT",303.63,3.09,"D"
"2004",30.36305,29.83188,346.72,0.59,0.53,"2026-09-15",1036,"N20","nominal","2.0NRT",313.94,17.92,"D"
"2005",33.2533,47.7393,355.41,0.32,0.55,"2026-09-15",1036,"N20","nominal","2.0NRT",316.3,6.77,"D"
"2006",32.98238,44.41433,344.69,0.41,0.45,"2026-09-15",1036,"N20","low","2.0NRT",317,14.97,"D"
"2007",31.01596,31.67983,337.35,0.45,0.47,"2026-09-15",1036,"N20","nominal","2.0NRT",307.02,3.55,"D"
"2008",30.73013,30.33632,341.25,0.54,0.51,"2026-09-15",1036,"N20","nominal","2.0NRT",306.32,7.76,"D"
"2009",31.01537,31.68177,336.68,0.45,0.47,"2026-09-15",1036,"N20","nominal","2.0NRT",306.48,2.11,"D"
"2010",30.73304,30.33335,342.49,0.54,0.51,"2026-09-15",1036,"N20","nominal","2.0NRT",306.07,4.25,"D"
"2011",33.11592,44.36095,344.18,0.41,0.45,"2026-09-15",1036,"N20","nominal","2.0NRT",317.36,4.03,"D"
"2012",33.51634,48.07565,353.72,0.34,0.56,"2026-09-15",1036,"N20","nominal","2.0NRT",323.09,9.86,"D"
"2013",33.52151,48.07533,367,0.34,0.56,"2026-09-15",1036,"N20","high","2.0NRT",316.56,9.86,"D"
"2014",33.52094,48.0679,367,0.34,0.56,"2026-09-15",1036,"N20","high","2.0NRT",317.91,7.38,"D"
"2015",33.52122,48.07162,350.96,0.34,0.56,"2026-09-15",1036,"N20","nominal","2.0NRT",316.08,9.86,"D"
"2016",31.1861,31.15431,348.24,0.48,0.48,"2026-09-15",1036,"N20","nominal","2.0NRT",308.13,5.91,"D"
"2017",33.21911,43.81074,347.08,0.38,0.43,"2026-09-15",1036,"N20","low","2.0NRT",322.05,15.1,"D"
"2018",33.56457,46.46015,351.94,0.54,0.51,"2026-09-15",1036,"N20","nominal","2.0NRT",317.21,22.53,"D"
"2019",31.00455,29.82793,333.9,0.57,0.52,"2026-09-15",1036,"N20","low","2.0NRT",307.16,5.23,"D"
"2020",32.07661,34.89449,336.11,0.45,0.39,"2026-09-15",1036,"N20","nominal","2.0NRT",308.72,2,"D"
"2021",31.1219,29.81515,337.16,0.57,0.52,"2026-09-15",1036,"N20","nominal","2.0NRT",307.79,8.46,"D"
"2022",33.49322,44.13723,345.47,0.4,0.44,"2026-09-15",1036,"N20","nominal","2.0NRT",320.13,9.1,"D"
"2023",33.69683,46.22886,345.61,0.53,0.5,"2026-09-15",1036,"N20","nominal","2.0NRT",317.26,5.7,"D"
"2024",33.99498,49.47077,337.5,0.41,0.61,"2026-09-15",1036,"N20","low","2.0NRT",312.26,3.58,"D"
"2025",30.7557,27.47014,340.16,0.4,0.6,"2026-09-15",1036,"N20","nominal","2.0NRT",309.86,1.78,"D"
"2026",30.66798,26.37005,337.92,0.46,0.64,"2026-09-15",1036,"N20","low","2.0NRT",312.06,2.11,"D"
"2027",34.23008,47.84854,367,0.33,0.56,"2026-09-15",1036,"N20","high","2.0NRT",312.08,5.48,"D"
"2028",34.22981,47.84491,356.29,0.33,0.56,"2026-09-15",1036,"N20","nominal","2.0NRT",313.81,5.48,"D"
"2029",32.98823,35.80437,340.01,0.41,0.37,"2026-09-15",1036,"N20","low","2.0NRT",313.34,2.02,"D"
"2030",32.97108,35.60162,354.48,0.42,0.38,"2026-09-15",1036,"N20","nominal","2.0NRT",312.52,3.46,"D"
"2031",32.98494,35.58082,345.67,0.42,0.38,"2026-09-15",1036,"N20","nominal","2.0NRT",313.89,2.53,"D"
"2032",32.98417,35.57642,340.78,0.42,0.38,"2026-09-15",1036,"N20","low","2.0NRT",314.43,2.53,"D"
"2033",34.46125,46.84639,343.28,0.59,0.53,"2026-09-15",1036,"N20","nominal","2.0NRT",314.69,6.29,"D"
"2034",33.1321,35.81749,343.07,0.41,0.37,"2026-09-15",1036,"N20","nominal","2.0NRT",312.2,2.71,"D"
"2035",33.13135,35.81314,343.41,0.41,0.37,"2026-09-15",1036,"N20","nominal","2.0NRT",311.98,3.25,"D"
"2036",33.1452,35.79169,341.67,0.41,0.37,"2026-09-15",1036,"N20","low","2.0NRT",312.31,11.41,"D"
"2037",33.14445,35.78734,339.52,0.41,0.37,"2026-09-15",1036,"N20","low","2.0NRT",310.8,11.41,"D"
"2038",33.08297,35.43486,349.14,0.42,0.38,"2026-09-15",1036,"N20","nominal","2.0NRT",315.65,7.83,"D"
"2039",33.13871,35.73386,344.56,0.41,0.37,"2026-09-15",1036,"N20","nominal","2.0NRT",309.25,4.62,"D"
"2040",33.08638,35.43401,348.4,0.42,0.38,"2026-09-15",1036,"N20","nominal","2.0NRT",317.01,7.47,"D"
"2041",33.14209,35.73303,355.88,0.41,0.37,"2026-09-15",1036,"N20","low","2.0NRT",307.09,4.62,"D"
"2042",34.54819,46.66833,348.96,0.57,0.52,"2026-09-15",1036,"N20","nominal","2.0NRT",317.62,8.86,"D"
"2043",33.13679,35.29456,336.41,0.43,0.38,"2026-09-15",1036,"N20","nominal","2.0NRT",307.89,1.68,"D"
"2044",33.14022,35.29373,336.85,0.43,0.38,"2026-09-15",1036,"N20","nominal","2.0NRT",308.06,5.92,"D"
"2045",33.12379,35.17909,338.63,0.43,0.38,"2026-09-15",1036,"N20","low","2.0NRT",310.28,7.78,"D"
"2046",33.12298,35.1744,346.57,0.43,0.38,"2026-09-15",1036,"N20","nominal","2.0NRT",315.42,16.98,"D"
"2047",33.1218,35.17676,353.6,0.43,0.38,"2026-09-15",1036,"N20","nominal","2.0NRT",316.33,23.27,"D"
"2048",33.27205,35.79022,355.29,0.41,0.37,"2026-09-15",1036,"N20","nominal","2.0NRT",314.7,11.53,"D"
"2049",34.22149,41.03152,345.94,0.44,0.39,"2026-09-15",1036,"N20","nominal","2.0NRT",319.18,8.06,"D"
"2050",34.25774,41.12098,350.22,0.45,0.39,"2026-09-15",1036,"N20","nominal","2.0NRT",323.13,7.84,"D"
"2051",34.26128,41.12034,345.57,0.45,0.39,"2026-09-15",1036,"N20","low","2.0NRT",320.25,7.84,"D"
"2052",34.28911,41.1401,349.41,0.45,0.39,"2026-09-15",1036,"N20","nominal","2.0NRT",318.93,7.99,"D"
"2053",34.90794,43.43415,345.38,0.38,0.43,"2026-09-15",1036,"N20","low","2.0NRT",319.15,7.05,"D"
"2054",35.01871,43.50473,344.54,0.39,0.44,"2026-09-15",1036,"N20","low","2.0NRT",318.21,7.44,"D"
"2055",35.02273,43.5041,345.98,0.39,0.44,"2026-09-15",1036,"N20","low","2.0NRT",318.95,14.61,"D"
"2056",30.5337,26.08418,336.44,0.5,0.66,"2026-09-15",1217,"N20","low","2.0NRT",307.67,2.78,"D"
"2057",9.14361,29.98985,337.69,0.52,0.67,"2026-09-15",1210,"N20","nominal","2.0NRT",290.05,4.37,"D"
"2058",9.34154,31.28461,328.71,0.64,0.72,"2026-09-15",1210,"N20","nominal","2.0NRT",289.68,4.57,"D"
"2059",9.1439,29.9907,343.1,0.52,0.67,"2026-09-15",1210,"N20","nominal","2.0NRT",289.99,5.9,"D"
"2060",9.00403,28.67023,354.35,0.42,0.61,"2026-09-15",1210,"N20","nominal","2.0NRT",293.85,9.01,"D"
"2061",9.34531,31.28091,346.22,0.64,0.72,"2026-09-15",1210,"N20","nominal","2.0NRT",290.4,14.74,"D"
"2062",9.23344,29.76779,331.32,0.5,0.66,"2026-09-15",1210,"N20","nominal","2.0NRT",290.72,4.03,"D"
"2063",9.23522,29.76719,336.08,0.5,0.66,"2026-09-15",1210,"N20","nominal","2.0NRT",290.83,4.33,"D"
"2064",9.25218,29.55949,341.57,0.48,0.65,"2026-09-15",1210,"N20","nominal","2.0NRT",293.49,9.19,"D"
"2065",9.23665,29.38855,342.26,0.47,0.64,"2026-09-15",1210,"N20","nominal","2.0NRT",293.17,6.8,"D"
"2066",9.2361,29.38426,334.81,0.47,0.64,"2026-09-15",1210,"N20","nominal","2.0NRT",293.87,6.64,"D"
"2067",10.24963,32.21675,333.47,0.76,0.77,"2026-09-15",1210,"N20","nominal","2.0NRT",273.27,9.09,"D"
"2068",52.18533,143.06386,303.14,0.44,0.46,"2026-09-15",1605,"N20","nominal","2.0NRT",278.35,1.21,"N"
"2069",52.18484,143.07024,299.23,0.44,0.46,"2026-09-15",1605,"N20","nominal","2.0NRT",279.28,1.22,"N"
"2070",52.14153,143.0157,310.87,0.44,0.46,"2026-09-15",1605,"N20","nominal","2.0NRT",280.35,1.39,"N"
"2071",46.63228,142.91222,303.22,0.38,0.44,"2026-09-15",1607,"N20","nominal","2.0NRT",282.84,0.69,"N"
"2072",46.62877,142.90628,353.76,0.38,0.44,"2026-09-15",1607,"N20","nominal","2.0NRT",284.65,5.6,"N"
"2073",46.62829,142.91135,301.81,0.38,0.44,"2026-09-15",1607,"N20","nominal","2.0NRT",283.52,5.6,"N"
"2074",46.82397,137.92857,306.35,0.33,0.55,"2026-09-15",1607,"N20","nominal","2.0NRT",277.72,0.81,"N"
"2075",54.62014,160.30534,333.78,0.49,0.4,"2026-09-15",1607,"N20","nominal","2.0NRT",289.96,8.98,"N"
"2076",46.82378,137.93265,303.52,0.33,0.55,"2026-09-15",1607,"N20","nominal","2.0NRT",277.96,0.81,"N"
"2077",54.61668,160.32121,296.15,0.49,0.4,"2026-09-15",1607,"N20","nominal","2.0NRT",278.89,3.01,"N"
"2078",46.82358,137.93674,310.27,0.33,0.55,"2026-09-15",1607,"N20","nominal","2.0NRT",278.66,1.2,"N"
"2079",46.8261,137.93773,298.11,0.33,0.55,"2026-09-15",1607,"N20","nominal","2.0NRT",278.05,0.91,"N"
"2080",54.615,160.31059,335.02,0.49,0.4,"2026-09-15",1607,"N20","nominal","2.0NRT",292.87,7.04,"N"
"2081",46.82143,137.92873,308.68,0.33,0.55,"2026-09-15",1607,"N20","nominal","2.0NRT",277.53,1.03,"N"
"2082",54.61164,160.30768,309.35,0.49,0.4,"2026-09-15",1607,"N20","nominal","2.0NRT",281.43,7.04,"N"
"2083",46.82122,137.93282,307.78,0.33,0.55,"2026-09-15",1607,"N20","nominal","2.0NRT",278.36,0.91,"N"
"2084",54.61195,160.28792,320.99,0.49,0.4,"2026-09-15",1607,"N20","nominal","2.0NRT",282.38,4.28,"N"
"2085",54.61354,160.28062,306.76,0.49,0.4,"2026-09-15",1607,"N20","nominal","2.0NRT",272.19,6.31,"N"
"2086",46.82101,137.93689,311.55,0.33,0.55,"2026-09-15",1607,"N20","nominal","2.0NRT",279.28,0.91,"N"
"2087",54.6102,160.29597,306.76,0.49,0.4,"2026-09-15",1607,"N20","nominal","2.0NRT",278.15,4.28,"N"
"2088",45.38537,148.81544,308.53,0.39,0.36,"2026-09-15",1607,"N20","nominal","2.0NRT",281.41,0.95,"N"
"2089",54.60851,160.28539,297.82,0.49,0.4,"2026-09-15",1607,"N20","nominal","2.0NRT",273.03,4.28,"N"
"2090",41.81802,140.63235,322.04,0.43,0.46,"2026-09-15",1609,"N20","nominal","2.0NRT",288.27,1.98,"N"
"2091",51.54228,128.1611,335.89,0.39,0.36,"2026-09-15",1747,"N20","nominal","2.0NRT",283.78,12.04,"N"
"2092",51.54322,128.15562,296.6,0.39,0.36,"2026-09-15",1747,"N20","nominal","2.0NRT",272.21,3.28,"N"
"2093",51.53904,128.15967,302.37,0.39,0.36,"2026-09-15",1747,"N20","nominal","2.0NRT",275.16,0.85,"N"
"2094",46.62277,142.91017,322.01,0.58,0.7,"2026-09-15",1747,"N20","nominal","2.0NRT",282.08,3.36,"N"
"2095",46.62513,142.90329,318.42,0.58,0.69,"2026-09-15",1747,"N20","nominal","2.0NRT",281.68,3.36,"N"
"2096",46.82299,137.9539,295.41,0.35,0.57,"2026-09-15",1747,"N20","nominal","2.0NRT",279.29,0.71,"N"
"2097",46.82327,137.93301,305.43,0.35,0.56,"2026-09-15",1747,"N20","nominal","2.0NRT",278.08,0.95,"N"
"2098",46.82196,137.93761,305.7,0.35,0.56,"2026-09-15",1747,"N20","nominal","2.0NRT",278.43,1.39,"N"
"2099",46.81843,137.93015,295.46,0.35,0.56,"2026-09-15",1747,"N20","nominal","2.0NRT",277.54,0.68,"N"
"2100",46.7872,130.43318,296.44,0.5,0.41,"2026-09-15",1749,"N20","nominal","2.0NRT",284.73,0.91,"N"
"2101",46.6021,131.07098,300.77,0.53,0.42,"2026-09-15",1749,"N20","nominal","2.0NRT",284.61,1.19,"N"
"2102",46.59846,131.03145,296.69,0.53,0.42,"2026-09-15",1749,"N20","nominal","2.0NRT",282.52,0.94,"N"
"2103",45.90532,131.32513,326.92,0.57,0.43,"2026-09-15",1749,"N20","nominal","2.0NRT",281.59,2.22,"N"
"2104",45.9061,131.32599,326.55,0.57,0.43,"2026-09-15",1749,"N20","nominal","2.0NRT",281.44,3.75,"N"
"2105",47.19638,123.61548,302.59,0.39,0.36,"2026-09-15",1749,"N20","nominal","2.0NRT",282.83,0.52,"N"
"2106",47.19383,123.60936,296.63,0.39,0.36,"2026-09-15",1749,"N20","nominal","2.0NRT",281.85,0.52,"N"
"2107",47.18516,123.57469,309.5,0.39,0.36,"2026-09-15",1749,"N20","nominal","2.0NRT",282.01,1.18,"N"
"2108",45.83061,130.87587,307.02,0.54,0.42,"2026-09-15",1749,"N20","nominal","2.0NRT",282.94,1.43,"N"
"2109",45.82687,130.87416,305.29,0.54,0.42,"2026-09-15",1749,"N20","nominal","2.0NRT",283.1,1.55,"N"
"2110",45.82015,130.88599,295.73,0.55,0.42,"2026-09-15",1749,"N20","nominal","2.0NRT",283.55,0.73,"N"
"2111",45.79621,130.91975,301.41,0.55,0.43,"2026-09-15",1749,"N20","nominal","2.0NRT",282.57,0.85,"N"
"2112",45.75018,131.07082,296.24,0.56,0.43,"2026-09-15",1749,"N20","nominal","2.0NRT",282.34,0.53,"N"
"2113",45.34465,131.11914,297.73,0.57,0.43,"2026-09-15",1749,"N20","nominal","2.0NRT",280.13,0.8,"N"
"2114",46.36727,124.90546,298.84,0.38,0.36,"2026-09-15",1749,"N20","nominal","2.0NRT",281.32,0.36,"N"
"2115",45.41808,127.48981,302.49,0.43,0.38,"2026-09-15",1749,"N20","nominal","2.0NRT",282.97,0.8,"N"
"2116",45.39744,127.14323,300.43,0.42,0.38,"2026-09-15",1749,"N20","nominal","2.0NRT",283.82,0.71,"N"
"2117",45.84977,124.32599,304.21,0.38,0.36,"2026-09-15",1749,"N20","nominal","2.0NRT",281.98,0.36,"N"
"2118",41.81807,140.62939,304.85,0.66,0.73,"2026-09-15",1749,"N20","nominal","2.0NRT",283.04,2.26,"N"
"2119",41.82059,140.62941,299.45,0.66,0.73,"2026-09-15",1749,"N20","nominal","2.0NRT",281.76,0.92,"N"
"2120",46.38953,113.99947,340.14,0.56,0.51,"2026-09-15",1749,"N20","nominal","2.0NRT",284.35,4.99,"N"
"2121",46.38908,114.00689,303.84,0.55,0.51,"2026-09-15",1749,"N20","nominal","2.0NRT",281.55,4.99,"N"
"2122",46.38881,114.00064,342.97,0.55,0.51,"2026-09-15",1749,"N20","nominal","2.0NRT",284.81,7.4,"N"
"2123",45.19907,122.81113,335.25,0.39,0.36,"2026-09-15",1749,"N20","nominal","2.0NRT",283.08,5.76,"N"
"2124",45.7566,115.72373,348.17,0.45,0.47,"2026-09-15",1749,"N20","nominal","2.0NRT",286.72,7.21,"N"
"2125",45.75229,115.7229,333.18,0.45,0.47,"2026-09-15",1749,"N20","nominal","2.0NRT",284.04,5.55,"N"
"2126",45.75183,115.72861,303.57,0.45,0.47,"2026-09-15",1749,"N20","nominal","2.0NRT",280.57,1.99,"N"
"2127",45.75078,115.7213,303.55,0.45,0.47,"2026-09-15",1749,"N20","nominal","2.0NRT",280.62,2.31,"N"
"2128",45.93727,108.94801,297.41,0.48,0.65,"2026-09-15",1749,"N20","nominal","2.0NRT",280.79,0.48,"N"
"2129",43.86015,126.63682,299.09,0.42,0.38,"2026-09-15",1749,"N20","nominal","2.0NRT",285.09,0.75,"N"
"2130",43.27793,124.61642,306.35,0.39,0.36,"2026-09-15",1749,"N20","nominal","2.0NRT",285.86,0.7,"N"
"2131",43.17785,124.37527,301.72,0.39,0.36,"2026-09-15",1749,"N20","nominal","2.0NRT",287.86,0.63,"N"
"2132",43.65042,119.8426,300.67,0.44,0.38,"2026-09-15",1749,"N20","nominal","2.0NRT",285.28,1.04,"N"
"2133",42.79007,125.28455,297.93,0.4,0.37,"2026-09-15",1749,"N20","nominal","2.0NRT",280.85,0.45,"N"
"2134",42.77625,124.17223,301.16,0.39,0.36,"2026-09-15",1749,"N20","nominal","2.0NRT",286.2,0.63,"N"
"2135",43.53648,118.05239,297.42,0.51,0.41,"2026-09-15",1749,"N20","nominal","2.0NRT",281.56,0.61,"N"
"2136",43.62703,115.84804,299.8,0.42,0.45,"2026-09-15",1749,"N20","nominal","2.0NRT",278.33,0.76,"N"
"2137",42.32376,125.24457,297.09,0.4,0.37,"2026-09-15",1749,"N20","nominal","2.0NRT",287.03,1.65,"N"
"2138",42.31872,125.25317,319.43,0.41,0.37,"2026-09-15",1749,"N20","nominal","2.0NRT",289.84,1.8,"N"
"2139",42.31539,125.25211,313.75,0.41,0.37,"2026-09-15",1749,"N20","nominal","2.0NRT",285.81,1.5,"N"
"2140",42.86458,120.69678,300.94,0.41,0.37,"2026-09-15",1749,"N20","nominal","2.0NRT",285.64,0.4,"N"
"2141",41.77568,126.02351,314.65,0.43,0.38,"2026-09-15",1749,"N20","nominal","2.0NRT",285.04,1.37,"N"
"2142",41.83881,124.05684,296.66,0.39,0.36,"2026-09-15",1749,"N20","nominal","2.0NRT",284.19,0.21,"N"
"2143",41.84495,123.75371,301.58,0.39,0.36,"2026-09-15",1749,"N20","nominal","2.0NRT",287.72,0.94,"N"
"2144",42.15259,121.70556,301.38,0.39,0.36,"2026-09-15",1749,"N20","nominal","2.0NRT",289.81,0.76,"N"
"2145",42.21745,120.81829,310.74,0.4,0.37,"2026-09-15",1749,"N20","nominal","2.0NRT",288.72,1.25,"N"
"2146",42.25042,119.13274,321.78,0.45,0.39,"2026-09-15",1749,"N20","nominal","2.0NRT",283.86,2.49,"N"
"2147",41.3505,123.74014,304.69,0.39,0.36,"2026-09-15",1749,"N20","nominal","2.0NRT",286.65,0.64,"N"
"2148",41.38498,123.49174,305.87,0.39,0.36,"2026-09-15",1749,"N20","nominal","2.0NRT",287.88,0.66,"N"
"2149",41.34722,123.4712,303.76,0.39,0.36,"2026-09-15",1749,"N20","nominal","2.0NRT",288.79,0.64,"N"
"2150",41.28183,123.74138,314.71,0.39,0.36,"2026-09-15",1749,"N20","nominal","2.0NRT",291.09,1.55,"N"
"2151",41.28314,123.71297,302.96,0.39,0.36,"2026-09-15",1749,"N20","nominal","2.0NRT",288.23,0.66,"N"
"2152",41.27855,123.74041,312.68,0.39,0.36,"2026-09-15",1749,"N20","nominal","2.0NRT",289.46,1.37,"N"
"2153",41.27429,123.72475,299.75,0.39,0.36,"2026-09-15",1749,"N20","nominal","2.0NRT",289.55,1.25,"N"
"2154",41.27352,123.72932,298.71,0.39,0.36,"2026-09-15",1749,"N20","nominal","2.0NRT",287.4,0.68,"N"
"2155",41.272,123.73841,301.96,0.39,0.36,"2026-09-15",1749,"N20","nominal","2.0NRT",286.78,0.53,"N"
"2156",41.26926,123.71366,306.92,0.39,0.36,"2026-09-15",1749,"N20","nominal","2.0NRT",285.97,0.92,"N"
"2157",41.30576,123.3278,306.32,0.39,0.36,"2026-09-15",1749,"N20","nominal","2.0NRT",287.05,0.61,"N"
"2158",41.23233,123.6261,303.1,0.39,0.36,"2026-09-15",1749,"N20","nominal","2.0NRT",288.24,0.52,"N"
"2159",41.22401,123.61414,302.74,0.39,0.36,"2026-09-15",1749,"N20","nominal","2.0NRT",288.25,1.1,"N"
"2160",41.21997,123.61775,307.33,0.39,0.36,"2026-09-15",1749,"N20","nominal","2.0NRT",292.44,1.36,"N"
"2161",41.83379,119.2917,298.67,0.44,0.38,"2026-09-15",1749,"N20","nominal","2.0NRT",288.18,1.6,"N"
"2162",41.834,119.29124,298.24,0.44,0.38,"2026-09-15",1749,"N20","nominal","2.0NRT",287.43,1.39,"N"
"2163",41.55997,121.29008,311,0.39,0.36,"2026-09-15",1749,"N20","nominal","2.0NRT",292.28,1.58,"N"
"2164",41.82697,119.28977,303.06,0.44,0.38,"2026-09-15",1749,"N20","nominal","2.0NRT",286.09,1.43,"N"
"2165",41.22496,123.34104,301.72,0.39,0.36,"2026-09-15",1749,"N20","nominal","2.0NRT",287.87,0.88,"N"
"2166",41.78048,119.48359,314.32,0.43,0.38,"2026-09-15",1749,"N20","nominal","2.0NRT",282.91,1.38,"N"
"2167",41.15164,122.97124,322.54,0.38,0.36,"2026-09-15",1749,"N20","nominal","2.0NRT",292.8,1.1,"N"
"2168",41.16619,122.88083,306.07,0.38,0.36,"2026-09-15",1749,"N20","nominal","2.0NRT",288.28,0.86,"N"
"2169",41.14837,122.97033,305.34,0.38,0.36,"2026-09-15",1749,"N20","nominal","2.0NRT",292.52,1.1,"N"
"2170",41.14072,122.99651,320.88,0.38,0.36,"2026-09-15",1749,"N20","nominal","2.0NRT",294.39,1.6,"N"
"2171",41.14437,122.97392,309.25,0.38,0.36,"2026-09-15",1749,"N20","nominal","2.0NRT",295.37,1.45,"N"
"2172",41.14364,122.97845,311.53,0.38,0.36,"2026-09-15",1749,"N20","nominal","2.0NRT",292.71,1.45,"N"
"2173",41.13818,122.99107,320.64,0.38,0.36,"2026-09-15",1749,"N20","nominal","2.0NRT",292.37,1.6,"N"
"2174",41.13745,122.9956,331.14,0.38,0.36,"2026-09-15",1749,"N20","nominal","2.0NRT",292.23,1.6,"N"
"2175",41.52966,120.36781,305.98,0.41,0.37,"2026-09-15",1749,"N20","nominal","2.0NRT",289.72,1.29,"N"
"2176",41.14183,122.96848,303.27,0.38,0.36,"2026-09-15",1749,"N20","nominal","2.0NRT",292.96,1.27,"N"
"2177",41.13857,122.96756,306.19,0.38,0.36,"2026-09-15",1749,"N20","nominal","2.0NRT",292.26,1.18,"N"
"2178",41.1371,122.97659,302.97,0.38,0.36,"2026-09-15",1749,"N20","nominal","2.0NRT",290.99,0.7,"N"
"2179",41.13491,122.99015,312.3,0.38,0.36,"2026-09-15",1749,"N20","nominal","2.0NRT",293.43,1.27,"N"
"2180",41.13418,122.99467,317.16,0.38,0.36,"2026-09-15",1749,"N20","nominal","2.0NRT",293.57,1.27,"N"
"2181",41.13384,122.97565,307.48,0.38,0.36,"2026-09-15",1749,"N20","nominal","2.0NRT",290.53,0.7,"N"
"2182",41.12984,122.97926,306.58,0.38,0.36,"2026-09-15",1749,"N20","nominal","2.0NRT",294.35,1.03,"N"
"2183",41.45414,119.83452,302.04,0.42,0.38,"2026-09-15",1752,"N20","nominal","2.0NRT",287.26,0.68,"N"
"2184",41.85972,114.09911,295.8,0.49,0.49,"2026-09-15",1752,"N20","nominal","2.0NRT",282.83,0.9,"N"
"2185",41.2847,119.41538,304.98,0.43,0.38,"2026-09-15",1752,"N20","nominal","2.0NRT",291.59,1.61,"N"
"2186",41.05967,120.98699,300.99,0.4,0.37,"2026-09-15",1752,"N20","nominal","2.0NRT",289.9,0.94,"N"
"2187",41.17414,119.70674,302.93,0.42,0.38,"2026-09-15",1752,"N20","nominal","2.0NRT",287.23,0.81,"N"
"2188",41.00853,120.81434,321.89,0.4,0.37,"2026-09-15",1752,"N20","nominal","2.0NRT",291.36,1.53,"N"
"2189",40.66468,122.59796,300.91,0.38,0.36,"2026-09-15",1752,"N20","nominal","2.0NRT",288.08,0.39,"N"
"2190",40.67055,122.38883,309.32,0.38,0.36,"2026-09-15",1752,"N20","nominal","2.0NRT",290.25,1.13,"N"
"2191",40.66843,122.40229,304.2,0.38,0.36,"2026-09-15",1752,"N20","nominal","2.0NRT",290.01,0.6,"N"
"2192",40.66445,122.4059,299.16,0.38,0.36,"2026-09-15",1752,"N20","nominal","2.0NRT",285.81,0.6,"N"
"2193",40.6091,122.58267,298.18,0.38,0.36,"2026-09-15",1752,"N20","nominal","2.0NRT",285.09,0.52,"N"
"2194",40.61939,122.34411,309.72,0.38,0.36,"2026-09-15",1752,"N20","nominal","2.0NRT",289.74,1.26,"N"
"2195",40.80313,120.72958,302.05,0.4,0.37,"2026-09-15",1752,"N20","nominal","2.0NRT",291.14,0.68,"N"
"2196",40.97251,119.42874,309.58,0.43,0.38,"2026-09-15",1752,"N20","nominal","2.0NRT",289.06,1.1,"N"
"2197",40.84678,120.21642,300.21,0.41,0.37,"2026-09-15",1752,"N20","nominal","2.0NRT",288.44,0.59,"N"
"2198",40.29412,123.00681,297.76,0.39,0.36,"2026-09-15",1752,"N20","nominal","2.0NRT",281.02,0.27,"N"
"2199",40.7634,119.85224,297.99,0.42,0.37,"2026-09-15",1752,"N20","nominal","2.0NRT",286.9,0.23,"N"
"2200",40.94989,117.71146,299.08,0.49,0.4,"2026-09-15",1752,"N20","nominal","2.0NRT",287.82,1.06,"N"
"2201",40.94117,117.72166,315.04,0.49,0.4,"2026-09-15",1752,"N20","nominal","2.0NRT",288.69,2.28,"N"
"2202",40.93953,117.72162,311.63,0.49,0.4,"2026-09-15",1752,"N20","nominal","2.0NRT",287.04,1.6,"N"
"2203",40.3145,122.13408,330.32,0.38,0.36,"2026-09-15",1752,"N20","nominal","2.0NRT",294.44,1.68,"N"
"2204",40.3152,122.12962,310.67,0.38,0.36,"2026-09-15",1752,"N20","nominal","2.0NRT",290.9,1.68,"N"
"2205",40.31239,122.14751,304.82,0.38,0.36,"2026-09-15",1752,"N20","nominal","2.0NRT",290.25,0.88,"N"
"2206",40.31192,122.12874,305.53,0.38,0.36,"2026-09-15",1752,"N20","nominal","2.0NRT",291.68,1.68,"N"
"2207",40.34142,121.10341,306.45,0.39,0.36,"2026-09-15",1752,"N20","nominal","2.0NRT",291.91,0.5,"N"
"2208",40.65742,118.52355,303.23,0.45,0.39,"2026-09-15",1752,"N20","nominal","2.0NRT",282.8,1.11,"N"
"2209",39.44471,126.02072,330.94,0.46,0.39,"2026-09-15",1752,"N20","nominal","2.0NRT",290.81,4.82,"N"
"2210",39.4431,126.01859,310.35,0.46,0.39,"2026-09-15",1752,"N20","nominal","2.0NRT",285.46,2.49,"N"
"2211",39.4421,126.0238,313.44,0.46,0.39,"2026-09-15",1752,"N20","nominal","2.0NRT",286.93,2.62,"N"
"2212",40.43118,119.22701,313.79,0.43,0.38,"2026-09-15",1752,"N20","nominal","2.0NRT",286.68,1.31,"N"
"2213",40.51552,117.59677,310.78,0.49,0.4,"2026-09-15",1752,"N20","nominal","2.0NRT",288.87,1.8,"N"
"2214",39.95666,120.8046,316.29,0.39,0.36,"2026-09-15",1752,"N20","nominal","2.0NRT",293.28,1.05,"N"
"2215",40.9712,110.08413,304.81,0.39,0.6,"2026-09-15",1752,"N20","nominal","2.0NRT",285.94,1.17,"N"
"2216",40.22597,118.20908,305.24,0.46,0.39,"2026-09-15",1752,"N20","nominal","2.0NRT",288.47,0.79,"N"
"2217",40.21812,118.21294,305.8,0.46,0.39,"2026-09-15",1752,"N20","nominal","2.0NRT",288.49,1.36,"N"
"2218",40.21253,118.22843,302.99,0.46,0.39,"2026-09-15",1752,"N20","nominal","2.0NRT",290.45,0.72,"N"
"2219",40.21027,118.21687,302.94,0.46,0.39,"2026-09-15",1752,"N20","nominal","2.0NRT",292.43,1.83,"N"
"2220",40.20534,118.22698,311.34,0.46,0.39,"2026-09-15",1752,"N20","nominal","2.0NRT",288.67,1.34,"N"
"2221",40.20043,118.23697,299.16,0.46,0.39,"2026-09-15",1752,"N20","nominal","2.0NRT",288.02,0.67,"N"
"2222",40.09525,118.92866,302.81,0.44,0.38,"2026-09-15",1752,"N20","nominal","2.0NRT",286.83,0.58,"N"
"2223",40.97636,106.84835,296.32,0.58,0.7,"2026-09-15",1752,"N20","nominal","2.0NRT",285.18,1.63,"N"
"2224",40.11372,118.7274,311.03,0.44,0.38,"2026-09-15",1752,"N20","nominal","2.0NRT",289.94,1.97,"N"
"2225",40.11308,118.73248,319.88,0.44,0.38,"2026-09-15",1752,"N20","nominal","2.0NRT",290.27,1.97,"N"
"2226",40.10956,118.73172,303.97,0.44,0.38,"2026-09-15",1752,"N20","nominal","2.0NRT",290.84,1.63,"N"
"2227",40.10891,118.73685,315.5,0.44,0.38,"2026-09-15",1752,"N20","nominal","2.0NRT",290.13,1.71,"N"
"2228",40.18492,118.06053,305.47,0.47,0.39,"2026-09-15",1752,"N20","nominal","2.0NRT",293.25,2.06,"N"
"2229",40.18427,118.06601,303.65,0.47,0.39,"2026-09-15",1752,"N20","nominal","2.0NRT",291.63,1.64,"N"
"2230",40.1823,118.08241,308.23,0.47,0.39,"2026-09-15",1752,"N20","nominal","2.0NRT",290.98,1.53,"N"
"2231",40.18197,118.05428,318.08,0.47,0.4,"2026-09-15",1752,"N20","nominal","2.0NRT",290.88,2.06,"N"
"2232",40.1777,118.059,306.27,0.47,0.39,"2026-09-15",1752,"N20","nominal","2.0NRT",292.72,1.95,"N"
"2233",40.17474,118.05276,312.04,0.47,0.4,"2026-09-15",1752,"N20","nominal","2.0NRT",293.1,1.95,"N"
"2234",39.80173,120.61037,310.67,0.39,0.37,"2026-09-15",1752,"N20","nominal","2.0NRT",293.6,0.66,"N"
"2235",39.80107,120.61497,306.04,0.39,0.37,"2026-09-15",1752,"N20","nominal","2.0NRT",293.89,0.66,"N"
"2236",40.09308,118.43697,305,0.45,0.39,"2026-09-15",1752,"N20","nominal","2.0NRT",286.92,0.92,"N"
"2237",39.5802,121.43373,306.81,0.39,0.36,"2026-09-15",1752,"N20","nominal","2.0NRT",288.86,0.76,"N"
"2238",39.97305,118.56035,296.7,0.45,0.39,"2026-09-15",1752,"N20","nominal","2.0NRT",280.21,0.9,"N"
"2239",39.96376,118.54777,312.15,0.45,0.39,"2026-09-15",1752,"N20","nominal","2.0NRT",279.86,1.88,"N"
"2240",39.95956,118.55219,297.47,0.45,0.39,"2026-09-15",1752,"N20","nominal","2.0NRT",279.17,0.66,"N"
"2241",39.95732,118.54128,299.81,0.45,0.39,"2026-09-15",1752,"N20","nominal","2.0NRT",278.66,1.45,"N"
"2242",39.9483,118.55511,305.98,0.45,0.39,"2026-09-15",1752,"N20","nominal","2.0NRT",281.77,1.69,"N"
"2243",40.68879,110.2019,307.92,0.39,0.59,"2026-09-15",1752,"N20","nominal","2.0NRT",281.67,0.9,"N"
"2244",39.94411,118.55957,298.53,0.45,0.39,"2026-09-15",1752,"N20","nominal","2.0NRT",279.98,0.93,"N"
"2245",39.94123,118.55366,304.49,0.45,0.39,"2026-09-15",1752,"N20","nominal","2.0NRT",275.38,1.55,"N"
"2246",39.93925,118.56926,298.67,0.45,0.39,"2026-09-15",1752,"N20","nominal","2.0NRT",282.09,1.66,"N"
"2247",39.91425,118.68069,304.77,0.44,0.38,"2026-09-15",1752,"N20","nominal","2.0NRT",288.76,1.59,"N"
"2248",40.6503,109.73555,297.85,0.41,0.6,"2026-09-15",1752,"N20","nominal","2.0NRT",287.49,1.53,"N"
"2249",40.65007,109.74049,306.18,0.41,0.6,"2026-09-15",1752,"N20","nominal","2.0NRT",292.53,3.23,"N"
"2250",40.64941,109.75525,300.98,0.41,0.6,"2026-09-15",1752,"N20","nominal","2.0NRT",289.81,2.13,"N"
"2251",40.6447,109.73501,303.45,0.41,0.6,"2026-09-15",1752,"N20","nominal","2.0NRT",290.57,1.2,"N"
"2252",39.91731,118.36569,313.17,0.45,0.39,"2026-09-15",1752,"N20","nominal","2.0NRT",289,1.68,"N"
"2253",39.90173,118.49183,309.8,0.45,0.39,"2026-09-15",1752,"N20","nominal","2.0NRT",283.38,1.12,"N"
"2254",40.58112,110.60545,296.31,0.37,0.58,"2026-09-15",1752,"N20","nominal","2.0NRT",286.05,0.37,"N"
"2255",39.9199,118.22432,314.81,0.46,0.39,"2026-09-15",1752,"N20","nominal","2.0NRT",287.28,1.34,"N"
"2256",40.57787,110.60429,298.77,0.37,0.58,"2026-09-15",1752,"N20","nominal","2.0NRT",285.2,0.38,"N"
"2257",40.5984,109.68089,320.01,0.41,0.61,"2026-09-15",1752,"N20","nominal","2.0NRT",285.14,1.64,"N"
"2258",40.39034,113.03469,297.23,0.54,0.51,"2026-09-15",1752,"N20","nominal","2.0NRT",283.83,0.98,"N"
"2259",40.58816,109.77824,303.65,0.4,0.6,"2026-09-15",1752,"N20","nominal","2.0NRT",287.68,1.6,"N"
"2260",39.85962,118.19424,305.72,0.46,0.39,"2026-09-15",1752,"N20","nominal","2.0NRT",288.8,1.15,"N"
"2261",40.57956,109.342,302.25,0.43,0.62,"2026-09-15",1752,"N20","nominal","2.0NRT",283.38,0.5,"N"
"2262",40.57912,109.3522,300.83,0.43,0.62,"2026-09-15",1752,"N20","nominal","2.0NRT",287.34,2.26,"N"
"2263",40.57891,109.35732,310.25,0.43,0.62,"2026-09-15",1752,"N20","nominal","2.0NRT",291.91,2.48,"N"
"2264",39.81892,118.19666,320.79,0.46,0.39,"2026-09-15",1752,"N20","nominal","2.0NRT",289.14,1.95,"N"
"2265",39.74477,118.62553,302.49,0.44,0.38,"2026-09-15",1752,"N20","nominal","2.0NRT",290.46,1.5,"N"
"2266",39.75819,118.46394,300.6,0.45,0.39,"2026-09-15",1752,"N20","nominal","2.0NRT",289.17,0.42,"N"
"2267",39.80104,118.09273,330.37,0.46,0.39,"2026-09-15",1752,"N20","nominal","2.0NRT",289.58,4.49,"N"
"2268",39.4674,120.45232,329.52,0.4,0.37,"2026-09-15",1752,"N20","nominal","2.0NRT",288.11,2.29,"N"
"2269",39.66605,118.90062,316.42,0.43,0.38,"2026-09-15",1752,"N20","nominal","2.0NRT",289.57,0.97,"N"
"2270",39.66257,118.89985,323.57,0.43,0.38,"2026-09-15",1752,"N20","nominal","2.0NRT",292.49,2.18,"N"
"2271",39.66323,118.89482,301.92,0.43,0.38,"2026-09-15",1752,"N20","nominal","2.0NRT",291.29,2.18,"N"
"2272",39.75726,118.08911,318.16,0.46,0.39,"2026-09-15",1752,"N20","nominal","2.0NRT",288.48,1.75,"N"
"2273",40.4522,108.89588,299.67,0.45,0.63,"2026-09-15",1752,"N20","nominal","2.0NRT",287.22,1.12,"N"
"2274",39.65547,118.67463,299.12,0.44,0.38,"2026-09-15",1752,"N20","nominal","2.0NRT",287.51,1.89,"N"
"2275",39.60489,118.35963,302.32,0.45,0.39,"2026-09-15",1752,"N20","nominal","2.0NRT",290.74,0.86,"N"
"2276",40.30886,110.06359,311.64,0.39,0.59,"2026-09-15",1752,"N20","nominal","2.0NRT",285.79,0.87,"N"
"2277",39.62483,117.955,324.59,0.47,0.39,"2026-09-15",1752,"N20","nominal","2.0NRT",285.95,2.45,"N"
"2278",39.62442,117.95368,302.16,0.46,0.39,"2026-09-15",1752,"N20","nominal","2.0NRT",285.75,1.11,"N"
"2279",39.62375,117.95908,310.31,0.46,0.39,"2026-09-15",1752,"N20","nominal","2.0NRT",285.75,1.11,"N"
"2280",39.61093,117.97304,306.46,0.46,0.39,"2026-09-15",1752,"N20","nominal","2.0NRT",283.95,0.88,"N"
"2281",39.60999,117.95071,320.06,0.46,0.39,"2026-09-15",1752,"N20","nominal","2.0NRT",287.97,3.17,"N"
"2282",40.30861,110.06225,308.42,0.39,0.59,"2026-09-15",1752,"N20","nominal","2.0NRT",285.23,1.47,"N"
"2283",39.48956,118.70299,316.49,0.44,0.38,"2026-09-15",1752,"N20","nominal","2.0NRT",289.82,1.57,"N"
"2284",39.50661,118.07244,305.25,0.46,0.39,"2026-09-15",1752,"N20","nominal","2.0NRT",289.82,1,"N"
"2285",37.59707,129.01143,302.48,0.45,0.47,"2026-09-15",1752,"N20","nominal","2.0NRT",291.46,0.88,"N"
"2286",39.46658,118.26273,303.64,0.45,0.39,"2026-09-15",1752,"N20","nominal","2.0NRT",289.38,1,"N"
"2287",39.46236,118.26721,302.66,0.45,0.39,"2026-09-15",1752,"N20","nominal","2.0NRT",288.83,0.75,"N"
"2288",39.43727,118.46433,304.26,0.44,0.39,"2026-09-15",1752,"N20","nominal","2.0NRT",287.54,2.1,"N"
"2289",39.43374,118.46358,335.54,0.44,0.39,"2026-09-15",1752,"N20","nominal","2.0NRT",288.53,2.1,"N"
"2290",39.4344,118.45844,303.57,0.44,0.39,"2026-09-15",1752,"N20","nominal","2.0NRT",287.25,2.1,"N"
"2291",39.98253,113.11614,296.54,0.53,0.5,"2026-09-15",1752,"N20","nominal","2.0NRT",286.43,0.9,"N"
"2292",39.81853,114.36391,295.86,0.45,0.47,"2026-09-15",1752,"N20","nominal","2.0NRT",285.82,0.75,"N"
"2293",39.27674,119.0941,302.56,0.42,0.38,"2026-09-15",1752,"N20","nominal","2.0NRT",291.4,0.88,"N"
"2294",39.28228,119.02472,305.59,0.43,0.38,"2026-09-15",1752,"N20","nominal","2.0NRT",291.38,1.01,"N"
"2295",37.48193,129.04715,307.26,0.45,0.47,"2026-09-15",1752,"N20","nominal","2.0NRT",291.41,1.24,"N"
"2296",39.27433,119.05831,309.05,0.42,0.38,"2026-09-15",1752,"N20","nominal","2.0NRT",292.34,1.46,"N"
"2297",39.27024,119.06245,304.89,0.42,0.38,"2026-09-15",1752,"N20","nominal","2.0NRT",292.46,1.28,"N"
"2298",39.26846,119.02169,307.09,0.43,0.38,"2026-09-15",1752,"N20","nominal","2.0NRT",291.9,1.93,"N"
"2299",39.27576,118.98186,299.19,0.43,0.38,"2026-09-15",1752,"N20","nominal","2.0NRT",287.33,0.53,"N"
"2300",39.26985,119.02607,305.39,0.43,0.38,"2026-09-15",1752,"N20","nominal","2.0NRT",292.64,1.05,"N"
"2301",37.48351,129.04703,308.51,0.45,0.47,"2026-09-15",1752,"N20","nominal","2.0NRT",291.28,1.51,"N"
"2302",39.25818,119.0336,322.8,0.42,0.38,"2026-09-15",1752,"N20","nominal","2.0NRT",293.38,2.47,"N"
"2303",39.25883,119.02869,304.37,0.43,0.38,"2026-09-15",1752,"N20","nominal","2.0NRT",292.51,0.97,"N"
"2304",39.24847,119.02643,306.53,0.43,0.38,"2026-09-15",1752,"N20","nominal","2.0NRT",292.96,1.29,"N"
"2305",39.58618,116.19419,329.24,0.55,0.43,"2026-09-15",1752,"N20","nominal","2.0NRT",290.77,8.75,"N"
"2306",37.42384,129.17207,303.7,0.46,0.47,"2026-09-15",1752,"N20","nominal","2.0NRT",285.66,0.81,"N"
"2307",39.23726,119.00378,303.41,0.43,0.38,"2026-09-15",1752,"N20","nominal","2.0NRT",289.81,0.18,"N"
"2308",39.3021,117.78983,304.96,0.47,0.4,"2026-09-15",1752,"N20","nominal","2.0NRT",293.35,1.28,"N"
"2309",39.29353,117.79919,305.11,0.47,0.4,"2026-09-15",1752,"N20","nominal","2.0NRT",291.24,1.75,"N"
"2310",39.21722,118.08993,307.18,0.46,0.39,"2026-09-15",1752,"N20","nominal","2.0NRT",293.49,1.72,"N"
"2311",39.41095,115.62843,302.94,0.39,0.44,"2026-09-15",1752,"N20","nominal","2.0NRT",289.78,1.04,"N"
"2312",38.99599,119.00211,331.62,0.42,0.38,"2026-09-15",1752,"N20","nominal","2.0NRT",293.75,2.66,"N"
"2313",38.96067,118.4409,301.98,0.44,0.38,"2026-09-15",1752,"N20","nominal","2.0NRT",287.94,0.86,"N"
"2314",38.96002,118.44597,304.38,0.44,0.38,"2026-09-15",1752,"N20","nominal","2.0NRT",290.52,0.82,"N"
"2315",37.23152,128.32135,316.39,0.42,0.45,"2026-09-15",1752,"N20","nominal","2.0NRT",287.36,1.64,"N"
"2316",37.20525,128.30241,299.61,0.42,0.45,"2026-09-15",1752,"N20","nominal","2.0NRT",286.98,1.41,"N"
"2317",39.0247,117.49642,302.39,0.48,0.4,"2026-09-15",1752,"N20","nominal","2.0NRT",291.53,1.13,"N"
"2318",39.02559,117.49548,303.13,0.48,0.4,"2026-09-15",1752,"N20","nominal","2.0NRT",291.92,0.89,"N"
"2319",37.20371,128.29961,304.89,0.42,0.45,"2026-09-15",1752,"N20","nominal","2.0NRT",286.07,1.15,"N"
"2320",37.29344,127.33274,299.09,0.56,0.43,"2026-09-15",1752,"N20","nominal","2.0NRT",283.11,2.57,"N"
"2321",37.28959,127.3315,326.91,0.56,0.43,"2026-09-15",1752,"N20","nominal","2.0NRT",283.75,2.57,"N"
"2322",37.2883,127.33749,297.35,0.56,0.43,"2026-09-15",1752,"N20","nominal","2.0NRT",286.2,2.57,"N"
"2323",37.28999,127.33153,326.41,0.56,0.43,"2026-09-15",1752,"N20","nominal","2.0NRT",283.24,3.65,"N"
"2324",37.28873,127.33754,319.11,0.56,0.43,"2026-09-15",1752,"N20","nominal","2.0NRT",287.02,4.12,"N"
"2325",37.02769,128.31758,309.48,0.43,0.46,"2026-09-15",1752,"N20","nominal","2.0NRT",280.65,1.27,"N"
"2326",37.01345,128.34244,303.08,0.43,0.46,"2026-09-15",1752,"N20","nominal","2.0NRT",278.54,1.11,"N"
"2327",37.01139,128.33197,301.24,0.43,0.46,"2026-09-15",1752,"N20","nominal","2.0NRT",283.48,0.72,"N"
"2328",39.42718,110.4671,303.11,0.36,0.58,"2026-09-15",1752,"N20","nominal","2.0NRT",285.59,0.64,"N"
"2329",39.40111,110.635,308.72,0.36,0.57,"2026-09-15",1752,"N20","nominal","2.0NRT",286.59,1.54,"N"
"2330",39.40086,110.63913,299.44,0.36,0.57,"2026-09-15",1752,"N20","nominal","2.0NRT",288.49,2.25,"N"
"2331",39.39584,110.63418,317.44,0.36,0.57,"2026-09-15",1752,"N20","nominal","2.0NRT",284.13,1.54,"N"
"2332",10.42616,108.39501,317.64,0.44,0.46,"2026-09-15",1800,"N20","nominal","2.0NRT",287.93,4.07,"N"
"2333",39.46737,106.70232,302.21,0.58,0.7,"2026-09-15",1752,"N20","nominal","2.0NRT",277.46,1.42,"N"
"2334",10.37888,108.35913,313.68,0.45,0.47,"2026-09-15",1800,"N20","nominal","2.0NRT",288.28,3.26,"N"
"2335",39.46089,106.70203,304.2,0.58,0.7,"2026-09-15",1752,"N20","nominal","2.0NRT",276.05,1.42,"N"
"2336",39.46696,106.7017,305.76,0.58,0.7,"2026-09-15",1752,"N20","nominal","2.0NRT",277.81,1.49,"N"
"2337",10.21297,108.34656,338.59,0.44,0.46,"2026-09-15",1800,"N20","nominal","2.0NRT",288.6,5.06,"N"
"2338",39.46049,106.70145,300.61,0.58,0.7,"2026-09-15",1752,"N20","nominal","2.0NRT",276.02,1.49,"N"
"2339",39.27923,110.72947,296.82,0.35,0.57,"2026-09-15",1752,"N20","nominal","2.0NRT",282.62,0.64,"N"
"2340",10.13441,108.56684,332.64,0.43,0.46,"2026-09-15",1800,"N20","nominal","2.0NRT",289.62,5.02,"N"
"2341",39.25658,110.75528,296.89,0.35,0.57,"2026-09-15",1752,"N20","nominal","2.0NRT",284.67,0.58,"N"
"2342",39.37024,106.96291,300.16,0.56,0.69,"2026-09-15",1752,"N20","nominal","2.0NRT",275.86,2.57,"N"
"2343",39.22159,110.53571,297.8,0.36,0.57,"2026-09-15",1752,"N20","nominal","2.0NRT",283.91,1.18,"N"
"2344",39.21608,110.53899,297.36,0.36,0.57,"2026-09-15",1752,"N20","nominal","2.0NRT",284.81,0.36,"N"
"2345",39.21706,110.42326,301.81,0.36,0.58,"2026-09-15",1752,"N20","nominal","2.0NRT",285.21,0.62,"N"
"2346",39.22271,110.5382,302.92,0.36,0.57,"2026-09-15",1752,"N20","nominal","2.0NRT",285.7,0.85,"N"
"2347",39.36856,106.964,301.04,0.56,0.69,"2026-09-15",1752,"N20","nominal","2.0NRT",276.19,2.32,"N"
"2348",39.2138,110.42097,295.49,0.36,0.58,"2026-09-15",1752,"N20","nominal","2.0NRT",282.96,0.64,"N"
"2349",38.861,114.8308,308,0.42,0.45,"2026-09-15",1752,"N20","nominal","2.0NRT",291.47,0.73,"N"
"2350",39.32989,106.9761,318,0.56,0.69,"2026-09-15",1752,"N20","nominal","2.0NRT",275.54,1.97,"N"
"2351",39.13278,110.33521,305.25,0.37,0.58,"2026-09-15",1752,"N20","nominal","2.0NRT",285.23,1.12,"N"
"2352",39.11129,110.71791,301.51,0.35,0.57,"2026-09-15",1752,"N20","nominal","2.0NRT",284.65,0.77,"N"
"2353",38.81227,114.62896,303.71,0.43,0.46,"2026-09-15",1752,"N20","nominal","2.0NRT",290.44,1.11,"N"
"2354",36.98829,126.69878,303.87,0.53,0.42,"2026-09-15",1752,"N20","nominal","2.0NRT",292.62,0.87,"N"
"2355",36.98209,126.70921,325.27,0.53,0.42,"2026-09-15",1752,"N20","nominal","2.0NRT",294.23,2.13,"N"
"2356",36.98574,126.69172,316.39,0.53,0.42,"2026-09-15",1752,"N20","nominal","2.0NRT",293.77,2.03,"N"
"2357",36.98331,126.7034,306.75,0.53,0.42,"2026-09-15",1752,"N20","nominal","2.0NRT",293.64,2.13,"N"
"2358",36.9832,126.68468,306.14,0.53,0.42,"2026-09-15",1752,"N20","nominal","2.0NRT",288.14,1.52,"N"
"2359",36.98198,126.69051,308.62,0.53,0.42,"2026-09-15",1752,"N20","nominal","2.0NRT",294.42,2.03,"N"
"2360",38.21401,119.55327,338.67,0.4,0.37,"2026-09-15",1752,"N20","nominal","2.0NRT",294.22,3.6,"N"
"2361",36.98523,126.7024,305.41,0.53,0.42,"2026-09-15",1752,"N20","nominal","2.0NRT",293.21,1.92,"N"
"2362",36.98404,126.70823,313.55,0.53,0.42,"2026-09-15",1752,"N20","nominal","2.0NRT",294.74,2.44,"N"
"2363",36.98286,126.7141,312,0.54,0.42,"2026-09-15",1752,"N20","nominal","2.0NRT",289.55,2.44,"N"
"2364",36.98385,126.68948,325.29,0.53,0.42,"2026-09-15",1752,"N20","nominal","2.0NRT",295.04,3.96,"N"
"2365",36.98147,126.70117,305.18,0.53,0.42,"2026-09-15",1752,"N20","nominal","2.0NRT",291.28,1.92,"N"
"2366",39.11111,110.71861,302.06,0.35,0.57,"2026-09-15",1752,"N20","nominal","2.0NRT",285.56,0.8,"N"
"2367",39.12953,110.33603,297.01,0.37,0.58,"2026-09-15",1752,"N20","nominal","2.0NRT",284.3,1.44,"N"
"2368",39.08766,110.7563,299.46,0.35,0.57,"2026-09-15",1752,"N20","nominal","2.0NRT",286.68,1.32,"N"
"2369",39.08664,110.77242,306.73,0.35,0.57,"2026-09-15",1752,"N20","nominal","2.0NRT",285.61,1.21,"N"
"2370",39.07172,111.00469,296.04,0.34,0.56,"2026-09-15",1752,"N20","nominal","2.0NRT",285.63,0.65,"N"
"2371",38.95009,112.68147,299.07,0.55,0.51,"2026-09-15",1752,"N20","nominal","2.0NRT",288.49,2.29,"N"
"2372",39.08195,110.76343,295.61,0.35,0.57,"2026-09-15",1752,"N20","nominal","2.0NRT",285.07,1.23,"N"
"2373",39.0583,110.88931,300.94,0.34,0.56,"2026-09-15",1752,"N20","nominal","2.0NRT",284.81,0.79,"N"
"2374",38.23563,119.14582,309.99,0.41,0.37,"2026-09-15",1752,"N20","nominal","2.0NRT",293.73,0.59,"N"
"2375",36.95439,126.61795,296.67,0.53,0.42,"2026-09-15",1752,"N20","nominal","2.0NRT",286.19,0.44,"N"
"2376",39.05668,110.66003,298,0.35,0.57,"2026-09-15",1752,"N20","nominal","2.0NRT",285.42,0.77,"N"
"2377",39.05643,110.66415,298.02,0.35,0.57,"2026-09-15",1752,"N20","nominal","2.0NRT",287.19,0.82,"N"
"2378",39.2206,106.68941,295.26,0.58,0.7,"2026-09-15",1752,"N20","nominal","2.0NRT",277.01,1.22,"N"
"2379",38.14111,119.52737,327.55,0.41,0.37,"2026-09-15",1752,"N20","nominal","2.0NRT",294.39,2.24,"N"
"2380",38.07069,119.77358,331.23,0.4,0.37,"2026-09-15",1752,"N20","nominal","2.0NRT",294.67,2.08,"N"
"2381",38.29536,117.83462,305.55,0.46,0.39,"2026-09-15",1752,"N20","nominal","2.0NRT",292.65,1.07,"N"
"2382",38.29471,117.83981,318.18,0.46,0.39,"2026-09-15",1752,"N20","nominal","2.0NRT",295.12,1.76,"N"
"2383",38.29179,117.83389,307.68,0.46,0.39,"2026-09-15",1752,"N20","nominal","2.0NRT",294.84,0.89,"N"
"2384",38.28593,117.82204,311.04,0.46,0.39,"2026-09-15",1752,"N20","nominal","2.0NRT",295.34,1.88,"N"
"2385",38.28494,117.80049,316.86,0.46,0.39,"2026-09-15",1752,"N20","nominal","2.0NRT",294.07,2.28,"N"
"2386",38.28429,117.80569,304.91,0.46,0.39,"2026-09-15",1752,"N20","nominal","2.0NRT",294,1.06,"N"
"2387",38.28365,117.81091,304.1,0.46,0.39,"2026-09-15",1752,"N20","nominal","2.0NRT",293.43,1.06,"N"
"2388",38.79041,112.76079,300.51,0.54,0.51,"2026-09-15",1752,"N20","nominal","2.0NRT",286.41,1.42,"N"
"2389",38.5769,114.94563,306.45,0.41,0.45,"2026-09-15",1752,"N20","nominal","2.0NRT",290.41,0.69,"N"
"2390",38.57231,114.94972,328.11,0.41,0.45,"2026-09-15",1752,"N20","nominal","2.0NRT",294.54,2.53,"N"
"2391",38.57277,114.94497,313.65,0.41,0.45,"2026-09-15",1752,"N20","nominal","2.0NRT",293.08,2.53,"N"
"2392",38.56452,114.94363,320.92,0.41,0.45,"2026-09-15",1752,"N20","nominal","2.0NRT",293.08,1.96,"N"
"2393",37.9989,119.64479,322.44,0.4,0.37,"2026-09-15",1752,"N20","nominal","2.0NRT",293.83,1.74,"N"
"2394",37.99826,119.64935,326.26,0.4,0.37,"2026-09-15",1752,"N20","nominal","2.0NRT",294.33,1.74,"N"
"2395",38.69646,113.23235,298.32,0.51,0.49,"2026-09-15",1752,"N20","nominal","2.0NRT",281.31,1.59,"N"
"2396",38.85013,110.31551,296.23,0.37,0.58,"2026-09-15",1752,"N20","nominal","2.0NRT",282.41,0.57,"N"
"2397",37.6894,121.09824,303.89,0.38,0.36,"2026-09-15",1752,"N20","nominal","2.0NRT",291.66,1.06,"N"
"2398",37.68874,121.10256,317.77,0.38,0.36,"2026-09-15",1752,"N20","nominal","2.0NRT",292.66,1.06,"N"
"2399",38.91538,106.43501,301.65,0.6,0.7,"2026-09-15",1752,"N20","nominal","2.0NRT",282.61,1.3,"N"
"2400",38.91521,106.44201,298.69,0.6,0.7,"2026-09-15",1752,"N20","nominal","2.0NRT",277.61,1.3,"N"
"2401",38.07724,117.73389,304.92,0.46,0.39,"2026-09-15",1752,"N20","nominal","2.0NRT",294.7,1.32,"N"
"2402",37.81214,119.62578,317.93,0.4,0.37,"2026-09-15",1752,"N20","nominal","2.0NRT",294.14,0.72,"N"
"2403",38.71214,110.17883,298.72,0.37,0.58,"2026-09-15",1752,"N20","nominal","2.0NRT",275.16,0.67,"N"
"2404",38.40055,114.15028,308.81,0.45,0.47,"2026-09-15",1752,"N20","nominal","2.0NRT",293.41,2.32,"N"
"2405",38.39723,114.1392,302.63,0.45,0.47,"2026-09-15",1752,"N20","nominal","2.0NRT",291.96,1.69,"N"
"2406",38.39674,114.14442,307.42,0.45,0.47,"2026-09-15",1752,"N20","nominal","2.0NRT",295.92,2.52,"N"
"2407",37.74767,119.53368,307.1,0.4,0.37,"2026-09-15",1752,"N20","nominal","2.0NRT",294.39,0.66,"N"
"2408",37.47153,121.0528,305.81,0.38,0.36,"2026-09-15",1752,"N20","nominal","2.0NRT",291,0.62,"N"
"2409",37.37965,121.16161,313.39,0.38,0.36,"2026-09-15",1752,"N20","nominal","2.0NRT",291.53,1.26,"N"
"2410",38.1832,114.23438,304.42,0.44,0.46,"2026-09-15",1752,"N20","nominal","2.0NRT",291.62,0.88,"N"
"2411",38.17891,114.23399,305.07,0.44,0.46,"2026-09-15",1752,"N20","nominal","2.0NRT",290.03,0.88,"N"
"2412",38.13671,114.31428,305.75,0.44,0.46,"2026-09-15",1752,"N20","nominal","2.0NRT",293.26,0.94,"N"
"2413",37.17657,121.60326,306.29,0.38,0.36,"2026-09-15",1752,"N20","nominal","2.0NRT",287.19,0.48,"N"
"2414",38.37589,110.49111,299.52,0.35,0.57,"2026-09-15",1752,"N20","nominal","2.0NRT",281.96,0.24,"N"
"2415",38.16332,113.47778,301.3,0.49,0.48,"2026-09-15",1752,"N20","nominal","2.0NRT",284.12,1.43,"N"
"2416",38.16003,113.4819,298.44,0.48,0.48,"2026-09-15",1752,"N20","nominal","2.0NRT",283.34,0.81,"N"
"2417",38.37642,110.49342,296.75,0.35,0.57,"2026-09-15",1752,"N20","nominal","2.0NRT",282.1,0.32,"N"
"2418",38.18307,113.01327,297.54,0.51,0.5,"2026-09-15",1752,"N20","nominal","2.0NRT",284.16,1.94,"N"
"2419",37.04293,121.6072,296.27,0.38,0.36,"2026-09-15",1752,"N20","nominal","2.0NRT",285.39,0.31,"N"
"2420",37.41574,118.8494,323.16,0.42,0.37,"2026-09-15",1752,"N20","nominal","2.0NRT",295.48,2.69,"N"
"2421",37.76479,115.19959,302.28,0.39,0.44,"2026-09-15",1752,"N20","nominal","2.0NRT",291.21,1.05,"N"
"2422",37.90661,113.67612,297.96,0.47,0.48,"2026-09-15",1752,"N20","nominal","2.0NRT",286.06,0.66,"N"
"2423",37.9398,112.53102,296.67,0.54,0.51,"2026-09-15",1752,"N20","nominal","2.0NRT",286.26,1.16,"N"
"2424",37.93415,112.54284,303.15,0.54,0.51,"2026-09-15",1752,"N20","nominal","2.0NRT",287.35,1.08,"N"
"2425",37.83622,113.71873,299.11,0.47,0.47,"2026-09-15",1752,"N20","nominal","2.0NRT",287.08,0.84,"N"
"2426",37.93045,112.5297,305.16,0.54,0.51,"2026-09-15",1752,"N20","nominal","2.0NRT",291.78,2.94,"N"
"2427",37.92948,112.5422,311.83,0.54,0.51,"2026-09-15",1752,"N20","nominal","2.0NRT",288.93,1.69,"N"
"2428",37.92432,112.54781,298.48,0.54,0.51,"2026-09-15",1752,"N20","nominal","2.0NRT",286.57,1.69,"N"
"2429",37.91965,112.54719,306.13,0.54,0.51,"2026-09-15",1752,"N20","nominal","2.0NRT",291.65,3.75,"N"
"2430",37.91078,112.53962,300.52,0.54,0.51,"2026-09-15",1752,"N20","nominal","2.0NRT",286.33,1.81,"N"
"2431",37.92665,112.54707,300.98,0.54,0.51,"2026-09-15",1752,"N20","nominal","2.0NRT",286.35,1.45,"N"
"2432",37.9173,112.54584,311.83,0.54,0.51,"2026-09-15",1752,"N20","nominal","2.0NRT",292.05,3.57,"N"
"2433",63.74058,107.04688,309.24,0.6,0.71,"2026-09-15",1743,"N20","nominal","2.0NRT",268.09,2.14,"N"
"2434",37.59763,114.45086,309.81,0.42,0.46,"2026-09-15",1752,"N20","nominal","2.0NRT",292.01,2.07,"N"
"2435",31.38828,119.30486,306.19,0.38,0.36,"2026-09-15",1754,"N20","nominal","2.0NRT",291.73,0.8,"N"
"2436",37.52546,114.4419,310.35,0.42,0.45,"2026-09-15",1752,"N20","nominal","2.0NRT",292.37,1.26,"N"
"2437",63.74107,107.06024,295.98,0.6,0.71,"2026-09-15",1743,"N20","nominal","2.0NRT",267.24,2.46,"N"
"2438",37.58465,112.1909,298.37,0.56,0.52,"2026-09-15",1752,"N20","nominal","2.0NRT",287.38,1.28,"N"
"2439",31.38624,119.29615,326.09,0.38,0.36,"2026-09-15",1754,"N20","nominal","2.0NRT",295.28,1.7,"N"
"2440",37.57861,112.26704,305.75,0.56,0.51,"2026-09-15",1752,"N20","nominal","2.0NRT",291.11,2.56,"N"
"2441",63.73399,107.04742,298.55,0.6,0.71,"2026-09-15",1743,"N20","nominal","2.0NRT",269.34,2.14,"N"
"2442",37.58138,112.17159,298.74,0.56,0.52,"2026-09-15",1752,"N20","nominal","2.0NRT",288.05,0.94,"N"
"2443",63.74348,107.05597,312.2,0.6,0.71,"2026-09-15",1743,"N20","nominal","2.0NRT",267.59,3.06,"N"
"2444",37.5809,112.17766,299.77,0.56,0.52,"2026-09-15",1752,"N20","nominal","2.0NRT",288.44,2.15,"N"
"2445",31.38296,119.29546,311.02,0.38,0.36,"2026-09-15",1754,"N20","nominal","2.0NRT",292.46,1.7,"N"
"2446",63.73646,107.04346,298.93,0.6,0.71,"2026-09-15",1743,"N20","nominal","2.0NRT",268.98,2.54,"N"
"2447",37.57489,112.25375,296.92,0.56,0.51,"2026-09-15",1752,"N20","nominal","2.0NRT",286.44,1.51,"N"
"2448",61.54325,113.16068,367,0.38,0.59,"2026-09-15",1745,"N20","high","2.0NRT",277.29,17.17,"N"
"2449",37.57438,112.26008,317.38,0.56,0.51,"2026-09-15",1752,"N20","nominal","2.0NRT",289.87,1.51,"N"
"2450",31.52955,118.00323,301.59,0.4,0.37,"2026-09-15",1754,"N20","nominal","2.0NRT",289.49,0.26,"N"
"2451",61.54319,113.16299,350.78,0.38,0.59,"2026-09-15",1745,"N20","nominal","2.0NRT",281.55,10.18,"N"
"2452",37.57116,112.24043,301.18,0.56,0.51,"2026-09-15",1752,"N20","nominal","2.0NRT",287.92,1.99,"N"
"2453",61.5433,113.15569,296.78,0.38,0.59,"2026-09-15",1745,"N20","nominal","2.0NRT",269.27,10.18,"N"
"2454",37.57016,112.25311,305.54,0.56,0.51,"2026-09-15",1752,"N20","nominal","2.0NRT",289.12,1.51,"N"
"2455",31.52052,117.89804,326.18,0.4,0.37,"2026-09-15",1754,"N20","nominal","2.0NRT",293.38,2.6,"N"
"2456",61.24812,112.45737,318.29,0.4,0.6,"2026-09-15",1745,"N20","nominal","2.0NRT",268.9,1.56,"N"
"2457",37.56965,112.25946,298.53,0.56,0.51,"2026-09-15",1752,"N20","nominal","2.0NRT",288.16,1.51,"N"
"2458",61.25029,112.45776,318.39,0.4,0.6,"2026-09-15",1745,"N20","nominal","2.0NRT",268.1,2.11,"N"
"2459",37.56442,112.26518,301.93,0.56,0.51,"2026-09-15",1752,"N20","nominal","2.0NRT",288.98,1.7,"N"
"2460",31.47643,117.92942,324.95,0.4,0.37,"2026-09-15",1754,"N20","nominal","2.0NRT",294.38,2.54,"N"
"2461",60.9496,112.0179,347.1,0.42,0.61,"2026-09-15",1745,"N20","nominal","2.0NRT",270.32,3.19,"N"
"2462",36.98531,117.68236,305.22,0.45,0.39,"2026-09-15",1752,"N20","nominal","2.0NRT",292.22,1.25,"N"
"2463",60.94392,112.01754,331.1,0.42,0.61,"2026-09-15",1745,"N20","nominal","2.0NRT",269.18,3.19,"N"
"2464",31.11488,119.6993,305.51,0.38,0.36,"2026-09-15",1754,"N20","nominal","2.0NRT",290.07,1.05,"N"
"2465",36.94976,117.62672,307.75,0.45,0.39,"2026-09-15",1752,"N20","nominal","2.0NRT",292.22,1.26,"N"
"2466",60.92087,112.11256,367,0.41,0.61,"2026-09-15",1745,"N20","high","2.0NRT",280.99,99.98,"N"
"2467",36.90178,117.74564,311.47,0.45,0.39,"2026-09-15",1752,"N20","nominal","2.0NRT",295.94,1.72,"N"
"2468",60.9208,112.12856,315.2,0.41,0.61,"2026-09-15",1745,"N20","nominal","2.0NRT",270.66,9.1,"N"
"2469",31.11106,119.72324,303.4,0.38,0.36,"2026-09-15",1754,"N20","nominal","2.0NRT",290.65,0.61,"N"
"2470",36.75811,118.40783,314.25,0.42,0.38,"2026-09-15",1752,"N20","nominal","2.0NRT",293.96,1.96,"N"
"2471",60.94778,112.02109,352.99,0.42,0.61,"2026-09-15",1745,"N20","nominal","2.0NRT",273.13,7.62,"N"
"2472",36.64349,119.24706,306.69,0.4,0.37,"2026-09-15",1752,"N20","nominal","2.0NRT",295.44,1.55,"N"
"2473",60.92437,112.11575,350.71,0.41,0.61,"2026-09-15",1745,"N20","nominal","2.0NRT",293.6,35.85,"N"
"2474",31.09582,119.69106,300.45,0.38,0.36,"2026-09-15",1754,"N20","nominal","2.0NRT",289.95,0.8,"N"
"2475",37.46455,110.95003,299.52,0.33,0.55,"2026-09-15",1752,"N20","nominal","2.0NRT",286.04,0.44,"N"
"2476",60.92431,112.12379,328.29,0.41,0.61,"2026-09-15",1745,"N20","nominal","2.0NRT",275.73,20.13,"N"
"2477",60.92444,112.10743,307.6,0.41,0.61,"2026-09-15",1745,"N20","nominal","2.0NRT",269.82,35.85,"N"
"2478",37.13998,114.53782,319.04,0.41,0.45,"2026-09-15",1752,"N20","nominal","2.0NRT",293.73,2.73,"N"
"2479",31.08989,119.68565,317.31,0.38,0.36,"2026-09-15",1754,"N20","nominal","2.0NRT",291.38,1.64,"N"
"2480",60.91872,112.11563,367,0.41,0.61,"2026-09-15",1745,"N20","high","2.0NRT",274.56,35.85,"N"
"2481",37.35318,112.00388,300.05,0.57,0.52,"2026-09-15",1752,"N20","nominal","2.0NRT",287.87,2.05,"N"
"2482",60.91879,112.10712,296.63,0.41,0.61,"2026-09-15",1745,"N20","nominal","2.0NRT",269.65,35.85,"N"
"2483",31.06382,119.59348,309.7,0.38,0.36,"2026-09-15",1754,"N20","nominal","2.0NRT",290.12,0.75,"N"
"2484",34.05587,131.78343,304.61,0.38,0.59,"2026-09-15",1752,"N20","nominal","2.0NRT",281.41,0.93,"N"
"2485",60.91866,112.12373,319.86,0.41,0.61,"2026-09-15",1745,"N20","nominal","2.0NRT",271.88,20.13,"N"
"2486",60.91859,112.13152,303.64,0.41,0.61,"2026-09-15",1745,"N20","nominal","2.0NRT",269.67,20.13,"N"
"2487",31.23305,118.38058,310.92,0.39,0.36,"2026-09-15",1754,"N20","nominal","2.0NRT",291.56,1.12,"N"
"2488",37.40574,111.13838,308.09,0.32,0.55,"2026-09-15",1752,"N20","nominal","2.0NRT",285.16,0.56,"N"
"2489",60.47878,109.87465,333.96,0.49,0.65,"2026-09-15",1745,"N20","nominal","2.0NRT",269.73,3.16,"N"
"2490",60.46507,109.71788,346.07,0.5,0.66,"2026-09-15",1745,"N20","nominal","2.0NRT",272.73,6.57,"N"
"2491",31.04222,119.60122,304.38,0.38,0.36,"2026-09-15",1754,"N20","nominal","2.0NRT",289.59,0.56,"N"
"2492",37.4055,111.1419,295.83,0.32,0.55,"2026-09-15",1752,"N20","nominal","2.0NRT",285.03,0.56,"N"
"2493",60.46498,109.70869,299.73,0.5,0.66,"2026-09-15",1745,"N20","nominal","2.0NRT",268.61,4.66,"N"
"2494",60.27837,109.34356,318.54,0.51,0.66,"2026-09-15",1745,"N20","nominal","2.0NRT",266.07,1.46,"N"
"2495",36.68818,118.22597,308.92,0.43,0.38,"2026-09-15",1752,"N20","nominal","2.0NRT",291.44,0.78,"N"
"2496",31.22717,118.14819,322.61,0.4,0.37,"2026-09-15",1754,"N20","nominal","2.0NRT",294.97,1.85,"N"
"2497",60.28637,111.639,313.05,0.43,0.62,"2026-09-15",1745,"N20","nominal","2.0NRT",261.81,0.94,"N"
"2498",36.75214,117.67417,298.81,0.45,0.39,"2026-09-15",1752,"N20","nominal","2.0NRT",288.47,0.55,"N"
"2499",60.2722,109.3438,310.3,0.51,0.66,"2026-09-15",1745,"N20","nominal","2.0NRT",267,1.29,"N"
"2500",31.22778,118.14407,309.23,0.4,0.37,"2026-09-15",1754,"N20","nominal","2.0NRT",294.75,1.85,"N"
"2501",60.21076,109.92471,295,0.49,0.65,"2026-09-15",1745,"N20","nominal","2.0NRT",267.13,0.87,"N"
"2502",34.16862,131.21513,310.05,0.35,0.57,"2026-09-15",1752,"N20","nominal","2.0NRT",287.17,1.39,"N"
"2503",60.14649,109.08401,367,0.52,0.67,"2026-09-15",1745,"N20","high","2.0NRT",271.3,20.79,"N"
"2504",34.1719,131.21832,302.63,0.35,0.57,"2026-09-15",1752,"N20","nominal","2.0NRT",285.31,1.29,"N"
"2505",31.22322,118.15164,305.72,0.39,0.37,"2026-09-15",1754,"N20","nominal","2.0NRT",292.07,1.48,"N"
"2506",60.14663,109.09345,349.46,0.52,0.67,"2026-09-15",1745,"N20","nominal","2.0NRT",276.56,20.79,"N"
"2507",59.84393,108.4017,326.52,0.55,0.68,"2026-09-15",1745,"N20","nominal","2.0NRT",267.95,2.88,"N"
"2508",31.13935,118.17025,311.76,0.39,0.37,"2026-09-15",1754,"N20","nominal","2.0NRT",269.46,1.4,"N"
"2509",59.78854,108.1929,338.61,0.56,0.69,"2026-09-15",1745,"N20","nominal","2.0NRT",271.7,5.89,"N"
"2510",37.37489,111.15263,298.31,0.32,0.54,"2026-09-15",1752,"N20","nominal","2.0NRT",284.96,0.6,"N"
"2511",31.13602,118.16959,311.14,0.39,0.37,"2026-09-15",1754,"N20","nominal","2.0NRT",274.18,1.49,"N"
"2512",59.78831,108.18236,296.55,0.56,0.69,"2026-09-15",1745,"N20","nominal","2.0NRT",268.98,4.11,"N"
"2513",37.0658,114.33319,301.4,0.42,0.46,"2026-09-15",1752,"N20","nominal","2.0NRT",289.14,0.89,"N"
"2514",31.13515,118.01247,306.61,0.4,0.37,"2026-09-15",1754,"N20","nominal","2.0NRT",292.01,0.61,"N"
"2515",36.54651,118.58093,324.47,0.42,0.37,"2026-09-15",1752,"N20","nominal","2.0NRT",294.5,2.39,"N"
"2516",59.80358,109.41821,367,0.51,0.66,"2026-09-15",1745,"N20","high","2.0NRT",269.06,18.27,"N"
"2517",31.02234,118.69926,301.38,0.39,0.36,"2026-09-15",1754,"N20","nominal","2.0NRT",288.77,1.02,"N"
"2518",36.6378,117.75155,306.31,0.44,0.39,"2026-09-15",1752,"N20","nominal","2.0NRT",293.26,0.89,"N"
"2519",59.8037,109.42783,350.59,0.51,0.66,"2026-09-15",1745,"N20","nominal","2.0NRT",273.96,17.83,"N"
"2520",31.0993,118.02239,323.92,0.4,0.37,"2026-09-15",1754,"N20","nominal","2.0NRT",292.49,2.31,"N"
"2521",36.63914,117.57748,302.74,0.45,0.39,"2026-09-15",1752,"N20","nominal","2.0NRT",292.11,0.71,"N"
"2522",59.79062,110.87386,316.79,0.45,0.63,"2026-09-15",1745,"N20","nominal","2.0NRT",269.12,1.82,"N"
"2523",31.09202,118.02521,306.78,0.4,0.37,"2026-09-15",1754,"N20","nominal","2.0NRT",289.92,0.87,"N"
"2524",36.56256,117.97028,306.01,0.43,0.38,"2026-09-15",1752,"N20","nominal","2.0NRT",291.63,1.09,"N"
"2525",59.78761,108.18478,325.64,0.56,0.69,"2026-09-15",1745,"N20","nominal","2.0NRT",268.95,4.06,"N"
"2526",37.12793,112.04779,303.46,0.57,0.52,"2026-09-15",1752,"N20","nominal","2.0NRT",289.04,1.97,"N"
"2527",31.06218,117.95656,305.02,0.4,0.37,"2026-09-15",1754,"N20","nominal","2.0NRT",291.74,1.12,"N"
"2528",59.7878,108.19528,322.94,0.56,0.69,"2026-09-15",1745,"N20","nominal","2.0NRT",270.85,4.06,"N"
"2529",33.94775,131.22818,301.58,0.36,0.57,"2026-09-15",1752,"N20","nominal","2.0NRT",287.27,1.16,"N"
"2530",59.80474,109.41972,367,0.51,0.66,"2026-09-15",1745,"N20","high","2.0NRT",270.02,14.26,"N"
"2531",30.33041,121.96422,310.22,0.43,0.38,"2026-09-15",1754,"N20","nominal","2.0NRT",292.53,1.3,"N"
"2532",36.42783,118.39639,308.58,0.42,0.38,"2026-09-15",1752,"N20","nominal","2.0NRT",293.39,1.09,"N"
"2533",59.80483,109.42931,342.28,0.51,0.66,"2026-09-15",1745,"N20","nominal","2.0NRT",272.08,14.26,"N"
"2534",31.00349,117.79123,314.29,0.4,0.37,"2026-09-15",1754,"N20","nominal","2.0NRT",273.96,1.65,"N"
"2535",59.78656,110.87464,316.14,0.45,0.63,"2026-09-15",1745,"N20","nominal","2.0NRT",270.17,1.55,"N"
"2536",36.42925,118.39409,310.69,0.42,0.38,"2026-09-15",1752,"N20","nominal","2.0NRT",292.86,0.78,"N"
"2537",30.99521,117.77675,295.79,0.4,0.37,"2026-09-15",1754,"N20","nominal","2.0NRT",272.94,0.66,"N"
"2538",59.63836,108.11351,325.42,0.57,0.69,"2026-09-15",1745,"N20","nominal","2.0NRT",269.98,3.88,"N"
"2539",30.99341,117.78928,302.27,0.4,0.37,"2026-09-15",1754,"N20","nominal","2.0NRT",272.22,0.73,"N"
"2540",37.10532,111.9659,298.62,0.57,0.52,"2026-09-15",1752,"N20","nominal","2.0NRT",287.94,1.5,"N"
"2541",59.63827,108.11969,336.44,0.57,0.69,"2026-09-15",1745,"N20","nominal","2.0NRT",271.11,4.54,"N"
"2542",30.99185,117.77609,303.61,0.4,0.37,"2026-09-15",1754,"N20","nominal","2.0NRT",272.64,0.66,"N"
"2543",37.07403,111.99476,301.65,0.57,0.52,"2026-09-15",1752,"N20","nominal","2.0NRT",289.23,0.99,"N"
"2544",59.42436,107.81051,297.37,0.58,0.7,"2026-09-15",1745,"N20","nominal","2.0NRT",268.83,0.57,"N"
"2545",30.78678,118.97099,313.87,0.39,0.36,"2026-09-15",1754,"N20","nominal","2.0NRT",290.28,0.89,"N"
"2546",37.0772,111.83073,302.96,0.58,0.52,"2026-09-15",1752,"N20","nominal","2.0NRT",284.52,0.94,"N"
"2547",30.67111,118.88269,306.71,0.39,0.36,"2026-09-15",1754,"N20","nominal","2.0NRT",289.82,1.19,"N"
"2548",59.42511,107.80621,304.7,0.58,0.7,"2026-09-15",1745,"N20","nominal","2.0NRT",269.23,1.05,"N"
"2549",33.91517,130.84248,310.56,0.34,0.56,"2026-09-15",1752,"N20","nominal","2.0NRT",289.99,1.44,"N"
"2550",29.97895,121.03382,309.36,0.4,0.37,"2026-09-15",1754,"N20","nominal","2.0NRT",288.63,0.9,"N"
"2551",58.48064,107.02306,353.71,0.62,0.71,"2026-09-15",1745,"N20","nominal","2.0NRT",278.44,10.22,"N"
"2552",36.75837,114.10957,306.2,0.43,0.46,"2026-09-15",1752,"N20","nominal","2.0NRT",291.64,0.61,"N"
"2553",30.03056,119.74648,324.95,0.39,0.36,"2026-09-15",1754,"N20","nominal","2.0NRT",290.67,1.5,"N"
"2554",58.48031,107.01236,315.43,0.62,0.71,"2026-09-15",1745,"N20","nominal","2.0NRT",272.81,8.3,"N"
"2555",33.88221,130.75729,301.29,0.34,0.56,"2026-09-15",1752,"N20","nominal","2.0NRT",289.23,0.49,"N"
"2556",30.02991,119.75046,306.05,0.39,0.36,"2026-09-15",1754,"N20","nominal","2.0NRT",291.21,1.5,"N"
"2557",58.48404,107.02011,367,0.62,0.71,"2026-09-15",1745,"N20","high","2.0NRT",278.13,10.61,"N"
"2558",36.7391,114.08701,312,0.43,0.46,"2026-09-15",1752,"N20","nominal","2.0NRT",298.68,1.82,"N"
"2559",29.76385,120.206,297.81,0.39,0.36,"2026-09-15",1754,"N20","nominal","2.0NRT",277.63,0.28,"N"
"2560",58.45221,107.59235,367,0.59,0.7,"2026-09-15",1745,"N20","high","2.0NRT",272.09,11.67,"N"
"2561",36.73864,114.09182,310.6,0.43,0.46,"2026-09-15",1752,"N20","nominal","2.0NRT",296.72,1.82,"N"
"2562",29.84365,119.70078,295.71,0.39,0.36,"2026-09-15",1754,"N20","nominal","2.0NRT",282.2,0.15,"N"
"2563",58.45244,107.6024,319.12,0.59,0.7,"2026-09-15",1745,"N20","nominal","2.0NRT",273.99,9.18,"N"
"2564",36.73396,114.09594,306.74,0.43,0.46,"2026-09-15",1752,"N20","nominal","2.0NRT",295.44,1.49,"N"
"2565",29.42451,119.14993,299.46,0.38,0.36,"2026-09-15",1754,"N20","nominal","2.0NRT",284.72,0.48,"N"
"2566",36.7302,114.09044,310.29,0.43,0.46,"2026-09-15",1752,"N20","nominal","2.0NRT",297.21,1.45,"N"
"2567",58.44566,107.59219,312.06,0.59,0.7,"2026-09-15",1745,"N20","nominal","2.0NRT",271.21,2.58,"N"
"2568",29.42389,119.15385,303.3,0.38,0.36,"2026-09-15",1754,"N20","nominal","2.0NRT",286.15,0.86,"N"
"2569",36.72882,114.1049,308.83,0.43,0.46,"2026-09-15",1752,"N20","nominal","2.0NRT",296.41,2.43,"N"
"2570",58.44589,107.60194,295.25,0.59,0.7,"2026-09-15",1745,"N20","nominal","2.0NRT",271.63,2.24,"N"
"2571",29.33454,119.05106,320.99,0.38,0.36,"2026-09-15",1754,"N20","nominal","2.0NRT",287.14,2.31,"N"
"2572",33.78906,130.99773,313.27,0.35,0.57,"2026-09-15",1752,"N20","nominal","2.0NRT",287.49,1.28,"N"
"2573",58.42559,107.57455,350.64,0.59,0.7,"2026-09-15",1745,"N20","nominal","2.0NRT",276.88,9.88,"N"
"2574",29.15447,119.53711,301.97,0.39,0.36,"2026-09-15",1754,"N20","nominal","2.0NRT",288.15,0.49,"N"
"2575",33.78814,131.00137,302.25,0.35,0.57,"2026-09-15",1752,"N20","nominal","2.0NRT",288.04,1.28,"N"
"2576",58.42716,107.56954,332.66,0.59,0.7,"2026-09-15",1745,"N20","nominal","2.0NRT",274.16,6.46,"N"
"2577",29.15118,119.53641,300.56,0.39,0.36,"2026-09-15",1754,"N20","nominal","2.0NRT",288.23,0.49,"N"
"2578",36.48499,116.34447,316.89,0.5,0.41,"2026-09-15",1752,"N20","nominal","2.0NRT",296.74,3.28,"N"
"2579",58.42435,107.43941,304.75,0.6,0.71,"2026-09-15",1745,"N20","nominal","2.0NRT",271.51,1.13,"N"
"2580",29.14671,119.56393,303.57,0.39,0.36,"2026-09-15",1754,"N20","nominal","2.0NRT",288.08,0.54,"N"
"2581",36.70726,114.10641,308.8,0.43,0.46,"2026-09-15",1752,"N20","nominal","2.0NRT",294.44,1.51,"N"
"2582",58.42738,107.58016,313.52,0.59,0.7,"2026-09-15",1745,"N20","nominal","2.0NRT",275.45,5.63,"N"
"2583",29.25377,117.17875,305.71,0.4,0.37,"2026-09-15",1754,"N20","nominal","2.0NRT",292.46,0.96,"N"
"2584",36.12501,119.0262,308.07,0.4,0.37,"2026-09-15",1752,"N20","nominal","2.0NRT",290.74,0.49,"N"
"2585",29.25099,117.17401,313.42,0.4,0.37,"2026-09-15",1754,"N20","nominal","2.0NRT",292.21,1.41,"N"
"2586",58.40708,107.26157,302.16,0.61,0.71,"2026-09-15",1745,"N20","nominal","2.0NRT",270.28,0.65,"N"
"2587",36.12371,119.02771,322.42,0.4,0.37,"2026-09-15",1752,"N20","nominal","2.0NRT",294.37,2.33,"N"
"2588",36.70757,114.10412,311.13,0.43,0.46,"2026-09-15",1752,"N20","nominal","2.0NRT",295.09,2.12,"N"
"2589",28.63177,117.37943,298.75,0.4,0.37,"2026-09-15",1754,"N20","nominal","2.0NRT",275.99,0.67,"N"
"2590",58.29114,106.91112,305.57,0.63,0.72,"2026-09-15",1745,"N20","nominal","2.0NRT",270.6,2.48,"N"
"2591",36.72268,113.90868,302.49,0.44,0.46,"2026-09-15",1752,"N20","nominal","2.0NRT",291.8,1.12,"N"
"2592",28.62843,117.37879,301.08,0.4,0.37,"2026-09-15",1754,"N20","nominal","2.0NRT",276.84,0.67,"N"
"2593",58.29148,106.92262,302.2,0.63,0.72,"2026-09-15",1745,"N20","nominal","2.0NRT",271.07,2.35,"N"
"2594",36.30915,117.53606,304,0.45,0.39,"2026-09-15",1752,"N20","nominal","2.0NRT",293.61,1.78,"N"
"2595",28.33248,117.22211,299.37,0.4,0.37,"2026-09-15",1754,"N20","nominal","2.0NRT",277.2,1.12,"N"
"2596",58.29511,106.91425,322,0.63,0.72,"2026-09-15",1745,"N20","nominal","2.0NRT",271.9,3.63,"N"
"2597",33.78757,130.9968,304.61,0.35,0.57,"2026-09-15",1752,"N20","nominal","2.0NRT",287.34,1.77,"N"
"2598",26.33014,127.84788,320.42,0.34,0.56,"2026-09-15",1754,"N20","nominal","2.0NRT",289.06,1.85,"N"
"2599",58.19614,106.73916,334.06,0.64,0.72,"2026-09-15",1745,"N20","nominal","2.0NRT",276.07,6.83,"N"
"2600",33.78666,131.00047,310.35,0.35,0.57,"2026-09-15",1752,"N20","nominal","2.0NRT",287.22,1.77,"N"
"2601",28.28689,115.71423,305.06,0.44,0.38,"2026-09-15",1754,"N20","nominal","2.0NRT",290.82,1.42,"N"
"2602",58.19648,106.75033,302.67,0.64,0.72,"2026-09-15",1745,"N20","nominal","2.0NRT",274.52,5.07,"N"
"2603",33.78163,130.99866,299.24,0.35,0.57,"2026-09-15",1752,"N20","nominal","2.0NRT",279.38,0.65,"N"
"2604",27.90951,114.70673,301.73,0.48,0.4,"2026-09-15",1756,"N20","nominal","2.0NRT",289.76,0.85,"N"
"2605",36.67289,114.10828,306.07,0.43,0.46,"2026-09-15",1752,"N20","nominal","2.0NRT",294.26,1.39,"N"
"2606",58.19437,106.74574,346.32,0.64,0.72,"2026-09-15",1745,"N20","nominal","2.0NRT",277.49,6.67,"N"
"2607",27.786,114.90911,305.16,0.47,0.4,"2026-09-15",1756,"N20","nominal","2.0NRT",292.35,2.32,"N"
"2608",36.68374,113.81779,304.85,0.45,0.47,"2026-09-15",1752,"N20","nominal","2.0NRT",290.93,0.96,"N"
"2609",58.0941,106.55211,367,0.65,0.73,"2026-09-15",1745,"N20","high","2.0NRT",280.36,22.67,"N"
"2610",27.78113,114.91795,312.99,0.47,0.4,"2026-09-15",1756,"N20","nominal","2.0NRT",293.65,2.45,"N"
"2611",36.6003,114.41351,303.51,0.42,0.45,"2026-09-15",1752,"N20","nominal","2.0NRT",290.67,1.52,"N"
"2612",58.09375,106.54103,313.42,0.65,0.73,"2026-09-15",1745,"N20","nominal","2.0NRT",272.49,17.19,"N"
"2613",27.40895,116.66777,311.33,0.4,0.37,"2026-09-15",1756,"N20","nominal","2.0NRT",291.14,1.01,"N"
"2614",36.62372,114.12994,308.56,0.43,0.46,"2026-09-15",1752,"N20","nominal","2.0NRT",294.82,2.1,"N"
"2615",58.09445,106.56281,306.55,0.65,0.73,"2026-09-15",1745,"N20","nominal","2.0NRT",275.97,22.67,"N"
"2616",27.81863,112.89657,305.83,0.39,0.44,"2026-09-15",1756,"N20","nominal","2.0NRT",289.9,1.31,"N"
"2617",36.59616,114.41286,305.6,0.42,0.45,"2026-09-15",1752,"N20","nominal","2.0NRT",294.24,1.52,"N"
"2618",36.81607,111.63757,308.89,0.59,0.53,"2026-09-15",1752,"N20","nominal","2.0NRT",285.04,0.85,"N"
"2619",58.09913,106.54364,307.75,0.65,0.73,"2026-09-15",1745,"N20","nominal","2.0NRT",273.84,10.66,"N"
"2620",27.8141,112.89997,304.04,0.39,0.44,"2026-09-15",1756,"N20","nominal","2.0NRT",290.04,1.02,"N"
"2621",36.61184,114.0751,316.37,0.43,0.46,"2026-09-15",1752,"N20","nominal","2.0NRT",291.42,1.2,"N"
"2622",58.09945,106.55478,300.4,0.65,0.73,"2026-09-15",1745,"N20","nominal","2.0NRT",275.14,10.66,"N"
"2623",27.81053,112.89533,306.37,0.39,0.44,"2026-09-15",1756,"N20","nominal","2.0NRT",290.97,1.85,"N"
"2624",36.20686,117.6273,316.97,0.44,0.39,"2026-09-15",1752,"N20","nominal","2.0NRT",293.03,1.56,"N"
"2625",27.81006,112.89936,306.15,0.39,0.44,"2026-09-15",1756,"N20","nominal","2.0NRT",290.88,1.02,"N"
"2626",58.0927,106.55592,349.06,0.65,0.73,"2026-09-15",1745,"N20","nominal","2.0NRT",281.31,10.66,"N"
"2627",36.2074,117.62644,317.09,0.44,0.39,"2026-09-15",1752,"N20","nominal","2.0NRT",292.88,1.85,"N"
"2628",27.63789,113.90219,305.86,0.52,0.42,"2026-09-15",1756,"N20","nominal","2.0NRT",289.98,0.98,"N"
"2629",58.0924,106.54508,313.82,0.65,0.73,"2026-09-15",1745,"N20","nominal","2.0NRT",271.99,10.66,"N"
"2630",36.61218,114.07478,306.39,0.43,0.46,"2026-09-15",1752,"N20","nominal","2.0NRT",291.68,1.48,"N"
"2631",26.7668,119.76338,305.32,0.4,0.37,"2026-09-15",1756,"N20","nominal","2.0NRT",294.07,1.72,"N"
"2632",52.51414,143.1848,318.38,0.37,0.58,"2026-09-15",1745,"N20","nominal","2.0NRT",277.99,1,"N"
"2633",36.61171,114.07951,302.06,0.43,0.46,"2026-09-15",1752,"N20","nominal","2.0NRT",291.68,1.48,"N"
"2634",27.74932,111.95867,303.33,0.45,0.47,"2026-09-15",1756,"N20","nominal","2.0NRT",287.85,2.02,"N"
"2635",52.50939,143.18065,298.66,0.37,0.58,"2026-09-15",1745,"N20","nominal","2.0NRT",277.75,0.71,"N"
"2636",36.23036,117.36604,306.58,0.45,0.39,"2026-09-15",1752,"N20","nominal","2.0NRT",289.39,0.92,"N"
"2637",26.48655,119.66762,303.15,0.4,0.37,"2026-09-15",1756,"N20","nominal","2.0NRT",292,0.62,"N"
"2638",36.81847,111.63313,295.87,0.59,0.53,"2026-09-15",1752,"N20","nominal","2.0NRT",284.66,1.14,"N"
"2639",52.18591,143.0687,311.2,0.38,0.58,"2026-09-15",1745,"N20","nominal","2.0NRT",279.24,0.97,"N"
"2640",26.4859,119.67146,301.78,0.4,0.37,"2026-09-15",1756,"N20","nominal","2.0NRT",291.19,0.62,"N"
"2641",36.585,114.21688,301.06,0.42,0.46,"2026-09-15",1752,"N20","nominal","2.0NRT",290.8,0.49,"N"
"2642",26.7811,117.77811,306.56,0.39,0.36,"2026-09-15",1756,"N20","nominal","2.0NRT",288.16,0.6,"N"
"2643",36.19107,117.61304,305.83,0.44,0.39,"2026-09-15",1752,"N20","nominal","2.0NRT",292.58,1,"N"
"2644",52.14251,143.01326,296.28,0.38,0.58,"2026-09-15",1745,"N20","nominal","2.0NRT",279.49,0.64,"N"
"2645",27.06791,115.73973,308.39,0.43,0.38,"2026-09-15",1756,"N20","nominal","2.0NRT",290.86,1.25,"N"
"2646",36.62625,113.75829,299.61,0.45,0.47,"2026-09-15",1752,"N20","nominal","2.0NRT",289.04,0.91,"N"
"2647",27.40351,111.98417,308.12,0.44,0.46,"2026-09-15",1756,"N20","nominal","2.0NRT",289.58,0.81,"N"
"2648",36.58775,114.10492,312.22,0.43,0.46,"2026-09-15",1752,"N20","nominal","2.0NRT",292.71,2.72,"N"
"2649",36.71173,112.57862,301.83,0.52,0.5,"2026-09-15",1752,"N20","nominal","2.0NRT",285.43,0.79,"N"
"2650",27.40421,111.98663,307.63,0.44,0.46,"2026-09-15",1756,"N20","nominal","2.0NRT",289.29,0.82,"N"
"2651",36.57425,114.06828,303.11,0.43,0.46,"2026-09-15",1752,"N20","nominal","2.0NRT",288.55,0.95,"N"
"2652",27.44484,109.697,301.11,0.61,0.53,"2026-09-15",1756,"N20","nominal","2.0NRT",287.06,0.7,"N"
"2653",36.73102,112.23756,302.55,0.55,0.51,"2026-09-15",1752,"N20","nominal","2.0NRT",284.84,2.16,"N"
"2654",26.26002,117.60743,313.35,0.39,0.36,"2026-09-15",1756,"N20","nominal","2.0NRT",295.94,1.91,"N"
"2655",36.55779,114.10498,303.11,0.43,0.46,"2026-09-15",1752,"N20","nominal","2.0NRT",289.98,1.68,"N"
"2656",36.2767,116.57485,327.9,0.49,0.4,"2026-09-15",1752,"N20","nominal","2.0NRT",296.72,3.23,"N"
"2657",26.58294,114.51278,317.99,0.47,0.4,"2026-09-15",1756,"N20","nominal","2.0NRT",289.7,1.78,"N"
"2658",36.53296,114.22721,311.43,0.42,0.45,"2026-09-15",1752,"N20","nominal","2.0NRT",289.66,1.21,"N"
"2659",26.58066,112.59826,306.71,0.4,0.44,"2026-09-15",1756,"N20","nominal","2.0NRT",290.93,1.14,"N"
"2660",36.5325,114.23186,302.02,0.42,0.45,"2026-09-15",1752,"N20","nominal","2.0NRT",290.24,1.21,"N"
"2661",36.09579,117.81926,311.42,0.44,0.38,"2026-09-15",1752,"N20","nominal","2.0NRT",293.48,1.03,"N"
"2662",25.84512,115.86285,305.54,0.42,0.37,"2026-09-15",1756,"N20","nominal","2.0NRT",292.23,0.84,"N"
"2663",35.94049,118.91811,306.21,0.4,0.37,"2026-09-15",1752,"N20","nominal","2.0NRT",291.29,1.17,"N"
"2664",24.97556,121.042,316.63,0.45,0.39,"2026-09-15",1756,"N20","nominal","2.0NRT",291.19,1.51,"N"
"2665",36.08469,117.8219,314.64,0.44,0.38,"2026-09-15",1752,"N20","nominal","2.0NRT",293.7,1.39,"N"
"2666",36.0812,117.82114,314.1,0.44,0.38,"2026-09-15",1752,"N20","nominal","2.0NRT",295.53,1.48,"N"
"2667",25.4308,118.01818,308.97,0.38,0.36,"2026-09-15",1756,"N20","nominal","2.0NRT",290.48,0.88,"N"
"2668",36.08058,117.82595,308.96,0.44,0.38,"2026-09-15",1752,"N20","nominal","2.0NRT",295.23,1.48,"N"
"2669",25.35458,117.37334,309.98,0.39,0.36,"2026-09-15",1756,"N20","nominal","2.0NRT",291.56,1.23,"N"
"2670",36.07135,117.81414,324.71,0.44,0.38,"2026-09-15",1752,"N20","nominal","2.0NRT",291.57,1.89,"N"
"2671",25.24486,118.03094,306.04,0.38,0.36,"2026-09-15",1756,"N20","nominal","2.0NRT",291.49,0.76,"N"
"2672",36.23011,116.52171,319.33,0.49,0.4,"2026-09-15",1752,"N20","nominal","2.0NRT",293.13,2.48,"N"
"2673",36.07101,117.81168,303.56,0.44,0.38,"2026-09-15",1752,"N20","nominal","2.0NRT",291.13,0.92,"N"
"2674",25.14612,117.15977,308.47,0.39,0.36,"2026-09-15",1756,"N20","nominal","2.0NRT",290.79,0.55,"N"
"2675",36.07037,117.81647,303.99,0.44,0.38,"2026-09-15",1752,"N20","nominal","2.0NRT",290.95,0.92,"N"
"2676",25.71475,112.89529,302.48,0.56,0.43,"2026-09-15",1756,"N20","nominal","2.0NRT",289.6,0.74,"N"
"2677",36.22769,116.52499,318.12,0.49,0.4,"2026-09-15",1752,"N20","nominal","2.0NRT",292.58,1.3,"N"
"2678",25.45621,114.8886,312.82,0.45,0.39,"2026-09-15",1756,"N20","nominal","2.0NRT",292.13,1.56,"N"
"2679",36.22704,116.53033,304.58,0.49,0.4,"2026-09-15",1752,"N20","nominal","2.0NRT",292.65,1.3,"N"
"2680",25.18513,116.72125,319.26,0.39,0.36,"2026-09-15",1756,"N20","nominal","2.0NRT",292.4,1.63,"N"
"2681",36.43484,114.1797,310,0.42,0.46,"2026-09-15",1752,"N20","nominal","2.0NRT",291.45,1.41,"N"
"2682",24.8253,117.01279,307.32,0.39,0.36,"2026-09-15",1756,"N20","nominal","2.0NRT",291.62,0.8,"N"
"2683",36.48554,113.60834,298.92,0.46,0.47,"2026-09-15",1752,"N20","nominal","2.0NRT",288.75,0.79,"N"
"2684",36.21952,115.83942,330.93,0.52,0.42,"2026-09-15",1752,"N20","nominal","2.0NRT",296.13,4.94,"N"
"2685",24.22502,120.49058,306.62,0.44,0.38,"2026-09-15",1756,"N20","nominal","2.0NRT",294.25,1.56,"N"
"2686",36.49025,113.11331,313.47,0.49,0.48,"2026-09-15",1752,"N20","nominal","2.0NRT",289.09,2.24,"N"
"2687",24.22426,120.49481,314.49,0.44,0.38,"2026-09-15",1756,"N20","nominal","2.0NRT",294.25,1.56,"N"
"2688",36.55273,112.2485,296.73,0.54,0.51,"2026-09-15",1752,"N20","nominal","2.0NRT",284.48,1.89,"N"
"2689",24.22463,120.48773,309.09,0.44,0.38,"2026-09-15",1756,"N20","nominal","2.0NRT",294.18,1.97,"N"
"2690",36.49199,113.11259,311.94,0.49,0.48,"2026-09-15",1752,"N20","nominal","2.0NRT",287.92,3.12,"N"
"2691",24.22389,120.49197,307.51,0.44,0.38,"2026-09-15",1756,"N20","nominal","2.0NRT",294.29,1.71,"N"
"2692",36.55063,112.24838,298.84,0.54,0.51,"2026-09-15",1752,"N20","nominal","2.0NRT",282.42,0.5,"N"
"2693",36.47892,112.95937,308.29,0.5,0.49,"2026-09-15",1752,"N20","nominal","2.0NRT",284.53,1.5,"N"
"2694",24.86264,116.19745,310.35,0.4,0.37,"2026-09-15",1756,"N20","nominal","2.0NRT",292.29,1.1,"N"
"2695",36.46531,113.10854,301.2,0.49,0.48,"2026-09-15",1752,"N20","nominal","2.0NRT",288.32,1.87,"N"
"2696",24.73874,116.18391,323.64,0.4,0.37,"2026-09-15",1756,"N20","nominal","2.0NRT",294.06,2.5,"N"
"2697",36.46038,113.11316,311.8,0.49,0.48,"2026-09-15",1752,"N20","nominal","2.0NRT",291.07,1.87,"N"
"2698",36.44949,113.03423,296.71,0.49,0.49,"2026-09-15",1752,"N20","nominal","2.0NRT",285.99,1.11,"N"
"2699",24.73932,116.18,304.11,0.4,0.37,"2026-09-15",1756,"N20","nominal","2.0NRT",291.06,1.03,"N"
"2700",35.6287,119.71671,319.79,0.39,0.36,"2026-09-15",1752,"N20","nominal","2.0NRT",297.85,2.09,"N"
"2701",24.70185,113.63897,311.87,0.5,0.41,"2026-09-15",1756,"N20","nominal","2.0NRT",289.6,2.58,"N"
"2702",36.4013,113.01616,310.02,0.49,0.49,"2026-09-15",1752,"N20","nominal","2.0NRT",284.46,1.49,"N"
"2703",23.79111,117.62818,309,0.38,0.36,"2026-09-15",1756,"N20","nominal","2.0NRT",293.44,0.99,"N"
"2704",36.37162,113.01563,300.69,0.49,0.49,"2026-09-15",1752,"N20","nominal","2.0NRT",285.09,1.65,"N"
"2705",36.3493,113.06196,305.57,0.49,0.48,"2026-09-15",1752,"N20","nominal","2.0NRT",278.19,2.52,"N"
"2706",24.2691,113.41207,310.76,0.51,0.41,"2026-09-15",1756,"N20","nominal","2.0NRT",290.55,2.07,"N"
"2707",36.24135,114.05918,303.8,0.43,0.46,"2026-09-15",1752,"N20","nominal","2.0NRT",293.11,1.62,"N"
"2708",24.26846,113.41703,309.63,0.51,0.41,"2026-09-15",1756,"N20","nominal","2.0NRT",291.04,2.07,"N"
"2709",36.39191,112.19434,297.67,0.54,0.51,"2026-09-15",1752,"N20","nominal","2.0NRT",285.98,1.3,"N"
"2710",22.54469,120.34901,307.38,0.45,0.39,"2026-09-15",1756,"N20","nominal","2.0NRT",292.63,1.69,"N"
"2711",36.38773,112.18746,301.02,0.55,0.51,"2026-09-15",1752,"N20","nominal","2.0NRT",285.19,1.24,"N"
"2712",22.54116,120.34829,316.95,0.45,0.39,"2026-09-15",1756,"N20","nominal","2.0NRT",292.84,1.69,"N"
"2713",36.21283,114.04509,308.13,0.43,0.46,"2026-09-15",1752,"N20","nominal","2.0NRT",289.06,1.37,"N"
"2714",22.53963,120.35692,316.8,0.45,0.39,"2026-09-15",1756,"N20","nominal","2.0NRT",292.97,3.41,"N"
"2715",36.21238,114.04975,313,0.43,0.46,"2026-09-15",1752,"N20","nominal","2.0NRT",294.47,1.83,"N"
"2716",36.5249,110.06458,295.51,0.36,0.57,"2026-09-15",1752,"N20","nominal","2.0NRT",280.44,0.21,"N"
"2717",22.53885,120.36122,310.04,0.45,0.39,"2026-09-15",1756,"N20","nominal","2.0NRT",292.45,2.09,"N"
"2718",35.78196,117.76434,305.8,0.43,0.38,"2026-09-15",1752,"N20","nominal","2.0NRT",292.75,0.74,"N"
"2719",22.53609,120.35619,321.46,0.45,0.39,"2026-09-15",1756,"N20","nominal","2.0NRT",293.4,2.2,"N"
"2720",35.63531,118.82198,323.21,0.4,0.37,"2026-09-15",1752,"N20","nominal","2.0NRT",293.57,2.25,"N"
"2721",22.53686,120.35188,312.28,0.45,0.39,"2026-09-15",1756,"N20","nominal","2.0NRT",292.54,2.2,"N"
"2722",36.19087,114.05132,306.59,0.43,0.46,"2026-09-15",1752,"N20","nominal","2.0NRT",294.27,0.91,"N"
"2723",36.36163,111.97546,299.42,0.56,0.51,"2026-09-15",1752,"N20","nominal","2.0NRT",273.92,1.02,"N"
"2724",22.53532,120.36051,307.89,0.45,0.39,"2026-09-15",1756,"N20","nominal","2.0NRT",292.49,1.45,"N"
"2725",35.84185,117.06239,303.13,0.46,0.39,"2026-09-15",1752,"N20","nominal","2.0NRT",289.92,0.74,"N"
"2726",23.42407,111.14645,305.67,0.44,0.46,"2026-09-15",1756,"N20","nominal","2.0NRT",288.8,1.6,"N"
"2727",35.84387,117.06635,304.03,0.46,0.39,"2026-09-15",1752,"N20","nominal","2.0NRT",290.42,0.48,"N"
"2728",36.361,111.97537,298.02,0.56,0.51,"2026-09-15",1752,"N20","nominal","2.0NRT",272.04,1.15,"N"
"2729",23.2435,111.57261,310.96,0.41,0.45,"2026-09-15",1756,"N20","nominal","2.0NRT",290.81,1.57,"N"
"2730",36.16802,114.06501,307.49,0.43,0.46,"2026-09-15",1752,"N20","nominal","2.0NRT",290.33,1.29,"N"
"2731",35.37452,119.5067,305.97,0.39,0.36,"2026-09-15",1752,"N20","nominal","2.0NRT",293.88,0.68,"N"
"2732",35.6143,117.44461,302.77,0.44,0.39,"2026-09-15",1752,"N20","nominal","2.0NRT",291.89,0.69,"N"
"2733",22.74389,111.73209,305.55,0.4,0.44,"2026-09-15",1756,"N20","nominal","2.0NRT",288.66,0.83,"N"
"2734",35.56301,117.70204,311.68,0.43,0.38,"2026-09-15",1752,"N20","nominal","2.0NRT",289.92,0.66,"N"
"2735",35.53472,117.58627,298.23,0.44,0.38,"2026-09-15",1752,"N20","nominal","2.0NRT",287.59,0.45,"N"
"2736",21.05404,110.48356,305.05,0.45,0.47,"2026-09-15",1756,"N20","nominal","2.0NRT",282.92,2.04,"N"
"2737",35.47493,117.79463,297.9,0.43,0.38,"2026-09-15",1752,"N20","nominal","2.0NRT",287.66,0.37,"N"
"2738",35.44711,117.78909,299.95,0.43,0.38,"2026-09-15",1752,"N20","nominal","2.0NRT",288.27,0.28,"N"
"2739",20.7544,108.86986,315.1,0.57,0.52,"2026-09-15",1758,"N20","nominal","2.0NRT",287.24,8.19,"N"
"2740",35.20263,119.38376,303.8,0.39,0.36,"2026-09-15",1752,"N20","nominal","2.0NRT",293.39,0.78,"N"
"2741",35.18539,119.38441,310.12,0.39,0.36,"2026-09-15",1752,"N20","nominal","2.0NRT",295.24,1.76,"N"
"2742",15.05234,121.06645,304.39,0.42,0.45,"2026-09-15",1758,"N20","nominal","2.0NRT",290.19,1.28,"N"
"2743",35.16843,119.33649,311.05,0.39,0.36,"2026-09-15",1752,"N20","nominal","2.0NRT",293.01,1.79,"N"
"2744",35.16196,119.35722,305.51,0.39,0.36,"2026-09-15",1752,"N20","nominal","2.0NRT",294.28,1.44,"N"
"2745",14.01213,120.99494,309.48,0.43,0.46,"2026-09-15",1758,"N20","nominal","2.0NRT",294.1,2.92,"N"
"2746",35.20172,119.03663,314.49,0.4,0.37,"2026-09-15",1752,"N20","nominal","2.0NRT",293.44,1.43,"N"
"2747",35.15908,119.33003,304.31,0.39,0.36,"2026-09-15",1752,"N20","nominal","2.0NRT",291.13,0.34,"N"
"2748",14.01141,120.99886,309.87,0.43,0.46,"2026-09-15",1758,"N20","nominal","2.0NRT",294.5,2.92,"N"
"2749",35.15783,119.33861,313.61,0.39,0.36,"2026-09-15",1752,"N20","nominal","2.0NRT",295.09,1.56,"N"
"2750",13.6258,121.0823,308.63,0.44,0.46,"2026-09-15",1758,"N20","nominal","2.0NRT",291.05,1.17,"N"
"2751",35.1545,119.33788,307.03,0.39,0.36,"2026-09-15",1752,"N20","nominal","2.0NRT",296.16,1.75,"N"
"2752",35.1944,119.03953,319.4,0.4,0.37,"2026-09-15",1752,"N20","nominal","2.0NRT",297.17,1.98,"N"
"2753",12.36207,109.2776,324.77,0.42,0.45,"2026-09-15",1800,"N20","nominal","2.0NRT",286.98,1.84,"N"
"2754",35.19168,119.03445,317.34,0.4,0.37,"2026-09-15",1752,"N20","nominal","2.0NRT",296.21,1.44,"N"
"2755",35.18834,119.03374,314.5,0.4,0.37,"2026-09-15",1752,"N20","nominal","2.0NRT",292.81,1.44,"N"
"2756",12.35963,109.27735,324.89,0.41,0.45,"2026-09-15",1800,"N20","nominal","2.0NRT",287.17,2.41,"N"
"2757",35.16334,119.20673,308.06,0.4,0.37,"2026-09-15",1752,"N20","nominal","2.0NRT",291.86,0.94,"N"
"2758",35.14742,119.07862,303.96,0.4,0.37,"2026-09-15",1752,"N20","nominal","2.0NRT",290.29,1.18,"N"
"2759",35.18439,118.79412,316.91,0.4,0.37,"2026-09-15",1752,"N20","nominal","2.0NRT",295.91,1.35,"N"
"2760",35.18102,118.79341,301.23,0.4,0.37,"2026-09-15",1752,"N20","nominal","2.0NRT",291.16,1.35,"N"
"2761",35.13084,119.08596,320.55,0.4,0.37,"2026-09-15",1752,"N20","nominal","2.0NRT",292.04,1.67,"N"
"2762",35.13147,119.08163,317.2,0.4,0.37,"2026-09-15",1752,"N20","nominal","2.0NRT",294.67,1.67,"N"
"2763",35.17554,118.35464,301.3,0.41,0.37,"2026-09-15",1752,"N20","nominal","2.0NRT",289.45,0.31,"N"
"2764",35.32786,116.81854,321.67,0.47,0.39,"2026-09-15",1752,"N20","nominal","2.0NRT",295.01,2.57,"N"
"2765",35.32425,116.81786,308.56,0.47,0.39,"2026-09-15",1752,"N20","nominal","2.0NRT",293.4,1.31,"N"
"2766",35.31342,116.81583,304.73,0.47,0.39,"2026-09-15",1752,"N20","nominal","2.0NRT",291.3,1.16,"N"
"2767",35.35017,115.98492,314.61,0.51,0.41,"2026-09-15",1752,"N20","nominal","2.0NRT",295.94,3.02,"N"
"2768",35.21358,117.02483,303.42,0.46,0.39,"2026-09-15",1752,"N20","nominal","2.0NRT",290.11,1.55,"N"
"2769",35.44516,114.02316,302.11,0.42,0.45,"2026-09-15",1752,"N20","nominal","2.0NRT",290.31,0.26,"N"
"2770",34.96992,117.89359,303.98,0.42,0.38,"2026-09-15",1752,"N20","nominal","2.0NRT",290.32,1.03,"N"
"2771",35.4157,113.96854,298.58,0.42,0.46,"2026-09-15",1752,"N20","nominal","2.0NRT",288.09,0.6,"N"
"2772",35.67237,110.6441,306.67,0.33,0.55,"2026-09-15",1752,"N20","nominal","2.0NRT",272.68,1.28,"N"
"2773",35.67028,110.673,298.82,0.33,0.55,"2026-09-15",1752,"N20","nominal","2.0NRT",275.18,0.91,"N"
"2774",34.97935,117.47686,305.56,0.44,0.38,"2026-09-15",1752,"N20","nominal","2.0NRT",290.79,0.88,"N"
"2775",35.66831,110.62909,297.29,0.33,0.55,"2026-09-15",1752,"N20","nominal","2.0NRT",271.22,0.76,"N"
"2776",34.99519,117.27219,302.97,0.44,0.39,"2026-09-15",1752,"N20","nominal","2.0NRT",292.78,1.28,"N"
"2777",35.07506,116.57928,311.02,0.47,0.4,"2026-09-15",1752,"N20","nominal","2.0NRT",293.28,1.69,"N"
"2778",35.37863,113.44612,310.2,0.45,0.47,"2026-09-15",1752,"N20","nominal","2.0NRT",293.74,1.95,"N"
"2779",34.83867,117.72238,301.83,0.43,0.38,"2026-09-15",1752,"N20","nominal","2.0NRT",290.86,0.64,"N"
"2780",34.94668,116.80492,309.31,0.46,0.39,"2026-09-15",1752,"N20","nominal","2.0NRT",293.14,1.04,"N"
"2781",34.86214,117.43682,301.5,0.44,0.38,"2026-09-15",1752,"N20","nominal","2.0NRT",291.08,1.21,"N"
"2782",34.86152,117.4416,306.27,0.44,0.38,"2026-09-15",1752,"N20","nominal","2.0NRT",295.47,1.21,"N"
"2783",34.8574,117.44569,312.79,0.44,0.38,"2026-09-15",1752,"N20","nominal","2.0NRT",292.15,2.1,"N"
"2784",34.94046,116.7364,306.22,0.46,0.39,"2026-09-15",1752,"N20","nominal","2.0NRT",289.38,1.23,"N"
"2785",34.93983,116.74149,310.07,0.46,0.39,"2026-09-15",1752,"N20","nominal","2.0NRT",291.98,1.23,"N"
"2786",34.3812,119.78111,313.73,0.39,0.36,"2026-09-15",1752,"N20","nominal","2.0NRT",292.99,1.1,"N"
"2787",34.74239,116.62296,296.9,0.47,0.4,"2026-09-15",1752,"N20","nominal","2.0NRT",283.62,1.08,"N"
"2788",34.74176,116.62806,316.62,0.47,0.4,"2026-09-15",1752,"N20","nominal","2.0NRT",283.13,1.08,"N"
"2789",34.94876,114.56439,300.72,0.39,0.44,"2026-09-15",1752,"N20","nominal","2.0NRT",287.91,0.54,"N"
"2790",34.57248,117.33526,312.97,0.44,0.38,"2026-09-15",1752,"N20","nominal","2.0NRT",293.95,1.68,"N"
"2791",34.52368,117.6487,307.21,0.43,0.38,"2026-09-15",1752,"N20","nominal","2.0NRT",292.38,0.71,"N"
"2792",34.53327,117.55023,307.46,0.43,0.38,"2026-09-15",1752,"N20","nominal","2.0NRT",287.75,0.51,"N"
"2793",34.51572,117.49395,303.68,0.43,0.38,"2026-09-15",1752,"N20","nominal","2.0NRT",291.82,0.92,"N"
"2794",34.36175,118.26977,308.89,0.41,0.37,"2026-09-15",1752,"N20","nominal","2.0NRT",294.1,1.27,"N"
"2795",34.40195,117.95602,311.3,0.42,0.37,"2026-09-15",1752,"N20","nominal","2.0NRT",294.78,1.46,"N"
"2796",34.40133,117.96053,309.47,0.42,0.37,"2026-09-15",1752,"N20","nominal","2.0NRT",293.89,1.46,"N"
"2797",34.3596,118.2602,304.37,0.41,0.37,"2026-09-15",1752,"N20","nominal","2.0NRT",292.61,1.27,"N"
"2798",33.87315,118.3362,305.12,0.4,0.37,"2026-09-15",1754,"N20","nominal","2.0NRT",293.93,1.14,"N"
"2799",34.0293,116.80496,306.16,0.45,0.39,"2026-09-15",1754,"N20","nominal","2.0NRT",291.6,1.27,"N"
"2800",33.97116,117.10978,316.71,0.44,0.38,"2026-09-15",1754,"N20","nominal","2.0NRT",289.04,1.23,"N"
"2801",34.00788,116.42426,303.6,0.47,0.4,"2026-09-15",1754,"N20","nominal","2.0NRT",292.49,2.43,"N"
"2802",34.51815,110.36821,301.06,0.33,0.55,"2026-09-15",1754,"N20","nominal","2.0NRT",272.95,0.94,"N"
"2803",33.55924,118.98193,304.47,0.39,0.36,"2026-09-15",1754,"N20","nominal","2.0NRT",292.3,1.51,"N"
"2804",33.55592,118.98122,302.6,0.39,0.36,"2026-09-15",1754,"N20","nominal","2.0NRT",292.32,0.58,"N"
"2805",33.61583,116.57494,322.07,0.46,0.39,"2026-09-15",1754,"N20","nominal","2.0NRT",292.8,2.31,"N"
"2806",33.6152,116.57986,320.69,0.46,0.39,"2026-09-15",1754,"N20","nominal","2.0NRT",293.76,2.31,"N"
"2807",33.61225,116.57426,315.41,0.46,0.39,"2026-09-15",1754,"N20","nominal","2.0NRT",293.59,1.7,"N"
"2808",33.61162,116.57919,306.52,0.46,0.39,"2026-09-15",1754,"N20","nominal","2.0NRT",293.23,1.7,"N"
"2809",33.74683,115.19693,297.25,0.53,0.42,"2026-09-15",1754,"N20","nominal","2.0NRT",279.39,1.53,"N"
"2810",33.6706,115.4865,314.19,0.51,0.41,"2026-09-15",1754,"N20","nominal","2.0NRT",282.2,2.15,"N"
"2811",33.67097,115.48545,310.69,0.51,0.41,"2026-09-15",1754,"N20","nominal","2.0NRT",280.51,2.66,"N"
"2812",32.78228,120.37556,305.87,0.38,0.36,"2026-09-15",1754,"N20","nominal","2.0NRT",291.42,0.47,"N"
"2813",32.83973,119.42603,310.72,0.39,0.36,"2026-09-15",1754,"N20","nominal","2.0NRT",295.85,1.27,"N"
"2814",32.13351,121.48727,313.18,0.4,0.37,"2026-09-15",1754,"N20","nominal","2.0NRT",293.83,1.64,"N"
"2815",32.11921,121.51003,318.68,0.4,0.37,"2026-09-15",1754,"N20","nominal","2.0NRT",295.56,2.55,"N"
"2816",32.78279,117.17389,302.53,0.43,0.38,"2026-09-15",1754,"N20","nominal","2.0NRT",289.6,0.88,"N"
"2817",32.75382,117.3079,305.62,0.42,0.38,"2026-09-15",1754,"N20","nominal","2.0NRT",290.76,1.02,"N"
"2818",32.33271,119.73283,303.93,0.38,0.36,"2026-09-15",1754,"N20","nominal","2.0NRT",292.37,0.97,"N"
"2819",32.33197,119.71595,301.92,0.38,0.36,"2026-09-15",1754,"N20","nominal","2.0NRT",289.73,0.33,"N"
"2820",32.58603,117.2497,307.99,0.42,0.38,"2026-09-15",1754,"N20","nominal","2.0NRT",292.62,0.92,"N"
"2821",31.98679,120.63035,302.67,0.39,0.36,"2026-09-15",1754,"N20","nominal","2.0NRT",292.38,1.05,"N"
"2822",31.98477,120.64253,304.87,0.39,0.36,"2026-09-15",1754,"N20","nominal","2.0NRT",293.12,0.83,"N"
"2823",31.98409,120.64661,307.95,0.39,0.36,"2026-09-15",1754,"N20","nominal","2.0NRT",295.36,1.18,"N"
"2824",31.98484,120.62147,308.51,0.39,0.36,"2026-09-15",1754,"N20","nominal","2.0NRT",295.87,1.77,"N"
"2825",31.98349,120.62959,305.53,0.39,0.36,"2026-09-15",1754,"N20","nominal","2.0NRT",294.57,1.12,"N"
"2826",31.98282,120.63365,306.75,0.39,0.36,"2026-09-15",1754,"N20","nominal","2.0NRT",295.48,1.12,"N"
"2827",31.97945,120.65398,315.48,0.39,0.36,"2026-09-15",1754,"N20","nominal","2.0NRT",295.87,1.77,"N"
"2828",31.98356,120.60854,305.28,0.39,0.36,"2026-09-15",1754,"N20","nominal","2.0NRT",294.2,1.23,"N"
"2829",31.98289,120.61259,318.14,0.39,0.36,"2026-09-15",1754,"N20","nominal","2.0NRT",296.7,2.86,"N"
"2830",32.18864,119.25729,314.9,0.39,0.36,"2026-09-15",1754,"N20","nominal","2.0NRT",292.37,1.89,"N"
"2831",32.15076,119.32549,309.81,0.39,0.36,"2026-09-15",1754,"N20","nominal","2.0NRT",292.38,0.7,"N"
"2832",32.14748,119.3248,308.87,0.39,0.36,"2026-09-15",1754,"N20","nominal","2.0NRT",291.62,0.7,"N"
"2833",32.19127,118.74527,305.06,0.39,0.36,"2026-09-15",1754,"N20","nominal","2.0NRT",293,0.97,"N"
"2834",31.94493,120.32362,307.49,0.39,0.36,"2026-09-15",1754,"N20","nominal","2.0NRT",295.93,1.57,"N"
"2835",32.17949,118.75553,305.76,0.39,0.36,"2026-09-15",1754,"N20","nominal","2.0NRT",293.81,1.48,"N"
"2836",31.9534,120.18751,304.67,0.39,0.36,"2026-09-15",1754,"N20","nominal","2.0NRT",293.49,0.81,"N"
"2837",32.17714,118.7254,307.77,0.39,0.36,"2026-09-15",1754,"N20","nominal","2.0NRT",292.18,0.96,"N"
"2838",31.85113,120.72707,308.27,0.39,0.36,"2026-09-15",1754,"N20","nominal","2.0NRT",294.3,1.98,"N"
"2839",32.18936,118.20768,319.35,0.4,0.37,"2026-09-15",1754,"N20","nominal","2.0NRT",287.88,1.79,"N"
"2840",31.81972,120.42251,309,0.39,0.36,"2026-09-15",1754,"N20","nominal","2.0NRT",293.63,0.97,"N"
"2841",31.72393,120.83487,316.26,0.39,0.36,"2026-09-15",1754,"N20","nominal","2.0NRT",296.32,1.67,"N"
"2842",31.71469,120.82852,323.21,0.39,0.36,"2026-09-15",1754,"N20","nominal","2.0NRT",292,2.09,"N"
"2843",31.71001,120.83592,319.85,0.39,0.36,"2026-09-15",1754,"N20","nominal","2.0NRT",292.13,1.46,"N"
"2844",32.04209,118.42395,308.94,0.39,0.36,"2026-09-15",1754,"N20","nominal","2.0NRT",291,0.64,"N"
"2845",31.96683,118.33748,308.47,0.4,0.37,"2026-09-15",1754,"N20","nominal","2.0NRT",290.84,0.87,"N"
"2846",31.96622,118.34164,307.77,0.4,0.37,"2026-09-15",1754,"N20","nominal","2.0NRT",291.47,1.13,"N"
"2847",31.69597,120.07133,305.99,0.38,0.36,"2026-09-15",1754,"N20","nominal","2.0NRT",292.93,1.05,"N"
"2848",31.91851,118.61682,325.78,0.39,0.36,"2026-09-15",1754,"N20","nominal","2.0NRT",294.18,3.05,"N"
"2849",31.45755,121.41965,308.36,0.4,0.37,"2026-09-15",1754,"N20","nominal","2.0NRT",293.17,1.83,"N"
"2850",31.45348,121.42306,306.23,0.4,0.37,"2026-09-15",1754,"N20","nominal","2.0NRT",293.06,1.4,"N"
"2851",31.45275,121.42725,315.67,0.4,0.37,"2026-09-15",1754,"N20","nominal","2.0NRT",295.1,2.55,"N"
"2852",31.45013,121.42228,311.36,0.4,0.37,"2026-09-15",1754,"N20","nominal","2.0NRT",296.13,1.4,"N"
"2853",31.89984,118.60454,304.12,0.39,0.36,"2026-09-15",1754,"N20","nominal","2.0NRT",293.25,1.69,"N"
"2854",31.4334,121.41835,303.36,0.4,0.37,"2026-09-15",1754,"N20","nominal","2.0NRT",284.28,0.53,"N"
"2855",31.72216,119.39175,304.9,0.38,0.36,"2026-09-15",1754,"N20","nominal","2.0NRT",290.4,0.44,"N"
"2856",31.7471,118.49186,309.59,0.39,0.36,"2026-09-15",1754,"N20","nominal","2.0NRT",288.29,2.16,"N"
"2857",31.74106,118.48642,311.95,0.39,0.36,"2026-09-15",1754,"N20","nominal","2.0NRT",288.84,2.57,"N"
"2858",31.76963,117.98769,299.94,0.4,0.37,"2026-09-15",1754,"N20","nominal","2.0NRT",289.29,0.34,"N"
"2859",31.5073,119.589,311.47,0.38,0.36,"2026-09-15",1754,"N20","nominal","2.0NRT",293.19,0.86,"N"
"2860",31.50085,119.60832,301.5,0.38,0.36,"2026-09-15",1754,"N20","nominal","2.0NRT",291.34,0.17,"N"
"2861",31.47846,119.14043,305.73,0.39,0.36,"2026-09-15",1754,"N20","nominal","2.0NRT",291.78,0.55,"N"
"2862",31.66181,117.83766,299.7,0.4,0.37,"2026-09-15",1754,"N20","nominal","2.0NRT",275.42,1.37,"N"
"2863",46.39087,114.00294,327.15,0.41,0.61,"2026-09-15",1930,"N20","nominal","2.0NRT",283.55,3.14,"N"
"2864",46.39236,113.99807,318.86,0.41,0.61,"2026-09-15",1930,"N20","nominal","2.0NRT",278.97,3.14,"N"
"2865",46.39187,114.00231,329.22,0.41,0.61,"2026-09-15",1930,"N20","nominal","2.0NRT",282.51,3.78,"N"
"2866",46.39334,113.99741,297.84,0.41,0.61,"2026-09-15",1930,"N20","nominal","2.0NRT",277.43,1.99,"N"
"2867",46.38672,113.99903,309.91,0.41,0.61,"2026-09-15",1930,"N20","nominal","2.0NRT",278.23,1.66,"N"
"2868",45.75636,115.72204,332.46,0.52,0.67,"2026-09-15",1930,"N20","nominal","2.0NRT",283.59,6.03,"N"
"2869",50.35374,83.49114,295.66,0.51,0.66,"2026-09-15",1930,"N20","nominal","2.0NRT",279.59,0.93,"N"
"2870",45.93484,108.95124,296.51,0.51,0.49,"2026-09-15",1930,"N20","nominal","2.0NRT",281.85,0.91,"N"
"2871",45.7212,107.71134,296.04,0.45,0.47,"2026-09-15",1930,"N20","nominal","2.0NRT",280.99,0.64,"N"
"2872",41.8629,114.09885,295.01,0.58,0.7,"2026-09-15",1932,"N20","nominal","2.0NRT",280.98,0.68,"N"
"2873",41.86059,114.0955,297.93,0.58,0.7,"2026-09-15",1932,"N20","nominal","2.0NRT",281.35,1.32,"N"
"2874",46.24319,81.21254,320.88,0.63,0.72,"2026-09-15",1932,"N20","nominal","2.0NRT",291.7,4.63,"N"
"2875",46.2365,81.22083,322.87,0.63,0.72,"2026-09-15",1932,"N20","nominal","2.0NRT",294.41,5.68,"N"
"2876",46.2365,81.21245,307.81,0.63,0.72,"2026-09-15",1932,"N20","nominal","2.0NRT",286.56,3.64,"N"
"2877",43.56472,105.46126,298.63,0.4,0.45,"2026-09-15",1932,"N20","nominal","2.0NRT",283.64,1.02,"N"
"2878",43.56363,105.46606,297.13,0.41,0.45,"2026-09-15",1932,"N20","nominal","2.0NRT",284.42,0.95,"N"
"2879",40.77875,113.28149,301,0.57,0.69,"2026-09-15",1932,"N20","nominal","2.0NRT",282.19,1.14,"N"
"2880",40.78082,113.2529,296.16,0.57,0.69,"2026-09-15",1932,"N20","nominal","2.0NRT",283.12,2.2,"N"
"2881",41.03519,111.46037,308.72,0.46,0.63,"2026-09-15",1932,"N20","nominal","2.0NRT",281.63,1.32,"N"
"2882",41.03349,111.4627,297.39,0.46,0.63,"2026-09-15",1932,"N20","nominal","2.0NRT",280.95,1.75,"N"
"2883",44.85735,90.9349,299.56,0.42,0.45,"2026-09-15",1932,"N20","nominal","2.0NRT",289.46,0.86,"N"
"2884",44.84906,90.93344,339.72,0.42,0.45,"2026-09-15",1932,"N20","nominal","2.0NRT",292.17,4.98,"N"
"2885",44.84304,90.95367,320.58,0.42,0.45,"2026-09-15",1932,"N20","nominal","2.0NRT",291.04,2.33,"N"
"2886",44.90705,89.18775,302.43,0.5,0.49,"2026-09-15",1932,"N20","nominal","2.0NRT",291.03,1.92,"N"
"2887",40.39099,113.03552,298.75,0.57,0.69,"2026-09-15",1932,"N20","nominal","2.0NRT",282.57,1.6,"N"
"2888",44.33999,93.258,300.32,0.49,0.4,"2026-09-15",1932,"N20","nominal","2.0NRT",290,0.88,"N"
"2889",44.3356,93.26336,302.35,0.49,0.4,"2026-09-15",1932,"N20","nominal","2.0NRT",290.48,1.62,"N"
"2890",44.3349,93.26949,318.57,0.49,0.4,"2026-09-15",1932,"N20","nominal","2.0NRT",293.45,1.62,"N"
"2891",44.3305,93.27485,303.69,0.49,0.4,"2026-09-15",1932,"N20","nominal","2.0NRT",291.73,1.43,"N"
"2892",44.67913,89.08722,303.12,0.51,0.49,"2026-09-15",1932,"N20","nominal","2.0NRT",291.72,2.29,"N"
"2893",44.53881,90.28731,303.01,0.44,0.46,"2026-09-15",1932,"N20","nominal","2.0NRT",292.04,0.93,"N"
"2894",40.97155,110.08556,312.72,0.39,0.6,"2026-09-15",1932,"N20","nominal","2.0NRT",286.89,1.6,"N"
"2895",44.47564,90.71017,300.94,0.42,0.45,"2026-09-15",1932,"N20","nominal","2.0NRT",289.85,0.75,"N"
"2896",44.47467,90.72089,305.37,0.42,0.45,"2026-09-15",1932,"N20","nominal","2.0NRT",288.53,1.08,"N"
"2897",44.46777,90.7033,298.58,0.42,0.45,"2026-09-15",1932,"N20","nominal","2.0NRT",288.1,0.83,"N"
"2898",41.00048,109.79305,295.83,0.38,0.59,"2026-09-15",1932,"N20","nominal","2.0NRT",280.82,0.61,"N"
"2899",44.46062,90.49354,300.93,0.43,0.46,"2026-09-15",1932,"N20","nominal","2.0NRT",288.37,0.74,"N"
"2900",41.30612,108.56715,295.41,0.32,0.55,"2026-09-15",1932,"N20","nominal","2.0NRT",285,0.43,"N"
"2901",39.98652,113.11208,295.96,0.59,0.7,"2026-09-15",1932,"N20","nominal","2.0NRT",283.7,1.32,"N"
"2902",44.70913,86.02023,301.85,0.36,0.57,"2026-09-15",1932,"N20","nominal","2.0NRT",288.39,1.86,"N"
"2903",44.59694,86.05255,295.66,0.36,0.57,"2026-09-15",1932,"N20","nominal","2.0NRT",281.73,1.28,"N"
"2904",40.58032,110.60547,296.4,0.43,0.62,"2026-09-15",1932,"N20","nominal","2.0NRT",284.92,0.67,"N"
"2905",43.70131,95.03382,306.11,0.42,0.38,"2026-09-15",1932,"N20","nominal","2.0NRT",294.09,2.03,"N"
"2906",43.69718,95.03821,330.8,0.42,0.38,"2026-09-15",1932,"N20","nominal","2.0NRT",298.35,2.03,"N"
"2907",43.69166,95.0261,315.81,0.42,0.38,"2026-09-15",1932,"N20","nominal","2.0NRT",295.49,1.54,"N"
"2908",43.68753,95.03049,309.61,0.42,0.38,"2026-09-15",1932,"N20","nominal","2.0NRT",295.24,1.86,"N"
"2909",43.68887,94.99307,314.88,0.42,0.38,"2026-09-15",1932,"N20","nominal","2.0NRT",296.1,1.54,"N"
"2910",43.68682,95.00876,317.06,0.42,0.38,"2026-09-15",1932,"N20","nominal","2.0NRT",294.63,1.32,"N"
"2911",43.67788,95.02276,328.23,0.42,0.38,"2026-09-15",1932,"N20","nominal","2.0NRT",300.98,4.32,"N"
"2912",43.68264,94.98618,313.37,0.42,0.38,"2026-09-15",1932,"N20","nominal","2.0NRT",294.52,1.91,"N"
"2913",43.67856,95.01754,313.99,0.42,0.38,"2026-09-15",1932,"N20","nominal","2.0NRT",293.98,4.32,"N"
"2914",43.67716,95.00104,320.93,0.42,0.38,"2026-09-15",1932,"N20","nominal","2.0NRT",293.98,2.6,"N"
"2915",43.67648,95.00626,317.7,0.42,0.38,"2026-09-15",1932,"N20","nominal","2.0NRT",299.51,2.98,"N"
"2916",43.67711,94.97405,315.02,0.43,0.38,"2026-09-15",1932,"N20","nominal","2.0NRT",293.94,1.24,"N"
"2917",44.4576,86.1014,305.12,0.35,0.57,"2026-09-15",1932,"N20","nominal","2.0NRT",290.88,1.82,"N"
"2918",44.45738,86.10592,299.69,0.35,0.57,"2026-09-15",1932,"N20","nominal","2.0NRT",288.4,1.48,"N"
"2919",44.45363,86.07369,305.69,0.36,0.57,"2026-09-15",1932,"N20","nominal","2.0NRT",286.45,1.14,"N"
"2920",44.45341,86.07824,300.63,0.36,0.57,"2026-09-15",1932,"N20","nominal","2.0NRT",289.7,1.03,"N"
"2921",44.4532,86.08277,304.03,0.36,0.57,"2026-09-15",1932,"N20","nominal","2.0NRT",290.86,1.03,"N"
"2922",40.65186,109.74046,301.41,0.39,0.59,"2026-09-15",1932,"N20","nominal","2.0NRT",289.64,2.17,"N"
"2923",40.64706,109.75761,297.91,0.39,0.59,"2026-09-15",1932,"N20","nominal","2.0NRT",286.57,1.25,"N"
"2924",40.16972,111.40936,296.19,0.48,0.65,"2026-09-15",1932,"N20","nominal","2.0NRT",285.32,1.64,"N"
"2925",40.64431,109.74662,298.87,0.39,0.59,"2026-09-15",1932,"N20","nominal","2.0NRT",288.09,1.4,"N"
"2926",40.64036,109.73993,296.23,0.39,0.59,"2026-09-15",1932,"N20","nominal","2.0NRT",286.17,0.98,"N"
"2927",40.63523,109.73751,316.41,0.39,0.59,"2026-09-15",1932,"N20","nominal","2.0NRT",290.68,0.98,"N"
"2928",40.62252,109.74126,349.45,0.39,0.59,"2026-09-15",1932,"N20","nominal","2.0NRT",285.89,4.85,"N"
"2929",40.64434,109.73563,301.3,0.39,0.59,"2026-09-15",1932,"N20","nominal","2.0NRT",288.99,1.05,"N"
"2930",40.63803,109.7375,302.61,0.39,0.59,"2026-09-15",1932,"N20","nominal","2.0NRT",285.58,1.65,"N"
"2931",40.63289,109.73505,303.69,0.39,0.59,"2026-09-15",1932,"N20","nominal","2.0NRT",286.39,2.56,"N"
"2932",40.6254,109.74117,337.87,0.39,0.59,"2026-09-15",1932,"N20","nominal","2.0NRT",284.96,2.6,"N"
"2933",40.62422,109.74549,305.82,0.39,0.59,"2026-09-15",1932,"N20","nominal","2.0NRT",284.24,2.6,"N"
"2934",40.62024,109.73883,295.38,0.39,0.59,"2026-09-15",1932,"N20","nominal","2.0NRT",283.6,0.69,"N"
"2935",40.58643,109.77696,297.31,0.39,0.59,"2026-09-15",1932,"N20","nominal","2.0NRT",285.68,0.68,"N"
"2936",40.60119,109.68156,309.32,0.38,0.59,"2026-09-15",1932,"N20","nominal","2.0NRT",285.45,0.98,"N"
"2937",44.31653,85.83963,300.99,0.36,0.58,"2026-09-15",1932,"N20","nominal","2.0NRT",285.88,0.9,"N"
"2938",44.31872,85.84328,305.37,0.36,0.58,"2026-09-15",1932,"N20","nominal","2.0NRT",286.29,0.69,"N"
"2939",40.57561,109.34261,299.62,0.37,0.58,"2026-09-15",1932,"N20","nominal","2.0NRT",283.08,0.43,"N"
"2940",44.14658,87.78779,305.73,0.58,0.52,"2026-09-15",1932,"N20","nominal","2.0NRT",293.29,1.18,"N"
"2941",44.18646,86.04234,301.87,0.36,0.57,"2026-09-15",1932,"N20","nominal","2.0NRT",288.15,1.21,"N"
"2942",44.18626,86.0467,313.89,0.36,0.57,"2026-09-15",1932,"N20","nominal","2.0NRT",288.6,1.42,"N"
"2943",44.18729,86.04408,321.97,0.36,0.57,"2026-09-15",1932,"N20","nominal","2.0NRT",288.46,1.43,"N"
"2944",44.05849,87.08701,299.27,0.63,0.54,"2026-09-15",1932,"N20","nominal","2.0NRT",285.99,0.88,"N"
"2945",40.97489,106.84863,298.93,0.54,0.51,"2026-09-15",1932,"N20","nominal","2.0NRT",283.15,1.8,"N"
"2946",40.96751,106.83862,297.81,0.54,0.51,"2026-09-15",1932,"N20","nominal","2.0NRT",283.77,0.99,"N"
"2947",43.74919,89.82346,307.96,0.46,0.47,"2026-09-15",1932,"N20","nominal","2.0NRT",289.07,1.57,"N"
"2948",43.85318,87.32762,310.89,0.61,0.53,"2026-09-15",1932,"N20","nominal","2.0NRT",291.07,3.35,"N"
"2949",38.94766,112.67772,297,0.61,0.71,"2026-09-15",1932,"N20","nominal","2.0NRT",285.23,1.22,"N"
"2950",38.79227,112.762,296.66,0.62,0.71,"2026-09-15",1932,"N20","nominal","2.0NRT",284.22,1.21,"N"
"2951",39.40097,110.63129,309.87,0.46,0.64,"2026-09-15",1932,"N20","nominal","2.0NRT",281.76,2.17,"N"
"2952",39.39944,110.63656,315.63,0.46,0.64,"2026-09-15",1932,"N20","nominal","2.0NRT",287.67,4.54,"N"
"2953",39.39538,110.62888,299.99,0.46,0.64,"2026-09-15",1932,"N20","nominal","2.0NRT",279.76,2.17,"N"
"2954",42.86184,93.37222,296.98,0.47,0.4,"2026-09-15",1932,"N20","nominal","2.0NRT",286.58,0.93,"N"
"2955",43.53252,81.95595,302.08,0.57,0.69,"2026-09-15",1932,"N20","nominal","2.0NRT",286.2,1.88,"N"
"2956",43.52621,81.94919,301.83,0.57,0.69,"2026-09-15",1932,"N20","nominal","2.0NRT",284.42,1.2,"N"
"2957",43.5261,81.95617,298.01,0.57,0.69,"2026-09-15",1932,"N20","nominal","2.0NRT",285.05,1.2,"N"
"2958",42.70897,93.53609,299.62,0.46,0.39,"2026-09-15",1932,"N20","nominal","2.0NRT",289.33,0.92,"N"
"2959",42.70752,93.56891,301.81,0.46,0.39,"2026-09-15",1932,"N20","nominal","2.0NRT",290.15,1.01,"N"
"2960",42.70805,93.53439,299.74,0.46,0.39,"2026-09-15",1932,"N20","nominal","2.0NRT",289.5,1.53,"N"
"2961",42.70103,93.56168,307.93,0.46,0.39,"2026-09-15",1932,"N20","nominal","2.0NRT",292.01,1.63,"N"
"2962",42.6966,93.5376,307.62,0.46,0.39,"2026-09-15",1932,"N20","nominal","2.0NRT",291.05,2.57,"N"
"2963",42.70536,93.34197,308.36,0.47,0.4,"2026-09-15",1932,"N20","nominal","2.0NRT",290.37,1.84,"N"
"2964",39.05791,110.66357,296.19,0.48,0.64,"2026-09-15",1932,"N20","nominal","2.0NRT",276.72,1.45,"N"
"2965",39.0246,110.67215,298.18,0.48,0.65,"2026-09-15",1932,"N20","nominal","2.0NRT",282.55,1.59,"N"
"2966",38.16222,113.47806,298.46,0.7,0.75,"2026-09-15",1932,"N20","nominal","2.0NRT",283.4,1.02,"N"
"2967",39.91067,106.79189,303.04,0.57,0.52,"2026-09-15",1932,"N20","nominal","2.0NRT",289.52,1.93,"N"
"2968",39.87448,106.89629,298.67,0.58,0.52,"2026-09-15",1932,"N20","nominal","2.0NRT",278.16,0.77,"N"
"2969",39.86845,106.87976,297,0.58,0.52,"2026-09-15",1932,"N20","nominal","2.0NRT",278.68,0.99,"N"
"2970",42.84463,88.03876,320.02,0.55,0.51,"2026-09-15",1932,"N20","nominal","2.0NRT",293.21,1.8,"N"
"2971",39.86782,106.78124,300.96,0.57,0.52,"2026-09-15",1932,"N20","nominal","2.0NRT",287.65,2.45,"N"
"2972",42.76122,88.61559,307.38,0.51,0.49,"2026-09-15",1932,"N20","nominal","2.0NRT",294.16,1.54,"N"
"2973",42.76547,88.61681,304.67,0.51,0.49,"2026-09-15",1932,"N20","nominal","2.0NRT",294.23,0.95,"N"
"2974",42.76091,88.61621,304.27,0.51,0.49,"2026-09-15",1932,"N20","nominal","2.0NRT",293.85,0.95,"N"
"2975",38.71417,110.17751,298.67,0.46,0.64,"2026-09-15",1932,"N20","nominal","2.0NRT",279.31,0.83,"N"
"2976",38.71278,110.1796,298.55,0.46,0.64,"2026-09-15",1932,"N20","nominal","2.0NRT",279.73,1.5,"N"
"2977",39.47692,107.13658,297.67,0.61,0.54,"2026-09-15",1932,"N20","nominal","2.0NRT",283.91,1.85,"N"
"2978",37.93061,112.53899,307.94,0.64,0.72,"2026-09-15",1932,"N20","nominal","2.0NRT",285.82,4.33,"N"
"2979",37.9202,112.54933,297.69,0.64,0.72,"2026-09-15",1932,"N20","nominal","2.0NRT",286.42,1.74,"N"
"2980",39.53023,106.51682,307.65,0.57,0.52,"2026-09-15",1932,"N20","nominal","2.0NRT",288.31,1.79,"N"
"2981",39.46835,106.70491,295.31,0.58,0.52,"2026-09-15",1932,"N20","nominal","2.0NRT",278.04,1.07,"N"
"2982",39.46376,106.70293,300.64,0.58,0.52,"2026-09-15",1932,"N20","nominal","2.0NRT",281.24,1.07,"N"
"2983",39.45953,106.6792,298.92,0.58,0.52,"2026-09-15",1932,"N20","nominal","2.0NRT",282.69,1.85,"N"
"2984",39.40213,106.90733,297.87,0.6,0.53,"2026-09-15",1932,"N20","nominal","2.0NRT",283.98,0.94,"N"
"2985",39.40041,106.91413,296.53,0.6,0.53,"2026-09-15",1932,"N20","nominal","2.0NRT",286.02,0.94,"N"
"2986",39.37114,106.96842,300.88,0.6,0.53,"2026-09-15",1932,"N20","nominal","2.0NRT",287.12,3.09,"N"
"2987",39.36814,106.95987,298.74,0.6,0.53,"2026-09-15",1932,"N20","nominal","2.0NRT",286.47,2.2,"N"
"2988",39.37865,106.89827,298.08,0.6,0.53,"2026-09-15",1932,"N20","nominal","2.0NRT",285.84,0.81,"N"
"2989",39.42031,106.71371,308.23,0.58,0.52,"2026-09-15",1932,"N20","nominal","2.0NRT",284.09,2.2,"N"
"2990",39.35205,106.98233,297.74,0.61,0.53,"2026-09-15",1932,"N20","nominal","2.0NRT",286.1,1.26,"N"
"2991",39.41571,106.71172,300.11,0.58,0.52,"2026-09-15",1932,"N20","nominal","2.0NRT",286.15,1.56,"N"
"2992",39.33166,106.981,299.9,0.61,0.53,"2026-09-15",1932,"N20","nominal","2.0NRT",286.55,1.66,"N"
"2993",39.327,106.97894,315.01,0.61,0.53,"2026-09-15",1932,"N20","nominal","2.0NRT",284.29,2.52,"N"
"2994",39.41574,106.7106,297.28,0.59,0.52,"2026-09-15",1932,"N20","nominal","2.0NRT",284.96,1.19,"N"
"2995",39.33327,106.9808,301.89,0.61,0.53,"2026-09-15",1932,"N20","nominal","2.0NRT",287.08,2.73,"N"
"2996",39.3286,106.97876,297.19,0.61,0.53,"2026-09-15",1932,"N20","nominal","2.0NRT",284.68,1.44,"N"
"2997",39.32695,106.98534,309.99,0.61,0.53,"2026-09-15",1932,"N20","nominal","2.0NRT",284.52,1.45,"N"
"2998",39.33245,106.9221,298.94,0.6,0.53,"2026-09-15",1932,"N20","nominal","2.0NRT",285.79,1.51,"N"
"2999",42.33054,86.30025,300.99,0.33,0.55,"2026-09-15",1932,"N20","nominal","2.0NRT",289.62,0.93,"N"
"3000",37.57822,112.25808,312.22,0.63,0.72,"2026-09-15",1932,"N20","nominal","2.0NRT",285.24,1.67,"N"
"3001",37.57615,112.26479,300.2,0.63,0.72,"2026-09-15",1932,"N20","nominal","2.0NRT",287.65,1.67,"N"
"3002",37.57203,112.25506,297.12,0.63,0.72,"2026-09-15",1932,"N20","nominal","2.0NRT",286.69,1.67,"N"
"3003",37.56998,112.23862,296.01,0.63,0.72,"2026-09-15",1932,"N20","nominal","2.0NRT",285.77,1.33,"N"
"3004",37.58281,112.17426,301.58,0.63,0.72,"2026-09-15",1932,"N20","nominal","2.0NRT",285.98,1.9,"N"
"3005",41.82396,88.89683,314.01,0.48,0.48,"2026-09-15",1932,"N20","nominal","2.0NRT",290.93,2.17,"N"
"3006",41.82349,88.9026,306.69,0.48,0.48,"2026-09-15",1932,"N20","nominal","2.0NRT",291.9,2.08,"N"
"3007",42.13585,83.11681,300.1,0.49,0.65,"2026-09-15",1932,"N20","nominal","2.0NRT",285.53,0.7,"N"
"3008",41.84501,86.28611,297.85,0.33,0.55,"2026-09-15",1932,"N20","nominal","2.0NRT",286.96,0.62,"N"
"3009",40.32008,99.08375,301.28,0.4,0.37,"2026-09-15",1932,"N20","nominal","2.0NRT",289.69,1.07,"N"
"3010",41.83617,81.77267,298.49,0.57,0.69,"2026-09-15",1932,"N20","nominal","2.0NRT",287.42,1.33,"N"
"3011",41.83593,81.78629,303.47,0.57,0.69,"2026-09-15",1932,"N20","nominal","2.0NRT",287.24,1.53,"N"
"3012",41.82976,81.7722,300.23,0.57,0.69,"2026-09-15",1932,"N20","nominal","2.0NRT",288.65,2.06,"N"
"3013",41.83455,81.7854,303.99,0.57,0.69,"2026-09-15",1932,"N20","nominal","2.0NRT",287.49,0.73,"N"
"3014",41.82845,81.77136,303.75,0.57,0.69,"2026-09-15",1932,"N20","nominal","2.0NRT",289.44,1.66,"N"
"3015",41.74387,83.6003,295.83,0.46,0.63,"2026-09-15",1932,"N20","nominal","2.0NRT",284.31,0.29,"N"
"3016",41.73412,81.6618,299.62,0.57,0.69,"2026-09-15",1932,"N20","nominal","2.0NRT",286.98,1.4,"N"
"3017",36.47612,113.34756,297.05,0.77,0.78,"2026-09-15",1932,"N20","nominal","2.0NRT",284.56,1.62,"N"
"3018",41.73353,81.66318,301.38,0.57,0.69,"2026-09-15",1932,"N20","nominal","2.0NRT",286.75,1.19,"N"
"3019",36.47789,113.35025,297.34,0.78,0.78,"2026-09-15",1932,"N20","nominal","2.0NRT",284.98,1.62,"N"
"3020",36.46179,113.1139,297.5,0.76,0.77,"2026-09-15",1932,"N20","nominal","2.0NRT",286.44,2.39,"N"
"3021",36.46287,113.1138,297.02,0.76,0.77,"2026-09-15",1932,"N20","nominal","2.0NRT",286.02,2.06,"N"
"3022",36.35019,113.06013,299.59,0.76,0.77,"2026-09-15",1932,"N20","nominal","2.0NRT",286.05,1.93,"N"
"3023",36.3523,113.05829,296.88,0.76,0.77,"2026-09-15",1932,"N20","nominal","2.0NRT",285.15,2.39,"N"
"3024",39.86322,98.25588,312.71,0.39,0.36,"2026-09-15",1932,"N20","nominal","2.0NRT",287.96,0.87,"N"
"3025",39.85994,98.25493,297.2,0.39,0.36,"2026-09-15",1932,"N20","nominal","2.0NRT",285.65,0.49,"N"
"3026",39.84617,98.2747,305.26,0.39,0.36,"2026-09-15",1932,"N20","nominal","2.0NRT",284.33,0.42,"N"
"3027",39.84329,98.27582,311.32,0.39,0.36,"2026-09-15",1932,"N20","nominal","2.0NRT",285.31,1.11,"N"
"3028",39.84309,98.25674,300.23,0.39,0.36,"2026-09-15",1932,"N20","nominal","2.0NRT",284.5,0.41,"N"
"3029",39.8216,98.241,303.43,0.39,0.36,"2026-09-15",1932,"N20","nominal","2.0NRT",286.81,0.75,"N"
"3030",39.81386,98.2863,308.17,0.39,0.37,"2026-09-15",1932,"N20","nominal","2.0NRT",286.5,0.82,"N"
"3031",39.81308,98.29083,305.35,0.39,0.37,"2026-09-15",1932,"N20","nominal","2.0NRT",288.57,0.97,"N"
"3032",39.81231,98.29538,306.8,0.39,0.37,"2026-09-15",1932,"N20","nominal","2.0NRT",290.31,0.97,"N"
"3033",39.81153,98.29991,307.32,0.39,0.37,"2026-09-15",1932,"N20","nominal","2.0NRT",289.88,1.49,"N"
"3034",39.80243,98.29251,304.46,0.39,0.37,"2026-09-15",1932,"N20","nominal","2.0NRT",284.29,0.52,"N"
"3035",39.79099,98.29871,310.27,0.39,0.37,"2026-09-15",1932,"N20","nominal","2.0NRT",287.98,0.7,"N"
"3036",39.79272,97.8859,305.29,0.39,0.36,"2026-09-15",1932,"N20","nominal","2.0NRT",288.21,1.31,"N"
"3037",39.79197,97.89037,298.7,0.39,0.36,"2026-09-15",1932,"N20","nominal","2.0NRT",285.56,1.17,"N"
"3038",38.85398,100.81245,297.98,0.47,0.4,"2026-09-15",1932,"N20","nominal","2.0NRT",284.97,0.9,"N"
"3039",38.43075,102.05737,296.16,0.54,0.42,"2026-09-15",1932,"N20","nominal","2.0NRT",285.24,0.78,"N"
"3040",38.41056,102.05713,303.23,0.54,0.42,"2026-09-15",1932,"N20","nominal","2.0NRT",281.08,1.09,"N"
"3041",39.59335,94.30916,299.15,0.41,0.37,"2026-09-15",1934,"N20","nominal","2.0NRT",287.05,0.59,"N"
"3042",40.22417,83.53135,296.39,0.45,0.63,"2026-09-15",1934,"N20","nominal","2.0NRT",285.27,0.49,"N"
"3043",40.03821,83.04812,321.08,0.47,0.64,"2026-09-15",1934,"N20","nominal","2.0NRT",286.89,2.58,"N"
"3044",40.04132,83.04836,297.53,0.47,0.64,"2026-09-15",1934,"N20","nominal","2.0NRT",285.31,1.24,"N"
"3045",40.03537,83.04786,319.33,0.47,0.64,"2026-09-15",1934,"N20","nominal","2.0NRT",285.53,1.24,"N"
"3046",39.8413,82.87603,321.41,0.48,0.65,"2026-09-15",1934,"N20","nominal","2.0NRT",287.47,2.09,"N"
"3047",34.65839,108.21531,303.87,0.47,0.64,"2026-09-15",1934,"N20","nominal","2.0NRT",280.17,1.39,"N"
"3048",34.53716,107.07353,304.56,0.41,0.6,"2026-09-15",1934,"N20","nominal","2.0NRT",278.92,0.83,"N"
"3049",35.99038,94.82843,297.91,0.39,0.36,"2026-09-15",1934,"N20","nominal","2.0NRT",276.18,1.36,"N"
"3050",29.93664,105.332,335.11,0.42,0.61,"2026-09-15",1934,"N20","nominal","2.0NRT",244.74,0.04,"N"
"3051",70.50231,92.89724,302.13,0.61,0.54,"2026-09-15",1923,"N20","nominal","2.0NRT",272.03,0.21,"N"
"3052",70.4455,84.35574,300.45,0.48,0.65,"2026-09-15",1923,"N20","nominal","2.0NRT",274.31,0.84,"N"
"3053",69.37067,88.11012,302.77,0.39,0.6,"2026-09-15",1923,"N20","nominal","2.0NRT",276.35,1.53,"N"
"3054",68.71684,80.51694,303.89,0.61,0.71,"2026-09-15",1925,"N20","nominal","2.0NRT",272.2,1.19,"N"
"3055",68.71424,80.53039,296.93,0.61,0.71,"2026-09-15",1925,"N20","nominal","2.0NRT",271.68,1.16,"N"
"3056",27.44367,103.79205,303.72,0.39,0.59,"2026-09-15",1936,"N20","nominal","2.0NRT",282.5,1.92,"N"
"3057",68.52999,79.94705,311,0.63,0.72,"2026-09-15",1925,"N20","nominal","2.0NRT",273.57,5.52,"N"
"3058",27.44628,103.79274,299.38,0.39,0.59,"2026-09-15",1936,"N20","nominal","2.0NRT",281.51,1.19,"N"
"3059",68.52334,79.94964,348.91,0.63,0.72,"2026-09-15",1925,"N20","nominal","2.0NRT",275.71,5.52,"N"
"3060",68.52254,79.93354,309.8,0.63,0.72,"2026-09-15",1925,"N20","nominal","2.0NRT",273.91,8.43,"N"
"3061",25.38448,99.30766,309.15,0.46,0.47,"2026-09-15",1936,"N20","nominal","2.0NRT",286.9,1.22,"N"
"3062",68.52814,79.94375,367,0.63,0.72,"2026-09-15",1925,"N20","high","2.0NRT",275.11,10.58,"N"
"3063",24.61189,98.73067,297.86,0.44,0.46,"2026-09-15",1938,"N20","nominal","2.0NRT",286.75,0.4,"N"
"3064",68.41259,83.62096,338.07,0.51,0.66,"2026-09-15",1925,"N20","nominal","2.0NRT",277.86,5.95,"N"
"3065",24.61012,98.71445,299.03,0.44,0.46,"2026-09-15",1938,"N20","nominal","2.0NRT",287.36,0.78,"N"
"3066",68.41227,83.60779,317.88,0.51,0.66,"2026-09-15",1925,"N20","nominal","2.0NRT",274.62,4.72,"N"
"3067",26.76047,83.19716,305.48,0.35,0.57,"2026-09-15",1938,"N20","nominal","2.0NRT",287.54,1.29,"N"
"3068",68.05058,76.38251,310.91,0.78,0.78,"2026-09-15",1925,"N20","nominal","2.0NRT",275.37,2.28,"N"
"3069",26.76022,83.19787,305.27,0.35,0.57,"2026-09-15",1938,"N20","nominal","2.0NRT",287.15,1.25,"N"
"3070",68.21146,83.45348,297.89,0.52,0.67,"2026-09-15",1925,"N20","nominal","2.0NRT",274.11,1.97,"N"
"3071",68.20762,83.4502,315.5,0.52,0.67,"2026-09-15",1925,"N20","nominal","2.0NRT",275.03,1.5,"N"
"3072",24.54374,97.73888,301.15,0.39,0.44,"2026-09-15",1938,"N20","nominal","2.0NRT",289.94,0.47,"N"
"3073",63.86961,122.70289,308.23,0.41,0.45,"2026-09-15",1925,"N20","nominal","2.0NRT",268.89,1.18,"N"
"3074",24.51783,97.78741,300.73,0.39,0.44,"2026-09-15",1938,"N20","nominal","2.0NRT",289.39,0.36,"N"
"3075",67.85777,79.86696,323.79,0.64,0.72,"2026-09-15",1925,"N20","nominal","2.0NRT",273.02,2.71,"N"
"3076",25.54105,91.23599,301.25,0.4,0.37,"2026-09-15",1938,"N20","nominal","2.0NRT",276.43,0.6,"N"
"3077",67.85703,79.87265,320.73,0.64,0.72,"2026-09-15",1925,"N20","nominal","2.0NRT",273.24,3.65,"N"
"3078",24.4109,97.77441,297.31,0.39,0.44,"2026-09-15",1938,"N20","nominal","2.0NRT",286.21,0.44,"N"
"3079",67.84732,79.81245,305.93,0.64,0.72,"2026-09-15",1925,"N20","nominal","2.0NRT",272.52,1.65,"N"
"3080",24.13885,97.01437,330.28,0.54,0.42,"2026-09-15",1938,"N20","nominal","2.0NRT",292.04,7.53,"N"
"3081",67.81982,80.08959,295.57,0.63,0.72,"2026-09-15",1925,"N20","nominal","2.0NRT",274.02,1.49,"N"
"3082",67.81835,80.09718,311.95,0.63,0.72,"2026-09-15",1925,"N20","nominal","2.0NRT",274.04,2.33,"N"
"3083",24.12106,86.86262,296.73,0.39,0.44,"2026-09-15",1938,"N20","nominal","2.0NRT",273.64,0.28,"N"
"3084",67.79237,83.49013,309.43,0.52,0.67,"2026-09-15",1925,"N20","nominal","2.0NRT",273.81,1.11,"N"
"3085",24.11966,86.86281,295.35,0.39,0.44,"2026-09-15",1938,"N20","nominal","2.0NRT",271.36,0.3,"N"
"3086",67.79343,83.52859,303.72,0.52,0.67,"2026-09-15",1925,"N20","nominal","2.0NRT",273.26,0.83,"N"
"3087",67.78859,83.48724,324.57,0.52,0.67,"2026-09-15",1925,"N20","nominal","2.0NRT",272.67,1.84,"N"
"3088",24.11612,86.8584,303.4,0.39,0.44,"2026-09-15",1938,"N20","nominal","2.0NRT",270.73,0.68,"N"
"3089",67.65274,83.20906,304.57,0.53,0.67,"2026-09-15",1925,"N20","nominal","2.0NRT",273.71,1.18,"N"
"3090",67.54913,83.1981,367,0.53,0.67,"2026-09-15",1925,"N20","high","2.0NRT",286.92,28.04,"N"
"3091",24.20503,82.70969,308.77,0.35,0.57,"2026-09-15",1938,"N20","nominal","2.0NRT",288.81,1.07,"N"
"3092",67.54877,83.18516,297.25,0.53,0.67,"2026-09-15",1925,"N20","nominal","2.0NRT",273.52,28.04,"N"
"3093",24.19944,82.7128,305.5,0.35,0.57,"2026-09-15",1938,"N20","nominal","2.0NRT",288.44,1.07,"N"
"3094",67.54949,83.21098,314.56,0.53,0.67,"2026-09-15",1925,"N20","nominal","2.0NRT",278.23,25.23,"N"
"3095",24.1991,82.71645,306.9,0.35,0.57,"2026-09-15",1938,"N20","nominal","2.0NRT",288.48,1.36,"N"
"3096",67.28061,83.0214,326.95,0.53,0.67,"2026-09-15",1925,"N20","nominal","2.0NRT",275.88,6.26,"N"
"3097",23.80429,86.32819,326.59,0.41,0.45,"2026-09-15",1938,"N20","nominal","2.0NRT",288.72,2.25,"N"
"3098",67.281,83.03429,346.65,0.53,0.67,"2026-09-15",1925,"N20","nominal","2.0NRT",278.25,6.26,"N"
"3099",24.20638,82.52489,303.84,0.36,0.57,"2026-09-15",1938,"N20","nominal","2.0NRT",288.81,0.86,"N"
"3100",67.27332,83.20125,347.63,0.53,0.67,"2026-09-15",1925,"N20","nominal","2.0NRT",275.59,5.76,"N"
"3101",23.80477,86.3241,308.76,0.41,0.45,"2026-09-15",1938,"N20","nominal","2.0NRT",287.87,2.25,"N"
"3102",67.28445,83.02541,367,0.53,0.67,"2026-09-15",1925,"N20","high","2.0NRT",277.54,9.66,"N"
"3103",23.8038,86.33228,306.55,0.41,0.45,"2026-09-15",1938,"N20","nominal","2.0NRT",287.41,1.66,"N"
"3104",67.2848,83.03828,295.35,0.53,0.67,"2026-09-15",1925,"N20","nominal","2.0NRT",274.48,6.24,"N"
"3105",23.80188,86.34842,306.91,0.41,0.45,"2026-09-15",1938,"N20","nominal","2.0NRT",287.36,1.2,"N"
"3106",67.27664,83.20523,341.7,0.53,0.67,"2026-09-15",1925,"N20","nominal","2.0NRT",276.46,6.43,"N"
"3107",23.79776,86.34778,306.57,0.41,0.45,"2026-09-15",1938,"N20","nominal","2.0NRT",288.28,1.64,"N"
"3108",67.19457,81.98317,342.95,0.57,0.69,"2026-09-15",1925,"N20","nominal","2.0NRT",274.34,5.83,"N"
"3109",23.79727,86.35186,317.19,0.41,0.45,"2026-09-15",1938,"N20","nominal","2.0NRT",288.23,1.64,"N"
"3110",66.87003,77.7383,347.28,0.74,0.76,"2026-09-15",1925,"N20","nominal","2.0NRT",276.99,9.97,"N"
"3111",23.69575,87.12162,306.49,0.56,0.43,"2026-09-15",1938,"N20","nominal","2.0NRT",288.17,1.39,"N"
"3112",66.87114,77.75581,337.87,0.74,0.76,"2026-09-15",1925,"N20","nominal","2.0NRT",277.09,9.97,"N"
"3113",23.78012,86.39052,324.86,0.41,0.45,"2026-09-15",1938,"N20","nominal","2.0NRT",289.14,2.71,"N"
"3114",66.86841,77.74798,367,0.74,0.76,"2026-09-15",1925,"N20","high","2.0NRT",278.7,18.35,"N"
"3115",23.78059,86.38651,315.52,0.41,0.45,"2026-09-15",1938,"N20","nominal","2.0NRT",287.56,2.71,"N"
"3116",66.93892,80.72745,303.45,0.62,0.71,"2026-09-15",1925,"N20","nominal","2.0NRT",276.32,1.53,"N"
"3117",23.69518,87.09375,305.87,0.56,0.43,"2026-09-15",1938,"N20","nominal","2.0NRT",289.56,1.79,"N"
"3118",66.66151,76.82247,299.87,0.79,0.78,"2026-09-15",1925,"N20","nominal","2.0NRT",276.52,1.83,"N"
"3119",23.69316,87.11013,305.44,0.56,0.43,"2026-09-15",1938,"N20","nominal","2.0NRT",287.92,1.39,"N"
"3120",66.66282,76.84101,305.42,0.79,0.78,"2026-09-15",1925,"N20","nominal","2.0NRT",275.82,1.83,"N"
"3121",23.69249,87.11557,304.26,0.56,0.43,"2026-09-15",1938,"N20","nominal","2.0NRT",287.26,1.39,"N"
"3122",66.6625,76.82889,315.2,0.79,0.78,"2026-09-15",1925,"N20","nominal","2.0NRT",276.98,3.05,"N"
"3123",23.69182,87.12102,309.88,0.56,0.43,"2026-09-15",1938,"N20","nominal","2.0NRT",287.37,1.39,"N"
"3124",66.6864,77.30141,296.81,0.77,0.77,"2026-09-15",1925,"N20","nominal","2.0NRT",276.31,1.45,"N"
"3125",23.78125,86.34534,306.16,0.41,0.45,"2026-09-15",1938,"N20","nominal","2.0NRT",287.84,1.06,"N"
"3126",66.57904,77.35377,295.04,0.77,0.77,"2026-09-15",1925,"N20","nominal","2.0NRT",276.31,1.06,"N"
"3127",23.77648,86.38588,313.96,0.41,0.45,"2026-09-15",1938,"N20","nominal","2.0NRT",288.08,2.66,"N"
"3128",66.73182,80.4086,320.88,0.63,0.72,"2026-09-15",1925,"N20","nominal","2.0NRT",276.56,3.68,"N"
"3129",23.69057,87.09863,310.22,0.56,0.43,"2026-09-15",1938,"N20","nominal","2.0NRT",288.35,1.98,"N"
"3130",66.72176,80.48576,312.56,0.63,0.72,"2026-09-15",1925,"N20","nominal","2.0NRT",275.9,1.69,"N"
"3131",23.68789,87.1204,312.69,0.56,0.43,"2026-09-15",1938,"N20","nominal","2.0NRT",288.59,2.73,"N"
"3132",66.71508,80.48755,311.49,0.63,0.72,"2026-09-15",1925,"N20","nominal","2.0NRT",276.23,1.69,"N"
"3133",23.77474,86.36501,325.59,0.41,0.45,"2026-09-15",1938,"N20","nominal","2.0NRT",288.62,2.26,"N"
"3134",66.70576,80.4305,336.79,0.63,0.72,"2026-09-15",1925,"N20","nominal","2.0NRT",276.8,7.86,"N"
"3135",23.77522,86.36095,309.92,0.41,0.45,"2026-09-15",1938,"N20","nominal","2.0NRT",287.63,2.26,"N"
"3136",66.70643,80.44525,329.48,0.63,0.72,"2026-09-15",1925,"N20","nominal","2.0NRT",278.48,7.63,"N"
"3137",23.77047,86.40128,314.28,0.41,0.45,"2026-09-15",1938,"N20","nominal","2.0NRT",288.31,2.15,"N"
"3138",23.68261,87.13074,305.34,0.56,0.43,"2026-09-15",1938,"N20","nominal","2.0NRT",288.19,0.78,"N"
"3139",66.67235,80.43892,334.73,0.63,0.72,"2026-09-15",1925,"N20","nominal","2.0NRT",275.59,3.16,"N"
"3140",23.76589,86.40473,333.02,0.41,0.45,"2026-09-15",1938,"N20","nominal","2.0NRT",289.66,2.08,"N"
"3141",66.65965,80.4569,337.02,0.63,0.72,"2026-09-15",1925,"N20","nominal","2.0NRT",277.43,6.15,"N"
"3142",23.76731,86.39262,307.44,0.41,0.45,"2026-09-15",1938,"N20","nominal","2.0NRT",289.14,1.8,"N"
"3143",66.65899,80.44234,295.84,0.63,0.72,"2026-09-15",1925,"N20","nominal","2.0NRT",277.41,4.59,"N"
"3144",23.76636,86.40068,312.13,0.41,0.45,"2026-09-15",1938,"N20","nominal","2.0NRT",288.28,2.08,"N"
"3145",66.67045,80.43592,315.06,0.63,0.72,"2026-09-15",1925,"N20","nominal","2.0NRT",275.85,5.79,"N"
"3146",24.14696,82.70762,305.99,0.35,0.57,"2026-09-15",1938,"N20","nominal","2.0NRT",288.63,0.78,"N"
"3147",66.67108,80.45065,317.92,0.63,0.72,"2026-09-15",1925,"N20","nominal","2.0NRT",277.56,4.91,"N"
"3148",23.7632,86.39199,308.75,0.41,0.45,"2026-09-15",1938,"N20","nominal","2.0NRT",289.28,1.8,"N"
"3149",66.66441,80.45232,344.96,0.63,0.72,"2026-09-15",1925,"N20","nominal","2.0NRT",277.58,4.91,"N"
"3150",23.76225,86.40008,319.88,0.41,0.45,"2026-09-15",1938,"N20","nominal","2.0NRT",288.57,2.08,"N"
"3151",66.4213,77.08369,303.24,0.78,0.78,"2026-09-15",1925,"N20","nominal","2.0NRT",277.39,4.86,"N"
"3152",23.76177,86.40413,308.51,0.41,0.45,"2026-09-15",1938,"N20","nominal","2.0NRT",288.26,2.08,"N"
"3153",66.60168,80.40985,306.59,0.63,0.72,"2026-09-15",1925,"N20","nominal","2.0NRT",275.77,1.46,"N"
"3154",23.78039,86.20827,318.02,0.42,0.45,"2026-09-15",1938,"N20","nominal","2.0NRT",289.27,4.14,"N"
"3155",66.41653,77.23214,302.98,0.77,0.78,"2026-09-15",1925,"N20","nominal","2.0NRT",277.49,2.78,"N"
"3156",23.77991,86.2124,308.67,0.42,0.45,"2026-09-15",1938,"N20","nominal","2.0NRT",288.43,1.64,"N"
"3157",66.31145,76.98955,327.04,0.79,0.78,"2026-09-15",1925,"N20","nominal","2.0NRT",278.33,4.61,"N"
"3158",23.75767,86.4035,314.74,0.41,0.45,"2026-09-15",1938,"N20","nominal","2.0NRT",288.51,2.75,"N"
"3159",66.33506,77.82209,300.17,0.75,0.77,"2026-09-15",1925,"N20","nominal","2.0NRT",275.02,1.19,"N"
"3160",23.75215,86.41496,321.93,0.41,0.45,"2026-09-15",1938,"N20","nominal","2.0NRT",288.42,3,"N"
"3161",66.18831,77.68214,304.09,0.76,0.77,"2026-09-15",1925,"N20","nominal","2.0NRT",278.32,2.13,"N"
"3162",23.66357,87.15556,320.11,0.55,0.43,"2026-09-15",1938,"N20","nominal","2.0NRT",290.17,4.03,"N"
"3163",66.1869,77.68363,303.96,0.76,0.77,"2026-09-15",1925,"N20","nominal","2.0NRT",278.45,1.99,"N"
"3164",23.77872,86.14909,302.49,0.42,0.45,"2026-09-15",1938,"N20","nominal","2.0NRT",286.26,0.52,"N"
"3165",66.13258,77.29338,298.62,0.78,0.78,"2026-09-15",1925,"N20","nominal","2.0NRT",276.1,1.09,"N"
"3166",23.7735,86.19456,307.35,0.42,0.45,"2026-09-15",1938,"N20","nominal","2.0NRT",288,0.9,"N"
"3167",66.05323,76.99413,295.63,0.79,0.78,"2026-09-15",1925,"N20","nominal","2.0NRT",277.82,0.82,"N"
"3168",23.77302,86.19869,306.26,0.42,0.45,"2026-09-15",1938,"N20","nominal","2.0NRT",288.24,0.9,"N"
"3169",65.33463,80.99744,295.44,0.62,0.71,"2026-09-15",1925,"N20","nominal","2.0NRT",276.95,0.69,"N"
"3170",23.6639,87.15378,317.86,0.55,0.43,"2026-09-15",1938,"N20","nominal","2.0NRT",290.06,2.09,"N"
"3171",63.74363,107.05698,305.33,0.39,0.36,"2026-09-15",1925,"N20","nominal","2.0NRT",264.01,0.94,"N"
"3172",23.6632,87.15923,304.86,0.55,0.43,"2026-09-15",1938,"N20","nominal","2.0NRT",289.05,2.09,"N"
"3173",63.74043,107.05461,322.9,0.39,0.36,"2026-09-15",1925,"N20","nominal","2.0NRT",270.09,2.14,"N"
"3174",23.7718,86.19537,305.21,0.42,0.45,"2026-09-15",1938,"N20","nominal","2.0NRT",287.52,1,"N"
"3175",63.7393,107.06226,302.36,0.39,0.36,"2026-09-15",1925,"N20","nominal","2.0NRT",267.96,1.64,"N"
"3176",23.77131,86.19947,303.87,0.42,0.45,"2026-09-15",1938,"N20","nominal","2.0NRT",287.72,1,"N"
"3177",63.73721,107.05222,327.84,0.39,0.36,"2026-09-15",1925,"N20","nominal","2.0NRT",275.17,2.14,"N"
"3178",23.73834,86.43395,334.41,0.41,0.45,"2026-09-15",1938,"N20","nominal","2.0NRT",290.6,3.2,"N"
"3179",63.73835,107.04453,307.12,0.39,0.36,"2026-09-15",1925,"N20","nominal","2.0NRT",266.17,2.14,"N"
"3180",23.73884,86.42997,311.4,0.41,0.45,"2026-09-15",1938,"N20","nominal","2.0NRT",288.95,3.2,"N"
"3181",63.73402,107.0498,319.21,0.39,0.36,"2026-09-15",1925,"N20","nominal","2.0NRT",271.4,3.17,"N"
"3182",24.14663,82.7072,303.27,0.35,0.57,"2026-09-15",1938,"N20","nominal","2.0NRT",288.51,0.67,"N"
"3183",63.7329,107.05746,316.35,0.39,0.36,"2026-09-15",1925,"N20","nominal","2.0NRT",272.23,2.02,"N"
"3184",23.73376,86.43733,306.37,0.41,0.45,"2026-09-15",1938,"N20","nominal","2.0NRT",289.75,1.65,"N"
"3185",63.7297,107.05503,300.3,0.39,0.36,"2026-09-15",1925,"N20","nominal","2.0NRT",267.87,2.02,"N"
"3186",23.72507,86.44012,314.91,0.41,0.45,"2026-09-15",1938,"N20","nominal","2.0NRT",289.15,2.57,"N"
"3187",63.72651,107.0526,298.8,0.39,0.36,"2026-09-15",1925,"N20","nominal","2.0NRT",263.52,1.04,"N"
"3188",23.77454,85.99607,304.26,0.43,0.46,"2026-09-15",1938,"N20","nominal","2.0NRT",288.54,1,"N"
"3189",63.30941,107.14232,295.9,0.39,0.36,"2026-09-15",1925,"N20","nominal","2.0NRT",266.01,0.87,"N"
"3190",23.71931,86.41893,310.29,0.41,0.45,"2026-09-15",1938,"N20","nominal","2.0NRT",287.93,3.27,"N"
"3191",64.41961,77.69191,316.23,0.78,0.78,"2026-09-15",1925,"N20","nominal","2.0NRT",277.54,3.39,"N"
"3192",23.71638,86.44289,311.54,0.41,0.45,"2026-09-15",1938,"N20","nominal","2.0NRT",288.36,2.47,"N"
"3193",62.86655,106.49406,303.66,0.39,0.36,"2026-09-15",1925,"N20","nominal","2.0NRT",268.2,2.2,"N"
"3194",23.71541,86.45088,313.8,0.41,0.45,"2026-09-15",1938,"N20","nominal","2.0NRT",288.65,1.74,"N"
"3195",62.85899,106.52153,297.25,0.39,0.36,"2026-09-15",1925,"N20","nominal","2.0NRT",270.37,1.32,"N"
"3196",23.71472,86.42231,309.4,0.41,0.45,"2026-09-15",1938,"N20","nominal","2.0NRT",288.56,1.61,"N"
"3197",62.85801,106.47993,302.37,0.39,0.36,"2026-09-15",1925,"N20","nominal","2.0NRT",269.58,1.29,"N"
"3198",23.71132,86.45026,305.29,0.41,0.45,"2026-09-15",1938,"N20","nominal","2.0NRT",288.1,1.38,"N"
"3199",61.59527,113.05943,329.54,0.43,0.38,"2026-09-15",1925,"N20","nominal","2.0NRT",269.22,3.25,"N"
"3200",23.75678,85.85427,315.67,0.44,0.46,"2026-09-15",1938,"N20","nominal","2.0NRT",289.48,3.26,"N"
"3201",23.68477,86.39345,321.91,0.41,0.45,"2026-09-15",1938,"N20","nominal","2.0NRT",288.89,2.15,"N"
"3202",61.54224,113.16462,340.69,0.44,0.38,"2026-09-15",1925,"N20","nominal","2.0NRT",282.78,12.99,"N"
"3203",23.68526,86.38937,310.33,0.41,0.45,"2026-09-15",1938,"N20","nominal","2.0NRT",287.73,2.15,"N"
"3204",61.54162,113.16616,326.53,0.44,0.38,"2026-09-15",1925,"N20","nominal","2.0NRT",284.87,15.28,"N"
"3205",61.51674,113.02575,312.05,0.43,0.38,"2026-09-15",1925,"N20","nominal","2.0NRT",268.99,1.35,"N"
"3206",23.6317,86.8323,304.11,0.38,0.44,"2026-09-15",1938,"N20","nominal","2.0NRT",284.68,0.78,"N"
"3207",61.46329,113.00406,329.25,0.43,0.38,"2026-09-15",1925,"N20","nominal","2.0NRT",270.9,3.93,"N"
"3208",23.68018,86.39684,315.71,0.41,0.45,"2026-09-15",1938,"N20","nominal","2.0NRT",288.67,2.7,"N"
"3209",61.40505,112.89104,329,0.43,0.38,"2026-09-15",1925,"N20","nominal","2.0NRT",281.99,18.22,"N"
"3210",23.84087,84.94847,303,0.5,0.49,"2026-09-15",1938,"N20","nominal","2.0NRT",283.09,1.26,"N"
"3211",61.38277,112.9607,303.13,0.44,0.38,"2026-09-15",1925,"N20","nominal","2.0NRT",268.74,0.89,"N"
"3212",23.67608,86.39618,311.78,0.41,0.45,"2026-09-15",1938,"N20","nominal","2.0NRT",287.91,1.81,"N"
"3213",61.35206,112.80909,300.68,0.43,0.38,"2026-09-15",1925,"N20","nominal","2.0NRT",272.38,32.92,"N"
"3214",23.67561,86.40017,312.23,0.41,0.45,"2026-09-15",1938,"N20","nominal","2.0NRT",288.3,1.81,"N"
"3215",61.34881,112.80616,344.6,0.43,0.38,"2026-09-15",1925,"N20","nominal","2.0NRT",311.18,32.92,"N"
"3216",23.55322,87.24133,307.45,0.55,0.42,"2026-09-15",1938,"N20","nominal","2.0NRT",287.58,2.55,"N"
"3217",61.34725,112.81371,303.64,0.43,0.38,"2026-09-15",1925,"N20","nominal","2.0NRT",273.25,2.17,"N"
"3218",23.56072,87.08282,309.97,0.56,0.43,"2026-09-15",1938,"N20","nominal","2.0NRT",290.96,3.53,"N"
"3219",61.34556,112.80324,326.99,0.43,0.38,"2026-09-15",1925,"N20","nominal","2.0NRT",289.62,36.11,"N"
"3220",23.56147,87.08172,311.84,0.56,0.43,"2026-09-15",1938,"N20","nominal","2.0NRT",291.34,4.05,"N"
"3221",61.34401,112.81078,307.83,0.43,0.38,"2026-09-15",1925,"N20","nominal","2.0NRT",272.32,12.14,"N"
"3222",23.58224,86.72574,311.4,0.39,0.44,"2026-09-15",1938,"N20","nominal","2.0NRT",286.66,1.01,"N"
"3223",61.24987,112.46191,325.68,0.43,0.38,"2026-09-15",1925,"N20","nominal","2.0NRT",268.73,2.6,"N"
"3224",23.8266,84.56788,304.03,0.53,0.5,"2026-09-15",1938,"N20","nominal","2.0NRT",290.38,1.38,"N"
"3225",63.43554,80.51883,316.48,0.65,0.73,"2026-09-15",1925,"N20","nominal","2.0NRT",278.48,2.6,"N"
"3226",23.82603,84.57309,310.15,0.53,0.5,"2026-09-15",1938,"N20","nominal","2.0NRT",291.05,2.4,"N"
"3227",63.44727,80.97137,327.31,0.63,0.72,"2026-09-15",1925,"N20","nominal","2.0NRT",278.91,3.73,"N"
"3228",23.48156,87.36407,306.04,0.54,0.42,"2026-09-15",1938,"N20","nominal","2.0NRT",289.93,2.43,"N"
"3229",60.94846,112.02251,324.04,0.43,0.38,"2026-09-15",1925,"N20","nominal","2.0NRT",271.6,5.53,"N"
"3230",23.69655,85.36749,306.04,0.47,0.48,"2026-09-15",1938,"N20","nominal","2.0NRT",285.03,1.02,"N"
"3231",60.94521,112.01978,326.98,0.43,0.38,"2026-09-15",1925,"N20","nominal","2.0NRT",268.73,5.53,"N"
"3232",23.69662,85.28715,305.23,0.48,0.48,"2026-09-15",1938,"N20","nominal","2.0NRT",282.69,1.92,"N"
"3233",60.92432,112.12251,301.43,0.43,0.38,"2026-09-15",1925,"N20","nominal","2.0NRT",271.24,1.32,"N"
"3234",23.64897,85.43548,321.09,0.47,0.47,"2026-09-15",1938,"N20","nominal","2.0NRT",284.27,2.67,"N"
"3235",60.92108,112.11969,332.4,0.43,0.38,"2026-09-15",1925,"N20","nominal","2.0NRT",319.03,47.89,"N"
"3236",23.64847,85.44003,304.93,0.47,0.47,"2026-09-15",1938,"N20","nominal","2.0NRT",283.38,1.3,"N"
"3237",60.92257,112.11239,297.51,0.43,0.38,"2026-09-15",1925,"N20","nominal","2.0NRT",270.24,3.41,"N"
"3238",23.64788,85.43715,318.3,0.47,0.47,"2026-09-15",1938,"N20","nominal","2.0NRT",284.07,3.42,"N"
"3239",60.91958,112.12705,309.38,0.43,0.38,"2026-09-15",1925,"N20","nominal","2.0NRT",270.54,47.89,"N"
"3240",23.61113,85.67373,295.55,0.45,0.47,"2026-09-15",1938,"N20","nominal","2.0NRT",270.66,0.28,"N"
"3241",62.83743,87.44626,301.16,0.4,0.6,"2026-09-15",1925,"N20","nominal","2.0NRT",278.37,1.24,"N"
"3242",23.66678,85.00001,304.67,0.5,0.49,"2026-09-15",1938,"N20","nominal","2.0NRT",285.28,1.99,"N"
"3243",60.2862,111.64424,325.88,0.43,0.38,"2026-09-15",1925,"N20","nominal","2.0NRT",271.8,3.38,"N"
"3244",22.86622,89.53715,314.19,0.42,0.38,"2026-09-15",1938,"N20","nominal","2.0NRT",294.09,0.66,"N"
"3245",62.33038,78.14981,297.6,0.79,0.78,"2026-09-15",1925,"N20","nominal","2.0NRT",278.58,1.02,"N"
"3246",21.88827,95.26868,297.45,0.47,0.4,"2026-09-15",1938,"N20","nominal","2.0NRT",273.28,1.05,"N"
"3247",60.47891,109.87305,325.78,0.4,0.37,"2026-09-15",1925,"N20","nominal","2.0NRT",269.3,7.49,"N"
"3248",22.87315,86.06185,311.13,0.42,0.45,"2026-09-15",1938,"N20","nominal","2.0NRT",290.52,1.62,"N"
"3249",60.47761,109.87991,301.47,0.4,0.37,"2026-09-15",1925,"N20","nominal","2.0NRT",275.41,7.49,"N"
"3250",22.85702,86.05544,307.73,0.42,0.45,"2026-09-15",1938,"N20","nominal","2.0NRT",290.67,1.78,"N"
"3251",60.46613,109.7211,320.9,0.4,0.37,"2026-09-15",1925,"N20","nominal","2.0NRT",272.55,5.85,"N"
"3252",22.79827,86.20798,338.99,0.41,0.45,"2026-09-15",1938,"N20","nominal","2.0NRT",291.66,7.32,"N"
"3253",60.46294,109.71864,322.4,0.4,0.37,"2026-09-15",1925,"N20","nominal","2.0NRT",269.61,6.77,"N"
"3254",22.79152,86.19492,307,0.41,0.45,"2026-09-15",1938,"N20","nominal","2.0NRT",291.9,1.43,"N"
"3255",62.33065,78.15736,307.63,0.78,0.78,"2026-09-15",1925,"N20","nominal","2.0NRT",279.37,1.49,"N"
"3256",22.80028,86.09002,317.27,0.41,0.45,"2026-09-15",1938,"N20","nominal","2.0NRT",291.18,2.44,"N"
"3257",62.38334,80.1696,314.95,0.68,0.74,"2026-09-15",1925,"N20","nominal","2.0NRT",279.21,2.54,"N"
"3258",23.1681,82.33666,304.43,0.36,0.57,"2026-09-15",1938,"N20","nominal","2.0NRT",287.68,1.27,"N"
"3259",60.12175,110.76367,298.19,0.42,0.38,"2026-09-15",1925,"N20","nominal","2.0NRT",271.16,0.63,"N"
"3260",23.16776,82.34019,310.35,0.36,0.57,"2026-09-15",1938,"N20","nominal","2.0NRT",288.16,1.23,"N"
"3261",60.27539,109.34415,325.22,0.4,0.37,"2026-09-15",1925,"N20","nominal","2.0NRT",266.87,4.68,"N"
"3262",22.61135,85.91209,306.81,0.42,0.45,"2026-09-15",1938,"N20","nominal","2.0NRT",290.76,1.19,"N"
"3263",60.27412,109.351,318,0.4,0.37,"2026-09-15",1925,"N20","nominal","2.0NRT",269.28,4.1,"N"
"3264",22.59097,85.90501,311.62,0.42,0.45,"2026-09-15",1938,"N20","nominal","2.0NRT",291.11,1.85,"N"
"3265",22.57574,85.8903,323.52,0.42,0.45,"2026-09-15",1938,"N20","nominal","2.0NRT",291.34,2.2,"N"
"3266",60.1479,109.09525,345.99,0.4,0.37,"2026-09-15",1925,"N20","nominal","2.0NRT",290.24,26.85,"N"
"3267",22.57524,85.89445,313.08,0.42,0.45,"2026-09-15",1938,"N20","nominal","2.0NRT",291.39,2.2,"N"
"3268",60.14665,109.10206,305.52,0.4,0.37,"2026-09-15",1925,"N20","nominal","2.0NRT",271.46,1.32,"N"
"3269",22.37884,87.28017,330.72,0.53,0.42,"2026-09-15",1938,"N20","nominal","2.0NRT",295.13,7.39,"N"
"3270",59.7877,110.87903,322.99,0.42,0.38,"2026-09-15",1925,"N20","nominal","2.0NRT",269.76,2.03,"N"
"3271",22.3795,87.27507,318.11,0.53,0.42,"2026-09-15",1938,"N20","nominal","2.0NRT",292.96,4.82,"N"
"3272",59.78913,110.87191,313.5,0.42,0.38,"2026-09-15",1925,"N20","nominal","2.0NRT",267.33,1.75,"N"
"3273",22.36857,87.29942,308.46,0.53,0.42,"2026-09-15",1938,"N20","nominal","2.0NRT",293.36,3.49,"N"
"3274",59.80786,109.42636,332,0.4,0.37,"2026-09-15",1925,"N20","nominal","2.0NRT",267.85,2.35,"N"
"3275",22.36474,87.29884,323.16,0.53,0.42,"2026-09-15",1938,"N20","nominal","2.0NRT",293.98,6.59,"N"
"3276",59.80466,109.42398,333.94,0.4,0.37,"2026-09-15",1925,"N20","nominal","2.0NRT",274.41,32.39,"N"
"3277",22.35838,87.28748,310.28,0.53,0.42,"2026-09-15",1938,"N20","nominal","2.0NRT",293.06,4.44,"N"
"3278",59.84267,108.40482,329.96,0.39,0.36,"2026-09-15",1925,"N20","nominal","2.0NRT",265.86,2.48,"N"
"3279",22.36784,87.01738,311.31,0.54,0.42,"2026-09-15",1938,"N20","nominal","2.0NRT",292.2,3.57,"N"
"3280",61.49708,79.28839,353.63,0.73,0.76,"2026-09-15",1925,"N20","nominal","2.0NRT",279.72,11.22,"N"
"3281",22.36395,87.01678,312.23,0.54,0.42,"2026-09-15",1938,"N20","nominal","2.0NRT",292.26,4.49,"N"
"3282",61.49779,79.30247,300.97,0.73,0.76,"2026-09-15",1925,"N20","nominal","2.0NRT",279.29,7.58,"N"
"3283",22.056,88.12343,311.78,0.47,0.4,"2026-09-15",1938,"N20","nominal","2.0NRT",293.96,2.61,"N"
"3284",59.78545,108.19138,331.6,0.39,0.36,"2026-09-15",1925,"N20","nominal","2.0NRT",273.72,12.29,"N"
"3285",22.22558,84.74934,305.54,0.49,0.49,"2026-09-15",1938,"N20","nominal","2.0NRT",290.84,2.04,"N"
"3286",61.49469,79.29929,354.51,0.73,0.76,"2026-09-15",1925,"N20","nominal","2.0NRT",280.54,13.92,"N"
"3287",61.49402,79.28515,316.16,0.73,0.76,"2026-09-15",1925,"N20","nominal","2.0NRT",278.55,10.16,"N"
"3288",22.21292,84.86356,307.01,0.49,0.48,"2026-09-15",1938,"N20","nominal","2.0NRT",291.36,1.37,"N"
"3289",59.63978,108.12008,310.6,0.39,0.36,"2026-09-15",1928,"N20","nominal","2.0NRT",269.12,1.85,"N"
"3290",22.21239,84.86828,307.9,0.48,0.48,"2026-09-15",1938,"N20","nominal","2.0NRT",290.87,1.37,"N"
"3291",59.42563,107.81094,314.24,0.39,0.36,"2026-09-15",1928,"N20","nominal","2.0NRT",271.85,1.19,"N"
"3292",22.209,84.85824,304.89,0.49,0.48,"2026-09-15",1938,"N20","nominal","2.0NRT",290.76,1.07,"N"
"3293",58.45028,107.60102,331.74,0.39,0.37,"2026-09-15",1928,"N20","nominal","2.0NRT",264.72,3.63,"N"
"3294",22.21374,84.86582,313.01,0.48,0.48,"2026-09-15",1938,"N20","nominal","2.0NRT",290.74,2.58,"N"
"3295",58.42586,107.5776,334.6,0.39,0.37,"2026-09-15",1928,"N20","nominal","2.0NRT",267.99,13.38,"N"
"3296",22.22273,84.75129,305.11,0.49,0.49,"2026-09-15",1938,"N20","nominal","2.0NRT",291.11,2.8,"N"
"3297",58.42118,107.44478,307.19,0.39,0.36,"2026-09-15",1928,"N20","nominal","2.0NRT",261.59,1.11,"N"
"3298",22.20985,84.86052,307.08,0.48,0.48,"2026-09-15",1938,"N20","nominal","2.0NRT",291.15,1.57,"N"
"3299",58.48266,107.02467,318.49,0.39,0.36,"2026-09-15",1928,"N20","nominal","2.0NRT",277.28,2.05,"N"
"3300",22.13425,85.38187,305.7,0.45,0.47,"2026-09-15",1938,"N20","nominal","2.0NRT",289.36,0.95,"N"
"3301",58.40854,107.26345,316.28,0.39,0.36,"2026-09-15",1928,"N20","nominal","2.0NRT",269.31,1.17,"N"
"3302",22.33345,82.60462,312.14,0.34,0.56,"2026-09-15",1938,"N20","nominal","2.0NRT",289.01,1.99,"N"
"3303",58.29296,106.91853,341.53,0.39,0.36,"2026-09-15",1928,"N20","nominal","2.0NRT",274.69,6.25,"N"
"3304",22.35934,82.29905,304.03,0.36,0.57,"2026-09-15",1938,"N20","nominal","2.0NRT",289.72,0.9,"N"
"3305",58.14,107.10551,311.84,0.39,0.36,"2026-09-15",1928,"N20","nominal","2.0NRT",272.46,1.44,"N"
"3306",22.35899,82.30254,309.71,0.36,0.57,"2026-09-15",1938,"N20","nominal","2.0NRT",290.21,0.9,"N"
"3307",58.09578,106.56223,338.85,0.39,0.36,"2026-09-15",1928,"N20","nominal","2.0NRT",297.68,14.6,"N"
"3308",22.32449,82.59015,342.67,0.34,0.56,"2026-09-15",1938,"N20","nominal","2.0NRT",290.19,3.81,"N"
"3309",58.09907,106.54318,299.02,0.39,0.36,"2026-09-15",1928,"N20","nominal","2.0NRT",273.88,2.02,"N"
"3310",22.32202,82.5631,318.4,0.34,0.56,"2026-09-15",1938,"N20","nominal","2.0NRT",289.99,2.03,"N"
"3311",58.09688,106.55586,310.91,0.39,0.36,"2026-09-15",1928,"N20","nominal","2.0NRT",278.03,6.23,"N"
"3312",22.31684,82.56249,309.93,0.34,0.56,"2026-09-15",1938,"N20","nominal","2.0NRT",289.86,1.32,"N"
"3313",58.09588,106.54119,326.25,0.39,0.36,"2026-09-15",1928,"N20","nominal","2.0NRT",275.56,2.02,"N"
"3314",21.96964,85.31309,303.71,0.45,0.47,"2026-09-15",1938,"N20","nominal","2.0NRT",290.22,0.83,"N"
"3315",58.09479,106.54753,323.71,0.39,0.36,"2026-09-15",1928,"N20","nominal","2.0NRT",277.12,6.23,"N"
"3316",21.92579,85.2202,304.88,0.46,0.47,"2026-09-15",1938,"N20","nominal","2.0NRT",289.38,0.94,"N"
"3317",58.09258,106.56024,313.4,0.39,0.36,"2026-09-15",1928,"N20","nominal","2.0NRT",278.09,14.6,"N"
"3318",22.06568,83.70325,304.34,0.57,0.52,"2026-09-15",1938,"N20","nominal","2.0NRT",289.55,1.32,"N"
"3319",58.15506,95.13383,298.29,0.4,0.44,"2026-09-15",1928,"N20","nominal","2.0NRT",280.54,1.03,"N"
"3320",22.04358,83.72851,310.77,0.57,0.52,"2026-09-15",1938,"N20","nominal","2.0NRT",289.53,1.8,"N"
"3321",58.15453,95.14062,296.17,0.4,0.44,"2026-09-15",1928,"N20","nominal","2.0NRT",281.98,1.03,"N"
"3322",22.03821,83.73348,304.59,0.57,0.52,"2026-09-15",1938,"N20","nominal","2.0NRT",290.08,2.2,"N"
"3323",55.30776,107.16965,336.09,0.42,0.38,"2026-09-15",1928,"N20","nominal","2.0NRT",275.96,3.87,"N"
"3324",22.03226,83.74393,304.81,0.57,0.52,"2026-09-15",1938,"N20","nominal","2.0NRT",289.59,1.3,"N"
"3325",55.30448,107.16766,299.63,0.42,0.38,"2026-09-15",1928,"N20","nominal","2.0NRT",274.56,3.87,"N"
"3326",22.01679,83.75307,306.44,0.57,0.52,"2026-09-15",1938,"N20","nominal","2.0NRT",290.07,1.45,"N"
"3327",55.30515,107.16865,331.49,0.42,0.38,"2026-09-15",1928,"N20","nominal","2.0NRT",276.29,6.8,"N"
"3328",22.01656,83.75213,305.23,0.57,0.52,"2026-09-15",1938,"N20","nominal","2.0NRT",289.79,1.19,"N"
"3329",55.40793,105.93935,325.31,0.4,0.37,"2026-09-15",1928,"N20","nominal","2.0NRT",275.23,2.43,"N"
"3330",22.04116,83.35213,305.98,0.6,0.53,"2026-09-15",1938,"N20","nominal","2.0NRT",289.01,2.86,"N"
"3331",55.40683,105.94541,320.85,0.4,0.37,"2026-09-15",1928,"N20","nominal","2.0NRT",275.84,2.43,"N"
"3332",22.03012,83.3624,303.06,0.6,0.53,"2026-09-15",1938,"N20","nominal","2.0NRT",288.33,0.96,"N"
"3333",55.36379,106.14214,296.7,0.4,0.37,"2026-09-15",1928,"N20","nominal","2.0NRT",275.77,0.33,"N"
"3334",21.95755,83.80554,304.04,0.56,0.52,"2026-09-15",1938,"N20","nominal","2.0NRT",289.63,1.06,"N"
"3335",56.23936,96.14477,297.85,0.53,0.42,"2026-09-15",1928,"N20","nominal","2.0NRT",279.9,1.04,"N"
"3336",21.98432,83.23046,305.21,0.61,0.54,"2026-09-15",1938,"N20","nominal","2.0NRT",290.09,2.26,"N"
"3337",54.00267,103.56057,298.93,0.39,0.36,"2026-09-15",1928,"N20","nominal","2.0NRT",275.33,0.54,"N"
"3338",22.00751,82.66712,304.85,0.33,0.56,"2026-09-15",1938,"N20","nominal","2.0NRT",289.57,0.91,"N"
"3339",52.5542,104.53539,314.49,0.4,0.37,"2026-09-15",1928,"N20","nominal","2.0NRT",275.34,1.46,"N"
"3340",22.00716,82.67042,309.08,0.33,0.55,"2026-09-15",1938,"N20","nominal","2.0NRT",290.39,1.44,"N"
"3341",52.61073,103.89845,314.28,0.39,0.37,"2026-09-15",1928,"N20","nominal","2.0NRT",280.06,2.03,"N"
"3342",22.00239,82.66645,307.33,0.33,0.56,"2026-09-15",1938,"N20","nominal","2.0NRT",289.26,0.91,"N"
"3343",52.52884,103.95108,298.59,0.4,0.37,"2026-09-15",1928,"N20","nominal","2.0NRT",277.61,0.5,"N"
"3344",21.92625,83.33532,311.24,0.6,0.53,"2026-09-15",1938,"N20","nominal","2.0NRT",289.52,3.43,"N"
"3345",53.89436,87.2834,338.33,0.37,0.58,"2026-09-15",1930,"N20","nominal","2.0NRT",280.79,4.31,"N"
"3346",21.92497,83.34708,310.3,0.6,0.53,"2026-09-15",1938,"N20","nominal","2.0NRT",289.26,2.12,"N"
"3347",53.89191,87.28365,334.11,0.36,0.58,"2026-09-15",1930,"N20","nominal","2.0NRT",281.8,2.19,"N"
"3348",21.92009,83.34645,311.3,0.6,0.53,"2026-09-15",1938,"N20","nominal","2.0NRT",289.37,2.12,"N"
"3349",53.8926,87.26086,295.99,0.37,0.58,"2026-09-15",1930,"N20","nominal","2.0NRT",280.13,0.81,"N"
"3350",21.91945,83.35227,305.92,0.6,0.53,"2026-09-15",1938,"N20","nominal","2.0NRT",289.93,2.12,"N"
"3351",53.89174,87.28933,299.32,0.36,0.58,"2026-09-15",1930,"N20","nominal","2.0NRT",280.87,2.19,"N"
"3352",21.98818,82.01297,306.97,0.37,0.58,"2026-09-15",1938,"N20","nominal","2.0NRT",289.54,0.82,"N"
"3353",53.88707,87.26619,301.55,0.37,0.58,"2026-09-15",1930,"N20","nominal","2.0NRT",281.81,0.81,"N"
"3354",21.77036,84.01751,309.63,0.54,0.51,"2026-09-15",1938,"N20","nominal","2.0NRT",290.83,1.65,"N"
"3355",21.76569,84.01688,312.85,0.54,0.51,"2026-09-15",1938,"N20","nominal","2.0NRT",291.22,3.06,"N"
"3356",21.99,82.01399,304.44,0.37,0.58,"2026-09-15",1938,"N20","nominal","2.0NRT",289.2,0.88,"N"
"3357",21.76799,84.01585,312.64,0.54,0.51,"2026-09-15",1938,"N20","nominal","2.0NRT",290.52,4.15,"N"
"3358",21.76272,84.02053,305.81,0.54,0.51,"2026-09-15",1938,"N20","nominal","2.0NRT",291.15,3.32,"N"
"3359",21.75745,84.02518,306.6,0.54,0.51,"2026-09-15",1938,"N20","nominal","2.0NRT",290.75,1.31,"N"
"3360",21.76315,83.84791,315.68,0.55,0.51,"2026-09-15",1938,"N20","nominal","2.0NRT",290.72,2.46,"N"
"3361",21.75903,83.84194,309.79,0.56,0.51,"2026-09-15",1938,"N20","nominal","2.0NRT",290.69,2.46,"N"
"3362",21.74957,83.8408,311.54,0.56,0.51,"2026-09-15",1938,"N20","nominal","2.0NRT",290.43,2.81,"N"
"3363",21.68052,84.03606,315.81,0.54,0.51,"2026-09-15",1938,"N20","nominal","2.0NRT",291.06,4.05,"N"
"3364",21.80056,82.03632,304.83,0.36,0.58,"2026-09-15",1938,"N20","nominal","2.0NRT",289.1,1.29,"N"
"3365",21.73029,82.2121,304.79,0.35,0.57,"2026-09-15",1938,"N20","nominal","2.0NRT",289.57,0.68,"N"
"3366",21.67421,82.07891,313.45,0.36,0.57,"2026-09-15",1938,"N20","nominal","2.0NRT",290.59,1.27,"N"
"3367",21.48659,81.76733,312.43,0.38,0.58,"2026-09-15",1938,"N20","nominal","2.0NRT",289.64,0.98,"N"
"3368",21.45871,81.80084,305.53,0.37,0.58,"2026-09-15",1938,"N20","nominal","2.0NRT",289.4,0.69,"N"
"3369",20.97152,86.01918,321,0.4,0.44,"2026-09-15",1938,"N20","nominal","2.0NRT",292.41,1.97,"N"
"3370",20.97345,86.00394,311.93,0.4,0.44,"2026-09-15",1938,"N20","nominal","2.0NRT",292.51,2.92,"N"
"3371",20.96842,86.01099,318,0.4,0.44,"2026-09-15",1938,"N20","nominal","2.0NRT",292.61,2.19,"N"
"3372",20.96358,86.04916,307.65,0.4,0.44,"2026-09-15",1938,"N20","nominal","2.0NRT",292.15,1.34,"N"
"3373",20.96484,86.00661,338.94,0.4,0.44,"2026-09-15",1938,"N20","nominal","2.0NRT",292.44,2.19,"N"
"3374",20.96532,86.00282,316.08,0.4,0.44,"2026-09-15",1938,"N20","nominal","2.0NRT",291.79,4.35,"N"
"3375",20.96436,86.01044,306.55,0.4,0.44,"2026-09-15",1938,"N20","nominal","2.0NRT",291.88,2.19,"N"
"3376",21.08059,85.03398,305.07,0.46,0.47,"2026-09-15",1938,"N20","nominal","2.0NRT",289.22,3.28,"N"
"3377",21.08006,85.03837,306.85,0.46,0.47,"2026-09-15",1938,"N20","nominal","2.0NRT",289.17,2.23,"N"
"3378",20.95142,86.0474,330.33,0.4,0.44,"2026-09-15",1938,"N20","nominal","2.0NRT",291.97,2.26,"N"
"3379",20.9519,86.04359,306.21,0.4,0.44,"2026-09-15",1938,"N20","nominal","2.0NRT",291.36,2.26,"N"
"3380",20.94143,86.06127,306.35,0.39,0.44,"2026-09-15",1938,"N20","nominal","2.0NRT",292.04,1.66,"N"
"3381",21.39217,81.64408,308.62,0.38,0.59,"2026-09-15",1938,"N20","nominal","2.0NRT",289.58,0.76,"N"
"3382",21.37814,81.67628,308.69,0.38,0.59,"2026-09-15",1938,"N20","nominal","2.0NRT",289.47,1.6,"N"
"3383",21.37778,81.67998,309.28,0.38,0.59,"2026-09-15",1938,"N20","nominal","2.0NRT",290.01,1.73,"N"
"3384",21.37623,81.63842,311.33,0.38,0.59,"2026-09-15",1938,"N20","nominal","2.0NRT",289.87,1.57,"N"
"3385",21.37201,81.68308,307.08,0.38,0.59,"2026-09-15",1938,"N20","nominal","2.0NRT",289.4,1.93,"N"
"3386",21.3673,81.67506,305.56,0.38,0.59,"2026-09-15",1938,"N20","nominal","2.0NRT",289.25,1.14,"N"
"3387",21.38132,81.67967,306.7,0.38,0.59,"2026-09-15",1938,"N20","nominal","2.0NRT",289.8,0.75,"N"
"3388",21.38006,81.63827,306.6,0.38,0.59,"2026-09-15",1938,"N20","nominal","2.0NRT",289.57,1.94,"N"
"3389",21.37628,81.67537,305.42,0.38,0.59,"2026-09-15",1938,"N20","nominal","2.0NRT",289.2,1.05,"N"
"3390",21.37591,81.67908,314.14,0.38,0.59,"2026-09-15",1938,"N20","nominal","2.0NRT",290.07,1.05,"N"
"3391",20.97874,85.16927,311.51,0.45,0.47,"2026-09-15",1938,"N20","nominal","2.0NRT",290.28,3.55,"N"
"3392",21.3647,81.68159,305.24,0.38,0.59,"2026-09-15",1938,"N20","nominal","2.0NRT",289.64,0.85,"N"
"3393",20.97339,85.17737,305.8,0.45,0.47,"2026-09-15",1938,"N20","nominal","2.0NRT",289.24,2.16,"N"
"3394",20.97175,85.15517,306.12,0.45,0.47,"2026-09-15",1938,"N20","nominal","2.0NRT",289.98,2.7,"N"
"3395",20.97016,85.16815,308,0.45,0.47,"2026-09-15",1938,"N20","nominal","2.0NRT",289.26,2.43,"N"
"3396",20.96963,85.17247,314.38,0.45,0.47,"2026-09-15",1938,"N20","nominal","2.0NRT",288.93,2.43,"N"
"3397",20.9691,85.17682,318.34,0.45,0.47,"2026-09-15",1938,"N20","nominal","2.0NRT",289.02,2.16,"N"
"3398",20.9664,85.16325,310.65,0.45,0.47,"2026-09-15",1938,"N20","nominal","2.0NRT",289.03,3.56,"N"
"3399",20.96587,85.16759,313.27,0.45,0.47,"2026-09-15",1938,"N20","nominal","2.0NRT",288.36,1.48,"N"
"3400",20.96535,85.17191,306.33,0.45,0.47,"2026-09-15",1938,"N20","nominal","2.0NRT",287.58,1.48,"N"
"3401",20.96377,85.18481,314.15,0.45,0.47,"2026-09-15",1938,"N20","nominal","2.0NRT",287.95,2.78,"N"
"3402",20.96325,85.18907,319.4,0.45,0.47,"2026-09-15",1938,"N20","nominal","2.0NRT",287.89,2.78,"N"
"3403",20.96106,85.17135,302.39,0.45,0.47,"2026-09-15",1938,"N20","nominal","2.0NRT",286.46,1.48,"N"
"3404",20.9584,85.01168,305.72,0.46,0.47,"2026-09-15",1938,"N20","nominal","2.0NRT",286.77,2.52,"N"
"3405",21.31347,81.5891,310.72,0.38,0.59,"2026-09-15",1938,"N20","nominal","2.0NRT",289.15,0.86,"N"
"3406",20.79593,85.2534,335.92,0.44,0.46,"2026-09-15",1938,"N20","nominal","2.0NRT",290.34,6.82,"N"
"3407",21.19627,81.41553,349.86,0.39,0.6,"2026-09-15",1938,"N20","nominal","2.0NRT",289.28,7.4,"N"
"3408",20.78643,85.26057,306.12,0.44,0.46,"2026-09-15",1938,"N20","nominal","2.0NRT",289.71,2.05,"N"
"3409",21.18778,81.38754,310.75,0.39,0.6,"2026-09-15",1938,"N20","nominal","2.0NRT",289.33,2.21,"N"
"3410",21.18263,81.38305,310.86,0.4,0.6,"2026-09-15",1938,"N20","nominal","2.0NRT",289.13,2.11,"N"
"3411",20.76121,85.29135,309.63,0.44,0.46,"2026-09-15",1938,"N20","nominal","2.0NRT",289.65,2.87,"N"
"3412",20.76071,85.29557,315.57,0.44,0.46,"2026-09-15",1938,"N20","nominal","2.0NRT",289.97,3.59,"N"
"3413",20.76146,85.29321,311.54,0.44,0.46,"2026-09-15",1938,"N20","nominal","2.0NRT",290.31,2.41,"N"
"3414",20.76093,85.29747,313.93,0.44,0.46,"2026-09-15",1938,"N20","nominal","2.0NRT",289.95,1.54,"N"
"3415",21.19616,81.41302,323.62,0.39,0.6,"2026-09-15",1938,"N20","nominal","2.0NRT",288.35,3.81,"N"
"3416",21.19578,81.41678,336.64,0.39,0.6,"2026-09-15",1938,"N20","nominal","2.0NRT",288.99,3.81,"N"
"3417",21.19298,81.38953,305.13,0.39,0.6,"2026-09-15",1938,"N20","nominal","2.0NRT",288.87,1.11,"N"
"3418",21.18748,81.38891,310.27,0.39,0.6,"2026-09-15",1938,"N20","nominal","2.0NRT",289.56,1.11,"N"
"3419",21.33626,78.96352,305.17,0.57,0.69,"2026-09-15",1938,"N20","nominal","2.0NRT",286.16,1.61,"N"
"3420",21.248,79.22052,302.01,0.55,0.68,"2026-09-15",1938,"N20","nominal","2.0NRT",285.98,0.82,"N"
"3421",17.958,80.7953,304.85,0.39,0.6,"2026-09-15",1940,"N20","nominal","2.0NRT",289.41,1.05,"N"
"3422",17.61217,83.20061,306.34,0.54,0.51,"2026-09-15",1940,"N20","nominal","2.0NRT",289.29,2.77,"N"
"3423",17.6075,83.19999,306.95,0.54,0.51,"2026-09-15",1940,"N20","nominal","2.0NRT",289.68,4.54,"N"
"3424",14.53456,100.45862,303.79,0.44,0.62,"2026-09-15",1940,"N20","nominal","2.0NRT",284.79,1.28,"N"
"3425",17.46418,80.65249,312.43,0.4,0.6,"2026-09-15",1940,"N20","nominal","2.0NRT",288.38,1.09,"N"
"3426",16.87441,80.0199,306.37,0.43,0.62,"2026-09-15",1940,"N20","nominal","2.0NRT",287.2,0.81,"N"
"3427",44.9076,89.18245,298.01,0.49,0.65,"2026-09-15",2112,"N20","nominal","2.0NRT",287.54,1.1,"N"
"3428",48.74003,70.06718,304.88,0.46,0.39,"2026-09-15",2112,"N20","nominal","2.0NRT",281.36,1,"N"
"3429",48.73001,70.09018,307.61,0.46,0.39,"2026-09-15",2112,"N20","nominal","2.0NRT",284.82,1.44,"N"
"3430",48.72643,70.08922,304.58,0.46,0.39,"2026-09-15",2112,"N20","nominal","2.0NRT",282.65,1.56,"N"
"3431",48.72428,70.0758,303.77,0.46,0.39,"2026-09-15",2112,"N20","nominal","2.0NRT",282.32,1.24,"N"
"3432",48.72328,70.07636,298.97,0.46,0.39,"2026-09-15",2112,"N20","nominal","2.0NRT",281.67,1.3,"N"
"3433",44.68024,89.09244,300.6,0.49,0.65,"2026-09-15",2112,"N20","nominal","2.0NRT",289.77,2.14,"N"
"3434",45.28923,86.69005,298.73,0.37,0.58,"2026-09-15",2112,"N20","nominal","2.0NRT",287.28,0.52,"N"
"3435",46.08627,82.18053,295.22,0.44,0.46,"2026-09-15",2112,"N20","nominal","2.0NRT",284.29,0.35,"N"
"3436",46.26492,81.21323,296.64,0.39,0.44,"2026-09-15",2112,"N20","nominal","2.0NRT",281.51,0.47,"N"
"3437",46.26397,81.21162,295.63,0.39,0.44,"2026-09-15",2112,"N20","nominal","2.0NRT",282.16,0.33,"N"
"3438",46.24131,81.21713,326.34,0.39,0.44,"2026-09-15",2112,"N20","nominal","2.0NRT",297.42,2.55,"N"
"3439",46.24242,81.21223,305.24,0.39,0.44,"2026-09-15",2112,"N20","nominal","2.0NRT",284.15,2.55,"N"
"3440",46.2402,81.22204,306.06,0.39,0.44,"2026-09-15",2112,"N20","nominal","2.0NRT",289.09,1.53,"N"
"3441",46.23909,81.22693,300.55,0.39,0.44,"2026-09-15",2112,"N20","nominal","2.0NRT",288.02,1.53,"N"
"3442",46.23522,81.22509,337.47,0.39,0.44,"2026-09-15",2112,"N20","nominal","2.0NRT",300.17,3.6,"N"
"3443",46.23744,81.21529,313.54,0.39,0.44,"2026-09-15",2112,"N20","nominal","2.0NRT",288.83,1.63,"N"
"3444",46.23633,81.22019,306.53,0.39,0.44,"2026-09-15",2112,"N20","nominal","2.0NRT",288.33,3.6,"N"
"3445",46.23411,81.23,301.41,0.39,0.44,"2026-09-15",2112,"N20","nominal","2.0NRT",285.86,1.3,"N"
"3446",44.65259,86.99001,296.46,0.39,0.6,"2026-09-15",2112,"N20","nominal","2.0NRT",284.74,0.47,"N"
"3447",44.14211,88.17322,301.26,0.46,0.64,"2026-09-15",2112,"N20","nominal","2.0NRT",289.71,1.37,"N"
"3448",44.70871,86.02855,297.72,0.35,0.57,"2026-09-15",2112,"N20","nominal","2.0NRT",286.7,0.89,"N"
"3449",44.59753,86.05681,300.75,0.36,0.57,"2026-09-15",2112,"N20","nominal","2.0NRT",287.12,0.9,"N"
"3450",44.45789,86.10352,308.43,0.36,0.58,"2026-09-15",2112,"N20","nominal","2.0NRT",289.85,0.88,"N"
"3451",44.45666,86.1078,304.01,0.36,0.58,"2026-09-15",2112,"N20","nominal","2.0NRT",290.39,0.88,"N"
"3452",44.45409,86.07668,309.22,0.36,0.58,"2026-09-15",2112,"N20","nominal","2.0NRT",289.46,2.05,"N"
"3453",44.45287,86.08094,302.76,0.36,0.58,"2026-09-15",2112,"N20","nominal","2.0NRT",290.06,1.18,"N"
"3454",44.45164,86.08521,300.36,0.36,0.58,"2026-09-15",2112,"N20","nominal","2.0NRT",289.5,1.18,"N"
"3455",44.45433,86.07674,305.34,0.36,0.58,"2026-09-15",2112,"N20","nominal","2.0NRT",288.29,1.37,"N"
"3456",44.45314,86.08101,305.17,0.36,0.58,"2026-09-15",2112,"N20","nominal","2.0NRT",290.58,1.37,"N"
"3457",44.45193,86.0853,301.44,0.36,0.58,"2026-09-15",2112,"N20","nominal","2.0NRT",289.53,1.01,"N"
"3458",43.94092,87.65596,301.15,0.45,0.63,"2026-09-15",2112,"N20","nominal","2.0NRT",285.12,0.36,"N"
"3459",44.36544,86.06651,302.45,0.36,0.58,"2026-09-15",2112,"N20","nominal","2.0NRT",289.62,1.25,"N"
"3460",44.27071,86.29517,304.55,0.38,0.58,"2026-09-15",2112,"N20","nominal","2.0NRT",286.1,0.81,"N"
"3461",46.83472,74.95233,306.79,0.39,0.36,"2026-09-15",2112,"N20","nominal","2.0NRT",284.69,0.56,"N"
"3462",46.82072,74.93462,326.98,0.39,0.36,"2026-09-15",2112,"N20","nominal","2.0NRT",292.2,41.91,"N"
"3463",47.76653,67.7487,325.94,0.54,0.42,"2026-09-15",2112,"N20","nominal","2.0NRT",283.17,9.51,"N"
"3464",43.85505,87.33065,304.31,0.43,0.62,"2026-09-15",2112,"N20","nominal","2.0NRT",291.5,2.29,"N"
"3465",43.85435,87.31243,302.2,0.43,0.62,"2026-09-15",2112,"N20","nominal","2.0NRT",289.6,0.96,"N"
"3466",43.17458,89.44753,300.77,0.57,0.69,"2026-09-15",2112,"N20","nominal","2.0NRT",289.43,1.13,"N"
"3467",43.85717,87.31269,304.92,0.43,0.62,"2026-09-15",2112,"N20","nominal","2.0NRT",288.52,1,"N"
"3468",43.8528,87.32745,300.51,0.43,0.62,"2026-09-15",2112,"N20","nominal","2.0NRT",289.26,1.9,"N"
"3469",43.68818,87.77222,301.36,0.46,0.64,"2026-09-15",2112,"N20","nominal","2.0NRT",285.61,1.15,"N"
"3470",44.18826,86.04588,305.68,0.37,0.58,"2026-09-15",2112,"N20","nominal","2.0NRT",287.84,1.3,"N"
"3471",48.15923,57.15281,296.83,0.55,0.68,"2026-09-15",2112,"N20","nominal","2.0NRT",267.13,0.59,"N"
"3472",43.06062,88.12466,308.66,0.5,0.66,"2026-09-15",2112,"N20","nominal","2.0NRT",288.49,1.02,"N"
"3473",43.0778,88.02734,300.4,0.49,0.65,"2026-09-15",2112,"N20","nominal","2.0NRT",289.29,0.66,"N"
"3474",43.08075,88.02623,303.99,0.49,0.65,"2026-09-15",2112,"N20","nominal","2.0NRT",288.37,0.78,"N"
"3475",42.84359,88.03883,319.31,0.5,0.66,"2026-09-15",2112,"N20","nominal","2.0NRT",291.23,2.91,"N"
"3476",42.84161,88.03518,324.14,0.5,0.66,"2026-09-15",2112,"N20","nominal","2.0NRT",289.69,3.02,"N"
"3477",41.82277,88.90688,302.38,0.59,0.7,"2026-09-15",2112,"N20","nominal","2.0NRT",290.68,2.32,"N"
"3478",45.38992,73.65073,300.85,0.38,0.36,"2026-09-15",2112,"N20","nominal","2.0NRT",284.26,0.68,"N"
"3479",43.52864,81.95752,305.79,0.49,0.49,"2026-09-15",2112,"N20","nominal","2.0NRT",288,1.95,"N"
"3480",43.52719,81.96337,309.54,0.49,0.49,"2026-09-15",2112,"N20","nominal","2.0NRT",288.62,1.95,"N"
"3481",44.37476,78.06982,300.54,0.48,0.4,"2026-09-15",2112,"N20","nominal","2.0NRT",284.37,0.86,"N"
"3482",43.54544,81.50302,296.3,0.47,0.48,"2026-09-15",2112,"N20","nominal","2.0NRT",282.13,0.52,"N"
"3483",46.13732,65.01353,305.4,0.46,0.47,"2026-09-15",2112,"N20","nominal","2.0NRT",285.03,0.89,"N"
"3484",45.95071,65.72425,353.11,0.42,0.45,"2026-09-15",2114,"N20","nominal","2.0NRT",287.44,7.08,"N"
"3485",45.77009,65.63857,315.38,0.42,0.45,"2026-09-15",2114,"N20","nominal","2.0NRT",285.57,0.91,"N"
"3486",41.84408,86.28951,300.04,0.44,0.63,"2026-09-15",2114,"N20","nominal","2.0NRT",287.75,0.73,"N"
"3487",44.54461,72.42755,329.91,0.39,0.36,"2026-09-15",2114,"N20","nominal","2.0NRT",281.86,3.01,"N"
"3488",44.54388,72.43234,344.08,0.39,0.36,"2026-09-15",2114,"N20","nominal","2.0NRT",287.96,6.06,"N"
"3489",44.54315,72.43714,349.54,0.39,0.36,"2026-09-15",2114,"N20","nominal","2.0NRT",285.22,6.06,"N"
"3490",44.53988,72.43616,303.21,0.39,0.36,"2026-09-15",2114,"N20","nominal","2.0NRT",280.2,6.06,"N"
"3491",44.53222,72.46394,295.01,0.39,0.36,"2026-09-15",2114,"N20","nominal","2.0NRT",279.83,0.66,"N"
"3492",44.52822,72.46775,300.82,0.39,0.36,"2026-09-15",2114,"N20","nominal","2.0NRT",280.62,0.67,"N"
"3493",44.52421,72.47157,326.23,0.39,0.36,"2026-09-15",2114,"N20","nominal","2.0NRT",281.45,3.24,"N"
"3494",44.52275,72.48115,322.63,0.39,0.36,"2026-09-15",2114,"N20","nominal","2.0NRT",281.8,1.57,"N"
"3495",44.52348,72.47636,305.35,0.39,0.36,"2026-09-15",2114,"N20","nominal","2.0NRT",280.79,1.57,"N"
"3496",44.52202,72.48594,318.34,0.39,0.36,"2026-09-15",2114,"N20","nominal","2.0NRT",280.89,1.97,"N"
"3497",44.51001,72.49738,319.36,0.39,0.36,"2026-09-15",2114,"N20","nominal","2.0NRT",279.28,1.85,"N"
"3498",44.4918,72.52695,314.88,0.39,0.36,"2026-09-15",2114,"N20","nominal","2.0NRT",276.97,1.42,"N"
"3499",42.13538,83.11737,301.88,0.61,0.53,"2026-09-15",2114,"N20","nominal","2.0NRT",286.27,1.32,"N"
"3500",41.76078,83.27395,300.61,0.64,0.54,"2026-09-15",2114,"N20","nominal","2.0NRT",288.54,2.1,"N"
"3501",41.83487,81.79084,299.06,0.54,0.5,"2026-09-15",2114,"N20","nominal","2.0NRT",286.9,0.48,"N"
"3502",41.83549,81.78977,297.1,0.54,0.5,"2026-09-15",2114,"N20","nominal","2.0NRT",286.88,1.81,"N"
"3503",42.91345,74.87388,323.97,0.41,0.37,"2026-09-15",2114,"N20","nominal","2.0NRT",289.7,2.94,"N"
"3504",42.83526,74.07043,305.96,0.39,0.37,"2026-09-15",2114,"N20","nominal","2.0NRT",284.91,0.85,"N"
"3505",41.24177,81.20322,296.56,0.52,0.5,"2026-09-15",2114,"N20","nominal","2.0NRT",285.46,0.98,"N"
"3506",44.04548,58.69296,297.27,0.45,0.63,"2026-09-15",2114,"N20","nominal","2.0NRT",287.15,0.3,"N"
"3507",42.93259,71.27995,329.9,0.39,0.36,"2026-09-15",2114,"N20","nominal","2.0NRT",288.61,2.98,"N"
"3508",42.68353,71.30973,295.03,0.39,0.36,"2026-09-15",2114,"N20","nominal","2.0NRT",282.93,0.29,"N"
"3509",40.03599,83.04858,302.06,0.34,0.56,"2026-09-15",2114,"N20","nominal","2.0NRT",284.47,1.37,"N"
"3510",40.03498,83.05244,315.46,0.34,0.56,"2026-09-15",2114,"N20","nominal","2.0NRT",284.42,1.49,"N"
"3511",42.54934,69.99274,328.41,0.41,0.37,"2026-09-15",2114,"N20","nominal","2.0NRT",292.2,3.23,"N"
"3512",42.54866,69.99768,315.28,0.41,0.37,"2026-09-15",2114,"N20","nominal","2.0NRT",290.78,3.23,"N"
"3513",42.54527,69.99692,330.85,0.41,0.37,"2026-09-15",2114,"N20","nominal","2.0NRT",291.01,3.23,"N"
"3514",42.54594,69.99201,303.73,0.41,0.37,"2026-09-15",2114,"N20","nominal","2.0NRT",289.3,3.23,"N"
"3515",42.35743,69.73198,303.18,0.41,0.37,"2026-09-15",2114,"N20","nominal","2.0NRT",290.84,0.77,"N"
"3516",42.3129,69.54006,322.4,0.42,0.37,"2026-09-15",2114,"N20","nominal","2.0NRT",291.52,2.27,"N"
"3517",41.32478,68.97602,297.58,0.42,0.38,"2026-09-15",2114,"N20","nominal","2.0NRT",285.82,0.39,"N"
"3518",42.04975,59.94209,302,0.37,0.58,"2026-09-15",2114,"N20","nominal","2.0NRT",288.37,0.23,"N"
"3519",41.04874,70.17254,321.76,0.4,0.37,"2026-09-15",2114,"N20","nominal","2.0NRT",289.28,2.36,"N"
"3520",41.04411,70.1808,300.15,0.4,0.37,"2026-09-15",2114,"N20","nominal","2.0NRT",289.02,0.71,"N"
"3521",41.04145,70.17532,305.15,0.4,0.37,"2026-09-15",2114,"N20","nominal","2.0NRT",289.88,1.14,"N"
"3522",42.01064,59.25421,296.73,0.4,0.6,"2026-09-15",2114,"N20","nominal","2.0NRT",285.57,0.44,"N"
"3523",40.56517,72.63226,305.07,0.39,0.36,"2026-09-15",2114,"N20","nominal","2.0NRT",290.51,0.83,"N"
"3524",40.56437,72.57529,311.47,0.39,0.36,"2026-09-15",2114,"N20","nominal","2.0NRT",292.08,1.53,"N"
"3525",40.56708,72.53835,308.1,0.39,0.36,"2026-09-15",2114,"N20","nominal","2.0NRT",291.36,0.77,"N"
"3526",41.85733,59.90999,298.08,0.37,0.58,"2026-09-15",2114,"N20","nominal","2.0NRT",286.85,0.33,"N"
"3527",40.9328,69.65002,306.85,0.4,0.37,"2026-09-15",2114,"N20","nominal","2.0NRT",292.6,0.83,"N"
"3528",41.50719,64.54575,303.11,0.43,0.46,"2026-09-15",2114,"N20","nominal","2.0NRT",288.6,0.89,"N"
"3529",41.82359,60.04241,300.34,0.37,0.58,"2026-09-15",2114,"N20","nominal","2.0NRT",286.6,0.57,"N"
"3530",40.84555,69.74463,310.77,0.4,0.37,"2026-09-15",2114,"N20","nominal","2.0NRT",291.84,0.93,"N"
"3531",40.86423,69.53689,322.71,0.41,0.37,"2026-09-15",2114,"N20","nominal","2.0NRT",293.12,2.29,"N"
"3532",40.85683,69.54005,343.3,0.41,0.37,"2026-09-15",2114,"N20","nominal","2.0NRT",293.16,7.61,"N"
"3533",39.65157,75.94063,297.82,0.48,0.4,"2026-09-15",2114,"N20","nominal","2.0NRT",286.86,1.47,"N"
"3534",39.53133,76.04641,298.31,0.49,0.4,"2026-09-15",2114,"N20","nominal","2.0NRT",286.88,0.89,"N"
"3535",39.52076,76.06078,299.66,0.49,0.4,"2026-09-15",2114,"N20","nominal","2.0NRT",288.83,1.04,"N"
"3536",40.50695,69.63779,302.35,0.4,0.37,"2026-09-15",2114,"N20","nominal","2.0NRT",290.31,0.68,"N"
"3537",40.32429,70.63667,303.29,0.39,0.36,"2026-09-15",2114,"N20","nominal","2.0NRT",292.54,0.58,"N"
"3538",40.321,70.63586,302.78,0.39,0.36,"2026-09-15",2114,"N20","nominal","2.0NRT",292.6,0.48,"N"
"3539",39.34512,76.09613,300.23,0.49,0.41,"2026-09-15",2114,"N20","nominal","2.0NRT",287.36,0.83,"N"
"3540",40.23976,69.29219,302.33,0.41,0.37,"2026-09-15",2114,"N20","nominal","2.0NRT",291.64,1.23,"N"
"3541",40.38484,67.43746,297.14,0.46,0.39,"2026-09-15",2114,"N20","nominal","2.0NRT",280.65,0.98,"N"
"3542",40.01174,68.44301,311.7,0.43,0.38,"2026-09-15",2114,"N20","nominal","2.0NRT",275.03,1.59,"N"
"3543",40.31041,63.75969,311.78,0.45,0.47,"2026-09-15",2114,"N20","nominal","2.0NRT",291.14,1.95,"N"
"3544",39.82644,63.04237,322.63,0.49,0.48,"2026-09-15",2114,"N20","nominal","2.0NRT",278.98,2.65,"N"
"3545",39.82199,63.04172,320.95,0.49,0.48,"2026-09-15",2114,"N20","nominal","2.0NRT",284.05,2.65,"N"
"3546",37.14359,79.49696,297.35,0.53,0.5,"2026-09-15",2114,"N20","nominal","2.0NRT",286.05,1.31,"N"
"3547",37.14408,79.49611,296.81,0.53,0.5,"2026-09-15",2114,"N20","nominal","2.0NRT",284.74,1.04,"N"
"3548",39.67897,63.04888,338.42,0.48,0.48,"2026-09-15",2114,"N20","nominal","2.0NRT",287.23,4.91,"N"
"3549",39.28486,63.04473,298.17,0.48,0.48,"2026-09-15",2114,"N20","nominal","2.0NRT",287.05,0.26,"N"
"3550",39.25296,63.20827,298.17,0.47,0.48,"2026-09-15",2114,"N20","nominal","2.0NRT",286.74,0.47,"N"
"3551",39.16887,63.25465,302.93,0.47,0.47,"2026-09-15",2114,"N20","nominal","2.0NRT",284.54,1.52,"N"
"3552",39.16839,63.26008,297.05,0.47,0.47,"2026-09-15",2114,"N20","nominal","2.0NRT",284.44,0.86,"N"
"3553",39.16401,63.25941,299.98,0.47,0.47,"2026-09-15",2114,"N20","nominal","2.0NRT",284.88,0.86,"N"
"3554",39.1544,63.3182,298.72,0.46,0.47,"2026-09-15",2114,"N20","nominal","2.0NRT",283.95,0.99,"N"
"3555",39.53078,53.39619,299.12,0.79,0.78,"2026-09-15",2114,"N20","nominal","2.0NRT",288.56,1.15,"N"
"3556",39.11708,63.33319,296.94,0.46,0.47,"2026-09-15",2114,"N20","nominal","2.0NRT",285.62,0.51,"N"
"3557",39.53012,53.40079,304.57,0.79,0.78,"2026-09-15",2114,"N20","nominal","2.0NRT",289.14,1.25,"N"
"3558",38.94301,64.13271,299.03,0.42,0.45,"2026-09-15",2114,"N20","nominal","2.0NRT",285.39,1.85,"N"
"3559",38.97596,63.46583,306.89,0.45,0.47,"2026-09-15",2114,"N20","nominal","2.0NRT",289.03,1.22,"N"
"3560",38.32775,68.9884,302.55,0.4,0.37,"2026-09-15",2114,"N20","nominal","2.0NRT",291.95,0.49,"N"
"3561",38.91806,63.80586,298.49,0.43,0.46,"2026-09-15",2114,"N20","nominal","2.0NRT",286.73,0.76,"N"
"3562",38.91101,63.78944,296.62,0.43,0.46,"2026-09-15",2114,"N20","nominal","2.0NRT",286.09,0.58,"N"
"3563",38.87854,63.76897,296.73,0.44,0.46,"2026-09-15",2114,"N20","nominal","2.0NRT",286.62,0.18,"N"
"3564",38.87152,63.79851,305.07,0.43,0.46,"2026-09-15",2114,"N20","nominal","2.0NRT",288.02,1.21,"N"
"3565",38.13239,64.6739,303.02,0.38,0.44,"2026-09-15",2116,"N20","nominal","2.0NRT",288.59,0.67,"N"
"3566",38.05566,64.88719,310.6,0.56,0.43,"2026-09-15",2116,"N20","nominal","2.0NRT",290.06,1.6,"N"
"3567",38.68329,54.31102,313.89,0.7,0.75,"2026-09-15",2116,"N20","nominal","2.0NRT",289.33,1.33,"N"
"3568",38.64884,54.27652,323.11,0.71,0.75,"2026-09-15",2116,"N20","nominal","2.0NRT",290.17,2.68,"N"
"3569",38.65015,54.27672,324.35,0.71,0.75,"2026-09-15",2116,"N20","nominal","2.0NRT",289.34,2.71,"N"
"3570",37.96734,65.00715,302.27,0.55,0.43,"2026-09-15",2116,"N20","nominal","2.0NRT",289.01,0.87,"N"
"3571",37.90491,65.10487,300.23,0.55,0.42,"2026-09-15",2116,"N20","nominal","2.0NRT",289.45,0.71,"N"
"3572",37.80444,65.18776,300.81,0.54,0.42,"2026-09-15",2116,"N20","nominal","2.0NRT",288.16,0.39,"N"
"3573",38.25756,58.38787,300.49,0.42,0.61,"2026-09-15",2116,"N20","nominal","2.0NRT",290.1,1.3,"N"
"3574",38.21931,57.98493,298.01,0.44,0.62,"2026-09-15",2116,"N20","nominal","2.0NRT",286.01,0.47,"N"
"3575",38.2191,57.98663,299.85,0.44,0.62,"2026-09-15",2116,"N20","nominal","2.0NRT",286.35,0.43,"N"
"3576",37.79982,62.55069,312.06,0.49,0.49,"2026-09-15",2116,"N20","nominal","2.0NRT",287.91,1.16,"N"
"3577",37.79761,62.54874,310.23,0.49,0.49,"2026-09-15",2116,"N20","nominal","2.0NRT",284.41,1.94,"N"
"3578",37.78966,62.53628,308.65,0.49,0.49,"2026-09-15",2116,"N20","nominal","2.0NRT",284.69,1.34,"N"
"3579",37.84562,61.60411,298.33,0.55,0.51,"2026-09-15",2116,"N20","nominal","2.0NRT",287.3,0.84,"N"
"3580",37.72617,62.09586,298.17,0.52,0.5,"2026-09-15",2116,"N20","nominal","2.0NRT",287.95,1.03,"N"
"3581",37.72665,62.09552,303.39,0.52,0.5,"2026-09-15",2116,"N20","nominal","2.0NRT",287.59,0.79,"N"
"3582",37.9448,58.56072,306.45,0.41,0.6,"2026-09-15",2116,"N20","nominal","2.0NRT",289.65,0.93,"N"
"3583",37.67295,62.23637,303.37,0.51,0.49,"2026-09-15",2116,"N20","nominal","2.0NRT",287.26,0.71,"N"
"3584",37.66336,62.24091,301.27,0.51,0.49,"2026-09-15",2116,"N20","nominal","2.0NRT",287.73,0.45,"N"
"3585",37.65881,62.24028,302.71,0.51,0.49,"2026-09-15",2116,"N20","nominal","2.0NRT",287.7,1.06,"N"
"3586",37.63897,62.20225,304.96,0.51,0.49,"2026-09-15",2116,"N20","nominal","2.0NRT",286.94,1,"N"
"3587",37.65861,61.90469,298.42,0.53,0.5,"2026-09-15",2116,"N20","nominal","2.0NRT",286.95,1.5,"N"
"3588",37.62889,62.21266,304.95,0.51,0.49,"2026-09-15",2116,"N20","nominal","2.0NRT",287.35,1.04,"N"
"3589",37.62143,62.13482,299.08,0.51,0.5,"2026-09-15",2116,"N20","nominal","2.0NRT",288.87,0.79,"N"
"3590",37.61655,61.57347,303.15,0.55,0.51,"2026-09-15",2116,"N20","nominal","2.0NRT",288.08,1.02,"N"
"3591",37.61504,61.59236,300.06,0.55,0.51,"2026-09-15",2116,"N20","nominal","2.0NRT",288.28,0.96,"N"
"3592",37.60933,61.60431,307.5,0.55,0.51,"2026-09-15",2116,"N20","nominal","2.0NRT",290.35,2.02,"N"
"3593",37.59866,61.55837,307.51,0.55,0.51,"2026-09-15",2116,"N20","nominal","2.0NRT",289.25,1.52,"N"
"3594",37.59641,61.5261,306.06,0.55,0.51,"2026-09-15",2116,"N20","nominal","2.0NRT",289.15,1.18,"N"
"3595",37.59167,61.52548,306.66,0.55,0.51,"2026-09-15",2116,"N20","nominal","2.0NRT",287.58,1.97,"N"
"3596",37.58921,61.55713,302.93,0.55,0.51,"2026-09-15",2116,"N20","nominal","2.0NRT",288.06,1.05,"N"
"3597",37.58449,61.55651,305.37,0.55,0.51,"2026-09-15",2116,"N20","nominal","2.0NRT",288.48,1.05,"N"
"3598",37.61943,60.38973,299.51,0.32,0.55,"2026-09-15",2116,"N20","nominal","2.0NRT",287.59,0.23,"N"
"3599",37.49776,61.84491,313.55,0.53,0.5,"2026-09-15",2116,"N20","nominal","2.0NRT",289.36,2.38,"N"
"3600",37.42617,62.3106,307.52,0.5,0.49,"2026-09-15",2116,"N20","nominal","2.0NRT",278.36,0.8,"N"
"3601",37.48855,60.45546,295.92,0.63,0.54,"2026-09-15",2116,"N20","nominal","2.0NRT",285.4,0.28,"N"
"3602",37.34889,61.35956,303.03,0.56,0.52,"2026-09-15",2116,"N20","nominal","2.0NRT",286.75,1.02,"N"
"3603",37.34871,61.35963,299.67,0.56,0.52,"2026-09-15",2116,"N20","nominal","2.0NRT",286.72,1.5,"N"
"3604",37.4534,57.68352,310.71,0.45,0.63,"2026-09-15",2116,"N20","nominal","2.0NRT",287.84,1.66,"N"
"3605",37.12033,62.36237,327.71,0.49,0.49,"2026-09-15",2116,"N20","nominal","2.0NRT",290.73,5.01,"N"
"3606",37.11584,62.36176,304.24,0.49,0.49,"2026-09-15",2116,"N20","nominal","2.0NRT",290.41,1.99,"N"
"3607",37.03668,62.41188,300.61,0.49,0.49,"2026-09-15",2116,"N20","nominal","2.0NRT",287.19,1.3,"N"
"3608",37.03618,62.41741,303.87,0.49,0.48,"2026-09-15",2116,"N20","nominal","2.0NRT",288.8,1.3,"N"
"3609",37.03171,62.41678,308.95,0.49,0.48,"2026-09-15",2116,"N20","nominal","2.0NRT",288.81,2.55,"N"
"3610",36.94873,54.88119,303.7,0.64,0.72,"2026-09-15",2116,"N20","nominal","2.0NRT",292.27,1.28,"N"
"3611",36.9459,54.88088,302.43,0.64,0.72,"2026-09-15",2116,"N20","nominal","2.0NRT",292.22,1.45,"N"
"3612",36.4805,59.74486,304.4,0.34,0.56,"2026-09-15",2116,"N20","nominal","2.0NRT",287.59,1.05,"N"
"3613",36.43013,59.70077,295.88,0.34,0.56,"2026-09-15",2116,"N20","nominal","2.0NRT",284.6,0.59,"N"
"3614",36.3587,59.67623,298.95,0.34,0.56,"2026-09-15",2116,"N20","nominal","2.0NRT",284.6,0.44,"N"
"3615",36.27054,59.64798,300.96,0.34,0.56,"2026-09-15",2116,"N20","nominal","2.0NRT",287.44,0.33,"N"
"3616",36.23897,59.72923,301.43,0.34,0.56,"2026-09-15",2116,"N20","nominal","2.0NRT",285.15,0.83,"N"
"3617",35.95021,62.91687,301.66,0.45,0.47,"2026-09-15",2116,"N20","nominal","2.0NRT",287.8,1.02,"N"
"3618",35.90839,62.96448,309.61,0.44,0.46,"2026-09-15",2116,"N20","nominal","2.0NRT",285.88,1.11,"N"
"3619",35.89025,63.01727,296.18,0.44,0.46,"2026-09-15",2116,"N20","nominal","2.0NRT",285.32,0.52,"N"
"3620",34.25066,71.48108,304.12,0.4,0.37,"2026-09-15",2116,"N20","nominal","2.0NRT",291.62,0.51,"N"
"3621",35.64171,53.47261,301.46,0.76,0.77,"2026-09-15",2116,"N20","nominal","2.0NRT",290.73,1.02,"N"
"3622",33.5469,71.5495,308.99,0.41,0.37,"2026-09-15",2116,"N20","nominal","2.0NRT",292.77,0.78,"N"
"3623",33.40685,71.94025,304.03,0.42,0.38,"2026-09-15",2116,"N20","nominal","2.0NRT",292.42,0.33,"N"
"3624",33.27819,72.14376,303.47,0.43,0.38,"2026-09-15",2116,"N20","nominal","2.0NRT",291.02,0.53,"N"
"3625",33.29597,71.18385,302.81,0.4,0.37,"2026-09-15",2116,"N20","nominal","2.0NRT",291.15,0.52,"N"
"3626",32.71795,72.77655,306.76,0.46,0.39,"2026-09-15",2116,"N20","nominal","2.0NRT",291.53,0.97,"N"
"3627",32.88864,71.61567,308.32,0.41,0.37,"2026-09-15",2116,"N20","nominal","2.0NRT",292.4,0.81,"N"
"3628",32.37989,72.1368,304.75,0.44,0.38,"2026-09-15",2116,"N20","nominal","2.0NRT",293.41,0.65,"N"
"3629",31.25937,76.92343,301.1,0.52,0.5,"2026-09-15",2116,"N20","nominal","2.0NRT",287.21,0.74,"N"
"3630",33.75354,59.14391,308.26,0.35,0.56,"2026-09-15",2116,"N20","nominal","2.0NRT",285.45,0.73,"N"
"3631",33.6305,59.16774,306.09,0.34,0.56,"2026-09-15",2116,"N20","nominal","2.0NRT",289.04,0.99,"N"
"3632",32.33737,54.08348,301.16,0.67,0.73,"2026-09-15",2116,"N20","nominal","2.0NRT",288.34,1.64,"N"
"3633",32.33593,54.08505,300.48,0.67,0.73,"2026-09-15",2116,"N20","nominal","2.0NRT",288.37,1.5,"N"
"3634",31.85079,54.28429,313.05,0.64,0.72,"2026-09-15",2116,"N20","nominal","2.0NRT",293.11,2.13,"N"
"3635",31.62309,54.72311,301.44,0.6,0.71,"2026-09-15",2116,"N20","nominal","2.0NRT",291.41,0.98,"N"
"3636",30.75885,56.6562,303.43,0.46,0.63,"2026-09-15",2118,"N20","nominal","2.0NRT",290.63,1.97,"N"
"3637",30.66813,56.61709,299.66,0.46,0.63,"2026-09-15",2118,"N20","nominal","2.0NRT",287.91,0.58,"N"
"3638",30.37191,56.12389,301.18,0.49,0.65,"2026-09-15",2118,"N20","nominal","2.0NRT",287.84,1.03,"N"
"3639",30.38157,55.86081,301.05,0.5,0.66,"2026-09-15",2118,"N20","nominal","2.0NRT",288.64,0.69,"N"
"3640",30.3238,56.22305,302.11,0.48,0.65,"2026-09-15",2118,"N20","nominal","2.0NRT",287.92,1.14,"N"
"3641",30.32701,56.22226,305.35,0.48,0.65,"2026-09-15",2118,"N20","nominal","2.0NRT",287.59,0.8,"N"
"3642",30.234,56.90496,322.08,0.44,0.62,"2026-09-15",2118,"N20","nominal","2.0NRT",291.3,3.18,"N"
"3643",26.64374,79.47883,308.59,0.47,0.64,"2026-09-15",2118,"N20","nominal","2.0NRT",287.3,0.99,"N"
"3644",30.13475,55.122,298.8,0.56,0.69,"2026-09-15",2118,"N20","nominal","2.0NRT",285.71,0.96,"N"
"3645",30.08203,55.38884,300.65,0.54,0.68,"2026-09-15",2118,"N20","nominal","2.0NRT",289.13,1.43,"N"
"3646",28.42472,69.7008,323.17,0.4,0.37,"2026-09-15",2118,"N20","nominal","2.0NRT",297.87,3.97,"N"
"3647",29.99306,55.85569,326.66,0.5,0.66,"2026-09-15",2118,"N20","nominal","2.0NRT",285.69,6,"N"
"3648",29.99335,55.851,318.73,0.5,0.66,"2026-09-15",2118,"N20","nominal","2.0NRT",285.7,5.49,"N"
"3649",27.28961,73.841,309.22,0.42,0.45,"2026-09-15",2118,"N20","nominal","2.0NRT",293.69,2.45,"N"
"3650",29.51525,55.79395,299.56,0.5,0.66,"2026-09-15",2118,"N20","nominal","2.0NRT",288.3,0.68,"N"
"3651",61.54411,113.16671,332.85,0.63,0.72,"2026-09-15",2106,"N20","nominal","2.0NRT",268.87,6.63,"N"
"3652",61.54248,113.17322,334.56,0.63,0.72,"2026-09-15",2106,"N20","nominal","2.0NRT",268.2,8.4,"N"
"3653",61.46444,113.0013,306.13,0.63,0.72,"2026-09-15",2106,"N20","nominal","2.0NRT",266.31,1.49,"N"
"3654",61.46359,113.00528,313.36,0.63,0.72,"2026-09-15",2106,"N20","nominal","2.0NRT",266.45,2.07,"N"
"3655",61.40811,112.8849,367,0.63,0.72,"2026-09-15",2106,"N20","high","2.0NRT",266.27,8.38,"N"
"3656",61.40403,112.89306,309.04,0.63,0.72,"2026-09-15",2106,"N20","nominal","2.0NRT",267.33,8.38,"N"
"3657",29.26212,53.11311,299.28,0.72,0.76,"2026-09-15",2118,"N20","nominal","2.0NRT",284.7,3.86,"N"
"3658",61.35284,112.80632,367,0.63,0.72,"2026-09-15",2106,"N20","high","2.0NRT",273.62,56.72,"N"
"3659",69.27595,109.57001,302.36,0.43,0.46,"2026-09-15",2104,"N20","nominal","2.0NRT",269.16,1.86,"N"
"3660",61.34866,112.8147,317.15,0.63,0.72,"2026-09-15",2106,"N20","nominal","2.0NRT",282.52,61.07,"N"
"3661",61.34408,112.80459,348.68,0.63,0.72,"2026-09-15",2106,"N20","nominal","2.0NRT",276.62,37.98,"N"
"3662",29.25511,53.11257,330.94,0.72,0.76,"2026-09-15",2118,"N20","nominal","2.0NRT",286.07,3.86,"N"
"3663",61.34827,112.7962,314.72,0.63,0.72,"2026-09-15",2106,"N20","nominal","2.0NRT",267.64,20.22,"N"
"3664",69.27322,109.57806,308.55,0.43,0.46,"2026-09-15",2104,"N20","nominal","2.0NRT",270.78,1.86,"N"
"3665",29.25686,53.11479,339.74,0.72,0.76,"2026-09-15",2118,"N20","nominal","2.0NRT",288.09,5.91,"N"
"3666",70.45398,68.30293,298.67,0.59,0.53,"2026-09-15",2106,"N20","nominal","2.0NRT",275.46,1.57,"N"
"3667",69.27045,109.58624,297.93,0.43,0.46,"2026-09-15",2104,"N20","nominal","2.0NRT",268.68,1.76,"N"
"3668",70.45693,68.29684,299.29,0.59,0.53,"2026-09-15",2106,"N20","nominal","2.0NRT",275.65,1.24,"N"
"3669",28.85368,52.43279,341.52,0.79,0.78,"2026-09-15",2118,"N20","nominal","2.0NRT",288.13,5.08,"N"
"3670",70.40874,68.26754,339.76,0.59,0.53,"2026-09-15",2106,"N20","nominal","2.0NRT",275.81,7.82,"N"
"3671",69.27007,109.56996,298.68,0.43,0.46,"2026-09-15",2104,"N20","nominal","2.0NRT",269.68,1.66,"N"
"3672",70.39761,68.31263,311.54,0.58,0.52,"2026-09-15",2106,"N20","nominal","2.0NRT",275.04,1.95,"N"
"3673",28.84644,52.43215,327.05,0.79,0.78,"2026-09-15",2118,"N20","nominal","2.0NRT",287.25,4.83,"N"
"3674",71.68692,71.57059,317.32,0.51,0.49,"2026-09-15",2106,"N20","nominal","2.0NRT",278.03,3.46,"N"
"3675",61.25113,112.45711,296.56,0.63,0.72,"2026-09-15",2106,"N20","nominal","2.0NRT",265.63,1.62,"N"
"3676",28.85188,52.43502,348.32,0.79,0.78,"2026-09-15",2118,"N20","nominal","2.0NRT",289.79,11.18,"N"
"3677",60.92494,112.12312,367,0.64,0.72,"2026-09-15",2106,"N20","high","2.0NRT",284.24,41.39,"N"
"3678",71.68238,71.5686,335.63,0.51,0.49,"2026-09-15",2106,"N20","nominal","2.0NRT",277.32,3.46,"N"
"3679",60.92086,112.13139,330.92,0.64,0.72,"2026-09-15",2106,"N20","nominal","2.0NRT",270.15,34.98,"N"
"3680",24.93603,74.63187,305.27,0.51,0.5,"2026-09-15",2118,"N20","nominal","2.0NRT",288.39,1.22,"N"
"3681",60.92887,112.11514,295.66,0.64,0.72,"2026-09-15",2106,"N20","nominal","2.0NRT",266.99,41.39,"N"
"3682",70.44302,84.3549,304.03,0.43,0.38,"2026-09-15",2106,"N20","nominal","2.0NRT",263.45,0.74,"N"
"3683",27.693,52.22879,345.12,0.79,0.78,"2026-09-15",2118,"N20","nominal","2.0NRT",301.9,8.8,"N"
"3684",60.92014,112.11349,367,0.64,0.72,"2026-09-15",2106,"N20","high","2.0NRT",272.11,41.39,"N"
"3685",60.91615,112.12157,308.5,0.64,0.72,"2026-09-15",2106,"N20","nominal","2.0NRT",268.59,34.98,"N"
"3686",71.25973,72.05157,300.45,0.49,0.49,"2026-09-15",2106,"N20","nominal","2.0NRT",277.6,1.4,"N"
"3687",27.69339,52.22043,318.74,0.79,0.78,"2026-09-15",2118,"N20","nominal","2.0NRT",300.99,8.8,"N"
"3688",60.94718,112.02,343.04,0.63,0.72,"2026-09-15",2106,"N20","nominal","2.0NRT",269.13,6.01,"N"
"3689",71.25909,72.06541,315.46,0.49,0.49,"2026-09-15",2106,"N20","nominal","2.0NRT",278.21,1.58,"N"
"3690",27.68575,52.22809,321.51,0.79,0.78,"2026-09-15",2118,"N20","nominal","2.0NRT",301.44,10.96,"N"
"3691",68.412,83.62221,331.04,0.41,0.37,"2026-09-15",2106,"N20","nominal","2.0NRT",280.78,6.06,"N"
"3692",71.25816,72.06363,332.86,0.49,0.49,"2026-09-15",2106,"N20","nominal","2.0NRT",278.32,1.76,"N"
"3693",68.71406,80.52972,323.98,0.46,0.39,"2026-09-15",2106,"N20","nominal","2.0NRT",275.14,2.84,"N"
"3694",27.68538,52.23633,334.08,0.79,0.78,"2026-09-15",2118,"N20","nominal","2.0NRT",301.67,10.46,"N"
"3695",71.1426,72.28832,320.95,0.48,0.48,"2026-09-15",2106,"N20","nominal","2.0NRT",277.72,2.36,"N"
"3696",68.69059,80.60594,296.8,0.46,0.39,"2026-09-15",2106,"N20","nominal","2.0NRT",274.56,0.77,"N"
"3697",60.28907,111.64056,308.36,0.67,0.74,"2026-09-15",2106,"N20","nominal","2.0NRT",267.55,1.95,"N"
"3698",27.685,52.24462,340.13,0.79,0.78,"2026-09-15",2118,"N20","nominal","2.0NRT",302.3,10.46,"N"
"3699",71.14485,72.29618,317.99,0.48,0.48,"2026-09-15",2106,"N20","nominal","2.0NRT",275.36,2.11,"N"
"3700",68.2084,83.4561,325.59,0.41,0.37,"2026-09-15",2106,"N20","nominal","2.0NRT",275.75,2.4,"N"
"3701",27.42411,56.49858,310.96,0.43,0.62,"2026-09-15",2118,"N20","nominal","2.0NRT",296,0.73,"N"
"3702",71.13907,66.98566,295.46,0.63,0.54,"2026-09-15",2106,"N20","nominal","2.0NRT",274,1.18,"N"
"3703",60.28534,111.63874,309.89,0.67,0.74,"2026-09-15",2106,"N20","nominal","2.0NRT",267.71,1.85,"N"
"3704",27.54418,52.5806,324.54,0.75,0.77,"2026-09-15",2118,"N20","nominal","2.0NRT",300.31,8.4,"N"
"3705",68.52448,79.95384,341.57,0.46,0.39,"2026-09-15",2106,"N20","nominal","2.0NRT",280.27,10.08,"N"
"3706",69.37239,88.12321,330.72,0.39,0.36,"2026-09-15",2106,"N20","nominal","2.0NRT",280.36,2.8,"N"
"3707",69.26991,57.27904,325.71,0.54,0.68,"2026-09-15",2106,"N20","nominal","2.0NRT",281.22,4.3,"N"
"3708",27.52253,52.5846,352.02,0.75,0.77,"2026-09-15",2118,"N20","nominal","2.0NRT",300.6,17.22,"N"
"3709",69.37381,88.11402,306.13,0.39,0.36,"2026-09-15",2106,"N20","nominal","2.0NRT",276.16,2.8,"N"
"3710",69.26948,57.26508,315.69,0.54,0.68,"2026-09-15",2106,"N20","nominal","2.0NRT",280.01,3.35,"N"
"3711",27.5143,52.60822,326.29,0.75,0.77,"2026-09-15",2118,"N20","nominal","2.0NRT",300.42,10.09,"N"
"3712",69.36931,88.1194,325.55,0.39,0.36,"2026-09-15",2106,"N20","nominal","2.0NRT",278.8,2.8,"N"
"3713",67.8026,83.53088,295.22,0.41,0.37,"2026-09-15",2106,"N20","nominal","2.0NRT",272.93,0.41,"N"
"3714",27.5139,52.61673,350.63,0.75,0.77,"2026-09-15",2118,"N20","nominal","2.0NRT",300.8,10.09,"N"
"3715",69.37073,88.11021,299.34,0.39,0.36,"2026-09-15",2106,"N20","nominal","2.0NRT",276.93,2.8,"N"
"3716",67.79688,83.54628,298.95,0.41,0.37,"2026-09-15",2106,"N20","nominal","2.0NRT",274.98,0.66,"N"
"3717",27.50605,52.6322,325.9,0.75,0.77,"2026-09-15",2118,"N20","nominal","2.0NRT",300.4,14.05,"N"
"3718",67.79366,83.54322,306.03,0.41,0.37,"2026-09-15",2106,"N20","nominal","2.0NRT",273.01,0.66,"N"
"3719",69.36374,88.116,302.67,0.39,0.36,"2026-09-15",2106,"N20","nominal","2.0NRT",276.79,1.2,"N"
"3720",67.79013,83.48789,310.36,0.41,0.37,"2026-09-15",2106,"N20","nominal","2.0NRT",273.41,1.06,"N"
"3721",27.49038,52.96369,341.59,0.71,0.75,"2026-09-15",2118,"N20","nominal","2.0NRT",297.23,5.27,"N"
"3722",67.78889,83.49712,309.8,0.41,0.37,"2026-09-15",2106,"N20","nominal","2.0NRT",273.87,1.06,"N"
"3723",67.78269,83.54337,299.76,0.41,0.37,"2026-09-15",2106,"N20","nominal","2.0NRT",273.25,1.04,"N"
"3724",27.49073,52.95643,313.29,0.71,0.75,"2026-09-15",2118,"N20","nominal","2.0NRT",295.78,8.07,"N"
"3725",60.12299,110.75916,306.09,0.65,0.73,"2026-09-15",2106,"N20","nominal","2.0NRT",268.78,1.95,"N"
"3726",27.49863,52.63849,351.16,0.75,0.77,"2026-09-15",2118,"N20","nominal","2.0NRT",300.39,10.08,"N"
"3727",60.47796,109.87511,367,0.6,0.7,"2026-09-15",2106,"N20","high","2.0NRT",271.52,13.25,"N"
"3728",67.64951,83.20904,325.43,0.41,0.37,"2026-09-15",2106,"N20","nominal","2.0NRT",274.59,1.73,"N"
"3729",27.49825,52.64692,317.56,0.74,0.76,"2026-09-15",2118,"N20","nominal","2.0NRT",300.05,10.08,"N"
"3730",60.46917,109.71671,331.34,0.59,0.7,"2026-09-15",2106,"N20","nominal","2.0NRT",265.93,4.06,"N"
"3731",60.46551,109.72465,309.83,0.59,0.7,"2026-09-15",2106,"N20","nominal","2.0NRT",267.64,4.06,"N"
"3732",27.48339,52.96318,309.75,0.71,0.75,"2026-09-15",2118,"N20","nominal","2.0NRT",297.41,5.27,"N"
"3733",59.79011,110.86746,301.6,0.68,0.74,"2026-09-15",2106,"N20","nominal","2.0NRT",269.4,2.7,"N"
"3734",27.5188,52.58377,349.8,0.75,0.77,"2026-09-15",2118,"N20","nominal","2.0NRT",300.77,5.37,"N"
"3735",59.78576,110.87626,313.41,0.68,0.74,"2026-09-15",2106,"N20","nominal","2.0NRT",270.1,3.04,"N"
"3736",67.55172,83.20647,324.78,0.41,0.37,"2026-09-15",2106,"N20","nominal","2.0NRT",291.58,21.85,"N"
"3737",27.51749,52.60888,325.12,0.75,0.77,"2026-09-15",2118,"N20","nominal","2.0NRT",300.22,9.53,"N"
"3738",67.55048,83.21563,307.81,0.41,0.37,"2026-09-15",2106,"N20","nominal","2.0NRT",277.93,21.85,"N"
"3739",27.51701,52.61808,329.65,0.75,0.77,"2026-09-15",2118,"N20","nominal","2.0NRT",300.63,6.02,"N"
"3740",67.54847,83.20351,338.39,0.41,0.37,"2026-09-15",2106,"N20","nominal","2.0NRT",284.49,6.96,"N"
"3741",27.51838,52.59192,310.68,0.75,0.77,"2026-09-15",2118,"N20","nominal","2.0NRT",300.27,5.37,"N"
"3742",27.51002,52.61531,336.99,0.75,0.77,"2026-09-15",2118,"N20","nominal","2.0NRT",300.25,6.02,"N"
"3743",67.54724,83.21267,298.02,0.41,0.37,"2026-09-15",2106,"N20","nominal","2.0NRT",275.84,6.96,"N"
"3744",27.509,52.63496,323.18,0.75,0.77,"2026-09-15",2118,"N20","nominal","2.0NRT",300.34,2.32,"N"
"3745",59.78963,110.8803,329.83,0.68,0.74,"2026-09-15",2106,"N20","nominal","2.0NRT",270.82,3.44,"N"
"3746",27.4915,52.96326,310.38,0.71,0.75,"2026-09-15",2118,"N20","nominal","2.0NRT",296.34,2.26,"N"
"3747",60.21556,109.93034,307.19,0.62,0.71,"2026-09-15",2106,"N20","nominal","2.0NRT",266.89,1.92,"N"
"3748",27.50163,52.63961,344.25,0.74,0.76,"2026-09-15",2118,"N20","nominal","2.0NRT",300.46,11.55,"N"
"3749",67.85598,79.87614,328.07,0.46,0.39,"2026-09-15",2106,"N20","nominal","2.0NRT",274.14,4.82,"N"
"3750",27.50112,52.64942,323.12,0.74,0.76,"2026-09-15",2118,"N20","nominal","2.0NRT",299.96,7.65,"N"
"3751",27.48451,52.96278,353.88,0.71,0.75,"2026-09-15",2118,"N20","nominal","2.0NRT",298.06,15.25,"N"
"3752",67.85476,79.88061,321.92,0.46,0.39,"2026-09-15",2106,"N20","nominal","2.0NRT",273.44,2.34,"N"
"3753",27.17091,56.04518,328.96,0.46,0.63,"2026-09-15",2118,"N20","nominal","2.0NRT",297.22,5.2,"N"
"3754",67.85593,79.86998,317.51,0.46,0.39,"2026-09-15",2106,"N20","nominal","2.0NRT",271.98,2.34,"N"
"3755",27.17059,56.04982,350.78,0.46,0.63,"2026-09-15",2118,"N20","nominal","2.0NRT",297.46,8.13,"N"
"3756",67.81857,80.10367,295.08,0.45,0.39,"2026-09-15",2106,"N20","nominal","2.0NRT",274.39,0.75,"N"
"3757",27.1717,56.04867,349.49,0.46,0.63,"2026-09-15",2118,"N20","nominal","2.0NRT",297.13,8.02,"N"
"3758",67.8455,79.82751,322.36,0.46,0.39,"2026-09-15",2106,"N20","nominal","2.0NRT",274.06,2.7,"N"
"3759",27.17135,56.05327,320.55,0.46,0.63,"2026-09-15",2118,"N20","nominal","2.0NRT",297.24,5.48,"N"
"3760",68.61904,57.95775,309.11,0.52,0.67,"2026-09-15",2106,"N20","nominal","2.0NRT",278.22,1.1,"N"
"3761",27.16196,56.0989,319.27,0.45,0.63,"2026-09-15",2118,"N20","nominal","2.0NRT",297.69,2.13,"N"
"3762",68.61285,57.95974,297.45,0.52,0.67,"2026-09-15",2106,"N20","nominal","2.0NRT",279.53,1.1,"N"
"3763",25.97563,56.06556,316.28,0.44,0.63,"2026-09-15",2118,"N20","nominal","2.0NRT",299.35,3.74,"N"
"3764",68.60092,57.97853,335.2,0.52,0.67,"2026-09-15",2106,"N20","nominal","2.0NRT",279.44,4.07,"N"
"3765",25.96984,56.06498,315.03,0.44,0.63,"2026-09-15",2118,"N20","nominal","2.0NRT",300.03,3.77,"N"
"3766",68.6154,57.96473,313.92,0.52,0.67,"2026-09-15",2106,"N20","nominal","2.0NRT",280.02,2.53,"N"
"3767",22.68412,75.71892,303.7,0.33,0.56,"2026-09-15",2118,"N20","nominal","2.0NRT",287.61,0.51,"N"
"3768",68.60307,57.96996,303.2,0.52,0.67,"2026-09-15",2106,"N20","nominal","2.0NRT",279.16,2.58,"N"
"3769",25.57185,55.98493,311.7,0.44,0.63,"2026-09-15",2118,"N20","nominal","2.0NRT",298.44,2.15,"N"
"3770",68.60343,57.98347,317.86,0.52,0.67,"2026-09-15",2106,"N20","nominal","2.0NRT",279.77,3.05,"N"
"3771",25.31171,56.37,311.89,0.42,0.61,"2026-09-15",2121,"N20","nominal","2.0NRT",298.9,0.91,"N"
"3772",68.04679,76.38554,327.01,0.54,0.42,"2026-09-15",2106,"N20","nominal","2.0NRT",276.47,4.74,"N"
"3773",25.53172,53.13707,333.84,0.67,0.73,"2026-09-15",2121,"N20","nominal","2.0NRT",300.64,18.57,"N"
"3774",67.2756,83.20589,323.33,0.4,0.37,"2026-09-15",2106,"N20","nominal","2.0NRT",280.73,12.29,"N"
"3775",25.53131,53.14384,351.87,0.67,0.73,"2026-09-15",2121,"N20","nominal","2.0NRT",303.11,29,"N"
"3776",67.2845,83.03193,316.36,0.41,0.37,"2026-09-15",2106,"N20","nominal","2.0NRT",276.45,0.88,"N"
"3777",25.51088,53.14209,334.57,0.67,0.73,"2026-09-15",2121,"N20","nominal","2.0NRT",300.74,4.68,"N"
"3778",67.28329,83.04096,304.14,0.41,0.37,"2026-09-15",2106,"N20","nominal","2.0NRT",275.16,0.88,"N"
"3779",25.50916,53.14633,331.3,0.67,0.73,"2026-09-15",2121,"N20","nominal","2.0NRT",301.35,2.76,"N"
"3780",67.28126,83.02899,326.43,0.41,0.37,"2026-09-15",2106,"N20","nominal","2.0NRT",276.8,6.9,"N"
"3781",25.5096,53.13958,311.97,0.67,0.73,"2026-09-15",2121,"N20","nominal","2.0NRT",301.08,2.76,"N"
"3782",67.28004,83.03804,311.79,0.41,0.37,"2026-09-15",2106,"N20","nominal","2.0NRT",277.7,6.9,"N"
"3783",25.4309,52.72771,333.63,0.71,0.75,"2026-09-15",2121,"N20","nominal","2.0NRT",301.91,4.93,"N"
"3784",60.1522,109.09354,344.17,0.59,0.7,"2026-09-15",2106,"N20","nominal","2.0NRT",269.74,14.41,"N"
"3785",22.26368,75.13278,306.69,0.63,0.54,"2026-09-15",2121,"N20","nominal","2.0NRT",288.85,1.51,"N"
"3786",60.14848,109.10165,350.36,0.59,0.7,"2026-09-15",2106,"N20","nominal","2.0NRT",274.51,14.41,"N"
"3787",21.33772,78.96626,301.66,0.57,0.69,"2026-09-15",2121,"N20","nominal","2.0NRT",286.31,0.78,"N"
"3788",60.14384,109.09248,324.99,0.59,0.7,"2026-09-15",2106,"N20","nominal","2.0NRT",270.12,3.01,"N"
"3789",21.25378,79.20564,305.03,0.6,0.7,"2026-09-15",2121,"N20","nominal","2.0NRT",286.63,0.67,"N"
"3790",60.14752,109.08444,301.57,0.59,0.7,"2026-09-15",2106,"N20","nominal","2.0NRT",269.24,3.01,"N"
"3791",25.18023,52.86364,322.01,0.69,0.74,"2026-09-15",2121,"N20","nominal","2.0NRT",301.43,13.23,"N"
"3792",67.97193,75.50066,296.84,0.56,0.43,"2026-09-15",2106,"N20","nominal","2.0NRT",273.75,0.81,"N"
"3793",25.17983,52.87061,354.31,0.69,0.74,"2026-09-15",2121,"N20","nominal","2.0NRT",304.25,13.23,"N"
"3794",67.89471,75.76785,296.22,0.55,0.43,"2026-09-15",2106,"N20","nominal","2.0NRT",274.07,0.7,"N"
"3795",25.17944,52.87758,315.25,0.69,0.74,"2026-09-15",2121,"N20","nominal","2.0NRT",301.68,14.62,"N"
"3796",59.81084,109.42241,326.8,0.63,0.72,"2026-09-15",2106,"N20","nominal","2.0NRT",266.37,11.94,"N"
"3797",25.17333,52.86304,351.33,0.69,0.74,"2026-09-15",2121,"N20","nominal","2.0NRT",301.85,13.23,"N"
"3798",59.80702,109.43056,354.65,0.63,0.72,"2026-09-15",2106,"N20","nominal","2.0NRT",272.77,11.94,"N"
"3799",25.17294,52.87001,350.79,0.69,0.74,"2026-09-15",2121,"N20","nominal","2.0NRT",302.88,13.23,"N"
"3800",67.19714,81.9837,325.68,0.42,0.37,"2026-09-15",2106,"N20","nominal","2.0NRT",272.13,4.25,"N"
"3801",25.17956,52.86977,367,0.69,0.74,"2026-09-15",2121,"N20","high","2.0NRT",303.84,16.16,"N"
"3802",67.19595,81.993,320.07,0.42,0.37,"2026-09-15",2106,"N20","nominal","2.0NRT",274.21,4.25,"N"
"3803",25.17912,52.87673,322.03,0.69,0.74,"2026-09-15",2121,"N20","nominal","2.0NRT",301.7,16.16,"N"
"3804",59.80945,109.42809,367,0.63,0.72,"2026-09-15",2106,"N20","high","2.0NRT",268.78,18.8,"N"
"3805",25.18,52.8628,311.81,0.69,0.74,"2026-09-15",2121,"N20","nominal","2.0NRT",301.35,13.41,"N"
"3806",67.81573,72.51708,299.73,0.44,0.46,"2026-09-15",2106,"N20","nominal","2.0NRT",275.22,0.8,"N"
"3807",25.1731,52.86223,328.14,0.69,0.74,"2026-09-15",2121,"N20","nominal","2.0NRT",301.44,27.49,"N"
"3808",67.81151,72.51522,304.59,0.44,0.46,"2026-09-15",2106,"N20","nominal","2.0NRT",276.89,0.8,"N"
"3809",25.17267,52.8692,352.58,0.69,0.74,"2026-09-15",2121,"N20","nominal","2.0NRT",302.68,19.16,"N"
"3810",67.81084,72.52564,300.67,0.44,0.46,"2026-09-15",2106,"N20","nominal","2.0NRT",277.9,1.3,"N"
"3811",25.16621,52.86166,354.76,0.69,0.74,"2026-09-15",2121,"N20","nominal","2.0NRT",307.92,27.49,"N"
"3812",67.80795,72.50291,344.75,0.44,0.46,"2026-09-15",2106,"N20","nominal","2.0NRT",285.35,107.59,"N"
"3813",25.16577,52.86871,354.85,0.69,0.74,"2026-09-15",2121,"N20","nominal","2.0NRT",303.97,19.16,"N"
"3814",67.80728,72.51326,333.57,0.44,0.46,"2026-09-15",2106,"N20","nominal","2.0NRT",318.41,107.59,"N"
"3815",25.16533,52.87568,320.43,0.69,0.74,"2026-09-15",2121,"N20","nominal","2.0NRT",302.62,19.16,"N"
"3816",67.80662,72.52377,314.42,0.44,0.46,"2026-09-15",2106,"N20","nominal","2.0NRT",303.21,28.06,"N"
"3817",25.16664,52.85468,314.26,0.69,0.74,"2026-09-15",2121,"N20","nominal","2.0NRT",301.76,27.49,"N"
"3818",67.80596,72.5341,302.97,0.44,0.46,"2026-09-15",2106,"N20","nominal","2.0NRT",278.19,28.06,"N"
"3819",67.80372,72.50098,330.04,0.44,0.46,"2026-09-15",2106,"N20","nominal","2.0NRT",308.74,107.59,"N"
"3820",24.90741,53.72514,356.08,0.61,0.71,"2026-09-15",2121,"N20","nominal","2.0NRT",297.09,10.76,"N"
"3821",67.80307,72.51136,332.35,0.44,0.46,"2026-09-15",2106,"N20","nominal","2.0NRT",305.64,107.59,"N"
"3822",24.90699,53.73123,321.18,0.6,0.71,"2026-09-15",2121,"N20","nominal","2.0NRT",294.49,10.76,"N"
"3823",67.80239,72.52187,320.68,0.44,0.46,"2026-09-15",2106,"N20","nominal","2.0NRT",285,28.06,"N"
"3824",24.90783,53.71905,315.37,0.61,0.71,"2026-09-15",2121,"N20","nominal","2.0NRT",294.25,11.76,"N"
"3825",67.80437,72.49061,299.56,0.44,0.46,"2026-09-15",2106,"N20","nominal","2.0NRT",281.32,2.55,"N"
"3826",24.83632,53.49458,367,0.63,0.72,"2026-09-15",2121,"N20","high","2.0NRT",295.29,12.74,"N"
"3827",67.7995,72.49911,308.22,0.44,0.46,"2026-09-15",2106,"N20","nominal","2.0NRT",280.25,1.42,"N"
"3828",24.83593,53.50088,347.45,0.62,0.72,"2026-09-15",2121,"N20","nominal","2.0NRT",296.42,12.74,"N"
"3829",67.79884,72.50948,303.78,0.44,0.46,"2026-09-15",2106,"N20","nominal","2.0NRT",281.05,1.42,"N"
"3830",24.88138,53.06995,309.18,0.66,0.73,"2026-09-15",2121,"N20","nominal","2.0NRT",296.77,0.44,"N"
"3831",59.84186,108.4034,309.14,0.59,0.7,"2026-09-15",2106,"N20","nominal","2.0NRT",264.99,2.43,"N"
"3832",24.83882,53.49524,353.98,0.62,0.72,"2026-09-15",2121,"N20","nominal","2.0NRT",294.82,13.67,"N"
"3833",59.84416,108.41141,295.07,0.59,0.7,"2026-09-15",2106,"N20","nominal","2.0NRT",265.1,1.29,"N"
"3834",24.83839,53.50151,347.21,0.62,0.72,"2026-09-15",2121,"N20","nominal","2.0NRT",296.84,14.21,"N"
"3835",66.9388,80.73922,313.51,0.43,0.38,"2026-09-15",2106,"N20","nominal","2.0NRT",277.57,1.43,"N"
"3836",24.80272,53.72794,367,0.6,0.71,"2026-09-15",2121,"N20","high","2.0NRT",294.97,13.88,"N"
"3837",59.81529,108.147,300.08,0.58,0.7,"2026-09-15",2106,"N20","nominal","2.0NRT",267.11,1.92,"N"
"3838",24.80229,53.734,315.72,0.6,0.71,"2026-09-15",2121,"N20","nominal","2.0NRT",293.2,5.71,"N"
"3839",59.78646,108.19169,354.55,0.58,0.7,"2026-09-15",2106,"N20","nominal","2.0NRT",270.42,7.44,"N"
"3840",24.50681,56.60484,349.13,0.39,0.6,"2026-09-15",2121,"N20","nominal","2.0NRT",300.23,5.99,"N"
"3841",59.81042,108.1386,312.11,0.58,0.7,"2026-09-15",2106,"N20","nominal","2.0NRT",266.41,3.26,"N"
"3842",24.50814,56.58915,309.73,0.4,0.6,"2026-09-15",2121,"N20","nominal","2.0NRT",298.51,1.2,"N"
"3843",59.81371,108.14388,324.81,0.58,0.7,"2026-09-15",2106,"N20","nominal","2.0NRT",267.52,5.42,"N"
"3844",24.50163,56.60028,311.47,0.39,0.6,"2026-09-15",2121,"N20","nominal","2.0NRT",298.56,3.98,"N"
"3845",59.78993,108.19733,322.5,0.58,0.7,"2026-09-15",2106,"N20","nominal","2.0NRT",268.96,2.76,"N"
"3846",24.50649,56.60511,348.77,0.39,0.6,"2026-09-15",2121,"N20","nominal","2.0NRT",299.87,6.02,"N"
"3847",59.78507,108.18885,341.56,0.58,0.7,"2026-09-15",2106,"N20","nominal","2.0NRT",267.71,4.62,"N"
"3848",24.50793,56.58944,310.43,0.39,0.6,"2026-09-15",2121,"N20","nominal","2.0NRT",299.05,0.92,"N"
"3849",67.83968,58.9206,320.75,0.49,0.65,"2026-09-15",2106,"N20","nominal","2.0NRT",279.79,2.15,"N"
"3850",24.50685,56.60118,312,0.39,0.6,"2026-09-15",2121,"N20","nominal","2.0NRT",299.37,3.38,"N"
"3851",67.28806,75.11363,327.05,0.56,0.43,"2026-09-15",2106,"N20","nominal","2.0NRT",275.48,3.39,"N"
"3852",24.48375,56.61051,344.26,0.39,0.6,"2026-09-15",2121,"N20","nominal","2.0NRT",298.86,4.48,"N"
"3853",66.73286,80.42154,335.15,0.43,0.38,"2026-09-15",2106,"N20","nominal","2.0NRT",277.11,4.69,"N"
"3854",24.46652,56.61658,320.53,0.39,0.6,"2026-09-15",2121,"N20","nominal","2.0NRT",299.24,1.8,"N"
"3855",66.717,80.49249,333.79,0.43,0.38,"2026-09-15",2106,"N20","nominal","2.0NRT",277.68,4.34,"N"
"3856",24.4559,56.54847,312.25,0.4,0.6,"2026-09-15",2121,"N20","nominal","2.0NRT",298.41,1.02,"N"
"3857",66.70802,80.44406,328.09,0.43,0.38,"2026-09-15",2106,"N20","nominal","2.0NRT",284.17,18.89,"N"
"3858",24.51457,54.01486,327.93,0.58,0.69,"2026-09-15",2121,"N20","nominal","2.0NRT",299.88,3.06,"N"
"3859",66.67029,80.45023,329.55,0.43,0.38,"2026-09-15",2106,"N20","nominal","2.0NRT",282.48,5.62,"N"
"3860",24.51362,54.00989,323.54,0.58,0.69,"2026-09-15",2121,"N20","nominal","2.0NRT",299.12,2.98,"N"
"3861",66.66125,80.46394,328.24,0.43,0.38,"2026-09-15",2106,"N20","nominal","2.0NRT",280.16,9.26,"N"
"3862",24.51319,54.01566,328.08,0.57,0.69,"2026-09-15",2121,"N20","nominal","2.0NRT",299.94,2.98,"N"
"3863",67.66418,60.50369,305.33,0.45,0.63,"2026-09-15",2106,"N20","nominal","2.0NRT",277.84,0.99,"N"
"3864",22.33068,69.75075,301.6,0.46,0.39,"2026-09-15",2121,"N20","nominal","2.0NRT",287.42,1.32,"N"
"3865",66.60157,80.40805,326.54,0.43,0.38,"2026-09-15",2106,"N20","nominal","2.0NRT",277.58,3.79,"N"
"3866",24.14247,52.68456,312.43,0.69,0.74,"2026-09-15",2121,"N20","nominal","2.0NRT",299.96,5.34,"N"
"3867",66.86929,77.75597,337.52,0.48,0.4,"2026-09-15",2106,"N20","nominal","2.0NRT",282.63,37.14,"N"
"3868",24.13465,52.69788,310.96,0.69,0.74,"2026-09-15",2121,"N20","nominal","2.0NRT",297.96,4.55,"N"
"3869",67.01643,76.18732,310.45,0.52,0.42,"2026-09-15",2106,"N20","nominal","2.0NRT",273.79,1.54,"N"
"3870",23.85336,53.645,322.23,0.6,0.7,"2026-09-15",2121,"N20","nominal","2.0NRT",297.2,4.96,"N"
"3871",66.87197,77.75057,327.96,0.48,0.4,"2026-09-15",2106,"N20","nominal","2.0NRT",281.48,26.96,"N"
"3872",23.8464,53.65038,319.63,0.6,0.7,"2026-09-15",2121,"N20","nominal","2.0NRT",296.86,3.17,"N"
"3873",66.87086,77.76141,308.12,0.48,0.4,"2026-09-15",2106,"N20","nominal","2.0NRT",275.86,11.77,"N"
"3874",23.83546,53.61965,367,0.6,0.71,"2026-09-15",2121,"N20","high","2.0NRT",297.73,11.69,"N"
"3875",67.01456,76.19162,312.03,0.52,0.42,"2026-09-15",2106,"N20","nominal","2.0NRT",275.59,1.22,"N"
"3876",23.82367,53.60021,315,0.6,0.71,"2026-09-15",2121,"N20","nominal","2.0NRT",296.18,2.09,"N"
"3877",59.42628,107.81161,303.57,0.59,0.7,"2026-09-15",2106,"N20","nominal","2.0NRT",268.64,0.93,"N"
"3878",23.82325,53.60617,308.67,0.6,0.71,"2026-09-15",2121,"N20","nominal","2.0NRT",296.6,2.09,"N"
"3879",66.96006,75.53755,325.37,0.54,0.42,"2026-09-15",2106,"N20","nominal","2.0NRT",277.91,3.14,"N"
"3880",23.36532,56.28005,309.41,0.4,0.6,"2026-09-15",2121,"N20","nominal","2.0NRT",297.03,0.85,"N"
"3881",66.96085,75.5323,302.64,0.54,0.42,"2026-09-15",2106,"N20","nominal","2.0NRT",275.42,33.85,"N"
"3882",23.5495,53.32257,367,0.62,0.72,"2026-09-15",2121,"N20","high","2.0NRT",298.77,13.25,"N"
"3883",66.95979,75.54458,309.4,0.54,0.42,"2026-09-15",2106,"N20","nominal","2.0NRT",277.65,33.59,"N"
"3884",23.54994,53.31635,314.36,0.62,0.72,"2026-09-15",2121,"N20","nominal","2.0NRT",297.35,10.04,"N"
"3885",66.95702,75.53014,333.08,0.54,0.42,"2026-09-15",2106,"N20","nominal","2.0NRT",281.29,33.85,"N"
"3886",66.95596,75.5424,313.89,0.54,0.42,"2026-09-15",2106,"N20","nominal","2.0NRT",295.33,33.59,"N"
"3887",23.53265,53.2772,337.37,0.63,0.72,"2026-09-15",2121,"N20","nominal","2.0NRT",296.85,13.9,"N"
"3888",66.90646,75.60429,345.37,0.54,0.42,"2026-09-15",2106,"N20","nominal","2.0NRT",281.44,25.51,"N"
"3889",23.53222,53.28344,352.97,0.63,0.72,"2026-09-15",2121,"N20","nominal","2.0NRT",299.65,25.89,"N"
"3890",66.69063,77.31434,297.01,0.49,0.4,"2026-09-15",2106,"N20","nominal","2.0NRT",275.66,0.74,"N"
"3891",23.52557,53.28284,353.78,0.63,0.72,"2026-09-15",2121,"N20","nominal","2.0NRT",297.99,13.73,"N"
"3892",66.6855,77.31738,315.9,0.49,0.4,"2026-09-15",2106,"N20","nominal","2.0NRT",278.33,1.98,"N"
"3893",23.526,53.27659,319.29,0.63,0.72,"2026-09-15",2121,"N20","nominal","2.0NRT",296.99,8.98,"N"
"3894",66.66258,77.31453,324.51,0.49,0.4,"2026-09-15",2106,"N20","nominal","2.0NRT",276.97,3.41,"N"
"3895",23.52821,53.27821,367,0.63,0.72,"2026-09-15",2121,"N20","high","2.0NRT",297.37,30.34,"N"
"3896",66.66168,76.8448,337.46,0.5,0.41,"2026-09-15",2106,"N20","nominal","2.0NRT",276.6,4.23,"N"
"3897",23.52773,53.28445,343.42,0.63,0.72,"2026-09-15",2121,"N20","nominal","2.0NRT",300.6,30.34,"N"
"3898",66.55106,76.70039,311.81,0.5,0.41,"2026-09-15",2108,"N20","nominal","2.0NRT",274.94,0.83,"N"
"3899",23.31137,54.17603,309.91,0.55,0.68,"2026-09-15",2121,"N20","nominal","2.0NRT",296.98,3.17,"N"
"3900",66.4247,77.08334,328.73,0.49,0.4,"2026-09-15",2108,"N20","nominal","2.0NRT",278.73,10.54,"N"
"3901",23.31489,54.17031,308.28,0.55,0.68,"2026-09-15",2121,"N20","nominal","2.0NRT",298.03,2.28,"N"
"3902",66.33084,77.82648,307.67,0.47,0.4,"2026-09-15",2108,"N20","nominal","2.0NRT",274.88,0.81,"N"
"3903",23.31446,54.17576,315.92,0.55,0.68,"2026-09-15",2121,"N20","nominal","2.0NRT",296.98,2.09,"N"
"3904",66.31266,76.99698,328.34,0.49,0.4,"2026-09-15",2108,"N20","nominal","2.0NRT",279.84,10,"N"
"3905",23.19505,55.45535,317.64,0.45,0.63,"2026-09-15",2121,"N20","nominal","2.0NRT",294.21,3.4,"N"
"3906",66.32066,76.79427,310.16,0.5,0.41,"2026-09-15",2108,"N20","nominal","2.0NRT",277.64,1.58,"N"
"3907",23.19466,55.45981,308.17,0.45,0.63,"2026-09-15",2121,"N20","nominal","2.0NRT",293.67,2.34,"N"
"3908",66.18741,77.68774,326.76,0.47,0.4,"2026-09-15",2108,"N20","nominal","2.0NRT",280.09,3.05,"N"
"3909",22.92989,55.80139,323.2,0.43,0.62,"2026-09-15",2121,"N20","nominal","2.0NRT",294.44,1.89,"N"
"3910",66.28069,76.76293,312.11,0.5,0.41,"2026-09-15",2108,"N20","nominal","2.0NRT",276.77,1.47,"N"
"3911",22.87918,55.92179,323.55,0.42,0.61,"2026-09-15",2121,"N20","nominal","2.0NRT",292.93,1.32,"N"
"3912",66.27703,76.76073,306.49,0.5,0.41,"2026-09-15",2108,"N20","nominal","2.0NRT",277.46,1.47,"N"
"3913",22.87882,55.92591,311.77,0.42,0.61,"2026-09-15",2121,"N20","nominal","2.0NRT",293.58,1.32,"N"
"3914",66.19896,77.23792,326.49,0.48,0.4,"2026-09-15",2108,"N20","nominal","2.0NRT",278.41,2.94,"N"
"3915",22.8815,55.92283,323.57,0.42,0.61,"2026-09-15",2121,"N20","nominal","2.0NRT",292.77,1.57,"N"
"3916",66.33716,75.46849,300.38,0.53,0.42,"2026-09-15",2108,"N20","nominal","2.0NRT",276.36,1.17,"N"
"3917",22.88111,55.92695,307.92,0.42,0.61,"2026-09-15",2121,"N20","nominal","2.0NRT",293.13,1.57,"N"
"3918",66.1283,77.31307,310.88,0.48,0.4,"2026-09-15",2108,"N20","nominal","2.0NRT",275.46,0.87,"N"
"3919",22.87582,55.61135,322.25,0.44,0.62,"2026-09-15",2121,"N20","nominal","2.0NRT",294.75,1.91,"N"
"3920",66.11196,77.05611,311.55,0.49,0.4,"2026-09-15",2108,"N20","nominal","2.0NRT",276.35,1.88,"N"
"3921",22.78304,55.811,312.6,0.42,0.61,"2026-09-15",2121,"N20","nominal","2.0NRT",293.87,1.17,"N"
"3922",66.10652,76.83713,300.6,0.49,0.4,"2026-09-15",2108,"N20","nominal","2.0NRT",278.68,0.8,"N"
"3923",22.7863,55.81126,307.13,0.42,0.61,"2026-09-15",2121,"N20","nominal","2.0NRT",293.97,1.25,"N"
"3924",66.09818,76.84341,326.67,0.49,0.4,"2026-09-15",2108,"N20","nominal","2.0NRT",280.07,3.47,"N"
"3925",22.67209,56.24644,314.63,0.4,0.6,"2026-09-15",2121,"N20","nominal","2.0NRT",292.26,1.63,"N"
"3926",66.09714,76.85419,305.44,0.49,0.4,"2026-09-15",2108,"N20","nominal","2.0NRT",279.84,3.47,"N"
"3927",22.40514,56.98695,331.89,0.35,0.57,"2026-09-15",2121,"N20","nominal","2.0NRT",288.37,2.18,"N"
"3928",66.05439,77.00226,298.14,0.49,0.4,"2026-09-15",2108,"N20","nominal","2.0NRT",277.42,1.24,"N"
"3929",22.34768,56.43063,336.23,0.38,0.59,"2026-09-15",2121,"N20","nominal","2.0NRT",292.12,3.21,"N"
"3930",66.05332,77.01286,299.29,0.49,0.4,"2026-09-15",2108,"N20","nominal","2.0NRT",278.33,1.26,"N"
"3931",22.33117,56.48874,321.55,0.38,0.59,"2026-09-15",2121,"N20","nominal","2.0NRT",291.08,2.72,"N"
"3932",58.4519,107.59961,367,0.65,0.73,"2026-09-15",2108,"N20","high","2.0NRT",274.01,17.58,"N"
"3933",22.33152,56.48502,311.74,0.38,0.59,"2026-09-15",2121,"N20","nominal","2.0NRT",290.92,2.49,"N"
"3934",58.44762,107.60905,327.69,0.65,0.73,"2026-09-15",2108,"N20","nominal","2.0NRT",272.66,13.58,"N"
"3935",22.54261,53.9143,367,0.56,0.69,"2026-09-15",2121,"N20","high","2.0NRT",296.63,12.89,"N"
"3936",58.42818,107.5731,335.71,0.65,0.73,"2026-09-15",2108,"N20","nominal","2.0NRT",274.04,6.56,"N"
"3937",22.5422,53.9195,305.86,0.56,0.69,"2026-09-15",2121,"N20","nominal","2.0NRT",295.62,7.3,"N"
"3938",58.42421,107.58181,327.22,0.65,0.73,"2026-09-15",2108,"N20","nominal","2.0NRT",276.25,6.56,"N"
"3939",21.93978,57.07221,341.33,0.34,0.56,"2026-09-15",2121,"N20","nominal","2.0NRT",293.17,3.11,"N"
"3940",65.97663,76.68958,304.81,0.49,0.41,"2026-09-15",2108,"N20","nominal","2.0NRT",279.2,1.39,"N"
"3941",21.89309,56.84504,322.55,0.35,0.57,"2026-09-15",2121,"N20","nominal","2.0NRT",292.6,1.41,"N"
"3942",58.48581,107.02058,343.47,0.63,0.72,"2026-09-15",2108,"N20","nominal","2.0NRT",267.75,6.9,"N"
"3943",21.83449,56.67793,324.43,0.36,0.58,"2026-09-15",2121,"N20","nominal","2.0NRT",290.24,1.5,"N"
"3944",21.83586,56.67881,324.29,0.36,0.58,"2026-09-15",2121,"N20","nominal","2.0NRT",290.25,1.72,"N"
"3945",58.48222,107.02855,332.58,0.63,0.72,"2026-09-15",2108,"N20","nominal","2.0NRT",272.65,6.9,"N"
"3946",21.70716,56.47028,304.9,0.37,0.58,"2026-09-15",2121,"N20","nominal","2.0NRT",289.89,0.49,"N"
"3947",65.86137,76.9578,316.01,0.49,0.4,"2026-09-15",2108,"N20","nominal","2.0NRT",276.73,0.91,"N"
"3948",21.46594,56.96592,304.33,0.34,0.56,"2026-09-15",2121,"N20","nominal","2.0NRT",289.23,0.35,"N"
"3949",65.85774,76.95564,333.47,0.49,0.4,"2026-09-15",2108,"N20","nominal","2.0NRT",279.03,7.44,"N"
"3950",21.33565,57.72334,309.53,0.61,0.54,"2026-09-15",2121,"N20","nominal","2.0NRT",288.95,1.6,"N"
"3951",65.85957,76.96066,321.56,0.48,0.4,"2026-09-15",2108,"N20","nominal","2.0NRT",280.38,4.29,"N"
"3952",21.32085,57.72137,311.81,0.61,0.54,"2026-09-15",2121,"N20","nominal","2.0NRT",289.39,1.91,"N"
"3953",65.86065,76.95016,302.68,0.49,0.4,"2026-09-15",2108,"N20","nominal","2.0NRT",277.15,4.29,"N"
"3954",21.31406,57.73861,310.21,0.61,0.54,"2026-09-15",2121,"N20","nominal","2.0NRT",289.66,2.06,"N"
"3955",58.48544,107.02315,367,0.63,0.72,"2026-09-15",2108,"N20","high","2.0NRT",269.06,11.55,"N"
"3956",21.31345,57.74452,314.98,0.61,0.53,"2026-09-15",2121,"N20","nominal","2.0NRT",289.84,2.06,"N"
"3957",58.48187,107.0312,309.9,0.63,0.72,"2026-09-15",2108,"N20","nominal","2.0NRT",270.22,9.11,"N"
"3958",21.30303,57.79684,309.31,0.61,0.53,"2026-09-15",2121,"N20","nominal","2.0NRT",288.73,0.87,"N"
"3959",65.8448,76.84027,300.53,0.49,0.4,"2026-09-15",2108,"N20","nominal","2.0NRT",277.22,1.53,"N"
"3960",21.31943,57.72058,308.54,0.61,0.54,"2026-09-15",2121,"N20","nominal","2.0NRT",289.22,1.56,"N"
"3961",65.8271,76.86304,309.76,0.49,0.4,"2026-09-15",2108,"N20","nominal","2.0NRT",278.54,1.1,"N"
"3962",21.31678,57.7443,305.78,0.61,0.53,"2026-09-15",2121,"N20","nominal","2.0NRT",289.73,0.93,"N"
"3963",65.33692,81.00381,303.28,0.41,0.37,"2026-09-15",2108,"N20","nominal","2.0NRT",277.56,0.75,"N"
"3964",21.31186,57.74369,315.64,0.61,0.53,"2026-09-15",2121,"N20","nominal","2.0NRT",290.12,2.56,"N"
"3965",65.33363,81.00131,295.99,0.41,0.37,"2026-09-15",2108,"N20","nominal","2.0NRT",277.84,0.41,"N"
"3966",21.30598,57.79652,307.33,0.61,0.53,"2026-09-15",2121,"N20","nominal","2.0NRT",288.72,1.22,"N"
"3967",66.20052,70.98336,316.82,0.46,0.47,"2026-09-15",2108,"N20","nominal","2.0NRT",275.74,1.84,"N"
"3968",21.30594,57.70676,306.74,0.61,0.54,"2026-09-15",2121,"N20","nominal","2.0NRT",289.5,0.61,"N"
"3969",66.19991,70.9936,302.58,0.46,0.47,"2026-09-15",2108,"N20","nominal","2.0NRT",278.31,1.49,"N"
"3970",18.69124,73.03762,302.05,0.54,0.51,"2026-09-15",2121,"N20","nominal","2.0NRT",289.65,1.95,"N"
"3971",58.29559,106.92252,329.94,0.64,0.72,"2026-09-15",2108,"N20","nominal","2.0NRT",267.65,3.88,"N"
"3972",18.68764,73.03162,309.3,0.54,0.51,"2026-09-15",2121,"N20","nominal","2.0NRT",289.84,2.24,"N"
"3973",58.09472,106.5598,323.73,0.64,0.72,"2026-09-15",2108,"N20","nominal","2.0NRT",254.21,4.98,"N"
"3974",18.68665,73.03661,303.15,0.54,0.51,"2026-09-15",2121,"N20","nominal","2.0NRT",290.21,1.95,"N"
"3975",65.24584,73.62106,302.69,0.57,0.43,"2026-09-15",2108,"N20","nominal","2.0NRT",279.14,1.6,"N"
"3976",18.68306,73.03061,306.61,0.54,0.51,"2026-09-15",2121,"N20","nominal","2.0NRT",289.79,1.71,"N"
"3977",65.24191,73.61919,316.16,0.57,0.43,"2026-09-15",2108,"N20","nominal","2.0NRT",279.3,1.6,"N"
"3978",18.68207,73.03561,317.4,0.54,0.51,"2026-09-15",2121,"N20","nominal","2.0NRT",290.27,4.17,"N"
"3979",64.84878,77.25446,314.5,0.46,0.39,"2026-09-15",2108,"N20","nominal","2.0NRT",279.97,1.51,"N"
"3980",21.00483,56.52927,354.11,0.36,0.58,"2026-09-15",2121,"N20","nominal","2.0NRT",292.92,4.92,"N"
"3981",64.84844,77.25826,326.59,0.46,0.39,"2026-09-15",2108,"N20","nominal","2.0NRT",279.73,3.18,"N"
"3982",21.00614,56.53017,321.97,0.36,0.58,"2026-09-15",2121,"N20","nominal","2.0NRT",292.25,2.21,"N"
"3983",64.90643,75.50819,317.91,0.51,0.41,"2026-09-15",2108,"N20","nominal","2.0NRT",279.05,2.01,"N"
"3984",21.00083,56.52953,339.66,0.36,0.58,"2026-09-15",2121,"N20","nominal","2.0NRT",292.01,2.21,"N"
"3985",64.90775,75.50164,300.5,0.51,0.41,"2026-09-15",2108,"N20","nominal","2.0NRT",276.2,1,"N"
"3986",20.56023,56.4178,304.01,0.36,0.58,"2026-09-15",2121,"N20","nominal","2.0NRT",287.81,0.37,"N"
"3987",64.90673,75.51225,307.68,0.51,0.41,"2026-09-15",2108,"N20","nominal","2.0NRT",279.61,1,"N"
"3988",20.21342,55.7089,311.03,0.4,0.6,"2026-09-15",2121,"N20","nominal","2.0NRT",284.43,2.12,"N"
"3989",64.91388,75.31409,312.64,0.51,0.41,"2026-09-15",2108,"N20","nominal","2.0NRT",279.94,1.41,"N"
"3990",19.2668,56.17271,304.67,0.37,0.58,"2026-09-15",2121,"N20","nominal","2.0NRT",286.9,1.13,"N"
"3991",64.76651,76.71709,295.63,0.47,0.4,"2026-09-15",2108,"N20","nominal","2.0NRT",278.22,0.61,"N"
"3992",18.56002,55.86676,305.53,0.37,0.58,"2026-09-15",2121,"N20","nominal","2.0NRT",288.66,0.96,"N"
"3993",64.8156,74.77951,302.95,0.53,0.42,"2026-09-15",2108,"N20","nominal","2.0NRT",278.43,1.15,"N"
"3994",18.32665,55.10109,320.75,0.42,0.61,"2026-09-15",2121,"N20","nominal","2.0NRT",288.88,2.01,"N"
"3995",64.81281,74.76663,295.79,0.53,0.42,"2026-09-15",2108,"N20","nominal","2.0NRT",277.82,1.15,"N"
"3996",18.32625,55.10508,304.86,0.42,0.61,"2026-09-15",2121,"N20","nominal","2.0NRT",288.92,1.62,"N"
"3997",64.75208,75.42446,305.94,0.51,0.41,"2026-09-15",2108,"N20","nominal","2.0NRT",276.63,1.35,"N"
"3998",18.17868,55.24519,305.25,0.41,0.6,"2026-09-15",2121,"N20","nominal","2.0NRT",288.71,0.59,"N"
"3999",64.80621,74.75186,298.48,0.53,0.42,"2026-09-15",2108,"N20","nominal","2.0NRT",278.41,1.46,"N"
"4000",18.01575,54.56826,367,0.45,0.63,"2026-09-15",2121,"N20","high","2.0NRT",288.18,8.94,"N"
"4001",64.75991,74.50381,299.95,0.53,0.42,"2026-09-15",2108,"N20","nominal","2.0NRT",276.85,1.86,"N"
"4002",18.01617,54.56397,303.4,0.45,0.63,"2026-09-15",2121,"N20","nominal","2.0NRT",286.25,8.94,"N"
"4003",64.41811,77.70145,314.84,0.45,0.39,"2026-09-15",2108,"N20","nominal","2.0NRT",277.38,1.43,"N"
"4004",18.01533,54.57254,304.29,0.45,0.63,"2026-09-15",2121,"N20","nominal","2.0NRT",286.59,7.14,"N"
"4005",64.35296,77.81786,298.3,0.45,0.39,"2026-09-15",2108,"N20","nominal","2.0NRT",276.94,0.49,"N"
"4006",18.01607,54.56631,342.46,0.45,0.63,"2026-09-15",2121,"N20","nominal","2.0NRT",286.19,8.82,"N"
"4007",64.73365,73.74968,298.49,0.56,0.43,"2026-09-15",2108,"N20","nominal","2.0NRT",278.6,0.9,"N"
"4008",18.01562,54.5706,353.31,0.45,0.63,"2026-09-15",2121,"N20","nominal","2.0NRT",288.46,8.82,"N"
"4009",62.84003,87.45364,315.46,0.41,0.37,"2026-09-15",2108,"N20","nominal","2.0NRT",278.81,2.45,"N"
"4010",62.83687,87.45063,299.62,0.41,0.37,"2026-09-15",2108,"N20","nominal","2.0NRT",276.65,0.87,"N"
"4011",64.71025,73.73897,304.12,0.56,0.43,"2026-09-15",2108,"N20","nominal","2.0NRT",282.4,2.03,"N"
"4012",64.70927,73.75054,308.74,0.56,0.43,"2026-09-15",2108,"N20","nominal","2.0NRT",283.96,2.03,"N"
"4013",64.70538,73.74879,333.72,0.56,0.43,"2026-09-15",2108,"N20","nominal","2.0NRT",289.53,3.61,"N"
"4014",64.70635,73.73717,312.61,0.56,0.43,"2026-09-15",2108,"N20","nominal","2.0NRT",282.76,3.61,"N"
"4015",64.70148,73.74701,296.7,0.56,0.43,"2026-09-15",2108,"N20","nominal","2.0NRT",281.9,3.61,"N"
"4016",64.67715,73.79602,298.37,0.55,0.43,"2026-09-15",2108,"N20","nominal","2.0NRT",280.45,1.69,"N"
"4017",64.68098,73.70133,296.79,0.56,0.43,"2026-09-15",2108,"N20","nominal","2.0NRT",279.03,1.86,"N"
"4018",64.67611,73.7112,299.85,0.56,0.43,"2026-09-15",2108,"N20","nominal","2.0NRT",278.56,1.45,"N"
"4019",64.65866,73.77546,303.45,0.55,0.43,"2026-09-15",2108,"N20","nominal","2.0NRT",283.23,2.28,"N"
"4020",64.65769,73.78706,295.67,0.55,0.43,"2026-09-15",2108,"N20","nominal","2.0NRT",282.08,0.85,"N"
"4021",64.65477,73.77365,321.19,0.55,0.43,"2026-09-15",2108,"N20","nominal","2.0NRT",287.09,3.1,"N"
"4022",64.65572,73.76206,308.89,0.55,0.43,"2026-09-15",2108,"N20","nominal","2.0NRT",280.76,3.1,"N"
"4023",64.63625,73.75313,301.12,0.55,0.43,"2026-09-15",2108,"N20","nominal","2.0NRT",281.74,1.19,"N"
"4024",64.6353,73.76469,298.92,0.55,0.43,"2026-09-15",2108,"N20","nominal","2.0NRT",283.63,1.19,"N"
"4025",64.63721,73.75828,299.93,0.55,0.43,"2026-09-15",2108,"N20","nominal","2.0NRT",281.55,1.21,"N"
"4026",64.63332,73.75649,296.72,0.55,0.43,"2026-09-15",2108,"N20","nominal","2.0NRT",281.98,1.21,"N"
"4027",64.58853,73.85558,297.47,0.55,0.43,"2026-09-15",2108,"N20","nominal","2.0NRT",280.76,2.08,"N"
"4028",64.57106,73.91885,296.44,0.55,0.42,"2026-09-15",2108,"N20","nominal","2.0NRT",278.26,1,"N"
"4029",64.57011,73.88273,298.16,0.55,0.43,"2026-09-15",2108,"N20","nominal","2.0NRT",281.22,1.26,"N"
"4030",64.41225,75.37135,297.62,0.5,0.41,"2026-09-15",2108,"N20","nominal","2.0NRT",277.86,0.74,"N"
"4031",63.44732,80.9801,324.28,0.39,0.37,"2026-09-15",2108,"N20","nominal","2.0NRT",279.42,1.72,"N"
"4032",63.44624,80.98773,314.52,0.39,0.37,"2026-09-15",2108,"N20","nominal","2.0NRT",278.76,1.72,"N"
"4033",63.43543,80.52466,326.91,0.4,0.37,"2026-09-15",2108,"N20","nominal","2.0NRT",277.95,3,"N"
"4034",63.24388,80.98975,300.41,0.39,0.36,"2026-09-15",2108,"N20","nominal","2.0NRT",276.81,1.01,"N"
"4035",63.46897,76.76697,328.11,0.46,0.39,"2026-09-15",2108,"N20","nominal","2.0NRT",281.66,3.56,"N"
"4036",62.99352,76.8717,297.02,0.45,0.39,"2026-09-15",2108,"N20","nominal","2.0NRT",281.36,0.64,"N"
"4037",63.2468,72.83687,305.32,0.56,0.43,"2026-09-15",2108,"N20","nominal","2.0NRT",278.26,1.34,"N"
"4038",62.38614,80.17814,308.79,0.39,0.37,"2026-09-15",2108,"N20","nominal","2.0NRT",278.14,0.53,"N"
"4039",62.38461,80.17791,318.43,0.39,0.37,"2026-09-15",2108,"N20","nominal","2.0NRT",279.38,1.24,"N"
"4040",62.88947,73.60347,295.65,0.53,0.42,"2026-09-15",2108,"N20","nominal","2.0NRT",280.2,0.45,"N"
"4041",62.33356,78.16547,314.24,0.42,0.37,"2026-09-15",2108,"N20","nominal","2.0NRT",281.91,1.3,"N"
"4042",62.13948,79.44852,319.06,0.4,0.37,"2026-09-15",2108,"N20","nominal","2.0NRT",281.21,1.43,"N"
"4043",62.38586,77.31945,302.15,0.43,0.38,"2026-09-15",2108,"N20","nominal","2.0NRT",280.88,0.34,"N"
"4044",62.36907,77.45837,301.82,0.43,0.38,"2026-09-15",2108,"N20","nominal","2.0NRT",282.69,0.58,"N"
"4045",62.3903,76.63292,316.5,0.44,0.39,"2026-09-15",2108,"N20","nominal","2.0NRT",278.68,1.13,"N"
"4046",62.38932,76.64137,300.91,0.44,0.39,"2026-09-15",2108,"N20","nominal","2.0NRT",278.38,1.13,"N"
"4047",62.33494,76.72873,300.88,0.44,0.38,"2026-09-15",2108,"N20","nominal","2.0NRT",281.56,0.72,"N"
"4048",62.13283,77.6227,297.05,0.42,0.38,"2026-09-15",2108,"N20","nominal","2.0NRT",281.03,0.27,"N"
"4049",61.494,79.30379,335.58,0.4,0.37,"2026-09-15",2108,"N20","nominal","2.0NRT",285.32,13.66,"N"
"4050",61.9484,68.46851,329,0.49,0.48,"2026-09-15",2108,"N20","nominal","2.0NRT",280.2,3.5,"N"
"4051",60.87657,79.03846,295.72,0.4,0.37,"2026-09-15",2108,"N20","nominal","2.0NRT",280.24,0.42,"N"
"4052",61.13903,75.59676,295.82,0.45,0.39,"2026-09-15",2108,"N20","nominal","2.0NRT",282.33,0.44,"N"
"4053",61.75494,66.95247,335.24,0.54,0.51,"2026-09-15",2108,"N20","nominal","2.0NRT",280.09,4.87,"N"
"4054",61.75024,66.95155,295.61,0.54,0.51,"2026-09-15",2108,"N20","nominal","2.0NRT",278.84,0.66,"N"
"4055",61.73424,66.44463,298.35,0.56,0.52,"2026-09-15",2108,"N20","nominal","2.0NRT",279.28,0.94,"N"
"4056",60.5818,78.72131,302.86,0.4,0.37,"2026-09-15",2108,"N20","nominal","2.0NRT",274.45,0.97,"N"
"4057",60.5808,78.72837,316.71,0.4,0.37,"2026-09-15",2108,"N20","nominal","2.0NRT",275.21,0.97,"N"
"4058",61.61064,67.81654,306.85,0.51,0.49,"2026-09-15",2108,"N20","nominal","2.0NRT",281.12,1.28,"N"
"4059",61.60609,67.81551,302.04,0.51,0.49,"2026-09-15",2108,"N20","nominal","2.0NRT",281.33,1.28,"N"
"4060",60.61424,78.17877,296,0.4,0.37,"2026-09-15",2108,"N20","nominal","2.0NRT",278.57,0.38,"N"
"4061",61.10892,70.2416,300.62,0.42,0.45,"2026-09-15",2108,"N20","nominal","2.0NRT",280.81,0.71,"N"
"4062",61.0998,70.19068,332.15,0.42,0.45,"2026-09-15",2108,"N20","nominal","2.0NRT",281.52,3.66,"N"
"4063",60.96367,70.86592,320.68,0.4,0.44,"2026-09-15",2108,"N20","nominal","2.0NRT",283.42,1.84,"N"
"4064",60.96424,70.85854,307.59,0.4,0.44,"2026-09-15",2108,"N20","nominal","2.0NRT",281.15,1.46,"N"
"4065",60.95961,70.86453,332.18,0.4,0.44,"2026-09-15",2108,"N20","nominal","2.0NRT",283.34,3.65,"N"
"4066",60.96017,70.85715,316.46,0.4,0.44,"2026-09-15",2108,"N20","nominal","2.0NRT",281.52,2.78,"N"
"4067",60.86498,71.28104,323.32,0.39,0.44,"2026-09-15",2108,"N20","nominal","2.0NRT",280.57,1.83,"N"
"4068",60.86471,71.28218,338.39,0.39,0.44,"2026-09-15",2108,"N20","nominal","2.0NRT",283.07,10.05,"N"
"4069",60.86071,71.28081,315.5,0.39,0.44,"2026-09-15",2108,"N20","nominal","2.0NRT",280.63,1.43,"N"
"4070",60.83501,70.43359,300.1,0.41,0.45,"2026-09-15",2108,"N20","nominal","2.0NRT",275.75,0.86,"N"
"4071",60.74957,70.81422,328.32,0.4,0.44,"2026-09-15",2108,"N20","nominal","2.0NRT",281.55,2.37,"N"
"4072",60.74901,70.82153,315.6,0.4,0.44,"2026-09-15",2108,"N20","nominal","2.0NRT",282.59,2.37,"N"
"4073",60.76656,70.07713,298.52,0.42,0.45,"2026-09-15",2108,"N20","nominal","2.0NRT",280.72,0.7,"N"
"4074",60.5521,72.31394,311.04,0.54,0.42,"2026-09-15",2108,"N20","nominal","2.0NRT",281.16,1.75,"N"
"4075",60.57374,71.98425,306.96,0.55,0.43,"2026-09-15",2108,"N20","nominal","2.0NRT",280.51,1.1,"N"
"4076",60.72865,69.8924,324.19,0.43,0.46,"2026-09-15",2108,"N20","nominal","2.0NRT",281.18,2.24,"N"
"4077",60.75381,69.34216,331.82,0.44,0.46,"2026-09-15",2108,"N20","nominal","2.0NRT",280.04,6.43,"N"
"4078",60.75326,69.35034,331.18,0.44,0.46,"2026-09-15",2108,"N20","nominal","2.0NRT",283,7.82,"N"
"4079",60.05044,75.45488,297.13,0.44,0.38,"2026-09-15",2108,"N20","nominal","2.0NRT",280.69,0.41,"N"
"4080",60.16117,73.5693,303.73,0.49,0.4,"2026-09-15",2108,"N20","nominal","2.0NRT",280.56,0.8,"N"
"4081",60.18127,69.29733,301.58,0.44,0.46,"2026-09-15",2108,"N20","nominal","2.0NRT",281.61,1.45,"N"
"4082",59.89507,71.73235,307.97,0.55,0.43,"2026-09-15",2108,"N20","nominal","2.0NRT",281.85,1.22,"N"
"4083",59.89118,71.73096,333.76,0.55,0.43,"2026-09-15",2108,"N20","nominal","2.0NRT",282.44,4.86,"N"
"4084",59.75911,71.73774,314.03,0.55,0.42,"2026-09-15",2108,"N20","nominal","2.0NRT",282.13,1.69,"N"
"4085",59.76399,71.73499,296.91,0.55,0.42,"2026-09-15",2108,"N20","nominal","2.0NRT",281.75,1.15,"N"
"4086",59.75923,71.74335,309.19,0.55,0.42,"2026-09-15",2108,"N20","nominal","2.0NRT",281.59,1.15,"N"
"4087",59.87258,68.87624,307.62,0.45,0.47,"2026-09-15",2108,"N20","nominal","2.0NRT",281.42,1.82,"N"
"4088",59.87541,68.87801,310.66,0.45,0.47,"2026-09-15",2108,"N20","nominal","2.0NRT",281.82,1.2,"N"
"4089",59.99022,63.8826,310.71,0.33,0.56,"2026-09-15",2108,"N20","nominal","2.0NRT",278.22,1.63,"N"
"4090",59.99006,63.88871,304.71,0.33,0.56,"2026-09-15",2108,"N20","nominal","2.0NRT",278.76,1.67,"N"
"4091",59.98918,63.88316,307.68,0.33,0.56,"2026-09-15",2108,"N20","nominal","2.0NRT",278.06,1,"N"
"4092",59.98899,63.88928,306.25,0.33,0.56,"2026-09-15",2108,"N20","nominal","2.0NRT",279.01,1,"N"
"4093",59.41467,71.63205,317.38,0.54,0.42,"2026-09-15",2108,"N20","nominal","2.0NRT",281.96,2.1,"N"
"4094",59.41079,71.63071,299.32,0.54,0.42,"2026-09-15",2108,"N20","nominal","2.0NRT",281.94,0.91,"N"
"4095",57.67091,78.92648,297.31,0.38,0.36,"2026-09-15",2110,"N20","nominal","2.0NRT",279.95,0.31,"N"
"4096",58.39526,58.32459,319.8,0.52,0.67,"2026-09-15",2110,"N20","nominal","2.0NRT",276.15,3.08,"N"
"4097",58.39146,58.3198,305.08,0.52,0.67,"2026-09-15",2110,"N20","nominal","2.0NRT",272.95,2.09,"N"
"4098",58.39155,58.32899,300.75,0.52,0.67,"2026-09-15",2110,"N20","nominal","2.0NRT",274.09,2.09,"N"
"4099",57.94506,60.05542,339.3,0.45,0.63,"2026-09-15",2110,"N20","nominal","2.0NRT",281.98,5.8,"N"
"4100",57.94509,60.04763,309.18,0.45,0.63,"2026-09-15",2110,"N20","nominal","2.0NRT",277.54,4.29,"N"
"4101",57.92758,60.02352,301.9,0.45,0.63,"2026-09-15",2110,"N20","nominal","2.0NRT",278.28,0.99,"N"
"4102",57.92172,60.02346,297.13,0.45,0.63,"2026-09-15",2110,"N20","nominal","2.0NRT",279.68,0.99,"N"
"4103",57.91587,60.01539,304.19,0.45,0.63,"2026-09-15",2110,"N20","nominal","2.0NRT",278.82,1.3,"N"
"4104",57.91584,60.02317,297.42,0.45,0.63,"2026-09-15",2110,"N20","nominal","2.0NRT",279.02,1.25,"N"
"4105",54.28757,86.14532,297.47,0.38,0.43,"2026-09-15",2110,"N20","nominal","2.0NRT",280.67,1.51,"N"
"4106",54.28258,86.14799,301.93,0.38,0.44,"2026-09-15",2110,"N20","nominal","2.0NRT",280.63,1.01,"N"
"4107",54.28117,86.15388,296.15,0.38,0.44,"2026-09-15",2110,"N20","nominal","2.0NRT",280.11,1.21,"N"
"4108",54.27838,86.16553,301.76,0.38,0.44,"2026-09-15",2110,"N20","nominal","2.0NRT",279.85,0.95,"N"
"4109",54.27709,86.17091,300.4,0.39,0.44,"2026-09-15",2110,"N20","nominal","2.0NRT",283.65,0.95,"N"
"4110",54.27473,86.16254,319.36,0.38,0.44,"2026-09-15",2110,"N20","nominal","2.0NRT",280.42,0.95,"N"
"4111",54.27336,86.16827,296.6,0.39,0.44,"2026-09-15",2110,"N20","nominal","2.0NRT",282.61,0.95,"N"
"4112",54.2708,86.17893,299.98,0.39,0.44,"2026-09-15",2110,"N20","nominal","2.0NRT",283.78,2.9,"N"
"4113",54.26958,86.18401,299.57,0.39,0.44,"2026-09-15",2110,"N20","nominal","2.0NRT",283.93,0.75,"N"
"4114",54.26583,86.18147,327.62,0.39,0.44,"2026-09-15",2110,"N20","nominal","2.0NRT",288.73,3.81,"N"
"4115",54.26709,86.17625,304.88,0.39,0.44,"2026-09-15",2110,"N20","nominal","2.0NRT",284.47,1.63,"N"
"4116",54.26346,86.17319,297.2,0.39,0.44,"2026-09-15",2110,"N20","nominal","2.0NRT",281.64,1.63,"N"
"4117",54.06899,86.53445,298.48,0.4,0.44,"2026-09-15",2110,"N20","nominal","2.0NRT",282.52,0.93,"N"
"4118",56.48068,60.90592,302.81,0.41,0.61,"2026-09-15",2110,"N20","nominal","2.0NRT",278.92,0.61,"N"
"4119",55.46563,60.19502,321.41,0.44,0.62,"2026-09-15",2110,"N20","nominal","2.0NRT",270.47,2.39,"N"
"4120",55.46579,60.19691,322.19,0.44,0.62,"2026-09-15",2110,"N20","nominal","2.0NRT",272.12,2.44,"N"
"4121",55.21402,61.42086,299.01,0.39,0.59,"2026-09-15",2110,"N20","nominal","2.0NRT",277.81,1.11,"N"
"4122",55.20837,61.42681,301.91,0.39,0.59,"2026-09-15",2110,"N20","nominal","2.0NRT",280.58,1.62,"N"
"4123",52.7943,82.52322,313.7,0.48,0.4,"2026-09-15",2110,"N20","nominal","2.0NRT",275.78,1.21,"N"
"4124",52.79081,82.52119,314.13,0.48,0.4,"2026-09-15",2110,"N20","nominal","2.0NRT",276.33,2.31,"N"
"4125",50.35117,83.4969,295.7,0.39,0.44,"2026-09-15",2110,"N20","nominal","2.0NRT",279.37,0.64,"N"
"4126",51.26141,75.71914,312.61,0.38,0.36,"2026-09-15",2110,"N20","nominal","2.0NRT",285.08,0.88,"N"
"4127",51.26056,75.72454,299.08,0.38,0.36,"2026-09-15",2110,"N20","nominal","2.0NRT",284.73,0.88,"N"
"4128",51.25901,75.71243,300.08,0.38,0.36,"2026-09-15",2110,"N20","nominal","2.0NRT",284.93,0.67,"N"
"4129",51.26101,75.65578,295.02,0.38,0.36,"2026-09-15",2110,"N20","nominal","2.0NRT",284.05,0.73,"N"
"4130",51.2603,75.63827,313,0.38,0.36,"2026-09-15",2110,"N20","nominal","2.0NRT",284,0.84,"N"
"4131",51.25946,75.64368,297.91,0.38,0.36,"2026-09-15",2110,"N20","nominal","2.0NRT",284.79,0.84,"N"
"4132",51.2579,75.63157,301.09,0.38,0.36,"2026-09-15",2110,"N20","nominal","2.0NRT",282.38,0.8,"N"
"4133",51.25706,75.63698,309.88,0.38,0.36,"2026-09-15",2110,"N20","nominal","2.0NRT",284.96,1.45,"N"
"4134",49.64631,83.57442,302.81,0.41,0.45,"2026-09-15",2110,"N20","nominal","2.0NRT",281.09,0.82,"N"
"4135",51.6456,55.58311,304.36,0.66,0.73,"2026-09-15",2112,"N20","nominal","2.0NRT",280.78,1.72,"N"
"4136",51.64495,55.58478,300.35,0.66,0.73,"2026-09-15",2112,"N20","nominal","2.0NRT",280.18,2.3,"N"
"4137",50.06586,73.06325,300.77,0.4,0.37,"2026-09-15",2112,"N20","nominal","2.0NRT",279.81,0.73,"N"
"4138",50.04636,73.02779,304.05,0.4,0.37,"2026-09-15",2112,"N20","nominal","2.0NRT",285.08,1.39,"N"
"4139",50.04379,73.02113,306.71,0.4,0.37,"2026-09-15",2112,"N20","nominal","2.0NRT",284.3,1.89,"N"
"4140",50.04198,73.00893,307.32,0.4,0.37,"2026-09-15",2112,"N20","nominal","2.0NRT",279.96,0.95,"N"
"4141",50.04122,73.01447,318.18,0.4,0.37,"2026-09-15",2112,"N20","nominal","2.0NRT",280.48,1.22,"N"
"4142",50.03865,73.00782,298.25,0.4,0.37,"2026-09-15",2112,"N20","nominal","2.0NRT",277.83,0.95,"N"
"4143",50.03788,73.01337,303.21,0.4,0.37,"2026-09-15",2112,"N20","nominal","2.0NRT",278.11,1.22,"N"
"4144",49.08884,74.98048,328.33,0.38,0.36,"2026-09-15",2112,"N20","nominal","2.0NRT",279.93,2.23,"N"
"4145",49.08719,74.99083,324.92,0.38,0.36,"2026-09-15",2112,"N20","nominal","2.0NRT",279.27,2.96,"N"
"4146",49.08637,74.99599,328.26,0.38,0.36,"2026-09-15",2112,"N20","nominal","2.0NRT",278.31,2.79,"N"
"4147",49.08559,74.97929,328.57,0.38,0.36,"2026-09-15",2112,"N20","nominal","2.0NRT",281.85,2.76,"N"
"4148",49.0727,74.9089,299.86,0.38,0.36,"2026-09-15",2112,"N20","nominal","2.0NRT",279.47,0.82,"N"
"4149",49.06456,74.91684,304.74,0.38,0.36,"2026-09-15",2112,"N20","nominal","2.0NRT",277.2,1.22,"N"
"4150",44.33863,93.26501,299.51,0.77,0.78,"2026-09-15",2112,"N20","nominal","2.0NRT",286.41,1.51,"N"
"4151",49.04436,74.87123,305.32,0.38,0.36,"2026-09-15",2112,"N20","nominal","2.0NRT",276.33,2.17,"N"
"4152",49.04272,74.88155,301.43,0.38,0.36,"2026-09-15",2112,"N20","nominal","2.0NRT",278.68,1.46,"N"
"4153",44.33388,93.26231,298.73,0.77,0.78,"2026-09-15",2112,"N20","nominal","2.0NRT",285.69,1.71,"N"
"4154",44.85072,90.93108,318.43,0.59,0.7,"2026-09-15",2112,"N20","nominal","2.0NRT",286.46,2.71,"N"
"4155",44.84841,90.93798,302.92,0.59,0.7,"2026-09-15",2112,"N20","nominal","2.0NRT",286.82,2.71,"N"
"4156",23.19569,55.45493,314.02,0.68,0.74,"2026-09-15",2259,"N20","nominal","2.0NRT",293.5,1.72,"N"
"4157",23.19405,55.46133,304.73,0.68,0.74,"2026-09-15",2259,"N20","nominal","2.0NRT",294.13,1.72,"N"
"4158",23.19234,55.45708,322.59,0.68,0.74,"2026-09-15",2259,"N20","nominal","2.0NRT",293.96,4.37,"N"
"4159",27.19548,30.98698,307.07,0.44,0.62,"2026-09-15",2259,"N20","nominal","2.0NRT",293.54,1.34,"N"
"4160",27.17044,31.01161,318.11,0.43,0.62,"2026-09-15",2259,"N20","nominal","2.0NRT",296.73,2.5,"N"
"4161",24.53645,49.22523,313.61,0.52,0.5,"2026-09-15",2259,"N20","nominal","2.0NRT",297.08,1.46,"N"
"4162",45.89656,53.29791,331.11,0.48,0.4,"2026-09-15",2254,"N20","nominal","2.0NRT",292.89,5.35,"N"
"4163",24.94937,47.06254,315.08,0.38,0.43,"2026-09-15",2259,"N20","nominal","2.0NRT",300.52,3,"N"
"4164",47.87371,33.43334,296.66,0.46,0.64,"2026-09-15",2254,"N20","nominal","2.0NRT",281.21,0.45,"N"
"4165",24.94544,47.06163,311.71,0.38,0.43,"2026-09-15",2259,"N20","nominal","2.0NRT",299.44,3,"N"
"4166",24.94653,47.06192,315.1,0.38,0.43,"2026-09-15",2259,"N20","nominal","2.0NRT",300.16,3.25,"N"
"4167",47.87627,33.43434,295.54,0.46,0.64,"2026-09-15",2254,"N20","nominal","2.0NRT",280.99,0.67,"N"
"4168",23.54564,53.32232,342.55,0.49,0.65,"2026-09-15",2259,"N20","nominal","2.0NRT",297.23,5.95,"N"
"4169",47.82843,31.21247,295.6,0.59,0.7,"2026-09-15",2254,"N20","nominal","2.0NRT",285.49,4.39,"N"
"4170",22.93067,55.80264,305.78,0.72,0.76,"2026-09-15",2259,"N20","nominal","2.0NRT",292.53,1.12,"N"
"4171",47.78424,29.0111,295.7,0.74,0.76,"2026-09-15",2254,"N20","nominal","2.0NRT",280.82,1.11,"N"
"4172",22.88354,55.92896,305.81,0.74,0.76,"2026-09-15",2259,"N20","nominal","2.0NRT",292.46,1.14,"N"
"4173",22.87675,55.92693,325.58,0.74,0.76,"2026-09-15",2259,"N20","nominal","2.0NRT",292.63,3.01,"N"
"4174",47.61166,34.02836,300.66,0.43,0.62,"2026-09-15",2254,"N20","nominal","2.0NRT",281.16,0.86,"N"
"4175",22.87854,55.92001,306.73,0.74,0.76,"2026-09-15",2259,"N20","nominal","2.0NRT",292.31,3.01,"N"
"4176",41.50804,64.54297,298.59,0.68,0.74,"2026-09-15",2254,"N20","nominal","2.0NRT",285.65,0.88,"N"
"4177",23.52901,53.28775,341.57,0.49,0.65,"2026-09-15",2259,"N20","nominal","2.0NRT",299.41,6.82,"N"
"4178",41.51122,64.5461,297.51,0.68,0.74,"2026-09-15",2254,"N20","nominal","2.0NRT",286.02,0.91,"N"
"4179",23.53012,53.2831,313.72,0.49,0.65,"2026-09-15",2259,"N20","nominal","2.0NRT",297.38,4.3,"N"
"4180",44.9151,48.959,315.63,0.39,0.36,"2026-09-15",2254,"N20","nominal","2.0NRT",284.06,0.55,"N"
"4181",24.70453,47.52932,316.23,0.41,0.45,"2026-09-15",2259,"N20","nominal","2.0NRT",300.91,2.09,"N"
"4182",42.39499,59.17992,297.07,0.35,0.57,"2026-09-15",2254,"N20","nominal","2.0NRT",286.8,0.27,"N"
"4183",24.70374,47.53331,313.94,0.41,0.45,"2026-09-15",2259,"N20","nominal","2.0NRT",302.95,2.09,"N"
"4184",42.35535,58.82733,300.44,0.34,0.56,"2026-09-15",2254,"N20","nominal","2.0NRT",287.9,0.56,"N"
"4185",22.87733,55.61314,316,0.71,0.75,"2026-09-15",2259,"N20","nominal","2.0NRT",292.65,2.1,"N"
"4186",46.04836,30.12509,297.66,0.65,0.73,"2026-09-15",2254,"N20","nominal","2.0NRT",279.41,0.75,"N"
"4187",24.57079,46.88228,310.56,0.57,0.43,"2026-09-15",2259,"N20","nominal","2.0NRT",298.7,2.92,"N"
"4188",42.19079,59.03481,296.26,0.35,0.57,"2026-09-15",2254,"N20","nominal","2.0NRT",286.25,0.21,"N"
"4189",24.4922,47.15507,342.62,0.39,0.44,"2026-09-15",2259,"N20","nominal","2.0NRT",297.3,4.42,"N"
"4190",41.91157,60.01129,296.16,0.4,0.6,"2026-09-15",2254,"N20","nominal","2.0NRT",284.86,0.33,"N"
"4191",24.60295,46.57235,314.33,0.55,0.42,"2026-09-15",2259,"N20","nominal","2.0NRT",298.89,2.95,"N"
"4192",41.83881,60.01237,299.91,0.4,0.6,"2026-09-15",2254,"N20","nominal","2.0NRT",287.83,0.66,"N"
"4193",24.78375,45.60744,323.94,0.49,0.4,"2026-09-15",2259,"N20","nominal","2.0NRT",298.93,3.04,"N"
"4194",42.01009,59.25682,297.95,0.36,0.58,"2026-09-15",2254,"N20","nominal","2.0NRT",285.85,0.3,"N"
"4195",24.78464,45.60271,312.43,0.49,0.4,"2026-09-15",2259,"N20","nominal","2.0NRT",298.07,1.91,"N"
"4196",24.59913,46.57135,312.22,0.55,0.42,"2026-09-15",2259,"N20","nominal","2.0NRT",299.42,2.1,"N"
"4197",41.67678,59.86462,295.7,0.4,0.6,"2026-09-15",2254,"N20","nominal","2.0NRT",285.55,0.33,"N"
"4198",24.59531,46.57037,314.93,0.55,0.42,"2026-09-15",2259,"N20","nominal","2.0NRT",299.78,2.1,"N"
"4199",43.94197,46.75811,314.13,0.39,0.36,"2026-09-15",2254,"N20","nominal","2.0NRT",288.13,1.39,"N"
"4200",24.78459,45.60575,321.03,0.49,0.4,"2026-09-15",2259,"N20","nominal","2.0NRT",298.67,2.44,"N"
"4201",44.83757,37.6755,295.81,0.55,0.51,"2026-09-15",2254,"N20","nominal","2.0NRT",281.66,0.85,"N"
"4202",24.49056,47.15593,338.27,0.39,0.44,"2026-09-15",2259,"N20","nominal","2.0NRT",297.78,3.59,"N"
"4203",44.84608,37.6694,296.5,0.55,0.51,"2026-09-15",2254,"N20","nominal","2.0NRT",282.68,1.11,"N"
"4204",24.78094,45.60493,316.5,0.49,0.4,"2026-09-15",2259,"N20","nominal","2.0NRT",298.88,2.05,"N"
"4205",44.84087,37.67575,296.85,0.55,0.51,"2026-09-15",2254,"N20","nominal","2.0NRT",282.26,0.89,"N"
"4206",24.60193,46.57089,316.24,0.55,0.42,"2026-09-15",2259,"N20","nominal","2.0NRT",299.26,4.98,"N"
"4207",24.4913,47.15208,311.56,0.39,0.44,"2026-09-15",2259,"N20","nominal","2.0NRT",295.75,2.18,"N"
"4208",39.82351,63.0433,320.34,0.65,0.73,"2026-09-15",2254,"N20","nominal","2.0NRT",284.96,2.35,"N"
"4209",24.59429,46.56888,310.83,0.55,0.42,"2026-09-15",2259,"N20","nominal","2.0NRT",299.17,3.48,"N"
"4210",39.82577,63.03633,297.14,0.64,0.72,"2026-09-15",2254,"N20","nominal","2.0NRT",280.12,2.35,"N"
"4211",23.88483,49.10305,334.03,0.53,0.5,"2026-09-15",2259,"N20","nominal","2.0NRT",297.9,3.59,"N"
"4212",39.82531,63.04288,335.5,0.65,0.73,"2026-09-15",2254,"N20","nominal","2.0NRT",284.54,5.36,"N"
"4213",23.884,49.10562,334.74,0.53,0.5,"2026-09-15",2259,"N20","nominal","2.0NRT",298.33,4.03,"N"
"4214",39.67853,63.04598,332.85,0.65,0.73,"2026-09-15",2254,"N20","nominal","2.0NRT",282.28,2.47,"N"
"4215",23.91243,48.26944,335.06,0.47,0.48,"2026-09-15",2259,"N20","nominal","2.0NRT",299.02,4.33,"N"
"4216",39.67623,63.05304,297.38,0.65,0.73,"2026-09-15",2254,"N20","nominal","2.0NRT",282.45,2.47,"N"
"4217",24.29145,46.30748,317.74,0.54,0.42,"2026-09-15",2259,"N20","nominal","2.0NRT",300.44,3.09,"N"
"4218",39.68052,63.04765,335.59,0.65,0.73,"2026-09-15",2254,"N20","nominal","2.0NRT",283.52,4.26,"N"
"4219",22.54543,53.9126,308.86,0.56,0.69,"2026-09-15",2259,"N20","nominal","2.0NRT",295.93,1.61,"N"
"4220",39.67826,63.05473,297.69,0.65,0.73,"2026-09-15",2254,"N20","nominal","2.0NRT",282.95,3.59,"N"
"4221",22.5407,53.91455,316.41,0.56,0.69,"2026-09-15",2259,"N20","nominal","2.0NRT",295.93,1.65,"N"
"4222",43.42827,46.58944,319.03,0.39,0.36,"2026-09-15",2257,"N20","nominal","2.0NRT",287.56,1.46,"N"
"4223",23.49204,48.29507,329.2,0.48,0.48,"2026-09-15",2259,"N20","nominal","2.0NRT",298.61,3.88,"N"
"4224",37.79761,62.54634,295.6,0.7,0.75,"2026-09-15",2257,"N20","nominal","2.0NRT",284.45,0.99,"N"
"4225",23.49142,48.29726,331.46,0.48,0.48,"2026-09-15",2259,"N20","nominal","2.0NRT",299.43,3.3,"N"
"4226",37.78717,62.53242,295.33,0.7,0.75,"2026-09-15",2257,"N20","nominal","2.0NRT",284.58,0.81,"N"
"4227",25.78692,32.72009,306.73,0.33,0.55,"2026-09-15",2259,"N20","nominal","2.0NRT",294.47,1.07,"N"
"4228",37.79195,62.53569,296.01,0.7,0.75,"2026-09-15",2257,"N20","nominal","2.0NRT",285.06,0.89,"N"
"4229",21.41172,55.74162,301.09,0.78,0.78,"2026-09-15",2259,"N20","nominal","2.0NRT",285.82,0.89,"N"
"4230",40.07403,52.81491,316.68,0.39,0.44,"2026-09-15",2257,"N20","nominal","2.0NRT",290.56,1.32,"N"
"4231",24.02779,40.47875,330.63,0.39,0.36,"2026-09-15",2259,"N20","nominal","2.0NRT",301.55,9.21,"N"
"4232",40.07011,52.81345,311.01,0.39,0.44,"2026-09-15",2257,"N20","nominal","2.0NRT",291.18,1.32,"N"
"4233",23.95012,38.26745,334.61,0.45,0.39,"2026-09-15",2259,"N20","nominal","2.0NRT",305.03,26.34,"N"
"4234",23.94891,38.27629,318.06,0.45,0.39,"2026-09-15",2259,"N20","nominal","2.0NRT",300.01,6.5,"N"
"4235",40.02004,52.94588,304.41,0.4,0.44,"2026-09-15",2257,"N20","nominal","2.0NRT",291.93,0.65,"N"
"4236",22.55389,39.4373,317.58,0.4,0.37,"2026-09-15",2301,"N20","nominal","2.0NRT",302.34,5.09,"N"
"4237",37.59697,61.52642,301.85,0.63,0.72,"2026-09-15",2257,"N20","nominal","2.0NRT",286.37,1.51,"N"
"4238",21.91736,41.25974,314.08,0.38,0.36,"2026-09-15",2301,"N20","nominal","2.0NRT",298.76,1.68,"N"
"4239",37.49639,61.84771,296.81,0.66,0.73,"2026-09-15",2257,"N20","nominal","2.0NRT",286.39,1.43,"N"
"4240",21.43246,39.20366,328.48,0.4,0.37,"2026-09-15",2301,"N20","nominal","2.0NRT",303.92,2.78,"N"
"4241",40.08299,51.237,309.02,0.5,0.41,"2026-09-15",2257,"N20","nominal","2.0NRT",294.53,0.58,"N"
"4242",18.03647,54.64285,301.06,0.79,0.78,"2026-09-15",2301,"N20","nominal","2.0NRT",284.97,1.08,"N"
"4243",39.5161,53.76695,301.84,0.45,0.47,"2026-09-15",2257,"N20","nominal","2.0NRT",291.48,1.18,"N"
"4244",18.01702,54.56885,334.07,0.78,0.78,"2026-09-15",2301,"N20","nominal","2.0NRT",285.85,10.21,"N"
"4245",40.03264,51.34968,322.82,0.51,0.41,"2026-09-15",2257,"N20","nominal","2.0NRT",294.99,2.02,"N"
"4246",18.0153,54.57602,308.83,0.78,0.78,"2026-09-15",2301,"N20","nominal","2.0NRT",285.8,7.38,"N"
"4247",37.11975,62.36514,314.83,0.72,0.76,"2026-09-15",2257,"N20","nominal","2.0NRT",287.08,4.55,"N"
"4248",20.71385,39.82775,316.24,0.39,0.36,"2026-09-15",2301,"N20","nominal","2.0NRT",300.69,4.21,"N"
"4249",37.11329,62.36185,299.21,0.72,0.76,"2026-09-15",2257,"N20","nominal","2.0NRT",287.07,4.55,"N"
"4250",19.52084,42.53613,312.93,0.42,0.38,"2026-09-15",2301,"N20","nominal","2.0NRT",296.06,1.38,"N"
"4251",39.53097,53.40673,303.03,0.43,0.46,"2026-09-15",2257,"N20","nominal","2.0NRT",290.35,0.58,"N"
"4252",18.58224,45.36005,309.46,0.39,0.44,"2026-09-15",2301,"N20","nominal","2.0NRT",297.68,1.44,"N"
"4253",38.25796,58.39028,303.8,0.42,0.61,"2026-09-15",2257,"N20","nominal","2.0NRT",289.21,1.07,"N"
"4254",19.09929,41.15553,319.07,0.39,0.36,"2026-09-15",2301,"N20","nominal","2.0NRT",301.46,1.74,"N"
"4255",37.03443,62.41911,319.56,0.73,0.76,"2026-09-15",2257,"N20","nominal","2.0NRT",286.84,4.91,"N"
"4256",18.24686,42.57538,301.29,0.43,0.38,"2026-09-15",2301,"N20","nominal","2.0NRT",289.5,0.72,"N"
"4257",37.03557,62.41441,302.92,0.73,0.76,"2026-09-15",2257,"N20","nominal","2.0NRT",285.49,2.42,"N"
"4258",17.59819,44.33566,313.02,0.53,0.42,"2026-09-15",2301,"N20","nominal","2.0NRT",296.69,2.51,"N"
"4259",37.03313,62.42208,307.3,0.73,0.76,"2026-09-15",2257,"N20","nominal","2.0NRT",286.76,2.42,"N"
"4260",15.82468,48.95529,308.58,0.37,0.58,"2026-09-15",2301,"N20","nominal","2.0NRT",293.02,1.21,"N"
"4261",40.2496,49.44757,304.33,0.43,0.38,"2026-09-15",2257,"N20","nominal","2.0NRT",292.74,0.64,"N"
"4262",16.95974,42.78413,312.81,0.45,0.39,"2026-09-15",2301,"N20","nominal","2.0NRT",297.71,0.92,"N"
"4263",39.46779,53.17342,306.72,0.42,0.45,"2026-09-15",2257,"N20","nominal","2.0NRT",295.68,0.96,"N"
"4264",16.93825,42.63406,316.59,0.45,0.39,"2026-09-15",2301,"N20","nominal","2.0NRT",299.72,1.97,"N"
"4265",38.22088,57.98658,299.62,0.4,0.6,"2026-09-15",2257,"N20","nominal","2.0NRT",286.89,0.74,"N"
"4266",15.59327,49.12868,307.54,0.39,0.59,"2026-09-15",2301,"N20","nominal","2.0NRT",290.79,0.98,"N"
"4267",38.26373,57.6571,304.65,0.38,0.59,"2026-09-15",2257,"N20","nominal","2.0NRT",290.81,0.76,"N"
"4268",15.81972,45.83411,308.88,0.46,0.47,"2026-09-15",2301,"N20","nominal","2.0NRT",294.02,1,"N"
"4269",39.4772,52.69021,343.02,0.4,0.44,"2026-09-15",2257,"N20","nominal","2.0NRT",295.94,3.97,"N"
"4270",15.61335,46.01133,305.88,0.48,0.48,"2026-09-15",2301,"N20","nominal","2.0NRT",294.22,1.72,"N"
"4271",39.47124,52.71725,317.82,0.4,0.44,"2026-09-15",2257,"N20","nominal","2.0NRT",295.59,1.14,"N"
"4272",39.47624,52.6559,317.21,0.4,0.44,"2026-09-15",2257,"N20","nominal","2.0NRT",295.62,1,"N"
"4273",15.61252,46.01574,309.44,0.48,0.48,"2026-09-15",2301,"N20","nominal","2.0NRT",294.04,1.54,"N"
"4274",37.94384,58.56271,303.62,0.43,0.62,"2026-09-15",2257,"N20","nominal","2.0NRT",288.32,1.14,"N"
"4275",15.58092,45.80192,317.98,0.47,0.47,"2026-09-15",2301,"N20","nominal","2.0NRT",294.94,1.41,"N"
"4276",38.68304,54.31422,321.84,0.5,0.49,"2026-09-15",2257,"N20","nominal","2.0NRT",290.56,1.14,"N"
"4277",15.57662,45.80106,322.27,0.47,0.47,"2026-09-15",2301,"N20","nominal","2.0NRT",295.7,2.45,"N"
"4278",38.6479,54.28263,337.91,0.5,0.49,"2026-09-15",2257,"N20","nominal","2.0NRT",292.71,3.39,"N"
"4279",11.51221,43.09377,313.61,0.55,0.43,"2026-09-15",2303,"N20","nominal","2.0NRT",293.78,7.18,"N"
"4280",36.47987,61.62276,296.33,0.69,0.74,"2026-09-15",2257,"N20","nominal","2.0NRT",285.65,3.73,"N"
"4281",9.24621,33.05348,339.85,0.38,0.43,"2026-09-15",2303,"N20","nominal","2.0NRT",285.47,2.9,"N"
"4282",40.57521,43.00762,296.47,0.43,0.38,"2026-09-15",2257,"N20","nominal","2.0NRT",281.87,0.67,"N"
"4283",9.2457,33.05695,312.83,0.38,0.43,"2026-09-15",2303,"N20","nominal","2.0NRT",284.57,2.9,"N"
"4284",41.26502,31.42107,303.16,0.54,0.68,"2026-09-15",2257,"N20","nominal","2.0NRT",282.53,1.47,"N"
"4285",41.26487,31.42768,301.17,0.54,0.67,"2026-09-15",2257,"N20","nominal","2.0NRT",282.23,1.47,"N"
"4286",9.08217,28.7575,308.74,0.37,0.58,"2026-09-15",2303,"N20","nominal","2.0NRT",288.5,0.99,"N"
"4287",37.45628,57.68576,300.26,0.4,0.6,"2026-09-15",2257,"N20","nominal","2.0NRT",286.87,0.82,"N"
"4288",41.25859,31.42738,300.42,0.54,0.67,"2026-09-15",2257,"N20","nominal","2.0NRT",281.22,1.16,"N"
"4289",41.26785,31.42223,298.23,0.54,0.67,"2026-09-15",2257,"N20","nominal","2.0NRT",283.11,1.4,"N"
"4290",41.26158,31.42184,297.11,0.54,0.67,"2026-09-15",2257,"N20","nominal","2.0NRT",281.49,1.4,"N"
"4291",41.26138,31.42852,297.48,0.53,0.67,"2026-09-15",2257,"N20","nominal","2.0NRT",281.3,1.93,"N"
"4292",41.25568,31.40839,304.29,0.54,0.68,"2026-09-15",2257,"N20","nominal","2.0NRT",281.09,1.28,"N"
"4293",41.25511,31.42824,296.89,0.53,0.67,"2026-09-15",2257,"N20","nominal","2.0NRT",280.02,0.82,"N"
"4294",39.6636,47.28823,300.45,0.39,0.36,"2026-09-15",2257,"N20","nominal","2.0NRT",289,0.53,"N"
"4295",39.66284,47.29274,307.47,0.39,0.36,"2026-09-15",2257,"N20","nominal","2.0NRT",289.5,0.8,"N"
"4296",39.64914,47.31243,301.18,0.39,0.36,"2026-09-15",2257,"N20","nominal","2.0NRT",288.66,0.28,"N"
"4297",39.85575,44.7335,305.14,0.39,0.36,"2026-09-15",2257,"N20","nominal","2.0NRT",289.78,1,"N"
"4298",36.48025,59.7436,303.01,0.55,0.68,"2026-09-15",2257,"N20","nominal","2.0NRT",286.56,1.62,"N"
"4299",40.55398,34.15229,300.92,0.38,0.59,"2026-09-15",2257,"N20","nominal","2.0NRT",282.5,0.57,"N"
"4300",40.55327,34.16629,299.11,0.38,0.59,"2026-09-15",2257,"N20","nominal","2.0NRT",282.88,1.16,"N"
"4301",40.54855,34.15147,301.59,0.38,0.59,"2026-09-15",2257,"N20","nominal","2.0NRT",283.03,0.57,"N"
"4302",40.54761,34.17017,309.46,0.38,0.59,"2026-09-15",2257,"N20","nominal","2.0NRT",283.46,1.71,"N"
"4303",39.58614,43.9024,300.74,0.4,0.37,"2026-09-15",2257,"N20","nominal","2.0NRT",282.89,0.56,"N"
"4304",39.58537,43.90091,302.24,0.4,0.37,"2026-09-15",2257,"N20","nominal","2.0NRT",282.51,0.6,"N"
"4305",39.30951,44.81532,296.04,0.39,0.36,"2026-09-15",2257,"N20","nominal","2.0NRT",284.45,0.21,"N"
"4306",36.34033,58.66315,304.62,0.49,0.65,"2026-09-15",2257,"N20","nominal","2.0NRT",284.38,1.36,"N"
"4307",36.33889,58.66824,297.67,0.49,0.65,"2026-09-15",2257,"N20","nominal","2.0NRT",286.33,1.88,"N"
"4308",36.99003,56.23088,305.19,0.35,0.57,"2026-09-15",2257,"N20","nominal","2.0NRT",285.82,0.72,"N"
"4309",40.05331,35.02418,323.76,0.34,0.56,"2026-09-15",2257,"N20","nominal","2.0NRT",282.82,1.95,"N"
"4310",38.43171,48.42466,304.02,0.42,0.38,"2026-09-15",2257,"N20","nominal","2.0NRT",286.66,0.78,"N"
"4311",40.05174,35.02604,322.87,0.34,0.56,"2026-09-15",2257,"N20","nominal","2.0NRT",282.43,2.27,"N"
"4312",36.94558,54.88992,316.2,0.59,0.53,"2026-09-15",2257,"N20","nominal","2.0NRT",294.26,2.65,"N"
"4313",39.94715,33.18779,298.37,0.42,0.61,"2026-09-15",2257,"N20","nominal","2.0NRT",279.65,1.01,"N"
"4314",39.94501,33.19159,297.53,0.42,0.61,"2026-09-15",2257,"N20","nominal","2.0NRT",279.82,0.62,"N"
"4315",39.73647,33.45935,303.66,0.41,0.6,"2026-09-15",2257,"N20","nominal","2.0NRT",284.62,0.96,"N"
"4316",39.73624,33.46414,295.74,0.41,0.6,"2026-09-15",2257,"N20","nominal","2.0NRT",284.87,0.64,"N"
"4317",39.65932,33.89997,298.92,0.39,0.59,"2026-09-15",2257,"N20","nominal","2.0NRT",278.8,1.23,"N"
"4318",39.6263,33.90126,305.42,0.39,0.59,"2026-09-15",2257,"N20","nominal","2.0NRT",282.18,0.92,"N"
"4319",39.60842,33.92849,298.77,0.38,0.59,"2026-09-15",2257,"N20","nominal","2.0NRT",283.6,1.01,"N"
"4320",39.60272,33.93281,316.39,0.38,0.59,"2026-09-15",2257,"N20","nominal","2.0NRT",282.85,1.01,"N"
"4321",39.59675,33.94244,304.09,0.38,0.59,"2026-09-15",2257,"N20","nominal","2.0NRT",282.45,0.64,"N"
"4322",39.52269,34.90469,300.67,0.34,0.56,"2026-09-15",2257,"N20","nominal","2.0NRT",283.1,0.77,"N"
"4323",39.52116,34.90504,304.2,0.34,0.56,"2026-09-15",2257,"N20","nominal","2.0NRT",282.84,0.8,"N"
"4324",38.2516,46.0249,296.28,0.39,0.36,"2026-09-15",2257,"N20","nominal","2.0NRT",285.09,0.59,"N"
"4325",38.24878,46.04224,304.23,0.39,0.36,"2026-09-15",2257,"N20","nominal","2.0NRT",289.7,1.03,"N"
"4326",36.83649,53.25272,307.03,0.49,0.48,"2026-09-15",2257,"N20","nominal","2.0NRT",293.64,1.1,"N"
"4327",39.57318,32.04632,295.62,0.49,0.65,"2026-09-15",2257,"N20","nominal","2.0NRT",281.69,0.46,"N"
"4328",37.63896,49.08304,304.63,0.45,0.39,"2026-09-15",2257,"N20","nominal","2.0NRT",292.57,0.53,"N"
"4329",38.17513,45.8857,296.52,0.38,0.36,"2026-09-15",2257,"N20","nominal","2.0NRT",285.72,0.34,"N"
"4330",39.45896,33.60798,309.89,0.4,0.6,"2026-09-15",2257,"N20","nominal","2.0NRT",280.87,1.27,"N"
"4331",39.45872,33.61269,309.46,0.4,0.6,"2026-09-15",2257,"N20","nominal","2.0NRT",282.05,1.27,"N"
"4332",39.43597,33.51085,301.22,0.4,0.6,"2026-09-15",2257,"N20","nominal","2.0NRT",282.49,0.77,"N"
"4333",39.41565,33.58318,307.91,0.4,0.6,"2026-09-15",2257,"N20","nominal","2.0NRT",281.99,1.09,"N"
"4334",39.40585,33.55547,297.27,0.4,0.6,"2026-09-15",2257,"N20","nominal","2.0NRT",283.22,0.81,"N"
"4335",39.40563,33.56011,303.77,0.4,0.6,"2026-09-15",2257,"N20","nominal","2.0NRT",283.01,2.2,"N"
"4336",39.40031,33.55478,298.06,0.4,0.6,"2026-09-15",2257,"N20","nominal","2.0NRT",283.43,0.81,"N"
"4337",36.29539,54.78827,298.98,0.61,0.53,"2026-09-15",2257,"N20","nominal","2.0NRT",287.6,0.53,"N"
"4338",39.3889,33.67518,308.57,0.4,0.6,"2026-09-15",2257,"N20","nominal","2.0NRT",282.73,1.87,"N"
"4339",39.38869,33.67955,307.14,0.39,0.6,"2026-09-15",2257,"N20","nominal","2.0NRT",282.77,1.3,"N"
"4340",39.33211,34.73524,299.58,0.35,0.56,"2026-09-15",2257,"N20","nominal","2.0NRT",283.91,1.06,"N"
"4341",39.33187,34.73945,308.88,0.35,0.56,"2026-09-15",2257,"N20","nominal","2.0NRT",284.27,1.06,"N"
"4342",38.13511,45.75362,307.4,0.38,0.36,"2026-09-15",2257,"N20","nominal","2.0NRT",288.58,0.81,"N"
"4343",39.38337,33.67487,319.33,0.4,0.6,"2026-09-15",2257,"N20","nominal","2.0NRT",282.56,1.87,"N"
"4344",39.38316,33.67921,300.09,0.39,0.6,"2026-09-15",2257,"N20","nominal","2.0NRT",282.94,1.3,"N"
"4345",39.38295,33.68362,300.94,0.39,0.6,"2026-09-15",2257,"N20","nominal","2.0NRT",282.89,1.3,"N"
"4346",38.13184,45.75278,298.78,0.38,0.36,"2026-09-15",2257,"N20","nominal","2.0NRT",286.66,0.81,"N"
"4347",39.38281,33.57058,295.81,0.4,0.6,"2026-09-15",2257,"N20","nominal","2.0NRT",281.04,0.4,"N"
"4348",39.37742,33.68325,295.81,0.39,0.6,"2026-09-15",2257,"N20","nominal","2.0NRT",282.49,1.59,"N"
"4349",39.37721,33.68765,298.37,0.39,0.6,"2026-09-15",2257,"N20","nominal","2.0NRT",282.91,0.9,"N"
"4350",39.37788,33.55715,295.49,0.4,0.6,"2026-09-15",2257,"N20","nominal","2.0NRT",281.53,0.52,"N"
"4351",39.37767,33.56148,301.88,0.4,0.6,"2026-09-15",2257,"N20","nominal","2.0NRT",282.19,0.52,"N"
"4352",39.37639,33.58846,304.97,0.4,0.6,"2026-09-15",2257,"N20","nominal","2.0NRT",281.18,0.49,"N"
"4353",38.135,45.69053,303.26,0.38,0.36,"2026-09-15",2257,"N20","nominal","2.0NRT",287.05,0.46,"N"
"4354",38.13104,45.69401,299.15,0.38,0.36,"2026-09-15",2257,"N20","nominal","2.0NRT",287.42,1.1,"N"
"4355",38.12985,45.6802,297.68,0.38,0.36,"2026-09-15",2257,"N20","nominal","2.0NRT",286.93,1.06,"N"
"4356",38.12262,45.68286,301.16,0.38,0.36,"2026-09-15",2257,"N20","nominal","2.0NRT",287.17,1.3,"N"
"4357",38.11868,45.68343,296.97,0.38,0.36,"2026-09-15",2257,"N20","nominal","2.0NRT",286.41,0.49,"N"
"4358",39.40107,33.55683,309.67,0.4,0.6,"2026-09-15",2257,"N20","nominal","2.0NRT",283.6,1.22,"N"
"4359",39.33136,34.73596,309.75,0.35,0.56,"2026-09-15",2257,"N20","nominal","2.0NRT",284.04,1.12,"N"
"4360",39.33109,34.74018,306.27,0.34,0.56,"2026-09-15",2257,"N20","nominal","2.0NRT",283.95,1.12,"N"
"4361",39.38897,33.67698,318.85,0.39,0.6,"2026-09-15",2257,"N20","nominal","2.0NRT",282.72,1.76,"N"
"4362",39.38345,33.6767,313.69,0.39,0.6,"2026-09-15",2257,"N20","nominal","2.0NRT",282.85,2.49,"N"
"4363",39.38321,33.68106,308.39,0.39,0.6,"2026-09-15",2257,"N20","nominal","2.0NRT",283.17,0.96,"N"
"4364",39.37768,33.68072,295.28,0.39,0.6,"2026-09-15",2257,"N20","nominal","2.0NRT",282.41,0.96,"N"
"4365",39.37744,33.68509,303.99,0.39,0.6,"2026-09-15",2257,"N20","nominal","2.0NRT",282.65,0.96,"N"
"4366",39.37863,33.55915,300.58,0.4,0.6,"2026-09-15",2257,"N20","nominal","2.0NRT",281.49,1.18,"N"
"4367",39.37286,33.56282,320.06,0.4,0.6,"2026-09-15",2257,"N20","nominal","2.0NRT",282.37,1.18,"N"
"4368",39.37308,33.55852,302.39,0.4,0.6,"2026-09-15",2257,"N20","nominal","2.0NRT",281.95,1.18,"N"
"4369",39.37165,33.58562,308.31,0.4,0.6,"2026-09-15",2257,"N20","nominal","2.0NRT",281.07,1.08,"N"
"4370",39.3714,33.59036,302.23,0.4,0.6,"2026-09-15",2257,"N20","nominal","2.0NRT",281.07,1.08,"N"
"4371",39.36663,33.68003,304.4,0.39,0.6,"2026-09-15",2257,"N20","nominal","2.0NRT",282.05,1.26,"N"
"4372",39.36731,33.56231,310.76,0.4,0.6,"2026-09-15",2257,"N20","nominal","2.0NRT",282.05,0.92,"N"
"4373",39.36356,33.63338,305.14,0.4,0.6,"2026-09-15",2257,"N20","nominal","2.0NRT",283.29,1.23,"N"
"4374",39.36199,33.55727,303.34,0.4,0.6,"2026-09-15",2257,"N20","nominal","2.0NRT",281.71,0.92,"N"
"4375",39.36175,33.56187,298.46,0.4,0.6,"2026-09-15",2257,"N20","nominal","2.0NRT",281.45,0.92,"N"
"4376",39.26323,35.22374,300.04,0.32,0.55,"2026-09-15",2257,"N20","nominal","2.0NRT",284.13,0.75,"N"
"4377",39.263,35.22728,300.99,0.32,0.55,"2026-09-15",2257,"N20","nominal","2.0NRT",284.32,0.77,"N"
"4378",39.35472,33.58988,302.8,0.4,0.6,"2026-09-15",2257,"N20","nominal","2.0NRT",281.79,0.68,"N"
"4379",39.29119,34.70714,302.13,0.35,0.56,"2026-09-15",2257,"N20","nominal","2.0NRT",282.52,0.51,"N"
"4380",39.3465,33.64104,300.2,0.4,0.6,"2026-09-15",2257,"N20","nominal","2.0NRT",283.89,0.97,"N"
"4381",39.23844,34.79963,298.5,0.34,0.56,"2026-09-15",2257,"N20","nominal","2.0NRT",284.27,0.79,"N"
"4382",35.12045,58.63382,301.44,0.52,0.67,"2026-09-15",2257,"N20","nominal","2.0NRT",288.68,0.97,"N"
"4383",38.95239,37.63997,298.36,0.48,0.48,"2026-09-15",2257,"N20","nominal","2.0NRT",282.49,0.46,"N"
"4384",37.74541,46.94558,306.5,0.4,0.37,"2026-09-15",2257,"N20","nominal","2.0NRT",282.31,0.59,"N"
"4385",39.15726,34.74503,298,0.34,0.56,"2026-09-15",2257,"N20","nominal","2.0NRT",281.46,0.32,"N"
"4386",39.15102,34.76155,319.32,0.34,0.56,"2026-09-15",2257,"N20","nominal","2.0NRT",283.01,1.71,"N"
"4387",39.12223,34.71796,306.19,0.34,0.56,"2026-09-15",2257,"N20","nominal","2.0NRT",281.81,0.98,"N"
"4388",37.16987,49.59408,309.06,0.48,0.4,"2026-09-15",2257,"N20","nominal","2.0NRT",292.01,1.09,"N"
"4389",39.06926,34.7978,337.58,0.34,0.56,"2026-09-15",2257,"N20","nominal","2.0NRT",283.17,2.03,"N"
"4390",39.06952,34.79382,305.93,0.34,0.56,"2026-09-15",2257,"N20","nominal","2.0NRT",281.32,2.03,"N"
"4391",39.06458,34.78922,303.15,0.34,0.56,"2026-09-15",2257,"N20","nominal","2.0NRT",281.28,0.59,"N"
"4392",39.08801,31.8619,298.2,0.49,0.65,"2026-09-15",2257,"N20","nominal","2.0NRT",279.38,0.49,"N"
"4393",38.94573,34.4007,297.79,0.36,0.57,"2026-09-15",2257,"N20","nominal","2.0NRT",283.19,0.89,"N"
"4394",38.94379,34.43418,298.23,0.36,0.57,"2026-09-15",2257,"N20","nominal","2.0NRT",282.9,0.36,"N"
"4395",38.93779,34.44624,298.79,0.36,0.57,"2026-09-15",2257,"N20","nominal","2.0NRT",283.08,0.35,"N"
"4396",38.86776,32.44262,306.31,0.46,0.63,"2026-09-15",2257,"N20","nominal","2.0NRT",277.17,0.92,"N"
"4397",37.59219,45.00079,307.26,0.38,0.36,"2026-09-15",2257,"N20","nominal","2.0NRT",287.08,0.76,"N"
"4398",37.09785,47.90191,308.65,0.42,0.38,"2026-09-15",2257,"N20","nominal","2.0NRT",286.73,0.73,"N"
"4399",37.42407,46.00864,306.04,0.39,0.36,"2026-09-15",2257,"N20","nominal","2.0NRT",288.08,0.92,"N"
"4400",37.96198,41.70219,307.91,0.45,0.39,"2026-09-15",2257,"N20","nominal","2.0NRT",293.75,1.08,"N"
"4401",37.45836,45.07204,296.35,0.38,0.36,"2026-09-15",2257,"N20","nominal","2.0NRT",284.22,0.18,"N"
"4402",36.65299,49.51582,303.59,0.49,0.4,"2026-09-15",2257,"N20","nominal","2.0NRT",292.47,0.5,"N"
"4403",38.01859,40.28032,328.84,0.52,0.41,"2026-09-15",2257,"N20","nominal","2.0NRT",292,3.14,"N"
"4404",37.32327,45.28083,318.15,0.38,0.36,"2026-09-15",2257,"N20","nominal","2.0NRT",292.59,1.89,"N"
"4405",38.02419,39.86236,303.79,0.54,0.42,"2026-09-15",2257,"N20","nominal","2.0NRT",292.09,0.82,"N"
"4406",35.8288,52.84024,295.66,0.49,0.48,"2026-09-15",2257,"N20","nominal","2.0NRT",283.81,0.92,"N"
"4407",35.82304,52.80431,300.01,0.49,0.48,"2026-09-15",2257,"N20","nominal","2.0NRT",283.31,1.17,"N"
"4408",35.63872,53.47867,311.02,0.53,0.5,"2026-09-15",2257,"N20","nominal","2.0NRT",293.35,1.32,"N"
"4409",36.67546,48.33966,298.57,0.44,0.38,"2026-09-15",2257,"N20","nominal","2.0NRT",286.08,0.68,"N"
"4410",36.67418,48.34311,298.03,0.44,0.38,"2026-09-15",2257,"N20","nominal","2.0NRT",285.14,0.46,"N"
"4411",36.56517,48.80756,318.75,0.46,0.39,"2026-09-15",2257,"N20","nominal","2.0NRT",285.12,1.91,"N"
"4412",36.15289,50.28397,301.26,0.54,0.42,"2026-09-15",2257,"N20","nominal","2.0NRT",289.65,1.2,"N"
"4413",36.01968,50.59477,304.42,0.56,0.43,"2026-09-15",2257,"N20","nominal","2.0NRT",291.1,0.94,"N"
"4414",36.98948,45.3409,301.17,0.38,0.36,"2026-09-15",2257,"N20","nominal","2.0NRT",281.47,0.54,"N"
"4415",36.01583,50.59363,299.81,0.56,0.43,"2026-09-15",2257,"N20","nominal","2.0NRT",289.78,0.94,"N"
"4416",36.81613,46.14973,298.84,0.39,0.36,"2026-09-15",2257,"N20","nominal","2.0NRT",287.64,0.65,"N"
"4417",35.76038,51.66748,299.58,0.43,0.46,"2026-09-15",2257,"N20","nominal","2.0NRT",286.58,0.44,"N"
"4418",35.69948,51.78666,306.14,0.43,0.46,"2026-09-15",2257,"N20","nominal","2.0NRT",290.29,1.27,"N"
"4419",36.12683,49.30867,302.01,0.49,0.4,"2026-09-15",2257,"N20","nominal","2.0NRT",285.36,1.05,"N"
"4420",35.73182,51.00598,303.46,0.39,0.44,"2026-09-15",2257,"N20","nominal","2.0NRT",293.23,0.79,"N"
"4421",33.63151,59.16605,295.04,0.61,0.71,"2026-09-15",2257,"N20","nominal","2.0NRT",284.71,1.01,"N"
"4422",35.57703,51.51107,325.31,0.42,0.45,"2026-09-15",2257,"N20","nominal","2.0NRT",298.01,3.05,"N"
"4423",35.5648,51.50748,309.63,0.42,0.45,"2026-09-15",2257,"N20","nominal","2.0NRT",288.14,1.24,"N"
"4424",35.55458,51.49459,299.52,0.42,0.45,"2026-09-15",2257,"N20","nominal","2.0NRT",285.79,0.38,"N"
"4425",37.33907,40.80143,303.13,0.48,0.4,"2026-09-15",2257,"N20","nominal","2.0NRT",292.18,1.06,"N"
"4426",35.54396,51.42383,309.88,0.42,0.45,"2026-09-15",2257,"N20","nominal","2.0NRT",296.13,2.49,"N"
"4427",35.53588,51.42125,312.35,0.42,0.45,"2026-09-15",2257,"N20","nominal","2.0NRT",294.25,2.85,"N"
"4428",37.13705,42.1523,304.59,0.43,0.38,"2026-09-15",2257,"N20","nominal","2.0NRT",291.93,0.72,"N"
"4429",35.52168,51.40715,309,0.42,0.45,"2026-09-15",2257,"N20","nominal","2.0NRT",291.56,1.41,"N"
"4430",35.52071,51.41161,312.01,0.42,0.45,"2026-09-15",2257,"N20","nominal","2.0NRT",291.05,1.41,"N"
"4431",37.08,42.55577,312.46,0.42,0.38,"2026-09-15",2257,"N20","nominal","2.0NRT",297.66,1.87,"N"
"4432",35.46436,51.45934,325.07,0.42,0.45,"2026-09-15",2257,"N20","nominal","2.0NRT",285.75,2.26,"N"
"4433",36.90754,43.39022,301.17,0.4,0.37,"2026-09-15",2257,"N20","nominal","2.0NRT",289.95,0.47,"N"
"4434",35.70331,50.30222,302.75,0.55,0.42,"2026-09-15",2257,"N20","nominal","2.0NRT",288.14,0.77,"N"
"4435",37.00118,42.69946,307.63,0.41,0.37,"2026-09-15",2257,"N20","nominal","2.0NRT",294.75,1.34,"N"
"4436",35.52829,51.12048,302.49,0.4,0.44,"2026-09-15",2257,"N20","nominal","2.0NRT",287.96,0.65,"N"
"4437",36.99778,42.69869,327.77,0.41,0.37,"2026-09-15",2257,"N20","nominal","2.0NRT",295.8,5.48,"N"
"4438",36.99438,42.69793,336.75,0.41,0.37,"2026-09-15",2257,"N20","nominal","2.0NRT",296.59,5.48,"N"
"4439",36.8918,43.42778,320.86,0.4,0.37,"2026-09-15",2257,"N20","nominal","2.0NRT",292.53,1.51,"N"
"4440",36.99097,42.69717,344.3,0.41,0.37,"2026-09-15",2257,"N20","nominal","2.0NRT",297.04,5.84,"N"
"4441",36.99161,42.69255,319.49,0.41,0.37,"2026-09-15",2257,"N20","nominal","2.0NRT",293.86,1.69,"N"
"4442",36.86963,43.48603,324.68,0.4,0.37,"2026-09-15",2257,"N20","nominal","2.0NRT",293.66,1.44,"N"
"4443",37.84189,33.21167,311.85,0.41,0.6,"2026-09-15",2257,"N20","nominal","2.0NRT",284.21,1.49,"N"
"4444",36.92094,42.77458,303.9,0.41,0.37,"2026-09-15",2257,"N20","nominal","2.0NRT",293.88,5.47,"N"
"4445",36.91755,42.77383,344.77,0.41,0.37,"2026-09-15",2257,"N20","nominal","2.0NRT",298.57,5.47,"N"
"4446",36.91415,42.77308,310.42,0.41,0.37,"2026-09-15",2257,"N20","nominal","2.0NRT",293.51,0.89,"N"
"4447",37.84362,33.21059,305.64,0.41,0.6,"2026-09-15",2257,"N20","nominal","2.0NRT",283.87,1.89,"N"
"4448",37.07685,41.50345,311.29,0.45,0.39,"2026-09-15",2257,"N20","nominal","2.0NRT",291.24,1.22,"N"
"4449",37.0762,41.50851,319.27,0.45,0.39,"2026-09-15",2257,"N20","nominal","2.0NRT",292.46,1.19,"N"
"4450",37.07555,41.51357,305.22,0.45,0.39,"2026-09-15",2257,"N20","nominal","2.0NRT",291.34,1.19,"N"
"4451",36.96534,42.08346,317.7,0.43,0.38,"2026-09-15",2257,"N20","nominal","2.0NRT",292.03,0.92,"N"
"4452",36.93966,42.25014,329.05,0.43,0.38,"2026-09-15",2257,"N20","nominal","2.0NRT",294.12,2.35,"N"
"4453",35.37181,51.25531,303.34,0.41,0.45,"2026-09-15",2257,"N20","nominal","2.0NRT",288.15,1.13,"N"
"4454",36.96219,42.05311,314.66,0.43,0.38,"2026-09-15",2257,"N20","nominal","2.0NRT",292.46,1.02,"N"
"4455",36.9362,42.24939,310.75,0.43,0.38,"2026-09-15",2257,"N20","nominal","2.0NRT",292.85,0.93,"N"
"4456",36.94856,42.12952,330.05,0.43,0.38,"2026-09-15",2257,"N20","nominal","2.0NRT",299.17,7.74,"N"
"4457",36.94287,42.17248,309.95,0.43,0.38,"2026-09-15",2257,"N20","nominal","2.0NRT",294.61,1.04,"N"
"4458",36.77724,43.3253,343.49,0.4,0.37,"2026-09-15",2257,"N20","nominal","2.0NRT",301.83,6.48,"N"
"4459",36.85516,42.76965,301.38,0.41,0.37,"2026-09-15",2257,"N20","nominal","2.0NRT",289.64,0.39,"N"
"4460",36.85113,42.77351,302.79,0.41,0.37,"2026-09-15",2257,"N20","nominal","2.0NRT",290.26,0.53,"N"
"4461",37.02111,41.42464,301.23,0.45,0.39,"2026-09-15",2257,"N20","nominal","2.0NRT",289.96,0.58,"N"
"4462",35.48983,50.20682,298.4,0.55,0.42,"2026-09-15",2257,"N20","nominal","2.0NRT",287.16,0.67,"N"
"4463",37.00552,40.76009,300.81,0.48,0.4,"2026-09-15",2257,"N20","nominal","2.0NRT",290.06,0.47,"N"
"4464",36.65194,43.41688,313.53,0.4,0.37,"2026-09-15",2257,"N20","nominal","2.0NRT",291.88,0.84,"N"
"4465",37.35065,37.16216,306.97,0.49,0.48,"2026-09-15",2257,"N20","nominal","2.0NRT",292.59,1.63,"N"
"4466",37.29463,37.1528,302.15,0.49,0.48,"2026-09-15",2257,"N20","nominal","2.0NRT",290.92,1.7,"N"
"4467",36.77621,41.48084,315.8,0.45,0.39,"2026-09-15",2257,"N20","nominal","2.0NRT",290.03,1.03,"N"
"4468",36.77266,41.48013,300.43,0.45,0.39,"2026-09-15",2257,"N20","nominal","2.0NRT",289.48,1.03,"N"
"4469",35.2612,50.42165,304.03,0.56,0.43,"2026-09-15",2257,"N20","nominal","2.0NRT",286.2,2.08,"N"
"4470",36.79119,41.20053,305.28,0.46,0.39,"2026-09-15",2257,"N20","nominal","2.0NRT",288.94,0.72,"N"
"4471",35.26176,50.42048,307.85,0.57,0.43,"2026-09-15",2257,"N20","nominal","2.0NRT",287.1,1.18,"N"
"4472",36.78761,41.19983,306.19,0.46,0.39,"2026-09-15",2257,"N20","nominal","2.0NRT",289.27,0.72,"N"
"4473",36.3511,44.03007,337.52,0.39,0.36,"2026-09-15",2257,"N20","nominal","2.0NRT",292.51,3.36,"N"
"4474",36.35046,44.03435,307.62,0.39,0.36,"2026-09-15",2257,"N20","nominal","2.0NRT",291.17,0.7,"N"
"4475",36.57918,42.35645,306.05,0.42,0.38,"2026-09-15",2257,"N20","nominal","2.0NRT",289.7,1.15,"N"
"4476",36.44432,42.92853,306.39,0.4,0.37,"2026-09-15",2257,"N20","nominal","2.0NRT",294.05,1.56,"N"
"4477",37.07616,37.4067,306.33,0.47,0.48,"2026-09-15",2257,"N20","nominal","2.0NRT",290.81,0.98,"N"
"4478",36.67307,40.74265,302.83,0.48,0.4,"2026-09-15",2257,"N20","nominal","2.0NRT",289.46,0.53,"N"
"4479",36.77876,39.61663,309.9,0.54,0.42,"2026-09-15",2257,"N20","nominal","2.0NRT",288.82,1.66,"N"
"4480",36.77784,39.61522,308.39,0.54,0.42,"2026-09-15",2257,"N20","nominal","2.0NRT",288.63,1.46,"N"
"4481",36.28831,43.33067,310.86,0.4,0.37,"2026-09-15",2257,"N20","nominal","2.0NRT",290.33,0.95,"N"
"4482",36.62803,40.74856,303.54,0.48,0.4,"2026-09-15",2257,"N20","nominal","2.0NRT",289.43,1,"N"
"4483",36.62737,40.75388,306.87,0.48,0.4,"2026-09-15",2257,"N20","nominal","2.0NRT",289.74,1,"N"
"4484",36.69093,40.13074,303.55,0.51,0.41,"2026-09-15",2257,"N20","nominal","2.0NRT",291.19,0.79,"N"
"4485",37.02119,36.1064,304.1,0.55,0.51,"2026-09-15",2257,"N20","nominal","2.0NRT",292.11,1.53,"N"
"4486",36.30811,42.37457,321.73,0.42,0.37,"2026-09-15",2257,"N20","nominal","2.0NRT",295.36,1.35,"N"
"4487",36.30874,42.36995,307.3,0.42,0.37,"2026-09-15",2257,"N20","nominal","2.0NRT",294.87,1.35,"N"
"4488",36.30747,42.37919,309.13,0.42,0.37,"2026-09-15",2257,"N20","nominal","2.0NRT",294.49,0.92,"N"
"4489",36.30532,42.36924,305.54,0.42,0.37,"2026-09-15",2257,"N20","nominal","2.0NRT",294.04,0.98,"N"
"4490",36.3019,42.36852,313.3,0.42,0.37,"2026-09-15",2257,"N20","nominal","2.0NRT",294,0.98,"N"
"4491",36.29721,42.37703,312.22,0.42,0.37,"2026-09-15",2257,"N20","nominal","2.0NRT",295.55,3.19,"N"
"4492",36.29657,42.38165,308,0.42,0.37,"2026-09-15",2257,"N20","nominal","2.0NRT",295.67,3.19,"N"
"4493",36.29379,42.37631,341.56,0.42,0.37,"2026-09-15",2257,"N20","nominal","2.0NRT",298.25,3.19,"N"
"4494",36.09783,43.63145,301.43,0.39,0.36,"2026-09-15",2257,"N20","nominal","2.0NRT",290.93,0.54,"N"
"4495",36.08266,43.64142,311.62,0.39,0.36,"2026-09-15",2257,"N20","nominal","2.0NRT",294.4,0.63,"N"
"4496",36.0191,43.6821,329.55,0.39,0.36,"2026-09-15",2259,"N20","nominal","2.0NRT",297.08,2.49,"N"
"4497",36.00031,43.76219,325.23,0.39,0.36,"2026-09-15",2259,"N20","nominal","2.0NRT",295.8,2.22,"N"
"4498",35.997,43.76144,318.87,0.39,0.36,"2026-09-15",2259,"N20","nominal","2.0NRT",295.29,1.94,"N"
"4499",35.98185,43.77133,329.37,0.39,0.36,"2026-09-15",2259,"N20","nominal","2.0NRT",301.63,3.34,"N"
"4500",35.98249,43.76705,316.14,0.39,0.36,"2026-09-15",2259,"N20","nominal","2.0NRT",297.62,2.9,"N"
"4501",35.95389,43.72961,315.88,0.39,0.36,"2026-09-15",2259,"N20","nominal","2.0NRT",295.59,1.15,"N"
"4502",36.17547,41.8676,302.14,0.43,0.38,"2026-09-15",2259,"N20","nominal","2.0NRT",291.61,0.91,"N"
"4503",36.17819,41.86623,307.15,0.43,0.38,"2026-09-15",2259,"N20","nominal","2.0NRT",291.19,1.05,"N"
"4504",36.87323,34.76324,308.39,0.33,0.55,"2026-09-15",2259,"N20","nominal","2.0NRT",291.78,0.73,"N"
"4505",35.66836,45.00414,335.06,0.38,0.36,"2026-09-15",2259,"N20","nominal","2.0NRT",295.25,2.93,"N"
"4506",34.55421,50.96065,305.48,0.41,0.45,"2026-09-15",2259,"N20","nominal","2.0NRT",291.75,1.03,"N"
"4507",36.84946,34.66321,305.11,0.33,0.55,"2026-09-15",2259,"N20","nominal","2.0NRT",291.13,0.37,"N"
"4508",35.62462,45.21175,318.33,0.39,0.36,"2026-09-15",2259,"N20","nominal","2.0NRT",295.86,1.54,"N"
"4509",35.63643,45.09678,304.44,0.38,0.36,"2026-09-15",2259,"N20","nominal","2.0NRT",294.25,0.86,"N"
"4510",35.63316,45.09599,305.41,0.38,0.36,"2026-09-15",2259,"N20","nominal","2.0NRT",291.86,0.56,"N"
"4511",35.77468,43.99499,341.9,0.39,0.36,"2026-09-15",2259,"N20","nominal","2.0NRT",296.96,3.24,"N"
"4512",35.60571,45.07626,304.88,0.38,0.36,"2026-09-15",2259,"N20","nominal","2.0NRT",294.11,0.66,"N"
"4513",35.60164,45.10145,316.6,0.38,0.36,"2026-09-15",2259,"N20","nominal","2.0NRT",295.24,1.01,"N"
"4514",35.77139,43.99422,321.91,0.39,0.36,"2026-09-15",2259,"N20","nominal","2.0NRT",295.81,2.87,"N"
"4515",35.60508,44.90823,309.1,0.38,0.36,"2026-09-15",2259,"N20","nominal","2.0NRT",293.34,1,"N"
"4516",35.72849,44.03031,321,0.39,0.36,"2026-09-15",2259,"N20","nominal","2.0NRT",293.69,1.5,"N"
"4517",35.7272,44.03878,329.21,0.39,0.36,"2026-09-15",2259,"N20","nominal","2.0NRT",295.68,1.93,"N"
"4518",35.72656,44.04301,327.32,0.39,0.36,"2026-09-15",2259,"N20","nominal","2.0NRT",298.33,2.58,"N"
"4519",35.72784,44.03455,309.85,0.39,0.36,"2026-09-15",2259,"N20","nominal","2.0NRT",294.3,1.93,"N"
"4520",35.72391,44.03802,329.24,0.39,0.36,"2026-09-15",2259,"N20","nominal","2.0NRT",295.58,3.14,"N"
"4521",35.72327,44.04225,327.29,0.39,0.36,"2026-09-15",2259,"N20","nominal","2.0NRT",297.6,2.97,"N"
"4522",35.53663,45.22728,312.46,0.39,0.36,"2026-09-15",2259,"N20","nominal","2.0NRT",293.1,1.22,"N"
"4523",36.13295,40.81087,313.85,0.47,0.4,"2026-09-15",2259,"N20","nominal","2.0NRT",295.9,1.57,"N"
"4524",35.67927,44.06274,311.09,0.39,0.36,"2026-09-15",2259,"N20","nominal","2.0NRT",296.12,1.23,"N"
"4525",35.67863,44.06697,317.81,0.39,0.36,"2026-09-15",2259,"N20","nominal","2.0NRT",295.3,1.91,"N"
"4526",35.68707,43.87607,327.53,0.39,0.36,"2026-09-15",2259,"N20","nominal","2.0NRT",310.08,24.35,"N"
"4527",35.68377,43.87532,341.27,0.39,0.36,"2026-09-15",2259,"N20","nominal","2.0NRT",299.83,24.35,"N"
"4528",35.66376,43.96288,329.05,0.39,0.36,"2026-09-15",2259,"N20","nominal","2.0NRT",295.5,2.41,"N"
"4529",35.66312,43.96712,311.46,0.39,0.36,"2026-09-15",2259,"N20","nominal","2.0NRT",295.96,1.71,"N"
"4530",35.62968,44.0094,335.53,0.39,0.36,"2026-09-15",2259,"N20","nominal","2.0NRT",313.99,27.4,"N"
"4531",35.58228,44.2518,312.44,0.38,0.36,"2026-09-15",2259,"N20","nominal","2.0NRT",296.8,1.4,"N"
"4532",35.56722,44.28316,306.51,0.38,0.36,"2026-09-15",2259,"N20","nominal","2.0NRT",295.91,0.71,"N"
"4533",35.56395,44.2824,329.84,0.38,0.36,"2026-09-15",2259,"N20","nominal","2.0NRT",298.21,4.37,"N"
"4534",35.53513,44.33666,334.9,0.38,0.36,"2026-09-15",2259,"N20","nominal","2.0NRT",296.95,4.26,"N"
"4535",35.5312,44.3401,341.06,0.38,0.36,"2026-09-15",2259,"N20","nominal","2.0NRT",297.9,4.24,"N"
"4536",35.52727,44.34354,335.71,0.38,0.36,"2026-09-15",2259,"N20","nominal","2.0NRT",298.08,2.79,"N"
"4537",35.52792,44.33933,313.23,0.38,0.36,"2026-09-15",2259,"N20","nominal","2.0NRT",294.4,2.79,"N"
"4538",35.46058,44.42057,328.44,0.38,0.36,"2026-09-15",2259,"N20","nominal","2.0NRT",298.66,4.14,"N"
"4539",35.4573,44.4198,325.94,0.38,0.36,"2026-09-15",2259,"N20","nominal","2.0NRT",297.46,4.14,"N"
"4540",35.48846,44.15298,326.33,0.39,0.36,"2026-09-15",2259,"N20","nominal","2.0NRT",309.93,11.54,"N"
"4541",35.48782,44.15719,310.56,0.39,0.36,"2026-09-15",2259,"N20","nominal","2.0NRT",293.38,9.48,"N"
"4542",35.48518,44.15223,303.41,0.39,0.36,"2026-09-15",2259,"N20","nominal","2.0NRT",291.6,11.54,"N"
"4543",35.40981,44.22189,318.36,0.38,0.36,"2026-09-15",2259,"N20","nominal","2.0NRT",290.88,0.88,"N"
"4544",35.38654,44.21819,332.12,0.38,0.36,"2026-09-15",2259,"N20","nominal","2.0NRT",296.2,6.74,"N"
"4545",35.3263,44.32149,323.8,0.38,0.36,"2026-09-15",2259,"N20","nominal","2.0NRT",296.02,1.59,"N"
"4546",35.06437,45.80876,324.51,0.39,0.36,"2026-09-15",2259,"N20","nominal","2.0NRT",295.38,2.6,"N"
"4547",35.29549,44.18975,304.66,0.38,0.36,"2026-09-15",2259,"N20","nominal","2.0NRT",290.57,0.71,"N"
"4548",35.25569,44.42334,307.51,0.38,0.36,"2026-09-15",2259,"N20","nominal","2.0NRT",296.32,0.73,"N"
"4549",35.24782,44.43017,326.84,0.38,0.36,"2026-09-15",2259,"N20","nominal","2.0NRT",308.47,14.51,"N"
"4550",35.24454,44.42941,310.48,0.38,0.36,"2026-09-15",2259,"N20","nominal","2.0NRT",295.82,14.51,"N"
"4551",35.12395,44.568,329.65,0.38,0.36,"2026-09-15",2259,"N20","nominal","2.0NRT",296.69,2.04,"N"
"4552",36.26722,33.72632,305.41,0.37,0.58,"2026-09-15",2259,"N20","nominal","2.0NRT",291.27,1.31,"N"
"4553",36.26187,33.72564,310.05,0.37,0.58,"2026-09-15",2259,"N20","nominal","2.0NRT",292.41,1.01,"N"
"4554",34.00048,49.47112,304.25,0.54,0.42,"2026-09-15",2259,"N20","nominal","2.0NRT",288.73,2.77,"N"
"4555",33.9967,49.47002,309.05,0.54,0.42,"2026-09-15",2259,"N20","nominal","2.0NRT",285,1.76,"N"
"4556",35.02308,43.49792,321.9,0.39,0.36,"2026-09-15",2259,"N20","nominal","2.0NRT",297.51,2.55,"N"
"4557",35.02245,43.50215,321.9,0.39,0.36,"2026-09-15",2259,"N20","nominal","2.0NRT",298.94,2.59,"N"
"4558",34.3506,47.36285,320.62,0.43,0.38,"2026-09-15",2259,"N20","nominal","2.0NRT",289.31,1.73,"N"
"4559",34.89887,43.80245,325.9,0.39,0.36,"2026-09-15",2259,"N20","nominal","2.0NRT",298.89,3.12,"N"
"4560",34.89824,43.80664,347.86,0.39,0.36,"2026-09-15",2259,"N20","nominal","2.0NRT",307.38,8.83,"N"
"4561",34.86548,44.01995,324.08,0.39,0.36,"2026-09-15",2259,"N20","nominal","2.0NRT",295.59,4.22,"N"
"4562",34.86484,44.02412,330.18,0.39,0.36,"2026-09-15",2259,"N20","nominal","2.0NRT",299.28,7.85,"N"
"4563",34.89558,43.80171,334.79,0.39,0.36,"2026-09-15",2259,"N20","nominal","2.0NRT",300.38,24.77,"N"
"4564",34.89494,43.8059,367,0.39,0.36,"2026-09-15",2259,"N20","high","2.0NRT",321.29,57.74,"N"
"4565",34.05431,48.50214,300.37,0.48,0.4,"2026-09-15",2259,"N20","nominal","2.0NRT",288.45,1.37,"N"
"4566",34.91057,43.43073,313.37,0.39,0.36,"2026-09-15",2259,"N20","nominal","2.0NRT",296.63,1.14,"N"
"4567",35.30363,40.44483,316.2,0.48,0.4,"2026-09-15",2259,"N20","nominal","2.0NRT",295.49,1.56,"N"
"4568",34.72343,44.03666,304.06,0.38,0.36,"2026-09-15",2259,"N20","nominal","2.0NRT",293.08,0.43,"N"
"4569",33.83159,48.81241,300.04,0.5,0.41,"2026-09-15",2259,"N20","nominal","2.0NRT",286.08,0.68,"N"
"4570",34.12851,46.57668,319.74,0.41,0.37,"2026-09-15",2259,"N20","nominal","2.0NRT",287.84,2.19,"N"
"4571",34.10852,46.59005,302.48,0.41,0.37,"2026-09-15",2259,"N20","nominal","2.0NRT",287.06,0.84,"N"
"4572",34.91088,40.8262,314.64,0.46,0.39,"2026-09-15",2259,"N20","nominal","2.0NRT",294.75,1.13,"N"
"4573",34.90929,40.82367,311.11,0.46,0.39,"2026-09-15",2259,"N20","nominal","2.0NRT",294.68,0.79,"N"
"4574",32.33803,54.08475,299.24,0.34,0.56,"2026-09-15",2259,"N20","nominal","2.0NRT",286.13,0.48,"N"
"4575",32.33717,54.08824,304.1,0.34,0.56,"2026-09-15",2259,"N20","nominal","2.0NRT",287.94,0.95,"N"
"4576",32.33561,54.08421,299.55,0.34,0.56,"2026-09-15",2259,"N20","nominal","2.0NRT",287.09,1.01,"N"
"4577",32.33476,54.08772,305.31,0.34,0.56,"2026-09-15",2259,"N20","nominal","2.0NRT",288.69,1.42,"N"
"4578",32.39336,53.75518,323.17,0.33,0.55,"2026-09-15",2259,"N20","nominal","2.0NRT",295.32,2.86,"N"
"4579",32.38608,53.74139,308.05,0.33,0.55,"2026-09-15",2259,"N20","nominal","2.0NRT",294.84,1.19,"N"
"4580",34.0068,45.49147,306.2,0.39,0.36,"2026-09-15",2259,"N20","nominal","2.0NRT",294.04,0.32,"N"
"4581",33.61918,47.53441,300.27,0.45,0.39,"2026-09-15",2259,"N20","nominal","2.0NRT",289.31,0.81,"N"
"4582",33.6183,47.53917,305.52,0.45,0.39,"2026-09-15",2259,"N20","nominal","2.0NRT",290.53,0.87,"N"
"4583",32.78139,51.50462,309.73,0.48,0.48,"2026-09-15",2259,"N20","nominal","2.0NRT",295.34,1.91,"N"
"4584",32.78027,51.50969,309.63,0.48,0.48,"2026-09-15",2259,"N20","nominal","2.0NRT",295.69,1.91,"N"
"4585",33.37494,48.40294,308.73,0.49,0.4,"2026-09-15",2259,"N20","nominal","2.0NRT",289.25,1.52,"N"
"4586",34.9161,37.94432,313.23,0.41,0.45,"2026-09-15",2259,"N20","nominal","2.0NRT",288.79,1.35,"N"
"4587",34.91836,37.94373,314.07,0.41,0.45,"2026-09-15",2259,"N20","nominal","2.0NRT",288.32,1.29,"N"
"4588",33.69515,46.22922,328.79,0.41,0.37,"2026-09-15",2259,"N20","nominal","2.0NRT",294.94,1.75,"N"
"4589",33.45098,47.49347,301.63,0.45,0.39,"2026-09-15",2259,"N20","nominal","2.0NRT",288.86,0.88,"N"
"4590",32.57969,51.58175,304.77,0.49,0.49,"2026-09-15",2259,"N20","nominal","2.0NRT",290.38,1.37,"N"
"4591",31.8496,54.28369,316.93,0.36,0.58,"2026-09-15",2259,"N20","nominal","2.0NRT",292.62,1.28,"N"
"4592",31.8494,54.28436,317.55,0.36,0.58,"2026-09-15",2259,"N20","nominal","2.0NRT",292.93,1.53,"N"
"4593",33.25238,47.73581,325.55,0.46,0.39,"2026-09-15",2259,"N20","nominal","2.0NRT",296.65,2.48,"N"
"4594",32.40965,51.51865,316.17,0.49,0.49,"2026-09-15",2259,"N20","nominal","2.0NRT",291.83,1.65,"N"
"4595",31.62208,54.72327,313.29,0.39,0.59,"2026-09-15",2259,"N20","nominal","2.0NRT",290.86,1.61,"N"
"4596",32.42743,51.31224,303.3,0.48,0.48,"2026-09-15",2259,"N20","nominal","2.0NRT",291.83,1.15,"N"
"4597",32.42636,51.3172,305.7,0.48,0.48,"2026-09-15",2259,"N20","nominal","2.0NRT",292.74,1.15,"N"
"4598",32.42099,51.32087,301.85,0.48,0.48,"2026-09-15",2259,"N20","nominal","2.0NRT",290.41,1.43,"N"
"4599",31.62488,54.72427,311.75,0.39,0.59,"2026-09-15",2259,"N20","nominal","2.0NRT",290.3,1.91,"N"
"4600",32.41021,51.32828,308.57,0.48,0.48,"2026-09-15",2259,"N20","nominal","2.0NRT",290.39,1.57,"N"
"4601",32.40913,51.33325,309.2,0.48,0.48,"2026-09-15",2259,"N20","nominal","2.0NRT",291.83,1.57,"N"
"4602",34.12415,41.14853,308.2,0.44,0.38,"2026-09-15",2259,"N20","nominal","2.0NRT",291.49,0.99,"N"
"4603",32.25941,51.52863,311.95,0.5,0.49,"2026-09-15",2259,"N20","nominal","2.0NRT",286.94,1.61,"N"
"4604",32.26069,51.52852,307.78,0.5,0.49,"2026-09-15",2259,"N20","nominal","2.0NRT",286.47,1.44,"N"
"4605",32.25634,51.52714,298.21,0.5,0.49,"2026-09-15",2259,"N20","nominal","2.0NRT",285.41,0.82,"N"
"4606",32.17316,51.88126,302.25,0.52,0.5,"2026-09-15",2259,"N20","nominal","2.0NRT",289,1.51,"N"
"4607",32.17257,51.84134,295.89,0.52,0.5,"2026-09-15",2259,"N20","nominal","2.0NRT",285.28,1.32,"N"
"4608",32.24074,51.42968,344.95,0.49,0.49,"2026-09-15",2259,"N20","nominal","2.0NRT",302.64,45.34,"N"
"4609",32.24298,51.41955,317.99,0.49,0.48,"2026-09-15",2259,"N20","nominal","2.0NRT",292.48,8.15,"N"
"4610",32.24186,51.42461,310.55,0.49,0.49,"2026-09-15",2259,"N20","nominal","2.0NRT",293.08,8.15,"N"
"4611",34.06969,40.98642,303.33,0.44,0.38,"2026-09-15",2259,"N20","nominal","2.0NRT",292.43,0.53,"N"
"4612",33.49116,44.35312,308.29,0.38,0.36,"2026-09-15",2259,"N20","nominal","2.0NRT",297.1,1.67,"N"
"4613",32.15666,51.20556,296.94,0.48,0.48,"2026-09-15",2259,"N20","nominal","2.0NRT",282.23,2.04,"N"
"4614",33.37276,44.87109,309.4,0.39,0.36,"2026-09-15",2259,"N20","nominal","2.0NRT",296.76,0.94,"N"
"4615",33.41819,44.46808,313.48,0.39,0.36,"2026-09-15",2259,"N20","nominal","2.0NRT",298.75,2.12,"N"
"4616",30.75797,56.65775,302.78,0.53,0.67,"2026-09-15",2259,"N20","nominal","2.0NRT",289.3,1.65,"N"
"4617",33.32639,44.57165,322.48,0.39,0.36,"2026-09-15",2259,"N20","nominal","2.0NRT",296.97,1.18,"N"
"4618",33.3231,44.5709,335.74,0.39,0.36,"2026-09-15",2259,"N20","nominal","2.0NRT",299.14,5.01,"N"
"4619",33.02889,46.1399,331.23,0.41,0.37,"2026-09-15",2259,"N20","nominal","2.0NRT",299.32,3.79,"N"
"4620",30.66467,56.61862,298.12,0.53,0.67,"2026-09-15",2259,"N20","nominal","2.0NRT",286.41,0.9,"N"
"4621",31.89661,51.68467,296.71,0.51,0.5,"2026-09-15",2259,"N20","nominal","2.0NRT",284.55,0.93,"N"
"4622",33.0177,46.1236,309.84,0.41,0.37,"2026-09-15",2259,"N20","nominal","2.0NRT",297.39,1.49,"N"
"4623",33.59062,42.50319,314.17,0.4,0.37,"2026-09-15",2259,"N20","nominal","2.0NRT",297,2.14,"N"
"4624",32.99542,46.18756,321.67,0.41,0.37,"2026-09-15",2259,"N20","nominal","2.0NRT",300.62,1.69,"N"
"4625",33.28679,44.45736,316.36,0.39,0.36,"2026-09-15",2259,"N20","nominal","2.0NRT",301.77,2.22,"N"
"4626",32.99204,46.18674,315.83,0.41,0.37,"2026-09-15",2259,"N20","nominal","2.0NRT",299.96,1.69,"N"
"4627",31.89548,51.68155,297.4,0.51,0.5,"2026-09-15",2259,"N20","nominal","2.0NRT",284.97,0.72,"N"
"4628",33.21961,44.76522,337.39,0.39,0.36,"2026-09-15",2259,"N20","nominal","2.0NRT",304.89,6.22,"N"
"4629",33.23798,44.56931,306.63,0.39,0.36,"2026-09-15",2259,"N20","nominal","2.0NRT",295.69,0.82,"N"
"4630",33.15825,44.78508,337.14,0.39,0.36,"2026-09-15",2259,"N20","nominal","2.0NRT",303.54,10.89,"N"
"4631",32.52218,48.2216,311.75,0.5,0.41,"2026-09-15",2259,"N20","nominal","2.0NRT",299.49,1.9,"N"
"4632",33.11377,44.70369,308.93,0.39,0.36,"2026-09-15",2259,"N20","nominal","2.0NRT",295.23,0.73,"N"
"4633",32.61789,47.5261,309.05,0.46,0.39,"2026-09-15",2259,"N20","nominal","2.0NRT",297.55,1.6,"N"
"4634",32.59916,47.54647,329.45,0.46,0.39,"2026-09-15",2259,"N20","nominal","2.0NRT",298.73,2.22,"N"
"4635",32.60007,47.54163,311.56,0.46,0.39,"2026-09-15",2259,"N20","nominal","2.0NRT",297.04,2.22,"N"
"4636",30.73432,55.38433,306.92,0.45,0.63,"2026-09-15",2259,"N20","nominal","2.0NRT",288.78,0.93,"N"
"4637",32.55415,47.10039,310.51,0.45,0.39,"2026-09-15",2259,"N20","nominal","2.0NRT",297.22,1.92,"N"
"4638",32.49282,47.21245,319.92,0.45,0.39,"2026-09-15",2259,"N20","nominal","2.0NRT",299.58,2.28,"N"
"4639",32.48933,47.21147,332.42,0.45,0.39,"2026-09-15",2259,"N20","nominal","2.0NRT",304.52,3.75,"N"
"4640",32.4902,47.20678,313.17,0.45,0.39,"2026-09-15",2259,"N20","nominal","2.0NRT",299.37,3.75,"N"
"4641",32.49041,47.20955,345.97,0.45,0.39,"2026-09-15",2259,"N20","nominal","2.0NRT",305.33,8.5,"N"
"4642",32.36236,47.69656,314.15,0.47,0.4,"2026-09-15",2259,"N20","nominal","2.0NRT",301.04,13.95,"N"
"4643",32.35876,47.69566,337.39,0.47,0.4,"2026-09-15",2259,"N20","nominal","2.0NRT",309.67,13.95,"N"
"4644",32.35783,47.70057,323.96,0.47,0.4,"2026-09-15",2259,"N20","nominal","2.0NRT",303.84,13.57,"N"
"4645",32.35596,47.71041,343.3,0.47,0.4,"2026-09-15",2259,"N20","nominal","2.0NRT",304.99,10.19,"N"
"4646",32.35237,47.70951,332.44,0.47,0.4,"2026-09-15",2259,"N20","nominal","2.0NRT",304.15,6.21,"N"
"4647",30.2349,56.90383,298.91,0.56,0.69,"2026-09-15",2259,"N20","nominal","2.0NRT",287.14,2.23,"N"
"4648",32.63161,46.06767,317.63,0.41,0.37,"2026-09-15",2259,"N20","nominal","2.0NRT",297.83,2.01,"N"
"4649",32.36849,47.40723,324.91,0.46,0.39,"2026-09-15",2259,"N20","nominal","2.0NRT",296.81,1.44,"N"
"4650",32.17204,48.42122,310.05,0.51,0.41,"2026-09-15",2259,"N20","nominal","2.0NRT",295.37,1.34,"N"
"4651",30.37246,56.12724,300.09,0.5,0.66,"2026-09-15",2259,"N20","nominal","2.0NRT",286.67,1.09,"N"
"4652",32.34782,47.45731,321.4,0.46,0.39,"2026-09-15",2259,"N20","nominal","2.0NRT",296.29,1.7,"N"
"4653",32.5094,46.49146,306.52,0.43,0.38,"2026-09-15",2259,"N20","nominal","2.0NRT",295.31,0.54,"N"
"4654",32.51029,46.49341,305.99,0.43,0.38,"2026-09-15",2259,"N20","nominal","2.0NRT",295.12,0.55,"N"
"4655",32.8433,44.28988,307.36,0.38,0.36,"2026-09-15",2259,"N20","nominal","2.0NRT",296.6,0.94,"N"
"4656",32.83936,44.29321,308.15,0.39,0.36,"2026-09-15",2259,"N20","nominal","2.0NRT",297.52,0.94,"N"
"4657",30.38141,55.86478,298.03,0.49,0.65,"2026-09-15",2259,"N20","nominal","2.0NRT",287.6,1.22,"N"
"4658",31.15483,52.68744,295.73,0.61,0.53,"2026-09-15",2259,"N20","nominal","2.0NRT",284.48,0.57,"N"
"4659",32.41068,46.52913,308.7,0.43,0.38,"2026-09-15",2259,"N20","nominal","2.0NRT",296.15,0.88,"N"
"4660",32.25834,47.2514,327.63,0.45,0.39,"2026-09-15",2259,"N20","nominal","2.0NRT",295.61,1.83,"N"
"4661",32.25642,47.24867,329.52,0.46,0.39,"2026-09-15",2259,"N20","nominal","2.0NRT",296.26,1.85,"N"
"4662",32.17961,47.52099,338.9,0.47,0.4,"2026-09-15",2259,"N20","nominal","2.0NRT",298.77,7.16,"N"
"4663",32.14879,47.58482,329.85,0.47,0.4,"2026-09-15",2259,"N20","nominal","2.0NRT",297.81,2.24,"N"
"4664",32.49082,45.66114,321.93,0.4,0.37,"2026-09-15",2259,"N20","nominal","2.0NRT",297.4,2.07,"N"
"4665",32.49009,45.66539,331.16,0.4,0.37,"2026-09-15",2259,"N20","nominal","2.0NRT",297.68,2.07,"N"
"4666",30.21414,55.98355,296.55,0.5,0.66,"2026-09-15",2259,"N20","nominal","2.0NRT",286.52,0.6,"N"
"4667",32.1069,47.54821,340.76,0.47,0.4,"2026-09-15",2259,"N20","nominal","2.0NRT",301.95,14.78,"N"
"4668",32.1302,47.40668,329.73,0.46,0.39,"2026-09-15",2259,"N20","nominal","2.0NRT",296.95,2.99,"N"
"4669",32.63561,44.53973,314.48,0.39,0.36,"2026-09-15",2259,"N20","nominal","2.0NRT",294.34,2.02,"N"
"4670",32.11861,47.40875,339.32,0.46,0.39,"2026-09-15",2259,"N20","nominal","2.0NRT",308.21,16.89,"N"
"4671",32.11768,47.41358,320.55,0.46,0.39,"2026-09-15",2259,"N20","nominal","2.0NRT",299.31,16.89,"N"
"4672",32.12011,47.41155,333.98,0.46,0.39,"2026-09-15",2259,"N20","nominal","2.0NRT",300.81,4.57,"N"
"4673",32.11655,47.41064,329.52,0.46,0.39,"2026-09-15",2259,"N20","nominal","2.0NRT",305.5,31.95,"N"
"4674",32.11745,47.40581,309.94,0.46,0.39,"2026-09-15",2259,"N20","nominal","2.0NRT",295.77,1.74,"N"
"4675",31.76326,49.1547,321.12,0.57,0.43,"2026-09-15",2259,"N20","nominal","2.0NRT",299.48,2.64,"N"
"4676",32.09515,47.42535,330.11,0.46,0.39,"2026-09-15",2259,"N20","nominal","2.0NRT",295.68,3.84,"N"
"4677",33.62819,36.57097,307.45,0.48,0.48,"2026-09-15",2259,"N20","nominal","2.0NRT",293.93,1.33,"N"
"4678",33.62769,36.57613,308.28,0.47,0.48,"2026-09-15",2259,"N20","nominal","2.0NRT",294.43,1.33,"N"
"4679",32.05853,47.44119,331.4,0.47,0.39,"2026-09-15",2259,"N20","nominal","2.0NRT",298.39,8.09,"N"
"4680",32.05761,47.44604,321.17,0.47,0.39,"2026-09-15",2259,"N20","nominal","2.0NRT",296.87,5.42,"N"
"4681",29.92906,56.73024,296.73,0.56,0.69,"2026-09-15",2259,"N20","nominal","2.0NRT",286.5,1.47,"N"
"4682",31.6494,49.26849,325.32,0.38,0.43,"2026-09-15",2259,"N20","nominal","2.0NRT",297.75,2.31,"N"
"4683",29.98979,55.85002,297.04,0.5,0.66,"2026-09-15",2259,"N20","nominal","2.0NRT",283.4,2.19,"N"
"4684",29.98828,55.85569,316.55,0.5,0.66,"2026-09-15",2259,"N20","nominal","2.0NRT",285.97,2.19,"N"
"4685",32.42928,44.27734,315.89,0.39,0.36,"2026-09-15",2259,"N20","nominal","2.0NRT",298.44,2.13,"N"
"4686",29.99159,55.85294,317.89,0.5,0.66,"2026-09-15",2259,"N20","nominal","2.0NRT",284.75,2.54,"N"
"4687",29.99012,55.85863,299.06,0.5,0.66,"2026-09-15",2259,"N20","nominal","2.0NRT",285.22,2.54,"N"
"4688",32.33297,44.09331,308.88,0.38,0.36,"2026-09-15",2259,"N20","nominal","2.0NRT",297.9,1.54,"N"
"4689",31.32799,49.28414,305.95,0.39,0.44,"2026-09-15",2259,"N20","nominal","2.0NRT",295.38,0.75,"N"
"4690",31.32405,49.28306,308.59,0.39,0.44,"2026-09-15",2259,"N20","nominal","2.0NRT",297.76,1.93,"N"
"4691",31.3201,49.282,339.27,0.39,0.44,"2026-09-15",2259,"N20","nominal","2.0NRT",299.13,1.93,"N"
"4692",31.67011,47.51362,309.64,0.47,0.4,"2026-09-15",2259,"N20","nominal","2.0NRT",298.37,1.71,"N"
"4693",31.66103,47.52158,316.28,0.48,0.4,"2026-09-15",2259,"N20","nominal","2.0NRT",298.62,2.06,"N"
"4694",31.66105,47.5191,312.21,0.48,0.4,"2026-09-15",2259,"N20","nominal","2.0NRT",298.13,1.29,"N"
"4695",31.66012,47.52403,307.54,0.48,0.4,"2026-09-15",2259,"N20","nominal","2.0NRT",297.41,1.29,"N"
"4696",31.65837,47.51324,323.91,0.48,0.4,"2026-09-15",2259,"N20","nominal","2.0NRT",298.19,1.44,"N"
"4697",31.65478,47.51231,315.89,0.48,0.4,"2026-09-15",2259,"N20","nominal","2.0NRT",297.35,1.44,"N"
"4698",31.69224,47.25193,308.7,0.46,0.39,"2026-09-15",2259,"N20","nominal","2.0NRT",296.99,1.09,"N"
"4699",31.40788,48.64959,322.62,0.54,0.42,"2026-09-15",2259,"N20","nominal","2.0NRT",296.95,1.39,"N"
"4700",31.40296,48.65414,309.65,0.54,0.42,"2026-09-15",2259,"N20","nominal","2.0NRT",296.27,1.39,"N"
"4701",32.3416,43.32631,309.33,0.38,0.36,"2026-09-15",2259,"N20","nominal","2.0NRT",297.84,1.06,"N"
"4702",31.30201,49.11587,316.8,0.57,0.43,"2026-09-15",2259,"N20","nominal","2.0NRT",297.12,2.46,"N"
"4703",31.24625,49.166,320.76,0.39,0.44,"2026-09-15",2259,"N20","nominal","2.0NRT",295.97,2.1,"N"
"4704",31.31084,48.77119,321.76,0.55,0.43,"2026-09-15",2259,"N20","nominal","2.0NRT",298.58,3.13,"N"
"4705",32.26259,43.4849,307.25,0.38,0.36,"2026-09-15",2259,"N20","nominal","2.0NRT",293.51,0.55,"N"
"4706",32.00409,45.04784,326.11,0.4,0.37,"2026-09-15",2259,"N20","nominal","2.0NRT",295.02,1.87,"N"
"4707",31.307,48.77015,330.29,0.55,0.43,"2026-09-15",2259,"N20","nominal","2.0NRT",298.95,3.13,"N"
"4708",31.30316,48.7691,316.44,0.55,0.43,"2026-09-15",2259,"N20","nominal","2.0NRT",297.11,2.42,"N"
"4709",31.31047,48.76981,329.95,0.55,0.43,"2026-09-15",2259,"N20","nominal","2.0NRT",299.5,4.65,"N"
"4710",31.30663,48.76876,322.54,0.55,0.43,"2026-09-15",2259,"N20","nominal","2.0NRT",297.24,2.34,"N"
"4711",31.30167,48.77337,312.94,0.55,0.43,"2026-09-15",2259,"N20","nominal","2.0NRT",297.5,2.34,"N"
"4712",31.28016,48.88174,305.66,0.56,0.43,"2026-09-15",2259,"N20","nominal","2.0NRT",295.29,0.79,"N"
"4713",31.20915,49.2155,352.41,0.39,0.44,"2026-09-15",2259,"N20","nominal","2.0NRT",299.63,6.8,"N"
"4714",31.24389,48.98147,310.93,0.57,0.43,"2026-09-15",2259,"N20","nominal","2.0NRT",294.9,2.12,"N"
"4715",31.23766,48.99203,319.06,0.57,0.43,"2026-09-15",2259,"N20","nominal","2.0NRT",297.28,3.05,"N"
"4716",31.27773,48.73111,341.74,0.55,0.43,"2026-09-15",2259,"N20","nominal","2.0NRT",304.45,11.45,"N"
"4717",31.26893,48.73466,318.87,0.55,0.43,"2026-09-15",2259,"N20","nominal","2.0NRT",305.02,5.52,"N"
"4718",31.22643,48.94606,311.27,0.56,0.43,"2026-09-15",2259,"N20","nominal","2.0NRT",299.67,2.47,"N"
"4719",31.77049,46.06166,325.5,0.42,0.38,"2026-09-15",2259,"N20","nominal","2.0NRT",299.22,2.9,"N"
"4720",31.76971,46.06602,330.07,0.42,0.38,"2026-09-15",2259,"N20","nominal","2.0NRT",302.32,2.9,"N"
"4721",31.21634,48.95552,314.46,0.56,0.43,"2026-09-15",2259,"N20","nominal","2.0NRT",296.68,2.54,"N"
"4722",31.76678,46.04255,330.31,0.42,0.38,"2026-09-15",2259,"N20","nominal","2.0NRT",297.17,7.88,"N"
"4723",31.21246,48.95444,328.67,0.56,0.43,"2026-09-15",2259,"N20","nominal","2.0NRT",300.83,6.15,"N"
"4724",31.13889,49.31465,326.57,0.39,0.44,"2026-09-15",2259,"N20","nominal","2.0NRT",295.05,2.09,"N"
"4725",31.13805,49.31868,343.23,0.39,0.44,"2026-09-15",2259,"N20","nominal","2.0NRT",299.27,3.81,"N"
"4726",31.21363,48.94865,318.15,0.56,0.43,"2026-09-15",2259,"N20","nominal","2.0NRT",299.34,6.15,"N"
"4727",31.13723,49.32272,319.04,0.39,0.44,"2026-09-15",2259,"N20","nominal","2.0NRT",294.95,3.81,"N"
"4728",31.20858,48.95338,344.96,0.56,0.43,"2026-09-15",2259,"N20","nominal","2.0NRT",303.32,6.15,"N"
"4729",31.13327,49.32161,339.7,0.39,0.44,"2026-09-15",2259,"N20","nominal","2.0NRT",298.51,3.81,"N"
"4730",31.13243,49.32566,321.83,0.39,0.44,"2026-09-15",2259,"N20","nominal","2.0NRT",295.31,1.96,"N"
"4731",31.76338,46.04172,307.72,0.42,0.38,"2026-09-15",2259,"N20","nominal","2.0NRT",295.39,7.88,"N"
"4732",31.7626,46.04608,312.43,0.42,0.38,"2026-09-15",2259,"N20","nominal","2.0NRT",296.34,7.88,"N"
"4733",31.20975,48.94757,316.76,0.56,0.43,"2026-09-15",2259,"N20","nominal","2.0NRT",299.39,6.15,"N"
"4734",31.1341,49.31757,307.23,0.39,0.44,"2026-09-15",2259,"N20","nominal","2.0NRT",296.84,3.81,"N"
"4735",31.1293,49.32049,332.62,0.39,0.44,"2026-09-15",2259,"N20","nominal","2.0NRT",297.89,1.94,"N"
"4736",31.13014,49.31644,307.83,0.39,0.44,"2026-09-15",2259,"N20","nominal","2.0NRT",296.89,1.94,"N"
"4737",31.97873,44.69343,309.53,0.39,0.36,"2026-09-15",2259,"N20","nominal","2.0NRT",297.6,1.11,"N"
"4738",31.3544,47.8574,332.1,0.5,0.41,"2026-09-15",2259,"N20","nominal","2.0NRT",296.66,3.16,"N"
"4739",31.04197,49.39279,342.85,0.4,0.44,"2026-09-15",2259,"N20","nominal","2.0NRT",298.12,5.06,"N"
"4740",31.2735,48.11475,347.18,0.51,0.41,"2026-09-15",2259,"N20","nominal","2.0NRT",313.04,60.67,"N"
"4741",31.26978,48.11377,331.78,0.51,0.41,"2026-09-15",2259,"N20","nominal","2.0NRT",298.24,4.15,"N"
"4742",31.26875,48.11904,317.49,0.51,0.41,"2026-09-15",2259,"N20","nominal","2.0NRT",298.05,2.66,"N"
"4743",31.30096,47.79507,339.31,0.49,0.41,"2026-09-15",2259,"N20","nominal","2.0NRT",302.97,13.91,"N"
"4744",31.23923,47.96642,314.69,0.5,0.41,"2026-09-15",2259,"N20","nominal","2.0NRT",299.18,2.65,"N"
"4745",31.28359,47.71405,325.75,0.49,0.4,"2026-09-15",2259,"N20","nominal","2.0NRT",299.47,4.56,"N"
"4746",31.23553,47.96545,349.44,0.5,0.41,"2026-09-15",2259,"N20","nominal","2.0NRT",301.06,22.05,"N"
"4747",30.89532,49.61258,321.93,0.41,0.45,"2026-09-15",2259,"N20","nominal","2.0NRT",300.23,2.44,"N"
"4748",30.89125,49.61155,307.45,0.41,0.45,"2026-09-15",2259,"N20","nominal","2.0NRT",297.35,1.74,"N"
"4749",30.96325,49.1172,319.49,0.39,0.44,"2026-09-15",2259,"N20","nominal","2.0NRT",294.1,1.17,"N"
"4750",30.94941,49.1849,309.2,0.39,0.44,"2026-09-15",2259,"N20","nominal","2.0NRT",295.74,0.67,"N"
"4751",30.95526,49.13598,312.7,0.39,0.44,"2026-09-15",2259,"N20","nominal","2.0NRT",295.33,1.16,"N"
"4752",30.84069,49.66914,310.47,0.42,0.45,"2026-09-15",2259,"N20","nominal","2.0NRT",299.33,2.22,"N"
"4753",31.16338,48.0563,347.26,0.51,0.41,"2026-09-15",2259,"N20","nominal","2.0NRT",309.7,36.16,"N"
"4754",31.15966,48.05532,339.67,0.51,0.41,"2026-09-15",2259,"N20","nominal","2.0NRT",301.34,36.16,"N"
"4755",31.15863,48.06058,332.88,0.51,0.41,"2026-09-15",2259,"N20","nominal","2.0NRT",301.45,66.77,"N"
"4756",30.71469,50.11896,309.92,0.44,0.46,"2026-09-15",2259,"N20","nominal","2.0NRT",297.85,2.93,"N"
"4757",30.90993,49.17407,314.91,0.39,0.44,"2026-09-15",2259,"N20","nominal","2.0NRT",295.13,0.71,"N"
"4758",31.82697,44.12367,313.68,0.39,0.36,"2026-09-15",2259,"N20","nominal","2.0NRT",301.28,1.05,"N"
"4759",31.14321,47.87363,320.8,0.5,0.41,"2026-09-15",2259,"N20","nominal","2.0NRT",297.22,2.06,"N"
"4760",30.92448,48.8665,332.8,0.57,0.43,"2026-09-15",2259,"N20","nominal","2.0NRT",299.34,3.8,"N"
"4761",30.92292,48.85387,329.69,0.56,0.43,"2026-09-15",2259,"N20","nominal","2.0NRT",295.22,5.32,"N"
"4762",30.92176,48.85966,317.22,0.56,0.43,"2026-09-15",2259,"N20","nominal","2.0NRT",296.06,3.8,"N"
"4763",30.9206,48.86545,307.16,0.57,0.43,"2026-09-15",2259,"N20","nominal","2.0NRT",295,3.8,"N"
"4764",30.7199,49.82234,339.74,0.43,0.46,"2026-09-15",2259,"N20","nominal","2.0NRT",302.38,8.48,"N"
"4765",31.09356,47.79044,333.62,0.5,0.41,"2026-09-15",2259,"N20","nominal","2.0NRT",300.34,9.94,"N"
"4766",31.09256,47.79556,308.2,0.5,0.41,"2026-09-15",2259,"N20","nominal","2.0NRT",297.99,4.27,"N"
"4767",31.08988,47.78948,342.18,0.5,0.41,"2026-09-15",2259,"N20","nominal","2.0NRT",307.25,40.78,"N"
"4768",31.08889,47.7946,309.25,0.5,0.41,"2026-09-15",2259,"N20","nominal","2.0NRT",298.3,6.3,"N"
"4769",30.65584,49.9191,310.85,0.43,0.46,"2026-09-15",2259,"N20","nominal","2.0NRT",299.64,1.92,"N"
"4770",31.00534,48.14033,344.28,0.52,0.41,"2026-09-15",2259,"N20","nominal","2.0NRT",300.8,9.25,"N"
"4771",30.71029,49.54012,348.42,0.41,0.45,"2026-09-15",2259,"N20","nominal","2.0NRT",301.39,5.89,"N"
"4772",30.71106,49.5419,338.61,0.41,0.45,"2026-09-15",2259,"N20","nominal","2.0NRT",301.97,7.14,"N"
"4773",31.08452,47.62615,342.41,0.49,0.4,"2026-09-15",2259,"N20","nominal","2.0NRT",301.07,13.42,"N"
"4774",31.08088,47.62521,337.43,0.49,0.4,"2026-09-15",2259,"N20","nominal","2.0NRT",301.12,22.91,"N"
"4775",30.61645,49.91603,308.51,0.43,0.46,"2026-09-15",2259,"N20","nominal","2.0NRT",297.25,1.48,"N"
"4776",31.0636,47.61544,331.61,0.49,0.4,"2026-09-15",2259,"N20","nominal","2.0NRT",300.64,10.76,"N"
"4777",31.36014,45.96524,327.74,0.42,0.38,"2026-09-15",2259,"N20","nominal","2.0NRT",295.91,1.24,"N"
"4778",31.36092,45.96088,307.34,0.42,0.38,"2026-09-15",2259,"N20","nominal","2.0NRT",294.06,1.24,"N"
"4779",31.35673,45.96442,350.52,0.42,0.38,"2026-09-15",2259,"N20","nominal","2.0NRT",300.9,6.68,"N"
"4780",30.41198,50.74926,310.29,0.49,0.48,"2026-09-15",2259,"N20","nominal","2.0NRT",297.58,1.82,"N"
"4781",30.56518,50.01369,339.71,0.44,0.46,"2026-09-15",2259,"N20","nominal","2.0NRT",306.4,11.58,"N"
"4782",31.02789,47.70177,328.38,0.49,0.41,"2026-09-15",2259,"N20","nominal","2.0NRT",294.94,3.15,"N"
"4783",31.02691,47.70686,327.12,0.49,0.41,"2026-09-15",2259,"N20","nominal","2.0NRT",297.09,3.54,"N"
"4784",30.57625,49.91975,314.3,0.44,0.46,"2026-09-15",2259,"N20","nominal","2.0NRT",298.23,1.39,"N"
"4785",30.5721,49.91861,340.23,0.44,0.46,"2026-09-15",2259,"N20","nominal","2.0NRT",298.24,4.73,"N"
"4786",30.3981,50.62293,319.52,0.48,0.48,"2026-09-15",2259,"N20","nominal","2.0NRT",295.91,1.78,"N"
"4787",30.39693,50.60735,335.52,0.48,0.48,"2026-09-15",2259,"N20","nominal","2.0NRT",298.43,3.68,"N"
"4788",30.39484,50.61687,338.55,0.48,0.48,"2026-09-15",2259,"N20","nominal","2.0NRT",296.73,6.81,"N"
"4789",30.39382,50.62155,305.78,0.48,0.48,"2026-09-15",2259,"N20","nominal","2.0NRT",295.72,2.12,"N"
"4790",31.03184,47.28255,332.76,0.47,0.4,"2026-09-15",2259,"N20","nominal","2.0NRT",303.3,25.04,"N"
"4791",29.88695,52.74813,298.96,0.33,0.55,"2026-09-15",2259,"N20","nominal","2.0NRT",288.03,0.83,"N"
"4792",30.30072,50.73192,313.34,0.49,0.49,"2026-09-15",2259,"N20","nominal","2.0NRT",294.32,1.37,"N"
"4793",30.29534,50.7354,303.83,0.49,0.49,"2026-09-15",2259,"N20","nominal","2.0NRT",292.21,0.31,"N"
"4794",30.62556,49.13231,320.71,0.39,0.44,"2026-09-15",2259,"N20","nominal","2.0NRT",297.3,2.22,"N"
"4795",30.86366,47.92177,343.7,0.51,0.41,"2026-09-15",2259,"N20","nominal","2.0NRT",301.19,11.65,"N"
"4796",29.15142,55.36392,299.4,0.49,0.65,"2026-09-15",2259,"N20","nominal","2.0NRT",287.38,0.98,"N"
"4797",30.35203,50.28558,320.99,0.46,0.47,"2026-09-15",2259,"N20","nominal","2.0NRT",298.56,7.51,"N"
"4798",30.35101,50.29031,333.25,0.46,0.47,"2026-09-15",2259,"N20","nominal","2.0NRT",304.53,18.42,"N"
"4799",30.34674,50.28922,339.42,0.46,0.47,"2026-09-15",2259,"N20","nominal","2.0NRT",299.65,6.3,"N"
"4800",30.34776,50.28451,311.09,0.46,0.47,"2026-09-15",2259,"N20","nominal","2.0NRT",297.49,2.91,"N"
"4801",30.75733,48.28049,339.01,0.53,0.42,"2026-09-15",2259,"N20","nominal","2.0NRT",302.08,36.67,"N"
"4802",30.75624,48.28593,311.32,0.53,0.42,"2026-09-15",2259,"N20","nominal","2.0NRT",297.78,36.67,"N"
"4803",30.75355,48.27949,340.57,0.53,0.42,"2026-09-15",2259,"N20","nominal","2.0NRT",325.86,36.67,"N"
"4804",30.75245,48.28493,337.32,0.53,0.42,"2026-09-15",2259,"N20","nominal","2.0NRT",302.31,36.67,"N"
"4805",30.75464,48.27406,316.51,0.53,0.42,"2026-09-15",2259,"N20","nominal","2.0NRT",296.47,3.28,"N"
"4806",30.74976,48.27849,354.8,0.53,0.42,"2026-09-15",2259,"N20","nominal","2.0NRT",305.36,8.55,"N"
"4807",30.74867,48.28394,330.64,0.53,0.42,"2026-09-15",2259,"N20","nominal","2.0NRT",299.42,8.55,"N"
"4808",30.75085,48.27306,315.58,0.53,0.42,"2026-09-15",2259,"N20","nominal","2.0NRT",295.99,2.87,"N"
"4809",30.74598,48.2775,310.86,0.53,0.42,"2026-09-15",2259,"N20","nominal","2.0NRT",295.96,8.55,"N"
"4810",30.7514,48.27838,351.11,0.53,0.42,"2026-09-15",2259,"N20","nominal","2.0NRT",316.5,31.67,"N"
"4811",30.75246,48.27293,310.03,0.53,0.42,"2026-09-15",2259,"N20","nominal","2.0NRT",295.69,31.67,"N"
"4812",30.74762,48.27738,320.92,0.53,0.42,"2026-09-15",2259,"N20","nominal","2.0NRT",296.52,31.67,"N"
"4813",30.74655,48.28283,312.27,0.53,0.42,"2026-09-15",2259,"N20","nominal","2.0NRT",295.99,63.47,"N"
"4814",30.88561,47.33643,331.35,0.48,0.4,"2026-09-15",2259,"N20","nominal","2.0NRT",302.06,6.08,"N"
"4815",30.88293,47.33059,344.22,0.48,0.4,"2026-09-15",2259,"N20","nominal","2.0NRT",302.31,6.08,"N"
"4816",29.73588,52.65228,304.46,0.33,0.55,"2026-09-15",2259,"N20","nominal","2.0NRT",291.92,0.84,"N"
"4817",30.82956,47.33245,342.5,0.48,0.4,"2026-09-15",2259,"N20","nominal","2.0NRT",303.95,13.03,"N"
"4818",30.82689,47.32662,331.05,0.48,0.4,"2026-09-15",2259,"N20","nominal","2.0NRT",299.17,27.92,"N"
"4819",30.75363,47.66482,333.95,0.5,0.41,"2026-09-15",2259,"N20","nominal","2.0NRT",302.47,4.97,"N"
"4820",30.75118,47.66714,328.44,0.5,0.41,"2026-09-15",2259,"N20","nominal","2.0NRT",300.71,3.66,"N"
"4821",30.4593,49.09409,339.48,0.39,0.44,"2026-09-15",2259,"N20","nominal","2.0NRT",304.2,3.44,"N"
"4822",30.9969,46.21857,313.45,0.43,0.38,"2026-09-15",2259,"N20","nominal","2.0NRT",295.91,1.59,"N"
"4823",30.15662,50.42116,312.77,0.47,0.48,"2026-09-15",2259,"N20","nominal","2.0NRT",299.68,1.42,"N"
"4824",30.76843,47.33497,329.09,0.48,0.4,"2026-09-15",2259,"N20","nominal","2.0NRT",297.72,2.19,"N"
"4825",30.76575,47.32913,317.81,0.48,0.4,"2026-09-15",2259,"N20","nominal","2.0NRT",296.97,2.68,"N"
"4826",30.76214,47.32821,329.15,0.48,0.4,"2026-09-15",2259,"N20","nominal","2.0NRT",298.86,3.91,"N"
"4827",30.1161,50.35606,309.14,0.47,0.48,"2026-09-15",2259,"N20","nominal","2.0NRT",298.69,1.19,"N"
"4828",30.04131,50.63443,315.36,0.49,0.49,"2026-09-15",2259,"N20","nominal","2.0NRT",299.87,2.26,"N"
"4829",29.6261,52.4488,303.67,0.32,0.55,"2026-09-15",2259,"N20","nominal","2.0NRT",292.16,0.65,"N"
"4830",30.03684,50.63369,324.62,0.49,0.49,"2026-09-15",2259,"N20","nominal","2.0NRT",298.79,2.26,"N"
"4831",30.03572,50.63876,317.69,0.49,0.49,"2026-09-15",2259,"N20","nominal","2.0NRT",299.39,2.26,"N"
"4832",30.0415,50.6377,319.46,0.49,0.49,"2026-09-15",2259,"N20","nominal","2.0NRT",299.78,2.17,"N"
"4833",30.03703,50.63697,330.12,0.49,0.49,"2026-09-15",2259,"N20","nominal","2.0NRT",299.58,2.17,"N"
"4834",29.62541,52.44803,314.09,0.32,0.55,"2026-09-15",2259,"N20","nominal","2.0NRT",293.98,0.8,"N"
"4835",30.69033,47.32864,333.83,0.48,0.4,"2026-09-15",2259,"N20","nominal","2.0NRT",301.45,16.04,"N"
"4836",30.6894,47.33358,313.34,0.48,0.4,"2026-09-15",2259,"N20","nominal","2.0NRT",296.22,16.04,"N"
"4837",30.68671,47.32772,337.86,0.48,0.4,"2026-09-15",2259,"N20","nominal","2.0NRT",307.23,16.04,"N"
"4838",30.68578,47.33266,320.11,0.48,0.4,"2026-09-15",2259,"N20","nominal","2.0NRT",298.93,16.04,"N"
"4839",30.48154,48.24939,324.72,0.54,0.42,"2026-09-15",2259,"N20","nominal","2.0NRT",299.68,4.29,"N"
"4840",29.98473,50.64344,309.14,0.49,0.49,"2026-09-15",2259,"N20","nominal","2.0NRT",298.66,2.43,"N"
"4841",32.21347,36.19818,304.91,0.48,0.48,"2026-09-15",2259,"N20","nominal","2.0NRT",292.94,1.29,"N"
"4842",30.61507,47.32502,330.02,0.48,0.4,"2026-09-15",2259,"N20","nominal","2.0NRT",298.63,3.14,"N"
"4843",30.61145,47.3241,331.23,0.48,0.4,"2026-09-15",2259,"N20","nominal","2.0NRT",299.46,3.14,"N"
"4844",30.6105,47.32904,325.48,0.48,0.4,"2026-09-15",2259,"N20","nominal","2.0NRT",299.37,2.72,"N"
"4845",30.60954,47.33398,331.19,0.48,0.4,"2026-09-15",2259,"N20","nominal","2.0NRT",298.69,2.72,"N"
"4846",30.53358,47.59627,311.16,0.5,0.41,"2026-09-15",2259,"N20","nominal","2.0NRT",295.05,1.18,"N"
"4847",30.52699,47.61061,313.24,0.5,0.41,"2026-09-15",2259,"N20","nominal","2.0NRT",295.92,2.29,"N"
"4848",30.52332,47.60966,332.28,0.5,0.41,"2026-09-15",2259,"N20","nominal","2.0NRT",297.64,2.29,"N"
"4849",30.57405,47.32247,329.48,0.48,0.4,"2026-09-15",2259,"N20","nominal","2.0NRT",297.77,3.3,"N"
"4850",30.55727,47.39102,327.3,0.49,0.4,"2026-09-15",2259,"N20","nominal","2.0NRT",301.47,3.34,"N"
"4851",30.57137,47.3166,310.85,0.48,0.4,"2026-09-15",2259,"N20","nominal","2.0NRT",298.5,1.47,"N"
"4852",30.58356,47.23198,309.7,0.48,0.4,"2026-09-15",2259,"N20","nominal","2.0NRT",299.6,1.58,"N"
"4853",30.56868,47.31074,312.03,0.48,0.4,"2026-09-15",2259,"N20","nominal","2.0NRT",298.71,1.74,"N"
"4854",30.56131,47.32958,332.06,0.48,0.4,"2026-09-15",2259,"N20","nominal","2.0NRT",298.42,3.68,"N"
"4855",30.55755,47.3494,321.24,0.48,0.4,"2026-09-15",2259,"N20","nominal","2.0NRT",298.63,2.57,"N"
"4856",30.47454,47.74256,331.34,0.51,0.41,"2026-09-15",2259,"N20","nominal","2.0NRT",299.05,4.45,"N"
"4857",30.35014,48.27627,314.76,0.54,0.42,"2026-09-15",2259,"N20","nominal","2.0NRT",302.35,6.24,"N"
"4858",30.34633,48.27526,343.9,0.54,0.42,"2026-09-15",2259,"N20","nominal","2.0NRT",305,6.24,"N"
"4859",30.56607,47.105,315.39,0.47,0.4,"2026-09-15",2259,"N20","nominal","2.0NRT",298.76,1.38,"N"
"4860",30.56248,47.1041,328.35,0.47,0.4,"2026-09-15",2259,"N20","nominal","2.0NRT",313.52,35.22,"N"
"4861",29.25966,53.12307,320.9,0.36,0.57,"2026-09-15",2259,"N20","nominal","2.0NRT",286.87,0.88,"N"
"4862",29.26051,53.11954,298.19,0.36,0.57,"2026-09-15",2259,"N20","nominal","2.0NRT",285.85,0.58,"N"
"4863",29.25456,53.12151,349.59,0.36,0.57,"2026-09-15",2259,"N20","nominal","2.0NRT",289.86,5.03,"N"
"4864",29.25541,53.11799,306.01,0.36,0.57,"2026-09-15",2259,"N20","nominal","2.0NRT",287.23,3.43,"N"
"4865",29.37186,52.61041,300.34,0.33,0.55,"2026-09-15",2259,"N20","nominal","2.0NRT",289.1,0.78,"N"
"4866",29.36697,52.60871,303.89,0.33,0.55,"2026-09-15",2259,"N20","nominal","2.0NRT",289.52,1.41,"N"
"4867",29.36616,52.6121,308.35,0.33,0.55,"2026-09-15",2259,"N20","nominal","2.0NRT",290.78,1.11,"N"
"4868",30.54636,47.08992,321.28,0.47,0.4,"2026-09-15",2259,"N20","nominal","2.0NRT",297.06,2.24,"N"
"4869",29.36044,52.61388,301.46,0.33,0.55,"2026-09-15",2259,"N20","nominal","2.0NRT",291.44,1.11,"N"
"4870",30.49601,47.31297,327.3,0.48,0.4,"2026-09-15",2259,"N20","nominal","2.0NRT",298.47,5.04,"N"
"4871",30.49506,47.3179,337.42,0.48,0.4,"2026-09-15",2259,"N20","nominal","2.0NRT",303.8,5.04,"N"
"4872",30.49603,47.31617,340.12,0.48,0.4,"2026-09-15",2259,"N20","nominal","2.0NRT",301.88,4.41,"N"
"4873",30.4951,47.32112,324.62,0.48,0.4,"2026-09-15",2259,"N20","nominal","2.0NRT",301.02,4.41,"N"
"4874",29.36774,52.60881,301.29,0.33,0.55,"2026-09-15",2259,"N20","nominal","2.0NRT",289.38,1.09,"N"
"4875",29.36696,52.6122,318.53,0.33,0.55,"2026-09-15",2259,"N20","nominal","2.0NRT",291.29,1.86,"N"
"4876",30.41694,47.61261,320.25,0.5,0.41,"2026-09-15",2259,"N20","nominal","2.0NRT",299.24,2.63,"N"
"4877",30.41596,47.61771,323.53,0.5,0.41,"2026-09-15",2259,"N20","nominal","2.0NRT",299.66,2.63,"N"
"4878",30.56142,46.70381,330.87,0.46,0.39,"2026-09-15",2259,"N20","nominal","2.0NRT",297.86,2.69,"N"
"4879",29.94282,49.68489,339.95,0.43,0.46,"2026-09-15",2259,"N20","nominal","2.0NRT",304.07,3.67,"N"
"4880",30.40132,47.33365,345.2,0.49,0.4,"2026-09-15",2259,"N20","nominal","2.0NRT",299.25,7.07,"N"
"4881",29.19569,52.84037,325.72,0.34,0.56,"2026-09-15",2259,"N20","nominal","2.0NRT",295.18,3.25,"N"
"4882",30.364,47.33303,339.85,0.49,0.4,"2026-09-15",2259,"N20","nominal","2.0NRT",299,3.53,"N"
"4883",30.36494,47.32805,319.92,0.49,0.4,"2026-09-15",2259,"N20","nominal","2.0NRT",297.54,3.53,"N"
"4884",30.36213,47.34298,310.82,0.49,0.4,"2026-09-15",2259,"N20","nominal","2.0NRT",299.13,2.05,"N"
"4885",30.35943,47.33708,331.89,0.49,0.4,"2026-09-15",2259,"N20","nominal","2.0NRT",302.35,13.52,"N"
"4886",30.35849,47.34205,328.09,0.49,0.4,"2026-09-15",2259,"N20","nominal","2.0NRT",307.61,13.52,"N"
"4887",30.35579,47.33615,331.26,0.49,0.4,"2026-09-15",2259,"N20","nominal","2.0NRT",300.43,13.52,"N"
"4888",29.19274,52.84063,329.04,0.34,0.56,"2026-09-15",2259,"N20","nominal","2.0NRT",295.36,4.3,"N"
"4889",30.27439,47.74236,331.7,0.51,0.41,"2026-09-15",2259,"N20","nominal","2.0NRT",298.41,3.8,"N"
"4890",29.50893,51.25695,330.95,0.55,0.51,"2026-09-15",2259,"N20","nominal","2.0NRT",299.12,4.69,"N"
"4891",30.31558,47.34681,328.96,0.49,0.4,"2026-09-15",2259,"N20","nominal","2.0NRT",297.6,3.18,"N"
"4892",30.28623,47.36028,323.51,0.49,0.4,"2026-09-15",2259,"N20","nominal","2.0NRT",298.23,2.86,"N"
"4893",30.28162,47.36435,328.13,0.49,0.4,"2026-09-15",2259,"N20","nominal","2.0NRT",300,2.86,"N"
"4894",30.28259,47.35936,316.98,0.49,0.4,"2026-09-15",2259,"N20","nominal","2.0NRT",299.29,2.86,"N"
"4895",30.28086,47.34845,321.3,0.49,0.4,"2026-09-15",2259,"N20","nominal","2.0NRT",297.75,2.3,"N"
"4896",30.27894,47.35843,330.91,0.49,0.4,"2026-09-15",2259,"N20","nominal","2.0NRT",300.54,7.7,"N"
"4897",30.27797,47.36342,327.14,0.49,0.4,"2026-09-15",2259,"N20","nominal","2.0NRT",300.69,7.7,"N"
"4898",29.12249,52.64639,306.73,0.34,0.56,"2026-09-15",2259,"N20","nominal","2.0NRT",289.97,0.66,"N"
"4899",30.21717,47.38797,328.36,0.49,0.4,"2026-09-15",2259,"N20","nominal","2.0NRT",298.35,10.6,"N"
"4900",30.21351,47.38704,333.07,0.49,0.4,"2026-09-15",2259,"N20","nominal","2.0NRT",299.8,10.6,"N"
"4901",30.21255,47.39206,329.88,0.49,0.4,"2026-09-15",2259,"N20","nominal","2.0NRT",309.42,10.6,"N"
"4902",30.21159,47.39709,316.55,0.49,0.4,"2026-09-15",2259,"N20","nominal","2.0NRT",300.27,7.16,"N"
"4903",30.20889,47.39114,334.14,0.49,0.4,"2026-09-15",2259,"N20","nominal","2.0NRT",300.82,2.75,"N"
"4904",30.20524,47.3902,309.38,0.49,0.4,"2026-09-15",2259,"N20","nominal","2.0NRT",297.96,2.75,"N"
"4905",30.19792,47.38834,317.97,0.49,0.4,"2026-09-15",2259,"N20","nominal","2.0NRT",296.61,2.46,"N"
"4906",30.1748,47.40881,338.32,0.49,0.41,"2026-09-15",2259,"N20","nominal","2.0NRT",298.74,6.32,"N"
"4907",30.17016,47.41291,330.18,0.49,0.41,"2026-09-15",2259,"N20","nominal","2.0NRT",299.67,6.32,"N"
"4908",30.1665,47.41199,339.02,0.49,0.41,"2026-09-15",2259,"N20","nominal","2.0NRT",299.31,4.9,"N"
"4909",29.24475,50.30585,316.52,0.49,0.48,"2026-09-15",2259,"N20","nominal","2.0NRT",299.5,0.58,"N"
"4910",29.21542,50.31334,315.43,0.49,0.48,"2026-09-15",2259,"N20","nominal","2.0NRT",300.3,0.61,"N"
"4911",29.21522,50.3177,313.68,0.49,0.48,"2026-09-15",2259,"N20","nominal","2.0NRT",301.61,0.42,"N"
"4912",29.73463,47.71559,338.5,0.52,0.41,"2026-09-15",2259,"N20","nominal","2.0NRT",301.6,28.81,"N"
"4913",30.53033,43.02532,327.98,0.38,0.36,"2026-09-15",2259,"N20","nominal","2.0NRT",297.29,2.6,"N"
"4914",29.5596,48.17435,312.28,0.55,0.43,"2026-09-15",2259,"N20","nominal","2.0NRT",301.8,3.11,"N"
"4915",28.68287,52.09383,330.72,0.32,0.55,"2026-09-15",2259,"N20","nominal","2.0NRT",296.67,2.03,"N"
"4916",31.1855,32.26944,306.79,0.4,0.6,"2026-09-15",2259,"N20","nominal","2.0NRT",294.36,0.62,"N"
"4917",29.04049,48.14635,316.47,0.56,0.43,"2026-09-15",2259,"N20","nominal","2.0NRT",302.29,4.01,"N"
"4918",27.1731,56.05759,327.1,0.59,0.7,"2026-09-15",2259,"N20","nominal","2.0NRT",296.1,4.18,"N"
"4919",27.16219,56.0983,323.02,0.6,0.7,"2026-09-15",2259,"N20","nominal","2.0NRT",295.59,3.61,"N"
"4920",27.16842,56.04974,312.17,0.59,0.7,"2026-09-15",2259,"N20","nominal","2.0NRT",295.65,2.14,"N"
"4921",27.16686,56.05556,315.94,0.59,0.7,"2026-09-15",2259,"N20","nominal","2.0NRT",295.89,2.14,"N"
"4922",27.1719,56.05596,327.11,0.6,0.7,"2026-09-15",2259,"N20","nominal","2.0NRT",295.95,5.64,"N"
"4923",27.16122,56.09681,316.38,0.6,0.7,"2026-09-15",2259,"N20","nominal","2.0NRT",295.1,3.14,"N"
"4924",27.16566,56.05391,320.4,0.6,0.7,"2026-09-15",2259,"N20","nominal","2.0NRT",295.95,2.63,"N"
"4925",29.06064,47.67195,336.89,0.53,0.42,"2026-09-15",2259,"N20","nominal","2.0NRT",301.65,14.96,"N"
"4926",28.97853,47.98788,316.98,0.55,0.43,"2026-09-15",2259,"N20","nominal","2.0NRT",297.42,1.34,"N"
"4927",29.00702,47.74271,332.43,0.53,0.42,"2026-09-15",2259,"N20","nominal","2.0NRT",301.43,34.43,"N"
"4928",29.00595,47.7481,323.29,0.53,0.42,"2026-09-15",2259,"N20","nominal","2.0NRT",300.21,22.88,"N"
"4929",31.1228,29.80578,310.72,0.56,0.69,"2026-09-15",2259,"N20","nominal","2.0NRT",295.89,3.31,"N"
"4930",31.1225,29.81175,319.21,0.56,0.69,"2026-09-15",2259,"N20","nominal","2.0NRT",294.97,3.3,"N"
"4931",31.09439,29.86314,304.78,0.56,0.68,"2026-09-15",2259,"N20","nominal","2.0NRT",293.81,1.69,"N"
"4932",27.92936,52.19415,319.29,0.34,0.56,"2026-09-15",2259,"N20","nominal","2.0NRT",299.14,2.64,"N"
"4933",30.72388,33.77121,308.53,0.32,0.55,"2026-09-15",2259,"N20","nominal","2.0NRT",295.02,1.45,"N"
"4934",30.70208,33.8527,307.41,0.64,0.54,"2026-09-15",2259,"N20","nominal","2.0NRT",295.21,3.19,"N"
"4935",30.70237,33.85208,309.51,0.63,0.54,"2026-09-15",2259,"N20","nominal","2.0NRT",295.26,2.37,"N"
"4936",27.76301,52.16752,345.28,0.34,0.56,"2026-09-15",2259,"N20","nominal","2.0NRT",301.4,4.78,"N"
"4937",27.76227,52.17071,367,0.34,0.56,"2026-09-15",2259,"N20","high","2.0NRT",302.77,4.78,"N"
"4938",27.7637,52.16452,311.92,0.34,0.56,"2026-09-15",2259,"N20","nominal","2.0NRT",300.62,1.29,"N"
"4939",27.75793,52.16644,314.67,0.34,0.56,"2026-09-15",2259,"N20","nominal","2.0NRT",301.38,0.9,"N"
"4940",27.75885,52.13951,318.89,0.34,0.56,"2026-09-15",2259,"N20","nominal","2.0NRT",301.86,1.19,"N"
"4941",27.72378,52.1755,367,0.34,0.56,"2026-09-15",2259,"N20","high","2.0NRT",303.73,5.39,"N"
"4942",27.72301,52.17879,339.27,0.34,0.56,"2026-09-15",2259,"N20","nominal","2.0NRT",303.58,8.33,"N"
"4943",27.72456,52.17217,314.9,0.34,0.56,"2026-09-15",2259,"N20","nominal","2.0NRT",302.03,5.39,"N"
"4944",27.71877,52.17406,352.32,0.34,0.56,"2026-09-15",2259,"N20","nominal","2.0NRT",303.14,5.39,"N"
"4945",27.71799,52.17738,367,0.34,0.56,"2026-09-15",2259,"N20","high","2.0NRT",304.82,8.33,"N"
"4946",27.71566,52.18732,322.3,0.34,0.56,"2026-09-15",2259,"N20","nominal","2.0NRT",302.46,2.26,"N"
"4947",27.71643,52.18402,315.67,0.34,0.56,"2026-09-15",2259,"N20","nominal","2.0NRT",302.5,2.26,"N"
"4948",27.71064,52.1859,330.19,0.34,0.56,"2026-09-15",2259,"N20","nominal","2.0NRT",302.84,4.11,"N"
"4949",27.70987,52.1892,316.86,0.34,0.56,"2026-09-15",2259,"N20","nominal","2.0NRT",302.76,3.24,"N"
"4950",27.69385,52.23448,319.46,0.34,0.56,"2026-09-15",2259,"N20","nominal","2.0NRT",301.76,1.98,"N"
"4951",27.68879,52.23319,350.26,0.34,0.56,"2026-09-15",2259,"N20","nominal","2.0NRT",303.22,7.72,"N"
"4952",27.688,52.23651,367,0.34,0.56,"2026-09-15",2259,"N20","high","2.0NRT",303.93,7.72,"N"
"4953",27.68404,52.2533,322.44,0.34,0.56,"2026-09-15",2259,"N20","nominal","2.0NRT",302.03,3.03,"N"
"4954",27.69169,52.23191,322.04,0.34,0.56,"2026-09-15",2259,"N20","nominal","2.0NRT",302.15,2.76,"N"
"4955",27.69092,52.23527,367,0.34,0.56,"2026-09-15",2259,"N20","high","2.0NRT",303.65,7.9,"N"
"4956",27.69016,52.23861,353.51,0.34,0.56,"2026-09-15",2259,"N20","nominal","2.0NRT",303.27,7.9,"N"
"4957",27.68784,52.24871,321.6,0.34,0.56,"2026-09-15",2259,"N20","nominal","2.0NRT",301.86,1.48,"N"
"4958",27.6828,52.24732,330.13,0.34,0.56,"2026-09-15",2259,"N20","nominal","2.0NRT",302.25,2.34,"N"
"4959",27.68202,52.25072,345.49,0.34,0.56,"2026-09-15",2259,"N20","nominal","2.0NRT",302.69,2.34,"N"
"4960",27.48775,52.96664,367,0.38,0.59,"2026-09-15",2259,"N20","high","2.0NRT",298.64,15.52,"N"
"4961",27.48686,52.97041,343.97,0.38,0.59,"2026-09-15",2259,"N20","nominal","2.0NRT",301.19,15.52,"N"
"4962",28.57687,47.9198,309.34,0.55,0.43,"2026-09-15",2259,"N20","nominal","2.0NRT",299.18,2.13,"N"
"4963",27.58182,52.54308,311.54,0.36,0.57,"2026-09-15",2259,"N20","nominal","2.0NRT",300.74,2.6,"N"
"4964",27.48071,52.97258,307.09,0.38,0.59,"2026-09-15",2259,"N20","nominal","2.0NRT",295.44,0.89,"N"
"4965",27.5529,52.57286,313.31,0.36,0.57,"2026-09-15",2259,"N20","nominal","2.0NRT",301.31,2.94,"N"
"4966",27.54382,52.58809,340.91,0.36,0.57,"2026-09-15",2259,"N20","nominal","2.0NRT",301.22,5.31,"N"
"4967",27.53004,52.59982,327.29,0.36,0.58,"2026-09-15",2259,"N20","nominal","2.0NRT",301.07,3.46,"N"
"4968",27.52022,52.59479,355.35,0.36,0.58,"2026-09-15",2259,"N20","nominal","2.0NRT",301.71,8.71,"N"
"4969",27.51942,52.59816,334.03,0.36,0.58,"2026-09-15",2259,"N20","nominal","2.0NRT",301.84,7.18,"N"
"4970",27.51619,52.61178,328.84,0.36,0.58,"2026-09-15",2259,"N20","nominal","2.0NRT",300.97,4.49,"N"
"4971",27.51536,52.61527,350.68,0.36,0.58,"2026-09-15",2259,"N20","nominal","2.0NRT",301.63,4.49,"N"
"4972",27.51452,52.6188,320.85,0.36,0.58,"2026-09-15",2259,"N20","nominal","2.0NRT",301.09,5.91,"N"
"4973",27.51378,52.62194,351.77,0.36,0.58,"2026-09-15",2259,"N20","nominal","2.0NRT",301.91,5.91,"N"
"4974",27.51295,52.6254,352.19,0.36,0.58,"2026-09-15",2259,"N20","nominal","2.0NRT",301.96,4.83,"N"
"4975",27.51223,52.62846,311.7,0.36,0.58,"2026-09-15",2259,"N20","nominal","2.0NRT",300.79,4.83,"N"
"4976",27.50513,52.6351,320.39,0.36,0.58,"2026-09-15",2259,"N20","nominal","2.0NRT",301.25,5.03,"N"
"4977",27.50442,52.63808,343.13,0.36,0.58,"2026-09-15",2259,"N20","nominal","2.0NRT",302.29,3.63,"N"
"4978",27.51503,52.59348,317.38,0.36,0.58,"2026-09-15",2259,"N20","nominal","2.0NRT",301.08,3.06,"N"
"4979",27.50359,52.64157,312.91,0.36,0.58,"2026-09-15",2259,"N20","nominal","2.0NRT",301.51,3.63,"N"
"4980",27.50204,52.64809,318.31,0.37,0.58,"2026-09-15",2259,"N20","nominal","2.0NRT",301.04,4.02,"N"
"4981",27.50126,52.65136,311.83,0.37,0.58,"2026-09-15",2259,"N20","nominal","2.0NRT",300.81,3.33,"N"
"4982",27.49651,52.64809,334.26,0.37,0.58,"2026-09-15",2259,"N20","nominal","2.0NRT",300.88,4.02,"N"
"4983",27.4956,52.65189,335.8,0.37,0.58,"2026-09-15",2259,"N20","nominal","2.0NRT",301.39,3.33,"N"
"4984",30.76229,27.46182,306.86,0.77,0.77,"2026-09-15",2259,"N20","nominal","2.0NRT",289.85,1.15,"N"
"4985",30.75967,27.4646,304.17,0.77,0.77,"2026-09-15",2259,"N20","nominal","2.0NRT",289.9,1.1,"N"
"4986",30.39247,31.62187,352.09,0.43,0.62,"2026-09-15",2259,"N20","nominal","2.0NRT",297.97,11.96,"N"
"4987",30.39278,31.61727,318.06,0.43,0.62,"2026-09-15",2259,"N20","nominal","2.0NRT",292.93,11.96,"N"
"4988",28.00371,48.73743,312.9,0.42,0.45,"2026-09-15",2259,"N20","nominal","2.0NRT",297.46,1.38,"N"
"4989",27.81694,48.8597,330.63,0.43,0.46,"2026-09-15",2259,"N20","nominal","2.0NRT",300.36,5.92,"N"
"4990",27.81606,48.86394,334.31,0.43,0.46,"2026-09-15",2259,"N20","nominal","2.0NRT",303.64,8.84,"N"
"4991",27.81194,48.86288,328.38,0.43,0.46,"2026-09-15",2259,"N20","nominal","2.0NRT",299.72,4.11,"N"
"4992",27.81282,48.85863,316.9,0.43,0.46,"2026-09-15",2259,"N20","nominal","2.0NRT",299.31,3.66,"N"
"4993",26.79468,53.34338,314.06,0.42,0.61,"2026-09-15",2259,"N20","nominal","2.0NRT",301.44,0.5,"N"
"4994",30.37079,27.22561,309.22,0.79,0.78,"2026-09-15",2259,"N20","nominal","2.0NRT",289.94,1.68,"N"
"4995",27.81385,48.62452,315.81,0.42,0.45,"2026-09-15",2259,"N20","nominal","2.0NRT",299.55,2.17,"N"
"4996",27.81503,48.62627,324.99,0.42,0.45,"2026-09-15",2259,"N20","nominal","2.0NRT",299.68,2.02,"N"
"4997",27.80523,48.63244,327.63,0.42,0.45,"2026-09-15",2259,"N20","nominal","2.0NRT",301.52,4.03,"N"
"4998",27.80772,48.62004,310.92,0.42,0.45,"2026-09-15",2259,"N20","nominal","2.0NRT",299.38,1.91,"N"
"4999",27.80282,48.62313,339.67,0.42,0.45,"2026-09-15",2259,"N20","nominal","2.0NRT",301.95,11.87,"N"
"5000",27.80199,48.62724,333.91,0.42,0.45,"2026-09-15",2259,"N20","nominal","2.0NRT",303.17,11.87,"N"
"5001",27.80116,48.63137,340.29,0.42,0.45,"2026-09-15",2259,"N20","nominal","2.0NRT",300.86,9.87,"N"
"5002",30.36951,27.22014,301.69,0.79,0.78,"2026-09-15",2259,"N20","nominal","2.0NRT",289.01,1.31,"N"
"5003",30.10664,31.26457,310.83,0.45,0.63,"2026-09-15",2259,"N20","nominal","2.0NRT",295.61,1.6,"N"
"5004",25.97807,56.06863,313.2,0.64,0.72,"2026-09-15",2259,"N20","nominal","2.0NRT",297.88,1.15,"N"
"5005",26.89864,52.30735,331.99,0.36,0.57,"2026-09-15",2259,"N20","nominal","2.0NRT",302.79,1.86,"N"
"5006",26.89783,52.31087,319.75,0.36,0.57,"2026-09-15",2259,"N20","nominal","2.0NRT",303.06,1.66,"N"
"5007",27.53716,49.19092,318.69,0.45,0.47,"2026-09-15",2259,"N20","nominal","2.0NRT",303.02,3.41,"N"
"5008",27.52918,49.2078,317.75,0.45,0.47,"2026-09-15",2259,"N20","nominal","2.0NRT",302.12,2.2,"N"
"5009",29.88011,31.24334,307.7,0.45,0.63,"2026-09-15",2259,"N20","nominal","2.0NRT",295.16,0.96,"N"
"5010",29.80514,32.08374,305.66,0.4,0.6,"2026-09-15",2259,"N20","nominal","2.0NRT",294.86,1.6,"N"
"5011",29.80485,32.08785,318.84,0.4,0.6,"2026-09-15",2259,"N20","nominal","2.0NRT",296.97,2.19,"N"
"5012",29.80529,32.08464,311.29,0.4,0.6,"2026-09-15",2259,"N20","nominal","2.0NRT",295.31,1.92,"N"
"5013",29.80497,32.08874,316.22,0.4,0.6,"2026-09-15",2259,"N20","nominal","2.0NRT",297.24,2.06,"N"
"5014",29.82311,31.30553,318.04,0.44,0.63,"2026-09-15",2259,"N20","nominal","2.0NRT",298.22,2.15,"N"
"5015",29.75115,32.21019,314,0.39,0.59,"2026-09-15",2259,"N20","nominal","2.0NRT",295.94,1.28,"N"
"5016",29.69291,32.32457,321.08,0.38,0.59,"2026-09-15",2259,"N20","nominal","2.0NRT",296.57,2.21,"N"
"5017",29.85508,27.94387,303.03,0.71,0.75,"2026-09-15",2301,"N20","nominal","2.0NRT",292.84,0.73,"N"
"5018",25.56028,55.98393,308.35,0.64,0.72,"2026-09-15",2301,"N20","nominal","2.0NRT",297.65,2.66,"N"
"5019",27.07128,49.57614,314.02,0.49,0.48,"2026-09-15",2301,"N20","nominal","2.0NRT",303.95,3.88,"N"
"5020",28.26862,43.19828,310.98,0.39,0.36,"2026-09-15",2301,"N20","nominal","2.0NRT",298.53,0.81,"N"
"5021",25.55734,55.97408,308.44,0.64,0.72,"2026-09-15",2301,"N20","nominal","2.0NRT",296.46,3.87,"N"
"5022",27.09937,49.31168,315.42,0.47,0.48,"2026-09-15",2301,"N20","nominal","2.0NRT",300.37,2.66,"N"
"5023",27.03365,49.604,313.6,0.49,0.49,"2026-09-15",2301,"N20","nominal","2.0NRT",301.7,3.45,"N"
"5024",25.90363,54.5297,315.46,0.52,0.67,"2026-09-15",2301,"N20","nominal","2.0NRT",299.5,0.5,"N"
"5025",26.95184,49.59763,319.1,0.49,0.49,"2026-09-15",2301,"N20","nominal","2.0NRT",297.1,2.39,"N"
"5026",26.95335,49.59591,312.79,0.49,0.49,"2026-09-15",2301,"N20","nominal","2.0NRT",297.6,3.08,"N"
"5027",26.94796,49.59961,307.72,0.49,0.49,"2026-09-15",2301,"N20","nominal","2.0NRT",296.88,1.68,"N"
"5028",26.8751,49.46575,312.24,0.49,0.48,"2026-09-15",2301,"N20","nominal","2.0NRT",298.16,1.74,"N"
"5029",26.68198,50.11206,318.24,0.53,0.5,"2026-09-15",2301,"N20","nominal","2.0NRT",299.09,1.57,"N"
"5030",28.47403,36.51936,307.41,0.42,0.45,"2026-09-15",2301,"N20","nominal","2.0NRT",295.74,1.04,"N"
"5031",25.90975,51.56332,320.73,0.34,0.56,"2026-09-15",2301,"N20","nominal","2.0NRT",301.28,1.07,"N"
"5032",28.47036,36.5145,307.87,0.42,0.45,"2026-09-15",2301,"N20","nominal","2.0NRT",296.14,1.42,"N"
"5033",28.46988,36.51876,308.11,0.42,0.45,"2026-09-15",2301,"N20","nominal","2.0NRT",296.73,1.04,"N"
"5034",25.53341,53.14524,367,0.43,0.62,"2026-09-15",2301,"N20","high","2.0NRT",303.04,29.05,"N"
"5035",25.53241,53.14943,328.99,0.43,0.62,"2026-09-15",2301,"N20","nominal","2.0NRT",309.7,37.36,"N"
"5036",25.90699,51.55204,314.53,0.34,0.56,"2026-09-15",2301,"N20","nominal","2.0NRT",302.51,4.48,"N"
"5037",25.90196,51.55065,367,0.34,0.56,"2026-09-15",2301,"N20","high","2.0NRT",305.38,4.48,"N"
"5038",25.90272,51.54735,314.15,0.34,0.56,"2026-09-15",2301,"N20","nominal","2.0NRT",301.81,4.48,"N"
"5039",25.90121,51.55395,317.91,0.34,0.56,"2026-09-15",2301,"N20","nominal","2.0NRT",303.18,6.73,"N"
"5040",25.50922,53.14716,342.13,0.43,0.62,"2026-09-15",2301,"N20","nominal","2.0NRT",303,3.54,"N"
"5041",25.5082,53.15134,315.6,0.43,0.62,"2026-09-15",2301,"N20","nominal","2.0NRT",302.95,2.91,"N"
"5042",25.88415,51.5352,324.51,0.34,0.56,"2026-09-15",2301,"N20","nominal","2.0NRT",301.54,1.51,"N"
"5043",28.92708,31.07822,305.77,0.45,0.63,"2026-09-15",2301,"N20","nominal","2.0NRT",295.19,1.01,"N"
"5044",28.92126,31.07768,307.07,0.45,0.63,"2026-09-15",2301,"N20","nominal","2.0NRT",293.86,0.64,"N"
"5045",24.5089,56.60184,308.09,0.74,0.76,"2026-09-15",2301,"N20","nominal","2.0NRT",295.31,2.48,"N"
"5046",24.48282,56.61655,327.22,0.75,0.77,"2026-09-15",2301,"N20","nominal","2.0NRT",297.35,5.53,"N"
"5047",24.50793,56.60747,311.38,0.74,0.76,"2026-09-15",2301,"N20","nominal","2.0NRT",296.09,3.03,"N"
"5048",24.48385,56.61509,326.99,0.75,0.77,"2026-09-15",2301,"N20","nominal","2.0NRT",296.28,4.69,"N"
"5049",24.46843,56.61771,316.51,0.75,0.77,"2026-09-15",2301,"N20","nominal","2.0NRT",296.24,4.23,"N"
"5050",28.54407,32.92978,305.34,0.34,0.56,"2026-09-15",2301,"N20","nominal","2.0NRT",294.24,0.79,"N"
"5051",27.46744,41.74124,307.05,0.39,0.36,"2026-09-15",2301,"N20","nominal","2.0NRT",296.45,1.42,"N"
"5052",25.17695,52.87121,350.94,0.42,0.61,"2026-09-15",2301,"N20","nominal","2.0NRT",303.71,20.98,"N"
"5053",25.17598,52.8753,347.61,0.42,0.61,"2026-09-15",2301,"N20","nominal","2.0NRT",310.28,19.7,"N"
"5054",25.17501,52.87939,317.19,0.43,0.62,"2026-09-15",2301,"N20","nominal","2.0NRT",304.29,19.7,"N"
"5055",25.16596,52.868,342.85,0.42,0.61,"2026-09-15",2301,"N20","nominal","2.0NRT",304.37,6.18,"N"
"5056",25.16499,52.87206,354.05,0.42,0.61,"2026-09-15",2301,"N20","nominal","2.0NRT",305.87,11.04,"N"
"5057",25.16402,52.87615,367,0.43,0.62,"2026-09-15",2301,"N20","high","2.0NRT",306.14,11.04,"N"
"5058",25.16304,52.88028,316.74,0.43,0.62,"2026-09-15",2301,"N20","nominal","2.0NRT",305.56,9.36,"N"
"5059",25.16046,52.86642,367,0.42,0.61,"2026-09-15",2301,"N20","high","2.0NRT",305.73,34.4,"N"
"5060",25.1595,52.87044,328.09,0.42,0.61,"2026-09-15",2301,"N20","nominal","2.0NRT",307.96,37.65,"N"
"5061",24.90898,53.72697,329.58,0.49,0.65,"2026-09-15",2301,"N20","nominal","2.0NRT",299.79,8.87,"N"
"5062",24.90782,53.73163,354.8,0.49,0.65,"2026-09-15",2301,"N20","nominal","2.0NRT",301.92,17.3,"N"
"5063",24.9047,53.72831,367,0.49,0.65,"2026-09-15",2301,"N20","high","2.0NRT",300.49,9.19,"N"
"5064",24.90357,53.73299,350.4,0.49,0.65,"2026-09-15",2301,"N20","nominal","2.0NRT",301.38,15.65,"N"
"5065",24.90582,53.72364,313.51,0.49,0.65,"2026-09-15",2301,"N20","nominal","2.0NRT",298.93,9.19,"N"
"5066",24.80378,53.73376,367,0.49,0.65,"2026-09-15",2301,"N20","high","2.0NRT",300.25,6.26,"N"
"5067",24.80262,53.73845,312.76,0.49,0.65,"2026-09-15",2301,"N20","nominal","2.0NRT",300.43,6.26,"N"
"5068",24.79796,53.73207,344.6,0.49,0.65,"2026-09-15",2301,"N20","nominal","2.0NRT",299.45,6.26,"N"
"5069",24.79968,53.73405,367,0.49,0.65,"2026-09-15",2301,"N20","high","2.0NRT",301.57,18.82,"N"
"5070",24.80081,53.72935,312.05,0.49,0.65,"2026-09-15",2301,"N20","nominal","2.0NRT",299.06,6.88,"N"
"5071",24.83669,53.5028,367,0.47,0.64,"2026-09-15",2301,"N20","high","2.0NRT",300.98,17.66,"N"
"5072",24.8356,53.50734,351.23,0.47,0.64,"2026-09-15",2301,"N20","nominal","2.0NRT",302.94,16.13,"N"
"5073",25.45127,50.7843,319.56,0.62,0.54,"2026-09-15",2301,"N20","nominal","2.0NRT",300.38,5.49,"N"
"5074",24.87956,53.07218,313.14,0.44,0.63,"2026-09-15",2301,"N20","nominal","2.0NRT",298.53,0.48,"N"
"5075",25.6823,49.40702,313.77,0.51,0.49,"2026-09-15",2301,"N20","nominal","2.0NRT",298.16,1.75,"N"
"5076",25.67981,49.40956,314.68,0.51,0.49,"2026-09-15",2301,"N20","nominal","2.0NRT",298.03,2.1,"N"
"5077",25.38361,50.80392,310.18,0.63,0.54,"2026-09-15",2301,"N20","nominal","2.0NRT",298.48,2.89,"N"
"5078",25.64191,49.3893,318.45,0.51,0.49,"2026-09-15",2301,"N20","nominal","2.0NRT",297.85,2.72,"N"
"5079",25.64087,49.39423,313.84,0.51,0.49,"2026-09-15",2301,"N20","nominal","2.0NRT",297.03,1.2,"N"
"5080",25.63643,49.39309,313.33,0.51,0.49,"2026-09-15",2301,"N20","nominal","2.0NRT",298.39,1.2,"N"
"5081",24.5131,54.01917,340.92,0.52,0.67,"2026-09-15",2301,"N20","nominal","2.0NRT",300.55,4.84,"N"
"5082",24.51179,54.0181,344.44,0.52,0.67,"2026-09-15",2301,"N20","nominal","2.0NRT",300.32,4.78,"N"
"5083",25.34433,50.20005,312.26,0.58,0.52,"2026-09-15",2301,"N20","nominal","2.0NRT",298.65,1.37,"N"
"5084",25.34312,50.20562,309.12,0.58,0.52,"2026-09-15",2301,"N20","nominal","2.0NRT",298.99,1.37,"N"
"5085",26.49175,43.95894,313.16,0.41,0.37,"2026-09-15",2301,"N20","nominal","2.0NRT",298.04,1.52,"N"
"5086",26.49107,43.96292,312.52,0.41,0.37,"2026-09-15",2301,"N20","nominal","2.0NRT",301.09,1.52,"N"
"5087",24.95671,51.54907,313.76,0.36,0.57,"2026-09-15",2301,"N20","nominal","2.0NRT",300.8,0.7,"N"
"5088",24.93153,51.56407,354.56,0.36,0.57,"2026-09-15",2301,"N20","nominal","2.0NRT",302.97,4.99,"N"
"5089",24.92048,51.5647,320.4,0.36,0.57,"2026-09-15",2301,"N20","nominal","2.0NRT",303.82,2.89,"N"
"5090",24.92675,51.53724,312.56,0.36,0.57,"2026-09-15",2301,"N20","nominal","2.0NRT",301.09,1.22,"N"
"5091",24.91614,51.55985,367,0.36,0.57,"2026-09-15",2301,"N20","high","2.0NRT",303.41,7.03,"N"
"5092",24.91693,51.55642,313.04,0.36,0.57,"2026-09-15",2301,"N20","nominal","2.0NRT",302.04,2.9,"N"
"5093",25.23108,49.8652,352.81,0.55,0.51,"2026-09-15",2301,"N20","nominal","2.0NRT",300.31,16,"N"
"5094",26.19347,44.38338,334.45,0.42,0.38,"2026-09-15",2301,"N20","nominal","2.0NRT",299.36,6.18,"N"
"5095",25.21042,49.28644,317.1,0.51,0.49,"2026-09-15",2301,"N20","nominal","2.0NRT",298.06,2.17,"N"
"5096",25.17631,49.31441,322.63,0.51,0.5,"2026-09-15",2301,"N20","nominal","2.0NRT",295.14,3.18,"N"
"5097",25.17525,49.31942,319.4,0.51,0.5,"2026-09-15",2301,"N20","nominal","2.0NRT",295.93,1.94,"N"
"5098",25.17417,49.32447,308.92,0.51,0.5,"2026-09-15",2301,"N20","nominal","2.0NRT",295.89,1.94,"N"
"5099",25.25677,48.10279,341.49,0.43,0.46,"2026-09-15",2301,"N20","nominal","2.0NRT",301.8,14.33,"N"
"5100",25.25592,48.10701,314.98,0.43,0.46,"2026-09-15",2301,"N20","nominal","2.0NRT",304.93,14.33,"N"
"5101",25.25262,48.10177,338.71,0.43,0.46,"2026-09-15",2301,"N20","nominal","2.0NRT",299.35,14.33,"N"
"5102",25.25178,48.10598,342.51,0.43,0.46,"2026-09-15",2301,"N20","nominal","2.0NRT",303.57,14.33,"N"
"5103",25.24848,48.10075,341.35,0.43,0.46,"2026-09-15",2301,"N20","nominal","2.0NRT",299.52,37.25,"N"
"5104",25.24763,48.10496,339.79,0.43,0.46,"2026-09-15",2301,"N20","nominal","2.0NRT",318.57,37.25,"N"
"5105",24.94837,49.24274,320.03,0.51,0.5,"2026-09-15",2301,"N20","nominal","2.0NRT",295.58,1.68,"N"
"5106",24.94625,49.24475,313.31,0.51,0.5,"2026-09-15",2301,"N20","nominal","2.0NRT",295.53,1.67,"N"
"5107",24.14031,52.6878,315.22,0.44,0.62,"2026-09-15",2301,"N20","nominal","2.0NRT",300.38,3.42,"N"
"5108",24.89247,49.20961,307.53,0.51,0.5,"2026-09-15",2301,"N20","nominal","2.0NRT",295.97,1.32,"N"
"5109",24.12101,52.66901,312.51,0.44,0.62,"2026-09-15",2301,"N20","nominal","2.0NRT",300.71,4.01,"N"
"5110",24.87383,49.2311,314,0.51,0.5,"2026-09-15",2301,"N20","nominal","2.0NRT",296.29,1.48,"N"
"5111",23.85481,53.64941,313.59,0.51,0.66,"2026-09-15",2301,"N20","nominal","2.0NRT",296.59,1.83,"N"
"5112",23.84654,53.65734,327.99,0.51,0.66,"2026-09-15",2301,"N20","nominal","2.0NRT",296.65,4.33,"N"
"5113",24.80698,49.41143,314.95,0.53,0.5,"2026-09-15",2301,"N20","nominal","2.0NRT",301.43,2.54,"N"
"5114",23.83601,53.62303,314.04,0.51,0.66,"2026-09-15",2301,"N20","nominal","2.0NRT",297.23,2,"N"
"5115",24.79341,49.40796,314.85,0.53,0.5,"2026-09-15",2301,"N20","nominal","2.0NRT",297.44,1.76,"N"
"5116",24.80632,49.41478,316.53,0.53,0.5,"2026-09-15",2301,"N20","nominal","2.0NRT",303.51,3.96,"N"
"5117",23.85224,53.65171,311.28,0.51,0.66,"2026-09-15",2301,"N20","nominal","2.0NRT",296.72,4.16,"N"
"5118",24.79382,49.40617,310.19,0.53,0.5,"2026-09-15",2301,"N20","nominal","2.0NRT",297.17,1.51,"N"
"5119",23.84519,53.6548,319.96,0.51,0.66,"2026-09-15",2301,"N20","nominal","2.0NRT",297.2,3.66,"N"
"5120",23.83335,53.62508,321.64,0.51,0.66,"2026-09-15",2301,"N20","nominal","2.0NRT",297.49,3.08,"N"
"5121",64.71046,73.74568,298.84,0.42,0.45,"2026-09-15",2248,"N20","nominal","2.0NRT",279.99,1.2,"N"
"5122",64.70832,73.75312,304.04,0.42,0.45,"2026-09-15",2248,"N20","nominal","2.0NRT",283.27,1.2,"N"
"5123",64.70486,73.74761,341.15,0.42,0.45,"2026-09-15",2248,"N20","nominal","2.0NRT",289.92,2.93,"N"
"5124",64.70697,73.74021,304.94,0.42,0.45,"2026-09-15",2248,"N20","nominal","2.0NRT",280.95,2.93,"N"
"5125",64.70137,73.74215,297.46,0.42,0.45,"2026-09-15",2248,"N20","nominal","2.0NRT",280.08,2.93,"N"
"5126",64.67874,73.80329,301.09,0.42,0.45,"2026-09-15",2248,"N20","nominal","2.0NRT",282.02,1.59,"N"
"5127",64.65916,73.78331,295.31,0.42,0.45,"2026-09-15",2248,"N20","nominal","2.0NRT",280.63,0.77,"N"
"5128",64.65779,73.77048,309.02,0.42,0.45,"2026-09-15",2248,"N20","nominal","2.0NRT",281.62,2.79,"N"
"5129",64.65565,73.77786,316.88,0.42,0.45,"2026-09-15",2248,"N20","nominal","2.0NRT",285.3,2.79,"N"
"5130",64.63605,73.75793,303.2,0.42,0.45,"2026-09-15",2248,"N20","nominal","2.0NRT",282.01,2.01,"N"
"5131",64.63423,73.75739,303.83,0.42,0.45,"2026-09-15",2248,"N20","nominal","2.0NRT",282.28,1.38,"N"
"5132",64.56884,73.91463,297.81,0.43,0.46,"2026-09-15",2248,"N20","nominal","2.0NRT",277.33,0.77,"N"
"5133",62.38645,80.17371,314.01,0.38,0.58,"2026-09-15",2248,"N20","nominal","2.0NRT",277.3,1.4,"N"
"5134",62.38426,80.17938,299.55,0.38,0.59,"2026-09-15",2248,"N20","nominal","2.0NRT",277.14,1.21,"N"
"5135",62.38351,80.17101,324.35,0.38,0.59,"2026-09-15",2248,"N20","nominal","2.0NRT",278.15,2.78,"N"
"5136",63.12605,77.85526,295.33,0.61,0.53,"2026-09-15",2248,"N20","nominal","2.0NRT",279.02,1.01,"N"
"5137",62.14043,79.45076,311.57,0.37,0.58,"2026-09-15",2248,"N20","nominal","2.0NRT",278.94,1,"N"
"5138",62.87807,76.77473,296.55,0.59,0.53,"2026-09-15",2248,"N20","nominal","2.0NRT",279.11,0.55,"N"
"5139",62.3366,78.16619,299.83,0.34,0.56,"2026-09-15",2248,"N20","nominal","2.0NRT",279.5,1.06,"N"
"5140",62.33469,78.17149,310.64,0.34,0.56,"2026-09-15",2248,"N20","nominal","2.0NRT",280.17,1.27,"N"
"5141",62.36719,77.45284,312.48,0.32,0.55,"2026-09-15",2248,"N20","nominal","2.0NRT",282.19,0.74,"N"
"5142",62.30147,77.3861,303.43,0.32,0.55,"2026-09-15",2248,"N20","nominal","2.0NRT",281.04,0.32,"N"
"5143",61.4943,79.29961,367,0.39,0.6,"2026-09-15",2248,"N20","high","2.0NRT",278.97,7.01,"N"
"5144",61.49206,79.30545,298.62,0.39,0.6,"2026-09-15",2248,"N20","nominal","2.0NRT",276.8,4.48,"N"
"5145",62.38826,76.64104,314.92,0.61,0.54,"2026-09-15",2248,"N20","nominal","2.0NRT",280.04,1.51,"N"
"5146",62.33237,76.73221,313.05,0.62,0.54,"2026-09-15",2248,"N20","nominal","2.0NRT",280.35,1.83,"N"
"5147",63.24594,72.83145,295.28,0.45,0.47,"2026-09-15",2248,"N20","nominal","2.0NRT",278.26,1.18,"N"
"5148",63.24679,72.83649,306.01,0.45,0.47,"2026-09-15",2248,"N20","nominal","2.0NRT",279.28,0.68,"N"
"5149",62.88697,73.6054,295.48,0.49,0.48,"2026-09-15",2248,"N20","nominal","2.0NRT",279.04,0.53,"N"
"5150",60.97577,79.08353,295.44,0.41,0.61,"2026-09-15",2248,"N20","nominal","2.0NRT",279.71,0.28,"N"
"5151",60.80231,78.53313,306.94,0.4,0.6,"2026-09-15",2248,"N20","nominal","2.0NRT",280,0.78,"N"
"5152",60.8018,78.53452,317.05,0.4,0.6,"2026-09-15",2248,"N20","nominal","2.0NRT",280.56,1.61,"N"
"5153",60.58475,78.73187,301.56,0.42,0.61,"2026-09-15",2248,"N20","nominal","2.0NRT",280.41,0.79,"N"
"5154",60.58241,78.73797,295.87,0.42,0.61,"2026-09-15",2248,"N20","nominal","2.0NRT",280.09,0.77,"N"
"5155",60.61228,78.17646,297.3,0.4,0.6,"2026-09-15",2248,"N20","nominal","2.0NRT",280.35,0.36,"N"
"5156",60.50317,78.12863,308.21,0.41,0.6,"2026-09-15",2248,"N20","nominal","2.0NRT",280.39,0.64,"N"
"5157",60.28014,77.91743,295.92,0.41,0.61,"2026-09-15",2248,"N20","nominal","2.0NRT",279.45,0.5,"N"
"5158",65.04293,56.6632,304.62,0.4,0.37,"2026-09-15",2248,"N20","nominal","2.0NRT",268.38,1.39,"N"
"5159",62.40107,68.52312,327.07,0.57,0.43,"2026-09-15",2248,"N20","nominal","2.0NRT",277.72,4.65,"N"
"5160",61.98347,68.57731,305.95,0.39,0.44,"2026-09-15",2248,"N20","nominal","2.0NRT",278.55,1.35,"N"
"5161",61.97992,68.57312,316.51,0.39,0.44,"2026-09-15",2248,"N20","nominal","2.0NRT",276.83,1.35,"N"
"5162",61.94978,68.47033,349.66,0.39,0.44,"2026-09-15",2248,"N20","nominal","2.0NRT",282.87,10.85,"N"
"5163",61.7304,68.23397,297.17,0.39,0.44,"2026-09-15",2250,"N20","nominal","2.0NRT",278.63,0.97,"N"
"5164",60.8661,71.27829,299.24,0.51,0.49,"2026-09-15",2250,"N20","nominal","2.0NRT",273.96,1.76,"N"
"5165",60.86369,71.28635,318.82,0.51,0.49,"2026-09-15",2250,"N20","nominal","2.0NRT",276.95,2.74,"N"
"5166",60.96181,70.86587,338.64,0.49,0.48,"2026-09-15",2250,"N20","nominal","2.0NRT",284.47,7.98,"N"
"5167",61.10654,70.24442,301.89,0.46,0.47,"2026-09-15",2250,"N20","nominal","2.0NRT",280.52,0.93,"N"
"5168",61.10705,70.22489,296.8,0.46,0.47,"2026-09-15",2250,"N20","nominal","2.0NRT",279.91,0.27,"N"
"5169",61.10491,70.24423,295.45,0.46,0.47,"2026-09-15",2250,"N20","nominal","2.0NRT",280.4,0.34,"N"
"5170",61.10538,70.22461,312.09,0.46,0.47,"2026-09-15",2250,"N20","nominal","2.0NRT",280.34,1.55,"N"
"5171",61.0983,70.19576,318.86,0.46,0.47,"2026-09-15",2250,"N20","nominal","2.0NRT",281.84,1.9,"N"
"5172",60.84212,70.79468,295.67,0.49,0.49,"2026-09-15",2250,"N20","nominal","2.0NRT",279.4,0.26,"N"
"5173",61.60997,67.81282,324.13,0.38,0.43,"2026-09-15",2250,"N20","nominal","2.0NRT",280.96,2.11,"N"
"5174",61.60832,67.81927,320.29,0.38,0.43,"2026-09-15",2250,"N20","nominal","2.0NRT",282.57,2.11,"N"
"5175",60.74707,70.82001,334.04,0.5,0.49,"2026-09-15",2250,"N20","nominal","2.0NRT",280.82,2.62,"N"
"5176",60.83873,70.4356,298.68,0.48,0.48,"2026-09-15",2250,"N20","nominal","2.0NRT",279.25,1.03,"N"
"5177",60.83838,70.38334,315.91,0.48,0.48,"2026-09-15",2250,"N20","nominal","2.0NRT",281.32,1.29,"N"
"5178",61.75335,66.96296,297.74,0.54,0.42,"2026-09-15",2250,"N20","nominal","2.0NRT",278.96,1.54,"N"
"5179",61.74986,66.95917,326.21,0.54,0.42,"2026-09-15",2250,"N20","nominal","2.0NRT",279.52,1.54,"N"
"5180",61.75219,66.94991,296.14,0.54,0.42,"2026-09-15",2250,"N20","nominal","2.0NRT",277.42,1.54,"N"
"5181",60.76502,70.17235,306.18,0.47,0.48,"2026-09-15",2250,"N20","nominal","2.0NRT",280.63,0.74,"N"
"5182",60.76373,70.17656,309.05,0.47,0.48,"2026-09-15",2250,"N20","nominal","2.0NRT",280.34,0.89,"N"
"5183",60.76625,70.07772,295.09,0.47,0.48,"2026-09-15",2250,"N20","nominal","2.0NRT",280.18,0.55,"N"
"5184",60.73167,69.8946,333.01,0.47,0.48,"2026-09-15",2250,"N20","nominal","2.0NRT",280.99,3.56,"N"
"5185",61.4256,67.26666,295.46,0.56,0.43,"2026-09-15",2250,"N20","nominal","2.0NRT",278.77,0.57,"N"
"5186",60.75259,69.35091,333.45,0.45,0.47,"2026-09-15",2250,"N20","nominal","2.0NRT",282.12,6.3,"N"
"5187",60.75464,69.34364,314.57,0.45,0.47,"2026-09-15",2250,"N20","nominal","2.0NRT",279.31,6.3,"N"
"5188",60.75182,69.34304,335.18,0.45,0.47,"2026-09-15",2250,"N20","nominal","2.0NRT",279.49,3.03,"N"
"5189",60.7498,69.35036,296.88,0.45,0.47,"2026-09-15",2250,"N20","nominal","2.0NRT",278.82,2.3,"N"
"5190",59.89428,71.73685,306.03,0.57,0.52,"2026-09-15",2250,"N20","nominal","2.0NRT",280.72,1.32,"N"
"5191",59.89019,71.73183,299.95,0.57,0.52,"2026-09-15",2250,"N20","nominal","2.0NRT",280.7,1.32,"N"
"5192",60.18222,69.2995,295.75,0.47,0.48,"2026-09-15",2250,"N20","nominal","2.0NRT",280.85,1.04,"N"
"5193",60.81617,65.42621,297.41,0.53,0.42,"2026-09-15",2250,"N20","nominal","2.0NRT",279.36,0.77,"N"
"5194",59.87508,68.88445,303.86,0.47,0.48,"2026-09-15",2250,"N20","nominal","2.0NRT",281.32,0.74,"N"
"5195",59.87123,68.88016,298.17,0.47,0.48,"2026-09-15",2250,"N20","nominal","2.0NRT",280.79,0.83,"N"
"5196",60.08398,64.67957,302.62,0.53,0.42,"2026-09-15",2250,"N20","nominal","2.0NRT",279.71,0.66,"N"
"5197",58.26827,68.45846,300.92,0.52,0.5,"2026-09-15",2250,"N20","nominal","2.0NRT",280.31,0.46,"N"
"5198",59.58991,60.59051,297.61,0.44,0.38,"2026-09-15",2250,"N20","nominal","2.0NRT",281.83,0.57,"N"
"5199",59.86885,54.33266,327.84,0.39,0.36,"2026-09-15",2250,"N20","nominal","2.0NRT",281.98,5.89,"N"
"5200",58.71074,59.5082,302.34,0.43,0.38,"2026-09-15",2250,"N20","nominal","2.0NRT",279.99,0.94,"N"
"5201",58.35343,60.07606,298.4,0.45,0.39,"2026-09-15",2250,"N20","nominal","2.0NRT",278.33,0.71,"N"
"5202",58.39341,58.33214,295.37,0.41,0.37,"2026-09-15",2250,"N20","nominal","2.0NRT",278.52,1.23,"N"
"5203",57.94646,60.05766,333.44,0.45,0.39,"2026-09-15",2250,"N20","nominal","2.0NRT",279.89,15.76,"N"
"5204",57.9431,60.05515,333.28,0.45,0.39,"2026-09-15",2250,"N20","nominal","2.0NRT",287.91,15.76,"N"
"5205",57.94463,60.04794,298.11,0.45,0.39,"2026-09-15",2250,"N20","nominal","2.0NRT",279.53,15.76,"N"
"5206",57.94157,60.06236,295.22,0.45,0.39,"2026-09-15",2250,"N20","nominal","2.0NRT",278.96,0.93,"N"
"5207",57.94796,59.95908,295.57,0.45,0.39,"2026-09-15",2250,"N20","nominal","2.0NRT",279.46,0.68,"N"
"5208",57.92752,60.01858,308.39,0.45,0.39,"2026-09-15",2250,"N20","nominal","2.0NRT",279.97,1.35,"N"
"5209",57.92543,60.01754,308.84,0.45,0.39,"2026-09-15",2250,"N20","nominal","2.0NRT",280.28,1.16,"N"
"5210",57.9224,60.03193,301.62,0.45,0.39,"2026-09-15",2250,"N20","nominal","2.0NRT",282.47,1.31,"N"
"5211",57.92056,60.02221,314.95,0.45,0.39,"2026-09-15",2250,"N20","nominal","2.0NRT",281.07,1.31,"N"
"5212",57.91904,60.02944,302.18,0.45,0.39,"2026-09-15",2250,"N20","nominal","2.0NRT",281.37,1.31,"N"
"5213",57.91872,60.01249,297.17,0.45,0.39,"2026-09-15",2250,"N20","nominal","2.0NRT",282.19,0.93,"N"
"5214",57.9172,60.01973,309.27,0.45,0.39,"2026-09-15",2250,"N20","nominal","2.0NRT",282,2.33,"N"
"5215",57.91535,60.01001,299.29,0.45,0.39,"2026-09-15",2250,"N20","nominal","2.0NRT",281.08,0.93,"N"
"5216",57.47116,60.14499,295.91,0.47,0.39,"2026-09-15",2250,"N20","nominal","2.0NRT",278.49,0.9,"N"
"5217",57.90491,56.12973,304.57,0.39,0.36,"2026-09-15",2250,"N20","nominal","2.0NRT",280,1.22,"N"
"5218",57.618,56.76599,297.76,0.4,0.37,"2026-09-15",2250,"N20","nominal","2.0NRT",277.91,0.61,"N"
"5219",59.38827,28.45017,296.06,0.75,0.77,"2026-09-15",2250,"N20","nominal","2.0NRT",266.26,2.18,"N"
"5220",59.52937,34.13933,325.27,0.47,0.64,"2026-09-15",2250,"N20","nominal","2.0NRT",279.97,3.18,"N"
"5221",56.68024,60.9569,297.04,0.51,0.41,"2026-09-15",2250,"N20","nominal","2.0NRT",275.2,0.6,"N"
"5222",56.67951,60.95988,297.51,0.51,0.41,"2026-09-15",2250,"N20","nominal","2.0NRT",274.89,0.91,"N"
"5223",57.39635,56.84076,313.32,0.4,0.37,"2026-09-15",2250,"N20","nominal","2.0NRT",270.99,1.25,"N"
"5224",56.47617,60.90918,298.3,0.51,0.41,"2026-09-15",2250,"N20","nominal","2.0NRT",278.15,1.1,"N"
"5225",59.15147,37.83188,296.83,0.35,0.57,"2026-09-15",2250,"N20","nominal","2.0NRT",279.49,0.88,"N"
"5226",59.15133,37.83818,296.78,0.35,0.57,"2026-09-15",2250,"N20","nominal","2.0NRT",281.07,0.88,"N"
"5227",59.14593,37.84394,296.59,0.35,0.57,"2026-09-15",2250,"N20","nominal","2.0NRT",278.73,0.79,"N"
"5228",59.14578,37.8502,296.09,0.35,0.57,"2026-09-15",2250,"N20","nominal","2.0NRT",280.57,0.79,"N"
"5229",59.14151,37.80538,322.6,0.35,0.57,"2026-09-15",2250,"N20","nominal","2.0NRT",277.43,1.7,"N"
"5230",59.15214,37.83711,298,0.35,0.57,"2026-09-15",2250,"N20","nominal","2.0NRT",281.07,1.21,"N"
"5231",59.14655,37.84914,301.06,0.35,0.57,"2026-09-15",2250,"N20","nominal","2.0NRT",280.96,1.62,"N"
"5232",59.14245,37.80441,310.2,0.35,0.57,"2026-09-15",2250,"N20","nominal","2.0NRT",276.67,1.06,"N"
"5233",59.14229,37.81072,298.58,0.35,0.57,"2026-09-15",2250,"N20","nominal","2.0NRT",277.13,0.83,"N"
"5234",59.13223,37.79086,345.23,0.35,0.57,"2026-09-15",2250,"N20","nominal","2.0NRT",283.37,2.54,"N"
"5235",59.1324,37.78456,298.12,0.35,0.57,"2026-09-15",2250,"N20","nominal","2.0NRT",278.87,2.54,"N"
"5236",55.28341,61.46718,295.73,0.57,0.43,"2026-09-15",2250,"N20","nominal","2.0NRT",272.59,1.24,"N"
"5237",55.46495,60.19526,328.05,0.52,0.41,"2026-09-15",2250,"N20","nominal","2.0NRT",262.94,5.78,"N"
"5238",55.55547,37.76068,295.66,0.33,0.56,"2026-09-15",2252,"N20","nominal","2.0NRT",282.02,0.54,"N"
"5239",54.48464,37.33911,300.74,0.34,0.56,"2026-09-15",2252,"N20","nominal","2.0NRT",282.45,0.64,"N"
"5240",54.17249,37.7081,296.59,0.33,0.55,"2026-09-15",2252,"N20","nominal","2.0NRT",280.05,0.93,"N"
"5241",54.16718,37.71257,314.88,0.33,0.55,"2026-09-15",2252,"N20","nominal","2.0NRT",280.56,0.93,"N"
"5242",54.15657,37.72187,295.27,0.33,0.55,"2026-09-15",2252,"N20","nominal","2.0NRT",282.29,0.68,"N"
"5243",54.14653,37.71568,297.9,0.33,0.55,"2026-09-15",2252,"N20","nominal","2.0NRT",280.66,1.37,"N"
"5244",52.22946,54.12252,321.92,0.41,0.37,"2026-09-15",2252,"N20","nominal","2.0NRT",268.41,1.64,"N"
"5245",53.08687,48.39132,297.54,0.41,0.37,"2026-09-15",2252,"N20","nominal","2.0NRT",282.82,0.43,"N"
"5246",51.2314,58.37167,301.72,0.57,0.43,"2026-09-15",2252,"N20","nominal","2.0NRT",276.91,1.43,"N"
"5247",51.22209,58.37502,296.94,0.57,0.43,"2026-09-15",2252,"N20","nominal","2.0NRT",280.1,2.22,"N"
"5248",51.21999,58.34747,311.86,0.57,0.43,"2026-09-15",2252,"N20","nominal","2.0NRT",268.11,1.66,"N"
"5249",51.21819,58.35518,300.6,0.57,0.43,"2026-09-15",2252,"N20","nominal","2.0NRT",271.57,1.66,"N"
"5250",52.73722,50.18667,298.67,0.39,0.36,"2026-09-15",2252,"N20","nominal","2.0NRT",285.26,0.37,"N"
"5251",51.87116,52.9778,307.86,0.4,0.37,"2026-09-15",2252,"N20","nominal","2.0NRT",276.98,0.64,"N"
"5252",52.01988,51.14747,314.05,0.38,0.36,"2026-09-15",2252,"N20","nominal","2.0NRT",285.05,1.03,"N"
"5253",52.019,51.15295,298.37,0.38,0.36,"2026-09-15",2252,"N20","nominal","2.0NRT",285.39,0.84,"N"
"5254",53.44211,34.41105,306.78,0.44,0.63,"2026-09-15",2252,"N20","nominal","2.0NRT",281.23,1.64,"N"
"5255",53.44202,34.41798,305.11,0.44,0.63,"2026-09-15",2252,"N20","nominal","2.0NRT",283.67,1.64,"N"
"5256",51.60256,52.92944,304.39,0.4,0.37,"2026-09-15",2252,"N20","nominal","2.0NRT",265.52,0.53,"N"
"5257",47.76411,67.74776,314.09,0.58,0.7,"2026-09-15",2252,"N20","nominal","2.0NRT",278.09,1.8,"N"
"5258",51.59148,52.91223,306.82,0.4,0.37,"2026-09-15",2252,"N20","nominal","2.0NRT",272.29,1.04,"N"
"5259",51.56969,52.7574,316.91,0.4,0.37,"2026-09-15",2252,"N20","nominal","2.0NRT",263.77,1.23,"N"
"5260",51.56742,52.75035,337.13,0.4,0.37,"2026-09-15",2252,"N20","nominal","2.0NRT",265.1,4.93,"N"
"5261",51.56643,52.75591,295.5,0.4,0.37,"2026-09-15",2252,"N20","nominal","2.0NRT",261.9,1.23,"N"
"5262",51.56416,52.74886,316.48,0.4,0.37,"2026-09-15",2252,"N20","nominal","2.0NRT",266.13,1.98,"N"
"5263",51.84169,51.07648,307,0.38,0.36,"2026-09-15",2252,"N20","nominal","2.0NRT",286.42,0.73,"N"
"5264",53.16169,31.62333,302.68,0.58,0.7,"2026-09-15",2252,"N20","nominal","2.0NRT",279.44,2.17,"N"
"5265",53.1552,31.62346,310.67,0.58,0.7,"2026-09-15",2252,"N20","nominal","2.0NRT",279.51,2.17,"N"
"5266",53.15552,31.62459,320.33,0.58,0.7,"2026-09-15",2252,"N20","nominal","2.0NRT",280.03,3.47,"N"
"5267",51.84536,49.90514,315.85,0.39,0.36,"2026-09-15",2252,"N20","nominal","2.0NRT",286.26,0.74,"N"
"5268",52.05428,47.43992,304.23,0.42,0.38,"2026-09-15",2252,"N20","nominal","2.0NRT",287.36,0.77,"N"
"5269",52.05087,47.43871,305.11,0.42,0.38,"2026-09-15",2252,"N20","nominal","2.0NRT",287.6,1.11,"N"
"5270",52.84819,29.98817,297.62,0.68,0.74,"2026-09-15",2252,"N20","nominal","2.0NRT",281.18,1.86,"N"
"5271",52.84872,29.98816,298.95,0.68,0.74,"2026-09-15",2252,"N20","nominal","2.0NRT",281.1,2.75,"N"
"5272",51.20797,51.21576,312.07,0.39,0.36,"2026-09-15",2252,"N20","nominal","2.0NRT",287.1,1.3,"N"
"5273",51.20473,51.21441,310.69,0.39,0.36,"2026-09-15",2252,"N20","nominal","2.0NRT",286.7,1.97,"N"
"5274",52.37834,32.63329,310.97,0.52,0.67,"2026-09-15",2252,"N20","nominal","2.0NRT",279.74,1.31,"N"
"5275",51.33035,47.17583,305.92,0.42,0.38,"2026-09-15",2252,"N20","nominal","2.0NRT",284.7,1,"N"
"5276",51.32352,47.17359,298.03,0.42,0.38,"2026-09-15",2252,"N20","nominal","2.0NRT",284.53,1.06,"N"
"5277",51.32277,47.17955,314.25,0.42,0.38,"2026-09-15",2252,"N20","nominal","2.0NRT",284.61,1.06,"N"
"5278",51.31178,47.18215,305.29,0.42,0.38,"2026-09-15",2252,"N20","nominal","2.0NRT",284.64,1.16,"N"
"5279",51.31254,47.18806,313.96,0.42,0.38,"2026-09-15",2252,"N20","nominal","2.0NRT",284.82,0.85,"N"
"5280",51.44275,44.92137,295.19,0.48,0.4,"2026-09-15",2252,"N20","nominal","2.0NRT",280.53,0.37,"N"
"5281",51.31012,45.60818,297.66,0.46,0.39,"2026-09-15",2252,"N20","nominal","2.0NRT",281.99,0.41,"N"
"5282",51.89091,29.32525,297.5,0.72,0.76,"2026-09-15",2252,"N20","nominal","2.0NRT",282.42,1.87,"N"
"5283",51.89122,29.33613,317.26,0.72,0.76,"2026-09-15",2252,"N20","nominal","2.0NRT",282.51,1.87,"N"
"5284",51.89402,29.32808,310.43,0.72,0.76,"2026-09-15",2252,"N20","nominal","2.0NRT",283.2,3.95,"N"
"5285",51.89429,29.33894,303.91,0.72,0.76,"2026-09-15",2252,"N20","nominal","2.0NRT",282.15,2.67,"N"
"5286",50.6727,47.56116,300.14,0.41,0.37,"2026-09-15",2252,"N20","nominal","2.0NRT",285.77,0.88,"N"
"5287",48.52827,57.60355,296.84,0.41,0.45,"2026-09-15",2252,"N20","nominal","2.0NRT",271.31,0.72,"N"
"5288",48.52705,57.60879,298.65,0.41,0.45,"2026-09-15",2252,"N20","nominal","2.0NRT",272.45,0.98,"N"
"5289",48.67968,55.91306,301.57,0.53,0.42,"2026-09-15",2252,"N20","nominal","2.0NRT",286.15,0.7,"N"
"5290",45.95044,65.7196,297.11,0.55,0.68,"2026-09-15",2252,"N20","nominal","2.0NRT",281.46,1.48,"N"
"5291",45.9483,65.72605,307.75,0.55,0.68,"2026-09-15",2252,"N20","nominal","2.0NRT",281.92,1.48,"N"
"5292",48.28146,57.35219,312.33,0.41,0.45,"2026-09-15",2252,"N20","nominal","2.0NRT",266.66,0.89,"N"
"5293",46.1397,64.99895,297.1,0.5,0.66,"2026-09-15",2252,"N20","nominal","2.0NRT",281.73,0.95,"N"
"5294",46.13582,65.01084,299.71,0.5,0.66,"2026-09-15",2252,"N20","nominal","2.0NRT",282.38,0.73,"N"
"5295",48.26063,57.32906,305.49,0.41,0.45,"2026-09-15",2252,"N20","nominal","2.0NRT",265.53,0.57,"N"
"5296",48.26019,57.33266,303.43,0.41,0.45,"2026-09-15",2252,"N20","nominal","2.0NRT",265.91,0.73,"N"
"5297",48.23462,57.34843,304.08,0.41,0.45,"2026-09-15",2252,"N20","nominal","2.0NRT",266.78,1.24,"N"
"5298",48.2334,57.35366,313.69,0.41,0.45,"2026-09-15",2252,"N20","nominal","2.0NRT",266.9,1.24,"N"
"5299",50.30512,44.68197,300.9,0.48,0.4,"2026-09-15",2252,"N20","nominal","2.0NRT",283.31,0.85,"N"
"5300",45.77135,65.63657,303.11,0.55,0.68,"2026-09-15",2252,"N20","nominal","2.0NRT",282.42,0.45,"N"
"5301",49.99705,45.58368,296.37,0.45,0.39,"2026-09-15",2252,"N20","nominal","2.0NRT",284.88,0.27,"N"
"5302",50.23045,33.34649,295.53,0.48,0.65,"2026-09-15",2254,"N20","nominal","2.0NRT",278.11,0.84,"N"
"5303",48.50581,44.62792,321.98,0.46,0.39,"2026-09-15",2254,"N20","nominal","2.0NRT",288.91,2.48,"N"
"5304",48.47257,44.65012,300.58,0.46,0.39,"2026-09-15",2254,"N20","nominal","2.0NRT",286.15,0.69,"N"
"5305",47.24773,52.4661,305.26,0.43,0.38,"2026-09-15",2254,"N20","nominal","2.0NRT",288.19,0.87,"N"
"5306",48.47541,34.62953,296.73,0.41,0.61,"2026-09-15",2254,"N20","nominal","2.0NRT",281.76,0.86,"N"
"5307",69.37017,88.12114,332.79,0.5,0.49,"2026-09-15",2246,"N20","nominal","2.0NRT",281.22,3.81,"N"
"5308",70.44204,84.35529,303.94,0.39,0.44,"2026-09-15",2246,"N20","nominal","2.0NRT",266.77,0.6,"N"
"5309",69.62178,81.83832,298.93,0.57,0.43,"2026-09-15",2246,"N20","nominal","2.0NRT",272.65,0.92,"N"
"5310",69.61816,81.71015,325.68,0.57,0.43,"2026-09-15",2246,"N20","nominal","2.0NRT",274.42,2.61,"N"
"5311",71.68349,71.57465,338.57,0.39,0.36,"2026-09-15",2246,"N20","nominal","2.0NRT",279.25,9.16,"N"
"5312",68.41393,83.62901,331.02,0.46,0.47,"2026-09-15",2246,"N20","nominal","2.0NRT",275.69,2.48,"N"
"5313",68.41074,83.6208,350.97,0.46,0.47,"2026-09-15",2246,"N20","nominal","2.0NRT",276.84,13.3,"N"
"5314",70.99902,73.83506,328.19,0.41,0.37,"2026-09-15",2246,"N20","nominal","2.0NRT",279.16,5.65,"N"
"5315",70.99694,73.84457,316.53,0.41,0.37,"2026-09-15",2246,"N20","nominal","2.0NRT",279.95,5.95,"N"
"5316",71.25938,72.07293,301.87,0.39,0.37,"2026-09-15",2246,"N20","nominal","2.0NRT",277.37,0.71,"N"
"5317",71.25651,72.0673,325.98,0.39,0.37,"2026-09-15",2246,"N20","nominal","2.0NRT",276.67,0.71,"N"
"5318",68.20617,83.45621,323.4,0.47,0.48,"2026-09-15",2246,"N20","nominal","2.0NRT",274.75,1.85,"N"
"5319",71.14211,72.29275,327.98,0.4,0.37,"2026-09-15",2246,"N20","nominal","2.0NRT",278.52,3.68,"N"
"5320",67.79733,83.5471,296.84,0.49,0.49,"2026-09-15",2246,"N20","nominal","2.0NRT",274.07,0.66,"N"
"5321",67.79011,83.49757,333.9,0.49,0.49,"2026-09-15",2246,"N20","nominal","2.0NRT",273.09,2.3,"N"
"5322",67.79395,83.54614,296.01,0.49,0.49,"2026-09-15",2246,"N20","nominal","2.0NRT",273.18,0.72,"N"
"5323",67.78974,83.48772,324.39,0.49,0.49,"2026-09-15",2246,"N20","nominal","2.0NRT",272.66,2.95,"N"
"5324",68.7177,80.53043,316.17,0.4,0.44,"2026-09-15",2246,"N20","nominal","2.0NRT",273.81,2.07,"N"
"5325",68.68893,80.60672,301.2,0.4,0.44,"2026-09-15",2246,"N20","nominal","2.0NRT",274.77,0.71,"N"
"5326",67.6502,83.20877,316.5,0.5,0.49,"2026-09-15",2246,"N20","nominal","2.0NRT",273.75,2.33,"N"
"5327",67.55106,83.21826,301.28,0.5,0.49,"2026-09-15",2246,"N20","nominal","2.0NRT",275.23,0.83,"N"
"5328",67.55078,83.20145,336.82,0.5,0.49,"2026-09-15",2246,"N20","nominal","2.0NRT",277.17,23.3,"N"
"5329",68.52772,79.96033,297.44,0.39,0.44,"2026-09-15",2246,"N20","nominal","2.0NRT",273.73,0.65,"N"
"5330",68.52459,79.95316,348.29,0.39,0.44,"2026-09-15",2246,"N20","nominal","2.0NRT",281.13,16.46,"N"
"5331",67.28321,83.03371,336.14,0.51,0.49,"2026-09-15",2246,"N20","nominal","2.0NRT",280.73,12.77,"N"
"5332",71.17018,67.01368,307.23,0.38,0.36,"2026-09-15",2246,"N20","nominal","2.0NRT",273.52,0.62,"N"
"5333",71.1386,66.99942,304.85,0.38,0.36,"2026-09-15",2246,"N20","nominal","2.0NRT",274.77,0.99,"N"
"5334",67.19783,81.99318,337.31,0.49,0.49,"2026-09-15",2246,"N20","nominal","2.0NRT",272.48,4.58,"N"
"5335",67.81965,80.10873,303.04,0.42,0.46,"2026-09-15",2246,"N20","nominal","2.0NRT",274.26,0.4,"N"
"5336",67.85699,79.87808,338.54,0.42,0.45,"2026-09-15",2246,"N20","nominal","2.0NRT",272.81,4.28,"N"
"5337",67.84566,79.82699,318.25,0.42,0.45,"2026-09-15",2246,"N20","nominal","2.0NRT",273.29,2.01,"N"
"5338",70.45636,68.30417,305.33,0.39,0.36,"2026-09-15",2246,"N20","nominal","2.0NRT",276.56,0.77,"N"
"5339",70.42639,68.3629,306.14,0.39,0.36,"2026-09-15",2246,"N20","nominal","2.0NRT",274.21,0.74,"N"
"5340",70.41013,68.269,326.85,0.39,0.36,"2026-09-15",2246,"N20","nominal","2.0NRT",278.29,6.26,"N"
"5341",70.39579,68.30537,297.34,0.39,0.36,"2026-09-15",2246,"N20","nominal","2.0NRT",273.39,0.52,"N"
"5342",70.3941,68.31456,295.06,0.39,0.36,"2026-09-15",2246,"N20","nominal","2.0NRT",273.77,0.52,"N"
"5343",66.94314,80.74741,295.09,0.48,0.48,"2026-09-15",2246,"N20","nominal","2.0NRT",277.62,1.23,"N"
"5344",66.93974,80.74006,308.91,0.48,0.48,"2026-09-15",2246,"N20","nominal","2.0NRT",277.69,1.23,"N"
"5345",66.71818,80.49586,323.59,0.48,0.48,"2026-09-15",2246,"N20","nominal","2.0NRT",268.69,2.99,"N"
"5346",66.73113,80.42204,320.9,0.48,0.48,"2026-09-15",2246,"N20","nominal","2.0NRT",271.89,1.76,"N"
"5347",66.71014,80.44982,301.05,0.48,0.48,"2026-09-15",2246,"N20","nominal","2.0NRT",267.35,0.73,"N"
"5348",66.7067,80.44255,344.66,0.48,0.48,"2026-09-15",2246,"N20","nominal","2.0NRT",269.85,12.72,"N"
"5349",66.70873,80.43996,337.05,0.48,0.48,"2026-09-15",2246,"N20","nominal","2.0NRT",267.9,8.36,"N"
"5350",66.70592,80.44848,324.11,0.48,0.48,"2026-09-15",2246,"N20","nominal","2.0NRT",269.62,7.08,"N"
"5351",66.66837,80.4561,336.81,0.49,0.48,"2026-09-15",2246,"N20","nominal","2.0NRT",273.98,4.28,"N"
"5352",66.66209,80.45739,336.39,0.49,0.48,"2026-09-15",2246,"N20","nominal","2.0NRT",270.5,4.28,"N"
"5353",66.65923,80.46597,308.9,0.49,0.48,"2026-09-15",2246,"N20","nominal","2.0NRT",270.93,3.91,"N"
"5354",66.6003,80.41393,330.1,0.49,0.48,"2026-09-15",2246,"N20","nominal","2.0NRT",276.73,3.66,"N"
"5355",67.97202,75.50076,298.46,0.52,0.41,"2026-09-15",2246,"N20","nominal","2.0NRT",274.02,0.83,"N"
"5356",67.50989,76.66129,300.5,0.57,0.43,"2026-09-15",2246,"N20","nominal","2.0NRT",274.8,0.93,"N"
"5357",66.87343,77.75555,306.52,0.42,0.45,"2026-09-15",2246,"N20","nominal","2.0NRT",273.53,0.82,"N"
"5358",66.87127,77.75509,341.42,0.42,0.45,"2026-09-15",2246,"N20","nominal","2.0NRT",282.87,25.08,"N"
"5359",67.01627,76.19023,304.96,0.39,0.44,"2026-09-15",2246,"N20","nominal","2.0NRT",273.95,1.18,"N"
"5360",66.68439,77.30875,309.93,0.42,0.45,"2026-09-15",2246,"N20","nominal","2.0NRT",276.85,0.78,"N"
"5361",66.6652,77.32007,331.48,0.42,0.45,"2026-09-15",2248,"N20","nominal","2.0NRT",274.6,3.3,"N"
"5362",67.28696,75.11274,326.58,0.54,0.42,"2026-09-15",2248,"N20","nominal","2.0NRT",275.74,3.75,"N"
"5363",66.66296,76.8454,337.61,0.41,0.45,"2026-09-15",2248,"N20","nominal","2.0NRT",276.05,3.82,"N"
"5364",66.65964,76.83912,297.74,0.41,0.45,"2026-09-15",2248,"N20","nominal","2.0NRT",276.07,0.87,"N"
"5365",67.80961,72.53361,327.56,0.47,0.4,"2026-09-15",2248,"N20","nominal","2.0NRT",278.58,4.56,"N"
"5366",67.81191,72.52412,302.53,0.47,0.4,"2026-09-15",2248,"N20","nominal","2.0NRT",276.78,1.61,"N"
"5367",67.80883,72.51887,335.94,0.47,0.4,"2026-09-15",2248,"N20","nominal","2.0NRT",281.63,1.61,"N"
"5368",67.80652,72.52835,341.27,0.47,0.4,"2026-09-15",2248,"N20","nominal","2.0NRT",285.75,4.56,"N"
"5369",67.81113,72.50943,299.82,0.47,0.4,"2026-09-15",2248,"N20","nominal","2.0NRT",276.46,1.61,"N"
"5370",67.80804,72.50419,326.31,0.47,0.4,"2026-09-15",2248,"N20","nominal","2.0NRT",280.24,67.09,"N"
"5371",67.80573,72.51369,326.95,0.47,0.4,"2026-09-15",2248,"N20","nominal","2.0NRT",321.27,67.09,"N"
"5372",67.80343,72.52309,329.42,0.47,0.4,"2026-09-15",2248,"N20","nominal","2.0NRT",301.49,35.9,"N"
"5373",67.80264,72.50844,320.75,0.47,0.4,"2026-09-15",2248,"N20","nominal","2.0NRT",319.03,67.09,"N"
"5374",67.80495,72.49898,318.81,0.47,0.4,"2026-09-15",2248,"N20","nominal","2.0NRT",281.79,67.09,"N"
"5375",67.80034,72.51788,313.3,0.47,0.4,"2026-09-15",2248,"N20","nominal","2.0NRT",284.22,35.9,"N"
"5376",66.33065,77.83462,301.81,0.44,0.46,"2026-09-15",2248,"N20","nominal","2.0NRT",275.84,1.32,"N"
"5377",67.79955,72.5032,310.42,0.47,0.4,"2026-09-15",2248,"N20","nominal","2.0NRT",282.35,2.71,"N"
"5378",66.9599,75.54432,300.9,0.56,0.43,"2026-09-15",2248,"N20","nominal","2.0NRT",275.4,36.64,"N"
"5379",66.95665,75.53838,332.35,0.56,0.43,"2026-09-15",2248,"N20","nominal","2.0NRT",296.36,36.64,"N"
"5380",66.95367,75.54909,302.01,0.56,0.43,"2026-09-15",2248,"N20","nominal","2.0NRT",276.8,6.54,"N"
"5381",66.9534,75.53246,302.26,0.56,0.43,"2026-09-15",2248,"N20","nominal","2.0NRT",277.51,1.66,"N"
"5382",66.90719,75.60976,321.44,0.57,0.43,"2026-09-15",2248,"N20","nominal","2.0NRT",275.24,2.18,"N"
"5383",66.91019,75.59904,317.54,0.57,0.43,"2026-09-15",2248,"N20","nominal","2.0NRT",274.63,2.18,"N"
"5384",66.90694,75.5931,325.84,0.57,0.43,"2026-09-15",2248,"N20","nominal","2.0NRT",274.49,11.4,"N"
"5385",66.90393,75.60381,339.16,0.57,0.43,"2026-09-15",2248,"N20","nominal","2.0NRT",278.86,11.4,"N"
"5386",66.42132,77.24125,336.45,0.43,0.46,"2026-09-15",2248,"N20","nominal","2.0NRT",278.33,9.76,"N"
"5387",66.55213,76.69968,301.01,0.41,0.45,"2026-09-15",2248,"N20","nominal","2.0NRT",275.29,0.7,"N"
"5388",66.42467,77.09004,336.36,0.42,0.45,"2026-09-15",2248,"N20","nominal","2.0NRT",276.8,3.85,"N"
"5389",66.4213,77.08372,336.59,0.42,0.45,"2026-09-15",2248,"N20","nominal","2.0NRT",275.59,7.43,"N"
"5390",66.18867,77.68747,333.44,0.45,0.47,"2026-09-15",2248,"N20","nominal","2.0NRT",279.29,2.88,"N"
"5391",65.82256,78.82546,295.99,0.49,0.49,"2026-09-15",2248,"N20","nominal","2.0NRT",276.2,0.51,"N"
"5392",66.31409,76.99674,336.64,0.43,0.46,"2026-09-15",2248,"N20","nominal","2.0NRT",275.33,4.91,"N"
"5393",66.31176,77.00444,297.81,0.43,0.46,"2026-09-15",2248,"N20","nominal","2.0NRT",276,3.63,"N"
"5394",66.19788,77.23724,330.44,0.44,0.46,"2026-09-15",2248,"N20","nominal","2.0NRT",278.22,3.15,"N"
"5395",66.13207,77.31216,304.67,0.44,0.46,"2026-09-15",2248,"N20","nominal","2.0NRT",274.78,0.57,"N"
"5396",66.27895,76.75806,325.43,0.42,0.45,"2026-09-15",2248,"N20","nominal","2.0NRT",276.53,3.09,"N"
"5397",66.2491,76.82225,348.26,0.43,0.46,"2026-09-15",2248,"N20","nominal","2.0NRT",280.7,22.99,"N"
"5398",66.24571,76.81598,313.25,0.43,0.46,"2026-09-15",2248,"N20","nominal","2.0NRT",277.31,2.99,"N"
"5399",66.11304,77.06022,313.43,0.44,0.46,"2026-09-15",2248,"N20","nominal","2.0NRT",276.2,2.22,"N"
"5400",66.05312,77.01117,332.77,0.44,0.46,"2026-09-15",2248,"N20","nominal","2.0NRT",277.57,3.45,"N"
"5401",66.10535,76.83982,309.45,0.43,0.46,"2026-09-15",2248,"N20","nominal","2.0NRT",277.88,0.91,"N"
"5402",66.09719,76.84917,336.31,0.43,0.46,"2026-09-15",2248,"N20","nominal","2.0NRT",279.38,4.73,"N"
"5403",65.8606,76.96165,336.77,0.44,0.46,"2026-09-15",2248,"N20","nominal","2.0NRT",277.11,4.65,"N"
"5404",65.85715,76.95532,336.74,0.44,0.46,"2026-09-15",2248,"N20","nominal","2.0NRT",277.9,8.75,"N"
"5405",65.82639,76.86261,313.36,0.44,0.46,"2026-09-15",2248,"N20","nominal","2.0NRT",277.7,1.4,"N"
"5406",69.26811,57.28398,335.15,0.43,0.38,"2026-09-15",2248,"N20","nominal","2.0NRT",283.54,3.92,"N"
"5407",64.85088,77.25968,313.58,0.5,0.49,"2026-09-15",2248,"N20","nominal","2.0NRT",279.44,1.97,"N"
"5408",63.4465,80.98141,339.67,0.35,0.57,"2026-09-15",2248,"N20","nominal","2.0NRT",278.22,2.69,"N"
"5409",63.44947,80.98894,342.31,0.35,0.57,"2026-09-15",2248,"N20","nominal","2.0NRT",278.24,3.1,"N"
"5410",63.44537,80.98152,295.63,0.35,0.57,"2026-09-15",2248,"N20","nominal","2.0NRT",276.91,0.45,"N"
"5411",63.43549,80.52821,324.34,0.34,0.56,"2026-09-15",2248,"N20","nominal","2.0NRT",277.28,1.83,"N"
"5412",64.41941,77.71106,303.18,0.53,0.5,"2026-09-15",2248,"N20","nominal","2.0NRT",274.39,0.87,"N"
"5413",63.24047,80.98909,300.18,0.36,0.57,"2026-09-15",2248,"N20","nominal","2.0NRT",276.83,0.88,"N"
"5414",63.72914,79.49457,304.19,0.63,0.54,"2026-09-15",2248,"N20","nominal","2.0NRT",274.49,0.9,"N"
"5415",63.72651,79.49905,299.45,0.63,0.54,"2026-09-15",2248,"N20","nominal","2.0NRT",275.23,1.12,"N"
"5416",68.61879,57.96288,302.67,0.42,0.37,"2026-09-15",2248,"N20","nominal","2.0NRT",279.76,0.88,"N"
"5417",68.61753,57.97274,297.14,0.42,0.37,"2026-09-15",2248,"N20","nominal","2.0NRT",280.83,0.88,"N"
"5418",68.61423,57.96972,317.85,0.42,0.37,"2026-09-15",2248,"N20","nominal","2.0NRT",280.49,0.88,"N"
"5419",68.60181,57.98029,321.47,0.42,0.37,"2026-09-15",2248,"N20","nominal","2.0NRT",278.5,2.71,"N"
"5420",68.60056,57.99009,323.52,0.42,0.37,"2026-09-15",2248,"N20","nominal","2.0NRT",280.95,3.16,"N"
"5421",66.19869,70.98876,337.26,0.49,0.4,"2026-09-15",2248,"N20","nominal","2.0NRT",278.26,4.44,"N"
"5422",64.90615,75.51051,323.88,0.45,0.47,"2026-09-15",2248,"N20","nominal","2.0NRT",279.07,2.06,"N"
"5423",64.91324,75.31671,306.78,0.45,0.47,"2026-09-15",2248,"N20","nominal","2.0NRT",279.38,1.38,"N"
"5424",64.75555,75.42492,332.4,0.46,0.47,"2026-09-15",2248,"N20","nominal","2.0NRT",279.14,3.16,"N"
"5425",65.24524,73.61825,307.32,0.4,0.44,"2026-09-15",2248,"N20","nominal","2.0NRT",278.85,1.92,"N"
"5426",64.81644,74.78387,298.53,0.44,0.46,"2026-09-15",2248,"N20","nominal","2.0NRT",278.17,0.74,"N"
"5427",64.81293,74.77813,296.14,0.44,0.46,"2026-09-15",2248,"N20","nominal","2.0NRT",279.26,0.93,"N"
"5428",64.8117,74.76466,298.32,0.44,0.46,"2026-09-15",2248,"N20","nominal","2.0NRT",278.03,0.93,"N"
"5429",64.41315,75.37187,300.23,0.47,0.48,"2026-09-15",2248,"N20","nominal","2.0NRT",276.83,0.73,"N"
"5430",64.41177,75.373,296.26,0.47,0.48,"2026-09-15",2248,"N20","nominal","2.0NRT",277.02,0.6,"N"
"5431",67.6619,60.51259,308.62,0.39,0.36,"2026-09-15",2248,"N20","nominal","2.0NRT",277.88,0.88,"N"
"5432",67.84091,58.9304,298.23,0.4,0.37,"2026-09-15",2248,"N20","nominal","2.0NRT",279.68,0.62,"N"
"5433",67.83772,58.92727,303.74,0.4,0.37,"2026-09-15",2248,"N20","nominal","2.0NRT",280.92,1.04,"N"
"5434",59.15091,37.88825,301.59,0.51,0.41,"2026-09-16",33,"N20","nominal","2.0NRT",277.56,1.31,"N"
"5435",59.15131,37.86863,322.55,0.51,0.41,"2026-09-16",33,"N20","nominal","2.0NRT",279.72,3.28,"N"
"5436",59.15747,37.82456,299.39,0.51,0.41,"2026-09-16",33,"N20","nominal","2.0NRT",278.47,1.02,"N"
"5437",59.14783,37.86557,315.55,0.51,0.41,"2026-09-16",33,"N20","nominal","2.0NRT",280.92,3.28,"N"
"5438",59.15101,37.87046,309.25,0.51,0.41,"2026-09-16",33,"N20","nominal","2.0NRT",280.63,3.1,"N"
"5439",59.14753,37.86739,327.57,0.51,0.41,"2026-09-16",33,"N20","nominal","2.0NRT",281.86,3.1,"N"
"5440",59.14977,37.83961,315.21,0.51,0.41,"2026-09-16",33,"N20","nominal","2.0NRT",282.55,2.03,"N"
"5441",59.14629,37.83654,295.01,0.51,0.41,"2026-09-16",33,"N20","nominal","2.0NRT",279.09,2.03,"N"
"5442",59.13964,37.81099,330.38,0.51,0.41,"2026-09-16",33,"N20","nominal","2.0NRT",278.38,8.3,"N"
"5443",59.12886,37.82136,302.26,0.51,0.41,"2026-09-16",33,"N20","nominal","2.0NRT",280.81,1.14,"N"
"5444",59.13111,37.79358,342.48,0.51,0.41,"2026-09-16",33,"N20","nominal","2.0NRT",281.94,9.99,"N"
"5445",59.53173,34.14412,322.5,0.42,0.38,"2026-09-16",33,"N20","nominal","2.0NRT",281.92,2.7,"N"
"5446",53.08861,48.39137,328.15,0.62,0.71,"2026-09-16",33,"N20","nominal","2.0NRT",283.44,3.74,"N"
"5447",51.84798,49.90162,296.28,0.78,0.78,"2026-09-16",33,"N20","nominal","2.0NRT",284.02,0.82,"N"
"5448",55.55445,37.76097,295.7,0.43,0.46,"2026-09-16",33,"N20","nominal","2.0NRT",281.17,0.47,"N"
"5449",52.05687,47.43596,297.58,0.63,0.72,"2026-09-16",33,"N20","nominal","2.0NRT",283.16,1.09,"N"
"5450",54.08514,38.17517,327.25,0.49,0.48,"2026-09-16",33,"N20","nominal","2.0NRT",284.17,3.96,"N"
"5451",54.15549,37.72878,295.39,0.47,0.47,"2026-09-16",33,"N20","nominal","2.0NRT",282.79,0.82,"N"
"5452",54.15417,37.72899,296.38,0.47,0.48,"2026-09-16",33,"N20","nominal","2.0NRT",282.22,1.58,"N"
"5453",54.13411,37.5482,323.38,0.46,0.47,"2026-09-16",33,"N20","nominal","2.0NRT",279.83,3.03,"N"
"5454",53.44343,34.41611,315.12,0.56,0.43,"2026-09-16",35,"N20","nominal","2.0NRT",283.9,2.92,"N"
"5455",53.39407,32.01611,297.53,0.47,0.4,"2026-09-16",35,"N20","nominal","2.0NRT",283.28,1.23,"N"
"5456",53.15858,31.62995,333.86,0.47,0.39,"2026-09-16",35,"N20","nominal","2.0NRT",279.73,4.23,"N"
"5457",53.1205,31.64529,300.94,0.47,0.4,"2026-09-16",35,"N20","nominal","2.0NRT",280.71,1.04,"N"
"5458",52.80542,32.22733,300.62,0.49,0.4,"2026-09-16",35,"N20","nominal","2.0NRT",280.46,0.69,"N"
"5459",52.33297,33.89537,331.37,0.57,0.43,"2026-09-16",35,"N20","nominal","2.0NRT",278.55,4.44,"N"
"5460",52.33591,33.89128,311.22,0.57,0.43,"2026-09-16",35,"N20","nominal","2.0NRT",276.56,2.52,"N"
"5461",52.33406,33.89923,318.76,0.57,0.43,"2026-09-16",35,"N20","nominal","2.0NRT",278.86,2.52,"N"
"5462",52.37959,32.63372,307.78,0.52,0.41,"2026-09-16",35,"N20","nominal","2.0NRT",278.65,1.79,"N"
"5463",52.37796,32.64092,309.81,0.52,0.41,"2026-09-16",35,"N20","nominal","2.0NRT",277.53,1.79,"N"
"5464",52.38006,32.63488,311.43,0.52,0.41,"2026-09-16",35,"N20","nominal","2.0NRT",278.83,1.96,"N"
"5465",52.37846,32.6421,311.53,0.52,0.41,"2026-09-16",35,"N20","nominal","2.0NRT",277.94,1.54,"N"
"5466",52.84773,29.98866,329.15,0.43,0.38,"2026-09-16",35,"N20","nominal","2.0NRT",284.89,6.45,"N"
"5467",48.50671,44.62969,311.5,0.67,0.74,"2026-09-16",35,"N20","nominal","2.0NRT",283.41,1.88,"N"
"5468",48.50484,44.62324,297.67,0.67,0.74,"2026-09-16",35,"N20","nominal","2.0NRT",282.79,1,"N"
"5469",48.50189,44.63126,297,0.67,0.74,"2026-09-16",35,"N20","nominal","2.0NRT",283.16,1,"N"
"5470",51.89945,29.32382,296.22,0.43,0.38,"2026-09-16",35,"N20","nominal","2.0NRT",285.35,0.96,"N"
"5471",51.89262,29.34006,325.32,0.43,0.38,"2026-09-16",35,"N20","nominal","2.0NRT",284.75,2.03,"N"
"5472",51.88927,29.33837,319.06,0.43,0.38,"2026-09-16",35,"N20","nominal","2.0NRT",283.16,2.03,"N"
"5473",50.5454,26.25848,317.14,0.39,0.36,"2026-09-16",35,"N20","nominal","2.0NRT",284.18,1.2,"N"
"5474",48.53605,34.64214,336.1,0.52,0.5,"2026-09-16",35,"N20","nominal","2.0NRT",285.25,3.44,"N"
"5475",48.53434,34.64867,296.46,0.52,0.5,"2026-09-16",35,"N20","nominal","2.0NRT",283.25,3.44,"N"
"5476",47.87235,33.43632,296.58,0.48,0.48,"2026-09-16",35,"N20","nominal","2.0NRT",282.21,0.85,"N"
"5477",47.87263,33.43591,297.55,0.48,0.48,"2026-09-16",35,"N20","nominal","2.0NRT",281.77,0.62,"N"
"5478",47.60978,34.0326,311.71,0.52,0.5,"2026-09-16",35,"N20","nominal","2.0NRT",281.79,1.75,"N"
"5479",47.6087,34.03155,298.56,0.52,0.5,"2026-09-16",35,"N20","nominal","2.0NRT",281.51,0.51,"N"
"5480",48.74929,26.60705,300.35,0.41,0.37,"2026-09-16",35,"N20","nominal","2.0NRT",284.87,0.72,"N"
"5481",46.68128,34.56671,295.69,0.58,0.52,"2026-09-16",35,"N20","nominal","2.0NRT",281.1,0.64,"N"
"5482",47.78505,29.01472,301.13,0.48,0.4,"2026-09-16",35,"N20","nominal","2.0NRT",283.09,1.05,"N"
"5483",46.64837,32.64031,298.45,0.48,0.48,"2026-09-16",35,"N20","nominal","2.0NRT",282.31,1.12,"N"
"5484",46.04818,30.12996,306.35,0.38,0.44,"2026-09-16",37,"N20","nominal","2.0NRT",281.33,0.81,"N"
"5485",46.05037,30.12847,298.44,0.39,0.44,"2026-09-16",37,"N20","nominal","2.0NRT",281.15,0.46,"N"
"5486",45.25782,31.67175,341.19,0.47,0.48,"2026-09-16",37,"N20","nominal","2.0NRT",280.98,5.17,"N"
"5487",45.37423,30.92584,308.44,0.43,0.46,"2026-09-16",37,"N20","nominal","2.0NRT",289.92,0.96,"N"
"5488",45.37299,30.93111,306.07,0.43,0.46,"2026-09-16",37,"N20","nominal","2.0NRT",290.46,0.94,"N"
"5489",45.35658,30.90574,324.79,0.43,0.46,"2026-09-16",37,"N20","nominal","2.0NRT",291.07,2.67,"N"
"5490",40.55012,34.17174,302.47,0.41,0.61,"2026-09-16",35,"N20","nominal","2.0NRT",282.66,1.06,"N"
"5491",42.07281,26.55386,301.75,0.5,0.41,"2026-09-16",35,"N20","nominal","2.0NRT",280.89,0.45,"N"
"5492",39.52317,34.90903,298.52,0.48,0.65,"2026-09-16",35,"N20","nominal","2.0NRT",281.83,0.6,"N"
"5493",40.08154,32.7977,322.12,0.36,0.58,"2026-09-16",35,"N20","nominal","2.0NRT",281.7,1.81,"N"
"5494",40.08232,32.79524,297.4,0.36,0.58,"2026-09-16",35,"N20","nominal","2.0NRT",280.91,1.02,"N"
"5495",40.08127,32.79918,310.43,0.36,0.58,"2026-09-16",35,"N20","nominal","2.0NRT",281.81,1.28,"N"
"5496",39.65859,33.90299,308.91,0.42,0.61,"2026-09-16",35,"N20","nominal","2.0NRT",281.22,1.39,"N"
"5497",39.6608,33.90079,299.75,0.42,0.61,"2026-09-16",35,"N20","nominal","2.0NRT",280.66,0.63,"N"
"5498",39.65942,33.90571,296.34,0.43,0.62,"2026-09-16",35,"N20","nominal","2.0NRT",280.51,0.63,"N"
"5499",39.62351,33.90427,298.72,0.43,0.62,"2026-09-16",35,"N20","nominal","2.0NRT",281.77,0.65,"N"
"5500",39.60028,33.9435,320.2,0.43,0.62,"2026-09-16",35,"N20","nominal","2.0NRT",281.65,1.97,"N"
"5501",39.73515,33.46295,296.85,0.4,0.6,"2026-09-16",35,"N20","nominal","2.0NRT",283.47,0.89,"N"
"5502",39.59505,33.94055,333.86,0.43,0.62,"2026-09-16",35,"N20","nominal","2.0NRT",281.52,4.07,"N"
"5503",39.59381,33.94491,323.05,0.43,0.62,"2026-09-16",35,"N20","nominal","2.0NRT",282.5,4.07,"N"
"5504",39.46135,33.61198,345.96,0.42,0.61,"2026-09-16",35,"N20","nominal","2.0NRT",282.44,3.65,"N"
"5505",39.45612,33.60926,313.39,0.42,0.61,"2026-09-16",35,"N20","nominal","2.0NRT",279.8,3.65,"N"
"5506",39.1253,34.71775,300.45,0.48,0.65,"2026-09-16",35,"N20","nominal","2.0NRT",275.62,1.68,"N"
"5507",39.06919,34.79908,297.06,0.49,0.65,"2026-09-16",35,"N20","nominal","2.0NRT",279.79,1.04,"N"
"5508",39.43546,33.51278,303.26,0.41,0.61,"2026-09-16",35,"N20","nominal","2.0NRT",282.94,0.81,"N"
"5509",39.41576,33.58238,313.4,0.42,0.61,"2026-09-16",35,"N20","nominal","2.0NRT",280.73,1.56,"N"
"5510",39.38849,33.67841,317.49,0.42,0.61,"2026-09-16",35,"N20","nominal","2.0NRT",282.43,2.07,"N"
"5511",39.38327,33.67556,307.79,0.42,0.61,"2026-09-16",35,"N20","nominal","2.0NRT",280.77,1.13,"N"
"5512",39.38187,33.68047,304.08,0.42,0.61,"2026-09-16",35,"N20","nominal","2.0NRT",281.99,1.13,"N"
"5513",39.37385,33.68741,309.38,0.42,0.61,"2026-09-16",35,"N20","nominal","2.0NRT",281.87,2.17,"N"
"5514",39.43515,33.5154,300.3,0.41,0.61,"2026-09-16",35,"N20","nominal","2.0NRT",283.21,0.85,"N"
"5515",39.41582,33.58533,319.04,0.42,0.61,"2026-09-16",35,"N20","nominal","2.0NRT",281.61,1.89,"N"
"5516",39.39041,33.6769,303.28,0.42,0.61,"2026-09-16",35,"N20","nominal","2.0NRT",281.71,1.3,"N"
"5517",39.38906,33.68176,297.96,0.42,0.61,"2026-09-16",35,"N20","nominal","2.0NRT",281.98,1.79,"N"
"5518",39.3852,33.674,314.65,0.42,0.61,"2026-09-16",35,"N20","nominal","2.0NRT",279.49,1.3,"N"
"5519",39.38247,33.6838,307.25,0.42,0.61,"2026-09-16",35,"N20","nominal","2.0NRT",281.58,1.79,"N"
"5520",39.06776,34.7909,296.83,0.49,0.65,"2026-09-16",35,"N20","nominal","2.0NRT",279.01,0.78,"N"
"5521",39.06621,34.79622,296.04,0.49,0.65,"2026-09-16",35,"N20","nominal","2.0NRT",279.44,0.78,"N"
"5522",39.37587,33.68591,297.77,0.42,0.61,"2026-09-16",35,"N20","nominal","2.0NRT",281.97,0.93,"N"
"5523",39.37453,33.69071,299.32,0.42,0.61,"2026-09-16",35,"N20","nominal","2.0NRT",281.89,0.93,"N"
"5524",39.38404,33.57042,315.14,0.42,0.61,"2026-09-16",35,"N20","nominal","2.0NRT",281.97,2.08,"N"
"5525",39.36529,33.63761,311.3,0.42,0.61,"2026-09-16",35,"N20","nominal","2.0NRT",283.16,1.55,"N"
"5526",39.37881,33.56773,328.78,0.42,0.61,"2026-09-16",35,"N20","nominal","2.0NRT",282.52,2.08,"N"
"5527",39.3723,33.59102,302.7,0.42,0.61,"2026-09-16",35,"N20","nominal","2.0NRT",280.81,0.79,"N"
"5528",39.35989,33.6354,305.51,0.42,0.61,"2026-09-16",35,"N20","nominal","2.0NRT",283.28,1.55,"N"
"5529",39.35872,33.63958,318.54,0.42,0.61,"2026-09-16",35,"N20","nominal","2.0NRT",283.41,1.55,"N"
"5530",39.37495,33.5601,314.84,0.42,0.61,"2026-09-16",35,"N20","nominal","2.0NRT",282.13,1.1,"N"
"5531",39.37354,33.56514,302.68,0.42,0.61,"2026-09-16",35,"N20","nominal","2.0NRT",281.76,1.1,"N"
"5532",39.36828,33.56255,298.11,0.42,0.61,"2026-09-16",35,"N20","nominal","2.0NRT",281.56,1.1,"N"
"5533",39.34529,33.64455,301.36,0.42,0.61,"2026-09-16",35,"N20","nominal","2.0NRT",283.29,1.43,"N"
"5534",39.36302,33.55995,308.67,0.42,0.61,"2026-09-16",35,"N20","nominal","2.0NRT",282.27,1.19,"N"
"5535",39.328,33.53538,302.45,0.42,0.61,"2026-09-16",35,"N20","nominal","2.0NRT",283.49,1.12,"N"
"5536",39.32261,33.53322,295.86,0.42,0.61,"2026-09-16",35,"N20","nominal","2.0NRT",283.44,0.59,"N"
"5537",39.32811,33.53696,301.17,0.42,0.61,"2026-09-16",35,"N20","nominal","2.0NRT",283.13,1.72,"N"
"5538",39.55509,32.38523,295.04,0.36,0.57,"2026-09-16",35,"N20","nominal","2.0NRT",281.24,0.88,"N"
"5539",39.47527,32.11806,295.59,0.35,0.57,"2026-09-16",35,"N20","nominal","2.0NRT",280.6,0.62,"N"
"5540",39.47917,32.11588,300.37,0.35,0.57,"2026-09-16",35,"N20","nominal","2.0NRT",280.3,0.93,"N"
"5541",39.47817,32.11967,302.26,0.35,0.57,"2026-09-16",35,"N20","nominal","2.0NRT",280.32,0.89,"N"
"5542",37.85502,31.69153,295.63,0.37,0.58,"2026-09-16",37,"N20","nominal","2.0NRT",279.35,0.92,"N"
"5543",37.85395,31.69555,303.09,0.37,0.58,"2026-09-16",37,"N20","nominal","2.0NRT",281.43,0.92,"N"
"5544",37.85292,31.69948,300.63,0.37,0.58,"2026-09-16",37,"N20","nominal","2.0NRT",281.94,1.02,"N"
"5545",37.85188,31.70343,300.4,0.37,0.58,"2026-09-16",37,"N20","nominal","2.0NRT",283.06,1.02,"N"
"5546",37.84887,31.69351,312.05,0.37,0.58,"2026-09-16",37,"N20","nominal","2.0NRT",278.3,0.92,"N"
"5547",37.8478,31.69753,301.73,0.37,0.58,"2026-09-16",37,"N20","nominal","2.0NRT",279.42,1.02,"N"
"5548",37.85233,31.61675,316.53,0.36,0.58,"2026-09-16",37,"N20","nominal","2.0NRT",282.27,1.64,"N"
"5549",37.77973,31.59323,316.06,0.36,0.58,"2026-09-16",37,"N20","nominal","2.0NRT",284.47,2.81,"N"
"5550",37.77261,31.59901,314.38,0.36,0.58,"2026-09-16",37,"N20","nominal","2.0NRT",283.79,0.97,"N"
"5551",36.86816,34.76204,302.26,0.56,0.69,"2026-09-16",37,"N20","nominal","2.0NRT",291.67,1.35,"N"
"5552",38.4263,27.21605,298.87,0.42,0.45,"2026-09-16",37,"N20","nominal","2.0NRT",283.47,2.03,"N"
"5553",37.90807,28.99953,305.74,0.53,0.5,"2026-09-16",37,"N20","nominal","2.0NRT",284.56,1.12,"N"
"5554",37.90782,28.99998,305.37,0.53,0.5,"2026-09-16",37,"N20","nominal","2.0NRT",284.23,1.12,"N"
"5555",37.25518,30.44086,297.3,0.33,0.55,"2026-09-16",37,"N20","nominal","2.0NRT",287.07,0.52,"N"
"5556",37.37373,27.28403,308.53,0.44,0.46,"2026-09-16",37,"N20","nominal","2.0NRT",283.61,0.92,"N"
"5557",36.33132,29.30072,327.83,0.59,0.53,"2026-09-16",37,"N20","nominal","2.0NRT",288.5,2.65,"N"
"5558",31.32748,32.13962,305.98,0.57,0.69,"2026-09-16",37,"N20","nominal","2.0NRT",295.78,2.2,"N"
"5559",30.72714,33.77219,308.05,0.73,0.76,"2026-09-16",39,"N20","nominal","2.0NRT",293.16,2,"N"
"5560",30.704,33.85051,317.04,0.74,0.76,"2026-09-16",39,"N20","nominal","2.0NRT",294.56,3.98,"N"
"5561",30.72719,33.77102,302.57,0.73,0.76,"2026-09-16",39,"N20","nominal","2.0NRT",292.2,1.57,"N"
"5562",30.70449,33.84951,316.41,0.74,0.76,"2026-09-16",39,"N20","nominal","2.0NRT",293.14,3.49,"N"
"5563",31.35136,30.31272,306.93,0.45,0.63,"2026-09-16",39,"N20","nominal","2.0NRT",291.92,1.02,"N"
"5564",31.12517,29.81165,312.85,0.42,0.61,"2026-09-16",39,"N20","nominal","2.0NRT",294.98,1.33,"N"
"5565",31.14335,29.83992,307.67,0.43,0.62,"2026-09-16",39,"N20","nominal","2.0NRT",296.29,1.95,"N"
"5566",31.12045,29.81318,313.36,0.42,0.61,"2026-09-16",39,"N20","nominal","2.0NRT",295.43,1.77,"N"
"5567",31.02897,29.75364,326.14,0.42,0.61,"2026-09-16",39,"N20","nominal","2.0NRT",295.4,2.58,"N"
"5568",31.03021,29.75588,322.86,0.42,0.61,"2026-09-16",39,"N20","nominal","2.0NRT",294.62,3.24,"N"
"5569",30.39172,31.62333,346.5,0.56,0.69,"2026-09-16",39,"N20","nominal","2.0NRT",294.61,7.78,"N"
"5570",30.88193,29.46299,306.05,0.41,0.61,"2026-09-16",39,"N20","nominal","2.0NRT",294.85,0.64,"N"
"5571",30.25383,31.52714,303.74,0.56,0.69,"2026-09-16",39,"N20","nominal","2.0NRT",293.56,0.54,"N"
"5572",29.92404,32.46361,305.3,0.65,0.73,"2026-09-16",39,"N20","nominal","2.0NRT",294.74,1.99,"N"
"5573",30.39631,30.58726,305.65,0.49,0.65,"2026-09-16",39,"N20","nominal","2.0NRT",294.76,0.79,"N"
"5574",30.39057,30.58517,306.76,0.49,0.65,"2026-09-16",39,"N20","nominal","2.0NRT",295.42,0.79,"N"
"5575",30.39284,30.58669,314.25,0.49,0.65,"2026-09-16",39,"N20","nominal","2.0NRT",296.58,2.32,"N"
"5576",30.84106,28.66463,302.43,0.37,0.58,"2026-09-16",39,"N20","nominal","2.0NRT",291.59,0.57,"N"
"5577",30.84015,28.66836,306.16,0.37,0.58,"2026-09-16",39,"N20","nominal","2.0NRT",291.59,0.57,"N"
"5578",30.10975,31.26562,305.8,0.55,0.68,"2026-09-16",39,"N20","nominal","2.0NRT",295.64,0.97,"N"
"5579",30.10974,31.26871,306.61,0.55,0.68,"2026-09-16",39,"N20","nominal","2.0NRT",295.26,1.24,"N"
"5580",29.80739,32.08605,320.26,0.62,0.71,"2026-09-16",39,"N20","nominal","2.0NRT",294.35,4.74,"N"
"5581",30.93303,27.55677,303.77,0.64,0.54,"2026-09-16",39,"N20","nominal","2.0NRT",290.62,1.46,"N"
"5582",29.69233,32.32299,305.45,0.64,0.72,"2026-09-16",39,"N20","nominal","2.0NRT",294.33,2.49,"N"
"5583",30.70347,27.72318,302.76,0.33,0.55,"2026-09-16",39,"N20","nominal","2.0NRT",290.65,0.38,"N"
"5584",30.75945,27.4653,311.37,0.63,0.54,"2026-09-16",39,"N20","nominal","2.0NRT",290.37,1.57,"N"
"5585",30.85079,27.03278,304.37,0.6,0.53,"2026-09-16",39,"N20","nominal","2.0NRT",290.57,0.77,"N"
"5586",30.77068,27.26479,300.87,0.62,0.54,"2026-09-16",39,"N20","nominal","2.0NRT",290.44,0.72,"N"
"5587",30.76948,27.10427,308.21,0.6,0.53,"2026-09-16",39,"N20","nominal","2.0NRT",291.26,1.2,"N"
"5588",30.75998,27.10132,310.97,0.6,0.53,"2026-09-16",39,"N20","nominal","2.0NRT",291,1.69,"N"
"5589",30.85608,26.61827,303.95,0.56,0.52,"2026-09-16",39,"N20","nominal","2.0NRT",290.67,0.98,"N"
"5590",30.82626,26.4698,310.23,0.55,0.51,"2026-09-16",39,"N20","nominal","2.0NRT",291.44,1.51,"N"
"5591",30.82369,26.46832,307.82,0.55,0.51,"2026-09-16",39,"N20","nominal","2.0NRT",292.03,1.21,"N"
"5592",30.67265,26.36729,311.75,0.55,0.51,"2026-09-16",39,"N20","nominal","2.0NRT",291.53,1.73,"N"
"5593",30.3672,27.2303,308.16,0.63,0.54,"2026-09-16",39,"N20","nominal","2.0NRT",289.76,0.84,"N"
"5594",30.53438,26.08735,303.38,0.53,0.5,"2026-09-16",39,"N20","nominal","2.0NRT",291.11,1.67,"N"
"5595",30.53108,26.08061,310.23,0.53,0.5,"2026-09-16",39,"N20","nominal","2.0NRT",290.93,1.64,"N"
"5596",29.97844,27.78893,307.46,0.34,0.56,"2026-09-16",39,"N20","nominal","2.0NRT",292.77,0.69,"N"
"5597",29.8533,27.94874,303.18,0.35,0.57,"2026-09-16",39,"N20","nominal","2.0NRT",293.1,0.38,"N"
"5598",29.01794,31.2032,313.03,0.58,0.69,"2026-09-16",39,"N20","nominal","2.0NRT",297.01,4.86,"N"
"5599",29.02151,31.20201,316.42,0.58,0.69,"2026-09-16",39,"N20","nominal","2.0NRT",295.83,2.3,"N"
"5600",29.01536,31.19988,307.46,0.58,0.69,"2026-09-16",39,"N20","nominal","2.0NRT",294.37,2.3,"N"
"5601",28.92749,31.07801,305.18,0.57,0.69,"2026-09-16",39,"N20","nominal","2.0NRT",293.4,0.77,"N"
"5602",28.92302,31.08144,304.37,0.57,0.69,"2026-09-16",39,"N20","nominal","2.0NRT",294.04,2,"N"
"5603",27.19671,30.987,306.96,0.62,0.71,"2026-09-16",39,"N20","nominal","2.0NRT",291.78,1.21,"N"
"5604",27.16972,31.01033,308.09,0.62,0.72,"2026-09-16",39,"N20","nominal","2.0NRT",292.02,2.31,"N"
"5605",27.19699,30.9865,304.16,0.62,0.71,"2026-09-16",39,"N20","nominal","2.0NRT",291.64,1.63,"N"
"5606",27.17019,31.00986,303.33,0.62,0.72,"2026-09-16",39,"N20","nominal","2.0NRT",291.55,1.54,"N"
"5607",54.6145,160.30411,367,0.78,0.78,"2026-09-16",16,"N20","high","2.0NRT",301.17,53.4,"D"
"5608",54.61226,160.29903,367,0.78,0.78,"2026-09-16",16,"N20","high","2.0NRT",299.11,53.58,"D"
"5609",54.61138,160.30334,367,0.78,0.78,"2026-09-16",16,"N20","high","2.0NRT",298.3,45.91,"D"
"5610",54.60907,160.29813,367,0.78,0.78,"2026-09-16",16,"N20","high","2.0NRT",290.68,33.34,"D"
"5611",70.99624,73.84409,337.34,0.58,0.52,"2026-09-16",26,"N20","nominal","2.0NRT",277.17,6.32,"N"
"5612",70.99812,73.82298,306.95,0.58,0.52,"2026-09-16",26,"N20","nominal","2.0NRT",277.22,1.8,"N"
"5613",70.99365,73.83152,301.41,0.58,0.52,"2026-09-16",26,"N20","nominal","2.0NRT",278.47,1.8,"N"
"5614",70.99492,73.82843,319.81,0.58,0.52,"2026-09-16",26,"N20","nominal","2.0NRT",278.37,3.82,"N"
"5615",71.68447,71.57191,339.11,0.49,0.49,"2026-09-16",26,"N20","nominal","2.0NRT",279.28,6.75,"N"
"5616",71.68599,71.5759,336.4,0.49,0.49,"2026-09-16",26,"N20","nominal","2.0NRT",278.31,5.61,"N"
"5617",71.25734,72.06538,320.78,0.53,0.5,"2026-09-16",26,"N20","nominal","2.0NRT",277.42,2.45,"N"
"5618",71.14325,72.29851,315.11,0.54,0.51,"2026-09-16",26,"N20","nominal","2.0NRT",276.54,2.46,"N"
"5619",71.25877,72.06556,322.7,0.53,0.5,"2026-09-16",26,"N20","nominal","2.0NRT",277.58,2.78,"N"
"5620",71.14526,72.30139,318.25,0.54,0.51,"2026-09-16",26,"N20","nominal","2.0NRT",275.76,2.15,"N"
"5621",67.28949,75.12188,314.31,0.5,0.66,"2026-09-16",26,"N20","nominal","2.0NRT",274.03,2.3,"N"
"5622",66.95742,75.53774,367,0.53,0.67,"2026-09-16",26,"N20","high","2.0NRT",282.1,137.17,"N"
"5623",66.911,75.60749,333.41,0.54,0.68,"2026-09-16",26,"N20","nominal","2.0NRT",273.53,5.92,"N"
"5624",66.90675,75.61383,348.49,0.54,0.68,"2026-09-16",26,"N20","nominal","2.0NRT",275.79,8.97,"N"
"5625",66.94898,75.55043,295.82,0.53,0.67,"2026-09-16",26,"N20","nominal","2.0NRT",274.5,15.15,"N"
"5626",66.90781,75.59369,309.54,0.54,0.68,"2026-09-16",26,"N20","nominal","2.0NRT",273.93,2.65,"N"
"5627",66.90359,75.60002,302.86,0.54,0.68,"2026-09-16",26,"N20","nominal","2.0NRT",275.09,3.02,"N"
"5628",70.42467,68.36208,297.14,0.53,0.5,"2026-09-16",26,"N20","nominal","2.0NRT",273.27,0.52,"N"
"5629",70.40941,68.27768,336.98,0.53,0.5,"2026-09-16",26,"N20","nominal","2.0NRT",276.48,7.76,"N"
"5630",70.3941,68.31271,305.27,0.53,0.5,"2026-09-16",26,"N20","nominal","2.0NRT",273.68,1.24,"N"
"5631",67.81073,72.54991,297.09,0.43,0.62,"2026-09-16",26,"N20","nominal","2.0NRT",276.52,2.57,"N"
"5632",67.81089,72.53145,345.73,0.43,0.62,"2026-09-16",26,"N20","nominal","2.0NRT",277.27,3.19,"N"
"5633",67.80759,72.53718,325.62,0.43,0.62,"2026-09-16",26,"N20","nominal","2.0NRT",277.79,2.57,"N"
"5634",67.81418,72.52573,306.19,0.43,0.62,"2026-09-16",26,"N20","nominal","2.0NRT",276.43,3.19,"N"
"5635",67.81099,72.5131,341.24,0.43,0.62,"2026-09-16",26,"N20","nominal","2.0NRT",277.59,58.45,"N"
"5636",67.80775,72.51875,367,0.43,0.62,"2026-09-16",26,"N20","high","2.0NRT",285.26,58.45,"N"
"5637",67.8012,72.53015,340.15,0.43,0.62,"2026-09-16",26,"N20","nominal","2.0NRT",281.59,172.36,"N"
"5638",67.81428,72.50739,300.85,0.43,0.62,"2026-09-16",26,"N20","nominal","2.0NRT",276.85,3.45,"N"
"5639",67.79789,72.5359,296.69,0.43,0.62,"2026-09-16",26,"N20","nominal","2.0NRT",277.38,1.99,"N"
"5640",67.80782,72.50046,329,0.43,0.62,"2026-09-16",26,"N20","nominal","2.0NRT",278.33,58.45,"N"
"5641",67.8045,72.50623,367,0.43,0.62,"2026-09-16",26,"N20","high","2.0NRT",287.7,58.45,"N"
"5642",67.79802,72.51751,330.53,0.43,0.62,"2026-09-16",26,"N20","nominal","2.0NRT",282.14,172.36,"N"
"5643",67.79474,72.52322,297.23,0.43,0.62,"2026-09-16",26,"N20","nominal","2.0NRT",278.52,1.99,"N"
"5644",67.79807,72.49924,295.65,0.43,0.62,"2026-09-16",26,"N20","nominal","2.0NRT",278.45,1.54,"N"
"5645",67.79151,72.51065,300.53,0.43,0.62,"2026-09-16",26,"N20","nominal","2.0NRT",277.51,1.47,"N"
"5646",64.90272,75.50889,297.97,0.71,0.75,"2026-09-16",26,"N20","nominal","2.0NRT",276.23,2.13,"N"
"5647",64.75455,75.42835,310.42,0.72,0.76,"2026-09-16",26,"N20","nominal","2.0NRT",276.61,1.23,"N"
"5648",64.757,75.42396,296.91,0.72,0.76,"2026-09-16",26,"N20","nominal","2.0NRT",276.39,2.01,"N"
"5649",64.41103,75.37307,299.57,0.76,0.77,"2026-09-16",28,"N20","nominal","2.0NRT",277.1,1.11,"N"
"5650",69.26612,57.28953,337.46,0.41,0.45,"2026-09-16",28,"N20","nominal","2.0NRT",282.97,3.29,"N"
"5651",67.65981,60.51299,301,0.55,0.51,"2026-09-16",28,"N20","nominal","2.0NRT",278.2,0.81,"N"
"5652",61.75495,66.95823,338.13,0.76,0.77,"2026-09-16",28,"N20","nominal","2.0NRT",278.26,5.32,"N"
"5653",61.74918,66.95473,317.87,0.76,0.77,"2026-09-16",28,"N20","nominal","2.0NRT",277.55,2.82,"N"
"5654",61.73619,66.4547,299.84,0.75,0.77,"2026-09-16",28,"N20","nominal","2.0NRT",278.24,1.51,"N"
"5655",59.59056,60.58583,298.17,0.71,0.75,"2026-09-16",30,"N20","nominal","2.0NRT",278.25,0.78,"N"
"5656",68.41252,83.63081,338.68,0.7,0.75,"2026-09-16",204,"N20","nominal","2.0NRT",277.02,4.8,"D"
"5657",68.41184,83.62736,341.55,0.7,0.75,"2026-09-16",204,"N20","nominal","2.0NRT",277.22,5.49,"D"
"5658",68.52805,79.94979,349.53,0.68,0.74,"2026-09-16",204,"N20","nominal","2.0NRT",275.77,20.39,"D"
"5659",70.99591,73.84995,346.98,0.45,0.63,"2026-09-16",206,"N20","nominal","2.0NRT",277.13,10.34,"D"
"5660",70.99656,73.84624,356.14,0.45,0.63,"2026-09-16",206,"N20","low","2.0NRT",277.2,8.74,"D"
"5661",70.99174,73.83012,330.21,0.45,0.63,"2026-09-16",206,"N20","nominal","2.0NRT",279.07,5.85,"D"
"5662",70.41089,68.27771,341.3,0.47,0.64,"2026-09-16",206,"N20","nominal","2.0NRT",275.39,3.72,"D"
"5663",70.41006,68.28057,340.6,0.47,0.64,"2026-09-16",206,"N20","nominal","2.0NRT",275.49,3.9,"D"
"5664",47.43288,118.37024,337.41,0.73,0.76,"2026-09-16",336,"N20","nominal","2.0NRT",291.48,5.56,"D"
"5665",47.43133,118.36497,346.44,0.73,0.76,"2026-09-16",336,"N20","nominal","2.0NRT",292.84,13.02,"D"
"5666",53.2034,143.2428,328.45,0.5,0.41,"2026-09-16",336,"N20","nominal","2.0NRT",285.97,2.71,"D"
"5667",51.54058,128.16151,345.53,0.43,0.46,"2026-09-16",336,"N20","nominal","2.0NRT",299.34,21.66,"D"
"5668",51.53913,128.15564,326.06,0.43,0.46,"2026-09-16",336,"N20","nominal","2.0NRT",289.85,21.66,"D"
"5669",56.68375,124.53229,326.26,0.41,0.45,"2026-09-16",338,"N20","nominal","2.0NRT",277.08,2.37,"D"
"5670",60.28721,111.64082,341.04,0.38,0.59,"2026-09-16",340,"N20","nominal","2.0NRT",277.94,3.23,"D"
"5671",59.80436,109.42506,342.18,0.46,0.63,"2026-09-16",340,"N20","nominal","2.0NRT",269.38,10.84,"D"
"5672",59.80695,109.43165,356.34,0.46,0.63,"2026-09-16",340,"N20","low","2.0NRT",266.69,12.49,"D"
"5673",59.78578,109.35847,333.16,0.46,0.64,"2026-09-16",340,"N20","nominal","2.0NRT",265.5,2.64,"D"
"5674",59.8049,109.42548,352.76,0.46,0.63,"2026-09-16",340,"N20","nominal","2.0NRT",270.72,18.86,"D"
"5675",59.78614,109.35934,325.27,0.46,0.64,"2026-09-16",340,"N20","nominal","2.0NRT",266.19,3.73,"D"
"5676",60.47895,109.87752,341.78,0.41,0.61,"2026-09-16",340,"N20","nominal","2.0NRT",279.59,7.37,"D"
"5677",60.4641,109.72566,344.96,0.42,0.61,"2026-09-16",340,"N20","nominal","2.0NRT",278.27,4.51,"D"
"5678",60.4652,109.71503,325.61,0.42,0.61,"2026-09-16",340,"N20","nominal","2.0NRT",276.63,7.22,"D"
"5679",69.26894,109.58192,330.38,0.53,0.42,"2026-09-16",342,"N20","nominal","2.0NRT",282.79,4.3,"D"
"5680",40.53455,141.50264,332.72,0.39,0.36,"2026-09-16",332,"N20","nominal","2.0NRT",276.46,2.41,"D"
"5681",41.8176,140.63184,333.64,0.39,0.36,"2026-09-16",332,"N20","nominal","2.0NRT",298.98,3.62,"D"
"5682",39.44424,126.02393,332.03,0.61,0.71,"2026-09-16",334,"N20","nominal","2.0NRT",299.31,4.59,"D"
"5683",43.25928,141.43973,329.07,0.38,0.36,"2026-09-16",334,"N20","nominal","2.0NRT",296.24,1.85,"D"
"5684",46.62542,142.91122,333.93,0.42,0.38,"2026-09-16",334,"N20","nominal","2.0NRT",301.23,5.62,"D"
"5685",46.62885,142.91031,326.75,0.42,0.38,"2026-09-16",334,"N20","low","2.0NRT",297.84,5.62,"D"
"5686",44.82998,130.69305,325.65,0.51,0.49,"2026-09-16",334,"N20","nominal","2.0NRT",294.04,3.26,"D"
"5687",45.08607,130.57135,327.55,0.51,0.49,"2026-09-16",334,"N20","nominal","2.0NRT",293.19,3.55,"D"
"5688",45.50564,131.78578,326.25,0.44,0.46,"2026-09-16",334,"N20","low","2.0NRT",298.58,3.29,"D"
"5689",45.9141,132.49107,328.6,0.4,0.44,"2026-09-16",334,"N20","nominal","2.0NRT",295.81,4.51,"D"
"5690",46.43691,132.00957,337.88,0.41,0.45,"2026-09-16",334,"N20","nominal","2.0NRT",292.98,3.33,"D"
"5691",46.44309,132.01761,325.17,0.41,0.45,"2026-09-16",334,"N20","nominal","2.0NRT",293.34,3.72,"D"
"5692",46.44195,132.01262,341.72,0.41,0.45,"2026-09-16",334,"N20","nominal","2.0NRT",292.39,3.72,"D"
"5693",46.44081,132.00764,341.95,0.41,0.45,"2026-09-16",334,"N20","nominal","2.0NRT",293.34,3.33,"D"
"5694",46.44586,132.01071,344.94,0.41,0.45,"2026-09-16",334,"N20","nominal","2.0NRT",292.37,5.65,"D"
"5695",47.08536,133.93321,336.09,0.5,0.41,"2026-09-16",334,"N20","nominal","2.0NRT",292.16,3.25,"D"
"5696",47.08406,133.92696,326.42,0.5,0.41,"2026-09-16",334,"N20","nominal","2.0NRT",292.13,2.54,"D"
"5697",47.08276,133.9207,328.94,0.5,0.41,"2026-09-16",334,"N20","nominal","2.0NRT",291.66,2.54,"D"
"5698",47.42428,134.04459,331.81,0.49,0.4,"2026-09-16",334,"N20","nominal","2.0NRT",293.49,3.7,"D"
"5699",47.42301,134.03841,327.1,0.49,0.4,"2026-09-16",334,"N20","nominal","2.0NRT",292.96,2.66,"D"
"5700",47.42912,134.04919,339.68,0.48,0.4,"2026-09-16",334,"N20","nominal","2.0NRT",292.26,3.7,"D"
"5701",47.43267,134.04761,341.14,0.48,0.4,"2026-09-16",334,"N20","nominal","2.0NRT",288.73,3.41,"D"
"5702",48.35212,134.40921,327.06,0.46,0.39,"2026-09-16",334,"N20","nominal","2.0NRT",291.32,1.92,"D"
"5703",48.72837,124.01133,325.77,0.39,0.59,"2026-09-16",336,"N20","nominal","2.0NRT",292.3,1.89,"D"
