"","latitude","longitude","bright_ti4","scan","track","acq_date","acq_time","satellite","confidence","version","bright_ti5","frp","daynight"
"1",40.75845,29.36024,304.37,0.39,0.36,"2026-09-18",1,"N20","nominal","2.0NRT",289.54,0.84,"N"
"2",40.24314,29.92661,303.24,0.38,0.36,"2026-09-18",1,"N20","nominal","2.0NRT",285.33,0.79,"N"
"3",40.23233,29.04948,296.06,0.39,0.36,"2026-09-18",1,"N20","nominal","2.0NRT",285.41,0.28,"N"
"4",40.1856,29.2266,304.17,0.39,0.36,"2026-09-18",1,"N20","nominal","2.0NRT",287.76,1.15,"N"
"5",40.44276,27.1393,307.32,0.43,0.38,"2026-09-18",1,"N20","nominal","2.0NRT",292.13,1.03,"N"
"6",36.90624,43.39312,300.82,0.51,0.66,"2026-09-18",1,"N20","nominal","2.0NRT",287.33,2.1,"N"
"7",36.89511,43.43181,311.45,0.51,0.66,"2026-09-18",1,"N20","nominal","2.0NRT",288.54,1.39,"N"
"8",36.87159,43.49083,335.03,0.51,0.66,"2026-09-18",1,"N20","nominal","2.0NRT",290.54,4.79,"N"
"9",36.88935,43.42927,318.36,0.51,0.66,"2026-09-18",1,"N20","nominal","2.0NRT",286.52,1.39,"N"
"10",36.86679,43.48492,304.29,0.51,0.66,"2026-09-18",1,"N20","nominal","2.0NRT",288.66,1.19,"N"
"11",39.901,28.87217,318.28,0.39,0.36,"2026-09-18",1,"N20","nominal","2.0NRT",283.67,1.92,"N"
"12",37.1245,42.08725,300.44,0.42,0.61,"2026-09-18",1,"N20","nominal","2.0NRT",287.32,0.81,"N"
"13",37.03991,42.0728,303.16,0.43,0.62,"2026-09-18",1,"N20","nominal","2.0NRT",290.54,1.11,"N"
"14",36.80862,42.87894,336.56,0.48,0.64,"2026-09-18",1,"N20","nominal","2.0NRT",291.61,4.05,"N"
"15",37.0345,42.07058,318.87,0.43,0.62,"2026-09-18",1,"N20","nominal","2.0NRT",290.92,1.11,"N"
"16",36.81001,42.87403,312.81,0.48,0.64,"2026-09-18",1,"N20","nominal","2.0NRT",290.2,4.05,"N"
"17",36.803,42.87648,329.56,0.48,0.64,"2026-09-18",1,"N20","nominal","2.0NRT",293.09,3.41,"N"
"18",36.80439,42.87159,312.16,0.48,0.64,"2026-09-18",1,"N20","nominal","2.0NRT",290.81,3.41,"N"
"19",37.33638,40.80169,303.62,0.36,0.57,"2026-09-18",1,"N20","nominal","2.0NRT",287.61,1.51,"N"
"20",36.94363,42.16895,325.87,0.43,0.62,"2026-09-18",1,"N20","nominal","2.0NRT",290.55,3.6,"N"
"21",36.96755,42.08136,313.3,0.43,0.62,"2026-09-18",1,"N20","nominal","2.0NRT",290.58,1.17,"N"
"22",36.94235,42.17363,314.12,0.43,0.62,"2026-09-18",1,"N20","nominal","2.0NRT",290.76,3.26,"N"
"23",36.9485,42.129,326.79,0.43,0.62,"2026-09-18",1,"N20","nominal","2.0NRT",291.78,3.38,"N"
"24",36.94722,42.13368,303.78,0.43,0.62,"2026-09-18",1,"N20","nominal","2.0NRT",290.95,2.33,"N"
"25",37.04287,41.69415,303.29,0.41,0.6,"2026-09-18",1,"N20","nominal","2.0NRT",290.94,1.13,"N"
"26",37.01217,41.67691,309.21,0.41,0.6,"2026-09-18",1,"N20","nominal","2.0NRT",292.47,3.09,"N"
"27",37.50072,39.43394,310.86,0.6,0.53,"2026-09-18",1,"N20","nominal","2.0NRT",288.3,1.45,"N"
"28",36.34254,43.71435,307.39,0.54,0.68,"2026-09-18",1,"N20","nominal","2.0NRT",291.08,3.36,"N"
"29",37.07161,41.08116,316.03,0.38,0.59,"2026-09-18",1,"N20","nominal","2.0NRT",289.2,3.19,"N"
"30",36.60897,42.59046,298.36,0.47,0.64,"2026-09-18",1,"N20","nominal","2.0NRT",274.8,2.31,"N"
"31",39.60744,27.87787,298.46,0.41,0.37,"2026-09-18",1,"N20","nominal","2.0NRT",287.97,0.63,"N"
"32",36.95902,40.93781,299.36,0.37,0.58,"2026-09-18",1,"N20","nominal","2.0NRT",287.56,0.13,"N"
"33",36.95658,40.77409,307.1,0.37,0.58,"2026-09-18",1,"N20","nominal","2.0NRT",289.16,0.69,"N"
"34",39.56415,26.95597,328.65,0.43,0.38,"2026-09-18",1,"N20","nominal","2.0NRT",291.45,6.24,"N"
"35",39.56349,26.96095,321.65,0.43,0.38,"2026-09-18",1,"N20","nominal","2.0NRT",291.03,6.24,"N"
"36",36.02122,43.68114,317.14,0.55,0.68,"2026-09-18",1,"N20","nominal","2.0NRT",289.63,2.73,"N"
"37",35.99916,43.75647,306.6,0.56,0.69,"2026-09-18",1,"N20","nominal","2.0NRT",290.28,2.83,"N"
"38",35.99743,43.76239,316.26,0.56,0.69,"2026-09-18",1,"N20","nominal","2.0NRT",290.24,2.83,"N"
"39",35.98214,43.76845,308.74,0.56,0.69,"2026-09-18",1,"N20","nominal","2.0NRT",287.27,3.82,"N"
"40",36.79495,40.72778,299.48,0.37,0.58,"2026-09-18",1,"N20","nominal","2.0NRT",288.72,0.66,"N"
"41",36.79391,40.73171,307.27,0.37,0.58,"2026-09-18",1,"N20","nominal","2.0NRT",289.76,0.66,"N"
"42",37.06279,39.6338,303.41,0.63,0.54,"2026-09-18",1,"N20","nominal","2.0NRT",284.7,2.92,"N"
"43",36.7942,40.73206,309.1,0.37,0.58,"2026-09-18",1,"N20","nominal","2.0NRT",289.87,1.46,"N"
"44",37.0616,39.63248,316.33,0.63,0.54,"2026-09-18",1,"N20","nominal","2.0NRT",287.39,3.92,"N"
"45",36.84202,40.4813,301.26,0.36,0.57,"2026-09-18",1,"N20","nominal","2.0NRT",290.77,0.59,"N"
"46",36.32264,42.3628,303.7,0.46,0.64,"2026-09-18",1,"N20","nominal","2.0NRT",290.72,0.76,"N"
"47",35.77607,43.99115,314.15,0.58,0.7,"2026-09-18",1,"N20","nominal","2.0NRT",293.26,3.79,"N"
"48",35.77429,43.99713,314.06,0.58,0.7,"2026-09-18",1,"N20","nominal","2.0NRT",294.01,4.16,"N"
"49",35.72713,44.03968,367,0.59,0.7,"2026-09-18",1,"N20","high","2.0NRT",296.14,9.39,"N"
"50",35.73077,44.02757,312.05,0.59,0.7,"2026-09-18",1,"N20","nominal","2.0NRT",292.78,3.79,"N"
"51",35.72896,44.03358,311.56,0.59,0.7,"2026-09-18",1,"N20","nominal","2.0NRT",293.37,9.39,"N"
"52",35.77213,43.9958,322.67,0.58,0.7,"2026-09-18",1,"N20","nominal","2.0NRT",294.18,6.08,"N"
"53",35.72531,44.03836,367,0.59,0.7,"2026-09-18",1,"N20","high","2.0NRT",295.72,8.72,"N"
"54",35.7271,44.03228,315.4,0.59,0.7,"2026-09-18",1,"N20","nominal","2.0NRT",293.05,9.05,"N"
"55",35.7235,44.04451,304.63,0.59,0.7,"2026-09-18",1,"N20","nominal","2.0NRT",293.01,8.72,"N"
"56",35.92612,43.21092,300.96,0.52,0.67,"2026-09-18",1,"N20","nominal","2.0NRT",287.2,0.31,"N"
"57",36.45781,41.27969,302.64,0.4,0.6,"2026-09-18",1,"N20","nominal","2.0NRT",292.06,0.47,"N"
"58",35.82297,43.47481,303.57,0.55,0.68,"2026-09-18",1,"N20","nominal","2.0NRT",292.42,2.04,"N"
"59",35.66477,43.96412,323.55,0.58,0.7,"2026-09-18",1,"N20","nominal","2.0NRT",292.02,2.18,"N"
"60",35.56992,44.28003,308.5,0.61,0.71,"2026-09-18",1,"N20","nominal","2.0NRT",290.68,1.48,"N"
"61",35.56804,44.28625,311.29,0.61,0.71,"2026-09-18",1,"N20","nominal","2.0NRT",291.59,1.48,"N"
"62",35.68579,43.87064,352.13,0.58,0.69,"2026-09-18",1,"N20","nominal","2.0NRT",289.59,17.9,"N"
"63",35.68398,43.87674,349.82,0.58,0.7,"2026-09-18",1,"N20","nominal","2.0NRT",297.33,17.9,"N"
"64",35.63165,44.00574,367,0.59,0.7,"2026-09-18",1,"N20","high","2.0NRT",292.89,17.13,"N"
"65",35.53207,44.3355,329.1,0.62,0.71,"2026-09-18",1,"N20","nominal","2.0NRT",291.76,3.72,"N"
"66",35.53014,44.34184,330.17,0.62,0.71,"2026-09-18",1,"N20","nominal","2.0NRT",291.38,3.72,"N"
"67",36.7199,40.11692,297.59,0.34,0.56,"2026-09-18",1,"N20","nominal","2.0NRT",285.69,0.25,"N"
"68",35.62984,44.01173,318.27,0.59,0.7,"2026-09-18",1,"N20","nominal","2.0NRT",292.26,11.38,"N"
"69",39.16931,27.62819,301.45,0.41,0.37,"2026-09-18",1,"N20","nominal","2.0NRT",288.45,0.44,"N"
"70",39.16882,27.63049,305.9,0.41,0.37,"2026-09-18",1,"N20","nominal","2.0NRT",289.61,1.08,"N"
"71",39.18385,27.49658,303.88,0.41,0.37,"2026-09-18",1,"N20","nominal","2.0NRT",289.42,0.57,"N"
"72",35.8184,43.47025,312.13,0.55,0.68,"2026-09-18",1,"N20","nominal","2.0NRT",291.56,2.43,"N"
"73",35.58526,44.24876,305.89,0.61,0.71,"2026-09-18",1,"N20","nominal","2.0NRT",291.92,0.71,"N"
"74",35.68766,43.87597,367,0.58,0.7,"2026-09-18",1,"N20","high","2.0NRT",298.38,15.31,"N"
"75",35.5678,44.28423,327.78,0.61,0.71,"2026-09-18",1,"N20","nominal","2.0NRT",292.19,2.69,"N"
"76",35.68943,43.86991,299.97,0.58,0.7,"2026-09-18",1,"N20","nominal","2.0NRT",289.15,11.08,"N"
"77",35.68588,43.88208,306.05,0.58,0.7,"2026-09-18",1,"N20","nominal","2.0NRT",289.44,15.31,"N"
"78",35.66283,43.96105,315.99,0.58,0.7,"2026-09-18",1,"N20","nominal","2.0NRT",290.96,2.36,"N"
"79",35.53844,44.33604,301.63,0.62,0.71,"2026-09-18",1,"N20","nominal","2.0NRT",290.02,0.6,"N"
"80",35.63,44.00266,327.74,0.59,0.7,"2026-09-18",1,"N20","nominal","2.0NRT",290.43,11.16,"N"
"81",35.62823,44.00869,354.81,0.59,0.7,"2026-09-18",1,"N20","nominal","2.0NRT",296.42,11.16,"N"
"82",35.53027,44.33992,333.98,0.62,0.71,"2026-09-18",1,"N20","nominal","2.0NRT",291.83,3.16,"N"
"83",35.53217,44.33353,311.37,0.62,0.71,"2026-09-18",1,"N20","nominal","2.0NRT",291.38,3.74,"N"
"84",35.5284,44.3462,303.45,0.62,0.71,"2026-09-18",1,"N20","nominal","2.0NRT",290.09,3.16,"N"
"85",35.45789,44.41705,332.75,0.63,0.72,"2026-09-18",1,"N20","nominal","2.0NRT",293.25,3.39,"N"
"86",36.72477,39.85117,299.91,0.33,0.55,"2026-09-18",1,"N20","nominal","2.0NRT",287.9,0.43,"N"
"87",39.11665,27.52638,309.84,0.41,0.37,"2026-09-18",1,"N20","nominal","2.0NRT",288.26,0.94,"N"
"88",39.11392,27.52067,310.84,0.41,0.37,"2026-09-18",1,"N20","nominal","2.0NRT",288.94,1.31,"N"
"89",35.48903,44.15048,367,0.6,0.71,"2026-09-18",1,"N20","high","2.0NRT",291.52,9.02,"N"
"90",35.48713,44.1568,320.04,0.61,0.71,"2026-09-18",1,"N20","nominal","2.0NRT",290.91,9.02,"N"
"91",37.03726,38.44777,295.27,0.55,0.51,"2026-09-18",1,"N20","nominal","2.0NRT",278.89,0.84,"N"
"92",39.09415,27.51144,306.07,0.41,0.37,"2026-09-18",1,"N20","nominal","2.0NRT",289.3,0.86,"N"
"93",39.09351,27.5162,300.05,0.41,0.37,"2026-09-18",1,"N20","nominal","2.0NRT",288.86,0.86,"N"
"94",39.09137,27.5061,299.12,0.41,0.37,"2026-09-18",1,"N20","nominal","2.0NRT",288.28,0.7,"N"
"95",39.09074,27.51075,300.19,0.41,0.37,"2026-09-18",1,"N20","nominal","2.0NRT",289.31,0.86,"N"
"96",36.73003,39.59811,299.75,0.32,0.55,"2026-09-18",1,"N20","nominal","2.0NRT",288.32,0.63,"N"
"97",36.72917,39.6016,302.52,0.32,0.55,"2026-09-18",1,"N20","nominal","2.0NRT",288.26,0.57,"N"
"98",35.48734,44.15295,367,0.61,0.71,"2026-09-18",1,"N20","high","2.0NRT",295.66,16.99,"N"
"99",35.41169,44.21969,299.36,0.61,0.71,"2026-09-18",1,"N20","nominal","2.0NRT",288.28,0.51,"N"
"100",35.38502,44.21517,329.51,0.61,0.71,"2026-09-18",1,"N20","nominal","2.0NRT",290.47,2.36,"N"
"101",35.37883,44.21247,303,0.61,0.71,"2026-09-18",1,"N20","nominal","2.0NRT",288.81,2.36,"N"
"102",35.38489,44.21332,319.81,0.61,0.71,"2026-09-18",1,"N20","nominal","2.0NRT",289.95,3.83,"N"
"103",35.38301,44.21972,299.62,0.61,0.71,"2026-09-18",1,"N20","nominal","2.0NRT",289.52,2.93,"N"
"104",35.24969,44.43116,367,0.64,0.72,"2026-09-18",1,"N20","high","2.0NRT",295.62,5.35,"N"
"105",35.25166,44.42462,304.85,0.63,0.72,"2026-09-18",1,"N20","nominal","2.0NRT",291.82,5.35,"N"
"106",35.24335,44.42859,305.66,0.64,0.72,"2026-09-18",1,"N20","nominal","2.0NRT",291.56,5.35,"N"
"107",35.12395,44.57098,302.19,0.65,0.73,"2026-09-18",1,"N20","nominal","2.0NRT",291.41,1.24,"N"
"108",38.74687,26.94642,304.42,0.42,0.38,"2026-09-18",1,"N20","nominal","2.0NRT",289.18,0.29,"N"
"109",38.74278,26.95051,309.14,0.42,0.38,"2026-09-18",1,"N20","nominal","2.0NRT",292.16,1.35,"N"
"110",38.74189,26.9303,300.51,0.42,0.38,"2026-09-18",1,"N20","nominal","2.0NRT",290.35,0.41,"N"
"111",38.73844,26.92957,317.41,0.42,0.38,"2026-09-18",1,"N20","nominal","2.0NRT",292.87,1.94,"N"
"112",38.73652,26.94415,304.58,0.42,0.38,"2026-09-18",1,"N20","nominal","2.0NRT",293.78,1.33,"N"
"113",32.83317,35.83254,307.27,0.49,0.49,"2026-09-18",1,"N20","nominal","2.0NRT",283.44,0.83,"N"
"114",32.92278,35.32056,317.96,0.46,0.47,"2026-09-18",1,"N20","nominal","2.0NRT",289.82,3.77,"N"
"115",32.03636,35.24851,334.95,0.47,0.48,"2026-09-18",1,"N20","nominal","2.0NRT",292.17,4.12,"N"
"116",32.03217,35.24678,313.85,0.47,0.48,"2026-09-18",1,"N20","nominal","2.0NRT",289.77,2.11,"N"
"117",31.33517,36.12951,301.33,0.55,0.51,"2026-09-18",1,"N20","nominal","2.0NRT",291.1,1.36,"N"
"118",31.28776,31.77731,312.54,0.49,0.4,"2026-09-18",1,"N20","nominal","2.0NRT",294.19,1.31,"N"
"119",30.72797,33.7729,304.26,0.42,0.45,"2026-09-18",1,"N20","nominal","2.0NRT",294.21,0.99,"N"
"120",30.72391,33.77177,311.41,0.42,0.45,"2026-09-18",1,"N20","nominal","2.0NRT",295.31,0.99,"N"
"121",30.70305,33.85131,320.01,0.42,0.45,"2026-09-18",1,"N20","nominal","2.0NRT",297.97,2.98,"N"
"122",31.35269,30.31616,306.26,0.43,0.38,"2026-09-18",1,"N20","nominal","2.0NRT",294.55,1.13,"N"
"123",30.98898,31.15881,303.66,0.46,0.39,"2026-09-18",1,"N20","nominal","2.0NRT",292.9,1.09,"N"
"124",30.98361,31.18739,304.05,0.46,0.39,"2026-09-18",1,"N20","nominal","2.0NRT",293.24,0.84,"N"
"125",31.14104,29.83953,305.77,0.41,0.37,"2026-09-18",1,"N20","nominal","2.0NRT",294.71,2.02,"N"
"126",31.1211,29.81244,333.67,0.41,0.37,"2026-09-18",1,"N20","nominal","2.0NRT",296.73,5.38,"N"
"127",31.11923,29.80307,307.82,0.41,0.37,"2026-09-18",1,"N20","nominal","2.0NRT",295.53,3.1,"N"
"128",31.09349,29.86849,311.09,0.42,0.37,"2026-09-18",1,"N20","nominal","2.0NRT",294.89,1.03,"N"
"129",31.02939,29.75232,306.8,0.41,0.37,"2026-09-18",1,"N20","nominal","2.0NRT",292.31,0.74,"N"
"130",31.02789,29.76082,307.93,0.41,0.37,"2026-09-18",1,"N20","nominal","2.0NRT",294.53,0.84,"N"
"131",30.52119,32.32081,307.94,0.53,0.42,"2026-09-18",1,"N20","nominal","2.0NRT",292.73,1.45,"N"
"132",30.8716,29.6248,327.89,0.41,0.37,"2026-09-18",1,"N20","nominal","2.0NRT",297.55,16.85,"N"
"133",30.87235,29.62055,304.36,0.41,0.37,"2026-09-18",1,"N20","nominal","2.0NRT",293.8,6.08,"N"
"134",30.86822,29.62401,306.32,0.41,0.37,"2026-09-18",1,"N20","nominal","2.0NRT",292.49,0.63,"N"
"135",30.88194,29.4646,305.48,0.41,0.37,"2026-09-18",1,"N20","nominal","2.0NRT",295.02,1.1,"N"
"136",31.10952,27.40738,305.33,0.38,0.36,"2026-09-18",1,"N20","nominal","2.0NRT",290.5,0.46,"N"
"137",30.84024,28.66921,310.47,0.39,0.36,"2026-09-18",1,"N20","nominal","2.0NRT",292.65,0.85,"N"
"138",31.09821,26.61998,318.15,0.39,0.36,"2026-09-18",1,"N20","nominal","2.0NRT",291.93,1.52,"N"
"139",30.93299,27.55634,314.02,0.38,0.36,"2026-09-18",1,"N20","nominal","2.0NRT",292.32,0.76,"N"
"140",27.83682,41.60881,304.27,0.7,0.75,"2026-09-18",1,"N20","nominal","2.0NRT",289.83,1.87,"N"
"141",30.39312,30.5874,311.59,0.45,0.39,"2026-09-18",1,"N20","nominal","2.0NRT",295.88,1.13,"N"
"142",30.38305,30.56294,307.19,0.45,0.39,"2026-09-18",1,"N20","nominal","2.0NRT",295.31,1,"N"
"143",27.83507,41.60615,303.22,0.7,0.75,"2026-09-18",1,"N20","nominal","2.0NRT",289.65,1.75,"N"
"144",30.17309,31.46849,305.89,0.49,0.4,"2026-09-18",1,"N20","nominal","2.0NRT",294.7,1.02,"N"
"145",29.92625,32.46334,311.38,0.55,0.43,"2026-09-18",1,"N20","nominal","2.0NRT",296.27,2.78,"N"
"146",29.92486,32.46756,308.26,0.55,0.43,"2026-09-18",1,"N20","nominal","2.0NRT",297.06,2.54,"N"
"147",30.7596,27.46786,322.55,0.38,0.36,"2026-09-18",1,"N20","nominal","2.0NRT",291.76,1.88,"N"
"148",30.77122,27.26489,304.03,0.38,0.36,"2026-09-18",1,"N20","nominal","2.0NRT",291.11,0.5,"N"
"149",30.85704,26.61874,302.28,0.39,0.36,"2026-09-18",1,"N20","nominal","2.0NRT",290.86,0.39,"N"
"150",30.85644,26.62277,302.37,0.39,0.36,"2026-09-18",1,"N20","nominal","2.0NRT",291.47,0.39,"N"
"151",30.76913,27.10426,312.15,0.38,0.36,"2026-09-18",1,"N20","nominal","2.0NRT",292.43,1.09,"N"
"152",30.76208,27.10358,311.63,0.38,0.36,"2026-09-18",1,"N20","nominal","2.0NRT",292.71,1.03,"N"
"153",30.73314,27.24536,301.11,0.38,0.36,"2026-09-18",1,"N20","nominal","2.0NRT",290.19,0.29,"N"
"154",30.74216,27.07886,307.26,0.38,0.36,"2026-09-18",1,"N20","nominal","2.0NRT",290.86,0.65,"N"
"155",29.91861,31.52985,304.22,0.5,0.41,"2026-09-18",1,"N20","nominal","2.0NRT",294.15,0.81,"N"
"156",29.80568,32.08701,322.03,0.53,0.42,"2026-09-18",1,"N20","nominal","2.0NRT",297.12,2.99,"N"
"157",29.8046,32.09243,311.79,0.53,0.42,"2026-09-18",1,"N20","nominal","2.0NRT",296.98,1.85,"N"
"158",29.75047,32.21526,305.94,0.54,0.42,"2026-09-18",1,"N20","nominal","2.0NRT",295.84,0.92,"N"
"159",29.69327,32.32259,340.8,0.55,0.42,"2026-09-18",1,"N20","nominal","2.0NRT",298.52,7.12,"N"
"160",30.67043,26.36769,321.46,0.39,0.36,"2026-09-18",1,"N20","nominal","2.0NRT",291.45,1.58,"N"
"161",29.82488,31.30787,309.49,0.49,0.4,"2026-09-18",1,"N20","nominal","2.0NRT",295.52,1.32,"N"
"162",29.82149,31.30969,316.56,0.49,0.4,"2026-09-18",1,"N20","nominal","2.0NRT",296.47,2.7,"N"
"163",29.85543,30.86601,306.86,0.47,0.39,"2026-09-18",1,"N20","nominal","2.0NRT",293.44,1.2,"N"
"164",30.36812,27.22986,327.74,0.38,0.36,"2026-09-18",1,"N20","nominal","2.0NRT",290.37,1.53,"N"
"165",30.53292,26.08346,312.92,0.39,0.36,"2026-09-18",1,"N20","nominal","2.0NRT",291.16,0.98,"N"
"166",29.47502,31.15995,306.65,0.49,0.4,"2026-09-18",1,"N20","nominal","2.0NRT",294.45,0.6,"N"
"167",29.62743,29.4722,306.22,0.42,0.37,"2026-09-18",1,"N20","nominal","2.0NRT",292.48,0.62,"N"
"168",29.8515,27.943,304.64,0.39,0.36,"2026-09-18",1,"N20","nominal","2.0NRT",293.83,0.57,"N"
"169",29.85085,27.94697,306.64,0.39,0.36,"2026-09-18",1,"N20","nominal","2.0NRT",293.89,0.57,"N"
"170",28.87041,33.17582,307.62,0.42,0.45,"2026-09-18",1,"N20","nominal","2.0NRT",297.03,1.39,"N"
"171",29.15634,31.24603,306.99,0.49,0.41,"2026-09-18",1,"N20","nominal","2.0NRT",295.92,1.13,"N"
"172",29.65612,28.36008,313.83,0.39,0.36,"2026-09-18",1,"N20","nominal","2.0NRT",292.88,0.88,"N"
"173",29.0495,31.17075,310.3,0.49,0.4,"2026-09-18",1,"N20","nominal","2.0NRT",296.88,1.27,"N"
"174",29.02,31.20488,330.3,0.49,0.41,"2026-09-18",1,"N20","nominal","2.0NRT",299.1,4.55,"N"
"175",29.01633,31.20398,320.07,0.49,0.41,"2026-09-18",1,"N20","nominal","2.0NRT",298.6,1.99,"N"
"176",29.01728,31.19901,309.16,0.49,0.41,"2026-09-18",1,"N20","nominal","2.0NRT",296.93,1.99,"N"
"177",28.92245,31.08002,311.87,0.49,0.4,"2026-09-18",1,"N20","nominal","2.0NRT",295.91,1.39,"N"
"178",28.27772,33.32056,333.66,0.44,0.46,"2026-09-18",1,"N20","nominal","2.0NRT",298.58,3.8,"N"
"179",28.03262,34.26118,320.71,0.5,0.49,"2026-09-18",1,"N20","nominal","2.0NRT",297.09,2.03,"N"
"180",28.02818,34.26008,312.62,0.5,0.49,"2026-09-18",1,"N20","nominal","2.0NRT",297.67,2.71,"N"
"181",27.53218,35.53952,309.6,0.61,0.54,"2026-09-18",1,"N20","nominal","2.0NRT",297.49,1.41,"N"
"182",27.16845,31.01271,313.35,0.52,0.41,"2026-09-18",1,"N20","nominal","2.0NRT",298.87,2.58,"N"
"183",26.25381,32.96988,312.17,0.46,0.47,"2026-09-18",1,"N20","nominal","2.0NRT",297.44,1.14,"N"
"184",26.02668,32.94129,308,0.46,0.47,"2026-09-18",1,"N20","nominal","2.0NRT",297.74,0.8,"N"
"185",24.02809,40.47725,312.21,0.74,0.76,"2026-09-18",3,"N20","nominal","2.0NRT",292.54,2.1,"N"
"186",23.94945,38.26556,316.69,0.54,0.68,"2026-09-18",3,"N20","nominal","2.0NRT",275.49,6.51,"N"
"187",22.70707,39.04594,310.81,0.64,0.72,"2026-09-18",3,"N20","nominal","2.0NRT",295.47,4.12,"N"
"188",22.70329,39.04077,312.69,0.64,0.72,"2026-09-18",3,"N20","nominal","2.0NRT",295.34,3.65,"N"
"189",22.21201,28.38558,306.18,0.46,0.39,"2026-09-18",3,"N20","nominal","2.0NRT",295.95,0.78,"N"
"190",69.36894,88.11993,345.23,0.6,0.7,"2026-09-18",128,"N20","nominal","2.0NRT",277.18,22.53,"D"
"191",69.37428,88.11926,356.3,0.6,0.7,"2026-09-18",128,"N20","low","2.0NRT",272.43,22.53,"D"
"192",68.41157,83.62814,347.88,0.68,0.74,"2026-09-18",128,"N20","nominal","2.0NRT",274.82,6.82,"D"
"193",67.55457,83.20908,342.19,0.78,0.78,"2026-09-18",128,"N20","nominal","2.0NRT",275.33,26.45,"D"
"194",69.26853,57.29234,312.59,0.36,0.57,"2026-09-18",130,"N20","nominal","2.0NRT",265.03,1.09,"N"
"195",67.54763,83.21149,347.59,0.78,0.78,"2026-09-18",128,"N20","nominal","2.0NRT",285.25,26.45,"D"
"196",68.61758,57.9734,311.36,0.4,0.6,"2026-09-18",130,"N20","nominal","2.0NRT",264.56,0.81,"N"
"197",68.6002,57.98534,308.96,0.4,0.6,"2026-09-18",130,"N20","nominal","2.0NRT",260.91,0.75,"N"
"198",68.64637,57.6894,300.89,0.4,0.6,"2026-09-18",130,"N20","nominal","2.0NRT",265.8,1,"N"
"199",68.64333,57.69466,304.05,0.4,0.6,"2026-09-18",130,"N20","nominal","2.0NRT",268.36,1,"N"
"200",68.64558,57.6884,302.17,0.4,0.6,"2026-09-18",130,"N20","nominal","2.0NRT",265.93,0.97,"N"
"201",68.64254,57.69373,301.04,0.4,0.6,"2026-09-18",130,"N20","nominal","2.0NRT",267.5,0.97,"N"
"202",67.83994,58.93491,304.45,0.46,0.64,"2026-09-18",130,"N20","nominal","2.0NRT",258.15,2.29,"N"
"203",66.42194,58.04245,304.14,0.54,0.68,"2026-09-18",130,"N20","nominal","2.0NRT",271.02,0.87,"N"
"204",66.4239,58.04405,298.2,0.54,0.68,"2026-09-18",130,"N20","nominal","2.0NRT",270.66,1.09,"N"
"205",66.72794,56.97702,295.94,0.5,0.66,"2026-09-18",130,"N20","nominal","2.0NRT",272.11,0.7,"N"
"206",65.32794,56.41902,298.72,0.6,0.7,"2026-09-18",130,"N20","nominal","2.0NRT",266.94,1.27,"N"
"207",65.0088,56.91976,313.13,0.63,0.72,"2026-09-18",130,"N20","nominal","2.0NRT",270.82,1.86,"N"
"208",65.04706,56.6738,310.94,0.63,0.72,"2026-09-18",130,"N20","nominal","2.0NRT",269.22,1.38,"N"
"209",65.04333,56.66073,320.6,0.63,0.72,"2026-09-18",130,"N20","nominal","2.0NRT",268.74,2.83,"N"
"210",65.04518,56.66095,315.8,0.63,0.72,"2026-09-18",130,"N20","nominal","2.0NRT",268.81,3.84,"N"
"211",65.04045,56.66848,305.62,0.63,0.72,"2026-09-18",130,"N20","nominal","2.0NRT",269.2,3.49,"N"
"212",58.61461,31.22851,299.45,0.33,0.56,"2026-09-18",134,"N20","nominal","2.0NRT",284.08,0.41,"N"
"213",43.68378,143.74315,339.88,0.56,0.43,"2026-09-18",256,"N20","nominal","2.0NRT",289.06,6.54,"D"
"214",54.6107,160.30446,367,0.34,0.56,"2026-09-18",258,"N20","high","2.0NRT",295.88,11.81,"D"
"215",54.61594,160.30544,367,0.34,0.56,"2026-09-18",258,"N20","high","2.0NRT",297.26,11.81,"D"
"216",54.61624,160.31406,341.92,0.34,0.56,"2026-09-18",258,"N20","nominal","2.0NRT",290.98,10.94,"D"
"217",53.20186,143.24207,343.67,0.41,0.37,"2026-09-18",258,"N20","nominal","2.0NRT",290.89,3.93,"D"
"218",60.92159,112.12113,335.9,0.6,0.71,"2026-09-18",302,"N20","nominal","2.0NRT",278.47,9.82,"D"
"219",60.94673,112.01945,337.7,0.61,0.71,"2026-09-18",302,"N20","nominal","2.0NRT",272.33,9.19,"D"
"220",61.34644,112.8121,367,0.55,0.68,"2026-09-18",302,"N20","high","2.0NRT",291.62,66.23,"D"
"221",61.34298,112.80457,348.64,0.55,0.68,"2026-09-18",302,"N20","nominal","2.0NRT",279.84,35.95,"D"
"222",60.47731,109.88531,334.45,0.72,0.75,"2026-09-18",302,"N20","nominal","2.0NRT",280.09,5.12,"D"
"223",60.14364,109.09428,350.46,0.78,0.78,"2026-09-18",302,"N20","nominal","2.0NRT",282.11,22.33,"D"
"224",60.14865,109.10366,356.01,0.78,0.78,"2026-09-18",302,"N20","low","2.0NRT",279.45,22.33,"D"
"225",67.27585,83.20998,342.67,0.71,0.75,"2026-09-18",306,"N20","nominal","2.0NRT",278.55,5.38,"D"
"226",68.41213,83.63615,350.58,0.6,0.7,"2026-09-18",306,"N20","nominal","2.0NRT",276.67,4.25,"D"
"227",67.47206,78.71327,334.58,0.74,0.76,"2026-09-18",308,"N20","nominal","2.0NRT",276.25,5.37,"D"
"228",67.47222,78.71598,325.99,0.74,0.76,"2026-09-18",308,"N20","nominal","2.0NRT",276.55,6.2,"D"
"229",70.99617,73.8456,338.31,0.45,0.63,"2026-09-18",308,"N20","nominal","2.0NRT",277.77,2.93,"D"
"230",70.99665,73.8417,343.81,0.45,0.63,"2026-09-18",308,"N20","nominal","2.0NRT",277.04,4.29,"D"
"231",67.80386,72.53536,356.43,0.75,0.77,"2026-09-18",308,"N20","low","2.0NRT",283.06,437.08,"D"
"232",67.81156,72.51881,343.93,0.75,0.77,"2026-09-18",308,"N20","nominal","2.0NRT",280.59,105.83,"D"
"233",27.39108,119.5739,337.07,0.38,0.59,"2026-09-18",432,"N20","nominal","2.0NRT",294.97,5.1,"D"
"234",28.14441,120.46245,327.08,0.32,0.55,"2026-09-18",432,"N20","nominal","2.0NRT",293.54,2.14,"D"
"235",27.4741,117.18825,327.57,0.52,0.67,"2026-09-18",434,"N20","nominal","2.0NRT",287.68,5.17,"D"
"236",33.38644,126.29562,340.45,0.41,0.37,"2026-09-18",434,"N20","nominal","2.0NRT",295.63,2.79,"D"
"237",33.39711,126.3381,330.84,0.41,0.37,"2026-09-18",434,"N20","nominal","2.0NRT",296.45,1.82,"D"
"238",34.42341,126.59254,332.42,0.4,0.37,"2026-09-18",434,"N20","nominal","2.0NRT",295.77,0.96,"D"
"239",34.47506,126.80584,332.77,0.39,0.36,"2026-09-18",434,"N20","nominal","2.0NRT",295.07,1.6,"D"
"240",34.91253,127.75337,329.54,0.38,0.36,"2026-09-18",434,"N20","nominal","2.0NRT",299.22,2.37,"D"
"241",34.91838,127.76926,343.56,0.38,0.36,"2026-09-18",434,"N20","nominal","2.0NRT",299.66,10.08,"D"
"242",35.22247,126.30305,329.66,0.4,0.37,"2026-09-18",434,"N20","nominal","2.0NRT",299.52,2.66,"D"
"243",35.27057,126.32835,349.05,0.4,0.37,"2026-09-18",434,"N20","nominal","2.0NRT",297.1,2.5,"D"
"244",35.2746,126.33182,336.19,0.4,0.37,"2026-09-18",434,"N20","nominal","2.0NRT",296.59,5.27,"D"
"245",35.27389,126.32753,347.74,0.4,0.37,"2026-09-18",434,"N20","nominal","2.0NRT",296.86,5.27,"D"
"246",36.1115,126.64429,329.32,0.39,0.36,"2026-09-18",434,"N20","low","2.0NRT",299.88,2.32,"D"
"247",35.19134,119.03677,331.25,0.54,0.51,"2026-09-18",434,"N20","low","2.0NRT",304.07,6.69,"D"
"248",34.87678,117.69508,333.26,0.32,0.55,"2026-09-18",434,"N20","nominal","2.0NRT",294.93,0.67,"D"
"249",36.98263,126.71332,333.13,0.39,0.36,"2026-09-18",434,"N20","nominal","2.0NRT",299.96,2.49,"D"
"250",36.98183,126.68681,335.37,0.39,0.36,"2026-09-18",434,"N20","nominal","2.0NRT",303.05,4.5,"D"
"251",37.42366,129.17334,330.36,0.4,0.37,"2026-09-18",434,"N20","nominal","2.0NRT",296.91,3.04,"D"
"252",35.71529,117.28689,332.41,0.33,0.55,"2026-09-18",436,"N20","nominal","2.0NRT",295.06,4.24,"D"
"253",36.76297,121.0352,331.69,0.39,0.44,"2026-09-18",436,"N20","nominal","2.0NRT",297.92,2.05,"D"
"254",39.4437,126.02468,334.32,0.39,0.36,"2026-09-18",436,"N20","nominal","2.0NRT",302.99,2.19,"D"
"255",39.83921,124.14038,339.48,0.41,0.37,"2026-09-18",436,"N20","nominal","2.0NRT",300.85,1.5,"D"
"256",39.84255,124.1394,341.38,0.41,0.37,"2026-09-18",436,"N20","nominal","2.0NRT",298.62,1.5,"D"
"257",38.99569,119.00232,330.76,0.44,0.46,"2026-09-18",436,"N20","nominal","2.0NRT",292.87,2.73,"D"
"258",40.38817,123.43489,338.06,0.42,0.38,"2026-09-18",436,"N20","nominal","2.0NRT",299.5,3.59,"D"
"259",39.43589,118.46329,330.64,0.46,0.47,"2026-09-18",436,"N20","nominal","2.0NRT",296.58,5.14,"D"
"260",39.43472,118.4581,328.49,0.46,0.47,"2026-09-18",436,"N20","nominal","2.0NRT",296.66,2.71,"D"
"261",40.68551,123.35072,330.15,0.42,0.37,"2026-09-18",436,"N20","nominal","2.0NRT",299.25,2.41,"D"
"262",40.53593,122.40009,332.54,0.45,0.39,"2026-09-18",436,"N20","nominal","2.0NRT",300.49,5.27,"D"
"263",40.59811,122.57568,328.51,0.44,0.38,"2026-09-18",436,"N20","nominal","2.0NRT",301.59,2.61,"D"
"264",41.22063,124.35307,334.96,0.39,0.37,"2026-09-18",436,"N20","low","2.0NRT",307.46,4.43,"D"
"265",41.21915,123.62044,338.58,0.41,0.37,"2026-09-18",436,"N20","nominal","2.0NRT",309.5,4.23,"D"
"266",41.23166,123.63174,331.22,0.41,0.37,"2026-09-18",436,"N20","low","2.0NRT",305.21,1.77,"D"
"267",41.13391,122.99813,334.1,0.42,0.38,"2026-09-18",436,"N20","low","2.0NRT",305.21,1.63,"D"
"268",41.1373,122.99706,333.3,0.42,0.38,"2026-09-18",436,"N20","low","2.0NRT",307.35,3.62,"D"
"269",41.38712,123.264,328.76,0.41,0.37,"2026-09-18",436,"N20","nominal","2.0NRT",298.66,3.81,"D"
"270",41.42173,123.33998,329.55,0.41,0.37,"2026-09-18",436,"N20","low","2.0NRT",301.99,1.69,"D"
"271",41.27044,122.45681,332.5,0.44,0.38,"2026-09-18",436,"N20","nominal","2.0NRT",301.35,1.89,"D"
"272",41.2695,122.45171,330.95,0.44,0.38,"2026-09-18",436,"N20","low","2.0NRT",303.46,1.89,"D"
"273",41.27387,122.45569,334.64,0.44,0.38,"2026-09-18",436,"N20","nominal","2.0NRT",304.39,10.58,"D"
"274",41.68843,124.52871,326.55,0.39,0.36,"2026-09-18",436,"N20","nominal","2.0NRT",300.24,2.61,"D"
"275",42.03563,126.61854,332.9,0.39,0.36,"2026-09-18",436,"N20","nominal","2.0NRT",303.59,2.91,"D"
"276",41.43962,122.86176,329.6,0.42,0.38,"2026-09-18",436,"N20","low","2.0NRT",303.54,4.47,"D"
"277",41.54345,123.2243,336.2,0.41,0.37,"2026-09-18",436,"N20","nominal","2.0NRT",305.57,6.08,"D"
"278",41.7709,124.01222,332.52,0.4,0.37,"2026-09-18",436,"N20","nominal","2.0NRT",300.8,1.01,"D"
"279",40.2952,116.73277,327.45,0.54,0.51,"2026-09-18",436,"N20","nominal","2.0NRT",296.09,4.29,"D"
"280",40.29411,116.73167,330.13,0.54,0.51,"2026-09-18",436,"N20","nominal","2.0NRT",296.28,3.86,"D"
"281",41.68179,123.24451,331.83,0.41,0.37,"2026-09-18",436,"N20","nominal","2.0NRT",302.11,2.31,"D"
"282",41.78808,123.57111,333.49,0.4,0.37,"2026-09-18",436,"N20","nominal","2.0NRT",302.13,2.41,"D"
"283",41.84468,123.7588,338.88,0.4,0.37,"2026-09-18",436,"N20","nominal","2.0NRT",307.36,2.98,"D"
"284",41.84387,123.75405,335.62,0.4,0.37,"2026-09-18",436,"N20","nominal","2.0NRT",308.51,2.98,"D"
"285",41.84602,123.75586,335.58,0.4,0.37,"2026-09-18",436,"N20","nominal","2.0NRT",306.09,3.09,"D"
"286",42.59693,128.31416,325.77,0.42,0.38,"2026-09-18",436,"N20","nominal","2.0NRT",297.93,1.15,"D"
"287",42.21634,125.12901,330.56,0.38,0.36,"2026-09-18",436,"N20","nominal","2.0NRT",299.3,2.54,"D"
"288",41.56107,121.09489,336.13,0.48,0.4,"2026-09-18",436,"N20","nominal","2.0NRT",301.33,2.33,"D"
"289",42.18577,124.11686,332.74,0.39,0.36,"2026-09-18",436,"N20","nominal","2.0NRT",302.67,2.32,"D"
"290",42.09483,123.35651,342.4,0.41,0.37,"2026-09-18",436,"N20","nominal","2.0NRT",298.95,4.26,"D"
"291",42.30558,122.48354,347.95,0.42,0.38,"2026-09-18",436,"N20","nominal","2.0NRT",302.63,3.66,"D"
"292",42.30897,122.48242,336.18,0.42,0.38,"2026-09-18",436,"N20","nominal","2.0NRT",298.66,2.17,"D"
"293",43.19868,124.3389,335.01,0.39,0.36,"2026-09-18",436,"N20","low","2.0NRT",306.95,4.18,"D"
"294",43.74709,125.88341,354.03,0.39,0.36,"2026-09-18",438,"N20","nominal","2.0NRT",306.9,15.4,"D"
"295",42.42967,118.38776,335.7,0.4,0.44,"2026-09-18",438,"N20","nominal","2.0NRT",301.91,3.23,"D"
"296",43.24432,122.10831,330.54,0.42,0.38,"2026-09-18",438,"N20","low","2.0NRT",303.16,0.88,"D"
"297",43.41967,122.22938,337.57,0.42,0.38,"2026-09-18",438,"N20","nominal","2.0NRT",301.75,4.01,"D"
"298",43.41544,122.03327,331.18,0.42,0.38,"2026-09-18",438,"N20","low","2.0NRT",302.02,1.47,"D"
"299",43.44853,122.19457,335.24,0.42,0.38,"2026-09-18",438,"N20","nominal","2.0NRT",300.08,1.45,"D"
"300",43.54065,122.18999,333.64,0.42,0.38,"2026-09-18",438,"N20","nominal","2.0NRT",299.63,1.85,"D"
"301",43.57512,122.2244,337.93,0.42,0.37,"2026-09-18",438,"N20","nominal","2.0NRT",298.89,3.5,"D"
"302",41.37821,112.58312,332.61,0.41,0.6,"2026-09-18",438,"N20","nominal","2.0NRT",294.44,3.03,"D"
"303",43.60173,122.19387,336.87,0.42,0.37,"2026-09-18",438,"N20","nominal","2.0NRT",301.84,2.17,"D"
"304",43.58525,122.10269,335.68,0.42,0.38,"2026-09-18",438,"N20","nominal","2.0NRT",303.18,3.94,"D"
"305",43.6051,122.19273,334.99,0.42,0.37,"2026-09-18",438,"N20","nominal","2.0NRT",301.63,2.17,"D"
"306",43.63017,122.3125,335.99,0.41,0.37,"2026-09-18",438,"N20","nominal","2.0NRT",299.74,2.83,"D"
"307",43.60846,122.19158,335.39,0.42,0.37,"2026-09-18",438,"N20","nominal","2.0NRT",300.62,3.3,"D"
"308",43.61274,122.19549,346.33,0.42,0.37,"2026-09-18",438,"N20","nominal","2.0NRT",301.34,5.44,"D"
"309",43.6161,122.19434,353.33,0.42,0.37,"2026-09-18",438,"N20","nominal","2.0NRT",298.85,4.4,"D"
"310",43.61519,122.18927,351.49,0.42,0.37,"2026-09-18",438,"N20","nominal","2.0NRT",299.89,5.23,"D"
"311",43.62645,122.21225,331.53,0.42,0.37,"2026-09-18",438,"N20","low","2.0NRT",302.44,1.84,"D"
"312",43.6485,122.2956,332.83,0.41,0.37,"2026-09-18",438,"N20","nominal","2.0NRT",302.22,2.09,"D"
"313",43.65185,122.29447,335.05,0.41,0.37,"2026-09-18",438,"N20","nominal","2.0NRT",301.36,2.09,"D"
"314",43.69034,122.25197,333.1,0.41,0.37,"2026-09-18",438,"N20","nominal","2.0NRT",302.69,2.75,"D"
"315",43.69795,122.25471,332.57,0.41,0.37,"2026-09-18",438,"N20","nominal","2.0NRT",302,2.83,"D"
"316",43.69705,122.24968,330.01,0.41,0.37,"2026-09-18",438,"N20","low","2.0NRT",300.45,1.89,"D"
"317",43.69405,122.21326,350.52,0.42,0.37,"2026-09-18",438,"N20","nominal","2.0NRT",300.5,4.25,"D"
"318",43.6965,122.20707,336.56,0.42,0.37,"2026-09-18",438,"N20","nominal","2.0NRT",301.18,3.99,"D"
"319",41.88204,114.04655,333.12,0.33,0.56,"2026-09-18",438,"N20","nominal","2.0NRT",298.03,2.44,"D"
"320",43.71228,122.25516,332,0.41,0.37,"2026-09-18",438,"N20","nominal","2.0NRT",302.73,2.08,"D"
"321",43.71215,121.93714,336.58,0.42,0.38,"2026-09-18",438,"N20","nominal","2.0NRT",299.41,4.15,"D"
"322",43.63045,121.41212,333.34,0.44,0.38,"2026-09-18",438,"N20","nominal","2.0NRT",300.34,1.71,"D"
"323",45.04558,128.10129,328.33,0.44,0.38,"2026-09-18",438,"N20","nominal","2.0NRT",302.83,2.39,"D"
"324",45.31986,122.04981,347.32,0.4,0.37,"2026-09-18",438,"N20","nominal","2.0NRT",298.51,5.47,"D"
"325",45.32317,122.04865,350.97,0.4,0.37,"2026-09-18",438,"N20","nominal","2.0NRT",298.23,5.47,"D"
"326",45.74378,124.24258,342.94,0.38,0.36,"2026-09-18",438,"N20","nominal","2.0NRT",301.43,7.69,"D"
"327",46.60005,131.07072,327.53,0.39,0.44,"2026-09-18",438,"N20","nominal","2.0NRT",301.12,2.84,"D"
"328",45.5633,121.75851,336.44,0.41,0.37,"2026-09-18",438,"N20","nominal","2.0NRT",298.3,2.29,"D"
"329",45.5624,121.75341,338.29,0.41,0.37,"2026-09-18",438,"N20","nominal","2.0NRT",299.63,4.41,"D"
"330",45.57228,121.74631,341.88,0.41,0.37,"2026-09-18",438,"N20","nominal","2.0NRT",299.02,4.26,"D"
"331",46.37936,126.86861,336.43,0.42,0.37,"2026-09-18",438,"N20","nominal","2.0NRT",299.36,7.14,"D"
"332",46.37867,126.86327,344.46,0.42,0.37,"2026-09-18",438,"N20","nominal","2.0NRT",300.4,7.14,"D"
"333",45.91014,122.31451,328.23,0.4,0.37,"2026-09-18",438,"N20","low","2.0NRT",299.32,2.22,"D"
"334",47.24289,132.6546,344.41,0.46,0.47,"2026-09-18",438,"N20","nominal","2.0NRT",296.29,5.65,"D"
"335",47.31112,132.50002,325.48,0.46,0.47,"2026-09-18",438,"N20","low","2.0NRT",297.41,2.29,"D"
"336",47.31065,132.49394,340.59,0.46,0.47,"2026-09-18",438,"N20","nominal","2.0NRT",297.99,2.29,"D"
"337",47.31546,132.49939,335.22,0.46,0.47,"2026-09-18",438,"N20","nominal","2.0NRT",297.72,4.78,"D"
"338",46.71662,125.81762,329.23,0.4,0.37,"2026-09-18",438,"N20","nominal","2.0NRT",298.15,2.64,"D"
"339",46.12763,121.66367,338.33,0.41,0.37,"2026-09-18",438,"N20","nominal","2.0NRT",298.98,3.8,"D"
"340",46.176,121.43748,333.47,0.41,0.37,"2026-09-18",438,"N20","nominal","2.0NRT",301.6,1.82,"D"
"341",47.95801,126.18479,331.65,0.41,0.37,"2026-09-18",438,"N20","nominal","2.0NRT",299.21,2.28,"D"
"342",46.38828,114.00215,338.59,0.5,0.49,"2026-09-18",438,"N20","nominal","2.0NRT",299.66,6.48,"D"
"343",46.57305,114.2757,337.69,0.49,0.48,"2026-09-18",438,"N20","nominal","2.0NRT",304.57,4.93,"D"
"344",48.7177,123.38966,332.29,0.38,0.36,"2026-09-18",438,"N20","nominal","2.0NRT",298.55,2.16,"D"
"345",50.26706,124.7248,330.46,0.4,0.37,"2026-09-18",438,"N20","nominal","2.0NRT",293.13,3,"D"
"346",50.26632,124.71925,338.76,0.4,0.37,"2026-09-18",438,"N20","nominal","2.0NRT",295.38,4.47,"D"
"347",57.5349,105.86639,340.63,0.48,0.48,"2026-09-18",442,"N20","nominal","2.0NRT",282.02,7.22,"D"
"348",57.56249,105.93079,338.02,0.47,0.48,"2026-09-18",442,"N20","nominal","2.0NRT",282.23,19.6,"D"
"349",57.56646,105.92713,353.78,0.47,0.48,"2026-09-18",442,"N20","nominal","2.0NRT",287.54,19.6,"D"
"350",57.56872,105.88072,340.27,0.48,0.48,"2026-09-18",442,"N20","nominal","2.0NRT",284.58,4.81,"D"
"351",57.58839,105.91648,337.81,0.47,0.48,"2026-09-18",442,"N20","nominal","2.0NRT",283.43,3.96,"D"
"352",57.67844,106.08559,347.28,0.47,0.47,"2026-09-18",442,"N20","nominal","2.0NRT",287.95,14.91,"D"
"353",57.6801,106.08561,345.54,0.47,0.47,"2026-09-18",442,"N20","nominal","2.0NRT",299.02,24.84,"D"
"354",57.61626,105.68919,343.05,0.48,0.48,"2026-09-18",442,"N20","nominal","2.0NRT",285.09,5.93,"D"
"355",57.72543,106.03491,334.42,0.47,0.47,"2026-09-18",442,"N20","nominal","2.0NRT",283.69,3.9,"D"
"356",57.74142,105.94813,333.69,0.47,0.48,"2026-09-18",442,"N20","nominal","2.0NRT",282.05,4.34,"D"
"357",57.87528,105.88593,350.7,0.47,0.47,"2026-09-18",442,"N20","nominal","2.0NRT",296.37,43.22,"D"
"358",58.09546,106.56355,338.11,0.44,0.46,"2026-09-18",442,"N20","nominal","2.0NRT",286.29,22.81,"D"
"359",58.09581,106.54678,345.36,0.44,0.46,"2026-09-18",442,"N20","nominal","2.0NRT",286.53,6.75,"D"
"360",58.42493,107.57993,337.92,0.4,0.44,"2026-09-18",442,"N20","nominal","2.0NRT",282.82,10.52,"D"
"361",58.44883,107.60291,338.96,0.4,0.44,"2026-09-18",442,"N20","nominal","2.0NRT",297.25,14,"D"
"362",58.29445,106.92492,333.51,0.42,0.45,"2026-09-18",442,"N20","nominal","2.0NRT",281.01,4.3,"D"
"363",58.29277,106.91841,332.35,0.42,0.45,"2026-09-18",442,"N20","nominal","2.0NRT",284.93,4.3,"D"
"364",58.48055,107.02374,343.52,0.41,0.45,"2026-09-18",442,"N20","nominal","2.0NRT",290.92,22.23,"D"
"365",59.78668,110.87597,335.53,0.45,0.39,"2026-09-18",442,"N20","nominal","2.0NRT",280.53,3.72,"D"
"366",59.80423,109.42925,332.86,0.49,0.4,"2026-09-18",442,"N20","nominal","2.0NRT",287.75,20,"D"
"367",59.63734,108.12779,328,0.53,0.42,"2026-09-18",442,"N20","nominal","2.0NRT",285.4,4.28,"D"
"368",59.78353,108.19318,328.91,0.52,0.42,"2026-09-18",442,"N20","nominal","2.0NRT",283.1,11.7,"D"
"369",60.147,109.10002,334.08,0.49,0.4,"2026-09-18",442,"N20","nominal","2.0NRT",285.81,13.25,"D"
"370",60.14521,109.09201,335.47,0.49,0.4,"2026-09-18",442,"N20","nominal","2.0NRT",297.24,32.61,"D"
"371",60.91987,112.1197,339.69,0.41,0.37,"2026-09-18",442,"N20","nominal","2.0NRT",269.43,2.46,"D"
"372",60.4789,109.87505,326.56,0.46,0.39,"2026-09-18",442,"N20","nominal","2.0NRT",286.22,9.88,"D"
"373",60.46521,109.72031,326.86,0.46,0.39,"2026-09-18",442,"N20","nominal","2.0NRT",289.87,9.62,"D"
"374",61.34795,112.80426,339.26,0.4,0.37,"2026-09-18",442,"N20","nominal","2.0NRT",270.17,4.86,"D"
"375",62.44303,113.65955,331.95,0.39,0.36,"2026-09-18",442,"N20","nominal","2.0NRT",271.04,4.74,"D"
"376",60.43572,97.68713,332.92,0.33,0.55,"2026-09-18",444,"N20","nominal","2.0NRT",278.69,9.01,"D"
"377",60.43407,97.68223,347.73,0.33,0.55,"2026-09-18",444,"N20","nominal","2.0NRT",287.94,9.01,"D"
"378",60.44543,97.55505,332.54,0.33,0.55,"2026-09-18",444,"N20","nominal","2.0NRT",280.32,11.58,"D"
"379",60.44375,97.55012,346.45,0.33,0.55,"2026-09-18",444,"N20","nominal","2.0NRT",286.36,17.86,"D"
"380",60.4448,97.15525,351.54,0.34,0.56,"2026-09-18",444,"N20","nominal","2.0NRT",287.99,18.42,"D"
"381",60.4234,96.51502,341.2,0.36,0.57,"2026-09-18",444,"N20","nominal","2.0NRT",284.05,3.64,"D"
"382",60.42964,96.51436,338.4,0.36,0.57,"2026-09-18",444,"N20","nominal","2.0NRT",282.2,30.76,"D"
"383",60.43661,96.25422,367,0.36,0.57,"2026-09-18",444,"N20","high","2.0NRT",296.14,46.69,"D"
"384",60.43465,96.24864,207.93,0.36,0.58,"2026-09-18",444,"N20","low","2.0NRT",307.74,46.69,"D"
"385",60.84508,97.3511,355.39,0.32,0.55,"2026-09-18",444,"N20","nominal","2.0NRT",289.21,9.16,"D"
"386",60.77625,97.07775,325.8,0.33,0.55,"2026-09-18",444,"N20","nominal","2.0NRT",288.71,21.56,"D"
"387",60.77789,97.08255,356.09,0.33,0.55,"2026-09-18",444,"N20","low","2.0NRT",280.01,16.82,"D"
"388",60.78207,97.07645,335.13,0.33,0.55,"2026-09-18",444,"N20","nominal","2.0NRT",279.44,6.31,"D"
"389",60.7804,97.07157,355.53,0.33,0.55,"2026-09-18",444,"N20","nominal","2.0NRT",282.2,7.19,"D"
"390",63.73829,107.04099,334.54,0.45,0.39,"2026-09-18",444,"N20","nominal","2.0NRT",283.38,5.5,"D"
"391",63.7365,107.03261,339.54,0.45,0.39,"2026-09-18",444,"N20","nominal","2.0NRT",284.4,5.5,"D"
"392",63.74474,107.03389,328.51,0.45,0.39,"2026-09-18",444,"N20","nominal","2.0NRT",286.54,5.47,"D"
"393",63.74293,107.02549,345.67,0.45,0.39,"2026-09-18",444,"N20","nominal","2.0NRT",288.36,5.47,"D"
"394",63.75328,107.05513,337.58,0.45,0.39,"2026-09-18",444,"N20","nominal","2.0NRT",283.47,3.75,"D"
"395",63.74973,107.03862,329.18,0.45,0.39,"2026-09-18",444,"N20","nominal","2.0NRT",285.2,5.61,"D"
"396",63.74245,107.02785,344.08,0.45,0.39,"2026-09-18",444,"N20","nominal","2.0NRT",289.48,7.71,"D"
"397",63.75107,107.04916,326.27,0.45,0.39,"2026-09-18",444,"N20","nominal","2.0NRT",283.91,5.77,"D"
"398",63.74749,107.03263,336.18,0.45,0.39,"2026-09-18",444,"N20","nominal","2.0NRT",284.95,8.52,"D"
"399",65.38332,110.65763,325.88,0.39,0.36,"2026-09-18",444,"N20","nominal","2.0NRT",276.88,4.38,"D"
"400",65.40667,110.67156,332.97,0.39,0.36,"2026-09-18",444,"N20","nominal","2.0NRT",272.33,6,"D"
"401",62.86077,87.51244,346.02,0.46,0.64,"2026-09-18",444,"N20","nominal","2.0NRT",285.13,8.17,"D"
"402",62.86371,87.51912,356.12,0.46,0.64,"2026-09-18",444,"N20","low","2.0NRT",285.93,8.17,"D"
"403",69.2674,109.59997,325.88,0.39,0.36,"2026-09-18",444,"N20","nominal","2.0NRT",278.79,2.86,"D"
"404",69.27187,109.60531,329.66,0.39,0.36,"2026-09-18",444,"N20","nominal","2.0NRT",278.81,2.88,"D"
"405",67.2754,83.21235,349.33,0.33,0.56,"2026-09-18",446,"N20","nominal","2.0NRT",281.94,5.26,"D"
"406",67.27317,83.20719,336.07,0.33,0.56,"2026-09-18",446,"N20","nominal","2.0NRT",284.12,5.11,"D"
"407",67.28153,83.02925,328.09,0.34,0.56,"2026-09-18",446,"N20","nominal","2.0NRT",282.96,6.3,"D"
"408",67.28382,83.03458,356.45,0.34,0.56,"2026-09-18",446,"N20","low","2.0NRT",282.08,6.3,"D"
"409",65.09806,78.29918,346.71,0.54,0.68,"2026-09-18",446,"N20","nominal","2.0NRT",283.17,6.83,"D"
"410",67.54916,83.21285,367,0.32,0.55,"2026-09-18",446,"N20","high","2.0NRT",298.63,39.72,"D"
"411",67.547,83.20773,207.93,0.32,0.55,"2026-09-18",446,"N20","low","2.0NRT",298.84,39.72,"D"
"412",67.55006,83.21535,333.87,0.32,0.55,"2026-09-18",446,"N20","nominal","2.0NRT",283.41,22.25,"D"
"413",67.1956,81.98986,346.77,0.35,0.57,"2026-09-18",446,"N20","nominal","2.0NRT",284.71,3.24,"D"
"414",66.60175,80.40916,336.35,0.41,0.6,"2026-09-18",446,"N20","nominal","2.0NRT",281.47,3.9,"D"
"415",66.602,80.41005,342.44,0.41,0.6,"2026-09-18",446,"N20","nominal","2.0NRT",281.35,2.78,"D"
"416",66.71578,80.49895,347.71,0.4,0.6,"2026-09-18",446,"N20","nominal","2.0NRT",282.01,3.73,"D"
"417",68.41193,83.63034,337.39,0.57,0.52,"2026-09-18",446,"N20","nominal","2.0NRT",283.08,5.54,"D"
"418",65.86165,76.95988,336.75,0.51,0.66,"2026-09-18",446,"N20","nominal","2.0NRT",282.11,5.32,"D"
"419",65.86149,76.95528,340.98,0.51,0.66,"2026-09-18",446,"N20","nominal","2.0NRT",282.04,5.61,"D"
"420",65.83392,76.79488,327.46,0.52,0.67,"2026-09-18",446,"N20","nominal","2.0NRT",285.52,3.06,"D"
"421",66.11189,77.07032,350.73,0.49,0.65,"2026-09-18",446,"N20","nominal","2.0NRT",283.45,4.57,"D"
"422",66.11166,77.06177,339.47,0.49,0.65,"2026-09-18",446,"N20","nominal","2.0NRT",284.12,5.91,"D"
"423",66.40479,77.48528,341.31,0.47,0.64,"2026-09-18",446,"N20","nominal","2.0NRT",282.37,4.11,"D"
"424",66.42205,77.24281,354.62,0.47,0.64,"2026-09-18",446,"N20","nominal","2.0NRT",281.41,15.94,"D"
"425",66.32065,76.79861,347.73,0.49,0.65,"2026-09-18",446,"N20","nominal","2.0NRT",281.84,4.65,"D"
"426",66.27773,76.7668,339.41,0.49,0.65,"2026-09-18",446,"N20","nominal","2.0NRT",281.32,3.86,"D"
"427",66.86809,77.7605,326.18,0.44,0.62,"2026-09-18",446,"N20","nominal","2.0NRT",284.41,2.24,"D"
"428",66.66341,77.32132,342.72,0.46,0.63,"2026-09-18",446,"N20","nominal","2.0NRT",284.01,3.72,"D"
"429",66.65997,76.85384,336.75,0.46,0.64,"2026-09-18",446,"N20","nominal","2.0NRT",284.58,3.24,"D"
"430",66.65783,76.85152,338.59,0.46,0.64,"2026-09-18",446,"N20","nominal","2.0NRT",285.25,4.68,"D"
"431",68.52557,79.95448,367,0.32,0.55,"2026-09-18",446,"N20","high","2.0NRT",290.91,13.29,"D"
"432",66.90317,75.6062,352.69,0.47,0.64,"2026-09-18",446,"N20","nominal","2.0NRT",285.65,11.21,"D"
"433",66.90666,75.61242,356.53,0.47,0.64,"2026-09-18",446,"N20","low","2.0NRT",282.92,11.21,"D"
"434",66.95695,75.53754,367,0.47,0.64,"2026-09-18",446,"N20","high","2.0NRT",300.36,59.08,"D"
"435",66.95344,75.53133,342.83,0.47,0.64,"2026-09-18",446,"N20","nominal","2.0NRT",285.31,59.08,"D"
"436",66.20003,70.99187,337.27,0.6,0.71,"2026-09-18",446,"N20","nominal","2.0NRT",283.44,3.91,"D"
"437",67.80589,72.53391,351.3,0.46,0.63,"2026-09-18",446,"N20","nominal","2.0NRT",283.56,151.05,"D"
"438",67.79881,72.52225,329.34,0.46,0.64,"2026-09-18",446,"N20","nominal","2.0NRT",283.26,97.54,"D"
"439",67.80902,72.5207,341.72,0.46,0.63,"2026-09-18",446,"N20","nominal","2.0NRT",283.53,151.05,"D"
"440",67.79827,72.503,339.58,0.46,0.64,"2026-09-18",446,"N20","nominal","2.0NRT",287.95,97.54,"D"
"441",67.80183,72.50886,207.93,0.46,0.64,"2026-09-18",446,"N20","low","2.0NRT",321.6,97.54,"D"
"442",67.8035,72.52933,367,0.46,0.63,"2026-09-18",446,"N20","high","2.0NRT",293.43,91.48,"D"
"443",67.79995,72.52355,207.93,0.46,0.63,"2026-09-18",446,"N20","low","2.0NRT",290.23,91.48,"D"
"444",67.80662,72.5161,367,0.46,0.63,"2026-09-18",446,"N20","high","2.0NRT",293.07,91.48,"D"
"445",67.80296,72.51017,207.93,0.46,0.63,"2026-09-18",446,"N20","low","2.0NRT",324.44,91.48,"D"
"446",71.68492,71.57858,337.27,0.55,0.51,"2026-09-18",449,"N20","nominal","2.0NRT",281.43,8.92,"D"
"447",21.17992,109.73031,332.28,0.47,0.4,"2026-09-18",612,"N20","nominal","2.0NRT",300.36,4,"D"
"448",21.3837,109.94817,335.11,0.48,0.4,"2026-09-18",612,"N20","nominal","2.0NRT",300.83,4.57,"D"
"449",21.55138,110.76884,337,0.53,0.42,"2026-09-18",612,"N20","nominal","2.0NRT",302.31,6.91,"D"
"450",21.69009,111.83916,330.14,0.41,0.45,"2026-09-18",612,"N20","low","2.0NRT",302.59,6.03,"D"
"451",21.01688,106.5319,338.02,0.38,0.36,"2026-09-18",612,"N20","nominal","2.0NRT",300.37,4.38,"D"
"452",21.54484,108.39519,334.69,0.42,0.38,"2026-09-18",612,"N20","nominal","2.0NRT",303,8.25,"D"
"453",21.55495,108.44292,334.17,0.42,0.38,"2026-09-18",612,"N20","nominal","2.0NRT",303.17,5.04,"D"
"454",21.56182,108.44181,341.5,0.42,0.38,"2026-09-18",612,"N20","nominal","2.0NRT",304.99,6.38,"D"
"455",21.24552,106.17907,330.77,0.38,0.36,"2026-09-18",612,"N20","low","2.0NRT",300.79,3.01,"D"
"456",21.24937,106.18216,330.36,0.38,0.36,"2026-09-18",612,"N20","nominal","2.0NRT",299.44,3.01,"D"
"457",21.68386,108.41464,330.02,0.42,0.38,"2026-09-18",612,"N20","low","2.0NRT",300.66,5.12,"D"
"458",21.36477,106.09389,334.9,0.38,0.36,"2026-09-18",612,"N20","nominal","2.0NRT",292.25,3.61,"D"
"459",22.03282,110.52589,333.37,0.52,0.42,"2026-09-18",612,"N20","nominal","2.0NRT",298.51,3.49,"D"
"460",22.04999,110.53882,342.81,0.53,0.42,"2026-09-18",612,"N20","nominal","2.0NRT",297.17,5.97,"D"
"461",22.05381,110.53823,337.82,0.53,0.42,"2026-09-18",612,"N20","nominal","2.0NRT",297.04,7.97,"D"
"462",22.07866,110.51913,332.37,0.52,0.42,"2026-09-18",612,"N20","nominal","2.0NRT",297.67,5.83,"D"
"463",22.07802,110.51408,332.09,0.52,0.42,"2026-09-18",612,"N20","nominal","2.0NRT",297.64,5.83,"D"
"464",22.40772,112.02406,344,0.43,0.46,"2026-09-18",612,"N20","nominal","2.0NRT",299.14,8.83,"D"
"465",22.23549,110.17621,333.15,0.51,0.41,"2026-09-18",612,"N20","nominal","2.0NRT",298.38,4.38,"D"
"466",22.8715,113.42515,330.16,0.53,0.5,"2026-09-18",612,"N20","nominal","2.0NRT",294.88,2.5,"D"
"467",22.52252,107.8097,335.55,0.41,0.37,"2026-09-18",612,"N20","nominal","2.0NRT",302.01,4.82,"D"
"468",23.26337,113.48875,333.48,0.54,0.51,"2026-09-18",612,"N20","low","2.0NRT",305.28,7.64,"D"
"469",23.26282,113.4834,332.41,0.54,0.51,"2026-09-18",612,"N20","low","2.0NRT",305.28,7.64,"D"
"470",22.65746,107.9015,333.97,0.41,0.37,"2026-09-18",612,"N20","nominal","2.0NRT",301.81,4.27,"D"
"471",23.24192,111.57771,331.38,0.41,0.45,"2026-09-18",612,"N20","nominal","2.0NRT",301.13,6.56,"D"
"472",23.24146,111.57375,332.69,0.41,0.45,"2026-09-18",612,"N20","nominal","2.0NRT",301.71,4.06,"D"
"473",22.92799,107.64236,347,0.41,0.37,"2026-09-18",612,"N20","nominal","2.0NRT",300.03,8.92,"D"
"474",21.98692,100.47156,329,0.4,0.44,"2026-09-18",612,"N20","nominal","2.0NRT",292.67,2.33,"D"
"475",22.61537,100.41953,335.97,0.4,0.44,"2026-09-18",612,"N20","nominal","2.0NRT",293.15,5.08,"D"
"476",22.61621,100.41603,335.24,0.4,0.44,"2026-09-18",612,"N20","nominal","2.0NRT",293.53,4.85,"D"
"477",24.73884,116.18388,328.91,0.42,0.61,"2026-09-18",612,"N20","nominal","2.0NRT",294.24,3.2,"D"
"478",24.03007,109.10531,335.73,0.47,0.4,"2026-09-18",612,"N20","nominal","2.0NRT",297.66,4.01,"D"
"479",24.52054,108.39392,334.51,0.44,0.39,"2026-09-18",612,"N20","nominal","2.0NRT",295.4,3.39,"D"
"480",24.81808,109.1833,332.68,0.48,0.4,"2026-09-18",614,"N20","nominal","2.0NRT",296.22,7.91,"D"
"481",24.81748,109.17863,338.3,0.48,0.4,"2026-09-18",614,"N20","nominal","2.0NRT",298.4,7.91,"D"
"482",25.16035,110.73277,340.61,0.39,0.44,"2026-09-18",614,"N20","nominal","2.0NRT",297.19,4.09,"D"
"483",24.97807,102.73885,329.16,0.43,0.38,"2026-09-18",614,"N20","low","2.0NRT",301.51,2.64,"D"
"484",24.99454,102.73114,330.9,0.43,0.38,"2026-09-18",614,"N20","low","2.0NRT",302.23,3.23,"D"
"485",24.94831,102.34733,334,0.44,0.39,"2026-09-18",614,"N20","low","2.0NRT",308.83,5.67,"D"
"486",24.54813,99.34477,335.7,0.42,0.45,"2026-09-18",614,"N20","nominal","2.0NRT",300.42,4.32,"D"
"487",24.54734,99.34072,335,0.42,0.45,"2026-09-18",614,"N20","nominal","2.0NRT",298.94,5.49,"D"
"488",24.06387,96.67159,329.67,0.63,0.54,"2026-09-18",614,"N20","nominal","2.0NRT",290.91,3.78,"D"
"489",25.46403,103.15895,331.52,0.41,0.37,"2026-09-18",614,"N20","nominal","2.0NRT",295.82,4.34,"D"
"490",25.46335,103.15489,328.83,0.41,0.37,"2026-09-18",614,"N20","low","2.0NRT",300.89,4.64,"D"
"491",25.69604,103.86662,329.44,0.39,0.36,"2026-09-18",614,"N20","low","2.0NRT",302.57,2.8,"D"
"492",25.41327,100.22205,326.17,0.55,0.43,"2026-09-18",614,"N20","low","2.0NRT",300.76,5.15,"D"
"493",24.88991,97.29166,328.63,0.55,0.51,"2026-09-18",614,"N20","nominal","2.0NRT",288.96,3.9,"D"
"494",26.80894,104.31281,333.13,0.39,0.36,"2026-09-18",614,"N20","nominal","2.0NRT",293.59,2.07,"D"
"495",26.5775,101.66706,337.24,0.45,0.39,"2026-09-18",614,"N20","nominal","2.0NRT",299.21,3.97,"D"
"496",26.62042,101.45366,327.81,0.46,0.39,"2026-09-18",614,"N20","low","2.0NRT",302.53,4.15,"D"
"497",25.84576,93.44328,335.14,0.46,0.63,"2026-09-18",614,"N20","nominal","2.0NRT",290.03,5.22,"D"
"498",25.84696,93.44416,346.35,0.46,0.63,"2026-09-18",614,"N20","nominal","2.0NRT",290.5,5.68,"D"
"499",27.72391,102.21185,336.37,0.42,0.38,"2026-09-18",614,"N20","nominal","2.0NRT",299.68,2.89,"D"
"500",27.92011,102.20538,328.92,0.42,0.38,"2026-09-18",614,"N20","nominal","2.0NRT",298.21,3.1,"D"
"501",34.59401,103.42329,330.5,0.39,0.36,"2026-09-18",616,"N20","nominal","2.0NRT",297.14,1.82,"D"
"502",37.57259,112.26238,341.74,0.33,0.55,"2026-09-18",616,"N20","nominal","2.0NRT",292.86,3.02,"D"
"503",36.59069,101.48908,327.63,0.39,0.36,"2026-09-18",616,"N20","low","2.0NRT",301.41,2.86,"D"
"504",36.70589,101.87934,335.86,0.38,0.36,"2026-09-18",616,"N20","nominal","2.0NRT",303.23,2.63,"D"
"505",36.87638,101.99369,327.22,0.38,0.36,"2026-09-18",616,"N20","nominal","2.0NRT",296.64,1.46,"D"
"506",36.83912,101.75157,330.59,0.38,0.36,"2026-09-18",616,"N20","nominal","2.0NRT",302.53,1.84,"D"
"507",38.19113,109.11642,337.32,0.45,0.47,"2026-09-18",616,"N20","nominal","2.0NRT",295.6,3.27,"D"
"508",37.95583,106.2326,330.84,0.49,0.4,"2026-09-18",616,"N20","low","2.0NRT",302.37,4.36,"D"
"509",38.04383,105.87192,337.29,0.48,0.4,"2026-09-18",616,"N20","nominal","2.0NRT",306.69,3.08,"D"
"510",38.51301,106.60915,335.07,0.52,0.41,"2026-09-18",616,"N20","nominal","2.0NRT",304.17,5.52,"D"
"511",38.52253,106.6255,337.77,0.52,0.41,"2026-09-18",616,"N20","nominal","2.0NRT",302.98,6.02,"D"
"512",38.24781,101.53447,341.74,0.38,0.36,"2026-09-18",616,"N20","nominal","2.0NRT",303.7,3.85,"D"
"513",38.25173,101.53799,331.72,0.38,0.36,"2026-09-18",616,"N20","low","2.0NRT",301.96,1.42,"D"
"514",38.40884,102.06285,335.54,0.39,0.36,"2026-09-18",616,"N20","nominal","2.0NRT",306.92,2.83,"D"
"515",38.37963,101.79603,338.33,0.38,0.36,"2026-09-18",616,"N20","nominal","2.0NRT",306.19,2.76,"D"
"516",39.52895,106.51913,335.51,0.53,0.42,"2026-09-18",616,"N20","nominal","2.0NRT",301.72,2.07,"D"
"517",39.52709,106.51762,335.2,0.53,0.42,"2026-09-18",616,"N20","nominal","2.0NRT",302.28,2.73,"D"
"518",39.39735,99.89577,336.38,0.39,0.36,"2026-09-18",618,"N20","nominal","2.0NRT",304.16,1.77,"D"
"519",39.39661,99.8913,335.23,0.39,0.36,"2026-09-18",618,"N20","nominal","2.0NRT",304.8,2.67,"D"
"520",39.3999,99.8904,352.17,0.39,0.36,"2026-09-18",618,"N20","nominal","2.0NRT",298.81,2.67,"D"
"521",39.58851,99.74816,346.19,0.39,0.36,"2026-09-18",618,"N20","nominal","2.0NRT",307.4,5.02,"D"
"522",39.53839,98.53159,349.2,0.41,0.37,"2026-09-18",618,"N20","nominal","2.0NRT",301.77,8.26,"D"
"523",39.5401,98.52121,349.24,0.41,0.37,"2026-09-18",618,"N20","nominal","2.0NRT",302.4,2.88,"D"
"524",39.54176,98.5306,355.27,0.41,0.37,"2026-09-18",618,"N20","low","2.0NRT",302.27,4.35,"D"
"525",39.54093,98.5259,356.41,0.41,0.37,"2026-09-18",618,"N20","low","2.0NRT",301.97,4.35,"D"
"526",39.54594,98.53429,330.93,0.41,0.37,"2026-09-18",618,"N20","low","2.0NRT",301.11,2.21,"D"
"527",39.54512,98.5296,350.83,0.41,0.37,"2026-09-18",618,"N20","nominal","2.0NRT",301.88,4.35,"D"
"528",39.54346,98.52021,338.7,0.41,0.37,"2026-09-18",618,"N20","nominal","2.0NRT",302.16,2.88,"D"
"529",39.54429,98.5249,355.61,0.41,0.37,"2026-09-18",618,"N20","low","2.0NRT",302.07,4.35,"D"
"530",39.54848,98.52861,335.52,0.41,0.37,"2026-09-18",618,"N20","nominal","2.0NRT",301.34,2.79,"D"
"531",41.25103,114.51295,329.68,0.47,0.64,"2026-09-18",618,"N20","nominal","2.0NRT",290.91,3.05,"D"
"532",41.32759,113.19134,330.78,0.4,0.6,"2026-09-18",618,"N20","nominal","2.0NRT",295.89,1.92,"D"
"533",39.9287,98.98141,337.61,0.4,0.37,"2026-09-18",618,"N20","nominal","2.0NRT",306.76,4.09,"D"
"534",39.83926,98.36801,344.75,0.42,0.37,"2026-09-18",618,"N20","nominal","2.0NRT",296.26,5.19,"D"
"535",39.9639,99.02428,335.82,0.4,0.37,"2026-09-18",618,"N20","low","2.0NRT",309.91,3.97,"D"
"536",39.96233,99.01507,333.53,0.4,0.37,"2026-09-18",618,"N20","low","2.0NRT",308.26,3.04,"D"
"537",39.96878,99.03252,336.79,0.4,0.37,"2026-09-18",618,"N20","low","2.0NRT",308.59,1.96,"D"
"538",39.97717,99.02042,338.99,0.4,0.37,"2026-09-18",618,"N20","nominal","2.0NRT",307.22,1.47,"D"
"539",39.98127,99.02406,335.81,0.4,0.37,"2026-09-18",618,"N20","low","2.0NRT",308.03,1.47,"D"
"540",39.98048,99.01945,339.83,0.4,0.37,"2026-09-18",618,"N20","nominal","2.0NRT",307.03,1.47,"D"
"541",39.9838,99.01849,335.96,0.4,0.37,"2026-09-18",618,"N20","low","2.0NRT",307.8,2.21,"D"
"542",39.98711,99.01754,335.11,0.4,0.37,"2026-09-18",618,"N20","low","2.0NRT",307.84,2.21,"D"
"543",39.98633,99.01292,340.34,0.4,0.37,"2026-09-18",618,"N20","nominal","2.0NRT",307.68,2.2,"D"
"544",39.98555,99.00831,338.93,0.4,0.37,"2026-09-18",618,"N20","nominal","2.0NRT",307.61,2.2,"D"
"545",39.98476,99.0037,338.77,0.4,0.37,"2026-09-18",618,"N20","nominal","2.0NRT",306.84,1.69,"D"
"546",39.98808,99.00274,339.02,0.4,0.37,"2026-09-18",618,"N20","nominal","2.0NRT",307.48,1.73,"D"
"547",40.0601,98.92541,340.42,0.4,0.37,"2026-09-18",618,"N20","nominal","2.0NRT",308.11,4.31,"D"
"548",40.16445,98.97488,336.45,0.4,0.37,"2026-09-18",618,"N20","nominal","2.0NRT",303.12,4.2,"D"
"549",41.98101,101.05576,344.56,0.39,0.36,"2026-09-18",618,"N20","nominal","2.0NRT",307.09,5.8,"D"
"550",61.76115,88.37165,330.13,0.39,0.36,"2026-09-18",622,"N20","nominal","2.0NRT",288,2.54,"D"
"551",43.67869,95.02145,344.26,0.47,0.4,"2026-09-18",618,"N20","nominal","2.0NRT",311.11,3.51,"D"
"552",63.73858,107.04172,327,0.63,0.54,"2026-09-18",622,"N20","nominal","2.0NRT",282.15,8.86,"D"
"553",43.67538,95.00449,346.02,0.47,0.4,"2026-09-18",618,"N20","nominal","2.0NRT",314.76,4.98,"D"
"554",63.74324,107.0285,341.41,0.63,0.54,"2026-09-18",622,"N20","nominal","2.0NRT",285.84,9.76,"D"
"555",43.69368,95.04001,341.15,0.47,0.4,"2026-09-18",618,"N20","nominal","2.0NRT",315.01,4.22,"D"
"556",63.73728,107.04589,325.51,0.63,0.54,"2026-09-18",622,"N20","nominal","2.0NRT",280.32,5.06,"D"
"557",46.57131,114.27645,326.43,0.49,0.65,"2026-09-18",620,"N20","nominal","2.0NRT",288.92,3.48,"D"
"558",63.73697,107.03347,329.55,0.63,0.54,"2026-09-18",622,"N20","nominal","2.0NRT",282.42,5.06,"D"
"559",44.84792,90.93564,344.21,0.44,0.46,"2026-09-18",620,"N20","nominal","2.0NRT",310.42,3.75,"D"
"560",63.74703,107.03185,327.69,0.63,0.54,"2026-09-18",622,"N20","nominal","2.0NRT",283.68,12.61,"D"
"561",46.63773,83.71416,338.32,0.41,0.61,"2026-09-18",620,"N20","nominal","2.0NRT",303.48,3.01,"D"
"562",63.75273,107.0569,329.45,0.63,0.54,"2026-09-18",622,"N20","nominal","2.0NRT",283.28,3.32,"D"
"563",47.75021,80.52797,330.48,0.52,0.67,"2026-09-18",620,"N20","nominal","2.0NRT",299.27,2.44,"D"
"564",60.58284,78.73473,327.26,0.43,0.46,"2026-09-18",622,"N20","nominal","2.0NRT",271.8,2.28,"D"
"565",64.42054,106.6333,326.94,0.62,0.54,"2026-09-18",622,"N20","nominal","2.0NRT",280.66,7.95,"D"
"566",52.60893,103.89992,327.97,0.38,0.43,"2026-09-18",620,"N20","nominal","2.0NRT",297.81,3.27,"D"
"567",64.42022,106.62183,342.79,0.62,0.54,"2026-09-18",622,"N20","nominal","2.0NRT",286.89,7.95,"D"
"568",48.57127,81.62275,367,0.44,0.62,"2026-09-18",620,"N20","high","2.0NRT",308.86,21.98,"D"
"569",62.94871,88.10969,327.7,0.39,0.36,"2026-09-18",622,"N20","nominal","2.0NRT",286.1,3.11,"D"
"570",48.57461,81.6334,348.2,0.44,0.62,"2026-09-18",620,"N20","nominal","2.0NRT",302.48,11.3,"D"
"571",62.83784,87.44205,332.04,0.39,0.36,"2026-09-18",622,"N20","nominal","2.0NRT",286.4,3.22,"D"
"572",62.83658,87.43481,328.16,0.39,0.36,"2026-09-18",622,"N20","nominal","2.0NRT",285.53,3.22,"D"
"573",48.57294,81.62807,355.6,0.44,0.62,"2026-09-18",620,"N20","nominal","2.0NRT",306.57,11.3,"D"
"574",62.83532,87.42758,348.77,0.39,0.36,"2026-09-18",622,"N20","nominal","2.0NRT",291.22,10.43,"D"
"575",48.56964,81.61755,349.98,0.44,0.62,"2026-09-18",620,"N20","nominal","2.0NRT",303.9,21.98,"D"
"576",62.84098,87.43942,343.36,0.39,0.36,"2026-09-18",622,"N20","nominal","2.0NRT",287.76,5.91,"D"
"577",62.85797,87.51637,349.33,0.39,0.36,"2026-09-18",622,"N20","nominal","2.0NRT",287.41,4.4,"D"
"578",48.57817,81.6245,367,0.44,0.62,"2026-09-18",620,"N20","high","2.0NRT",297.71,41.42,"D"
"579",62.86237,87.52098,328.2,0.39,0.36,"2026-09-18",622,"N20","nominal","2.0NRT",287.23,15.76,"D"
"580",62.86111,87.51375,347.79,0.39,0.36,"2026-09-18",622,"N20","nominal","2.0NRT",304.69,15.76,"D"
"581",51.21845,89.67538,336.43,0.52,0.42,"2026-09-18",620,"N20","nominal","2.0NRT",290.59,48.34,"D"
"582",62.86425,87.51113,349.26,0.39,0.36,"2026-09-18",622,"N20","nominal","2.0NRT",292.15,15.76,"D"
"583",49.90024,80.81983,330.81,0.42,0.61,"2026-09-18",622,"N20","low","2.0NRT",300.87,6.51,"D"
"584",63.18602,88.1054,328.58,0.39,0.36,"2026-09-18",622,"N20","nominal","2.0NRT",287.98,3.69,"D"
"585",61.49445,79.30923,327.14,0.38,0.44,"2026-09-18",622,"N20","nominal","2.0NRT",285.36,4.98,"D"
"586",49.90874,80.82662,341.3,0.42,0.61,"2026-09-18",622,"N20","nominal","2.0NRT",299.1,6.83,"D"
"587",61.26429,77.01711,340.24,0.45,0.47,"2026-09-18",622,"N20","nominal","2.0NRT",285.32,24.81,"D"
"588",49.91384,80.82274,333.45,0.42,0.61,"2026-09-18",622,"N20","nominal","2.0NRT",297.65,5.22,"D"
"589",62.38401,80.17267,326.52,0.52,0.41,"2026-09-18",622,"N20","nominal","2.0NRT",286.93,2.34,"D"
"590",62.38693,76.64297,337.64,0.42,0.45,"2026-09-18",622,"N20","nominal","2.0NRT",286.89,2.9,"D"
"591",57.53584,105.87206,337.39,0.51,0.5,"2026-09-18",622,"N20","nominal","2.0NRT",283.26,7.4,"D"
"592",64.61156,86.2581,327.13,0.39,0.36,"2026-09-18",622,"N20","nominal","2.0NRT",287.34,2.47,"D"
"593",57.53537,105.8632,332.52,0.51,0.5,"2026-09-18",622,"N20","nominal","2.0NRT",283.77,7.51,"D"
"594",64.66509,83.83514,326.82,0.4,0.37,"2026-09-18",622,"N20","nominal","2.0NRT",285.8,2.91,"D"
"595",57.56203,105.92857,340.47,0.52,0.5,"2026-09-18",622,"N20","nominal","2.0NRT",291.35,13.56,"D"
"596",65.31452,83.72119,328.09,0.4,0.37,"2026-09-18",625,"N20","nominal","2.0NRT",285.78,2.46,"D"
"597",65.22504,82.91213,325.98,0.4,0.37,"2026-09-18",625,"N20","nominal","2.0NRT",286.63,4.02,"D"
"598",57.56662,105.92779,354.41,0.52,0.5,"2026-09-18",622,"N20","nominal","2.0NRT",288.89,11.89,"D"
"599",65.22816,82.90871,341.11,0.4,0.37,"2026-09-18",625,"N20","nominal","2.0NRT",289.64,4.02,"D"
"600",57.58444,105.91466,338.09,0.52,0.5,"2026-09-18",622,"N20","nominal","2.0NRT",284.39,7.29,"D"
"601",65.34372,83.19598,334.78,0.4,0.37,"2026-09-18",625,"N20","nominal","2.0NRT",289.19,4.15,"D"
"602",65.34985,83.20847,327.59,0.4,0.37,"2026-09-18",625,"N20","nominal","2.0NRT",285.38,6.88,"D"
"603",57.58813,105.91447,342.98,0.52,0.5,"2026-09-18",622,"N20","nominal","2.0NRT",284.91,6.03,"D"
"604",65.34834,83.20054,351.57,0.4,0.37,"2026-09-18",625,"N20","nominal","2.0NRT",293.54,6.88,"D"
"605",65.35144,83.19712,340.33,0.4,0.37,"2026-09-18",625,"N20","nominal","2.0NRT",289.69,6.88,"D"
"606",57.61757,105.68464,334.72,0.51,0.49,"2026-09-18",622,"N20","nominal","2.0NRT",283.78,4.43,"D"
"607",65.35455,83.19372,347.82,0.4,0.37,"2026-09-18",625,"N20","nominal","2.0NRT",291.23,7.07,"D"
"608",57.68091,106.08981,337.77,0.53,0.5,"2026-09-18",622,"N20","nominal","2.0NRT",288.79,14.97,"D"
"609",65.35764,83.19031,348.76,0.4,0.37,"2026-09-18",625,"N20","nominal","2.0NRT",291.11,7.07,"D"
"610",65.65723,84.7032,327.12,0.39,0.36,"2026-09-18",625,"N20","nominal","2.0NRT",286.93,2.05,"D"
"611",57.73732,105.94715,325.27,0.52,0.5,"2026-09-18",622,"N20","nominal","2.0NRT",284.87,3.37,"D"
"612",65.67912,84.7094,326.05,0.39,0.36,"2026-09-18",625,"N20","nominal","2.0NRT",286.35,2.42,"D"
"613",57.87266,105.89435,337.84,0.52,0.5,"2026-09-18",622,"N20","nominal","2.0NRT",286.21,16.3,"D"
"614",65.46252,83.0666,329.06,0.4,0.37,"2026-09-18",625,"N20","nominal","2.0NRT",286.95,2.4,"D"
"615",65.43353,82.91499,332.43,0.4,0.37,"2026-09-18",625,"N20","nominal","2.0NRT",289.91,5.26,"D"
"616",57.87676,105.88418,340.86,0.52,0.5,"2026-09-18",622,"N20","nominal","2.0NRT",287.34,19.91,"D"
"617",65.43817,82.91953,336.16,0.4,0.37,"2026-09-18",625,"N20","nominal","2.0NRT",288.04,4.86,"D"
"618",56.23106,90.41138,329.46,0.41,0.37,"2026-09-18",622,"N20","nominal","2.0NRT",293.36,5.37,"D"
"619",65.44595,82.90119,330.73,0.4,0.37,"2026-09-18",625,"N20","nominal","2.0NRT",288.73,2.62,"D"
"620",58.09341,106.55988,340.56,0.55,0.51,"2026-09-18",622,"N20","nominal","2.0NRT",291.94,20.26,"D"
"621",65.78644,84.6181,331.76,0.39,0.36,"2026-09-18",625,"N20","nominal","2.0NRT",286.43,2.3,"D"
"622",58.09769,106.54958,330.73,0.55,0.51,"2026-09-18",622,"N20","nominal","2.0NRT",281.41,3.8,"D"
"623",65.51184,83.00439,336.13,0.4,0.37,"2026-09-18",625,"N20","nominal","2.0NRT",286.55,4.54,"D"
"624",58.29252,106.92342,341.1,0.57,0.52,"2026-09-18",622,"N20","nominal","2.0NRT",285.04,7.12,"D"
"625",65.84311,84.77418,327.39,0.39,0.36,"2026-09-18",625,"N20","nominal","2.0NRT",284.84,1.38,"D"
"626",58.29147,106.92502,337.03,0.57,0.52,"2026-09-18",622,"N20","nominal","2.0NRT",284.07,5.13,"D"
"627",65.5273,83.00663,332.7,0.4,0.37,"2026-09-18",625,"N20","nominal","2.0NRT",285.92,2.77,"D"
"628",65.52886,82.99519,337.87,0.4,0.37,"2026-09-18",625,"N20","nominal","2.0NRT",296,18.72,"D"
"629",58.4212,107.58144,333.83,0.6,0.53,"2026-09-18",622,"N20","nominal","2.0NRT",281.62,8.44,"D"
"630",58.42613,107.58067,338.76,0.6,0.53,"2026-09-18",622,"N20","nominal","2.0NRT",282.58,8.44,"D"
"631",64.41883,77.70671,329.87,0.51,0.41,"2026-09-18",625,"N20","nominal","2.0NRT",286.8,4.83,"D"
"632",58.4225,107.58503,336.7,0.6,0.53,"2026-09-18",622,"N20","nominal","2.0NRT",279.9,21.92,"D"
"633",65.3803,81.64229,328.1,0.42,0.37,"2026-09-18",625,"N20","nominal","2.0NRT",287.16,4.07,"D"
"634",58.44798,107.60385,352.95,0.61,0.53,"2026-09-18",622,"N20","nominal","2.0NRT",292.02,19.97,"D"
"635",64.84792,77.2541,325.69,0.51,0.41,"2026-09-18",625,"N20","nominal","2.0NRT",286.57,1.93,"D"
"636",58.47897,107.03089,339.51,0.58,0.52,"2026-09-18",622,"N20","nominal","2.0NRT",281.43,7.18,"D"
"637",64.32204,74.11963,338.54,0.41,0.45,"2026-09-18",625,"N20","nominal","2.0NRT",291.46,20.69,"D"
"638",58.48172,107.0221,341.09,0.58,0.52,"2026-09-18",622,"N20","nominal","2.0NRT",288.92,23.43,"D"
"639",64.72632,75.08643,328.16,0.57,0.43,"2026-09-18",625,"N20","nominal","2.0NRT",288.02,5.14,"D"
"640",59.63545,108.12814,350.9,0.32,0.55,"2026-09-18",622,"N20","nominal","2.0NRT",283.13,3.56,"D"
"641",64.60671,74.16002,329.33,0.4,0.44,"2026-09-18",625,"N20","nominal","2.0NRT",286.56,3.7,"D"
"642",59.80488,109.42476,347.94,0.36,0.57,"2026-09-18",622,"N20","nominal","2.0NRT",289.64,12.42,"D"
"643",64.60472,74.1528,335.84,0.4,0.44,"2026-09-18",625,"N20","nominal","2.0NRT",289.58,4.33,"D"
"644",59.80503,109.43118,356.41,0.36,0.57,"2026-09-18",622,"N20","low","2.0NRT",284.55,12.42,"D"
"645",64.97418,75.51838,329.28,0.55,0.43,"2026-09-18",625,"N20","nominal","2.0NRT",287.39,4.44,"D"
"646",59.8428,108.40508,338.21,0.33,0.55,"2026-09-18",622,"N20","nominal","2.0NRT",283.53,2.45,"D"
"647",64.56607,73.92385,338.06,0.41,0.45,"2026-09-18",625,"N20","nominal","2.0NRT",288.02,4.44,"D"
"648",60.14733,109.1038,351.31,0.35,0.57,"2026-09-18",622,"N20","nominal","2.0NRT",284.36,34.76,"D"
"649",64.56697,73.89143,328.3,0.41,0.45,"2026-09-18",625,"N20","nominal","2.0NRT",287.55,4.63,"D"
"650",60.46049,109.71609,329.24,0.37,0.58,"2026-09-18",622,"N20","nominal","2.0NRT",285.77,3.54,"D"
"651",64.56495,73.88412,343.26,0.41,0.45,"2026-09-18",625,"N20","nominal","2.0NRT",289.33,4.32,"D"
"652",60.46589,109.71597,328.99,0.37,0.58,"2026-09-18",622,"N20","nominal","2.0NRT",283.98,3.54,"D"
"653",64.80559,74.77853,333.39,0.38,0.43,"2026-09-18",625,"N20","nominal","2.0NRT",288.12,3.91,"D"
"654",60.4466,97.15025,331.58,0.45,0.39,"2026-09-18",622,"N20","nominal","2.0NRT",284.58,11.78,"D"
"655",64.56716,73.91496,339.69,0.41,0.45,"2026-09-18",625,"N20","nominal","2.0NRT",290.16,4.4,"D"
"656",60.49014,97.41314,332.43,0.46,0.39,"2026-09-18",622,"N20","nominal","2.0NRT",287.67,6.3,"D"
"657",64.79964,74.7389,328.84,0.39,0.44,"2026-09-18",625,"N20","nominal","2.0NRT",288.47,2.72,"D"
"658",60.42924,96.51205,342.32,0.44,0.38,"2026-09-18",625,"N20","nominal","2.0NRT",287.63,90.54,"D"
"659",64.56657,73.89518,326.87,0.41,0.45,"2026-09-18",625,"N20","nominal","2.0NRT",288.37,2.86,"D"
"660",60.43545,96.25383,344.87,0.43,0.38,"2026-09-18",625,"N20","nominal","2.0NRT",303.22,57.72,"D"
"661",64.80493,74.74077,337.92,0.38,0.44,"2026-09-18",625,"N20","nominal","2.0NRT",288.33,2.45,"D"
"662",60.43887,96.252,341.83,0.43,0.38,"2026-09-18",625,"N20","nominal","2.0NRT",291.02,22.12,"D"
"663",64.80305,74.73383,336.43,0.39,0.44,"2026-09-18",625,"N20","nominal","2.0NRT",287.87,2.45,"D"
"664",64.56801,73.88264,337.96,0.41,0.45,"2026-09-18",625,"N20","nominal","2.0NRT",287.71,5.79,"D"
"665",64.80646,74.72877,327.75,0.39,0.44,"2026-09-18",625,"N20","nominal","2.0NRT",286.25,2.45,"D"
"666",64.57761,73.89914,340.31,0.41,0.45,"2026-09-18",625,"N20","nominal","2.0NRT",289.87,4.75,"D"
"667",64.81924,74.75835,349.18,0.38,0.43,"2026-09-18",625,"N20","nominal","2.0NRT",290.39,4.51,"D"
"668",64.81174,74.73058,344.45,0.38,0.44,"2026-09-18",625,"N20","nominal","2.0NRT",292.95,14.46,"D"
"669",64.57906,73.88663,333.53,0.41,0.45,"2026-09-18",625,"N20","nominal","2.0NRT",290.34,4.81,"D"
"670",64.60287,73.95383,328.77,0.41,0.45,"2026-09-18",625,"N20","nominal","2.0NRT",289.28,3.16,"D"
"671",64.76562,74.52534,327.28,0.39,0.44,"2026-09-18",625,"N20","nominal","2.0NRT",287.13,4.72,"D"
"672",64.76371,74.51833,326.43,0.39,0.44,"2026-09-18",625,"N20","nominal","2.0NRT",289.92,4.72,"D"
"673",64.76904,74.52023,337.52,0.39,0.44,"2026-09-18",625,"N20","nominal","2.0NRT",289.19,4.72,"D"
"674",65.03843,75.51431,343.03,0.55,0.42,"2026-09-18",625,"N20","nominal","2.0NRT",288.19,25.39,"D"
"675",64.76865,74.50107,355.2,0.39,0.44,"2026-09-18",625,"N20","nominal","2.0NRT",289.52,30.88,"D"
"676",64.58891,73.851,328.18,0.41,0.45,"2026-09-18",625,"N20","nominal","2.0NRT",290.92,4.44,"D"
"677",65.04179,75.50946,336.61,0.55,0.42,"2026-09-18",625,"N20","nominal","2.0NRT",301.14,25.39,"D"
"678",64.77209,74.49597,339.17,0.39,0.44,"2026-09-18",625,"N20","nominal","2.0NRT",303.34,30.88,"D"
"679",65.04514,75.50462,343.77,0.55,0.42,"2026-09-18",625,"N20","nominal","2.0NRT",299.87,57.38,"D"
"680",64.62109,73.77087,336.3,0.41,0.45,"2026-09-18",625,"N20","nominal","2.0NRT",283.64,2.88,"D"
"681",64.62454,73.76547,337.7,0.41,0.45,"2026-09-18",625,"N20","nominal","2.0NRT",283.44,9.28,"D"
"682",64.64459,73.76623,336.04,0.41,0.45,"2026-09-18",625,"N20","nominal","2.0NRT",282.87,4.29,"D"
"683",64.65356,73.76288,346.79,0.41,0.45,"2026-09-18",625,"N20","nominal","2.0NRT",291.14,5.15,"D"
"684",64.65502,73.75031,340.76,0.41,0.45,"2026-09-18",625,"N20","nominal","2.0NRT",289.14,5.15,"D"
"685",64.6522,73.76408,351.19,0.41,0.45,"2026-09-18",625,"N20","nominal","2.0NRT",291,9.66,"D"
"686",64.65364,73.75153,340.7,0.41,0.45,"2026-09-18",625,"N20","nominal","2.0NRT",288.51,6.01,"D"
"687",64.65712,73.74624,346.04,0.41,0.45,"2026-09-18",625,"N20","nominal","2.0NRT",290.38,5.3,"D"
"688",64.66059,73.74091,334.1,0.41,0.45,"2026-09-18",625,"N20","nominal","2.0NRT",288.29,5.3,"D"
"689",64.65854,73.73363,326.7,0.41,0.45,"2026-09-18",625,"N20","nominal","2.0NRT",285.51,5.3,"D"
"690",64.66755,73.7303,328.86,0.41,0.45,"2026-09-18",625,"N20","nominal","2.0NRT",287.42,3.09,"D"
"691",64.70966,73.73878,327.02,0.41,0.45,"2026-09-18",625,"N20","nominal","2.0NRT",291.83,4.51,"D"
"692",69.27283,109.59972,327.07,0.39,0.6,"2026-09-18",625,"N20","nominal","2.0NRT",282.6,3.67,"D"
"693",66.59987,80.41193,332.45,0.41,0.37,"2026-09-18",625,"N20","nominal","2.0NRT",285.22,3.78,"D"
"694",65.85823,76.95576,331.83,0.48,0.4,"2026-09-18",625,"N20","nominal","2.0NRT",287.03,5.7,"D"
"695",65.85828,76.96057,342.77,0.48,0.4,"2026-09-18",625,"N20","nominal","2.0NRT",287.46,6.17,"D"
"696",65.83224,76.79863,333.37,0.49,0.4,"2026-09-18",625,"N20","nominal","2.0NRT",291.13,12.92,"D"
"697",65.8489,76.84975,328.62,0.48,0.4,"2026-09-18",625,"N20","nominal","2.0NRT",286.14,4.94,"D"
"698",65.8377,76.80331,346.68,0.49,0.4,"2026-09-18",625,"N20","nominal","2.0NRT",290.71,12.92,"D"
"699",65.83546,76.79401,355.99,0.49,0.4,"2026-09-18",625,"N20","nominal","2.0NRT",299.72,12.92,"D"
"700",66.66048,80.46407,338.05,0.41,0.37,"2026-09-18",625,"N20","nominal","2.0NRT",287.65,9.46,"D"
"701",66.66663,80.45618,327.33,0.41,0.37,"2026-09-18",625,"N20","nominal","2.0NRT",284.43,10.36,"D"
"702",66.71741,80.49677,330.75,0.41,0.37,"2026-09-18",625,"N20","nominal","2.0NRT",286.3,8.3,"D"
"703",66.73352,80.42298,336.1,0.41,0.37,"2026-09-18",625,"N20","nominal","2.0NRT",284.49,3.52,"D"
"704",67.27225,83.21268,330.52,0.39,0.36,"2026-09-18",625,"N20","nominal","2.0NRT",287.18,6.11,"D"
"705",67.2753,83.20909,330.2,0.39,0.36,"2026-09-18",625,"N20","nominal","2.0NRT",284.5,3.1,"D"
"706",66.18643,77.68877,338.83,0.46,0.39,"2026-09-18",625,"N20","nominal","2.0NRT",286.68,4.51,"D"
"707",67.28241,83.04041,328.17,0.39,0.36,"2026-09-18",625,"N20","nominal","2.0NRT",284.09,16.33,"D"
"708",66.04987,77.01215,330,0.48,0.4,"2026-09-18",625,"N20","nominal","2.0NRT",286.94,3.67,"D"
"709",65.97726,76.70721,344.53,0.48,0.4,"2026-09-18",625,"N20","nominal","2.0NRT",289.44,9.89,"D"
"710",65.26714,73.60574,337.23,0.39,0.44,"2026-09-18",625,"N20","nominal","2.0NRT",286.55,4.5,"D"
"711",65.26516,73.59861,334.9,0.39,0.44,"2026-09-18",625,"N20","nominal","2.0NRT",287.67,4.5,"D"
"712",66.05315,76.39851,326.79,0.49,0.4,"2026-09-18",625,"N20","nominal","2.0NRT",288.74,3.52,"D"
"713",66.05637,76.39378,334.09,0.49,0.4,"2026-09-18",625,"N20","nominal","2.0NRT",288.21,3.52,"D"
"714",66.77944,79.54852,325.7,0.42,0.38,"2026-09-18",625,"N20","nominal","2.0NRT",286.2,2.07,"D"
"715",67.54678,83.21194,337.73,0.39,0.36,"2026-09-18",625,"N20","nominal","2.0NRT",290.5,81.95,"D"
"716",66.40528,77.48051,339.53,0.46,0.39,"2026-09-18",625,"N20","nominal","2.0NRT",286.47,5.89,"D"
"717",66.27718,76.76523,334.47,0.47,0.4,"2026-09-18",625,"N20","nominal","2.0NRT",285.11,4.48,"D"
"718",66.4184,77.24551,338.07,0.46,0.39,"2026-09-18",625,"N20","nominal","2.0NRT",287.25,23.49,"D"
"719",66.42031,77.24737,327.94,0.46,0.39,"2026-09-18",625,"N20","nominal","2.0NRT",283.47,11.38,"D"
"720",67.64948,83.21342,325.5,0.39,0.36,"2026-09-18",625,"N20","nominal","2.0NRT",286.81,1.65,"D"
"721",65.9552,75.19025,326.58,0.52,0.41,"2026-09-18",625,"N20","nominal","2.0NRT",286.75,5.84,"D"
"722",67.78886,83.4951,329.71,0.38,0.36,"2026-09-18",625,"N20","nominal","2.0NRT",285.52,3.53,"D"
"723",66.49839,76.98022,329.31,0.46,0.39,"2026-09-18",625,"N20","nominal","2.0NRT",287.42,3.49,"D"
"724",66.66447,77.31922,329.12,0.45,0.39,"2026-09-18",625,"N20","nominal","2.0NRT",286.61,2.64,"D"
"725",66.55034,76.60072,328.37,0.47,0.4,"2026-09-18",625,"N20","nominal","2.0NRT",287.45,6.32,"D"
"726",66.65881,76.8474,329.54,0.46,0.39,"2026-09-18",625,"N20","nominal","2.0NRT",289.06,6.63,"D"
"727",66.86806,77.75291,328.29,0.44,0.38,"2026-09-18",625,"N20","nominal","2.0NRT",286.84,2.93,"D"
"728",68.20679,83.46061,328.08,0.38,0.36,"2026-09-18",625,"N20","nominal","2.0NRT",285.03,3,"D"
"729",66.90382,75.61178,335.4,0.48,0.4,"2026-09-18",625,"N20","nominal","2.0NRT",291.08,16.5,"D"
"730",66.90697,75.60686,326.65,0.48,0.4,"2026-09-18",625,"N20","nominal","2.0NRT",290.8,16.5,"D"
"731",67.85563,79.87637,327.94,0.4,0.37,"2026-09-18",625,"N20","nominal","2.0NRT",284.64,2.6,"D"
"732",66.95681,75.54642,337.42,0.48,0.4,"2026-09-18",625,"N20","nominal","2.0NRT",296.05,110.49,"D"
"733",69.37151,88.12251,327.66,0.41,0.37,"2026-09-18",625,"N20","nominal","2.0NRT",287.51,3.1,"D"
"734",66.19767,70.99225,338.42,0.41,0.45,"2026-09-18",625,"N20","nominal","2.0NRT",287.16,5.87,"D"
"735",67.286,75.11516,327.72,0.47,0.4,"2026-09-18",625,"N20","nominal","2.0NRT",285.92,3.21,"D"
"736",67.28655,75.11884,328,0.47,0.4,"2026-09-18",625,"N20","nominal","2.0NRT",286.18,2.67,"D"
"737",66.19686,70.99639,325.98,0.41,0.45,"2026-09-18",625,"N20","nominal","2.0NRT",286.08,1.93,"D"
"738",66.20025,70.99038,345.86,0.41,0.45,"2026-09-18",625,"N20","nominal","2.0NRT",287.84,4.87,"D"
"739",68.52637,79.96036,329.26,0.39,0.36,"2026-09-18",625,"N20","nominal","2.0NRT",286.39,12.27,"D"
"740",68.52473,79.95169,286.86,0.39,0.36,"2026-09-18",625,"N20","low","2.0NRT",295.76,12.27,"D"
"741",67.80325,72.52467,340.59,0.5,0.41,"2026-09-18",625,"N20","nominal","2.0NRT",315.39,113.49,"D"
"742",67.80064,72.5146,336.24,0.51,0.41,"2026-09-18",625,"N20","nominal","2.0NRT",310.29,113.49,"D"
"743",67.80378,72.5089,367,0.51,0.41,"2026-09-18",625,"N20","high","2.0NRT",327.02,140.37,"D"
"744",67.80898,72.52901,340.64,0.5,0.41,"2026-09-18",625,"N20","nominal","2.0NRT",286.47,6.64,"D"
"745",67.8064,72.519,347.44,0.5,0.41,"2026-09-18",625,"N20","nominal","2.0NRT",313.95,140.37,"D"
"746",65.04324,56.67559,344.79,0.46,0.64,"2026-09-18",625,"N20","nominal","2.0NRT",274.82,4.37,"D"
"747",71.25614,72.07102,328.66,0.41,0.37,"2026-09-18",625,"N20","nominal","2.0NRT",284.14,3.3,"D"
"748",70.35583,68.2671,329.83,0.48,0.4,"2026-09-18",625,"N20","nominal","2.0NRT",282.5,9.44,"D"
"749",71.68326,71.57704,339.8,0.41,0.37,"2026-09-18",627,"N20","nominal","2.0NRT",282.22,14.69,"D"
"750",10.13193,108.56991,332.33,0.38,0.36,"2026-09-18",608,"N20","nominal","2.0NRT",294.04,2.23,"D"
"751",10.21002,108.34904,343.02,0.39,0.36,"2026-09-18",608,"N20","nominal","2.0NRT",294.09,8.88,"D"
"752",10.28527,104.89347,332.36,0.51,0.41,"2026-09-18",610,"N20","nominal","2.0NRT",292.78,3.76,"D"
"753",10.33871,104.79185,332.23,0.51,0.41,"2026-09-18",610,"N20","low","2.0NRT",292.49,3.12,"D"
"754",10.44106,104.66122,340.96,0.52,0.42,"2026-09-18",610,"N20","nominal","2.0NRT",292.36,5.53,"D"
"755",10.46194,104.76321,331.76,0.51,0.41,"2026-09-18",610,"N20","low","2.0NRT",293.27,5.45,"D"
"756",10.44484,104.66058,335.75,0.52,0.42,"2026-09-18",610,"N20","low","2.0NRT",292.82,5.53,"D"
"757",10.44628,104.64584,334.76,0.52,0.42,"2026-09-18",610,"N20","nominal","2.0NRT",292.25,8.5,"D"
"758",12.44631,109.05186,335.22,0.39,0.36,"2026-09-18",610,"N20","nominal","2.0NRT",296.09,9.63,"D"
"759",12.44578,109.04831,333.69,0.39,0.36,"2026-09-18",610,"N20","nominal","2.0NRT",296.61,9.82,"D"
"760",12.53553,108.80985,331.18,0.39,0.36,"2026-09-18",610,"N20","nominal","2.0NRT",297.59,5.35,"D"
"761",12.54741,108.84386,330.92,0.39,0.36,"2026-09-18",610,"N20","nominal","2.0NRT",294.12,5.79,"D"
"762",12.56456,108.82318,332.23,0.39,0.36,"2026-09-18",610,"N20","nominal","2.0NRT",295.65,2.4,"D"
"763",12.5733,108.83626,330.37,0.39,0.36,"2026-09-18",610,"N20","nominal","2.0NRT",298.73,9.53,"D"
"764",12.58567,108.89571,339.02,0.39,0.36,"2026-09-18",610,"N20","nominal","2.0NRT",295.04,8.32,"D"
"765",12.5766,108.83574,333.65,0.39,0.36,"2026-09-18",610,"N20","nominal","2.0NRT",296.88,9.53,"D"
"766",12.46192,107.66257,331.3,0.39,0.36,"2026-09-18",610,"N20","nominal","2.0NRT",296.46,1.5,"D"
"767",12.6106,108.58852,341.45,0.38,0.36,"2026-09-18",610,"N20","nominal","2.0NRT",296.72,4,"D"
"768",12.6732,108.82365,334.75,0.39,0.36,"2026-09-18",610,"N20","nominal","2.0NRT",299.43,4.72,"D"
"769",12.77959,108.87544,335.3,0.39,0.36,"2026-09-18",610,"N20","nominal","2.0NRT",292.77,3.67,"D"
"770",12.76304,108.6542,345.02,0.39,0.36,"2026-09-18",610,"N20","nominal","2.0NRT",300.17,14.38,"D"
"771",12.93687,109.06419,333.11,0.39,0.36,"2026-09-18",610,"N20","nominal","2.0NRT",292.37,3.1,"D"
"772",12.90289,108.76788,330.32,0.39,0.36,"2026-09-18",610,"N20","nominal","2.0NRT",295.03,2.1,"D"
"773",13.08561,109.10598,335.23,0.39,0.36,"2026-09-18",610,"N20","nominal","2.0NRT",293.65,29.8,"D"
"774",13.06673,108.61897,338.6,0.39,0.36,"2026-09-18",610,"N20","nominal","2.0NRT",299.81,6.01,"D"
"775",13.04916,108.48096,345.72,0.38,0.36,"2026-09-18",610,"N20","nominal","2.0NRT",299.68,5.14,"D"
"776",13.1797,109.07643,332.17,0.39,0.36,"2026-09-18",610,"N20","nominal","2.0NRT",293.46,2.27,"D"
"777",13.21697,109.23605,333.29,0.39,0.36,"2026-09-18",610,"N20","nominal","2.0NRT",295.71,8.4,"D"
"778",13.21643,109.23239,332.92,0.39,0.36,"2026-09-18",610,"N20","nominal","2.0NRT",294.47,8.64,"D"
"779",13.2203,109.23553,334.11,0.39,0.36,"2026-09-18",610,"N20","nominal","2.0NRT",296.55,8.4,"D"
"780",13.24743,109.14316,330.49,0.39,0.36,"2026-09-18",610,"N20","nominal","2.0NRT",294.73,3.75,"D"
"781",13.27072,109.25365,333.52,0.39,0.36,"2026-09-18",610,"N20","nominal","2.0NRT",297.76,3.02,"D"
"782",13.27565,109.14981,333.07,0.39,0.36,"2026-09-18",610,"N20","nominal","2.0NRT",296.27,2.58,"D"
"783",13.27511,109.14619,336.46,0.39,0.36,"2026-09-18",610,"N20","nominal","2.0NRT",295.12,2.58,"D"
"784",13.27018,109.06958,341.79,0.39,0.36,"2026-09-18",610,"N20","nominal","2.0NRT",293.13,5.23,"D"
"785",13.28304,109.1335,336.19,0.39,0.36,"2026-09-18",610,"N20","nominal","2.0NRT",296.04,2.82,"D"
"786",13.28144,109.12269,336.65,0.39,0.36,"2026-09-18",610,"N20","nominal","2.0NRT",295.1,9.6,"D"
"787",13.28597,109.10726,349.69,0.39,0.36,"2026-09-18",610,"N20","nominal","2.0NRT",295.02,10.79,"D"
"788",13.29926,109.10523,344.91,0.39,0.36,"2026-09-18",610,"N20","nominal","2.0NRT",294.09,10.82,"D"
"789",13.29873,109.10165,339.86,0.39,0.36,"2026-09-18",610,"N20","nominal","2.0NRT",293.62,7.41,"D"
"790",13.31309,109.10671,340.72,0.39,0.36,"2026-09-18",610,"N20","nominal","2.0NRT",299.13,22.51,"D"
"791",13.31203,109.09961,333.69,0.39,0.36,"2026-09-18",610,"N20","nominal","2.0NRT",295.61,6.98,"D"
"792",13.32336,109.15294,333.47,0.39,0.36,"2026-09-18",610,"N20","nominal","2.0NRT",295.75,2.46,"D"
"793",13.31973,109.10565,344.4,0.39,0.36,"2026-09-18",610,"N20","nominal","2.0NRT",296.18,6.36,"D"
"794",13.35252,109.18877,336.98,0.39,0.36,"2026-09-18",610,"N20","nominal","2.0NRT",296.95,3.27,"D"
"795",13.35199,109.1852,334.41,0.39,0.36,"2026-09-18",610,"N20","nominal","2.0NRT",297.34,3.27,"D"
"796",13.0086,106.80975,344.14,0.4,0.37,"2026-09-18",610,"N20","nominal","2.0NRT",296.68,5.16,"D"
"797",13.39934,109.1622,335.77,0.39,0.36,"2026-09-18",610,"N20","nominal","2.0NRT",296.64,10.62,"D"
"798",13.41668,109.14138,350.01,0.39,0.36,"2026-09-18",610,"N20","nominal","2.0NRT",294.31,9.53,"D"
"799",13.42001,109.14085,348.52,0.39,0.36,"2026-09-18",610,"N20","nominal","2.0NRT",292.61,16.31,"D"
"800",13.48345,109.20097,333.51,0.39,0.36,"2026-09-18",610,"N20","nominal","2.0NRT",294.73,1.23,"D"
"801",13.50116,109.20544,348.57,0.39,0.36,"2026-09-18",610,"N20","nominal","2.0NRT",299.21,8.96,"D"
"802",13.50435,109.20819,347.28,0.39,0.36,"2026-09-18",610,"N20","nominal","2.0NRT",300.28,7.75,"D"
"803",13.50382,109.20452,353.19,0.39,0.36,"2026-09-18",610,"N20","nominal","2.0NRT",299.2,7.75,"D"
"804",13.51048,109.20351,331.41,0.39,0.36,"2026-09-18",610,"N20","nominal","2.0NRT",296.52,2.57,"D"
"805",13.51013,109.17807,341.54,0.39,0.36,"2026-09-18",610,"N20","nominal","2.0NRT",297.06,5.33,"D"
"806",13.51347,109.17754,348.14,0.39,0.36,"2026-09-18",610,"N20","nominal","2.0NRT",298.54,11.26,"D"
"807",13.51293,109.17392,338.01,0.39,0.36,"2026-09-18",610,"N20","nominal","2.0NRT",296.33,11.26,"D"
"808",13.52156,109.2093,334.99,0.39,0.36,"2026-09-18",610,"N20","nominal","2.0NRT",296.28,2.75,"D"
"809",13.52809,109.23046,333.93,0.39,0.36,"2026-09-18",610,"N20","nominal","2.0NRT",297.63,10.75,"D"
"810",13.52756,109.22684,336.82,0.39,0.36,"2026-09-18",610,"N20","nominal","2.0NRT",298.52,7.92,"D"
"811",13.52078,109.15786,342.29,0.39,0.36,"2026-09-18",610,"N20","nominal","2.0NRT",295.72,14.44,"D"
"812",13.52799,109.16047,335.3,0.39,0.36,"2026-09-18",610,"N20","nominal","2.0NRT",297.21,5.9,"D"
"813",13.54197,109.23202,336.06,0.39,0.36,"2026-09-18",610,"N20","nominal","2.0NRT",297.64,11.42,"D"
"814",13.5409,109.22476,334.38,0.39,0.36,"2026-09-18",610,"N20","nominal","2.0NRT",297.21,4.49,"D"
"815",13.54531,109.23155,333.69,0.39,0.36,"2026-09-18",610,"N20","nominal","2.0NRT",295.91,11.42,"D"
"816",13.54742,109.15366,337.31,0.39,0.36,"2026-09-18",610,"N20","nominal","2.0NRT",292.73,4.18,"D"
"817",13.545,109.09151,339.29,0.39,0.36,"2026-09-18",610,"N20","nominal","2.0NRT",294.78,7.7,"D"
"818",13.5617,109.18098,338.25,0.39,0.36,"2026-09-18",610,"N20","nominal","2.0NRT",296.71,9.35,"D"
"819",13.56502,109.18042,340.74,0.39,0.36,"2026-09-18",610,"N20","nominal","2.0NRT",295.88,9.35,"D"
"820",13.56342,109.16962,342.34,0.39,0.36,"2026-09-18",610,"N20","nominal","2.0NRT",298.03,12.2,"D"
"821",13.55445,109.0864,339.34,0.39,0.36,"2026-09-18",610,"N20","nominal","2.0NRT",292,6.03,"D"
"822",13.5583,109.08943,340.66,0.39,0.36,"2026-09-18",610,"N20","nominal","2.0NRT",290.22,6.03,"D"
"823",13.55777,109.08586,344.91,0.39,0.36,"2026-09-18",610,"N20","nominal","2.0NRT",292.56,6.03,"D"
"824",13.56162,109.0889,340.85,0.39,0.36,"2026-09-18",610,"N20","nominal","2.0NRT",290.19,14.16,"D"
"825",13.56109,109.08531,353.92,0.39,0.36,"2026-09-18",610,"N20","nominal","2.0NRT",296.46,14.16,"D"
"826",13.53828,108.88731,340.01,0.39,0.36,"2026-09-18",610,"N20","nominal","2.0NRT",298.8,18.68,"D"
"827",13.57964,109.02734,342.73,0.39,0.36,"2026-09-18",610,"N20","nominal","2.0NRT",290.47,14.04,"D"
"828",13.57215,108.97732,333.5,0.39,0.36,"2026-09-18",610,"N20","nominal","2.0NRT",293.5,7.68,"D"
"829",13.58351,109.03044,338.2,0.39,0.36,"2026-09-18",610,"N20","nominal","2.0NRT",294.9,12.1,"D"
"830",13.58298,109.0269,348.32,0.39,0.36,"2026-09-18",610,"N20","nominal","2.0NRT",296.61,14.04,"D"
"831",13.58947,109.0257,332.14,0.39,0.36,"2026-09-18",610,"N20","nominal","2.0NRT",295.43,3.73,"D"
"832",13.58895,109.02219,335.18,0.39,0.36,"2026-09-18",610,"N20","nominal","2.0NRT",293.48,3.73,"D"
"833",13.59348,109.00685,330.82,0.39,0.36,"2026-09-18",610,"N20","nominal","2.0NRT",294.64,2.36,"D"
"834",13.59906,108.99863,344.43,0.39,0.36,"2026-09-18",610,"N20","nominal","2.0NRT",294.11,11.05,"D"
"835",13.64058,109.18721,334.44,0.39,0.36,"2026-09-18",610,"N20","nominal","2.0NRT",298.35,14.26,"D"
"836",13.64896,109.17468,334.67,0.39,0.36,"2026-09-18",610,"N20","nominal","2.0NRT",298.24,25.79,"D"
"837",13.6484,109.17094,338.19,0.39,0.36,"2026-09-18",610,"N20","nominal","2.0NRT",297.05,18.02,"D"
"838",13.63256,109.04108,333.25,0.39,0.36,"2026-09-18",610,"N20","nominal","2.0NRT",293.83,3.4,"D"
"839",13.65563,109.17369,346.88,0.39,0.36,"2026-09-18",610,"N20","nominal","2.0NRT",296.64,7.02,"D"
"840",13.65507,109.16994,336.38,0.39,0.36,"2026-09-18",610,"N20","nominal","2.0NRT",296.74,5.97,"D"
"841",13.63643,109.04423,330.22,0.39,0.36,"2026-09-18",610,"N20","nominal","2.0NRT",294.24,2.81,"D"
"842",13.65369,109.11464,337.65,0.39,0.36,"2026-09-18",610,"N20","nominal","2.0NRT",294.24,11.76,"D"
"843",13.65317,109.11116,331.19,0.39,0.36,"2026-09-18",610,"N20","nominal","2.0NRT",296.57,8.01,"D"
"844",13.65703,109.11423,336.77,0.39,0.36,"2026-09-18",610,"N20","nominal","2.0NRT",298.49,11.76,"D"
"845",13.65651,109.11069,330.39,0.39,0.36,"2026-09-18",610,"N20","nominal","2.0NRT",296.28,8.01,"D"
"846",13.60088,108.64797,333.27,0.39,0.36,"2026-09-18",610,"N20","nominal","2.0NRT",297.79,5.21,"D"
"847",13.6748,109.11913,332.39,0.39,0.36,"2026-09-18",610,"N20","nominal","2.0NRT",298.21,3.48,"D"
"848",13.69308,109.12742,333.52,0.39,0.36,"2026-09-18",610,"N20","nominal","2.0NRT",296.2,8.8,"D"
"849",13.60748,107.72909,330.46,0.38,0.36,"2026-09-18",610,"N20","low","2.0NRT",303.75,5.57,"D"
"850",13.87269,108.94426,342.66,0.39,0.36,"2026-09-18",610,"N20","nominal","2.0NRT",297.56,13.63,"D"
"851",13.90733,108.81327,330.3,0.39,0.36,"2026-09-18",610,"N20","nominal","2.0NRT",293.74,2.33,"D"
"852",13.91728,108.81171,345.16,0.39,0.36,"2026-09-18",610,"N20","nominal","2.0NRT",296.31,6.26,"D"
"853",13.95502,108.88267,333.49,0.39,0.36,"2026-09-18",610,"N20","nominal","2.0NRT",296.03,4.18,"D"
"854",14.00113,108.96376,345.52,0.39,0.36,"2026-09-18",610,"N20","nominal","2.0NRT",297.78,5.6,"D"
"855",14.01646,108.9538,343.77,0.39,0.36,"2026-09-18",610,"N20","nominal","2.0NRT",297.93,20.39,"D"
"856",14.01978,108.9533,342.56,0.39,0.36,"2026-09-18",610,"N20","nominal","2.0NRT",300.9,20.39,"D"
"857",14.02152,108.94202,335.49,0.39,0.36,"2026-09-18",610,"N20","nominal","2.0NRT",293.87,13.45,"D"
"858",14.20907,108.87909,346.02,0.39,0.36,"2026-09-18",610,"N20","nominal","2.0NRT",295.43,6.32,"D"
"859",14.26896,108.82548,332.19,0.39,0.36,"2026-09-18",610,"N20","nominal","2.0NRT",295.15,4.98,"D"
"860",14.28727,108.92567,332.01,0.39,0.36,"2026-09-18",610,"N20","nominal","2.0NRT",294.55,2.52,"D"
"861",14.29007,108.92162,331.93,0.39,0.36,"2026-09-18",610,"N20","nominal","2.0NRT",293.45,1.88,"D"
"862",14.3241,108.9901,335.03,0.39,0.36,"2026-09-18",610,"N20","nominal","2.0NRT",298.1,4.58,"D"
"863",14.30879,108.79671,337.59,0.39,0.36,"2026-09-18",610,"N20","nominal","2.0NRT",290.76,4.41,"D"
"864",14.33643,108.86965,332.89,0.39,0.36,"2026-09-18",610,"N20","nominal","2.0NRT",294.07,3.93,"D"
"865",14.37534,109.04104,330.47,0.39,0.36,"2026-09-18",610,"N20","low","2.0NRT",302.07,59.26,"D"
"866",14.40603,108.90307,331.85,0.39,0.36,"2026-09-18",610,"N20","nominal","2.0NRT",295.43,2.97,"D"
"867",14.43894,109.10176,335.06,0.39,0.37,"2026-09-18",610,"N20","nominal","2.0NRT",297.03,30.66,"D"
"868",14.40988,108.90606,333.38,0.39,0.36,"2026-09-18",610,"N20","nominal","2.0NRT",296.22,11.4,"D"
"869",14.4159,108.92362,330.94,0.39,0.36,"2026-09-18",610,"N20","nominal","2.0NRT",293.44,3.73,"D"
"870",14.41534,108.91988,346.29,0.39,0.36,"2026-09-18",610,"N20","nominal","2.0NRT",297.43,3.73,"D"
"871",14.41867,108.9194,332.59,0.39,0.36,"2026-09-18",610,"N20","nominal","2.0NRT",296.9,3.35,"D"
"872",14.46091,108.93078,341.97,0.39,0.36,"2026-09-18",610,"N20","nominal","2.0NRT",296.49,9.01,"D"
"873",14.46424,108.93027,344.99,0.39,0.36,"2026-09-18",610,"N20","nominal","2.0NRT",295.07,9.01,"D"
"874",14.52168,108.97295,334.09,0.39,0.36,"2026-09-18",610,"N20","nominal","2.0NRT",294.47,2.3,"D"
"875",14.58493,108.94372,333.09,0.39,0.36,"2026-09-18",610,"N20","nominal","2.0NRT",296.95,7.47,"D"
"876",14.59334,108.93149,334.32,0.39,0.36,"2026-09-18",610,"N20","nominal","2.0NRT",296.06,3.61,"D"
"877",14.59877,108.94517,335.26,0.39,0.36,"2026-09-18",610,"N20","nominal","2.0NRT",298.18,5.38,"D"
"878",14.63779,109.04748,339.21,0.39,0.37,"2026-09-18",610,"N20","nominal","2.0NRT",295.94,7.69,"D"
"879",14.64114,109.04698,340.46,0.39,0.37,"2026-09-18",610,"N20","nominal","2.0NRT",296.53,17.66,"D"
"880",14.6667,109.05798,335.24,0.4,0.37,"2026-09-18",610,"N20","nominal","2.0NRT",295.37,6.29,"D"
"881",14.66952,109.0311,331.29,0.39,0.37,"2026-09-18",610,"N20","nominal","2.0NRT",294.9,2.19,"D"
"882",14.66897,109.02743,331.98,0.39,0.37,"2026-09-18",610,"N20","nominal","2.0NRT",294.51,2.19,"D"
"883",14.6722,109.03061,334.21,0.39,0.37,"2026-09-18",610,"N20","nominal","2.0NRT",296.67,31.58,"D"
"884",14.68492,109.04755,350.63,0.4,0.37,"2026-09-18",610,"N20","nominal","2.0NRT",297.3,22.58,"D"
"885",14.67956,109.0109,337.13,0.39,0.37,"2026-09-18",610,"N20","nominal","2.0NRT",297.9,11.92,"D"
"886",14.71858,108.99767,338.65,0.39,0.36,"2026-09-18",610,"N20","nominal","2.0NRT",295.06,2.96,"D"
"887",14.73249,108.99934,331.38,0.39,0.37,"2026-09-18",610,"N20","nominal","2.0NRT",294.92,2.02,"D"
"888",14.78776,108.80097,339.79,0.39,0.36,"2026-09-18",610,"N20","nominal","2.0NRT",289.56,4.64,"D"
"889",14.81353,108.7454,334.16,0.39,0.36,"2026-09-18",610,"N20","nominal","2.0NRT",291.43,3.23,"D"
"890",14.83237,108.73496,341.81,0.39,0.36,"2026-09-18",610,"N20","nominal","2.0NRT",292.76,5.4,"D"
"891",14.9778,108.52692,332.1,0.39,0.36,"2026-09-18",610,"N20","nominal","2.0NRT",288.28,2.47,"D"
"892",15.55724,108.1796,331.9,0.39,0.36,"2026-09-18",610,"N20","nominal","2.0NRT",274.73,2.91,"D"
"893",15.73639,108.22044,343.05,0.39,0.36,"2026-09-18",610,"N20","nominal","2.0NRT",290.34,43.39,"D"
"894",15.73994,108.06186,335.62,0.39,0.36,"2026-09-18",610,"N20","nominal","2.0NRT",273.64,3.64,"D"
"895",16.27322,107.65916,327.16,0.38,0.36,"2026-09-18",610,"N20","nominal","2.0NRT",290.21,2.6,"D"
"896",15.07025,100.37018,334.7,0.54,0.51,"2026-09-18",610,"N20","nominal","2.0NRT",287.73,5.41,"D"
"897",15.06963,100.37265,332.78,0.54,0.51,"2026-09-18",610,"N20","nominal","2.0NRT",287.44,7.17,"D"
"898",9.3523,78.81947,332.78,0.38,0.43,"2026-09-18",750,"N20","nominal","2.0NRT",299.16,4.53,"D"
"899",9.35173,78.81602,335.87,0.38,0.43,"2026-09-18",750,"N20","nominal","2.0NRT",299.58,2.15,"D"
"900",9.14517,77.5752,336.75,0.46,0.47,"2026-09-18",750,"N20","nominal","2.0NRT",299.57,6.57,"D"
"901",9.26795,77.466,338.75,0.47,0.48,"2026-09-18",750,"N20","nominal","2.0NRT",297.54,4.39,"D"
"902",9.58262,78.56652,341.58,0.39,0.44,"2026-09-18",750,"N20","nominal","2.0NRT",301.94,7.41,"D"
"903",9.60725,78.46708,349.76,0.4,0.44,"2026-09-18",750,"N20","nominal","2.0NRT",300.69,4.88,"D"
"904",9.60665,78.4635,335.43,0.4,0.44,"2026-09-18",750,"N20","nominal","2.0NRT",300.05,4.88,"D"
"905",9.64359,78.43144,339.35,0.4,0.44,"2026-09-18",750,"N20","nominal","2.0NRT",302.35,4.65,"D"
"906",9.54265,77.79662,336.61,0.44,0.46,"2026-09-18",750,"N20","nominal","2.0NRT",297.82,2.33,"D"
"907",9.80334,78.26556,337.05,0.41,0.45,"2026-09-18",750,"N20","nominal","2.0NRT",297.07,5.55,"D"
"908",9.95489,79.10921,341.58,0.54,0.42,"2026-09-18",750,"N20","nominal","2.0NRT",299.51,7.04,"D"
"909",9.95874,79.10856,340.2,0.54,0.42,"2026-09-18",750,"N20","nominal","2.0NRT",300.08,9.6,"D"
"910",9.88316,78.21815,330.53,0.41,0.45,"2026-09-18",750,"N20","nominal","2.0NRT",298.89,2.19,"D"
"911",9.85383,77.73679,336.64,0.44,0.46,"2026-09-18",750,"N20","nominal","2.0NRT",301.58,8.35,"D"
"912",10.43074,78.34257,333.9,0.39,0.44,"2026-09-18",750,"N20","nominal","2.0NRT",299.67,3.49,"D"
"913",10.52314,78.60123,331.68,0.57,0.43,"2026-09-18",750,"N20","nominal","2.0NRT",297.86,2.95,"D"
"914",10.65016,79.35047,335.81,0.51,0.41,"2026-09-18",750,"N20","nominal","2.0NRT",300.14,5.09,"D"
"915",10.52222,78.59944,333.55,0.57,0.43,"2026-09-18",750,"N20","nominal","2.0NRT",298.55,2.12,"D"
"916",10.84016,79.23045,334.18,0.52,0.41,"2026-09-18",750,"N20","low","2.0NRT",298.98,11.38,"D"
"917",10.84071,79.23258,343.1,0.52,0.41,"2026-09-18",750,"N20","nominal","2.0NRT",299.01,11.63,"D"
"918",10.85049,78.27798,330.71,0.39,0.44,"2026-09-18",750,"N20","nominal","2.0NRT",297.04,2.06,"D"
"919",10.73061,77.30718,331.61,0.45,0.47,"2026-09-18",750,"N20","nominal","2.0NRT",298.83,2.28,"D"
"920",11.16329,78.00385,333.61,0.4,0.44,"2026-09-18",750,"N20","nominal","2.0NRT",298.15,2.34,"D"
"921",11.01254,76.9098,337.66,0.48,0.48,"2026-09-18",750,"N20","nominal","2.0NRT",294.04,4.17,"D"
"922",11.8101,77.92343,337.67,0.4,0.44,"2026-09-18",752,"N20","nominal","2.0NRT",300.38,4.4,"D"
"923",12.06794,76.77995,337.75,0.47,0.47,"2026-09-18",752,"N20","nominal","2.0NRT",298.16,4.96,"D"
"924",15.16262,76.38349,339.95,0.44,0.46,"2026-09-18",752,"N20","nominal","2.0NRT",298.67,7.58,"D"
"925",16.04443,77.69267,337.8,0.53,0.42,"2026-09-18",752,"N20","nominal","2.0NRT",298.32,5.28,"D"
"926",16.83365,80.56961,341.94,0.4,0.37,"2026-09-18",752,"N20","nominal","2.0NRT",302.07,8.93,"D"
"927",16.91403,80.82314,330.74,0.39,0.36,"2026-09-18",752,"N20","nominal","2.0NRT",300.58,2.29,"D"
"928",17.67155,82.91898,334.64,0.39,0.36,"2026-09-18",752,"N20","nominal","2.0NRT",294.96,2.04,"D"
"929",17.77936,82.11382,332.57,0.39,0.36,"2026-09-18",752,"N20","nominal","2.0NRT",293,1.93,"D"
"930",17.93654,82.02854,331.23,0.38,0.36,"2026-09-18",752,"N20","nominal","2.0NRT",299.53,3.2,"D"
"931",18.23346,83.33955,330.28,0.41,0.37,"2026-09-18",752,"N20","nominal","2.0NRT",298.72,2.31,"D"
"932",17.95729,80.79605,336.05,0.39,0.36,"2026-09-18",752,"N20","nominal","2.0NRT",301.34,4.36,"D"
"933",18.52764,83.64092,337.35,0.42,0.37,"2026-09-18",752,"N20","nominal","2.0NRT",298.53,3.98,"D"
"934",19.09788,82.16865,336.35,0.39,0.36,"2026-09-18",752,"N20","nominal","2.0NRT",298.09,4.41,"D"
"935",20.79439,85.25246,333.69,0.51,0.41,"2026-09-18",754,"N20","nominal","2.0NRT",297.1,6.93,"D"
"936",20.86535,84.99236,336.1,0.5,0.41,"2026-09-18",754,"N20","nominal","2.0NRT",298.47,9.44,"D"
"937",20.8697,84.99664,342.02,0.5,0.41,"2026-09-18",754,"N20","nominal","2.0NRT",298.14,10.28,"D"
"938",20.88713,84.98437,334.88,0.5,0.41,"2026-09-18",754,"N20","nominal","2.0NRT",299.83,7.62,"D"
"939",20.96935,85.17483,342.18,0.51,0.41,"2026-09-18",754,"N20","nominal","2.0NRT",295.42,7.66,"D"
"940",20.95571,85.01369,330.77,0.5,0.41,"2026-09-18",754,"N20","nominal","2.0NRT",299.71,5.45,"D"
"941",20.96972,85.17674,338.11,0.51,0.41,"2026-09-18",754,"N20","nominal","2.0NRT",297.04,8.53,"D"
"942",20.96666,85.15228,332.8,0.51,0.41,"2026-09-18",754,"N20","nominal","2.0NRT",299.18,6.47,"D"
"943",21.07951,85.03941,333.64,0.5,0.41,"2026-09-18",754,"N20","nominal","2.0NRT",299.39,8.8,"D"
"944",21.0789,85.03456,337.48,0.5,0.41,"2026-09-18",754,"N20","nominal","2.0NRT",300.68,6.44,"D"
"945",21.67838,84.03827,334.63,0.46,0.39,"2026-09-18",754,"N20","nominal","2.0NRT",298.68,7.93,"D"
"946",21.74926,83.84478,333.95,0.45,0.39,"2026-09-18",754,"N20","nominal","2.0NRT",296.27,9.14,"D"
"947",21.75638,83.8437,336.21,0.45,0.39,"2026-09-18",754,"N20","nominal","2.0NRT",296.56,7.42,"D"
"948",21.91956,83.3521,332,0.43,0.38,"2026-09-18",754,"N20","nominal","2.0NRT",297.44,5.15,"D"
"949",21.92113,83.35287,332.49,0.43,0.38,"2026-09-18",754,"N20","nominal","2.0NRT",297.15,4.39,"D"
"950",21.92057,83.3487,336.58,0.43,0.38,"2026-09-18",754,"N20","nominal","2.0NRT",297.54,4.39,"D"
"951",22.04,83.7285,336.26,0.45,0.39,"2026-09-18",754,"N20","nominal","2.0NRT",296.51,6.2,"D"
"952",21.33603,78.9675,332.78,0.41,0.37,"2026-09-18",754,"N20","nominal","2.0NRT",299.11,4.52,"D"
"953",22.35595,82.3028,340.86,0.4,0.37,"2026-09-18",754,"N20","nominal","2.0NRT",301.63,5.7,"D"
"954",22.35932,82.30225,340.12,0.4,0.37,"2026-09-18",754,"N20","nominal","2.0NRT",294.06,5.7,"D"
"955",23.68199,86.09631,330.96,0.41,0.45,"2026-09-18",754,"N20","nominal","2.0NRT",296.76,4.74,"D"
"956",23.73722,86.43517,336.96,0.43,0.46,"2026-09-18",754,"N20","nominal","2.0NRT",293.01,5.88,"D"
"957",23.69667,86.07796,335,0.41,0.45,"2026-09-18",754,"N20","nominal","2.0NRT",297.01,3.87,"D"
"958",23.75917,86.40201,331.19,0.43,0.46,"2026-09-18",754,"N20","nominal","2.0NRT",294.22,6.68,"D"
"959",23.77969,86.21221,341.31,0.42,0.45,"2026-09-18",754,"N20","nominal","2.0NRT",295.46,5,"D"
"960",23.80231,86.33196,340.11,0.43,0.46,"2026-09-18",754,"N20","nominal","2.0NRT",292.26,6.88,"D"
"961",23.80324,86.33295,331.97,0.43,0.46,"2026-09-18",754,"N20","nominal","2.0NRT",293.51,2.67,"D"
"962",23.80277,86.32876,334.31,0.43,0.46,"2026-09-18",754,"N20","nominal","2.0NRT",295.14,2.67,"D"
"963",29.64321,91.29465,327.87,0.51,0.66,"2026-09-18",756,"N20","nominal","2.0NRT",295.74,6.64,"D"
"964",29.13114,75.77167,343.32,0.44,0.38,"2026-09-18",756,"N20","nominal","2.0NRT",301.56,4.96,"D"
"965",30.43399,76.88471,330.98,0.4,0.37,"2026-09-18",756,"N20","nominal","2.0NRT",302.2,2.04,"D"
"966",31.52291,73.38667,344.04,0.52,0.41,"2026-09-18",756,"N20","nominal","2.0NRT",300.57,4.05,"D"
"967",33.26694,71.31107,332.44,0.41,0.45,"2026-09-18",758,"N20","nominal","2.0NRT",297.14,2.83,"D"
"968",38.05006,67.26437,345.42,0.52,0.5,"2026-09-18",758,"N20","nominal","2.0NRT",318.1,13.96,"D"
"969",38.57253,68.82513,341.35,0.42,0.46,"2026-09-18",758,"N20","nominal","2.0NRT",307.68,4.39,"D"
"970",37.11979,62.36337,343.76,0.5,0.66,"2026-09-18",758,"N20","low","2.0NRT",316.24,12.65,"D"
"971",42.10206,86.43105,330.42,0.34,0.56,"2026-09-18",801,"N20","nominal","2.0NRT",301.47,2.35,"D"
"972",42.12515,86.65667,350.04,0.35,0.57,"2026-09-18",801,"N20","nominal","2.0NRT",305.11,4.6,"D"
"973",42.12451,86.65393,338.98,0.35,0.57,"2026-09-18",801,"N20","nominal","2.0NRT",304.47,4.53,"D"
"974",40.63035,71.39469,330.3,0.45,0.39,"2026-09-18",801,"N20","nominal","2.0NRT",301.29,1.42,"D"
"975",41.11524,72.15952,331.2,0.42,0.38,"2026-09-18",801,"N20","low","2.0NRT",306.18,3.37,"D"
"976",40.6151,69.18852,338.99,0.56,0.43,"2026-09-18",801,"N20","nominal","2.0NRT",312.51,7.03,"D"
"977",41.04531,70.17828,336.28,0.5,0.41,"2026-09-18",801,"N20","low","2.0NRT",309.98,4.15,"D"
"978",41.04902,70.17744,335.82,0.5,0.41,"2026-09-18",801,"N20","low","2.0NRT",306.7,2.8,"D"
"979",41.04682,70.17614,340.64,0.5,0.41,"2026-09-18",801,"N20","nominal","2.0NRT",308.72,5.93,"D"
"980",40.89635,69.13718,335.44,0.55,0.43,"2026-09-18",801,"N20","nominal","2.0NRT",308.82,2.96,"D"
"981",43.23592,82.80522,343.73,0.46,0.47,"2026-09-18",801,"N20","nominal","2.0NRT",311.08,2.82,"D"
"982",43.23678,82.80722,336.38,0.46,0.47,"2026-09-18",801,"N20","low","2.0NRT",308.56,4.06,"D"
"983",40.31542,63.70968,355.49,0.35,0.57,"2026-09-18",801,"N20","nominal","2.0NRT",308.81,6.79,"D"
"984",40.31439,63.70577,355.78,0.35,0.57,"2026-09-18",801,"N20","nominal","2.0NRT",311.28,6.79,"D"
"985",42.76793,73.95577,340.73,0.39,0.36,"2026-09-18",801,"N20","nominal","2.0NRT",310.54,3.62,"D"
"986",42.91383,74.87329,335.94,0.38,0.36,"2026-09-18",801,"N20","nominal","2.0NRT",308.14,3.51,"D"
"987",43.19995,76.58445,339.3,0.4,0.37,"2026-09-18",801,"N20","nominal","2.0NRT",306.07,3.01,"D"
"988",43.0269,74.80945,341.7,0.38,0.36,"2026-09-18",801,"N20","nominal","2.0NRT",311.2,2.12,"D"
"989",43.83604,80.80104,346.52,0.57,0.43,"2026-09-18",801,"N20","nominal","2.0NRT",307.04,9.06,"D"
"990",42.89184,73.47304,339.17,0.39,0.36,"2026-09-18",801,"N20","nominal","2.0NRT",307.65,3.29,"D"
"991",42.93054,73.26888,347.01,0.39,0.36,"2026-09-18",801,"N20","nominal","2.0NRT",310.66,7.28,"D"
"992",42.31255,69.5441,338.08,0.5,0.41,"2026-09-18",801,"N20","nominal","2.0NRT",311.56,4.87,"D"
"993",43.35194,74.99751,343.56,0.39,0.36,"2026-09-18",801,"N20","nominal","2.0NRT",305.84,2.51,"D"
"994",44.84672,90.9394,334.2,0.61,0.71,"2026-09-18",801,"N20","nominal","2.0NRT",305.69,1.83,"D"
"995",43.00934,69.89289,338.17,0.47,0.4,"2026-09-18",801,"N20","low","2.0NRT",310.03,2.2,"D"
"996",46.6352,83.7107,334.85,0.55,0.51,"2026-09-18",801,"N20","low","2.0NRT",305.61,7.72,"D"
"997",46.67485,80.52843,342.92,0.4,0.44,"2026-09-18",801,"N20","nominal","2.0NRT",311.7,10.95,"D"
"998",46.67437,80.52325,341.98,0.4,0.44,"2026-09-18",801,"N20","nominal","2.0NRT",310.49,10.95,"D"
"999",46.67413,80.52457,351.16,0.4,0.44,"2026-09-18",801,"N20","nominal","2.0NRT",316.32,20.02,"D"
"1000",46.83209,74.9498,336.13,0.4,0.37,"2026-09-18",801,"N20","low","2.0NRT",310.27,2.17,"D"
"1001",47.7493,80.51257,353.68,0.41,0.45,"2026-09-18",803,"N20","nominal","2.0NRT",311.88,17.34,"D"
"1002",47.75386,80.51725,356.11,0.41,0.45,"2026-09-18",803,"N20","nominal","2.0NRT",307.32,10.86,"D"
"1003",47.75341,80.5119,354.68,0.41,0.45,"2026-09-18",803,"N20","nominal","2.0NRT",307.68,10.86,"D"
"1004",45.52585,61.88482,342.73,0.61,0.54,"2026-09-18",803,"N20","nominal","2.0NRT",304.66,9.12,"D"
"1005",45.53048,61.88231,349.76,0.61,0.54,"2026-09-18",803,"N20","nominal","2.0NRT",301.61,9.12,"D"
"1006",45.52406,61.88697,334.87,0.61,0.54,"2026-09-18",803,"N20","nominal","2.0NRT",302.55,8.95,"D"
"1007",45.52869,61.88448,350.71,0.61,0.54,"2026-09-18",803,"N20","nominal","2.0NRT",304.46,8.95,"D"
"1008",48.86623,74.62699,335.76,0.4,0.37,"2026-09-18",803,"N20","nominal","2.0NRT",306.14,2.04,"D"
"1009",49.92178,80.81532,333.7,0.44,0.46,"2026-09-18",803,"N20","low","2.0NRT",307.91,6.64,"D"
"1010",49.92605,80.81458,344.6,0.44,0.46,"2026-09-18",803,"N20","nominal","2.0NRT",306.53,9.53,"D"
"1011",48.66756,68.87648,332.38,0.42,0.38,"2026-09-18",803,"N20","nominal","2.0NRT",285.91,4.08,"D"
"1012",50.4081,74.86853,333.31,0.42,0.38,"2026-09-18",803,"N20","nominal","2.0NRT",293.76,3.05,"D"
"1013",50.36456,57.50415,337.52,0.34,0.56,"2026-09-18",803,"N20","nominal","2.0NRT",285.35,3.45,"D"
"1014",50.36328,57.49975,348.6,0.34,0.56,"2026-09-18",803,"N20","nominal","2.0NRT",285.42,4.15,"D"
"1015",50.3499,57.13464,326.18,0.35,0.57,"2026-09-18",803,"N20","nominal","2.0NRT",289.47,2.79,"D"
"1016",51.64218,55.58792,326.02,0.36,0.58,"2026-09-18",805,"N20","nominal","2.0NRT",291.31,1.4,"D"
"1017",51.59732,55.28673,327.06,0.38,0.58,"2026-09-18",805,"N20","nominal","2.0NRT",290.91,2.42,"D"
"1018",51.60736,55.16234,349.94,0.38,0.59,"2026-09-18",805,"N20","nominal","2.0NRT",292.53,3.92,"D"
"1019",51.60464,55.16204,347.42,0.38,0.59,"2026-09-18",805,"N20","nominal","2.0NRT",292.93,3.83,"D"
"1020",51.87398,54.74353,367,0.39,0.59,"2026-09-18",805,"N20","high","2.0NRT",294.23,6.57,"D"
"1021",51.8756,54.74868,338.35,0.39,0.59,"2026-09-18",805,"N20","nominal","2.0NRT",293.17,5.25,"D"
"1022",51.86461,54.69427,367,0.39,0.59,"2026-09-18",805,"N20","high","2.0NRT",294.43,6.43,"D"
"1023",51.86959,54.69056,367,0.39,0.59,"2026-09-18",805,"N20","high","2.0NRT",292.8,10.99,"D"
"1024",51.56396,52.75525,367,0.47,0.64,"2026-09-18",805,"N20","high","2.0NRT",292.77,16.54,"D"
"1025",51.56601,52.76126,334.8,0.47,0.64,"2026-09-18",805,"N20","nominal","2.0NRT",291.57,6.36,"D"
"1026",52.23062,54.12411,330.03,0.4,0.6,"2026-09-18",805,"N20","nominal","2.0NRT",289.69,1.78,"D"
"1027",52.22624,54.12577,342.55,0.4,0.6,"2026-09-18",805,"N20","nominal","2.0NRT",290.9,3.2,"D"
"1028",55.28631,61.4578,331.34,0.52,0.42,"2026-09-18",805,"N20","nominal","2.0NRT",293.48,3.04,"D"
"1029",54.84969,56.10744,325.99,0.54,0.51,"2026-09-18",805,"N20","nominal","2.0NRT",291.96,4.23,"D"
"1030",54.84895,56.11033,338.99,0.54,0.51,"2026-09-18",805,"N20","nominal","2.0NRT",292.53,5.94,"D"
"1031",55.88404,60.05114,327.7,0.56,0.43,"2026-09-18",805,"N20","nominal","2.0NRT",285.09,4.63,"D"
"1032",57.94379,60.06115,329.25,0.5,0.41,"2026-09-18",805,"N20","nominal","2.0NRT",290.69,4.37,"D"
"1033",60.58299,78.73067,325.68,0.48,0.48,"2026-09-18",805,"N20","nominal","2.0NRT",273.69,3.52,"D"
"1034",56.00116,51.92398,367,0.35,0.56,"2026-09-18",805,"N20","high","2.0NRT",294.41,6.17,"D"
"1035",56.00267,51.92876,352.28,0.35,0.56,"2026-09-18",805,"N20","nominal","2.0NRT",291.37,6.17,"D"
"1036",55.99979,51.93081,351.22,0.35,0.56,"2026-09-18",805,"N20","nominal","2.0NRT",291.65,8.44,"D"
"1037",55.99826,51.92606,337.6,0.35,0.56,"2026-09-18",805,"N20","nominal","2.0NRT",292.64,4.71,"D"
"1038",56.00284,51.92156,341.08,0.35,0.56,"2026-09-18",805,"N20","nominal","2.0NRT",291.57,4.71,"D"
"1039",58.39078,58.33002,329.49,0.54,0.42,"2026-09-18",805,"N20","nominal","2.0NRT",291.04,5.14,"D"
"1040",61.49414,79.30372,346.1,0.51,0.49,"2026-09-18",805,"N20","nominal","2.0NRT",289.35,11.46,"D"
"1041",62.85808,87.5202,349.4,0.48,0.65,"2026-09-18",805,"N20","nominal","2.0NRT",286.96,5.74,"D"
"1042",62.85818,87.51057,337.48,0.48,0.65,"2026-09-18",805,"N20","nominal","2.0NRT",288.29,5.74,"D"
"1043",62.86419,87.51098,344.1,0.48,0.65,"2026-09-18",805,"N20","nominal","2.0NRT",287.36,5.74,"D"
"1044",62.86544,87.51172,328.06,0.48,0.65,"2026-09-18",805,"N20","nominal","2.0NRT",287.72,3.43,"D"
"1045",63.185,88.10762,336.41,0.5,0.66,"2026-09-18",807,"N20","nominal","2.0NRT",287.41,3.65,"D"
"1046",63.19652,88.1495,333.41,0.5,0.66,"2026-09-18",807,"N20","nominal","2.0NRT",287.36,5.23,"D"
"1047",63.44755,80.99116,326.79,0.6,0.53,"2026-09-18",807,"N20","nominal","2.0NRT",286.54,3.62,"D"
"1048",63.43318,80.52306,326.99,0.58,0.52,"2026-09-18",807,"N20","nominal","2.0NRT",286.56,2.03,"D"
"1049",64.32144,74.11838,328.39,0.38,0.44,"2026-09-18",807,"N20","nominal","2.0NRT",288.49,3.89,"D"
"1050",64.32082,74.1104,334.34,0.38,0.44,"2026-09-18",807,"N20","nominal","2.0NRT",290.67,5.54,"D"
"1051",64.3248,74.10883,355.53,0.38,0.44,"2026-09-18",807,"N20","nominal","2.0NRT",292.09,5.54,"D"
"1052",64.56797,73.88828,328.17,0.57,0.43,"2026-09-18",807,"N20","nominal","2.0NRT",288.04,6.06,"D"
"1053",64.56704,73.87632,334.18,0.57,0.43,"2026-09-18",807,"N20","nominal","2.0NRT",287.39,4.03,"D"
"1054",64.57824,73.91496,344.79,0.38,0.43,"2026-09-18",807,"N20","nominal","2.0NRT",292.2,6.14,"D"
"1055",64.57761,73.90697,352.97,0.38,0.43,"2026-09-18",807,"N20","nominal","2.0NRT",293.39,6.14,"D"
"1056",64.57684,73.89697,329.53,0.57,0.43,"2026-09-18",807,"N20","nominal","2.0NRT",290.98,7.88,"D"
"1057",64.58221,73.9133,338.51,0.38,0.43,"2026-09-18",807,"N20","nominal","2.0NRT",290.06,6.14,"D"
"1058",64.58159,73.90531,346.65,0.38,0.43,"2026-09-18",807,"N20","nominal","2.0NRT",289.54,6.14,"D"
"1059",64.58081,73.89532,351,0.57,0.43,"2026-09-18",807,"N20","nominal","2.0NRT",292.41,7.88,"D"
"1060",64.57987,73.88332,340.34,0.57,0.43,"2026-09-18",807,"N20","nominal","2.0NRT",291.39,7.88,"D"
"1061",64.60482,74.15366,328,0.39,0.44,"2026-09-18",807,"N20","nominal","2.0NRT",289.59,2.6,"D"
"1062",64.5829,73.86971,326.67,0.57,0.43,"2026-09-18",807,"N20","nominal","2.0NRT",289.36,8.37,"D"
"1063",64.58196,73.85776,347.12,0.57,0.43,"2026-09-18",807,"N20","nominal","2.0NRT",288.29,8.37,"D"
"1064",64.60883,74.15205,332.39,0.39,0.44,"2026-09-18",807,"N20","nominal","2.0NRT",290.47,2.6,"D"
"1065",64.60634,74.11954,333.57,0.39,0.44,"2026-09-18",807,"N20","nominal","2.0NRT",291.39,2.79,"D"
"1066",64.61282,74.15043,336.38,0.39,0.44,"2026-09-18",807,"N20","nominal","2.0NRT",289.52,4,"D"
"1067",64.59084,73.86642,334.96,0.57,0.43,"2026-09-18",807,"N20","nominal","2.0NRT",287.24,4.95,"D"
"1068",64.60184,73.95477,343.85,0.38,0.43,"2026-09-18",807,"N20","nominal","2.0NRT",290.08,5.27,"D"
"1069",64.59386,73.85281,325.73,0.57,0.43,"2026-09-18",807,"N20","nominal","2.0NRT",286.16,4.95,"D"
"1070",64.60143,73.89705,325.77,0.38,0.43,"2026-09-18",807,"N20","nominal","2.0NRT",289.66,3.67,"D"
"1071",64.59594,73.82727,328.78,0.57,0.43,"2026-09-18",807,"N20","nominal","2.0NRT",285.73,3.73,"D"
"1072",64.70988,75.07288,343.4,0.41,0.45,"2026-09-18",807,"N20","nominal","2.0NRT",291.73,6,"D"
"1073",64.71751,75.0612,338.86,0.41,0.45,"2026-09-18",807,"N20","nominal","2.0NRT",289.55,6.51,"D"
"1074",64.72411,75.09446,340.34,0.41,0.45,"2026-09-18",807,"N20","nominal","2.0NRT",290.63,3.97,"D"
"1075",64.72163,75.05968,328.82,0.41,0.45,"2026-09-18",807,"N20","nominal","2.0NRT",287.95,3.81,"D"
"1076",64.62382,73.76633,331.92,0.57,0.43,"2026-09-18",807,"N20","nominal","2.0NRT",287.07,7.34,"D"
"1077",64.75163,75.42821,329.97,0.42,0.45,"2026-09-18",807,"N20","nominal","2.0NRT",288.77,2.44,"D"
"1078",64.72762,75.08427,335.73,0.41,0.45,"2026-09-18",807,"N20","nominal","2.0NRT",289.64,3.97,"D"
"1079",64.63569,73.76138,330.69,0.57,0.43,"2026-09-18",807,"N20","nominal","2.0NRT",290.46,9.31,"D"
"1080",64.62128,73.77035,336.3,0.57,0.43,"2026-09-18",807,"N20","nominal","2.0NRT",286.68,4.49,"D"
"1081",64.71869,75.0601,351.21,0.41,0.45,"2026-09-18",807,"N20","nominal","2.0NRT",290.48,8.74,"D"
"1082",64.7181,75.05139,325.99,0.41,0.45,"2026-09-18",807,"N20","nominal","2.0NRT",289.45,3.62,"D"
"1083",64.72517,75.09341,343.33,0.41,0.45,"2026-09-18",807,"N20","nominal","2.0NRT",290.65,7.49,"D"
"1084",64.62919,73.767,325.74,0.57,0.43,"2026-09-18",807,"N20","nominal","2.0NRT",288.32,6.34,"D"
"1085",64.75165,75.42775,329.25,0.42,0.45,"2026-09-18",807,"N20","nominal","2.0NRT",288.85,1.7,"D"
"1086",64.72872,75.0832,334.74,0.41,0.45,"2026-09-18",807,"N20","nominal","2.0NRT",289.26,2.95,"D"
"1087",64.6371,73.76372,328.44,0.57,0.43,"2026-09-18",807,"N20","nominal","2.0NRT",288.17,8.91,"D"
"1088",64.65387,73.76903,329.68,0.57,0.43,"2026-09-18",807,"N20","nominal","2.0NRT",290.28,6.13,"D"
"1089",64.65595,73.74342,349.82,0.57,0.43,"2026-09-18",807,"N20","nominal","2.0NRT",293.13,16.98,"D"
"1090",64.6599,73.74179,331.54,0.57,0.43,"2026-09-18",807,"N20","nominal","2.0NRT",289.41,16.98,"D"
"1091",64.65897,73.72984,342.29,0.57,0.43,"2026-09-18",807,"N20","nominal","2.0NRT",292.95,19.66,"D"
"1092",64.6676,73.78795,333.94,0.57,0.43,"2026-09-18",807,"N20","nominal","2.0NRT",289.88,6.47,"D"
"1093",64.66293,73.72816,334.3,0.57,0.43,"2026-09-18",807,"N20","nominal","2.0NRT",287.18,5.57,"D"
"1094",64.66782,73.73844,328.08,0.57,0.43,"2026-09-18",807,"N20","nominal","2.0NRT",286.8,6.94,"D"
"1095",64.66688,73.72646,331.06,0.57,0.43,"2026-09-18",807,"N20","nominal","2.0NRT",290.45,5.57,"D"
"1096",64.74001,74.58545,345.97,0.4,0.44,"2026-09-18",807,"N20","nominal","2.0NRT",291.75,6.16,"D"
"1097",64.6823,73.81896,335.03,0.57,0.43,"2026-09-18",807,"N20","nominal","2.0NRT",288.77,8.85,"D"
"1098",64.68137,73.80701,348.16,0.57,0.43,"2026-09-18",807,"N20","nominal","2.0NRT",293.01,8.85,"D"
"1099",64.68533,73.80537,339.91,0.57,0.43,"2026-09-18",807,"N20","nominal","2.0NRT",289.34,9.3,"D"
"1100",64.76191,74.54218,338.98,0.4,0.44,"2026-09-18",807,"N20","nominal","2.0NRT",289.23,5.1,"D"
"1101",64.76472,74.52375,338.96,0.4,0.44,"2026-09-18",807,"N20","nominal","2.0NRT",291.01,6.16,"D"
"1102",64.76348,74.50687,326.5,0.4,0.44,"2026-09-18",807,"N20","nominal","2.0NRT",289.5,3.21,"D"
"1103",64.76286,74.49845,330.19,0.4,0.44,"2026-09-18",807,"N20","nominal","2.0NRT",288.83,3.21,"D"
"1104",64.70531,73.74733,335.31,0.57,0.43,"2026-09-18",807,"N20","nominal","2.0NRT",292.05,6.13,"D"
"1105",64.76878,74.52215,332.94,0.4,0.44,"2026-09-18",807,"N20","nominal","2.0NRT",288.32,6.16,"D"
"1106",64.71861,73.86381,350.46,0.38,0.43,"2026-09-18",807,"N20","nominal","2.0NRT",296.73,17.1,"D"
"1107",64.77097,74.49532,342,0.4,0.44,"2026-09-18",807,"N20","nominal","2.0NRT",294.05,7.56,"D"
"1108",64.71323,73.744,345.38,0.57,0.43,"2026-09-18",807,"N20","nominal","2.0NRT",291.14,8.98,"D"
"1109",64.77502,74.49371,341.66,0.4,0.44,"2026-09-18",807,"N20","nominal","2.0NRT",289.65,7.56,"D"
"1110",64.71815,73.75436,331.86,0.57,0.43,"2026-09-18",807,"N20","nominal","2.0NRT",290.83,8.98,"D"
"1111",64.72211,73.7527,331.44,0.57,0.43,"2026-09-18",807,"N20","nominal","2.0NRT",289.34,5.08,"D"
"1112",64.80437,74.77943,329.07,0.41,0.45,"2026-09-18",807,"N20","nominal","2.0NRT",287.95,1.77,"D"
"1113",64.80284,74.70075,340.32,0.4,0.45,"2026-09-18",807,"N20","nominal","2.0NRT",291.23,11.38,"D"
"1114",64.80222,74.69224,334.35,0.4,0.45,"2026-09-18",807,"N20","nominal","2.0NRT",288.26,11.38,"D"
"1115",64.73099,73.7613,331.75,0.57,0.43,"2026-09-18",807,"N20","nominal","2.0NRT",289.49,7.2,"D"
"1116",64.73003,73.74937,338.36,0.57,0.43,"2026-09-18",807,"N20","nominal","2.0NRT",293.49,8.41,"D"
"1117",64.80616,74.77904,328.24,0.41,0.45,"2026-09-18",807,"N20","nominal","2.0NRT",287.28,3.09,"D"
"1118",64.73121,73.75266,349.35,0.57,0.43,"2026-09-18",807,"N20","nominal","2.0NRT",294.15,12.31,"D"
"1119",64.80486,74.70021,338.98,0.4,0.45,"2026-09-18",807,"N20","nominal","2.0NRT",290.36,11.22,"D"
"1120",64.80426,74.69167,329.3,0.4,0.45,"2026-09-18",807,"N20","nominal","2.0NRT",291.54,11.06,"D"
"1121",64.81135,74.73304,337.85,0.41,0.45,"2026-09-18",807,"N20","nominal","2.0NRT",288.95,1.57,"D"
"1122",64.74542,73.67229,326.6,0.57,0.43,"2026-09-18",807,"N20","nominal","2.0NRT",288.14,5.2,"D"
"1123",64.8737,75.27452,331.81,0.42,0.45,"2026-09-18",807,"N20","nominal","2.0NRT",288.64,2.57,"D"
"1124",64.8731,75.26559,327.13,0.42,0.45,"2026-09-18",807,"N20","nominal","2.0NRT",288.85,2.57,"D"
"1125",64.87251,75.25667,326.55,0.42,0.45,"2026-09-18",807,"N20","nominal","2.0NRT",289.67,2.62,"D"
"1126",64.87785,75.27299,329.55,0.42,0.45,"2026-09-18",807,"N20","nominal","2.0NRT",288.92,2.57,"D"
"1127",64.87727,75.26405,326.69,0.42,0.45,"2026-09-18",807,"N20","nominal","2.0NRT",286.59,2.57,"D"
"1128",64.87667,75.25515,325.54,0.42,0.45,"2026-09-18",807,"N20","nominal","2.0NRT",288.73,2.62,"D"
"1129",64.88202,75.27148,332.83,0.42,0.45,"2026-09-18",807,"N20","nominal","2.0NRT",289.4,5.45,"D"
"1130",64.88617,75.26995,347.97,0.42,0.45,"2026-09-18",807,"N20","nominal","2.0NRT",292.02,5.45,"D"
"1131",64.88078,75.18979,335.53,0.42,0.45,"2026-09-18",807,"N20","nominal","2.0NRT",289.86,5.48,"D"
"1132",64.89033,75.26839,331.72,0.42,0.45,"2026-09-18",807,"N20","nominal","2.0NRT",289.56,3.78,"D"
"1133",64.89449,75.26687,330.66,0.42,0.45,"2026-09-18",807,"N20","nominal","2.0NRT",287.78,3.78,"D"
"1134",64.89389,75.25797,336.04,0.42,0.45,"2026-09-18",807,"N20","nominal","2.0NRT",287.06,3.78,"D"
"1135",64.91239,75.34285,329.59,0.42,0.45,"2026-09-18",807,"N20","nominal","2.0NRT",287.6,2.93,"D"
"1136",64.91179,75.33389,333.69,0.42,0.45,"2026-09-18",807,"N20","nominal","2.0NRT",289.55,4.69,"D"
"1137",65.09486,78.30344,337.4,0.51,0.5,"2026-09-18",807,"N20","nominal","2.0NRT",286.42,4.48,"D"
"1138",64.97111,75.51574,350.97,0.43,0.46,"2026-09-18",807,"N20","nominal","2.0NRT",290.33,7.13,"D"
"1139",64.97073,75.51814,342.29,0.43,0.46,"2026-09-18",807,"N20","nominal","2.0NRT",289.66,4.08,"D"
"1140",64.97493,75.5167,333.48,0.43,0.46,"2026-09-18",807,"N20","nominal","2.0NRT",287.21,4.08,"D"
"1141",64.97434,75.50755,326.11,0.43,0.46,"2026-09-18",807,"N20","nominal","2.0NRT",289.67,5.61,"D"
"1142",64.86619,73.95422,343.38,0.39,0.44,"2026-09-18",807,"N20","nominal","2.0NRT",291.52,3.56,"D"
"1143",64.87018,73.95255,355.77,0.39,0.44,"2026-09-18",807,"N20","nominal","2.0NRT",295.58,9.4,"D"
"1144",64.88863,73.97869,327.44,0.39,0.44,"2026-09-18",807,"N20","nominal","2.0NRT",289.96,5.18,"D"
"1145",64.88802,73.97049,338.24,0.39,0.44,"2026-09-18",807,"N20","nominal","2.0NRT",291.18,5.18,"D"
"1146",64.89262,73.97701,339.16,0.39,0.44,"2026-09-18",807,"N20","nominal","2.0NRT",292.08,5.18,"D"
"1147",64.892,73.96875,339.75,0.39,0.44,"2026-09-18",807,"N20","nominal","2.0NRT",291.76,5.18,"D"
"1148",64.89724,73.98353,336.41,0.39,0.44,"2026-09-18",807,"N20","nominal","2.0NRT",290.55,4.47,"D"
"1149",64.89662,73.9753,332.53,0.39,0.44,"2026-09-18",807,"N20","nominal","2.0NRT",291.63,3.47,"D"
"1150",64.896,73.96708,332.05,0.39,0.44,"2026-09-18",807,"N20","nominal","2.0NRT",289.66,3.47,"D"
"1151",65.31334,83.72962,325.39,0.37,0.58,"2026-09-18",807,"N20","nominal","2.0NRT",286.4,4.62,"D"
"1152",64.90061,73.97366,346.74,0.39,0.44,"2026-09-18",807,"N20","nominal","2.0NRT",290.43,3.47,"D"
"1153",64.89999,73.96545,327.17,0.39,0.44,"2026-09-18",807,"N20","nominal","2.0NRT",289.29,3.47,"D"
"1154",64.89937,73.95724,340.04,0.39,0.44,"2026-09-18",807,"N20","nominal","2.0NRT",290.01,3.8,"D"
"1155",64.99895,75.29487,333.4,0.42,0.45,"2026-09-18",807,"N20","nominal","2.0NRT",291.88,4.32,"D"
"1156",65.00371,75.30227,326.24,0.42,0.45,"2026-09-18",807,"N20","nominal","2.0NRT",289.07,5.15,"D"
"1157",65.02886,75.48814,342.35,0.43,0.46,"2026-09-18",807,"N20","nominal","2.0NRT",291.07,28.34,"D"
"1158",65.02706,75.46076,326.12,0.43,0.46,"2026-09-18",807,"N20","nominal","2.0NRT",288.89,6.63,"D"
"1159",65.03305,75.48662,353.15,0.43,0.46,"2026-09-18",807,"N20","nominal","2.0NRT",295.59,28.34,"D"
"1160",65.03245,75.47749,343.86,0.43,0.46,"2026-09-18",807,"N20","nominal","2.0NRT",302.55,28.34,"D"
"1161",65.03966,75.52171,329.17,0.43,0.46,"2026-09-18",807,"N20","nominal","2.0NRT",288.41,15.88,"D"
"1162",65.03905,75.51256,345.44,0.43,0.46,"2026-09-18",807,"N20","nominal","2.0NRT",289.51,15.88,"D"
"1163",65.03845,75.50345,331.54,0.43,0.46,"2026-09-18",807,"N20","nominal","2.0NRT",290.79,19.87,"D"
"1164",65.03725,75.48512,338.88,0.43,0.46,"2026-09-18",807,"N20","nominal","2.0NRT",288.64,80.3,"D"
"1165",65.35011,83.20766,352.6,0.36,0.57,"2026-09-18",807,"N20","nominal","2.0NRT",287.77,8.9,"D"
"1166",65.34999,83.19979,347.14,0.36,0.57,"2026-09-18",807,"N20","nominal","2.0NRT",290.11,11.89,"D"
"1167",65.04326,75.51101,352.15,0.43,0.46,"2026-09-18",807,"N20","nominal","2.0NRT",297.84,15.88,"D"
"1168",65.04265,75.5019,349.86,0.43,0.46,"2026-09-18",807,"N20","nominal","2.0NRT",295.81,19.87,"D"
"1169",65.35532,83.19956,334.46,0.36,0.57,"2026-09-18",807,"N20","nominal","2.0NRT",286.23,2.84,"D"
"1170",65.35521,83.19169,327.75,0.36,0.57,"2026-09-18",807,"N20","nominal","2.0NRT",288.7,2.84,"D"
"1171",65.04744,75.5095,340.75,0.43,0.46,"2026-09-18",807,"N20","nominal","2.0NRT",291.26,18.08,"D"
"1172",65.04684,75.50036,352.58,0.43,0.46,"2026-09-18",807,"N20","nominal","2.0NRT",297.44,64.01,"D"
"1173",65.04623,75.49123,337.74,0.43,0.46,"2026-09-18",807,"N20","nominal","2.0NRT",294.32,64.01,"D"
"1174",65.05103,75.49886,344.24,0.43,0.46,"2026-09-18",807,"N20","nominal","2.0NRT",302.91,64.01,"D"
"1175",65.05462,75.48822,342.15,0.43,0.46,"2026-09-18",807,"N20","nominal","2.0NRT",290.48,52.61,"D"
"1176",65.05402,75.47908,287.85,0.43,0.46,"2026-09-18",807,"N20","low","2.0NRT",306.78,54.05,"D"
"1177",65.43416,82.91937,331.89,0.35,0.57,"2026-09-18",805,"N20","nominal","2.0NRT",286.98,3.94,"D"
"1178",65.44546,82.96507,344.67,0.35,0.57,"2026-09-18",805,"N20","nominal","2.0NRT",288.47,2.68,"D"
"1179",65.44534,82.95728,328.44,0.35,0.57,"2026-09-18",805,"N20","nominal","2.0NRT",287.51,2.68,"D"
"1180",65.45773,83.07407,330.75,0.36,0.57,"2026-09-18",805,"N20","nominal","2.0NRT",285.22,3.7,"D"
"1181",65.52938,83.00738,344.69,0.35,0.57,"2026-09-18",805,"N20","nominal","2.0NRT",286.48,5.41,"D"
"1182",65.52927,82.99957,339.9,0.35,0.57,"2026-09-18",805,"N20","nominal","2.0NRT",287.24,6.52,"D"
"1183",65.65929,84.70267,327.81,0.4,0.6,"2026-09-18",805,"N20","nominal","2.0NRT",286.74,2.57,"D"
"1184",65.26435,73.59895,339.04,0.38,0.43,"2026-09-18",805,"N20","nominal","2.0NRT",290.56,5.25,"D"
"1185",65.26833,73.59727,356.1,0.38,0.43,"2026-09-18",805,"N20","low","2.0NRT",289.1,5.25,"D"
"1186",65.27255,73.49178,333.49,0.57,0.43,"2026-09-18",805,"N20","nominal","2.0NRT",291.35,7.3,"D"
"1187",65.75397,86.95605,340.3,0.46,0.64,"2026-09-18",805,"N20","nominal","2.0NRT",286.6,5.73,"D"
"1188",65.64586,75.6776,331,0.44,0.46,"2026-09-18",805,"N20","nominal","2.0NRT",289.95,2.91,"D"
"1189",65.78979,76.86021,327.83,0.48,0.48,"2026-09-18",805,"N20","nominal","2.0NRT",286.2,2.63,"D"
"1190",65.78816,76.86265,328,0.48,0.48,"2026-09-18",805,"N20","nominal","2.0NRT",288.25,2.17,"D"
"1191",65.83391,76.79467,367,0.47,0.48,"2026-09-18",805,"N20","high","2.0NRT",297.96,7.43,"D"
"1192",65.83334,76.78423,337.22,0.47,0.48,"2026-09-18",805,"N20","nominal","2.0NRT",290.89,7.43,"D"
"1193",65.84,76.82486,325.25,0.47,0.48,"2026-09-18",805,"N20","nominal","2.0NRT",288.57,3.96,"D"
"1194",65.83887,76.80381,349.36,0.47,0.48,"2026-09-18",805,"N20","nominal","2.0NRT",288.66,12.49,"D"
"1195",65.83831,76.79332,332.68,0.47,0.48,"2026-09-18",805,"N20","nominal","2.0NRT",290.13,7.43,"D"
"1196",65.83775,76.78285,338.26,0.47,0.48,"2026-09-18",805,"N20","nominal","2.0NRT",290.18,7.43,"D"
"1197",65.84499,76.83397,338.16,0.48,0.48,"2026-09-18",805,"N20","nominal","2.0NRT",288.34,4.17,"D"
"1198",65.84441,76.82345,327.18,0.47,0.48,"2026-09-18",805,"N20","nominal","2.0NRT",287.31,4.17,"D"
"1199",65.85619,76.95951,343.99,0.48,0.48,"2026-09-18",805,"N20","nominal","2.0NRT",287.67,5.22,"D"
"1200",65.84997,76.84309,327.23,0.48,0.48,"2026-09-18",805,"N20","nominal","2.0NRT",287.85,5.72,"D"
"1201",65.85154,76.78925,341.24,0.47,0.48,"2026-09-18",805,"N20","nominal","2.0NRT",288.54,4.79,"D"
"1202",65.94902,75.20682,331.06,0.43,0.46,"2026-09-18",805,"N20","nominal","2.0NRT",290.68,3.87,"D"
"1203",66.05553,76.39693,351.76,0.46,0.47,"2026-09-18",805,"N20","nominal","2.0NRT",290.71,8.7,"D"
"1204",66.05495,76.38662,325.54,0.46,0.47,"2026-09-18",805,"N20","nominal","2.0NRT",288.34,4.01,"D"
"1205",66.05991,76.39558,326.77,0.46,0.47,"2026-09-18",805,"N20","nominal","2.0NRT",289.91,5.39,"D"
"1206",66.10968,77.05988,337.65,0.49,0.48,"2026-09-18",805,"N20","nominal","2.0NRT",287.1,2.51,"D"
"1207",66.09878,76.85547,337.15,0.48,0.48,"2026-09-18",805,"N20","nominal","2.0NRT",287.37,2.83,"D"
"1208",66.11177,77.06316,338.24,0.49,0.48,"2026-09-18",805,"N20","nominal","2.0NRT",288.04,4.46,"D"
"1209",66.15987,75.76146,335.76,0.45,0.47,"2026-09-18",805,"N20","nominal","2.0NRT",289.4,4.18,"D"
"1210",66.16115,75.76255,333.16,0.45,0.47,"2026-09-18",805,"N20","nominal","2.0NRT",288.89,4.44,"D"
"1211",66.24625,76.82548,338.16,0.48,0.48,"2026-09-18",805,"N20","nominal","2.0NRT",288.51,34.94,"D"
"1212",66.22108,76.27342,337.17,0.46,0.47,"2026-09-18",805,"N20","nominal","2.0NRT",288.83,3.69,"D"
"1213",66.2205,76.26301,330.51,0.46,0.47,"2026-09-18",805,"N20","nominal","2.0NRT",287.62,3.69,"D"
"1214",66.3098,77.00503,337.84,0.49,0.48,"2026-09-18",805,"N20","nominal","2.0NRT",287.05,20.92,"D"
"1215",66.31662,76.79259,338.05,0.48,0.48,"2026-09-18",805,"N20","nominal","2.0NRT",286.31,5.84,"D"
"1216",66.31926,76.7956,342.77,0.48,0.48,"2026-09-18",805,"N20","nominal","2.0NRT",287.54,9.6,"D"
"1217",66.40753,77.47947,338.64,0.5,0.49,"2026-09-18",805,"N20","nominal","2.0NRT",288.92,3.96,"D"
"1218",66.41586,77.55792,337.42,0.5,0.49,"2026-09-18",805,"N20","nominal","2.0NRT",289.35,4.41,"D"
"1219",66.41907,77.24676,338.28,0.49,0.49,"2026-09-18",805,"N20","nominal","2.0NRT",286.69,12.63,"D"
"1220",66.32642,75.5025,344.54,0.44,0.46,"2026-09-18",805,"N20","nominal","2.0NRT",290.11,5.01,"D"
"1221",66.33069,75.50101,331.14,0.44,0.46,"2026-09-18",805,"N20","nominal","2.0NRT",287.85,5.01,"D"
"1222",66.32886,75.47118,340.13,0.44,0.46,"2026-09-18",805,"N20","nominal","2.0NRT",291.18,7.32,"D"
"1223",66.66075,80.46457,346.77,0.61,0.53,"2026-09-18",805,"N20","nominal","2.0NRT",285.83,8.04,"D"
"1224",66.45552,75.51546,332.93,0.44,0.46,"2026-09-18",805,"N20","nominal","2.0NRT",290.24,3.52,"D"
"1225",66.66098,80.4576,337.07,0.61,0.53,"2026-09-18",805,"N20","nominal","2.0NRT",286.49,7.32,"D"
"1226",66.66594,80.45668,337.39,0.61,0.53,"2026-09-18",805,"N20","nominal","2.0NRT",284.45,7.32,"D"
"1227",66.45676,75.50782,326.25,0.44,0.46,"2026-09-18",805,"N20","nominal","2.0NRT",288.89,6.33,"D"
"1228",66.54906,76.61634,335.09,0.48,0.48,"2026-09-18",805,"N20","nominal","2.0NRT",288.5,6.09,"D"
"1229",66.55349,76.61493,337.32,0.48,0.48,"2026-09-18",805,"N20","nominal","2.0NRT",287.63,6.09,"D"
"1230",66.71703,80.50455,328,0.61,0.53,"2026-09-18",805,"N20","nominal","2.0NRT",283.46,3.52,"D"
"1231",66.19713,70.99213,329.99,0.51,0.41,"2026-09-18",805,"N20","nominal","2.0NRT",287.92,6.7,"D"
"1232",66.66183,77.31767,338.41,0.5,0.49,"2026-09-18",805,"N20","nominal","2.0NRT",288.27,8.38,"D"
"1233",66.66225,77.32031,340.94,0.5,0.49,"2026-09-18",805,"N20","nominal","2.0NRT",289.24,8.82,"D"
"1234",66.90582,75.61215,337.68,0.45,0.47,"2026-09-18",805,"N20","nominal","2.0NRT",287.09,35.6,"D"
"1235",66.95882,75.53925,335.49,0.45,0.47,"2026-09-18",805,"N20","nominal","2.0NRT",292.42,6.94,"D"
"1236",67.28782,75.1132,327.49,0.44,0.46,"2026-09-18",805,"N20","nominal","2.0NRT",286.98,2.76,"D"
"1237",67.78988,83.49683,342.54,0.37,0.58,"2026-09-18",805,"N20","nominal","2.0NRT",284.97,2.63,"D"
"1238",67.80343,72.53015,346.01,0.39,0.44,"2026-09-18",805,"N20","nominal","2.0NRT",294.77,148.41,"D"
"1239",67.8014,72.50249,338.4,0.39,0.44,"2026-09-18",805,"N20","nominal","2.0NRT",293.27,148.63,"D"
"1240",67.80208,72.5117,367,0.39,0.44,"2026-09-18",805,"N20","low","2.0NRT",333.25,148.63,"D"
"1241",67.80743,72.52814,344.63,0.39,0.44,"2026-09-18",805,"N20","nominal","2.0NRT",290.67,148.41,"D"
"1242",68.40896,83.62684,354.33,0.38,0.59,"2026-09-18",805,"N20","nominal","2.0NRT",287.59,10.76,"D"
"1243",68.52475,79.95619,348.81,0.61,0.53,"2026-09-18",805,"N20","nominal","2.0NRT",290.29,30.45,"D"
"1244",66.42265,58.04216,329.37,0.39,0.36,"2026-09-18",805,"N20","nominal","2.0NRT",280,3.68,"D"
"1245",70.99924,73.84785,333.56,0.46,0.47,"2026-09-18",807,"N20","nominal","2.0NRT",281.85,3.43,"D"
"1246",71.68395,71.57973,336.8,0.42,0.45,"2026-09-18",807,"N20","nominal","2.0NRT",280.89,4.99,"D"
"1247",71.6832,71.56769,334.77,0.42,0.45,"2026-09-18",807,"N20","nominal","2.0NRT",281.79,4.99,"D"
"1248",15.59325,49.13139,340.57,0.57,0.52,"2026-09-18",934,"N20","nominal","2.0NRT",309.01,3.22,"D"
"1249",15.7169,48.79814,344.46,0.6,0.53,"2026-09-18",934,"N20","nominal","2.0NRT",311.21,5.59,"D"
"1250",19.26572,56.17419,339.64,0.38,0.36,"2026-09-18",934,"N20","low","2.0NRT",312.64,3.41,"D"
"1251",20.21154,55.71188,344.78,0.38,0.36,"2026-09-18",934,"N20","low","2.0NRT",317.53,2.3,"D"
"1252",20.38696,55.66268,344.85,0.38,0.36,"2026-09-18",934,"N20","low","2.0NRT",319.79,3.07,"D"
"1253",20.99998,56.53436,341.71,0.39,0.36,"2026-09-18",934,"N20","low","2.0NRT",315.67,1.65,"D"
"1254",21.30224,57.80099,341.43,0.42,0.38,"2026-09-18",934,"N20","low","2.0NRT",315.16,0.69,"D"
"1255",21.31218,57.74584,347.55,0.42,0.38,"2026-09-18",934,"N20","nominal","2.0NRT",315.91,3.56,"D"
"1256",21.30659,57.70571,341.55,0.42,0.38,"2026-09-18",934,"N20","low","2.0NRT",315.59,0.77,"D"
"1257",21.31969,57.72412,341.12,0.42,0.38,"2026-09-18",934,"N20","low","2.0NRT",315.1,1.8,"D"
"1258",21.93495,57.07367,347.53,0.4,0.37,"2026-09-18",937,"N20","low","2.0NRT",320.69,6.2,"D"
"1259",23.88262,57.30715,340.64,0.42,0.38,"2026-09-18",937,"N20","low","2.0NRT",314.9,10.13,"D"
"1260",24.06213,54.31983,349.28,0.39,0.36,"2026-09-18",934,"N20","low","2.0NRT",323.95,8,"D"
"1261",24.50819,54.01911,333.32,0.39,0.36,"2026-09-18",934,"N20","nominal","2.0NRT",305.5,1.97,"D"
"1262",24.80018,53.73391,332.91,0.39,0.36,"2026-09-18",934,"N20","low","2.0NRT",305,6.61,"D"
"1263",24.83549,53.50658,333.11,0.39,0.36,"2026-09-18",934,"N20","low","2.0NRT",305.37,4.55,"D"
"1264",24.83488,53.50274,335.92,0.39,0.36,"2026-09-18",934,"N20","low","2.0NRT",310.59,4.55,"D"
"1265",24.90505,53.72927,335.53,0.39,0.36,"2026-09-18",934,"N20","low","2.0NRT",306.37,5.28,"D"
"1266",23.37812,43.91479,367,0.44,0.62,"2026-09-18",934,"N20","high","2.0NRT",321.42,14.58,"D"
"1267",25.17636,52.87573,334.11,0.4,0.37,"2026-09-18",934,"N20","low","2.0NRT",305.55,3.23,"D"
"1268",25.5068,53.14995,333.48,0.39,0.37,"2026-09-18",934,"N20","nominal","2.0NRT",306.14,3.1,"D"
"1269",25.53069,53.14926,334.26,0.39,0.37,"2026-09-18",934,"N20","nominal","2.0NRT",307.73,9.35,"D"
"1270",24.42475,45.24767,346.14,0.34,0.56,"2026-09-18",934,"N20","low","2.0NRT",319.08,3.26,"D"
"1271",24.42547,45.25092,356.03,0.34,0.56,"2026-09-18",934,"N20","low","2.0NRT",317.46,3.26,"D"
"1272",25.25146,48.10494,347.59,0.44,0.46,"2026-09-18",934,"N20","low","2.0NRT",322.34,2.66,"D"
"1273",27.15819,56.10229,343.73,0.41,0.37,"2026-09-18",934,"N20","low","2.0NRT",316.43,9.69,"D"
"1274",27.1616,56.1017,351.11,0.41,0.37,"2026-09-18",934,"N20","nominal","2.0NRT",314.77,9.69,"D"
"1275",27.1695,56.05802,341.52,0.41,0.37,"2026-09-18",934,"N20","low","2.0NRT",315.6,7.5,"D"
"1276",27.16893,56.05389,345.78,0.41,0.37,"2026-09-18",934,"N20","low","2.0NRT",317.21,7.5,"D"
"1277",27.30141,56.30521,337.3,0.42,0.38,"2026-09-18",934,"N20","low","2.0NRT",311.06,2.51,"D"
"1278",27.42223,56.50303,339.56,0.43,0.38,"2026-09-18",934,"N20","low","2.0NRT",310.88,1.27,"D"
"1279",27.49739,52.65152,345.5,0.39,0.36,"2026-09-18",937,"N20","nominal","2.0NRT",311.01,8.25,"D"
"1280",27.50008,52.64696,341.38,0.39,0.36,"2026-09-18",937,"N20","nominal","2.0NRT",309.11,11.23,"D"
"1281",27.50611,52.64186,339,0.39,0.36,"2026-09-18",937,"N20","nominal","2.0NRT",308.65,4.23,"D"
"1282",27.50545,52.63778,345.56,0.39,0.36,"2026-09-18",937,"N20","nominal","2.0NRT",310.66,8.18,"D"
"1283",27.51153,52.61188,337.65,0.39,0.36,"2026-09-18",937,"N20","low","2.0NRT",310.36,4.72,"D"
"1284",27.51551,52.61525,335.28,0.39,0.36,"2026-09-18",937,"N20","low","2.0NRT",308.58,4.9,"D"
"1285",27.51893,52.59404,340.64,0.39,0.37,"2026-09-18",937,"N20","low","2.0NRT",311.07,9.15,"D"
"1286",27.54221,52.58951,347.97,0.39,0.37,"2026-09-18",937,"N20","nominal","2.0NRT",308.4,7.21,"D"
"1287",27.71373,52.18497,333.08,0.4,0.37,"2026-09-18",937,"N20","low","2.0NRT",306.95,1.18,"D"
"1288",27.71975,52.17956,337.98,0.4,0.37,"2026-09-18",937,"N20","nominal","2.0NRT",306.25,5.83,"D"
"1289",27.06664,44.07915,342.28,0.35,0.57,"2026-09-18",937,"N20","nominal","2.0NRT",312.16,2.13,"D"
"1290",28.51772,49.53634,333.49,0.49,0.4,"2026-09-18",937,"N20","nominal","2.0NRT",303.92,2.66,"D"
"1291",29.33912,52.57811,353.33,0.39,0.36,"2026-09-18",937,"N20","nominal","2.0NRT",322.62,15.75,"D"
"1292",29.33849,52.57419,350.14,0.39,0.36,"2026-09-18",937,"N20","nominal","2.0NRT",323.14,15.75,"D"
"1293",29.34303,52.58133,355.38,0.39,0.36,"2026-09-18",937,"N20","nominal","2.0NRT",325.15,22.09,"D"
"1294",29.3424,52.57741,351.14,0.39,0.36,"2026-09-18",937,"N20","low","2.0NRT",325.51,15.75,"D"
"1295",29.34178,52.57351,355.29,0.39,0.36,"2026-09-18",937,"N20","low","2.0NRT",326.3,15.75,"D"
"1296",29.34116,52.56963,367,0.39,0.36,"2026-09-18",937,"N20","low","2.0NRT",337.35,55.76,"D"
"1297",29.28393,49.53282,343.49,0.48,0.4,"2026-09-18",937,"N20","nominal","2.0NRT",305.01,8.74,"D"
"1298",29.94282,49.685,332.55,0.46,0.39,"2026-09-18",937,"N20","nominal","2.0NRT",305.42,3.14,"D"
"1299",30.39102,50.62163,367,0.42,0.38,"2026-09-18",937,"N20","low","2.0NRT",325.41,7.17,"D"
"1300",30.3944,50.62074,367,0.42,0.38,"2026-09-18",937,"N20","high","2.0NRT",325.72,7.17,"D"
"1301",30.16855,47.41448,347.01,0.39,0.44,"2026-09-18",937,"N20","low","2.0NRT",321.54,11.59,"D"
"1302",30.17169,47.40949,349.85,0.39,0.44,"2026-09-18",937,"N20","low","2.0NRT",322.14,6.11,"D"
"1303",30.20638,47.39613,347.26,0.39,0.44,"2026-09-18",937,"N20","low","2.0NRT",322.26,1.75,"D"
"1304",30.21031,47.39508,354.71,0.39,0.44,"2026-09-18",937,"N20","low","2.0NRT",331.51,30.96,"D"
"1305",30.21347,47.39008,367,0.39,0.44,"2026-09-18",937,"N20","high","2.0NRT",325.13,25.56,"D"
"1306",30.27587,47.36038,367,0.39,0.44,"2026-09-18",937,"N20","low","2.0NRT",325.67,17.45,"D"
"1307",30.2806,47.36329,349.5,0.39,0.44,"2026-09-18",937,"N20","nominal","2.0NRT",323.8,6.57,"D"
"1308",30.28454,47.36224,367,0.39,0.44,"2026-09-18",937,"N20","high","2.0NRT",322.27,6.57,"D"
"1309",30.31529,47.34989,347.67,0.39,0.44,"2026-09-18",937,"N20","low","2.0NRT",322.61,4.21,"D"
"1310",30.35771,47.34374,346.62,0.39,0.44,"2026-09-18",937,"N20","low","2.0NRT",321.29,19.86,"D"
"1311",30.35692,47.33978,367,0.39,0.44,"2026-09-18",937,"N20","low","2.0NRT",330.4,19.86,"D"
"1312",30.41587,47.61405,347.64,0.56,0.43,"2026-09-18",937,"N20","nominal","2.0NRT",320.68,4.23,"D"
"1313",30.40183,47.33614,353.54,0.39,0.44,"2026-09-18",937,"N20","nominal","2.0NRT",322.68,3.5,"D"
"1314",30.49122,47.31682,352.93,0.39,0.44,"2026-09-18",937,"N20","low","2.0NRT",323.63,12.09,"D"
"1315",30.49202,47.32079,367,0.39,0.44,"2026-09-18",937,"N20","low","2.0NRT",326.55,8.09,"D"
"1316",30.49595,47.31973,347.15,0.39,0.44,"2026-09-18",937,"N20","low","2.0NRT",321.06,8.09,"D"
"1317",30.55826,47.34967,346.18,0.39,0.44,"2026-09-18",937,"N20","nominal","2.0NRT",315.83,8.21,"D"
"1318",30.74666,48.28176,350.24,0.52,0.41,"2026-09-18",937,"N20","low","2.0NRT",320.46,14.78,"D"
"1319",30.75141,48.28608,345.59,0.52,0.41,"2026-09-18",937,"N20","low","2.0NRT",319,43.72,"D"
"1320",30.74936,48.27545,346.76,0.52,0.41,"2026-09-18",937,"N20","low","2.0NRT",321,31.09,"D"
"1321",30.56214,47.32789,346.01,0.39,0.44,"2026-09-18",937,"N20","low","2.0NRT",317.63,10.3,"D"
"1322",30.75039,48.2808,367,0.52,0.41,"2026-09-18",937,"N20","low","2.0NRT",338.7,43.72,"D"
"1323",30.56765,47.33472,342.51,0.39,0.44,"2026-09-18",937,"N20","low","2.0NRT",316.46,6.07,"D"
"1324",30.75412,48.27985,350.04,0.52,0.41,"2026-09-18",937,"N20","low","2.0NRT",326.93,43.72,"D"
"1325",30.56841,47.3179,351.97,0.39,0.44,"2026-09-18",937,"N20","nominal","2.0NRT",323.64,18.18,"D"
"1326",30.56761,47.31395,350.04,0.39,0.44,"2026-09-18",937,"N20","low","2.0NRT",322.78,11.38,"D"
"1327",30.56299,47.10466,367,0.4,0.44,"2026-09-18",937,"N20","high","2.0NRT",336.98,47.82,"D"
"1328",30.6077,47.32817,351.02,0.39,0.44,"2026-09-18",937,"N20","nominal","2.0NRT",322.34,8.66,"D"
"1329",30.61163,47.32712,349.53,0.39,0.44,"2026-09-18",937,"N20","low","2.0NRT",322.18,12.87,"D"
"1330",30.95934,48.55711,337.81,0.5,0.41,"2026-09-18",937,"N20","low","2.0NRT",311.88,6.18,"D"
"1331",30.96301,48.55618,347.52,0.5,0.41,"2026-09-18",937,"N20","low","2.0NRT",320.6,6.18,"D"
"1332",30.86202,47.92202,344.15,0.53,0.42,"2026-09-18",937,"N20","low","2.0NRT",315.49,20.74,"D"
"1333",30.76294,47.32842,350.7,0.38,0.43,"2026-09-18",937,"N20","nominal","2.0NRT",320.11,14.49,"D"
"1334",30.76839,47.33522,344.25,0.38,0.43,"2026-09-18",937,"N20","low","2.0NRT",317.67,13.37,"D"
"1335",30.76725,47.33532,345.74,0.38,0.43,"2026-09-18",937,"N20","low","2.0NRT",318.16,13.38,"D"
"1336",30.82454,47.33345,367,0.57,0.43,"2026-09-18",937,"N20","low","2.0NRT",325.32,26.93,"D"
"1337",30.82357,47.32856,367,0.38,0.43,"2026-09-18",937,"N20","low","2.0NRT",327.61,38.84,"D"
"1338",30.82845,47.3324,352.78,0.57,0.43,"2026-09-18",937,"N20","nominal","2.0NRT",324.86,26.93,"D"
"1339",30.88127,47.33502,367,0.57,0.43,"2026-09-18",937,"N20","high","2.0NRT",327.83,23.94,"D"
"1340",31.09077,47.79215,351.14,0.54,0.42,"2026-09-18",937,"N20","low","2.0NRT",321.54,60.55,"D"
"1341",31.23446,47.96452,350.05,0.52,0.42,"2026-09-18",937,"N20","nominal","2.0NRT",323.2,20.25,"D"
"1342",31.26837,48.11859,352.15,0.52,0.41,"2026-09-18",937,"N20","nominal","2.0NRT",320.4,37.02,"D"
"1343",31.27107,48.11232,345.9,0.52,0.41,"2026-09-18",937,"N20","low","2.0NRT",320.71,35.04,"D"
"1344",31.2721,48.11762,367,0.52,0.41,"2026-09-18",937,"N20","low","2.0NRT",332.99,37.02,"D"
"1345",31.29975,47.79701,349.67,0.53,0.42,"2026-09-18",937,"N20","nominal","2.0NRT",323.37,20.06,"D"
"1346",32.23905,51.42866,367,0.39,0.36,"2026-09-18",937,"N20","low","2.0NRT",329.82,30.55,"D"
"1347",32.24169,51.42382,347.49,0.39,0.36,"2026-09-18",937,"N20","low","2.0NRT",320.26,9.05,"D"
"1348",31.1329,44.89491,342.16,0.51,0.5,"2026-09-18",937,"N20","low","2.0NRT",317.02,12.71,"D"
"1349",31.14409,44.92485,367,0.51,0.49,"2026-09-18",937,"N20","high","2.0NRT",320.3,17.15,"D"
"1350",31.1452,44.93004,356.12,0.51,0.49,"2026-09-18",937,"N20","nominal","2.0NRT",322.3,17.15,"D"
"1351",31.14964,44.92873,346.79,0.51,0.49,"2026-09-18",937,"N20","nominal","2.0NRT",320.9,17.25,"D"
"1352",31.14238,44.92916,348.05,0.51,0.49,"2026-09-18",937,"N20","low","2.0NRT",318.39,13.99,"D"
"1353",31.13427,44.89279,349.65,0.51,0.5,"2026-09-18",937,"N20","nominal","2.0NRT",319.45,17.51,"D"
"1354",31.14796,44.93304,345.99,0.51,0.49,"2026-09-18",937,"N20","nominal","2.0NRT",319.85,16.4,"D"
"1355",31.14681,44.92788,355,0.51,0.49,"2026-09-18",937,"N20","nominal","2.0NRT",321.37,16.4,"D"
"1356",31.14565,44.92268,350.97,0.51,0.49,"2026-09-18",937,"N20","nominal","2.0NRT",318.64,18.09,"D"
"1357",31.24258,45.25661,345.51,0.49,0.48,"2026-09-18",937,"N20","low","2.0NRT",319.14,12.81,"D"
"1358",31.73214,47.43343,351.04,0.55,0.42,"2026-09-18",937,"N20","nominal","2.0NRT",320.97,21.76,"D"
"1359",31.23676,44.38277,346.88,0.55,0.51,"2026-09-18",937,"N20","nominal","2.0NRT",316,17.45,"D"
"1360",31.23553,44.3772,345.52,0.55,0.51,"2026-09-18",937,"N20","nominal","2.0NRT",318.99,17.45,"D"
"1361",31.24008,44.37581,367,0.55,0.51,"2026-09-18",937,"N20","high","2.0NRT",349.71,168.24,"D"
"1362",31.24131,44.38138,349.93,0.55,0.51,"2026-09-18",937,"N20","nominal","2.0NRT",318.4,168.24,"D"
"1363",31.23954,44.37914,367,0.55,0.51,"2026-09-18",937,"N20","high","2.0NRT",348.54,246.86,"D"
"1364",31.2441,44.37776,351.4,0.55,0.51,"2026-09-18",937,"N20","nominal","2.0NRT",317.13,16.31,"D"
"1365",31.76822,46.06419,348.79,0.43,0.46,"2026-09-18",937,"N20","nominal","2.0NRT",320.62,6.66,"D"
"1366",32.35118,47.70978,351.31,0.52,0.41,"2026-09-18",937,"N20","low","2.0NRT",325.8,37.92,"D"
"1367",32.48699,45.66422,346.32,0.44,0.46,"2026-09-18",937,"N20","low","2.0NRT",317.3,6.18,"D"
"1368",32.49112,45.663,343.05,0.44,0.46,"2026-09-18",937,"N20","low","2.0NRT",316.86,7.05,"D"
"1369",32.33525,44.48773,336.33,0.51,0.49,"2026-09-18",937,"N20","low","2.0NRT",311.28,3.08,"D"
"1370",33.19147,48.32622,343.87,0.47,0.4,"2026-09-18",937,"N20","low","2.0NRT",316.14,9.21,"D"
"1371",32.99365,46.18564,344.26,0.4,0.44,"2026-09-18",937,"N20","low","2.0NRT",316.45,5.68,"D"
"1372",33.42966,47.41911,367,0.51,0.41,"2026-09-18",937,"N20","high","2.0NRT",319.94,13.83,"D"
"1373",33.4263,47.41825,348.18,0.51,0.41,"2026-09-18",937,"N20","nominal","2.0NRT",318.15,6.96,"D"
"1374",33.43109,47.4227,341.41,0.51,0.41,"2026-09-18",937,"N20","low","2.0NRT",316.12,6.96,"D"
"1375",34.21793,50.82034,344.5,0.39,0.36,"2026-09-18",937,"N20","low","2.0NRT",315.55,10.13,"D"
"1376",33.15604,44.78745,339.91,0.47,0.48,"2026-09-18",937,"N20","low","2.0NRT",311.08,3.24,"D"
"1377",33.21627,44.76616,345.01,0.47,0.48,"2026-09-18",937,"N20","nominal","2.0NRT",316.75,11.75,"D"
"1378",34.38389,47.49731,342.63,0.49,0.4,"2026-09-18",937,"N20","nominal","2.0NRT",313.52,7.05,"D"
"1379",34.44351,47.49469,342.85,0.49,0.4,"2026-09-18",939,"N20","nominal","2.0NRT",315.27,8.15,"D"
"1380",33.10909,41.42386,355.26,0.37,0.58,"2026-09-18",939,"N20","nominal","2.0NRT",312.42,3.94,"D"
"1381",34.62174,46.87846,336.36,0.52,0.41,"2026-09-18",939,"N20","nominal","2.0NRT",309.21,3.28,"D"
"1382",36.42321,57.40837,345.72,0.39,0.44,"2026-09-18",939,"N20","nominal","2.0NRT",316.73,4.09,"D"
"1383",34.45876,44.4061,354.6,0.46,0.47,"2026-09-18",939,"N20","nominal","2.0NRT",310.73,24.6,"D"
"1384",34.4565,44.40795,354.12,0.46,0.47,"2026-09-18",939,"N20","nominal","2.0NRT",305.85,19.47,"D"
"1385",34.46073,44.40661,344.92,0.46,0.47,"2026-09-18",939,"N20","nominal","2.0NRT",305.2,6.14,"D"
"1386",35.1992,45.7977,340.02,0.57,0.43,"2026-09-18",939,"N20","nominal","2.0NRT",306.78,4.57,"D"
"1387",35.20313,45.7968,336.9,0.57,0.43,"2026-09-18",939,"N20","low","2.0NRT",310.04,4.57,"D"
"1388",35.20183,45.7956,340.01,0.57,0.43,"2026-09-18",939,"N20","low","2.0NRT",311.24,5.54,"D"
"1389",34.97408,44.54305,339.82,0.45,0.47,"2026-09-18",939,"N20","nominal","2.0NRT",304.6,4.41,"D"
"1390",37.41716,61.32722,347.01,0.32,0.55,"2026-09-18",939,"N20","nominal","2.0NRT",317.73,4.01,"D"
"1391",37.47667,61.85339,339.06,0.35,0.56,"2026-09-18",939,"N20","nominal","2.0NRT",310.27,1.51,"D"
"1392",34.89741,43.54976,342.91,0.51,0.49,"2026-09-18",939,"N20","nominal","2.0NRT",308.3,7.98,"D"
"1393",35.01133,44.04153,345.75,0.47,0.48,"2026-09-18",939,"N20","nominal","2.0NRT",301.8,15.63,"D"
"1394",37.3923,60.10239,339.61,0.55,0.51,"2026-09-18",939,"N20","low","2.0NRT",313.94,8.44,"D"
"1395",35.06561,43.78638,367,0.49,0.48,"2026-09-18",939,"N20","high","2.0NRT",292.6,9.99,"D"
"1396",36.97244,54.92369,332.41,0.46,0.39,"2026-09-18",939,"N20","nominal","2.0NRT",298.12,4.2,"D"
"1397",35.4573,44.42284,344.5,0.44,0.46,"2026-09-18",939,"N20","nominal","2.0NRT",308.43,5.35,"D"
"1398",35.45697,44.42054,342.59,0.44,0.46,"2026-09-18",939,"N20","nominal","2.0NRT",307.15,5,"D"
"1399",37.5012,57.19065,343.43,0.39,0.44,"2026-09-18",939,"N20","low","2.0NRT",315.82,2.31,"D"
"1400",37.71134,59.4771,344.08,0.51,0.5,"2026-09-18",939,"N20","low","2.0NRT",318,9.94,"D"
"1401",35.52843,44.34142,340.97,0.44,0.46,"2026-09-18",939,"N20","nominal","2.0NRT",299.01,7.39,"D"
"1402",35.48762,44.15283,342.05,0.46,0.47,"2026-09-18",939,"N20","nominal","2.0NRT",288.4,14.17,"D"
"1403",35.53259,44.34009,333.68,0.44,0.46,"2026-09-18",939,"N20","nominal","2.0NRT",292.21,2.66,"D"
"1404",35.62852,44.01087,345.11,0.46,0.47,"2026-09-18",939,"N20","nominal","2.0NRT",288.24,8.46,"D"
"1405",35.68267,43.87865,348.58,0.47,0.47,"2026-09-18",939,"N20","nominal","2.0NRT",289.65,14.27,"D"
"1406",35.68692,43.87729,337.08,0.47,0.47,"2026-09-18",939,"N20","nominal","2.0NRT",286.93,14.27,"D"
"1407",35.77264,43.99872,343.32,0.46,0.47,"2026-09-18",939,"N20","nominal","2.0NRT",307.3,9.18,"D"
"1408",35.9803,43.77001,343.43,0.47,0.47,"2026-09-18",939,"N20","nominal","2.0NRT",302.97,5.57,"D"
"1409",35.98257,43.77122,343.14,0.47,0.47,"2026-09-18",939,"N20","nominal","2.0NRT",298.99,4.35,"D"
"1410",35.99833,43.76044,338.69,0.47,0.47,"2026-09-18",939,"N20","nominal","2.0NRT",297.83,3.5,"D"
"1411",36.13829,43.48048,346.16,0.48,0.48,"2026-09-18",939,"N20","nominal","2.0NRT",312.03,10.85,"D"
"1412",36.13852,43.47864,367,0.48,0.48,"2026-09-18",939,"N20","high","2.0NRT",313.35,11,"D"
"1413",36.32823,43.37841,351.01,0.48,0.48,"2026-09-18",939,"N20","nominal","2.0NRT",313.11,13.75,"D"
"1414",36.32832,43.37658,367,0.48,0.48,"2026-09-18",939,"N20","high","2.0NRT",311.24,11.51,"D"
"1415",36.41214,43.66577,345.03,0.46,0.47,"2026-09-18",939,"N20","low","2.0NRT",315.16,3.97,"D"
"1416",36.41634,43.66429,339.59,0.46,0.47,"2026-09-18",939,"N20","low","2.0NRT",313.38,3.97,"D"
"1417",36.42393,43.67794,343.76,0.46,0.47,"2026-09-18",939,"N20","nominal","2.0NRT",311.06,19.01,"D"
"1418",36.42055,43.66285,345.08,0.46,0.47,"2026-09-18",939,"N20","nominal","2.0NRT",313.46,6.96,"D"
"1419",36.42814,43.67654,354.66,0.46,0.47,"2026-09-18",939,"N20","nominal","2.0NRT",316.18,19.01,"D"
"1420",36.42702,43.67152,354.21,0.46,0.47,"2026-09-18",939,"N20","nominal","2.0NRT",321.21,24.26,"D"
"1421",36.4259,43.6665,344.3,0.46,0.47,"2026-09-18",939,"N20","low","2.0NRT",315.3,24.26,"D"
"1422",36.43235,43.67516,345.41,0.46,0.47,"2026-09-18",939,"N20","nominal","2.0NRT",314.41,14.38,"D"
"1423",36.43012,43.66514,343.93,0.46,0.47,"2026-09-18",939,"N20","low","2.0NRT",316.23,13.19,"D"
"1424",36.27001,42.89814,343.86,0.51,0.49,"2026-09-18",939,"N20","low","2.0NRT",317.01,7.05,"D"
"1425",36.01674,41.82295,345.28,0.59,0.53,"2026-09-18",939,"N20","nominal","2.0NRT",316.55,23.84,"D"
"1426",36.4331,43.20728,342.5,0.49,0.48,"2026-09-18",939,"N20","nominal","2.0NRT",314.21,3.95,"D"
"1427",36.43741,43.20579,350.69,0.49,0.48,"2026-09-18",939,"N20","nominal","2.0NRT",314.87,6.21,"D"
"1428",36.57584,42.90118,344.55,0.5,0.49,"2026-09-18",939,"N20","nominal","2.0NRT",314.69,3.99,"D"
"1429",36.5802,42.89966,341.93,0.5,0.49,"2026-09-18",939,"N20","nominal","2.0NRT",315.66,3.59,"D"
"1430",36.69709,43.24864,343.87,0.48,0.48,"2026-09-18",939,"N20","nominal","2.0NRT",312.73,25.58,"D"
"1431",38.64688,54.28281,345.8,0.45,0.39,"2026-09-18",939,"N20","nominal","2.0NRT",314.54,6.89,"D"
"1432",36.54739,42.34268,343.37,0.54,0.51,"2026-09-18",939,"N20","nominal","2.0NRT",314.95,3.72,"D"
"1433",36.7739,43.32565,342.7,0.47,0.48,"2026-09-18",939,"N20","nominal","2.0NRT",313.59,4.8,"D"
"1434",36.77479,43.3236,342.41,0.47,0.48,"2026-09-18",939,"N20","low","2.0NRT",313.59,11,"D"
"1435",38.92424,56.54016,341.09,0.56,0.43,"2026-09-18",939,"N20","nominal","2.0NRT",307.66,3.19,"D"
"1436",38.67907,54.3165,340.9,0.45,0.39,"2026-09-18",939,"N20","low","2.0NRT",314.11,5.2,"D"
"1437",36.86731,43.4922,337.94,0.46,0.47,"2026-09-18",939,"N20","nominal","2.0NRT",303.84,2.76,"D"
"1438",36.2249,40.74594,345.16,0.33,0.56,"2026-09-18",939,"N20","nominal","2.0NRT",306.52,2.41,"D"
"1439",36.78382,42.99622,347.49,0.49,0.49,"2026-09-18",939,"N20","nominal","2.0NRT",316.54,8.64,"D"
"1440",36.78937,43.00015,344.59,0.49,0.49,"2026-09-18",939,"N20","nominal","2.0NRT",318.48,18.95,"D"
"1441",36.78815,42.99475,354.27,0.49,0.49,"2026-09-18",939,"N20","nominal","2.0NRT",315.34,12.49,"D"
"1442",36.80344,42.88253,342.26,0.5,0.49,"2026-09-18",939,"N20","nominal","2.0NRT",314.97,3.95,"D"
"1443",36.80218,42.87706,345.33,0.5,0.49,"2026-09-18",939,"N20","nominal","2.0NRT",316.82,6.73,"D"
"1444",36.79771,42.79641,342.86,0.5,0.49,"2026-09-18",939,"N20","low","2.0NRT",316.81,7.61,"D"
"1445",36.80772,42.79889,352.93,0.5,0.49,"2026-09-18",939,"N20","low","2.0NRT",328.93,45.95,"D"
"1446",36.81207,42.79732,367,0.5,0.49,"2026-09-18",939,"N20","high","2.0NRT",315.72,45.95,"D"
"1447",36.8108,42.79181,354.22,0.5,0.49,"2026-09-18",939,"N20","nominal","2.0NRT",317.23,20.42,"D"
"1448",36.81642,42.79576,344.63,0.5,0.49,"2026-09-18",939,"N20","nominal","2.0NRT",313.22,45.99,"D"
"1449",36.8139,42.78475,346.07,0.5,0.49,"2026-09-18",939,"N20","nominal","2.0NRT",315.8,20.39,"D"
"1450",36.81516,42.79026,367,0.5,0.49,"2026-09-18",939,"N20","low","2.0NRT",332.17,20.39,"D"
"1451",36.81953,42.78875,367,0.5,0.49,"2026-09-18",939,"N20","high","2.0NRT",316.66,20.39,"D"
"1452",36.81827,42.78327,344.1,0.5,0.49,"2026-09-18",939,"N20","nominal","2.0NRT",314.37,20.39,"D"
"1453",36.82265,42.78178,354.83,0.5,0.49,"2026-09-18",939,"N20","nominal","2.0NRT",317.62,11.49,"D"
"1454",36.82828,42.78579,345.34,0.5,0.49,"2026-09-18",939,"N20","low","2.0NRT",319.36,11.49,"D"
"1455",36.82701,42.78027,345.81,0.5,0.49,"2026-09-18",939,"N20","low","2.0NRT",317.92,11.49,"D"
"1456",36.8245,42.76927,348.07,0.5,0.49,"2026-09-18",939,"N20","nominal","2.0NRT",315.73,19.87,"D"
"1457",36.82324,42.76377,354.27,0.5,0.49,"2026-09-18",939,"N20","nominal","2.0NRT",315.62,8.74,"D"
"1458",36.82199,42.75827,344.37,0.5,0.49,"2026-09-18",939,"N20","nominal","2.0NRT",313.93,8.74,"D"
"1459",36.83264,42.78426,347.93,0.5,0.49,"2026-09-18",939,"N20","low","2.0NRT",319.7,14.29,"D"
"1460",36.83138,42.77874,350.87,0.5,0.49,"2026-09-18",939,"N20","nominal","2.0NRT",317.9,14.29,"D"
"1461",36.83013,42.77325,351.33,0.5,0.49,"2026-09-18",939,"N20","nominal","2.0NRT",315.2,11.25,"D"
"1462",36.82888,42.76777,355.51,0.5,0.49,"2026-09-18",939,"N20","nominal","2.0NRT",315.05,11.25,"D"
"1463",36.82762,42.76227,354.63,0.5,0.49,"2026-09-18",939,"N20","nominal","2.0NRT",323.27,27.42,"D"
"1464",36.837,42.78274,350.1,0.5,0.49,"2026-09-18",939,"N20","nominal","2.0NRT",315.84,14.29,"D"
"1465",36.8345,42.77176,345.13,0.5,0.49,"2026-09-18",939,"N20","nominal","2.0NRT",314.86,11.25,"D"
"1466",36.85447,42.77665,350.42,0.5,0.49,"2026-09-18",939,"N20","nominal","2.0NRT",316.31,14.14,"D"
"1467",36.56268,40.75859,341.59,0.33,0.55,"2026-09-18",939,"N20","nominal","2.0NRT",305.52,2.82,"D"
"1468",36.56181,40.75508,347.09,0.33,0.55,"2026-09-18",939,"N20","nominal","2.0NRT",308.37,2.82,"D"
"1469",36.14305,39.10189,333.42,0.41,0.61,"2026-09-18",939,"N20","nominal","2.0NRT",300.52,2.27,"D"
"1470",37.0183,42.54117,341.96,0.51,0.5,"2026-09-18",939,"N20","low","2.0NRT",314.64,4.9,"D"
"1471",37.01701,42.5355,340.9,0.51,0.5,"2026-09-18",939,"N20","low","2.0NRT",314.18,3.67,"D"
"1472",36.94732,42.19127,350.27,0.54,0.51,"2026-09-18",939,"N20","nominal","2.0NRT",317.24,12.25,"D"
"1473",36.94327,42.17381,343.45,0.54,0.51,"2026-09-18",939,"N20","nominal","2.0NRT",314.43,2.1,"D"
"1474",36.94676,42.19039,348.51,0.54,0.51,"2026-09-18",939,"N20","nominal","2.0NRT",316.29,8.46,"D"
"1475",36.94261,42.173,341.37,0.54,0.51,"2026-09-18",939,"N20","nominal","2.0NRT",315.09,4.42,"D"
"1476",36.58321,40.56507,334.14,0.33,0.56,"2026-09-18",939,"N20","nominal","2.0NRT",305.07,1.52,"D"
"1477",36.5823,40.5615,335.86,0.33,0.56,"2026-09-18",939,"N20","nominal","2.0NRT",307.62,1.52,"D"
"1478",36.5057,40.23906,367,0.35,0.57,"2026-09-18",939,"N20","high","2.0NRT",311.39,7,"D"
"1479",36.5076,40.24645,334.09,0.35,0.57,"2026-09-18",939,"N20","low","2.0NRT",308.13,3.2,"D"
"1480",36.50665,40.24276,336.25,0.35,0.57,"2026-09-18",939,"N20","nominal","2.0NRT",307.63,7,"D"
"1481",36.78056,41.31619,340.07,0.6,0.53,"2026-09-18",939,"N20","low","2.0NRT",311.99,15.18,"D"
"1482",36.77896,41.30968,355.17,0.6,0.53,"2026-09-18",939,"N20","nominal","2.0NRT",317.53,33.51,"D"
"1483",36.51352,40.24815,340.05,0.35,0.57,"2026-09-18",939,"N20","nominal","2.0NRT",307.77,4.83,"D"
"1484",36.51257,40.24443,356.34,0.35,0.57,"2026-09-18",939,"N20","nominal","2.0NRT",308.46,4.83,"D"
"1485",36.51162,40.24073,354.71,0.35,0.57,"2026-09-18",939,"N20","nominal","2.0NRT",308.1,6.62,"D"
"1486",36.51068,40.23704,355.48,0.35,0.57,"2026-09-18",939,"N20","nominal","2.0NRT",309.59,6.62,"D"
"1487",36.78526,41.31442,347.26,0.6,0.53,"2026-09-18",939,"N20","nominal","2.0NRT",315.19,15.18,"D"
"1488",36.78678,41.29962,367,0.6,0.53,"2026-09-18",939,"N20","high","2.0NRT",314.8,9.94,"D"
"1489",36.79148,41.29787,346.32,0.6,0.53,"2026-09-18",939,"N20","nominal","2.0NRT",311.98,9.94,"D"
"1490",37.18146,42.83084,341.07,0.49,0.49,"2026-09-18",939,"N20","nominal","2.0NRT",311.47,3.55,"D"
"1491",36.74998,40.95806,342.66,0.63,0.54,"2026-09-18",939,"N20","low","2.0NRT",316.15,7.5,"D"
"1492",36.69136,40.63324,367,0.33,0.55,"2026-09-18",939,"N20","high","2.0NRT",310.05,6.11,"D"
"1493",36.69048,40.62968,351.63,0.33,0.55,"2026-09-18",939,"N20","nominal","2.0NRT",310.73,6.11,"D"
"1494",38.3244,48.32362,335.46,0.41,0.37,"2026-09-18",939,"N20","low","2.0NRT",308.25,1.81,"D"
"1495",36.69062,40.63308,367,0.33,0.55,"2026-09-18",939,"N20","high","2.0NRT",310.56,6.07,"D"
"1496",36.68972,40.62954,351.88,0.33,0.55,"2026-09-18",939,"N20","nominal","2.0NRT",310.99,6.07,"D"
"1497",37.02726,41.89676,344.02,0.55,0.51,"2026-09-18",939,"N20","low","2.0NRT",316.34,9.57,"D"
"1498",36.92778,41.463,338.45,0.59,0.53,"2026-09-18",939,"N20","low","2.0NRT",312.96,2.9,"D"
"1499",37.00469,41.74019,345.54,0.57,0.52,"2026-09-18",939,"N20","nominal","2.0NRT",316,6.24,"D"
"1500",36.74693,40.66593,335.79,0.33,0.55,"2026-09-18",939,"N20","low","2.0NRT",309.47,2.62,"D"
"1501",36.85791,41.09276,344.97,0.62,0.54,"2026-09-18",939,"N20","nominal","2.0NRT",313,25.92,"D"
"1502",36.85627,41.0861,351.3,0.62,0.54,"2026-09-18",939,"N20","nominal","2.0NRT",313.99,14.61,"D"
"1503",36.86266,41.09096,350.75,0.62,0.54,"2026-09-18",939,"N20","nominal","2.0NRT",317.98,25.92,"D"
"1504",36.79754,40.78405,350.49,0.32,0.55,"2026-09-18",939,"N20","nominal","2.0NRT",312.56,3.42,"D"
"1505",36.88328,41.0905,342.65,0.62,0.54,"2026-09-18",939,"N20","nominal","2.0NRT",310.8,13.83,"D"
"1506",36.87025,41.03712,343.96,0.62,0.54,"2026-09-18",939,"N20","nominal","2.0NRT",313.42,10.64,"D"
"1507",36.86861,41.03039,341.2,0.62,0.54,"2026-09-18",939,"N20","nominal","2.0NRT",313.71,10.64,"D"
"1508",37.04164,41.70701,344.65,0.57,0.52,"2026-09-18",939,"N20","nominal","2.0NRT",315.7,4.33,"D"
"1509",37.13482,42.08257,342.79,0.54,0.51,"2026-09-18",939,"N20","low","2.0NRT",313.22,6.24,"D"
"1510",36.8829,41.02499,344.67,0.62,0.54,"2026-09-18",939,"N20","nominal","2.0NRT",312.05,12.68,"D"
"1511",36.88766,41.0232,355.94,0.62,0.54,"2026-09-18",939,"N20","nominal","2.0NRT",316.83,12.68,"D"
"1512",36.89405,41.02811,341.57,0.62,0.54,"2026-09-18",939,"N20","low","2.0NRT",313.42,7.87,"D"
"1513",36.74403,40.39607,367,0.34,0.56,"2026-09-18",939,"N20","high","2.0NRT",310.79,4.77,"D"
"1514",36.95615,41.26399,344.81,0.6,0.53,"2026-09-18",939,"N20","nominal","2.0NRT",314.48,3.95,"D"
"1515",36.74494,40.39972,346.99,0.34,0.56,"2026-09-18",939,"N20","nominal","2.0NRT",308.68,4.77,"D"
"1516",36.74313,40.39243,339.63,0.34,0.56,"2026-09-18",939,"N20","nominal","2.0NRT",308.56,5.03,"D"
"1517",36.88519,41.02417,346.9,0.62,0.54,"2026-09-18",939,"N20","nominal","2.0NRT",314.62,16.08,"D"
"1518",36.89162,41.02906,344.71,0.62,0.54,"2026-09-18",939,"N20","nominal","2.0NRT",314.66,8.56,"D"
"1519",36.88995,41.02239,355.48,0.62,0.54,"2026-09-18",939,"N20","nominal","2.0NRT",314.62,15.28,"D"
"1520",36.95517,41.26419,342.83,0.6,0.53,"2026-09-18",939,"N20","nominal","2.0NRT",313.66,4.59,"D"
"1521",36.74268,40.39743,367,0.34,0.56,"2026-09-18",939,"N20","high","2.0NRT",310.92,4.25,"D"
"1522",36.74361,40.40107,337.83,0.34,0.56,"2026-09-18",939,"N20","nominal","2.0NRT",308.25,4.25,"D"
"1523",36.74175,40.3938,342.26,0.34,0.56,"2026-09-18",939,"N20","nominal","2.0NRT",309.71,3.39,"D"
"1524",36.74082,40.39017,337.51,0.34,0.56,"2026-09-18",939,"N20","nominal","2.0NRT",306.85,3.39,"D"
"1525",37.06491,41.65092,339.64,0.57,0.52,"2026-09-18",939,"N20","low","2.0NRT",313.22,4.51,"D"
"1526",37.10798,41.80891,337.57,0.56,0.51,"2026-09-18",939,"N20","low","2.0NRT",311,3.59,"D"
"1527",37.03314,41.49924,339.04,0.58,0.52,"2026-09-18",939,"N20","low","2.0NRT",311.95,5.62,"D"
"1528",36.45259,39.22193,353.26,0.4,0.6,"2026-09-18",939,"N20","nominal","2.0NRT",304.78,5.25,"D"
"1529",36.72704,40.25117,367,0.34,0.56,"2026-09-18",939,"N20","high","2.0NRT",311.03,16.98,"D"
"1530",36.7261,40.24751,352.34,0.34,0.56,"2026-09-18",939,"N20","nominal","2.0NRT",315.6,6.91,"D"
"1531",36.72515,40.2438,340.87,0.35,0.56,"2026-09-18",939,"N20","nominal","2.0NRT",309.49,6.91,"D"
"1532",36.73108,40.24563,336.56,0.34,0.56,"2026-09-18",939,"N20","nominal","2.0NRT",309.16,6.91,"D"
"1533",36.73013,40.24189,336.16,0.35,0.56,"2026-09-18",939,"N20","low","2.0NRT",309.3,6.91,"D"
"1534",36.56863,39.59586,333.37,0.38,0.59,"2026-09-18",939,"N20","nominal","2.0NRT",307.44,1.17,"D"
"1535",36.7937,40.44942,367,0.34,0.56,"2026-09-18",939,"N20","high","2.0NRT",310.47,14.64,"D"
"1536",36.79279,40.44582,367,0.34,0.56,"2026-09-18",939,"N20","high","2.0NRT",310.46,10.69,"D"
"1537",36.79681,40.44039,367,0.34,0.56,"2026-09-18",939,"N20","high","2.0NRT",312.73,6.03,"D"
"1538",36.79771,40.44397,354.31,0.34,0.56,"2026-09-18",939,"N20","nominal","2.0NRT",308.32,6.03,"D"
"1539",37.09279,41.60036,344.17,0.57,0.52,"2026-09-18",939,"N20","low","2.0NRT",315.48,5.82,"D"
"1540",37.09739,41.59863,349.14,0.57,0.52,"2026-09-18",939,"N20","nominal","2.0NRT",314.83,5.82,"D"
"1541",36.80495,40.36553,334.1,0.34,0.56,"2026-09-18",939,"N20","low","2.0NRT",306.46,13.34,"D"
"1542",36.80403,40.36188,352.23,0.34,0.56,"2026-09-18",939,"N20","nominal","2.0NRT",318.34,29.24,"D"
"1543",36.95295,40.93988,336.65,0.63,0.54,"2026-09-18",939,"N20","low","2.0NRT",311.5,2.38,"D"
"1544",36.87524,40.62522,353.94,0.33,0.55,"2026-09-18",939,"N20","nominal","2.0NRT",315.54,3.54,"D"
"1545",36.87436,40.62168,342.36,0.33,0.55,"2026-09-18",939,"N20","nominal","2.0NRT",313.54,3.54,"D"
"1546",38.08035,46.02273,338.25,0.5,0.41,"2026-09-18",939,"N20","nominal","2.0NRT",309.87,3.66,"D"
"1547",36.80387,40.18805,331.68,0.35,0.56,"2026-09-18",939,"N20","low","2.0NRT",304.72,1.26,"D"
"1548",36.84953,40.37809,334.96,0.34,0.56,"2026-09-18",939,"N20","low","2.0NRT",309.52,2.9,"D"
"1549",36.86388,40.26421,367,0.34,0.56,"2026-09-18",939,"N20","high","2.0NRT",309.21,7.63,"D"
"1550",36.86293,40.26049,347.88,0.34,0.56,"2026-09-18",939,"N20","nominal","2.0NRT",310.08,7.63,"D"
"1551",36.987,40.73255,340.27,0.32,0.55,"2026-09-18",939,"N20","low","2.0NRT",311.6,3.38,"D"
"1552",36.87564,40.26774,335.95,0.34,0.56,"2026-09-18",939,"N20","nominal","2.0NRT",307.68,1.4,"D"
"1553",36.84588,40.12899,347.3,0.35,0.57,"2026-09-18",939,"N20","nominal","2.0NRT",303.7,3.77,"D"
"1554",36.68892,39.49755,345.04,0.38,0.59,"2026-09-18",939,"N20","nominal","2.0NRT",304.25,4.85,"D"
"1555",40.27811,65.36666,356.09,0.56,0.69,"2026-09-18",939,"N20","nominal","2.0NRT",313.48,7.2,"D"
"1556",36.88215,40.22902,342.33,0.34,0.56,"2026-09-18",939,"N20","nominal","2.0NRT",308.71,2.5,"D"
"1557",36.88124,40.22538,339.68,0.34,0.56,"2026-09-18",939,"N20","nominal","2.0NRT",309.31,3.66,"D"
"1558",36.88527,40.21982,367,0.34,0.56,"2026-09-18",939,"N20","high","2.0NRT",308.55,6.96,"D"
"1559",36.65877,39.24993,343.84,0.39,0.59,"2026-09-18",939,"N20","nominal","2.0NRT",299.49,7.26,"D"
"1560",36.97175,40.45739,342.53,0.33,0.55,"2026-09-18",939,"N20","nominal","2.0NRT",310.99,6.08,"D"
"1561",36.97086,40.45381,355.9,0.33,0.55,"2026-09-18",939,"N20","nominal","2.0NRT",313.81,7.91,"D"
"1562",36.97044,40.45465,367,0.33,0.55,"2026-09-18",939,"N20","high","2.0NRT",314.27,10.3,"D"
"1563",36.66042,39.24684,347.74,0.39,0.59,"2026-09-18",939,"N20","nominal","2.0NRT",299.77,7.27,"D"
"1564",37.02069,40.31304,367,0.34,0.56,"2026-09-18",939,"N20","high","2.0NRT",306.6,7.5,"D"
"1565",38.28458,45.87884,342.86,0.5,0.41,"2026-09-18",939,"N20","nominal","2.0NRT",315.43,4.43,"D"
"1566",37.10491,40.20403,336.49,0.34,0.56,"2026-09-18",939,"N20","nominal","2.0NRT",305.17,2.68,"D"
"1567",39.02816,48.84032,344.55,0.4,0.37,"2026-09-18",939,"N20","nominal","2.0NRT",301.69,5.91,"D"
"1568",38.84789,47.30688,339.57,0.43,0.38,"2026-09-18",939,"N20","nominal","2.0NRT",302.17,4.01,"D"
"1569",37.80996,42.17556,340.21,0.51,0.5,"2026-09-18",939,"N20","low","2.0NRT",310.72,6.7,"D"
"1570",37.33904,40.08128,333.82,0.34,0.56,"2026-09-18",939,"N20","nominal","2.0NRT",303.46,1.64,"D"
"1571",39.28231,48.04985,332.23,0.41,0.37,"2026-09-18",939,"N20","low","2.0NRT",304.95,0.83,"D"
"1572",37.98225,41.71112,335.28,0.54,0.51,"2026-09-18",939,"N20","nominal","2.0NRT",308.46,3.54,"D"
"1573",39.3348,48.20972,338.18,0.41,0.37,"2026-09-18",939,"N20","nominal","2.0NRT",306.72,3.99,"D"
"1574",39.34309,48.21708,335.76,0.41,0.37,"2026-09-18",939,"N20","nominal","2.0NRT",304.3,2.77,"D"
"1575",39.41129,48.16017,334.06,0.41,0.37,"2026-09-18",939,"N20","low","2.0NRT",304.47,2.28,"D"
"1576",37.99906,40.92173,340.8,0.59,0.53,"2026-09-18",939,"N20","nominal","2.0NRT",304.2,5.28,"D"
"1577",37.64657,39.55931,346.39,0.36,0.57,"2026-09-18",939,"N20","nominal","2.0NRT",279.88,3.89,"D"
"1578",37.64553,39.55537,336.94,0.36,0.57,"2026-09-18",939,"N20","nominal","2.0NRT",280.85,3.89,"D"
"1579",37.99883,40.92149,340.2,0.59,0.53,"2026-09-18",939,"N20","nominal","2.0NRT",304.08,5.45,"D"
"1580",38.02102,40.99081,355.48,0.59,0.52,"2026-09-18",939,"N20","nominal","2.0NRT",307.99,13.88,"D"
"1581",38.01939,40.98417,339.39,0.59,0.53,"2026-09-18",939,"N20","nominal","2.0NRT",306.85,5.03,"D"
"1582",38.02563,40.9889,354.63,0.59,0.52,"2026-09-18",939,"N20","nominal","2.0NRT",307.79,13.88,"D"
"1583",38.02399,40.98222,340.34,0.59,0.53,"2026-09-18",939,"N20","nominal","2.0NRT",307.75,5.03,"D"
"1584",38.02235,40.97557,331.11,0.59,0.53,"2026-09-18",939,"N20","low","2.0NRT",304.91,5.03,"D"
"1585",38.03022,40.98694,354.25,0.59,0.52,"2026-09-18",939,"N20","nominal","2.0NRT",307.68,11.72,"D"
"1586",38.02858,40.98026,353.06,0.59,0.53,"2026-09-18",939,"N20","nominal","2.0NRT",308.29,9.49,"D"
"1587",38.02698,40.97374,336.93,0.59,0.53,"2026-09-18",939,"N20","nominal","2.0NRT",306.62,9.49,"D"
"1588",38.03323,40.9785,343.13,0.59,0.53,"2026-09-18",939,"N20","nominal","2.0NRT",304.72,9.49,"D"
"1589",39.79663,49.03848,335.43,0.39,0.36,"2026-09-18",939,"N20","nominal","2.0NRT",302.59,2.34,"D"
"1590",39.45674,46.33579,345.96,0.46,0.39,"2026-09-18",939,"N20","nominal","2.0NRT",303.75,3.92,"D"
"1591",39.46026,46.33472,334.04,0.46,0.39,"2026-09-18",939,"N20","nominal","2.0NRT",301.41,3.92,"D"
"1592",38.19482,40.51812,346.15,0.61,0.54,"2026-09-18",939,"N20","nominal","2.0NRT",303.98,11.6,"D"
"1593",39.4521,46.27192,334.86,0.46,0.39,"2026-09-18",939,"N20","low","2.0NRT",305.97,8.23,"D"
"1594",39.83479,48.17101,336.78,0.4,0.37,"2026-09-18",939,"N20","nominal","2.0NRT",303.32,3.59,"D"
"1595",39.67884,47.11526,336.96,0.43,0.38,"2026-09-18",939,"N20","nominal","2.0NRT",304.8,3.19,"D"
"1596",39.76055,47.18805,335.37,0.43,0.38,"2026-09-18",939,"N20","nominal","2.0NRT",304.31,5.55,"D"
"1597",39.75968,47.18319,340.46,0.43,0.38,"2026-09-18",939,"N20","nominal","2.0NRT",308.07,9.73,"D"
"1598",39.76397,47.18706,335.6,0.43,0.38,"2026-09-18",939,"N20","nominal","2.0NRT",303.73,5.55,"D"
"1599",39.7631,47.18218,333.39,0.43,0.38,"2026-09-18",939,"N20","low","2.0NRT",307.85,9.73,"D"
"1600",39.76214,47.18513,341.03,0.43,0.38,"2026-09-18",939,"N20","nominal","2.0NRT",309.56,34.82,"D"
"1601",39.77078,47.19294,338.96,0.43,0.38,"2026-09-18",939,"N20","nominal","2.0NRT",306.93,3.63,"D"
"1602",39.76988,47.18805,334.72,0.43,0.38,"2026-09-18",939,"N20","low","2.0NRT",306.57,3.63,"D"
"1603",39.77421,47.19201,336.94,0.43,0.38,"2026-09-18",939,"N20","nominal","2.0NRT",306.43,3.63,"D"
"1604",39.77331,47.18709,333.53,0.43,0.38,"2026-09-18",939,"N20","low","2.0NRT",305.55,3.63,"D"
"1605",39.77838,47.17538,340.36,0.43,0.38,"2026-09-18",939,"N20","nominal","2.0NRT",306.25,9.77,"D"
"1606",39.7818,47.17444,339.93,0.43,0.38,"2026-09-18",939,"N20","nominal","2.0NRT",306.38,35.13,"D"
"1607",39.56768,44.98502,334.14,0.52,0.41,"2026-09-18",939,"N20","nominal","2.0NRT",305.01,4.13,"D"
"1608",39.56732,44.98283,335.69,0.52,0.41,"2026-09-18",939,"N20","nominal","2.0NRT",304.94,3.87,"D"
"1609",40.07259,47.52711,335.34,0.42,0.37,"2026-09-18",939,"N20","nominal","2.0NRT",301.53,3.45,"D"
"1610",39.12775,42.78287,342.32,0.45,0.47,"2026-09-18",939,"N20","low","2.0NRT",312.52,7.05,"D"
"1611",39.13297,42.78617,346.7,0.45,0.47,"2026-09-18",939,"N20","nominal","2.0NRT",313.73,26.11,"D"
"1612",40.0032,47.04258,336,0.43,0.38,"2026-09-18",939,"N20","nominal","2.0NRT",303.44,5.42,"D"
"1613",39.13595,42.77958,348.48,0.45,0.47,"2026-09-18",939,"N20","nominal","2.0NRT",312.61,26.11,"D"
"1614",40.6039,49.59483,335.8,0.38,0.36,"2026-09-18",939,"N20","nominal","2.0NRT",299.72,1.74,"D"
"1615",40.37395,44.76807,346.52,0.51,0.41,"2026-09-18",939,"N20","nominal","2.0NRT",304.02,7.49,"D"
"1616",40.37274,44.76204,337.13,0.51,0.41,"2026-09-18",939,"N20","nominal","2.0NRT",304.85,7.49,"D"
"1617",40.52225,43.78923,339.23,0.56,0.43,"2026-09-18",939,"N20","nominal","2.0NRT",309.63,9.52,"D"
"1618",41.5262,48.39969,337.66,0.39,0.36,"2026-09-18",939,"N20","nominal","2.0NRT",309.2,30.85,"D"
"1619",41.14035,45.65662,331.71,0.46,0.39,"2026-09-18",939,"N20","low","2.0NRT",302.65,3.18,"D"
"1620",41.82145,48.42273,335.78,0.39,0.36,"2026-09-18",939,"N20","nominal","2.0NRT",300.05,8.32,"D"
"1621",41.53651,46.39106,330.99,0.43,0.38,"2026-09-18",939,"N20","nominal","2.0NRT",298.52,2.35,"D"
"1622",41.47439,43.48488,336.5,0.55,0.43,"2026-09-18",939,"N20","nominal","2.0NRT",287.04,8.89,"D"
"1623",41.47955,43.49006,327.68,0.55,0.43,"2026-09-18",939,"N20","nominal","2.0NRT",287.28,5.83,"D"
"1624",41.47475,43.48306,331.34,0.55,0.43,"2026-09-18",939,"N20","nominal","2.0NRT",286.12,7.61,"D"
"1625",41.47994,43.48817,327.92,0.55,0.43,"2026-09-18",939,"N20","nominal","2.0NRT",286.96,4.66,"D"
"1626",43.50131,46.88771,331.08,0.4,0.37,"2026-09-18",941,"N20","low","2.0NRT",301.48,3.53,"D"
"1627",43.60619,47.12231,335.54,0.4,0.37,"2026-09-18",941,"N20","nominal","2.0NRT",298.64,5.5,"D"
"1628",45.3262,61.74559,336.09,0.4,0.6,"2026-09-18",941,"N20","nominal","2.0NRT",287.68,4.43,"D"
"1629",45.32552,61.74723,335.7,0.4,0.6,"2026-09-18",941,"N20","nominal","2.0NRT",287.11,16.56,"D"
"1630",45.33106,61.74687,354.11,0.4,0.6,"2026-09-18",941,"N20","nominal","2.0NRT",290.73,16.56,"D"
"1631",45.33124,61.75201,356.28,0.4,0.6,"2026-09-18",941,"N20","low","2.0NRT",286.44,33.55,"D"
"1632",44.99911,48.48329,329.86,0.38,0.36,"2026-09-18",941,"N20","nominal","2.0NRT",285.14,3.61,"D"
"1633",45.00238,48.4823,329.97,0.38,0.36,"2026-09-18",941,"N20","nominal","2.0NRT",283.58,3.53,"D"
"1634",44.3548,44.58289,333.97,0.45,0.39,"2026-09-18",941,"N20","nominal","2.0NRT",291.41,4.43,"D"
"1635",44.35376,44.57742,332.99,0.45,0.39,"2026-09-18",941,"N20","nominal","2.0NRT",292.26,4.02,"D"
"1636",44.35385,44.58065,336.69,0.45,0.39,"2026-09-18",941,"N20","nominal","2.0NRT",291.89,4.6,"D"
"1637",44.35732,44.57937,340.49,0.45,0.39,"2026-09-18",941,"N20","nominal","2.0NRT",291.48,4.6,"D"
"1638",45.89482,53.30072,338.99,0.49,0.4,"2026-09-18",941,"N20","nominal","2.0NRT",305.47,8.11,"D"
"1639",45.21148,38.04287,335.44,0.53,0.5,"2026-09-18",941,"N20","nominal","2.0NRT",290.05,6.23,"D"
"1640",45.18828,37.36888,338.5,0.57,0.52,"2026-09-18",941,"N20","nominal","2.0NRT",295.35,6.05,"D"
"1641",45.51305,38.22467,335.68,0.51,0.5,"2026-09-18",941,"N20","nominal","2.0NRT",292.85,4.28,"D"
"1642",45.50995,38.21217,343.97,0.51,0.5,"2026-09-18",941,"N20","nominal","2.0NRT",292.81,7.68,"D"
"1643",45.51428,38.20998,342.09,0.51,0.5,"2026-09-18",941,"N20","nominal","2.0NRT",293.59,7.3,"D"
"1644",45.52015,38.21406,329.25,0.51,0.5,"2026-09-18",941,"N20","nominal","2.0NRT",293.36,7.3,"D"
"1645",45.5186,38.2078,332.07,0.51,0.5,"2026-09-18",941,"N20","nominal","2.0NRT",292.05,7.3,"D"
"1646",46.97176,39.1156,355.44,0.43,0.46,"2026-09-18",941,"N20","nominal","2.0NRT",301.3,21.19,"D"
"1647",46.97049,39.11019,349.81,0.43,0.46,"2026-09-18",941,"N20","nominal","2.0NRT",298.31,8.26,"D"
"1648",48.19081,43.73717,331.11,0.42,0.38,"2026-09-18",943,"N20","low","2.0NRT",303.21,3.51,"D"
"1649",48.19049,43.74174,334.92,0.42,0.38,"2026-09-18",943,"N20","nominal","2.0NRT",297.9,6.42,"D"
"1650",45.25728,31.67235,330.54,0.52,0.67,"2026-09-18",943,"N20","nominal","2.0NRT",290.22,6.17,"D"
"1651",48.08905,42.44925,351.89,0.46,0.39,"2026-09-18",943,"N20","nominal","2.0NRT",306.31,9.8,"D"
"1652",48.10305,42.46256,339.39,0.46,0.39,"2026-09-18",943,"N20","nominal","2.0NRT",304.99,5.47,"D"
"1653",48.10652,42.46103,332.55,0.46,0.39,"2026-09-18",943,"N20","low","2.0NRT",302.98,3.75,"D"
"1654",46.71877,36.28617,332.42,0.58,0.52,"2026-09-18",943,"N20","nominal","2.0NRT",299.1,7.68,"D"
"1655",46.71688,36.27901,345.36,0.58,0.52,"2026-09-18",943,"N20","nominal","2.0NRT",299.49,7.68,"D"
"1656",46.715,36.27185,332.96,0.58,0.52,"2026-09-18",943,"N20","nominal","2.0NRT",299.02,4.17,"D"
"1657",46.71952,36.26931,331.91,0.58,0.52,"2026-09-18",943,"N20","nominal","2.0NRT",299.48,4.17,"D"
"1658",46.72592,36.27397,335.24,0.58,0.52,"2026-09-18",943,"N20","nominal","2.0NRT",299.53,4.74,"D"
"1659",46.98335,37.25524,331.29,0.52,0.5,"2026-09-18",943,"N20","nominal","2.0NRT",299.53,3.06,"D"
"1660",46.41336,35.09379,336.4,0.33,0.56,"2026-09-18",943,"N20","nominal","2.0NRT",299.37,2.73,"D"
"1661",46.68874,36.05372,341.12,0.6,0.53,"2026-09-18",943,"N20","nominal","2.0NRT",301.86,14.87,"D"
"1662",47.0022,37.25223,333.2,0.52,0.5,"2026-09-18",943,"N20","nominal","2.0NRT",298.58,3.57,"D"
"1663",46.98444,37.25466,330.57,0.52,0.5,"2026-09-18",943,"N20","nominal","2.0NRT",299.47,3.13,"D"
"1664",46.72647,36.27452,336.14,0.58,0.52,"2026-09-18",943,"N20","nominal","2.0NRT",299.71,4.08,"D"
"1665",46.68825,36.05516,331.55,0.6,0.53,"2026-09-18",943,"N20","nominal","2.0NRT",300.67,6.45,"D"
"1666",46.68627,36.04784,338.59,0.6,0.53,"2026-09-18",943,"N20","nominal","2.0NRT",301.58,8.85,"D"
"1667",46.69935,36.05737,342.07,0.59,0.53,"2026-09-18",943,"N20","nominal","2.0NRT",301.94,7.7,"D"
"1668",48.18572,42.39256,331.98,0.46,0.39,"2026-09-18",943,"N20","nominal","2.0NRT",297.51,2.55,"D"
"1669",48.21168,42.50417,330.26,0.46,0.39,"2026-09-18",943,"N20","low","2.0NRT",305.26,3.64,"D"
"1670",48.19844,42.38039,332.87,0.46,0.39,"2026-09-18",943,"N20","nominal","2.0NRT",301.12,3.81,"D"
"1671",48.22906,42.51585,341.22,0.46,0.39,"2026-09-18",943,"N20","nominal","2.0NRT",299.77,5.97,"D"
"1672",47.34422,38.37562,332.67,0.45,0.47,"2026-09-18",943,"N20","nominal","2.0NRT",300.1,3.12,"D"
"1673",47.90551,40.30987,331.51,0.55,0.43,"2026-09-18",943,"N20","nominal","2.0NRT",296.55,14.84,"D"
"1674",47.90394,40.30271,338.92,0.55,0.43,"2026-09-18",943,"N20","nominal","2.0NRT",301.47,14.84,"D"
"1675",47.37368,37.79623,344.36,0.48,0.48,"2026-09-18",943,"N20","nominal","2.0NRT",300.81,9.22,"D"
"1676",47.12604,36.72708,334.04,0.54,0.51,"2026-09-18",943,"N20","nominal","2.0NRT",301.21,5.18,"D"
"1677",46.58889,34.68688,367,0.34,0.56,"2026-09-18",943,"N20","high","2.0NRT",297.27,9.98,"D"
"1678",47.13836,36.69715,346.61,0.54,0.51,"2026-09-18",943,"N20","nominal","2.0NRT",302.32,23.13,"D"
"1679",47.14451,36.70153,340.49,0.54,0.51,"2026-09-18",943,"N20","nominal","2.0NRT",301.56,12.97,"D"
"1680",47.14277,36.69479,352.31,0.54,0.51,"2026-09-18",943,"N20","nominal","2.0NRT",303.61,23.13,"D"
"1681",47.79133,39.25874,340.79,0.41,0.45,"2026-09-18",943,"N20","nominal","2.0NRT",302.04,8.4,"D"
"1682",47.79015,39.2536,343.84,0.41,0.45,"2026-09-18",943,"N20","nominal","2.0NRT",301.19,5.94,"D"
"1683",46.78753,35.12345,350.09,0.33,0.55,"2026-09-18",943,"N20","nominal","2.0NRT",299.95,3.34,"D"
"1684",47.7218,38.7039,338.83,0.43,0.46,"2026-09-18",943,"N20","nominal","2.0NRT",296.75,7.37,"D"
"1685",47.72052,38.69852,335.72,0.43,0.46,"2026-09-18",943,"N20","nominal","2.0NRT",300.3,8.58,"D"
"1686",46.83385,35.21134,346.74,0.32,0.55,"2026-09-18",943,"N20","nominal","2.0NRT",301.69,2.98,"D"
"1687",46.83275,35.20739,336.95,0.32,0.55,"2026-09-18",943,"N20","nominal","2.0NRT",300.36,2.98,"D"
"1688",46.93488,35.50059,344.12,0.62,0.54,"2026-09-18",943,"N20","nominal","2.0NRT",305.68,33.37,"D"
"1689",47.60289,37.99963,335.5,0.46,0.47,"2026-09-18",943,"N20","nominal","2.0NRT",296.77,2.83,"D"
"1690",47.60699,37.99738,349.72,0.46,0.47,"2026-09-18",943,"N20","nominal","2.0NRT",302.68,12.89,"D"
"1691",47.60558,37.99152,349.36,0.46,0.47,"2026-09-18",943,"N20","nominal","2.0NRT",305.34,12.89,"D"
"1692",46.93155,35.36982,349.27,0.63,0.54,"2026-09-18",943,"N20","nominal","2.0NRT",300.29,6.2,"D"
"1693",47.61113,37.99525,331.5,0.46,0.47,"2026-09-18",943,"N20","nominal","2.0NRT",300.86,12.89,"D"
"1694",47.60971,37.9894,347.6,0.46,0.47,"2026-09-18",943,"N20","nominal","2.0NRT",304.29,12.89,"D"
"1695",47.6083,37.98356,334.09,0.46,0.47,"2026-09-18",943,"N20","nominal","2.0NRT",302.45,11.77,"D"
"1696",47.20058,36.34155,337.68,0.56,0.51,"2026-09-18",943,"N20","nominal","2.0NRT",304.03,19.12,"D"
"1697",47.20503,36.33909,340.97,0.56,0.51,"2026-09-18",943,"N20","nominal","2.0NRT",297.9,19.12,"D"
"1698",47.20272,36.34092,353.72,0.56,0.51,"2026-09-18",943,"N20","nominal","2.0NRT",303.79,43.02,"D"
"1699",47.50439,37.1211,336.21,0.51,0.49,"2026-09-18",943,"N20","nominal","2.0NRT",300.04,3.89,"D"
"1700",47.5028,37.11479,336.72,0.51,0.49,"2026-09-18",943,"N20","nominal","2.0NRT",302.08,3.89,"D"
"1701",47.5012,37.10841,337.93,0.51,0.49,"2026-09-18",943,"N20","nominal","2.0NRT",299.18,2.38,"D"
"1702",47.28023,36.20815,337.41,0.56,0.52,"2026-09-18",943,"N20","nominal","2.0NRT",301.23,5.47,"D"
"1703",47.62646,37.40325,337.6,0.49,0.49,"2026-09-18",943,"N20","nominal","2.0NRT",299.8,14.46,"D"
"1704",47.62492,37.3971,341.15,0.49,0.49,"2026-09-18",943,"N20","nominal","2.0NRT",306.7,14.46,"D"
"1705",47.1028,35.35292,349.46,0.62,0.54,"2026-09-18",943,"N20","nominal","2.0NRT",302.19,19,"D"
"1706",47.97371,38.75395,335.35,0.42,0.45,"2026-09-18",943,"N20","nominal","2.0NRT",295.98,3.95,"D"
"1707",47.59726,37.13427,346.68,0.5,0.49,"2026-09-18",943,"N20","nominal","2.0NRT",304.41,78.43,"D"
"1708",47.59566,37.12795,309.21,0.5,0.49,"2026-09-18",943,"N20","low","2.0NRT",321.59,78.43,"D"
"1709",47.61431,36.90574,341.53,0.51,0.5,"2026-09-18",943,"N20","nominal","2.0NRT",302.06,13.43,"D"
"1710",47.61265,36.89927,349.36,0.51,0.5,"2026-09-18",943,"N20","nominal","2.0NRT",308.86,46.21,"D"
"1711",47.77969,37.3878,336.58,0.49,0.48,"2026-09-18",943,"N20","nominal","2.0NRT",300,3.06,"D"
"1712",47.78388,37.3855,333.37,0.49,0.48,"2026-09-18",943,"N20","nominal","2.0NRT",302.71,3.06,"D"
"1713",47.23453,35.11374,352.3,0.63,0.54,"2026-09-18",943,"N20","nominal","2.0NRT",306.07,196.87,"D"
"1714",47.23237,35.10595,330.73,0.63,0.54,"2026-09-18",943,"N20","nominal","2.0NRT",299.42,196.87,"D"
"1715",47.23919,35.11098,367,0.63,0.54,"2026-09-18",943,"N20","high","2.0NRT",334.1,196.87,"D"
"1716",47.24168,35.10043,347.18,0.63,0.54,"2026-09-18",943,"N20","nominal","2.0NRT",288.31,17.77,"D"
"1717",47.23951,35.09263,340.77,0.63,0.54,"2026-09-18",943,"N20","nominal","2.0NRT",286.26,5.12,"D"
"1718",47.23734,35.08481,336.69,0.63,0.54,"2026-09-18",943,"N20","nominal","2.0NRT",288.31,5.12,"D"
"1719",46.43583,32.27686,355.33,0.45,0.63,"2026-09-18",943,"N20","nominal","2.0NRT",300.44,7.16,"D"
"1720",48.20638,38.16715,337.27,0.44,0.46,"2026-09-18",943,"N20","nominal","2.0NRT",302.26,4.68,"D"
"1721",47.50423,35.36495,339.03,0.6,0.53,"2026-09-18",943,"N20","nominal","2.0NRT",305.62,5.14,"D"
"1722",45.96489,30.19274,367,0.57,0.69,"2026-09-18",943,"N20","high","2.0NRT",301.93,24.76,"D"
"1723",45.96202,30.19399,367,0.57,0.69,"2026-09-18",943,"N20","high","2.0NRT",301.51,14.24,"D"
"1724",48.41917,38.83319,330.87,0.41,0.45,"2026-09-18",943,"N20","nominal","2.0NRT",299.4,1.5,"D"
"1725",45.96781,30.1901,367,0.57,0.69,"2026-09-18",943,"N20","high","2.0NRT",297.82,13.7,"D"
"1726",47.77341,36.17848,344.38,0.55,0.51,"2026-09-18",943,"N20","nominal","2.0NRT",302.91,5.85,"D"
"1727",47.31549,34.44242,342.02,0.34,0.56,"2026-09-18",943,"N20","nominal","2.0NRT",302.49,4.32,"D"
"1728",47.32142,34.44365,336.46,0.34,0.56,"2026-09-18",943,"N20","nominal","2.0NRT",301.68,5.26,"D"
"1729",46.01044,30.16915,367,0.57,0.69,"2026-09-18",943,"N20","high","2.0NRT",299.03,12.12,"D"
"1730",48.02021,37.00222,339.38,0.5,0.49,"2026-09-18",943,"N20","nominal","2.0NRT",301.76,7.86,"D"
"1731",48.32281,38.21792,339.21,0.43,0.46,"2026-09-18",943,"N20","nominal","2.0NRT",298.6,2.74,"D"
"1732",50.78469,52.87327,346.5,0.54,0.42,"2026-09-18",943,"N20","nominal","2.0NRT",300.94,16.62,"D"
"1733",50.78855,52.87239,335.19,0.54,0.42,"2026-09-18",943,"N20","nominal","2.0NRT",296.3,4.63,"D"
"1734",46.89934,32.76942,330.99,0.41,0.61,"2026-09-18",943,"N20","nominal","2.0NRT",300.33,3.45,"D"
"1735",48.49023,38.50195,352.31,0.42,0.45,"2026-09-18",943,"N20","nominal","2.0NRT",303.32,10,"D"
"1736",47.03284,33.0105,367,0.4,0.6,"2026-09-18",943,"N20","high","2.0NRT",307.49,10.93,"D"
"1737",47.95449,36.31701,333.1,0.53,0.5,"2026-09-18",943,"N20","nominal","2.0NRT",296.67,2.43,"D"
"1738",47.96755,36.30951,340.74,0.53,0.5,"2026-09-18",943,"N20","nominal","2.0NRT",297.69,6,"D"
"1739",48.19368,37.1816,339.87,0.48,0.48,"2026-09-18",943,"N20","nominal","2.0NRT",300.69,3.99,"D"
"1740",47.9439,36.19896,340.12,0.54,0.51,"2026-09-18",943,"N20","nominal","2.0NRT",304.76,7.14,"D"
"1741",48.20868,37.08828,340.51,0.49,0.48,"2026-09-18",943,"N20","nominal","2.0NRT",299.56,3.76,"D"
"1742",48.20728,37.08603,334.39,0.49,0.48,"2026-09-18",943,"N20","nominal","2.0NRT",298.67,2.84,"D"
"1743",48.2115,37.08378,332.2,0.49,0.48,"2026-09-18",943,"N20","nominal","2.0NRT",299.94,2.84,"D"
"1744",47.84649,35.59068,338.6,0.58,0.52,"2026-09-18",943,"N20","nominal","2.0NRT",301.79,1.91,"D"
"1745",48.6741,38.80458,330.81,0.4,0.44,"2026-09-18",943,"N20","low","2.0NRT",305.03,2.24,"D"
"1746",47.74033,35.00417,335.43,0.62,0.54,"2026-09-18",943,"N20","nominal","2.0NRT",299.66,3.95,"D"
"1747",48.45456,37.50457,341.65,0.46,0.47,"2026-09-18",943,"N20","nominal","2.0NRT",304.06,8.5,"D"
"1748",48.12184,36.15685,345.84,0.54,0.51,"2026-09-18",943,"N20","nominal","2.0NRT",305.06,19.32,"D"
"1749",48.128,36.16124,340.26,0.54,0.51,"2026-09-18",943,"N20","nominal","2.0NRT",302.45,19.32,"D"
"1750",48.12622,36.15443,354.71,0.54,0.51,"2026-09-18",943,"N20","nominal","2.0NRT",304.32,19.32,"D"
"1751",48.12444,36.14759,337,0.54,0.51,"2026-09-18",943,"N20","nominal","2.0NRT",303.7,46.09,"D"
"1752",49.79147,43.66074,335.46,0.41,0.37,"2026-09-18",943,"N20","nominal","2.0NRT",304.83,9.73,"D"
"1753",48.43138,37.23988,350.34,0.47,0.48,"2026-09-18",943,"N20","nominal","2.0NRT",303.07,8.86,"D"
"1754",48.13949,36.01227,343.88,0.54,0.51,"2026-09-18",943,"N20","nominal","2.0NRT",302.01,6.21,"D"
"1755",48.58027,37.66561,329.23,0.45,0.47,"2026-09-18",943,"N20","nominal","2.0NRT",302.07,1.88,"D"
"1756",48.42924,36.4206,331.87,0.51,0.5,"2026-09-18",943,"N20","nominal","2.0NRT",302.4,5.12,"D"
"1757",50.59713,47.13268,333.89,0.39,0.36,"2026-09-18",943,"N20","nominal","2.0NRT",298.26,5.49,"D"
"1758",50.59477,47.1165,349.99,0.39,0.36,"2026-09-18",943,"N20","nominal","2.0NRT",297.61,6.19,"D"
"1759",47.94501,34.43238,333.3,0.32,0.55,"2026-09-18",943,"N20","nominal","2.0NRT",299.72,0.85,"D"
"1760",50.6004,47.1315,331.83,0.39,0.36,"2026-09-18",943,"N20","low","2.0NRT",304.54,22.24,"D"
"1761",50.59883,47.12072,350.89,0.39,0.36,"2026-09-18",943,"N20","nominal","2.0NRT",302.52,10.57,"D"
"1762",50.59804,47.11532,347.92,0.39,0.36,"2026-09-18",943,"N20","nominal","2.0NRT",301.59,8.89,"D"
"1763",50.49584,46.42942,336.04,0.38,0.36,"2026-09-18",943,"N20","nominal","2.0NRT",304.93,2.99,"D"
"1764",50.6021,47.11954,348.64,0.39,0.36,"2026-09-18",943,"N20","nominal","2.0NRT",300.76,10.57,"D"
"1765",50.60131,47.11415,347.91,0.39,0.36,"2026-09-18",943,"N20","nominal","2.0NRT",301.45,8.89,"D"
"1766",46.68592,30.22384,337.81,0.54,0.68,"2026-09-18",943,"N20","nominal","2.0NRT",295.18,4.9,"D"
"1767",47.82172,33.93195,332.3,0.34,0.56,"2026-09-18",943,"N20","nominal","2.0NRT",301.04,1.97,"D"
"1768",47.82452,33.93183,332.78,0.34,0.56,"2026-09-18",943,"N20","nominal","2.0NRT",300.96,1.95,"D"
"1769",46.68536,30.22355,337.94,0.54,0.68,"2026-09-18",943,"N20","nominal","2.0NRT",296.09,5.46,"D"
"1770",46.6832,30.21707,330.85,0.54,0.68,"2026-09-18",943,"N20","nominal","2.0NRT",292.57,5.46,"D"
"1771",47.80771,33.59682,342.56,0.35,0.57,"2026-09-18",943,"N20","nominal","2.0NRT",299.45,2.88,"D"
"1772",51.64204,55.59005,327.89,0.47,0.48,"2026-09-18",943,"N20","nominal","2.0NRT",294.85,2.26,"D"
"1773",47.86307,33.62424,333.61,0.35,0.57,"2026-09-18",943,"N20","nominal","2.0NRT",302.4,2.96,"D"
"1774",47.86181,33.61992,352.36,0.35,0.57,"2026-09-18",943,"N20","nominal","2.0NRT",302.33,2.96,"D"
"1775",47.86789,33.62114,332.71,0.35,0.57,"2026-09-18",943,"N20","nominal","2.0NRT",302.76,2.96,"D"
"1776",47.86663,33.61684,341.09,0.35,0.57,"2026-09-18",943,"N20","nominal","2.0NRT",302.88,2.96,"D"
"1777",50.62217,45.86856,330.06,0.38,0.36,"2026-09-18",943,"N20","nominal","2.0NRT",302.58,1.47,"D"
"1778",51.02728,48.5848,340.71,0.41,0.37,"2026-09-18",943,"N20","nominal","2.0NRT",300.14,4.16,"D"
"1779",49.09924,37.71901,332.99,0.43,0.46,"2026-09-18",943,"N20","nominal","2.0NRT",297.03,1.36,"D"
"1780",51.59043,52.91556,331,0.55,0.43,"2026-09-18",943,"N20","nominal","2.0NRT",294.97,3.23,"D"
"1781",51.60362,52.92868,338.04,0.55,0.43,"2026-09-18",943,"N20","nominal","2.0NRT",296.49,23.94,"D"
"1782",47.38095,31.31802,354.49,0.46,0.63,"2026-09-18",943,"N20","nominal","2.0NRT",300.95,5.66,"D"
"1783",47.37924,31.31255,336.82,0.46,0.63,"2026-09-18",943,"N20","nominal","2.0NRT",301.14,5.66,"D"
"1784",47.38173,31.31718,351.76,0.46,0.63,"2026-09-18",943,"N20","nominal","2.0NRT",301.86,8.81,"D"
"1785",47.37999,31.31172,339.91,0.46,0.63,"2026-09-18",943,"N20","nominal","2.0NRT",301.47,5.95,"D"
"1786",51.87305,54.75037,341.1,0.43,0.46,"2026-09-18",943,"N20","nominal","2.0NRT",298.57,16.37,"D"
"1787",51.86863,54.69309,341.12,0.43,0.46,"2026-09-18",943,"N20","nominal","2.0NRT",299.82,4.94,"D"
"1788",50.9475,46.21882,333.82,0.38,0.36,"2026-09-18",943,"N20","nominal","2.0NRT",302.6,13.97,"D"
"1789",50.95318,46.21097,344.78,0.38,0.36,"2026-09-18",943,"N20","nominal","2.0NRT",300.71,7.58,"D"
"1790",51.03798,46.75524,337.71,0.39,0.36,"2026-09-18",943,"N20","nominal","2.0NRT",303.95,2.5,"D"
"1791",51.04124,46.75404,330.78,0.39,0.36,"2026-09-18",943,"N20","low","2.0NRT",304.2,2.5,"D"
"1792",50.52525,43.45863,336.53,0.41,0.37,"2026-09-18",943,"N20","nominal","2.0NRT",299.22,3.8,"D"
"1793",50.52854,43.45717,355.29,0.41,0.37,"2026-09-18",943,"N20","nominal","2.0NRT",303.91,6.67,"D"
"1794",50.52754,43.45162,334.41,0.41,0.37,"2026-09-18",943,"N20","nominal","2.0NRT",294.74,6.67,"D"
"1795",51.81017,52.54924,330.4,0.54,0.42,"2026-09-18",943,"N20","nominal","2.0NRT",294.98,4.14,"D"
"1796",51.81102,52.54961,337.78,0.54,0.42,"2026-09-18",943,"N20","nominal","2.0NRT",295.08,6.24,"D"
"1797",49.58088,38.25603,347.08,0.4,0.44,"2026-09-18",943,"N20","nominal","2.0NRT",300.19,6.4,"D"
"1798",49.58473,38.25381,339.61,0.4,0.44,"2026-09-18",943,"N20","nominal","2.0NRT",302.35,6.4,"D"
"1799",49.76617,38.0948,337.18,0.4,0.44,"2026-09-18",943,"N20","nominal","2.0NRT",298.1,3.24,"D"
"1800",49.7649,38.0894,330.99,0.4,0.45,"2026-09-18",943,"N20","nominal","2.0NRT",298.67,6.2,"D"
"1801",52.22892,54.121,328.41,0.41,0.45,"2026-09-18",943,"N20","nominal","2.0NRT",294.94,3.98,"D"
"1802",52.27622,54.45183,332.39,0.43,0.46,"2026-09-18",943,"N20","nominal","2.0NRT",295.73,2.32,"D"
"1803",51.889,49.58856,331.79,0.43,0.38,"2026-09-18",943,"N20","nominal","2.0NRT",296.44,2.54,"D"
"1804",51.89596,49.58641,336.38,0.43,0.38,"2026-09-18",943,"N20","nominal","2.0NRT",297.35,6.29,"D"
"1805",49.81338,36.84566,334.46,0.45,0.47,"2026-09-18",943,"N20","nominal","2.0NRT",294.21,3.47,"D"
"1806",49.81195,36.83987,336.11,0.45,0.47,"2026-09-18",943,"N20","nominal","2.0NRT",296.9,4.74,"D"
"1807",50.03587,37.47856,339.63,0.42,0.45,"2026-09-18",943,"N20","nominal","2.0NRT",300.56,8.46,"D"
"1808",50.03452,37.47294,355.35,0.42,0.45,"2026-09-18",943,"N20","nominal","2.0NRT",301.11,24.47,"D"
"1809",50.03981,37.47633,333.44,0.42,0.45,"2026-09-18",943,"N20","nominal","2.0NRT",296.09,8.46,"D"
"1810",52.57741,52.80989,337.06,0.56,0.43,"2026-09-18",943,"N20","nominal","2.0NRT",295.32,7.79,"D"
"1811",52.58135,52.80892,341.2,0.56,0.43,"2026-09-18",943,"N20","nominal","2.0NRT",296.62,7.79,"D"
"1812",52.58602,52.81604,326.13,0.56,0.43,"2026-09-18",943,"N20","nominal","2.0NRT",294.32,5.74,"D"
"1813",52.58921,52.80696,334.04,0.56,0.43,"2026-09-18",943,"N20","nominal","2.0NRT",295.81,5.74,"D"
"1814",52.57984,52.80966,348.85,0.56,0.43,"2026-09-18",943,"N20","nominal","2.0NRT",297.94,10.54,"D"
"1815",52.58377,52.80864,327.46,0.56,0.43,"2026-09-18",943,"N20","nominal","2.0NRT",294.21,10.54,"D"
"1816",52.58771,52.80765,335.67,0.56,0.43,"2026-09-18",943,"N20","nominal","2.0NRT",294.72,9.04,"D"
"1817",50.17595,37.11322,340.03,0.43,0.46,"2026-09-18",943,"N20","nominal","2.0NRT",297.24,5.12,"D"
"1818",51.38152,42.48142,333.37,0.41,0.37,"2026-09-18",943,"N20","nominal","2.0NRT",304.69,5,"D"
"1819",51.38483,42.47986,335.28,0.41,0.37,"2026-09-18",943,"N20","nominal","2.0NRT",298.75,5,"D"
"1820",50.31695,36.16235,328.22,0.47,0.47,"2026-09-18",943,"N20","nominal","2.0NRT",292.76,2.27,"D"
"1821",53.57384,63.04376,355.34,0.5,0.66,"2026-09-18",943,"N20","nominal","2.0NRT",295.16,10.95,"D"
"1822",53.57379,63.02836,355.63,0.5,0.66,"2026-09-18",943,"N20","nominal","2.0NRT",294.47,14.1,"D"
"1823",53.56787,63.0299,344.75,0.5,0.66,"2026-09-18",943,"N20","nominal","2.0NRT",292.89,7.38,"D"
"1824",53.57395,63.04538,367,0.5,0.66,"2026-09-18",943,"N20","high","2.0NRT",294.43,16.95,"D"
"1825",53.57396,63.02996,367,0.5,0.66,"2026-09-18",943,"N20","high","2.0NRT",294.43,7.38,"D"
"1826",52.54811,45.44912,334.24,0.38,0.36,"2026-09-18",943,"N20","nominal","2.0NRT",300.44,5.47,"D"
"1827",51.13997,37.93238,337.6,0.57,0.43,"2026-09-18",943,"N20","nominal","2.0NRT",295.84,7.11,"D"
"1828",51.13891,37.93354,335.5,0.57,0.43,"2026-09-18",943,"N20","nominal","2.0NRT",296.29,7.31,"D"
"1829",52.70766,43.60225,325.62,0.39,0.36,"2026-09-18",943,"N20","nominal","2.0NRT",298.76,1.32,"D"
"1830",52.53685,39.63408,332.98,0.47,0.4,"2026-09-18",943,"N20","nominal","2.0NRT",301.33,17.17,"D"
"1831",52.53768,39.6335,331.87,0.47,0.4,"2026-09-18",943,"N20","nominal","2.0NRT",299.96,10.95,"D"
"1832",52.54598,39.63626,337.02,0.47,0.4,"2026-09-18",943,"N20","nominal","2.0NRT",297.18,9.33,"D"
"1833",52.54462,39.62967,330.19,0.47,0.4,"2026-09-18",943,"N20","nominal","2.0NRT",299.1,9.33,"D"
"1834",52.54187,39.61646,337.55,0.47,0.4,"2026-09-18",943,"N20","nominal","2.0NRT",296.88,5.34,"D"
"1835",52.56652,39.6982,330.89,0.47,0.39,"2026-09-18",943,"N20","nominal","2.0NRT",294.44,3.21,"D"
"1836",52.55713,39.61541,343.09,0.47,0.4,"2026-09-18",943,"N20","nominal","2.0NRT",299.22,11.48,"D"
"1837",52.55585,39.57186,334.4,0.47,0.4,"2026-09-18",943,"N20","nominal","2.0NRT",301.3,3.13,"D"
"1838",53.8405,46.70074,336.94,0.4,0.37,"2026-09-18",943,"N20","nominal","2.0NRT",294.14,7.04,"D"
"1839",53.84381,46.69947,334.77,0.4,0.37,"2026-09-18",943,"N20","nominal","2.0NRT",292.73,3.52,"D"
"1840",53.51437,44.37398,332.2,0.38,0.36,"2026-09-18",943,"N20","nominal","2.0NRT",295.82,3.23,"D"
"1841",53.27553,42.36264,335.9,0.4,0.37,"2026-09-18",943,"N20","nominal","2.0NRT",294.75,4.42,"D"
"1842",55.11972,60.65362,332.13,0.4,0.6,"2026-09-18",943,"N20","nominal","2.0NRT",288.9,4.48,"D"
"1843",54.45135,49.80671,367,0.47,0.4,"2026-09-18",943,"N20","high","2.0NRT",292.29,13.36,"D"
"1844",54.45058,49.79949,328.6,0.47,0.4,"2026-09-18",943,"N20","nominal","2.0NRT",289.35,4.45,"D"
"1845",55.11759,60.65799,327.38,0.4,0.6,"2026-09-18",943,"N20","nominal","2.0NRT",286.12,2.83,"D"
"1846",55.11749,60.65149,325.54,0.4,0.6,"2026-09-18",943,"N20","nominal","2.0NRT",288.07,2.87,"D"
"1847",54.26062,47.61403,328.1,0.41,0.37,"2026-09-18",943,"N20","nominal","2.0NRT",289.19,2.27,"D"
"1848",54.89504,44.40103,328.33,0.38,0.36,"2026-09-18",943,"N20","nominal","2.0NRT",291.27,2.19,"D"
"1849",52.74937,33.43586,328.04,0.5,0.49,"2026-09-18",943,"N20","nominal","2.0NRT",285.67,2.98,"D"
"1850",51.88993,29.34551,342.32,0.39,0.59,"2026-09-18",943,"N20","nominal","2.0NRT",286.87,3.33,"D"
"1851",57.93693,56.94035,333.3,0.6,0.53,"2026-09-18",945,"N20","nominal","2.0NRT",286.04,4.75,"D"
"1852",57.93789,56.94212,325.92,0.6,0.53,"2026-09-18",945,"N20","nominal","2.0NRT",285.84,4.25,"D"
"1853",58.28877,57.80959,341.97,0.33,0.55,"2026-09-18",945,"N20","nominal","2.0NRT",286.9,2.82,"D"
"1854",58.39403,58.33193,331.3,0.34,0.56,"2026-09-18",945,"N20","nominal","2.0NRT",286.44,4.15,"D"
"1855",58.89001,57.57308,337.5,0.32,0.55,"2026-09-18",945,"N20","nominal","2.0NRT",286.63,2.66,"D"
"1856",59.13165,37.79572,332.04,0.41,0.37,"2026-09-18",945,"N20","nominal","2.0NRT",297.27,17.6,"D"
"1857",59.13811,37.79112,331.18,0.41,0.37,"2026-09-18",945,"N20","nominal","2.0NRT",289.52,2.94,"D"
"1858",28.94782,31.07235,339.33,0.44,0.38,"2026-09-18",1117,"N20","low","2.0NRT",311.87,3.9,"D"
"1859",29.01526,31.20318,343.58,0.44,0.39,"2026-09-18",1117,"N20","low","2.0NRT",313.91,6.28,"D"
"1860",29.01878,31.20259,344.56,0.44,0.39,"2026-09-18",1117,"N20","low","2.0NRT",314.81,6.37,"D"
"1861",29.12646,31.05905,333.61,0.44,0.38,"2026-09-18",1117,"N20","low","2.0NRT",304.18,2.51,"D"
"1862",29.15428,31.24836,340.65,0.45,0.39,"2026-09-18",1117,"N20","low","2.0NRT",314.16,9.15,"D"
"1863",29.59356,30.96697,345.21,0.44,0.38,"2026-09-18",1117,"N20","nominal","2.0NRT",315.03,7.29,"D"
"1864",29.80446,32.08764,339.69,0.49,0.4,"2026-09-18",1117,"N20","low","2.0NRT",312.13,6.59,"D"
"1865",29.82062,31.30755,336.07,0.45,0.39,"2026-09-18",1117,"N20","low","2.0NRT",310.34,5.04,"D"
"1866",29.78949,28.54991,339.81,0.39,0.36,"2026-09-18",1119,"N20","low","2.0NRT",312.25,5.47,"D"
"1867",30.37882,31.55135,341.27,0.47,0.4,"2026-09-18",1119,"N20","nominal","2.0NRT",308.26,8.23,"D"
"1868",30.37925,31.55249,342.01,0.47,0.4,"2026-09-18",1119,"N20","nominal","2.0NRT",306.68,6.37,"D"
"1869",30.69985,33.85167,338.15,0.41,0.45,"2026-09-18",1119,"N20","nominal","2.0NRT",308.01,6.27,"D"
"1870",29.97771,27.78963,342.18,0.38,0.36,"2026-09-18",1119,"N20","low","2.0NRT",315.37,6.11,"D"
"1871",30.61008,32.29935,337.1,0.51,0.41,"2026-09-18",1119,"N20","nominal","2.0NRT",305.84,4.06,"D"
"1872",30.94064,31.67575,333.99,0.48,0.4,"2026-09-18",1119,"N20","nominal","2.0NRT",303.22,2.57,"D"
"1873",31.19752,31.09719,333.83,0.46,0.39,"2026-09-18",1119,"N20","nominal","2.0NRT",303.35,1.95,"D"
"1874",31.11961,29.81391,343.17,0.41,0.37,"2026-09-18",1119,"N20","nominal","2.0NRT",310.58,7.68,"D"
"1875",30.66871,26.36735,337.34,0.39,0.36,"2026-09-18",1119,"N20","low","2.0NRT",310.58,1.31,"D"
"1876",33.57244,36.29283,332.71,0.62,0.54,"2026-09-18",1119,"N20","nominal","2.0NRT",298.51,2.81,"D"
"1877",34.62381,43.07991,333.48,0.77,0.78,"2026-09-18",1119,"N20","low","2.0NRT",305.79,1.67,"D"
"1878",34.61877,43.0798,330.79,0.77,0.78,"2026-09-18",1119,"N20","low","2.0NRT",303.55,1.69,"D"
"1879",35.22551,40.22114,330.04,0.54,0.68,"2026-09-18",1119,"N20","low","2.0NRT",304.13,3.04,"D"
"1880",35.45132,36.25213,349.4,0.32,0.55,"2026-09-18",1119,"N20","nominal","2.0NRT",295.22,4.24,"D"
"1881",35.98181,37.08385,344.34,0.36,0.57,"2026-09-18",1119,"N20","nominal","2.0NRT",297.12,4.89,"D"
"1882",36.21944,40.74895,333.62,0.58,0.7,"2026-09-18",1119,"N20","nominal","2.0NRT",305.53,3.2,"D"
"1883",36.21944,40.74673,331.66,0.59,0.7,"2026-09-18",1119,"N20","low","2.0NRT",305.96,3.26,"D"
"1884",36.09443,36.86829,341.19,0.35,0.57,"2026-09-18",1119,"N20","nominal","2.0NRT",297.88,4.03,"D"
"1885",36.37509,37.14102,352.46,0.37,0.58,"2026-09-18",1119,"N20","nominal","2.0NRT",299.24,7.95,"D"
"1886",36.55713,40.52942,335.51,0.57,0.69,"2026-09-18",1119,"N20","nominal","2.0NRT",300.51,3.35,"D"
"1887",36.42713,37.02949,347.86,0.36,0.58,"2026-09-18",1119,"N20","nominal","2.0NRT",298.24,4.19,"D"
"1888",36.43092,36.76574,331.21,0.35,0.57,"2026-09-18",1119,"N20","nominal","2.0NRT",295.13,3.04,"D"
"1889",36.43091,36.76534,331.63,0.35,0.57,"2026-09-18",1119,"N20","nominal","2.0NRT",295.6,2.55,"D"
"1890",36.64222,39.11433,346.53,0.48,0.64,"2026-09-18",1119,"N20","nominal","2.0NRT",299.8,4.61,"D"
"1891",36.73675,40.66393,339.25,0.58,0.7,"2026-09-18",1119,"N20","nominal","2.0NRT",301.37,5.76,"D"
"1892",47.87566,37.67805,346.22,0.47,0.64,"2026-09-18",1123,"N20","nominal","2.0NRT",297.17,5.91,"D"
"1893",36.64508,39.11274,353,0.48,0.64,"2026-09-18",1119,"N20","nominal","2.0NRT",299.53,6.71,"D"
"1894",47.87557,37.67172,336.52,0.47,0.64,"2026-09-18",1123,"N20","nominal","2.0NRT",298.4,6.87,"D"
"1895",36.73716,40.6638,338.22,0.58,0.7,"2026-09-18",1119,"N20","nominal","2.0NRT",301.26,3.9,"D"
"1896",36.80408,42.88649,336.59,0.78,0.78,"2026-09-18",1119,"N20","low","2.0NRT",310.54,5.77,"D"
"1897",47.90957,36.73211,367,0.43,0.62,"2026-09-18",1123,"N20","high","2.0NRT",299.79,5.75,"D"
"1898",36.7483,40.40208,331.36,0.56,0.69,"2026-09-18",1119,"N20","nominal","2.0NRT",295.13,5.89,"D"
"1899",36.74809,40.39569,342.12,0.56,0.69,"2026-09-18",1119,"N20","nominal","2.0NRT",301.82,7.49,"D"
"1900",47.94547,36.20328,367,0.4,0.6,"2026-09-18",1123,"N20","high","2.0NRT",302.25,5.56,"D"
"1901",36.81737,42.7989,354.25,0.77,0.77,"2026-09-18",1119,"N20","nominal","2.0NRT",313.05,10.35,"D"
"1902",47.95477,36.31972,353.7,0.41,0.61,"2026-09-18",1123,"N20","nominal","2.0NRT",297.02,5.02,"D"
"1903",36.81714,42.78167,336.01,0.77,0.77,"2026-09-18",1119,"N20","low","2.0NRT",310.66,21.14,"D"
"1904",36.82455,42.79874,339.86,0.77,0.77,"2026-09-18",1119,"N20","nominal","2.0NRT",309.25,10.35,"D"
"1905",36.82419,42.77274,334.96,0.77,0.77,"2026-09-18",1119,"N20","low","2.0NRT",309.72,16.31,"D"
"1906",48.01204,37.93156,342.94,0.49,0.65,"2026-09-18",1123,"N20","nominal","2.0NRT",293.27,2.67,"D"
"1907",47.85905,33.62209,334.94,0.61,0.53,"2026-09-18",1123,"N20","nominal","2.0NRT",303.91,5.58,"D"
"1908",47.94356,36.20312,367,0.4,0.6,"2026-09-18",1123,"N20","high","2.0NRT",302.42,6.93,"D"
"1909",47.95226,36.31973,346.06,0.41,0.61,"2026-09-18",1123,"N20","nominal","2.0NRT",295.94,4.87,"D"
"1910",36.83174,42.79847,339.34,0.77,0.77,"2026-09-18",1119,"N20","nominal","2.0NRT",308.19,9.27,"D"
"1911",47.85983,33.61987,334.81,0.61,0.53,"2026-09-18",1123,"N20","nominal","2.0NRT",304.1,4.03,"D"
"1912",36.83879,42.78944,344.11,0.77,0.77,"2026-09-18",1119,"N20","nominal","2.0NRT",312.33,12.38,"D"
"1913",48.01323,37.93278,330.37,0.49,0.65,"2026-09-18",1123,"N20","nominal","2.0NRT",293.24,3.14,"D"
"1914",36.83867,42.7809,349.14,0.77,0.77,"2026-09-18",1119,"N20","nominal","2.0NRT",311.33,12.38,"D"
"1915",47.97086,35.64373,338.47,0.38,0.59,"2026-09-18",1123,"N20","nominal","2.0NRT",300.78,4.24,"D"
"1916",47.97576,35.62739,367,0.38,0.59,"2026-09-18",1123,"N20","high","2.0NRT",307.78,16.96,"D"
"1917",36.84597,42.7893,367,0.77,0.77,"2026-09-18",1119,"N20","high","2.0NRT",312.72,20.75,"D"
"1918",47.9763,35.64334,339.05,0.38,0.59,"2026-09-18",1123,"N20","nominal","2.0NRT",302.11,4.24,"D"
"1919",36.86007,42.77168,340.93,0.77,0.77,"2026-09-18",1119,"N20","low","2.0NRT",311.44,8.67,"D"
"1920",48.10263,37.05711,330.45,0.44,0.63,"2026-09-18",1123,"N20","nominal","2.0NRT",298.58,1.72,"D"
"1921",36.84127,42.79404,354.8,0.77,0.77,"2026-09-18",1119,"N20","nominal","2.0NRT",311.53,16.53,"D"
"1922",48.1255,36.1632,331.81,0.4,0.6,"2026-09-18",1123,"N20","nominal","2.0NRT",300.64,3.88,"D"
"1923",36.84119,42.7854,352.74,0.77,0.77,"2026-09-18",1119,"N20","nominal","2.0NRT",312.54,16.53,"D"
"1924",48.14429,36.22798,367,0.41,0.6,"2026-09-18",1123,"N20","high","2.0NRT",299.67,7.75,"D"
"1925",36.84111,42.77679,338.46,0.77,0.77,"2026-09-18",1119,"N20","low","2.0NRT",310.87,12.09,"D"
"1926",48.13777,36.02106,367,0.4,0.6,"2026-09-18",1123,"N20","high","2.0NRT",303.55,9.07,"D"
"1927",36.84846,42.79377,335.31,0.77,0.77,"2026-09-18",1119,"N20","low","2.0NRT",310.2,7.76,"D"
"1928",48.1376,36.01562,367,0.4,0.6,"2026-09-18",1123,"N20","high","2.0NRT",306.42,9.07,"D"
"1929",36.86256,42.76747,344.29,0.77,0.77,"2026-09-18",1119,"N20","nominal","2.0NRT",311.42,9.16,"D"
"1930",36.91866,42.23197,344.63,0.72,0.75,"2026-09-18",1119,"N20","nominal","2.0NRT",305.73,12.62,"D"
"1931",36.94585,42.18986,336.23,0.71,0.75,"2026-09-18",1119,"N20","low","2.0NRT",307.95,6.41,"D"
"1932",48.14297,36.00987,367,0.4,0.6,"2026-09-18",1123,"N20","high","2.0NRT",303.15,9.41,"D"
"1933",36.937,41.77846,341.67,0.68,0.74,"2026-09-18",1119,"N20","nominal","2.0NRT",303.43,5.96,"D"
"1934",36.95441,40.94998,335.13,0.61,0.71,"2026-09-18",1119,"N20","nominal","2.0NRT",300.21,5.3,"D"
"1935",48.14315,36.0153,344.05,0.4,0.6,"2026-09-18",1123,"N20","nominal","2.0NRT",299.16,5.89,"D"
"1936",36.95418,40.94301,343.21,0.61,0.71,"2026-09-18",1119,"N20","nominal","2.0NRT",301.76,5.3,"D"
"1937",48.1503,36.06388,367,0.4,0.6,"2026-09-18",1123,"N20","high","2.0NRT",306.23,27.41,"D"
"1938",36.94459,42.19185,338.75,0.71,0.75,"2026-09-18",1119,"N20","nominal","2.0NRT",308.38,5.39,"D"
"1939",48.15586,36.06351,367,0.4,0.6,"2026-09-18",1123,"N20","high","2.0NRT",305.74,30.76,"D"
"1940",48.19285,37.17659,353.8,0.45,0.63,"2026-09-18",1123,"N20","nominal","2.0NRT",300.48,8.64,"D"
"1941",36.93794,41.7799,341.31,0.68,0.74,"2026-09-18",1119,"N20","nominal","2.0NRT",302.97,7.9,"D"
"1942",48.1927,37.17057,351.91,0.45,0.63,"2026-09-18",1123,"N20","nominal","2.0NRT",301.25,8.64,"D"
"1943",36.95315,40.95041,331.82,0.61,0.71,"2026-09-18",1119,"N20","nominal","2.0NRT",299.59,5.92,"D"
"1944",48.22015,37.92916,367,0.49,0.65,"2026-09-18",1123,"N20","high","2.0NRT",298.66,17.35,"D"
"1945",36.95296,40.94343,346.71,0.61,0.71,"2026-09-18",1119,"N20","nominal","2.0NRT",301.76,8.38,"D"
"1946",48.21034,42.49896,336.44,0.79,0.78,"2026-09-18",1123,"N20","nominal","2.0NRT",296.21,10.26,"D"
"1947",37.02739,41.50346,348.75,0.65,0.73,"2026-09-18",1119,"N20","nominal","2.0NRT",303.6,7.61,"D"
"1948",37.0272,41.49601,337.33,0.65,0.73,"2026-09-18",1119,"N20","nominal","2.0NRT",306.07,7.61,"D"
"1949",48.22004,37.92283,346.36,0.49,0.65,"2026-09-18",1123,"N20","nominal","2.0NRT",298.62,11.37,"D"
"1950",37.0294,41.50224,350.65,0.65,0.73,"2026-09-18",1119,"N20","nominal","2.0NRT",303.77,11.51,"D"
"1951",37.02925,41.49479,331.28,0.65,0.73,"2026-09-18",1119,"N20","low","2.0NRT",304.55,9.36,"D"
"1952",48.14884,36.06106,342.34,0.4,0.6,"2026-09-18",1123,"N20","nominal","2.0NRT",301.71,32.85,"D"
"1953",37.08558,41.59676,333.67,0.66,0.73,"2026-09-18",1119,"N20","low","2.0NRT",304.47,4.47,"D"
"1954",48.15455,36.06606,367,0.4,0.6,"2026-09-18",1123,"N20","high","2.0NRT",301.41,32.85,"D"
"1955",37.12969,42.0812,351.92,0.7,0.75,"2026-09-18",1119,"N20","nominal","2.0NRT",308.02,32.34,"D"
"1956",48.19156,37.17435,367,0.45,0.63,"2026-09-18",1123,"N20","high","2.0NRT",301.15,9.76,"D"
"1957",37.12984,42.08939,356.34,0.7,0.75,"2026-09-18",1119,"N20","low","2.0NRT",304.9,41.37,"D"
"1958",48.1974,37.17402,332.15,0.45,0.63,"2026-09-18",1123,"N20","nominal","2.0NRT",298.96,3.4,"D"
"1959",37.13664,42.08096,353.25,0.7,0.75,"2026-09-18",1119,"N20","nominal","2.0NRT",306.91,32.34,"D"
"1960",48.22116,37.92715,367,0.49,0.65,"2026-09-18",1123,"N20","high","2.0NRT",298.89,19.22,"D"
"1961",37.10468,40.78248,349.15,0.6,0.7,"2026-09-18",1119,"N20","nominal","2.0NRT",298,6.92,"D"
"1962",48.21059,42.50056,342.01,0.8,0.78,"2026-09-18",1123,"N20","nominal","2.0NRT",296.68,11.81,"D"
"1963",37.1368,42.08904,356.05,0.7,0.75,"2026-09-18",1119,"N20","low","2.0NRT",304.09,41.37,"D"
"1964",48.26831,38.29567,335.52,0.51,0.66,"2026-09-18",1123,"N20","nominal","2.0NRT",296.93,3.45,"D"
"1965",37.18197,42.2557,367,0.72,0.76,"2026-09-18",1119,"N20","high","2.0NRT",310.95,19.03,"D"
"1966",48.28614,36.74096,355.27,0.43,0.62,"2026-09-18",1123,"N20","nominal","2.0NRT",297.14,5.98,"D"
"1967",37.18898,42.25549,339.32,0.72,0.76,"2026-09-18",1119,"N20","nominal","2.0NRT",307.64,6.59,"D"
"1968",48.28598,36.73515,337.41,0.43,0.62,"2026-09-18",1123,"N20","nominal","2.0NRT",300.49,5.98,"D"
"1969",37.11071,40.78268,331.5,0.6,0.7,"2026-09-18",1119,"N20","nominal","2.0NRT",298.06,3.54,"D"
"1970",37.18023,42.25777,338.33,0.72,0.76,"2026-09-18",1119,"N20","nominal","2.0NRT",308.62,11.67,"D"
"1971",48.26635,36.07513,343.06,0.4,0.6,"2026-09-18",1123,"N20","nominal","2.0NRT",303.26,5.62,"D"
"1972",37.18724,42.25753,367,0.72,0.76,"2026-09-18",1119,"N20","high","2.0NRT",308.79,11.67,"D"
"1973",48.2652,36.07951,334.48,0.4,0.6,"2026-09-18",1123,"N20","nominal","2.0NRT",300.07,4.59,"D"
"1974",37.65855,39.26368,331.1,0.5,0.65,"2026-09-18",1119,"N20","nominal","2.0NRT",299.56,4.55,"D"
"1975",48.26505,36.07407,338.17,0.4,0.6,"2026-09-18",1123,"N20","nominal","2.0NRT",302.97,4.02,"D"
"1976",37.65833,39.25799,341.15,0.5,0.65,"2026-09-18",1119,"N20","nominal","2.0NRT",301.78,4.55,"D"
"1977",48.28719,36.74022,367,0.43,0.62,"2026-09-18",1123,"N20","high","2.0NRT",297.39,8.41,"D"
"1978",36.61186,27.16838,334.44,0.39,0.36,"2026-09-18",1119,"N20","low","2.0NRT",306.1,5.59,"D"
"1979",48.39698,36.55384,350.88,0.42,0.61,"2026-09-18",1123,"N20","nominal","2.0NRT",302.21,4.29,"D"
"1980",36.61472,27.16936,336.86,0.39,0.36,"2026-09-18",1119,"N20","nominal","2.0NRT",304.02,2.3,"D"
"1981",48.39863,36.55109,349.8,0.42,0.61,"2026-09-18",1123,"N20","nominal","2.0NRT",304.17,4.09,"D"
"1982",38.03894,40.99083,333.57,0.62,0.71,"2026-09-18",1119,"N20","nominal","2.0NRT",294.22,6.94,"D"
"1983",38.03877,40.98394,331.64,0.62,0.71,"2026-09-18",1119,"N20","nominal","2.0NRT",290.33,6.94,"D"
"1984",48.04203,29.74238,332.34,0.41,0.45,"2026-09-18",1123,"N20","nominal","2.0NRT",291.61,3.49,"D"
"1985",38.0386,40.97694,338.18,0.62,0.71,"2026-09-18",1119,"N20","nominal","2.0NRT",290.52,5.84,"D"
"1986",48.44862,38.724,335.03,0.53,0.67,"2026-09-18",1123,"N20","nominal","2.0NRT",295.53,3.19,"D"
"1987",38.05224,41.27527,330.74,0.64,0.72,"2026-09-18",1119,"N20","low","2.0NRT",303.12,5.14,"D"
"1988",48.43066,37.24366,350.72,0.46,0.63,"2026-09-18",1123,"N20","nominal","2.0NRT",297.07,6.35,"D"
"1989",38.05207,41.26759,331.13,0.64,0.72,"2026-09-18",1119,"N20","low","2.0NRT",303.26,5.22,"D"
"1990",38.05218,40.98984,367,0.62,0.71,"2026-09-18",1119,"N20","high","2.0NRT",302.51,12.21,"D"
"1991",48.43054,37.23727,342.33,0.46,0.63,"2026-09-18",1123,"N20","nominal","2.0NRT",298.5,6.35,"D"
"1992",38.05236,40.99693,336.35,0.62,0.71,"2026-09-18",1119,"N20","nominal","2.0NRT",300.06,16.76,"D"
"1993",48.41948,35.70967,367,0.39,0.59,"2026-09-18",1123,"N20","high","2.0NRT",302.76,13.3,"D"
"1994",38.05881,40.98954,354.55,0.62,0.71,"2026-09-18",1119,"N20","nominal","2.0NRT",301.12,12.21,"D"
"1995",48.40871,35.39692,337.59,0.37,0.58,"2026-09-18",1123,"N20","nominal","2.0NRT",302.71,3.74,"D"
"1996",38.05487,41.2743,336.83,0.64,0.72,"2026-09-18",1119,"N20","nominal","2.0NRT",302.48,5.28,"D"
"1997",48.49684,38.50687,353.01,0.52,0.67,"2026-09-18",1123,"N20","nominal","2.0NRT",295.86,9.45,"D"
"1998",48.49678,38.49995,355.19,0.52,0.67,"2026-09-18",1123,"N20","nominal","2.0NRT",300.49,9.45,"D"
"1999",38.05474,41.26685,332.04,0.64,0.72,"2026-09-18",1119,"N20","nominal","2.0NRT",303.33,5.28,"D"
"2000",38.04966,40.98869,333.34,0.62,0.71,"2026-09-18",1119,"N20","nominal","2.0NRT",300.16,11.61,"D"
"2001",38.05629,40.98831,367,0.62,0.71,"2026-09-18",1119,"N20","high","2.0NRT",303.12,11.61,"D"
"2002",48.61907,38.47365,344.16,0.52,0.67,"2026-09-18",1123,"N20","nominal","2.0NRT",293.09,14.88,"D"
"2003",38.05642,40.99525,339.07,0.62,0.72,"2026-09-18",1119,"N20","nominal","2.0NRT",302.28,11.61,"D"
"2004",48.61899,38.46611,356.19,0.52,0.67,"2026-09-18",1123,"N20","nominal","2.0NRT",300.1,21.5,"D"
"2005",37.97448,28.76865,338,0.44,0.38,"2026-09-18",1121,"N20","nominal","2.0NRT",304.41,3.16,"D"
"2006",48.61732,38.47226,353.29,0.52,0.67,"2026-09-18",1123,"N20","nominal","2.0NRT",294.56,12.52,"D"
"2007",48.61728,38.46479,355.13,0.52,0.67,"2026-09-18",1123,"N20","nominal","2.0NRT",301.71,12.52,"D"
"2008",48.62441,36.79515,334.88,0.44,0.62,"2026-09-18",1123,"N20","nominal","2.0NRT",298.84,3.22,"D"
"2009",39.24604,36.95227,344.86,0.38,0.59,"2026-09-18",1121,"N20","nominal","2.0NRT",287.18,3.92,"D"
"2010",48.79601,38.50953,355.26,0.52,0.67,"2026-09-18",1123,"N20","nominal","2.0NRT",297.83,10.93,"D"
"2011",39.24578,36.94756,327.49,0.38,0.59,"2026-09-18",1121,"N20","nominal","2.0NRT",288.17,3.92,"D"
"2012",38.73776,26.93283,334.32,0.4,0.37,"2026-09-18",1121,"N20","nominal","2.0NRT",304.76,2.09,"D"
"2013",48.86543,38.12373,340.32,0.5,0.66,"2026-09-18",1123,"N20","nominal","2.0NRT",297.64,4.92,"D"
"2014",48.86415,36.20022,350.64,0.41,0.61,"2026-09-18",1123,"N20","nominal","2.0NRT",299.72,6.03,"D"
"2015",48.86399,36.19461,347.39,0.41,0.61,"2026-09-18",1123,"N20","nominal","2.0NRT",300.21,6.03,"D"
"2016",40.44263,27.14132,344.25,0.41,0.37,"2026-09-18",1121,"N20","nominal","2.0NRT",308.03,4.35,"D"
"2017",41.19022,32.62075,325.42,0.47,0.48,"2026-09-18",1121,"N20","low","2.0NRT",296.35,3.24,"D"
"2018",49.02915,38.00304,329.49,0.5,0.66,"2026-09-18",1123,"N20","nominal","2.0NRT",297.59,2.46,"D"
"2019",49.20245,36.99238,333.11,0.45,0.63,"2026-09-18",1123,"N20","nominal","2.0NRT",295.19,3.03,"D"
"2020",48.87531,29.96658,331.15,0.43,0.46,"2026-09-18",1123,"N20","nominal","2.0NRT",295.08,2.41,"D"
"2021",40.97142,26.41053,341.18,0.4,0.37,"2026-09-18",1121,"N20","nominal","2.0NRT",308.18,2.84,"D"
"2022",41.13918,26.96066,335.11,0.41,0.37,"2026-09-18",1121,"N20","low","2.0NRT",310.06,3,"D"
"2023",41.16487,27.07903,336.52,0.42,0.37,"2026-09-18",1121,"N20","low","2.0NRT",309.98,3.17,"D"
"2024",49.43289,37.21618,347.97,0.46,0.63,"2026-09-18",1123,"N20","nominal","2.0NRT",295.95,5.81,"D"
"2025",49.43277,37.20979,343.31,0.46,0.63,"2026-09-18",1123,"N20","nominal","2.0NRT",300.34,5.81,"D"
"2026",49.43069,37.21409,367,0.46,0.64,"2026-09-18",1123,"N20","high","2.0NRT",296.74,8.16,"D"
"2027",49.5409,38.4791,333.28,0.52,0.67,"2026-09-18",1123,"N20","nominal","2.0NRT",295.19,5.35,"D"
"2028",49.53891,38.47647,333.43,0.53,0.67,"2026-09-18",1123,"N20","nominal","2.0NRT",296.45,3.22,"D"
"2029",49.58754,38.25742,367,0.51,0.66,"2026-09-18",1123,"N20","high","2.0NRT",300.77,26.15,"D"
"2030",49.58749,38.25023,326.58,0.51,0.66,"2026-09-18",1123,"N20","nominal","2.0NRT",297.2,16.52,"D"
"2031",49.7637,38.09514,331.4,0.51,0.66,"2026-09-18",1123,"N20","nominal","2.0NRT",296.28,5.54,"D"
"2032",49.76343,38.0958,337.92,0.51,0.66,"2026-09-18",1123,"N20","nominal","2.0NRT",296.74,5.27,"D"
"2033",49.81354,36.85343,328.75,0.44,0.63,"2026-09-18",1123,"N20","nominal","2.0NRT",293.33,2.43,"D"
"2034",49.81342,36.84701,327.95,0.44,0.63,"2026-09-18",1123,"N20","nominal","2.0NRT",294.8,2.43,"D"
"2035",50.17796,37.12172,336.64,0.46,0.63,"2026-09-18",1123,"N20","nominal","2.0NRT",293.99,4.55,"D"
"2036",50.17784,37.11526,342.38,0.46,0.63,"2026-09-18",1123,"N20","nominal","2.0NRT",297.55,4.55,"D"
"2037",50.18385,37.12167,349.27,0.46,0.63,"2026-09-18",1123,"N20","nominal","2.0NRT",293.36,4.55,"D"
"2038",50.18373,37.11517,326.76,0.46,0.63,"2026-09-18",1123,"N20","nominal","2.0NRT",296.38,4.55,"D"
"2039",50.18195,37.12172,367,0.46,0.63,"2026-09-18",1123,"N20","high","2.0NRT",293.92,12.96,"D"
"2040",50.18187,37.11525,355.75,0.46,0.63,"2026-09-18",1123,"N20","nominal","2.0NRT",299.37,13.61,"D"
"2041",50.6576,35.38998,346.49,0.39,0.59,"2026-09-18",1123,"N20","nominal","2.0NRT",289.32,4.57,"D"
"2042",50.65765,35.38699,350.92,0.39,0.59,"2026-09-18",1123,"N20","nominal","2.0NRT",290.52,4.64,"D"
"2043",51.25819,37.76647,326.35,0.5,0.65,"2026-09-18",1123,"N20","nominal","2.0NRT",293.47,2.63,"D"
"2044",51.38283,42.48873,331.53,0.79,0.78,"2026-09-18",1123,"N20","nominal","2.0NRT",293.31,4.9,"D"
"2045",51.38354,42.48285,333.12,0.79,0.78,"2026-09-18",1123,"N20","nominal","2.0NRT",295.36,6.64,"D"
"2046",51.72476,34.27435,325.03,0.35,0.57,"2026-09-18",1125,"N20","nominal","2.0NRT",285.59,1.39,"D"
"2047",52.05631,41.04973,347.58,0.69,0.74,"2026-09-18",1125,"N20","nominal","2.0NRT",293.09,10.08,"D"
"2048",51.8911,29.34085,340.11,0.43,0.46,"2026-09-18",1125,"N20","nominal","2.0NRT",296.3,4.41,"D"
"2049",52.6321,32.19826,354.08,0.58,0.52,"2026-09-18",1125,"N20","nominal","2.0NRT",289.38,12.22,"D"
"2050",52.63165,32.18954,347.51,0.58,0.52,"2026-09-18",1125,"N20","nominal","2.0NRT",288.97,12.22,"D"
"2051",52.63034,32.1987,350.74,0.58,0.52,"2026-09-18",1125,"N20","nominal","2.0NRT",289.17,16.55,"D"
"2052",52.62993,32.18995,345.34,0.58,0.52,"2026-09-18",1125,"N20","nominal","2.0NRT",286.49,10.25,"D"
"2053",52.63477,32.1894,346.02,0.58,0.52,"2026-09-18",1125,"N20","nominal","2.0NRT",289.13,10.52,"D"
"2054",53.63534,40.44189,346.62,0.65,0.73,"2026-09-18",1125,"N20","nominal","2.0NRT",288.97,11.37,"D"
"2055",54.14513,28.32731,328.89,0.42,0.45,"2026-09-18",1125,"N20","nominal","2.0NRT",288.01,2.1,"D"
"2056",44.08794,26.11247,336.05,0.41,0.37,"2026-09-18",1121,"N20","low","2.0NRT",307.96,7.86,"D"
"2057",44.3002,26.85954,340.69,0.44,0.38,"2026-09-18",1121,"N20","nominal","2.0NRT",306.58,5.2,"D"
"2058",44.30502,26.86962,331.66,0.44,0.38,"2026-09-18",1121,"N20","low","2.0NRT",305.08,2.81,"D"
"2059",44.4151,27.45689,334.6,0.46,0.39,"2026-09-18",1121,"N20","nominal","2.0NRT",302.31,4.41,"D"
"2060",45.18181,37.37251,352.15,0.44,0.63,"2026-09-18",1121,"N20","nominal","2.0NRT",292.45,6.84,"D"
"2061",45.18177,37.37151,351.8,0.44,0.63,"2026-09-18",1121,"N20","nominal","2.0NRT",292.67,6.87,"D"
"2062",45.26659,37.91311,346.86,0.47,0.64,"2026-09-18",1121,"N20","nominal","2.0NRT",289.89,8.14,"D"
"2063",45.26948,37.91696,326.94,0.47,0.64,"2026-09-18",1121,"N20","nominal","2.0NRT",289.41,4.64,"D"
"2064",45.26936,37.91083,339.53,0.47,0.64,"2026-09-18",1121,"N20","nominal","2.0NRT",291.12,4.64,"D"
"2065",45.41413,38.47629,338.43,0.5,0.66,"2026-09-18",1121,"N20","nominal","2.0NRT",288.12,5.27,"D"
"2066",45.41427,38.47607,337.75,0.5,0.66,"2026-09-18",1121,"N20","nominal","2.0NRT",288.01,4.85,"D"
"2067",45.5657,37.84453,328.49,0.47,0.64,"2026-09-18",1121,"N20","nominal","2.0NRT",287.36,8.91,"D"
"2068",45.25764,31.67529,339.57,0.47,0.47,"2026-09-18",1123,"N20","nominal","2.0NRT",294.8,10.98,"D"
"2069",45.58569,37.93008,336.16,0.47,0.64,"2026-09-18",1123,"N20","nominal","2.0NRT",287.04,4.88,"D"
"2070",45.87762,29.85399,345.8,0.39,0.44,"2026-09-18",1123,"N20","nominal","2.0NRT",303.68,6.41,"D"
"2071",45.95873,30.20871,330.69,0.41,0.45,"2026-09-18",1123,"N20","low","2.0NRT",303.2,1.61,"D"
"2072",45.9633,30.21326,332.95,0.41,0.45,"2026-09-18",1123,"N20","nominal","2.0NRT",302.81,1.61,"D"
"2073",45.9674,30.21253,353.02,0.41,0.45,"2026-09-18",1123,"N20","nominal","2.0NRT",307.49,12.38,"D"
"2074",45.96694,30.20726,342.81,0.41,0.45,"2026-09-18",1123,"N20","nominal","2.0NRT",301.79,12.38,"D"
"2075",45.96647,30.20199,342.93,0.41,0.45,"2026-09-18",1123,"N20","nominal","2.0NRT",303.59,24.06,"D"
"2076",45.96601,30.19673,344.39,0.41,0.45,"2026-09-18",1123,"N20","nominal","2.0NRT",314.7,24.06,"D"
"2077",45.96555,30.19147,347.2,0.41,0.45,"2026-09-18",1123,"N20","nominal","2.0NRT",302.19,9.24,"D"
"2078",46.31795,33.73515,330.45,0.6,0.53,"2026-09-18",1123,"N20","nominal","2.0NRT",295.71,11.39,"D"
"2079",46.3175,33.72723,339.62,0.6,0.53,"2026-09-18",1123,"N20","nominal","2.0NRT",300.49,7.48,"D"
"2080",46.3224,33.72669,341.4,0.6,0.53,"2026-09-18",1123,"N20","nominal","2.0NRT",297.09,7.48,"D"
"2081",46.0621,29.26176,332.45,0.56,0.43,"2026-09-18",1123,"N20","nominal","2.0NRT",300.87,3.76,"D"
"2082",46.45599,33.61482,341.35,0.59,0.53,"2026-09-18",1123,"N20","nominal","2.0NRT",300.63,24.44,"D"
"2083",46.21682,30.00734,337.56,0.4,0.44,"2026-09-18",1123,"N20","nominal","2.0NRT",306.85,5.43,"D"
"2084",46.21638,30.01068,341.97,0.4,0.44,"2026-09-18",1123,"N20","nominal","2.0NRT",307.27,3.69,"D"
"2085",46.43904,32.27545,333.51,0.51,0.49,"2026-09-18",1123,"N20","nominal","2.0NRT",304.32,2.04,"D"
"2086",46.68941,35.65118,341.3,0.37,0.58,"2026-09-18",1123,"N20","nominal","2.0NRT",298.54,2.34,"D"
"2087",46.68921,35.64627,339.61,0.37,0.58,"2026-09-18",1123,"N20","nominal","2.0NRT",297.12,2.34,"D"
"2088",46.69117,35.64758,367,0.37,0.58,"2026-09-18",1123,"N20","high","2.0NRT",302.01,12.51,"D"
"2089",46.71747,35.22753,336.93,0.36,0.57,"2026-09-18",1123,"N20","nominal","2.0NRT",303.08,3.21,"D"
"2090",46.35102,29.72038,335.24,0.39,0.44,"2026-09-18",1123,"N20","low","2.0NRT",308.8,3.9,"D"
"2091",46.73869,35.48114,331.74,0.37,0.58,"2026-09-18",1123,"N20","nominal","2.0NRT",301.31,1.66,"D"
"2092",46.80578,36.39186,367,0.41,0.6,"2026-09-18",1123,"N20","high","2.0NRT",301.47,15.55,"D"
"2093",46.8056,36.38648,353.79,0.41,0.6,"2026-09-18",1123,"N20","nominal","2.0NRT",305.8,15.55,"D"
"2094",46.80396,36.39077,367,0.41,0.6,"2026-09-18",1123,"N20","high","2.0NRT",303.2,18.18,"D"
"2095",46.8038,36.38539,349.95,0.41,0.6,"2026-09-18",1123,"N20","nominal","2.0NRT",302.78,13.07,"D"
"2096",46.8094,36.38502,367,0.41,0.6,"2026-09-18",1123,"N20","high","2.0NRT",303.18,7.91,"D"
"2097",46.8638,36.70207,348.69,0.42,0.61,"2026-09-18",1123,"N20","nominal","2.0NRT",301.76,6.92,"D"
"2098",46.84875,35.47078,353.15,0.37,0.58,"2026-09-18",1123,"N20","nominal","2.0NRT",301.47,4.83,"D"
"2099",46.73734,32.51664,338.24,0.53,0.5,"2026-09-18",1123,"N20","nominal","2.0NRT",302.5,4.73,"D"
"2100",46.73557,32.51557,330.02,0.53,0.5,"2026-09-18",1123,"N20","low","2.0NRT",302.25,5.02,"D"
"2101",46.93332,35.36724,337.53,0.36,0.58,"2026-09-18",1123,"N20","nominal","2.0NRT",299.09,2.3,"D"
"2102",47.01784,36.838,331.74,0.43,0.62,"2026-09-18",1123,"N20","nominal","2.0NRT",298.41,1.9,"D"
"2103",47.03842,36.95267,367,0.43,0.62,"2026-09-18",1123,"N20","high","2.0NRT",298.64,12.54,"D"
"2104",47.05034,37.16983,336.46,0.44,0.63,"2026-09-18",1123,"N20","nominal","2.0NRT",296.99,3.99,"D"
"2105",47.03922,36.94907,367,0.43,0.62,"2026-09-18",1123,"N20","high","2.0NRT",297.35,11.32,"D"
"2106",47.03936,36.95482,336.59,0.43,0.62,"2026-09-18",1123,"N20","nominal","2.0NRT",298.51,8.8,"D"
"2107",47.05006,37.16619,336.39,0.44,0.63,"2026-09-18",1123,"N20","nominal","2.0NRT",298.27,4.65,"D"
"2108",47.00535,34.71817,338.93,0.34,0.56,"2026-09-18",1123,"N20","nominal","2.0NRT",295.55,1.43,"D"
"2109",47.00514,34.71365,337,0.34,0.56,"2026-09-18",1123,"N20","nominal","2.0NRT",294.02,1.43,"D"
"2110",47.01073,34.72221,367,0.34,0.56,"2026-09-18",1123,"N20","high","2.0NRT",297.62,7.07,"D"
"2111",47.07993,36.3697,345.12,0.41,0.6,"2026-09-18",1123,"N20","nominal","2.0NRT",301.32,4.61,"D"
"2112",47.05795,35.73156,335.75,0.38,0.59,"2026-09-18",1123,"N20","nominal","2.0NRT",304.25,2.3,"D"
"2113",47.06357,35.73607,342.42,0.38,0.59,"2026-09-18",1123,"N20","nominal","2.0NRT",302.91,3.32,"D"
"2114",46.95819,33.50197,341.8,0.59,0.53,"2026-09-18",1123,"N20","nominal","2.0NRT",305.3,2.38,"D"
"2115",47.11849,36.7023,333.9,0.42,0.61,"2026-09-18",1123,"N20","nominal","2.0NRT",300.04,2.94,"D"
"2116",46.98717,33.24876,335.86,0.58,0.52,"2026-09-18",1123,"N20","nominal","2.0NRT",304.06,2.66,"D"
"2117",47.04341,34.14135,337.59,0.64,0.54,"2026-09-18",1123,"N20","nominal","2.0NRT",304.92,4.49,"D"
"2118",47.12037,36.70507,339.34,0.42,0.61,"2026-09-18",1123,"N20","nominal","2.0NRT",300.15,4.43,"D"
"2119",46.98598,33.24831,338.15,0.58,0.52,"2026-09-18",1123,"N20","nominal","2.0NRT",303.91,5.08,"D"
"2120",47.0425,34.14373,336.27,0.32,0.54,"2026-09-18",1123,"N20","nominal","2.0NRT",304.5,1.72,"D"
"2121",47.0423,34.13948,335.08,0.32,0.54,"2026-09-18",1123,"N20","nominal","2.0NRT",304.94,1.72,"D"
"2122",47.0998,35.35093,353.17,0.36,0.58,"2026-09-18",1123,"N20","nominal","2.0NRT",303.84,9.88,"D"
"2123",47.18188,36.11886,355.77,0.4,0.6,"2026-09-18",1123,"N20","nominal","2.0NRT",301.56,10.4,"D"
"2124",47.18743,36.11854,367,0.4,0.6,"2026-09-18",1123,"N20","high","2.0NRT",302.84,10.4,"D"
"2125",47.18761,36.12385,334.97,0.4,0.6,"2026-09-18",1123,"N20","nominal","2.0NRT",299.99,7.98,"D"
"2126",46.83872,30.26285,342.46,0.42,0.45,"2026-09-18",1123,"N20","nominal","2.0NRT",303.86,4.98,"D"
"2127",47.19315,36.12364,339.17,0.4,0.6,"2026-09-18",1123,"N20","nominal","2.0NRT",299.5,3.9,"D"
"2128",46.93616,31.13636,335.92,0.46,0.47,"2026-09-18",1123,"N20","nominal","2.0NRT",301.56,0.72,"D"
"2129",47.34013,38.37671,332.83,0.51,0.66,"2026-09-18",1123,"N20","nominal","2.0NRT",295.56,3.77,"D"
"2130",47.31705,36.94113,367,0.43,0.62,"2026-09-18",1123,"N20","high","2.0NRT",300.13,7.42,"D"
"2131",47.22816,34.12661,336.69,0.32,0.54,"2026-09-18",1123,"N20","nominal","2.0NRT",302.98,3.35,"D"
"2132",47.40217,38.84818,343.81,0.54,0.67,"2026-09-18",1123,"N20","nominal","2.0NRT",296.52,6.1,"D"
"2133",47.30432,35.29389,343.14,0.36,0.58,"2026-09-18",1123,"N20","nominal","2.0NRT",303.27,3.79,"D"
"2134",47.30757,35.29484,332.96,0.36,0.58,"2026-09-18",1123,"N20","nominal","2.0NRT",301.09,2.23,"D"
"2135",47.40548,38.84664,342.66,0.54,0.68,"2026-09-18",1123,"N20","nominal","2.0NRT",295.89,5.23,"D"
"2136",47.3657,36.37253,338.46,0.41,0.61,"2026-09-18",1123,"N20","nominal","2.0NRT",299.05,2.99,"D"
"2137",47.36554,36.36713,335.63,0.41,0.61,"2026-09-18",1123,"N20","nominal","2.0NRT",300.65,2.99,"D"
"2138",47.33984,35.03695,334.57,0.35,0.57,"2026-09-18",1123,"N20","low","2.0NRT",305.28,3.33,"D"
"2139",47.31371,34.45066,340.78,0.33,0.55,"2026-09-18",1123,"N20","nominal","2.0NRT",303.46,2.64,"D"
"2140",47.31329,34.44179,339.3,0.33,0.55,"2026-09-18",1123,"N20","nominal","2.0NRT",303.81,2.25,"D"
"2141",47.44593,40.60522,339.41,0.65,0.73,"2026-09-18",1123,"N20","nominal","2.0NRT",290.5,3.96,"D"
"2142",47.40107,36.6173,337.83,0.42,0.61,"2026-09-18",1123,"N20","nominal","2.0NRT",295.15,6.01,"D"
"2143",47.4009,36.61156,350.76,0.42,0.61,"2026-09-18",1123,"N20","nominal","2.0NRT",298.23,6.01,"D"
"2144",47.31863,34.44576,332.43,0.33,0.55,"2026-09-18",1123,"N20","low","2.0NRT",302.93,2.64,"D"
"2145",47.31842,34.44134,333.66,0.33,0.55,"2026-09-18",1123,"N20","nominal","2.0NRT",302.97,2.25,"D"
"2146",47.35621,34.69508,367,0.34,0.56,"2026-09-18",1123,"N20","high","2.0NRT",305.7,15.81,"D"
"2147",47.3614,34.69462,367,0.34,0.56,"2026-09-18",1123,"N20","high","2.0NRT",298.77,15.81,"D"
"2148",47.36119,34.69005,348.18,0.34,0.56,"2026-09-18",1123,"N20","nominal","2.0NRT",302.45,10.08,"D"
"2149",47.36098,34.68548,343.78,0.34,0.56,"2026-09-18",1123,"N20","nominal","2.0NRT",300.77,10.08,"D"
"2150",47.31679,33.81171,332.8,0.62,0.54,"2026-09-18",1123,"N20","low","2.0NRT",303.22,8.75,"D"
"2151",47.31747,33.81292,341.6,0.62,0.54,"2026-09-18",1123,"N20","nominal","2.0NRT",303.04,2.89,"D"
"2152",47.41755,35.9127,330.24,0.39,0.59,"2026-09-18",1123,"N20","nominal","2.0NRT",299.36,1.54,"D"
"2153",47.47834,37.13342,367,0.44,0.63,"2026-09-18",1123,"N20","high","2.0NRT",297.99,10.06,"D"
"2154",47.47847,37.13946,342.62,0.45,0.63,"2026-09-18",1123,"N20","nominal","2.0NRT",296.61,8.19,"D"
"2155",47.29274,32.07917,335.88,0.51,0.49,"2026-09-18",1123,"N20","nominal","2.0NRT",305.13,3.37,"D"
"2156",47.43409,34.1304,367,0.32,0.55,"2026-09-18",1123,"N20","high","2.0NRT",301.93,6.15,"D"
"2157",47.54911,36.06866,333.48,0.4,0.6,"2026-09-18",1123,"N20","nominal","2.0NRT",302.5,1.4,"D"
"2158",47.55985,36.24097,367,0.4,0.6,"2026-09-18",1123,"N20","high","2.0NRT",304.34,12.2,"D"
"2159",47.55969,36.23556,337.53,0.4,0.6,"2026-09-18",1123,"N20","nominal","2.0NRT",303.6,7.75,"D"
"2160",47.55466,36.06841,334.7,0.4,0.6,"2026-09-18",1123,"N20","nominal","2.0NRT",302.62,1.87,"D"
"2161",47.61595,37.98511,348.2,0.49,0.65,"2026-09-18",1123,"N20","nominal","2.0NRT",300,9.74,"D"
"2162",47.5537,35.4021,344.17,0.37,0.58,"2026-09-18",1123,"N20","nominal","2.0NRT",303.58,3.77,"D"
"2163",47.61922,36.9617,338.37,0.44,0.62,"2026-09-18",1123,"N20","nominal","2.0NRT",299.09,5.65,"D"
"2164",47.35124,31.46754,344.43,0.48,0.48,"2026-09-18",1123,"N20","nominal","2.0NRT",303.95,13.38,"D"
"2165",47.64743,36.72545,367,0.43,0.62,"2026-09-18",1123,"N20","high","2.0NRT",298.81,8.64,"D"
"2166",47.65315,36.72518,348.76,0.43,0.62,"2026-09-18",1123,"N20","nominal","2.0NRT",316.4,60.26,"D"
"2167",47.68859,37.68055,340.62,0.47,0.64,"2026-09-18",1123,"N20","nominal","2.0NRT",298.24,7.1,"D"
"2168",47.3806,31.32164,342.64,0.47,0.48,"2026-09-18",1123,"N20","nominal","2.0NRT",307.88,3.4,"D"
"2169",47.385,31.32082,331.04,0.47,0.48,"2026-09-18",1123,"N20","low","2.0NRT",305.49,3.4,"D"
"2170",47.38004,31.32085,342.63,0.47,0.48,"2026-09-18",1123,"N20","nominal","2.0NRT",307.72,10.84,"D"
"2171",47.64896,36.72441,347.36,0.43,0.62,"2026-09-18",1123,"N20","nominal","2.0NRT",313.43,53.37,"D"
"2172",47.65481,36.72986,337.18,0.43,0.62,"2026-09-18",1123,"N20","nominal","2.0NRT",300.18,7.04,"D"
"2173",47.65467,36.72413,355.49,0.43,0.62,"2026-09-18",1123,"N20","nominal","2.0NRT",304.21,7.04,"D"
"2174",47.69134,37.67997,340.65,0.47,0.64,"2026-09-18",1123,"N20","nominal","2.0NRT",299.03,5.81,"D"
"2175",47.61598,34.73053,333.94,0.34,0.56,"2026-09-18",1123,"N20","nominal","2.0NRT",298.84,2.09,"D"
"2176",47.621,34.72573,351.18,0.34,0.56,"2026-09-18",1123,"N20","nominal","2.0NRT",298.84,5.51,"D"
"2177",47.66935,35.69739,334.3,0.38,0.59,"2026-09-18",1123,"N20","nominal","2.0NRT",299.44,2.56,"D"
"2178",47.65345,35.12754,367,0.36,0.57,"2026-09-18",1123,"N20","high","2.0NRT",299.25,10.74,"D"
"2179",47.68824,36.10129,333.26,0.4,0.6,"2026-09-18",1123,"N20","nominal","2.0NRT",298.97,1.77,"D"
"2180",47.65325,35.12269,341.28,0.36,0.57,"2026-09-18",1123,"N20","nominal","2.0NRT",302.17,7.86,"D"
"2181",47.6649,34.77265,333.43,0.34,0.56,"2026-09-18",1123,"N20","nominal","2.0NRT",300.71,1.11,"D"
"2182",47.79288,37.41045,367,0.46,0.64,"2026-09-18",1123,"N20","high","2.0NRT",302.84,25.72,"D"
"2183",47.79303,37.41668,348.44,0.46,0.64,"2026-09-18",1123,"N20","nominal","2.0NRT",296.8,13.2,"D"
"2184",47.79274,37.40418,347.31,0.46,0.64,"2026-09-18",1123,"N20","nominal","2.0NRT",304.95,25.72,"D"
"2185",47.78405,39.25156,332.23,0.56,0.69,"2026-09-18",1123,"N20","nominal","2.0NRT",297.32,3.55,"D"
"2186",47.73524,36.03653,339.01,0.4,0.6,"2026-09-18",1123,"N20","nominal","2.0NRT",298.64,2.68,"D"
"2187",47.79082,37.41443,347.02,0.46,0.64,"2026-09-18",1123,"N20","nominal","2.0NRT",299.84,6.49,"D"
"2188",47.79071,37.4082,346.77,0.46,0.64,"2026-09-18",1123,"N20","nominal","2.0NRT",300.81,6.49,"D"
"2189",47.7906,37.40194,343.34,0.46,0.64,"2026-09-18",1123,"N20","nominal","2.0NRT",300.99,8.4,"D"
"2190",47.79661,37.40796,367,0.46,0.64,"2026-09-18",1123,"N20","high","2.0NRT",298.08,31.38,"D"
"2191",47.77625,36.29633,349.97,0.41,0.6,"2026-09-18",1123,"N20","nominal","2.0NRT",297.02,7.19,"D"
"2192",47.77609,36.29081,346.51,0.41,0.6,"2026-09-18",1123,"N20","nominal","2.0NRT",296.96,7.19,"D"
"2193",47.81534,35.78167,367,0.39,0.59,"2026-09-18",1123,"N20","high","2.0NRT",302.19,7.62,"D"
"2194",47.81516,35.77643,340.68,0.39,0.59,"2026-09-18",1123,"N20","nominal","2.0NRT",297.42,5.89,"D"
"2195",47.87897,37.67799,346.01,0.47,0.64,"2026-09-18",1123,"N20","nominal","2.0NRT",295.9,4.09,"D"
"2196",47.87885,37.67162,334.35,0.47,0.64,"2026-09-18",1123,"N20","nominal","2.0NRT",298.08,4.09,"D"
"2197",9.15604,33.07032,331.79,0.38,0.36,"2026-09-18",1115,"N20","low","2.0NRT",305.44,3.19,"D"
"2198",9.20858,31.37226,341.19,0.4,0.37,"2026-09-18",1115,"N20","low","2.0NRT",292.7,103.38,"D"
"2199",9.208,31.36862,331.2,0.4,0.37,"2026-09-18",1115,"N20","low","2.0NRT",295.49,5.83,"D"
"2200",9.21137,31.36808,336.18,0.4,0.37,"2026-09-18",1115,"N20","low","2.0NRT",293.82,5.83,"D"
"2201",9.00826,29.94607,335.84,0.46,0.39,"2026-09-18",1115,"N20","nominal","2.0NRT",298.01,3.71,"D"
"2202",9.02546,29.93902,338.58,0.46,0.39,"2026-09-18",1115,"N20","low","2.0NRT",296.89,4.93,"D"
"2203",9.22745,31.16242,333.45,0.41,0.37,"2026-09-18",1115,"N20","low","2.0NRT",291.91,3.2,"D"
"2204",9.00643,29.77537,339.79,0.47,0.4,"2026-09-18",1115,"N20","low","2.0NRT",298.81,7.65,"D"
"2205",9.0811,30.03527,341.64,0.45,0.39,"2026-09-18",1115,"N20","low","2.0NRT",296.09,8.81,"D"
"2206",9.0798,30.0271,352.57,0.45,0.39,"2026-09-18",1115,"N20","nominal","2.0NRT",297.92,21.73,"D"
"2207",9.084,30.03061,338.65,0.45,0.39,"2026-09-18",1115,"N20","low","2.0NRT",296.52,8.81,"D"
"2208",9.08335,30.02652,356.08,0.45,0.39,"2026-09-18",1115,"N20","nominal","2.0NRT",299.91,21.73,"D"
"2209",9.0827,30.02242,354.95,0.45,0.39,"2026-09-18",1115,"N20","nominal","2.0NRT",303.41,21.73,"D"
"2210",9.08205,30.01833,331.59,0.45,0.39,"2026-09-18",1115,"N20","low","2.0NRT",298.2,6.43,"D"
"2211",9.08561,30.01775,340.03,0.45,0.39,"2026-09-18",1115,"N20","low","2.0NRT",300.01,6.26,"D"
"2212",9.08917,30.01717,335.14,0.45,0.39,"2026-09-18",1115,"N20","low","2.0NRT",300.09,6.26,"D"
"2213",9.08485,30.01848,346.09,0.45,0.39,"2026-09-18",1115,"N20","nominal","2.0NRT",301.31,8.81,"D"
"2214",9.0884,30.0179,330.22,0.45,0.39,"2026-09-18",1115,"N20","low","2.0NRT",300.3,8.81,"D"
"2215",9.09418,30.00857,354.92,0.45,0.39,"2026-09-18",1115,"N20","low","2.0NRT",301.39,18.53,"D"
"2216",9.09774,30.00799,331.12,0.45,0.39,"2026-09-18",1115,"N20","low","2.0NRT",301.33,9.3,"D"
"2217",9.09707,30.00391,342.28,0.45,0.39,"2026-09-18",1115,"N20","nominal","2.0NRT",300.4,9.3,"D"
"2218",9.10063,30.00332,339.76,0.45,0.39,"2026-09-18",1115,"N20","low","2.0NRT",297.87,9.3,"D"
"2219",9.10419,30.00274,340.13,0.45,0.39,"2026-09-18",1115,"N20","nominal","2.0NRT",298.12,10.92,"D"
"2220",9.12547,29.46879,331.95,0.48,0.4,"2026-09-18",1115,"N20","low","2.0NRT",297.79,3.81,"D"
"2221",9.1222,29.33457,344.65,0.49,0.4,"2026-09-18",1115,"N20","nominal","2.0NRT",302.53,8.2,"D"
"2222",9.39438,30.95274,346.95,0.41,0.37,"2026-09-18",1115,"N20","nominal","2.0NRT",296.19,5.85,"D"
"2223",9.23952,29.59167,333.62,0.47,0.4,"2026-09-18",1115,"N20","nominal","2.0NRT",292.3,1.13,"D"
"2224",9.25933,28.82489,341.13,0.52,0.42,"2026-09-18",1115,"N20","nominal","2.0NRT",296.12,5.03,"D"
"2225",9.26311,28.82427,334.52,0.52,0.42,"2026-09-18",1115,"N20","nominal","2.0NRT",295.13,5.03,"D"
"2226",9.40073,28.74039,333.68,0.52,0.42,"2026-09-18",1115,"N20","nominal","2.0NRT",294.15,5.15,"D"
"2227",10.04921,32.20622,332.68,0.39,0.36,"2026-09-18",1115,"N20","nominal","2.0NRT",300.74,3.98,"D"
"2228",10.0704,32.12399,334.12,0.39,0.36,"2026-09-18",1115,"N20","nominal","2.0NRT",299.02,2.56,"D"
"2229",11.56797,42.5892,330.03,0.43,0.62,"2026-09-18",1115,"N20","low","2.0NRT",302.49,10.41,"D"
"2230",11.56749,42.58523,330.79,0.43,0.62,"2026-09-18",1115,"N20","low","2.0NRT",302.76,10.66,"D"
"2231",10.24972,32.46968,347.65,0.38,0.36,"2026-09-18",1115,"N20","nominal","2.0NRT",301.58,7.98,"D"
"2232",10.20357,32.12656,334.21,0.39,0.36,"2026-09-18",1115,"N20","nominal","2.0NRT",299.24,3.04,"D"
"2233",10.22094,32.21701,333.71,0.39,0.36,"2026-09-18",1115,"N20","nominal","2.0NRT",297.23,3.35,"D"
"2234",10.23186,32.24392,334.93,0.39,0.36,"2026-09-18",1115,"N20","nominal","2.0NRT",302.46,3.99,"D"
"2235",10.23516,32.2434,337.41,0.39,0.36,"2026-09-18",1115,"N20","nominal","2.0NRT",302.51,4.58,"D"
"2236",10.24068,32.23538,338.99,0.39,0.36,"2026-09-18",1115,"N20","nominal","2.0NRT",302.73,3.62,"D"
"2237",10.24398,32.23486,346.35,0.39,0.36,"2026-09-18",1115,"N20","nominal","2.0NRT",302.86,3.62,"D"
"2238",10.24345,32.23137,334.54,0.39,0.36,"2026-09-18",1115,"N20","nominal","2.0NRT",300.21,3.62,"D"
"2239",10.24675,32.23084,339.79,0.39,0.36,"2026-09-18",1115,"N20","nominal","2.0NRT",300.94,13.7,"D"
"2240",10.25005,32.23032,352.74,0.39,0.36,"2026-09-18",1115,"N20","nominal","2.0NRT",300.14,13.7,"D"
"2241",10.24951,32.22683,334.19,0.39,0.36,"2026-09-18",1115,"N20","nominal","2.0NRT",298.84,3.52,"D"
"2242",10.25949,32.20378,343.74,0.39,0.36,"2026-09-18",1115,"N20","nominal","2.0NRT",300.77,9.68,"D"
"2243",10.26501,32.19575,338,0.39,0.36,"2026-09-18",1115,"N20","nominal","2.0NRT",302.09,4.94,"D"
"2244",10.27162,32.19471,336.72,0.39,0.36,"2026-09-18",1115,"N20","nominal","2.0NRT",299.87,4.59,"D"
"2245",10.27108,32.19121,341.81,0.39,0.36,"2026-09-18",1115,"N20","nominal","2.0NRT",302.81,4.59,"D"
"2246",10.26947,32.18072,334.48,0.39,0.36,"2026-09-18",1115,"N20","nominal","2.0NRT",300.75,4.73,"D"
"2247",10.27492,32.19419,330.66,0.39,0.36,"2026-09-18",1115,"N20","nominal","2.0NRT",297.69,2.9,"D"
"2248",10.27277,32.18019,332.08,0.39,0.36,"2026-09-18",1115,"N20","low","2.0NRT",302.25,5.64,"D"
"2249",10.27169,32.1732,333.97,0.39,0.36,"2026-09-18",1115,"N20","nominal","2.0NRT",298.21,2.48,"D"
"2250",10.27499,32.17268,331.63,0.39,0.36,"2026-09-18",1115,"N20","nominal","2.0NRT",299.26,2.48,"D"
"2251",10.28343,32.11756,340.49,0.39,0.36,"2026-09-18",1115,"N20","nominal","2.0NRT",299.34,6.49,"D"
"2252",10.28484,32.05926,341.06,0.39,0.36,"2026-09-18",1115,"N20","nominal","2.0NRT",301.45,7.06,"D"
"2253",14.79403,31.80404,343.47,0.38,0.36,"2026-09-18",1115,"N20","nominal","2.0NRT",311.91,6.59,"D"
"2254",14.79349,31.8005,342.19,0.38,0.36,"2026-09-18",1115,"N20","nominal","2.0NRT",310.17,6.59,"D"
"2255",20.79235,30.32342,338.92,0.38,0.36,"2026-09-18",1117,"N20","low","2.0NRT",313.49,7.78,"D"
"2256",24.0249,40.48045,346.17,0.44,0.62,"2026-09-18",1117,"N20","low","2.0NRT",320.72,25.25,"D"
"2257",23.94865,38.26617,344.53,0.63,0.54,"2026-09-18",1117,"N20","nominal","2.0NRT",312.87,20.8,"D"
"2258",26.98018,43.75977,345.95,0.75,0.77,"2026-09-18",1119,"N20","nominal","2.0NRT",308.11,4.35,"D"
"2259",53.20426,143.2429,324.13,0.39,0.36,"2026-09-18",1650,"N20","nominal","2.0NRT",276.37,1.99,"N"
"2260",53.20523,143.23723,313.17,0.39,0.36,"2026-09-18",1650,"N20","nominal","2.0NRT",275.33,1.74,"N"
"2261",52.51348,143.18475,320.3,0.39,0.36,"2026-09-18",1650,"N20","nominal","2.0NRT",284.91,1.39,"N"
"2262",52.51025,143.18323,298.43,0.39,0.36,"2026-09-18",1650,"N20","nominal","2.0NRT",284.03,0.72,"N"
"2263",52.1397,143.01514,310.57,0.39,0.36,"2026-09-18",1650,"N20","nominal","2.0NRT",286.2,0.88,"N"
"2264",51.04845,136.95232,300.13,0.43,0.38,"2026-09-18",1652,"N20","nominal","2.0NRT",287.4,0.69,"N"
"2265",46.6324,142.91263,295.09,0.44,0.38,"2026-09-18",1652,"N20","nominal","2.0NRT",282.9,0.94,"N"
"2266",46.62897,142.91122,316.2,0.44,0.38,"2026-09-18",1652,"N20","nominal","2.0NRT",284.94,0.94,"N"
"2267",46.62553,142.90985,296.57,0.44,0.38,"2026-09-18",1652,"N20","nominal","2.0NRT",283.78,0.94,"N"
"2268",48.08575,123.44842,307.06,0.48,0.65,"2026-09-18",1652,"N20","nominal","2.0NRT",288.27,1.02,"N"
"2269",47.45558,130.51924,302.24,0.45,0.47,"2026-09-18",1652,"N20","nominal","2.0NRT",283.98,0.8,"N"
"2270",47.49852,129.27336,298.97,0.51,0.49,"2026-09-18",1652,"N20","nominal","2.0NRT",286.68,1.43,"N"
"2271",46.78865,130.43257,298.71,0.44,0.46,"2026-09-18",1652,"N20","nominal","2.0NRT",288.12,0.98,"N"
"2272",46.60349,131.06808,323.66,0.41,0.45,"2026-09-18",1652,"N20","nominal","2.0NRT",288.47,1.49,"N"
"2273",46.60209,131.06694,305.51,0.41,0.45,"2026-09-18",1652,"N20","nominal","2.0NRT",286.65,1.03,"N"
"2274",46.6016,131.0723,310.67,0.41,0.45,"2026-09-18",1652,"N20","nominal","2.0NRT",287.81,1.03,"N"
"2275",46.18958,125.28762,297.07,0.38,0.59,"2026-09-18",1652,"N20","nominal","2.0NRT",285.21,0.41,"N"
"2276",46.18937,125.29275,296.64,0.38,0.59,"2026-09-18",1652,"N20","nominal","2.0NRT",285.98,0.41,"N"
"2277",45.79956,130.92488,305.29,0.41,0.45,"2026-09-18",1652,"N20","nominal","2.0NRT",288.69,1.5,"N"
"2278",45.87739,124.26745,300.06,0.43,0.62,"2026-09-18",1652,"N20","nominal","2.0NRT",287.08,0.33,"N"
"2279",45.3975,127.14546,302.76,0.62,0.54,"2026-09-18",1652,"N20","nominal","2.0NRT",288.92,1.22,"N"
"2280",45.11161,130.58655,299.28,0.42,0.45,"2026-09-18",1652,"N20","nominal","2.0NRT",285.37,0.58,"N"
"2281",44.53812,132.75569,304.61,0.5,0.41,"2026-09-18",1654,"N20","nominal","2.0NRT",287.67,1.56,"N"
"2282",44.3332,125.33751,302.64,0.37,0.58,"2026-09-18",1654,"N20","nominal","2.0NRT",284.5,1.17,"N"
"2283",44.33071,125.33957,311.15,0.37,0.58,"2026-09-18",1654,"N20","nominal","2.0NRT",284.42,0.92,"N"
"2284",44.34863,124.41595,298.85,0.41,0.61,"2026-09-18",1654,"N20","nominal","2.0NRT",276.9,0.38,"N"
"2285",44.03584,126.53219,311.41,0.32,0.55,"2026-09-18",1654,"N20","nominal","2.0NRT",289.48,0.61,"N"
"2286",44.03078,126.5316,296.94,0.32,0.55,"2026-09-18",1654,"N20","nominal","2.0NRT",285.04,0.61,"N"
"2287",44.01056,126.52925,296.52,0.32,0.55,"2026-09-18",1654,"N20","nominal","2.0NRT",285.58,0.91,"N"
"2288",44.01033,126.53329,299.63,0.32,0.55,"2026-09-18",1654,"N20","nominal","2.0NRT",289.18,1.45,"N"
"2289",43.53412,126.26636,303.81,0.33,0.55,"2026-09-18",1654,"N20","nominal","2.0NRT",284.91,0.63,"N"
"2290",43.33199,125.93037,304.1,0.34,0.56,"2026-09-18",1654,"N20","nominal","2.0NRT",283.12,0.9,"N"
"2291",43.28103,124.61553,295.27,0.4,0.6,"2026-09-18",1654,"N20","nominal","2.0NRT",283.08,0.34,"N"
"2292",43.19184,125.99339,297.43,0.34,0.56,"2026-09-18",1654,"N20","nominal","2.0NRT",273.26,0.59,"N"
"2293",42.88689,126.15961,295.37,0.33,0.55,"2026-09-18",1654,"N20","nominal","2.0NRT",285.06,0.55,"N"
"2294",42.32988,125.25211,306.77,0.36,0.57,"2026-09-18",1654,"N20","nominal","2.0NRT",284.49,1.09,"N"
"2295",42.29476,125.93874,295.98,0.33,0.55,"2026-09-18",1654,"N20","nominal","2.0NRT",282.15,0.54,"N"
"2296",42.32647,125.25031,311.23,0.36,0.57,"2026-09-18",1654,"N20","nominal","2.0NRT",285.03,1.54,"N"
"2297",42.32116,125.24973,314.05,0.36,0.57,"2026-09-18",1654,"N20","nominal","2.0NRT",287.4,1.54,"N"
"2298",42.31584,125.24919,307.13,0.36,0.57,"2026-09-18",1654,"N20","nominal","2.0NRT",283.38,1.1,"N"
"2299",42.27192,119.01839,295.95,0.76,0.77,"2026-09-18",1654,"N20","nominal","2.0NRT",285.47,1.51,"N"
"2300",42.25112,119.1293,299,0.75,0.77,"2026-09-18",1654,"N20","nominal","2.0NRT",285.42,1.57,"N"
"2301",42.27654,119.01768,297.41,0.76,0.77,"2026-09-18",1654,"N20","nominal","2.0NRT",285.78,1.95,"N"
"2302",42.25519,119.12902,301.47,0.75,0.77,"2026-09-18",1654,"N20","nominal","2.0NRT",286.18,1.72,"N"
"2303",41.77525,126.01989,295.92,0.33,0.55,"2026-09-18",1654,"N20","nominal","2.0NRT",284.7,0.69,"N"
"2304",41.84443,123.7504,303.04,0.43,0.62,"2026-09-18",1654,"N20","nominal","2.0NRT",285.65,1.87,"N"
"2305",41.8327,124.02978,302.83,0.41,0.61,"2026-09-18",1654,"N20","nominal","2.0NRT",275.21,0.88,"N"
"2306",41.56161,121.28486,296.2,0.57,0.69,"2026-09-18",1654,"N20","nominal","2.0NRT",284.48,1.8,"N"
"2307",41.38396,123.48837,312.64,0.44,0.62,"2026-09-18",1654,"N20","nominal","2.0NRT",287.09,1.06,"N"
"2308",41.38377,123.48791,309.19,0.44,0.62,"2026-09-18",1654,"N20","nominal","2.0NRT",285.76,1.15,"N"
"2309",41.34975,123.46931,301.17,0.44,0.62,"2026-09-18",1654,"N20","nominal","2.0NRT",287.15,0.79,"N"
"2310",41.13557,122.99117,303.76,0.46,0.64,"2026-09-18",1654,"N20","nominal","2.0NRT",281.05,2.14,"N"
"2311",41.01125,120.8147,298.68,0.6,0.71,"2026-09-18",1654,"N20","nominal","2.0NRT",285.82,0.82,"N"
"2312",41.013,120.80967,298.8,0.6,0.71,"2026-09-18",1654,"N20","nominal","2.0NRT",285.62,1.26,"N"
"2313",40.9753,119.42496,296.41,0.71,0.75,"2026-09-18",1654,"N20","nominal","2.0NRT",284.09,0.63,"N"
"2314",40.63398,119.95159,298.8,0.67,0.73,"2026-09-18",1654,"N20","nominal","2.0NRT",285.92,0.79,"N"
"2315",40.63314,119.95451,296.36,0.67,0.73,"2026-09-18",1654,"N20","nominal","2.0NRT",286.12,0.95,"N"
"2316",40.11481,118.72501,299.1,0.77,0.77,"2026-09-18",1654,"N20","nominal","2.0NRT",287.08,2.28,"N"
"2317",39.946,118.55015,299.77,0.78,0.78,"2026-09-18",1654,"N20","nominal","2.0NRT",288.38,2.33,"N"
"2318",39.44477,126.01818,315.05,0.62,0.54,"2026-09-18",1654,"N20","nominal","2.0NRT",278.91,4.15,"N"
"2319",39.44414,126.01818,314.14,0.62,0.54,"2026-09-18",1654,"N20","nominal","2.0NRT",278.9,3.03,"N"
"2320",39.5835,121.43078,299.57,0.55,0.68,"2026-09-18",1654,"N20","nominal","2.0NRT",289.42,1.18,"N"
"2321",39.59511,118.45763,298.35,0.79,0.78,"2026-09-18",1654,"N20","nominal","2.0NRT",288.04,1.37,"N"
"2322",39.58099,121.4319,299.21,0.55,0.68,"2026-09-18",1654,"N20","nominal","2.0NRT",289.01,0.92,"N"
"2323",39.46875,120.44701,329.71,0.62,0.71,"2026-09-18",1654,"N20","nominal","2.0NRT",286.98,1.63,"N"
"2324",39.47126,120.44704,328.23,0.62,0.71,"2026-09-18",1654,"N20","nominal","2.0NRT",286.4,1.99,"N"
"2325",36.18235,139.0601,299.16,0.46,0.39,"2026-09-18",1656,"N20","nominal","2.0NRT",271.24,0.71,"N"
"2326",37.4866,129.05551,303.26,0.41,0.45,"2026-09-18",1656,"N20","nominal","2.0NRT",282.89,1.46,"N"
"2327",37.48335,129.04604,297.68,0.41,0.45,"2026-09-18",1656,"N20","nominal","2.0NRT",277.81,1.06,"N"
"2328",37.48292,129.0504,308.31,0.41,0.45,"2026-09-18",1656,"N20","nominal","2.0NRT",283.57,1.46,"N"
"2329",37.48451,129.04822,314.73,0.41,0.45,"2026-09-18",1656,"N20","nominal","2.0NRT",281.14,1.61,"N"
"2330",37.69235,121.09789,299.64,0.56,0.69,"2026-09-18",1656,"N20","nominal","2.0NRT",285.2,0.82,"N"
"2331",37.61663,120.83017,301,0.57,0.69,"2026-09-18",1656,"N20","nominal","2.0NRT",285.97,2.2,"N"
"2332",37.4748,121.04993,299.28,0.56,0.69,"2026-09-18",1656,"N20","nominal","2.0NRT",282.91,1.94,"N"
"2333",37.01301,128.33531,310.72,0.44,0.46,"2026-09-18",1656,"N20","nominal","2.0NRT",286.68,1.04,"N"
"2334",37.01251,128.34038,305.91,0.44,0.46,"2026-09-18",1656,"N20","nominal","2.0NRT",285.68,1.04,"N"
"2335",37.47291,121.05086,300.09,0.56,0.69,"2026-09-18",1656,"N20","nominal","2.0NRT",283.9,2.35,"N"
"2336",36.98521,126.70773,328.29,0.54,0.5,"2026-09-18",1656,"N20","nominal","2.0NRT",288.99,2.93,"N"
"2337",36.98669,126.68946,308.61,0.54,0.51,"2026-09-18",1656,"N20","nominal","2.0NRT",288.89,2.16,"N"
"2338",36.98471,126.71386,306.29,0.54,0.5,"2026-09-18",1656,"N20","nominal","2.0NRT",286.86,2.93,"N"
"2339",36.98202,126.68885,304.06,0.54,0.51,"2026-09-18",1656,"N20","nominal","2.0NRT",285.55,2.16,"N"
"2340",36.98055,126.70712,310.69,0.54,0.5,"2026-09-18",1656,"N20","nominal","2.0NRT",288.67,2.93,"N"
"2341",37.18803,121.59688,300,0.52,0.67,"2026-09-18",1656,"N20","nominal","2.0NRT",287.84,0.76,"N"
"2342",37.03994,121.60424,297.63,0.52,0.67,"2026-09-18",1656,"N20","nominal","2.0NRT",287.55,0.69,"N"
"2343",37.04096,121.60442,300.35,0.52,0.67,"2026-09-18",1656,"N20","nominal","2.0NRT",287.62,1.13,"N"
"2344",34.25178,135.10353,308.63,0.38,0.36,"2026-09-18",1656,"N20","nominal","2.0NRT",289.82,0.92,"N"
"2345",34.92854,127.74556,303.07,0.45,0.47,"2026-09-18",1656,"N20","nominal","2.0NRT",290.35,1.47,"N"
"2346",34.92805,127.75043,307.9,0.44,0.46,"2026-09-18",1656,"N20","nominal","2.0NRT",291.26,1.47,"N"
"2347",34.92523,127.73517,306.55,0.45,0.47,"2026-09-18",1656,"N20","nominal","2.0NRT",290.02,1.98,"N"
"2348",34.91997,127.74432,304.64,0.45,0.47,"2026-09-18",1656,"N20","nominal","2.0NRT",291.26,2.73,"N"
"2349",34.91912,127.70928,306.43,0.45,0.47,"2026-09-18",1656,"N20","nominal","2.0NRT",291.68,1.82,"N"
"2350",34.91471,127.75344,317.38,0.44,0.46,"2026-09-18",1656,"N20","nominal","2.0NRT",292.66,2.15,"N"
"2351",34.8168,127.66206,306.16,0.45,0.47,"2026-09-18",1656,"N20","nominal","2.0NRT",290.87,0.99,"N"
"2352",31.74417,118.48319,300.73,0.72,0.75,"2026-09-18",1658,"N20","nominal","2.0NRT",282.57,2.79,"N"
"2353",31.73885,118.48557,298.78,0.71,0.75,"2026-09-18",1658,"N20","nominal","2.0NRT",282.81,2.66,"N"
"2354",31.52401,117.89334,305.89,0.77,0.77,"2026-09-18",1658,"N20","nominal","2.0NRT",280.09,1.8,"N"
"2355",31.47976,117.92476,300.04,0.77,0.77,"2026-09-18",1658,"N20","nominal","2.0NRT",280.42,2.67,"N"
"2356",31.47707,117.92491,299.47,0.77,0.77,"2026-09-18",1658,"N20","nominal","2.0NRT",280.35,1.95,"N"
"2357",31.14013,118.16774,313.72,0.74,0.76,"2026-09-18",1658,"N20","nominal","2.0NRT",282.8,3.78,"N"
"2358",31.14333,118.1665,298.87,0.74,0.76,"2026-09-18",1658,"N20","nominal","2.0NRT",282.39,0.93,"N"
"2359",31.13622,118.1664,308.95,0.74,0.76,"2026-09-18",1658,"N20","nominal","2.0NRT",282.78,2.03,"N"
"2360",31.09881,118.01923,301.42,0.75,0.77,"2026-09-18",1658,"N20","nominal","2.0NRT",282.63,1.26,"N"
"2361",30.8498,117.77065,297.12,0.78,0.78,"2026-09-18",1658,"N20","nominal","2.0NRT",282.55,1.37,"N"
"2362",30.84756,117.77044,297.82,0.78,0.78,"2026-09-18",1658,"N20","nominal","2.0NRT",282.44,1.49,"N"
"2363",29.64202,129.71275,321.72,0.46,0.39,"2026-09-18",1658,"N20","nominal","2.0NRT",290.47,2.2,"N"
"2364",30.02932,119.74683,303.49,0.58,0.7,"2026-09-18",1658,"N20","nominal","2.0NRT",285.63,1.47,"N"
"2365",29.42597,119.14963,309.12,0.63,0.72,"2026-09-18",1658,"N20","nominal","2.0NRT",285.57,1.82,"N"
"2366",29.42214,119.14964,308.6,0.63,0.72,"2026-09-18",1658,"N20","nominal","2.0NRT",285.59,1.48,"N"
"2367",24.97849,121.04089,303.23,0.43,0.62,"2026-09-18",1658,"N20","nominal","2.0NRT",291.46,0.6,"N"
"2368",24.73566,120.93285,315.12,0.44,0.62,"2026-09-18",1658,"N20","nominal","2.0NRT",291.73,1.12,"N"
"2369",24.58518,121.85046,302.34,0.38,0.59,"2026-09-18",1658,"N20","nominal","2.0NRT",290.75,0.51,"N"
"2370",24.83039,117.00779,300.76,0.78,0.78,"2026-09-18",1658,"N20","nominal","2.0NRT",289.04,0.77,"N"
"2371",16.16928,120.56524,302.82,0.37,0.58,"2026-09-18",1702,"N20","nominal","2.0NRT",285.93,0.91,"N"
"2372",14.0119,120.99661,308.43,0.32,0.55,"2026-09-18",1702,"N20","nominal","2.0NRT",289.58,1.81,"N"
"2373",14.01152,120.99975,308.58,0.32,0.55,"2026-09-18",1702,"N20","nominal","2.0NRT",290.1,1.81,"N"
"2374",13.25891,123.68031,317.35,0.42,0.45,"2026-09-18",1702,"N20","nominal","2.0NRT",287.04,1.14,"N"
"2375",13.25468,123.68033,325.66,0.42,0.45,"2026-09-18",1702,"N20","nominal","2.0NRT",285.27,2.62,"N"
"2376",10.29766,125.53445,334.72,0.46,0.39,"2026-09-18",1702,"N20","nominal","2.0NRT",292.65,4.48,"N"
"2377",38.23121,119.15094,332.66,0.5,0.49,"2026-09-18",1836,"N20","nominal","2.0NRT",292.25,3.31,"N"
"2378",37.69162,121.09885,295.08,0.33,0.55,"2026-09-18",1836,"N20","nominal","2.0NRT",283,0.46,"N"
"2379",38.07505,118.86454,301.53,0.49,0.49,"2026-09-18",1836,"N20","nominal","2.0NRT",290.49,0.45,"N"
"2380",38.29477,117.83886,305.7,0.43,0.46,"2026-09-18",1836,"N20","nominal","2.0NRT",292.95,1.27,"N"
"2381",38.29176,117.83265,313.74,0.43,0.46,"2026-09-18",1836,"N20","nominal","2.0NRT",292.17,1.27,"N"
"2382",38.28573,117.82023,310.2,0.43,0.46,"2026-09-18",1836,"N20","nominal","2.0NRT",292.68,1.97,"N"
"2383",38.28484,117.80453,303.93,0.43,0.46,"2026-09-18",1836,"N20","nominal","2.0NRT",292.37,1.14,"N"
"2384",38.28378,117.80927,306.21,0.43,0.46,"2026-09-18",1836,"N20","nominal","2.0NRT",291.99,0.61,"N"
"2385",37.47385,121.05274,305.97,0.33,0.55,"2026-09-18",1836,"N20","nominal","2.0NRT",288.52,1.1,"N"
"2386",38.86224,114.82771,299.95,0.46,0.39,"2026-09-18",1836,"N20","nominal","2.0NRT",288.71,0.7,"N"
"2387",38.86012,114.83112,299.64,0.46,0.39,"2026-09-18",1836,"N20","nominal","2.0NRT",288.6,0.54,"N"
"2388",39.58806,110.55059,298.42,0.38,0.36,"2026-09-18",1836,"N20","nominal","2.0NRT",284.36,0.54,"N"
"2389",39.55899,110.58453,324.83,0.38,0.36,"2026-09-18",1836,"N20","nominal","2.0NRT",285.07,2.5,"N"
"2390",37.18503,121.59858,301.43,0.36,0.57,"2026-09-18",1836,"N20","nominal","2.0NRT",288.44,0.65,"N"
"2391",37.179,121.60033,305.79,0.36,0.57,"2026-09-18",1836,"N20","nominal","2.0NRT",288.85,0.65,"N"
"2392",39.40076,110.63719,311.37,0.38,0.36,"2026-09-18",1836,"N20","nominal","2.0NRT",289.9,3.33,"N"
"2393",39.39665,110.66365,298.32,0.38,0.36,"2026-09-18",1836,"N20","nominal","2.0NRT",285.08,0.67,"N"
"2394",39.3975,110.63634,348.1,0.38,0.36,"2026-09-18",1836,"N20","nominal","2.0NRT",293.16,3.33,"N"
"2395",39.37031,110.61313,299.56,0.38,0.36,"2026-09-18",1836,"N20","nominal","2.0NRT",285.08,0.4,"N"
"2396",39.39382,110.41728,311.78,0.39,0.36,"2026-09-18",1836,"N20","nominal","2.0NRT",288.64,1.65,"N"
"2397",39.04899,112.40878,295.09,0.4,0.37,"2026-09-18",1836,"N20","nominal","2.0NRT",282.16,0.48,"N"
"2398",39.86909,106.78156,298.75,0.47,0.4,"2026-09-18",1836,"N20","nominal","2.0NRT",267,0.42,"N"
"2399",39.85709,106.88056,297.5,0.47,0.39,"2026-09-18",1836,"N20","nominal","2.0NRT",276.94,1.12,"N"
"2400",38.57492,114.94974,313.15,0.47,0.4,"2026-09-18",1836,"N20","nominal","2.0NRT",290.05,1.41,"N"
"2401",38.57135,114.9486,303.55,0.47,0.4,"2026-09-18",1836,"N20","nominal","2.0NRT",291.48,1.41,"N"
"2402",38.56526,114.94103,316.01,0.47,0.4,"2026-09-18",1836,"N20","nominal","2.0NRT",289.81,1.54,"N"
"2403",37.04401,121.60336,300.53,0.36,0.57,"2026-09-18",1836,"N20","nominal","2.0NRT",287.51,1.11,"N"
"2404",39.28033,110.73179,302.06,0.38,0.36,"2026-09-18",1836,"N20","nominal","2.0NRT",286.39,0.75,"N"
"2405",38.94947,112.6814,307.54,0.4,0.37,"2026-09-18",1836,"N20","nominal","2.0NRT",287.89,1.17,"N"
"2406",38.94615,112.68047,301.49,0.4,0.37,"2026-09-18",1836,"N20","nominal","2.0NRT",286.24,1.01,"N"
"2407",39.25589,110.75747,301.81,0.38,0.36,"2026-09-18",1836,"N20","nominal","2.0NRT",285.24,0.55,"N"
"2408",38.78931,112.76092,300.74,0.4,0.37,"2026-09-18",1836,"N20","nominal","2.0NRT",286.32,0.76,"N"
"2409",38.69825,113.23444,300.15,0.41,0.37,"2026-09-18",1836,"N20","nominal","2.0NRT",284.79,0.49,"N"
"2410",39.07354,111.00224,306.51,0.38,0.36,"2026-09-18",1836,"N20","nominal","2.0NRT",285.85,0.93,"N"
"2411",38.69488,113.23344,296.31,0.41,0.37,"2026-09-18",1836,"N20","nominal","2.0NRT",283.54,0.49,"N"
"2412",39.11146,110.71999,305.5,0.38,0.36,"2026-09-18",1836,"N20","nominal","2.0NRT",285.4,1.27,"N"
"2413",39.08891,110.75521,300.16,0.38,0.36,"2026-09-18",1836,"N20","nominal","2.0NRT",286.47,0.78,"N"
"2414",39.08614,110.77266,308.05,0.38,0.36,"2026-09-18",1836,"N20","nominal","2.0NRT",286.02,2,"N"
"2415",39.08494,110.75875,300.91,0.38,0.36,"2026-09-18",1836,"N20","nominal","2.0NRT",286.81,0.78,"N"
"2416",39.08426,110.76313,298.02,0.38,0.36,"2026-09-18",1836,"N20","nominal","2.0NRT",285.65,1.2,"N"
"2417",39.05761,110.88849,296.39,0.38,0.36,"2026-09-18",1836,"N20","nominal","2.0NRT",283.95,0.53,"N"
"2418",39.05554,110.66448,314.6,0.38,0.36,"2026-09-18",1836,"N20","nominal","2.0NRT",286.77,1.31,"N"
"2419",38.40157,114.14913,303.77,0.44,0.39,"2026-09-18",1836,"N20","nominal","2.0NRT",289.16,1.03,"N"
"2420",39.47575,107.13811,300.37,0.45,0.39,"2026-09-18",1836,"N20","nominal","2.0NRT",286.24,1.33,"N"
"2421",38.37817,114.13683,303.8,0.44,0.39,"2026-09-18",1836,"N20","nominal","2.0NRT",291.55,1.01,"N"
"2422",38.37374,114.14077,300.12,0.44,0.39,"2026-09-18",1836,"N20","nominal","2.0NRT",289.62,1.01,"N"
"2423",39.46637,107.12547,295.76,0.45,0.39,"2026-09-18",1836,"N20","nominal","2.0NRT",285.52,0.69,"N"
"2424",39.52909,106.51256,295.29,0.48,0.4,"2026-09-18",1836,"N20","nominal","2.0NRT",271.81,1.38,"N"
"2425",39.52844,106.51814,314.63,0.48,0.4,"2026-09-18",1836,"N20","nominal","2.0NRT",270.54,1.38,"N"
"2426",39.00745,110.24781,296.29,0.39,0.36,"2026-09-18",1836,"N20","nominal","2.0NRT",285.5,0.79,"N"
"2427",39.43338,107.05195,301.31,0.46,0.39,"2026-09-18",1836,"N20","nominal","2.0NRT",287.8,1.55,"N"
"2428",39.41581,107.0754,302.77,0.45,0.39,"2026-09-18",1836,"N20","nominal","2.0NRT",285.12,0.72,"N"
"2429",39.41981,106.71342,302.84,0.47,0.4,"2026-09-18",1836,"N20","nominal","2.0NRT",266.32,1.31,"N"
"2430",39.33426,106.98028,300.37,0.46,0.39,"2026-09-18",1836,"N20","nominal","2.0NRT",280.97,1.55,"N"
"2431",39.33068,106.97956,298.13,0.46,0.39,"2026-09-18",1836,"N20","nominal","2.0NRT",279.25,1.5,"N"
"2432",39.32711,106.97885,321.8,0.46,0.39,"2026-09-18",1836,"N20","nominal","2.0NRT",277.55,1.5,"N"
"2433",38.13515,114.31313,303.69,0.45,0.39,"2026-09-18",1836,"N20","nominal","2.0NRT",289.87,1.01,"N"
"2434",39.27329,106.72643,295.05,0.47,0.39,"2026-09-18",1836,"N20","nominal","2.0NRT",281.61,0.45,"N"
"2435",38.33923,112.72356,317.79,0.41,0.37,"2026-09-18",1836,"N20","nominal","2.0NRT",285.94,2.3,"N"
"2436",39.19532,106.994,296.11,0.46,0.39,"2026-09-18",1836,"N20","nominal","2.0NRT",271.14,1.19,"N"
"2437",39.18753,106.99777,309.58,0.46,0.39,"2026-09-18",1836,"N20","nominal","2.0NRT",274.42,1.69,"N"
"2438",39.22129,106.69341,316.63,0.47,0.4,"2026-09-18",1836,"N20","nominal","2.0NRT",283.81,2.59,"N"
"2439",38.73418,110.18585,299.36,0.39,0.36,"2026-09-18",1836,"N20","nominal","2.0NRT",286.18,0.71,"N"
"2440",38.16344,113.48094,303.66,0.43,0.38,"2026-09-18",1836,"N20","nominal","2.0NRT",285.05,1.19,"N"
"2441",37.12868,118.42208,320.21,0.49,0.48,"2026-09-18",1836,"N20","nominal","2.0NRT",291.11,3.12,"N"
"2442",37.12991,118.41679,319.86,0.49,0.48,"2026-09-18",1836,"N20","nominal","2.0NRT",291.16,3.53,"N"
"2443",38.71452,110.18092,303.8,0.39,0.36,"2026-09-18",1836,"N20","nominal","2.0NRT",285.56,0.86,"N"
"2444",38.71124,110.1801,305.22,0.39,0.36,"2026-09-18",1836,"N20","nominal","2.0NRT",286.77,0.86,"N"
"2445",38.70796,110.17927,299.32,0.39,0.36,"2026-09-18",1836,"N20","nominal","2.0NRT",284.67,0.65,"N"
"2446",38.69754,110.15845,302.04,0.39,0.36,"2026-09-18",1836,"N20","nominal","2.0NRT",286.13,0.73,"N"
"2447",37.76154,115.19203,301.07,0.5,0.41,"2026-09-18",1836,"N20","nominal","2.0NRT",289.25,1.08,"N"
"2448",39.05207,106.11426,301.86,0.49,0.4,"2026-09-18",1836,"N20","nominal","2.0NRT",283.23,1.39,"N"
"2449",37.89071,113.666,304.31,0.44,0.38,"2026-09-18",1836,"N20","nominal","2.0NRT",286.62,0.77,"N"
"2450",38.94799,106.46131,296.58,0.47,0.4,"2026-09-18",1836,"N20","nominal","2.0NRT",283.05,0.71,"N"
"2451",38.60868,108.99324,326.85,0.4,0.37,"2026-09-18",1836,"N20","nominal","2.0NRT",285.29,1.35,"N"
"2452",38.94436,106.46059,299.81,0.47,0.4,"2026-09-18",1836,"N20","nominal","2.0NRT",283,0.71,"N"
"2453",38.60933,108.98872,300.06,0.4,0.37,"2026-09-18",1836,"N20","nominal","2.0NRT",283.26,1.35,"N"
"2454",38.60535,108.99246,299.58,0.4,0.37,"2026-09-18",1836,"N20","nominal","2.0NRT",283.72,0.74,"N"
"2455",38.91423,106.43227,296.57,0.47,0.4,"2026-09-18",1836,"N20","nominal","2.0NRT",283.85,0.99,"N"
"2456",38.91358,106.43773,296.4,0.47,0.4,"2026-09-18",1836,"N20","nominal","2.0NRT",283.71,1.17,"N"
"2457",38.91292,106.44318,302.39,0.47,0.4,"2026-09-18",1836,"N20","nominal","2.0NRT",282.76,1.17,"N"
"2458",38.91227,106.44863,302.83,0.47,0.4,"2026-09-18",1836,"N20","nominal","2.0NRT",283.45,1.53,"N"
"2459",38.37271,110.34061,300.93,0.38,0.36,"2026-09-18",1836,"N20","nominal","2.0NRT",283.32,0.57,"N"
"2460",36.95005,117.6272,303.44,0.45,0.47,"2026-09-18",1836,"N20","nominal","2.0NRT",290.14,0.63,"N"
"2461",36.76096,118.40442,299.57,0.5,0.49,"2026-09-18",1836,"N20","nominal","2.0NRT",288.84,0.98,"N"
"2462",36.75969,118.4098,300.44,0.5,0.49,"2026-09-18",1836,"N20","nominal","2.0NRT",289.65,0.98,"N"
"2463",36.76156,118.40898,303.48,0.5,0.49,"2026-09-18",1836,"N20","nominal","2.0NRT",289.35,1,"N"
"2464",36.90221,117.74609,303.85,0.46,0.47,"2026-09-18",1836,"N20","nominal","2.0NRT",291.56,0.95,"N"
"2465",37.93232,112.54086,298.54,0.41,0.37,"2026-09-18",1836,"N20","nominal","2.0NRT",286.82,0.54,"N"
"2466",37.92978,112.5354,300.25,0.41,0.37,"2026-09-18",1836,"N20","nominal","2.0NRT",288.88,1.07,"N"
"2467",37.92485,112.54352,300.85,0.41,0.37,"2026-09-18",1836,"N20","nominal","2.0NRT",288.1,0.91,"N"
"2468",37.92151,112.54258,303.43,0.41,0.37,"2026-09-18",1836,"N20","nominal","2.0NRT",287.76,0.96,"N"
"2469",37.92071,112.5471,299.34,0.41,0.37,"2026-09-18",1836,"N20","nominal","2.0NRT",288.34,0.96,"N"
"2470",37.91737,112.54617,318.97,0.41,0.37,"2026-09-18",1836,"N20","nominal","2.0NRT",289.85,0.96,"N"
"2471",37.91069,112.5443,299.02,0.41,0.37,"2026-09-18",1836,"N20","nominal","2.0NRT",286.42,0.81,"N"
"2472",38.26917,110.23994,298.29,0.38,0.36,"2026-09-18",1836,"N20","nominal","2.0NRT",286.35,0.63,"N"
"2473",37.52486,114.44321,301.55,0.47,0.4,"2026-09-18",1836,"N20","nominal","2.0NRT",291.47,1.02,"N"
"2474",36.85349,117.62255,316.51,0.45,0.47,"2026-09-18",1836,"N20","nominal","2.0NRT",289.83,1.96,"N"
"2475",38.10599,110.47593,296.54,0.38,0.36,"2026-09-18",1836,"N20","nominal","2.0NRT",284.79,0.33,"N"
"2476",36.75182,117.48121,300.08,0.44,0.46,"2026-09-18",1836,"N20","nominal","2.0NRT",288.41,0.58,"N"
"2477",36.75285,117.4794,300.8,0.44,0.46,"2026-09-18",1836,"N20","nominal","2.0NRT",288.21,0.5,"N"
"2478",36.62878,117.75256,301.68,0.46,0.47,"2026-09-18",1836,"N20","nominal","2.0NRT",289.11,0.64,"N"
"2479",38.19331,109.11189,310.06,0.39,0.36,"2026-09-18",1836,"N20","nominal","2.0NRT",283.59,0.88,"N"
"2480",38.19266,109.11635,304.94,0.39,0.36,"2026-09-18",1836,"N20","nominal","2.0NRT",284.68,0.88,"N"
"2481",38.23476,108.61658,306.75,0.4,0.37,"2026-09-18",1836,"N20","nominal","2.0NRT",284.15,0.78,"N"
"2482",38.51421,105.97736,312.34,0.49,0.4,"2026-09-18",1836,"N20","nominal","2.0NRT",288.88,1.98,"N"
"2483",37.57809,112.26489,323.63,0.4,0.37,"2026-09-18",1836,"N20","nominal","2.0NRT",290.95,1.52,"N"
"2484",37.5773,112.26938,309.79,0.4,0.37,"2026-09-18",1836,"N20","nominal","2.0NRT",290.59,1.52,"N"
"2485",37.57555,112.25949,316.88,0.4,0.37,"2026-09-18",1836,"N20","nominal","2.0NRT",288.07,1.12,"N"
"2486",37.57476,112.26398,300.6,0.4,0.37,"2026-09-18",1836,"N20","nominal","2.0NRT",289.29,1.52,"N"
"2487",37.57382,112.26129,323.91,0.4,0.37,"2026-09-18",1836,"N20","nominal","2.0NRT",290.48,1.21,"N"
"2488",37.58625,112.18961,299.44,0.4,0.37,"2026-09-18",1836,"N20","nominal","2.0NRT",286.61,0.74,"N"
"2489",37.5746,112.25681,307.09,0.4,0.37,"2026-09-18",1836,"N20","nominal","2.0NRT",287.28,1.21,"N"
"2490",37.58292,112.18872,303.85,0.4,0.37,"2026-09-18",1836,"N20","nominal","2.0NRT",287.81,0.74,"N"
"2491",37.57128,112.2559,312.87,0.4,0.37,"2026-09-18",1836,"N20","nominal","2.0NRT",291.56,1.21,"N"
"2492",37.5705,112.26037,300.45,0.4,0.37,"2026-09-18",1836,"N20","nominal","2.0NRT",288.92,1.21,"N"
"2493",37.58194,112.17432,300.66,0.4,0.37,"2026-09-18",1836,"N20","nominal","2.0NRT",288.78,1.49,"N"
"2494",37.57106,112.23705,299.33,0.4,0.37,"2026-09-18",1836,"N20","nominal","2.0NRT",286.6,0.8,"N"
"2495",37.57028,112.24153,302.4,0.4,0.37,"2026-09-18",1836,"N20","nominal","2.0NRT",288.62,0.8,"N"
"2496",37.56873,112.25049,304.15,0.4,0.37,"2026-09-18",1836,"N20","nominal","2.0NRT",286.38,0.82,"N"
"2497",37.57783,112.17794,313.8,0.4,0.37,"2026-09-18",1836,"N20","nominal","2.0NRT",289.16,1.49,"N"
"2498",37.56306,112.26302,308.88,0.4,0.37,"2026-09-18",1836,"N20","nominal","2.0NRT",289.9,1.29,"N"
"2499",37.56228,112.2675,304.54,0.4,0.37,"2026-09-18",1836,"N20","nominal","2.0NRT",288.67,1.29,"N"
"2500",37.5615,112.27199,313.54,0.4,0.37,"2026-09-18",1836,"N20","nominal","2.0NRT",286.73,1.29,"N"
"2501",37.14133,114.53565,319.42,0.48,0.4,"2026-09-18",1836,"N20","nominal","2.0NRT",293.72,2.49,"N"
"2502",38.06847,109.01772,324.99,0.39,0.37,"2026-09-18",1836,"N20","nominal","2.0NRT",286.02,2.2,"N"
"2503",38.06913,109.01325,303.52,0.39,0.37,"2026-09-18",1836,"N20","nominal","2.0NRT",284.14,2.2,"N"
"2504",37.55442,112.23248,299.56,0.4,0.37,"2026-09-18",1836,"N20","nominal","2.0NRT",289.05,0.81,"N"
"2505",38.06515,109.01694,301.58,0.39,0.37,"2026-09-18",1836,"N20","nominal","2.0NRT",284.9,0.86,"N"
"2506",37.40451,112.58086,323.4,0.41,0.37,"2026-09-18",1836,"N20","nominal","2.0NRT",286.16,1.85,"N"
"2507",37.40115,112.57992,299.79,0.41,0.37,"2026-09-18",1836,"N20","nominal","2.0NRT",284.3,0.44,"N"
"2508",38.38162,105.68967,301.93,0.5,0.41,"2026-09-18",1836,"N20","nominal","2.0NRT",286.22,0.89,"N"
"2509",37.99846,108.60471,304.14,0.4,0.37,"2026-09-18",1836,"N20","nominal","2.0NRT",284.66,0.57,"N"
"2510",38.25194,106.55621,298.12,0.46,0.39,"2026-09-18",1836,"N20","nominal","2.0NRT",286.19,1.46,"N"
"2511",38.24899,106.55022,307.33,0.46,0.39,"2026-09-18",1836,"N20","nominal","2.0NRT",282.71,1.46,"N"
"2512",38.24834,106.5555,311.98,0.46,0.39,"2026-09-18",1836,"N20","nominal","2.0NRT",288.68,1.46,"N"
"2513",38.2454,106.54952,296.91,0.46,0.39,"2026-09-18",1836,"N20","nominal","2.0NRT",281.89,0.52,"N"
"2514",38.24475,106.55479,297.05,0.46,0.39,"2026-09-18",1836,"N20","nominal","2.0NRT",282.36,0.52,"N"
"2515",37.73565,110.20615,296.11,0.38,0.36,"2026-09-18",1836,"N20","nominal","2.0NRT",285.94,0.54,"N"
"2516",36.30453,117.53194,320.76,0.46,0.47,"2026-09-18",1836,"N20","nominal","2.0NRT",291.16,2.73,"N"
"2517",38.18904,106.66695,299.62,0.46,0.39,"2026-09-18",1836,"N20","nominal","2.0NRT",284.52,0.66,"N"
"2518",36.30656,117.53204,301.13,0.46,0.47,"2026-09-18",1836,"N20","nominal","2.0NRT",290.07,1.43,"N"
"2519",36.30237,117.53062,315.26,0.46,0.47,"2026-09-18",1836,"N20","nominal","2.0NRT",289.63,1.43,"N"
"2520",37.89501,108.49567,316.77,0.4,0.37,"2026-09-18",1836,"N20","nominal","2.0NRT",285.31,1.35,"N"
"2521",36.21482,117.61799,301.04,0.46,0.47,"2026-09-18",1836,"N20","nominal","2.0NRT",289.35,0.77,"N"
"2522",36.20832,117.62658,309.66,0.46,0.47,"2026-09-18",1836,"N20","nominal","2.0NRT",289.41,1.59,"N"
"2523",36.48342,116.34119,305.18,0.39,0.44,"2026-09-18",1836,"N20","nominal","2.0NRT",291.63,2.12,"N"
"2524",36.48249,116.34546,303.94,0.39,0.44,"2026-09-18",1836,"N20","nominal","2.0NRT",291.81,1.39,"N"
"2525",36.10945,117.83583,300.25,0.48,0.48,"2026-09-18",1836,"N20","nominal","2.0NRT",288.19,0.89,"N"
"2526",36.83638,114.34349,303.49,0.47,0.4,"2026-09-18",1836,"N20","nominal","2.0NRT",288.37,0.92,"N"
"2527",37.40777,111.13939,324.1,0.39,0.36,"2026-09-18",1836,"N20","nominal","2.0NRT",287.25,2.19,"N"
"2528",36.0948,117.81895,314.97,0.48,0.48,"2026-09-18",1836,"N20","nominal","2.0NRT",288.7,1.25,"N"
"2529",37.3239,111.57903,297.09,0.39,0.36,"2026-09-18",1836,"N20","nominal","2.0NRT",283.16,0.52,"N"
"2530",37.39252,111.14886,298.28,0.39,0.36,"2026-09-18",1836,"N20","nominal","2.0NRT",288.25,0.93,"N"
"2531",36.07955,117.82519,301.13,0.48,0.48,"2026-09-18",1836,"N20","nominal","2.0NRT",289.15,2.14,"N"
"2532",37.38525,111.15147,300.7,0.39,0.36,"2026-09-18",1836,"N20","nominal","2.0NRT",286.36,0.49,"N"
"2533",37.37469,111.15319,299.29,0.39,0.36,"2026-09-18",1836,"N20","nominal","2.0NRT",285.93,1.05,"N"
"2534",37.37325,111.16193,299.29,0.39,0.36,"2026-09-18",1836,"N20","nominal","2.0NRT",285.3,0.7,"N"
"2535",35.77415,118.94683,302.12,0.56,0.51,"2026-09-18",1836,"N20","nominal","2.0NRT",285.8,0.83,"N"
"2536",37.66487,108.89671,298.16,0.39,0.37,"2026-09-18",1836,"N20","nominal","2.0NRT",284.85,0.27,"N"
"2537",36.27575,116.57386,321.34,0.41,0.45,"2026-09-18",1836,"N20","nominal","2.0NRT",292.27,2.15,"N"
"2538",37.13077,112.04607,298.86,0.4,0.37,"2026-09-18",1836,"N20","nominal","2.0NRT",287.62,0.8,"N"
"2539",37.19132,111.67452,317.21,0.39,0.37,"2026-09-18",1836,"N20","nominal","2.0NRT",286.29,2,"N"
"2540",37.18621,111.66399,318.63,0.39,0.37,"2026-09-18",1836,"N20","nominal","2.0NRT",286.42,1.68,"N"
"2541",36.73001,114.09038,307.84,0.47,0.39,"2026-09-18",1836,"N20","nominal","2.0NRT",292.35,1.97,"N"
"2542",36.72703,114.10579,305.63,0.47,0.39,"2026-09-18",1836,"N20","nominal","2.0NRT",293.83,2.14,"N"
"2543",36.71892,114.10886,307.38,0.47,0.39,"2026-09-18",1836,"N20","nominal","2.0NRT",291.05,1.83,"N"
"2544",37.10655,111.96523,311.68,0.4,0.37,"2026-09-18",1836,"N20","nominal","2.0NRT",287.17,1.42,"N"
"2545",37.10323,111.96432,315.35,0.4,0.37,"2026-09-18",1836,"N20","nominal","2.0NRT",289.95,1.83,"N"
"2546",37.0914,112.01214,300.58,0.4,0.37,"2026-09-18",1836,"N20","nominal","2.0NRT",286.36,0.49,"N"
"2547",36.70572,114.09939,303.06,0.47,0.39,"2026-09-18",1836,"N20","nominal","2.0NRT",290.18,2.09,"N"
"2548",36.73484,113.93011,305.5,0.46,0.39,"2026-09-18",1836,"N20","nominal","2.0NRT",289.22,1.94,"N"
"2549",37.15975,111.55627,295.22,0.39,0.36,"2026-09-18",1836,"N20","nominal","2.0NRT",283.41,0.18,"N"
"2550",37.07711,111.99433,299.06,0.4,0.37,"2026-09-18",1836,"N20","nominal","2.0NRT",287.95,0.84,"N"
"2551",36.72009,113.90998,330.99,0.46,0.39,"2026-09-18",1836,"N20","nominal","2.0NRT",290.96,3.78,"N"
"2552",37.07378,111.99342,308.44,0.4,0.37,"2026-09-18",1836,"N20","nominal","2.0NRT",285.81,0.84,"N"
"2553",37.07301,111.99785,310.77,0.4,0.37,"2026-09-18",1836,"N20","nominal","2.0NRT",287.69,1.76,"N"
"2554",36.72195,113.90814,330.77,0.46,0.39,"2026-09-18",1836,"N20","nominal","2.0NRT",289.89,3.66,"N"
"2555",37.07848,111.83453,302.64,0.4,0.37,"2026-09-18",1836,"N20","nominal","2.0NRT",287.49,0.89,"N"
"2556",37.08198,111.79398,298.17,0.4,0.37,"2026-09-18",1836,"N20","nominal","2.0NRT",287.76,1.19,"N"
"2557",37.07792,111.79749,300.66,0.4,0.37,"2026-09-18",1836,"N20","nominal","2.0NRT",288.46,1.49,"N"
"2558",36.59875,114.41233,306.12,0.48,0.4,"2026-09-18",1836,"N20","nominal","2.0NRT",291.06,2.6,"N"
"2559",37.06702,111.84068,301.54,0.4,0.37,"2026-09-18",1836,"N20","nominal","2.0NRT",286.62,0.77,"N"
"2560",37.06523,111.83097,303.35,0.4,0.37,"2026-09-18",1836,"N20","nominal","2.0NRT",288.71,1.45,"N"
"2561",36.68703,113.8179,304.81,0.46,0.39,"2026-09-18",1836,"N20","nominal","2.0NRT",289.73,2.06,"N"
"2562",36.62383,114.12721,304.83,0.47,0.4,"2026-09-18",1836,"N20","nominal","2.0NRT",293.02,2.44,"N"
"2563",36.63284,113.98369,302.29,0.46,0.39,"2026-09-18",1836,"N20","nominal","2.0NRT",288.27,0.99,"N"
"2564",35.67631,118.28075,298.89,0.52,0.5,"2026-09-18",1836,"N20","nominal","2.0NRT",287.45,0.64,"N"
"2565",36.22129,115.83684,317.05,0.57,0.43,"2026-09-18",1836,"N20","nominal","2.0NRT",290.87,2.62,"N"
"2566",36.21999,115.84297,311.02,0.57,0.43,"2026-09-18",1836,"N20","nominal","2.0NRT",290.71,2.62,"N"
"2567",36.63742,113.75365,299.15,0.45,0.39,"2026-09-18",1836,"N20","nominal","2.0NRT",286.23,0.68,"N"
"2568",36.57423,114.06714,301.57,0.47,0.4,"2026-09-18",1836,"N20","nominal","2.0NRT",288.41,1.15,"N"
"2569",36.22221,115.8364,306.6,0.57,0.43,"2026-09-18",1836,"N20","nominal","2.0NRT",289.2,1.83,"N"
"2570",36.22094,115.84254,319.68,0.57,0.43,"2026-09-18",1836,"N20","nominal","2.0NRT",291.13,2.66,"N"
"2571",36.625,113.76059,298.71,0.45,0.39,"2026-09-18",1836,"N20","nominal","2.0NRT",286.85,0.53,"N"
"2572",36.55925,114.10605,298.28,0.47,0.4,"2026-09-18",1836,"N20","nominal","2.0NRT",288.06,0.41,"N"
"2573",36.5318,114.22907,323.61,0.47,0.4,"2026-09-18",1836,"N20","nominal","2.0NRT",290.4,2.41,"N"
"2574",36.55569,114.10499,304.43,0.47,0.4,"2026-09-18",1836,"N20","nominal","2.0NRT",290.1,1.32,"N"
"2575",36.98575,111.69646,298.41,0.4,0.37,"2026-09-18",1836,"N20","nominal","2.0NRT",286.27,1.6,"N"
"2576",36.98243,111.6956,327.05,0.4,0.37,"2026-09-18",1836,"N20","nominal","2.0NRT",287.4,1.6,"N"
"2577",36.58732,113.74429,297.94,0.45,0.39,"2026-09-18",1836,"N20","nominal","2.0NRT",285.74,0.71,"N"
"2578",37.76135,106.18623,296.82,0.47,0.4,"2026-09-18",1836,"N20","nominal","2.0NRT",285.38,0.71,"N"
"2579",35.84835,117.29327,311.68,0.45,0.47,"2026-09-18",1836,"N20","nominal","2.0NRT",289.57,1.56,"N"
"2580",37.3994,108.84926,295.01,0.39,0.36,"2026-09-18",1836,"N20","nominal","2.0NRT",283.57,0.24,"N"
"2581",35.85781,117.15086,303.18,0.45,0.47,"2026-09-18",1836,"N20","nominal","2.0NRT",289.53,0.74,"N"
"2582",36.43428,114.18255,303.3,0.47,0.4,"2026-09-18",1836,"N20","nominal","2.0NRT",290.38,0.83,"N"
"2583",36.71078,112.57923,305.76,0.42,0.37,"2026-09-18",1836,"N20","nominal","2.0NRT",286.77,0.77,"N"
"2584",35.53774,118.29098,295.21,0.52,0.5,"2026-09-18",1836,"N20","nominal","2.0NRT",283.59,0.44,"N"
"2585",36.48813,113.60851,298.09,0.45,0.39,"2026-09-18",1836,"N20","nominal","2.0NRT",286.79,0.64,"N"
"2586",36.73215,112.24209,300.09,0.41,0.37,"2026-09-18",1836,"N20","nominal","2.0NRT",284.91,1.43,"N"
"2587",36.8124,111.64403,300.97,0.4,0.37,"2026-09-18",1836,"N20","nominal","2.0NRT",287.86,1.01,"N"
"2588",36.80909,111.64315,305.17,0.4,0.37,"2026-09-18",1836,"N20","nominal","2.0NRT",285.69,1.01,"N"
"2589",36.47784,113.35186,298.08,0.44,0.38,"2026-09-18",1836,"N20","nominal","2.0NRT",286.22,1.58,"N"
"2590",37.10005,109.66792,295.81,0.39,0.36,"2026-09-18",1836,"N20","nominal","2.0NRT",282.66,0.56,"N"
"2591",37.59458,106.05918,296.92,0.48,0.4,"2026-09-18",1836,"N20","nominal","2.0NRT",285.4,0.38,"N"
"2592",35.61514,117.44485,301.69,0.47,0.48,"2026-09-18",1836,"N20","nominal","2.0NRT",288.62,1.34,"N"
"2593",36.49303,113.11304,298.68,0.43,0.38,"2026-09-18",1836,"N20","nominal","2.0NRT",286.35,0.78,"N"
"2594",36.48959,113.11208,299.89,0.43,0.38,"2026-09-18",1836,"N20","nominal","2.0NRT",284.53,0.78,"N"
"2595",36.48872,113.11675,301.34,0.43,0.38,"2026-09-18",1836,"N20","nominal","2.0NRT",288.06,0.78,"N"
"2596",37.60609,105.68034,295.67,0.49,0.41,"2026-09-18",1836,"N20","nominal","2.0NRT",284.71,0.76,"N"
"2597",36.80413,111.2935,309.83,0.39,0.36,"2026-09-18",1836,"N20","nominal","2.0NRT",284.33,0.76,"N"
"2598",37.63719,105.24283,296.79,0.52,0.41,"2026-09-18",1836,"N20","nominal","2.0NRT",284.92,0.56,"N"
"2599",37.58757,105.67658,296.58,0.49,0.41,"2026-09-18",1836,"N20","nominal","2.0NRT",284.36,0.46,"N"
"2600",36.46549,113.10535,296.03,0.43,0.38,"2026-09-18",1836,"N20","nominal","2.0NRT",285.9,1.65,"N"
"2601",36.46027,113.11393,331.79,0.43,0.38,"2026-09-18",1836,"N20","nominal","2.0NRT",290.77,4.93,"N"
"2602",37.63103,105.19414,299.47,0.52,0.41,"2026-09-18",1836,"N20","nominal","2.0NRT",286.92,1.53,"N"
"2603",37.63037,105.20004,313.09,0.52,0.41,"2026-09-18",1836,"N20","nominal","2.0NRT",285.16,1.53,"N"
"2604",36.48312,112.95182,295.89,0.43,0.38,"2026-09-18",1836,"N20","nominal","2.0NRT",285.57,1.17,"N"
"2605",36.47798,112.96021,328.69,0.43,0.38,"2026-09-18",1836,"N20","nominal","2.0NRT",285.4,1.97,"N"
"2606",36.44944,113.03613,298.19,0.43,0.38,"2026-09-18",1836,"N20","nominal","2.0NRT",285.03,1.05,"N"
"2607",37.56456,105.44023,300.91,0.5,0.41,"2026-09-18",1836,"N20","nominal","2.0NRT",282.31,1.01,"N"
"2608",37.60399,105.03088,301.84,0.53,0.42,"2026-09-18",1836,"N20","nominal","2.0NRT",285.14,1.39,"N"
"2609",37.41156,106.63068,301.96,0.45,0.39,"2026-09-18",1836,"N20","nominal","2.0NRT",285.37,0.92,"N"
"2610",37.41059,106.60962,306.64,0.45,0.39,"2026-09-18",1836,"N20","nominal","2.0NRT",286.18,0.49,"N"
"2611",37.40865,106.62489,299.73,0.45,0.39,"2026-09-18",1836,"N20","nominal","2.0NRT",289.06,1.01,"N"
"2612",37.408,106.62997,303.2,0.45,0.39,"2026-09-18",1836,"N20","nominal","2.0NRT",289.03,1.01,"N"
"2613",36.5543,112.24525,307.98,0.41,0.37,"2026-09-18",1836,"N20","nominal","2.0NRT",287.58,1.27,"N"
"2614",37.5569,105.37423,295.39,0.51,0.41,"2026-09-18",1836,"N20","nominal","2.0NRT",282.39,0.72,"N"
"2615",36.21357,114.04729,308.59,0.47,0.4,"2026-09-18",1836,"N20","nominal","2.0NRT",291.05,1.83,"N"
"2616",37.40508,106.56678,300.86,0.45,0.39,"2026-09-18",1836,"N20","nominal","2.0NRT",289,1.13,"N"
"2617",36.21,114.04623,313.5,0.47,0.4,"2026-09-18",1836,"N20","nominal","2.0NRT",290.48,1.83,"N"
"2618",36.40023,113.01958,318.35,0.43,0.38,"2026-09-18",1836,"N20","nominal","2.0NRT",287.67,2.25,"N"
"2619",35.18237,118.79523,307.93,0.57,0.52,"2026-09-18",1836,"N20","nominal","2.0NRT",288.62,1.49,"N"
"2620",36.37188,113.01662,301.7,0.43,0.38,"2026-09-18",1836,"N20","nominal","2.0NRT",286.84,1.18,"N"
"2621",36.16818,114.06687,301.62,0.47,0.4,"2026-09-18",1836,"N20","nominal","2.0NRT",290.05,0.65,"N"
"2622",37.35915,106.58412,307.03,0.45,0.39,"2026-09-18",1836,"N20","nominal","2.0NRT",287.69,1.33,"N"
"2623",36.35188,113.06589,301.32,0.43,0.38,"2026-09-18",1836,"N20","nominal","2.0NRT",286.74,0.86,"N"
"2624",36.34932,113.06017,310.24,0.43,0.38,"2026-09-18",1836,"N20","nominal","2.0NRT",287.65,1.63,"N"
"2625",36.15849,114.05841,301.18,0.47,0.4,"2026-09-18",1836,"N20","nominal","2.0NRT",289.61,0.71,"N"
"2626",36.13651,114.11244,311.03,0.48,0.4,"2026-09-18",1836,"N20","nominal","2.0NRT",290.25,1.48,"N"
"2627",36.13571,114.11597,312.98,0.48,0.4,"2026-09-18",1836,"N20","nominal","2.0NRT",289.94,0.86,"N"
"2628",35.17506,118.35546,295.75,0.54,0.51,"2026-09-18",1836,"N20","nominal","2.0NRT",280.48,0.36,"N"
"2629",36.38792,112.18848,296.89,0.41,0.37,"2026-09-18",1836,"N20","nominal","2.0NRT",285.19,0.99,"N"
"2630",36.04807,114.00188,300.22,0.47,0.4,"2026-09-18",1836,"N20","nominal","2.0NRT",288.81,0.87,"N"
"2631",36.04779,113.99954,298.81,0.47,0.4,"2026-09-18",1836,"N20","nominal","2.0NRT",288.72,0.73,"N"
"2632",36.37819,112.15924,301.97,0.41,0.37,"2026-09-18",1836,"N20","nominal","2.0NRT",285.08,1.48,"N"
"2633",36.38796,112.00366,297.54,0.41,0.37,"2026-09-18",1836,"N20","nominal","2.0NRT",286.71,0.61,"N"
"2634",36.3618,111.9733,325.94,0.4,0.37,"2026-09-18",1836,"N20","nominal","2.0NRT",287.47,3.39,"N"
"2635",35.97345,113.79975,297.97,0.47,0.39,"2026-09-18",1836,"N20","nominal","2.0NRT",286.53,0.64,"N"
"2636",36.33932,111.75383,311.56,0.4,0.37,"2026-09-18",1836,"N20","nominal","2.0NRT",287.95,1.96,"N"
"2637",36.33448,111.76172,304.41,0.4,0.37,"2026-09-18",1836,"N20","nominal","2.0NRT",288.33,1.58,"N"
"2638",35.3289,116.81593,301.71,0.44,0.46,"2026-09-18",1836,"N20","nominal","2.0NRT",290.75,1.87,"N"
"2639",35.44942,115.99809,301.62,0.4,0.44,"2026-09-18",1836,"N20","nominal","2.0NRT",289.41,0.82,"N"
"2640",35.21486,117.02876,299.19,0.45,0.47,"2026-09-18",1836,"N20","nominal","2.0NRT",288.31,0.62,"N"
"2641",35.1431,117.05465,309.42,0.46,0.47,"2026-09-18",1836,"N20","nominal","2.0NRT",286.6,0.88,"N"
"2642",35.34967,115.98592,321.11,0.4,0.44,"2026-09-18",1836,"N20","nominal","2.0NRT",292.33,1.56,"N"
"2643",35.35059,115.98164,304.47,0.4,0.44,"2026-09-18",1836,"N20","nominal","2.0NRT",290.62,1.56,"N"
"2644",35.17838,116.36822,300.71,0.42,0.45,"2026-09-18",1836,"N20","nominal","2.0NRT",289.52,0.82,"N"
"2645",36.30535,110.31937,296.8,0.38,0.36,"2026-09-18",1836,"N20","nominal","2.0NRT",284.2,0.46,"N"
"2646",35.07457,116.58316,302.19,0.43,0.46,"2026-09-18",1836,"N20","nominal","2.0NRT",288.95,1.12,"N"
"2647",35.07431,116.57999,305.42,0.43,0.46,"2026-09-18",1836,"N20","nominal","2.0NRT",290.04,1.18,"N"
"2648",34.86266,117.44109,300.83,0.49,0.48,"2026-09-18",1836,"N20","nominal","2.0NRT",289.02,1.22,"N"
"2649",35.13082,116.17414,302.33,0.41,0.45,"2026-09-18",1836,"N20","nominal","2.0NRT",287.6,0.52,"N"
"2650",35.66346,112.86265,305.35,0.43,0.38,"2026-09-18",1838,"N20","nominal","2.0NRT",288.34,1.72,"N"
"2651",35.39096,113.78308,307.26,0.47,0.4,"2026-09-18",1838,"N20","nominal","2.0NRT",287.03,0.94,"N"
"2652",35.75919,111.75756,328.48,0.4,0.37,"2026-09-18",1838,"N20","nominal","2.0NRT",287.95,3.1,"N"
"2653",35.70153,111.43876,326.1,0.4,0.37,"2026-09-18",1838,"N20","nominal","2.0NRT",290.09,1.27,"N"
"2654",35.69896,111.43356,300.22,0.4,0.37,"2026-09-18",1838,"N20","nominal","2.0NRT",289.04,1.27,"N"
"2655",35.69821,111.4379,299.92,0.4,0.37,"2026-09-18",1838,"N20","nominal","2.0NRT",289.46,1.27,"N"
"2656",35.69081,111.44053,309.97,0.4,0.37,"2026-09-18",1838,"N20","nominal","2.0NRT",290.43,1.77,"N"
"2657",34.47491,117.45861,299,0.5,0.49,"2026-09-18",1838,"N20","nominal","2.0NRT",284.54,1.28,"N"
"2658",35.73632,111.07348,304.4,0.39,0.36,"2026-09-18",1838,"N20","nominal","2.0NRT",287.67,1.01,"N"
"2659",35.68009,111.22102,305.17,0.4,0.37,"2026-09-18",1838,"N20","nominal","2.0NRT",289.54,1.52,"N"
"2660",35.65973,111.12299,305.03,0.39,0.36,"2026-09-18",1838,"N20","nominal","2.0NRT",285.45,0.6,"N"
"2661",35.66793,111.01333,301.81,0.39,0.36,"2026-09-18",1838,"N20","nominal","2.0NRT",289.27,0.95,"N"
"2662",35.66969,110.98253,307.23,0.39,0.36,"2026-09-18",1838,"N20","nominal","2.0NRT",291.34,1.25,"N"
"2663",35.69925,110.78574,299.27,0.39,0.36,"2026-09-18",1838,"N20","nominal","2.0NRT",287.7,1.36,"N"
"2664",35.41193,112.43572,297.89,0.42,0.38,"2026-09-18",1838,"N20","nominal","2.0NRT",284.15,0.36,"N"
"2665",35.69975,110.74159,299.85,0.39,0.36,"2026-09-18",1838,"N20","nominal","2.0NRT",289.21,0.58,"N"
"2666",35.69646,110.74078,303.07,0.39,0.36,"2026-09-18",1838,"N20","nominal","2.0NRT",287.86,0.87,"N"
"2667",35.6572,110.97496,300.71,0.39,0.36,"2026-09-18",1838,"N20","nominal","2.0NRT",290.4,0.6,"N"
"2668",35.65462,110.96986,301.06,0.39,0.36,"2026-09-18",1838,"N20","nominal","2.0NRT",288.5,1.02,"N"
"2669",36.59481,104.1151,298.75,0.57,0.43,"2026-09-18",1838,"N20","nominal","2.0NRT",277.07,0.7,"N"
"2670",35.58842,111.25748,319.88,0.4,0.37,"2026-09-18",1838,"N20","nominal","2.0NRT",290.9,1.18,"N"
"2671",35.58323,111.28769,316.67,0.4,0.37,"2026-09-18",1838,"N20","nominal","2.0NRT",289.52,2.13,"N"
"2672",35.58585,111.25233,299.5,0.4,0.37,"2026-09-18",1838,"N20","nominal","2.0NRT",288.66,1.18,"N"
"2673",35.58511,111.25663,302.38,0.4,0.37,"2026-09-18",1838,"N20","nominal","2.0NRT",290,1.18,"N"
"2674",36.55653,104.21024,296.96,0.56,0.43,"2026-09-18",1838,"N20","nominal","2.0NRT",274.74,0.9,"N"
"2675",35.67438,110.64709,334.57,0.39,0.36,"2026-09-18",1838,"N20","nominal","2.0NRT",292.58,3.73,"N"
"2676",35.66945,110.67674,302.45,0.39,0.36,"2026-09-18",1838,"N20","nominal","2.0NRT",288.62,0.56,"N"
"2677",35.67179,110.64204,303.02,0.39,0.36,"2026-09-18",1838,"N20","nominal","2.0NRT",290.84,1.44,"N"
"2678",35.66662,110.63195,303.36,0.39,0.36,"2026-09-18",1838,"N20","nominal","2.0NRT",290.1,0.63,"N"
"2679",35.65465,110.64393,301.57,0.39,0.36,"2026-09-18",1838,"N20","nominal","2.0NRT",287.69,0.88,"N"
"2680",35.65395,110.64816,318.94,0.39,0.36,"2026-09-18",1838,"N20","nominal","2.0NRT",291.35,1.72,"N"
"2681",35.65255,110.65661,301.12,0.39,0.36,"2026-09-18",1838,"N20","nominal","2.0NRT",288.93,1.05,"N"
"2682",35.64132,110.7244,304.09,0.39,0.36,"2026-09-18",1838,"N20","nominal","2.0NRT",290.27,0.97,"N"
"2683",35.63744,110.58234,306.37,0.39,0.36,"2026-09-18",1838,"N20","nominal","2.0NRT",290.54,0.9,"N"
"2684",35.62899,110.57143,319,0.39,0.36,"2026-09-18",1838,"N20","nominal","2.0NRT",289.85,1.63,"N"
"2685",36.5148,103.93559,307.56,0.39,0.44,"2026-09-18",1838,"N20","nominal","2.0NRT",281.15,1.47,"N"
"2686",35.61443,110.57668,303.46,0.39,0.36,"2026-09-18",1838,"N20","nominal","2.0NRT",290.58,0.83,"N"
"2687",35.61374,110.58092,304.89,0.39,0.36,"2026-09-18",1838,"N20","nominal","2.0NRT",291.25,0.83,"N"
"2688",35.48393,111.34965,303.59,0.4,0.37,"2026-09-18",1838,"N20","nominal","2.0NRT",288.31,1.18,"N"
"2689",35.60528,110.57001,302.49,0.39,0.36,"2026-09-18",1838,"N20","nominal","2.0NRT",290.78,0.49,"N"
"2690",35.60199,110.5692,307.13,0.39,0.36,"2026-09-18",1838,"N20","nominal","2.0NRT",291.99,1.07,"N"
"2691",35.55449,110.48408,299.47,0.39,0.36,"2026-09-18",1838,"N20","nominal","2.0NRT",288.94,0.48,"N"
"2692",35.39636,111.42309,298.28,0.4,0.37,"2026-09-18",1838,"N20","nominal","2.0NRT",286.77,0.34,"N"
"2693",35.41452,111.29726,309.76,0.4,0.37,"2026-09-18",1838,"N20","nominal","2.0NRT",290.1,1.29,"N"
"2694",35.40456,111.29471,304.3,0.4,0.37,"2026-09-18",1838,"N20","nominal","2.0NRT",288.84,0.79,"N"
"2695",36.15878,106.14157,296.54,0.46,0.39,"2026-09-18",1838,"N20","nominal","2.0NRT",283.83,0.86,"N"
"2696",35.16015,112.57249,306.95,0.43,0.38,"2026-09-18",1838,"N20","nominal","2.0NRT",290.03,1.2,"N"
"2697",35.15331,112.59004,307.86,0.43,0.38,"2026-09-18",1838,"N20","nominal","2.0NRT",291.48,0.8,"N"
"2698",36.3711,103.89466,307.73,0.39,0.44,"2026-09-18",1838,"N20","nominal","2.0NRT",287.9,1.52,"N"
"2699",35.08676,112.55134,301.3,0.43,0.38,"2026-09-18",1838,"N20","nominal","2.0NRT",290.18,1.14,"N"
"2700",35.34162,111.08338,300.1,0.39,0.37,"2026-09-18",1838,"N20","nominal","2.0NRT",287.48,1.08,"N"
"2701",35.61825,109.35963,328.45,0.38,0.36,"2026-09-18",1838,"N20","nominal","2.0NRT",285.1,1.5,"N"
"2702",35.22678,111.68857,298.85,0.41,0.37,"2026-09-18",1838,"N20","nominal","2.0NRT",288.72,0.98,"N"
"2703",35.28527,111.31176,303.63,0.4,0.37,"2026-09-18",1838,"N20","nominal","2.0NRT",287.36,1.07,"N"
"2704",35.04808,112.5261,299.68,0.43,0.38,"2026-09-18",1838,"N20","nominal","2.0NRT",289.43,0.87,"N"
"2705",35.04638,112.53541,306.49,0.43,0.38,"2026-09-18",1838,"N20","nominal","2.0NRT",291.32,0.99,"N"
"2706",36.01871,104.07246,303.04,0.56,0.43,"2026-09-18",1838,"N20","nominal","2.0NRT",286.91,1.83,"N"
"2707",36.01975,104.07167,301.57,0.56,0.43,"2026-09-18",1838,"N20","nominal","2.0NRT",287.52,1.29,"N"
"2708",34.80894,111.79262,296.07,0.41,0.37,"2026-09-18",1838,"N20","nominal","2.0NRT",285.87,1.3,"N"
"2709",34.80736,111.80145,297.93,0.41,0.37,"2026-09-18",1838,"N20","nominal","2.0NRT",287.28,0.77,"N"
"2710",34.78566,111.9221,296.58,0.42,0.37,"2026-09-18",1838,"N20","nominal","2.0NRT",286.14,0.52,"N"
"2711",35.75739,104.13919,298.77,0.55,0.43,"2026-09-18",1838,"N20","nominal","2.0NRT",283.92,1.04,"N"
"2712",34.53061,112.23512,297.94,0.43,0.38,"2026-09-18",1838,"N20","nominal","2.0NRT",287.09,0.63,"N"
"2713",34.30041,113.41602,301.08,0.47,0.4,"2026-09-18",1838,"N20","nominal","2.0NRT",288.83,0.82,"N"
"2714",34.28262,113.50733,303.63,0.48,0.4,"2026-09-18",1838,"N20","nominal","2.0NRT",289.42,0.57,"N"
"2715",35.02968,109.02546,305.21,0.39,0.36,"2026-09-18",1838,"N20","nominal","2.0NRT",287.31,1.02,"N"
"2716",34.40232,112.57204,298.79,0.44,0.38,"2026-09-18",1838,"N20","nominal","2.0NRT",285.88,0.65,"N"
"2717",34.40145,112.57675,303.23,0.44,0.38,"2026-09-18",1838,"N20","nominal","2.0NRT",286.23,0.65,"N"
"2718",34.96653,109.21406,307.47,0.38,0.36,"2026-09-18",1838,"N20","nominal","2.0NRT",287.93,0.77,"N"
"2719",34.66613,111.03107,324.92,0.4,0.37,"2026-09-18",1838,"N20","nominal","2.0NRT",290.87,3,"N"
"2720",34.32289,112.89973,300.33,0.45,0.39,"2026-09-18",1838,"N20","nominal","2.0NRT",286.64,0.54,"N"
"2721",34.93466,109.06874,297.13,0.39,0.36,"2026-09-18",1838,"N20","nominal","2.0NRT",286.35,0.88,"N"
"2722",34.92627,109.05507,303.81,0.39,0.36,"2026-09-18",1838,"N20","nominal","2.0NRT",286.35,0.9,"N"
"2723",34.27279,112.6187,298,0.44,0.39,"2026-09-18",1838,"N20","nominal","2.0NRT",285.93,0.45,"N"
"2724",34.49916,110.92972,298.73,0.4,0.37,"2026-09-18",1838,"N20","nominal","2.0NRT",286.04,0.57,"N"
"2725",34.51823,110.36778,315.52,0.39,0.36,"2026-09-18",1838,"N20","nominal","2.0NRT",288.94,1.53,"N"
"2726",35.30265,103.26811,297.13,0.4,0.45,"2026-09-18",1838,"N20","nominal","2.0NRT",280.58,0.88,"N"
"2727",34.6216,108.555,298.3,0.39,0.36,"2026-09-18",1838,"N20","nominal","2.0NRT",286.99,0.76,"N"
"2728",34.62097,108.55917,302.91,0.39,0.36,"2026-09-18",1838,"N20","nominal","2.0NRT",288.23,0.83,"N"
"2729",35.32249,102.78268,300.83,0.43,0.46,"2026-09-18",1838,"N20","nominal","2.0NRT",282.76,0.76,"N"
"2730",31.74585,118.48787,302.3,0.33,0.55,"2026-09-18",1838,"N20","nominal","2.0NRT",285.55,0.77,"N"
"2731",31.74582,118.48855,303.49,0.33,0.55,"2026-09-18",1838,"N20","nominal","2.0NRT",285.97,0.45,"N"
"2732",31.3852,119.29578,309.87,0.37,0.58,"2026-09-18",1838,"N20","nominal","2.0NRT",282.68,1.45,"N"
"2733",31.52059,117.75047,299.23,0.6,0.53,"2026-09-18",1838,"N20","nominal","2.0NRT",278.29,1.19,"N"
"2734",31.14102,118.17152,303.47,0.32,0.55,"2026-09-18",1838,"N20","nominal","2.0NRT",276.81,0.82,"N"
"2735",31.13694,118.16652,318.17,0.32,0.55,"2026-09-18",1838,"N20","nominal","2.0NRT",276.86,2.68,"N"
"2736",31.13619,118.16968,314.04,0.32,0.55,"2026-09-18",1838,"N20","nominal","2.0NRT",277.29,2.34,"N"
"2737",30.8447,117.77828,299.59,0.62,0.54,"2026-09-18",1838,"N20","nominal","2.0NRT",282.75,1.7,"N"
"2738",30.7216,117.80824,299.78,0.63,0.54,"2026-09-18",1838,"N20","nominal","2.0NRT",281.55,0.62,"N"
"2739",30.75184,117.40393,295.67,0.6,0.53,"2026-09-18",1838,"N20","nominal","2.0NRT",276.98,1.49,"N"
"2740",30.02942,119.74756,303.42,0.42,0.61,"2026-09-18",1838,"N20","nominal","2.0NRT",286.77,1.24,"N"
"2741",32.61699,105.86071,311.67,0.43,0.38,"2026-09-18",1838,"N20","nominal","2.0NRT",288.13,1.94,"N"
"2742",32.40434,106.76965,309.45,0.41,0.37,"2026-09-18",1838,"N20","nominal","2.0NRT",286.97,1.11,"N"
"2743",30.45833,117.23812,299.97,0.59,0.53,"2026-09-18",1838,"N20","nominal","2.0NRT",276.82,2.49,"N"
"2744",29.43231,119.20311,303.44,0.41,0.6,"2026-09-18",1838,"N20","nominal","2.0NRT",286.77,0.68,"N"
"2745",29.42241,119.14941,302.88,0.4,0.6,"2026-09-18",1838,"N20","nominal","2.0NRT",286.88,0.76,"N"
"2746",29.15573,119.53509,306.03,0.43,0.62,"2026-09-18",1838,"N20","nominal","2.0NRT",287.46,0.79,"N"
"2747",29.15233,119.53596,305.48,0.43,0.62,"2026-09-18",1838,"N20","nominal","2.0NRT",287.37,0.97,"N"
"2748",29.06891,118.38068,303.27,0.37,0.58,"2026-09-18",1838,"N20","nominal","2.0NRT",287.14,0.51,"N"
"2749",28.89339,118.86593,306.76,0.4,0.6,"2026-09-18",1838,"N20","nominal","2.0NRT",288.88,1.75,"N"
"2750",28.8928,118.86489,307.28,0.4,0.6,"2026-09-18",1838,"N20","nominal","2.0NRT",288.98,1.8,"N"
"2751",28.89091,118.87271,304.71,0.4,0.6,"2026-09-18",1838,"N20","nominal","2.0NRT",288.42,1.1,"N"
"2752",28.96846,118.45627,304.56,0.38,0.59,"2026-09-18",1838,"N20","nominal","2.0NRT",287.98,0.9,"N"
"2753",28.95173,118.47914,303.15,0.38,0.59,"2026-09-18",1838,"N20","nominal","2.0NRT",287.76,0.58,"N"
"2754",29.43462,115.52175,299.85,0.5,0.49,"2026-09-18",1838,"N20","nominal","2.0NRT",287.05,0.86,"N"
"2755",28.33454,117.21877,309.14,0.33,0.55,"2026-09-18",1838,"N20","nominal","2.0NRT",288.98,1.04,"N"
"2756",28.29097,115.71741,305.97,0.54,0.51,"2026-09-18",1838,"N20","nominal","2.0NRT",288.68,1.09,"N"
"2757",28.28748,115.71476,310.35,0.54,0.51,"2026-09-18",1838,"N20","nominal","2.0NRT",289.27,2.32,"N"
"2758",28.18,114.62687,309.15,0.47,0.47,"2026-09-18",1838,"N20","nominal","2.0NRT",288.7,1.05,"N"
"2759",26.73406,119.63297,313.39,0.5,0.66,"2026-09-18",1838,"N20","nominal","2.0NRT",287.95,2.25,"N"
"2760",27.78044,114.91434,307.53,0.49,0.49,"2026-09-18",1838,"N20","nominal","2.0NRT",289.54,1.81,"N"
"2761",27.7794,114.91924,304.82,0.49,0.49,"2026-09-18",1838,"N20","nominal","2.0NRT",289.32,1.81,"N"
"2762",26.78196,117.77451,306.27,0.38,0.59,"2026-09-18",1841,"N20","nominal","2.0NRT",288.18,0.73,"N"
"2763",26.26048,117.60485,314.54,0.39,0.59,"2026-09-18",1841,"N20","nominal","2.0NRT",289.93,1.08,"N"
"2764",26.25943,117.6093,302.63,0.39,0.59,"2026-09-18",1841,"N20","nominal","2.0NRT",289.22,1.08,"N"
"2765",26.00866,117.31866,303.22,0.38,0.58,"2026-09-18",1841,"N20","nominal","2.0NRT",289.18,0.66,"N"
"2766",26.02485,117.15422,301.14,0.37,0.58,"2026-09-18",1841,"N20","nominal","2.0NRT",289.05,0.47,"N"
"2767",25.24457,118.02699,303.65,0.43,0.62,"2026-09-18",1841,"N20","nominal","2.0NRT",290.23,1.05,"N"
"2768",25.24608,118.03038,301.5,0.43,0.62,"2026-09-18",1841,"N20","nominal","2.0NRT",290.21,0.71,"N"
"2769",25.3538,117.3708,301.84,0.39,0.59,"2026-09-18",1841,"N20","nominal","2.0NRT",290.06,0.8,"N"
"2770",27.1555,107.48431,313.82,0.38,0.36,"2026-09-18",1841,"N20","nominal","2.0NRT",291.2,1.67,"N"
"2771",27.08479,107.43508,307.82,0.38,0.36,"2026-09-18",1841,"N20","nominal","2.0NRT",289.93,0.94,"N"
"2772",25.14963,117.15837,301.04,0.38,0.59,"2026-09-18",1841,"N20","nominal","2.0NRT",289.65,0.62,"N"
"2773",25.18512,116.7198,301.91,0.36,0.57,"2026-09-18",1841,"N20","nominal","2.0NRT",290.63,0.81,"N"
"2774",27.01239,106.92371,298.31,0.38,0.36,"2026-09-18",1841,"N20","nominal","2.0NRT",287.74,0.6,"N"
"2775",24.82634,117.01103,301.76,0.38,0.59,"2026-09-18",1841,"N20","nominal","2.0NRT",287.19,0.25,"N"
"2776",24.8639,116.19567,326.68,0.34,0.56,"2026-09-18",1841,"N20","nominal","2.0NRT",292.08,1.97,"N"
"2777",24.74126,116.18112,308.96,0.34,0.56,"2026-09-18",1841,"N20","nominal","2.0NRT",280.09,0.51,"N"
"2778",24.74049,116.18459,296.1,0.34,0.56,"2026-09-18",1841,"N20","nominal","2.0NRT",279.77,0.51,"N"
"2779",26.24772,106.74326,301.36,0.38,0.36,"2026-09-18",1841,"N20","nominal","2.0NRT",287.07,1.08,"N"
"2780",26.47665,103.32779,300.52,0.48,0.4,"2026-09-18",1841,"N20","nominal","2.0NRT",285.75,0.61,"N"
"2781",25.10686,109.34768,305.44,0.43,0.38,"2026-09-18",1841,"N20","nominal","2.0NRT",293.61,1.06,"N"
"2782",23.7489,116.13107,303.44,0.35,0.57,"2026-09-18",1841,"N20","nominal","2.0NRT",291.26,0.65,"N"
"2783",24.18781,113.95397,306.64,0.51,0.49,"2026-09-18",1841,"N20","nominal","2.0NRT",290.48,1.34,"N"
"2784",24.18335,113.95293,304.78,0.51,0.49,"2026-09-18",1841,"N20","nominal","2.0NRT",289.66,1.34,"N"
"2785",25.34656,107.50822,309.82,0.39,0.36,"2026-09-18",1841,"N20","nominal","2.0NRT",291.96,0.84,"N"
"2786",26.77519,94.50269,304.45,0.54,0.68,"2026-09-18",1841,"N20","nominal","2.0NRT",288.61,0.74,"N"
"2787",23.66619,114.32001,311.21,0.55,0.51,"2026-09-18",1841,"N20","nominal","2.0NRT",292.65,2.28,"N"
"2788",23.66815,114.31803,306.87,0.55,0.51,"2026-09-18",1841,"N20","nominal","2.0NRT",292.13,1.97,"N"
"2789",23.60987,114.20451,306.13,0.54,0.51,"2026-09-18",1841,"N20","nominal","2.0NRT",292.25,1.19,"N"
"2790",23.57058,114.29857,304.82,0.55,0.51,"2026-09-18",1841,"N20","nominal","2.0NRT",292.51,1.66,"N"
"2791",25.78601,100.37188,301.23,0.45,0.47,"2026-09-18",1841,"N20","nominal","2.0NRT",284.74,0.89,"N"
"2792",24.38693,109.37666,323.69,0.44,0.38,"2026-09-18",1841,"N20","nominal","2.0NRT",295.27,4.42,"N"
"2793",23.89475,109.54535,318.38,0.45,0.39,"2026-09-18",1841,"N20","nominal","2.0NRT",295.1,2.6,"N"
"2794",23.88507,109.57928,307.39,0.45,0.39,"2026-09-18",1841,"N20","nominal","2.0NRT",293.56,1.59,"N"
"2795",23.42297,111.14697,307.66,0.54,0.42,"2026-09-18",1841,"N20","nominal","2.0NRT",293.35,1.74,"N"
"2796",23.37707,111.15765,309.61,0.54,0.42,"2026-09-18",1841,"N20","nominal","2.0NRT",295.21,3.2,"N"
"2797",23.4964,110.4967,307.08,0.5,0.41,"2026-09-18",1841,"N20","nominal","2.0NRT",295.04,1.45,"N"
"2798",23.37326,111.15662,315.28,0.54,0.42,"2026-09-18",1841,"N20","nominal","2.0NRT",296.06,1.77,"N"
"2799",23.37224,111.16202,309.53,0.54,0.42,"2026-09-18",1841,"N20","nominal","2.0NRT",294.77,1.77,"N"
"2800",23.36945,111.15569,308.22,0.54,0.42,"2026-09-18",1841,"N20","nominal","2.0NRT",293.58,1.77,"N"
"2801",23.24451,111.57485,325.87,0.38,0.43,"2026-09-18",1841,"N20","nominal","2.0NRT",295.32,4.68,"N"
"2802",23.24148,111.56937,305.3,0.57,0.43,"2026-09-18",1841,"N20","nominal","2.0NRT",292.65,2.22,"N"
"2803",23.56915,109.67776,306.22,0.46,0.39,"2026-09-18",1841,"N20","nominal","2.0NRT",293.24,1.12,"N"
"2804",23.42667,109.10216,307.03,0.43,0.38,"2026-09-18",1841,"N20","nominal","2.0NRT",293.82,0.93,"N"
"2805",23.73809,106.77715,310.35,0.38,0.36,"2026-09-18",1841,"N20","nominal","2.0NRT",294.14,1.07,"N"
"2806",23.85648,105.69736,315.38,0.39,0.36,"2026-09-18",1841,"N20","nominal","2.0NRT",289.1,1.39,"N"
"2807",23.54013,107.11878,309.08,0.39,0.36,"2026-09-18",1841,"N20","nominal","2.0NRT",293.41,0.97,"N"
"2808",23.14514,109.35635,312.17,0.45,0.39,"2026-09-18",1841,"N20","nominal","2.0NRT",294.33,1.76,"N"
"2809",22.6172,111.72149,306.22,0.4,0.44,"2026-09-18",1841,"N20","nominal","2.0NRT",294.08,0.71,"N"
"2810",22.9372,109.56557,308.92,0.46,0.39,"2026-09-18",1841,"N20","nominal","2.0NRT",295.03,1.28,"N"
"2811",22.9252,109.46707,310.94,0.46,0.39,"2026-09-18",1841,"N20","nominal","2.0NRT",294.81,1.07,"N"
"2812",23.14515,107.79291,310.51,0.4,0.37,"2026-09-18",1841,"N20","nominal","2.0NRT",294.09,1.58,"N"
"2813",23.12476,107.6543,312.15,0.4,0.37,"2026-09-18",1841,"N20","nominal","2.0NRT",293.13,0.87,"N"
"2814",22.71067,109.80307,317.38,0.47,0.4,"2026-09-18",1841,"N20","nominal","2.0NRT",294.99,2.68,"N"
"2815",22.66078,107.90202,309.18,0.4,0.37,"2026-09-18",1841,"N20","nominal","2.0NRT",293.12,1.33,"N"
"2816",22.65742,107.90134,306.41,0.4,0.37,"2026-09-18",1841,"N20","nominal","2.0NRT",293.24,1.71,"N"
"2817",22.64855,107.60435,304.15,0.4,0.37,"2026-09-18",1841,"N20","nominal","2.0NRT",292.67,0.9,"N"
"2818",22.53125,107.79726,309.96,0.4,0.37,"2026-09-18",1841,"N20","nominal","2.0NRT",293.41,1.42,"N"
"2819",22.52593,107.8082,331.73,0.4,0.37,"2026-09-18",1841,"N20","nominal","2.0NRT",293.86,3.21,"N"
"2820",22.48299,107.39285,307.73,0.4,0.37,"2026-09-18",1841,"N20","nominal","2.0NRT",292.26,0.76,"N"
"2821",21.59792,111.22273,300.21,0.39,0.44,"2026-09-18",1841,"N20","nominal","2.0NRT",280.56,0.57,"N"
"2822",21.59723,111.2263,307.65,0.39,0.44,"2026-09-18",1841,"N20","nominal","2.0NRT",279.95,0.57,"N"
"2823",22.17075,107.93032,304.46,0.41,0.37,"2026-09-18",1841,"N20","nominal","2.0NRT",292.22,0.98,"N"
"2824",22.18187,107.7832,312.75,0.4,0.37,"2026-09-18",1841,"N20","nominal","2.0NRT",292.27,1.53,"N"
"2825",21.5483,108.39597,304.17,0.43,0.38,"2026-09-18",1841,"N20","nominal","2.0NRT",292.17,1.65,"N"
"2826",21.54485,108.39529,320.6,0.43,0.38,"2026-09-18",1841,"N20","nominal","2.0NRT",294.46,1.65,"N"
"2827",21.06194,110.50121,307.8,0.54,0.42,"2026-09-18",1841,"N20","nominal","2.0NRT",284.09,1.83,"N"
"2828",21.05811,110.47906,313.02,0.54,0.42,"2026-09-18",1841,"N20","nominal","2.0NRT",285.78,2.68,"N"
"2829",21.05333,110.4833,307.28,0.54,0.42,"2026-09-18",1841,"N20","nominal","2.0NRT",283.88,1.51,"N"
"2830",20.75573,108.86798,312.2,0.46,0.39,"2026-09-18",1843,"N20","nominal","2.0NRT",280.93,0.96,"N"
"2831",21.0269,107.09306,308.59,0.4,0.37,"2026-09-18",1843,"N20","nominal","2.0NRT",293.3,0.93,"N"
"2832",21.02837,107.04276,310.37,0.4,0.37,"2026-09-18",1843,"N20","nominal","2.0NRT",293.33,1.02,"N"
"2833",21.03865,106.58773,309.43,0.39,0.36,"2026-09-18",1843,"N20","nominal","2.0NRT",293.08,1.05,"N"
"2834",20.77778,106.70467,314.64,0.39,0.36,"2026-09-18",1843,"N20","nominal","2.0NRT",292.94,1.51,"N"
"2835",19.23761,108.94157,305.18,0.48,0.4,"2026-09-18",1843,"N20","nominal","2.0NRT",292.06,1.16,"N"
"2836",60.87464,97.47885,332.47,0.54,0.68,"2026-09-18",1830,"N20","nominal","2.0NRT",272.13,2.5,"N"
"2837",60.84614,97.3389,339.76,0.55,0.68,"2026-09-18",1830,"N20","nominal","2.0NRT",269.35,8.8,"N"
"2838",60.84639,97.34933,355.02,0.55,0.68,"2026-09-18",1830,"N20","nominal","2.0NRT",278.29,8.8,"N"
"2839",60.87259,97.48258,325.4,0.54,0.68,"2026-09-18",1830,"N20","nominal","2.0NRT",272.64,2.6,"N"
"2840",60.84457,97.34206,343.88,0.55,0.68,"2026-09-18",1830,"N20","nominal","2.0NRT",270.7,6.15,"N"
"2841",18.94014,105.35189,323.3,0.38,0.36,"2026-09-18",1841,"N20","nominal","2.0NRT",293.38,2.06,"N"
"2842",60.84477,97.35222,313.93,0.55,0.68,"2026-09-18",1830,"N20","nominal","2.0NRT",275.57,5.23,"N"
"2843",18.93804,105.06528,305.55,0.38,0.36,"2026-09-18",1841,"N20","nominal","2.0NRT",292.51,0.74,"N"
"2844",60.47804,109.87542,306.09,0.41,0.45,"2026-09-18",1830,"N20","nominal","2.0NRT",270.26,1.18,"N"
"2845",60.78105,97.0643,367,0.56,0.69,"2026-09-18",1830,"N20","high","2.0NRT",267.26,17.69,"N"
"2846",17.55326,108.59053,314.06,0.48,0.4,"2026-09-18",1841,"N20","nominal","2.0NRT",289.63,5.56,"N"
"2847",60.78128,97.0742,346.71,0.56,0.69,"2026-09-18",1830,"N20","nominal","2.0NRT",271.79,17.69,"N"
"2848",15.37954,108.79983,308.1,0.53,0.42,"2026-09-18",1841,"N20","nominal","2.0NRT",292.27,2.4,"N"
"2849",60.46434,109.71575,336.38,0.42,0.45,"2026-09-18",1830,"N20","nominal","2.0NRT",271.37,4.46,"N"
"2850",15.37486,108.80396,306.67,0.53,0.42,"2026-09-18",1841,"N20","nominal","2.0NRT",292.31,2.35,"N"
"2851",60.27732,109.34679,340.32,0.43,0.46,"2026-09-18",1830,"N20","nominal","2.0NRT",267.4,3.2,"N"
"2852",12.71908,101.14515,306.23,0.44,0.38,"2026-09-18",1843,"N20","nominal","2.0NRT",268.47,1.35,"N"
"2853",60.27313,109.34557,303.49,0.43,0.46,"2026-09-18",1830,"N20","nominal","2.0NRT",265.92,3.2,"N"
"2854",12.67467,101.15453,297.55,0.44,0.38,"2026-09-18",1843,"N20","nominal","2.0NRT",265.99,0.66,"N"
"2855",60.21038,109.92461,305.39,0.41,0.45,"2026-09-18",1830,"N20","nominal","2.0NRT",267.13,0.9,"N"
"2856",10.21014,108.34988,338.31,0.4,0.44,"2026-09-18",1843,"N20","nominal","2.0NRT",274.73,3.75,"N"
"2857",60.2127,109.92691,318.15,0.41,0.45,"2026-09-18",1830,"N20","nominal","2.0NRT",268.05,2.04,"N"
"2858",60.12049,110.76308,325.25,0.38,0.43,"2026-09-18",1830,"N20","nominal","2.0NRT",271.16,1.84,"N"
"2859",60.12107,110.75614,300.53,0.38,0.43,"2026-09-18",1830,"N20","nominal","2.0NRT",268.09,1.36,"N"
"2860",60.49141,97.40071,337.02,0.55,0.68,"2026-09-18",1830,"N20","nominal","2.0NRT",270.37,5.78,"N"
"2861",60.44328,96.24537,301.92,0.6,0.71,"2026-09-18",1830,"N20","nominal","2.0NRT",271.48,25.14,"N"
"2862",60.43628,96.23168,367,0.6,0.71,"2026-09-18",1830,"N20","high","2.0NRT",268.23,53.99,"N"
"2863",60.43665,96.24411,302.39,0.6,0.71,"2026-09-18",1830,"N20","nominal","2.0NRT",292.05,25.14,"N"
"2864",60.43697,96.25495,302.18,0.6,0.71,"2026-09-18",1830,"N20","nominal","2.0NRT",270.26,25.14,"N"
"2865",60.43073,96.4925,367,0.59,0.7,"2026-09-18",1830,"N20","high","2.0NRT",274.2,106.9,"N"
"2866",60.44756,97.14462,355.32,0.56,0.69,"2026-09-18",1830,"N20","nominal","2.0NRT",273.94,8.99,"N"
"2867",60.44778,97.15369,307.51,0.56,0.69,"2026-09-18",1830,"N20","nominal","2.0NRT",272.2,6.27,"N"
"2868",60.42456,96.50512,336.86,0.59,0.7,"2026-09-18",1830,"N20","nominal","2.0NRT",275.12,5.26,"N"
"2869",60.42422,96.49324,315.85,0.59,0.7,"2026-09-18",1830,"N20","nominal","2.0NRT",274.23,5.26,"N"
"2870",60.44374,97.54868,355.84,0.54,0.68,"2026-09-18",1830,"N20","nominal","2.0NRT",275.31,12.37,"N"
"2871",60.43987,97.66864,329.4,0.54,0.68,"2026-09-18",1830,"N20","nominal","2.0NRT",267.92,4.12,"N"
"2872",60.44005,97.67787,338.33,0.54,0.68,"2026-09-18",1830,"N20","nominal","2.0NRT",268.23,4.12,"N"
"2873",60.43357,97.66911,321.49,0.54,0.68,"2026-09-18",1830,"N20","nominal","2.0NRT",267.45,4.12,"N"
"2874",60.43379,97.67944,328.75,0.54,0.68,"2026-09-18",1830,"N20","nominal","2.0NRT",269.05,4.12,"N"
"2875",60.43597,97.79051,341.45,0.53,0.67,"2026-09-18",1830,"N20","nominal","2.0NRT",271.45,4.38,"N"
"2876",60.43872,96.24209,324.22,0.6,0.71,"2026-09-18",1830,"N20","nominal","2.0NRT",290.95,50.66,"N"
"2877",60.43839,96.22967,314.32,0.6,0.71,"2026-09-18",1830,"N20","nominal","2.0NRT",268.59,43.8,"N"
"2878",60.439,96.25301,319.62,0.6,0.71,"2026-09-18",1830,"N20","nominal","2.0NRT",273.71,50.66,"N"
"2879",60.15029,109.10001,336.29,0.43,0.46,"2026-09-18",1830,"N20","nominal","2.0NRT",269.75,10.85,"N"
"2880",60.43207,96.23994,307.36,0.6,0.71,"2026-09-18",1830,"N20","nominal","2.0NRT",268.05,2.06,"N"
"2881",60.43224,96.50198,341.22,0.59,0.7,"2026-09-18",1830,"N20","nominal","2.0NRT",277.79,4.46,"N"
"2882",60.44655,97.1425,325.38,0.56,0.69,"2026-09-18",1830,"N20","nominal","2.0NRT",272.73,7.27,"N"
"2883",60.44674,97.15163,347.3,0.56,0.69,"2026-09-18",1830,"N20","nominal","2.0NRT",274.91,8.66,"N"
"2884",60.14662,109.09113,352.25,0.43,0.46,"2026-09-18",1830,"N20","nominal","2.0NRT",282.41,10.85,"N"
"2885",60.43193,96.48952,299.8,0.59,0.7,"2026-09-18",1830,"N20","nominal","2.0NRT",271.63,4.46,"N"
"2886",60.14607,109.09885,296.07,0.43,0.46,"2026-09-18",1830,"N20","nominal","2.0NRT",270.33,10.85,"N"
"2887",60.42543,96.49064,342.28,0.59,0.7,"2026-09-18",1830,"N20","nominal","2.0NRT",275,107.36,"N"
"2888",60.42601,96.51419,297.41,0.59,0.7,"2026-09-18",1830,"N20","nominal","2.0NRT",272.95,25.21,"N"
"2889",60.44135,97.54601,367,0.54,0.68,"2026-09-18",1830,"N20","high","2.0NRT",272.5,14.63,"N"
"2890",60.43723,97.6755,355.85,0.54,0.68,"2026-09-18",1830,"N20","nominal","2.0NRT",273.1,16.22,"N"
"2891",60.43904,97.78765,327.48,0.53,0.67,"2026-09-18",1830,"N20","nominal","2.0NRT",270.66,2.49,"N"
"2892",60.43919,97.79699,297.37,0.53,0.67,"2026-09-18",1830,"N20","nominal","2.0NRT",271.27,2.49,"N"
"2893",60.40213,97.4767,301.18,0.54,0.68,"2026-09-18",1830,"N20","nominal","2.0NRT",270.13,1.47,"N"
"2894",59.78907,110.87667,322.6,0.57,0.43,"2026-09-18",1830,"N20","nominal","2.0NRT",269.71,3.43,"N"
"2895",59.80705,109.42127,336.26,0.42,0.45,"2026-09-18",1830,"N20","nominal","2.0NRT",266.21,16.79,"N"
"2896",59.84402,108.40026,328.29,0.45,0.47,"2026-09-18",1830,"N20","nominal","2.0NRT",266.52,2.86,"N"
"2897",59.81205,108.14051,312.72,0.46,0.47,"2026-09-18",1830,"N20","nominal","2.0NRT",267.83,1.53,"N"
"2898",59.79585,108.18816,301.78,0.46,0.47,"2026-09-18",1830,"N20","nominal","2.0NRT",270.16,1.18,"N"
"2899",59.79552,108.18935,299.74,0.46,0.47,"2026-09-18",1830,"N20","nominal","2.0NRT",269.44,1.05,"N"
"2900",59.7863,108.19527,333.21,0.46,0.47,"2026-09-18",1830,"N20","nominal","2.0NRT",272.28,6.12,"N"
"2901",59.78685,108.18694,309.09,0.46,0.47,"2026-09-18",1830,"N20","nominal","2.0NRT",268.49,4.09,"N"
"2902",59.64074,108.12094,334.92,0.46,0.47,"2026-09-18",1830,"N20","nominal","2.0NRT",271.22,4.44,"N"
"2903",59.42565,107.80999,304.15,0.47,0.48,"2026-09-18",1830,"N20","nominal","2.0NRT",268.71,1.04,"N"
"2904",58.4821,107.02179,349.67,0.49,0.49,"2026-09-18",1830,"N20","nominal","2.0NRT",276.19,23.88,"N"
"2905",58.44831,107.59428,336.73,0.47,0.48,"2026-09-18",1830,"N20","nominal","2.0NRT",271.39,9.93,"N"
"2906",58.44783,107.60216,327.19,0.47,0.47,"2026-09-18",1830,"N20","nominal","2.0NRT",278.09,9.93,"N"
"2907",58.48487,107.02489,322.72,0.49,0.49,"2026-09-18",1830,"N20","nominal","2.0NRT",270.01,2.69,"N"
"2908",58.44874,107.59658,338.05,0.47,0.47,"2026-09-18",1830,"N20","nominal","2.0NRT",279.07,19.23,"N"
"2909",58.44823,107.60445,301.57,0.47,0.47,"2026-09-18",1830,"N20","nominal","2.0NRT",272.49,8.58,"N"
"2910",58.48039,107.02419,326.68,0.49,0.49,"2026-09-18",1830,"N20","nominal","2.0NRT",274.86,13.13,"N"
"2911",58.4809,107.01575,296.21,0.49,0.49,"2026-09-18",1830,"N20","nominal","2.0NRT",268.97,7.39,"N"
"2912",58.42785,107.5761,344.21,0.47,0.48,"2026-09-18",1830,"N20","nominal","2.0NRT",272.19,5.91,"N"
"2913",58.42347,107.57508,344.12,0.47,0.48,"2026-09-18",1830,"N20","nominal","2.0NRT",271.54,5.91,"N"
"2914",58.42309,107.44114,303.46,0.47,0.48,"2026-09-18",1830,"N20","nominal","2.0NRT",263.54,0.6,"N"
"2915",58.40723,107.26282,305.95,0.48,0.48,"2026-09-18",1830,"N20","nominal","2.0NRT",266.85,1.08,"N"
"2916",58.29452,106.91554,336.08,0.49,0.49,"2026-09-18",1830,"N20","nominal","2.0NRT",269.82,3.87,"N"
"2917",58.29301,106.91799,336.93,0.49,0.49,"2026-09-18",1832,"N20","nominal","2.0NRT",272.17,6.26,"N"
"2918",58.13946,107.10023,310.73,0.48,0.48,"2026-09-18",1832,"N20","nominal","2.0NRT",269.72,1.68,"N"
"2919",58.09361,106.55959,334.91,0.5,0.49,"2026-09-18",1832,"N20","nominal","2.0NRT",279.71,6.3,"N"
"2920",58.09407,106.55112,314.27,0.5,0.49,"2026-09-18",1832,"N20","nominal","2.0NRT",271.11,4.93,"N"
"2921",58.09833,106.55466,306.3,0.5,0.49,"2026-09-18",1832,"N20","nominal","2.0NRT",272.28,2.77,"N"
"2922",58.09379,106.55388,338.05,0.5,0.49,"2026-09-18",1832,"N20","nominal","2.0NRT",274.16,9.85,"N"
"2923",58.09329,106.56229,304.64,0.5,0.49,"2026-09-18",1832,"N20","nominal","2.0NRT",274.1,9.85,"N"
"2924",57.98372,106.7971,304.41,0.49,0.49,"2026-09-18",1832,"N20","nominal","2.0NRT",269.1,1.12,"N"
"2925",57.87788,105.88055,337.55,0.53,0.5,"2026-09-18",1832,"N20","nominal","2.0NRT",275.13,20.89,"N"
"2926",57.87743,105.88925,319.56,0.53,0.5,"2026-09-18",1832,"N20","nominal","2.0NRT",281.39,16.97,"N"
"2927",57.74067,105.94407,320.76,0.53,0.5,"2026-09-18",1832,"N20","nominal","2.0NRT",267.74,2.96,"N"
"2928",57.72671,106.03224,325.1,0.52,0.5,"2026-09-18",1832,"N20","nominal","2.0NRT",267.24,3.08,"N"
"2929",57.68361,106.08183,349.71,0.52,0.5,"2026-09-18",1832,"N20","nominal","2.0NRT",280.93,20.97,"N"
"2930",57.6157,105.6803,320.96,0.54,0.51,"2026-09-18",1832,"N20","nominal","2.0NRT",265.55,4.35,"N"
"2931",57.58988,105.91541,324.57,0.53,0.5,"2026-09-18",1832,"N20","nominal","2.0NRT",272.43,3.54,"N"
"2932",57.59033,105.90641,318.55,0.53,0.5,"2026-09-18",1832,"N20","nominal","2.0NRT",268.47,3.34,"N"
"2933",57.61835,105.68315,335.29,0.54,0.51,"2026-09-18",1832,"N20","nominal","2.0NRT",267.46,2.97,"N"
"2934",57.58738,105.90798,336.27,0.53,0.5,"2026-09-18",1832,"N20","nominal","2.0NRT",269.51,9.01,"N"
"2935",57.5703,105.87769,325.09,0.53,0.5,"2026-09-18",1832,"N20","nominal","2.0NRT",273.03,3.63,"N"
"2936",57.56795,105.9214,337.12,0.53,0.5,"2026-09-18",1832,"N20","nominal","2.0NRT",273.19,15.56,"N"
"2937",57.56332,105.92048,333.82,0.53,0.5,"2026-09-18",1832,"N20","nominal","2.0NRT",279.38,26.9,"N"
"2938",57.5384,105.86135,336.21,0.53,0.5,"2026-09-18",1832,"N20","nominal","2.0NRT",270.21,9.21,"N"
"2939",57.35229,107.02685,295.41,0.48,0.48,"2026-09-18",1832,"N20","nominal","2.0NRT",267.76,0.46,"N"
"2940",56.82729,106.0121,296.37,0.51,0.5,"2026-09-18",1832,"N20","nominal","2.0NRT",269.88,0.76,"N"
"2941",46.7893,130.43167,297.79,0.5,0.66,"2026-09-18",1832,"N20","nominal","2.0NRT",286.51,1.05,"N"
"2942",48.08446,123.44849,303.97,0.45,0.47,"2026-09-18",1832,"N20","nominal","2.0NRT",287.74,0.82,"N"
"2943",46.19128,125.28964,297.5,0.62,0.54,"2026-09-18",1834,"N20","nominal","2.0NRT",285,0.38,"N"
"2944",46.18906,125.28855,299.24,0.62,0.54,"2026-09-18",1834,"N20","nominal","2.0NRT",284.83,1.06,"N"
"2945",45.41677,127.48785,297.26,0.41,0.61,"2026-09-18",1834,"N20","nominal","2.0NRT",283.18,0.47,"N"
"2946",45.85268,124.32821,296.57,0.57,0.52,"2026-09-18",1834,"N20","nominal","2.0NRT",286.46,0.63,"N"
"2947",45.99511,116.87597,307.16,0.43,0.38,"2026-09-18",1834,"N20","nominal","2.0NRT",279.49,2.15,"N"
"2948",44.19126,124.09089,295.46,0.62,0.54,"2026-09-18",1834,"N20","nominal","2.0NRT",279.56,1.11,"N"
"2949",47.47794,101.53748,301.64,0.33,0.55,"2026-09-18",1834,"N20","nominal","2.0NRT",274.82,0.74,"N"
"2950",45.75687,115.72395,336.72,0.41,0.37,"2026-09-18",1834,"N20","nominal","2.0NRT",277.73,4.15,"N"
"2951",45.75354,115.72273,332.58,0.41,0.37,"2026-09-18",1834,"N20","nominal","2.0NRT",277.59,4.15,"N"
"2952",45.75262,115.72791,303.74,0.41,0.37,"2026-09-18",1834,"N20","nominal","2.0NRT",275.15,1.73,"N"
"2953",43.20432,124.33508,297.33,0.34,0.56,"2026-09-18",1834,"N20","nominal","2.0NRT",282.99,0.72,"N"
"2954",46.13999,109.00198,299.34,0.46,0.39,"2026-09-18",1834,"N20","nominal","2.0NRT",279.63,1.03,"N"
"2955",42.77805,124.16937,295.84,0.34,0.56,"2026-09-18",1834,"N20","nominal","2.0NRT",281.26,0.5,"N"
"2956",45.71939,107.71563,295.62,0.5,0.41,"2026-09-18",1834,"N20","nominal","2.0NRT",279.05,1.2,"N"
"2957",42.31927,125.24911,302.49,0.4,0.6,"2026-09-18",1834,"N20","nominal","2.0NRT",272.9,1.79,"N"
"2958",41.87272,126.35842,309.46,0.46,0.64,"2026-09-18",1834,"N20","nominal","2.0NRT",274.29,2.02,"N"
"2959",41.87849,126.3605,304.44,0.46,0.64,"2026-09-18",1834,"N20","nominal","2.0NRT",272.11,0.82,"N"
"2960",41.87312,126.35723,295.57,0.46,0.64,"2026-09-18",1834,"N20","nominal","2.0NRT",273.6,0.82,"N"
"2961",41.77618,126.02158,299.84,0.45,0.63,"2026-09-18",1834,"N20","nominal","2.0NRT",283.04,0.77,"N"
"2962",42.21586,123.8942,297.28,0.34,0.56,"2026-09-18",1834,"N20","nominal","2.0NRT",283.69,0.9,"N"
"2963",43.54543,118.05082,299.7,0.52,0.41,"2026-09-18",1834,"N20","nominal","2.0NRT",286.98,0.84,"N"
"2964",43.89012,116.20623,295.96,0.44,0.38,"2026-09-18",1834,"N20","nominal","2.0NRT",278.05,0.49,"N"
"2965",41.8365,124.0601,302.22,0.36,0.57,"2026-09-18",1834,"N20","nominal","2.0NRT",280.82,1.47,"N"
"2966",43.62543,115.85083,300.77,0.43,0.38,"2026-09-18",1834,"N20","nominal","2.0NRT",284.08,0.69,"N"
"2967",41.81085,123.29196,305.2,0.33,0.55,"2026-09-18",1834,"N20","nominal","2.0NRT",280.28,0.72,"N"
"2968",42.21871,120.81855,302.3,0.49,0.48,"2026-09-18",1834,"N20","nominal","2.0NRT",289.1,0.81,"N"
"2969",41.34674,123.46835,305.35,0.35,0.56,"2026-09-18",1834,"N20","nominal","2.0NRT",284.84,0.66,"N"
"2970",41.27711,123.72255,319.68,0.36,0.57,"2026-09-18",1834,"N20","nominal","2.0NRT",281.1,1.51,"N"
"2971",41.27285,123.73804,296.64,0.36,0.57,"2026-09-18",1834,"N20","nominal","2.0NRT",281.72,1.04,"N"
"2972",41.27346,123.71352,298.71,0.36,0.57,"2026-09-18",1834,"N20","nominal","2.0NRT",282.87,2.11,"N"
"2973",41.30608,123.32336,297.61,0.34,0.56,"2026-09-18",1834,"N20","nominal","2.0NRT",286.79,1.04,"N"
"2974",41.27814,123.28392,307.57,0.34,0.56,"2026-09-18",1834,"N20","nominal","2.0NRT",287.59,1.05,"N"
"2975",44.14353,108.27799,295.68,0.46,0.39,"2026-09-18",1834,"N20","nominal","2.0NRT",280.97,1.13,"N"
"2976",41.27525,123.28285,304.29,0.34,0.56,"2026-09-18",1834,"N20","nominal","2.0NRT",286.48,0.83,"N"
"2977",42.25076,119.13105,319,0.41,0.45,"2026-09-18",1834,"N20","nominal","2.0NRT",287.73,2.17,"N"
"2978",42.27118,119.02054,300.3,0.4,0.44,"2026-09-18",1834,"N20","nominal","2.0NRT",286.5,0.85,"N"
"2979",41.13974,122.99799,302.87,0.33,0.55,"2026-09-18",1834,"N20","nominal","2.0NRT",287.83,1.63,"N"
"2980",41.13591,122.99195,310.87,0.33,0.55,"2026-09-18",1834,"N20","nominal","2.0NRT",288.14,2.44,"N"
"2981",41.13509,122.97473,308.82,0.33,0.55,"2026-09-18",1834,"N20","nominal","2.0NRT",287.24,1.71,"N"
"2982",41.96874,119.17838,301.39,0.41,0.45,"2026-09-18",1834,"N20","nominal","2.0NRT",285.26,0.51,"N"
"2983",41.06832,122.74026,297.89,0.32,0.55,"2026-09-18",1834,"N20","nominal","2.0NRT",281.44,1.03,"N"
"2984",41.78251,119.48302,319.78,0.43,0.46,"2026-09-18",1834,"N20","nominal","2.0NRT",284.51,1.86,"N"
"2985",41.53113,120.36819,302.32,0.48,0.48,"2026-09-18",1834,"N20","nominal","2.0NRT",288.77,1.49,"N"
"2986",41.45388,119.83249,298.97,0.46,0.47,"2026-09-18",1834,"N20","nominal","2.0NRT",286.09,1.13,"N"
"2987",41.45599,119.83108,300.38,0.46,0.47,"2026-09-18",1834,"N20","nominal","2.0NRT",286.48,0.8,"N"
"2988",41.00986,120.81548,302.49,0.52,0.5,"2026-09-18",1834,"N20","nominal","2.0NRT",287.22,0.82,"N"
"2989",41.00918,120.81522,303.74,0.52,0.5,"2026-09-18",1834,"N20","nominal","2.0NRT",287.03,1.03,"N"
"2990",43.56395,105.46109,303.5,0.39,0.44,"2026-09-18",1834,"N20","nominal","2.0NRT",275.66,1.09,"N"
"2991",41.28326,119.41428,304.41,0.44,0.46,"2026-09-18",1834,"N20","nominal","2.0NRT",290.27,1.64,"N"
"2992",39.44882,126.01865,301.79,0.52,0.67,"2026-09-18",1834,"N20","nominal","2.0NRT",283.93,1.74,"N"
"2993",39.44852,126.01774,299.62,0.52,0.67,"2026-09-18",1834,"N20","nominal","2.0NRT",283.04,2.01,"N"
"2994",39.4468,126.02348,306.92,0.53,0.67,"2026-09-18",1834,"N20","nominal","2.0NRT",285.23,2.48,"N"
"2995",40.93452,119.89123,307,0.47,0.48,"2026-09-18",1834,"N20","nominal","2.0NRT",286.31,1.13,"N"
"2996",40.97629,119.42804,296.02,0.45,0.47,"2026-09-18",1834,"N20","nominal","2.0NRT",285.61,0.38,"N"
"2997",43.69493,95.03204,326.54,0.65,0.73,"2026-09-18",1834,"N20","nominal","2.0NRT",287.73,2.51,"N"
"2998",43.69494,95.0239,297.44,0.65,0.73,"2026-09-18",1834,"N20","nominal","2.0NRT",286.34,2.51,"N"
"2999",43.68822,94.98316,303.07,0.65,0.73,"2026-09-18",1834,"N20","nominal","2.0NRT",286.11,1.44,"N"
"3000",43.68821,94.9995,311.27,0.65,0.73,"2026-09-18",1834,"N20","nominal","2.0NRT",287.38,3.95,"N"
"3001",43.68817,95.02396,304.05,0.65,0.73,"2026-09-18",1834,"N20","nominal","2.0NRT",287.99,3.66,"N"
"3002",43.68141,95.0159,333.99,0.65,0.73,"2026-09-18",1834,"N20","nominal","2.0NRT",292.98,8.22,"N"
"3003",43.68145,94.96694,300.46,0.66,0.73,"2026-09-18",1834,"N20","nominal","2.0NRT",286.8,1.45,"N"
"3004",43.68144,94.98326,299.27,0.65,0.73,"2026-09-18",1834,"N20","nominal","2.0NRT",287.08,1.44,"N"
"3005",43.67464,94.99972,322.42,0.65,0.73,"2026-09-18",1834,"N20","nominal","2.0NRT",290.31,3.53,"N"
"3006",41.02414,118.79293,296.76,0.42,0.45,"2026-09-18",1834,"N20","nominal","2.0NRT",285.84,0.91,"N"
"3007",41.0211,118.79378,297.2,0.42,0.45,"2026-09-18",1834,"N20","nominal","2.0NRT",286.27,0.94,"N"
"3008",43.69977,95.03232,301.47,0.65,0.73,"2026-09-18",1834,"N20","nominal","2.0NRT",287.48,1.95,"N"
"3009",43.693,95.03242,322.92,0.65,0.73,"2026-09-18",1834,"N20","nominal","2.0NRT",286.38,4.14,"N"
"3010",43.69305,95.02427,305.2,0.65,0.73,"2026-09-18",1834,"N20","nominal","2.0NRT",288.29,3.97,"N"
"3011",43.68653,94.98353,302.52,0.65,0.73,"2026-09-18",1834,"N20","nominal","2.0NRT",285.62,2.88,"N"
"3012",43.68644,94.99987,311.73,0.65,0.73,"2026-09-18",1834,"N20","nominal","2.0NRT",287.32,2.49,"N"
"3013",43.67966,95.00002,322.82,0.65,0.73,"2026-09-18",1834,"N20","nominal","2.0NRT",292.97,7.69,"N"
"3014",43.67957,95.01633,333.45,0.65,0.73,"2026-09-18",1834,"N20","nominal","2.0NRT",293.12,6.12,"N"
"3015",43.67984,94.96735,300.15,0.66,0.73,"2026-09-18",1834,"N20","nominal","2.0NRT",288.14,1.72,"N"
"3016",43.67975,94.98368,298.08,0.65,0.73,"2026-09-18",1834,"N20","nominal","2.0NRT",286.49,1.85,"N"
"3017",43.67971,94.99184,295.66,0.65,0.73,"2026-09-18",1834,"N20","nominal","2.0NRT",285.62,1.85,"N"
"3018",40.8104,119.46586,299.97,0.45,0.47,"2026-09-18",1836,"N20","nominal","2.0NRT",286.62,0.42,"N"
"3019",41.86098,114.09901,306.87,0.41,0.37,"2026-09-18",1836,"N20","nominal","2.0NRT",283.68,1.06,"N"
"3020",40.59836,120.01097,302.04,0.49,0.48,"2026-09-18",1836,"N20","nominal","2.0NRT",287.08,0.86,"N"
"3021",40.78393,118.25723,300.23,0.4,0.44,"2026-09-18",1836,"N20","nominal","2.0NRT",286.71,0.76,"N"
"3022",40.43209,119.22728,302.18,0.45,0.47,"2026-09-18",1836,"N20","nominal","2.0NRT",284.47,0.92,"N"
"3023",41.54634,113.61547,302.08,0.4,0.37,"2026-09-18",1836,"N20","nominal","2.0NRT",285.19,0.92,"N"
"3024",41.54303,113.61444,307.29,0.4,0.37,"2026-09-18",1836,"N20","nominal","2.0NRT",286.36,1.43,"N"
"3025",41.53311,113.59148,301.54,0.4,0.37,"2026-09-18",1836,"N20","nominal","2.0NRT",281.92,1.05,"N"
"3026",41.45267,113.12999,300.4,0.39,0.36,"2026-09-18",1836,"N20","nominal","2.0NRT",284.89,0.87,"N"
"3027",41.88074,110.10493,296.02,0.4,0.37,"2026-09-18",1836,"N20","nominal","2.0NRT",283.88,0.23,"N"
"3028",39.80115,120.61331,307.6,0.55,0.51,"2026-09-18",1836,"N20","nominal","2.0NRT",290.54,1.1,"N"
"3029",40.09425,118.92903,319.71,0.44,0.46,"2026-09-18",1836,"N20","nominal","2.0NRT",285.82,2.11,"N"
"3030",40.11359,118.72534,298.77,0.43,0.46,"2026-09-18",1836,"N20","nominal","2.0NRT",288.51,1.68,"N"
"3031",40.11245,118.73039,316.02,0.43,0.46,"2026-09-18",1836,"N20","nominal","2.0NRT",291.35,1.68,"N"
"3032",40.11132,118.7354,309.68,0.43,0.46,"2026-09-18",1836,"N20","nominal","2.0NRT",292.43,2.49,"N"
"3033",40.2197,118.21188,305.81,0.41,0.45,"2026-09-18",1836,"N20","nominal","2.0NRT",286.97,1.2,"N"
"3034",40.21265,118.22425,301.37,0.41,0.45,"2026-09-18",1836,"N20","nominal","2.0NRT",291.27,1.4,"N"
"3035",40.12915,118.4423,299.15,0.42,0.45,"2026-09-18",1836,"N20","nominal","2.0NRT",288.01,0.66,"N"
"3036",40.1848,118.06023,314.27,0.4,0.44,"2026-09-18",1836,"N20","nominal","2.0NRT",292.62,2.4,"N"
"3037",40.18378,118.06479,308.36,0.4,0.44,"2026-09-18",1836,"N20","nominal","2.0NRT",291.34,1.89,"N"
"3038",40.18071,118.07848,304.27,0.4,0.44,"2026-09-18",1836,"N20","nominal","2.0NRT",288.37,1.37,"N"
"3039",40.18513,118.05813,306.7,0.4,0.44,"2026-09-18",1836,"N20","nominal","2.0NRT",291.98,1.45,"N"
"3040",40.18414,118.06266,312.62,0.4,0.44,"2026-09-18",1836,"N20","nominal","2.0NRT",292.03,1.45,"N"
"3041",40.18015,118.08096,302.63,0.4,0.44,"2026-09-18",1836,"N20","nominal","2.0NRT",287.88,1.47,"N"
"3042",40.18118,118.05664,330.01,0.4,0.44,"2026-09-18",1836,"N20","nominal","2.0NRT",289.88,1.89,"N"
"3043",40.17723,118.05518,312.62,0.4,0.44,"2026-09-18",1836,"N20","nominal","2.0NRT",292.13,1.89,"N"
"3044",40.17623,118.05974,310.22,0.4,0.44,"2026-09-18",1836,"N20","nominal","2.0NRT",292.92,1.89,"N"
"3045",40.09325,118.43684,316.43,0.42,0.45,"2026-09-18",1836,"N20","nominal","2.0NRT",286.38,2,"N"
"3046",40.17427,118.04916,301.83,0.4,0.44,"2026-09-18",1836,"N20","nominal","2.0NRT",289,0.68,"N"
"3047",42.7089,93.33888,297.25,0.79,0.78,"2026-09-18",1836,"N20","nominal","2.0NRT",286.47,1.92,"N"
"3048",42.70911,93.36832,297.92,0.78,0.78,"2026-09-18",1836,"N20","nominal","2.0NRT",286.23,2.46,"N"
"3049",39.96561,118.54887,303.9,0.43,0.46,"2026-09-18",1836,"N20","nominal","2.0NRT",291.35,0.91,"N"
"3050",39.95354,118.54375,303.71,0.43,0.46,"2026-09-18",1836,"N20","nominal","2.0NRT",292.41,0.96,"N"
"3051",39.95239,118.54889,302.45,0.43,0.46,"2026-09-18",1836,"N20","nominal","2.0NRT",292.21,0.96,"N"
"3052",39.94723,118.55228,302.49,0.43,0.46,"2026-09-18",1836,"N20","nominal","2.0NRT",290.2,1.39,"N"
"3053",39.94611,118.55732,299.79,0.43,0.46,"2026-09-18",1836,"N20","nominal","2.0NRT",289.39,1.39,"N"
"3054",39.94501,118.56218,303.47,0.43,0.46,"2026-09-18",1836,"N20","nominal","2.0NRT",288.71,1.4,"N"
"3055",39.93734,118.59645,298.09,0.43,0.46,"2026-09-18",1836,"N20","nominal","2.0NRT",287,0.36,"N"
"3056",39.93879,118.57028,310.12,0.43,0.46,"2026-09-18",1836,"N20","nominal","2.0NRT",290.54,2.29,"N"
"3057",39.91346,118.68299,302.47,0.44,0.46,"2026-09-18",1836,"N20","nominal","2.0NRT",291.14,2.01,"N"
"3058",39.91369,118.60331,299.86,0.43,0.46,"2026-09-18",1836,"N20","nominal","2.0NRT",286.74,0.42,"N"
"3059",39.9048,118.58395,302.1,0.43,0.46,"2026-09-18",1836,"N20","nominal","2.0NRT",291.19,1.62,"N"
"3060",39.88443,118.57626,299.07,0.43,0.46,"2026-09-18",1836,"N20","nominal","2.0NRT",287.91,0.85,"N"
"3061",39.91929,118.36433,307.63,0.42,0.45,"2026-09-18",1836,"N20","nominal","2.0NRT",288.01,1.2,"N"
"3062",39.8801,118.5371,304.34,0.43,0.46,"2026-09-18",1836,"N20","nominal","2.0NRT",289.9,2.33,"N"
"3063",39.92166,118.22545,316.9,0.41,0.45,"2026-09-18",1836,"N20","nominal","2.0NRT",290.21,2.11,"N"
"3064",39.87494,118.16272,330.97,0.41,0.45,"2026-09-18",1836,"N20","nominal","2.0NRT",288.84,1.45,"N"
"3065",39.87094,118.16128,299.17,0.41,0.45,"2026-09-18",1836,"N20","nominal","2.0NRT",287.1,1.45,"N"
"3066",39.85968,118.19228,299.42,0.41,0.45,"2026-09-18",1836,"N20","nominal","2.0NRT",288.34,0.77,"N"
"3067",39.66594,118.88562,310.19,0.45,0.47,"2026-09-18",1836,"N20","nominal","2.0NRT",290.33,2.25,"N"
"3068",40.99946,112.15551,300.46,0.39,0.36,"2026-09-18",1836,"N20","nominal","2.0NRT",283.02,1.03,"N"
"3069",39.81943,118.19756,298.43,0.41,0.45,"2026-09-18",1836,"N20","nominal","2.0NRT",287.67,0.53,"N"
"3070",39.74924,118.52042,297.35,0.43,0.46,"2026-09-18",1836,"N20","nominal","2.0NRT",287.05,0.41,"N"
"3071",39.66758,118.88374,306.14,0.45,0.47,"2026-09-18",1836,"N20","nominal","2.0NRT",287.5,1.18,"N"
"3072",40.78238,113.25526,299.68,0.4,0.37,"2026-09-18",1836,"N20","nominal","2.0NRT",284.9,1.25,"N"
"3073",40.77751,113.28317,304.86,0.4,0.37,"2026-09-18",1836,"N20","nominal","2.0NRT",287.68,1.15,"N"
"3074",40.77258,113.29144,322.9,0.4,0.37,"2026-09-18",1836,"N20","nominal","2.0NRT",285.57,2.46,"N"
"3075",39.80476,118.0934,311.71,0.41,0.45,"2026-09-18",1836,"N20","nominal","2.0NRT",288.35,1.63,"N"
"3076",39.80078,118.09192,328.44,0.41,0.45,"2026-09-18",1836,"N20","nominal","2.0NRT",287.39,1.63,"N"
"3077",39.80498,118.05344,306.91,0.41,0.45,"2026-09-18",1836,"N20","nominal","2.0NRT",288.7,0.87,"N"
"3078",39.65726,118.67229,302.92,0.44,0.46,"2026-09-18",1836,"N20","nominal","2.0NRT",290.2,2.08,"N"
"3079",41.03614,111.46093,310.85,0.38,0.36,"2026-09-18",1836,"N20","nominal","2.0NRT",281.1,0.8,"N"
"3080",39.75778,118.09105,334.59,0.41,0.45,"2026-09-18",1836,"N20","nominal","2.0NRT",287.83,2.5,"N"
"3081",39.75881,118.08644,305.59,0.41,0.45,"2026-09-18",1836,"N20","nominal","2.0NRT",286.89,2.5,"N"
"3082",39.73574,118.09286,310.95,0.41,0.45,"2026-09-18",1836,"N20","nominal","2.0NRT",287.82,1.44,"N"
"3083",39.73728,118.09113,303.17,0.41,0.45,"2026-09-18",1836,"N20","nominal","2.0NRT",286.91,0.75,"N"
"3084",39.73626,118.09577,299.33,0.41,0.45,"2026-09-18",1836,"N20","nominal","2.0NRT",288.25,0.75,"N"
"3085",39.67372,118.37971,300.83,0.43,0.46,"2026-09-18",1836,"N20","nominal","2.0NRT",289.23,0.69,"N"
"3086",39.63406,118.45898,299.89,0.43,0.46,"2026-09-18",1836,"N20","nominal","2.0NRT",288.04,0.65,"N"
"3087",39.6297,118.47844,307.14,0.43,0.46,"2026-09-18",1836,"N20","nominal","2.0NRT",286.82,0.79,"N"
"3088",39.6134,118.47228,305,0.43,0.46,"2026-09-18",1836,"N20","nominal","2.0NRT",294.26,2.47,"N"
"3089",39.60604,118.48533,300.57,0.43,0.46,"2026-09-18",1836,"N20","nominal","2.0NRT",288.28,1.1,"N"
"3090",39.65264,118.25793,298.57,0.42,0.45,"2026-09-18",1836,"N20","nominal","2.0NRT",287.64,0.28,"N"
"3091",39.59898,118.47738,299.32,0.43,0.46,"2026-09-18",1836,"N20","nominal","2.0NRT",288.83,1.14,"N"
"3092",39.60778,118.36015,305.36,0.43,0.46,"2026-09-18",1836,"N20","nominal","2.0NRT",291.87,1.56,"N"
"3093",41.30268,108.56643,296.23,0.42,0.38,"2026-09-18",1836,"N20","nominal","2.0NRT",279.25,0.76,"N"
"3094",41.08633,110.02989,298.08,0.39,0.36,"2026-09-18",1836,"N20","nominal","2.0NRT",283.12,0.81,"N"
"3095",39.62523,117.95668,328.1,0.41,0.45,"2026-09-18",1836,"N20","nominal","2.0NRT",288.44,2.98,"N"
"3096",39.61321,117.97215,310.35,0.41,0.45,"2026-09-18",1836,"N20","nominal","2.0NRT",287.5,0.85,"N"
"3097",39.60931,117.95082,302.01,0.41,0.45,"2026-09-18",1836,"N20","nominal","2.0NRT",288.9,0.91,"N"
"3098",39.49896,118.26996,305.17,0.42,0.46,"2026-09-18",1836,"N20","nominal","2.0NRT",290.9,1.24,"N"
"3099",39.4377,118.46169,302.4,0.43,0.46,"2026-09-18",1836,"N20","nominal","2.0NRT",287.48,1.27,"N"
"3100",39.43658,118.46657,315.85,0.44,0.46,"2026-09-18",1836,"N20","nominal","2.0NRT",287.95,1.4,"N"
"3101",39.4336,118.46017,300.86,0.43,0.46,"2026-09-18",1836,"N20","nominal","2.0NRT",288.08,1.27,"N"
"3102",39.43248,118.46504,306.97,0.44,0.46,"2026-09-18",1836,"N20","nominal","2.0NRT",287.68,1.4,"N"
"3103",40.97279,110.08598,304.52,0.39,0.36,"2026-09-18",1836,"N20","nominal","2.0NRT",285.53,1.12,"N"
"3104",39.46841,118.24236,302.72,0.42,0.45,"2026-09-18",1836,"N20","nominal","2.0NRT",290.08,2.14,"N"
"3105",39.4663,118.25191,304.51,0.42,0.46,"2026-09-18",1836,"N20","nominal","2.0NRT",291.35,2.34,"N"
"3106",39.46542,118.23611,313.69,0.42,0.45,"2026-09-18",1836,"N20","nominal","2.0NRT",290.93,1.08,"N"
"3107",39.46244,118.22984,300.48,0.42,0.45,"2026-09-18",1836,"N20","nominal","2.0NRT",288.76,1.08,"N"
"3108",40.99796,109.79424,301.73,0.4,0.37,"2026-09-18",1836,"N20","nominal","2.0NRT",282.13,0.41,"N"
"3109",39.26934,119.02378,303.67,0.47,0.48,"2026-09-18",1836,"N20","nominal","2.0NRT",291.9,0.94,"N"
"3110",39.27476,118.98038,299.51,0.47,0.47,"2026-09-18",1836,"N20","nominal","2.0NRT",288.19,0.37,"N"
"3111",39.26513,119.02216,305.7,0.47,0.48,"2026-09-18",1836,"N20","nominal","2.0NRT",290.54,0.94,"N"
"3112",39.25849,119.03101,307.63,0.47,0.48,"2026-09-18",1836,"N20","nominal","2.0NRT",292.73,1.56,"N"
"3113",39.46244,118.11193,302.1,0.42,0.45,"2026-09-18",1836,"N20","nominal","2.0NRT",289.83,0.83,"N"
"3114",39.26032,119.0032,303.65,0.47,0.48,"2026-09-18",1836,"N20","nominal","2.0NRT",290.66,1.23,"N"
"3115",39.24583,119.02614,301.78,0.47,0.48,"2026-09-18",1836,"N20","nominal","2.0NRT",291.09,1.28,"N"
"3116",40.41333,113.18205,298.09,0.4,0.37,"2026-09-18",1836,"N20","nominal","2.0NRT",284.3,0.61,"N"
"3117",40.40685,112.98791,318.92,0.4,0.37,"2026-09-18",1836,"N20","nominal","2.0NRT",283.91,1.64,"N"
"3118",40.40025,112.98593,299.99,0.4,0.37,"2026-09-18",1836,"N20","nominal","2.0NRT",285.3,0.65,"N"
"3119",40.39148,113.03657,306.27,0.4,0.37,"2026-09-18",1836,"N20","nominal","2.0NRT",285.27,1.28,"N"
"3120",40.39058,113.02173,297.01,0.4,0.37,"2026-09-18",1836,"N20","nominal","2.0NRT",285.19,0.82,"N"
"3121",39.31297,117.7812,300.17,0.41,0.45,"2026-09-18",1836,"N20","nominal","2.0NRT",289.14,0.49,"N"
"3122",39.29602,117.79967,307.75,0.41,0.45,"2026-09-18",1836,"N20","nominal","2.0NRT",290.37,0.82,"N"
"3123",40.68965,110.20412,326.22,0.39,0.36,"2026-09-18",1836,"N20","nominal","2.0NRT",285.32,2.83,"N"
"3124",40.68696,110.22234,295.97,0.39,0.36,"2026-09-18",1836,"N20","nominal","2.0NRT",283.62,0.6,"N"
"3125",39.29204,117.79823,299.14,0.41,0.45,"2026-09-18",1836,"N20","nominal","2.0NRT",288.8,0.82,"N"
"3126",38.99615,119.00106,318.16,0.47,0.48,"2026-09-18",1836,"N20","nominal","2.0NRT",291.62,0.75,"N"
"3127",40.65203,109.73847,304.84,0.4,0.37,"2026-09-18",1836,"N20","nominal","2.0NRT",287.4,1.12,"N"
"3128",40.64871,109.73764,306.5,0.4,0.37,"2026-09-18",1836,"N20","nominal","2.0NRT",286.3,1.12,"N"
"3129",40.64538,109.76083,295,0.4,0.37,"2026-09-18",1836,"N20","nominal","2.0NRT",284.41,0.5,"N"
"3130",40.64405,109.74609,297.63,0.4,0.37,"2026-09-18",1836,"N20","nominal","2.0NRT",286.83,0.84,"N"
"3131",40.64206,109.76,301.27,0.4,0.37,"2026-09-18",1836,"N20","nominal","2.0NRT",282.31,0.46,"N"
"3132",40.63808,109.73979,302.23,0.4,0.37,"2026-09-18",1836,"N20","nominal","2.0NRT",288.59,0.92,"N"
"3133",40.63475,109.73897,305.17,0.4,0.37,"2026-09-18",1836,"N20","nominal","2.0NRT",288.38,0.92,"N"
"3134",40.62944,109.72802,296.19,0.4,0.37,"2026-09-18",1836,"N20","nominal","2.0NRT",284.23,0.34,"N"
"3135",40.6188,109.75417,314.2,0.4,0.37,"2026-09-18",1836,"N20","nominal","2.0NRT",287.16,1.23,"N"
"3136",40.61813,109.73482,297.04,0.4,0.37,"2026-09-18",1836,"N20","nominal","2.0NRT",286.39,0.69,"N"
"3137",40.97601,106.84852,298.79,0.48,0.4,"2026-09-18",1836,"N20","nominal","2.0NRT",287.09,1.09,"N"
"3138",40.9728,106.85275,302.72,0.48,0.4,"2026-09-18",1836,"N20","nominal","2.0NRT",288.01,1.45,"N"
"3139",40.59997,109.68014,298.6,0.4,0.37,"2026-09-18",1836,"N20","nominal","2.0NRT",286.06,1.18,"N"
"3140",40.5993,109.68478,316.74,0.4,0.37,"2026-09-18",1836,"N20","nominal","2.0NRT",285.26,1.23,"N"
"3141",40.58588,109.77739,298.19,0.39,0.37,"2026-09-18",1836,"N20","nominal","2.0NRT",286.1,0.62,"N"
"3142",40.58521,109.78201,299.55,0.39,0.37,"2026-09-18",1836,"N20","nominal","2.0NRT",287,0.62,"N"
"3143",40.96682,106.83991,302.27,0.48,0.4,"2026-09-18",1836,"N20","nominal","2.0NRT",288.58,1.06,"N"
"3144",38.96442,118.44574,302.88,0.44,0.46,"2026-09-18",1836,"N20","nominal","2.0NRT",290.96,0.63,"N"
"3145",38.95092,118.50555,313.41,0.45,0.47,"2026-09-18",1836,"N20","nominal","2.0NRT",293.22,1.45,"N"
"3146",38.96029,118.4442,307.41,0.44,0.46,"2026-09-18",1836,"N20","nominal","2.0NRT",290.94,0.63,"N"
"3147",40.56066,109.76152,295.82,0.39,0.37,"2026-09-18",1836,"N20","nominal","2.0NRT",282.92,0.15,"N"
"3148",40.93556,106.78664,299.05,0.48,0.4,"2026-09-18",1836,"N20","nominal","2.0NRT",288.85,0.89,"N"
"3149",40.9319,106.78584,299.81,0.48,0.4,"2026-09-18",1836,"N20","nominal","2.0NRT",287.88,0.89,"N"
"3150",40.91359,106.84621,297.1,0.48,0.4,"2026-09-18",1836,"N20","nominal","2.0NRT",286.61,0.9,"N"
"3151",40.58043,109.35624,314.1,0.4,0.37,"2026-09-18",1836,"N20","nominal","2.0NRT",288.93,1.55,"N"
"3152",39.98508,113.11781,300.41,0.4,0.37,"2026-09-18",1836,"N20","nominal","2.0NRT",286.77,0.55,"N"
"3153",40.57708,109.35542,326.31,0.4,0.37,"2026-09-18",1836,"N20","nominal","2.0NRT",288.12,2.02,"N"
"3154",39.94477,113.07952,302.71,0.4,0.37,"2026-09-18",1836,"N20","nominal","2.0NRT",287.31,0.8,"N"
"3155",39.02897,117.49581,303.68,0.4,0.44,"2026-09-18",1836,"N20","nominal","2.0NRT",291.77,1.27,"N"
"3156",40.16894,111.41467,305.24,0.38,0.36,"2026-09-18",1836,"N20","nominal","2.0NRT",287.93,1.02,"N"
"3157",40.16822,111.41911,307.84,0.38,0.36,"2026-09-18",1836,"N20","nominal","2.0NRT",288.66,1.02,"N"
"3158",39.00534,117.52592,301.36,0.4,0.44,"2026-09-18",1836,"N20","nominal","2.0NRT",291.32,1.05,"N"
"3159",40.3648,109.95828,302.9,0.39,0.36,"2026-09-18",1836,"N20","nominal","2.0NRT",285.61,1.02,"N"
"3160",40.30885,110.06483,303.3,0.39,0.36,"2026-09-18",1836,"N20","nominal","2.0NRT",282.7,0.65,"N"
"3161",39.46315,114.20943,295.14,0.43,0.38,"2026-09-18",1836,"N20","nominal","2.0NRT",284.42,0.41,"N"
"3162",69.27546,109.59642,306.71,0.52,0.5,"2026-09-18",1828,"N20","nominal","2.0NRT",272.93,2.26,"N"
"3163",64.4141,106.62666,307.45,0.57,0.52,"2026-09-18",1830,"N20","nominal","2.0NRT",271.27,1.57,"N"
"3164",64.41576,106.62125,307.45,0.57,0.52,"2026-09-18",1830,"N20","nominal","2.0NRT",271.63,2.69,"N"
"3165",63.73835,107.022,300.76,0.55,0.51,"2026-09-18",1830,"N20","nominal","2.0NRT",267.49,3.77,"N"
"3166",63.31098,107.14668,309.73,0.54,0.51,"2026-09-18",1830,"N20","nominal","2.0NRT",271.74,4.12,"N"
"3167",63.23411,106.71107,296.85,0.55,0.51,"2026-09-18",1830,"N20","nominal","2.0NRT",269.93,0.92,"N"
"3168",62.39729,113.4939,322.5,0.52,0.41,"2026-09-18",1830,"N20","nominal","2.0NRT",269.27,1.91,"N"
"3169",62.39353,113.49218,305.77,0.52,0.41,"2026-09-18",1830,"N20","nominal","2.0NRT",268.64,1.91,"N"
"3170",62.35547,113.69098,332.78,0.51,0.41,"2026-09-18",1830,"N20","nominal","2.0NRT",267.64,3.79,"N"
"3171",62.35596,113.69423,332.91,0.51,0.41,"2026-09-18",1830,"N20","nominal","2.0NRT",267.43,4.4,"N"
"3172",17.37127,77.4441,305.3,0.41,0.37,"2026-09-18",2023,"N20","nominal","2.0NRT",290,0.84,"N"
"3173",17.14703,78.2242,297.81,0.39,0.37,"2026-09-18",2023,"N20","nominal","2.0NRT",278.82,0.45,"N"
"3174",17.14172,77.17446,306.24,0.42,0.38,"2026-09-18",2023,"N20","nominal","2.0NRT",290.3,0.59,"N"
"3175",17.14056,77.18233,307.35,0.42,0.38,"2026-09-18",2023,"N20","nominal","2.0NRT",290.81,1.1,"N"
"3176",17.06521,76.98033,306.95,0.43,0.38,"2026-09-18",2023,"N20","nominal","2.0NRT",286.77,1.28,"N"
"3177",16.30605,77.35918,299.73,0.41,0.37,"2026-09-18",2023,"N20","nominal","2.0NRT",281.39,0.49,"N"
"3178",15.65979,73.98689,315.49,0.39,0.44,"2026-09-18",2023,"N20","nominal","2.0NRT",289.83,1.08,"N"
"3179",15.22551,76.76241,302.35,0.42,0.38,"2026-09-18",2023,"N20","nominal","2.0NRT",277.36,0.79,"N"
"3180",15.02358,78.01276,295.45,0.39,0.36,"2026-09-18",2023,"N20","nominal","2.0NRT",265.27,0.72,"N"
"3181",15.18433,76.66523,308.57,0.42,0.38,"2026-09-18",2023,"N20","nominal","2.0NRT",279.88,0.73,"N"
"3182",15.18316,76.67306,305.04,0.42,0.38,"2026-09-18",2023,"N20","nominal","2.0NRT",280.4,1.35,"N"
"3183",15.17912,76.67645,304.44,0.42,0.38,"2026-09-18",2023,"N20","nominal","2.0NRT",280.38,1.39,"N"
"3184",15.17858,76.65633,317.41,0.42,0.38,"2026-09-18",2023,"N20","nominal","2.0NRT",280.53,2.25,"N"
"3185",15.17566,76.67592,318.94,0.42,0.38,"2026-09-18",2023,"N20","nominal","2.0NRT",279.96,1.39,"N"
"3186",15.17333,76.6916,316.88,0.42,0.38,"2026-09-18",2023,"N20","nominal","2.0NRT",279.69,1.67,"N"
"3187",15.1757,76.65188,311.34,0.42,0.38,"2026-09-18",2023,"N20","nominal","2.0NRT",279.2,1.1,"N"
"3188",15.17512,76.65579,308.1,0.42,0.38,"2026-09-18",2023,"N20","nominal","2.0NRT",280.03,1.1,"N"
"3189",15.17395,76.66364,303.7,0.42,0.38,"2026-09-18",2023,"N20","nominal","2.0NRT",279.8,1.35,"N"
"3190",15.16933,76.67095,304.75,0.42,0.38,"2026-09-18",2023,"N20","nominal","2.0NRT",279.42,1.09,"N"
"3191",15.18602,76.31545,295.87,0.44,0.38,"2026-09-18",2023,"N20","nominal","2.0NRT",268.01,0.46,"N"
"3192",14.46209,77.73476,330.36,0.39,0.36,"2026-09-18",2023,"N20","nominal","2.0NRT",289.41,3.59,"N"
"3193",13.39152,80.10026,305.48,0.4,0.37,"2026-09-18",2023,"N20","nominal","2.0NRT",287.21,0.62,"N"
"3194",11.26782,80.00361,329.97,0.41,0.37,"2026-09-18",2025,"N20","nominal","2.0NRT",291.08,4.98,"N"
"3195",11.18351,79.10081,309.35,0.39,0.36,"2026-09-18",2025,"N20","nominal","2.0NRT",286.21,1.06,"N"
"3196",9.52154,78.82174,301.36,0.39,0.37,"2026-09-18",2025,"N20","nominal","2.0NRT",274.18,0.48,"N"
"3197",54.93925,73.47726,299.18,0.48,0.64,"2026-09-18",2014,"N20","nominal","2.0NRT",281,0.91,"N"
"3198",54.94325,73.47752,299.41,0.48,0.64,"2026-09-18",2014,"N20","nominal","2.0NRT",280.76,1.09,"N"
"3199",51.25849,75.63213,302.36,0.37,0.58,"2026-09-18",2014,"N20","nominal","2.0NRT",270.84,0.73,"N"
"3200",51.25833,75.63752,296.66,0.37,0.58,"2026-09-18",2014,"N20","nominal","2.0NRT",273.72,0.73,"N"
"3201",51.26187,75.63739,296.34,0.37,0.58,"2026-09-18",2014,"N20","nominal","2.0NRT",273.28,0.6,"N"
"3202",50.40016,80.17716,297.78,0.46,0.47,"2026-09-18",2014,"N20","nominal","2.0NRT",277.35,1.96,"N"
"3203",50.39968,80.18373,314.12,0.46,0.47,"2026-09-18",2014,"N20","nominal","2.0NRT",281.98,1.96,"N"
"3204",49.6458,83.57329,304.83,0.5,0.41,"2026-09-18",2014,"N20","nominal","2.0NRT",278.6,1.03,"N"
"3205",49.64532,83.57359,308.05,0.5,0.41,"2026-09-18",2014,"N20","nominal","2.0NRT",279.78,1.53,"N"
"3206",50.02168,78.74059,303.07,0.53,0.5,"2026-09-18",2014,"N20","nominal","2.0NRT",284.37,1.37,"N"
"3207",50.01704,78.73989,301.89,0.53,0.5,"2026-09-18",2014,"N20","nominal","2.0NRT",286.11,1.37,"N"
"3208",50.00822,78.73118,296.19,0.53,0.5,"2026-09-18",2014,"N20","nominal","2.0NRT",284.55,1.93,"N"
"3209",50.03946,73.00581,300.69,0.48,0.65,"2026-09-18",2014,"N20","nominal","2.0NRT",266.3,2.26,"N"
"3210",48.10341,86.3958,296.93,0.4,0.37,"2026-09-18",2017,"N20","nominal","2.0NRT",283.99,0.7,"N"
"3211",46.65705,86.53151,297.21,0.39,0.36,"2026-09-18",2017,"N20","nominal","2.0NRT",282.8,0.41,"N"
"3212",46.66396,83.43345,296.77,0.47,0.4,"2026-09-18",2017,"N20","nominal","2.0NRT",282.96,0.33,"N"
"3213",46.64616,83.16807,323.53,0.48,0.4,"2026-09-18",2017,"N20","nominal","2.0NRT",286.78,2.47,"N"
"3214",46.8357,74.94927,299.75,0.37,0.58,"2026-09-18",2017,"N20","nominal","2.0NRT",281.95,0.83,"N"
"3215",46.82012,74.93269,349.26,0.37,0.58,"2026-09-18",2017,"N20","nominal","2.0NRT",290.22,15.37,"N"
"3216",46.82032,74.92779,309.6,0.37,0.58,"2026-09-18",2017,"N20","nominal","2.0NRT",280.47,15.37,"N"
"3217",46.81993,74.93759,301.86,0.37,0.58,"2026-09-18",2017,"N20","nominal","2.0NRT",280.33,9.61,"N"
"3218",44.85173,90.93598,327.95,0.43,0.38,"2026-09-18",2017,"N20","nominal","2.0NRT",284.95,2.27,"N"
"3219",44.85275,90.93066,299.94,0.43,0.38,"2026-09-18",2017,"N20","nominal","2.0NRT",283.38,2.27,"N"
"3220",44.84833,90.93468,327.64,0.43,0.38,"2026-09-18",2017,"N20","nominal","2.0NRT",285.87,2.27,"N"
"3221",44.84425,90.95596,323.51,0.43,0.38,"2026-09-18",2017,"N20","nominal","2.0NRT",287.29,3.2,"N"
"3222",44.85067,90.93404,341.64,0.43,0.38,"2026-09-18",2017,"N20","nominal","2.0NRT",288.94,6.33,"N"
"3223",44.85167,90.92872,298.33,0.43,0.38,"2026-09-18",2017,"N20","nominal","2.0NRT",282.88,0.57,"N"
"3224",44.84665,90.95535,301.18,0.43,0.38,"2026-09-18",2017,"N20","nominal","2.0NRT",285.84,1.03,"N"
"3225",44.84565,90.96067,297.84,0.43,0.38,"2026-09-18",2017,"N20","nominal","2.0NRT",283.04,1.03,"N"
"3226",44.84325,90.95407,310.05,0.43,0.38,"2026-09-18",2017,"N20","nominal","2.0NRT",284.55,1.03,"N"
"3227",46.23569,81.22418,296.78,0.56,0.43,"2026-09-18",2017,"N20","nominal","2.0NRT",286.15,1.24,"N"
"3228",44.34013,93.25368,295.85,0.53,0.42,"2026-09-18",2017,"N20","nominal","2.0NRT",283.67,0.71,"N"
"3229",44.33371,93.26488,312.24,0.53,0.42,"2026-09-18",2017,"N20","nominal","2.0NRT",284.84,2.34,"N"
"3230",44.33235,93.27127,303.23,0.53,0.42,"2026-09-18",2017,"N20","nominal","2.0NRT",287.13,1.72,"N"
"3231",44.92394,89.20892,298.68,0.4,0.37,"2026-09-18",2017,"N20","nominal","2.0NRT",286.26,0.54,"N"
"3232",45.564,84.99954,299.47,0.41,0.37,"2026-09-18",2017,"N20","nominal","2.0NRT",288.46,0.52,"N"
"3233",44.91079,89.20444,295.8,0.4,0.37,"2026-09-18",2017,"N20","nominal","2.0NRT",284.69,0.67,"N"
"3234",44.9109,89.18371,302.56,0.39,0.37,"2026-09-18",2017,"N20","nominal","2.0NRT",289.81,0.66,"N"
"3235",44.91005,89.18861,302.38,0.4,0.37,"2026-09-18",2017,"N20","nominal","2.0NRT",287.71,0.63,"N"
"3236",44.90761,89.18259,299.17,0.39,0.37,"2026-09-18",2017,"N20","nominal","2.0NRT",287.74,0.66,"N"
"3237",44.90676,89.1875,297.98,0.4,0.37,"2026-09-18",2017,"N20","nominal","2.0NRT",287.51,0.63,"N"
"3238",44.89738,89.24145,297.5,0.4,0.37,"2026-09-18",2017,"N20","nominal","2.0NRT",286.98,0.69,"N"
"3239",44.90347,89.18639,310.06,0.4,0.37,"2026-09-18",2017,"N20","nominal","2.0NRT",287.43,1.2,"N"
"3240",43.78558,94.75138,298.01,0.42,0.45,"2026-09-18",2017,"N20","nominal","2.0NRT",286.27,0.71,"N"
"3241",43.70328,95.03146,305.21,0.43,0.46,"2026-09-18",2017,"N20","nominal","2.0NRT",289.09,0.93,"N"
"3242",43.69686,95.0399,337.81,0.43,0.46,"2026-09-18",2017,"N20","nominal","2.0NRT",295.98,5.34,"N"
"3243",43.70523,95.00397,301.95,0.43,0.46,"2026-09-18",2017,"N20","nominal","2.0NRT",287.3,0.73,"N"
"3244",43.69122,95.02593,314.59,0.43,0.46,"2026-09-18",2017,"N20","nominal","2.0NRT",290.2,1.4,"N"
"3245",43.68677,95.00687,318.79,0.43,0.46,"2026-09-18",2017,"N20","nominal","2.0NRT",291.05,2.1,"N"
"3246",43.67915,95.0204,339.68,0.43,0.46,"2026-09-18",2017,"N20","nominal","2.0NRT",299.97,6.41,"N"
"3247",43.68634,94.98965,310.36,0.43,0.46,"2026-09-18",2017,"N20","nominal","2.0NRT",288.62,1.28,"N"
"3248",43.67873,95.00317,337.7,0.43,0.46,"2026-09-18",2017,"N20","nominal","2.0NRT",296.41,5.69,"N"
"3249",43.68233,94.98782,311.32,0.43,0.46,"2026-09-18",2017,"N20","nominal","2.0NRT",288.95,1.28,"N"
"3250",43.6767,94.9739,312.68,0.43,0.46,"2026-09-18",2017,"N20","nominal","2.0NRT",287.92,2.18,"N"
"3251",44.47574,90.71689,297.36,0.43,0.38,"2026-09-18",2017,"N20","nominal","2.0NRT",282.98,0.55,"N"
"3252",45.71015,82.13722,315.68,0.51,0.41,"2026-09-18",2017,"N20","nominal","2.0NRT",291.37,1.29,"N"
"3253",45.71066,82.13741,310.72,0.51,0.41,"2026-09-18",2017,"N20","nominal","2.0NRT",291.13,1.46,"N"
"3254",45.70689,82.13659,310.94,0.51,0.41,"2026-09-18",2017,"N20","nominal","2.0NRT",291.19,1.46,"N"
"3255",44.46171,90.49261,306.65,0.42,0.38,"2026-09-18",2017,"N20","nominal","2.0NRT",283.12,1.17,"N"
"3256",44.65343,86.98767,307.97,0.38,0.36,"2026-09-18",2017,"N20","nominal","2.0NRT",282.23,0.61,"N"
"3257",44.5955,86.05508,297.44,0.39,0.36,"2026-09-18",2017,"N20","nominal","2.0NRT",286.51,0.68,"N"
"3258",44.14112,88.17194,311.89,0.39,0.36,"2026-09-18",2017,"N20","nominal","2.0NRT",288.06,1.45,"N"
"3259",44.08788,88.46669,304.54,0.39,0.36,"2026-09-18",2017,"N20","nominal","2.0NRT",289.54,0.97,"N"
"3260",44.45862,86.10523,301.09,0.39,0.36,"2026-09-18",2017,"N20","nominal","2.0NRT",290.39,1.55,"N"
"3261",44.45338,86.07608,328.03,0.39,0.36,"2026-09-18",2017,"N20","nominal","2.0NRT",293.14,3.72,"N"
"3262",44.45266,86.08093,303.6,0.39,0.36,"2026-09-18",2017,"N20","nominal","2.0NRT",292.83,2.07,"N"
"3263",44.1466,87.78616,306.92,0.39,0.36,"2026-09-18",2017,"N20","nominal","2.0NRT",287.51,1.29,"N"
"3264",44.36598,86.08645,300.84,0.39,0.36,"2026-09-18",2017,"N20","nominal","2.0NRT",288.44,0.88,"N"
"3265",43.74696,89.82549,302.66,0.41,0.37,"2026-09-18",2017,"N20","nominal","2.0NRT",282.75,0.87,"N"
"3266",44.36553,86.06612,303.4,0.39,0.36,"2026-09-18",2017,"N20","nominal","2.0NRT",288.49,0.9,"N"
"3267",44.36507,86.0458,306.3,0.39,0.36,"2026-09-18",2017,"N20","nominal","2.0NRT",289.38,1.33,"N"
"3268",44.44341,84.76122,303.15,0.41,0.37,"2026-09-18",2017,"N20","nominal","2.0NRT",289.76,1.1,"N"
"3269",44.10632,86.96788,298.28,0.38,0.36,"2026-09-18",2017,"N20","nominal","2.0NRT",280.56,0.15,"N"
"3270",44.70721,82.0357,298.49,0.5,0.41,"2026-09-18",2017,"N20","nominal","2.0NRT",287.87,0.66,"N"
"3271",43.94128,87.65826,307.47,0.39,0.36,"2026-09-18",2017,"N20","nominal","2.0NRT",289.57,1.13,"N"
"3272",44.28279,85.16761,296.77,0.4,0.37,"2026-09-18",2017,"N20","nominal","2.0NRT",285.44,0.84,"N"
"3273",44.2821,85.1726,295.8,0.4,0.37,"2026-09-18",2017,"N20","nominal","2.0NRT",285.05,0.71,"N"
"3274",42.71318,93.56559,302.98,0.39,0.44,"2026-09-18",2017,"N20","nominal","2.0NRT",288.03,1.55,"N"
"3275",42.70829,93.56862,302.9,0.39,0.44,"2026-09-18",2017,"N20","nominal","2.0NRT",288.18,0.95,"N"
"3276",42.70153,93.56093,303.05,0.39,0.44,"2026-09-18",2017,"N20","nominal","2.0NRT",288.37,1.24,"N"
"3277",42.69983,93.53043,302.19,0.39,0.44,"2026-09-18",2017,"N20","nominal","2.0NRT",288.26,1.55,"N"
"3278",42.69781,93.53954,297.67,0.39,0.44,"2026-09-18",2017,"N20","nominal","2.0NRT",287.53,1.35,"N"
"3279",43.85775,87.3282,301.15,0.38,0.36,"2026-09-18",2017,"N20","nominal","2.0NRT",290.11,0.69,"N"
"3280",42.70619,93.36875,315.73,0.57,0.43,"2026-09-18",2017,"N20","nominal","2.0NRT",287.41,2.66,"N"
"3281",43.85449,87.32721,327.1,0.38,0.36,"2026-09-18",2017,"N20","nominal","2.0NRT",291.34,1.44,"N"
"3282",43.856,87.31779,300.67,0.38,0.36,"2026-09-18",2017,"N20","nominal","2.0NRT",290.36,1.18,"N"
"3283",43.85373,87.33191,306.04,0.38,0.36,"2026-09-18",2017,"N20","nominal","2.0NRT",291.18,1.44,"N"
"3284",42.70831,93.34025,302.18,0.57,0.43,"2026-09-18",2017,"N20","nominal","2.0NRT",286.57,1.18,"N"
"3285",42.53245,94.12039,298.69,0.42,0.45,"2026-09-18",2017,"N20","nominal","2.0NRT",286.94,0.59,"N"
"3286",43.68946,87.77273,297.64,0.39,0.36,"2026-09-18",2017,"N20","nominal","2.0NRT",281.68,0.39,"N"
"3287",43.17491,89.44916,314.31,0.41,0.37,"2026-09-18",2017,"N20","nominal","2.0NRT",287.55,1.84,"N"
"3288",43.16063,88.8368,303.77,0.4,0.37,"2026-09-18",2017,"N20","nominal","2.0NRT",289.31,0.89,"N"
"3289",44.06718,80.70279,318.26,0.56,0.43,"2026-09-18",2017,"N20","nominal","2.0NRT",281.42,2.26,"N"
"3290",44.06325,80.702,299.96,0.56,0.43,"2026-09-18",2017,"N20","nominal","2.0NRT",281.14,2.26,"N"
"3291",43.08011,88.03182,321.02,0.39,0.36,"2026-09-18",2017,"N20","nominal","2.0NRT",290.09,1.69,"N"
"3292",43.08091,88.02709,297.23,0.39,0.36,"2026-09-18",2017,"N20","nominal","2.0NRT",285.35,1.19,"N"
"3293",42.84205,88.03805,335.17,0.39,0.36,"2026-09-18",2017,"N20","nominal","2.0NRT",291.48,4.47,"N"
"3294",42.8253,87.93655,307.64,0.39,0.36,"2026-09-18",2017,"N20","nominal","2.0NRT",291.73,1.05,"N"
"3295",43.52839,81.95521,306.35,0.49,0.4,"2026-09-18",2017,"N20","nominal","2.0NRT",288.68,2.27,"N"
"3296",43.52771,81.96124,318.08,0.49,0.4,"2026-09-18",2017,"N20","nominal","2.0NRT",292.32,2.93,"N"
"3297",41.82404,88.89808,314.77,0.41,0.37,"2026-09-18",2017,"N20","nominal","2.0NRT",288.49,1.75,"N"
"3298",41.82315,88.90295,315.99,0.41,0.37,"2026-09-18",2017,"N20","nominal","2.0NRT",290.6,1.75,"N"
"3299",41.82227,88.90783,307.89,0.41,0.37,"2026-09-18",2017,"N20","nominal","2.0NRT",288.23,1.26,"N"
"3300",41.8207,88.89696,300.24,0.41,0.37,"2026-09-18",2017,"N20","nominal","2.0NRT",287.04,1.7,"N"
"3301",41.81893,88.9067,299.11,0.41,0.37,"2026-09-18",2017,"N20","nominal","2.0NRT",285.44,0.74,"N"
"3302",41.82178,88.87157,295.21,0.41,0.37,"2026-09-18",2017,"N20","nominal","2.0NRT",284.65,0.55,"N"
"3303",41.84426,86.29056,302.02,0.38,0.36,"2026-09-18",2017,"N20","nominal","2.0NRT",286.87,1.02,"N"
"3304",41.84354,86.29512,300.66,0.38,0.36,"2026-09-18",2017,"N20","nominal","2.0NRT",287.78,0.84,"N"
"3305",42.91404,74.86839,314.55,0.35,0.57,"2026-09-18",2017,"N20","nominal","2.0NRT",285.25,2.47,"N"
"3306",42.13589,83.11723,296.91,0.43,0.38,"2026-09-18",2017,"N20","nominal","2.0NRT",285.22,0.55,"N"
"3307",42.13522,83.12244,298.01,0.43,0.38,"2026-09-18",2017,"N20","nominal","2.0NRT",285.69,0.71,"N"
"3308",42.9357,71.27638,298.08,0.53,0.67,"2026-09-18",2017,"N20","nominal","2.0NRT",286.41,0.88,"N"
"3309",42.92943,71.27618,300.74,0.53,0.67,"2026-09-18",2017,"N20","nominal","2.0NRT",285.81,0.82,"N"
"3310",42.93193,71.27866,302.8,0.53,0.67,"2026-09-18",2017,"N20","nominal","2.0NRT",286.88,1.94,"N"
"3311",41.83248,81.77699,314.28,0.48,0.4,"2026-09-18",2017,"N20","nominal","2.0NRT",283.7,2.26,"N"
"3312",41.73446,81.66057,310.99,0.48,0.4,"2026-09-18",2017,"N20","nominal","2.0NRT",285.27,1.28,"N"
"3313",41.73378,81.66633,301.34,0.48,0.4,"2026-09-18",2017,"N20","nominal","2.0NRT",287.79,1.28,"N"
"3314",42.31564,69.53376,301.83,0.65,0.73,"2026-09-18",2017,"N20","nominal","2.0NRT",284.95,1.41,"N"
"3315",41.31864,83.84242,295.29,0.41,0.37,"2026-09-18",2017,"N20","nominal","2.0NRT",284.65,0.52,"N"
"3316",42.31372,69.53416,302.94,0.65,0.73,"2026-09-18",2017,"N20","nominal","2.0NRT",285.23,2.14,"N"
"3317",40.87387,83.03198,300.09,0.43,0.38,"2026-09-18",2019,"N20","nominal","2.0NRT",284.55,0.63,"N"
"3318",41.45205,69.56828,307.02,0.64,0.72,"2026-09-18",2019,"N20","nominal","2.0NRT",286.57,1.76,"N"
"3319",41.04711,70.1698,304.5,0.6,0.7,"2026-09-18",2019,"N20","nominal","2.0NRT",287.95,2.77,"N"
"3320",41.04703,70.17568,302.6,0.6,0.7,"2026-09-18",2019,"N20","nominal","2.0NRT",288.56,2.6,"N"
"3321",41.048,70.16987,299.04,0.6,0.7,"2026-09-18",2019,"N20","nominal","2.0NRT",287.73,1.59,"N"
"3322",41.04788,70.1758,305.04,0.6,0.7,"2026-09-18",2019,"N20","nominal","2.0NRT",288.73,1.59,"N"
"3323",41.04137,70.17403,303.12,0.6,0.7,"2026-09-18",2019,"N20","nominal","2.0NRT",287.7,2.18,"N"
"3324",40.03678,83.04968,328.79,0.42,0.38,"2026-09-18",2019,"N20","nominal","2.0NRT",283.87,2.41,"N"
"3325",40.86115,69.52581,302.31,0.64,0.72,"2026-09-18",2019,"N20","nominal","2.0NRT",288.07,2.38,"N"
"3326",40.86107,69.53376,314.47,0.64,0.72,"2026-09-18",2019,"N20","nominal","2.0NRT",289.05,2.38,"N"
"3327",40.86528,69.53032,325.05,0.64,0.72,"2026-09-18",2019,"N20","nominal","2.0NRT",288.68,3.8,"N"
"3328",39.84307,82.87697,320.85,0.42,0.38,"2026-09-18",2019,"N20","nominal","2.0NRT",286.73,1.91,"N"
"3329",40.5699,72.53387,301.03,0.44,0.63,"2026-09-18",2019,"N20","nominal","2.0NRT",287.62,0.95,"N"
"3330",40.56848,72.57233,300.59,0.44,0.63,"2026-09-18",2019,"N20","nominal","2.0NRT",289.03,1.03,"N"
"3331",38.86568,83.86129,297.64,0.39,0.37,"2026-09-18",2019,"N20","nominal","2.0NRT",282.85,0.26,"N"
"3332",33.80132,72.09457,304.88,0.41,0.61,"2026-09-18",2019,"N20","nominal","2.0NRT",292.05,0.59,"N"
"3333",33.6904,72.71104,304.14,0.38,0.59,"2026-09-18",2019,"N20","nominal","2.0NRT",292.88,1.09,"N"
"3334",33.4072,71.93546,303.59,0.42,0.61,"2026-09-18",2019,"N20","nominal","2.0NRT",291.25,0.52,"N"
"3335",33.29845,71.18378,304.21,0.46,0.64,"2026-09-18",2019,"N20","nominal","2.0NRT",290.4,1.01,"N"
"3336",33.30016,71.18195,301.63,0.46,0.64,"2026-09-18",2019,"N20","nominal","2.0NRT",289.84,0.87,"N"
"3337",32.88951,71.61317,305.92,0.43,0.62,"2026-09-18",2019,"N20","nominal","2.0NRT",292.58,0.89,"N"
"3338",32.71998,72.77346,305.98,0.37,0.58,"2026-09-18",2019,"N20","nominal","2.0NRT",292.74,0.62,"N"
"3339",32.57811,72.56197,305.89,0.38,0.59,"2026-09-18",2019,"N20","nominal","2.0NRT",294.82,1.82,"N"
"3340",63.31128,107.14715,295.99,0.5,0.41,"2026-09-18",2010,"N20","nominal","2.0NRT",269.6,1.87,"N"
"3341",31.26049,76.92435,301.91,0.41,0.45,"2026-09-18",2019,"N20","nominal","2.0NRT",290.61,0.89,"N"
"3342",27.60517,95.39863,308.17,0.56,0.69,"2026-09-18",2019,"N20","nominal","2.0NRT",286.62,1.11,"N"
"3343",69.4044,109.05633,296.94,0.4,0.37,"2026-09-18",2008,"N20","nominal","2.0NRT",268.64,0.78,"N"
"3344",27.60678,95.4006,309.12,0.56,0.69,"2026-09-18",2019,"N20","nominal","2.0NRT",286.2,0.91,"N"
"3345",27.46378,95.47552,306.27,0.57,0.69,"2026-09-18",2019,"N20","nominal","2.0NRT",286.62,0.6,"N"
"3346",69.27695,109.60143,301.51,0.41,0.37,"2026-09-18",2008,"N20","nominal","2.0NRT",273.08,1.43,"N"
"3347",27.32657,95.27476,302.52,0.56,0.69,"2026-09-18",2019,"N20","nominal","2.0NRT",287.21,0.4,"N"
"3348",27.22418,95.34475,309.11,0.56,0.69,"2026-09-18",2019,"N20","nominal","2.0NRT",287.46,1.12,"N"
"3349",28.8396,77.13964,305.93,0.56,0.43,"2026-09-18",2019,"N20","nominal","2.0NRT",294.96,1.2,"N"
"3350",69.27398,109.59658,297.29,0.41,0.37,"2026-09-18",2008,"N20","nominal","2.0NRT",272.08,1.36,"N"
"3351",28.7775,76.94783,308.63,0.57,0.43,"2026-09-18",2019,"N20","nominal","2.0NRT",294.99,1.18,"N"
"3352",28.77929,76.94665,304.58,0.57,0.43,"2026-09-18",2019,"N20","nominal","2.0NRT",294.43,0.99,"N"
"3353",69.27211,109.60561,296.58,0.41,0.37,"2026-09-18",2008,"N20","nominal","2.0NRT",271.51,1.23,"N"
"3354",28.70895,76.85532,312.81,0.38,0.43,"2026-09-18",2019,"N20","nominal","2.0NRT",295.32,1.18,"N"
"3355",28.37514,77.22363,306.13,0.54,0.42,"2026-09-18",2019,"N20","nominal","2.0NRT",294.69,1.12,"N"
"3356",71.17583,72.18603,337.35,0.51,0.66,"2026-09-18",2008,"N20","nominal","2.0NRT",270.91,3.1,"N"
"3357",27.99864,76.42101,306.79,0.4,0.44,"2026-09-18",2019,"N20","nominal","2.0NRT",293.34,0.55,"N"
"3358",26.75971,83.1983,315.29,0.4,0.37,"2026-09-18",2021,"N20","nominal","2.0NRT",293.55,1.81,"N"
"3359",71.17787,72.19627,324.85,0.51,0.66,"2026-09-18",2008,"N20","nominal","2.0NRT",272.08,3.65,"N"
"3360",28.04339,69.66386,319.19,0.51,0.66,"2026-09-18",2021,"N20","nominal","2.0NRT",293.22,3.21,"N"
"3361",71.17747,72.18179,317.78,0.51,0.66,"2026-09-18",2008,"N20","nominal","2.0NRT",269.31,3.14,"N"
"3362",28.04306,69.66914,306,0.51,0.66,"2026-09-18",2021,"N20","nominal","2.0NRT",293.77,3.07,"N"
"3363",28.04344,69.66579,326.96,0.51,0.66,"2026-09-18",2021,"N20","nominal","2.0NRT",293.31,4.08,"N"
"3364",70.99738,73.82348,317.1,0.47,0.64,"2026-09-18",2008,"N20","nominal","2.0NRT",275.51,1.82,"N"
"3365",25.69134,85.25214,316.86,0.47,0.4,"2026-09-18",2021,"N20","nominal","2.0NRT",285.98,1.63,"N"
"3366",23.69385,87.12309,305.28,0.42,0.46,"2026-09-18",2021,"N20","nominal","2.0NRT",288.22,1.12,"N"
"3367",71.00144,73.82627,320.87,0.47,0.64,"2026-09-18",2008,"N20","nominal","2.0NRT",274.49,2.63,"N"
"3368",23.6922,87.10985,304.73,0.42,0.45,"2026-09-18",2021,"N20","nominal","2.0NRT",287.28,1.7,"N"
"3369",23.68397,87.12936,304.94,0.42,0.46,"2026-09-18",2021,"N20","nominal","2.0NRT",287.6,1.28,"N"
"3370",70.44334,84.35423,301.19,0.53,0.5,"2026-09-18",2008,"N20","nominal","2.0NRT",272.08,0.95,"N"
"3371",23.66581,87.1552,314.35,0.43,0.46,"2026-09-18",2021,"N20","nominal","2.0NRT",286.44,2.58,"N"
"3372",23.66499,87.15926,313.84,0.43,0.46,"2026-09-18",2021,"N20","nominal","2.0NRT",285.77,1.17,"N"
"3373",69.37208,88.1108,337.62,0.42,0.46,"2026-09-18",2010,"N20","nominal","2.0NRT",277.7,48.58,"N"
"3374",23.66403,87.1555,314.19,0.43,0.46,"2026-09-18",2021,"N20","nominal","2.0NRT",285.69,2.99,"N"
"3375",23.66324,87.15958,303.05,0.43,0.46,"2026-09-18",2021,"N20","nominal","2.0NRT",285.03,1.14,"N"
"3376",68.71436,80.52292,323.71,0.32,0.55,"2026-09-18",2010,"N20","nominal","2.0NRT",271.58,1.54,"N"
"3377",23.80679,86.32861,303.02,0.57,0.43,"2026-09-18",2021,"N20","nominal","2.0NRT",278.45,1.13,"N"
"3378",68.71653,80.52679,333.99,0.32,0.55,"2026-09-18",2010,"N20","nominal","2.0NRT",272.13,1.78,"N"
"3379",23.80287,86.32772,308.27,0.57,0.43,"2026-09-18",2021,"N20","nominal","2.0NRT",275.63,0.85,"N"
"3380",68.68935,80.60253,315.99,0.32,0.54,"2026-09-18",2010,"N20","nominal","2.0NRT",272.56,1,"N"
"3381",23.80182,86.33322,296.43,0.57,0.43,"2026-09-18",2021,"N20","nominal","2.0NRT",275.48,0.85,"N"
"3382",68.52649,79.94817,367,0.33,0.55,"2026-09-18",2010,"N20","high","2.0NRT",282.01,8.49,"N"
"3383",68.52634,79.95641,301.68,0.33,0.55,"2026-09-18",2010,"N20","nominal","2.0NRT",272.25,6.44,"N"
"3384",23.79759,86.35534,296.84,0.57,0.43,"2026-09-18",2021,"N20","nominal","2.0NRT",275.48,1.1,"N"
"3385",68.52135,79.94749,301.91,0.33,0.55,"2026-09-18",2010,"N20","nominal","2.0NRT",270.43,8.49,"N"
"3386",23.79366,86.35445,298.36,0.57,0.43,"2026-09-18",2021,"N20","nominal","2.0NRT",276.64,1.1,"N"
"3387",68.41082,83.61945,342.38,0.53,0.5,"2026-09-18",2010,"N20","nominal","2.0NRT",274.02,7.36,"N"
"3388",23.78247,86.39137,304.91,0.38,0.44,"2026-09-18",2021,"N20","nominal","2.0NRT",287.52,1.27,"N"
"3389",68.41386,83.61493,335.84,0.53,0.5,"2026-09-18",2010,"N20","nominal","2.0NRT",273.29,5.23,"N"
"3390",23.78207,86.37206,308.56,0.38,0.43,"2026-09-18",2021,"N20","nominal","2.0NRT",283.46,1.74,"N"
"3391",68.4133,83.62812,299.67,0.53,0.5,"2026-09-18",2010,"N20","nominal","2.0NRT",273.87,3.7,"N"
"3392",23.77925,86.38676,309.71,0.38,0.43,"2026-09-18",2021,"N20","nominal","2.0NRT",287.04,1.27,"N"
"3393",68.52525,79.94305,321.83,0.33,0.55,"2026-09-18",2010,"N20","nominal","2.0NRT",271.15,8.23,"N"
"3394",68.52508,79.95132,349.27,0.33,0.55,"2026-09-18",2010,"N20","nominal","2.0NRT",284.62,12.68,"N"
"3395",23.77853,86.39048,306.05,0.38,0.44,"2026-09-18",2021,"N20","nominal","2.0NRT",288.85,1.27,"N"
"3396",68.20647,83.45328,324.17,0.53,0.5,"2026-09-18",2010,"N20","nominal","2.0NRT",271.03,2.24,"N"
"3397",23.77496,86.40906,310.03,0.39,0.44,"2026-09-18",2021,"N20","nominal","2.0NRT",289.96,1.42,"N"
"3398",68.20975,83.44901,322.42,0.53,0.5,"2026-09-18",2010,"N20","nominal","2.0NRT",271.48,2.87,"N"
"3399",23.78398,86.34081,300.7,0.57,0.43,"2026-09-18",2021,"N20","nominal","2.0NRT",279.57,1.09,"N"
"3400",67.79218,83.49535,302.91,0.53,0.5,"2026-09-18",2010,"N20","nominal","2.0NRT",272.56,1.83,"N"
"3401",23.77562,86.36292,321.3,0.38,0.43,"2026-09-18",2021,"N20","nominal","2.0NRT",286.76,3.12,"N"
"3402",67.78754,83.49396,305.22,0.53,0.5,"2026-09-18",2010,"N20","nominal","2.0NRT",270.67,1.83,"N"
"3403",23.76778,86.40362,324.97,0.39,0.44,"2026-09-18",2021,"N20","nominal","2.0NRT",291.2,2.11,"N"
"3404",67.79012,83.4928,332.94,0.53,0.5,"2026-09-18",2010,"N20","nominal","2.0NRT",272.17,3.57,"N"
"3405",23.76849,86.39991,309.48,0.38,0.44,"2026-09-18",2021,"N20","nominal","2.0NRT",290.97,2.11,"N"
"3406",67.8581,79.86931,324.25,0.33,0.55,"2026-09-18",2010,"N20","nominal","2.0NRT",270.51,1.33,"N"
"3407",23.76383,86.4027,334.17,0.39,0.44,"2026-09-18",2021,"N20","nominal","2.0NRT",291,4.03,"N"
"3408",67.85793,79.87746,299.57,0.33,0.55,"2026-09-18",2010,"N20","nominal","2.0NRT",271.33,1.33,"N"
"3409",23.76598,86.39161,307.91,0.38,0.44,"2026-09-18",2021,"N20","nominal","2.0NRT",290.57,2.85,"N"
"3410",23.75989,86.40182,330.75,0.39,0.44,"2026-09-18",2021,"N20","nominal","2.0NRT",290.6,4.03,"N"
"3411",67.81257,72.52249,327.26,0.51,0.66,"2026-09-18",2010,"N20","nominal","2.0NRT",278.51,3.1,"N"
"3412",23.75917,86.40551,313.7,0.39,0.44,"2026-09-18",2021,"N20","nominal","2.0NRT",289.81,3,"N"
"3413",67.80575,72.49816,338.45,0.51,0.66,"2026-09-18",2010,"N20","nominal","2.0NRT",299.45,54.95,"N"
"3414",23.75307,86.41576,306.38,0.39,0.44,"2026-09-18",2021,"N20","nominal","2.0NRT",289.74,1.07,"N"
"3415",67.80639,72.52348,336.34,0.51,0.66,"2026-09-18",2010,"N20","nominal","2.0NRT",283.1,72.77,"N"
"3416",23.7376,86.43176,326.55,0.39,0.44,"2026-09-18",2021,"N20","nominal","2.0NRT",289.69,2.39,"N"
"3417",67.80544,72.48569,315.93,0.51,0.66,"2026-09-18",2010,"N20","nominal","2.0NRT",278.72,54.95,"N"
"3418",23.78088,86.20848,308.62,0.56,0.43,"2026-09-18",2021,"N20","nominal","2.0NRT",271.72,1.99,"N"
"3419",67.82247,80.10207,311.27,0.32,0.55,"2026-09-18",2010,"N20","nominal","2.0NRT",272.22,0.74,"N"
"3420",23.73687,86.4355,308.53,0.39,0.44,"2026-09-18",2021,"N20","nominal","2.0NRT",288.25,2.39,"N"
"3421",23.72428,86.43655,301.57,0.39,0.44,"2026-09-18",2021,"N20","nominal","2.0NRT",280.62,1.04,"N"
"3422",67.79956,72.49915,367,0.51,0.66,"2026-09-18",2010,"N20","high","2.0NRT",279.42,54.95,"N"
"3423",23.71959,86.43938,302.5,0.39,0.44,"2026-09-18",2021,"N20","nominal","2.0NRT",285.27,1.04,"N"
"3424",23.56066,87.23972,314.68,0.43,0.46,"2026-09-18",2021,"N20","nominal","2.0NRT",285.08,1.88,"N"
"3425",67.79988,72.51167,305.58,0.51,0.66,"2026-09-18",2010,"N20","nominal","2.0NRT",278.61,72.77,"N"
"3426",23.71345,86.44968,308.02,0.39,0.44,"2026-09-18",2021,"N20","nominal","2.0NRT",281.65,0.93,"N"
"3427",67.78757,77.00343,297.38,0.39,0.59,"2026-09-18",2010,"N20","nominal","2.0NRT",273.81,0.33,"N"
"3428",23.71022,86.44508,306.84,0.39,0.44,"2026-09-18",2021,"N20","nominal","2.0NRT",282.29,1.67,"N"
"3429",67.64941,83.21119,312.3,0.54,0.5,"2026-09-18",2010,"N20","nominal","2.0NRT",271.27,1.83,"N"
"3430",23.70949,86.4488,305.21,0.39,0.44,"2026-09-18",2021,"N20","nominal","2.0NRT",283.39,0.93,"N"
"3431",67.55371,83.20432,313.99,0.53,0.5,"2026-09-18",2010,"N20","nominal","2.0NRT",279.47,38.55,"N"
"3432",23.61726,86.78941,300.73,0.41,0.45,"2026-09-18",2021,"N20","nominal","2.0NRT",282.61,0.68,"N"
"3433",67.54904,83.20308,333.14,0.53,0.5,"2026-09-18",2010,"N20","nominal","2.0NRT",292.05,38.55,"N"
"3434",23.68561,86.3906,308.62,0.39,0.44,"2026-09-18",2021,"N20","nominal","2.0NRT",280.63,1.19,"N"
"3435",64.41628,106.62064,299.37,0.46,0.39,"2026-09-18",2010,"N20","nominal","2.0NRT",269.78,1.42,"N"
"3436",23.68491,86.39425,311.83,0.39,0.44,"2026-09-18",2021,"N20","nominal","2.0NRT",279.06,1.19,"N"
"3437",67.28349,83.03677,328.94,0.54,0.51,"2026-09-18",2010,"N20","nominal","2.0NRT",277.58,9.74,"N"
"3438",23.82296,85.49564,305.5,0.52,0.41,"2026-09-18",2021,"N20","nominal","2.0NRT",292.17,1.96,"N"
"3439",67.27686,83.20042,336.3,0.53,0.5,"2026-09-18",2010,"N20","nominal","2.0NRT",272.31,4.9,"N"
"3440",23.75567,85.85268,298.27,0.54,0.42,"2026-09-18",2021,"N20","nominal","2.0NRT",271.37,2.48,"N"
"3441",67.28399,83.02404,305.8,0.54,0.51,"2026-09-18",2010,"N20","nominal","2.0NRT",271.41,9.74,"N"
"3442",23.58348,86.72461,304.48,0.4,0.45,"2026-09-18",2021,"N20","nominal","2.0NRT",283.13,1.04,"N"
"3443",67.27634,83.21291,307.79,0.53,0.5,"2026-09-18",2010,"N20","nominal","2.0NRT",270.17,4.9,"N"
"3444",23.78914,85.55077,311.9,0.52,0.41,"2026-09-18",2021,"N20","nominal","2.0NRT",291.88,2.24,"N"
"3445",67.2821,83.03212,352.35,0.54,0.51,"2026-09-18",2010,"N20","nominal","2.0NRT",275.18,15.43,"N"
"3446",23.78157,85.57005,306.94,0.52,0.42,"2026-09-18",2021,"N20","nominal","2.0NRT",291.85,2.36,"N"
"3447",23.68117,86.09504,313.07,0.56,0.43,"2026-09-18",2021,"N20","nominal","2.0NRT",277.43,2.75,"N"
"3448",67.27444,83.20821,336.93,0.53,0.5,"2026-09-18",2010,"N20","nominal","2.0NRT",273.68,9.22,"N"
"3449",23.66954,86.09238,302.43,0.56,0.43,"2026-09-18",2021,"N20","nominal","2.0NRT",283.26,1.95,"N"
"3450",62.39454,113.49096,297.24,0.52,0.5,"2026-09-18",2010,"N20","nominal","2.0NRT",266.92,1.24,"N"
"3451",24.52835,81.16773,310.41,0.38,0.36,"2026-09-18",2021,"N20","nominal","2.0NRT",291.62,1.01,"N"
"3452",62.40038,113.32932,308.14,0.51,0.5,"2026-09-18",2010,"N20","nominal","2.0NRT",267.76,1.72,"N"
"3453",23.81108,84.84582,303.66,0.48,0.4,"2026-09-18",2021,"N20","nominal","2.0NRT",289.8,0.93,"N"
"3454",67.28627,75.10275,318.59,0.44,0.62,"2026-09-18",2010,"N20","nominal","2.0NRT",272.4,2.11,"N"
"3455",23.69844,85.368,306.84,0.51,0.41,"2026-09-18",2021,"N20","nominal","2.0NRT",289.35,0.99,"N"
"3456",67.19746,81.981,336.78,0.57,0.52,"2026-09-18",2010,"N20","nominal","2.0NRT",274.01,6.3,"N"
"3457",23.69657,85.35738,304.68,0.51,0.41,"2026-09-18",2021,"N20","nominal","2.0NRT",290.09,0.69,"N"
"3458",67.19886,81.98995,336.1,0.57,0.52,"2026-09-18",2010,"N20","nominal","2.0NRT",274.24,5.97,"N"
"3459",23.69378,85.37215,314.29,0.51,0.41,"2026-09-18",2021,"N20","nominal","2.0NRT",289.99,2.04,"N"
"3460",67.28729,75.10902,319.57,0.44,0.62,"2026-09-18",2010,"N20","nominal","2.0NRT",273.82,2.24,"N"
"3461",23.69742,85.29133,306.35,0.51,0.41,"2026-09-18",2021,"N20","nominal","2.0NRT",290.7,1.52,"N"
"3462",67.03046,75.51622,330.27,0.43,0.62,"2026-09-18",2010,"N20","nominal","2.0NRT",271.86,2,"N"
"3463",23.65616,85.50867,303.97,0.52,0.41,"2026-09-18",2021,"N20","nominal","2.0NRT",290.69,1.21,"N"
"3464",67.02471,75.5164,302.81,0.43,0.62,"2026-09-18",2010,"N20","nominal","2.0NRT",270.67,0.75,"N"
"3465",23.8281,84.57011,304.27,0.47,0.39,"2026-09-18",2021,"N20","nominal","2.0NRT",290.82,1.4,"N"
"3466",67.01595,76.18709,306.98,0.41,0.61,"2026-09-18",2010,"N20","nominal","2.0NRT",272.68,1.86,"N"
"3467",23.69677,85.28903,311.37,0.51,0.41,"2026-09-18",2021,"N20","nominal","2.0NRT",290.89,2.01,"N"
"3468",63.73835,107.02607,329.18,0.49,0.4,"2026-09-18",2010,"N20","nominal","2.0NRT",270.36,5.11,"N"
"3469",23.65679,85.50679,305.7,0.52,0.41,"2026-09-18",2021,"N20","nominal","2.0NRT",291.04,1.15,"N"
"3470",23.74026,85.00828,307.99,0.49,0.4,"2026-09-18",2021,"N20","nominal","2.0NRT",289.38,2.06,"N"
"3471",63.73086,107.03976,298.96,0.49,0.4,"2026-09-18",2010,"N20","nominal","2.0NRT",268.51,1.84,"N"
"3472",23.65,85.43777,313.1,0.52,0.41,"2026-09-18",2021,"N20","nominal","2.0NRT",287.87,1.16,"N"
"3473",66.93946,80.73129,305.27,0.62,0.54,"2026-09-18",2010,"N20","nominal","2.0NRT",273.09,1.49,"N"
"3474",23.64625,85.43697,300.52,0.52,0.41,"2026-09-18",2021,"N20","nominal","2.0NRT",286.1,1.16,"N"
"3475",66.9393,80.74184,298.77,0.61,0.54,"2026-09-18",2010,"N20","nominal","2.0NRT",276.92,2.13,"N"
"3476",23.72109,85.00909,306.8,0.49,0.4,"2026-09-18",2021,"N20","nominal","2.0NRT",289.48,1.1,"N"
"3477",66.96635,75.42455,298.69,0.43,0.62,"2026-09-18",2010,"N20","nominal","2.0NRT",274.16,1.22,"N"
"3478",23.66617,84.99722,304.74,0.49,0.4,"2026-09-18",2021,"N20","nominal","2.0NRT",290.02,1.08,"N"
"3479",66.96108,75.52547,327.69,0.43,0.62,"2026-09-18",2010,"N20","nominal","2.0NRT",273.49,3.18,"N"
"3480",24.19878,80.79496,306.55,0.38,0.36,"2026-09-18",2021,"N20","nominal","2.0NRT",292.06,0.56,"N"
"3481",66.96114,75.53552,335.84,0.43,0.62,"2026-09-18",2010,"N20","nominal","2.0NRT",277.89,3.18,"N"
"3482",25.38798,68.57791,312.05,0.56,0.69,"2026-09-18",2021,"N20","nominal","2.0NRT",293.08,1.12,"N"
"3483",66.95534,75.5255,367,0.43,0.62,"2026-09-18",2010,"N20","high","2.0NRT",275.64,113.53,"N"
"3484",24.05321,80.61503,305.36,0.39,0.36,"2026-09-18",2021,"N20","nominal","2.0NRT",292.36,1.29,"N"
"3485",66.90979,75.5962,367,0.43,0.62,"2026-09-18",2010,"N20","high","2.0NRT",275.03,9.17,"N"
"3486",25.39241,68.57805,311.26,0.56,0.69,"2026-09-18",2021,"N20","nominal","2.0NRT",292.96,1,"N"
"3487",66.90406,75.59628,367,0.43,0.62,"2026-09-18",2010,"N20","high","2.0NRT",271.16,9.17,"N"
"3488",24.01206,80.53008,308.37,0.39,0.36,"2026-09-18",2021,"N20","nominal","2.0NRT",292.34,1.1,"N"
"3489",24.76467,74.60897,304.14,0.46,0.47,"2026-09-18",2021,"N20","nominal","2.0NRT",291.22,2.02,"N"
"3490",66.90411,75.60623,309.78,0.43,0.62,"2026-09-18",2010,"N20","nominal","2.0NRT",270.73,9.17,"N"
"3491",22.37863,87.27834,323.93,0.46,0.47,"2026-09-18",2021,"N20","nominal","2.0NRT",291.04,3.74,"N"
"3492",66.8691,77.75131,328.35,0.37,0.58,"2026-09-18",2010,"N20","nominal","2.0NRT",274.15,2.86,"N"
"3493",22.36999,87.29924,319.83,0.46,0.47,"2026-09-18",2021,"N20","nominal","2.0NRT",289.98,2.3,"N"
"3494",66.87337,77.74712,321.27,0.37,0.58,"2026-09-18",2010,"N20","nominal","2.0NRT",273.12,1.39,"N"
"3495",22.36572,87.29826,306.38,0.46,0.47,"2026-09-18",2021,"N20","nominal","2.0NRT",289.83,1.34,"N"
"3496",66.73307,80.40929,303.42,0.63,0.54,"2026-09-18",2010,"N20","nominal","2.0NRT",271.49,1.78,"N"
"3497",22.36484,87.30264,306.52,0.46,0.47,"2026-09-18",2021,"N20","nominal","2.0NRT",290.02,1.72,"N"
"3498",66.7327,80.42383,303.54,0.63,0.54,"2026-09-18",2010,"N20","nominal","2.0NRT",271.44,1.78,"N"
"3499",22.36071,87.27876,305.72,0.46,0.47,"2026-09-18",2021,"N20","nominal","2.0NRT",288.26,0.66,"N"
"3500",66.72089,80.49438,322.33,0.62,0.54,"2026-09-18",2010,"N20","nominal","2.0NRT",271.32,1.98,"N"
"3501",22.35895,87.28751,306.67,0.46,0.47,"2026-09-18",2021,"N20","nominal","2.0NRT",289.8,0.96,"N"
"3502",66.71588,80.49345,307.84,0.62,0.54,"2026-09-18",2010,"N20","nominal","2.0NRT",273.3,1.56,"N"
"3503",23.16922,82.3416,304.71,0.4,0.37,"2026-09-18",2021,"N20","nominal","2.0NRT",288.3,1.66,"N"
"3504",66.73384,80.41673,318.02,0.63,0.54,"2026-09-18",2010,"N20","nominal","2.0NRT",272.26,2.88,"N"
"3505",23.16588,82.34096,333.44,0.4,0.37,"2026-09-18",2021,"N20","nominal","2.0NRT",290.6,1.66,"N"
"3506",66.7168,80.48642,335.86,0.62,0.54,"2026-09-18",2010,"N20","nominal","2.0NRT",272.13,5.91,"N"
"3507",23.16652,82.33711,307.06,0.4,0.37,"2026-09-18",2021,"N20","nominal","2.0NRT",289.26,1.66,"N"
"3508",66.70797,80.44128,352.3,0.62,0.54,"2026-09-18",2010,"N20","nominal","2.0NRT",275.07,19.57,"N"
"3509",23.16319,82.33646,311.38,0.4,0.37,"2026-09-18",2021,"N20","nominal","2.0NRT",288.35,0.98,"N"
"3510",66.67252,80.44927,324.86,0.62,0.54,"2026-09-18",2010,"N20","nominal","2.0NRT",274.17,4.64,"N"
"3511",22.13323,85.38306,302.32,0.54,0.42,"2026-09-18",2021,"N20","nominal","2.0NRT",286.92,1.12,"N"
"3512",66.6675,80.44831,338.83,0.62,0.54,"2026-09-18",2010,"N20","nominal","2.0NRT",272.63,4.64,"N"
"3513",22.21062,84.8776,307.02,0.51,0.41,"2026-09-18",2021,"N20","nominal","2.0NRT",288.43,1.83,"N"
"3514",66.66212,80.4618,336.18,0.62,0.54,"2026-09-18",2010,"N20","nominal","2.0NRT",274.58,9.68,"N"
"3515",22.20955,84.86233,323.82,0.51,0.41,"2026-09-18",2021,"N20","nominal","2.0NRT",289.12,2.04,"N"
"3516",66.69082,77.31598,297.8,0.38,0.59,"2026-09-18",2010,"N20","nominal","2.0NRT",272.28,1.13,"N"
"3517",22.21044,84.8575,308.55,0.5,0.41,"2026-09-18",2021,"N20","nominal","2.0NRT",288.23,2.04,"N"
"3518",66.68539,77.30685,312.74,0.38,0.59,"2026-09-18",2010,"N20","nominal","2.0NRT",272.02,1.35,"N"
"3519",21.92468,85.22163,310.43,0.53,0.42,"2026-09-18",2021,"N20","nominal","2.0NRT",287.95,2,"N"
"3520",66.66346,77.31451,332.75,0.38,0.59,"2026-09-18",2010,"N20","nominal","2.0NRT",272.72,2.33,"N"
"3521",22.33311,82.60501,308.75,0.41,0.37,"2026-09-18",2021,"N20","nominal","2.0NRT",289.66,0.93,"N"
"3522",63.3091,107.1561,298.14,0.5,0.41,"2026-09-18",2010,"N20","nominal","2.0NRT",270.95,1.12,"N"
"3523",22.32973,82.60435,311.91,0.41,0.37,"2026-09-18",2021,"N20","nominal","2.0NRT",289.84,0.93,"N"
"3524",63.30577,107.1521,297.37,0.5,0.41,"2026-09-18",2010,"N20","nominal","2.0NRT",267.07,1.12,"N"
"3525",22.32228,82.58666,328.46,0.41,0.37,"2026-09-18",2021,"N20","nominal","2.0NRT",289.94,2.5,"N"
"3526",63.40855,106.75244,298.78,0.49,0.4,"2026-09-18",2010,"N20","nominal","2.0NRT",269.81,0.86,"N"
"3527",22.32294,82.5625,305.21,0.41,0.37,"2026-09-18",2021,"N20","nominal","2.0NRT",289.85,1.07,"N"
"3528",63.31004,107.15015,318.33,0.5,0.41,"2026-09-18",2010,"N20","nominal","2.0NRT",273.19,3.63,"N"
"3529",22.32169,82.56345,312.13,0.41,0.37,"2026-09-18",2021,"N20","nominal","2.0NRT",290.24,1.5,"N"
"3530",66.68542,77.31079,315.61,0.38,0.59,"2026-09-18",2010,"N20","nominal","2.0NRT",273.24,1.1,"N"
"3531",22.36193,82.30247,305.25,0.4,0.37,"2026-09-18",2021,"N20","nominal","2.0NRT",287.81,0.81,"N"
"3532",66.66353,77.30974,325.46,0.38,0.59,"2026-09-18",2010,"N20","nominal","2.0NRT",272.43,1.79,"N"
"3533",22.31898,82.55887,317.64,0.41,0.37,"2026-09-18",2021,"N20","nominal","2.0NRT",289.81,1.61,"N"
"3534",66.66346,77.31879,302.81,0.38,0.59,"2026-09-18",2010,"N20","nominal","2.0NRT",270.44,1.79,"N"
"3535",22.31832,82.56278,312.05,0.41,0.37,"2026-09-18",2021,"N20","nominal","2.0NRT",290.59,1.5,"N"
"3536",66.66086,76.84322,323.91,0.39,0.6,"2026-09-18",2010,"N20","nominal","2.0NRT",273.57,2.87,"N"
"3537",22.35857,82.30184,346.87,0.4,0.37,"2026-09-18",2021,"N20","nominal","2.0NRT",290.66,6.69,"N"
"3538",66.6043,80.40306,321.61,0.63,0.54,"2026-09-18",2010,"N20","nominal","2.0NRT",270.9,3.4,"N"
"3539",22.31683,82.53017,305.3,0.41,0.37,"2026-09-18",2021,"N20","nominal","2.0NRT",290.49,0.82,"N"
"3540",66.6609,76.83401,318.06,0.39,0.6,"2026-09-18",2010,"N20","nominal","2.0NRT",272.56,2.77,"N"
"3541",22.31618,82.53408,308.43,0.41,0.37,"2026-09-18",2021,"N20","nominal","2.0NRT",289.51,0.82,"N"
"3542",66.58114,77.35822,297.5,0.38,0.59,"2026-09-18",2010,"N20","nominal","2.0NRT",271.45,0.65,"N"
"3543",22.31346,82.52953,309.34,0.41,0.37,"2026-09-18",2021,"N20","nominal","2.0NRT",289.92,1.24,"N"
"3544",61.54371,113.16475,314.27,0.55,0.51,"2026-09-18",2010,"N20","nominal","2.0NRT",276.29,1.81,"N"
"3545",22.06785,83.70411,300.25,0.45,0.39,"2026-09-18",2021,"N20","nominal","2.0NRT",276.39,0.84,"N"
"3546",66.58078,77.35941,300.76,0.38,0.59,"2026-09-18",2010,"N20","nominal","2.0NRT",272.03,0.59,"N"
"3547",22.04134,83.72987,308.02,0.45,0.39,"2026-09-18",2021,"N20","nominal","2.0NRT",285.84,2.62,"N"
"3548",66.5518,76.69511,303.85,0.4,0.6,"2026-09-18",2010,"N20","nominal","2.0NRT",272.82,0.85,"N"
"3549",22.04058,83.73418,305.12,0.45,0.39,"2026-09-18",2021,"N20","nominal","2.0NRT",286.19,1.84,"N"
"3550",63.2322,106.71832,297.63,0.5,0.41,"2026-09-18",2010,"N20","nominal","2.0NRT",269.7,1.4,"N"
"3551",22.01553,83.75137,312.62,0.45,0.39,"2026-09-18",2021,"N20","nominal","2.0NRT",286.33,1.74,"N"
"3552",22.01475,83.75571,306.82,0.45,0.39,"2026-09-18",2021,"N20","nominal","2.0NRT",286.6,1.16,"N"
"3553",66.46543,75.50867,296.83,0.43,0.62,"2026-09-18",2010,"N20","nominal","2.0NRT",272.15,0.7,"N"
"3554",22.09017,83.11742,297.69,0.43,0.38,"2026-09-18",2021,"N20","nominal","2.0NRT",272.22,1.05,"N"
"3555",66.45969,75.5086,297.33,0.43,0.62,"2026-09-18",2010,"N20","nominal","2.0NRT",271.66,1.3,"N"
"3556",22.03911,83.35,298.67,0.43,0.38,"2026-09-18",2021,"N20","nominal","2.0NRT",272.14,1.02,"N"
"3557",66.46514,75.50938,298.82,0.43,0.62,"2026-09-18",2010,"N20","nominal","2.0NRT",271.89,0.95,"N"
"3558",21.96462,83.77411,305.69,0.45,0.39,"2026-09-18",2021,"N20","nominal","2.0NRT",284.47,1,"N"
"3559",21.86017,83.96596,307.49,0.46,0.39,"2026-09-18",2021,"N20","nominal","2.0NRT",290.57,1.26,"N"
"3560",66.04693,86.04114,298.49,0.43,0.46,"2026-09-18",2010,"N20","nominal","2.0NRT",272.4,1.37,"N"
"3561",21.98596,83.23334,295.97,0.43,0.38,"2026-09-18",2021,"N20","nominal","2.0NRT",262.85,0.44,"N"
"3562",66.32981,77.82418,312.02,0.37,0.58,"2026-09-18",2010,"N20","nominal","2.0NRT",271.36,1.01,"N"
"3563",21.85809,83.96709,308.47,0.46,0.39,"2026-09-18",2021,"N20","nominal","2.0NRT",290.56,1.45,"N"
"3564",21.92273,83.34934,305.38,0.44,0.38,"2026-09-18",2021,"N20","nominal","2.0NRT",262.16,0.91,"N"
"3565",66.32121,76.78973,367,0.39,0.6,"2026-09-18",2010,"N20","high","2.0NRT",276.21,6.67,"N"
"3566",22.00496,82.66972,302.48,0.41,0.37,"2026-09-18",2021,"N20","nominal","2.0NRT",285.81,0.89,"N"
"3567",66.31474,76.9948,367,0.39,0.59,"2026-09-18",2010,"N20","high","2.0NRT",277.98,8.26,"N"
"3568",21.76742,84.0174,300.71,0.47,0.39,"2026-09-18",2021,"N20","nominal","2.0NRT",281.76,0.48,"N"
"3569",66.31479,76.98596,295.49,0.39,0.59,"2026-09-18",2010,"N20","nominal","2.0NRT",272.06,4.13,"N"
"3570",21.76239,83.84912,322.29,0.46,0.39,"2026-09-18",2021,"N20","nominal","2.0NRT",288.64,4.11,"N"
"3571",66.30923,76.99457,323.41,0.39,0.59,"2026-09-18",2010,"N20","nominal","2.0NRT",273.25,2.14,"N"
"3572",21.7596,83.844,317.24,0.46,0.39,"2026-09-18",2021,"N20","nominal","2.0NRT",289.56,3.47,"N"
"3573",66.28249,76.75232,309.22,0.39,0.6,"2026-09-18",2010,"N20","nominal","2.0NRT",272.41,0.71,"N"
"3574",21.75604,83.84326,331.5,0.46,0.39,"2026-09-18",2021,"N20","nominal","2.0NRT",291.2,3.47,"N"
"3575",66.27694,76.75212,329.83,0.39,0.6,"2026-09-18",2010,"N20","nominal","2.0NRT",272.59,2.29,"N"
"3576",21.75248,83.84253,308.11,0.46,0.39,"2026-09-18",2021,"N20","nominal","2.0NRT",289.76,4.28,"N"
"3577",66.24905,76.81393,367,0.39,0.6,"2026-09-18",2010,"N20","high","2.0NRT",279.8,19.91,"N"
"3578",21.74893,83.84178,336.85,0.46,0.39,"2026-09-18",2021,"N20","nominal","2.0NRT",290.69,4.28,"N"
"3579",66.25049,76.80948,337.82,0.39,0.6,"2026-09-18",2010,"N20","nominal","2.0NRT",271.96,12.39,"N"
"3580",21.74537,83.84103,316.21,0.46,0.39,"2026-09-18",2021,"N20","nominal","2.0NRT",289.7,1.73,"N"
"3581",66.25044,76.81834,345.62,0.39,0.59,"2026-09-18",2010,"N20","nominal","2.0NRT",280.93,12.39,"N"
"3582",21.74181,83.84029,305.66,0.46,0.39,"2026-09-18",2021,"N20","nominal","2.0NRT",288.73,1.73,"N"
"3583",66.19841,77.22979,322,0.38,0.59,"2026-09-18",2010,"N20","nominal","2.0NRT",273.14,1.6,"N"
"3584",21.68406,84.03939,298.87,0.47,0.4,"2026-09-18",2021,"N20","nominal","2.0NRT",282.15,0.61,"N"
"3585",66.18935,77.68273,341.62,0.37,0.58,"2026-09-18",2010,"N20","nominal","2.0NRT",276.16,2.79,"N"
"3586",21.68047,84.03864,312.99,0.47,0.4,"2026-09-18",2021,"N20","nominal","2.0NRT",284.16,1.21,"N"
"3587",66.13196,77.30466,310.56,0.38,0.59,"2026-09-18",2010,"N20","nominal","2.0NRT",272.61,0.66,"N"
"3588",21.67687,84.0379,304.84,0.47,0.4,"2026-09-18",2021,"N20","nominal","2.0NRT",284.4,1.21,"N"
"3589",66.11183,77.05188,320.79,0.39,0.59,"2026-09-18",2010,"N20","nominal","2.0NRT",270.38,2.76,"N"
"3590",21.67248,84.04161,303.9,0.47,0.4,"2026-09-18",2021,"N20","nominal","2.0NRT",285.58,0.63,"N"
"3591",21.80186,82.04004,295.3,0.4,0.37,"2026-09-18",2021,"N20","nominal","2.0NRT",265.92,0.43,"N"
"3592",66.11179,77.06071,320.25,0.39,0.59,"2026-09-18",2010,"N20","nominal","2.0NRT",273.13,2.73,"N"
"3593",21.0809,85.03469,324.49,0.54,0.42,"2026-09-18",2021,"N20","nominal","2.0NRT",291.12,4.42,"N"
"3594",66.10748,76.83067,301.35,0.39,0.59,"2026-09-18",2010,"N20","nominal","2.0NRT",272.86,0.93,"N"
"3595",21.07996,85.03977,314.39,0.54,0.42,"2026-09-18",2021,"N20","nominal","2.0NRT",290.5,3.57,"N"
"3596",66.09637,76.83871,318.19,0.39,0.59,"2026-09-18",2010,"N20","nominal","2.0NRT",273.09,2.57,"N"
"3597",21.07614,85.03896,309.43,0.54,0.42,"2026-09-18",2021,"N20","nominal","2.0NRT",290.71,2.17,"N"
"3598",66.09634,76.84769,316.65,0.39,0.59,"2026-09-18",2010,"N20","nominal","2.0NRT",273.63,2.61,"N"
"3599",21.0752,85.04401,309.36,0.54,0.42,"2026-09-18",2021,"N20","nominal","2.0NRT",290.37,2.17,"N"
"3600",65.84875,84.90258,300.28,0.46,0.47,"2026-09-18",2010,"N20","nominal","2.0NRT",275.37,2.43,"N"
"3601",21.57645,82.02164,298.28,0.4,0.37,"2026-09-18",2021,"N20","nominal","2.0NRT",272.9,0.44,"N"
"3602",65.84767,84.76547,298.86,0.47,0.47,"2026-09-18",2010,"N20","nominal","2.0NRT",272.33,1.45,"N"
"3603",20.96965,85.15266,329.07,0.55,0.42,"2026-09-18",2021,"N20","nominal","2.0NRT",284.9,7.28,"N"
"3604",65.83889,84.91967,295.03,0.46,0.47,"2026-09-18",2010,"N20","nominal","2.0NRT",270.76,0.72,"N"
"3605",19.10295,82.16624,323.09,0.42,0.38,"2026-09-18",2023,"N20","nominal","2.0NRT",278.98,1.49,"N"
"3606",65.8433,84.76392,309.55,0.47,0.47,"2026-09-18",2010,"N20","nominal","2.0NRT",272.48,1.73,"N"
"3607",19.10229,82.1702,300.05,0.42,0.38,"2026-09-18",2023,"N20","nominal","2.0NRT",278.77,1.49,"N"
"3608",66.05149,77.0044,312.77,0.39,0.59,"2026-09-18",2010,"N20","nominal","2.0NRT",272.91,1.07,"N"
"3609",19.09953,82.16559,316.87,0.42,0.38,"2026-09-18",2023,"N20","nominal","2.0NRT",283.05,1.49,"N"
"3610",66.05228,76.99986,312.96,0.39,0.59,"2026-09-18",2010,"N20","nominal","2.0NRT",272.26,1.79,"N"
"3611",19.41844,71.38637,316.23,0.64,0.54,"2026-09-18",2023,"N20","nominal","2.0NRT",289.21,4.08,"N"
"3612",65.76348,85.07359,295.29,0.46,0.47,"2026-09-18",2010,"N20","nominal","2.0NRT",269.68,0.41,"N"
"3613",17.61221,83.20382,307.4,0.48,0.4,"2026-09-18",2023,"N20","nominal","2.0NRT",284.24,1.01,"N"
"3614",65.98754,76.67075,318.39,0.4,0.6,"2026-09-18",2010,"N20","nominal","2.0NRT",273.36,1.94,"N"
"3615",17.60856,83.20312,310.11,0.48,0.4,"2026-09-18",2023,"N20","nominal","2.0NRT",284.96,1.19,"N"
"3616",65.98752,76.67961,298.73,0.4,0.6,"2026-09-18",2010,"N20","nominal","2.0NRT",273.12,1.55,"N"
"3617",17.60492,83.20241,308.35,0.48,0.4,"2026-09-18",2023,"N20","nominal","2.0NRT",284.51,1.19,"N"
"3618",65.90782,77.24051,317.16,0.38,0.59,"2026-09-18",2010,"N20","nominal","2.0NRT",274.62,1.64,"N"
"3619",17.46403,80.65314,305.2,0.39,0.36,"2026-09-18",2023,"N20","nominal","2.0NRT",279.85,0.55,"N"
"3620",65.62361,84.81337,296.77,0.46,0.47,"2026-09-18",2010,"N20","nominal","2.0NRT",269.3,0.94,"N"
"3621",65.86017,76.95271,355.9,0.39,0.59,"2026-09-18",2010,"N20","nominal","2.0NRT",275.93,4.26,"N"
"3622",65.82436,78.82321,304.99,0.34,0.56,"2026-09-18",2010,"N20","nominal","2.0NRT",272.8,1.12,"N"
"3623",65.83316,76.77623,295.8,0.39,0.6,"2026-09-18",2010,"N20","nominal","2.0NRT",273.73,0.88,"N"
"3624",65.83313,76.78505,298.61,0.39,0.59,"2026-09-18",2010,"N20","nominal","2.0NRT",273.82,0.88,"N"
"3625",65.82484,78.81828,299.4,0.34,0.56,"2026-09-18",2010,"N20","nominal","2.0NRT",272.02,0.65,"N"
"3626",65.83452,76.78062,298.15,0.39,0.59,"2026-09-18",2010,"N20","nominal","2.0NRT",273.77,1.11,"N"
"3627",65.83447,76.78942,301.02,0.39,0.59,"2026-09-18",2010,"N20","nominal","2.0NRT",274.24,1.18,"N"
"3628",60.91922,112.12635,328,0.54,0.51,"2026-09-18",2010,"N20","nominal","2.0NRT",266.01,9.6,"N"
"3629",65.51382,83.01002,300.68,0.52,0.5,"2026-09-18",2010,"N20","nominal","2.0NRT",273.53,1.36,"N"
"3630",65.46482,83.06505,307.47,0.52,0.5,"2026-09-18",2010,"N20","nominal","2.0NRT",274.92,1.7,"N"
"3631",65.46579,83.0715,299.05,0.51,0.5,"2026-09-18",2010,"N20","nominal","2.0NRT",272.83,2.7,"N"
"3632",65.44254,82.9735,302.66,0.52,0.5,"2026-09-18",2010,"N20","nominal","2.0NRT",270.88,1.48,"N"
"3633",65.59971,76.57462,297.1,0.4,0.6,"2026-09-18",2010,"N20","nominal","2.0NRT",273.04,1.17,"N"
"3634",65.59416,76.56557,303.57,0.4,0.6,"2026-09-18",2010,"N20","nominal","2.0NRT",270.61,0.75,"N"
"3635",65.40671,83.04386,296.71,0.52,0.5,"2026-09-18",2010,"N20","nominal","2.0NRT",268.98,0.64,"N"
"3636",65.35828,83.1886,318.71,0.51,0.49,"2026-09-18",2010,"N20","nominal","2.0NRT",278.69,2.3,"N"
"3637",65.35776,83.19969,313.35,0.51,0.49,"2026-09-18",2010,"N20","nominal","2.0NRT",274.56,2.3,"N"
"3638",65.35371,83.18732,304.17,0.51,0.49,"2026-09-18",2010,"N20","nominal","2.0NRT",276.3,2.3,"N"
"3639",65.3532,83.19848,306.9,0.51,0.49,"2026-09-18",2010,"N20","nominal","2.0NRT",275.05,2.3,"N"
"3640",65.35268,83.2095,300.8,0.51,0.49,"2026-09-18",2010,"N20","nominal","2.0NRT",270.6,1.46,"N"
"3641",65.35863,83.19276,322.13,0.51,0.49,"2026-09-18",2010,"N20","nominal","2.0NRT",278.58,4.88,"N"
"3642",65.35807,83.20384,295.96,0.51,0.49,"2026-09-18",2010,"N20","nominal","2.0NRT",272,1.23,"N"
"3643",65.35406,83.19149,307.06,0.51,0.49,"2026-09-18",2010,"N20","nominal","2.0NRT",276.65,1.81,"N"
"3644",65.35351,83.20257,313.31,0.51,0.49,"2026-09-18",2010,"N20","nominal","2.0NRT",273.78,4.07,"N"
"3645",65.34949,83.19026,299.65,0.51,0.49,"2026-09-18",2010,"N20","nominal","2.0NRT",274.38,1.81,"N"
"3646",65.34493,83.18903,298.95,0.51,0.49,"2026-09-18",2010,"N20","nominal","2.0NRT",274.61,1.48,"N"
"3647",65.33798,81.00191,297.32,0.59,0.53,"2026-09-18",2010,"N20","nominal","2.0NRT",270.96,1.17,"N"
"3648",65.25502,82.7635,296.39,0.52,0.5,"2026-09-18",2010,"N20","nominal","2.0NRT",274.78,1.21,"N"
"3649",65.22971,82.90578,299.21,0.52,0.5,"2026-09-18",2010,"N20","nominal","2.0NRT",276.89,1.69,"N"
"3650",65.30949,77.41154,305.39,0.37,0.58,"2026-09-18",2010,"N20","nominal","2.0NRT",273.64,0.64,"N"
"3651",65.30849,77.41263,301.8,0.37,0.58,"2026-09-18",2010,"N20","nominal","2.0NRT",273.42,0.8,"N"
"3652",65.24783,73.60986,295.13,0.48,0.65,"2026-09-18",2010,"N20","nominal","2.0NRT",275.66,0.81,"N"
"3653",65.07497,72.08908,298.06,0.54,0.68,"2026-09-18",2010,"N20","nominal","2.0NRT",275.19,0.95,"N"
"3654",65.07529,72.1008,303.6,0.54,0.68,"2026-09-18",2010,"N20","nominal","2.0NRT",274.44,0.95,"N"
"3655",65.069,72.10153,332.32,0.54,0.68,"2026-09-18",2010,"N20","nominal","2.0NRT",276.1,3.3,"N"
"3656",65.06869,72.08981,302.83,0.54,0.68,"2026-09-18",2010,"N20","nominal","2.0NRT",274.15,3.3,"N"
"3657",65.06932,72.11324,301.07,0.54,0.68,"2026-09-18",2010,"N20","nominal","2.0NRT",274.48,1.62,"N"
"3658",65.06303,72.11395,299.4,0.54,0.68,"2026-09-18",2010,"N20","nominal","2.0NRT",274.35,1.62,"N"
"3659",65.06334,72.12551,302.39,0.54,0.67,"2026-09-18",2010,"N20","nominal","2.0NRT",273.46,1.62,"N"
"3660",65.09662,78.2887,353.4,0.35,0.57,"2026-09-18",2010,"N20","nominal","2.0NRT",272.68,6.79,"N"
"3661",65.09651,78.29633,340.49,0.35,0.57,"2026-09-18",2010,"N20","nominal","2.0NRT",275.02,6.23,"N"
"3662",65.09809,78.28934,342.93,0.35,0.57,"2026-09-18",2010,"N20","nominal","2.0NRT",272.74,3.81,"N"
"3663",65.09795,78.29691,337.24,0.35,0.57,"2026-09-18",2010,"N20","nominal","2.0NRT",274.45,3.81,"N"
"3664",65.07285,72.1049,331.37,0.54,0.68,"2026-09-18",2010,"N20","nominal","2.0NRT",275.19,3.85,"N"
"3665",65.07229,72.08141,296.71,0.54,0.68,"2026-09-18",2010,"N20","nominal","2.0NRT",275.65,1.83,"N"
"3666",65.07257,72.09322,305.54,0.54,0.68,"2026-09-18",2010,"N20","nominal","2.0NRT",275.1,1.83,"N"
"3667",65.06628,72.09399,304.52,0.54,0.68,"2026-09-18",2010,"N20","nominal","2.0NRT",274.02,1.96,"N"
"3668",65.06657,72.1057,313.87,0.54,0.68,"2026-09-18",2010,"N20","nominal","2.0NRT",275.41,2.27,"N"
"3669",65.06684,72.11736,297.4,0.54,0.67,"2026-09-18",2010,"N20","nominal","2.0NRT",274.61,2.27,"N"
"3670",65.04264,71.90769,296.41,0.54,0.68,"2026-09-18",2010,"N20","nominal","2.0NRT",275.22,1.2,"N"
"3671",65.03663,71.92043,301.06,0.54,0.68,"2026-09-18",2010,"N20","nominal","2.0NRT",274.3,1.54,"N"
"3672",65.06939,75.43947,311.44,0.43,0.62,"2026-09-18",2010,"N20","nominal","2.0NRT",273.68,1.37,"N"
"3673",65.06941,75.44881,303.85,0.43,0.62,"2026-09-18",2010,"N20","nominal","2.0NRT",274.73,1.54,"N"
"3674",65.06364,75.43942,300.92,0.43,0.62,"2026-09-18",2010,"N20","nominal","2.0NRT",271.75,0.72,"N"
"3675",65.05235,75.50457,298.81,0.43,0.62,"2026-09-18",2010,"N20","nominal","2.0NRT",272.37,1.53,"N"
"3676",65.04633,75.42058,333.5,0.43,0.62,"2026-09-18",2010,"N20","nominal","2.0NRT",274.37,2.32,"N"
"3677",65.0463,75.4112,297.88,0.43,0.62,"2026-09-18",2010,"N20","nominal","2.0NRT",272.44,2.32,"N"
"3678",65.0465,75.46724,297.79,0.43,0.62,"2026-09-18",2010,"N20","nominal","2.0NRT",272.91,1.54,"N"
"3679",65.04656,75.48594,295.6,0.43,0.62,"2026-09-18",2010,"N20","nominal","2.0NRT",274.21,1.27,"N"
"3680",65.04066,75.43919,313.74,0.43,0.62,"2026-09-18",2010,"N20","nominal","2.0NRT",274.31,1.7,"N"
"3681",65.0407,75.44851,296.52,0.43,0.62,"2026-09-18",2010,"N20","nominal","2.0NRT",272.39,1.48,"N"
"3682",65.04082,75.48589,319.4,0.43,0.62,"2026-09-18",2010,"N20","nominal","2.0NRT",273.4,1.43,"N"
"3683",65.04086,75.49517,299.6,0.43,0.62,"2026-09-18",2010,"N20","nominal","2.0NRT",274.31,1.43,"N"
"3684",65.01679,75.26135,308.5,0.43,0.62,"2026-09-18",2010,"N20","nominal","2.0NRT",276.81,1.45,"N"
"3685",64.9998,75.31775,296.52,0.43,0.62,"2026-09-18",2010,"N20","nominal","2.0NRT",275.95,1.3,"N"
"3686",65.02885,75.44383,303.05,0.43,0.62,"2026-09-18",2010,"N20","nominal","2.0NRT",274.28,1.48,"N"
"3687",65.01704,75.26625,301.93,0.43,0.62,"2026-09-18",2010,"N20","nominal","2.0NRT",277.19,1.63,"N"
"3688",64.74673,84.44293,297.35,0.46,0.47,"2026-09-18",2010,"N20","nominal","2.0NRT",270.12,0.97,"N"
"3689",64.99989,75.32263,304.81,0.43,0.62,"2026-09-18",2010,"N20","nominal","2.0NRT",278.09,1.4,"N"
"3690",64.6143,86.257,297.26,0.41,0.45,"2026-09-18",2010,"N20","nominal","2.0NRT",269.6,0.9,"N"
"3691",64.93475,78.33678,299.87,0.35,0.57,"2026-09-18",2010,"N20","nominal","2.0NRT",271.81,0.72,"N"
"3692",64.90848,75.49972,319.36,0.43,0.62,"2026-09-18",2010,"N20","nominal","2.0NRT",273.42,1.3,"N"
"3693",64.90773,75.49716,302.21,0.43,0.62,"2026-09-18",2010,"N20","nominal","2.0NRT",272.64,0.67,"N"
"3694",64.90774,75.50649,300.32,0.43,0.62,"2026-09-18",2010,"N20","nominal","2.0NRT",273.4,0.67,"N"
"3695",60.4785,109.87588,351.16,0.49,0.48,"2026-09-18",2010,"N20","nominal","2.0NRT",272.74,17.66,"N"
"3696",64.86829,73.9402,299.06,0.47,0.64,"2026-09-18",2010,"N20","nominal","2.0NRT",274.74,1.3,"N"
"3697",64.84988,77.24658,295.21,0.38,0.59,"2026-09-18",2010,"N20","nominal","2.0NRT",273.5,0.98,"N"
"3698",64.84979,77.25452,314.81,0.38,0.59,"2026-09-18",2010,"N20","nominal","2.0NRT",274.24,0.98,"N"
"3699",64.70875,82.11944,302.29,0.54,0.51,"2026-09-18",2010,"N20","nominal","2.0NRT",270.29,1.99,"N"
"3700",60.46725,109.7174,337.47,0.48,0.48,"2026-09-18",2010,"N20","nominal","2.0NRT",269.44,4.48,"N"
"3701",60.46343,109.71271,303.38,0.48,0.48,"2026-09-18",2010,"N20","nominal","2.0NRT",266.95,4.48,"N"
"3702",64.80573,74.76087,315.15,0.45,0.63,"2026-09-18",2010,"N20","nominal","2.0NRT",274.56,1.9,"N"
"3703",60.12317,110.76537,301.77,0.53,0.5,"2026-09-18",2010,"N20","nominal","2.0NRT",268.88,1.13,"N"
"3704",64.78532,74.47789,305.17,0.46,0.63,"2026-09-18",2010,"N20","nominal","2.0NRT",275.39,1.15,"N"
"3705",60.11919,110.76042,305.22,0.53,0.5,"2026-09-18",2010,"N20","nominal","2.0NRT",268.35,1.13,"N"
"3706",60.11916,110.76447,303.51,0.53,0.5,"2026-09-18",2010,"N20","nominal","2.0NRT",268.96,1.23,"N"
"3707",64.80756,74.76569,312.02,0.45,0.63,"2026-09-18",2010,"N20","nominal","2.0NRT",275.91,1.8,"N"
"3708",64.78216,74.48328,304.13,0.46,0.63,"2026-09-18",2010,"N20","nominal","2.0NRT",274.88,1.32,"N"
"3709",64.76447,74.48407,295.36,0.46,0.63,"2026-09-18",2010,"N20","nominal","2.0NRT",274.55,1.39,"N"
"3710",64.75222,75.41819,322.62,0.43,0.62,"2026-09-18",2010,"N20","nominal","2.0NRT",274.46,1.72,"N"
"3711",64.73225,73.74696,297.51,0.48,0.65,"2026-09-18",2010,"N20","nominal","2.0NRT",273.42,1.29,"N"
"3712",64.71388,73.72745,298.6,0.48,0.65,"2026-09-18",2010,"N20","nominal","2.0NRT",279.34,1.34,"N"
"3713",64.69644,73.76991,317.31,0.48,0.65,"2026-09-18",2010,"N20","nominal","2.0NRT",277.02,2.5,"N"
"3714",64.69042,73.77027,317.89,0.48,0.65,"2026-09-18",2010,"N20","nominal","2.0NRT",275.86,2.45,"N"
"3715",64.69058,73.78056,298.32,0.48,0.65,"2026-09-18",2010,"N20","nominal","2.0NRT",276.36,1.54,"N"
"3716",64.68456,73.78092,298.22,0.48,0.65,"2026-09-18",2010,"N20","nominal","2.0NRT",274.97,1.54,"N"
"3717",64.69518,73.77269,321.48,0.48,0.65,"2026-09-18",2010,"N20","nominal","2.0NRT",277.02,1.67,"N"
"3718",64.69506,73.76233,303.67,0.48,0.65,"2026-09-18",2010,"N20","nominal","2.0NRT",275.07,2.24,"N"
"3719",64.68916,73.77306,297.74,0.48,0.65,"2026-09-18",2010,"N20","nominal","2.0NRT",275.39,1.67,"N"
"3720",64.68929,73.78334,307.36,0.48,0.65,"2026-09-18",2010,"N20","nominal","2.0NRT",276.77,1.67,"N"
"3721",60.2101,109.92992,313.62,0.5,0.49,"2026-09-18",2010,"N20","nominal","2.0NRT",267.6,1.61,"N"
"3722",64.66457,73.73314,297.11,0.48,0.65,"2026-09-18",2010,"N20","nominal","2.0NRT",276.84,1.29,"N"
"3723",64.65841,73.72326,310.37,0.48,0.65,"2026-09-18",2010,"N20","nominal","2.0NRT",276.75,2.02,"N"
"3724",64.65855,73.73353,303.16,0.48,0.65,"2026-09-18",2010,"N20","nominal","2.0NRT",277.06,2.31,"N"
"3725",60.27584,109.34757,340.46,0.48,0.48,"2026-09-18",2010,"N20","nominal","2.0NRT",267.31,5.85,"N"
"3726",59.79059,110.88056,326.4,0.55,0.51,"2026-09-18",2010,"N20","nominal","2.0NRT",268.03,2.08,"N"
"3727",59.78653,110.87566,312.37,0.55,0.51,"2026-09-18",2010,"N20","nominal","2.0NRT",266.74,2.08,"N"
"3728",64.42241,77.69955,315.83,0.36,0.58,"2026-09-18",2010,"N20","nominal","2.0NRT",273.8,1.01,"N"
"3729",64.41704,77.69904,321.14,0.36,0.58,"2026-09-18",2010,"N20","nominal","2.0NRT",273.05,1.6,"N"
"3730",60.14907,109.09073,336.76,0.48,0.48,"2026-09-18",2010,"N20","nominal","2.0NRT",275.92,14.09,"N"
"3731",60.14688,109.09837,329.9,0.48,0.48,"2026-09-18",2010,"N20","nominal","2.0NRT",274.17,14.09,"N"
"3732",59.80493,109.42736,322.31,0.5,0.49,"2026-09-18",2010,"N20","nominal","2.0NRT",278.02,16.4,"N"
"3733",59.80719,109.41966,306.25,0.5,0.49,"2026-09-18",2010,"N20","nominal","2.0NRT",264.25,16.4,"N"
"3734",59.8434,108.40384,323.99,0.47,0.47,"2026-09-18",2010,"N20","nominal","2.0NRT",265.66,2.61,"N"
"3735",63.48549,87.36449,299.15,0.56,0.43,"2026-09-18",2010,"N20","nominal","2.0NRT",275.2,1.36,"N"
"3736",63.48067,87.37386,296.44,0.56,0.43,"2026-09-18",2010,"N20","nominal","2.0NRT",273.4,0.97,"N"
"3737",63.48289,87.36886,298.18,0.56,0.43,"2026-09-18",2010,"N20","nominal","2.0NRT",274.27,2.2,"N"
"3738",59.81425,108.14457,300.51,0.46,0.47,"2026-09-18",2010,"N20","nominal","2.0NRT",267.12,1.5,"N"
"3739",63.412,87.44225,297,0.55,0.43,"2026-09-18",2010,"N20","nominal","2.0NRT",273.23,1.74,"N"
"3740",59.79649,108.19017,300.46,0.46,0.47,"2026-09-18",2010,"N20","nominal","2.0NRT",269.65,1.15,"N"
"3741",59.78675,108.18915,336.15,0.46,0.47,"2026-09-18",2010,"N20","nominal","2.0NRT",270.54,6.06,"N"
"3742",63.35429,87.42392,300.99,0.55,0.43,"2026-09-18",2010,"N20","nominal","2.0NRT",273.52,1.23,"N"
"3743",63.19931,88.14759,300.37,0.53,0.42,"2026-09-18",2010,"N20","nominal","2.0NRT",272.93,1.51,"N"
"3744",59.6361,108.12446,331.67,0.47,0.47,"2026-09-18",2010,"N20","nominal","2.0NRT",269.15,3.14,"N"
"3745",59.63813,108.11716,303.49,0.46,0.47,"2026-09-18",2010,"N20","nominal","2.0NRT",267.68,3.14,"N"
"3746",63.1865,88.10309,299.71,0.53,0.42,"2026-09-18",2010,"N20","nominal","2.0NRT",270.16,1.2,"N"
"3747",63.44719,80.97588,303.23,0.57,0.52,"2026-09-18",2010,"N20","nominal","2.0NRT",274.43,1.1,"N"
"3748",63.16649,86.00576,298.78,0.4,0.44,"2026-09-18",2010,"N20","nominal","2.0NRT",269.85,0.79,"N"
"3749",63.16388,86.007,305.24,0.4,0.44,"2026-09-18",2010,"N20","nominal","2.0NRT",271.95,1.48,"N"
"3750",63.44843,80.98248,311.04,0.57,0.52,"2026-09-18",2010,"N20","nominal","2.0NRT",275.34,1.77,"N"
"3751",62.2727,94.04829,297.94,0.4,0.37,"2026-09-18",2010,"N20","nominal","2.0NRT",271.13,1.01,"N"
"3752",63.43652,80.5274,303.05,0.59,0.53,"2026-09-18",2010,"N20","nominal","2.0NRT",274.12,1.44,"N"
"3753",62.94989,88.11327,299.13,0.52,0.42,"2026-09-18",2010,"N20","nominal","2.0NRT",276.67,1.26,"N"
"3754",59.42443,107.81259,309.65,0.46,0.47,"2026-09-18",2010,"N20","nominal","2.0NRT",268.59,1.16,"N"
"3755",63.47292,76.76068,321.99,0.39,0.59,"2026-09-18",2010,"N20","nominal","2.0NRT",274.15,2.07,"N"
"3756",63.47285,76.76863,332.94,0.39,0.59,"2026-09-18",2010,"N20","nominal","2.0NRT",277.66,2.71,"N"
"3757",63.46741,76.76035,337.28,0.39,0.59,"2026-09-18",2010,"N20","nominal","2.0NRT",273.41,6.2,"N"
"3758",63.46735,76.7683,349.81,0.39,0.59,"2026-09-18",2010,"N20","nominal","2.0NRT",276.67,7.03,"N"
"3759",62.84295,88.10117,304.85,0.52,0.42,"2026-09-18",2010,"N20","nominal","2.0NRT",276.84,2.56,"N"
"3760",62.84011,88.08925,298.06,0.52,0.42,"2026-09-18",2010,"N20","nominal","2.0NRT",276.31,1.58,"N"
"3761",62.83916,88.0995,295.94,0.52,0.42,"2026-09-18",2010,"N20","nominal","2.0NRT",275.75,1.3,"N"
"3762",62.82597,88.19965,299.53,0.52,0.41,"2026-09-18",2010,"N20","nominal","2.0NRT",274.19,1.99,"N"
"3763",62.84603,87.44077,298.09,0.54,0.42,"2026-09-18",2010,"N20","nominal","2.0NRT",274.1,1.13,"N"
"3764",62.83921,87.42684,295.22,0.54,0.42,"2026-09-18",2010,"N20","nominal","2.0NRT",272.78,2.15,"N"
"3765",62.82966,87.44497,298.86,0.54,0.42,"2026-09-18",2010,"N20","nominal","2.0NRT",271.75,1.38,"N"
"3766",62.846,87.44767,298.1,0.54,0.42,"2026-09-18",2010,"N20","nominal","2.0NRT",273.66,1.43,"N"
"3767",62.83921,87.43378,300.72,0.54,0.42,"2026-09-18",2010,"N20","nominal","2.0NRT",272.8,1.61,"N"
"3768",62.8296,87.45189,295.13,0.54,0.42,"2026-09-18",2010,"N20","nominal","2.0NRT",271.99,1.29,"N"
"3769",63.24358,72.83068,303.26,0.51,0.66,"2026-09-18",2010,"N20","nominal","2.0NRT",275.36,1.05,"N"
"3770",63.24531,72.83308,299.3,0.51,0.66,"2026-09-18",2010,"N20","nominal","2.0NRT",275.08,1.31,"N"
"3771",63.12545,77.84714,305.89,0.36,0.57,"2026-09-18",2010,"N20","nominal","2.0NRT",274.88,0.71,"N"
"3772",63.12218,77.84906,306.42,0.36,0.57,"2026-09-18",2010,"N20","nominal","2.0NRT",275.29,0.5,"N"
"3773",62.45435,86.47693,300.93,0.57,0.43,"2026-09-18",2010,"N20","nominal","2.0NRT",275.12,1.95,"N"
"3774",62.89048,73.59848,300.26,0.49,0.65,"2026-09-18",2010,"N20","nominal","2.0NRT",276.17,0.69,"N"
"3775",60.87334,97.49078,313.47,0.39,0.36,"2026-09-18",2012,"N20","nominal","2.0NRT",271.83,1.4,"N"
"3776",60.84373,97.35361,330.38,0.39,0.36,"2026-09-18",2012,"N20","nominal","2.0NRT",280.06,7.31,"N"
"3777",60.84491,97.34677,296.76,0.39,0.36,"2026-09-18",2012,"N20","nominal","2.0NRT",271.17,2.75,"N"
"3778",58.45173,107.60014,337.18,0.49,0.49,"2026-09-18",2012,"N20","nominal","2.0NRT",264.13,4.52,"N"
"3779",58.44772,107.59621,310.84,0.49,0.49,"2026-09-18",2012,"N20","nominal","2.0NRT",260.48,4.52,"N"
"3780",58.42812,107.57487,336.51,0.49,0.49,"2026-09-18",2012,"N20","nominal","2.0NRT",266.2,4.19,"N"
"3781",58.42596,107.5825,322.55,0.49,0.49,"2026-09-18",2012,"N20","nominal","2.0NRT",267.29,4.19,"N"
"3782",58.42415,107.57082,304.35,0.49,0.49,"2026-09-18",2012,"N20","nominal","2.0NRT",267.74,4.19,"N"
"3783",58.42202,107.57832,318.96,0.49,0.49,"2026-09-18",2012,"N20","nominal","2.0NRT",268.76,4.19,"N"
"3784",60.77956,97.06986,316.22,0.39,0.36,"2026-09-18",2012,"N20","nominal","2.0NRT",282.77,27.61,"N"
"3785",60.77839,97.07667,313.54,0.39,0.36,"2026-09-18",2012,"N20","nominal","2.0NRT",270.99,27.61,"N"
"3786",58.42357,107.44645,312.7,0.49,0.48,"2026-09-18",2012,"N20","nominal","2.0NRT",269.13,1.79,"N"
"3787",58.483,107.01886,336.04,0.47,0.48,"2026-09-18",2012,"N20","nominal","2.0NRT",270.19,8.32,"N"
"3788",58.48101,107.02605,328.22,0.47,0.48,"2026-09-18",2012,"N20","nominal","2.0NRT",274.36,8.32,"N"
"3789",58.41013,107.26312,297.96,0.48,0.48,"2026-09-18",2012,"N20","nominal","2.0NRT",264.7,0.68,"N"
"3790",62.38889,76.63407,336.22,0.39,0.59,"2026-09-18",2012,"N20","nominal","2.0NRT",276.67,2.72,"N"
"3791",60.43619,97.79352,334.44,0.39,0.36,"2026-09-18",2012,"N20","nominal","2.0NRT",271.23,8.32,"N"
"3792",62.36637,77.44937,316.36,0.36,0.58,"2026-09-18",2012,"N20","nominal","2.0NRT",277.27,0.97,"N"
"3793",60.49439,97.40677,320.1,0.39,0.36,"2026-09-18",2012,"N20","nominal","2.0NRT",270.37,1.08,"N"
"3794",60.49321,97.41348,317.63,0.39,0.36,"2026-09-18",2012,"N20","nominal","2.0NRT",271.06,1.51,"N"
"3795",60.49122,97.4045,307.53,0.39,0.36,"2026-09-18",2012,"N20","nominal","2.0NRT",269.97,1.55,"N"
"3796",60.49003,97.41121,307.62,0.39,0.36,"2026-09-18",2012,"N20","nominal","2.0NRT",269.18,1.55,"N"
"3797",60.43542,97.67776,318.97,0.39,0.36,"2026-09-18",2012,"N20","nominal","2.0NRT",280.69,29.08,"N"
"3798",62.33286,76.72976,310.67,0.38,0.59,"2026-09-18",2012,"N20","nominal","2.0NRT",276.57,0.84,"N"
"3799",60.44456,97.54633,308.85,0.39,0.36,"2026-09-18",2012,"N20","nominal","2.0NRT",269.18,32.53,"N"
"3800",58.29383,106.92165,336.73,0.48,0.48,"2026-09-18",2012,"N20","nominal","2.0NRT",271.3,7.5,"N"
"3801",58.29477,106.91781,335.54,0.48,0.48,"2026-09-18",2012,"N20","nominal","2.0NRT",270.03,4.91,"N"
"3802",60.40067,97.47835,325.47,0.39,0.36,"2026-09-18",2012,"N20","nominal","2.0NRT",270.26,1.92,"N"
"3803",60.44704,97.15404,329.02,0.39,0.36,"2026-09-18",2012,"N20","nominal","2.0NRT",279.02,12.05,"N"
"3804",58.14252,107.10162,303.67,0.49,0.48,"2026-09-18",2012,"N20","nominal","2.0NRT",269.23,0.85,"N"
"3805",60.43082,96.50851,323.64,0.39,0.36,"2026-09-18",2012,"N20","nominal","2.0NRT",277.24,1.61,"N"
"3806",60.42969,96.51523,312.58,0.39,0.36,"2026-09-18",2012,"N20","nominal","2.0NRT",275.99,1.61,"N"
"3807",60.42765,96.50632,339.37,0.39,0.36,"2026-09-18",2012,"N20","nominal","2.0NRT",305.64,38.72,"N"
"3808",60.42652,96.51304,307.4,0.39,0.36,"2026-09-18",2012,"N20","nominal","2.0NRT",292.25,38.72,"N"
"3809",60.42334,96.51086,303.75,0.39,0.36,"2026-09-18",2012,"N20","nominal","2.0NRT",271.43,38.72,"N"
"3810",60.43869,96.25174,332.39,0.38,0.36,"2026-09-18",2012,"N20","nominal","2.0NRT",287.17,18.67,"N"
"3811",60.43551,96.24959,341.44,0.38,0.36,"2026-09-18",2012,"N20","nominal","2.0NRT",292.01,5.66,"N"
"3812",58.19495,106.46319,335.12,0.46,0.47,"2026-09-18",2012,"N20","nominal","2.0NRT",270.23,5.04,"N"
"3813",60.43664,96.24287,295.23,0.38,0.36,"2026-09-18",2012,"N20","nominal","2.0NRT",271.95,5.66,"N"
"3814",60.43234,96.24744,295.79,0.38,0.36,"2026-09-18",2012,"N20","nominal","2.0NRT",269.84,5.66,"N"
"3815",58.09609,106.56557,324.51,0.47,0.48,"2026-09-18",2012,"N20","nominal","2.0NRT",272.97,3.43,"N"
"3816",58.09809,106.55831,317.21,0.47,0.48,"2026-09-18",2012,"N20","nominal","2.0NRT",273.13,3.02,"N"
"3817",58.09422,106.55431,321.04,0.47,0.48,"2026-09-18",2012,"N20","nominal","2.0NRT",271.84,3.02,"N"
"3818",58.09219,106.56164,329.29,0.47,0.48,"2026-09-18",2012,"N20","nominal","2.0NRT",273.3,3.43,"N"
"3819",57.87736,105.88591,367,0.46,0.47,"2026-09-18",2012,"N20","high","2.0NRT",282.64,12.24,"N"
"3820",57.87539,105.89314,310.15,0.46,0.47,"2026-09-18",2012,"N20","nominal","2.0NRT",272.22,12.24,"N"
"3821",57.87349,105.88217,296.04,0.46,0.47,"2026-09-18",2012,"N20","nominal","2.0NRT",270.85,1.23,"N"
"3822",57.72638,106.03586,322.7,0.47,0.47,"2026-09-18",2012,"N20","nominal","2.0NRT",267.05,1.34,"N"
"3823",57.7415,105.94476,326,0.46,0.47,"2026-09-18",2012,"N20","nominal","2.0NRT",267.83,3.01,"N"
"3824",57.68324,106.08459,350.86,0.47,0.48,"2026-09-18",2012,"N20","nominal","2.0NRT",280.17,15.43,"N"
"3825",57.68222,106.08408,349.31,0.47,0.48,"2026-09-18",2012,"N20","nominal","2.0NRT",282.08,17.96,"N"
"3826",61.49849,79.29502,305.45,0.63,0.54,"2026-09-18",2012,"N20","nominal","2.0NRT",266.88,2.54,"N"
"3827",61.49347,79.29427,334.76,0.63,0.54,"2026-09-18",2012,"N20","nominal","2.0NRT",267.12,3.71,"N"
"3828",61.49307,79.30624,295.83,0.62,0.54,"2026-09-18",2012,"N20","nominal","2.0NRT",268.64,3.71,"N"
"3829",57.58936,105.91315,337,0.47,0.47,"2026-09-18",2012,"N20","nominal","2.0NRT",272.99,4.72,"N"
"3830",57.56578,105.92731,335.33,0.47,0.48,"2026-09-18",2012,"N20","nominal","2.0NRT",276.4,7.36,"N"
"3831",57.56776,105.92004,301.46,0.47,0.48,"2026-09-18",2012,"N20","nominal","2.0NRT",267.33,7.36,"N"
"3832",57.56188,105.92349,349.02,0.47,0.48,"2026-09-18",2012,"N20","nominal","2.0NRT",274.62,16.1,"N"
"3833",57.56966,105.87684,332.31,0.47,0.47,"2026-09-18",2012,"N20","nominal","2.0NRT",270.98,2.79,"N"
"3834",57.61616,105.68733,336.72,0.46,0.47,"2026-09-18",2012,"N20","nominal","2.0NRT",266.09,3.4,"N"
"3835",57.5381,105.86592,340.11,0.47,0.47,"2026-09-18",2012,"N20","nominal","2.0NRT",267.95,7.63,"N"
"3836",56.82773,106.01788,310.33,0.5,0.49,"2026-09-18",2012,"N20","nominal","2.0NRT",270.02,0.85,"N"
"3837",58.39442,58.3288,332.31,0.41,0.45,"2026-09-18",2153,"N20","nominal","2.0NRT",281.1,4.96,"N"
"3838",58.52967,49.94081,296.27,0.42,0.61,"2026-09-18",2153,"N20","nominal","2.0NRT",275.48,0.62,"N"
"3839",57.94651,60.0517,329.7,0.54,0.42,"2026-09-18",2153,"N20","nominal","2.0NRT",281.93,13.02,"N"
"3840",57.94569,60.06083,300.94,0.54,0.42,"2026-09-18",2153,"N20","nominal","2.0NRT",281.08,13.02,"N"
"3841",57.94265,60.05043,321.35,0.54,0.42,"2026-09-18",2153,"N20","nominal","2.0NRT",277.77,13.02,"N"
"3842",57.94183,60.05957,309.88,0.54,0.42,"2026-09-18",2153,"N20","nominal","2.0NRT",278.29,13.02,"N"
"3843",57.94245,60.05342,306.56,0.54,0.42,"2026-09-18",2153,"N20","nominal","2.0NRT",277.68,1.37,"N"
"3844",57.91879,60.00796,300.54,0.54,0.42,"2026-09-18",2153,"N20","nominal","2.0NRT",280.55,1.28,"N"
"3845",57.91794,60.01709,302.67,0.54,0.42,"2026-09-18",2153,"N20","nominal","2.0NRT",281.27,1.79,"N"
"3846",57.91711,60.02622,301.89,0.54,0.42,"2026-09-18",2153,"N20","nominal","2.0NRT",280.18,1.79,"N"
"3847",57.87564,56.15929,296.73,0.49,0.48,"2026-09-18",2153,"N20","nominal","2.0NRT",278.43,0.91,"N"
"3848",55.08705,73.28491,296.67,0.49,0.4,"2026-09-18",2153,"N20","nominal","2.0NRT",279.01,0.6,"N"
"3849",56.86901,62.05333,322.54,0.46,0.39,"2026-09-18",2153,"N20","nominal","2.0NRT",282.71,3.49,"N"
"3850",56.87102,62.06322,300.03,0.46,0.39,"2026-09-18",2153,"N20","nominal","2.0NRT",279.64,1.89,"N"
"3851",56.86831,62.05441,323.79,0.46,0.39,"2026-09-18",2153,"N20","nominal","2.0NRT",283.03,1.89,"N"
"3852",54.94173,73.48093,295.04,0.5,0.41,"2026-09-18",2153,"N20","nominal","2.0NRT",280.87,0.54,"N"
"3853",56.86265,59.89066,307.17,0.53,0.42,"2026-09-18",2153,"N20","nominal","2.0NRT",278.6,1.86,"N"
"3854",56.47699,60.90514,304.43,0.49,0.4,"2026-09-18",2153,"N20","nominal","2.0NRT",278.44,0.97,"N"
"3855",35.62861,44.00093,334.36,0.61,0.71,"2026-09-18",2159,"N20","nominal","2.0NRT",291.23,12.12,"N"
"3856",56.13013,63.67095,298.28,0.42,0.37,"2026-09-18",2153,"N20","nominal","2.0NRT",279.31,0.93,"N"
"3857",30.2196,55.98265,316.35,0.4,0.37,"2026-09-18",2201,"N20","nominal","2.0NRT",288.46,1.01,"N"
"3858",56.13132,63.67117,297.99,0.42,0.37,"2026-09-18",2153,"N20","nominal","2.0NRT",279.55,0.89,"N"
"3859",30.76347,47.32594,340.77,0.35,0.57,"2026-09-18",2201,"N20","nominal","2.0NRT",299.24,4.69,"N"
"3860",56.40128,55.55526,297.71,0.5,0.49,"2026-09-18",2153,"N20","nominal","2.0NRT",276.51,0.69,"N"
"3861",55.97406,57.9558,300.68,0.4,0.44,"2026-09-18",2153,"N20","nominal","2.0NRT",275.19,0.5,"N"
"3862",30.36055,47.33278,314.13,0.35,0.57,"2026-09-18",2201,"N20","nominal","2.0NRT",297.95,6.08,"N"
"3863",55.9754,57.95656,297.37,0.4,0.44,"2026-09-18",2153,"N20","nominal","2.0NRT",274.49,0.58,"N"
"3864",55.46707,60.1967,297.87,0.5,0.41,"2026-09-18",2153,"N20","nominal","2.0NRT",276.48,23.08,"N"
"3865",37.75179,46.93267,301.48,0.44,0.62,"2026-09-18",2159,"N20","nominal","2.0NRT",284.8,0.69,"N"
"3866",55.46336,60.19544,324.55,0.5,0.41,"2026-09-18",2153,"N20","nominal","2.0NRT",284.36,23.08,"N"
"3867",36.35741,59.67969,295.97,0.39,0.36,"2026-09-18",2159,"N20","nominal","2.0NRT",285.02,0.27,"N"
"3868",55.28746,61.45911,323.12,0.46,0.39,"2026-09-18",2153,"N20","nominal","2.0NRT",281.32,4.64,"N"
"3869",36.6469,57.48473,298.16,0.4,0.37,"2026-09-18",2159,"N20","nominal","2.0NRT",286.81,0.44,"N"
"3870",55.28828,61.45198,319.27,0.46,0.39,"2026-09-18",2153,"N20","nominal","2.0NRT",278.21,3.57,"N"
"3871",36.94749,54.88514,303.9,0.49,0.4,"2026-09-18",2159,"N20","nominal","2.0NRT",292.9,1.36,"N"
"3872",55.2839,61.45788,297.97,0.46,0.39,"2026-09-18",2153,"N20","nominal","2.0NRT",279.39,1.33,"N"
"3873",55.28309,61.46499,314.27,0.46,0.39,"2026-09-18",2153,"N20","nominal","2.0NRT",281.22,1.33,"N"
"3874",36.94683,54.89063,319.21,0.49,0.4,"2026-09-18",2159,"N20","nominal","2.0NRT",294,2.01,"N"
"3875",55.26691,61.44451,299.19,0.46,0.39,"2026-09-18",2153,"N20","nominal","2.0NRT",281.67,1.03,"N"
"3876",36.26995,59.65097,303.96,0.39,0.36,"2026-09-18",2159,"N20","nominal","2.0NRT",288.15,0.71,"N"
"3877",55.25704,61.43362,297.35,0.46,0.39,"2026-09-18",2153,"N20","nominal","2.0NRT",279.35,0.83,"N"
"3878",36.34549,58.67656,330.4,0.39,0.36,"2026-09-18",2159,"N20","nominal","2.0NRT",291.52,4.34,"N"
"3879",55.2143,61.41862,305.57,0.46,0.39,"2026-09-18",2153,"N20","nominal","2.0NRT",277.63,1.11,"N"
"3880",36.33705,58.66346,301.66,0.39,0.36,"2026-09-18",2159,"N20","nominal","2.0NRT",286.07,0.57,"N"
"3881",55.21349,61.42582,299.09,0.46,0.39,"2026-09-18",2153,"N20","nominal","2.0NRT",278.95,1.11,"N"
"3882",36.3364,58.66771,299.16,0.39,0.36,"2026-09-18",2159,"N20","nominal","2.0NRT",289.13,1.01,"N"
"3883",55.20913,61.43176,297.43,0.46,0.39,"2026-09-18",2153,"N20","nominal","2.0NRT",279.46,0.73,"N"
"3884",37.32836,45.27797,301.55,0.53,0.67,"2026-09-18",2159,"N20","nominal","2.0NRT",291.38,1.04,"N"
"3885",55.21117,61.38014,295.58,0.46,0.39,"2026-09-18",2153,"N20","nominal","2.0NRT",280.41,0.79,"N"
"3886",36.24443,57.38214,305.65,0.4,0.37,"2026-09-18",2159,"N20","nominal","2.0NRT",293.19,0.6,"N"
"3887",55.20803,61.4335,301.99,0.46,0.39,"2026-09-18",2153,"N20","nominal","2.0NRT",280.52,1.42,"N"
"3888",55.70403,49.05464,322.11,0.44,0.62,"2026-09-18",2153,"N20","nominal","2.0NRT",280.99,1.61,"N"
"3889",36.29755,54.78598,306.21,0.48,0.4,"2026-09-18",2159,"N20","nominal","2.0NRT",290.15,0.96,"N"
"3890",55.70397,49.06182,297.72,0.44,0.62,"2026-09-18",2153,"N20","nominal","2.0NRT",281.17,1.61,"N"
"3891",37.05033,42.47798,345.06,0.76,0.77,"2026-09-18",2159,"N20","nominal","2.0NRT",287.1,7.51,"N"
"3892",55.61024,51.93713,311.48,0.34,0.56,"2026-09-18",2153,"N20","nominal","2.0NRT",283.23,1,"N"
"3893",55.58936,51.93999,316.86,0.34,0.56,"2026-09-18",2153,"N20","nominal","2.0NRT",282.97,1.52,"N"
"3894",37.05023,42.48666,299.82,0.76,0.77,"2026-09-18",2159,"N20","nominal","2.0NRT",284.32,7.51,"N"
"3895",55.56459,51.87434,299.4,0.34,0.56,"2026-09-18",2153,"N20","nominal","2.0NRT",279.76,0.59,"N"
"3896",54.78083,58.20158,295.19,0.57,0.43,"2026-09-18",2153,"N20","nominal","2.0NRT",277.18,1.03,"N"
"3897",36.3223,54.18682,296.47,0.52,0.41,"2026-09-18",2159,"N20","nominal","2.0NRT",285.31,0.46,"N"
"3898",54.88255,56.07322,300.7,0.46,0.47,"2026-09-18",2153,"N20","nominal","2.0NRT",281.34,1.57,"N"
"3899",54.88205,56.08055,301.13,0.46,0.47,"2026-09-18",2153,"N20","nominal","2.0NRT",282.92,1.78,"N"
"3900",37.05451,42.47913,339.93,0.76,0.77,"2026-09-18",2159,"N20","nominal","2.0NRT",286.39,12.02,"N"
"3901",54.84978,56.10216,306.37,0.46,0.47,"2026-09-18",2153,"N20","nominal","2.0NRT",281.96,1.27,"N"
"3902",54.84929,56.10917,295.78,0.46,0.47,"2026-09-18",2153,"N20","nominal","2.0NRT",280.63,1.27,"N"
"3903",37.04766,42.46035,301.27,0.76,0.77,"2026-09-18",2159,"N20","nominal","2.0NRT",283.69,4.89,"N"
"3904",50.3983,80.17814,304.09,0.39,0.6,"2026-09-18",2153,"N20","nominal","2.0NRT",282.34,1.35,"N"
"3905",37.04736,42.47835,316.3,0.76,0.77,"2026-09-18",2159,"N20","nominal","2.0NRT",284.18,6.04,"N"
"3906",50.40091,80.1852,303,0.4,0.6,"2026-09-18",2153,"N20","nominal","2.0NRT",283.87,1.68,"N"
"3907",35.35607,60.21621,306.14,0.39,0.36,"2026-09-18",2159,"N20","nominal","2.0NRT",288.85,0.98,"N"
"3908",53.20665,66.79722,315.29,0.39,0.36,"2026-09-18",2155,"N20","nominal","2.0NRT",279.22,1.4,"N"
"3909",53.60963,62.17437,305.44,0.42,0.38,"2026-09-18",2155,"N20","nominal","2.0NRT",275.95,1.02,"N"
"3910",36.91224,43.37981,300.95,0.68,0.74,"2026-09-18",2159,"N20","nominal","2.0NRT",283.99,1.07,"N"
"3911",50.03501,78.73772,323.69,0.36,0.57,"2026-09-18",2155,"N20","nominal","2.0NRT",280.22,2.18,"N"
"3912",36.90536,43.38081,297.19,0.68,0.74,"2026-09-18",2159,"N20","nominal","2.0NRT",284.09,1.05,"N"
"3913",50.03363,78.7423,298.26,0.36,0.57,"2026-09-18",2155,"N20","nominal","2.0NRT",280.05,1.53,"N"
"3914",36.91166,43.38281,304.28,0.68,0.74,"2026-09-18",2159,"N20","nominal","2.0NRT",284.67,1.11,"N"
"3915",50.02256,78.74023,295.74,0.36,0.57,"2026-09-18",2155,"N20","nominal","2.0NRT",280.42,0.73,"N"
"3916",36.89703,43.42138,305.15,0.67,0.74,"2026-09-18",2159,"N20","nominal","2.0NRT",283.12,2.01,"N"
"3917",50.01778,78.73674,305.99,0.36,0.57,"2026-09-18",2155,"N20","nominal","2.0NRT",283.06,0.73,"N"
"3918",36.86829,43.4814,312.99,0.67,0.73,"2026-09-18",2159,"N20","nominal","2.0NRT",286.44,2.08,"N"
"3919",50.03357,78.73933,336.35,0.36,0.57,"2026-09-18",2155,"N20","nominal","2.0NRT",281,2.62,"N"
"3920",35.36671,59.30507,304.34,0.38,0.36,"2026-09-18",2159,"N20","nominal","2.0NRT",286.9,0.79,"N"
"3921",50.02119,78.74177,303.83,0.36,0.57,"2026-09-18",2155,"N20","nominal","2.0NRT",281.81,0.88,"N"
"3922",35.31653,59.48871,300.44,0.39,0.36,"2026-09-18",2159,"N20","nominal","2.0NRT",289.69,0.96,"N"
"3923",36.56604,48.80211,299.48,0.33,0.56,"2026-09-18",2159,"N20","nominal","2.0NRT",282.74,0.59,"N"
"3924",50.01641,78.73824,295.59,0.36,0.57,"2026-09-18",2155,"N20","nominal","2.0NRT",282.84,0.88,"N"
"3925",36.56576,48.80597,296.47,0.33,0.56,"2026-09-18",2159,"N20","nominal","2.0NRT",283.77,0.59,"N"
"3926",50.0069,78.73104,295.67,0.36,0.57,"2026-09-18",2155,"N20","nominal","2.0NRT",280.11,0.87,"N"
"3927",36.7751,43.31984,334.01,0.68,0.74,"2026-09-18",2159,"N20","nominal","2.0NRT",286.86,4.99,"N"
"3928",53.47074,58.98299,321.96,0.52,0.41,"2026-09-18",2155,"N20","nominal","2.0NRT",282.75,3.96,"N"
"3929",36.73476,43.27423,298.84,0.68,0.74,"2026-09-18",2159,"N20","nominal","2.0NRT",286.69,0.54,"N"
"3930",36.65249,45.28392,298.38,0.53,0.67,"2026-09-18",2159,"N20","nominal","2.0NRT",285.61,0.42,"N"
"3931",53.46608,59.02993,303.54,0.52,0.41,"2026-09-18",2155,"N20","nominal","2.0NRT",280.05,1.78,"N"
"3932",35.24844,59.25663,298.27,0.38,0.36,"2026-09-18",2159,"N20","nominal","2.0NRT",286.71,0.74,"N"
"3933",53.45776,59.03535,307.73,0.52,0.41,"2026-09-18",2155,"N20","nominal","2.0NRT",284.23,1.81,"N"
"3934",36.65424,45.28441,297.54,0.53,0.67,"2026-09-18",2159,"N20","nominal","2.0NRT",285.81,0.46,"N"
"3935",53.45398,59.03426,331.15,0.52,0.41,"2026-09-18",2155,"N20","nominal","2.0NRT",282.62,5.53,"N"
"3936",36.41344,43.99601,300.41,0.62,0.71,"2026-09-18",2159,"N20","nominal","2.0NRT",289.06,1.08,"N"
"3937",53.45474,59.02652,318.05,0.52,0.41,"2026-09-18",2155,"N20","nominal","2.0NRT",280.06,2.11,"N"
"3938",35.83248,52.804,299.02,0.4,0.44,"2026-09-18",2159,"N20","nominal","2.0NRT",282.22,0.79,"N"
"3939",53.432,59.05998,321.54,0.51,0.41,"2026-09-18",2155,"N20","nominal","2.0NRT",283.73,2.85,"N"
"3940",35.8289,52.83844,301.58,0.39,0.44,"2026-09-18",2159,"N20","nominal","2.0NRT",284.75,1.15,"N"
"3941",53.43353,59.04442,302.85,0.52,0.41,"2026-09-18",2155,"N20","nominal","2.0NRT",281.78,1.05,"N"
"3942",35.82442,52.80236,305.91,0.4,0.44,"2026-09-18",2159,"N20","nominal","2.0NRT",283.7,0.93,"N"
"3943",53.42673,59.0345,295.7,0.52,0.41,"2026-09-18",2155,"N20","nominal","2.0NRT",282.12,1.08,"N"
"3944",53.42521,59.05006,303.41,0.51,0.41,"2026-09-18",2155,"N20","nominal","2.0NRT",284.68,2.39,"N"
"3945",36.0175,50.58997,303.27,0.52,0.5,"2026-09-18",2159,"N20","nominal","2.0NRT",292.91,1.19,"N"
"3946",53.6771,55.96728,305.41,0.45,0.47,"2026-09-18",2155,"N20","nominal","2.0NRT",279.71,0.96,"N"
"3947",35.63741,53.47595,315.1,0.55,0.42,"2026-09-18",2159,"N20","nominal","2.0NRT",293.07,2.16,"N"
"3948",53.67522,55.9683,300.21,0.45,0.47,"2026-09-18",2155,"N20","nominal","2.0NRT",278.96,0.78,"N"
"3949",36.22888,43.36731,298.87,0.67,0.74,"2026-09-18",2159,"N20","nominal","2.0NRT",287.7,1,"N"
"3950",53.66183,55.97235,300.75,0.45,0.47,"2026-09-18",2155,"N20","nominal","2.0NRT",280.93,1,"N"
"3951",35.91239,49.4656,302.62,0.6,0.53,"2026-09-18",2159,"N20","nominal","2.0NRT",288.12,2.16,"N"
"3952",53.18726,50.99292,298.64,0.35,0.57,"2026-09-18",2155,"N20","nominal","2.0NRT",279.38,0.95,"N"
"3953",36.11356,45.41606,318.07,0.52,0.66,"2026-09-18",2159,"N20","nominal","2.0NRT",289.2,1.72,"N"
"3954",53.18884,50.99273,298.02,0.35,0.57,"2026-09-18",2155,"N20","nominal","2.0NRT",280.01,0.84,"N"
"3955",36.11333,45.42199,301.9,0.51,0.66,"2026-09-18",2159,"N20","nominal","2.0NRT",289.02,1.72,"N"
"3956",53.18865,50.9982,301.05,0.35,0.57,"2026-09-18",2155,"N20","nominal","2.0NRT",281.31,1.09,"N"
"3957",36.11375,45.42023,321.35,0.51,0.66,"2026-09-18",2159,"N20","nominal","2.0NRT",290.1,2.79,"N"
"3958",53.18828,51.00896,297.61,0.35,0.57,"2026-09-18",2155,"N20","nominal","2.0NRT",280.08,0.57,"N"
"3959",35.57615,51.51068,325.76,0.46,0.47,"2026-09-18",2159,"N20","nominal","2.0NRT",298.1,2.6,"N"
"3960",52.91345,55.72506,305.41,0.45,0.47,"2026-09-18",2155,"N20","nominal","2.0NRT",279.43,0.8,"N"
"3961",35.57664,51.50552,304.32,0.46,0.47,"2026-09-18",2159,"N20","nominal","2.0NRT",293.56,2.6,"N"
"3962",53.03657,52.40743,295.46,0.62,0.54,"2026-09-18",2155,"N20","nominal","2.0NRT",278.18,0.2,"N"
"3963",35.60817,51.12394,314.43,0.48,0.48,"2026-09-18",2159,"N20","nominal","2.0NRT",286.88,1.35,"N"
"3964",53.07535,51.22786,314.14,0.35,0.56,"2026-09-18",2155,"N20","nominal","2.0NRT",280.34,1.09,"N"
"3965",36.02052,43.67564,311.17,0.64,0.72,"2026-09-18",2159,"N20","nominal","2.0NRT",289.36,1.81,"N"
"3966",53.0756,51.22593,298.32,0.35,0.56,"2026-09-18",2155,"N20","nominal","2.0NRT",279.39,1.03,"N"
"3967",52.92188,51.41696,299.16,0.34,0.56,"2026-09-18",2155,"N20","nominal","2.0NRT",277.48,0.58,"N"
"3968",35.54478,51.42265,311.44,0.46,0.47,"2026-09-18",2159,"N20","nominal","2.0NRT",296.83,3.42,"N"
"3969",52.87158,51.20845,321.7,0.35,0.56,"2026-09-18",2155,"N20","nominal","2.0NRT",279.08,1.45,"N"
"3970",35.99821,43.7548,319.96,0.63,0.72,"2026-09-18",2159,"N20","nominal","2.0NRT",290.99,2.48,"N"
"3971",52.87166,51.20911,321.63,0.35,0.56,"2026-09-18",2155,"N20","nominal","2.0NRT",279.24,1.27,"N"
"3972",46.6482,83.16499,305.1,0.71,0.75,"2026-09-18",2155,"N20","nominal","2.0NRT",276.79,1.77,"N"
"3973",35.53606,51.42134,310.13,0.46,0.47,"2026-09-18",2159,"N20","nominal","2.0NRT",295.67,2.45,"N"
"3974",46.64685,83.16396,302.06,0.71,0.75,"2026-09-18",2155,"N20","nominal","2.0NRT",277.08,1.07,"N"
"3975",35.98461,43.76163,320.69,0.63,0.72,"2026-09-18",2159,"N20","nominal","2.0NRT",291.33,2.2,"N"
"3976",52.58916,51.98455,298.11,0.32,0.54,"2026-09-18",2155,"N20","nominal","2.0NRT",279.34,0.38,"N"
"3977",35.98443,43.7686,305.88,0.63,0.72,"2026-09-18",2159,"N20","nominal","2.0NRT",292.01,2.2,"N"
"3978",52.5566,52.37859,306.03,0.61,0.54,"2026-09-18",2155,"N20","nominal","2.0NRT",280.44,1.47,"N"
"3979",35.52392,51.40909,303.74,0.47,0.47,"2026-09-18",2159,"N20","nominal","2.0NRT",291.57,1.29,"N"
"3980",52.55603,51.66749,301.37,0.33,0.55,"2026-09-18",2155,"N20","nominal","2.0NRT",276.77,0.44,"N"
"3981",35.52003,51.40328,301.35,0.47,0.47,"2026-09-18",2159,"N20","nominal","2.0NRT",288.7,0.59,"N"
"3982",52.40068,53.72197,296.23,0.54,0.51,"2026-09-18",2155,"N20","nominal","2.0NRT",278.15,1.29,"N"
"3983",35.51956,51.40842,305.04,0.47,0.47,"2026-09-18",2159,"N20","nominal","2.0NRT",290.24,0.59,"N"
"3984",52.27724,54.44876,297.58,0.5,0.49,"2026-09-18",2155,"N20","nominal","2.0NRT",279.33,0.45,"N"
"3985",35.51908,51.40622,300.74,0.47,0.47,"2026-09-18",2159,"N20","nominal","2.0NRT",289.09,0.92,"N"
"3986",52.22897,54.12164,332.12,0.51,0.5,"2026-09-18",2155,"N20","nominal","2.0NRT",280.48,2.39,"N"
"3987",36.00163,43.75426,315.75,0.63,0.72,"2026-09-18",2159,"N20","nominal","2.0NRT",290.68,2.3,"N"
"3988",35.98129,43.76113,313.67,0.63,0.72,"2026-09-18",2159,"N20","nominal","2.0NRT",292.01,4.08,"N"
"3989",52.28028,50.86742,298.26,0.35,0.57,"2026-09-18",2155,"N20","nominal","2.0NRT",279.35,0.51,"N"
"3990",35.98107,43.76803,313,0.63,0.72,"2026-09-18",2159,"N20","nominal","2.0NRT",293.38,3.94,"N"
"3991",52.22429,51.83205,301.78,0.32,0.55,"2026-09-18",2155,"N20","nominal","2.0NRT",277.95,0.35,"N"
"3992",35.9556,43.7236,303.58,0.64,0.72,"2026-09-18",2159,"N20","nominal","2.0NRT",290.71,1.27,"N"
"3993",52.22088,51.83402,301.32,0.32,0.55,"2026-09-18",2155,"N20","nominal","2.0NRT",279.53,0.5,"N"
"3994",35.49122,50.20303,298.88,0.54,0.51,"2026-09-18",2159,"N20","nominal","2.0NRT",286.47,0.8,"N"
"3995",35.77719,43.99183,326.67,0.61,0.71,"2026-09-18",2159,"N20","nominal","2.0NRT",293.69,1.7,"N"
"3996",51.90485,54.51306,295.45,0.49,0.49,"2026-09-18",2155,"N20","nominal","2.0NRT",281.8,0.52,"N"
"3997",35.77059,43.99108,303.91,0.61,0.71,"2026-09-18",2159,"N20","nominal","2.0NRT",292.58,1.7,"N"
"3998",51.87938,54.75955,295.87,0.48,0.48,"2026-09-18",2155,"N20","nominal","2.0NRT",280.21,1.68,"N"
"3999",35.77252,43.99041,324.5,0.61,0.71,"2026-09-18",2159,"N20","nominal","2.0NRT",293.3,3.24,"N"
"4000",51.87588,54.74467,350.56,0.48,0.48,"2026-09-18",2155,"N20","nominal","2.0NRT",288.91,28.61,"N"
"4001",35.73153,44.02857,317.85,0.61,0.71,"2026-09-18",2159,"N20","nominal","2.0NRT",291.9,2.08,"N"
"4002",51.8754,54.7518,328.67,0.48,0.48,"2026-09-18",2155,"N20","nominal","2.0NRT",282.52,1.68,"N"
"4003",35.72472,44.03487,367,0.61,0.71,"2026-09-18",2159,"N20","high","2.0NRT",293.7,7.13,"N"
"4004",51.87493,54.75885,303.8,0.48,0.48,"2026-09-18",2155,"N20","nominal","2.0NRT",282.95,1.68,"N"
"4005",35.72449,44.04187,305.31,0.61,0.71,"2026-09-18",2159,"N20","nominal","2.0NRT",291.99,7.13,"N"
"4006",51.87332,54.71585,311.16,0.48,0.48,"2026-09-18",2155,"N20","nominal","2.0NRT",281.73,1.4,"N"
"4007",51.87144,54.74377,318.97,0.48,0.48,"2026-09-18",2155,"N20","nominal","2.0NRT",282.34,3.16,"N"
"4008",35.67007,45.00291,306.93,0.54,0.68,"2026-09-18",2159,"N20","nominal","2.0NRT",292.21,1.89,"N"
"4009",52.01482,51.68637,308.62,0.33,0.55,"2026-09-18",2155,"N20","nominal","2.0NRT",280.9,0.81,"N"
"4010",35.69002,43.87166,367,0.62,0.72,"2026-09-18",2159,"N20","high","2.0NRT",292.88,10.19,"N"
"4011",52.01213,51.68361,300.72,0.33,0.55,"2026-09-18",2155,"N20","nominal","2.0NRT",279.97,0.63,"N"
"4012",35.69024,43.86441,299.56,0.62,0.72,"2026-09-18",2159,"N20","nominal","2.0NRT",289,10.19,"N"
"4013",52.01872,51.14908,297.33,0.34,0.56,"2026-09-18",2155,"N20","nominal","2.0NRT",279.24,0.57,"N"
"4014",35.68982,43.87863,305.93,0.62,0.72,"2026-09-18",2159,"N20","nominal","2.0NRT",290.2,8.07,"N"
"4015",52.05505,47.43615,301.69,0.5,0.65,"2026-09-18",2155,"N20","nominal","2.0NRT",283.67,0.89,"N"
"4016",35.68338,43.87113,367,0.62,0.72,"2026-09-18",2159,"N20","high","2.0NRT",290.99,10.19,"N"
"4017",51.84781,53.80775,305.5,0.53,0.5,"2026-09-18",2155,"N20","nominal","2.0NRT",279.85,0.53,"N"
"4018",35.68317,43.87811,305.32,0.62,0.72,"2026-09-18",2159,"N20","nominal","2.0NRT",289.65,8.07,"N"
"4019",51.87035,52.98009,310.02,0.57,0.52,"2026-09-18",2155,"N20","nominal","2.0NRT",279.91,1.29,"N"
"4020",35.62439,45.20706,304.31,0.52,0.67,"2026-09-18",2159,"N20","nominal","2.0NRT",293.1,0.83,"N"
"4021",51.6423,55.58605,314.32,0.44,0.46,"2026-09-18",2155,"N20","nominal","2.0NRT",282.24,2.26,"N"
"4022",35.66084,43.96068,324.76,0.61,0.71,"2026-09-18",2159,"N20","nominal","2.0NRT",291.93,2.6,"N"
"4023",51.81646,52.54334,296.2,0.6,0.53,"2026-09-18",2155,"N20","nominal","2.0NRT",279.33,1.77,"N"
"4024",35.68608,43.87265,367,0.62,0.72,"2026-09-18",2159,"N20","high","2.0NRT",297.19,17.28,"N"
"4025",51.81601,52.55216,309.93,0.59,0.53,"2026-09-18",2155,"N20","nominal","2.0NRT",280.67,1.77,"N"
"4026",35.68633,43.86549,303.95,0.62,0.72,"2026-09-18",2159,"N20","nominal","2.0NRT",288.84,12.25,"N"
"4027",51.81112,52.55162,302.95,0.59,0.53,"2026-09-18",2155,"N20","nominal","2.0NRT",280.76,1.77,"N"
"4028",35.68584,43.87958,308.24,0.62,0.71,"2026-09-18",2159,"N20","nominal","2.0NRT",290.27,17.28,"N"
"4029",51.6106,55.18818,332.29,0.46,0.47,"2026-09-18",2155,"N20","nominal","2.0NRT",281.03,2.59,"N"
"4030",35.6258,45.20715,305.03,0.52,0.67,"2026-09-18",2159,"N20","nominal","2.0NRT",292.76,1.01,"N"
"4031",51.58968,55.47773,302.74,0.45,0.47,"2026-09-18",2155,"N20","nominal","2.0NRT",281.08,0.7,"N"
"4032",35.66304,43.96215,325.99,0.61,0.71,"2026-09-18",2159,"N20","nominal","2.0NRT",292.54,3.29,"N"
"4033",51.60815,55.16059,336.98,0.46,0.47,"2026-09-18",2155,"N20","nominal","2.0NRT",280.98,3.18,"N"
"4034",35.26407,50.41969,302.04,0.52,0.5,"2026-09-18",2159,"N20","nominal","2.0NRT",286.05,1.07,"N"
"4035",51.59966,55.28009,321.77,0.45,0.47,"2026-09-18",2155,"N20","nominal","2.0NRT",280.98,2.3,"N"
"4036",35.62838,44.00789,355.88,0.61,0.71,"2026-09-18",2159,"N20","nominal","2.0NRT",296.02,14.53,"N"
"4037",35.58755,44.24534,303.5,0.59,0.7,"2026-09-18",2159,"N20","nominal","2.0NRT",293.05,0.66,"N"
"4038",51.60484,55.20749,314.9,0.46,0.47,"2026-09-18",2155,"N20","nominal","2.0NRT",280.45,1.91,"N"
"4039",35.56691,44.27708,315.86,0.59,0.7,"2026-09-18",2159,"N20","nominal","2.0NRT",293.21,2.07,"N"
"4040",51.6038,55.15982,298.2,0.46,0.47,"2026-09-18",2155,"N20","nominal","2.0NRT",281.13,1.23,"N"
"4041",35.56668,44.28391,312.34,0.59,0.7,"2026-09-18",2159,"N20","nominal","2.0NRT",294.23,2.07,"N"
"4042",51.60086,55.13892,320.05,0.46,0.47,"2026-09-18",2155,"N20","nominal","2.0NRT",279.82,2.14,"N"
"4043",35.53248,44.33467,340.67,0.58,0.7,"2026-09-18",2159,"N20","nominal","2.0NRT",294.93,7.24,"N"
"4044",35.52578,44.34077,316.62,0.58,0.7,"2026-09-18",2159,"N20","nominal","2.0NRT",293.8,4.93,"N"
"4045",51.60976,55.18916,322.53,0.46,0.47,"2026-09-18",2155,"N20","nominal","2.0NRT",281.23,3.47,"N"
"4046",35.56697,44.27921,328.38,0.59,0.7,"2026-09-18",2159,"N20","nominal","2.0NRT",293.77,3.95,"N"
"4047",35.53223,44.3368,334.29,0.58,0.7,"2026-09-18",2159,"N20","nominal","2.0NRT",295.44,2.25,"N"
"4048",51.60744,55.16162,336.24,0.46,0.47,"2026-09-18",2155,"N20","nominal","2.0NRT",282.14,5.18,"N"
"4049",35.53248,44.33013,308.98,0.58,0.7,"2026-09-18",2159,"N20","nominal","2.0NRT",294.19,3.77,"N"
"4050",51.6039,55.20844,307.57,0.46,0.47,"2026-09-18",2155,"N20","nominal","2.0NRT",279.39,1.95,"N"
"4051",35.52575,44.3362,312.41,0.58,0.7,"2026-09-18",2159,"N20","nominal","2.0NRT",293.33,2.25,"N"
"4052",35.5255,44.34295,303.84,0.58,0.7,"2026-09-18",2159,"N20","nominal","2.0NRT",293.08,2.25,"N"
"4053",51.59839,55.28089,316.27,0.45,0.47,"2026-09-18",2155,"N20","nominal","2.0NRT",281.18,2.06,"N"
"4054",35.48655,44.15211,367,0.6,0.7,"2026-09-18",2159,"N20","high","2.0NRT",295.67,7.8,"N"
"4055",51.60024,55.14001,315.37,0.46,0.47,"2026-09-18",2155,"N20","nominal","2.0NRT",280.62,1.47,"N"
"4056",35.48678,44.14538,318.33,0.6,0.7,"2026-09-18",2159,"N20","nominal","2.0NRT",289.58,7.8,"N"
"4057",35.45798,44.41747,326.53,0.58,0.7,"2026-09-18",2159,"N20","nominal","2.0NRT",295.44,4.47,"N"
"4058",51.59388,55.16606,326.03,0.46,0.47,"2026-09-18",2155,"N20","nominal","2.0NRT",280.08,4.31,"N"
"4059",35.38323,45.53991,312.22,0.5,0.66,"2026-09-18",2159,"N20","nominal","2.0NRT",290.28,1.16,"N"
"4060",51.22713,58.37436,295.35,0.51,0.41,"2026-09-18",2155,"N20","nominal","2.0NRT",282.32,1.29,"N"
"4061",35.45746,44.41833,326.08,0.58,0.7,"2026-09-18",2159,"N20","nominal","2.0NRT",295.07,3.97,"N"
"4062",35.38865,45.54003,304.1,0.5,0.66,"2026-09-18",2159,"N20","nominal","2.0NRT",290.56,0.54,"N"
"4063",35.38256,45.53986,300.66,0.5,0.66,"2026-09-18",2159,"N20","nominal","2.0NRT",289.82,0.54,"N"
"4064",51.61778,52.78088,303.65,0.58,0.52,"2026-09-18",2155,"N20","nominal","2.0NRT",281.17,1.67,"N"
"4065",35.41969,44.21628,310.77,0.59,0.7,"2026-09-18",2159,"N20","nominal","2.0NRT",291.22,1.36,"N"
"4066",35.3871,44.21407,326.9,0.59,0.7,"2026-09-18",2159,"N20","nominal","2.0NRT",291.77,3.63,"N"
"4067",51.19626,58.23158,297.19,0.52,0.41,"2026-09-18",2155,"N20","nominal","2.0NRT",283.2,1.02,"N"
"4068",35.24965,44.42168,322.66,0.58,0.69,"2026-09-18",2159,"N20","nominal","2.0NRT",293.99,17,"N"
"4069",35.24941,44.4282,352.16,0.57,0.69,"2026-09-18",2159,"N20","nominal","2.0NRT",299.63,17,"N"
"4070",51.60524,52.92333,336.7,0.57,0.52,"2026-09-18",2155,"N20","nominal","2.0NRT",280.44,7.88,"N"
"4071",33.75462,59.14673,318.04,0.39,0.36,"2026-09-18",2159,"N20","nominal","2.0NRT",286.27,1.62,"N"
"4072",51.60479,52.93168,333.5,0.57,0.52,"2026-09-18",2155,"N20","nominal","2.0NRT",281.35,7.63,"N"
"4073",35.24897,44.42245,323.49,0.57,0.69,"2026-09-18",2159,"N20","nominal","2.0NRT",293.85,21.48,"N"
"4074",35.2487,44.42896,348.48,0.57,0.69,"2026-09-18",2159,"N20","nominal","2.0NRT",300.29,17.04,"N"
"4075",51.59128,52.91278,304.02,0.57,0.52,"2026-09-18",2155,"N20","nominal","2.0NRT",280.67,1.18,"N"
"4076",35.24844,44.43546,304.35,0.57,0.69,"2026-09-18",2159,"N20","nominal","2.0NRT",293.95,17.04,"N"
"4077",51.57029,52.75694,319.91,0.58,0.52,"2026-09-18",2155,"N20","nominal","2.0NRT",282.54,2.72,"N"
"4078",35.12771,44.56217,305.12,0.56,0.69,"2026-09-18",2159,"N20","nominal","2.0NRT",293.86,0.79,"N"
"4079",35.12747,44.56861,306.74,0.56,0.69,"2026-09-18",2159,"N20","nominal","2.0NRT",293.47,0.79,"N"
"4080",51.56588,52.74774,353.23,0.58,0.52,"2026-09-18",2155,"N20","nominal","2.0NRT",289.33,14.2,"N"
"4081",35.12576,44.56686,316.3,0.56,0.69,"2026-09-18",2159,"N20","nominal","2.0NRT",294.19,1.22,"N"
"4082",51.09223,50.54032,299.08,0.36,0.57,"2026-09-18",2155,"N20","nominal","2.0NRT",281.26,0.55,"N"
"4083",34.55654,50.96012,302.76,0.48,0.48,"2026-09-18",2159,"N20","nominal","2.0NRT",289.77,0.93,"N"
"4084",35.02203,43.49231,345.56,0.65,0.73,"2026-09-18",2159,"N20","nominal","2.0NRT",292.9,8.24,"N"
"4085",50.36307,57.12346,302.49,0.56,0.43,"2026-09-18",2155,"N20","nominal","2.0NRT",282.09,0.57,"N"
"4086",35.0218,43.49952,308.11,0.65,0.73,"2026-09-18",2159,"N20","nominal","2.0NRT",293.68,5.83,"N"
"4087",50.35053,57.12856,329.67,0.56,0.43,"2026-09-18",2155,"N20","nominal","2.0NRT",285.64,5.06,"N"
"4088",35.00201,43.48365,303.58,0.65,0.73,"2026-09-18",2159,"N20","nominal","2.0NRT",292.44,1.7,"N"
"4089",34.90126,43.79772,367,0.62,0.71,"2026-09-18",2159,"N20","high","2.0NRT",292.98,10.9,"N"
"4090",50.3466,57.12766,298.55,0.56,0.43,"2026-09-18",2155,"N20","nominal","2.0NRT",283.33,5.06,"N"
"4091",34.90101,43.8047,331.99,0.62,0.71,"2026-09-18",2159,"N20","nominal","2.0NRT",295.83,10.9,"N"
"4092",50.34586,57.13546,308.05,0.56,0.43,"2026-09-18",2155,"N20","nominal","2.0NRT",284.38,5.13,"N"
"4093",34.89462,43.79717,367,0.62,0.71,"2026-09-18",2159,"N20","high","2.0NRT",292.07,10.9,"N"
"4094",34.89438,43.80415,343.03,0.62,0.71,"2026-09-18",2159,"N20","nominal","2.0NRT",294.57,10.9,"N"
"4095",50.34268,57.12674,298.9,0.56,0.43,"2026-09-18",2155,"N20","nominal","2.0NRT",283.28,1.06,"N"
"4096",46.83537,74.94975,299.77,0.62,0.54,"2026-09-18",2155,"N20","nominal","2.0NRT",279.82,1.6,"N"
"4097",34.8672,44.0172,349.23,0.6,0.71,"2026-09-18",2159,"N20","nominal","2.0NRT",294.35,10.21,"N"
"4098",46.82358,74.93425,320.96,0.62,0.54,"2026-09-18",2155,"N20","nominal","2.0NRT",279.91,12.18,"N"
"4099",34.76149,45.14887,316.54,0.52,0.67,"2026-09-18",2159,"N20","nominal","2.0NRT",294.72,2.14,"N"
"4100",46.81896,74.93161,342.42,0.62,0.54,"2026-09-18",2155,"N20","nominal","2.0NRT",281.94,12.18,"N"
"4101",34.32569,50.55935,301.92,0.5,0.49,"2026-09-18",2159,"N20","nominal","2.0NRT",289.09,0.68,"N"
"4102",32.92354,60.23212,307.97,0.41,0.37,"2026-09-18",2159,"N20","nominal","2.0NRT",288.52,1.4,"N"
"4103",46.83307,74.94988,299.45,0.62,0.54,"2026-09-18",2155,"N20","nominal","2.0NRT",279.78,1.87,"N"
"4104",34.37116,48.15554,296.61,0.35,0.56,"2026-09-18",2159,"N20","nominal","2.0NRT",281.51,1.15,"N"
"4105",46.82126,74.93429,349.78,0.62,0.54,"2026-09-18",2155,"N20","nominal","2.0NRT",283.36,29,"N"
"4106",34.35386,47.35951,295.86,0.38,0.59,"2026-09-18",2159,"N20","nominal","2.0NRT",271.93,1.95,"N"
"4107",43.91294,81.02323,296.96,0.71,0.75,"2026-09-18",2155,"N20","nominal","2.0NRT",280.67,1.16,"N"
"4108",34.12605,46.57451,303.02,0.43,0.62,"2026-09-18",2159,"N20","nominal","2.0NRT",285.67,1.24,"N"
"4109",48.5345,57.21778,326.75,0.53,0.42,"2026-09-18",2155,"N20","nominal","2.0NRT",284.66,3.17,"N"
"4110",34.13063,46.39664,301.13,0.44,0.62,"2026-09-18",2159,"N20","nominal","2.0NRT",286.02,0.65,"N"
"4111",48.53379,57.22492,316.78,0.53,0.42,"2026-09-18",2155,"N20","nominal","2.0NRT",285.6,3.17,"N"
"4112",48.53671,57.21912,301.51,0.53,0.42,"2026-09-18",2155,"N20","nominal","2.0NRT",282.88,0.92,"N"
"4113",33.04242,56.84892,324.88,0.39,0.36,"2026-09-18",2159,"N20","nominal","2.0NRT",297.29,2.26,"N"
"4114",48.53289,57.21819,329.63,0.53,0.42,"2026-09-18",2155,"N20","nominal","2.0NRT",284.07,3.67,"N"
"4115",34.04201,46.51091,299.7,0.43,0.62,"2026-09-18",2159,"N20","nominal","2.0NRT",288.03,1.08,"N"
"4116",48.53215,57.22532,301.18,0.53,0.42,"2026-09-18",2155,"N20","nominal","2.0NRT",283.95,1.78,"N"
"4117",48.47676,57.67755,327.65,0.5,0.41,"2026-09-18",2155,"N20","nominal","2.0NRT",284.96,3.55,"N"
"4118",34.04174,46.51526,302.4,0.43,0.62,"2026-09-18",2159,"N20","nominal","2.0NRT",287.49,0.98,"N"
"4119",48.3884,57.4228,312.13,0.51,0.41,"2026-09-18",2155,"N20","nominal","2.0NRT",284.79,15.28,"N"
"4120",15.71851,48.79571,317.61,0.57,0.43,"2026-09-18",2205,"N20","nominal","2.0NRT",292.63,2.41,"N"
"4121",34.03628,46.51077,302.91,0.43,0.62,"2026-09-18",2159,"N20","nominal","2.0NRT",286.85,1.08,"N"
"4122",48.38462,57.42189,353.18,0.51,0.41,"2026-09-18",2155,"N20","nominal","2.0NRT",291.77,15.28,"N"
"4123",15.7178,48.80093,314.99,0.57,0.43,"2026-09-18",2205,"N20","nominal","2.0NRT",293.58,3.15,"N"
"4124",34.03602,46.51517,304.56,0.43,0.62,"2026-09-18",2159,"N20","nominal","2.0NRT",286.62,0.98,"N"
"4125",48.32949,57.43012,308.43,0.51,0.41,"2026-09-18",2155,"N20","nominal","2.0NRT",283.57,1.03,"N"
"4126",15.59721,49.13049,309.58,0.54,0.42,"2026-09-18",2205,"N20","nominal","2.0NRT",293.47,0.53,"N"
"4127",33.91292,46.22391,305.38,0.44,0.63,"2026-09-18",2201,"N20","nominal","2.0NRT",281.6,2.3,"N"
"4128",48.30969,57.39617,297.94,0.52,0.41,"2026-09-18",2155,"N20","nominal","2.0NRT",283.17,0.36,"N"
"4129",15.59628,49.12803,307.37,0.54,0.42,"2026-09-18",2205,"N20","nominal","2.0NRT",293.1,1.1,"N"
"4130",33.69696,46.22591,306.03,0.44,0.62,"2026-09-18",2201,"N20","nominal","2.0NRT",291.55,0.68,"N"
"4131",48.3059,57.39527,321.94,0.52,0.41,"2026-09-18",2155,"N20","nominal","2.0NRT",283.85,1.71,"N"
"4132",33.71265,45.59345,308.6,0.48,0.65,"2026-09-18",2201,"N20","nominal","2.0NRT",293.95,8,"N"
"4133",15.6142,46.0106,308.61,0.57,0.52,"2026-09-18",2205,"N20","nominal","2.0NRT",293.67,2.12,"N"
"4134",48.30765,57.3903,318.61,0.52,0.41,"2026-09-18",2155,"N20","nominal","2.0NRT",283.47,1.54,"N"
"4135",33.69666,46.22449,315.58,0.44,0.62,"2026-09-18",2201,"N20","nominal","2.0NRT",292.13,1.58,"N"
"4136",15.58113,45.79819,305.98,0.59,0.53,"2026-09-18",2205,"N20","nominal","2.0NRT",289.87,1.92,"N"
"4137",48.30692,57.39725,301.75,0.51,0.41,"2026-09-18",2155,"N20","nominal","2.0NRT",284.13,1.54,"N"
"4138",33.1074,52.05913,303.51,0.4,0.44,"2026-09-18",2201,"N20","nominal","2.0NRT",287.95,0.92,"N"
"4139",48.29409,57.40851,308.48,0.51,0.41,"2026-09-18",2155,"N20","nominal","2.0NRT",283.22,0.98,"N"
"4140",15.58158,45.80178,306.64,0.59,0.53,"2026-09-18",2205,"N20","nominal","2.0NRT",290.66,1.77,"N"
"4141",48.27878,57.36953,327.08,0.52,0.41,"2026-09-18",2155,"N20","nominal","2.0NRT",283.04,4.77,"N"
"4142",33.37449,48.39839,306.68,0.33,0.55,"2026-09-18",2201,"N20","nominal","2.0NRT",291.12,0.97,"N"
"4143",12.85001,40.80738,298.78,0.59,0.7,"2026-09-18",2208,"N20","nominal","2.0NRT",285.92,7.86,"N"
"4144",33.10354,51.42792,297.33,0.44,0.46,"2026-09-18",2201,"N20","nominal","2.0NRT",287.26,0.58,"N"
"4145",48.26054,57.3583,295.74,0.52,0.41,"2026-09-18",2155,"N20","nominal","2.0NRT",282.37,1.07,"N"
"4146",12.84887,40.81796,299.02,0.58,0.7,"2026-09-18",2208,"N20","nominal","2.0NRT",286.8,9.7,"N"
"4147",32.73016,53.09136,303.76,0.53,0.42,"2026-09-18",2201,"N20","nominal","2.0NRT",290.36,1.19,"N"
"4148",48.24751,57.33402,316.25,0.52,0.41,"2026-09-18",2155,"N20","nominal","2.0NRT",281.86,1.7,"N"
"4149",32.87107,50.90085,301.37,0.46,0.47,"2026-09-18",2201,"N20","nominal","2.0NRT",283.39,1.09,"N"
"4150",9.81635,38.87402,300.8,0.73,0.76,"2026-09-18",2208,"N20","nominal","2.0NRT",281.31,1.25,"N"
"4151",48.23756,57.31733,327.82,0.52,0.41,"2026-09-18",2155,"N20","nominal","2.0NRT",282.35,3.59,"N"
"4152",33.32627,44.57057,325.07,0.55,0.68,"2026-09-18",2201,"N20","nominal","2.0NRT",295.09,2.59,"N"
"4153",9.81765,38.87207,295.41,0.73,0.76,"2026-09-18",2208,"N20","nominal","2.0NRT",280.84,1.22,"N"
"4154",48.23399,57.35225,327.91,0.52,0.41,"2026-09-18",2155,"N20","nominal","2.0NRT",287.43,11.53,"N"
"4155",48.504,44.61969,311.56,0.65,0.73,"2026-09-18",2155,"N20","nominal","2.0NRT",282.96,1.74,"N"
"4156",33.32656,44.56458,312.91,0.55,0.68,"2026-09-18",2201,"N20","nominal","2.0NRT",293.29,2.59,"N"
"4157",47.88112,57.45919,334.22,0.51,0.41,"2026-09-18",2155,"N20","nominal","2.0NRT",286.34,10.18,"N"
"4158",32.78299,51.50603,308.61,0.43,0.46,"2026-09-18",2201,"N20","nominal","2.0NRT",295.09,1.76,"N"
"4159",48.5092,44.62366,303.45,0.65,0.73,"2026-09-18",2155,"N20","nominal","2.0NRT",281.72,1.08,"N"
"4160",32.77879,51.50549,311.1,0.43,0.46,"2026-09-18",2201,"N20","nominal","2.0NRT",295.58,1.76,"N"
"4161",42.91404,74.87073,316.66,0.4,0.6,"2026-09-18",2157,"N20","nominal","2.0NRT",285.74,2.08,"N"
"4162",46.1805,53.39466,298.36,0.48,0.48,"2026-09-18",2157,"N20","nominal","2.0NRT",286.89,0.24,"N"
"4163",33.28201,44.42833,308.02,0.56,0.68,"2026-09-18",2201,"N20","nominal","2.0NRT",296.58,2.51,"N"
"4164",46.137,53.37487,301.91,0.48,0.48,"2026-09-18",2157,"N20","nominal","2.0NRT",287.41,1.67,"N"
"4165",33.22287,44.76317,351.38,0.53,0.67,"2026-09-18",2201,"N20","nominal","2.0NRT",298.84,4.79,"N"
"4166",43.94107,67.32594,302.8,0.51,0.41,"2026-09-18",2157,"N20","nominal","2.0NRT",285.38,1.22,"N"
"4167",33.21663,44.76267,305.24,0.53,0.67,"2026-09-18",2201,"N20","nominal","2.0NRT",294.54,4.79,"N"
"4168",45.89907,53.29269,299.39,0.48,0.48,"2026-09-18",2157,"N20","nominal","2.0NRT",286.64,0.57,"N"
"4169",33.21861,44.76104,351.2,0.53,0.67,"2026-09-18",2201,"N20","nominal","2.0NRT",297.07,8.02,"N"
"4170",45.89861,53.29898,305.37,0.48,0.48,"2026-09-18",2157,"N20","nominal","2.0NRT",287.05,0.57,"N"
"4171",33.16108,44.78558,306.98,0.53,0.67,"2026-09-18",2201,"N20","nominal","2.0NRT",293.71,1.35,"N"
"4172",45.89462,53.29197,306.24,0.48,0.48,"2026-09-18",2157,"N20","nominal","2.0NRT",286.31,1.74,"N"
"4173",32.39282,53.75464,325.88,0.49,0.4,"2026-09-18",2201,"N20","nominal","2.0NRT",298.52,4.59,"N"
"4174",45.89415,53.29826,311.52,0.48,0.48,"2026-09-18",2157,"N20","nominal","2.0NRT",287.66,1.74,"N"
"4175",32.39661,53.72365,311.94,0.49,0.4,"2026-09-18",2201,"N20","nominal","2.0NRT",293.44,1.59,"N"
"4176",45.89607,53.29861,326.5,0.48,0.48,"2026-09-18",2157,"N20","nominal","2.0NRT",289.62,2.59,"N"
"4177",32.33678,54.08738,306.73,0.47,0.4,"2026-09-18",2201,"N20","nominal","2.0NRT",290.13,0.96,"N"
"4178",45.89656,53.29232,299.31,0.48,0.48,"2026-09-18",2157,"N20","nominal","2.0NRT",286.64,1.6,"N"
"4179",32.57791,51.58031,307.66,0.42,0.45,"2026-09-18",2201,"N20","nominal","2.0NRT",293.13,1.18,"N"
"4180",42.93243,71.28157,312.08,0.54,0.5,"2026-09-18",2157,"N20","nominal","2.0NRT",287.23,1.52,"N"
"4181",45.22838,53.6664,297.3,0.46,0.47,"2026-09-18",2157,"N20","nominal","2.0NRT",286.31,0.41,"N"
"4182",32.40959,51.51738,320.89,0.42,0.45,"2026-09-18",2201,"N20","nominal","2.0NRT",293.87,2,"N"
"4183",42.31216,69.53981,337.69,0.46,0.47,"2026-09-18",2157,"N20","nominal","2.0NRT",288.38,4.41,"N"
"4184",32.43037,51.313,303.52,0.43,0.46,"2026-09-18",2201,"N20","nominal","2.0NRT",289.9,1.63,"N"
"4185",45.00084,48.47248,308.26,0.41,0.6,"2026-09-18",2157,"N20","nominal","2.0NRT",288.22,0.9,"N"
"4186",32.42991,51.31762,310.83,0.43,0.46,"2026-09-18",2201,"N20","nominal","2.0NRT",290.18,1.5,"N"
"4187",45.00066,48.47775,310.99,0.41,0.6,"2026-09-18",2157,"N20","nominal","2.0NRT",288.98,0.9,"N"
"4188",32.42616,51.31233,303.77,0.43,0.46,"2026-09-18",2201,"N20","nominal","2.0NRT",291.5,1.63,"N"
"4189",45.01185,45.1217,311.51,0.6,0.7,"2026-09-18",2157,"N20","nominal","2.0NRT",282.4,1.36,"N"
"4190",32.42569,51.31695,305.26,0.43,0.46,"2026-09-18",2201,"N20","nominal","2.0NRT",292.12,1.5,"N"
"4191",44.91715,48.95619,325.74,0.39,0.59,"2026-09-18",2157,"N20","nominal","2.0NRT",290.3,1.97,"N"
"4192",32.42654,51.31044,303.71,0.43,0.46,"2026-09-18",2201,"N20","nominal","2.0NRT",292.02,1.2,"N"
"4193",44.91376,45.28276,303.24,0.59,0.7,"2026-09-18",2157,"N20","nominal","2.0NRT",283.74,1.14,"N"
"4194",32.42604,51.31505,305.65,0.43,0.46,"2026-09-18",2201,"N20","nominal","2.0NRT",292.53,1.2,"N"
"4195",43.7927,58.95987,296.92,0.41,0.37,"2026-09-18",2157,"N20","nominal","2.0NRT",285.6,0.37,"N"
"4196",43.79201,58.96499,300.63,0.41,0.37,"2026-09-18",2157,"N20","nominal","2.0NRT",284.77,0.48,"N"
"4197",32.40572,51.22292,301.97,0.44,0.46,"2026-09-18",2201,"N20","nominal","2.0NRT",288.45,1.15,"N"
"4198",41.45115,69.57908,328.94,0.48,0.48,"2026-09-18",2157,"N20","nominal","2.0NRT",288.66,2.19,"N"
"4199",32.84319,44.29057,305.42,0.56,0.69,"2026-09-18",2201,"N20","nominal","2.0NRT",293.83,1.48,"N"
"4200",41.45247,69.57351,300.26,0.48,0.48,"2026-09-18",2157,"N20","nominal","2.0NRT",287.11,2.19,"N"
"4201",32.25785,51.5267,324.8,0.42,0.45,"2026-09-18",2201,"N20","nominal","2.0NRT",288.56,2.46,"N"
"4202",40.56588,72.63466,299.43,0.36,0.57,"2026-09-18",2157,"N20","nominal","2.0NRT",288.3,0.7,"N"
"4203",40.5662,72.57117,298.73,0.36,0.57,"2026-09-18",2157,"N20","nominal","2.0NRT",288.15,1.18,"N"
"4204",32.62003,47.52646,307.71,0.36,0.57,"2026-09-18",2201,"N20","nominal","2.0NRT",296.45,0.53,"N"
"4205",41.04938,70.17075,313.41,0.53,0.5,"2026-09-18",2157,"N20","nominal","2.0NRT",288.58,3.58,"N"
"4206",32.59764,47.53994,348.28,0.36,0.57,"2026-09-18",2201,"N20","nominal","2.0NRT",296.5,3.35,"N"
"4207",41.04158,70.1825,300.67,0.53,0.5,"2026-09-18",2157,"N20","nominal","2.0NRT",288.02,1.05,"N"
"4208",41.03772,70.11946,300.65,0.52,0.5,"2026-09-18",2157,"N20","nominal","2.0NRT",285.71,0.6,"N"
"4209",32.48,49.02601,323.83,0.59,0.53,"2026-09-18",2201,"N20","nominal","2.0NRT",298.91,4.8,"N"
"4210",41.03759,70.11877,298.51,0.53,0.5,"2026-09-18",2157,"N20","nominal","2.0NRT",285.75,0.96,"N"
"4211",32.59735,47.54382,307.87,0.36,0.57,"2026-09-18",2201,"N20","nominal","2.0NRT",297.1,1.87,"N"
"4212",40.21299,72.70585,301.34,0.37,0.58,"2026-09-18",2157,"N20","nominal","2.0NRT",283.87,0.66,"N"
"4213",32.47518,49.02511,309.16,0.59,0.53,"2026-09-18",2201,"N20","nominal","2.0NRT",297.39,2.99,"N"
"4214",40.93385,69.64769,307.63,0.5,0.49,"2026-09-18",2157,"N20","nominal","2.0NRT",290.29,1.92,"N"
"4215",32.24883,51.4117,319.91,0.43,0.46,"2026-09-18",2201,"N20","nominal","2.0NRT",293.31,3.47,"N"
"4216",40.93169,69.64576,312.87,0.5,0.49,"2026-09-18",2157,"N20","nominal","2.0NRT",290.55,1.26,"N"
"4217",32.24371,51.42011,341,0.43,0.46,"2026-09-18",2201,"N20","nominal","2.0NRT",295.63,5.68,"N"
"4218",40.25533,72.19205,298.76,0.35,0.57,"2026-09-18",2157,"N20","nominal","2.0NRT",286.6,0.7,"N"
"4219",40.84544,69.74683,301.16,0.51,0.49,"2026-09-18",2157,"N20","nominal","2.0NRT",288.39,0.97,"N"
"4220",32.24276,51.4291,350.85,0.43,0.46,"2026-09-18",2201,"N20","nominal","2.0NRT",298.57,7.54,"N"
"4221",40.86287,69.53703,306.79,0.5,0.49,"2026-09-18",2157,"N20","nominal","2.0NRT",290.32,1.04,"N"
"4222",32.24323,51.42461,312.36,0.43,0.46,"2026-09-18",2201,"N20","nominal","2.0NRT",293.7,7.54,"N"
"4223",40.90396,69.12965,300.98,0.47,0.48,"2026-09-18",2157,"N20","nominal","2.0NRT",285.31,0.56,"N"
"4224",41.50791,64.5434,309.9,0.44,0.39,"2026-09-18",2157,"N20","nominal","2.0NRT",288.12,1.17,"N"
"4225",31.94054,54.04188,307.68,0.47,0.4,"2026-09-18",2201,"N20","nominal","2.0NRT",293.76,1.3,"N"
"4226",32.23857,51.42852,329.75,0.43,0.46,"2026-09-18",2201,"N20","nominal","2.0NRT",291.47,5.01,"N"
"4227",43.36393,46.80799,296.68,0.48,0.65,"2026-09-18",2157,"N20","nominal","2.0NRT",279.24,0.98,"N"
"4228",32.23951,51.41953,309.71,0.43,0.46,"2026-09-18",2201,"N20","nominal","2.0NRT",293.41,1.86,"N"
"4229",42.36999,58.81128,302.62,0.41,0.37,"2026-09-18",2157,"N20","nominal","2.0NRT",290.02,0.77,"N"
"4230",32.17386,51.88141,307.73,0.4,0.44,"2026-09-18",2201,"N20","nominal","2.0NRT",289.26,1.71,"N"
"4231",42.35715,58.82843,306.74,0.41,0.37,"2026-09-18",2157,"N20","nominal","2.0NRT",290.89,0.98,"N"
"4232",32.22042,51.39875,317.61,0.43,0.46,"2026-09-18",2201,"N20","nominal","2.0NRT",290.21,2.56,"N"
"4233",41.91291,60.01191,298.52,0.39,0.36,"2026-09-18",2157,"N20","nominal","2.0NRT",277.96,0.98,"N"
"4234",32.17391,51.84222,299.84,0.4,0.44,"2026-09-18",2201,"N20","nominal","2.0NRT",287.16,0.9,"N"
"4235",41.83474,60.14503,304.7,0.39,0.36,"2026-09-18",2157,"N20","nominal","2.0NRT",287.33,0.91,"N"
"4236",32.22128,51.13616,297.87,0.44,0.46,"2026-09-18",2201,"N20","nominal","2.0NRT",287.14,0.72,"N"
"4237",31.70467,55.44939,309.2,0.42,0.37,"2026-09-18",2201,"N20","nominal","2.0NRT",297.01,1.53,"N"
"4238",41.85942,59.91078,305.25,0.39,0.36,"2026-09-18",2157,"N20","nominal","2.0NRT",284.36,1.25,"N"
"4239",41.83767,60.01108,317.76,0.39,0.36,"2026-09-18",2157,"N20","nominal","2.0NRT",287.89,1.93,"N"
"4240",31.70552,55.44709,309.57,0.42,0.37,"2026-09-18",2201,"N20","nominal","2.0NRT",297.06,1.74,"N"
"4241",41.8145,60.1203,299.48,0.39,0.36,"2026-09-18",2157,"N20","nominal","2.0NRT",286.34,0.62,"N"
"4242",32.55669,47.09665,309.2,0.38,0.59,"2026-09-18",2201,"N20","nominal","2.0NRT",296.96,2.26,"N"
"4243",41.84182,59.86747,310.37,0.39,0.36,"2026-09-18",2157,"N20","nominal","2.0NRT",285.53,1.49,"N"
"4244",32.19588,51.18208,297.69,0.44,0.46,"2026-09-18",2201,"N20","nominal","2.0NRT",285.45,1.6,"N"
"4245",41.83453,59.87037,297.63,0.39,0.36,"2026-09-18",2157,"N20","nominal","2.0NRT",282.54,0.64,"N"
"4246",32.15911,51.20485,305.96,0.44,0.46,"2026-09-18",2201,"N20","nominal","2.0NRT",283.11,1.3,"N"
"4247",41.84383,59.55502,298.19,0.39,0.36,"2026-09-18",2157,"N20","nominal","2.0NRT",276.04,0.54,"N"
"4248",32.49419,47.2081,345.99,0.38,0.58,"2026-09-18",2201,"N20","nominal","2.0NRT",298.39,4.83,"N"
"4249",40.30455,67.65333,301.02,0.41,0.45,"2026-09-18",2157,"N20","nominal","2.0NRT",288.11,0.77,"N"
"4250",32.48876,47.20796,312.75,0.38,0.58,"2026-09-18",2201,"N20","nominal","2.0NRT",298.18,2.83,"N"
"4251",41.70835,59.87564,300.4,0.39,0.36,"2026-09-18",2157,"N20","nominal","2.0NRT",287.12,0.56,"N"
"4252",41.70314,59.86463,303.2,0.39,0.36,"2026-09-18",2157,"N20","nominal","2.0NRT",287.23,0.49,"N"
"4253",31.43555,56.48986,305.05,0.39,0.36,"2026-09-18",2201,"N20","nominal","2.0NRT",288.05,0.56,"N"
"4254",32.35889,47.69409,367,0.35,0.57,"2026-09-18",2201,"N20","high","2.0NRT",300.9,5.56,"N"
"4255",41.69172,59.8953,312.4,0.39,0.36,"2026-09-18",2157,"N20","nominal","2.0NRT",287.74,0.9,"N"
"4256",32.35804,47.70555,329.02,0.35,0.57,"2026-09-18",2201,"N20","nominal","2.0NRT",296.5,4.96,"N"
"4257",41.66175,59.93542,297.71,0.39,0.36,"2026-09-18",2157,"N20","nominal","2.0NRT",287.49,0.33,"N"
"4258",32.35776,47.70935,334.05,0.35,0.57,"2026-09-18",2201,"N20","nominal","2.0NRT",299.01,3.7,"N"
"4259",41.65215,59.88483,303.38,0.39,0.36,"2026-09-18",2157,"N20","nominal","2.0NRT",288.67,0.5,"N"
"4260",32.49272,45.66219,314.76,0.46,0.64,"2026-09-18",2201,"N20","nominal","2.0NRT",277.54,1.39,"N"
"4261",41.66394,59.7821,298.56,0.39,0.36,"2026-09-18",2157,"N20","nominal","2.0NRT",285.26,0.41,"N"
"4262",32.35917,47.69028,308.73,0.35,0.57,"2026-09-18",2201,"N20","nominal","2.0NRT",297.12,4.35,"N"
"4263",32.35861,47.69791,317.24,0.35,0.57,"2026-09-18",2201,"N20","nominal","2.0NRT",301.63,5.56,"N"
"4264",41.62681,60.03167,301.58,0.39,0.36,"2026-09-18",2157,"N20","nominal","2.0NRT",287.5,0.46,"N"
"4265",32.35281,47.7048,346.52,0.35,0.57,"2026-09-18",2201,"N20","nominal","2.0NRT",299.65,4.96,"N"
"4266",41.65378,59.82761,299.36,0.39,0.36,"2026-09-18",2157,"N20","nominal","2.0NRT",288.26,0.57,"N"
"4267",32.48682,45.66166,306.43,0.46,0.64,"2026-09-18",2201,"N20","nominal","2.0NRT",288.26,1.39,"N"
"4268",41.65048,59.82674,301.08,0.39,0.36,"2026-09-18",2157,"N20","nominal","2.0NRT",288.5,0.57,"N"
"4269",32.35253,47.70857,317.86,0.35,0.57,"2026-09-18",2201,"N20","nominal","2.0NRT",299.19,3.7,"N"
"4270",41.6498,59.83138,298.67,0.39,0.36,"2026-09-18",2157,"N20","nominal","2.0NRT",288.31,0.59,"N"
"4271",32.36954,47.4008,306.32,0.36,0.58,"2026-09-18",2201,"N20","nominal","2.0NRT",296.16,1.1,"N"
"4272",40.012,68.44391,311.76,0.46,0.47,"2026-09-18",2157,"N20","nominal","2.0NRT",288.87,1.5,"N"
"4273",32.36926,47.40475,313.6,0.36,0.58,"2026-09-18",2201,"N20","nominal","2.0NRT",296.74,1.1,"N"
"4274",41.63786,59.84257,302.14,0.39,0.36,"2026-09-18",2157,"N20","nominal","2.0NRT",286.22,0.69,"N"
"4275",41.62397,59.84372,297.08,0.39,0.36,"2026-09-18",2157,"N20","nominal","2.0NRT",286.73,0.36,"N"
"4276",31.62273,54.74158,308.07,0.44,0.38,"2026-09-18",2201,"N20","nominal","2.0NRT",293.94,0.85,"N"
"4277",32.34938,47.45792,324.21,0.36,0.58,"2026-09-18",2201,"N20","nominal","2.0NRT",296.3,2.19,"N"
"4278",41.60642,59.91594,301.05,0.39,0.36,"2026-09-18",2157,"N20","nominal","2.0NRT",287.53,0.54,"N"
"4279",31.89851,51.68372,299.23,0.41,0.45,"2026-09-18",2201,"N20","nominal","2.0NRT",285.58,0.75,"N"
"4280",41.58303,60.07265,297.55,0.39,0.36,"2026-09-18",2157,"N20","nominal","2.0NRT",287.42,0.4,"N"
"4281",32.25861,47.24755,328.17,0.37,0.58,"2026-09-18",2201,"N20","nominal","2.0NRT",296.37,2.01,"N"
"4282",40.1056,65.3396,306.56,0.5,0.41,"2026-09-18",2157,"N20","nominal","2.0NRT",291.78,1.09,"N"
"4283",32.42862,44.27385,304.81,0.56,0.69,"2026-09-18",2201,"N20","nominal","2.0NRT",294.09,1.17,"N"
"4284",32.25586,47.24773,328.24,0.37,0.58,"2026-09-18",2201,"N20","nominal","2.0NRT",296.27,2.11,"N"
"4285",40.10406,65.33793,303.46,0.5,0.41,"2026-09-18",2157,"N20","nominal","2.0NRT",291.82,1.11,"N"
"4286",32.1819,47.5161,330.84,0.36,0.57,"2026-09-18",2201,"N20","nominal","2.0NRT",295.77,2.76,"N"
"4287",40.05534,65.29066,304.75,0.49,0.41,"2026-09-18",2157,"N20","nominal","2.0NRT",292.66,1.9,"N"
"4288",32.18161,47.51993,350.21,0.36,0.57,"2026-09-18",2201,"N20","nominal","2.0NRT",298.76,2.76,"N"
"4289",40.4518,62.20619,301.28,0.4,0.37,"2026-09-18",2157,"N20","nominal","2.0NRT",286.43,0.47,"N"
"4290",32.17632,47.5194,321.57,0.36,0.57,"2026-09-18",2201,"N20","nominal","2.0NRT",296.95,2.76,"N"
"4291",39.20036,66.83786,304.17,0.4,0.44,"2026-09-18",2157,"N20","nominal","2.0NRT",290.99,1.28,"N"
"4292",32.17661,47.51554,311,0.36,0.57,"2026-09-18",2201,"N20","nominal","2.0NRT",296.2,2.76,"N"
"4293",39.61916,63.46229,298.76,0.43,0.38,"2026-09-18",2157,"N20","nominal","2.0NRT",286.83,0.51,"N"
"4294",32.15042,47.58165,318.33,0.35,0.57,"2026-09-18",2201,"N20","nominal","2.0NRT",295.36,1.71,"N"
"4295",39.18398,65.31555,305.5,0.51,0.41,"2026-09-18",2157,"N20","nominal","2.0NRT",286.71,0.68,"N"
"4296",32.13114,47.40475,331.29,0.36,0.58,"2026-09-18",2201,"N20","nominal","2.0NRT",296.76,3.55,"N"
"4297",38.32722,68.98778,303.26,0.54,0.5,"2026-09-18",2157,"N20","nominal","2.0NRT",291.13,1,"N"
"4298",32.13086,47.40865,318.12,0.36,0.58,"2026-09-18",2201,"N20","nominal","2.0NRT",297.2,3.1,"N"
"4299",40.25311,58.43839,302.7,0.4,0.37,"2026-09-18",2157,"N20","nominal","2.0NRT",288.01,0.58,"N"
"4300",32.12049,47.40353,344.57,0.36,0.58,"2026-09-18",2201,"N20","nominal","2.0NRT",296.63,7.91,"N"
"4301",39.17066,64.38808,303.6,0.47,0.4,"2026-09-18",2157,"N20","nominal","2.0NRT",286.23,0.77,"N"
"4302",32.12022,47.40742,346.83,0.36,0.58,"2026-09-18",2201,"N20","nominal","2.0NRT",305.7,11.22,"N"
"4303",38.91048,65.00708,309.71,0.5,0.41,"2026-09-18",2157,"N20","nominal","2.0NRT",287.87,1.23,"N"
"4304",32.11044,47.5464,367,0.36,0.57,"2026-09-18",2201,"N20","high","2.0NRT",299.87,4.79,"N"
"4305",39.28442,63.04723,313.38,0.42,0.38,"2026-09-18",2157,"N20","nominal","2.0NRT",288.59,1.36,"N"
"4306",32.12077,47.39962,306.19,0.36,0.58,"2026-09-18",2201,"N20","nominal","2.0NRT",295.8,7.91,"N"
"4307",39.25064,63.21085,310.83,0.43,0.38,"2026-09-18",2157,"N20","nominal","2.0NRT",288.48,1.64,"N"
"4308",32.11995,47.4113,318.69,0.36,0.58,"2026-09-18",2201,"N20","nominal","2.0NRT",299.57,11.22,"N"
"4309",39.25101,63.16988,295.93,0.43,0.38,"2026-09-18",2157,"N20","nominal","2.0NRT",285.79,0.84,"N"
"4310",32.11017,47.55029,308.32,0.36,0.57,"2026-09-18",2201,"N20","nominal","2.0NRT",298.1,4.79,"N"
"4311",38.68412,65.98395,299.28,0.56,0.43,"2026-09-18",2157,"N20","nominal","2.0NRT",286.7,1.79,"N"
"4312",32.13275,47.40641,338.13,0.36,0.58,"2026-09-18",2201,"N20","nominal","2.0NRT",296.89,3.33,"N"
"4313",38.68692,65.95141,306.91,0.56,0.43,"2026-09-18",2157,"N20","nominal","2.0NRT",288.98,1.49,"N"
"4314",32.12743,47.40586,308.85,0.36,0.58,"2026-09-18",2201,"N20","nominal","2.0NRT",297.6,2.4,"N"
"4315",39.18556,63.34598,303.67,0.43,0.38,"2026-09-18",2157,"N20","nominal","2.0NRT",287.6,0.83,"N"
"4316",32.12211,47.40525,322.61,0.36,0.58,"2026-09-18",2201,"N20","nominal","2.0NRT",297.15,2.4,"N"
"4317",39.1941,63.2812,299.14,0.43,0.38,"2026-09-18",2157,"N20","nominal","2.0NRT",286.9,0.49,"N"
"4318",39.1812,63.34984,308.22,0.43,0.38,"2026-09-18",2157,"N20","nominal","2.0NRT",287.03,0.83,"N"
"4319",32.12181,47.40914,339.14,0.36,0.58,"2026-09-18",2201,"N20","nominal","2.0NRT",300.86,2.97,"N"
"4320",39.15884,63.46827,300.15,0.44,0.38,"2026-09-18",2157,"N20","nominal","2.0NRT",287.25,0.71,"N"
"4321",32.11113,47.54787,353.9,0.36,0.57,"2026-09-18",2201,"N20","nominal","2.0NRT",299.85,5.86,"N"
"4322",39.19935,63.19516,302.16,0.43,0.38,"2026-09-18",2157,"N20","nominal","2.0NRT",286.95,0.77,"N"
"4323",32.12152,47.413,307.8,0.36,0.58,"2026-09-18",2201,"N20","nominal","2.0NRT",297.66,2.97,"N"
"4324",39.19662,63.20975,300.83,0.43,0.38,"2026-09-18",2157,"N20","nominal","2.0NRT",286.96,0.57,"N"
"4325",32.11143,47.54396,310.38,0.36,0.57,"2026-09-18",2201,"N20","nominal","2.0NRT",296.77,3.8,"N"
"4326",39.1783,63.30739,301.1,0.43,0.38,"2026-09-18",2157,"N20","nominal","2.0NRT",287.15,0.6,"N"
"4327",32.11679,47.40466,367,0.36,0.58,"2026-09-18",2201,"N20","high","2.0NRT",296.59,16.98,"N"
"4328",39.1717,63.28465,303.57,0.43,0.38,"2026-09-18",2157,"N20","nominal","2.0NRT",287.81,1.2,"N"
"4329",39.17422,63.28349,302.74,0.43,0.38,"2026-09-18",2157,"N20","nominal","2.0NRT",287.88,0.88,"N"
"4330",32.1165,47.40854,347.93,0.36,0.58,"2026-09-18",2201,"N20","nominal","2.0NRT",301.45,8.32,"N"
"4331",39.17332,63.28839,304.44,0.43,0.38,"2026-09-18",2157,"N20","nominal","2.0NRT",287.93,0.88,"N"
"4332",32.10586,47.54715,352.88,0.36,0.57,"2026-09-18",2201,"N20","nominal","2.0NRT",298.74,5.98,"N"
"4333",39.15352,63.37582,298.94,0.43,0.38,"2026-09-18",2157,"N20","nominal","2.0NRT",286.53,0.39,"N"
"4334",39.17819,63.22272,299.33,0.43,0.38,"2026-09-18",2157,"N20","nominal","2.0NRT",288.37,0.75,"N"
"4335",32.1162,47.41238,308.93,0.36,0.58,"2026-09-18",2201,"N20","nominal","2.0NRT",297.65,8.32,"N"
"4336",39.13168,63.47369,298.49,0.44,0.38,"2026-09-18",2157,"N20","nominal","2.0NRT",287.32,0.45,"N"
"4337",32.10616,47.54332,309.66,0.36,0.57,"2026-09-18",2201,"N20","nominal","2.0NRT",297.02,4.05,"N"
"4338",39.16846,63.25585,322.83,0.43,0.38,"2026-09-18",2157,"N20","nominal","2.0NRT",290.85,1.6,"N"
"4339",39.16936,63.25097,301.01,0.43,0.38,"2026-09-18",2157,"N20","nominal","2.0NRT",287.71,1.6,"N"
"4340",32.09377,47.42557,326.5,0.36,0.57,"2026-09-18",2201,"N20","nominal","2.0NRT",297.4,2.49,"N"
"4341",39.15668,63.31957,313.96,0.43,0.38,"2026-09-18",2157,"N20","nominal","2.0NRT",288.55,1.56,"N"
"4342",32.06046,47.44147,367,0.36,0.57,"2026-09-18",2201,"N20","high","2.0NRT",299.14,6.57,"N"
"4343",39.16413,63.25969,304.88,0.43,0.38,"2026-09-18",2157,"N20","nominal","2.0NRT",288.15,0.98,"N"
"4344",39.13149,63.41599,297.56,0.44,0.38,"2026-09-18",2157,"N20","nominal","2.0NRT",285.16,0.71,"N"
"4345",32.06075,47.43761,308.85,0.36,0.57,"2026-09-18",2201,"N20","nominal","2.0NRT",295.62,3.82,"N"
"4346",39.13057,63.42094,299.81,0.44,0.38,"2026-09-18",2157,"N20","nominal","2.0NRT",288.17,0.71,"N"
"4347",30.96886,56.45204,303.08,0.39,0.36,"2026-09-18",2201,"N20","nominal","2.0NRT",291.05,0.57,"N"
"4348",39.11684,63.33848,301.06,0.43,0.38,"2026-09-18",2157,"N20","nominal","2.0NRT",287.48,0.54,"N"
"4349",31.76355,49.15253,319.98,0.57,0.52,"2026-09-18",2201,"N20","nominal","2.0NRT",298.24,3.61,"N"
"4350",39.08812,63.49171,299.04,0.44,0.38,"2026-09-18",2157,"N20","nominal","2.0NRT",286.46,0.56,"N"
"4351",31.76352,49.15219,313.56,0.57,0.52,"2026-09-18",2201,"N20","nominal","2.0NRT",297.8,2.56,"N"
"4352",31.65251,49.26554,323.13,0.56,0.51,"2026-09-18",2201,"N20","nominal","2.0NRT",298.69,4.35,"N"
"4353",39.09492,63.43608,303.42,0.44,0.38,"2026-09-18",2157,"N20","nominal","2.0NRT",287.36,0.72,"N"
"4354",30.75527,56.65331,301.97,0.39,0.36,"2026-09-18",2201,"N20","nominal","2.0NRT",290.94,0.86,"N"
"4355",39.08653,63.48071,297.87,0.44,0.38,"2026-09-18",2157,"N20","nominal","2.0NRT",286.67,0.47,"N"
"4356",30.75466,56.65733,310.3,0.39,0.36,"2026-09-18",2201,"N20","nominal","2.0NRT",293.69,0.86,"N"
"4357",39.05859,63.55111,298.87,0.44,0.38,"2026-09-18",2157,"N20","nominal","2.0NRT",287.79,0.79,"N"
"4358",31.65135,49.26556,319.12,0.56,0.51,"2026-09-18",2201,"N20","nominal","2.0NRT",298.18,3.01,"N"
"4359",39.03775,63.60289,300.42,0.44,0.39,"2026-09-18",2157,"N20","nominal","2.0NRT",287.8,0.52,"N"
"4360",28.03937,69.66884,313.57,0.52,0.67,"2026-09-18",2201,"N20","nominal","2.0NRT",294.77,2.07,"N"
"4361",39.01506,63.70243,297,0.45,0.39,"2026-09-18",2157,"N20","nominal","2.0NRT",285.2,0.21,"N"
"4362",28.03806,69.6739,312.22,0.52,0.67,"2026-09-18",2201,"N20","nominal","2.0NRT",295,2.07,"N"
"4363",30.66529,56.61979,314.13,0.39,0.36,"2026-09-18",2201,"N20","nominal","2.0NRT",288.59,1.5,"N"
"4364",39.05669,63.44522,302.69,0.44,0.38,"2026-09-18",2157,"N20","nominal","2.0NRT",287.29,0.81,"N"
"4365",31.69481,47.25109,309.91,0.37,0.58,"2026-09-18",2201,"N20","nominal","2.0NRT",298.81,1.28,"N"
"4366",39.0058,63.53762,305.95,0.44,0.38,"2026-09-18",2157,"N20","nominal","2.0NRT",286.18,0.87,"N"
"4367",31.66366,47.51823,310.13,0.35,0.57,"2026-09-18",2201,"N20","nominal","2.0NRT",297.8,1.36,"N"
"4368",38.986,63.58442,301.54,0.44,0.39,"2026-09-18",2157,"N20","nominal","2.0NRT",286.55,0.7,"N"
"4369",31.65898,47.51014,317.6,0.35,0.57,"2026-09-18",2201,"N20","nominal","2.0NRT",296.47,3.22,"N"
"4370",38.97273,63.6548,300.97,0.45,0.39,"2026-09-18",2157,"N20","nominal","2.0NRT",286.34,0.34,"N"
"4371",31.6584,47.51766,314.3,0.35,0.57,"2026-09-18",2201,"N20","nominal","2.0NRT",296.69,1.36,"N"
"4372",38.9737,63.59121,299.11,0.44,0.39,"2026-09-18",2157,"N20","nominal","2.0NRT",287.42,0.58,"N"
"4373",30.7346,55.38618,317.24,0.41,0.37,"2026-09-18",2201,"N20","nominal","2.0NRT",290.95,1.61,"N"
"4374",38.97459,63.46991,308.78,0.44,0.38,"2026-09-18",2157,"N20","nominal","2.0NRT",289.22,1.71,"N"
"4375",30.49187,56.82055,306.42,0.39,0.36,"2026-09-18",2201,"N20","nominal","2.0NRT",292.17,1.12,"N"
"4376",38.90988,63.79084,300.04,0.45,0.39,"2026-09-18",2157,"N20","nominal","2.0NRT",286.21,0.58,"N"
"4377",31.41021,48.64934,311.51,0.6,0.53,"2026-09-18",2201,"N20","nominal","2.0NRT",295.95,1.66,"N"
"4378",40.77124,47.08402,300.85,0.45,0.63,"2026-09-18",2157,"N20","nominal","2.0NRT",286.63,0.5,"N"
"4379",38.87688,63.7697,297.28,0.45,0.39,"2026-09-18",2157,"N20","nominal","2.0NRT",284.52,0.46,"N"
"4380",31.40583,48.64235,309.94,0.6,0.53,"2026-09-18",2201,"N20","nominal","2.0NRT",297.08,1.47,"N"
"4381",38.87196,63.79515,300.07,0.45,0.39,"2026-09-18",2157,"N20","nominal","2.0NRT",286.2,0.81,"N"
"4382",31.40531,48.64873,308.94,0.6,0.53,"2026-09-18",2201,"N20","nominal","2.0NRT",296.95,1.47,"N"
"4383",38.35312,66.3157,300.51,0.39,0.44,"2026-09-18",2157,"N20","nominal","2.0NRT",288.97,0.8,"N"
"4384",30.3707,57.12047,299.57,0.38,0.36,"2026-09-18",2201,"N20","nominal","2.0NRT",287.92,0.58,"N"
"4385",31.40869,48.64271,307.94,0.6,0.53,"2026-09-18",2201,"N20","nominal","2.0NRT",297.13,2.38,"N"
"4386",38.45541,65.80368,303.92,0.55,0.43,"2026-09-18",2157,"N20","nominal","2.0NRT",289.53,1.13,"N"
"4387",31.40811,48.64907,314.52,0.6,0.53,"2026-09-18",2201,"N20","nominal","2.0NRT",296.74,2.97,"N"
"4388",38.84106,63.87769,296.33,0.46,0.39,"2026-09-18",2157,"N20","nominal","2.0NRT",285.99,0.32,"N"
"4389",31.32584,49.2798,319.28,0.55,0.51,"2026-09-18",2201,"N20","nominal","2.0NRT",297.8,3.2,"N"
"4390",38.45539,65.80304,304.74,0.56,0.43,"2026-09-18",2157,"N20","nominal","2.0NRT",289.08,1.77,"N"
"4391",31.32114,49.27911,335.26,0.55,0.51,"2026-09-18",2201,"N20","nominal","2.0NRT",299.39,6.49,"N"
"4392",38.8385,63.82074,305.43,0.45,0.39,"2026-09-18",2157,"N20","nominal","2.0NRT",286.4,0.91,"N"
"4393",31.43736,47.83406,330.9,0.34,0.56,"2026-09-18",2201,"N20","nominal","2.0NRT",296.43,1.77,"N"
"4394",38.83247,63.81341,299.72,0.45,0.39,"2026-09-18",2157,"N20","nominal","2.0NRT",286.31,0.65,"N"
"4395",31.30264,49.11516,324.86,0.56,0.52,"2026-09-18",2201,"N20","nominal","2.0NRT",298.21,2.52,"N"
"4396",38.053,67.26217,306.06,0.44,0.46,"2026-09-18",2157,"N20","nominal","2.0NRT",286.49,1.07,"N"
"4397",31.30861,48.77066,329,0.59,0.53,"2026-09-18",2201,"N20","nominal","2.0NRT",298.58,2.98,"N"
"4398",38.05186,67.2672,303.69,0.44,0.46,"2026-09-18",2157,"N20","nominal","2.0NRT",287.87,1.07,"N"
"4399",31.30375,48.77006,312.45,0.59,0.53,"2026-09-18",2201,"N20","nominal","2.0NRT",295.74,2.98,"N"
"4400",38.65274,63.97963,305.27,0.46,0.39,"2026-09-18",2157,"N20","nominal","2.0NRT",286.9,1.12,"N"
"4401",31.35279,47.8531,337.32,0.33,0.56,"2026-09-18",2201,"N20","nominal","2.0NRT",294.24,1.66,"N"
"4402",37.84809,67.55138,302.42,0.46,0.47,"2026-09-18",2157,"N20","nominal","2.0NRT",288.08,0.82,"N"
"4403",31.35251,47.85664,305.8,0.33,0.56,"2026-09-18",2201,"N20","nominal","2.0NRT",294.88,1.66,"N"
"4404",37.84982,67.55587,297.91,0.46,0.47,"2026-09-18",2157,"N20","nominal","2.0NRT",287.62,0.28,"N"
"4405",31.24564,49.16193,312.42,0.56,0.51,"2026-09-18",2201,"N20","nominal","2.0NRT",297.25,2.12,"N"
"4406",40.07423,52.81446,315.02,0.44,0.46,"2026-09-18",2157,"N20","nominal","2.0NRT",291.09,1.32,"N"
"4407",31.27773,48.72884,322.37,0.59,0.53,"2026-09-18",2201,"N20","nominal","2.0NRT",301.13,5.29,"N"
"4408",38.40392,64.41151,300.67,0.48,0.4,"2026-09-18",2157,"N20","nominal","2.0NRT",286.23,0.84,"N"
"4409",31.35567,47.85319,334.73,0.33,0.56,"2026-09-18",2201,"N20","nominal","2.0NRT",293.49,2.32,"N"
"4410",38.40126,64.40871,301.39,0.48,0.4,"2026-09-18",2157,"N20","nominal","2.0NRT",285.41,0.68,"N"
"4411",31.35537,47.85674,322.24,0.33,0.56,"2026-09-18",2201,"N20","nominal","2.0NRT",295.51,2.32,"N"
"4412",40.07575,52.81277,302.78,0.44,0.46,"2026-09-18",2157,"N20","nominal","2.0NRT",290.54,1.14,"N"
"4413",31.27975,48.72807,318.23,0.59,0.53,"2026-09-18",2201,"N20","nominal","2.0NRT",299.78,5.11,"N"
"4414",40.07149,52.8121,315.64,0.44,0.46,"2026-09-18",2157,"N20","nominal","2.0NRT",290.96,1.14,"N"
"4415",31.26944,48.73315,312.38,0.59,0.53,"2026-09-18",2201,"N20","nominal","2.0NRT",302.2,6.51,"N"
"4416",38.4314,64.19596,297.75,0.47,0.4,"2026-09-18",2157,"N20","nominal","2.0NRT",286.29,0.51,"N"
"4417",31.24232,48.97875,307.87,0.57,0.52,"2026-09-18",2201,"N20","nominal","2.0NRT",295.24,1.57,"N"
"4418",40.22195,49.55291,304.41,0.33,0.55,"2026-09-18",2157,"N20","nominal","2.0NRT",289.42,0.74,"N"
"4419",31.23643,48.99024,326.11,0.57,0.52,"2026-09-18",2201,"N20","nominal","2.0NRT",296.66,3.33,"N"
"4420",40.2243,49.55484,306.43,0.33,0.55,"2026-09-18",2157,"N20","nominal","2.0NRT",289.95,0.44,"N"
"4421",31.2109,49.21561,339.96,0.55,0.51,"2026-09-18",2201,"N20","nominal","2.0NRT",300.02,10.46,"N"
"4422",38.21005,64.73862,301.04,0.5,0.41,"2026-09-18",2157,"N20","nominal","2.0NRT",286.01,0.8,"N"
"4423",31.3243,47.7921,306.46,0.34,0.56,"2026-09-18",2201,"N20","nominal","2.0NRT",292.96,0.45,"N"
"4424",40.19915,49.46513,299.48,0.33,0.55,"2026-09-18",2157,"N20","nominal","2.0NRT",288.29,0.5,"N"
"4425",31.22587,48.94604,319.03,0.57,0.52,"2026-09-18",2201,"N20","nominal","2.0NRT",298.77,3.63,"N"
"4426",38.16525,64.59365,299.1,0.5,0.41,"2026-09-18",2157,"N20","nominal","2.0NRT",286.06,0.83,"N"
"4427",30.36863,56.12657,303.95,0.39,0.36,"2026-09-18",2201,"N20","nominal","2.0NRT",289.78,0.74,"N"
"4428",38.11839,64.70896,299.14,0.5,0.41,"2026-09-18",2157,"N20","nominal","2.0NRT",286.2,1.03,"N"
"4429",31.21092,48.95034,356.28,0.57,0.52,"2026-09-18",2201,"N20","nominal","2.0NRT",304.36,18.65,"N"
"4430",38.12004,64.71372,302.09,0.5,0.41,"2026-09-18",2157,"N20","nominal","2.0NRT",286.47,0.95,"N"
"4431",31.30339,47.79332,319.25,0.34,0.56,"2026-09-18",2201,"N20","nominal","2.0NRT",294.92,2.82,"N"
"4432",38.08835,64.87206,298.53,0.51,0.41,"2026-09-18",2157,"N20","nominal","2.0NRT",286.78,0.64,"N"
"4433",31.27799,48.10801,307.03,0.32,0.55,"2026-09-18",2201,"N20","nominal","2.0NRT",287.66,1.06,"N"
"4434",31.27771,48.11142,309.52,0.32,0.55,"2026-09-18",2201,"N20","nominal","2.0NRT",286.63,10.19,"N"
"4435",37.96656,65.00369,297.49,0.52,0.42,"2026-09-18",2157,"N20","nominal","2.0NRT",287.41,0.66,"N"
"4436",31.27743,48.11485,315.21,0.32,0.55,"2026-09-18",2201,"N20","nominal","2.0NRT",290.32,10.19,"N"
"4437",31.27715,48.11826,308.35,0.32,0.55,"2026-09-18",2201,"N20","nominal","2.0NRT",288.28,2.84,"N"
"4438",37.88621,65.08896,300.9,0.53,0.42,"2026-09-18",2157,"N20","nominal","2.0NRT",287,0.8,"N"
"4439",31.27687,48.12167,300.69,0.32,0.55,"2026-09-18",2201,"N20","nominal","2.0NRT",284.84,2.84,"N"
"4440",37.83176,65.17774,305,0.53,0.42,"2026-09-18",2159,"N20","nominal","2.0NRT",287.42,0.62,"N"
"4441",31.20612,48.94973,317.27,0.57,0.52,"2026-09-18",2201,"N20","nominal","2.0NRT",298.17,2.92,"N"
"4442",31.29823,47.79273,352.73,0.34,0.56,"2026-09-18",2201,"N20","nominal","2.0NRT",295.74,2.82,"N"
"4443",37.79057,65.35522,306.01,0.54,0.42,"2026-09-18",2159,"N20","nominal","2.0NRT",286.79,1.38,"N"
"4444",31.27265,48.11082,367,0.32,0.55,"2026-09-18",2201,"N20","high","2.0NRT",287.64,10.19,"N"
"4445",37.82548,65.16936,303.3,0.53,0.42,"2026-09-18",2159,"N20","nominal","2.0NRT",287.49,0.8,"N"
"4446",31.27237,48.11424,337.13,0.32,0.55,"2026-09-18",2201,"N20","nominal","2.0NRT",302.31,10.19,"N"
"4447",39.50935,54.33019,303.96,0.55,0.43,"2026-09-18",2159,"N20","nominal","2.0NRT",293.5,0.55,"N"
"4448",31.2721,48.11766,338.78,0.32,0.55,"2026-09-18",2201,"N20","nominal","2.0NRT",291.46,2.84,"N"
"4449",39.50972,54.32944,305.09,0.55,0.43,"2026-09-18",2159,"N20","nominal","2.0NRT",293.46,1.22,"N"
"4450",31.27321,48.10399,300.79,0.32,0.55,"2026-09-18",2201,"N20","nominal","2.0NRT",288.1,1.06,"N"
"4451",37.80247,65.1919,299.92,0.54,0.42,"2026-09-18",2159,"N20","nominal","2.0NRT",287.09,0.73,"N"
"4452",31.27293,48.10741,311.92,0.32,0.55,"2026-09-18",2201,"N20","nominal","2.0NRT",287.31,1.06,"N"
"4453",31.27182,48.12108,309.39,0.32,0.55,"2026-09-18",2201,"N20","nominal","2.0NRT",285.09,2.84,"N"
"4454",39.53207,53.40392,316.34,0.41,0.45,"2026-09-18",2159,"N20","nominal","2.0NRT",291.04,0.82,"N"
"4455",31.27154,48.12449,298.6,0.32,0.55,"2026-09-18",2201,"N20","nominal","2.0NRT",284.41,0.51,"N"
"4456",37.66565,65.28688,297.88,0.54,0.42,"2026-09-18",2159,"N20","nominal","2.0NRT",286.96,0.56,"N"
"4457",30.23352,56.90907,324.48,0.39,0.36,"2026-09-18",2201,"N20","nominal","2.0NRT",293.25,3.08,"N"
"4458",37.6647,65.28572,297.19,0.54,0.42,"2026-09-18",2159,"N20","nominal","2.0NRT",286.83,0.71,"N"
"4459",31.26788,48.10682,297.69,0.32,0.55,"2026-09-18",2201,"N20","nominal","2.0NRT",284.32,0.24,"N"
"4460",39.4687,53.17216,309.86,0.42,0.45,"2026-09-18",2159,"N20","nominal","2.0NRT",294.43,1.67,"N"
"4461",31.2676,48.11022,302.09,0.32,0.55,"2026-09-18",2201,"N20","nominal","2.0NRT",284.51,0.3,"N"
"4462",39.47967,52.69067,331.7,0.44,0.46,"2026-09-18",2159,"N20","nominal","2.0NRT",294.26,1.84,"N"
"4463",31.26732,48.11364,305.12,0.32,0.55,"2026-09-18",2201,"N20","nominal","2.0NRT",283.84,0.3,"N"
"4464",31.26704,48.11706,302.01,0.32,0.55,"2026-09-18",2201,"N20","nominal","2.0NRT",284.3,0.18,"N"
"4465",39.47307,52.71573,316.77,0.44,0.46,"2026-09-18",2159,"N20","nominal","2.0NRT",293.91,0.93,"N"
"4466",31.26676,48.12048,296.42,0.32,0.55,"2026-09-18",2201,"N20","nominal","2.0NRT",281.76,0.18,"N"
"4467",39.4744,52.65315,310.86,0.44,0.46,"2026-09-18",2159,"N20","nominal","2.0NRT",293.7,0.7,"N"
"4468",30.19427,57.1622,299.18,0.38,0.36,"2026-09-18",2201,"N20","nominal","2.0NRT",285.47,0.95,"N"
"4469",39.39997,53.18536,304.72,0.42,0.45,"2026-09-18",2159,"N20","nominal","2.0NRT",291.72,0.72,"N"
"4470",31.28375,47.71124,312.6,0.34,0.56,"2026-09-18",2201,"N20","nominal","2.0NRT",296.01,2.02,"N"
"4471",39.39857,53.18271,301.39,0.42,0.45,"2026-09-18",2159,"N20","nominal","2.0NRT",290.85,0.16,"N"
"4472",30.37974,55.86338,309.52,0.4,0.37,"2026-09-18",2201,"N20","nominal","2.0NRT",290.62,1.13,"N"
"4473",37.96047,62.66364,309.84,0.43,0.38,"2026-09-18",2159,"N20","nominal","2.0NRT",287.5,0.82,"N"
"4474",30.32642,56.22693,302.89,0.39,0.36,"2026-09-18",2201,"N20","nominal","2.0NRT",289.44,0.62,"N"
"4475",37.99057,61.88198,316.08,0.41,0.37,"2026-09-18",2159,"N20","nominal","2.0NRT",289,1.59,"N"
"4476",30.96765,51.13121,302.25,0.43,0.46,"2026-09-18",2201,"N20","nominal","2.0NRT",285.19,0.86,"N"
"4477",37.98642,61.8856,311.86,0.41,0.37,"2026-09-18",2159,"N20","nominal","2.0NRT",288.44,1.2,"N"
"4478",31.13964,49.31801,326.26,0.54,0.51,"2026-09-18",2201,"N20","nominal","2.0NRT",297.04,2.78,"N"
"4479",37.90582,61.98274,297.72,0.41,0.37,"2026-09-18",2159,"N20","nominal","2.0NRT",284.65,0.25,"N"
"4480",30.17725,57.16275,297.14,0.38,0.36,"2026-09-18",2201,"N20","nominal","2.0NRT",286.53,0.98,"N"
"4481",31.13494,49.31742,345.65,0.54,0.51,"2026-09-18",2201,"N20","nominal","2.0NRT",298.86,4.21,"N"
"4482",31.13442,49.32317,326.92,0.54,0.51,"2026-09-18",2201,"N20","nominal","2.0NRT",295.77,4.21,"N"
"4483",37.79937,62.54962,325.9,0.42,0.38,"2026-09-18",2159,"N20","nominal","2.0NRT",288.47,1.64,"N"
"4484",31.12973,49.32259,325.55,0.54,0.51,"2026-09-18",2201,"N20","nominal","2.0NRT",297.77,4.21,"N"
"4485",37.79596,62.54864,314.73,0.42,0.38,"2026-09-18",2159,"N20","nominal","2.0NRT",285.16,1.64,"N"
"4486",31.13024,49.31685,318.54,0.54,0.51,"2026-09-18",2201,"N20","nominal","2.0NRT",297.98,4.21,"N"
"4487",37.79089,62.53719,308.01,0.42,0.38,"2026-09-18",2159,"N20","nominal","2.0NRT",286.15,0.82,"N"
"4488",31.23851,47.96041,326.53,0.33,0.55,"2026-09-18",2201,"N20","nominal","2.0NRT",291.73,2.92,"N"
"4489",37.78748,62.53619,330.92,0.42,0.38,"2026-09-18",2159,"N20","nominal","2.0NRT",288.14,2.97,"N"
"4490",31.23823,47.96389,344.71,0.33,0.55,"2026-09-18",2201,"N20","nominal","2.0NRT",296.42,2.92,"N"
"4491",37.78241,62.52475,299.24,0.42,0.38,"2026-09-18",2159,"N20","nominal","2.0NRT",285.01,0.67,"N"
"4492",31.13236,49.32362,340.65,0.54,0.51,"2026-09-18",2201,"N20","nominal","2.0NRT",297.44,5.14,"N"
"4493",31.13292,49.3179,309.31,0.54,0.51,"2026-09-18",2201,"N20","nominal","2.0NRT",297.58,2.56,"N"
"4494",37.77792,62.10356,307.62,0.41,0.37,"2026-09-18",2159,"N20","nominal","2.0NRT",288.22,1.12,"N"
"4495",31.12822,49.31734,315.33,0.54,0.51,"2026-09-18",2201,"N20","nominal","2.0NRT",297.35,2.56,"N"
"4496",37.77769,62.02608,302.45,0.41,0.37,"2026-09-18",2159,"N20","nominal","2.0NRT",285.87,0.72,"N"
"4497",31.24051,47.96309,308.29,0.33,0.55,"2026-09-18",2201,"N20","nominal","2.0NRT",292.97,1.95,"N"
"4498",37.77687,62.03068,300.46,0.41,0.37,"2026-09-18",2159,"N20","nominal","2.0NRT",286.13,0.64,"N"
"4499",31.23541,47.9625,367,0.33,0.55,"2026-09-18",2201,"N20","high","2.0NRT",294.25,2.74,"N"
"4500",37.84534,61.60614,301.45,0.4,0.37,"2026-09-18",2159,"N20","nominal","2.0NRT",287.93,0.85,"N"
"4501",31.23512,47.96598,305.34,0.33,0.55,"2026-09-18",2201,"N20","nominal","2.0NRT",294.34,2.74,"N"
"4502",37.74511,62.12819,316.86,0.41,0.37,"2026-09-18",2159,"N20","nominal","2.0NRT",288.8,1.6,"N"
"4503",31.3594,45.95951,323.13,0.43,0.62,"2026-09-18",2201,"N20","nominal","2.0NRT",291.59,2.68,"N"
"4504",37.74028,62.07557,307.56,0.41,0.37,"2026-09-18",2159,"N20","nominal","2.0NRT",287.49,1.47,"N"
"4505",31.3591,45.96412,332.61,0.43,0.62,"2026-09-18",2201,"N20","nominal","2.0NRT",296.54,2.68,"N"
"4506",37.72606,62.09576,322.97,0.41,0.37,"2026-09-18",2159,"N20","nominal","2.0NRT",288.66,2.32,"N"
"4507",31.03773,49.81876,314.46,0.51,0.49,"2026-09-18",2201,"N20","nominal","2.0NRT",299.26,3.53,"N"
"4508",37.75162,61.85257,308.09,0.41,0.37,"2026-09-18",2159,"N20","nominal","2.0NRT",285.99,1.01,"N"
"4509",29.47535,60.80851,301.82,0.46,0.39,"2026-09-18",2201,"N20","nominal","2.0NRT",288.5,0.96,"N"
"4510",39.29689,48.69618,299.5,0.36,0.57,"2026-09-18",2159,"N20","nominal","2.0NRT",288.3,0.23,"N"
"4511",30.99741,49.95097,322.04,0.5,0.49,"2026-09-18",2201,"N20","nominal","2.0NRT",298.1,2.59,"N"
"4512",37.74653,61.84158,301.25,0.41,0.37,"2026-09-18",2159,"N20","nominal","2.0NRT",288.66,0.86,"N"
"4513",31.16105,48.05505,313.93,0.32,0.55,"2026-09-18",2201,"N20","nominal","2.0NRT",292.05,1.66,"N"
"4514",37.6724,62.23635,306.98,0.42,0.38,"2026-09-18",2159,"N20","nominal","2.0NRT",285.63,1.16,"N"
"4515",31.38005,44.7252,303.52,0.52,0.66,"2026-09-18",2201,"N20","nominal","2.0NRT",293.02,1.06,"N"
"4516",37.66901,62.23538,311.61,0.42,0.38,"2026-09-18",2159,"N20","nominal","2.0NRT",285.44,1.16,"N"
"4517",31.04122,49.38683,310.45,0.54,0.51,"2026-09-18",2201,"N20","nominal","2.0NRT",296.42,1.5,"N"
"4518",37.79675,61.49566,317.48,0.4,0.37,"2026-09-18",2159,"N20","nominal","2.0NRT",288.48,1.56,"N"
"4519",31.14481,47.87076,311.94,0.33,0.55,"2026-09-18",2201,"N20","nominal","2.0NRT",288.38,0.93,"N"
"4520",37.6614,62.23809,312.39,0.42,0.38,"2026-09-18",2159,"N20","nominal","2.0NRT",287.72,1.03,"N"
"4521",30.21771,55.97905,300.76,0.4,0.37,"2026-09-18",2201,"N20","nominal","2.0NRT",288.26,1.15,"N"
"4522",37.65717,62.24178,308.59,0.42,0.38,"2026-09-18",2159,"N20","nominal","2.0NRT",286.29,1.18,"N"
"4523",30.21711,55.98312,313.98,0.4,0.37,"2026-09-18",2201,"N20","nominal","2.0NRT",289.76,1.15,"N"
"4524",37.6504,62.23984,296.09,0.42,0.38,"2026-09-18",2159,"N20","nominal","2.0NRT",285.16,0.38,"N"
"4525",30.21317,55.98657,301.51,0.4,0.37,"2026-09-18",2201,"N20","nominal","2.0NRT",288.46,0.76,"N"
"4526",37.63938,62.20246,306.75,0.42,0.37,"2026-09-18",2159,"N20","nominal","2.0NRT",285.64,0.89,"N"
"4527",31.14221,47.87017,320.25,0.33,0.55,"2026-09-18",2201,"N20","nominal","2.0NRT",289.98,1.42,"N"
"4528",31.09212,47.78597,334.4,0.34,0.56,"2026-09-18",2201,"N20","nominal","2.0NRT",291,4.44,"N"
"4529",37.63853,62.2071,303.34,0.42,0.37,"2026-09-18",2159,"N20","nominal","2.0NRT",286.21,0.67,"N"
"4530",31.09184,47.78953,354.26,0.34,0.56,"2026-09-18",2201,"N20","nominal","2.0NRT",300.57,4.34,"N"
"4531",38.25568,58.38845,311.72,0.39,0.36,"2026-09-18",2159,"N20","nominal","2.0NRT",293.08,1.94,"N"
"4532",31.09155,47.79308,308.98,0.34,0.56,"2026-09-18",2201,"N20","nominal","2.0NRT",293.1,4.34,"N"
"4533",37.63008,62.21445,302.62,0.42,0.37,"2026-09-18",2159,"N20","nominal","2.0NRT",288.62,0.91,"N"
"4534",31.08697,47.78539,301.14,0.34,0.56,"2026-09-18",2201,"N20","nominal","2.0NRT",289.86,4.44,"N"
"4535",37.62669,62.21349,312.5,0.42,0.37,"2026-09-18",2159,"N20","nominal","2.0NRT",288.6,1.37,"N"
"4536",31.08669,47.78895,304.36,0.34,0.56,"2026-09-18",2201,"N20","nominal","2.0NRT",291.14,4.34,"N"
"4537",37.62753,62.16979,326.66,0.42,0.37,"2026-09-18",2159,"N20","nominal","2.0NRT",288.08,2.25,"N"
"4538",30.96384,49.11783,319.58,0.56,0.51,"2026-09-18",2201,"N20","nominal","2.0NRT",294.72,1.47,"N"
"4539",37.62497,62.12526,314.6,0.42,0.37,"2026-09-18",2159,"N20","nominal","2.0NRT",288.43,1.38,"N"
"4540",31.08419,47.62188,367,0.34,0.56,"2026-09-18",2201,"N20","high","2.0NRT",294.56,7.71,"N"
"4541",37.62563,62.12315,301.35,0.42,0.37,"2026-09-18",2159,"N20","nominal","2.0NRT",285.81,0.82,"N"
"4542",31.08391,47.62551,350.8,0.34,0.56,"2026-09-18",2201,"N20","nominal","2.0NRT",299.08,7.71,"N"
"4543",37.62481,62.12778,300.69,0.42,0.37,"2026-09-18",2159,"N20","nominal","2.0NRT",288.51,0.9,"N"
"4544",31.08447,47.61824,302.77,0.34,0.56,"2026-09-18",2201,"N20","nominal","2.0NRT",291.86,2.92,"N"
"4545",37.61977,62.13607,307.48,0.42,0.37,"2026-09-18",2159,"N20","nominal","2.0NRT",289.16,1.02,"N"
"4546",31.08362,47.62914,306.43,0.34,0.56,"2026-09-18",2201,"N20","nominal","2.0NRT",289.51,3.85,"N"
"4547",37.61894,62.14071,303.54,0.42,0.37,"2026-09-18",2159,"N20","nominal","2.0NRT",288.03,1.02,"N"
"4548",31.07871,47.62492,305.32,0.34,0.56,"2026-09-18",2201,"N20","nominal","2.0NRT",293.44,7.71,"N"
"4549",37.65731,61.90512,303.34,0.41,0.37,"2026-09-18",2159,"N20","nominal","2.0NRT",286.49,1.23,"N"
"4550",30.95279,49.13422,308.06,0.56,0.51,"2026-09-18",2201,"N20","nominal","2.0NRT",295.57,1.08,"N"
"4551",37.65395,61.90417,306.66,0.41,0.37,"2026-09-18",2159,"N20","nominal","2.0NRT",287.04,1.23,"N"
"4552",30.94859,49.18098,316.51,0.55,0.51,"2026-09-18",2201,"N20","nominal","2.0NRT",296.21,1.31,"N"
"4553",37.62995,61.95988,301.93,0.41,0.37,"2026-09-18",2159,"N20","nominal","2.0NRT",287.65,0.73,"N"
"4554",31.06368,47.61587,349.49,0.34,0.56,"2026-09-18",2201,"N20","nominal","2.0NRT",298.46,3.08,"N"
"4555",37.6293,61.72538,307.09,0.41,0.37,"2026-09-18",2159,"N20","nominal","2.0NRT",287.31,0.5,"N"
"4556",31.06395,47.61224,314.18,0.34,0.56,"2026-09-18",2201,"N20","nominal","2.0NRT",292.94,3.08,"N"
"4557",38.22181,57.98779,323.66,0.4,0.37,"2026-09-18",2159,"N20","nominal","2.0NRT",292.8,1.03,"N"
"4558",30.8954,49.60876,319.07,0.52,0.5,"2026-09-18",2201,"N20","nominal","2.0NRT",301.29,3.1,"N"
"4559",38.68043,54.31317,318.11,0.54,0.42,"2026-09-18",2159,"N20","nominal","2.0NRT",292.67,1.58,"N"
"4560",31.06301,47.61309,330.64,0.34,0.56,"2026-09-18",2201,"N20","nominal","2.0NRT",291.66,3.82,"N"
"4561",38.26466,57.65775,312.05,0.41,0.37,"2026-09-18",2159,"N20","nominal","2.0NRT",295.98,1.19,"N"
"4562",31.06271,47.61673,347.92,0.34,0.56,"2026-09-18",2201,"N20","nominal","2.0NRT",295.76,3.82,"N"
"4563",38.21846,57.98702,304.2,0.4,0.37,"2026-09-18",2159,"N20","nominal","2.0NRT",289.33,1.03,"N"
"4564",31.00333,48.13598,321.94,0.32,0.54,"2026-09-18",2201,"N20","nominal","2.0NRT",294.89,1.57,"N"
"4565",38.19568,58.09858,307.35,0.4,0.37,"2026-09-18",2159,"N20","nominal","2.0NRT",289.92,1.29,"N"
"4566",38.14972,58.39356,306.42,0.39,0.36,"2026-09-18",2159,"N20","nominal","2.0NRT",292.6,0.96,"N"
"4567",31.00304,48.13935,327.41,0.32,0.54,"2026-09-18",2201,"N20","nominal","2.0NRT",296.98,1.57,"N"
"4568",38.19207,58.05114,315.26,0.4,0.37,"2026-09-18",2159,"N20","nominal","2.0NRT",292.72,1.55,"N"
"4569",31.02935,47.70402,331.51,0.34,0.56,"2026-09-18",2201,"N20","nominal","2.0NRT",289.4,2.07,"N"
"4570",38.64817,54.28196,331.76,0.54,0.42,"2026-09-18",2159,"N20","nominal","2.0NRT",293.68,4.31,"N"
"4571",30.92501,48.85248,317.31,0.58,0.52,"2026-09-18",2201,"N20","nominal","2.0NRT",296.35,3.3,"N"
"4572",37.55676,61.93444,303.08,0.41,0.37,"2026-09-18",2159,"N20","nominal","2.0NRT",287.9,0.74,"N"
"4573",30.92391,48.86463,311.6,0.58,0.52,"2026-09-18",2201,"N20","nominal","2.0NRT",297.13,1.48,"N"
"4574",37.61727,61.57534,299.85,0.4,0.37,"2026-09-18",2159,"N20","nominal","2.0NRT",286.07,1.34,"N"
"4575",29.95118,56.73307,302.55,0.39,0.36,"2026-09-18",2201,"N20","nominal","2.0NRT",288.76,0.84,"N"
"4576",37.6117,61.60681,309.14,0.4,0.37,"2026-09-18",2159,"N20","nominal","2.0NRT",287.65,2.35,"N"
"4577",29.94789,56.7324,303.13,0.39,0.36,"2026-09-18",2201,"N20","nominal","2.0NRT",289.64,0.85,"N"
"4578",37.61393,61.57441,323.13,0.4,0.37,"2026-09-18",2159,"N20","nominal","2.0NRT",290.55,1.34,"N"
"4579",31.03138,47.27959,341.75,0.36,0.57,"2026-09-18",2201,"N20","nominal","2.0NRT",295.82,2.52,"N"
"4580",37.60836,61.60589,337.63,0.4,0.37,"2026-09-18",2159,"N20","nominal","2.0NRT",291.11,2.35,"N"
"4581",31.03109,47.28339,315.47,0.36,0.57,"2026-09-18",2201,"N20","nominal","2.0NRT",298.13,2.52,"N"
"4582",37.61075,61.59239,297.15,0.4,0.37,"2026-09-18",2159,"N20","nominal","2.0NRT",286.49,0.69,"N"
"4583",37.61231,61.57579,323.32,0.4,0.37,"2026-09-18",2159,"N20","nominal","2.0NRT",290.58,1.57,"N"
"4584",29.92757,56.73232,320.77,0.39,0.36,"2026-09-18",2201,"N20","nominal","2.0NRT",292.93,2.52,"N"
"4585",38.17923,57.98471,302.63,0.4,0.37,"2026-09-18",2159,"N20","nominal","2.0NRT",289.64,0.63,"N"
"4586",30.76685,49.98652,310.77,0.49,0.49,"2026-09-18",2201,"N20","nominal","2.0NRT",298.07,2.03,"N"
"4587",37.60897,61.57486,310.42,0.4,0.37,"2026-09-18",2159,"N20","nominal","2.0NRT",287.15,1.57,"N"
"4588",30.08183,55.39932,338.85,0.41,0.37,"2026-09-18",2201,"N20","nominal","2.0NRT",292.68,5.91,"N"
"4589",38.64766,54.28089,329.25,0.54,0.42,"2026-09-18",2159,"N20","nominal","2.0NRT",293.29,3.18,"N"
"4590",30.71475,50.11768,315.97,0.48,0.48,"2026-09-18",2201,"N20","nominal","2.0NRT",299.43,2.16,"N"
"4591",37.59798,61.55769,327.82,0.4,0.37,"2026-09-18",2159,"N20","nominal","2.0NRT",288.98,2.78,"N"
"4592",30.7103,50.11704,309.04,0.48,0.48,"2026-09-18",2201,"N20","nominal","2.0NRT",297.52,2.16,"N"
"4593",37.80541,60.33064,305.56,0.39,0.36,"2026-09-18",2159,"N20","nominal","2.0NRT",288.81,1.02,"N"
"4594",29.99134,55.85494,333.35,0.4,0.37,"2026-09-18",2201,"N20","nominal","2.0NRT",292.71,12.36,"N"
"4595",37.59679,61.52441,321.33,0.4,0.37,"2026-09-18",2159,"N20","nominal","2.0NRT",288.56,1.97,"N"
"4596",29.99193,55.85091,306.87,0.4,0.37,"2026-09-18",2201,"N20","nominal","2.0NRT",286,0.83,"N"
"4597",37.59052,61.56034,318.47,0.4,0.37,"2026-09-18",2159,"N20","nominal","2.0NRT",288.31,1.68,"N"
"4598",29.98801,55.85428,330.58,0.4,0.37,"2026-09-18",2201,"N20","nominal","2.0NRT",291.18,12.36,"N"
"4599",37.59268,61.52797,333.38,0.4,0.37,"2026-09-18",2159,"N20","nominal","2.0NRT",290.68,4.2,"N"
"4600",29.98585,55.8456,296.16,0.4,0.37,"2026-09-18",2201,"N20","nominal","2.0NRT",285.25,0.44,"N"
"4601",37.58719,61.55942,300.64,0.4,0.37,"2026-09-18",2159,"N20","nominal","2.0NRT",287.45,0.5,"N"
"4602",30.72212,49.81814,338.29,0.5,0.49,"2026-09-18",2201,"N20","nominal","2.0NRT",298.8,8.84,"N"
"4603",37.58385,61.55849,303.53,0.4,0.37,"2026-09-18",2159,"N20","nominal","2.0NRT",287.04,0.5,"N"
"4604",30.72159,49.82353,333.68,0.5,0.49,"2026-09-18",2201,"N20","nominal","2.0NRT",305.36,8.84,"N"
"4605",37.58052,61.55756,322.78,0.4,0.37,"2026-09-18",2159,"N20","nominal","2.0NRT",286.95,2.01,"N"
"4606",37.50085,61.98813,303.57,0.41,0.37,"2026-09-18",2159,"N20","nominal","2.0NRT",287.11,0.92,"N"
"4607",30.99738,46.21672,311.72,0.42,0.61,"2026-09-18",2201,"N20","nominal","2.0NRT",295.26,1.55,"N"
"4608",37.42445,62.31261,327.33,0.42,0.38,"2026-09-18",2159,"N20","nominal","2.0NRT",289.12,3.08,"N"
"4609",30.86422,47.91923,336.01,0.33,0.55,"2026-09-18",2201,"N20","nominal","2.0NRT",298.18,2.07,"N"
"4610",37.48146,61.97785,300.29,0.41,0.37,"2026-09-18",2159,"N20","nominal","2.0NRT",285.62,0.56,"N"
"4611",30.86394,47.92268,313.44,0.33,0.55,"2026-09-18",2201,"N20","nominal","2.0NRT",297.44,2.07,"N"
"4612",37.49764,61.84785,326.13,0.41,0.37,"2026-09-18",2159,"N20","nominal","2.0NRT",291.53,3.04,"N"
"4613",30.71223,49.5369,332.95,0.52,0.5,"2026-09-18",2201,"N20","nominal","2.0NRT",298.19,4.38,"N"
"4614",37.73325,60.41579,304.76,0.39,0.36,"2026-09-18",2159,"N20","nominal","2.0NRT",287.87,0.61,"N"
"4615",30.71171,49.5424,321.34,0.52,0.5,"2026-09-18",2201,"N20","nominal","2.0NRT",298.9,3.47,"N"
"4616",37.44634,62.07434,298.06,0.42,0.37,"2026-09-18",2159,"N20","nominal","2.0NRT",286.33,0.57,"N"
"4617",30.88945,47.33285,306.89,0.36,0.57,"2026-09-18",2201,"N20","nominal","2.0NRT",292.63,0.88,"N"
"4618",37.39552,62.31419,305.78,0.42,0.38,"2026-09-18",2159,"N20","nominal","2.0NRT",288.24,0.62,"N"
"4619",30.88445,47.32851,346.01,0.36,0.57,"2026-09-18",2201,"N20","nominal","2.0NRT",293.18,5.07,"N"
"4620",37.724,60.36818,299.74,0.39,0.36,"2026-09-18",2159,"N20","nominal","2.0NRT",288.37,0.53,"N"
"4621",30.88417,47.33226,354.87,0.36,0.57,"2026-09-18",2201,"N20","nominal","2.0NRT",302.23,7.67,"N"
"4622",38.05993,58.16683,304.37,0.4,0.37,"2026-09-18",2159,"N20","nominal","2.0NRT",293.64,0.79,"N"
"4623",30.88474,47.32474,304.67,0.36,0.57,"2026-09-18",2201,"N20","nominal","2.0NRT",292.07,5.07,"N"
"4624",37.9486,58.58457,302.65,0.39,0.36,"2026-09-18",2159,"N20","nominal","2.0NRT",289.62,0.7,"N"
"4625",30.88388,47.33602,311.07,0.36,0.57,"2026-09-18",2201,"N20","nominal","2.0NRT",295.52,7.67,"N"
"4626",37.94795,58.58897,305.18,0.39,0.36,"2026-09-18",2159,"N20","nominal","2.0NRT",291.91,0.93,"N"
"4627",30.00265,55.19568,297.65,0.41,0.37,"2026-09-18",2201,"N20","nominal","2.0NRT",287.06,0.52,"N"
"4628",37.67268,60.34847,296.87,0.39,0.36,"2026-09-18",2159,"N20","nominal","2.0NRT",286.81,0.43,"N"
"4629",29.99925,55.19506,307.34,0.41,0.37,"2026-09-18",2201,"N20","nominal","2.0NRT",287.08,0.85,"N"
"4630",37.9413,58.56461,318.9,0.39,0.36,"2026-09-18",2159,"N20","nominal","2.0NRT",293.54,1.81,"N"
"4631",29.99525,55.19866,301.32,0.41,0.37,"2026-09-18",2201,"N20","nominal","2.0NRT",287.89,0.85,"N"
"4632",37.52784,61.048,303.33,0.39,0.37,"2026-09-18",2159,"N20","nominal","2.0NRT",288.95,0.93,"N"
"4633",30.75867,48.27599,342.21,0.62,0.54,"2026-09-18",2201,"N20","nominal","2.0NRT",299.98,6.31,"N"
"4634",37.62343,60.43954,298.35,0.39,0.36,"2026-09-18",2159,"N20","nominal","2.0NRT",287.46,0.4,"N"
"4635",30.7581,48.28253,321.49,0.62,0.54,"2026-09-18",2201,"N20","nominal","2.0NRT",299.07,8.39,"N"
"4636",37.6366,60.33908,320.18,0.39,0.36,"2026-09-18",2159,"N20","nominal","2.0NRT",288.52,2.48,"N"
"4637",30.75923,48.26943,308.36,0.62,0.54,"2026-09-18",2201,"N20","nominal","2.0NRT",296.03,6.31,"N"
"4638",37.51566,61.05853,298.17,0.39,0.37,"2026-09-18",2159,"N20","nominal","2.0NRT",288.08,0.41,"N"
"4639",30.83173,47.33155,367,0.36,0.57,"2026-09-18",2201,"N20","high","2.0NRT",299.64,6.39,"N"
"4640",37.51253,61.01627,323.57,0.39,0.37,"2026-09-18",2159,"N20","nominal","2.0NRT",290.94,1.89,"N"
"4641",30.75369,48.27539,333.47,0.62,0.54,"2026-09-18",2201,"N20","nominal","2.0NRT",310.05,28.28,"N"
"4642",37.61747,60.39279,301.54,0.39,0.36,"2026-09-18",2159,"N20","nominal","2.0NRT",288.52,1,"N"
"4643",30.75312,48.28193,345.92,0.62,0.54,"2026-09-18",2201,"N20","nominal","2.0NRT",304.22,8.18,"N"
"4644",37.50441,61.02329,320.45,0.39,0.37,"2026-09-18",2159,"N20","nominal","2.0NRT",289.59,2.05,"N"
"4645",30.83203,47.32781,309.76,0.36,0.57,"2026-09-18",2201,"N20","nominal","2.0NRT",294.61,6.39,"N"
"4646",37.22116,62.39872,301.77,0.43,0.38,"2026-09-18",2159,"N20","nominal","2.0NRT",285.38,0.61,"N"
"4647",30.75426,48.26884,318.69,0.62,0.54,"2026-09-18",2201,"N20","nominal","2.0NRT",296.48,28.28,"N"
"4648",37.40584,61.34103,309.75,0.4,0.37,"2026-09-18",2159,"N20","nominal","2.0NRT",287.09,1.45,"N"
"4649",30.75256,48.28845,309.46,0.62,0.54,"2026-09-18",2201,"N20","nominal","2.0NRT",296.24,8.18,"N"
"4650",37.34973,61.36304,321.86,0.4,0.37,"2026-09-18",2159,"N20","nominal","2.0NRT",287.62,2.21,"N"
"4651",30.82675,47.32723,367,0.36,0.57,"2026-09-18",2201,"N20","high","2.0NRT",300.24,6.39,"N"
"4652",37.82804,58.385,316.91,0.39,0.36,"2026-09-18",2159,"N20","nominal","2.0NRT",293.71,1.32,"N"
"4653",30.82646,47.33098,322.73,0.36,0.57,"2026-09-18",2201,"N20","nominal","2.0NRT",297.72,6.39,"N"
"4654",37.48661,60.45961,313.27,0.39,0.36,"2026-09-18",2159,"N20","nominal","2.0NRT",287.91,1.28,"N"
"4655",30.74871,48.27478,327.35,0.62,0.54,"2026-09-18",2201,"N20","nominal","2.0NRT",296.75,28.28,"N"
"4656",37.36646,61.05436,301.97,0.4,0.37,"2026-09-18",2159,"N20","nominal","2.0NRT",286.29,0.47,"N"
"4657",30.74815,48.28133,324.77,0.62,0.54,"2026-09-18",2201,"N20","nominal","2.0NRT",297.25,8.18,"N"
"4658",37.11807,62.36193,319.79,0.43,0.38,"2026-09-18",2159,"N20","nominal","2.0NRT",289.77,5.98,"N"
"4659",30.82705,47.32347,309.75,0.36,0.57,"2026-09-18",2201,"N20","nominal","2.0NRT",293.3,5.9,"N"
"4660",37.11379,62.36567,309.19,0.43,0.38,"2026-09-18",2159,"N20","nominal","2.0NRT",287.98,0.85,"N"
"4661",30.74928,48.26823,309.17,0.62,0.54,"2026-09-18",2201,"N20","nominal","2.0NRT",295.62,28.28,"N"
"4662",37.32987,61.08601,320.72,0.4,0.37,"2026-09-18",2159,"N20","nominal","2.0NRT",289.34,1.61,"N"
"4663",30.74759,48.28785,305.8,0.62,0.54,"2026-09-18",2201,"N20","nominal","2.0NRT",295.53,8.18,"N"
"4664",37.32836,61.09482,309.46,0.4,0.37,"2026-09-18",2159,"N20","nominal","2.0NRT",288.79,1.01,"N"
"4665",30.57369,49.91767,343.45,0.49,0.49,"2026-09-18",2201,"N20","nominal","2.0NRT",299.81,6.57,"N"
"4666",30.56436,50.01273,339.14,0.49,0.48,"2026-09-18",2201,"N20","nominal","2.0NRT",303.15,13.35,"N"
"4667",37.43797,60.40367,302.62,0.39,0.36,"2026-09-18",2159,"N20","nominal","2.0NRT",285.55,0.5,"N"
"4668",30.75303,47.66239,355.8,0.34,0.56,"2026-09-18",2201,"N20","nominal","2.0NRT",297.67,5.86,"N"
"4669",37.51203,59.78089,304.12,0.38,0.36,"2026-09-18",2159,"N20","nominal","2.0NRT",286.77,0.56,"N"
"4670",30.75275,47.66597,317.11,0.34,0.56,"2026-09-18",2201,"N20","nominal","2.0NRT",298.03,4.34,"N"
"4671",37.03574,62.41786,298.68,0.43,0.38,"2026-09-18",2159,"N20","nominal","2.0NRT",288.12,2.41,"N"
"4672",30.76789,47.332,322.36,0.35,0.57,"2026-09-18",2201,"N20","nominal","2.0NRT",298.18,1.6,"N"
"4673",37.03231,62.41688,327.07,0.43,0.38,"2026-09-18",2159,"N20","nominal","2.0NRT",290.93,2.94,"N"
"4674",30.76817,47.32825,309.02,0.35,0.57,"2026-09-18",2201,"N20","nominal","2.0NRT",296.75,1.6,"N"
"4675",37.35601,60.46511,306.04,0.39,0.36,"2026-09-18",2159,"N20","nominal","2.0NRT",288.1,0.78,"N"
"4676",30.76317,47.32391,337.65,0.36,0.57,"2026-09-18",2201,"N20","nominal","2.0NRT",297.69,3.9,"N"
"4677",37.17947,60.86582,301.08,0.39,0.36,"2026-09-18",2159,"N20","nominal","2.0NRT",284.96,0.53,"N"
"4678",30.76289,47.32766,310.01,0.35,0.57,"2026-09-18",2201,"N20","nominal","2.0NRT",296.97,1.6,"N"
"4679",37.27837,60.12755,299.88,0.39,0.36,"2026-09-18",2159,"N20","nominal","2.0NRT",286.22,0.44,"N"
"4680",30.76843,47.33025,335.16,0.35,0.57,"2026-09-18",2201,"N20","nominal","2.0NRT",297.37,4,"N"
"4681",37.3518,59.56553,307.29,0.38,0.36,"2026-09-18",2159,"N20","nominal","2.0NRT",290.6,0.86,"N"
"4682",30.41275,50.74839,327.82,0.44,0.46,"2026-09-18",2201,"N20","nominal","2.0NRT",299.39,3.14,"N"
"4683",37.21722,60.02014,302.38,0.39,0.36,"2026-09-18",2159,"N20","nominal","2.0NRT",287.71,0.77,"N"
"4684",30.39729,50.60638,328.32,0.45,0.47,"2026-09-18",2201,"N20","nominal","2.0NRT",297.74,3.72,"N"
"4685",37.21653,60.02443,307.72,0.39,0.36,"2026-09-18",2159,"N20","nominal","2.0NRT",288.39,0.62,"N"
"4686",30.39631,50.61589,338.8,0.45,0.47,"2026-09-18",2201,"N20","nominal","2.0NRT",298.16,4.66,"N"
"4687",37.45464,57.68577,320.07,0.4,0.37,"2026-09-18",2159,"N20","nominal","2.0NRT",292.71,1.67,"N"
"4688",30.39581,50.62069,335.37,0.45,0.47,"2026-09-18",2201,"N20","nominal","2.0NRT",297.51,6.47,"N"
"4689",37.47362,57.25397,298.63,0.41,0.37,"2026-09-18",2159,"N20","nominal","2.0NRT",287.54,0.43,"N"
"4690",30.3968,50.61113,315.6,0.45,0.47,"2026-09-18",2201,"N20","nominal","2.0NRT",297.55,4.66,"N"
"4691",37.34066,58.04676,302.53,0.39,0.37,"2026-09-18",2159,"N20","nominal","2.0NRT",286.45,1.12,"N"
"4692",30.68909,47.32523,367,0.35,0.57,"2026-09-18",2201,"N20","high","2.0NRT",297.3,11.4,"N"
"4693",37.33041,58.11737,296.32,0.39,0.36,"2026-09-18",2159,"N20","nominal","2.0NRT",284.06,0.57,"N"
"4694",30.6888,47.32897,336.27,0.35,0.57,"2026-09-18",2201,"N20","nominal","2.0NRT",312.16,14.45,"N"
"4695",36.47892,61.62229,304.7,0.41,0.37,"2026-09-18",2159,"N20","nominal","2.0NRT",287.67,2.97,"N"
"4696",30.68938,47.32149,309.82,0.35,0.57,"2026-09-18",2201,"N20","nominal","2.0NRT",296.79,11.4,"N"
"4697",36.44022,61.22012,314.88,0.4,0.37,"2026-09-18",2159,"N20","nominal","2.0NRT",291.56,1.17,"N"
"4698",30.68852,47.33271,311.82,0.35,0.57,"2026-09-18",2201,"N20","nominal","2.0NRT",296.54,14.45,"N"
"4699",36.30173,61.82056,303.54,0.42,0.38,"2026-09-18",2159,"N20","nominal","2.0NRT",287.4,0.54,"N"
"4700",30.63394,47.8908,305.81,0.33,0.55,"2026-09-18",2201,"N20","nominal","2.0NRT",295.59,0.72,"N"
"4701",33.8032,72.09807,303.19,0.51,0.66,"2026-09-18",2159,"N20","nominal","2.0NRT",290.48,0.72,"N"
"4702",29.70249,55.53259,318.93,0.4,0.37,"2026-09-18",2201,"N20","nominal","2.0NRT",289.9,0.99,"N"
"4703",35.99134,62.78075,296.67,0.45,0.39,"2026-09-18",2159,"N20","nominal","2.0NRT",284.65,0.4,"N"
"4704",36.48275,59.7491,310.69,0.39,0.36,"2026-09-18",2159,"N20","nominal","2.0NRT",289.25,1.84,"N"
"4705",29.70189,55.53671,304.44,0.4,0.37,"2026-09-18",2201,"N20","nominal","2.0NRT",289.95,0.99,"N"
"4706",33.80205,72.09599,301.54,0.51,0.66,"2026-09-18",2159,"N20","nominal","2.0NRT",289.86,1.04,"N"
"4707",30.34966,50.28901,328.34,0.47,0.48,"2026-09-18",2201,"N20","nominal","2.0NRT",299.02,2.06,"N"
"4708",36.9935,56.23052,305.7,0.43,0.38,"2026-09-18",2159,"N20","nominal","2.0NRT",289.55,0.8,"N"
"4709",30.30352,50.72882,307.45,0.44,0.46,"2026-09-18",2201,"N20","nominal","2.0NRT",293.58,1.15,"N"
"4710",36.47689,59.74323,298.75,0.39,0.36,"2026-09-18",2159,"N20","nominal","2.0NRT",287.91,0.59,"N"
"4711",30.30303,50.73344,309.19,0.44,0.46,"2026-09-18",2201,"N20","nominal","2.0NRT",294.15,1.37,"N"
"4712",35.90948,62.96523,298.64,0.46,0.39,"2026-09-18",2159,"N20","nominal","2.0NRT",285.66,0.75,"N"
"4713",30.61551,47.32204,327.7,0.35,0.57,"2026-09-18",2201,"N20","nominal","2.0NRT",297.09,2.25,"N"
"4714",35.88834,63.01724,296.28,0.47,0.39,"2026-09-18",2159,"N20","nominal","2.0NRT",284.28,0.6,"N"
"4715",37.75301,46.93025,296.52,0.44,0.62,"2026-09-18",2159,"N20","nominal","2.0NRT",284.4,0.45,"N"
"4716",30.61522,47.32577,322.08,0.35,0.57,"2026-09-18",2201,"N20","nominal","2.0NRT",299.1,2.25,"N"
"4717",36.42931,59.70055,296.85,0.39,0.36,"2026-09-18",2159,"N20","nominal","2.0NRT",285.32,0.65,"N"
"4718",30.34529,50.28828,307.94,0.47,0.48,"2026-09-18",2201,"N20","nominal","2.0NRT",296.9,2.06,"N"
"4719",30.60995,47.32519,332.35,0.35,0.57,"2026-09-18",2201,"N20","nominal","2.0NRT",298.92,1.8,"N"
"4720",30.61025,47.32146,314.36,0.35,0.57,"2026-09-18",2201,"N20","nominal","2.0NRT",297.23,1.8,"N"
"4721",30.60936,47.33264,317.84,0.35,0.57,"2026-09-18",2201,"N20","nominal","2.0NRT",297.23,2.35,"N"
"4722",30.29399,50.73713,307.02,0.44,0.46,"2026-09-18",2201,"N20","nominal","2.0NRT",291.28,0.57,"N"
"4723",30.5731,47.32114,318.57,0.35,0.57,"2026-09-18",2201,"N20","nominal","2.0NRT",297.55,2.03,"N"
"4724",30.56869,47.30937,322.11,0.35,0.57,"2026-09-18",2201,"N20","nominal","2.0NRT",298.08,1.7,"N"
"4725",30.56841,47.3131,315.35,0.35,0.57,"2026-09-18",2201,"N20","nominal","2.0NRT",299.24,1.7,"N"
"4726",30.562,47.32745,343.7,0.35,0.57,"2026-09-18",2201,"N20","nominal","2.0NRT",299.58,4.87,"N"
"4727",30.56058,47.34605,313.81,0.35,0.57,"2026-09-18",2201,"N20","nominal","2.0NRT",297.13,1.31,"N"
"4728",30.5603,47.34976,318.57,0.35,0.57,"2026-09-18",2201,"N20","nominal","2.0NRT",297.95,1.31,"N"
"4729",30.55747,47.38673,317.05,0.35,0.57,"2026-09-18",2201,"N20","nominal","2.0NRT",298.91,1.83,"N"
"4730",30.48374,48.24388,311.57,0.62,0.54,"2026-09-18",2201,"N20","nominal","2.0NRT",296.9,2.98,"N"
"4731",30.56841,47.09963,308.46,0.36,0.58,"2026-09-18",2201,"N20","nominal","2.0NRT",297.24,1.7,"N"
"4732",30.56812,47.10349,311.5,0.36,0.58,"2026-09-18",2201,"N20","nominal","2.0NRT",297.6,1.66,"N"
"4733",30.24657,50.73632,315.43,0.44,0.46,"2026-09-18",2201,"N20","nominal","2.0NRT",293.93,2.29,"N"
"4734",30.56307,47.09906,344.32,0.36,0.58,"2026-09-18",2201,"N20","nominal","2.0NRT",298.33,8.38,"N"
"4735",30.56279,47.1029,345.63,0.36,0.58,"2026-09-18",2201,"N20","nominal","2.0NRT",312.52,11.6,"N"
"4736",30.52478,47.60625,330.49,0.34,0.56,"2026-09-18",2201,"N20","nominal","2.0NRT",296.93,1.66,"N"
"4737",30.56335,47.09521,308.55,0.36,0.58,"2026-09-18",2201,"N20","nominal","2.0NRT",297.7,8.38,"N"
"4738",30.5625,47.10676,309.07,0.36,0.58,"2026-09-18",2201,"N20","nominal","2.0NRT",297.67,11.6,"N"
"4739",30.52451,47.60983,312.3,0.34,0.56,"2026-09-18",2201,"N20","nominal","2.0NRT",296.51,1.66,"N"
"4740",30.48241,48.24955,308.09,0.62,0.54,"2026-09-18",2201,"N20","nominal","2.0NRT",297.95,3.31,"N"
"4741",30.5283,47.60649,316.16,0.34,0.56,"2026-09-18",2201,"N20","nominal","2.0NRT",295.91,0.78,"N"
"4742",30.56473,47.09959,352.83,0.36,0.58,"2026-09-18",2201,"N20","nominal","2.0NRT",298.33,8.76,"N"
"4743",30.56442,47.10343,344.21,0.36,0.58,"2026-09-18",2201,"N20","nominal","2.0NRT",312.9,11.62,"N"
"4744",30.56503,47.09575,308.91,0.36,0.58,"2026-09-18",2201,"N20","nominal","2.0NRT",297.37,8.76,"N"
"4745",30.56411,47.10728,308.86,0.36,0.58,"2026-09-18",2201,"N20","nominal","2.0NRT",297.12,11.62,"N"
"4746",30.52313,47.60591,315.6,0.34,0.56,"2026-09-18",2201,"N20","nominal","2.0NRT",296.23,1.16,"N"
"4747",30.52283,47.60947,311.97,0.34,0.56,"2026-09-18",2201,"N20","nominal","2.0NRT",296.72,1.16,"N"
"4748",30.544,47.0896,322.62,0.36,0.58,"2026-09-18",2201,"N20","nominal","2.0NRT",297.22,1.58,"N"
"4749",30.56302,46.70134,312.92,0.39,0.59,"2026-09-18",2201,"N20","nominal","2.0NRT",296.96,0.84,"N"
"4750",30.55755,46.7008,313.5,0.39,0.59,"2026-09-18",2201,"N20","nominal","2.0NRT",296.46,0.84,"N"
"4751",30.47557,47.73954,318.85,0.33,0.55,"2026-09-18",2201,"N20","nominal","2.0NRT",297.01,1.71,"N"
"4752",30.49993,47.30944,311.63,0.35,0.57,"2026-09-18",2201,"N20","nominal","2.0NRT",297.58,1.01,"N"
"4753",30.47688,47.59707,307.15,0.34,0.56,"2026-09-18",2201,"N20","nominal","2.0NRT",295.66,1.44,"N"
"4754",30.47659,47.60065,312.21,0.34,0.56,"2026-09-18",2201,"N20","nominal","2.0NRT",296.58,1.53,"N"
"4755",30.49438,47.31259,331.6,0.35,0.57,"2026-09-18",2201,"N20","nominal","2.0NRT",298.7,5.44,"N"
"4756",30.49408,47.31633,367,0.35,0.57,"2026-09-18",2201,"N20","high","2.0NRT",303.44,9.2,"N"
"4757",30.58919,45.94011,324.87,0.43,0.62,"2026-09-18",2201,"N20","nominal","2.0NRT",294.01,1.92,"N"
"4758",30.58888,45.94462,309.61,0.43,0.62,"2026-09-18",2201,"N20","nominal","2.0NRT",294.79,1.92,"N"
"4759",29.51361,55.7999,305.47,0.4,0.37,"2026-09-18",2201,"N20","nominal","2.0NRT",291.84,0.46,"N"
"4760",30.41834,47.61199,339.21,0.34,0.56,"2026-09-18",2201,"N20","nominal","2.0NRT",298.08,3.92,"N"
"4761",30.41805,47.61557,308.24,0.34,0.56,"2026-09-18",2201,"N20","nominal","2.0NRT",297.82,2.48,"N"
"4762",30.42618,47.44238,307.84,0.35,0.56,"2026-09-18",2201,"N20","nominal","2.0NRT",297.26,0.89,"N"
"4763",30.36101,48.26117,307.64,0.62,0.54,"2026-09-18",2201,"N20","nominal","2.0NRT",297.48,2.61,"N"
"4764",30.35002,48.27293,310.79,0.62,0.54,"2026-09-18",2201,"N20","nominal","2.0NRT",299.98,5.39,"N"
"4765",30.15411,50.42116,312.52,0.46,0.47,"2026-09-18",2201,"N20","nominal","2.0NRT",300.28,3.25,"N"
"4766",29.88005,52.87061,299.39,0.5,0.41,"2026-09-18",2201,"N20","nominal","2.0NRT",288.25,0.89,"N"
"4767",29.87958,52.86904,298.17,0.5,0.41,"2026-09-18",2201,"N20","nominal","2.0NRT",287.78,0.98,"N"
"4768",30.15724,50.4199,310.82,0.46,0.47,"2026-09-18",2201,"N20","nominal","2.0NRT",299.37,1.71,"N"
"4769",30.15293,50.41908,310.58,0.46,0.47,"2026-09-18",2201,"N20","nominal","2.0NRT",299.41,1.71,"N"
"4770",30.41663,47.61266,338.86,0.34,0.56,"2026-09-18",2201,"N20","nominal","2.0NRT",299.67,3.65,"N"
"4771",30.36014,48.26119,307.96,0.62,0.54,"2026-09-18",2201,"N20","nominal","2.0NRT",297.77,3.53,"N"
"4772",30.34907,48.27293,311.92,0.62,0.54,"2026-09-18",2201,"N20","nominal","2.0NRT",300.06,6.56,"N"
"4773",30.40284,47.3337,343.94,0.35,0.57,"2026-09-18",2201,"N20","nominal","2.0NRT",298.78,3.69,"N"
"4774",30.37329,47.63289,306.61,0.34,0.56,"2026-09-18",2201,"N20","nominal","2.0NRT",296.48,1.18,"N"
"4775",30.36609,47.32966,334.92,0.35,0.57,"2026-09-18",2201,"N20","nominal","2.0NRT",297.57,1.63,"N"
"4776",30.36638,47.32597,316.74,0.35,0.57,"2026-09-18",2201,"N20","nominal","2.0NRT",296.26,1.63,"N"
"4777",30.3658,47.33335,309.55,0.35,0.57,"2026-09-18",2201,"N20","nominal","2.0NRT",296.89,6.08,"N"
"4778",30.36027,47.33646,367,0.35,0.57,"2026-09-18",2201,"N20","high","2.0NRT",300.48,6.08,"N"
"4779",30.35998,47.34015,351.74,0.35,0.57,"2026-09-18",2201,"N20","nominal","2.0NRT",305.99,14.12,"N"
"4780",30.36084,47.32908,308.3,0.35,0.57,"2026-09-18",2201,"N20","nominal","2.0NRT",297.39,1.63,"N"
"4781",30.3553,47.33219,322.59,0.35,0.57,"2026-09-18",2201,"N20","nominal","2.0NRT",297.18,1.56,"N"
"4782",30.35502,47.33589,321.18,0.35,0.57,"2026-09-18",2201,"N20","nominal","2.0NRT",298.94,1.56,"N"
"4783",30.03839,50.63729,325.53,0.44,0.46,"2026-09-18",2201,"N20","nominal","2.0NRT",300.57,2.17,"N"
"4784",30.03415,50.63639,313.4,0.44,0.46,"2026-09-18",2201,"N20","nominal","2.0NRT",299.14,2.17,"N"
"4785",30.03559,50.63401,330.29,0.44,0.46,"2026-09-18",2201,"N20","nominal","2.0NRT",299.2,4.45,"N"
"4786",30.31698,47.34647,321.46,0.35,0.57,"2026-09-18",2201,"N20","nominal","2.0NRT",297.23,1.31,"N"
"4787",30.27369,47.74121,329.8,0.33,0.55,"2026-09-18",2201,"N20","nominal","2.0NRT",297.54,2.63,"N"
"4788",30.27574,47.71695,317.49,0.33,0.55,"2026-09-18",2201,"N20","nominal","2.0NRT",297.35,1.41,"N"
"4789",30.27398,47.73777,314.86,0.33,0.55,"2026-09-18",2201,"N20","nominal","2.0NRT",296.68,2.34,"N"
"4790",30.28407,47.36133,320.9,0.35,0.57,"2026-09-18",2201,"N20","nominal","2.0NRT",298.53,1.91,"N"
"4791",30.28436,47.35768,316.01,0.35,0.57,"2026-09-18",2201,"N20","nominal","2.0NRT",298.31,1.92,"N"
"4792",30.27913,47.35711,345.6,0.35,0.57,"2026-09-18",2201,"N20","nominal","2.0NRT",297.73,8.59,"N"
"4793",30.27883,47.36076,355.03,0.35,0.57,"2026-09-18",2201,"N20","nominal","2.0NRT",302.44,9.96,"N"
"4794",30.28,47.34608,311.15,0.35,0.57,"2026-09-18",2201,"N20","nominal","2.0NRT",296.66,1.25,"N"
"4795",29.73727,52.65131,300.92,0.51,0.41,"2026-09-18",2201,"N20","nominal","2.0NRT",289.92,0.56,"N"
"4796",30.21841,47.38647,313.58,0.35,0.57,"2026-09-18",2201,"N20","nominal","2.0NRT",297.41,1.47,"N"
"4797",30.21811,47.39009,319.73,0.35,0.56,"2026-09-18",2201,"N20","nominal","2.0NRT",298.35,1.47,"N"
"4798",30.21319,47.38589,337.15,0.35,0.57,"2026-09-18",2201,"N20","nominal","2.0NRT",299.09,5.52,"N"
"4799",30.21289,47.38953,367,0.35,0.56,"2026-09-18",2201,"N20","high","2.0NRT",301.16,5.52,"N"
"4800",30.21259,47.39316,348.11,0.35,0.56,"2026-09-18",2201,"N20","nominal","2.0NRT",307.2,6.25,"N"
"4801",30.21229,47.3968,309.07,0.35,0.56,"2026-09-18",2201,"N20","nominal","2.0NRT",297.74,6.25,"N"
"4802",30.20736,47.39259,323.49,0.35,0.56,"2026-09-18",2201,"N20","nominal","2.0NRT",297.93,6.25,"N"
"4803",30.20797,47.3853,311.55,0.35,0.57,"2026-09-18",2201,"N20","nominal","2.0NRT",297.34,5.52,"N"
"4804",30.20767,47.38895,314.15,0.35,0.56,"2026-09-18",2201,"N20","nominal","2.0NRT",297.62,5.52,"N"
"4805",30.20275,47.38474,309.69,0.35,0.57,"2026-09-18",2201,"N20","nominal","2.0NRT",297.04,1.04,"N"
"4806",30.20245,47.38837,312.2,0.35,0.56,"2026-09-18",2201,"N20","nominal","2.0NRT",297.34,1.04,"N"
"4807",30.17457,47.4073,337.02,0.35,0.56,"2026-09-18",2201,"N20","nominal","2.0NRT",298.43,1.83,"N"
"4808",30.17487,47.40365,319.13,0.35,0.56,"2026-09-18",2201,"N20","nominal","2.0NRT",296.45,1.83,"N"
"4809",30.16907,47.41032,333.18,0.35,0.56,"2026-09-18",2201,"N20","nominal","2.0NRT",298.27,2.92,"N"
"4810",30.16878,47.41395,324.16,0.35,0.56,"2026-09-18",2201,"N20","nominal","2.0NRT",299.7,2.92,"N"
"4811",29.94209,49.68665,333.86,0.5,0.49,"2026-09-18",2201,"N20","nominal","2.0NRT",304.18,3.08,"N"
"4812",29.9426,49.68142,318.21,0.5,0.49,"2026-09-18",2201,"N20","nominal","2.0NRT",303.3,2.5,"N"
"4813",29.62335,52.44608,307.3,0.53,0.42,"2026-09-18",2201,"N20","nominal","2.0NRT",293.61,1.46,"N"
"4814",28.20633,61.30564,303.99,0.51,0.41,"2026-09-18",2201,"N20","nominal","2.0NRT",291.8,0.78,"N"
"4815",29.15261,55.36739,316.8,0.4,0.37,"2026-09-18",2201,"N20","nominal","2.0NRT",292.1,1.03,"N"
"4816",29.13798,55.37308,303.6,0.4,0.37,"2026-09-18",2201,"N20","nominal","2.0NRT",292.51,2.26,"N"
"4817",29.13698,55.35603,306.18,0.4,0.37,"2026-09-18",2201,"N20","nominal","2.0NRT",295.6,2.11,"N"
"4818",29.13344,55.38066,305.01,0.4,0.37,"2026-09-18",2201,"N20","nominal","2.0NRT",292.94,1.04,"N"
"4819",29.17134,54.61808,305.98,0.42,0.38,"2026-09-18",2201,"N20","nominal","2.0NRT",294.66,1.43,"N"
"4820",29.36875,52.61338,320.02,0.51,0.41,"2026-09-18",2201,"N20","nominal","2.0NRT",292.7,1.9,"N"
"4821",29.36938,52.60818,304.7,0.51,0.41,"2026-09-18",2201,"N20","nominal","2.0NRT",291.42,1.9,"N"
"4822",29.36896,52.61142,327.51,0.51,0.41,"2026-09-18",2201,"N20","nominal","2.0NRT",293.36,3.77,"N"
"4823",29.51143,51.25703,341.25,0.4,0.44,"2026-09-18",2201,"N20","nominal","2.0NRT",301.72,5.93,"N"
"4824",29.85979,47.79894,306.83,0.32,0.55,"2026-09-18",2201,"N20","nominal","2.0NRT",296.67,0.58,"N"
"4825",29.85611,47.72285,346.44,0.33,0.55,"2026-09-18",2201,"N20","nominal","2.0NRT",298.21,3.41,"N"
"4826",29.33655,52.56221,302.94,0.51,0.41,"2026-09-18",2201,"N20","nominal","2.0NRT",292.27,1.79,"N"
"4827",29.25917,53.11906,328.06,0.48,0.4,"2026-09-18",2201,"N20","nominal","2.0NRT",288.81,1.7,"N"
"4828",29.83469,47.67183,310.35,0.33,0.55,"2026-09-18",2201,"N20","nominal","2.0NRT",297.94,1.04,"N"
"4829",29.2555,53.11843,322.68,0.48,0.4,"2026-09-18",2201,"N20","nominal","2.0NRT",289.78,2.22,"N"
"4830",29.1942,52.84021,335.28,0.5,0.41,"2026-09-18",2201,"N20","nominal","2.0NRT",296.49,4.41,"N"
"4831",29.19354,52.84543,316.89,0.5,0.41,"2026-09-18",2201,"N20","nominal","2.0NRT",295.46,4.41,"N"
"4832",28.90935,53.65554,303.82,0.45,0.39,"2026-09-18",2201,"N20","nominal","2.0NRT",287.66,0.64,"N"
"4833",29.21594,50.31189,323.91,0.45,0.47,"2026-09-18",2201,"N20","nominal","2.0NRT",301.82,0.33,"N"
"4834",29.28929,49.53184,341.35,0.5,0.49,"2026-09-18",2201,"N20","nominal","2.0NRT",303.83,4.43,"N"
"4835",29.28476,49.53123,316.08,0.5,0.49,"2026-09-18",2201,"N20","nominal","2.0NRT",303.74,1.9,"N"
"4836",29.21361,50.31359,323.84,0.45,0.47,"2026-09-18",2201,"N20","nominal","2.0NRT",301.44,0.51,"N"
"4837",29.28818,49.52957,339.27,0.5,0.49,"2026-09-18",2201,"N20","nominal","2.0NRT",304.03,5.55,"N"
"4838",28.5957,53.49281,308.85,0.46,0.39,"2026-09-18",2201,"N20","nominal","2.0NRT",292.88,1.06,"N"
"4839",28.68517,52.08999,319.38,0.53,0.42,"2026-09-18",2201,"N20","nominal","2.0NRT",296.17,1.87,"N"
"4840",28.68368,52.08951,315.84,0.53,0.42,"2026-09-18",2201,"N20","nominal","2.0NRT",296.52,1.63,"N"
"4841",28.68301,52.0949,307.82,0.53,0.42,"2026-09-18",2201,"N20","nominal","2.0NRT",297.18,1.63,"N"
"4842",29.05116,48.13381,313.36,0.61,0.53,"2026-09-18",2201,"N20","nominal","2.0NRT",301.29,2.34,"N"
"4843",29.02711,48.06807,341.76,0.61,0.54,"2026-09-18",2201,"N20","nominal","2.0NRT",299.47,12.8,"N"
"4844",29.00211,48.1583,314.54,0.6,0.53,"2026-09-18",2201,"N20","nominal","2.0NRT",302.07,5.62,"N"
"4845",29.01021,47.7428,367,0.32,0.55,"2026-09-18",2201,"N20","high","2.0NRT",298.4,5.99,"N"
"4846",29.00991,47.74609,344.66,0.32,0.55,"2026-09-18",2201,"N20","nominal","2.0NRT",299.78,5.99,"N"
"4847",29.00516,47.74225,367,0.32,0.55,"2026-09-18",2201,"N20","high","2.0NRT",297.04,5.63,"N"
"4848",29.00487,47.74554,343.24,0.32,0.55,"2026-09-18",2201,"N20","nominal","2.0NRT",298.07,5.63,"N"
"4849",27.22892,60.49114,314.49,0.48,0.4,"2026-09-18",2201,"N20","nominal","2.0NRT",298.14,2.41,"N"
"4850",28.92044,47.95738,322.66,0.62,0.54,"2026-09-18",2201,"N20","nominal","2.0NRT",298.18,3.67,"N"
"4851",28.91978,47.95733,320.43,0.62,0.54,"2026-09-18",2201,"N20","nominal","2.0NRT",298.22,3.32,"N"
"4852",25.38593,68.5823,308.39,0.51,0.66,"2026-09-18",2201,"N20","nominal","2.0NRT",292.71,1.24,"N"
"4853",28.87791,47.75128,313.26,0.32,0.55,"2026-09-18",2201,"N20","nominal","2.0NRT",297.87,0.92,"N"
"4854",28.57544,47.91552,309.79,0.62,0.54,"2026-09-18",2201,"N20","nominal","2.0NRT",298.15,4.17,"N"
"4855",28.57934,47.91673,313.55,0.62,0.54,"2026-09-18",2201,"N20","nominal","2.0NRT",299.02,3.25,"N"
"4856",28.3687,49.62503,344.92,0.48,0.48,"2026-09-18",2201,"N20","nominal","2.0NRT",306.99,25.14,"N"
"4857",28.36818,49.63,315.07,0.48,0.48,"2026-09-18",2201,"N20","nominal","2.0NRT",303.54,5.65,"N"
"4858",27.4226,56.50169,329.43,0.38,0.36,"2026-09-18",2201,"N20","nominal","2.0NRT",300.74,2.01,"N"
"4859",28.30914,49.5191,316.93,0.49,0.49,"2026-09-18",2201,"N20","nominal","2.0NRT",303.45,1.07,"N"
"4860",28.39978,48.53117,338.95,0.56,0.52,"2026-09-18",2201,"N20","nominal","2.0NRT",297.85,5.51,"N"
"4861",28.39921,48.53698,323.83,0.56,0.52,"2026-09-18",2201,"N20","nominal","2.0NRT",301.27,5.51,"N"
"4862",28.39502,48.53055,329.58,0.56,0.52,"2026-09-18",2201,"N20","nominal","2.0NRT",299.42,5.51,"N"
"4863",28.39445,48.53635,314.46,0.56,0.52,"2026-09-18",2201,"N20","nominal","2.0NRT",301.36,5.51,"N"
"4864",27.93105,52.19339,332.78,0.52,0.41,"2026-09-18",2201,"N20","nominal","2.0NRT",301.32,3.62,"N"
"4865",27.30349,56.30489,323.12,0.38,0.36,"2026-09-18",2201,"N20","nominal","2.0NRT",300.99,1.38,"N"
"4866",27.76157,52.16552,346.47,0.52,0.41,"2026-09-18",2201,"N20","nominal","2.0NRT",302.53,4.18,"N"
"4867",27.7609,52.17094,313.17,0.52,0.41,"2026-09-18",2201,"N20","nominal","2.0NRT",302.25,4.18,"N"
"4868",27.76109,52.13816,323.35,0.52,0.41,"2026-09-18",2201,"N20","nominal","2.0NRT",302.6,2.44,"N"
"4869",27.72175,52.17455,353.09,0.52,0.41,"2026-09-18",2201,"N20","nominal","2.0NRT",306.36,22.09,"N"
"4870",27.72111,52.17979,315.12,0.52,0.41,"2026-09-18",2201,"N20","nominal","2.0NRT",303.43,4.62,"N"
"4871",27.71668,52.1844,327.16,0.51,0.41,"2026-09-18",2201,"N20","nominal","2.0NRT",303.43,4.84,"N"
"4872",27.71289,52.18378,331.91,0.51,0.41,"2026-09-18",2201,"N20","nominal","2.0NRT",303.7,4.84,"N"
"4873",27.16932,56.09693,322.35,0.39,0.36,"2026-09-18",2201,"N20","nominal","2.0NRT",302.66,2.45,"N"
"4874",27.16926,56.0532,333.96,0.39,0.36,"2026-09-18",2201,"N20","nominal","2.0NRT",302.12,2.29,"N"
"4875",27.16213,56.09951,343.17,0.39,0.36,"2026-09-18",2201,"N20","nominal","2.0NRT",303.02,4.21,"N"
"4876",27.16154,56.10337,331.24,0.39,0.36,"2026-09-18",2201,"N20","nominal","2.0NRT",302.96,3.39,"N"
"4877",27.69141,52.23341,339.13,0.51,0.41,"2026-09-18",2201,"N20","nominal","2.0NRT",303.24,2.51,"N"
"4878",27.1624,56.07572,320.89,0.39,0.36,"2026-09-18",2201,"N20","nominal","2.0NRT",301.27,1.2,"N"
"4879",27.15883,56.09887,332.31,0.39,0.36,"2026-09-18",2201,"N20","nominal","2.0NRT",302.01,4.21,"N"
"4880",27.14622,56.11286,323.24,0.39,0.36,"2026-09-18",2201,"N20","nominal","2.0NRT",301.25,1.64,"N"
"4881",27.1498,56.08971,311.39,0.39,0.36,"2026-09-18",2201,"N20","nominal","2.0NRT",301.07,0.69,"N"
"4882",27.69174,52.23142,321.65,0.51,0.41,"2026-09-18",2201,"N20","nominal","2.0NRT",302.52,1.63,"N"
"4883",27.69108,52.23661,319.42,0.51,0.41,"2026-09-18",2201,"N20","nominal","2.0NRT",303.17,1.63,"N"
"4884",27.68797,52.23079,335,0.51,0.41,"2026-09-18",2201,"N20","nominal","2.0NRT",303.4,5.74,"N"
"4885",27.6873,52.23597,332.36,0.51,0.41,"2026-09-18",2201,"N20","nominal","2.0NRT",304.35,5.74,"N"
"4886",27.68598,52.24634,341.85,0.51,0.41,"2026-09-18",2201,"N20","nominal","2.0NRT",303.29,8.61,"N"
"4887",27.68533,52.25151,335.03,0.51,0.41,"2026-09-18",2201,"N20","nominal","2.0NRT",304.41,4.19,"N"
"4888",27.68155,52.25087,315.16,0.51,0.41,"2026-09-18",2201,"N20","nominal","2.0NRT",303.38,4.19,"N"
"4889",28.00282,48.73475,309.44,0.54,0.51,"2026-09-18",2201,"N20","nominal","2.0NRT",295.74,1.42,"N"
"4890",27.55757,52.5675,332.76,0.49,0.4,"2026-09-18",2201,"N20","nominal","2.0NRT",303.05,12.81,"N"
"4891",27.55692,52.57268,321.3,0.49,0.4,"2026-09-18",2201,"N20","nominal","2.0NRT",304.39,11.42,"N"
"4892",27.55325,52.5718,312.98,0.49,0.4,"2026-09-18",2201,"N20","nominal","2.0NRT",302.97,2.14,"N"
"4893",27.54891,52.57624,311.82,0.49,0.4,"2026-09-18",2201,"N20","nominal","2.0NRT",301.8,2.14,"N"
"4894",27.54393,52.58587,333.06,0.49,0.4,"2026-09-18",2201,"N20","nominal","2.0NRT",302.48,5.87,"N"
"4895",27.55019,52.58091,311.61,0.49,0.4,"2026-09-18",2201,"N20","nominal","2.0NRT",301.53,3.45,"N"
"4896",27.54149,52.58964,330.79,0.49,0.4,"2026-09-18",2201,"N20","nominal","2.0NRT",302.5,6.21,"N"
"4897",27.48785,52.96791,323.86,0.47,0.4,"2026-09-18",2201,"N20","nominal","2.0NRT",299.4,2.65,"N"
"4898",27.53282,52.59812,317.37,0.49,0.4,"2026-09-18",2201,"N20","nominal","2.0NRT",301.81,3.83,"N"
"4899",27.47996,52.97144,309.03,0.47,0.4,"2026-09-18",2201,"N20","nominal","2.0NRT",296.12,0.9,"N"
"4900",27.52178,52.59586,331.96,0.49,0.4,"2026-09-18",2201,"N20","nominal","2.0NRT",303.68,9.8,"N"
"4901",27.51809,52.59517,321.8,0.49,0.4,"2026-09-18",2201,"N20","nominal","2.0NRT",302.41,3.1,"N"
"4902",27.51614,52.61018,326.54,0.49,0.4,"2026-09-18",2201,"N20","nominal","2.0NRT",301.84,2.47,"N"
"4903",27.51548,52.61529,323.57,0.49,0.4,"2026-09-18",2201,"N20","nominal","2.0NRT",302.5,2.47,"N"
"4904",27.51481,52.62043,330.74,0.49,0.4,"2026-09-18",2201,"N20","nominal","2.0NRT",302.44,4.92,"N"
"4905",27.5144,52.59448,323.23,0.49,0.4,"2026-09-18",2201,"N20","nominal","2.0NRT",302.22,3.1,"N"
"4906",27.51052,52.62449,335.37,0.49,0.4,"2026-09-18",2201,"N20","nominal","2.0NRT",303.07,4.92,"N"
"4907",27.51246,52.60945,315.49,0.49,0.4,"2026-09-18",2201,"N20","nominal","2.0NRT",302.06,2.47,"N"
"4908",27.50553,52.63384,335.54,0.49,0.4,"2026-09-18",2201,"N20","nominal","2.0NRT",302.66,6.17,"N"
"4909",27.50486,52.63904,341.31,0.49,0.4,"2026-09-18",2201,"N20","nominal","2.0NRT",303.8,9.69,"N"
"4910",27.49992,52.64809,343.49,0.49,0.4,"2026-09-18",2201,"N20","nominal","2.0NRT",303.5,8.58,"N"
"4911",27.4969,52.64231,317.08,0.49,0.4,"2026-09-18",2201,"N20","nominal","2.0NRT",302.31,4.11,"N"
"4912",27.48588,52.64007,322.74,0.49,0.4,"2026-09-18",2201,"N20","nominal","2.0NRT",302.83,3.88,"N"
"4913",27.84079,48.6957,329.06,0.54,0.51,"2026-09-18",2201,"N20","nominal","2.0NRT",297.24,3.11,"N"
"4914",27.81504,48.8589,341.72,0.53,0.5,"2026-09-18",2201,"N20","nominal","2.0NRT",305.47,22.02,"N"
"4915",27.81449,48.86435,309.65,0.53,0.5,"2026-09-18",2201,"N20","nominal","2.0NRT",299.22,7.23,"N"
"4916",26.95784,55.54454,312.97,0.39,0.36,"2026-09-18",2201,"N20","nominal","2.0NRT",301.84,1.02,"N"
"4917",27.81033,48.6185,330.95,0.55,0.51,"2026-09-18",2201,"N20","nominal","2.0NRT",299.37,6.08,"N"
"4918",27.80454,48.62911,344.52,0.55,0.51,"2026-09-18",2201,"N20","nominal","2.0NRT",300.06,9.35,"N"
"4919",27.80038,48.62288,335.88,0.55,0.51,"2026-09-18",2201,"N20","nominal","2.0NRT",298.17,5.45,"N"
"4920",27.53595,49.18678,321.75,0.5,0.49,"2026-09-18",2201,"N20","nominal","2.0NRT",300.43,4.26,"N"
"4921",27.52987,49.20151,311.84,0.5,0.49,"2026-09-18",2201,"N20","nominal","2.0NRT",297.96,1.34,"N"
"4922",27.53207,49.13412,312.54,0.51,0.49,"2026-09-18",2201,"N20","nominal","2.0NRT",298.74,3.8,"N"
"4923",26.79532,53.34429,316.33,0.45,0.39,"2026-09-18",2201,"N20","nominal","2.0NRT",300.74,1.62,"N"
"4924",27.19263,49.14218,312.75,0.5,0.49,"2026-09-18",2201,"N20","nominal","2.0NRT",301.99,1.82,"N"
"4925",27.19129,49.13983,313.01,0.5,0.49,"2026-09-18",2201,"N20","nominal","2.0NRT",301.07,2.26,"N"
"4926",27.14611,49.22073,334.45,0.5,0.49,"2026-09-18",2201,"N20","nominal","2.0NRT",298.22,3.68,"N"
"4927",27.10035,49.31052,342.62,0.49,0.48,"2026-09-18",2201,"N20","nominal","2.0NRT",299.12,4.73,"N"
"4928",27.07278,49.57287,317.73,0.47,0.48,"2026-09-18",2201,"N20","nominal","2.0NRT",304.4,5.06,"N"
"4929",27.0694,49.56272,313.36,0.47,0.48,"2026-09-18",2201,"N20","nominal","2.0NRT",302.5,2.98,"N"
"4930",27.03419,49.60132,312.12,0.47,0.48,"2026-09-18",2201,"N20","nominal","2.0NRT",300.88,2.98,"N"
"4931",27.03835,49.56151,313.66,0.47,0.48,"2026-09-18",2201,"N20","nominal","2.0NRT",302.94,4.04,"N"
"4932",27.02832,49.53108,313.03,0.47,0.48,"2026-09-18",2201,"N20","nominal","2.0NRT",300.53,3.14,"N"
"4933",26.94603,49.5922,343.59,0.47,0.48,"2026-09-18",2201,"N20","nominal","2.0NRT",307.89,32.77,"N"
"4934",26.58298,51.92287,326.52,0.52,0.41,"2026-09-18",2201,"N20","nominal","2.0NRT",304.4,2.26,"N"
"4935",26.85969,49.43747,310.85,0.48,0.48,"2026-09-18",2201,"N20","nominal","2.0NRT",297.07,1.5,"N"
"4936",26.78319,49.99055,319.29,0.44,0.46,"2026-09-18",2201,"N20","nominal","2.0NRT",297.84,2.25,"N"
"4937",25.97661,56.06882,313.8,0.38,0.36,"2026-09-18",2201,"N20","nominal","2.0NRT",302.05,0.84,"N"
"4938",26.78389,49.99416,315.87,0.44,0.46,"2026-09-18",2201,"N20","nominal","2.0NRT",298.57,1.96,"N"
"4939",26.68511,50.10541,315.4,0.43,0.46,"2026-09-18",2201,"N20","nominal","2.0NRT",301.37,1.03,"N"
"4940",25.90308,54.53147,316.26,0.4,0.37,"2026-09-18",2201,"N20","nominal","2.0NRT",299.24,0.97,"N"
"4941",25.55797,55.98383,316.85,0.38,0.36,"2026-09-18",2201,"N20","nominal","2.0NRT",301.5,2.36,"N"
"4942",26.159,50.6666,314.94,0.4,0.44,"2026-09-18",2201,"N20","nominal","2.0NRT",304.23,1.23,"N"
"4943",25.38678,55.96853,312.02,0.38,0.36,"2026-09-18",2201,"N20","nominal","2.0NRT",301.02,1.45,"N"
"4944",26.11689,50.60372,316.51,0.4,0.44,"2026-09-18",2201,"N20","nominal","2.0NRT",304.6,1.35,"N"
"4945",25.92037,51.56406,325.72,0.53,0.42,"2026-09-18",2203,"N20","nominal","2.0NRT",300.7,4.21,"N"
"4946",25.91269,51.5629,322.77,0.53,0.42,"2026-09-18",2203,"N20","nominal","2.0NRT",302.05,5.09,"N"
"4947",25.907,51.54589,313.78,0.53,0.42,"2026-09-18",2203,"N20","nominal","2.0NRT",301.05,4.25,"N"
"4948",25.90316,51.54529,330.4,0.53,0.42,"2026-09-18",2203,"N20","nominal","2.0NRT",301.83,5.98,"N"
"4949",25.90845,51.50298,318.3,0.53,0.42,"2026-09-18",2203,"N20","nominal","2.0NRT",306.81,3.62,"N"
"4950",25.90394,51.50769,313.75,0.53,0.42,"2026-09-18",2203,"N20","nominal","2.0NRT",303.23,3.62,"N"
"4951",25.898,51.55524,312.88,0.53,0.42,"2026-09-18",2203,"N20","nominal","2.0NRT",302.43,4.2,"N"
"4952",25.89614,51.53883,317.01,0.53,0.42,"2026-09-18",2203,"N20","nominal","2.0NRT",302.59,3.79,"N"
"4953",25.88527,51.53176,328.08,0.53,0.42,"2026-09-18",2203,"N20","nominal","2.0NRT",300.68,4.55,"N"
"4954",22.31366,69.71953,309.87,0.71,0.75,"2026-09-18",2203,"N20","nominal","2.0NRT",290.94,0.99,"N"
"4955",26.49475,43.95932,314.64,0.52,0.67,"2026-09-18",2203,"N20","nominal","2.0NRT",299.36,3.05,"N"
"4956",25.53405,53.14939,329.94,0.44,0.39,"2026-09-18",2203,"N20","nominal","2.0NRT",308.34,11.75,"N"
"4957",26.49543,43.95864,318.41,0.52,0.67,"2026-09-18",2203,"N20","nominal","2.0NRT",300.01,3.39,"N"
"4958",25.50924,53.14729,331.52,0.44,0.39,"2026-09-18",2203,"N20","nominal","2.0NRT",305.02,4.52,"N"
"4959",25.93332,49.70176,310.86,0.45,0.47,"2026-09-18",2203,"N20","nominal","2.0NRT",298.8,1.19,"N"
"4960",24.99117,55.62783,329.67,0.38,0.36,"2026-09-18",2203,"N20","nominal","2.0NRT",299.49,1.8,"N"
"4961",25.06226,55.12047,318.96,0.39,0.36,"2026-09-18",2203,"N20","nominal","2.0NRT",300.72,1.01,"N"
"4962",26.19251,44.3794,318.15,0.48,0.65,"2026-09-18",2203,"N20","nominal","2.0NRT",295.73,1.76,"N"
"4963",25.68113,49.41037,312.1,0.46,0.47,"2026-09-18",2203,"N20","nominal","2.0NRT",297.95,2.13,"N"
"4964",25.64272,49.38827,315.97,0.46,0.47,"2026-09-18",2203,"N20","nominal","2.0NRT",297.63,2.51,"N"
"4965",25.6422,49.39291,313.76,0.46,0.47,"2026-09-18",2203,"N20","nominal","2.0NRT",297.45,1.62,"N"
"4966",25.63784,49.3923,315.68,0.46,0.47,"2026-09-18",2203,"N20","nominal","2.0NRT",297.89,1.85,"N"
"4967",25.17816,52.8768,322.5,0.45,0.39,"2026-09-18",2203,"N20","nominal","2.0NRT",305.86,1.01,"N"
"4968",25.1746,52.87621,328.15,0.45,0.39,"2026-09-18",2203,"N20","nominal","2.0NRT",307.01,13.24,"N"
"4969",25.16452,52.87001,338.62,0.45,0.39,"2026-09-18",2203,"N20","nominal","2.0NRT",307.6,7.29,"N"
"4970",25.16392,52.87446,334.38,0.45,0.39,"2026-09-18",2203,"N20","nominal","2.0NRT",307.03,7.29,"N"
"4971",25.16332,52.87891,316.91,0.45,0.39,"2026-09-18",2203,"N20","nominal","2.0NRT",306.12,5.71,"N"
"4972",25.16157,52.86494,333.17,0.45,0.39,"2026-09-18",2203,"N20","nominal","2.0NRT",306.48,8.82,"N"
"4973",25.16096,52.86942,341.94,0.45,0.39,"2026-09-18",2203,"N20","nominal","2.0NRT",308.87,11.77,"N"
"4974",25.15741,52.86883,316.53,0.45,0.39,"2026-09-18",2203,"N20","nominal","2.0NRT",303.76,11.77,"N"
"4975",25.38548,50.80052,308.45,0.57,0.43,"2026-09-18",2203,"N20","nominal","2.0NRT",298.01,1.27,"N"
"4976",24.50537,56.60582,332.2,0.39,0.36,"2026-09-18",2203,"N20","nominal","2.0NRT",308.13,10.64,"N"
"4977",24.50722,56.59445,317.54,0.39,0.36,"2026-09-18",2203,"N20","nominal","2.0NRT",304.81,0.89,"N"
"4978",24.47338,56.63477,313.64,0.39,0.36,"2026-09-18",2203,"N20","nominal","2.0NRT",302.65,0.76,"N"
"4979",24.90579,53.72887,335.78,0.42,0.37,"2026-09-18",2203,"N20","nominal","2.0NRT",307.71,18.79,"N"
"4980",24.45588,56.55352,322.79,0.39,0.36,"2026-09-18",2203,"N20","nominal","2.0NRT",303.75,1.58,"N"
"4981",25.34658,50.20186,316.81,0.41,0.45,"2026-09-18",2203,"N20","nominal","2.0NRT",298.05,1.65,"N"
"4982",25.34196,50.20538,317.32,0.41,0.45,"2026-09-18",2203,"N20","nominal","2.0NRT",297.97,1.65,"N"
"4983",24.83629,53.50153,332.78,0.42,0.38,"2026-09-18",2203,"N20","nominal","2.0NRT",304.62,5.94,"N"
"4984",24.83571,53.5057,326.87,0.42,0.38,"2026-09-18",2203,"N20","nominal","2.0NRT",305.69,4.65,"N"
"4985",24.89791,53.02757,332.39,0.44,0.38,"2026-09-18",2203,"N20","nominal","2.0NRT",306.75,2.71,"N"
"4986",24.80033,53.73274,342,0.42,0.37,"2026-09-18",2203,"N20","nominal","2.0NRT",306.15,13.85,"N"
"4987",24.8809,53.07206,332.14,0.44,0.38,"2026-09-18",2203,"N20","nominal","2.0NRT",302.95,2.82,"N"
"4988",24.88031,53.0763,319.42,0.44,0.38,"2026-09-18",2203,"N20","nominal","2.0NRT",302.22,2.82,"N"
"4989",24.8774,53.0714,329.27,0.44,0.38,"2026-09-18",2203,"N20","nominal","2.0NRT",301.63,2.82,"N"
"4990",25.23211,49.86538,337.84,0.43,0.46,"2026-09-18",2203,"N20","nominal","2.0NRT",296.15,6.61,"N"
"4991",25.23162,49.86967,334.33,0.43,0.46,"2026-09-18",2203,"N20","nominal","2.0NRT",298.87,6.61,"N"
"4992",25.2279,49.86479,312.04,0.43,0.46,"2026-09-18",2203,"N20","nominal","2.0NRT",295.31,1.22,"N"
"4993",25.22741,49.86908,305.78,0.43,0.46,"2026-09-18",2203,"N20","nominal","2.0NRT",295.35,1.22,"N"
"4994",24.95435,51.58855,321.64,0.51,0.41,"2026-09-18",2203,"N20","nominal","2.0NRT",303.32,2.04,"N"
"4995",25.21217,49.28729,319.6,0.47,0.47,"2026-09-18",2203,"N20","nominal","2.0NRT",298.61,1.88,"N"
"4996",24.93045,51.56411,343.16,0.51,0.41,"2026-09-18",2203,"N20","nominal","2.0NRT",305.53,8.06,"N"
"4997",24.92991,51.53802,315.74,0.52,0.41,"2026-09-18",2203,"N20","nominal","2.0NRT",303.91,1.55,"N"
"4998",25.17756,49.31994,327.68,0.46,0.47,"2026-09-18",2203,"N20","nominal","2.0NRT",296.35,2.21,"N"
"4999",25.1737,49.31478,316.44,0.46,0.47,"2026-09-18",2203,"N20","nominal","2.0NRT",296.09,1.54,"N"
"5000",24.51084,54.01853,337.79,0.41,0.37,"2026-09-18",2203,"N20","nominal","2.0NRT",305.03,3.84,"N"
"5001",24.34955,54.46725,315.91,0.4,0.37,"2026-09-18",2203,"N20","nominal","2.0NRT",301.24,0.9,"N"
"5002",24.32889,54.46756,311.85,0.4,0.37,"2026-09-18",2203,"N20","nominal","2.0NRT",301.06,1.9,"N"
"5003",24.32831,54.47145,314.85,0.4,0.37,"2026-09-18",2203,"N20","nominal","2.0NRT",302.07,1.9,"N"
"5004",24.32497,54.47086,314.63,0.4,0.37,"2026-09-18",2203,"N20","nominal","2.0NRT",303.35,3.61,"N"
"5005",24.32059,54.45414,313.65,0.4,0.37,"2026-09-18",2203,"N20","nominal","2.0NRT",303.38,2.77,"N"
"5006",24.89076,49.2085,316.46,0.47,0.47,"2026-09-18",2203,"N20","nominal","2.0NRT",295.98,1.45,"N"
"5007",23.55524,58.20222,312.79,0.43,0.38,"2026-09-18",2203,"N20","nominal","2.0NRT",301.17,2.37,"N"
"5008",24.80638,49.41335,319.34,0.45,0.47,"2026-09-18",2203,"N20","nominal","2.0NRT",302.56,3.35,"N"
"5009",24.00374,55.44155,314.82,0.38,0.36,"2026-09-18",2203,"N20","nominal","2.0NRT",302.05,1.42,"N"
"5010",24.80859,49.41199,310.57,0.45,0.47,"2026-09-18",2203,"N20","nominal","2.0NRT",299.45,1.35,"N"
"5011",24.80428,49.41139,312.51,0.45,0.47,"2026-09-18",2203,"N20","nominal","2.0NRT",301.25,2.01,"N"
"5012",24.79136,49.40961,305.67,0.45,0.47,"2026-09-18",2203,"N20","nominal","2.0NRT",295.38,0.88,"N"
"5013",24.79381,49.35053,312.83,0.46,0.47,"2026-09-18",2203,"N20","nominal","2.0NRT",295.65,1.06,"N"
"5014",24.94818,47.05893,319.95,0.32,0.54,"2026-09-18",2203,"N20","nominal","2.0NRT",299.81,2.81,"N"
"5015",24.06497,54.31929,336.18,0.4,0.37,"2026-09-18",2203,"N20","nominal","2.0NRT",300.56,4.6,"N"
"5016",24.06162,54.3187,335.92,0.4,0.37,"2026-09-18",2203,"N20","nominal","2.0NRT",307.02,8.61,"N"
"5017",24.06105,54.32259,308.63,0.4,0.37,"2026-09-18",2203,"N20","nominal","2.0NRT",297.81,8.61,"N"
"5018",24.05827,54.31811,310.37,0.4,0.37,"2026-09-18",2203,"N20","nominal","2.0NRT",297.94,8.61,"N"
"5019",24.94849,47.05886,318.62,0.32,0.54,"2026-09-18",2203,"N20","nominal","2.0NRT",298.92,3.01,"N"
"5020",24.14004,52.68969,319.09,0.45,0.39,"2026-09-18",2203,"N20","nominal","2.0NRT",303.48,3.97,"N"
"5021",24.13234,52.69292,315.4,0.45,0.39,"2026-09-18",2203,"N20","nominal","2.0NRT",301.59,2.74,"N"
"5022",24.13113,52.7017,314.93,0.45,0.39,"2026-09-18",2203,"N20","nominal","2.0NRT",299.4,2.55,"N"
"5023",24.53667,49.22274,314.16,0.46,0.47,"2026-09-18",2203,"N20","nominal","2.0NRT",295.86,0.84,"N"
"5024",24.70498,47.5305,315.55,0.59,0.53,"2026-09-18",2203,"N20","nominal","2.0NRT",301.47,3.37,"N"
"5025",24.78178,45.60219,317.86,0.39,0.59,"2026-09-18",2203,"N20","nominal","2.0NRT",296.46,2.07,"N"
"5026",23.85377,53.65284,306.86,0.41,0.37,"2026-09-18",2203,"N20","nominal","2.0NRT",295.88,0.74,"N"
"5027",24.59967,46.57009,320.9,0.34,0.56,"2026-09-18",2203,"N20","nominal","2.0NRT",298.3,1.8,"N"
"5028",24.57001,46.88339,315.7,0.32,0.55,"2026-09-18",2203,"N20","nominal","2.0NRT",298.77,2.13,"N"
"5029",24.59449,46.56975,315.77,0.34,0.56,"2026-09-18",2203,"N20","nominal","2.0NRT",298.74,1.8,"N"
"5030",24.49252,47.15582,327.74,0.62,0.54,"2026-09-18",2203,"N20","nominal","2.0NRT",295.62,3.73,"N"
"5031",24.69806,44.97169,302.1,0.43,0.62,"2026-09-18",2203,"N20","nominal","2.0NRT",292.09,0.84,"N"
"5032",24.51218,46.85853,308.7,0.32,0.55,"2026-09-18",2203,"N20","nominal","2.0NRT",295.25,1.73,"N"
"5033",23.52888,53.28658,308.54,0.42,0.38,"2026-09-18",2203,"N20","nominal","2.0NRT",295.21,0.76,"N"
"5034",23.19168,55.4576,323.25,0.38,0.36,"2026-09-18",2203,"N20","nominal","2.0NRT",302.96,1.55,"N"
"5035",23.1911,55.46132,312.97,0.38,0.36,"2026-09-18",2203,"N20","nominal","2.0NRT",300.64,1.55,"N"
"5036",24.00936,49.14796,307.3,0.46,0.47,"2026-09-18",2203,"N20","nominal","2.0NRT",295.31,0.85,"N"
"5037",23.31364,54.17794,312.37,0.4,0.37,"2026-09-18",2203,"N20","nominal","2.0NRT",298.2,0.9,"N"
"5038",23.27878,54.22717,309.52,0.4,0.37,"2026-09-18",2203,"N20","nominal","2.0NRT",297.96,1.19,"N"
"5039",22.92911,55.80392,310.9,0.38,0.36,"2026-09-18",2203,"N20","nominal","2.0NRT",299.63,2.59,"N"
"5040",22.92582,55.80331,343.71,0.38,0.36,"2026-09-18",2203,"N20","nominal","2.0NRT",300.21,2.59,"N"
"5041",22.87856,55.92857,332.41,0.39,0.36,"2026-09-18",2203,"N20","nominal","2.0NRT",301.25,2.3,"N"
"5042",22.87916,55.92485,319.73,0.39,0.36,"2026-09-18",2203,"N20","nominal","2.0NRT",300.59,1.64,"N"
"5043",22.87403,55.6147,332.2,0.38,0.36,"2026-09-18",2203,"N20","nominal","2.0NRT",299.13,2.54,"N"
"5044",22.87813,55.37472,331.33,0.38,0.36,"2026-09-18",2203,"N20","nominal","2.0NRT",305.86,4.56,"N"
"5045",22.87872,55.37101,314.11,0.38,0.36,"2026-09-18",2203,"N20","nominal","2.0NRT",299.46,4.56,"N"
"5046",22.78094,55.81542,310.28,0.38,0.36,"2026-09-18",2203,"N20","nominal","2.0NRT",299.85,1.07,"N"
"5047",22.67325,56.24862,318.88,0.39,0.36,"2026-09-18",2203,"N20","nominal","2.0NRT",300.92,0.98,"N"
"5048",22.40751,56.99045,330.34,0.4,0.37,"2026-09-18",2203,"N20","nominal","2.0NRT",299.99,2.05,"N"
"5049",22.40415,56.98981,312.48,0.4,0.37,"2026-09-18",2203,"N20","nominal","2.0NRT",298.84,2.05,"N"
"5050",22.4422,56.70007,328.52,0.4,0.37,"2026-09-18",2203,"N20","nominal","2.0NRT",300.36,1.89,"N"
"5051",23.49352,48.29441,332.73,0.51,0.49,"2026-09-18",2203,"N20","nominal","2.0NRT",296.21,4.54,"N"
"5052",23.45041,48.51816,309.46,0.49,0.49,"2026-09-18",2203,"N20","nominal","2.0NRT",295.05,0.63,"N"
"5053",22.32682,56.49074,320.58,0.39,0.36,"2026-09-18",2203,"N20","nominal","2.0NRT",301.22,1.18,"N"
"5054",22.32664,56.47118,336.94,0.39,0.36,"2026-09-18",2203,"N20","nominal","2.0NRT",303.16,3.93,"N"
"5055",22.52786,54.05082,311.97,0.4,0.37,"2026-09-18",2203,"N20","nominal","2.0NRT",297.64,0.86,"N"
"5056",22.54064,53.91918,314.73,0.4,0.37,"2026-09-18",2203,"N20","nominal","2.0NRT",298.82,1.13,"N"
"5057",21.93676,57.07086,323.11,0.41,0.37,"2026-09-18",2203,"N20","nominal","2.0NRT",298.73,2.55,"N"
"5058",21.9361,57.07476,327,0.41,0.37,"2026-09-18",2203,"N20","nominal","2.0NRT",299.99,3.24,"N"
"5059",22.08056,55.97852,320.59,0.39,0.36,"2026-09-18",2203,"N20","nominal","2.0NRT",300.38,4.38,"N"
"5060",21.83458,56.68162,331.33,0.4,0.37,"2026-09-18",2203,"N20","nominal","2.0NRT",299.01,2.24,"N"
"5061",21.33462,57.72235,319.78,0.43,0.38,"2026-09-18",2203,"N20","nominal","2.0NRT",298.69,1.94,"N"
"5062",21.3226,57.72129,314.67,0.43,0.38,"2026-09-18",2203,"N20","nominal","2.0NRT",298.92,1.32,"N"
"5063",21.31913,57.72062,323.18,0.43,0.38,"2026-09-18",2203,"N20","nominal","2.0NRT",298.29,1.32,"N"
"5064",21.31558,57.74122,320.67,0.43,0.38,"2026-09-18",2203,"N20","nominal","2.0NRT",298.43,1.27,"N"
"5065",21.30558,57.7992,317.21,0.44,0.38,"2026-09-18",2203,"N20","nominal","2.0NRT",299.02,1.3,"N"
"5066",21.3114,57.74466,330.79,0.43,0.38,"2026-09-18",2203,"N20","nominal","2.0NRT",299.02,3.43,"N"
"5067",21.30738,57.70553,326.3,0.43,0.38,"2026-09-18",2203,"N20","nominal","2.0NRT",298.72,1.44,"N"
"5068",21.29708,57.68221,317.92,0.43,0.38,"2026-09-18",2203,"N20","nominal","2.0NRT",298.73,0.62,"N"
"5069",21.00418,56.53299,326.19,0.4,0.37,"2026-09-18",2203,"N20","nominal","2.0NRT",299.36,4.54,"N"
"5070",21.00083,56.53236,331.3,0.4,0.37,"2026-09-18",2203,"N20","nominal","2.0NRT",299.28,4.54,"N"
"5071",20.37502,55.93354,313.32,0.39,0.36,"2026-09-18",2203,"N20","nominal","2.0NRT",297.11,1.23,"N"
"5072",20.38893,55.66124,334.9,0.39,0.36,"2026-09-18",2203,"N20","nominal","2.0NRT",297.81,3.89,"N"
"5073",20.38472,55.64529,329.12,0.39,0.36,"2026-09-18",2203,"N20","nominal","2.0NRT",297.01,2.65,"N"
"5074",20.21365,55.71346,324.48,0.39,0.36,"2026-09-18",2203,"N20","nominal","2.0NRT",296.71,1.69,"N"
"5075",20.21425,55.70976,309.22,0.39,0.36,"2026-09-18",2203,"N20","nominal","2.0NRT",296.35,1.25,"N"
"5076",19.35018,56.4898,307.69,0.41,0.37,"2026-09-18",2203,"N20","nominal","2.0NRT",297.21,0.79,"N"
"5077",19.2692,56.17542,308.59,0.4,0.37,"2026-09-18",2203,"N20","nominal","2.0NRT",296.29,0.58,"N"
"5078",20.3931,45.2056,307.2,0.37,0.58,"2026-09-18",2203,"N20","nominal","2.0NRT",296.95,1.11,"N"
"5079",18.56442,55.86724,307.25,0.4,0.37,"2026-09-18",2203,"N20","nominal","2.0NRT",295.07,0.33,"N"
"5080",18.33534,55.68465,305.96,0.4,0.37,"2026-09-18",2203,"N20","nominal","2.0NRT",294.99,0.51,"N"
"5081",18.32494,55.10394,308.96,0.39,0.36,"2026-09-18",2203,"N20","nominal","2.0NRT",294.46,1.3,"N"
"5082",18.32163,55.10335,329.03,0.39,0.36,"2026-09-18",2203,"N20","nominal","2.0NRT",295.15,1.3,"N"
"5083",18.32104,55.10698,311.78,0.39,0.36,"2026-09-18",2203,"N20","nominal","2.0NRT",294.9,1.97,"N"
"5084",18.01213,54.57359,318.72,0.38,0.36,"2026-09-18",2203,"N20","nominal","2.0NRT",297,1.5,"N"
"5085",17.03943,54.48821,310.41,0.39,0.36,"2026-09-18",2205,"N20","nominal","2.0NRT",295.86,1.88,"N"
"5086",16.97963,53.98823,312.36,0.38,0.36,"2026-09-18",2205,"N20","nominal","2.0NRT",296.69,2.47,"N"
"5087",16.94121,53.97432,308.63,0.38,0.36,"2026-09-18",2205,"N20","nominal","2.0NRT",296.4,2,"N"
"5088",16.93909,42.62851,301.32,0.5,0.66,"2026-09-18",2205,"N20","nominal","2.0NRT",280.61,1.22,"N"
"5089",70.44118,84.3594,307.88,0.39,0.36,"2026-09-18",2150,"N20","nominal","2.0NRT",271.99,0.82,"N"
"5090",69.37291,88.11846,300.92,0.44,0.39,"2026-09-18",2150,"N20","nominal","2.0NRT",275.75,1.18,"N"
"5091",69.36995,88.11273,296.41,0.44,0.39,"2026-09-18",2150,"N20","nominal","2.0NRT",274.35,1.18,"N"
"5092",71.68465,71.57143,312.51,0.47,0.4,"2026-09-18",2150,"N20","nominal","2.0NRT",268.22,1.77,"N"
"5093",71.25893,72.05745,309.42,0.46,0.39,"2026-09-18",2150,"N20","nominal","2.0NRT",272.42,0.99,"N"
"5094",71.25759,72.0697,296.81,0.46,0.39,"2026-09-18",2150,"N20","nominal","2.0NRT",272.25,0.84,"N"
"5095",71.00016,73.84013,302.31,0.43,0.38,"2026-09-18",2150,"N20","nominal","2.0NRT",279.02,0.8,"N"
"5096",70.99686,73.83632,327.32,0.43,0.38,"2026-09-18",2150,"N20","nominal","2.0NRT",279.13,3.95,"N"
"5097",68.41197,83.62184,339.96,0.41,0.37,"2026-09-18",2150,"N20","nominal","2.0NRT",279.46,7.82,"N"
"5098",68.20852,83.45969,325.72,0.41,0.37,"2026-09-18",2150,"N20","nominal","2.0NRT",270.55,2.53,"N"
"5099",68.7162,80.53339,322.22,0.39,0.36,"2026-09-18",2150,"N20","nominal","2.0NRT",271.62,1.91,"N"
"5100",68.68816,80.60342,312.88,0.39,0.36,"2026-09-18",2150,"N20","nominal","2.0NRT",271.46,1.24,"N"
"5101",68.52715,79.95556,335.67,0.39,0.36,"2026-09-18",2150,"N20","nominal","2.0NRT",280.56,6.25,"N"
"5102",68.52414,79.95148,323.24,0.39,0.36,"2026-09-18",2150,"N20","nominal","2.0NRT",272.53,6.25,"N"
"5103",67.78095,83.54854,298.18,0.42,0.38,"2026-09-18",2150,"N20","nominal","2.0NRT",270.68,0.72,"N"
"5104",67.78932,83.49129,329.85,0.42,0.38,"2026-09-18",2150,"N20","nominal","2.0NRT",271.79,3.4,"N"
"5105",67.64867,83.21048,315.22,0.42,0.38,"2026-09-18",2150,"N20","nominal","2.0NRT",271.26,1.4,"N"
"5106",67.5507,83.20804,329.69,0.42,0.38,"2026-09-18",2150,"N20","nominal","2.0NRT",307.29,23.29,"N"
"5107",67.54882,83.2168,295.35,0.42,0.38,"2026-09-18",2150,"N20","nominal","2.0NRT",272.43,23.29,"N"
"5108",67.54766,83.20354,304.17,0.42,0.38,"2026-09-18",2150,"N20","nominal","2.0NRT",274.03,23.29,"N"
"5109",67.27404,83.20547,339.3,0.43,0.38,"2026-09-18",2150,"N20","nominal","2.0NRT",275.63,9.64,"N"
"5110",67.2831,83.03425,327.23,0.43,0.38,"2026-09-18",2150,"N20","nominal","2.0NRT",280.99,21.28,"N"
"5111",67.85519,79.87099,325.22,0.39,0.36,"2026-09-18",2150,"N20","nominal","2.0NRT",271.47,1.76,"N"
"5112",67.19639,81.98869,327.61,0.42,0.37,"2026-09-18",2150,"N20","nominal","2.0NRT",276.39,9.77,"N"
"5113",67.78733,77.00861,298.95,0.38,0.36,"2026-09-18",2150,"N20","nominal","2.0NRT",273.76,0.47,"N"
"5114",67.89349,75.76546,301.55,0.39,0.36,"2026-09-18",2150,"N20","nominal","2.0NRT",267.99,0.69,"N"
"5115",66.93958,80.73847,314.99,0.41,0.37,"2026-09-18",2150,"N20","nominal","2.0NRT",274.45,1.64,"N"
"5116",66.44612,82.70763,296.45,0.44,0.38,"2026-09-18",2150,"N20","nominal","2.0NRT",270.95,0.59,"N"
"5117",65.85204,84.90519,299.65,0.49,0.41,"2026-09-18",2150,"N20","nominal","2.0NRT",274.09,1.2,"N"
"5118",65.84881,84.90052,300.52,0.49,0.41,"2026-09-18",2150,"N20","nominal","2.0NRT",274.12,1.5,"N"
"5119",65.77223,85.11633,296.82,0.5,0.41,"2026-09-18",2150,"N20","nominal","2.0NRT",274.27,1.4,"N"
"5120",65.84044,84.76709,302.7,0.49,0.4,"2026-09-18",2150,"N20","nominal","2.0NRT",268.31,1.49,"N"
"5121",66.73244,80.42392,325.75,0.41,0.37,"2026-09-18",2150,"N20","nominal","2.0NRT",273.44,1.95,"N"
"5122",66.71733,80.49889,322.82,0.41,0.37,"2026-09-18",2150,"N20","nominal","2.0NRT",274.55,2.39,"N"
"5123",66.71901,80.49055,311.12,0.41,0.37,"2026-09-18",2150,"N20","nominal","2.0NRT",271.3,2.39,"N"
"5124",66.70873,80.4459,312.02,0.41,0.37,"2026-09-18",2150,"N20","nominal","2.0NRT",284.85,23.29,"N"
"5125",66.66876,80.45164,330.51,0.41,0.37,"2026-09-18",2150,"N20","nominal","2.0NRT",279.73,6.78,"N"
"5126",66.65927,80.46046,337.75,0.41,0.37,"2026-09-18",2150,"N20","nominal","2.0NRT",274.7,10.21,"N"
"5127",66.60072,80.40647,325.72,0.41,0.37,"2026-09-18",2150,"N20","nominal","2.0NRT",271.8,2.83,"N"
"5128",67.80914,72.52585,328.99,0.4,0.37,"2026-09-18",2150,"N20","nominal","2.0NRT",281.27,4.17,"N"
"5129",67.80791,72.53504,296.31,0.4,0.37,"2026-09-18",2150,"N20","nominal","2.0NRT",277.87,2.13,"N"
"5130",67.80715,72.51356,329.1,0.41,0.37,"2026-09-18",2150,"N20","nominal","2.0NRT",299.73,32.66,"N"
"5131",67.80591,72.5228,330.31,0.4,0.37,"2026-09-18",2150,"N20","nominal","2.0NRT",302.27,32.66,"N"
"5132",67.80838,72.50437,295.96,0.41,0.37,"2026-09-18",2150,"N20","nominal","2.0NRT",279.36,9.44,"N"
"5133",67.80515,72.5013,330.02,0.41,0.37,"2026-09-18",2150,"N20","nominal","2.0NRT",282.53,9.44,"N"
"5134",67.80392,72.51051,332.96,0.41,0.37,"2026-09-18",2150,"N20","nominal","2.0NRT",304.05,32.66,"N"
"5135",67.80267,72.51971,310.27,0.4,0.37,"2026-09-18",2150,"N20","nominal","2.0NRT",285.67,32.66,"N"
"5136",67.80144,72.52895,296.67,0.4,0.37,"2026-09-18",2150,"N20","nominal","2.0NRT",277.92,1.31,"N"
"5137",67.80068,72.50745,325.96,0.41,0.37,"2026-09-18",2150,"N20","nominal","2.0NRT",288.87,24.99,"N"
"5138",66.86954,77.7561,323.75,0.39,0.36,"2026-09-18",2150,"N20","nominal","2.0NRT",274.85,3.93,"N"
"5139",67.28903,75.10825,325.29,0.39,0.36,"2026-09-18",2150,"N20","nominal","2.0NRT",273.6,1.76,"N"
"5140",67.01596,76.19306,311.93,0.38,0.36,"2026-09-18",2150,"N20","nominal","2.0NRT",271.43,0.64,"N"
"5141",67.0144,76.18387,314.88,0.38,0.36,"2026-09-18",2150,"N20","nominal","2.0NRT",271.98,1.69,"N"
"5142",60.84649,97.35625,355.81,0.53,0.67,"2026-09-18",2150,"N20","nominal","2.0NRT",275.28,15.31,"N"
"5143",60.84988,97.34861,296.16,0.53,0.67,"2026-09-18",2150,"N20","nominal","2.0NRT",267.54,7.92,"N"
"5144",66.68942,77.31552,299.02,0.39,0.36,"2026-09-18",2150,"N20","nominal","2.0NRT",273.44,1.18,"N"
"5145",65.53503,82.99458,300.79,0.46,0.39,"2026-09-18",2150,"N20","nominal","2.0NRT",272.14,1.46,"N"
"5146",66.68636,77.31206,320.46,0.39,0.36,"2026-09-18",2150,"N20","nominal","2.0NRT",272.42,1.18,"N"
"5147",65.51402,83.01295,304.45,0.47,0.39,"2026-09-18",2150,"N20","nominal","2.0NRT",273.2,1.9,"N"
"5148",60.84667,97.35588,367,0.53,0.67,"2026-09-18",2150,"N20","high","2.0NRT",277.14,22.76,"N"
"5149",66.66366,77.31564,340.85,0.39,0.36,"2026-09-18",2150,"N20","nominal","2.0NRT",273.26,5.66,"N"
"5150",66.95805,75.5368,326.46,0.38,0.36,"2026-09-18",2150,"N20","nominal","2.0NRT",314.24,50.81,"N"
"5151",66.95671,75.54505,326.81,0.38,0.36,"2026-09-18",2150,"N20","nominal","2.0NRT",286.2,50.81,"N"
"5152",66.95496,75.53353,311.71,0.38,0.36,"2026-09-18",2150,"N20","nominal","2.0NRT",274.28,0.99,"N"
"5153",66.95362,75.54179,299.45,0.38,0.36,"2026-09-18",2150,"N20","nominal","2.0NRT",273.12,0.99,"N"
"5154",66.96479,75.42781,314.7,0.38,0.36,"2026-09-18",2150,"N20","nominal","2.0NRT",274.09,1.78,"N"
"5155",65.46446,83.06335,301.72,0.47,0.4,"2026-09-18",2150,"N20","nominal","2.0NRT",274.23,1.7,"N"
"5156",65.46238,83.07226,305.58,0.47,0.4,"2026-09-18",2150,"N20","nominal","2.0NRT",272.55,1.48,"N"
"5157",66.90662,75.60803,340.36,0.38,0.36,"2026-09-18",2150,"N20","nominal","2.0NRT",271.82,13,"N"
"5158",66.90795,75.5998,314.39,0.38,0.36,"2026-09-18",2150,"N20","nominal","2.0NRT",280.01,13,"N"
"5159",65.4546,82.97959,300.06,0.47,0.39,"2026-09-18",2150,"N20","nominal","2.0NRT",273.1,1.28,"N"
"5160",66.90352,75.60477,337.8,0.38,0.36,"2026-09-18",2150,"N20","nominal","2.0NRT",272.44,13,"N"
"5161",65.44598,82.94456,296.83,0.47,0.39,"2026-09-18",2150,"N20","nominal","2.0NRT",271.88,0.7,"N"
"5162",65.43972,82.97129,301.86,0.47,0.39,"2026-09-18",2150,"N20","nominal","2.0NRT",268.88,0.98,"N"
"5163",65.38178,83.1992,297.11,0.47,0.4,"2026-09-18",2150,"N20","nominal","2.0NRT",270.14,1.34,"N"
"5164",66.58074,77.36799,308.67,0.39,0.36,"2026-09-18",2150,"N20","nominal","2.0NRT",271.64,0.9,"N"
"5165",65.43846,82.92281,300,0.47,0.39,"2026-09-18",2150,"N20","nominal","2.0NRT",268.53,0.74,"N"
"5166",66.5781,77.36732,317.62,0.39,0.36,"2026-09-18",2150,"N20","nominal","2.0NRT",271.74,1.5,"N"
"5167",65.43724,82.92494,298.76,0.47,0.39,"2026-09-18",2150,"N20","nominal","2.0NRT",268.76,1.87,"N"
"5168",66.66003,76.83891,325.02,0.39,0.36,"2026-09-18",2150,"N20","nominal","2.0NRT",273.35,2.77,"N"
"5169",65.35765,83.19427,325.71,0.47,0.4,"2026-09-18",2150,"N20","nominal","2.0NRT",280.2,2.19,"N"
"5170",65.35976,83.18526,297.72,0.47,0.4,"2026-09-18",2150,"N20","nominal","2.0NRT",274.37,2.19,"N"
"5171",65.35553,83.20328,316.46,0.47,0.4,"2026-09-18",2150,"N20","nominal","2.0NRT",274.03,1.97,"N"
"5172",65.35444,83.1899,309.37,0.47,0.4,"2026-09-18",2150,"N20","nominal","2.0NRT",276.41,2.19,"N"
"5173",65.35233,83.19889,306.02,0.47,0.4,"2026-09-18",2150,"N20","nominal","2.0NRT",274.81,1.97,"N"
"5174",65.35021,83.20789,307.58,0.47,0.4,"2026-09-18",2150,"N20","nominal","2.0NRT",271.35,1.97,"N"
"5175",65.34912,83.19453,309.05,0.47,0.4,"2026-09-18",2150,"N20","nominal","2.0NRT",276.12,1.63,"N"
"5176",65.34591,83.19016,300.41,0.47,0.4,"2026-09-18",2150,"N20","nominal","2.0NRT",274.42,1.63,"N"
"5177",65.34379,83.19917,301.51,0.47,0.4,"2026-09-18",2150,"N20","nominal","2.0NRT",272.94,1.63,"N"
"5178",65.41126,82.82009,295.02,0.46,0.39,"2026-09-18",2150,"N20","nominal","2.0NRT",267.33,0.51,"N"
"5179",60.78151,97.06487,367,0.52,0.67,"2026-09-18",2150,"N20","high","2.0NRT",266.53,17.18,"N"
"5180",60.77821,97.07238,345.92,0.52,0.67,"2026-09-18",2150,"N20","nominal","2.0NRT",272.31,17.18,"N"
"5181",60.44024,97.79419,335.82,0.57,0.69,"2026-09-18",2150,"N20","nominal","2.0NRT",269.36,5.84,"N"
"5182",60.43895,97.68217,349.95,0.56,0.69,"2026-09-18",2150,"N20","nominal","2.0NRT",268.59,4.46,"N"
"5183",60.43447,97.67296,321.1,0.56,0.69,"2026-09-18",2150,"N20","nominal","2.0NRT",266.5,4.46,"N"
"5184",60.43817,97.67319,352.07,0.56,0.69,"2026-09-18",2150,"N20","nominal","2.0NRT",265.85,6.53,"N"
"5185",60.43493,97.68046,321.85,0.56,0.69,"2026-09-18",2150,"N20","nominal","2.0NRT",269,6.53,"N"
"5186",66.5509,76.69304,302.56,0.39,0.36,"2026-09-18",2150,"N20","nominal","2.0NRT",271.89,0.48,"N"
"5187",66.56042,76.61697,297.24,0.39,0.36,"2026-09-18",2150,"N20","nominal","2.0NRT",269.9,0.4,"N"
"5188",66.33292,77.83143,313.15,0.39,0.36,"2026-09-18",2150,"N20","nominal","2.0NRT",272.05,1.56,"N"
"5189",60.44466,97.54339,367,0.56,0.69,"2026-09-18",2150,"N20","high","2.0NRT",267.84,13.62,"N"
"5190",60.44125,97.55103,349.1,0.56,0.69,"2026-09-18",2150,"N20","nominal","2.0NRT",271.6,13.62,"N"
"5191",60.49404,97.41352,301.93,0.55,0.68,"2026-09-18",2150,"N20","nominal","2.0NRT",270.16,1.16,"N"
"5192",60.40362,97.48168,297.31,0.56,0.69,"2026-09-18",2150,"N20","nominal","2.0NRT",269.35,0.98,"N"
"5193",65.23029,82.90993,301.06,0.47,0.4,"2026-09-18",2150,"N20","nominal","2.0NRT",274.92,1.92,"N"
"5194",65.22707,82.90572,299.33,0.47,0.4,"2026-09-18",2150,"N20","nominal","2.0NRT",274.87,1.68,"N"
"5195",60.39922,97.47877,304.3,0.56,0.69,"2026-09-18",2153,"N20","nominal","2.0NRT",269.07,0.8,"N"
"5196",60.45039,97.15223,367,0.54,0.68,"2026-09-18",2153,"N20","high","2.0NRT",270.64,12.42,"N"
"5197",60.44694,97.16003,308.47,0.54,0.68,"2026-09-18",2153,"N20","nominal","2.0NRT",269.8,8.07,"N"
"5198",64.74632,84.44117,304.53,0.52,0.42,"2026-09-18",2153,"N20","nominal","2.0NRT",270.7,1.37,"N"
"5199",66.18958,77.69083,325.15,0.39,0.36,"2026-09-18",2153,"N20","nominal","2.0NRT",276.13,2.48,"N"
"5200",66.31118,76.9985,326.87,0.39,0.36,"2026-09-18",2153,"N20","nominal","2.0NRT",281.15,20.85,"N"
"5201",66.18651,77.68737,305.99,0.39,0.36,"2026-09-18",2153,"N20","nominal","2.0NRT",273.76,2.48,"N"
"5202",66.31961,76.79063,319.94,0.39,0.36,"2026-09-18",2153,"N20","nominal","2.0NRT",277.86,6.93,"N"
"5203",66.2003,77.23392,326.64,0.39,0.36,"2026-09-18",2153,"N20","nominal","2.0NRT",274.4,1.36,"N"
"5204",66.27822,76.75521,327.72,0.39,0.36,"2026-09-18",2153,"N20","nominal","2.0NRT",274.04,4.54,"N"
"5205",66.24873,76.81853,324.44,0.39,0.36,"2026-09-18",2153,"N20","nominal","2.0NRT",287.14,44.95,"N"
"5206",66.46382,75.5186,315.4,0.38,0.36,"2026-09-18",2153,"N20","nominal","2.0NRT",270.67,1.38,"N"
"5207",66.46072,75.5154,305.19,0.38,0.36,"2026-09-18",2153,"N20","nominal","2.0NRT",271.72,0.87,"N"
"5208",66.13107,77.31085,323.88,0.39,0.36,"2026-09-18",2153,"N20","nominal","2.0NRT",272.04,1.44,"N"
"5209",65.82549,78.82448,317.59,0.4,0.37,"2026-09-18",2153,"N20","nominal","2.0NRT",272.06,1.34,"N"
"5210",65.33778,81.00528,305.38,0.44,0.38,"2026-09-18",2153,"N20","nominal","2.0NRT",271.54,1.14,"N"
"5211",66.11374,77.06612,320.74,0.39,0.36,"2026-09-18",2153,"N20","nominal","2.0NRT",274.23,2.76,"N"
"5212",66.11517,77.05814,309.05,0.39,0.36,"2026-09-18",2153,"N20","nominal","2.0NRT",270.99,3.93,"N"
"5213",66.11066,77.06276,323.2,0.39,0.36,"2026-09-18",2153,"N20","nominal","2.0NRT",272.09,2.76,"N"
"5214",60.43215,96.50974,338.75,0.53,0.67,"2026-09-18",2153,"N20","nominal","2.0NRT",275.32,21.71,"N"
"5215",60.42901,96.51694,340.36,0.53,0.67,"2026-09-18",2153,"N20","nominal","2.0NRT",285.06,21.71,"N"
"5216",60.42731,96.50184,326.88,0.53,0.67,"2026-09-18",2153,"N20","nominal","2.0NRT",274.86,7.42,"N"
"5217",60.42421,96.50896,367,0.53,0.67,"2026-09-18",2153,"N20","high","2.0NRT",275.04,7.42,"N"
"5218",66.36386,75.44755,299.57,0.38,0.36,"2026-09-18",2153,"N20","nominal","2.0NRT",275.71,0.69,"N"
"5219",66.10653,76.83939,298.33,0.39,0.36,"2026-09-18",2153,"N20","nominal","2.0NRT",273.43,0.35,"N"
"5220",66.09753,76.84865,328.33,0.39,0.36,"2026-09-18",2153,"N20","nominal","2.0NRT",274.65,2.91,"N"
"5221",66.0514,77.01044,325.54,0.39,0.36,"2026-09-18",2153,"N20","nominal","2.0NRT",273.22,1.71,"N"
"5222",60.44195,96.25696,296.64,0.52,0.67,"2026-09-18",2153,"N20","nominal","2.0NRT",268.34,31.03,"N"
"5223",60.43739,96.24854,367,0.52,0.67,"2026-09-18",2153,"N20","high","2.0NRT",282.83,31.03,"N"
"5224",60.43369,96.25715,336.36,0.52,0.67,"2026-09-18",2153,"N20","nominal","2.0NRT",272.18,44.27,"N"
"5225",65.90623,77.24232,329.19,0.39,0.36,"2026-09-18",2153,"N20","nominal","2.0NRT",275.52,2.09,"N"
"5226",65.99002,76.68085,295.62,0.39,0.36,"2026-09-18",2153,"N20","nominal","2.0NRT",272.03,0.3,"N"
"5227",65.98695,76.67755,309.27,0.39,0.36,"2026-09-18",2153,"N20","nominal","2.0NRT",271.9,1.23,"N"
"5228",63.47906,87.37306,297.46,0.45,0.47,"2026-09-18",2153,"N20","nominal","2.0NRT",273.75,0.92,"N"
"5229",63.41257,87.44035,295.31,0.45,0.47,"2026-09-18",2153,"N20","nominal","2.0NRT",272.53,1.14,"N"
"5230",65.85981,76.9568,324.98,0.39,0.36,"2026-09-18",2153,"N20","nominal","2.0NRT",277.1,8.51,"N"
"5231",65.8387,76.79528,296.2,0.39,0.36,"2026-09-18",2153,"N20","nominal","2.0NRT",276.89,1.13,"N"
"5232",65.82734,76.85849,311.52,0.39,0.36,"2026-09-18",2153,"N20","nominal","2.0NRT",274.25,0.76,"N"
"5233",63.35641,87.42816,298.35,0.46,0.47,"2026-09-18",2153,"N20","nominal","2.0NRT",273.73,1.05,"N"
"5234",64.71162,82.12458,303.23,0.47,0.4,"2026-09-18",2153,"N20","nominal","2.0NRT",270.14,1,"N"
"5235",65.81215,76.73861,299.02,0.39,0.36,"2026-09-18",2153,"N20","nominal","2.0NRT",273.6,0.74,"N"
"5236",64.70839,82.12048,295.38,0.47,0.4,"2026-09-18",2153,"N20","nominal","2.0NRT",269.41,1,"N"
"5237",65.59351,76.57909,299.24,0.39,0.36,"2026-09-18",2153,"N20","nominal","2.0NRT",271.86,1.2,"N"
"5238",65.59183,76.56802,302.19,0.39,0.36,"2026-09-18",2153,"N20","nominal","2.0NRT",271.32,1.1,"N"
"5239",65.62321,76.33098,296.27,0.39,0.36,"2026-09-18",2153,"N20","nominal","2.0NRT",274.88,0.86,"N"
"5240",65.62182,76.33882,298.92,0.39,0.36,"2026-09-18",2153,"N20","nominal","2.0NRT",271.09,0.74,"N"
"5241",65.31151,77.41597,295.81,0.4,0.37,"2026-09-18",2153,"N20","nominal","2.0NRT",273.93,0.51,"N"
"5242",65.09537,78.29945,327.99,0.41,0.37,"2026-09-18",2153,"N20","nominal","2.0NRT",276.65,10.2,"N"
"5243",63.16689,86.00948,296.27,0.43,0.46,"2026-09-18",2153,"N20","nominal","2.0NRT",268.94,0.62,"N"
"5244",63.1657,86.00956,297.73,0.43,0.46,"2026-09-18",2153,"N20","nominal","2.0NRT",269.33,1.54,"N"
"5245",64.93587,78.33748,299.48,0.41,0.37,"2026-09-18",2153,"N20","nominal","2.0NRT",273.13,0.67,"N"
"5246",64.84844,77.25301,319.24,0.4,0.37,"2026-09-18",2153,"N20","nominal","2.0NRT",273.35,1.82,"N"
"5247",65.55563,72.77551,305.14,0.39,0.36,"2026-09-18",2153,"N20","nominal","2.0NRT",276.95,0.8,"N"
"5248",65.55368,72.76471,300.31,0.39,0.36,"2026-09-18",2153,"N20","nominal","2.0NRT",277.09,0.87,"N"
"5249",65.55247,72.77273,301.43,0.39,0.36,"2026-09-18",2153,"N20","nominal","2.0NRT",276.96,0.87,"N"
"5250",65.55126,72.78075,296.55,0.39,0.36,"2026-09-18",2153,"N20","nominal","2.0NRT",275.51,0.81,"N"
"5251",65.0674,75.463,326.48,0.39,0.36,"2026-09-18",2153,"N20","nominal","2.0NRT",273.62,1.75,"N"
"5252",65.07009,75.44759,307.56,0.39,0.36,"2026-09-18",2153,"N20","nominal","2.0NRT",273.15,1.15,"N"
"5253",65.06875,75.45529,315.98,0.39,0.36,"2026-09-18",2153,"N20","nominal","2.0NRT",277.33,1.15,"N"
"5254",65.06605,75.4707,307.12,0.39,0.36,"2026-09-18",2153,"N20","nominal","2.0NRT",272.27,1.75,"N"
"5255",65.06699,75.44455,298.48,0.39,0.36,"2026-09-18",2153,"N20","nominal","2.0NRT",272.64,0.78,"N"
"5256",65.06564,75.45226,300.35,0.39,0.36,"2026-09-18",2153,"N20","nominal","2.0NRT",275.8,0.78,"N"
"5257",65.05755,75.49846,295.85,0.39,0.36,"2026-09-18",2153,"N20","nominal","2.0NRT",271.64,0.74,"N"
"5258",65.0531,75.50311,298.81,0.39,0.36,"2026-09-18",2153,"N20","nominal","2.0NRT",271.79,0.72,"N"
"5259",65.04868,75.49131,297.06,0.39,0.36,"2026-09-18",2153,"N20","nominal","2.0NRT",273.75,0.45,"N"
"5260",65.04827,75.47286,301.99,0.39,0.36,"2026-09-18",2153,"N20","nominal","2.0NRT",272.42,0.72,"N"
"5261",65.04692,75.48056,307.08,0.39,0.36,"2026-09-18",2153,"N20","nominal","2.0NRT",272.94,0.72,"N"
"5262",65.0519,75.43132,298.06,0.39,0.36,"2026-09-18",2153,"N20","nominal","2.0NRT",272.36,0.43,"N"
"5263",65.04112,75.49292,303.1,0.39,0.36,"2026-09-18",2153,"N20","nominal","2.0NRT",273.33,1.13,"N"
"5264",65.05014,75.42058,314.02,0.39,0.36,"2026-09-18",2153,"N20","nominal","2.0NRT",273.29,1.72,"N"
"5265",65.0488,75.42828,319.92,0.39,0.36,"2026-09-18",2153,"N20","nominal","2.0NRT",273.45,1.72,"N"
"5266",65.04569,75.42524,320.88,0.39,0.36,"2026-09-18",2153,"N20","nominal","2.0NRT",273.67,1.72,"N"
"5267",65.04166,75.44834,309.98,0.39,0.36,"2026-09-18",2153,"N20","nominal","2.0NRT",272.89,1.7,"N"
"5268",65.03721,75.453,295.81,0.39,0.36,"2026-09-18",2153,"N20","nominal","2.0NRT",272.1,0.56,"N"
"5269",65.03277,75.45766,298.23,0.39,0.36,"2026-09-18",2153,"N20","nominal","2.0NRT",273.56,0.54,"N"
"5270",65.02562,75.4777,301.18,0.39,0.36,"2026-09-18",2153,"N20","nominal","2.0NRT",274.43,1.76,"N"
"5271",65.02791,75.44388,304.51,0.39,0.36,"2026-09-18",2153,"N20","nominal","2.0NRT",272.41,0.95,"N"
"5272",65.02657,75.45158,296.6,0.39,0.36,"2026-09-18",2153,"N20","nominal","2.0NRT",272.76,1.53,"N"
"5273",64.18875,79.64118,299.87,0.44,0.38,"2026-09-18",2153,"N20","nominal","2.0NRT",273.42,0.71,"N"
"5274",65.01615,75.26144,319.86,0.39,0.36,"2026-09-18",2153,"N20","nominal","2.0NRT",274.48,2,"N"
"5275",65.01482,75.26913,318.25,0.39,0.36,"2026-09-18",2153,"N20","nominal","2.0NRT",279.62,2,"N"
"5276",65.00504,75.30456,297.36,0.39,0.36,"2026-09-18",2153,"N20","nominal","2.0NRT",274.43,1.57,"N"
"5277",65.00101,75.32761,307.21,0.39,0.36,"2026-09-18",2153,"N20","nominal","2.0NRT",279.69,1.27,"N"
"5278",64.99791,75.3246,303.93,0.39,0.36,"2026-09-18",2153,"N20","nominal","2.0NRT",275.69,1.27,"N"
"5279",65.00819,75.24473,300.43,0.39,0.36,"2026-09-18",2153,"N20","nominal","2.0NRT",277.42,0.84,"N"
"5280",65.24713,73.62006,304.49,0.38,0.36,"2026-09-18",2153,"N20","nominal","2.0NRT",277.61,1.69,"N"
"5281",65.244,73.61721,299.92,0.38,0.36,"2026-09-18",2153,"N20","nominal","2.0NRT",274.96,1.18,"N"
"5282",65.28484,73.31416,297.68,0.39,0.36,"2026-09-18",2153,"N20","nominal","2.0NRT",276.11,0.67,"N"
"5283",64.90839,75.50929,315.54,0.39,0.36,"2026-09-18",2153,"N20","nominal","2.0NRT",272.79,1.15,"N"
"5284",64.68652,76.73068,296.07,0.4,0.37,"2026-09-18",2153,"N20","nominal","2.0NRT",274.85,0.43,"N"
"5285",64.9105,75.33173,301.17,0.39,0.36,"2026-09-18",2153,"N20","nominal","2.0NRT",276.09,0.86,"N"
"5286",64.41971,77.70829,326.03,0.41,0.37,"2026-09-18",2153,"N20","nominal","2.0NRT",275.35,2.3,"N"
"5287",64.8702,75.23006,296.38,0.39,0.36,"2026-09-18",2153,"N20","nominal","2.0NRT",275.18,0.36,"N"
"5288",64.75359,75.42286,326.41,0.39,0.36,"2026-09-18",2153,"N20","nominal","2.0NRT",274.98,2.52,"N"
"5289",64.88339,73.96925,298.56,0.38,0.36,"2026-09-18",2153,"N20","nominal","2.0NRT",275.15,0.63,"N"
"5290",64.87217,73.9502,299.6,0.38,0.36,"2026-09-18",2153,"N20","nominal","2.0NRT",275.98,2.03,"N"
"5291",64.78275,74.48581,307.63,0.38,0.36,"2026-09-18",2153,"N20","nominal","2.0NRT",272.35,1.07,"N"
"5292",64.86778,73.95503,298.65,0.38,0.36,"2026-09-18",2153,"N20","nominal","2.0NRT",275.1,1.24,"N"
"5293",64.77576,74.50579,299.98,0.38,0.36,"2026-09-18",2153,"N20","nominal","2.0NRT",277.45,0.75,"N"
"5294",64.86592,73.94452,304.33,0.38,0.36,"2026-09-18",2153,"N20","nominal","2.0NRT",273.46,1.24,"N"
"5295",64.86466,73.95219,312.95,0.38,0.36,"2026-09-18",2153,"N20","nominal","2.0NRT",275.14,1.24,"N"
"5296",64.77265,74.5029,302.96,0.38,0.36,"2026-09-18",2153,"N20","nominal","2.0NRT",272.95,0.75,"N"
"5297",64.76487,74.48821,304.86,0.38,0.36,"2026-09-18",2153,"N20","nominal","2.0NRT",272.15,0.88,"N"
"5298",64.76358,74.49584,310.58,0.38,0.36,"2026-09-18",2153,"N20","nominal","2.0NRT",273.02,1.18,"N"
"5299",65.0733,72.10198,332.63,0.39,0.36,"2026-09-18",2153,"N20","nominal","2.0NRT",277.58,3.71,"N"
"5300",65.07211,72.10991,349.7,0.39,0.36,"2026-09-18",2153,"N20","nominal","2.0NRT",278.22,3.71,"N"
"5301",65.07448,72.09407,299.05,0.39,0.36,"2026-09-18",2153,"N20","nominal","2.0NRT",274.84,0.92,"N"
"5302",65.07093,72.11783,306.11,0.39,0.36,"2026-09-18",2153,"N20","nominal","2.0NRT",273.73,1.27,"N"
"5303",65.06776,72.11516,323.25,0.39,0.36,"2026-09-18",2153,"N20","nominal","2.0NRT",274.72,1.27,"N"
"5304",65.0713,72.0914,306.17,0.39,0.36,"2026-09-18",2153,"N20","nominal","2.0NRT",276.69,0.92,"N"
"5305",65.07012,72.09932,300.11,0.39,0.36,"2026-09-18",2153,"N20","nominal","2.0NRT",274.66,3.71,"N"
"5306",65.06657,72.12308,297.33,0.39,0.36,"2026-09-18",2153,"N20","nominal","2.0NRT",273.72,1.27,"N"
"5307",65.06539,72.13099,300.65,0.39,0.36,"2026-09-18",2153,"N20","nominal","2.0NRT",273.09,0.56,"N"
"5308",65.06577,72.10458,323.85,0.39,0.36,"2026-09-18",2153,"N20","nominal","2.0NRT",275.24,2.36,"N"
"5309",65.06459,72.1125,311.43,0.39,0.36,"2026-09-18",2153,"N20","nominal","2.0NRT",275.22,1.29,"N"
"5310",65.06341,72.12041,307.56,0.39,0.36,"2026-09-18",2153,"N20","nominal","2.0NRT",273.57,1.29,"N"
"5311",65.06223,72.12833,300.38,0.39,0.36,"2026-09-18",2153,"N20","nominal","2.0NRT",272.79,1.39,"N"
"5312",65.04275,71.90958,298.5,0.39,0.36,"2026-09-18",2153,"N20","nominal","2.0NRT",275.31,0.91,"N"
"5313",65.04157,71.9175,310.24,0.39,0.36,"2026-09-18",2153,"N20","nominal","2.0NRT",274.48,0.91,"N"
"5314",65.04039,71.92543,316.07,0.39,0.36,"2026-09-18",2153,"N20","nominal","2.0NRT",274.81,1.52,"N"
"5315",65.03721,71.92279,299.88,0.39,0.36,"2026-09-18",2153,"N20","nominal","2.0NRT",274.4,0.68,"N"
"5316",65.03603,71.93072,303.17,0.39,0.36,"2026-09-18",2153,"N20","nominal","2.0NRT",274.51,0.68,"N"
"5317",65.03285,71.92807,299.06,0.39,0.36,"2026-09-18",2153,"N20","nominal","2.0NRT",274.64,0.68,"N"
"5318",64.73409,73.74977,322.82,0.38,0.36,"2026-09-18",2153,"N20","nominal","2.0NRT",279.41,2.36,"N"
"5319",64.7466,73.67332,300.43,0.38,0.36,"2026-09-18",2153,"N20","nominal","2.0NRT",278.61,1.13,"N"
"5320",64.73284,73.75742,295,0.38,0.36,"2026-09-18",2153,"N20","nominal","2.0NRT",271.11,0.78,"N"
"5321",64.74347,73.67052,295.62,0.38,0.36,"2026-09-18",2153,"N20","nominal","2.0NRT",276.74,1.01,"N"
"5322",64.74035,73.66772,306.18,0.38,0.36,"2026-09-18",2153,"N20","nominal","2.0NRT",276.27,1.01,"N"
"5323",64.71222,73.73015,321.85,0.38,0.36,"2026-09-18",2153,"N20","nominal","2.0NRT",282.92,2.26,"N"
"5324",64.72346,73.66139,315.19,0.38,0.36,"2026-09-18",2153,"N20","nominal","2.0NRT",275.63,1.86,"N"
"5325",64.71097,73.73779,306.56,0.38,0.36,"2026-09-18",2153,"N20","nominal","2.0NRT",280.24,2.79,"N"
"5326",64.70346,73.73982,296.64,0.38,0.36,"2026-09-18",2153,"N20","nominal","2.0NRT",277.33,0.59,"N"
"5327",64.69408,73.77518,317.86,0.38,0.36,"2026-09-18",2153,"N20","nominal","2.0NRT",275.18,1.15,"N"
"5328",64.69095,73.77237,319.09,0.38,0.36,"2026-09-18",2153,"N20","nominal","2.0NRT",276.11,1.05,"N"
"5329",64.6897,73.78,302.2,0.38,0.36,"2026-09-18",2153,"N20","nominal","2.0NRT",273.98,1.05,"N"
"5330",64.68844,73.78763,312.45,0.38,0.36,"2026-09-18",2153,"N20","nominal","2.0NRT",276.11,1.39,"N"
"5331",64.68531,73.78482,302.12,0.38,0.36,"2026-09-18",2153,"N20","nominal","2.0NRT",273.22,1.39,"N"
"5332",64.40883,75.37424,300.81,0.39,0.36,"2026-09-18",2153,"N20","nominal","2.0NRT",272.49,0.4,"N"
"5333",64.66408,73.73954,308.79,0.38,0.36,"2026-09-18",2153,"N20","nominal","2.0NRT",277.53,1.57,"N"
"5334",64.66283,73.74716,301.71,0.38,0.36,"2026-09-18",2153,"N20","nominal","2.0NRT",277.11,0.7,"N"
"5335",64.66245,73.73071,310.65,0.38,0.36,"2026-09-18",2153,"N20","nominal","2.0NRT",278.88,2.04,"N"
"5336",64.66119,73.73833,314.23,0.38,0.36,"2026-09-18",2153,"N20","nominal","2.0NRT",280.06,1.29,"N"
"5337",64.65994,73.74595,303.68,0.38,0.36,"2026-09-18",2153,"N20","nominal","2.0NRT",279.11,1.29,"N"
"5338",64.65618,73.76881,296.28,0.38,0.36,"2026-09-18",2153,"N20","nominal","2.0NRT",277.26,1.32,"N"
"5339",64.65932,73.72791,325.54,0.38,0.36,"2026-09-18",2153,"N20","nominal","2.0NRT",277.63,2.04,"N"
"5340",64.65807,73.73553,318.88,0.38,0.36,"2026-09-18",2153,"N20","nominal","2.0NRT",279.77,1.29,"N"
"5341",64.65681,73.74315,302.69,0.38,0.36,"2026-09-18",2153,"N20","nominal","2.0NRT",275.33,1.29,"N"
"5342",64.64243,73.76523,295.78,0.38,0.36,"2026-09-18",2153,"N20","nominal","2.0NRT",272.95,0.49,"N"
"5343",64.60471,73.94978,298.13,0.38,0.36,"2026-09-18",2153,"N20","nominal","2.0NRT",277.33,0.65,"N"
"5344",64.25816,73.21904,296.78,0.38,0.36,"2026-09-18",2153,"N20","nominal","2.0NRT",275.32,0.96,"N"
"5345",64.18188,73.12115,321.44,0.38,0.36,"2026-09-18",2153,"N20","nominal","2.0NRT",277.11,2.02,"N"
"5346",64.17874,73.11847,325.86,0.38,0.36,"2026-09-18",2153,"N20","nominal","2.0NRT",281.84,2.21,"N"
"5347",64.17751,73.12598,311.25,0.38,0.36,"2026-09-18",2153,"N20","nominal","2.0NRT",279.28,2.35,"N"
"5348",64.17561,73.11579,309.86,0.38,0.36,"2026-09-18",2153,"N20","nominal","2.0NRT",277.64,2.21,"N"
"5349",64.16689,73.12544,297.85,0.38,0.36,"2026-09-18",2153,"N20","nominal","2.0NRT",275.58,0.88,"N"
"5350",63.47175,76.7757,297.74,0.41,0.37,"2026-09-18",2153,"N20","nominal","2.0NRT",273.99,0.68,"N"
"5351",63.4701,76.76499,295.31,0.41,0.37,"2026-09-18",2153,"N20","nominal","2.0NRT",273.98,0.68,"N"
"5352",63.46861,76.77261,314.64,0.41,0.37,"2026-09-18",2153,"N20","nominal","2.0NRT",274.98,0.68,"N"
"5353",65.3255,56.42481,311.32,0.56,0.51,"2026-09-18",2153,"N20","nominal","2.0NRT",279.33,1.98,"N"
"5354",62.87822,76.77039,295.62,0.42,0.37,"2026-09-18",2153,"N20","nominal","2.0NRT",274.34,0.54,"N"
"5355",65.04261,56.66747,340.7,0.55,0.51,"2026-09-18",2153,"N20","nominal","2.0NRT",281.44,8.16,"N"
"5356",65.02599,56.72314,303.31,0.54,0.51,"2026-09-18",2153,"N20","nominal","2.0NRT",280.21,1.1,"N"
"5357",65.00814,56.91921,312.55,0.54,0.51,"2026-09-18",2153,"N20","nominal","2.0NRT",280.05,1.89,"N"
"5358",62.33235,78.1645,317.49,0.45,0.39,"2026-09-18",2153,"N20","nominal","2.0NRT",277.62,1.86,"N"
"5359",63.24406,72.83799,309.45,0.38,0.36,"2026-09-18",2153,"N20","nominal","2.0NRT",274.77,1.02,"N"
"5360",62.36775,77.45143,317.71,0.43,0.38,"2026-09-18",2153,"N20","nominal","2.0NRT",278.52,1.47,"N"
"5361",62.38736,77.32143,297.25,0.43,0.38,"2026-09-18",2153,"N20","nominal","2.0NRT",275.72,0.55,"N"
"5362",62.38996,76.64155,319.5,0.42,0.38,"2026-09-18",2153,"N20","nominal","2.0NRT",276.76,1.39,"N"
"5363",62.33328,76.73258,302.55,0.42,0.38,"2026-09-18",2153,"N20","nominal","2.0NRT",276.83,0.91,"N"
"5364",62.88897,73.60454,315.37,0.39,0.36,"2026-09-18",2153,"N20","nominal","2.0NRT",278.53,0.9,"N"
"5365",60.86201,71.28252,295.34,0.39,0.36,"2026-09-18",2153,"N20","nominal","2.0NRT",272.05,0.66,"N"
"5366",59.47351,71.53644,310.67,0.39,0.36,"2026-09-18",2153,"N20","nominal","2.0NRT",281.92,1.19,"N"
"5367",59.41398,71.62921,328.45,0.39,0.36,"2026-09-18",2153,"N20","nominal","2.0NRT",285.07,6.2,"N"
"5368",59.41279,71.63583,295.76,0.39,0.36,"2026-09-18",2153,"N20","nominal","2.0NRT",281.26,6.2,"N"
"5369",57.42799,78.69919,295.3,0.41,0.45,"2026-09-18",2155,"N20","nominal","2.0NRT",276.24,0.88,"N"
"5370",59.9918,63.88521,325.81,0.45,0.39,"2026-09-18",2155,"N20","nominal","2.0NRT",269.47,2.58,"N"
"5371",59.62405,60.55285,300.14,0.55,0.42,"2026-09-18",2155,"N20","nominal","2.0NRT",277.98,1.2,"N"
"5372",53.67929,84.99418,312.84,0.46,0.63,"2026-09-18",2155,"N20","nominal","2.0NRT",277.36,2.38,"N"
"5373",53.67717,85.00024,297.85,0.46,0.63,"2026-09-18",2155,"N20","nominal","2.0NRT",277.76,2.08,"N"
"5374",58.35367,60.0769,309.57,0.55,0.42,"2026-09-18",2155,"N20","nominal","2.0NRT",276.99,1.28,"N"
"5375",58.35479,60.07106,304.88,0.55,0.42,"2026-09-18",2155,"N20","nominal","2.0NRT",276.73,1.94,"N"
"5376",58.39557,58.32911,298.53,0.41,0.45,"2026-09-18",2155,"N20","nominal","2.0NRT",274.16,0.46,"N"
"5377",55.38367,42.18091,312.37,0.38,0.36,"2026-09-18",2335,"N20","nominal","2.0NRT",282.88,1.38,"N"
"5378",51.2327,58.36963,300.56,0.51,0.66,"2026-09-18",2335,"N20","nominal","2.0NRT",280.72,1.59,"N"
"5379",51.22504,58.37144,304.27,0.51,0.66,"2026-09-18",2335,"N20","nominal","2.0NRT",281.67,1.66,"N"
"5380",51.21891,58.34901,296.27,0.51,0.66,"2026-09-18",2335,"N20","nominal","2.0NRT",281.6,1.06,"N"
"5381",53.03638,52.4123,300.81,0.52,0.5,"2026-09-18",2335,"N20","nominal","2.0NRT",277.88,1.12,"N"
"5382",54.286,47.26143,296.67,0.48,0.4,"2026-09-18",2335,"N20","nominal","2.0NRT",277.22,0.83,"N"
"5383",55.55384,39.41449,307.34,0.4,0.37,"2026-09-18",2335,"N20","nominal","2.0NRT",278.55,0.85,"N"
"5384",54.44536,45.86852,301.43,0.44,0.39,"2026-09-18",2335,"N20","nominal","2.0NRT",283.09,1.45,"N"
"5385",53.18797,50.99873,323.78,0.46,0.47,"2026-09-18",2335,"N20","nominal","2.0NRT",280.82,2.58,"N"
"5386",52.39969,53.72051,304.1,0.61,0.54,"2026-09-18",2335,"N20","nominal","2.0NRT",277.99,1.01,"N"
"5387",52.23036,54.12252,340.49,0.32,0.55,"2026-09-18",2335,"N20","nominal","2.0NRT",280.85,2.64,"N"
"5388",55.55524,37.75981,295.4,0.42,0.38,"2026-09-18",2335,"N20","nominal","2.0NRT",281.02,0.43,"N"
"5389",52.923,51.41904,298.06,0.48,0.48,"2026-09-18",2335,"N20","nominal","2.0NRT",277.59,0.61,"N"
"5390",51.64327,55.58654,319.17,0.38,0.59,"2026-09-18",2335,"N20","nominal","2.0NRT",281.41,1.94,"N"
"5391",51.87613,54.75706,304.54,0.35,0.57,"2026-09-18",2335,"N20","nominal","2.0NRT",280.96,1.3,"N"
"5392",51.87472,54.76167,319.43,0.35,0.57,"2026-09-18",2335,"N20","nominal","2.0NRT",282.57,2.38,"N"
"5393",51.87419,54.74419,367,0.35,0.57,"2026-09-18",2335,"N20","high","2.0NRT",284.78,16.84,"N"
"5394",51.8728,54.74873,341.76,0.35,0.57,"2026-09-18",2335,"N20","nominal","2.0NRT",292.13,10.92,"N"
"5395",52.56039,52.38284,299.27,0.54,0.51,"2026-09-18",2335,"N20","nominal","2.0NRT",280.26,0.88,"N"
"5396",51.87143,54.75324,304.15,0.35,0.57,"2026-09-18",2335,"N20","nominal","2.0NRT",281.45,10.92,"N"
"5397",51.87004,54.75778,300.98,0.35,0.57,"2026-09-18",2335,"N20","nominal","2.0NRT",282.25,1.14,"N"
"5398",52.86985,51.21637,302.32,0.48,0.48,"2026-09-18",2335,"N20","nominal","2.0NRT",279.99,1.98,"N"
"5399",51.87051,54.71787,306.7,0.35,0.57,"2026-09-18",2335,"N20","nominal","2.0NRT",280.9,1,"N"
"5400",51.90448,54.51094,303.78,0.34,0.56,"2026-09-18",2335,"N20","nominal","2.0NRT",280.48,0.57,"N"
"5401",51.59111,55.48035,303.53,0.38,0.59,"2026-09-18",2335,"N20","nominal","2.0NRT",280.65,0.68,"N"
"5402",51.58837,55.47857,302.07,0.38,0.59,"2026-09-18",2335,"N20","nominal","2.0NRT",281.02,0.76,"N"
"5403",51.60025,55.28465,309.97,0.38,0.58,"2026-09-18",2335,"N20","nominal","2.0NRT",280.16,1.15,"N"
"5404",51.60576,55.20887,325.29,0.37,0.58,"2026-09-18",2335,"N20","nominal","2.0NRT",279.8,2.19,"N"
"5405",51.61326,55.18485,297.01,0.37,0.58,"2026-09-18",2335,"N20","nominal","2.0NRT",278.27,0.97,"N"
"5406",51.61176,55.18964,308.82,0.37,0.58,"2026-09-18",2335,"N20","nominal","2.0NRT",280.18,0.97,"N"
"5407",51.60816,55.16255,334.57,0.37,0.58,"2026-09-18",2335,"N20","nominal","2.0NRT",281.43,3.4,"N"
"5408",51.5941,55.16897,324.48,0.37,0.58,"2026-09-18",2335,"N20","nominal","2.0NRT",279.74,1.84,"N"
"5409",51.59832,55.13621,321.94,0.37,0.58,"2026-09-18",2335,"N20","nominal","2.0NRT",279.66,1.79,"N"
"5410",52.55684,51.66651,299.29,0.51,0.49,"2026-09-18",2335,"N20","nominal","2.0NRT",277.13,0.69,"N"
"5411",55.06139,38.83619,315.88,0.4,0.37,"2026-09-18",2335,"N20","nominal","2.0NRT",284.18,1.59,"N"
"5412",51.84906,53.81329,309.3,0.32,0.55,"2026-09-18",2335,"N20","nominal","2.0NRT",279.28,0.39,"N"
"5413",52.22211,51.83628,313.98,0.53,0.5,"2026-09-18",2335,"N20","nominal","2.0NRT",278.99,2.01,"N"
"5414",51.87475,52.97884,309.66,0.6,0.53,"2026-09-18",2335,"N20","nominal","2.0NRT",278.67,1.38,"N"
"5415",51.87113,52.97746,312.56,0.6,0.53,"2026-09-18",2335,"N20","nominal","2.0NRT",279.58,1.61,"N"
"5416",51.81562,52.55089,331.66,0.58,0.52,"2026-09-18",2335,"N20","nominal","2.0NRT",280.53,4.18,"N"
"5417",50.35222,57.13401,296.91,0.49,0.65,"2026-09-18",2335,"N20","nominal","2.0NRT",281.36,0.46,"N"
"5418",52.01302,51.69081,301.68,0.53,0.5,"2026-09-18",2335,"N20","nominal","2.0NRT",280.21,0.68,"N"
"5419",51.60591,52.93264,333.57,0.61,0.53,"2026-09-18",2335,"N20","nominal","2.0NRT",283.07,7.35,"N"
"5420",51.60141,52.92936,298.47,0.61,0.53,"2026-09-18",2335,"N20","nominal","2.0NRT",279.4,7.35,"N"
"5421",51.59024,52.91138,298.88,0.61,0.53,"2026-09-18",2335,"N20","nominal","2.0NRT",279.98,0.94,"N"
"5422",51.62015,52.78806,309.72,0.6,0.53,"2026-09-18",2335,"N20","nominal","2.0NRT",280.92,1.11,"N"
"5423",52.01868,51.14758,321.13,0.5,0.49,"2026-09-18",2335,"N20","nominal","2.0NRT",279.9,2.18,"N"
"5424",51.56868,52.75993,319.68,0.6,0.53,"2026-09-18",2335,"N20","nominal","2.0NRT",282.14,14.42,"N"
"5425",51.56651,52.74872,335.87,0.6,0.53,"2026-09-18",2335,"N20","nominal","2.0NRT",289.4,14.42,"N"
"5426",52.02087,51.14982,308.67,0.5,0.49,"2026-09-18",2335,"N20","nominal","2.0NRT",278.3,1.3,"N"
"5427",52.01668,51.14694,300.26,0.5,0.49,"2026-09-18",2335,"N20","nominal","2.0NRT",278.22,1.3,"N"
"5428",51.56965,52.76298,316.52,0.6,0.53,"2026-09-18",2335,"N20","nominal","2.0NRT",282.19,4.66,"N"
"5429",51.56744,52.75173,351.46,0.6,0.53,"2026-09-18",2335,"N20","nominal","2.0NRT",288.02,20.53,"N"
"5430",51.32832,53.33258,298.28,0.32,0.55,"2026-09-18",2335,"N20","nominal","2.0NRT",281,0.76,"N"
"5431",54.48286,37.34087,299.11,0.42,0.38,"2026-09-18",2335,"N20","nominal","2.0NRT",279.28,0.76,"N"
"5432",54.24598,38.87247,305.51,0.4,0.37,"2026-09-18",2335,"N20","nominal","2.0NRT",280.94,1.28,"N"
"5433",54.21446,38.92263,316.39,0.39,0.37,"2026-09-18",2335,"N20","nominal","2.0NRT",286.12,1.87,"N"
"5434",51.84647,49.90341,299.86,0.46,0.47,"2026-09-18",2335,"N20","nominal","2.0NRT",279.92,0.81,"N"
"5435",54.16843,37.71202,306.19,0.41,0.37,"2026-09-18",2335,"N20","nominal","2.0NRT",279.35,0.69,"N"
"5436",54.08746,38.18516,296.86,0.4,0.37,"2026-09-18",2335,"N20","nominal","2.0NRT",284.84,1.3,"N"
"5437",54.08495,38.17777,323.97,0.4,0.37,"2026-09-18",2335,"N20","nominal","2.0NRT",284.92,2.6,"N"
"5438",52.01105,47.77142,297.39,0.57,0.43,"2026-09-18",2335,"N20","nominal","2.0NRT",281.81,0.96,"N"
"5439",52.00732,47.76914,296,0.57,0.43,"2026-09-18",2335,"N20","nominal","2.0NRT",281.6,0.58,"N"
"5440",52.0543,47.43816,302.08,0.55,0.43,"2026-09-18",2335,"N20","nominal","2.0NRT",284.29,1.12,"N"
"5441",48.47806,57.67572,313.85,0.6,0.71,"2026-09-18",2335,"N20","nominal","2.0NRT",280.26,1.89,"N"
"5442",48.47546,57.68296,301.86,0.6,0.71,"2026-09-18",2335,"N20","nominal","2.0NRT",280.19,1.89,"N"
"5443",68.41222,83.63086,367,0.36,0.57,"2026-09-18",2329,"N20","high","2.0NRT",277.03,4.13,"N"
"5444",48.47579,57.67795,329.09,0.6,0.71,"2026-09-18",2335,"N20","nominal","2.0NRT",281.39,3.48,"N"
"5445",68.41479,83.62566,299.26,0.36,0.57,"2026-09-18",2329,"N20","nominal","2.0NRT",270.97,4.13,"N"
"5446",48.53516,57.21827,325.7,0.57,0.69,"2026-09-18",2335,"N20","nominal","2.0NRT",281.31,4.08,"N"
"5447",48.5327,57.22526,305.4,0.57,0.69,"2026-09-18",2335,"N20","nominal","2.0NRT",281.77,3.43,"N"
"5448",68.21097,83.4599,301.64,0.36,0.58,"2026-09-18",2329,"N20","nominal","2.0NRT",270.44,0.66,"N"
"5449",48.38718,57.42328,367,0.59,0.7,"2026-09-18",2335,"N20","high","2.0NRT",283.8,8.58,"N"
"5450",68.20776,83.44838,295.68,0.36,0.58,"2026-09-18",2329,"N20","nominal","2.0NRT",270.02,0.66,"N"
"5451",48.38463,57.4305,303.3,0.59,0.7,"2026-09-18",2335,"N20","nominal","2.0NRT",281.31,8.58,"N"
"5452",68.2068,83.45294,333.72,0.36,0.58,"2026-09-18",2329,"N20","nominal","2.0NRT",270.6,1.99,"N"
"5453",48.33173,57.43417,300.54,0.59,0.7,"2026-09-18",2335,"N20","nominal","2.0NRT",281.13,1.34,"N"
"5454",48.3303,57.43277,307.63,0.59,0.7,"2026-09-18",2335,"N20","nominal","2.0NRT",280.93,1.39,"N"
"5455",67.79118,83.50108,330.57,0.38,0.59,"2026-09-18",2329,"N20","nominal","2.0NRT",272.32,1.5,"N"
"5456",52.56672,39.69861,331.12,0.38,0.36,"2026-09-18",2335,"N20","nominal","2.0NRT",286.96,4.65,"N"
"5457",67.65058,83.21102,306.43,0.39,0.59,"2026-09-18",2329,"N20","nominal","2.0NRT",270.4,1.25,"N"
"5458",52.56585,39.70417,328.25,0.38,0.36,"2026-09-18",2335,"N20","nominal","2.0NRT",285.76,3.39,"N"
"5459",52.55936,39.61267,327.13,0.38,0.36,"2026-09-18",2335,"N20","nominal","2.0NRT",285.43,2.26,"N"
"5460",67.55128,83.22089,296.51,0.39,0.6,"2026-09-18",2329,"N20","nominal","2.0NRT",273.19,12.2,"N"
"5461",52.56195,39.59596,296.68,0.38,0.36,"2026-09-18",2335,"N20","nominal","2.0NRT",285.13,1.03,"N"
"5462",67.55082,83.2037,354.48,0.39,0.6,"2026-09-18",2329,"N20","nominal","2.0NRT",276.95,12.2,"N"
"5463",52.56108,39.60153,303.21,0.38,0.36,"2026-09-18",2335,"N20","nominal","2.0NRT",286.24,1.03,"N"
"5464",67.54799,83.20925,335.6,0.39,0.6,"2026-09-18",2329,"N20","nominal","2.0NRT",292.25,12.2,"N"
"5465",52.5585,39.61823,312.05,0.38,0.36,"2026-09-18",2335,"N20","nominal","2.0NRT",287.85,1.91,"N"
"5466",68.71419,80.53207,321.03,0.61,0.54,"2026-09-18",2329,"N20","nominal","2.0NRT",271.12,2.81,"N"
"5467",52.5587,39.59461,318.54,0.38,0.36,"2026-09-18",2335,"N20","nominal","2.0NRT",288.42,1.03,"N"
"5468",68.71761,80.53408,316.25,0.61,0.54,"2026-09-18",2329,"N20","nominal","2.0NRT",270.55,1.62,"N"
"5469",52.55612,39.61131,318.13,0.38,0.36,"2026-09-18",2335,"N20","nominal","2.0NRT",284.4,2.26,"N"
"5470",67.27749,83.20917,324.67,0.41,0.6,"2026-09-18",2329,"N20","nominal","2.0NRT",269.48,3.42,"N"
"5471",52.55526,39.61688,295.65,0.38,0.36,"2026-09-18",2335,"N20","nominal","2.0NRT",284.83,1.91,"N"
"5472",67.27451,83.21489,329.17,0.41,0.6,"2026-09-18",2329,"N20","nominal","2.0NRT",272.13,3.31,"N"
"5473",52.55891,39.57099,332.34,0.38,0.36,"2026-09-18",2335,"N20","nominal","2.0NRT",291.86,16.86,"N"
"5474",67.27615,83.21351,367,0.41,0.6,"2026-09-18",2329,"N20","high","2.0NRT",273.27,5.03,"N"
"5475",52.55547,39.59326,311.47,0.38,0.36,"2026-09-18",2335,"N20","nominal","2.0NRT",286.68,1.65,"N"
"5476",67.28421,83.03417,333.95,0.4,0.6,"2026-09-18",2329,"N20","nominal","2.0NRT",271.26,5.88,"N"
"5477",52.55288,39.60996,300.6,0.38,0.36,"2026-09-18",2335,"N20","nominal","2.0NRT",284.65,0.78,"N"
"5478",67.28128,83.03992,342.14,0.4,0.6,"2026-09-18",2329,"N20","nominal","2.0NRT",274.67,6.37,"N"
"5479",52.55201,39.61552,302.09,0.38,0.36,"2026-09-18",2335,"N20","nominal","2.0NRT",284.16,0.7,"N"
"5480",71.68518,71.56966,326.24,0.49,0.4,"2026-09-18",2329,"N20","nominal","2.0NRT",271.77,2.88,"N"
"5481",52.54857,39.6377,297.56,0.38,0.36,"2026-09-18",2335,"N20","nominal","2.0NRT",284.11,1.58,"N"
"5482",71.00005,73.84003,323.54,0.56,0.43,"2026-09-18",2329,"N20","nominal","2.0NRT",277.56,3.18,"N"
"5483",52.54619,39.63078,343.59,0.38,0.36,"2026-09-18",2335,"N20","nominal","2.0NRT",287.4,7.18,"N"
"5484",68.52753,79.95984,340.52,0.61,0.54,"2026-09-18",2329,"N20","nominal","2.0NRT",275.01,8.96,"N"
"5485",68.52438,79.94935,315.7,0.61,0.54,"2026-09-18",2329,"N20","nominal","2.0NRT",271.16,8.96,"N"
"5486",52.54533,39.63634,327.15,0.38,0.36,"2026-09-18",2335,"N20","nominal","2.0NRT",285.82,1.58,"N"
"5487",71.25597,72.06819,306.74,0.51,0.41,"2026-09-18",2329,"N20","nominal","2.0NRT",273.94,1.07,"N"
"5488",52.55481,39.57521,306.07,0.38,0.36,"2026-09-18",2335,"N20","nominal","2.0NRT",284.16,16.86,"N"
"5489",67.19755,81.98684,338.46,0.39,0.6,"2026-09-18",2329,"N20","nominal","2.0NRT",271.13,3.78,"N"
"5490",52.54877,39.61417,304.5,0.38,0.36,"2026-09-18",2335,"N20","nominal","2.0NRT",283.43,0.7,"N"
"5491",67.19473,81.99249,305.24,0.39,0.6,"2026-09-18",2329,"N20","nominal","2.0NRT",271.69,2.86,"N"
"5492",52.55243,39.56829,328.14,0.38,0.36,"2026-09-18",2335,"N20","nominal","2.0NRT",286.89,3.19,"N"
"5493",67.19541,81.98767,351.9,0.39,0.6,"2026-09-18",2329,"N20","nominal","2.0NRT",273.76,4.1,"N"
"5494",52.54142,39.61702,323.95,0.38,0.36,"2026-09-18",2335,"N20","nominal","2.0NRT",286.82,1.69,"N"
"5495",67.82037,80.10781,306.17,0.34,0.56,"2026-09-18",2329,"N20","nominal","2.0NRT",271.32,0.59,"N"
"5496",52.54229,39.61146,311.18,0.38,0.36,"2026-09-18",2335,"N20","nominal","2.0NRT",283.74,1.69,"N"
"5497",67.8539,79.87339,327.63,0.33,0.56,"2026-09-18",2329,"N20","nominal","2.0NRT",271.79,2,"N"
"5498",52.5397,39.62807,300.01,0.38,0.36,"2026-09-18",2335,"N20","nominal","2.0NRT",284.49,1.22,"N"
"5499",67.85635,79.87473,322.96,0.33,0.56,"2026-09-18",2329,"N20","nominal","2.0NRT",270.79,1.74,"N"
"5500",52.53884,39.63363,295.49,0.38,0.36,"2026-09-18",2335,"N20","nominal","2.0NRT",283.74,0.56,"N"
"5501",67.85408,79.87983,299.74,0.33,0.56,"2026-09-18",2329,"N20","nominal","2.0NRT",270.85,1.44,"N"
"5502",52.5356,39.63228,330.88,0.38,0.36,"2026-09-18",2335,"N20","nominal","2.0NRT",290.46,2.43,"N"
"5503",66.93734,80.7411,303.63,0.39,0.59,"2026-09-18",2329,"N20","nominal","2.0NRT",274.62,1.76,"N"
"5504",52.53646,39.62672,303.38,0.38,0.36,"2026-09-18",2335,"N20","nominal","2.0NRT",284.45,2.52,"N"
"5505",66.94152,80.74364,301.18,0.39,0.59,"2026-09-18",2329,"N20","nominal","2.0NRT",272.51,0.95,"N"
"5506",52.53149,39.63649,301.24,0.38,0.36,"2026-09-18",2335,"N20","nominal","2.0NRT",284.85,2.43,"N"
"5507",66.93806,80.73277,295.24,0.39,0.59,"2026-09-18",2329,"N20","nominal","2.0NRT",270.48,0.89,"N"
"5508",52.52911,39.62957,300.55,0.38,0.36,"2026-09-18",2335,"N20","nominal","2.0NRT",283.79,1.17,"N"
"5509",65.35609,83.19605,298.29,0.52,0.67,"2026-09-18",2329,"N20","nominal","2.0NRT",274.28,2.4,"N"
"5510",52.52825,39.63513,316.08,0.38,0.36,"2026-09-18",2335,"N20","nominal","2.0NRT",285.26,1.17,"N"
"5511",66.71762,80.49927,331.46,0.39,0.6,"2026-09-18",2329,"N20","nominal","2.0NRT",272.55,1.97,"N"
"5512",52.52739,39.64069,308.36,0.38,0.36,"2026-09-18",2335,"N20","nominal","2.0NRT",283.88,1.05,"N"
"5513",66.72041,80.49352,306.9,0.39,0.6,"2026-09-18",2329,"N20","nominal","2.0NRT",270.21,1.97,"N"
"5514",51.44181,44.92136,296.79,0.47,0.4,"2026-09-18",2335,"N20","nominal","2.0NRT",280.41,0.56,"N"
"5515",65.358,83.19115,297.45,0.52,0.67,"2026-09-18",2329,"N20","nominal","2.0NRT",274.21,1.22,"N"
"5516",51.44113,44.92217,296.23,0.47,0.4,"2026-09-18",2335,"N20","nominal","2.0NRT",280.16,0.67,"N"
"5517",65.35422,83.19806,296.23,0.52,0.67,"2026-09-18",2329,"N20","nominal","2.0NRT",273.77,1.22,"N"
"5518",47.87947,57.46304,353.34,0.62,0.71,"2026-09-18",2335,"N20","nominal","2.0NRT",282.39,5.43,"N"
"5519",66.71882,80.49271,330.28,0.39,0.6,"2026-09-18",2329,"N20","nominal","2.0NRT",270.63,3.06,"N"
"5520",47.88211,57.45566,301.29,0.62,0.71,"2026-09-18",2335,"N20","nominal","2.0NRT",280.91,5.43,"N"
"5521",66.71605,80.4985,312.77,0.39,0.6,"2026-09-18",2329,"N20","nominal","2.0NRT",272.54,2.68,"N"
"5522",51.38417,42.47826,302.28,0.41,0.37,"2026-09-18",2337,"N20","nominal","2.0NRT",279.13,0.72,"N"
"5523",66.73383,80.42484,329.55,0.39,0.6,"2026-09-18",2329,"N20","nominal","2.0NRT",271.37,1.88,"N"
"5524",51.3831,42.48398,299.25,0.41,0.37,"2026-09-18",2337,"N20","nominal","2.0NRT",279.96,0.79,"N"
"5525",66.70749,80.44377,367,0.39,0.6,"2026-09-18",2329,"N20","high","2.0NRT",277.92,15.32,"N"
"5526",50.91158,44.5362,297.51,0.47,0.39,"2026-09-18",2337,"N20","nominal","2.0NRT",280.66,0.62,"N"
"5527",66.66835,80.45291,367,0.4,0.6,"2026-09-18",2329,"N20","high","2.0NRT",276.79,6.12,"N"
"5528",51.68962,39.03119,296.72,0.39,0.36,"2026-09-18",2337,"N20","nominal","2.0NRT",283.27,0.48,"N"
"5529",66.66277,80.46455,367,0.4,0.6,"2026-09-18",2329,"N20","high","2.0NRT",272.53,8.53,"N"
"5530",51.90734,35.731,305,0.43,0.38,"2026-09-18",2337,"N20","nominal","2.0NRT",279.69,0.69,"N"
"5531",66.60226,80.40877,324.59,0.4,0.6,"2026-09-18",2329,"N20","nominal","2.0NRT",270.04,1.53,"N"
"5532",66.59943,80.41459,302.29,0.4,0.6,"2026-09-18",2329,"N20","nominal","2.0NRT",270.14,1.53,"N"
"5533",66.60056,80.41094,336.54,0.4,0.6,"2026-09-18",2329,"N20","nominal","2.0NRT",271.07,2.35,"N"
"5534",66.87096,77.75113,335.63,0.35,0.56,"2026-09-18",2329,"N20","nominal","2.0NRT",272.21,1.73,"N"
"5535",51.87941,34.07688,301.48,0.48,0.4,"2026-09-18",2337,"N20","nominal","2.0NRT",266.61,0.94,"N"
"5536",66.86862,77.75648,295.91,0.35,0.56,"2026-09-18",2329,"N20","nominal","2.0NRT",271.95,1.73,"N"
"5537",51.26059,37.7631,320.96,0.39,0.36,"2026-09-18",2337,"N20","nominal","2.0NRT",287.78,1.89,"N"
"5538",64.71062,82.11768,295.85,0.55,0.68,"2026-09-18",2329,"N20","nominal","2.0NRT",270.81,0.87,"N"
"5539",51.25254,37.63574,297.98,0.39,0.36,"2026-09-18",2337,"N20","nominal","2.0NRT",285.26,0.46,"N"
"5540",64.71113,82.12152,296.48,0.55,0.68,"2026-09-18",2329,"N20","nominal","2.0NRT",271.27,0.83,"N"
"5541",51.14122,37.92703,327.12,0.39,0.36,"2026-09-18",2337,"N20","nominal","2.0NRT",278.06,2.32,"N"
"5542",66.76894,77.18529,297.88,0.34,0.56,"2026-09-18",2329,"N20","nominal","2.0NRT",272.62,0.29,"N"
"5543",51.14041,37.93254,318.39,0.39,0.36,"2026-09-18",2337,"N20","nominal","2.0NRT",283,2.32,"N"
"5544",66.68683,77.31609,309.96,0.35,0.56,"2026-09-18",2329,"N20","nominal","2.0NRT",271.28,1.18,"N"
"5545",51.12095,37.99491,301.27,0.39,0.36,"2026-09-18",2337,"N20","nominal","2.0NRT",282.73,0.61,"N"
"5546",50.37935,39.63176,304.3,0.39,0.36,"2026-09-18",2337,"N20","nominal","2.0NRT",280.06,0.68,"N"
"5547",66.66458,77.31377,333.58,0.35,0.57,"2026-09-18",2329,"N20","nominal","2.0NRT",269.98,3.5,"N"
"5548",50.85816,35.46878,295.91,0.43,0.38,"2026-09-18",2337,"N20","nominal","2.0NRT",279.76,0.79,"N"
"5549",66.66225,77.31918,322.91,0.35,0.57,"2026-09-18",2329,"N20","nominal","2.0NRT",272.32,3.36,"N"
"5550",50.61548,36.60082,302.28,0.4,0.37,"2026-09-18",2337,"N20","nominal","2.0NRT",284.48,0.59,"N"
"5551",66.57977,77.36553,306.57,0.35,0.57,"2026-09-18",2329,"N20","nominal","2.0NRT",271.01,0.69,"N"
"5552",50.15002,39.68441,315.92,0.39,0.36,"2026-09-18",2337,"N20","nominal","2.0NRT",284.35,1.96,"N"
"5553",66.33214,77.83527,309.84,0.37,0.58,"2026-09-18",2329,"N20","nominal","2.0NRT",272.59,0.98,"N"
"5554",48.50417,44.6279,310.73,0.52,0.42,"2026-09-18",2337,"N20","nominal","2.0NRT",285.58,1.98,"N"
"5555",66.3325,77.83909,302.41,0.37,0.58,"2026-09-18",2329,"N20","nominal","2.0NRT",271.99,0.76,"N"
"5556",49.66015,37.98637,310.46,0.39,0.36,"2026-09-18",2337,"N20","nominal","2.0NRT",279.68,0.53,"N"
"5557",67.01591,76.1957,301.15,0.32,0.54,"2026-09-18",2329,"N20","nominal","2.0NRT",272.52,1.72,"N"
"5558",66.40639,77.47251,355.06,0.36,0.57,"2026-09-18",2329,"N20","nominal","2.0NRT",271.41,5.71,"N"
"5559",50.05181,34.00908,298.62,0.46,0.39,"2026-09-18",2337,"N20","nominal","2.0NRT",282.78,0.52,"N"
"5560",45.89777,53.29683,337.73,0.48,0.65,"2026-09-18",2337,"N20","nominal","2.0NRT",285.39,3.54,"N"
"5561",66.66283,76.84424,342.25,0.34,0.56,"2026-09-18",2329,"N20","nominal","2.0NRT",271.5,2.16,"N"
"5562",45.89883,53.29873,334.59,0.48,0.65,"2026-09-18",2337,"N20","nominal","2.0NRT",285.19,2.8,"N"
"5563",66.66055,76.84956,309.94,0.34,0.56,"2026-09-18",2329,"N20","nominal","2.0NRT",272.03,2.16,"N"
"5564",48.37528,42.58117,295.78,0.45,0.39,"2026-09-18",2337,"N20","nominal","2.0NRT",281.37,0.64,"N"
"5565",66.47511,77.1701,296.07,0.35,0.57,"2026-09-18",2329,"N20","nominal","2.0NRT",271.7,0.64,"N"
"5566",67.28976,75.11069,309.08,0.59,0.53,"2026-09-18",2329,"N20","nominal","2.0NRT",267.76,0.99,"N"
"5567",48.23849,42.51924,296.93,0.45,0.39,"2026-09-18",2337,"N20","nominal","2.0NRT",282.42,0.74,"N"
"5568",66.19084,77.69379,311.61,0.37,0.58,"2026-09-18",2329,"N20","nominal","2.0NRT",274.52,1.27,"N"
"5569",48.23732,42.5251,303.56,0.45,0.39,"2026-09-18",2337,"N20","nominal","2.0NRT",282.91,0.74,"N"
"5570",66.18725,77.68375,326.74,0.37,0.58,"2026-09-18",2329,"N20","nominal","2.0NRT",272.03,1.27,"N"
"5571",48.23505,42.5177,316.3,0.45,0.39,"2026-09-18",2337,"N20","nominal","2.0NRT",282.92,1.3,"N"
"5572",48.23042,42.52201,297.48,0.45,0.39,"2026-09-18",2337,"N20","nominal","2.0NRT",282.28,1.3,"N"
"5573",66.55273,76.70096,297.78,0.34,0.56,"2026-09-18",2329,"N20","nominal","2.0NRT",272.36,0.45,"N"
"5574",48.22697,42.52047,301.27,0.45,0.39,"2026-09-18",2337,"N20","nominal","2.0NRT",282.57,0.88,"N"
"5575",66.95749,75.54759,348.69,0.62,0.54,"2026-09-18",2331,"N20","nominal","2.0NRT",288.57,31.92,"N"
"5576",66.96156,75.53745,305.37,0.62,0.54,"2026-09-18",2331,"N20","nominal","2.0NRT",271.63,31.92,"N"
"5577",48.22353,42.51893,306.76,0.45,0.39,"2026-09-18",2337,"N20","nominal","2.0NRT",282.44,0.88,"N"
"5578",48.22805,42.51963,298.15,0.45,0.39,"2026-09-18",2337,"N20","nominal","2.0NRT",282.25,0.7,"N"
"5579",66.95402,75.5384,341.5,0.62,0.54,"2026-09-18",2331,"N20","nominal","2.0NRT",275.45,31.92,"N"
"5580",48.22689,42.52551,295.79,0.45,0.39,"2026-09-18",2337,"N20","nominal","2.0NRT",282.35,0.7,"N"
"5581",66.9068,75.60202,354.9,0.63,0.54,"2026-09-18",2331,"N20","nominal","2.0NRT",275.02,30.03,"N"
"5582",66.31315,77.00211,367,0.36,0.57,"2026-09-18",2331,"N20","high","2.0NRT",278.61,11.37,"N"
"5583",48.2246,42.51808,306.43,0.45,0.39,"2026-09-18",2337,"N20","nominal","2.0NRT",282.76,0.7,"N"
"5584",66.20017,77.24306,323.68,0.37,0.58,"2026-09-18",2331,"N20","nominal","2.0NRT",273.11,1.33,"N"
"5585",48.1961,42.37817,296.77,0.45,0.39,"2026-09-18",2337,"N20","nominal","2.0NRT",282.89,0.45,"N"
"5586",48.98716,37.79189,328.83,0.39,0.36,"2026-09-18",2337,"N20","nominal","2.0NRT",281.19,2.88,"N"
"5587",66.12982,77.31229,303.65,0.37,0.58,"2026-09-18",2331,"N20","nominal","2.0NRT",271.66,0.69,"N"
"5588",48.83506,37.77941,295.26,0.39,0.36,"2026-09-18",2337,"N20","nominal","2.0NRT",282.5,0.27,"N"
"5589",66.3187,76.7914,367,0.35,0.57,"2026-09-18",2331,"N20","high","2.0NRT",275.11,4.93,"N"
"5590",66.31985,76.78754,330.48,0.35,0.57,"2026-09-18",2331,"N20","nominal","2.0NRT",272.29,2.62,"N"
"5591",48.67918,37.96725,312.51,0.38,0.36,"2026-09-18",2337,"N20","nominal","2.0NRT",279.46,1.13,"N"
"5592",66.3175,76.79305,334.85,0.35,0.57,"2026-09-18",2331,"N20","nominal","2.0NRT",272.94,2.62,"N"
"5593",47.60521,43.6215,298.08,0.5,0.41,"2026-09-18",2337,"N20","nominal","2.0NRT",282.75,0.92,"N"
"5594",66.27808,76.75861,330.57,0.36,0.57,"2026-09-18",2331,"N20","nominal","2.0NRT",273.41,2.92,"N"
"5595",48.46696,38.75705,305.62,0.39,0.36,"2026-09-18",2337,"N20","nominal","2.0NRT",285.09,1.21,"N"
"5596",66.24958,76.8248,352.51,0.36,0.57,"2026-09-18",2331,"N20","nominal","2.0NRT",282.46,26.33,"N"
"5597",48.46612,38.76217,297.96,0.39,0.36,"2026-09-18",2337,"N20","nominal","2.0NRT",284.36,0.94,"N"
"5598",48.46412,38.75394,305.5,0.39,0.36,"2026-09-18",2337,"N20","nominal","2.0NRT",285.84,0.84,"N"
"5599",66.24597,76.81512,307.92,0.36,0.57,"2026-09-18",2331,"N20","nominal","2.0NRT",272.3,1.05,"N"
"5600",66.11371,77.0651,349.96,0.37,0.58,"2026-09-18",2331,"N20","nominal","2.0NRT",274.46,5.55,"N"
"5601",48.46087,38.75274,296.8,0.39,0.36,"2026-09-18",2337,"N20","nominal","2.0NRT",283.25,0.84,"N"
"5602",48.60873,37.53375,296.98,0.39,0.36,"2026-09-18",2337,"N20","nominal","2.0NRT",281.96,0.63,"N"
"5603",67.81174,72.53384,328.23,0.5,0.49,"2026-09-18",2331,"N20","nominal","2.0NRT",277.61,1.88,"N"
"5604",48.60638,37.5492,295.07,0.39,0.36,"2026-09-18",2337,"N20","nominal","2.0NRT",280.5,0.26,"N"
"5605",67.80844,72.52563,331.01,0.5,0.49,"2026-09-18",2331,"N20","nominal","2.0NRT",281.15,25.41,"N"
"5606",48.5444,37.68486,297.45,0.38,0.36,"2026-09-18",2337,"N20","nominal","2.0NRT",280.94,0.74,"N"
"5607",67.80537,72.53439,304.77,0.5,0.49,"2026-09-18",2331,"N20","nominal","2.0NRT",277.92,11.75,"N"
"5608",48.546,37.01582,299.44,0.39,0.36,"2026-09-18",2337,"N20","nominal","2.0NRT",281.17,0.51,"N"
"5609",66.05384,77.00694,308.11,0.37,0.58,"2026-09-18",2331,"N20","nominal","2.0NRT",271.82,0.83,"N"
"5610",48.53407,37.05004,295.7,0.39,0.36,"2026-09-18",2337,"N20","nominal","2.0NRT",283.17,0.44,"N"
"5611",66.05137,77.01262,296.11,0.37,0.58,"2026-09-18",2331,"N20","nominal","2.0NRT",271.2,0.83,"N"
"5612",48.47644,37.09494,303.58,0.39,0.36,"2026-09-18",2337,"N20","nominal","2.0NRT",279.77,0.86,"N"
"5613",67.8082,72.50875,325.51,0.5,0.49,"2026-09-18",2331,"N20","nominal","2.0NRT",279.66,25.41,"N"
"5614",48.47702,37.0679,304.24,0.39,0.36,"2026-09-18",2337,"N20","nominal","2.0NRT",280.44,0.73,"N"
"5615",67.80515,72.51743,337.75,0.5,0.49,"2026-09-18",2331,"N20","nominal","2.0NRT",298.84,25.41,"N"
"5616",48.28618,38.08757,299.3,0.38,0.36,"2026-09-18",2337,"N20","nominal","2.0NRT",284.6,0.57,"N"
"5617",67.80207,72.52617,317.65,0.5,0.49,"2026-09-18",2331,"N20","nominal","2.0NRT",282.3,11.75,"N"
"5618",48.43605,36.97245,314.69,0.39,0.36,"2026-09-18",2337,"N20","nominal","2.0NRT",279.58,0.86,"N"
"5619",67.8018,72.50932,343.88,0.5,0.49,"2026-09-18",2331,"N20","nominal","2.0NRT",289.96,19.63,"N"
"5620",48.36277,37.26115,296.37,0.39,0.36,"2026-09-18",2337,"N20","nominal","2.0NRT",279.44,0.56,"N"
"5621",67.80487,72.50062,319.6,0.5,0.49,"2026-09-18",2331,"N20","nominal","2.0NRT",278.58,19.63,"N"
"5622",66.10407,76.83689,297.21,0.36,0.58,"2026-09-18",2331,"N20","nominal","2.0NRT",272.65,0.51,"N"
"5623",48.35624,37.25893,301.62,0.39,0.36,"2026-09-18",2337,"N20","nominal","2.0NRT",280.77,0.88,"N"
"5624",48.20866,38.16584,313.31,0.38,0.36,"2026-09-18",2337,"N20","nominal","2.0NRT",281.45,1.16,"N"
"5625",66.09918,76.84821,297.7,0.37,0.58,"2026-09-18",2331,"N20","nominal","2.0NRT",272.65,1.04,"N"
"5626",48.20541,38.16468,297.35,0.38,0.36,"2026-09-18",2337,"N20","nominal","2.0NRT",279.61,1.16,"N"
"5627",65.90769,77.24903,328.49,0.38,0.59,"2026-09-18",2331,"N20","nominal","2.0NRT",273.83,1.8,"N"
"5628",48.09893,37.9264,305.91,0.38,0.36,"2026-09-18",2337,"N20","nominal","2.0NRT",284.17,0.87,"N"
"5629",65.98691,76.67657,295.27,0.37,0.58,"2026-09-18",2331,"N20","nominal","2.0NRT",271.37,1.17,"N"
"5630",48.05998,37.95556,311.28,0.38,0.36,"2026-09-18",2337,"N20","nominal","2.0NRT",285.58,1.14,"N"
"5631",65.86265,76.96091,302.27,0.38,0.59,"2026-09-18",2331,"N20","nominal","2.0NRT",272.02,0.61,"N"
"5632",65.85895,76.95118,346.72,0.38,0.59,"2026-09-18",2331,"N20","nominal","2.0NRT",271.7,2.98,"N"
"5633",48.15583,37.29149,303.82,0.39,0.36,"2026-09-18",2337,"N20","nominal","2.0NRT",282.88,0.97,"N"
"5634",48.51968,34.62896,330.38,0.43,0.38,"2026-09-18",2337,"N20","nominal","2.0NRT",284.68,5.09,"N"
"5635",65.85644,76.95688,301.99,0.38,0.59,"2026-09-18",2331,"N20","nominal","2.0NRT",271.84,2.98,"N"
"5636",66.46089,75.5186,295.21,0.33,0.55,"2026-09-18",2331,"N20","nominal","2.0NRT",270.25,0.59,"N"
"5637",48.51896,34.63472,299.28,0.43,0.38,"2026-09-18",2337,"N20","nominal","2.0NRT",282.98,2.94,"N"
"5638",65.82804,76.85828,301.82,0.38,0.59,"2026-09-18",2331,"N20","nominal","2.0NRT",272.99,0.95,"N"
"5639",48.47245,34.62706,304.46,0.43,0.38,"2026-09-18",2337,"N20","nominal","2.0NRT",285.21,1.08,"N"
"5640",48.47171,34.63283,295.71,0.43,0.38,"2026-09-18",2337,"N20","nominal","2.0NRT",285.09,1.08,"N"
"5641",65.82909,76.86333,302.25,0.38,0.59,"2026-09-18",2331,"N20","nominal","2.0NRT",272.94,1.28,"N"
"5642",48.03741,37.37332,313.34,0.39,0.36,"2026-09-18",2337,"N20","nominal","2.0NRT",282.83,0.95,"N"
"5643",65.0955,78.29613,350.42,0.44,0.62,"2026-09-18",2331,"N20","nominal","2.0NRT",274.69,4.5,"N"
"5644",48.03414,37.37221,304.33,0.39,0.36,"2026-09-18",2337,"N20","nominal","2.0NRT",282.28,0.95,"N"
"5645",65.31165,77.41747,297.03,0.41,0.61,"2026-09-18",2331,"N20","nominal","2.0NRT",272.23,0.46,"N"
"5646",64.18846,79.64228,295.35,0.52,0.67,"2026-09-18",2331,"N20","nominal","2.0NRT",273.09,0.82,"N"
"5647",47.83227,38.47522,310.29,0.39,0.36,"2026-09-18",2337,"N20","nominal","2.0NRT",285.42,1.76,"N"
"5648",65.59198,76.56911,295.57,0.38,0.59,"2026-09-18",2331,"N20","nominal","2.0NRT",271.11,0.62,"N"
"5649",48.1526,36.22241,303.99,0.4,0.37,"2026-09-18",2337,"N20","nominal","2.0NRT",283.08,0.89,"N"
"5650",64.84929,77.2496,298.69,0.43,0.62,"2026-09-18",2331,"N20","nominal","2.0NRT",272.55,0.95,"N"
"5651",48.13239,36.1939,310.74,0.4,0.37,"2026-09-18",2337,"N20","nominal","2.0NRT",280.86,0.89,"N"
"5652",64.85007,77.25848,316.77,0.43,0.62,"2026-09-18",2331,"N20","nominal","2.0NRT",273.41,1.34,"N"
"5653",44.91328,48.95942,332.03,0.33,0.55,"2026-09-18",2337,"N20","nominal","2.0NRT",290.42,1.92,"N"
"5654",64.41934,77.69729,300.43,0.47,0.64,"2026-09-18",2331,"N20","nominal","2.0NRT",273.1,1.27,"N"
"5655",44.99953,48.48154,345.13,0.62,0.54,"2026-09-18",2337,"N20","nominal","2.0NRT",290.16,15.48,"N"
"5656",64.41619,77.70392,296.02,0.47,0.64,"2026-09-18",2331,"N20","nominal","2.0NRT",272.91,1.23,"N"
"5657",47.87488,33.43855,298.46,0.46,0.39,"2026-09-18",2337,"N20","nominal","2.0NRT",284.85,0.73,"N"
"5658",65.06596,75.44337,301.54,0.39,0.59,"2026-09-18",2331,"N20","nominal","2.0NRT",272.06,0.6,"N"
"5659",47.8742,33.41328,301.91,0.46,0.39,"2026-09-18",2337,"N20","nominal","2.0NRT",285.22,1.57,"N"
"5660",65.04929,75.42726,299.68,0.39,0.59,"2026-09-18",2331,"N20","nominal","2.0NRT",271.69,0.47,"N"
"5661",65.0391,75.45068,301.86,0.39,0.59,"2026-09-18",2331,"N20","nominal","2.0NRT",272.66,1.02,"N"
"5662",65.06753,75.45229,297.69,0.39,0.59,"2026-09-18",2331,"N20","nominal","2.0NRT",274.32,1.53,"N"
"5663",47.6035,34.97788,298.61,0.41,0.37,"2026-09-18",2337,"N20","nominal","2.0NRT",283.95,0.62,"N"
"5664",65.04855,75.47835,296.39,0.39,0.59,"2026-09-18",2331,"N20","nominal","2.0NRT",271.47,0.38,"N"
"5665",47.60278,34.98336,304.98,0.41,0.37,"2026-09-18",2337,"N20","nominal","2.0NRT",285.21,0.62,"N"
"5666",65.03059,75.44704,299.3,0.39,0.59,"2026-09-18",2331,"N20","nominal","2.0NRT",273.5,1.56,"N"
"5667",47.60353,34.9825,298.91,0.41,0.37,"2026-09-18",2337,"N20","nominal","2.0NRT",285.22,0.76,"N"
"5668",65.01475,75.26506,295.33,0.39,0.59,"2026-09-18",2331,"N20","nominal","2.0NRT",274.95,0.88,"N"
"5669",47.60015,34.98148,305.61,0.41,0.37,"2026-09-18",2337,"N20","nominal","2.0NRT",284.93,0.76,"N"
"5670",64.90753,75.51225,315.81,0.4,0.6,"2026-09-18",2331,"N20","nominal","2.0NRT",272.47,1.1,"N"
"5671",47.26001,37.13116,298.25,0.39,0.36,"2026-09-18",2337,"N20","nominal","2.0NRT",283.11,0.7,"N"
"5672",64.75437,75.42224,318.58,0.4,0.6,"2026-09-18",2331,"N20","nominal","2.0NRT",272.42,1.27,"N"
"5673",46.94629,38.99793,296.23,0.39,0.36,"2026-09-18",2337,"N20","nominal","2.0NRT",285.42,0.83,"N"
"5674",64.75327,75.42451,326.04,0.4,0.6,"2026-09-18",2331,"N20","nominal","2.0NRT",273.64,1.48,"N"
"5675",47.46901,34.42102,297.27,0.42,0.38,"2026-09-18",2337,"N20","nominal","2.0NRT",281.4,0.47,"N"
"5676",64.30409,76.12368,301.35,0.44,0.62,"2026-09-18",2331,"N20","nominal","2.0NRT",273.59,1.1,"N"
"5677",47.26151,35.75714,308.22,0.4,0.37,"2026-09-18",2337,"N20","nominal","2.0NRT",282.29,1.07,"N"
"5678",64.30581,76.13129,300.69,0.44,0.62,"2026-09-18",2331,"N20","nominal","2.0NRT",273.39,1.05,"N"
"5679",47.36367,34.96608,297.12,0.41,0.37,"2026-09-18",2337,"N20","nominal","2.0NRT",279.93,0.41,"N"
"5680",65.24722,73.61517,302.21,0.35,0.57,"2026-09-18",2331,"N20","nominal","2.0NRT",275.7,0.9,"N"
"5681",64.86546,73.95018,298.58,0.37,0.58,"2026-09-18",2331,"N20","nominal","2.0NRT",273.37,1.17,"N"
"5682",63.46726,76.78212,298.95,0.5,0.66,"2026-09-18",2331,"N20","nominal","2.0NRT",273.35,1.02,"N"
"5683",46.85021,36.94752,306.05,0.39,0.36,"2026-09-18",2337,"N20","nominal","2.0NRT",285.73,0.67,"N"
"5684",63.46394,76.78912,295.53,0.5,0.66,"2026-09-18",2331,"N20","nominal","2.0NRT",273.15,1.02,"N"
"5685",46.77753,36.79617,304.74,0.39,0.36,"2026-09-18",2337,"N20","nominal","2.0NRT",284.66,1.33,"N"
"5686",64.73355,73.74777,299.29,0.37,0.58,"2026-09-18",2331,"N20","nominal","2.0NRT",273.33,0.95,"N"
"5687",46.77677,36.80116,317.76,0.39,0.36,"2026-09-18",2337,"N20","nominal","2.0NRT",285.84,1.43,"N"
"5688",64.73426,73.75101,306.28,0.37,0.58,"2026-09-18",2331,"N20","nominal","2.0NRT",274.41,1.15,"N"
"5689",47.08729,34.53918,307.53,0.42,0.38,"2026-09-18",2337,"N20","nominal","2.0NRT",280.97,1.16,"N"
"5690",64.71176,73.73288,302.71,0.37,0.58,"2026-09-18",2331,"N20","nominal","2.0NRT",277.51,1.36,"N"
"5691",47.07236,34.51795,300.88,0.42,0.38,"2026-09-18",2337,"N20","nominal","2.0NRT",280.8,0.45,"N"
"5692",64.69529,73.77297,313.85,0.37,0.58,"2026-09-18",2331,"N20","nominal","2.0NRT",274.18,1.56,"N"
"5693",47.06894,34.51699,295.59,0.42,0.38,"2026-09-18",2337,"N20","nominal","2.0NRT",280.82,0.45,"N"
"5694",64.69293,73.77872,304.43,0.37,0.58,"2026-09-18",2331,"N20","nominal","2.0NRT",273.4,2.06,"N"
"5695",47.05869,34.51411,301.09,0.42,0.38,"2026-09-18",2337,"N20","nominal","2.0NRT",281.21,0.66,"N"
"5696",64.6882,73.79021,307.63,0.37,0.58,"2026-09-18",2331,"N20","nominal","2.0NRT",274.9,1.38,"N"
"5697",44.91314,45.28489,312.65,0.45,0.47,"2026-09-18",2337,"N20","nominal","2.0NRT",285.42,1.02,"N"
"5698",64.6625,73.74313,299.55,0.37,0.58,"2026-09-18",2331,"N20","nominal","2.0NRT",276.95,1.42,"N"
"5699",47.17433,31.76006,300.85,0.51,0.41,"2026-09-18",2337,"N20","nominal","2.0NRT",285.85,1.52,"N"
"5700",64.66098,73.72859,306.33,0.37,0.58,"2026-09-18",2331,"N20","nominal","2.0NRT",276.34,1.42,"N"
"5701",46.61399,35.63766,296.4,0.4,0.37,"2026-09-18",2337,"N20","nominal","2.0NRT",282.8,0.54,"N"
"5702",64.6586,73.73434,316.82,0.37,0.58,"2026-09-18",2331,"N20","nominal","2.0NRT",276.64,1.42,"N"
"5703",46.83584,33.65055,302.7,0.44,0.38,"2026-09-18",2337,"N20","nominal","2.0NRT",281.68,0.96,"N"
"5704",64.65625,73.74002,296.9,0.37,0.58,"2026-09-18",2331,"N20","nominal","2.0NRT",275.24,2.21,"N"
"5705",46.83163,33.6554,308.47,0.44,0.38,"2026-09-18",2337,"N20","nominal","2.0NRT",282.28,0.96,"N"
"5706",65.07202,72.11088,325.68,0.33,0.55,"2026-09-18",2331,"N20","nominal","2.0NRT",274.59,1.53,"N"
"5707",46.76329,33.53631,296.98,0.44,0.38,"2026-09-18",2337,"N20","nominal","2.0NRT",281.95,0.86,"N"
"5708",65.07404,72.10561,308.43,0.33,0.55,"2026-09-18",2331,"N20","nominal","2.0NRT",274.37,1.53,"N"
"5709",46.75907,33.54114,298.08,0.44,0.38,"2026-09-18",2337,"N20","nominal","2.0NRT",282.16,0.74,"N"
"5710",65.07,72.11614,311.47,0.33,0.55,"2026-09-18",2331,"N20","nominal","2.0NRT",273.37,1.31,"N"
"5711",45.88075,39.29093,295.29,0.4,0.37,"2026-09-18",2337,"N20","nominal","2.0NRT",283.66,0.7,"N"
"5712",65.06796,72.12143,307.09,0.33,0.55,"2026-09-18",2331,"N20","nominal","2.0NRT",272.97,1.31,"N"
"5713",45.93649,38.43898,302.54,0.39,0.36,"2026-09-18",2337,"N20","nominal","2.0NRT",286.29,0.62,"N"
"5714",65.06386,72.1321,295.17,0.33,0.55,"2026-09-18",2331,"N20","nominal","2.0NRT",271.73,0.85,"N"
"5715",45.7373,39.57305,299.33,0.41,0.37,"2026-09-18",2337,"N20","nominal","2.0NRT",286.17,0.51,"N"
"5716",65.06824,72.10265,297.02,0.33,0.55,"2026-09-18",2331,"N20","nominal","2.0NRT",273.1,0.84,"N"
"5717",46.56357,34.12142,295.8,0.42,0.38,"2026-09-18",2337,"N20","nominal","2.0NRT",281.34,0.48,"N"
"5718",65.06622,72.10793,299.83,0.33,0.55,"2026-09-18",2331,"N20","nominal","2.0NRT",273.65,0.69,"N"
"5719",46.28968,34.02574,323.46,0.42,0.38,"2026-09-18",2337,"N20","nominal","2.0NRT",283.06,2.27,"N"
"5720",65.06419,72.11319,295.99,0.33,0.55,"2026-09-18",2331,"N20","nominal","2.0NRT",273.74,0.69,"N"
"5721",65.06216,72.11848,297.85,0.33,0.55,"2026-09-18",2331,"N20","nominal","2.0NRT",272.77,0.68,"N"
"5722",46.59834,30.25196,320.02,0.39,0.44,"2026-09-18",2337,"N20","nominal","2.0NRT",285.22,1.82,"N"
"5723",62.33242,78.16973,298.7,0.61,0.71,"2026-09-18",2331,"N20","nominal","2.0NRT",276.46,1.15,"N"
"5724",65.03955,71.92508,301.18,0.33,0.55,"2026-09-18",2331,"N20","nominal","2.0NRT",273.25,1.6,"N"
"5725",46.59882,30.24689,309.38,0.39,0.44,"2026-09-18",2337,"N20","nominal","2.0NRT",283.44,1.82,"N"
"5726",65.03754,71.93029,297.29,0.33,0.55,"2026-09-18",2331,"N20","nominal","2.0NRT",273.34,1.04,"N"
"5727",46.89952,26.03103,296.18,0.61,0.53,"2026-09-18",2337,"N20","nominal","2.0NRT",283.74,0.82,"N"
"5728",65.03551,71.9355,304.75,0.33,0.55,"2026-09-18",2331,"N20","nominal","2.0NRT",273.68,1.04,"N"
"5729",62.37019,77.45927,305.01,0.59,0.7,"2026-09-18",2331,"N20","nominal","2.0NRT",276.35,1.02,"N"
"5730",44.52949,42.72581,297.91,0.53,0.42,"2026-09-18",2337,"N20","nominal","2.0NRT",273.53,0.88,"N"
"5731",63.24509,72.83261,309.65,0.42,0.61,"2026-09-18",2331,"N20","nominal","2.0NRT",273.42,0.8,"N"
"5732",44.5281,42.73221,295.91,0.53,0.42,"2026-09-18",2337,"N20","nominal","2.0NRT",272.8,0.88,"N"
"5733",66.06584,57.81947,303.95,0.45,0.39,"2026-09-18",2331,"N20","nominal","2.0NRT",280.04,0.89,"N"
"5734",41.52131,52.61852,299.95,0.62,0.71,"2026-09-18",2337,"N20","nominal","2.0NRT",288.76,0.67,"N"
"5735",65.32515,56.42357,298.26,0.45,0.39,"2026-09-18",2331,"N20","nominal","2.0NRT",279.51,0.6,"N"
"5736",45.35572,36.27815,318.24,0.39,0.36,"2026-09-18",2337,"N20","nominal","2.0NRT",288.62,1.63,"N"
"5737",60.0855,64.68642,307.91,0.36,0.58,"2026-09-18",2333,"N20","nominal","2.0NRT",272.12,0.86,"N"
"5738",41.52018,52.62094,299.74,0.62,0.71,"2026-09-18",2337,"N20","nominal","2.0NRT",288.66,0.75,"N"
"5739",59.98921,63.88767,308.33,0.35,0.57,"2026-09-18",2333,"N20","nominal","2.0NRT",262.31,1,"N"
"5740",44.88404,38.11528,299.13,0.39,0.36,"2026-09-18",2337,"N20","nominal","2.0NRT",285.65,0.45,"N"
"5741",58.35593,60.07525,302.95,0.63,0.54,"2026-09-18",2333,"N20","nominal","2.0NRT",277.18,1.55,"N"
"5742",44.12781,42.01019,296.04,0.51,0.41,"2026-09-18",2337,"N20","nominal","2.0NRT",273.57,1.05,"N"
"5743",57.94625,60.0587,367,0.32,0.55,"2026-09-18",2333,"N20","high","2.0NRT",283.94,3.49,"N"
"5744",44.7365,37.81059,303.07,0.39,0.36,"2026-09-18",2337,"N20","nominal","2.0NRT",288.95,0.85,"N"
"5745",57.9478,60.05391,302.66,0.32,0.55,"2026-09-18",2333,"N20","nominal","2.0NRT",275.44,3.49,"N"
"5746",57.92311,60.0198,299.27,0.32,0.55,"2026-09-18",2333,"N20","nominal","2.0NRT",278.11,1.17,"N"
"5747",45.37632,30.92482,312.43,0.53,0.42,"2026-09-18",2337,"N20","nominal","2.0NRT",291.09,1.7,"N"
"5748",57.92158,60.0245,311.72,0.32,0.55,"2026-09-18",2333,"N20","nominal","2.0NRT",279.67,1.28,"N"
"5749",45.35761,30.89979,327.19,0.53,0.42,"2026-09-18",2337,"N20","nominal","2.0NRT",291.53,2.29,"N"
"5750",57.92005,60.02924,299.32,0.32,0.55,"2026-09-18",2333,"N20","nominal","2.0NRT",280.51,1.28,"N"
"5751",45.25877,31.66928,328.72,0.49,0.4,"2026-09-18",2337,"N20","nominal","2.0NRT",292.81,6.12,"N"
"5752",57.92304,60.02057,302.34,0.32,0.55,"2026-09-18",2333,"N20","nominal","2.0NRT",278.59,0.97,"N"
"5753",45.25807,31.67554,319.39,0.49,0.4,"2026-09-18",2337,"N20","nominal","2.0NRT",292.92,4.54,"N"
"5754",57.92154,60.0253,314.22,0.32,0.55,"2026-09-18",2333,"N20","nominal","2.0NRT",280.04,0.97,"N"
"5755",57.92002,60.03005,297.98,0.32,0.55,"2026-09-18",2333,"N20","nominal","2.0NRT",280.62,2.05,"N"
"5756",40.0749,52.81359,302.17,0.7,0.75,"2026-09-18",2339,"N20","nominal","2.0NRT",286.7,1.37,"N"
"5757",57.91869,60.01562,298.32,0.32,0.55,"2026-09-18",2333,"N20","nominal","2.0NRT",280.39,0.97,"N"
"5758",40.0733,52.81203,299.46,0.7,0.75,"2026-09-18",2339,"N20","nominal","2.0NRT",286.39,1.2,"N"
"5759",57.91716,60.02042,307.69,0.32,0.55,"2026-09-18",2333,"N20","nominal","2.0NRT",279.72,0.97,"N"
"5760",58.39394,58.33178,322.38,0.55,0.51,"2026-09-18",2333,"N20","nominal","2.0NRT",279.49,2.79,"N"
"5761",39.53031,53.40533,304.13,0.78,0.78,"2026-09-18",2339,"N20","nominal","2.0NRT",287.66,1.71,"N"
"5762",56.86772,62.0504,317.82,0.41,0.61,"2026-09-18",2333,"N20","nominal","2.0NRT",274.76,2.8,"N"
"5763",39.5335,53.40457,300.72,0.78,0.78,"2026-09-18",2339,"N20","nominal","2.0NRT",287.13,1.03,"N"
"5764",56.86843,62.05191,318.33,0.41,0.61,"2026-09-18",2333,"N20","nominal","2.0NRT",274.82,1.73,"N"
"5765",57.46895,60.14256,297.14,0.34,0.56,"2026-09-18",2333,"N20","nominal","2.0NRT",278.45,0.76,"N"
"5766",56.86111,59.894,338.41,0.35,0.57,"2026-09-18",2333,"N20","nominal","2.0NRT",279.39,4.13,"N"
"5767",56.8605,59.8929,343.77,0.35,0.57,"2026-09-18",2333,"N20","nominal","2.0NRT",278.55,3.69,"N"
"5768",39.47986,52.6903,330.41,0.72,0.75,"2026-09-18",2339,"N20","nominal","2.0NRT",288.63,7.59,"N"
"5769",56.47815,60.90723,296,0.39,0.6,"2026-09-18",2333,"N20","nominal","2.0NRT",276.45,0.51,"N"
"5770",44.2404,28.31034,297.05,0.44,0.46,"2026-09-18",2339,"N20","nominal","2.0NRT",286.08,0.62,"N"
"5771",55.28278,61.46362,311.32,0.46,0.63,"2026-09-18",2333,"N20","nominal","2.0NRT",278.42,1.58,"N"
"5772",40.19889,49.46784,301.9,0.47,0.64,"2026-09-18",2339,"N20","nominal","2.0NRT",288.37,0.54,"N"
"5773",58.52779,49.95177,322.04,0.47,0.39,"2026-09-18",2333,"N20","nominal","2.0NRT",284.77,3.01,"N"
"5774",40.19969,49.46834,302.64,0.48,0.64,"2026-09-18",2339,"N20","nominal","2.0NRT",288.4,0.95,"N"
"5775",55.27016,61.44072,304.14,0.46,0.63,"2026-09-18",2333,"N20","nominal","2.0NRT",278.25,2.32,"N"
"5776",55.20962,61.4341,299.99,0.46,0.64,"2026-09-18",2333,"N20","nominal","2.0NRT",278.49,0.72,"N"
"5777",55.46351,60.19473,367,0.41,0.61,"2026-09-18",2333,"N20","high","2.0NRT",277.31,7.33,"N"
"5778",55.97343,57.95697,306.06,0.33,0.55,"2026-09-18",2333,"N20","nominal","2.0NRT",275.3,0.64,"N"
"5779",54.88416,56.07875,295.9,0.62,0.54,"2026-09-18",2333,"N20","nominal","2.0NRT",281.08,2.09,"N"
"5780",54.88152,56.08744,297.75,0.62,0.54,"2026-09-18",2333,"N20","nominal","2.0NRT",281.55,1.21,"N"
"5781",54.85313,56.10663,297.76,0.62,0.54,"2026-09-18",2333,"N20","nominal","2.0NRT",280.91,1.93,"N"
"5782",54.88103,56.08239,303.24,0.62,0.54,"2026-09-18",2333,"N20","nominal","2.0NRT",282.07,2.44,"N"
"5783",54.85013,56.11056,309.5,0.62,0.54,"2026-09-18",2333,"N20","nominal","2.0NRT",281.7,3.24,"N"
"5784",57.82214,41.89001,308.86,0.39,0.36,"2026-09-18",2335,"N20","nominal","2.0NRT",276.91,0.81,"N"
"5785",55.61009,51.94454,331.85,0.42,0.45,"2026-09-18",2335,"N20","nominal","2.0NRT",283.01,2.84,"N"
"5786",55.60252,51.90189,303.45,0.42,0.45,"2026-09-18",2335,"N20","nominal","2.0NRT",281.35,0.9,"N"
"5787",55.58618,51.94793,311.02,0.42,0.45,"2026-09-18",2335,"N20","nominal","2.0NRT",281.2,1.24,"N"
"5788",53.45894,59.03194,339.63,0.44,0.63,"2026-09-18",2335,"N20","nominal","2.0NRT",280.29,3.02,"N"
"5789",53.45683,59.03804,310.27,0.44,0.63,"2026-09-18",2335,"N20","nominal","2.0NRT",280.41,3.02,"N"
"5790",53.45383,59.0273,331.64,0.44,0.63,"2026-09-18",2335,"N20","nominal","2.0NRT",278.08,3.02,"N"
"5791",53.47002,58.98044,318.86,0.44,0.62,"2026-09-18",2335,"N20","nominal","2.0NRT",278.71,1.89,"N"
"5792",40.20493,44.30865,299.7,0.52,0.5,"2026-09-18",2339,"N20","nominal","2.0NRT",288.18,0.44,"N"
"5793",53.42655,59.04794,307.04,0.45,0.63,"2026-09-18",2335,"N20","nominal","2.0NRT",281.3,1.98,"N"
"5794",53.45849,59.02785,327.05,0.44,0.63,"2026-09-18",2335,"N20","nominal","2.0NRT",278.14,5.12,"N"
"5795",39.85748,44.73143,298.24,0.56,0.52,"2026-09-18",2339,"N20","nominal","2.0NRT",288.15,0.45,"N"
"5796",53.45641,59.03397,343.24,0.44,0.63,"2026-09-18",2335,"N20","nominal","2.0NRT",283.04,5.12,"N"
"5797",53.47437,58.98107,305.43,0.44,0.62,"2026-09-18",2335,"N20","nominal","2.0NRT",276.27,1.29,"N"
"5798",53.47234,58.98705,296.69,0.44,0.62,"2026-09-18",2335,"N20","nominal","2.0NRT",277.67,1.29,"N"
"5799",53.67621,55.96883,295.88,0.34,0.56,"2026-09-18",2335,"N20","nominal","2.0NRT",278.86,0.67,"N"
"5800",41.2438,36.46448,316.5,0.39,0.36,"2026-09-18",2339,"N20","nominal","2.0NRT",285.97,1.63,"N"
"5801",53.66418,55.97005,297.4,0.34,0.56,"2026-09-18",2335,"N20","nominal","2.0NRT",280.22,0.76,"N"
"5802",52.91322,55.72447,304.7,0.35,0.57,"2026-09-18",2335,"N20","nominal","2.0NRT",279.66,0.59,"N"
"5803",56.15937,40.39319,301.34,0.39,0.36,"2026-09-18",2335,"N20","nominal","2.0NRT",282.56,0.72,"N"
"5804",39.92698,40.67025,299.01,0.53,0.42,"2026-09-18",2339,"N20","nominal","2.0NRT",282.38,1.62,"N"
"5805",52.60865,55.89658,299.63,0.37,0.58,"2026-09-18",2335,"N20","nominal","2.0NRT",276.91,0.75,"N"
"5806",39.92493,40.6683,299.81,0.53,0.42,"2026-09-18",2339,"N20","nominal","2.0NRT",282.45,1.83,"N"
"5807",41.1773,32.63639,302.61,0.42,0.38,"2026-09-18",2339,"N20","nominal","2.0NRT",285.45,1.51,"N"
"5808",41.17453,32.63068,297.32,0.42,0.38,"2026-09-18",2339,"N20","nominal","2.0NRT",284.44,1.08,"N"
"5809",41.26434,31.42437,302.04,0.46,0.39,"2026-09-18",2339,"N20","nominal","2.0NRT",288.14,0.39,"N"
"5810",41.25493,31.41117,307.87,0.46,0.39,"2026-09-18",2339,"N20","nominal","2.0NRT",287.34,1.4,"N"
"5811",41.63112,27.68266,300.59,0.45,0.47,"2026-09-18",2339,"N20","nominal","2.0NRT",286.2,1.41,"N"
"5812",38.45261,45.57501,320.76,0.34,0.56,"2026-09-18",2339,"N20","nominal","2.0NRT",287.73,1.08,"N"
"5813",38.25502,46.02439,297.25,0.36,0.57,"2026-09-18",2339,"N20","nominal","2.0NRT",287.06,0.55,"N"
"5814",38.25003,46.04325,301.89,0.36,0.57,"2026-09-18",2339,"N20","nominal","2.0NRT",291.56,1.13,"N"
"5815",38.0751,46.12917,299.35,0.37,0.58,"2026-09-18",2339,"N20","nominal","2.0NRT",285.78,0.44,"N"
"5816",38.07541,46.13071,302.82,0.37,0.58,"2026-09-18",2339,"N20","nominal","2.0NRT",286.03,0.44,"N"
"5817",41.02272,28.55193,300.7,0.4,0.44,"2026-09-18",2339,"N20","nominal","2.0NRT",287.17,1.21,"N"
"5818",41.02227,28.5566,315.97,0.4,0.44,"2026-09-18",2339,"N20","nominal","2.0NRT",290.81,1.21,"N"
"5819",40.78119,29.60184,306.73,0.53,0.42,"2026-09-18",2339,"N20","nominal","2.0NRT",290.74,1.89,"N"
"5820",38.98685,40.03347,334.91,0.52,0.42,"2026-09-18",2339,"N20","nominal","2.0NRT",288.85,8.08,"N"
"5821",37.41972,46.03575,298.27,0.38,0.59,"2026-09-18",2339,"N20","nominal","2.0NRT",288.18,1.03,"N"
"5822",37.41755,46.04379,310.16,0.38,0.59,"2026-09-18",2339,"N20","nominal","2.0NRT",288.23,1.39,"N"
"5823",37.41908,46.04607,311.4,0.38,0.59,"2026-09-18",2339,"N20","nominal","2.0NRT",289.44,1.15,"N"
"5824",40.04842,32.65112,299.46,0.41,0.37,"2026-09-18",2339,"N20","nominal","2.0NRT",285.01,0.78,"N"
"5825",39.9455,33.19028,304.33,0.4,0.37,"2026-09-18",2339,"N20","nominal","2.0NRT",285.31,0.93,"N"
"5826",40.26294,30.04434,300,0.5,0.41,"2026-09-18",2339,"N20","nominal","2.0NRT",287.17,0.79,"N"
"5827",38.65319,39.77085,333.52,0.51,0.41,"2026-09-18",2339,"N20","nominal","2.0NRT",288.13,4.76,"N"
"5828",40.44257,27.1382,309.46,0.46,0.47,"2026-09-18",2339,"N20","nominal","2.0NRT",290.96,1.79,"N"
"5829",38.6643,39.23464,298.7,0.49,0.4,"2026-09-18",2339,"N20","nominal","2.0NRT",287.97,0.72,"N"
"5830",40.18582,29.22533,301.46,0.55,0.42,"2026-09-18",2339,"N20","nominal","2.0NRT",288.67,0.79,"N"
"5831",38.66557,39.23307,299.3,0.49,0.4,"2026-09-18",2339,"N20","nominal","2.0NRT",287.77,0.92,"N"
"5832",40.18564,29.22445,301.56,0.54,0.42,"2026-09-18",2339,"N20","nominal","2.0NRT",288.34,0.92,"N"
"5833",38.88443,37.89793,296.09,0.43,0.38,"2026-09-18",2339,"N20","nominal","2.0NRT",285.62,0.54,"N"
"5834",36.81562,46.1489,300.3,0.4,0.6,"2026-09-18",2339,"N20","nominal","2.0NRT",287.94,0.65,"N"
"5835",40.05516,28.4274,297,0.39,0.44,"2026-09-18",2339,"N20","nominal","2.0NRT",285.85,0.4,"N"
"5836",39.90025,28.87107,309.3,0.56,0.43,"2026-09-18",2339,"N20","nominal","2.0NRT",285.12,1.5,"N"
"5837",39.90147,28.87256,306.28,0.56,0.43,"2026-09-18",2339,"N20","nominal","2.0NRT",284.87,1.79,"N"
"5838",39.7447,30.19887,299.05,0.49,0.4,"2026-09-18",2339,"N20","nominal","2.0NRT",283.83,0.57,"N"
"5839",39.70879,30.15006,299.87,0.49,0.4,"2026-09-18",2339,"N20","nominal","2.0NRT",282.3,0.5,"N"
"5840",37.91108,40.01488,316.08,0.54,0.42,"2026-09-18",2339,"N20","nominal","2.0NRT",286.8,1.83,"N"
"5841",36.9066,43.39254,315.15,0.56,0.52,"2026-09-18",2339,"N20","nominal","2.0NRT",286.8,2.12,"N"
"5842",36.89303,43.42791,321.54,0.57,0.52,"2026-09-18",2339,"N20","nominal","2.0NRT",287.67,1.77,"N"
"5843",36.86803,43.48943,326.42,0.57,0.52,"2026-09-18",2339,"N20","nominal","2.0NRT",290.84,4.41,"N"
"5844",37.08268,42.53375,304.04,0.5,0.49,"2026-09-18",2339,"N20","nominal","2.0NRT",289.26,1.72,"N"
"5845",37.07742,42.55608,304,0.5,0.49,"2026-09-18",2339,"N20","nominal","2.0NRT",289.7,1.12,"N"
"5846",37.0507,42.47657,311.12,0.5,0.49,"2026-09-18",2339,"N20","nominal","2.0NRT",285.93,2.25,"N"
"5847",37.64526,39.5582,327.71,0.52,0.42,"2026-09-18",2339,"N20","nominal","2.0NRT",286.06,5.38,"N"
"5848",36.77746,43.32058,326.95,0.56,0.52,"2026-09-18",2339,"N20","nominal","2.0NRT",291.15,3.94,"N"
"5849",36.776,43.32653,314.8,0.56,0.52,"2026-09-18",2339,"N20","nominal","2.0NRT",291.56,3.45,"N"
"5850",37.33952,40.80017,307.82,0.4,0.45,"2026-09-18",2339,"N20","nominal","2.0NRT",288.09,1.5,"N"
"5851",36.77449,43.3256,335.84,0.56,0.52,"2026-09-18",2339,"N20","nominal","2.0NRT",290.9,3.08,"N"
"5852",36.77596,43.31939,300.51,0.56,0.52,"2026-09-18",2339,"N20","nominal","2.0NRT",288.66,3.08,"N"
"5853",37.33927,40.80239,312.32,0.41,0.45,"2026-09-18",2339,"N20","nominal","2.0NRT",289.4,1.79,"N"
"5854",37.61449,39.24497,296.81,0.51,0.41,"2026-09-18",2339,"N20","nominal","2.0NRT",286.78,1.06,"N"
"5855",37.02777,41.6926,297.08,0.46,0.47,"2026-09-18",2339,"N20","nominal","2.0NRT",287,0.38,"N"
"5856",37.01311,41.68484,314.05,0.46,0.47,"2026-09-18",2339,"N20","nominal","2.0NRT",288.75,1.97,"N"
"5857",37.58166,38.91544,309.22,0.49,0.41,"2026-09-18",2339,"N20","nominal","2.0NRT",287.65,1.61,"N"
"5858",36.41189,44.00017,333.01,0.62,0.54,"2026-09-18",2339,"N20","nominal","2.0NRT",291.53,4.27,"N"
"5859",36.41029,44.00657,309.61,0.63,0.54,"2026-09-18",2339,"N20","nominal","2.0NRT",292.89,4.27,"N"
"5860",37.09278,41.02859,307.91,0.42,0.45,"2026-09-18",2339,"N20","nominal","2.0NRT",286.89,0.92,"N"
"5861",37.08873,41.02724,321.17,0.42,0.45,"2026-09-18",2339,"N20","nominal","2.0NRT",287.09,1.97,"N"
"5862",39.16737,27.63123,299.77,0.42,0.45,"2026-09-18",2339,"N20","nominal","2.0NRT",287.99,0.93,"N"
"5863",37.10601,40.79679,312.75,0.41,0.45,"2026-09-18",2339,"N20","nominal","2.0NRT",287.48,1.29,"N"
"5864",37.02247,41.10178,299.29,0.43,0.46,"2026-09-18",2339,"N20","nominal","2.0NRT",287.72,0.29,"N"
"5865",37.02655,41.04333,329.5,0.42,0.45,"2026-09-18",2339,"N20","nominal","2.0NRT",289.34,4.05,"N"
"5866",39.11819,27.524,304.33,0.43,0.46,"2026-09-18",2339,"N20","nominal","2.0NRT",287.52,0.5,"N"
"5867",37.01027,40.97874,298.27,0.42,0.45,"2026-09-18",2339,"N20","nominal","2.0NRT",286.65,0.85,"N"
"5868",39.11452,27.51762,299.73,0.43,0.46,"2026-09-18",2339,"N20","nominal","2.0NRT",288.14,0.56,"N"
"5869",39.11403,27.52284,297.68,0.43,0.46,"2026-09-18",2339,"N20","nominal","2.0NRT",286.88,0.56,"N"
"5870",39.09393,27.50988,304.79,0.43,0.46,"2026-09-18",2339,"N20","nominal","2.0NRT",288.57,1.56,"N"
"5871",39.09349,27.51472,306.11,0.43,0.46,"2026-09-18",2339,"N20","nominal","2.0NRT",288.75,1.07,"N"
"5872",38.66013,30.61949,310.42,0.46,0.39,"2026-09-18",2339,"N20","nominal","2.0NRT",285.7,1.38,"N"
"5873",36.95805,40.49226,312.88,0.4,0.44,"2026-09-18",2339,"N20","nominal","2.0NRT",288.81,1.66,"N"
"5874",36.95501,40.48663,312.2,0.4,0.44,"2026-09-18",2339,"N20","nominal","2.0NRT",288.58,1.41,"N"
"5875",37.27602,38.72879,299.22,0.49,0.4,"2026-09-18",2339,"N20","nominal","2.0NRT",287.1,0.97,"N"
"5876",36.88451,40.27627,312.18,0.39,0.44,"2026-09-18",2339,"N20","nominal","2.0NRT",288.07,0.89,"N"
"5877",36.13706,43.47143,304.85,0.59,0.53,"2026-09-18",2339,"N20","nominal","2.0NRT",288.15,0.85,"N"
"5878",36.09799,43.63193,303.21,0.61,0.53,"2026-09-18",2339,"N20","nominal","2.0NRT",289.26,0.91,"N"
"5879",36.08537,43.64137,303.23,0.61,0.53,"2026-09-18",2339,"N20","nominal","2.0NRT",289.69,1.14,"N"
"5880",36.79395,40.54237,306.96,0.4,0.44,"2026-09-18",2339,"N20","nominal","2.0NRT",288.27,0.89,"N"
"5881",36.34362,42.4413,302.32,0.52,0.5,"2026-09-18",2339,"N20","nominal","2.0NRT",291.88,1,"N"
"5882",36.33919,42.43976,332.47,0.52,0.5,"2026-09-18",2339,"N20","nominal","2.0NRT",293.3,3.12,"N"
"5883",36.3405,42.43421,310.35,0.52,0.5,"2026-09-18",2339,"N20","nominal","2.0NRT",291.61,3.12,"N"
"5884",35.99936,43.75861,323.75,0.62,0.54,"2026-09-18",2339,"N20","nominal","2.0NRT",293.59,4.73,"N"
"5885",36.01896,43.67999,314.94,0.61,0.54,"2026-09-18",2339,"N20","nominal","2.0NRT",291.87,2.32,"N"
"5886",35.62671,45.20899,304.53,0.38,0.59,"2026-09-18",2339,"N20","nominal","2.0NRT",291.93,0.83,"N"
"5887",35.66892,45.00581,312.47,0.37,0.58,"2026-09-18",2339,"N20","nominal","2.0NRT",292.23,1.36,"N"
"5888",35.98182,43.76624,331.59,0.62,0.54,"2026-09-18",2339,"N20","nominal","2.0NRT",295.71,4.53,"N"
"5889",35.98014,43.77293,312.99,0.62,0.54,"2026-09-18",2339,"N20","nominal","2.0NRT",294.25,4.53,"N"
"5890",38.40575,30.78356,296.79,0.45,0.39,"2026-09-18",2339,"N20","nominal","2.0NRT",284.6,0.61,"N"
"5891",36.02134,43.68066,315.86,0.61,0.54,"2026-09-18",2339,"N20","nominal","2.0NRT",291.67,2.25,"N"
"5892",36.0022,43.75965,310.15,0.62,0.54,"2026-09-18",2339,"N20","nominal","2.0NRT",290.41,0.95,"N"
"5893",36.00058,43.76631,307,0.62,0.54,"2026-09-18",2339,"N20","nominal","2.0NRT",290.31,1.85,"N"
"5894",35.99747,43.75775,308.16,0.62,0.54,"2026-09-18",2339,"N20","nominal","2.0NRT",292.42,0.95,"N"
"5895",35.6284,45.21129,304.86,0.38,0.59,"2026-09-18",2339,"N20","nominal","2.0NRT",292.6,0.74,"N"
"5896",35.98474,43.7673,314.94,0.62,0.54,"2026-09-18",2339,"N20","nominal","2.0NRT",293.86,3.51,"N"
"5897",35.9831,43.774,319.61,0.62,0.54,"2026-09-18",2339,"N20","nominal","2.0NRT",294.55,3.57,"N"
"5898",35.98001,43.76535,308.34,0.62,0.54,"2026-09-18",2339,"N20","nominal","2.0NRT",294.4,2.09,"N"
"5899",35.66948,45.00719,307.9,0.37,0.58,"2026-09-18",2339,"N20","nominal","2.0NRT",291.76,1.35,"N"
"5900",35.6345,45.09947,305.68,0.37,0.58,"2026-09-18",2339,"N20","nominal","2.0NRT",294.56,0.74,"N"
"5901",35.95317,43.72632,305.43,0.62,0.54,"2026-09-18",2339,"N20","nominal","2.0NRT",292.69,1.05,"N"
"5902",35.60686,45.0751,306.76,0.37,0.58,"2026-09-18",2339,"N20","nominal","2.0NRT",292.01,0.9,"N"
"5903",35.60056,45.09937,303.94,0.38,0.58,"2026-09-18",2339,"N20","nominal","2.0NRT",292.06,1.26,"N"
"5904",37.35174,37.16306,304.46,0.43,0.38,"2026-09-18",2339,"N20","nominal","2.0NRT",290.12,1.41,"N"
"5905",38.74408,26.95008,305.92,0.45,0.47,"2026-09-18",2339,"N20","nominal","2.0NRT",291.41,1.34,"N"
"5906",38.74023,26.94427,310.16,0.45,0.47,"2026-09-18",2339,"N20","nominal","2.0NRT",291.74,2.43,"N"
"5907",37.29304,37.15842,306.01,0.43,0.38,"2026-09-18",2339,"N20","nominal","2.0NRT",289.43,1.39,"N"
"5908",35.38393,45.54336,310.62,0.4,0.6,"2026-09-18",2339,"N20","nominal","2.0NRT",290.75,1.33,"N"
"5909",35.77495,43.99534,346.44,0.32,0.55,"2026-09-18",2339,"N20","nominal","2.0NRT",294.39,3.12,"N"
"5910",35.72871,44.03157,339.25,0.33,0.55,"2026-09-18",2339,"N20","nominal","2.0NRT",294.61,3.73,"N"
"5911",35.72699,44.03843,354.04,0.33,0.55,"2026-09-18",2339,"N20","nominal","2.0NRT",294.02,8.28,"N"
"5912",35.72611,44.04192,351.64,0.33,0.55,"2026-09-18",2339,"N20","nominal","2.0NRT",300.33,8.28,"N"
"5913",35.84061,43.58261,319.94,0.61,0.54,"2026-09-18",2339,"N20","nominal","2.0NRT",295.43,4.01,"N"
"5914",35.71803,44.03169,302.92,0.33,0.55,"2026-09-18",2339,"N20","nominal","2.0NRT",291.48,0.39,"N"
"5915",37.94183,32.53376,298.41,0.4,0.37,"2026-09-18",2339,"N20","nominal","2.0NRT",285.85,0.71,"N"
"5916",37.93849,32.533,296.5,0.4,0.37,"2026-09-18",2339,"N20","nominal","2.0NRT",285.37,0.61,"N"
"5917",35.67772,44.06706,311.12,0.33,0.55,"2026-09-18",2339,"N20","nominal","2.0NRT",292.79,1.25,"N"
"5918",35.68824,43.87479,367,0.32,0.55,"2026-09-18",2339,"N20","high","2.0NRT",293.01,10.23,"N"
"5919",35.68739,43.87822,323.92,0.32,0.55,"2026-09-18",2339,"N20","nominal","2.0NRT",309.9,10.23,"N"
"5920",35.68909,43.87137,301.86,0.32,0.55,"2026-09-18",2339,"N20","nominal","2.0NRT",291,2.47,"N"
"5921",35.68654,43.88164,307.01,0.32,0.55,"2026-09-18",2339,"N20","nominal","2.0NRT",291.61,4.03,"N"
"5922",35.66615,43.96369,310.44,0.32,0.55,"2026-09-18",2339,"N20","nominal","2.0NRT",291.09,0.98,"N"
"5923",35.66528,43.96716,309.08,0.32,0.55,"2026-09-18",2339,"N20","nominal","2.0NRT",292.73,0.98,"N"
"5924",35.66127,43.96196,324.65,0.32,0.55,"2026-09-18",2339,"N20","nominal","2.0NRT",290.91,0.98,"N"
"5925",35.6834,43.87303,308.87,0.32,0.55,"2026-09-18",2339,"N20","nominal","2.0NRT",290.95,10.23,"N"
"5926",35.68255,43.87646,314.09,0.32,0.55,"2026-09-18",2339,"N20","nominal","2.0NRT",291.34,10.23,"N"
"5927",35.6817,43.87988,301.7,0.32,0.55,"2026-09-18",2339,"N20","nominal","2.0NRT",290.59,4.03,"N"
"5928",35.66041,43.96542,314.23,0.32,0.55,"2026-09-18",2339,"N20","nominal","2.0NRT",291.79,0.98,"N"
"5929",35.58358,44.25027,309.55,0.34,0.56,"2026-09-18",2339,"N20","nominal","2.0NRT",293.51,0.81,"N"
"5930",35.56461,44.2825,345.25,0.34,0.56,"2026-09-18",2339,"N20","nominal","2.0NRT",295.35,3.07,"N"
"5931",35.63362,44.00875,304.53,0.33,0.55,"2026-09-18",2339,"N20","nominal","2.0NRT",290.81,5.91,"N"
"5932",35.62878,44.00683,367,0.33,0.55,"2026-09-18",2339,"N20","high","2.0NRT",299.11,5.91,"N"
"5933",35.62792,44.01025,334.84,0.33,0.55,"2026-09-18",2339,"N20","nominal","2.0NRT",295.73,11.79,"N"
"5934",35.62963,44.00341,301.1,0.33,0.55,"2026-09-18",2339,"N20","nominal","2.0NRT",290.59,5.91,"N"
"5935",35.53421,44.33803,332.39,0.34,0.56,"2026-09-18",2339,"N20","nominal","2.0NRT",295.26,2.05,"N"
"5936",35.53513,44.33442,317.38,0.34,0.56,"2026-09-18",2339,"N20","nominal","2.0NRT",294.84,2.1,"N"
"5937",35.53328,44.34164,315.93,0.34,0.56,"2026-09-18",2339,"N20","nominal","2.0NRT",293.91,2.05,"N"
"5938",35.52739,44.34342,330.97,0.34,0.56,"2026-09-18",2339,"N20","nominal","2.0NRT",295.96,2.6,"N"
"5939",35.52921,44.33628,317.32,0.34,0.56,"2026-09-18",2339,"N20","nominal","2.0NRT",295.03,1.9,"N"
"5940",35.52829,44.33987,317.84,0.34,0.56,"2026-09-18",2339,"N20","nominal","2.0NRT",295.66,1.9,"N"
"5941",35.51414,44.37392,304.94,0.34,0.56,"2026-09-18",2339,"N20","nominal","2.0NRT",294.75,0.42,"N"
"5942",35.46171,44.41978,354.06,0.35,0.57,"2026-09-18",2339,"N20","nominal","2.0NRT",295.61,4.94,"N"
"5943",34.8015,46.89297,297.42,0.49,0.65,"2026-09-18",2339,"N20","nominal","2.0NRT",283.9,0.78,"N"
"5944",38.4295,27.21336,305.34,0.43,0.46,"2026-09-18",2339,"N20","nominal","2.0NRT",291.4,1.25,"N"
"5945",35.49041,44.15524,331.52,0.34,0.56,"2026-09-18",2339,"N20","nominal","2.0NRT",292.37,1.09,"N"
"5946",35.49131,44.15168,300.03,0.34,0.56,"2026-09-18",2339,"N20","nominal","2.0NRT",290.03,1.09,"N"
"5947",35.48548,44.15343,351.3,0.34,0.56,"2026-09-18",2339,"N20","nominal","2.0NRT",300.31,9.75,"N"
"5948",35.48638,44.14988,312.65,0.34,0.56,"2026-09-18",2339,"N20","nominal","2.0NRT",290.69,9.75,"N"
"5949",35.42023,44.21873,324.79,0.34,0.56,"2026-09-18",2339,"N20","nominal","2.0NRT",290.88,1.77,"N"
"5950",35.42224,44.21992,311.4,0.34,0.56,"2026-09-18",2339,"N20","nominal","2.0NRT",290.31,1.01,"N"
"5951",35.41729,44.21808,314.41,0.34,0.56,"2026-09-18",2339,"N20","nominal","2.0NRT",290.69,1.01,"N"
"5952",35.41771,44.19473,304.32,0.34,0.56,"2026-09-18",2339,"N20","nominal","2.0NRT",292.73,0.66,"N"
"5953",35.41055,44.22342,317.97,0.34,0.56,"2026-09-18",2339,"N20","nominal","2.0NRT",289.4,0.8,"N"
"5954",35.38488,44.21775,348.54,0.34,0.56,"2026-09-18",2339,"N20","nominal","2.0NRT",293.34,3.82,"N"
"5955",35.38578,44.21416,318.92,0.34,0.56,"2026-09-18",2339,"N20","nominal","2.0NRT",290.63,3.82,"N"
"5956",35.32669,44.31876,304.89,0.35,0.56,"2026-09-18",2339,"N20","nominal","2.0NRT",292.81,0.96,"N"
"5957",36.1337,40.80869,302.52,0.43,0.46,"2026-09-18",2339,"N20","nominal","2.0NRT",290.52,0.8,"N"
"5958",37.89824,30.49298,300.04,0.46,0.39,"2026-09-18",2339,"N20","nominal","2.0NRT",286.51,0.98,"N"
"5959",35.2473,44.42921,367,0.35,0.57,"2026-09-18",2339,"N20","high","2.0NRT",300.53,14.79,"N"
"5960",35.24637,44.43292,319.98,0.35,0.57,"2026-09-18",2339,"N20","nominal","2.0NRT",295.56,8.88,"N"
"5961",34.47925,47.03797,336.84,0.51,0.66,"2026-09-18",2339,"N20","nominal","2.0NRT",285.92,3.95,"N"
"5962",34.47777,47.04322,304.38,0.51,0.66,"2026-09-18",2339,"N20","nominal","2.0NRT",286,3.95,"N"
"5963",35.12357,44.56704,320.38,0.36,0.57,"2026-09-18",2339,"N20","nominal","2.0NRT",294.83,2,"N"
"5964",36.7995,37.01885,301.89,0.43,0.38,"2026-09-18",2339,"N20","nominal","2.0NRT",289.43,0.88,"N"
"5965",35.12318,44.56785,321.27,0.36,0.57,"2026-09-18",2339,"N20","nominal","2.0NRT",294.54,1.75,"N"
"5966",37.86436,29.37326,306.99,0.51,0.41,"2026-09-18",2339,"N20","nominal","2.0NRT",288.38,1.71,"N"
"5967",36.73062,36.20964,327.64,0.41,0.37,"2026-09-18",2341,"N20","nominal","2.0NRT",294.06,3.27,"N"
"5968",36.72389,36.20779,319.28,0.41,0.37,"2026-09-18",2341,"N20","nominal","2.0NRT",291.21,1.79,"N"
"5969",36.71798,36.20143,336.63,0.41,0.37,"2026-09-18",2341,"N20","nominal","2.0NRT",291.89,4.56,"N"
"5970",36.69196,36.20694,311.85,0.41,0.37,"2026-09-18",2341,"N20","nominal","2.0NRT",293.73,1.17,"N"
"5971",36.86992,34.76095,308.81,0.39,0.36,"2026-09-18",2341,"N20","nominal","2.0NRT",292.82,0.7,"N"
"5972",36.86921,34.76525,306.91,0.39,0.36,"2026-09-18",2341,"N20","nominal","2.0NRT",293.17,0.7,"N"
"5973",36.86959,34.42782,298.93,0.39,0.36,"2026-09-18",2341,"N20","nominal","2.0NRT",285.25,0.21,"N"
"5974",35.02164,43.49989,340.67,0.63,0.54,"2026-09-18",2341,"N20","nominal","2.0NRT",296.18,11.44,"N"
"5975",35.00236,43.49295,307.05,0.63,0.54,"2026-09-18",2341,"N20","nominal","2.0NRT",293.9,1.53,"N"
"5976",34.86586,44.02102,354.26,0.34,0.56,"2026-09-18",2341,"N20","nominal","2.0NRT",293.59,3.59,"N"
"5977",34.86497,44.02457,320.06,0.34,0.56,"2026-09-18",2341,"N20","nominal","2.0NRT",293.28,3.59,"N"
"5978",34.89897,43.80295,343.14,0.33,0.55,"2026-09-18",2341,"N20","nominal","2.0NRT",295.45,18.83,"N"
"5979",34.8981,43.80644,346.26,0.33,0.55,"2026-09-18",2341,"N20","nominal","2.0NRT",311.91,18.83,"N"
"5980",34.89984,43.79947,303.61,0.33,0.55,"2026-09-18",2341,"N20","nominal","2.0NRT",291.23,1.34,"N"
"5981",34.89722,43.80994,318.61,0.33,0.55,"2026-09-18",2341,"N20","nominal","2.0NRT",294.49,12.92,"N"
"5982",34.89318,43.80471,321.72,0.33,0.55,"2026-09-18",2341,"N20","nominal","2.0NRT",294.24,1.51,"N"
"5983",34.89405,43.80122,313.31,0.33,0.55,"2026-09-18",2341,"N20","nominal","2.0NRT",293.01,1.51,"N"
"5984",34.8923,43.80819,304.96,0.33,0.55,"2026-09-18",2341,"N20","nominal","2.0NRT",292.83,1.57,"N"
"5985",34.12885,46.57617,303.38,0.49,0.65,"2026-09-18",2341,"N20","nominal","2.0NRT",286.52,0.91,"N"
"5986",37.25313,30.44268,305.17,0.45,0.39,"2026-09-18",2341,"N20","nominal","2.0NRT",288.73,1.09,"N"
"5987",37.25464,30.44079,303.5,0.45,0.39,"2026-09-18",2341,"N20","nominal","2.0NRT",287.64,0.67,"N"
"5988",33.91543,46.22721,304.61,0.48,0.65,"2026-09-18",2341,"N20","nominal","2.0NRT",287.26,3.37,"N"
"5989",33.91069,46.2253,298.92,0.48,0.65,"2026-09-18",2341,"N20","nominal","2.0NRT",277.8,2.1,"N"
"5990",35.30324,40.44538,312.68,0.43,0.46,"2026-09-18",2341,"N20","nominal","2.0NRT",293.77,1.37,"N"
"5991",33.69845,46.2261,306.15,0.48,0.65,"2026-09-18",2341,"N20","nominal","2.0NRT",290.3,3.54,"N"
"5992",33.6972,46.23066,302.96,0.48,0.65,"2026-09-18",2341,"N20","nominal","2.0NRT",289.03,2.83,"N"
"5993",33.25158,47.73404,311.11,0.6,0.71,"2026-09-18",2341,"N20","nominal","2.0NRT",276.89,2.66,"N"
"5994",33.25725,47.73274,304.78,0.6,0.71,"2026-09-18",2341,"N20","nominal","2.0NRT",280.47,1.58,"N"
"5995",33.25515,47.7401,305.4,0.6,0.71,"2026-09-18",2341,"N20","nominal","2.0NRT",282.33,1.58,"N"
"5996",36.2648,33.7294,307.56,0.38,0.36,"2026-09-18",2341,"N20","nominal","2.0NRT",293.19,0.89,"N"
"5997",34.90908,40.82645,304.04,0.46,0.47,"2026-09-18",2341,"N20","nominal","2.0NRT",291.84,0.78,"N"
"5998",36.26152,33.72861,304.11,0.38,0.36,"2026-09-18",2341,"N20","nominal","2.0NRT",293.28,0.65,"N"
"5999",33.71305,45.59803,303.71,0.45,0.63,"2026-09-18",2341,"N20","nominal","2.0NRT",292.96,0.74,"N"
"6000",32.48711,49.02356,308.51,0.74,0.76,"2026-09-18",2341,"N20","nominal","2.0NRT",294.58,4,"N"
"6001",32.99405,46.18794,312.54,0.5,0.66,"2026-09-18",2341,"N20","nominal","2.0NRT",292.78,4.2,"N"
"6002",33.03051,46.13642,306.35,0.5,0.66,"2026-09-18",2341,"N20","nominal","2.0NRT",294.94,2.61,"N"
"6003",33.01591,46.11976,309.86,0.5,0.66,"2026-09-18",2341,"N20","nominal","2.0NRT",294.45,2.58,"N"
"6004",33.32563,44.56889,335.49,0.4,0.6,"2026-09-18",2341,"N20","nominal","2.0NRT",295.03,3.66,"N"
"6005",33.32492,44.56793,319.7,0.4,0.6,"2026-09-18",2341,"N20","nominal","2.0NRT",294.6,2.08,"N"
"6006",33.32387,44.57205,316.41,0.4,0.6,"2026-09-18",2341,"N20","nominal","2.0NRT",295.54,1.99,"N"
"6007",33.22076,44.76804,326.18,0.41,0.61,"2026-09-18",2341,"N20","nominal","2.0NRT",298.43,2.06,"N"
"6008",33.22187,44.7638,310.66,0.41,0.61,"2026-09-18",2341,"N20","nominal","2.0NRT",296.68,2.06,"N"
"6009",33.28463,44.43227,313.03,0.39,0.6,"2026-09-18",2341,"N20","nominal","2.0NRT",296.49,2.05,"N"
"6010",32.36013,47.69828,367,0.63,0.72,"2026-09-18",2341,"N20","high","2.0NRT",296.62,10,"N"
"6011",32.35829,47.70457,320.2,0.63,0.72,"2026-09-18",2341,"N20","nominal","2.0NRT",293.18,10,"N"
"6012",32.35643,47.71093,330.18,0.63,0.72,"2026-09-18",2341,"N20","nominal","2.0NRT",294.62,6.57,"N"
"6013",32.36195,47.69201,314.31,0.63,0.72,"2026-09-18",2341,"N20","nominal","2.0NRT",292.14,11.98,"N"
"6014",32.35188,47.70243,327,0.63,0.72,"2026-09-18",2341,"N20","nominal","2.0NRT",291.55,10,"N"
"6015",32.35003,47.70876,327.63,0.63,0.72,"2026-09-18",2341,"N20","nominal","2.0NRT",293.45,6.57,"N"
"6016",32.49463,47.21016,306.89,0.59,0.7,"2026-09-18",2341,"N20","nominal","2.0NRT",285.48,5.7,"N"
"6017",33.1581,44.78231,310.42,0.41,0.61,"2026-09-18",2341,"N20","nominal","2.0NRT",293.84,1.51,"N"
"6018",33.15697,44.78658,309.58,0.41,0.61,"2026-09-18",2341,"N20","nominal","2.0NRT",295.67,1.4,"N"
"6019",34.06865,40.98811,335.29,0.49,0.48,"2026-09-18",2341,"N20","nominal","2.0NRT",293.14,3.65,"N"
"6020",34.06979,40.98302,306.35,0.49,0.48,"2026-09-18",2341,"N20","nominal","2.0NRT",291.78,2.48,"N"
"6021",33.15836,44.78322,316,0.41,0.61,"2026-09-18",2341,"N20","nominal","2.0NRT",293.93,1.49,"N"
"6022",33.15726,44.78749,306.37,0.42,0.61,"2026-09-18",2341,"N20","nominal","2.0NRT",294.99,1.39,"N"
"6023",32.36123,47.6967,367,0.63,0.72,"2026-09-18",2341,"N20","high","2.0NRT",295.3,11.38,"N"
"6024",32.35761,47.70937,337.75,0.63,0.72,"2026-09-18",2341,"N20","nominal","2.0NRT",294.49,9.4,"N"
"6025",32.36302,47.69043,303.85,0.63,0.72,"2026-09-18",2341,"N20","nominal","2.0NRT",290.97,11.38,"N"
"6026",32.35943,47.70301,317.98,0.63,0.72,"2026-09-18",2341,"N20","nominal","2.0NRT",293.58,9.4,"N"
"6027",32.35121,47.70718,347.62,0.63,0.72,"2026-09-18",2341,"N20","nominal","2.0NRT",294.14,9.4,"N"
"6028",31.76269,49.15303,309.64,0.79,0.78,"2026-09-18",2341,"N20","nominal","2.0NRT",295.32,2.85,"N"
"6029",32.18139,47.52065,367,0.62,0.72,"2026-09-18",2341,"N20","high","2.0NRT",295.73,6.89,"N"
"6030",32.18319,47.51445,307.88,0.62,0.72,"2026-09-18",2341,"N20","nominal","2.0NRT",293.26,6.89,"N"
"6031",32.14844,47.58554,307.67,0.63,0.72,"2026-09-18",2341,"N20","nominal","2.0NRT",292.8,0.58,"N"
"6032",32.18208,47.51863,367,0.62,0.72,"2026-09-18",2341,"N20","high","2.0NRT",295.05,9.34,"N"
"6033",32.1803,47.52488,309.4,0.63,0.72,"2026-09-18",2341,"N20","nominal","2.0NRT",293.7,9.34,"N"
"6034",32.14952,47.58374,316.51,0.63,0.72,"2026-09-18",2341,"N20","nominal","2.0NRT",293.28,1.22,"N"
"6035",32.11091,47.54718,353.55,0.63,0.72,"2026-09-18",2341,"N20","nominal","2.0NRT",295.98,8.34,"N"
"6036",32.1091,47.55346,324.16,0.63,0.72,"2026-09-18",2341,"N20","nominal","2.0NRT",295.12,8.34,"N"
"6037",32.12993,47.4084,312.54,0.62,0.71,"2026-09-18",2341,"N20","nominal","2.0NRT",294.86,2.84,"N"
"6038",32.12186,47.41225,335.97,0.62,0.71,"2026-09-18",2341,"N20","nominal","2.0NRT",295.91,11.74,"N"
"6039",32.12366,47.406,311.47,0.62,0.71,"2026-09-18",2341,"N20","nominal","2.0NRT",294.83,9.19,"N"
"6040",32.11559,47.40985,367,0.62,0.71,"2026-09-18",2341,"N20","high","2.0NRT",297.52,11.74,"N"
"6041",32.11739,47.40358,315.38,0.62,0.71,"2026-09-18",2341,"N20","nominal","2.0NRT",293.6,9.19,"N"
"6042",32.11378,47.41611,306.71,0.62,0.71,"2026-09-18",2341,"N20","nominal","2.0NRT",293.6,11.74,"N"
"6043",32.09764,47.42368,316.11,0.62,0.71,"2026-09-18",2341,"N20","nominal","2.0NRT",292.45,2.32,"N"
"6044",32.13006,47.40805,315.46,0.62,0.71,"2026-09-18",2341,"N20","nominal","2.0NRT",294.69,3.3,"N"
"6045",32.12202,47.41189,353.2,0.62,0.71,"2026-09-18",2341,"N20","nominal","2.0NRT",297.44,8.57,"N"
"6046",32.1238,47.40561,306.57,0.62,0.71,"2026-09-18",2341,"N20","nominal","2.0NRT",294.68,8.57,"N"
"6047",32.12026,47.41814,307.03,0.62,0.71,"2026-09-18",2341,"N20","nominal","2.0NRT",293.91,9.41,"N"
"6048",32.11575,47.40947,367,0.62,0.71,"2026-09-18",2341,"N20","high","2.0NRT",295.71,8.57,"N"
"6049",32.11753,47.40318,306,0.62,0.71,"2026-09-18",2341,"N20","nominal","2.0NRT",292.79,8.57,"N"
"6050",32.11398,47.41574,309.62,0.62,0.71,"2026-09-18",2341,"N20","nominal","2.0NRT",292.93,9.41,"N"
"6051",32.09793,47.42329,306.86,0.62,0.71,"2026-09-18",2341,"N20","nominal","2.0NRT",292.04,1.27,"N"
"6052",32.09615,47.42953,303.92,0.62,0.71,"2026-09-18",2341,"N20","nominal","2.0NRT",293.02,1.27,"N"
"6053",32.05771,47.44212,352.59,0.62,0.72,"2026-09-18",2341,"N20","nominal","2.0NRT",294.42,8.34,"N"
"6054",32.488,45.66245,328.95,0.48,0.65,"2026-09-18",2341,"N20","nominal","2.0NRT",293.56,2.47,"N"
"6055",32.48666,45.66737,311.76,0.48,0.65,"2026-09-18",2341,"N20","nominal","2.0NRT",293.96,2.47,"N"
"6056",32.48959,45.66263,323.01,0.48,0.65,"2026-09-18",2341,"N20","nominal","2.0NRT",294.01,3.82,"N"
"6057",32.48828,45.66756,326.31,0.48,0.65,"2026-09-18",2341,"N20","nominal","2.0NRT",294.66,3.54,"N"
"6058",32.83949,44.2907,306.33,0.4,0.6,"2026-09-18",2341,"N20","nominal","2.0NRT",295.82,1.3,"N"
"6059",32.81892,44.19045,303.88,0.39,0.59,"2026-09-18",2341,"N20","nominal","2.0NRT",293.78,0.74,"N"
"6060",31.40724,48.65061,309.15,0.76,0.77,"2026-09-18",2341,"N20","nominal","2.0NRT",293.86,1.89,"N"
"6061",31.40871,48.64996,311.92,0.76,0.77,"2026-09-18",2341,"N20","nominal","2.0NRT",293.44,1.93,"N"
"6062",31.31165,48.77296,317.73,0.77,0.78,"2026-09-18",2341,"N20","nominal","2.0NRT",295.1,2.65,"N"
"6063",31.30488,48.77021,316.79,0.77,0.78,"2026-09-18",2341,"N20","nominal","2.0NRT",293.56,3.13,"N"
"6064",31.65898,47.51842,307.29,0.64,0.72,"2026-09-18",2341,"N20","nominal","2.0NRT",294.82,3.4,"N"
"6065",31.21878,48.95414,304.93,0.8,0.78,"2026-09-18",2341,"N20","nominal","2.0NRT",294.46,8.79,"N"
"6066",31.21196,48.95131,367,0.8,0.78,"2026-09-18",2341,"N20","high","2.0NRT",298.04,8.79,"N"
"6067",31.65439,47.51659,306.62,0.64,0.72,"2026-09-18",2341,"N20","nominal","2.0NRT",294.12,3.16,"N"
"6068",31.27312,48.73284,307.28,0.77,0.77,"2026-09-18",2341,"N20","nominal","2.0NRT",297.16,4.64,"N"
"6069",31.69306,47.25566,305.54,0.62,0.72,"2026-09-18",2341,"N20","nominal","2.0NRT",294.9,1.09,"N"
"6070",32.42851,44.27683,304.97,0.4,0.6,"2026-09-18",2341,"N20","nominal","2.0NRT",294.76,1.14,"N"
"6071",31.43772,47.83601,303.87,0.68,0.74,"2026-09-18",2341,"N20","nominal","2.0NRT",292.77,1.08,"N"
"6072",31.35252,47.85562,321.28,0.69,0.74,"2026-09-18",2341,"N20","nominal","2.0NRT",292.29,3.03,"N"
"6073",31.27702,48.11357,344.19,0.71,0.75,"2026-09-18",2341,"N20","nominal","2.0NRT",295.35,16.69,"N"
"6074",31.27493,48.12068,346.72,0.71,0.75,"2026-09-18",2341,"N20","nominal","2.0NRT",298.83,16.69,"N"
"6075",31.2791,48.10647,302.8,0.71,0.75,"2026-09-18",2341,"N20","nominal","2.0NRT",291.34,4.14,"N"
"6076",31.27284,48.1278,304.06,0.71,0.75,"2026-09-18",2341,"N20","nominal","2.0NRT",292.23,8.95,"N"
"6077",31.27043,48.11098,320.83,0.71,0.75,"2026-09-18",2341,"N20","nominal","2.0NRT",292.57,16.69,"N"
"6078",31.26834,48.11808,326.06,0.71,0.75,"2026-09-18",2341,"N20","nominal","2.0NRT",293.08,16.69,"N"
"6079",31.26625,48.12518,303.14,0.71,0.75,"2026-09-18",2341,"N20","nominal","2.0NRT",292.18,8.95,"N"
"6080",31.27049,48.10765,303.86,0.71,0.75,"2026-09-18",2341,"N20","nominal","2.0NRT",291.72,1.92,"N"
"6081",31.26843,48.11479,313.37,0.71,0.75,"2026-09-18",2341,"N20","nominal","2.0NRT",292.85,1.92,"N"
"6082",31.26639,48.12191,303.42,0.71,0.75,"2026-09-18",2341,"N20","nominal","2.0NRT",292.12,2.93,"N"
"6083",32.33393,44.09469,309.36,0.4,0.6,"2026-09-18",2341,"N20","nominal","2.0NRT",295.55,1.83,"N"
"6084",31.30257,47.79422,326.48,0.68,0.74,"2026-09-18",2341,"N20","nominal","2.0NRT",293.61,2.81,"N"
"6085",31.3006,47.80104,303.68,0.68,0.74,"2026-09-18",2341,"N20","nominal","2.0NRT",292.8,2.81,"N"
"6086",31.23753,47.96863,336.6,0.7,0.75,"2026-09-18",2341,"N20","nominal","2.0NRT",294.29,7.42,"N"
"6087",31.23957,47.96163,319.44,0.7,0.75,"2026-09-18",2341,"N20","nominal","2.0NRT",292.59,5.6,"N"
"6088",31.76833,46.06205,322.3,0.53,0.67,"2026-09-18",2341,"N20","nominal","2.0NRT",293.08,5.82,"N"
"6089",31.7668,46.04376,367,0.53,0.67,"2026-09-18",2341,"N20","high","2.0NRT",295.9,14.62,"N"
"6090",34.01552,36.18517,302.89,0.44,0.38,"2026-09-18",2341,"N20","nominal","2.0NRT",285.43,0.87,"N"
"6091",32.34725,43.83755,313.67,0.38,0.59,"2026-09-18",2341,"N20","nominal","2.0NRT",293.23,1.3,"N"
"6092",32.23018,44.25125,312.95,0.41,0.6,"2026-09-18",2341,"N20","nominal","2.0NRT",294.32,1.02,"N"
"6093",31.28333,47.7111,302.72,0.68,0.74,"2026-09-18",2341,"N20","nominal","2.0NRT",292.67,1.01,"N"
"6094",31.14098,47.86691,304.39,0.7,0.75,"2026-09-18",2341,"N20","nominal","2.0NRT",291.48,1.14,"N"
"6095",31.00312,48.1362,329.31,0.73,0.76,"2026-09-18",2341,"N20","nominal","2.0NRT",291.87,3.95,"N"
"6096",33.7206,37.01075,301.15,0.47,0.4,"2026-09-18",2341,"N20","nominal","2.0NRT",288.78,1.38,"N"
"6097",31.00097,48.14342,312.9,0.73,0.76,"2026-09-18",2341,"N20","nominal","2.0NRT",292,3.95,"N"
"6098",31.09186,47.78616,367,0.69,0.74,"2026-09-18",2341,"N20","high","2.0NRT",295.15,15.42,"N"
"6099",31.08984,47.79302,335.89,0.69,0.74,"2026-09-18",2341,"N20","nominal","2.0NRT",296.05,13.6,"N"
"6100",31.00288,48.13664,325.06,0.73,0.76,"2026-09-18",2341,"N20","nominal","2.0NRT",291.59,6.32,"N"
"6101",31.00078,48.14389,313.15,0.73,0.76,"2026-09-18",2341,"N20","nominal","2.0NRT",291.84,5.49,"N"
"6102",31.09434,47.79481,335.87,0.69,0.74,"2026-09-18",2341,"N20","nominal","2.0NRT",295.53,5.9,"N"
"6103",31.09632,47.78792,308.35,0.69,0.74,"2026-09-18",2341,"N20","nominal","2.0NRT",293.4,5.9,"N"
"6104",31.08981,47.78534,350.98,0.69,0.74,"2026-09-18",2341,"N20","nominal","2.0NRT",293.58,5.9,"N"
"6105",31.08784,47.79222,321.18,0.69,0.74,"2026-09-18",2341,"N20","nominal","2.0NRT",293.85,5.9,"N"
"6106",31.08565,47.6245,349.78,0.68,0.74,"2026-09-18",2341,"N20","nominal","2.0NRT",293.93,11.11,"N"
"6107",31.08369,47.63125,313.63,0.68,0.74,"2026-09-18",2341,"N20","nominal","2.0NRT",291.64,7.93,"N"
"6108",31.06623,47.61695,333.3,0.68,0.74,"2026-09-18",2341,"N20","nominal","2.0NRT",294.28,5.08,"N"
"6109",31.02759,47.70002,318.78,0.68,0.74,"2026-09-18",2341,"N20","nominal","2.0NRT",291.41,3.25,"N"
"6110",31.06342,47.61443,326.78,0.68,0.74,"2026-09-18",2341,"N20","nominal","2.0NRT",292.38,2.45,"N"
"6111",31.0615,47.62119,303.22,0.68,0.74,"2026-09-18",2341,"N20","nominal","2.0NRT",292.43,2.45,"N"
"6112",31.03177,47.70021,303.9,0.69,0.74,"2026-09-18",2341,"N20","nominal","2.0NRT",291.51,2.17,"N"
"6113",31.02982,47.70706,314.73,0.69,0.74,"2026-09-18",2341,"N20","nominal","2.0NRT",293.05,2.49,"N"
"6114",33.62808,36.57572,306.99,0.45,0.39,"2026-09-18",2341,"N20","nominal","2.0NRT",293.15,1.47,"N"
"6115",30.86558,47.92189,351.37,0.71,0.75,"2026-09-18",2341,"N20","nominal","2.0NRT",294.53,6.96,"N"
"6116",30.76069,48.27732,324.39,0.75,0.77,"2026-09-18",2341,"N20","nominal","2.0NRT",294.42,6.33,"N"
"6117",30.75848,48.28479,329.07,0.75,0.77,"2026-09-18",2341,"N20","nominal","2.0NRT",294.36,4.27,"N"
"6118",30.86351,47.92897,304.63,0.71,0.75,"2026-09-18",2341,"N20","nominal","2.0NRT",293.02,6.96,"N"
"6119",30.75625,48.29227,307.1,0.75,0.77,"2026-09-18",2341,"N20","nominal","2.0NRT",293.83,4.27,"N"
"6120",30.75397,48.27469,349.95,0.75,0.77,"2026-09-18",2341,"N20","nominal","2.0NRT",295.04,16.41,"N"
"6121",30.75176,48.28215,353.07,0.75,0.77,"2026-09-18",2341,"N20","nominal","2.0NRT",304.24,27.24,"N"
"6122",30.74953,48.28964,327.49,0.75,0.77,"2026-09-18",2341,"N20","nominal","2.0NRT",293.74,27.24,"N"
"6123",30.75619,48.26726,304.4,0.75,0.77,"2026-09-18",2341,"N20","nominal","2.0NRT",292.03,16.41,"N"
"6124",30.7473,48.29712,307.86,0.75,0.77,"2026-09-18",2341,"N20","nominal","2.0NRT",293.12,9.22,"N"
"6125",30.74725,48.27208,303.72,0.75,0.77,"2026-09-18",2341,"N20","nominal","2.0NRT",292.11,16.41,"N"
"6126",30.74504,48.27952,306.44,0.75,0.77,"2026-09-18",2341,"N20","nominal","2.0NRT",292.11,27.24,"N"
"6127",30.7428,48.28701,302.33,0.75,0.77,"2026-09-18",2341,"N20","nominal","2.0NRT",292.11,27.24,"N"
"6128",31.03112,47.27859,303.09,0.65,0.73,"2026-09-18",2341,"N20","nominal","2.0NRT",292.21,1.24,"N"
"6129",31.02925,47.28507,307.86,0.65,0.73,"2026-09-18",2341,"N20","nominal","2.0NRT",293.85,1.24,"N"
"6130",30.86469,47.92194,351.6,0.71,0.75,"2026-09-18",2341,"N20","nominal","2.0NRT",294.31,12.14,"N"
"6131",30.86265,47.92904,307.16,0.71,0.75,"2026-09-18",2341,"N20","nominal","2.0NRT",293.05,8.03,"N"
"6132",30.7617,48.27856,306.55,0.75,0.77,"2026-09-18",2341,"N20","nominal","2.0NRT",294.55,26.52,"N"
"6133",30.75951,48.28607,309.24,0.75,0.77,"2026-09-18",2341,"N20","nominal","2.0NRT",293.88,26.52,"N"
"6134",30.75498,48.27591,367,0.75,0.77,"2026-09-18",2341,"N20","high","2.0NRT",295.38,26.52,"N"
"6135",30.75281,48.28339,349.91,0.75,0.77,"2026-09-18",2341,"N20","nominal","2.0NRT",304.61,26.52,"N"
"6136",30.75062,48.2909,324.21,0.75,0.77,"2026-09-18",2341,"N20","nominal","2.0NRT",294,21.52,"N"
"6137",30.75715,48.26844,303.22,0.75,0.77,"2026-09-18",2341,"N20","nominal","2.0NRT",292.41,4.68,"N"
"6138",30.74844,48.2984,306.5,0.75,0.77,"2026-09-18",2341,"N20","nominal","2.0NRT",293.11,21.52,"N"
"6139",31.03137,47.28558,308.78,0.65,0.73,"2026-09-18",2341,"N20","nominal","2.0NRT",293.72,2.14,"N"
"6140",30.74827,48.27325,305.05,0.75,0.77,"2026-09-18",2341,"N20","nominal","2.0NRT",292.84,1.51,"N"
"6141",30.74609,48.28073,308.28,0.75,0.77,"2026-09-18",2341,"N20","nominal","2.0NRT",292.36,1.51,"N"
"6142",30.7439,48.28825,302.6,0.75,0.77,"2026-09-18",2341,"N20","nominal","2.0NRT",292.4,2.07,"N"
"6143",31.35645,45.96486,333.4,0.54,0.68,"2026-09-18",2341,"N20","nominal","2.0NRT",295.53,3.15,"N"
"6144",31.35792,45.95946,316.7,0.54,0.68,"2026-09-18",2341,"N20","nominal","2.0NRT",292.53,3.15,"N"
"6145",30.89006,47.33269,313.39,0.66,0.73,"2026-09-18",2341,"N20","nominal","2.0NRT",293.11,3.21,"N"
"6146",30.88816,47.33926,311.63,0.66,0.73,"2026-09-18",2341,"N20","nominal","2.0NRT",292.44,3.21,"N"
"6147",30.88364,47.33024,343.85,0.66,0.73,"2026-09-18",2341,"N20","nominal","2.0NRT",294.46,3.21,"N"
"6148",30.88174,47.33681,315.37,0.66,0.73,"2026-09-18",2341,"N20","nominal","2.0NRT",292.71,3.21,"N"
"6149",30.88551,47.33246,350.18,0.66,0.73,"2026-09-18",2341,"N20","nominal","2.0NRT",295.46,10.11,"N"
"6150",30.88364,47.33904,315.18,0.66,0.73,"2026-09-18",2341,"N20","nominal","2.0NRT",293.19,6.65,"N"
"6151",30.83041,47.32583,341.04,0.66,0.73,"2026-09-18",2341,"N20","nominal","2.0NRT",293.7,13.84,"N"
"6152",30.82852,47.33242,367,0.66,0.73,"2026-09-18",2341,"N20","high","2.0NRT",297.3,9.43,"N"
"6153",30.82663,47.33902,302.69,0.66,0.73,"2026-09-18",2341,"N20","nominal","2.0NRT",291.44,9.43,"N"
"6154",30.82209,47.32998,305.01,0.66,0.73,"2026-09-18",2341,"N20","nominal","2.0NRT",292.99,2.6,"N"
"6155",30.77135,47.33257,314.86,0.66,0.73,"2026-09-18",2341,"N20","nominal","2.0NRT",292.85,2,"N"
"6156",30.82679,47.32428,326.22,0.66,0.73,"2026-09-18",2341,"N20","nominal","2.0NRT",293.82,10.33,"N"
"6157",30.82493,47.33091,355.94,0.66,0.73,"2026-09-18",2341,"N20","nominal","2.0NRT",295.93,10.33,"N"
"6158",30.76791,47.3309,316.15,0.66,0.73,"2026-09-18",2341,"N20","nominal","2.0NRT",293.33,3,"N"
"6159",30.76336,47.32181,308.65,0.66,0.73,"2026-09-18",2341,"N20","nominal","2.0NRT",293.56,4.09,"N"
"6160",30.76148,47.32843,312.73,0.66,0.73,"2026-09-18",2341,"N20","nominal","2.0NRT",292.45,3,"N"
"6161",30.68948,47.33029,367,0.67,0.73,"2026-09-18",2341,"N20","high","2.0NRT",299.55,10.94,"N"
"6162",30.69139,47.32368,310.2,0.67,0.73,"2026-09-18",2341,"N20","nominal","2.0NRT",293.27,11.28,"N"
"6163",30.68756,47.33691,305.38,0.67,0.73,"2026-09-18",2341,"N20","nominal","2.0NRT",292.97,10.94,"N"
"6164",33.26846,36.32578,305.62,0.45,0.39,"2026-09-18",2341,"N20","nominal","2.0NRT",289.69,1.03,"N"
"6165",31.00039,46.21866,304.41,0.57,0.69,"2026-09-18",2341,"N20","nominal","2.0NRT",293.06,0.88,"N"
"6166",30.69274,47.32953,310.42,0.67,0.73,"2026-09-18",2341,"N20","nominal","2.0NRT",293.53,1.78,"N"
"6167",30.6863,47.32703,367,0.67,0.73,"2026-09-18",2341,"N20","high","2.0NRT",296.44,18.17,"N"
"6168",30.68443,47.33367,312.8,0.67,0.73,"2026-09-18",2341,"N20","nominal","2.0NRT",293.73,11.14,"N"
"6169",30.61616,47.32219,307.05,0.67,0.74,"2026-09-18",2341,"N20","nominal","2.0NRT",294.28,2.01,"N"
"6170",30.61426,47.32882,313.34,0.67,0.74,"2026-09-18",2341,"N20","nominal","2.0NRT",295.41,2.01,"N"
"6171",30.61235,47.33548,307.05,0.67,0.74,"2026-09-18",2341,"N20","nominal","2.0NRT",294.18,2.11,"N"
"6172",30.60781,47.32635,311.42,0.67,0.74,"2026-09-18",2341,"N20","nominal","2.0NRT",294.42,2.01,"N"
"6173",30.5256,47.61145,316.43,0.7,0.75,"2026-09-18",2341,"N20","nominal","2.0NRT",293.54,3.11,"N"
"6174",30.48044,47.74172,307.83,0.71,0.75,"2026-09-18",2341,"N20","nominal","2.0NRT",293.07,2.62,"N"
"6175",30.57362,47.32062,305.88,0.67,0.74,"2026-09-18",2341,"N20","nominal","2.0NRT",294.31,1.91,"N"
"6176",30.56524,47.32477,311.02,0.67,0.74,"2026-09-18",2341,"N20","nominal","2.0NRT",293.83,1.91,"N"
"6177",30.56332,47.33141,307.42,0.67,0.74,"2026-09-18",2341,"N20","nominal","2.0NRT",294.46,2.98,"N"
"6178",30.55753,47.3514,309.77,0.67,0.74,"2026-09-18",2341,"N20","nominal","2.0NRT",294,1.84,"N"
"6179",30.47771,47.60073,310.34,0.7,0.75,"2026-09-18",2341,"N20","nominal","2.0NRT",294.52,1.89,"N"
"6180",30.524,47.61106,317.77,0.7,0.75,"2026-09-18",2341,"N20","nominal","2.0NRT",294.16,3.25,"N"
"6181",30.47954,47.74182,313.18,0.71,0.75,"2026-09-18",2341,"N20","nominal","2.0NRT",293.64,2.59,"N"
"6182",30.57698,47.32178,306.06,0.67,0.74,"2026-09-18",2341,"N20","nominal","2.0NRT",293.78,1.77,"N"
"6183",30.56109,47.35265,311.91,0.67,0.74,"2026-09-18",2341,"N20","nominal","2.0NRT",293.91,1.86,"N"
"6184",30.5622,47.32343,306.12,0.67,0.74,"2026-09-18",2341,"N20","nominal","2.0NRT",293.59,1.49,"N"
"6185",30.56031,47.3301,310.77,0.67,0.74,"2026-09-18",2341,"N20","nominal","2.0NRT",293.83,1.49,"N"
"6186",30.47618,47.60017,309.66,0.7,0.75,"2026-09-18",2341,"N20","nominal","2.0NRT",293.38,2.06,"N"
"6187",30.56878,47.09949,322.91,0.65,0.73,"2026-09-18",2341,"N20","nominal","2.0NRT",294.22,13.15,"N"
"6188",30.56694,47.10594,356.13,0.65,0.73,"2026-09-18",2341,"N20","nominal","2.0NRT",299.02,9.81,"N"
"6189",30.42028,47.6171,305.53,0.7,0.75,"2026-09-18",2341,"N20","nominal","2.0NRT",294.56,1.39,"N"
"6190",30.56054,47.10352,312.81,0.65,0.73,"2026-09-18",2341,"N20","nominal","2.0NRT",294.66,9.81,"N"
"6191",30.50027,47.31434,308.9,0.67,0.74,"2026-09-18",2341,"N20","nominal","2.0NRT",294.83,1.81,"N"
"6192",30.49836,47.321,315.42,0.67,0.74,"2026-09-18",2341,"N20","nominal","2.0NRT",295.15,1.81,"N"
"6193",30.4938,47.31188,318.74,0.67,0.74,"2026-09-18",2341,"N20","nominal","2.0NRT",294.37,3.49,"N"
"6194",30.49188,47.31854,319.31,0.67,0.74,"2026-09-18",2341,"N20","nominal","2.0NRT",295.41,3.49,"N"
"6195",30.54319,47.0898,307.01,0.65,0.73,"2026-09-18",2341,"N20","nominal","2.0NRT",293.63,0.95,"N"
"6196",30.49547,47.31818,345.1,0.67,0.74,"2026-09-18",2341,"N20","nominal","2.0NRT",297.4,8.98,"N"
"6197",30.49735,47.31149,309.22,0.67,0.74,"2026-09-18",2341,"N20","nominal","2.0NRT",294.27,4.91,"N"
"6198",30.5455,47.08871,306.65,0.65,0.73,"2026-09-18",2341,"N20","nominal","2.0NRT",293.5,1.69,"N"
"6199",30.40449,47.33517,326.27,0.68,0.74,"2026-09-18",2341,"N20","nominal","2.0NRT",295.35,4.09,"N"
"6200",30.27348,47.73927,324.05,0.72,0.76,"2026-09-18",2341,"N20","nominal","2.0NRT",294.26,2.93,"N"
"6201",30.2797,47.71786,311.99,0.72,0.75,"2026-09-18",2341,"N20","nominal","2.0NRT",293.93,1.36,"N"
"6202",30.27139,47.74645,307.8,0.72,0.76,"2026-09-18",2341,"N20","nominal","2.0NRT",294.12,2.93,"N"
"6203",30.56234,46.70367,314.68,0.62,0.71,"2026-09-18",2341,"N20","nominal","2.0NRT",295.41,1.4,"N"
"6204",30.3617,47.33371,330.67,0.68,0.74,"2026-09-18",2341,"N20","nominal","2.0NRT",295.71,6.25,"N"
"6205",30.35976,47.34044,367,0.68,0.74,"2026-09-18",2341,"N20","high","2.0NRT",299.63,7.69,"N"
"6206",30.36364,47.32699,317.28,0.68,0.74,"2026-09-18",2341,"N20","nominal","2.0NRT",294.56,6.25,"N"
"6207",30.35781,47.34719,304.92,0.68,0.74,"2026-09-18",2341,"N20","nominal","2.0NRT",294.38,7.69,"N"
"6208",30.35521,47.33122,315.82,0.68,0.74,"2026-09-18",2341,"N20","nominal","2.0NRT",294.44,6.25,"N"
"6209",30.35327,47.33796,313.34,0.68,0.74,"2026-09-18",2341,"N20","nominal","2.0NRT",294.97,7.69,"N"
"6210",30.36647,47.33208,326.92,0.68,0.74,"2026-09-18",2341,"N20","nominal","2.0NRT",294.96,9.99,"N"
"6211",30.36457,47.33884,349.39,0.68,0.74,"2026-09-18",2341,"N20","nominal","2.0NRT",295.62,6.96,"N"
"6212",30.36267,47.34558,321.42,0.68,0.74,"2026-09-18",2341,"N20","nominal","2.0NRT",295.19,6.96,"N"
"6213",30.35809,47.3363,355.11,0.68,0.74,"2026-09-18",2341,"N20","nominal","2.0NRT",296.7,6.96,"N"
"6214",30.35618,47.34307,310.22,0.68,0.74,"2026-09-18",2341,"N20","nominal","2.0NRT",294.45,6.96,"N"
"6215",30.31795,47.35086,309.89,0.68,0.74,"2026-09-18",2341,"N20","nominal","2.0NRT",294.29,1.93,"N"
"6216",30.28612,47.36124,308.72,0.69,0.74,"2026-09-18",2341,"N20","nominal","2.0NRT",294.72,4.44,"N"
"6217",30.27962,47.35873,354.21,0.69,0.74,"2026-09-18",2341,"N20","nominal","2.0NRT",296.01,4.44,"N"
"6218",30.28156,47.35195,306.43,0.68,0.74,"2026-09-18",2341,"N20","nominal","2.0NRT",294.53,4.44,"N"
"6219",30.27766,47.36554,304.96,0.69,0.74,"2026-09-18",2341,"N20","nominal","2.0NRT",294.53,7.1,"N"
"6220",30.21373,47.3864,338.57,0.69,0.74,"2026-09-18",2341,"N20","nominal","2.0NRT",295.68,14.52,"N"
"6221",30.21175,47.39323,367,0.69,0.74,"2026-09-18",2341,"N20","high","2.0NRT",300.14,14.52,"N"
"6222",30.20977,47.40007,307.69,0.69,0.74,"2026-09-18",2341,"N20","nominal","2.0NRT",294.36,8.41,"N"
"6223",30.20522,47.39074,304.81,0.69,0.74,"2026-09-18",2341,"N20","nominal","2.0NRT",294.67,1.46,"N"
"6224",30.19868,47.38826,306.03,0.69,0.74,"2026-09-18",2341,"N20","nominal","2.0NRT",294.54,1.46,"N"
"6225",30.21831,47.38642,323.4,0.69,0.74,"2026-09-18",2341,"N20","nominal","2.0NRT",294.39,4.4,"N"
"6226",30.21636,47.39328,313.47,0.69,0.74,"2026-09-18",2341,"N20","nominal","2.0NRT",295.12,4.85,"N"
"6227",30.20984,47.39076,367,0.69,0.74,"2026-09-18",2341,"N20","high","2.0NRT",298.63,8.12,"N"
"6228",30.2079,47.39761,316.43,0.69,0.74,"2026-09-18",2341,"N20","nominal","2.0NRT",294.95,8.12,"N"
"6229",30.20332,47.38824,314.89,0.69,0.74,"2026-09-18",2341,"N20","nominal","2.0NRT",294.8,8.12,"N"
"6230",30.17591,47.4081,330.76,0.69,0.75,"2026-09-18",2341,"N20","nominal","2.0NRT",295.55,5.92,"N"
"6231",30.16738,47.41253,344.62,0.7,0.75,"2026-09-18",2341,"N20","nominal","2.0NRT",296.55,5.92,"N"
"6232",29.8554,47.72529,315.33,0.74,0.76,"2026-09-18",2341,"N20","nominal","2.0NRT",294.33,2.71,"N"
"6233",32.21516,36.19994,307.25,0.46,0.39,"2026-09-18",2341,"N20","nominal","2.0NRT",290.92,0.92,"N"
"6234",32.07472,36.30141,328.54,0.46,0.39,"2026-09-18",2341,"N20","nominal","2.0NRT",290.94,3.61,"N"
"6235",32.07717,36.30002,332.31,0.46,0.39,"2026-09-18",2341,"N20","nominal","2.0NRT",289.32,4.91,"N"
"6236",29.00737,47.73955,356.49,0.78,0.78,"2026-09-18",2341,"N20","nominal","2.0NRT",293.64,21.29,"N"
"6237",29.00511,47.74723,349.28,0.78,0.78,"2026-09-18",2341,"N20","nominal","2.0NRT",295.41,21.1,"N"
"6238",29.00978,47.73958,331.07,0.78,0.78,"2026-09-18",2341,"N20","nominal","2.0NRT",293.56,18.69,"N"
"6239",29.00757,47.74728,354.21,0.78,0.78,"2026-09-18",2341,"N20","nominal","2.0NRT",296.44,18.69,"N"
"6240",29.00537,47.75498,304.62,0.78,0.78,"2026-09-18",2341,"N20","nominal","2.0NRT",293.65,8.38,"N"
"6241",31.91694,34.89579,314.89,0.42,0.37,"2026-09-18",2341,"N20","nominal","2.0NRT",295.47,1.69,"N"
"6242",31.84636,35.2288,301.72,0.43,0.38,"2026-09-18",2341,"N20","nominal","2.0NRT",290.6,0.61,"N"
"6243",31.33459,36.13013,304.36,0.47,0.39,"2026-09-18",2341,"N20","nominal","2.0NRT",290.42,1.06,"N"
"6244",31.33354,36.12807,305.35,0.47,0.4,"2026-09-18",2341,"N20","nominal","2.0NRT",291.08,1.31,"N"
"6245",30.67851,35.63286,298.72,0.45,0.39,"2026-09-18",2341,"N20","nominal","2.0NRT",286.01,0.58,"N"
"6246",31.30976,31.04489,302.65,0.39,0.36,"2026-09-18",2341,"N20","nominal","2.0NRT",292.54,0.85,"N"
"6247",31.35365,30.31387,305.46,0.41,0.37,"2026-09-18",2341,"N20","nominal","2.0NRT",290.75,0.74,"N"
"6248",30.7284,33.77439,309.13,0.4,0.37,"2026-09-18",2344,"N20","nominal","2.0NRT",292.9,0.84,"N"
"6249",30.72507,33.77363,322.38,0.4,0.37,"2026-09-18",2344,"N20","nominal","2.0NRT",296.47,2.39,"N"
"6250",30.70169,33.84952,320.09,0.4,0.37,"2026-09-18",2344,"N20","nominal","2.0NRT",295.25,1.78,"N"
"6251",30.70098,33.85366,311.35,0.4,0.37,"2026-09-18",2344,"N20","nominal","2.0NRT",294.42,1.78,"N"
"6252",31.13305,29.84352,311.18,0.42,0.38,"2026-09-18",2344,"N20","nominal","2.0NRT",293.93,1.88,"N"
"6253",31.12296,29.8147,330.04,0.42,0.38,"2026-09-18",2344,"N20","nominal","2.0NRT",296.47,5.07,"N"
"6254",31.1173,29.80464,308.29,0.42,0.38,"2026-09-18",2344,"N20","nominal","2.0NRT",296.03,2.84,"N"
"6255",31.03002,29.75393,312.17,0.42,0.38,"2026-09-18",2344,"N20","nominal","2.0NRT",294.18,1.24,"N"
"6256",31.0288,29.76274,303.72,0.42,0.38,"2026-09-18",2344,"N20","nominal","2.0NRT",293.01,0.39,"N"
"6257",31.02719,29.7489,306.13,0.42,0.38,"2026-09-18",2344,"N20","nominal","2.0NRT",293.88,1.13,"N"
"6258",30.81686,31.18207,304.15,0.39,0.36,"2026-09-18",2344,"N20","nominal","2.0NRT",291.1,0.54,"N"
"6259",30.84111,28.66556,312.52,0.46,0.39,"2026-09-18",2344,"N20","nominal","2.0NRT",291.35,0.57,"N"
"6260",30.93417,27.55661,304.05,0.51,0.41,"2026-09-18",2344,"N20","nominal","2.0NRT",290.86,1.02,"N"
"6261",30.39326,30.58467,306.16,0.4,0.37,"2026-09-18",2344,"N20","nominal","2.0NRT",295.08,1.04,"N"
"6262",30.39265,30.58877,305.83,0.4,0.37,"2026-09-18",2344,"N20","nominal","2.0NRT",294.8,0.82,"N"
"6263",30.09073,32.52013,310.27,0.39,0.36,"2026-09-18",2344,"N20","nominal","2.0NRT",292.11,1.05,"N"
"6264",30.38228,30.56563,312.91,0.4,0.37,"2026-09-18",2344,"N20","nominal","2.0NRT",295.51,1.6,"N"
"6265",30.76081,27.46453,302.91,0.52,0.41,"2026-09-18",2344,"N20","nominal","2.0NRT",289.64,1.23,"N"
"6266",30.85563,26.61765,303.48,0.57,0.43,"2026-09-18",2344,"N20","nominal","2.0NRT",289.78,0.64,"N"
"6267",30.77276,27.26616,300.72,0.53,0.42,"2026-09-18",2344,"N20","nominal","2.0NRT",290.12,0.4,"N"
"6268",30.77171,27.10699,305.91,0.54,0.42,"2026-09-18",2344,"N20","nominal","2.0NRT",291.18,0.87,"N"
"6269",30.76306,27.10392,305.17,0.54,0.42,"2026-09-18",2344,"N20","nominal","2.0NRT",291.09,1.05,"N"
"6270",30.73392,27.24685,299.98,0.53,0.42,"2026-09-18",2344,"N20","nominal","2.0NRT",289.6,0.5,"N"
"6271",29.92586,32.46512,308.3,0.39,0.36,"2026-09-18",2344,"N20","nominal","2.0NRT",295.9,1.48,"N"
"6272",30.6732,26.36656,324.27,0.39,0.44,"2026-09-18",2344,"N20","nominal","2.0NRT",290.77,1.91,"N"
"6273",29.92021,31.53305,311.78,0.39,0.36,"2026-09-18",2344,"N20","nominal","2.0NRT",294.42,1.13,"N"
"6274",29.80595,32.08728,327.25,0.38,0.36,"2026-09-18",2344,"N20","nominal","2.0NRT",296.59,2.49,"N"
"6275",29.80532,32.09121,325.89,0.38,0.36,"2026-09-18",2344,"N20","nominal","2.0NRT",297.87,2.49,"N"
"6276",29.79653,32.14634,307.61,0.38,0.36,"2026-09-18",2344,"N20","nominal","2.0NRT",294.63,0.93,"N"
"6277",29.76874,32.2138,311.37,0.38,0.36,"2026-09-18",2344,"N20","nominal","2.0NRT",294.99,1,"N"
"6278",29.74839,32.21358,317.56,0.38,0.36,"2026-09-18",2344,"N20","nominal","2.0NRT",295.68,1.56,"N"
"6279",29.69352,32.32124,326.45,0.39,0.36,"2026-09-18",2344,"N20","nominal","2.0NRT",295.98,1.87,"N"
"6280",30.53529,26.08772,300.24,0.4,0.44,"2026-09-18",2344,"N20","nominal","2.0NRT",290.14,0.87,"N"
"6281",30.53168,26.08288,328.64,0.4,0.45,"2026-09-18",2344,"N20","nominal","2.0NRT",290.15,2.25,"N"
"6282",29.82272,31.30598,307.13,0.39,0.36,"2026-09-18",2344,"N20","nominal","2.0NRT",295.38,1.51,"N"
"6283",29.82211,31.30995,319.87,0.39,0.36,"2026-09-18",2344,"N20","nominal","2.0NRT",297.48,1.55,"N"
"6284",30.36625,27.22893,313.13,0.53,0.42,"2026-09-18",2344,"N20","nominal","2.0NRT",289.8,1.58,"N"
"6285",29.63221,32.27975,313.05,0.39,0.36,"2026-09-18",2344,"N20","nominal","2.0NRT",294.44,1.24,"N"
"6286",29.74839,31.32438,306.48,0.39,0.36,"2026-09-18",2344,"N20","nominal","2.0NRT",294.76,0.91,"N"
"6287",29.73264,31.38242,309.87,0.39,0.36,"2026-09-18",2344,"N20","nominal","2.0NRT",293.31,1.06,"N"
"6288",28.98438,34.63507,313.54,0.44,0.38,"2026-09-18",2344,"N20","nominal","2.0NRT",296.17,2.06,"N"
"6289",29.70111,29.2075,306.39,0.43,0.38,"2026-09-18",2344,"N20","nominal","2.0NRT",292,0.62,"N"
"6290",29.85373,27.94814,306.99,0.48,0.4,"2026-09-18",2344,"N20","nominal","2.0NRT",293.63,1.3,"N"
"6291",29.62926,29.47094,307.02,0.42,0.38,"2026-09-18",2344,"N20","nominal","2.0NRT",292.14,0.78,"N"
"6292",29.05036,33.11673,311.77,0.4,0.37,"2026-09-18",2344,"N20","nominal","2.0NRT",296.06,1.1,"N"
"6293",29.04703,33.11602,310.13,0.4,0.37,"2026-09-18",2344,"N20","nominal","2.0NRT",295.95,2.28,"N"
"6294",29.29518,30.86251,304.52,0.39,0.36,"2026-09-18",2344,"N20","nominal","2.0NRT",294.21,0.71,"N"
"6295",28.8696,33.17947,315.78,0.4,0.37,"2026-09-18",2344,"N20","nominal","2.0NRT",295.76,0.99,"N"
"6296",28.84999,33.0709,309.48,0.4,0.37,"2026-09-18",2344,"N20","nominal","2.0NRT",296.74,0.43,"N"
"6297",29.1287,31.2863,307.14,0.39,0.36,"2026-09-18",2344,"N20","nominal","2.0NRT",294.7,1.05,"N"
"6298",29.12784,31.26992,304.03,0.39,0.36,"2026-09-18",2344,"N20","nominal","2.0NRT",293.9,0.53,"N"
"6299",29.04799,31.16951,313.84,0.39,0.36,"2026-09-18",2344,"N20","nominal","2.0NRT",296.27,1.51,"N"
"6300",29.02217,31.20488,313.85,0.39,0.36,"2026-09-18",2344,"N20","nominal","2.0NRT",296.15,1.79,"N"
"6301",29.01888,31.20423,329.58,0.39,0.36,"2026-09-18",2344,"N20","nominal","2.0NRT",299.12,1.79,"N"
"6302",29.01618,31.19964,322.94,0.39,0.36,"2026-09-18",2344,"N20","nominal","2.0NRT",297.11,1.84,"N"
"6303",26.19456,44.37968,305.93,0.58,0.7,"2026-09-18",2344,"N20","nominal","2.0NRT",294.12,1.63,"N"
"6304",28.92232,31.08077,323.77,0.39,0.36,"2026-09-18",2344,"N20","nominal","2.0NRT",296.09,1.81,"N"
"6305",28.2783,33.32088,329.7,0.4,0.37,"2026-09-18",2344,"N20","nominal","2.0NRT",298.5,2.37,"N"
"6306",28.279,33.31681,307.99,0.4,0.37,"2026-09-18",2344,"N20","nominal","2.0NRT",297.71,1.54,"N"
"6307",27.53005,35.53761,310.81,0.5,0.41,"2026-09-18",2344,"N20","nominal","2.0NRT",299.79,1.88,"N"
"6308",28.04158,30.68242,304.9,0.39,0.36,"2026-09-18",2344,"N20","nominal","2.0NRT",293.71,1.04,"N"
"6309",24.78421,45.60313,305.45,0.74,0.76,"2026-09-18",2344,"N20","nominal","2.0NRT",293.41,2.14,"N"
"6310",27.17068,31.01484,324.12,0.38,0.36,"2026-09-18",2344,"N20","nominal","2.0NRT",300.03,2.81,"N"
"6311",26.96876,31.15411,312.99,0.38,0.36,"2026-09-18",2344,"N20","nominal","2.0NRT",296.14,1.28,"N"
"6312",26.65625,31.31993,310.69,0.38,0.36,"2026-09-18",2344,"N20","nominal","2.0NRT",296.16,0.99,"N"
"6313",26.2555,32.97144,318.05,0.41,0.37,"2026-09-18",2344,"N20","nominal","2.0NRT",298.26,1.54,"N"
"6314",26.02792,32.94269,312.83,0.41,0.37,"2026-09-18",2344,"N20","nominal","2.0NRT",298.34,1.36,"N"
"6315",25.99279,32.33526,308.76,0.4,0.37,"2026-09-18",2344,"N20","nominal","2.0NRT",298.1,2.13,"N"
"6316",24.02895,40.47891,327.75,0.37,0.58,"2026-09-18",2344,"N20","nominal","2.0NRT",298.63,2.63,"N"
"6317",22.70866,39.03535,313.82,0.32,0.55,"2026-09-18",2344,"N20","nominal","2.0NRT",297.86,2.64,"N"
"6318",22.67837,39.03094,314.04,0.32,0.55,"2026-09-18",2344,"N20","nominal","2.0NRT",298.22,2.83,"N"
"6319",22.55289,39.43467,319.2,0.35,0.56,"2026-09-18",2344,"N20","nominal","2.0NRT",295.77,2.34,"N"
"6320",19.51954,42.53495,304.7,0.63,0.72,"2026-09-18",2346,"N20","nominal","2.0NRT",286,1.74,"N"
"6321",19.52065,42.53424,305.01,0.63,0.72,"2026-09-18",2346,"N20","nominal","2.0NRT",285.96,2.12,"N"
"6322",14.38384,29.01669,305.35,0.39,0.36,"2026-09-18",2348,"N20","nominal","2.0NRT",293.26,0.77,"N"
"6323",14.38052,29.01613,303.79,0.39,0.36,"2026-09-18",2348,"N20","nominal","2.0NRT",292.25,0.64,"N"
"6324",9.48586,38.35143,295.02,0.53,0.67,"2026-09-18",2348,"N20","nominal","2.0NRT",280.49,0.46,"N"
"6325",69.37167,88.12121,346.28,0.36,0.57,"2026-09-18",2331,"N20","nominal","2.0NRT",287.88,16.98,"N"
"6326",69.37447,88.11625,304.85,0.36,0.57,"2026-09-18",2331,"N20","nominal","2.0NRT",271.57,16.98,"N"
"6327",69.36893,88.12605,297.14,0.36,0.57,"2026-09-18",2331,"N20","nominal","2.0NRT",273.41,10.35,"N"
"6328",70.44369,84.35703,297.61,0.56,0.51,"2026-09-18",2331,"N20","nominal","2.0NRT",271.17,0.61,"N"
"6329",65.32672,56.42502,311.86,0.5,0.66,"2026-09-19",111,"N20","nominal","2.0NRT",278.12,1.15,"N"
"6330",65.02504,56.72256,302.67,0.52,0.67,"2026-09-19",111,"N20","nominal","2.0NRT",278.58,0.82,"N"
"6331",65.04362,56.66965,338.53,0.52,0.67,"2026-09-19",111,"N20","nominal","2.0NRT",280,4.29,"N"
"6332",65.1604,56.50336,301.1,0.51,0.66,"2026-09-19",111,"N20","nominal","2.0NRT",278.15,0.67,"N"
"6333",65.04546,56.66398,324.04,0.52,0.67,"2026-09-19",111,"N20","nominal","2.0NRT",278.12,3.13,"N"
"6334",65.04176,56.67091,324.2,0.52,0.67,"2026-09-19",111,"N20","nominal","2.0NRT",279.14,3.13,"N"
"6335",57.53639,39.7786,299.71,0.48,0.65,"2026-09-19",115,"N20","nominal","2.0NRT",274.61,1.05,"N"
"6336",59.38428,28.45826,297.24,0.56,0.43,"2026-09-19",115,"N20","nominal","2.0NRT",276.31,1.18,"N"
"6337",54.24851,38.86866,296.47,0.62,0.72,"2026-09-19",115,"N20","nominal","2.0NRT",279.02,1.09,"N"
"6338",54.21733,38.92589,304.5,0.63,0.72,"2026-09-19",115,"N20","nominal","2.0NRT",280.98,1.68,"N"
"6339",54.2483,38.8703,297.9,0.62,0.72,"2026-09-19",115,"N20","nominal","2.0NRT",279.37,0.83,"N"
"6340",54.21737,38.92785,298.59,0.63,0.72,"2026-09-19",115,"N20","nominal","2.0NRT",280.54,1.6,"N"
"6341",54.08484,38.17812,317.95,0.6,0.71,"2026-09-19",115,"N20","nominal","2.0NRT",281.31,3.33,"N"
"6342",54.08315,38.17978,314.75,0.6,0.71,"2026-09-19",115,"N20","nominal","2.0NRT",280.49,2.94,"N"
"6343",54.17185,37.71354,295.21,0.57,0.69,"2026-09-19",115,"N20","nominal","2.0NRT",278.31,0.53,"N"
"6344",52.56238,39.61317,313.7,0.78,0.78,"2026-09-19",115,"N20","nominal","2.0NRT",282.09,8.38,"N"
"6345",52.54833,39.62558,319.1,0.78,0.78,"2026-09-19",115,"N20","nominal","2.0NRT",282.73,6.29,"N"
"6346",52.56248,39.57161,295.96,0.77,0.78,"2026-09-19",115,"N20","nominal","2.0NRT",281.39,1.43,"N"
"6347",52.54238,39.61891,297.85,0.78,0.78,"2026-09-19",115,"N20","nominal","2.0NRT",282.16,1.97,"N"
"6348",52.53833,39.62843,309.02,0.78,0.78,"2026-09-19",115,"N20","nominal","2.0NRT",282.74,1.97,"N"
"6349",52.55712,39.57172,297.86,0.77,0.78,"2026-09-19",115,"N20","nominal","2.0NRT",282.43,2.09,"N"
"6350",52.54108,39.60996,296.97,0.78,0.78,"2026-09-19",115,"N20","nominal","2.0NRT",281.07,3.07,"N"
"6351",52.53308,39.62901,302.84,0.78,0.78,"2026-09-19",115,"N20","nominal","2.0NRT",282.21,2.87,"N"
"6352",51.25891,37.76043,308.75,0.76,0.77,"2026-09-19",115,"N20","nominal","2.0NRT",283.69,2.32,"N"
"6353",51.25875,37.76643,297.97,0.76,0.77,"2026-09-19",115,"N20","nominal","2.0NRT",284.08,2.56,"N"
"6354",51.14204,37.92703,303.41,0.78,0.78,"2026-09-19",115,"N20","nominal","2.0NRT",281.02,1.93,"N"
"6355",48.53637,34.64636,312.98,0.74,0.76,"2026-09-19",117,"N20","nominal","2.0NRT",282.5,4.11,"N"
"6356",48.5374,34.64626,319.25,0.74,0.76,"2026-09-19",117,"N20","nominal","2.0NRT",283.27,3.93,"N"
"6357",48.75065,26.60452,296.16,0.34,0.56,"2026-09-19",117,"N20","nominal","2.0NRT",283.12,0.47,"N"
"6358",46.62492,32.7175,306.88,0.73,0.76,"2026-09-19",117,"N20","nominal","2.0NRT",282.97,2.44,"N"
"6359",46.62413,32.72018,308.44,0.73,0.76,"2026-09-19",117,"N20","nominal","2.0NRT",283.26,2.56,"N"
"6360",46.95001,29.11072,301.15,0.5,0.66,"2026-09-19",117,"N20","nominal","2.0NRT",281.48,1,"N"
"6361",45.26241,31.6696,333.61,0.73,0.76,"2026-09-19",120,"N20","nominal","2.0NRT",287.31,5.57,"N"
"6362",45.25935,31.67801,301.99,0.73,0.76,"2026-09-19",120,"N20","nominal","2.0NRT",286.83,4.25,"N"
"6363",39.09145,27.50937,295.63,0.76,0.77,"2026-09-19",120,"N20","nominal","2.0NRT",285.36,0.71,"N"
"6364",38.74166,26.92678,300.35,0.72,0.76,"2026-09-19",122,"N20","nominal","2.0NRT",287.71,1.24,"N"
"6365",38.73663,26.94209,299.99,0.73,0.76,"2026-09-19",122,"N20","nominal","2.0NRT",289.21,2.84,"N"
"6366",53.20325,143.24297,333.23,0.55,0.43,"2026-09-19",241,"N20","nominal","2.0NRT",294.37,4.03,"D"
"6367",53.20398,143.24237,331.07,0.55,0.42,"2026-09-19",241,"N20","nominal","2.0NRT",293.88,6.32,"D"
"6368",67.55367,83.21579,341.7,0.74,0.76,"2026-09-19",247,"N20","nominal","2.0NRT",277.85,24.41,"D"
"6369",67.54719,83.21191,347.24,0.74,0.76,"2026-09-19",247,"N20","nominal","2.0NRT",289.37,24.41,"D"
"6370",67.28001,83.03495,340.17,0.77,0.77,"2026-09-19",247,"N20","nominal","2.0NRT",278.08,11.26,"D"
"6371",67.54871,83.21552,367,0.74,0.76,"2026-09-19",247,"N20","high","2.0NRT",290.22,69.19,"D"
"6372",68.41009,83.62237,348.43,0.64,0.72,"2026-09-19",247,"N20","nominal","2.0NRT",277.24,7.97,"D"
"6373",68.52613,79.96803,344,0.66,0.73,"2026-09-19",247,"N20","nominal","2.0NRT",275.05,6.32,"D"
